Symbol,Name,Period,Metric
    <style>
        body { font-family: 'Segoe UI', Roboto, 'Noto Sans KR', sans-serif; line-height: 1.6; margin: 2rem; background-color: #f4f4f9; color: #333; }
        .container { max-width: 1200px; margin: auto; background: #fff; padding: 2rem; border-radius: 8px; box-shadow: 0 4px 8px rgba(0,0,0,0.1); }
        h1 { color: #2c3e50; border-bottom: 2px solid #3498db; padding-bottom: 10px; }
        p { border-left: 5px solid #3498db; padding: 15px; margin: 10px 0; border-radius: 0 5px 5px 0; background-color: #ecf0f1;}
        a { color: #2980b9; text-decoration: none; font-weight: bold; }
        a:hover { text-decoration: underline; color: #3498db; }
        code { background-color: #e4e4e4; padding: 2px 5px; border-radius: 3px; }
    </style>
</head>
<body>
    <div class='container'>
        <h1>Debug Mapping Log: <code>companies_KOSPI_KOSDAQ.csv</code></h1>
138930,BNK금융지주,2025-Q1,current_assets
138930,BNK금융지주,2023-Q3,cogs
138930,BNK금융지주,2024-Q3,ap
138930,BNK금융지주,2023-Q3,ar
138930,BNK금융지주,2024-Q4,op_income
138930,BNK금융지주,2025-Q2,revenue
138930,BNK금융지주,2024-Q2,op_income
138930,BNK금융지주,2025-Q1,ar
138930,BNK금융지주,2024-Q3,revenue
138930,BNK금융지주,2025-Q1,cogs
138930,BNK금융지주,2024-Q2,current_assets
138930,BNK금융지주,2024-Q4,current_assets
138930,BNK금융지주,2023-Q4,inventory
138930,BNK금융지주,2025-Q3,inventory
138930,BNK금융지주,2024-Q1,ap
138930,BNK금융지주,2023-Q3,ap
138930,BNK금융지주,2024-Q4,cogs
138930,BNK금융지주,2024-Q2,ar
138930,BNK금융지주,2024-Q4,ar
138930,BNK금융지주,2024-Q1,revenue
138930,BNK금융지주,2025-Q3,current_liab
138930,BNK금융지주,2023-Q4,current_liab
138930,BNK금융지주,2023-Q3,revenue
138930,BNK금융지주,2024-Q2,cogs
138930,BNK금융지주,2025-Q1,ap
138930,BNK금융지주,2025-Q3,op_income
138930,BNK금융지주,2025-Q1,revenue
138930,BNK금융지주,2025-Q2,inventory
138930,BNK금융지주,2023-Q4,op_income
138930,BNK금융지주,2024-Q2,ap
138930,BNK금융지주,2024-Q4,ap
138930,BNK금융지주,2024-Q3,inventory
138930,BNK금융지주,2025-Q3,current_assets
138930,BNK금융지주,2023-Q4,current_assets
138930,BNK금융지주,2024-Q2,revenue
138930,BNK금융지주,2024-Q4,revenue
138930,BNK금융지주,2025-Q2,current_liab
138930,BNK금융지주,2025-Q2,ap
138930,BNK금융지주,2025-Q3,cogs
138930,BNK금융지주,2024-Q3,current_liab
138930,BNK금융지주,2023-Q4,cogs
138930,BNK금융지주,2025-Q3,ar
138930,BNK금융지주,2023-Q4,ar
138930,BNK금융지주,2024-Q1,inventory
138930,BNK금융지주,2025-Q2,op_income
138930,BNK금융지주,2023-Q3,inventory
138930,BNK금융지주,2024-Q3,op_income
138930,BNK금융지주,2024-Q1,current_liab
138930,BNK금융지주,2024-Q2,current_liab
138930,BNK금융지주,2023-Q3,current_liab
138930,BNK금융지주,2025-Q1,inventory
138930,BNK금융지주,2025-Q2,current_assets
138930,BNK금융지주,2023-Q4,ap
138930,BNK금융지주,2024-Q3,current_assets
138930,BNK금융지주,2025-Q2,ar
138930,BNK금융지주,2025-Q3,ap
138930,BNK금융지주,2024-Q1,op_income
138930,BNK금융지주,2024-Q3,ar
138930,BNK금융지주,2025-Q2,cogs
138930,BNK금융지주,2025-Q3,revenue
138930,BNK금융지주,2023-Q4,revenue
138930,BNK금융지주,2024-Q2,inventory
138930,BNK금융지주,2024-Q3,cogs
138930,BNK금융지주,2024-Q4,inventory
138930,BNK금융지주,2025-Q1,current_liab
138930,BNK금융지주,2023-Q3,op_income
138930,BNK금융지주,2024-Q1,current_assets
138930,BNK금융지주,2025-Q1,op_income
138930,BNK금융지주,2023-Q3,current_assets
138930,BNK금융지주,2024-Q4,current_liab
138930,BNK금융지주,2024-Q1,ar
138930,BNK금융지주,2024-Q1,cogs
001040,CJ,2024-Q4,ap
095570,AJ네트웍스,2025-Q2,cogs
095570,AJ네트웍스,2025-Q3,cogs
095570,AJ네트웍스,2025-Q1,cogs
095570,AJ네트웍스,2020-Q4,net_income
095570,AJ네트웍스,2024-Q4,cogs
079160,CJ CGV,2023-Q3,cogs
079160,CJ CGV,2024-Q2,cogs
079160,CJ CGV,2023-Q3,revenue
079160,CJ CGV,2025-Q2,cogs
079160,CJ CGV,2025-Q3,cogs
079160,CJ CGV,2023-Q4,cogs
079160,CJ CGV,2024-Q3,cogs
079160,CJ CGV,2025-Q1,cogs
079160,CJ CGV,2024-Q4,cogs
079160,CJ CGV,2024-Q1,cogs
006840,AK홀딩스,2024-Q3,ap
006840,AK홀딩스,2020-Q2,ap
006840,AK홀딩스,2023-Q2,ap
006840,AK홀딩스,2024-Q1,ap
006840,AK홀딩스,2023-Q3,ap
006840,AK홀딩스,2022-Q1,ap
006840,AK홀딩스,2025-Q1,ap
006840,AK홀딩스,2023-Q1,ap
006840,AK홀딩스,2022-Q2,ap
006840,AK홀딩스,2024-Q2,ap
006840,AK홀딩스,2022-Q3,ap
006840,AK홀딩스,2024-Q4,ap
006840,AK홀딩스,2022-Q4,ap
006840,AK홀딩스,2021-Q1,ap
006840,AK홀딩스,2021-Q2,ap
006840,AK홀딩스,2021-Q3,ap
006840,AK홀딩스,2020-Q1,ap
006840,AK홀딩스,2020-Q3,ap
006840,AK홀딩스,2025-Q3,ap
006840,AK홀딩스,2023-Q4,ap
006840,AK홀딩스,2021-Q4,ap
006840,AK홀딩스,2020-Q4,ap
006840,AK홀딩스,2025-Q2,ap
097950,CJ제일제당,2025-Q1,ap
097950,CJ제일제당,2025-Q3,ap
097950,CJ제일제당,2025-Q2,ap
000590,CS홀딩스,2025-Q1,capex
005830,DB손해보험,2025-Q1,ar
005830,DB손해보험,2024-Q2,current_assets
005830,DB손해보험,2025-Q3,interest_expense
005830,DB손해보험,2023-Q3,ap
005830,DB손해보험,2023-Q4,interest_expense
005830,DB손해보험,2023-Q3,revenue
005830,DB손해보험,2025-Q1,ap
005830,DB손해보험,2025-Q3,op_income
005830,DB손해보험,2025-Q1,revenue
005830,DB손해보험,2023-Q4,op_income
005830,DB손해보험,2025-Q2,interest_expense
005830,DB손해보험,2024-Q3,inventory
005830,DB손해보험,2023-Q4,ar
005830,DB손해보험,2025-Q2,op_income
005830,DB손해보험,2024-Q1,interest_expense
005830,DB손해보험,2025-Q3,ap
005830,DB손해보험,2025-Q2,ar
005830,DB손해보험,2024-Q1,op_income
005830,DB손해보험,2025-Q3,revenue
005830,DB손해보험,2024-Q4,current_liab
005830,DB손해보험,2024-Q1,ar
005830,DB손해보험,2025-Q2,ap
005830,DB손해보험,2023-Q3,ar
005830,DB손해보험,2025-Q2,revenue
005830,DB손해보험,2024-Q4,current_assets
005830,DB손해보험,2023-Q4,inventory
005830,DB손해보험,2024-Q1,ap
005830,DB손해보험,2024-Q4,cogs
005830,DB손해보험,2024-Q1,revenue
005830,DB손해보험,2024-Q2,cogs
005830,DB손해보험,2024-Q2,ap
005830,DB손해보험,2024-Q2,revenue
005830,DB손해보험,2024-Q3,current_liab
005830,DB손해보험,2025-Q3,ar
005830,DB손해보험,2023-Q3,inventory
005830,DB손해보험,2025-Q1,inventory
005830,DB손해보험,2024-Q3,current_assets
005830,DB손해보험,2024-Q3,cogs
005830,DB손해보험,2024-Q4,interest_expense
005830,DB손해보험,2025-Q1,current_assets
005830,DB손해보험,2024-Q4,op_income
005830,DB손해보험,2024-Q2,op_income
005830,DB손해보험,2025-Q3,inventory
005830,DB손해보험,2024-Q2,ar
005830,DB손해보험,2023-Q4,current_liab
005830,DB손해보험,2025-Q2,inventory
005830,DB손해보험,2024-Q4,ap
005830,DB손해보험,2024-Q3,interest_expense
005830,DB손해보험,2023-Q4,current_assets
005830,DB손해보험,2024-Q4,revenue
005830,DB손해보험,2023-Q4,cogs
005830,DB손해보험,2024-Q1,inventory
005830,DB손해보험,2024-Q3,op_income
005830,DB손해보험,2023-Q3,current_liab
005830,DB손해보험,2024-Q3,ar
005830,DB손해보험,2024-Q2,inventory
005830,DB손해보험,2025-Q1,current_liab
005830,DB손해보험,2023-Q3,current_assets
005830,DB손해보험,2023-Q3,cogs
005830,DB손해보험,2024-Q3,ap
005830,DB손해보험,2024-Q3,revenue
005830,DB손해보험,2025-Q1,cogs
005830,DB손해보험,2024-Q4,ar
005830,DB손해보험,2025-Q3,current_liab
005830,DB손해보험,2025-Q3,current_assets
005830,DB손해보험,2025-Q2,current_liab
005830,DB손해보험,2025-Q3,cogs
005830,DB손해보험,2023-Q3,interest_expense
005830,DB손해보험,2024-Q1,current_liab
005830,DB손해보험,2025-Q2,current_assets
005830,DB손해보험,2023-Q4,ap
005830,DB손해보험,2025-Q1,interest_expense
005830,DB손해보험,2025-Q2,cogs
005830,DB손해보험,2023-Q4,revenue
005830,DB손해보험,2024-Q4,inventory
005830,DB손해보험,2024-Q1,current_assets
005830,DB손해보험,2024-Q2,current_liab
005830,DB손해보험,2024-Q1,cogs
016610,DB증권,2025-Q1,current_assets
016610,DB증권,2023-Q3,cogs
016610,DB증권,2024-Q3,ap
016610,DB증권,2023-Q3,ar
016610,DB증권,2024-Q4,op_income
016610,DB증권,2024-Q2,op_income
016610,DB증권,2025-Q1,ar
016610,DB증권,2025-Q1,cogs
016610,DB증권,2024-Q2,current_assets
016610,DB증권,2024-Q4,current_assets
016610,DB증권,2023-Q4,inventory
016610,DB증권,2025-Q3,inventory
016610,DB증권,2024-Q1,ap
016610,DB증권,2023-Q3,ap
016610,DB증권,2024-Q4,cogs
016610,DB증권,2024-Q2,ar
016610,DB증권,2024-Q4,ar
016610,DB증권,2025-Q3,current_liab
016610,DB증권,2023-Q4,current_liab
016610,DB증권,2024-Q2,cogs
016610,DB증권,2025-Q1,ap
016610,DB증권,2025-Q3,op_income
016610,DB증권,2025-Q2,inventory
016610,DB증권,2023-Q4,op_income
016610,DB증권,2024-Q2,ap
016610,DB증권,2024-Q4,ap
016610,DB증권,2024-Q3,inventory
016610,DB증권,2025-Q3,current_assets
016610,DB증권,2023-Q4,current_assets
016610,DB증권,2025-Q2,ap
016610,DB증권,2025-Q2,current_liab
016610,DB증권,2025-Q3,cogs
016610,DB증권,2024-Q3,current_liab
016610,DB증권,2023-Q4,cogs
016610,DB증권,2025-Q3,ar
016610,DB증권,2023-Q4,ar
016610,DB증권,2024-Q1,inventory
016610,DB증권,2025-Q2,op_income
016610,DB증권,2023-Q3,inventory
016610,DB증권,2024-Q3,op_income
016610,DB증권,2024-Q1,current_liab
016610,DB증권,2024-Q2,current_liab
016610,DB증권,2023-Q3,current_liab
016610,DB증권,2025-Q1,inventory
016610,DB증권,2025-Q2,current_assets
016610,DB증권,2023-Q4,ap
016610,DB증권,2024-Q3,current_assets
016610,DB증권,2025-Q2,ar
016610,DB증권,2025-Q3,ap
016610,DB증권,2024-Q1,op_income
016610,DB증권,2024-Q3,ar
016610,DB증권,2025-Q2,cogs
016610,DB증권,2024-Q2,inventory
016610,DB증권,2024-Q3,cogs
016610,DB증권,2024-Q4,inventory
016610,DB증권,2025-Q1,current_liab
016610,DB증권,2023-Q3,op_income
016610,DB증권,2024-Q1,current_assets
016610,DB증권,2025-Q1,op_income
016610,DB증권,2023-Q3,current_assets
016610,DB증권,2024-Q4,current_liab
016610,DB증권,2024-Q1,ar
016610,DB증권,2024-Q1,cogs
000990,DB하이텍,2023-Q4,ap
000990,DB하이텍,2025-Q1,ap
000990,DB하이텍,2025-Q3,ap
000990,DB하이텍,2024-Q4,ap
000990,DB하이텍,2024-Q1,ap
000990,DB하이텍,2025-Q2,ap
017860,DS단석,2025-Q1,ap
017860,DS단석,2025-Q2,ap
017860,DS단석,2025-Q3,ap
017860,DS단석,2024-Q4,ap
375500,DL이앤씨,2022-Q3,capex
375500,DL이앤씨,2023-Q1,capex
375500,DL이앤씨,2024-Q2,capex
375500,DL이앤씨,2024-Q4,capex
375500,DL이앤씨,2022-Q4,capex
375500,DL이앤씨,2021-Q2,capex
375500,DL이앤씨,2021-Q3,capex
375500,DL이앤씨,2021-Q1,capex
375500,DL이앤씨,2025-Q3,capex
375500,DL이앤씨,2023-Q4,capex
375500,DL이앤씨,2021-Q4,capex
375500,DL이앤씨,2025-Q2,capex
375500,DL이앤씨,2024-Q3,capex
375500,DL이앤씨,2024-Q1,capex
375500,DL이앤씨,2022-Q1,capex
375500,DL이앤씨,2023-Q2,capex
375500,DL이앤씨,2023-Q3,capex
375500,DL이앤씨,2025-Q1,capex
375500,DL이앤씨,2022-Q2,capex
000210,DL,2022-Q3,capex
000210,DL,2023-Q1,capex
000210,DL,2024-Q3,ap
000210,DL,2024-Q2,total_equity
000210,DL,2022-Q4,capex
000210,DL,2024-Q2,current_assets
000210,DL,2024-Q2,total_assets
000210,DL,2024-Q2,total_liab
000210,DL,2021-Q2,capex
000210,DL,2021-Q3,capex
000210,DL,2021-Q1,capex
000210,DL,2024-Q2,ar
000210,DL,2024-Q2,ap
000210,DL,2024-Q3,inventory
000210,DL,2021-Q4,capex
000210,DL,2024-Q3,current_liab
000210,DL,2024-Q3,total_equity
000210,DL,2024-Q3,total_assets
000210,DL,2024-Q3,current_assets
000210,DL,2024-Q3,total_liab
000210,DL,2022-Q1,capex
000210,DL,2024-Q3,ar
000210,DL,2023-Q2,capex
000210,DL,2024-Q2,inventory
000210,DL,2023-Q3,capex
000210,DL,2024-Q2,current_liab
000210,DL,2022-Q2,capex
004840,DRB동일,2024-Q3,ap
004840,DRB동일,2025-Q1,ap
004840,DRB동일,2025-Q3,ap
004840,DRB동일,2023-Q1,ap
004840,DRB동일,2024-Q2,ap
004840,DRB동일,2023-Q2,ap
004840,DRB동일,2024-Q1,ap
004840,DRB동일,2024-Q4,ap
004840,DRB동일,2025-Q2,ap
069730,DSR제강,2020-Q3,capex
365550,ESR켄달스퀘어리츠,2023-Q2,ar
365550,ESR켄달스퀘어리츠,2025-Q4,cogs
365550,ESR켄달스퀘어리츠,2021-Q2,inventory
365550,ESR켄달스퀘어리츠,2023-Q2,cogs
365550,ESR켄달스퀘어리츠,2020-Q4,revenue
365550,ESR켄달스퀘어리츠,2024-Q2,capex
365550,ESR켄달스퀘어리츠,2024-Q4,capex
365550,ESR켄달스퀘어리츠,2022-Q4,capex
365550,ESR켄달스퀘어리츠,2022-Q2,ar
365550,ESR켄달스퀘어리츠,2023-Q2,ap
365550,ESR켄달스퀘어리츠,2023-Q4,inventory
365550,ESR켄달스퀘어리츠,2022-Q2,cogs
365550,ESR켄달스퀘어리츠,2021-Q2,capex
365550,ESR켄달스퀘어리츠,2024-Q4,cogs
365550,ESR켄달스퀘어리츠,2024-Q2,ar
365550,ESR켄달스퀘어리츠,2024-Q4,ar
365550,ESR켄달스퀘어리츠,2024-Q2,cogs
365550,ESR켄달스퀘어리츠,2022-Q4,cogs
365550,ESR켄달스퀘어리츠,2022-Q4,ar
365550,ESR켄달스퀘어리츠,2021-Q4,inventory
365550,ESR켄달스퀘어리츠,2020-Q4,inventory
365550,ESR켄달스퀘어리츠,2021-Q2,ar
365550,ESR켄달스퀘어리츠,2022-Q2,ap
365550,ESR켄달스퀘어리츠,2023-Q4,capex
365550,ESR켄달스퀘어리츠,2021-Q2,cogs
365550,ESR켄달스퀘어리츠,2024-Q2,ap
365550,ESR켄달스퀘어리츠,2024-Q4,ap
365550,ESR켄달스퀘어리츠,2025-Q2,inventory
365550,ESR켄달스퀘어리츠,2022-Q4,ap
365550,ESR켄달스퀘어리츠,2021-Q4,capex
365550,ESR켄달스퀘어리츠,2020-Q4,capex
365550,ESR켄달스퀘어리츠,2023-Q4,cogs
365550,ESR켄달스퀘어리츠,2025-Q2,capex
365550,ESR켄달스퀘어리츠,2023-Q2,inventory
365550,ESR켄달스퀘어리츠,2023-Q4,ar
365550,ESR켄달스퀘어리츠,2021-Q2,ap
365550,ESR켄달스퀘어리츠,2025-Q4,inventory
365550,ESR켄달스퀘어리츠,2021-Q2,revenue
365550,ESR켄달스퀘어리츠,2021-Q4,cogs
365550,ESR켄달스퀘어리츠,2021-Q4,ar
365550,ESR켄달스퀘어리츠,2020-Q4,ar
365550,ESR켄달스퀘어리츠,2023-Q4,ap
365550,ESR켄달스퀘어리츠,2025-Q2,ar
365550,ESR켄달스퀘어리츠,2020-Q4,cogs
365550,ESR켄달스퀘어리츠,2025-Q2,cogs
365550,ESR켄달스퀘어리츠,2022-Q2,inventory
365550,ESR켄달스퀘어리츠,2023-Q2,capex
365550,ESR켄달스퀘어리츠,2024-Q2,inventory
365550,ESR켄달스퀘어리츠,2024-Q4,inventory
365550,ESR켄달스퀘어리츠,2025-Q4,capex
365550,ESR켄달스퀘어리츠,2022-Q4,inventory
365550,ESR켄달스퀘어리츠,2021-Q4,ap
365550,ESR켄달스퀘어리츠,2020-Q4,ap
365550,ESR켄달스퀘어리츠,2022-Q2,capex
365550,ESR켄달스퀘어리츠,2025-Q2,ap
383220,F&F,2023-Q4,ap
383220,F&F,2024-Q3,ap
383220,F&F,2021-Q2,ap
383220,F&F,2021-Q3,ap
383220,F&F,2023-Q1,ap
383220,F&F,2022-Q2,ap
383220,F&F,2021-Q4,ap
383220,F&F,2023-Q2,ap
383220,F&F,2022-Q3,ap
383220,F&F,2023-Q3,ap
383220,F&F,2024-Q2,ap
383220,F&F,2022-Q1,ap
383220,F&F,2024-Q1,ap
383220,F&F,2022-Q4,ap
007700,F&F홀딩스,2023-Q4,ap
007700,F&F홀딩스,2023-Q3,ap
007700,F&F홀딩스,2024-Q3,ap
007700,F&F홀딩스,2022-Q3,ap
007700,F&F홀딩스,2021-Q1,ap
007700,F&F홀딩스,2024-Q1,ap
007700,F&F홀딩스,2021-Q2,ap
007700,F&F홀딩스,2021-Q3,ap
007700,F&F홀딩스,2023-Q1,ap
007700,F&F홀딩스,2022-Q2,ap
007700,F&F홀딩스,2020-Q3,ap
007700,F&F홀딩스,2020-Q2,ap
007700,F&F홀딩스,2021-Q4,ap
007700,F&F홀딩스,2023-Q2,ap
007700,F&F홀딩스,2024-Q2,ap
007700,F&F홀딩스,2022-Q1,ap
007700,F&F홀딩스,2020-Q4,ap
007700,F&F홀딩스,2022-Q4,ap
039570,HDC랩스,2021-Q1,ap
039570,HDC랩스,2021-Q2,ap
039570,HDC랩스,2021-Q3,ap
039570,HDC랩스,2022-Q2,ap
039570,HDC랩스,2020-Q3,ap
039570,HDC랩스,2021-Q4,ap
039570,HDC랩스,2022-Q3,ap
039570,HDC랩스,2022-Q1,ap
039570,HDC랩스,2020-Q4,ap
089470,HDC현대EP,2023-Q4,net_income
089470,HDC현대EP,2025-Q1,ap
089470,HDC현대EP,2025-Q2,ap
089470,HDC현대EP,2023-Q3,net_income
089470,HDC현대EP,2025-Q3,ap
009540,HD한국조선해양,2020-Q1,net_income
009540,HD한국조선해양,2020-Q2,net_income
009540,HD한국조선해양,2020-Q2,ap
009540,HD한국조선해양,2020-Q3,ap
009540,HD한국조선해양,2020-Q3,net_income
042670,HD현대인프라코어,2024-Q2,revenue
042670,HD현대인프라코어,2024-Q2,ar
042670,HD현대인프라코어,2024-Q1,revenue
042670,HD현대인프라코어,2024-Q3,ar
042670,HD현대인프라코어,2023-Q4,ar
042670,HD현대인프라코어,2024-Q3,revenue
042670,HD현대인프라코어,2024-Q1,ar
329180,HD현대중공업,2022-Q3,capex
329180,HD현대중공업,2023-Q1,capex
329180,HD현대중공업,2022-Q1,capex
329180,HD현대중공업,2023-Q2,capex
329180,HD현대중공업,2022-Q4,capex
329180,HD현대중공업,2023-Q3,net_income
329180,HD현대중공업,2022-Q2,capex
097230,HJ중공업,2020-Q4,capex
097230,HJ중공업,2020-Q1,capex
097230,HJ중공업,2020-Q3,capex
097230,HJ중공업,2020-Q2,capex
014790,HL D&I,2025-Q1,interest_expense
014790,HL D&I,2024-Q4,interest_expense
014790,HL D&I,2025-Q3,interest_expense
014790,HL D&I,2025-Q2,interest_expense
014790,HL D&I,2024-Q3,interest_expense
175330,JB금융지주,2025-Q1,current_assets
175330,JB금융지주,2023-Q3,cogs
175330,JB금융지주,2024-Q3,ap
175330,JB금융지주,2023-Q3,ar
175330,JB금융지주,2024-Q4,op_income
175330,JB금융지주,2025-Q2,revenue
175330,JB금융지주,2024-Q2,op_income
175330,JB금융지주,2025-Q1,ar
175330,JB금융지주,2024-Q3,revenue
175330,JB금융지주,2025-Q1,cogs
175330,JB금융지주,2024-Q2,current_assets
175330,JB금융지주,2024-Q4,current_assets
175330,JB금융지주,2023-Q4,inventory
175330,JB금융지주,2025-Q3,inventory
175330,JB금융지주,2024-Q1,ap
175330,JB금융지주,2023-Q3,ap
175330,JB금융지주,2024-Q4,cogs
175330,JB금융지주,2024-Q2,ar
175330,JB금융지주,2024-Q4,ar
175330,JB금융지주,2024-Q1,revenue
175330,JB금융지주,2025-Q3,current_liab
175330,JB금융지주,2023-Q4,current_liab
175330,JB금융지주,2023-Q3,revenue
175330,JB금융지주,2024-Q2,cogs
175330,JB금융지주,2025-Q1,ap
175330,JB금융지주,2025-Q3,op_income
175330,JB금융지주,2025-Q1,revenue
175330,JB금융지주,2025-Q2,inventory
175330,JB금융지주,2023-Q4,op_income
175330,JB금융지주,2024-Q2,ap
175330,JB금융지주,2024-Q4,ap
175330,JB금융지주,2024-Q3,inventory
175330,JB금융지주,2025-Q3,current_assets
175330,JB금융지주,2023-Q4,current_assets
175330,JB금융지주,2024-Q2,revenue
175330,JB금융지주,2024-Q4,revenue
175330,JB금융지주,2025-Q2,current_liab
175330,JB금융지주,2025-Q2,ap
175330,JB금융지주,2025-Q3,cogs
175330,JB금융지주,2024-Q3,current_liab
175330,JB금융지주,2023-Q4,cogs
175330,JB금융지주,2025-Q3,ar
175330,JB금융지주,2023-Q4,ar
175330,JB금융지주,2024-Q1,inventory
175330,JB금융지주,2025-Q2,op_income
175330,JB금융지주,2023-Q3,inventory
175330,JB금융지주,2024-Q3,op_income
175330,JB금융지주,2024-Q1,current_liab
175330,JB금융지주,2024-Q2,current_liab
175330,JB금융지주,2023-Q3,current_liab
175330,JB금융지주,2025-Q1,inventory
175330,JB금융지주,2025-Q2,current_assets
175330,JB금융지주,2023-Q4,ap
175330,JB금융지주,2024-Q3,current_assets
175330,JB금융지주,2025-Q2,ar
175330,JB금융지주,2025-Q3,ap
175330,JB금융지주,2024-Q1,op_income
175330,JB금융지주,2024-Q3,ar
175330,JB금융지주,2025-Q2,cogs
175330,JB금융지주,2025-Q3,revenue
175330,JB금융지주,2023-Q4,revenue
175330,JB금융지주,2024-Q2,inventory
175330,JB금융지주,2024-Q3,cogs
175330,JB금융지주,2024-Q4,inventory
175330,JB금융지주,2025-Q1,current_liab
175330,JB금융지주,2023-Q3,op_income
175330,JB금융지주,2024-Q1,current_assets
175330,JB금융지주,2025-Q1,op_income
175330,JB금융지주,2023-Q3,current_assets
175330,JB금융지주,2024-Q4,current_liab
175330,JB금융지주,2024-Q1,ar
175330,JB금융지주,2024-Q1,cogs
204320,HL만도,2023-Q3,ap
035000,HS애드,2021-Q2,inventory
035000,HS애드,2021-Q3,inventory
035000,HS애드,2020-Q3,inventory
035000,HS애드,2025-Q3,inventory
035000,HS애드,2023-Q4,inventory
035000,HS애드,2021-Q4,inventory
035000,HS애드,2021-Q1,inventory
035000,HS애드,2020-Q4,inventory
035000,HS애드,2023-Q4,capex
035000,HS애드,2025-Q2,inventory
035000,HS애드,2024-Q3,inventory
035000,HS애드,2020-Q2,inventory
035000,HS애드,2023-Q2,inventory
035000,HS애드,2024-Q1,inventory
035000,HS애드,2022-Q1,inventory
035000,HS애드,2023-Q3,inventory
035000,HS애드,2025-Q1,inventory
035000,HS애드,2024-Q1,capex
035000,HS애드,2022-Q3,inventory
035000,HS애드,2023-Q1,inventory
035000,HS애드,2022-Q2,inventory
035000,HS애드,2024-Q2,inventory
035000,HS애드,2024-Q4,inventory
035000,HS애드,2022-Q4,inventory
035000,HS애드,2020-Q1,inventory
003560,IHQ,2022-Q1,cogs
003560,IHQ,2023-Q3,cogs
003560,IHQ,2021-Q2,inventory
003560,IHQ,2021-Q3,inventory
003560,IHQ,2023-Q2,cogs
003560,IHQ,2024-Q3,revenue
003560,IHQ,2025-Q1,cogs
003560,IHQ,2023-Q4,inventory
003560,IHQ,2023-Q1,cogs
003560,IHQ,2022-Q2,cogs
003560,IHQ,2022-Q3,cogs
003560,IHQ,2024-Q4,cogs
003560,IHQ,2023-Q2,revenue
003560,IHQ,2024-Q1,revenue
003560,IHQ,2024-Q2,cogs
003560,IHQ,2022-Q1,revenue
003560,IHQ,2022-Q4,cogs
003560,IHQ,2023-Q3,revenue
003560,IHQ,2021-Q1,cogs
003560,IHQ,2021-Q2,cogs
003560,IHQ,2021-Q3,cogs
003560,IHQ,2024-Q1,cogs
003560,IHQ,2023-Q1,revenue
003560,IHQ,2022-Q2,revenue
003560,IHQ,2024-Q2,revenue
003560,IHQ,2022-Q3,revenue
003560,IHQ,2025-Q3,cogs
003560,IHQ,2022-Q4,revenue
003560,IHQ,2023-Q4,cogs
003560,IHQ,2023-Q2,inventory
003560,IHQ,2023-Q3,inventory
003560,IHQ,2021-Q1,revenue
003560,IHQ,2021-Q2,revenue
003560,IHQ,2021-Q3,revenue
003560,IHQ,2021-Q4,cogs
003560,IHQ,2025-Q2,cogs
003560,IHQ,2023-Q1,inventory
003560,IHQ,2023-Q4,revenue
003560,IHQ,2024-Q3,cogs
003560,IHQ,2022-Q4,inventory
003560,IHQ,2021-Q4,revenue
105560,KB금융,2025-Q1,current_assets
105560,KB금융,2023-Q3,cogs
105560,KB금융,2024-Q3,ap
105560,KB금융,2023-Q3,ar
105560,KB금융,2025-Q2,revenue
105560,KB금융,2025-Q1,ar
105560,KB금융,2024-Q3,revenue
105560,KB금융,2025-Q1,cogs
105560,KB금융,2024-Q2,current_assets
105560,KB금융,2024-Q4,current_assets
105560,KB금융,2023-Q4,inventory
105560,KB금융,2025-Q3,inventory
105560,KB금융,2024-Q1,ap
105560,KB금융,2023-Q3,ap
105560,KB금융,2024-Q4,cogs
105560,KB금융,2024-Q2,ar
105560,KB금융,2024-Q4,ar
105560,KB금융,2024-Q1,revenue
105560,KB금융,2025-Q3,current_liab
105560,KB금융,2023-Q4,current_liab
105560,KB금융,2023-Q3,revenue
105560,KB금융,2024-Q2,cogs
105560,KB금융,2025-Q1,ap
105560,KB금융,2025-Q1,revenue
105560,KB금융,2025-Q2,inventory
105560,KB금융,2024-Q2,ap
105560,KB금융,2024-Q4,ap
105560,KB금융,2024-Q3,inventory
105560,KB금융,2025-Q3,current_assets
105560,KB금융,2023-Q4,current_assets
105560,KB금융,2024-Q2,revenue
105560,KB금융,2024-Q4,revenue
105560,KB금융,2025-Q2,current_liab
105560,KB금융,2025-Q2,ap
105560,KB금융,2025-Q3,cogs
105560,KB금융,2024-Q3,current_liab
105560,KB금융,2023-Q4,cogs
105560,KB금융,2025-Q3,ar
105560,KB금융,2023-Q4,ar
105560,KB금융,2024-Q1,inventory
105560,KB금융,2023-Q3,inventory
105560,KB금융,2024-Q1,current_liab
105560,KB금융,2024-Q2,current_liab
105560,KB금융,2023-Q3,current_liab
105560,KB금융,2025-Q1,inventory
105560,KB금융,2025-Q2,current_assets
105560,KB금융,2023-Q4,ap
105560,KB금융,2024-Q3,current_assets
105560,KB금융,2025-Q2,ar
105560,KB금융,2025-Q3,ap
105560,KB금융,2025-Q2,cogs
105560,KB금융,2024-Q3,ar
105560,KB금융,2025-Q3,revenue
105560,KB금융,2023-Q4,revenue
105560,KB금융,2024-Q2,inventory
105560,KB금융,2024-Q3,cogs
105560,KB금융,2024-Q4,inventory
105560,KB금융,2025-Q1,current_liab
105560,KB금융,2024-Q1,current_assets
105560,KB금융,2023-Q3,current_assets
105560,KB금융,2024-Q4,current_liab
105560,KB금융,2024-Q1,ar
105560,KB금융,2024-Q1,cogs
015360,INVENI,2023-Q4,ap
015360,INVENI,2024-Q3,ap
015360,INVENI,2025-Q1,ap
015360,INVENI,2025-Q3,ap
015360,INVENI,2020-Q1,ap
015360,INVENI,2024-Q2,ap
015360,INVENI,2024-Q4,ap
015360,INVENI,2024-Q1,ap
015360,INVENI,2025-Q2,ap
432320,KB스타리츠,2023-Q2,ar
432320,KB스타리츠,2022-Q3,capex
432320,KB스타리츠,2023-Q3,cogs
432320,KB스타리츠,2023-Q2,cogs
432320,KB스타리츠,2023-Q3,ar
432320,KB스타리츠,2025-Q4,cogs
432320,KB스타리츠,2025-Q4,ar
432320,KB스타리츠,2024-Q2,capex
432320,KB스타리츠,2024-Q4,capex
432320,KB스타리츠,2022-Q2,ar
432320,KB스타리츠,2023-Q4,inventory
432320,KB스타리츠,2022-Q3,ar
432320,KB스타리츠,2022-Q2,cogs
432320,KB스타리츠,2025-Q4,ap
432320,KB스타리츠,2022-Q3,cogs
432320,KB스타리츠,2024-Q4,cogs
432320,KB스타리츠,2024-Q2,ar
432320,KB스타리츠,2024-Q4,ar
432320,KB스타리츠,2024-Q2,cogs
432320,KB스타리츠,2023-Q4,capex
432320,KB스타리츠,2025-Q2,inventory
432320,KB스타리츠,2024-Q3,inventory
432320,KB스타리츠,2023-Q4,cogs
432320,KB스타리츠,2025-Q2,capex
432320,KB스타리츠,2023-Q2,inventory
432320,KB스타리츠,2023-Q4,ar
432320,KB스타리츠,2024-Q3,capex
432320,KB스타리츠,2023-Q3,inventory
432320,KB스타리츠,2025-Q4,inventory
432320,KB스타리츠,2025-Q2,ar
432320,KB스타리츠,2022-Q3,inventory
432320,KB스타리츠,2025-Q2,cogs
432320,KB스타리츠,2024-Q3,ar
432320,KB스타리츠,2022-Q2,inventory
432320,KB스타리츠,2023-Q2,capex
432320,KB스타리츠,2024-Q2,inventory
432320,KB스타리츠,2024-Q3,cogs
432320,KB스타리츠,2023-Q3,capex
432320,KB스타리츠,2024-Q4,inventory
432320,KB스타리츠,2025-Q4,capex
432320,KB스타리츠,2022-Q2,capex
432320,KB스타리츠,2025-Q2,ap
001060,JW중외제약,2021-Q1,interest_expense
001060,JW중외제약,2021-Q3,ap
001060,JW중외제약,2023-Q1,ap
001060,JW중외제약,2022-Q2,ap
001060,JW중외제약,2021-Q4,ap
001060,JW중외제약,2023-Q2,ap
001060,JW중외제약,2022-Q3,ap
001060,JW중외제약,2023-Q3,ap
001060,JW중외제약,2022-Q1,ap
001060,JW중외제약,2022-Q4,ap
096760,JW홀딩스,2021-Q1,net_income
096760,JW홀딩스,2021-Q2,net_income
096760,JW홀딩스,2022-Q2,net_income
096760,JW홀딩스,2022-Q3,net_income
096760,JW홀딩스,2023-Q1,net_income
096760,JW홀딩스,2022-Q1,net_income
096760,JW홀딩스,2023-Q2,net_income
002380,KCC,2021-Q1,interest_expense
002380,KCC,2021-Q2,interest_expense
002380,KCC,2021-Q3,interest_expense
002380,KCC,2023-Q1,interest_expense
002380,KCC,2022-Q2,interest_expense
002380,KCC,2021-Q4,interest_expense
002380,KCC,2022-Q3,interest_expense
002380,KCC,2022-Q1,interest_expense
002380,KCC,2023-Q3,interest_expense
002380,KCC,2023-Q2,interest_expense
002380,KCC,2022-Q4,interest_expense
344820,KCC글라스,2021-Q1,interest_expense
344820,KCC글라스,2024-Q3,ap
344820,KCC글라스,2021-Q2,interest_expense
344820,KCC글라스,2021-Q3,interest_expense
344820,KCC글라스,2020-Q1,interest_expense
344820,KCC글라스,2020-Q3,interest_expense
344820,KCC글라스,2024-Q1,ap
344820,KCC글라스,2025-Q1,ap
344820,KCC글라스,2021-Q4,interest_expense
344820,KCC글라스,2020-Q4,interest_expense
344820,KCC글라스,2024-Q2,ap
344820,KCC글라스,2024-Q4,ap
344820,KCC글라스,2020-Q2,interest_expense
344820,KCC글라스,2022-Q1,interest_expense
344820,KCC글라스,2023-Q2,interest_expense
344820,KCC글라스,2025-Q3,ap
344820,KCC글라스,2023-Q4,ap
344820,KCC글라스,2023-Q1,interest_expense
344820,KCC글라스,2022-Q2,interest_expense
344820,KCC글라스,2022-Q3,interest_expense
344820,KCC글라스,2022-Q4,interest_expense
344820,KCC글라스,2025-Q2,ap
009440,KC그린홀딩스,2021-Q4,capex
009440,KC그린홀딩스,2020-Q1,capex
009440,KC그린홀딩스,2022-Q1,capex
009440,KC그린홀딩스,2020-Q3,capex
009440,KC그린홀딩스,2020-Q4,capex
009440,KC그린홀딩스,2020-Q2,capex
009440,KC그린홀딩스,2021-Q2,capex
009440,KC그린홀딩스,2021-Q3,capex
009440,KC그린홀딩스,2021-Q1,capex
119650,KC코트렐,2021-Q4,capex
119650,KC코트렐,2020-Q1,capex
119650,KC코트렐,2020-Q3,capex
119650,KC코트렐,2020-Q4,capex
119650,KC코트렐,2020-Q2,capex
119650,KC코트렐,2021-Q2,capex
119650,KC코트렐,2021-Q3,capex
119650,KC코트렐,2021-Q1,capex
030200,KT,2022-Q1,cogs
030200,KT,2022-Q3,capex
030200,KT,2023-Q1,capex
030200,KT,2023-Q2,cogs
030200,KT,2023-Q3,cogs
030200,KT,2024-Q2,capex
030200,KT,2024-Q4,capex
030200,KT,2022-Q4,capex
030200,KT,2025-Q1,cogs
030200,KT,2023-Q1,cogs
030200,KT,2022-Q2,cogs
030200,KT,2021-Q2,capex
030200,KT,2021-Q1,capex
030200,KT,2021-Q3,capex
030200,KT,2022-Q3,cogs
030200,KT,2024-Q4,cogs
030200,KT,2024-Q2,cogs
030200,KT,2022-Q4,cogs
030200,KT,2020-Q3,capex
030200,KT,2021-Q1,cogs
030200,KT,2025-Q3,capex
030200,KT,2023-Q4,capex
030200,KT,2021-Q2,cogs
030200,KT,2021-Q3,cogs
030200,KT,2020-Q1,cogs
030200,KT,2020-Q3,cogs
030200,KT,2021-Q4,capex
030200,KT,2025-Q3,cogs
030200,KT,2020-Q4,capex
030200,KT,2023-Q4,cogs
030200,KT,2025-Q2,capex
030200,KT,2024-Q3,capex
030200,KT,2021-Q4,cogs
030200,KT,2024-Q1,capex
030200,KT,2020-Q4,cogs
030200,KT,2022-Q1,capex
030200,KT,2020-Q2,capex
030200,KT,2023-Q2,capex
030200,KT,2025-Q2,cogs
030200,KT,2024-Q3,cogs
030200,KT,2023-Q3,capex
030200,KT,2025-Q1,capex
030200,KT,2020-Q2,cogs
030200,KT,2022-Q2,capex
030200,KT,2024-Q1,cogs
044450,KSS해운,2022-Q3,capex
044450,KSS해운,2023-Q1,capex
044450,KSS해운,2024-Q2,capex
044450,KSS해운,2024-Q4,capex
044450,KSS해운,2022-Q4,capex
044450,KSS해운,2021-Q2,capex
044450,KSS해운,2021-Q3,capex
044450,KSS해운,2020-Q1,capex
044450,KSS해운,2021-Q1,capex
044450,KSS해운,2020-Q3,capex
044450,KSS해운,2025-Q3,capex
044450,KSS해운,2023-Q4,capex
044450,KSS해운,2021-Q4,capex
044450,KSS해운,2020-Q4,capex
044450,KSS해운,2025-Q2,capex
044450,KSS해운,2024-Q3,capex
044450,KSS해운,2023-Q3,net_income
044450,KSS해운,2024-Q1,capex
044450,KSS해운,2022-Q1,capex
044450,KSS해운,2020-Q2,capex
044450,KSS해운,2023-Q2,capex
044450,KSS해운,2023-Q3,capex
044450,KSS해운,2025-Q1,capex
044450,KSS해운,2022-Q2,capex
058850,KTcs,2022-Q1,cogs
058850,KTcs,2023-Q3,cogs
058850,KTcs,2023-Q2,cogs
058850,KTcs,2025-Q1,cogs
058850,KTcs,2023-Q1,cogs
058850,KTcs,2022-Q2,cogs
058850,KTcs,2022-Q3,cogs
058850,KTcs,2024-Q4,cogs
058850,KTcs,2024-Q2,cogs
058850,KTcs,2022-Q4,cogs
058850,KTcs,2021-Q1,cogs
058850,KTcs,2021-Q2,cogs
058850,KTcs,2021-Q3,cogs
058850,KTcs,2020-Q1,cogs
058850,KTcs,2020-Q3,cogs
058850,KTcs,2025-Q3,cogs
058850,KTcs,2023-Q4,cogs
058850,KTcs,2021-Q4,cogs
058850,KTcs,2020-Q4,cogs
058850,KTcs,2025-Q2,cogs
058850,KTcs,2024-Q3,cogs
058850,KTcs,2020-Q2,cogs
058850,KTcs,2024-Q1,cogs
058860,KTis,2025-Q3,cogs
058860,KTis,2024-Q4,capex
058860,KTis,2025-Q2,capex
058860,KTis,2022-Q4,capex
058860,KTis,2025-Q1,capex
011070,LG이노텍,2024-Q4,ap
032640,LG유플러스,2022-Q1,cogs
032640,LG유플러스,2023-Q3,cogs
032640,LG유플러스,2023-Q2,cogs
032640,LG유플러스,2025-Q1,cogs
032640,LG유플러스,2023-Q1,cogs
032640,LG유플러스,2022-Q2,cogs
032640,LG유플러스,2024-Q4,cogs
032640,LG유플러스,2022-Q3,cogs
032640,LG유플러스,2024-Q2,cogs
032640,LG유플러스,2022-Q4,cogs
032640,LG유플러스,2021-Q1,cogs
032640,LG유플러스,2021-Q2,cogs
032640,LG유플러스,2021-Q3,cogs
032640,LG유플러스,2025-Q3,cogs
032640,LG유플러스,2023-Q4,cogs
032640,LG유플러스,2021-Q4,cogs
032640,LG유플러스,2025-Q2,cogs
032640,LG유플러스,2024-Q3,cogs
032640,LG유플러스,2024-Q1,cogs
037560,LG헬로비전,2025-Q1,cogs
037560,LG헬로비전,2025-Q2,cogs
037560,LG헬로비전,2025-Q3,cogs
037560,LG헬로비전,2024-Q4,cogs
079550,LIG넥스원,2024-Q3,ap
079550,LIG넥스원,2020-Q2,ap
079550,LIG넥스원,2023-Q2,ap
079550,LIG넥스원,2024-Q1,ap
079550,LIG넥스원,2023-Q3,ap
079550,LIG넥스원,2022-Q1,ap
079550,LIG넥스원,2025-Q1,ap
079550,LIG넥스원,2023-Q1,ap
079550,LIG넥스원,2022-Q2,ap
079550,LIG넥스원,2024-Q2,ap
079550,LIG넥스원,2022-Q3,ap
079550,LIG넥스원,2024-Q4,ap
079550,LIG넥스원,2022-Q4,ap
079550,LIG넥스원,2021-Q1,ap
079550,LIG넥스원,2021-Q2,ap
079550,LIG넥스원,2021-Q3,ap
079550,LIG넥스원,2020-Q1,ap
079550,LIG넥스원,2020-Q3,ap
079550,LIG넥스원,2025-Q3,ap
079550,LIG넥스원,2023-Q4,ap
079550,LIG넥스원,2021-Q4,ap
079550,LIG넥스원,2020-Q4,ap
079550,LIG넥스원,2025-Q2,ap
000680,LS네트웍스,2025-Q2,capex
000680,LS네트웍스,2025-Q1,ap
000680,LS네트웍스,2025-Q3,ap
000680,LS네트웍스,2024-Q4,ap
000680,LS네트웍스,2025-Q2,ap
051910,LG화학,2023-Q3,net_income
229640,LS에코에너지,2024-Q3,ap
229640,LS에코에너지,2020-Q2,ap
229640,LS에코에너지,2023-Q2,ap
229640,LS에코에너지,2024-Q1,ap
229640,LS에코에너지,2023-Q3,ap
229640,LS에코에너지,2022-Q1,ap
229640,LS에코에너지,2025-Q1,ap
229640,LS에코에너지,2023-Q1,ap
229640,LS에코에너지,2022-Q2,ap
229640,LS에코에너지,2024-Q2,ap
229640,LS에코에너지,2022-Q3,ap
229640,LS에코에너지,2024-Q4,ap
229640,LS에코에너지,2022-Q4,ap
229640,LS에코에너지,2021-Q1,ap
229640,LS에코에너지,2021-Q2,ap
229640,LS에코에너지,2021-Q3,ap
229640,LS에코에너지,2020-Q1,ap
229640,LS에코에너지,2020-Q3,ap
229640,LS에코에너지,2025-Q3,ap
229640,LS에코에너지,2023-Q4,ap
229640,LS에코에너지,2021-Q4,ap
229640,LS에코에너지,2020-Q4,ap
229640,LS에코에너지,2025-Q2,ap
001120,LX인터내셔널,2023-Q4,cfo
001120,LX인터내셔널,2021-Q1,interest_expense
001120,LX인터내셔널,2025-Q1,cfo
001120,LX인터내셔널,2021-Q2,interest_expense
001120,LX인터내셔널,2021-Q3,interest_expense
001120,LX인터내셔널,2023-Q1,interest_expense
001120,LX인터내셔널,2022-Q2,interest_expense
001120,LX인터내셔널,2021-Q4,interest_expense
001120,LX인터내셔널,2022-Q3,interest_expense
001120,LX인터내셔널,2024-Q4,cfo
001120,LX인터내셔널,2024-Q1,cfo
001120,LX인터내셔널,2022-Q1,interest_expense
001120,LX인터내셔널,2023-Q3,interest_expense
001120,LX인터내셔널,2023-Q2,interest_expense
001120,LX인터내셔널,2022-Q4,interest_expense
001120,LX인터내셔널,2024-Q2,cfo
001120,LX인터내셔널,2025-Q2,cfo
001120,LX인터내셔널,2024-Q3,cfo
400760,NH올원리츠,2025-Q4,cogs
400760,NH올원리츠,2023-Q2,cogs
400760,NH올원리츠,2024-Q2,capex
400760,NH올원리츠,2024-Q4,capex
400760,NH올원리츠,2022-Q4,capex
400760,NH올원리츠,2023-Q4,inventory
400760,NH올원리츠,2022-Q2,cogs
400760,NH올원리츠,2024-Q4,cogs
400760,NH올원리츠,2024-Q2,cogs
400760,NH올원리츠,2022-Q4,cogs
400760,NH올원리츠,2021-Q4,inventory
400760,NH올원리츠,2023-Q4,capex
400760,NH올원리츠,2025-Q2,inventory
400760,NH올원리츠,2021-Q4,capex
400760,NH올원리츠,2023-Q4,cogs
400760,NH올원리츠,2025-Q2,capex
400760,NH올원리츠,2023-Q2,inventory
400760,NH올원리츠,2025-Q4,inventory
400760,NH올원리츠,2021-Q4,cogs
400760,NH올원리츠,2025-Q2,cogs
400760,NH올원리츠,2022-Q2,inventory
400760,NH올원리츠,2023-Q2,capex
400760,NH올원리츠,2024-Q2,inventory
400760,NH올원리츠,2024-Q4,inventory
400760,NH올원리츠,2025-Q4,capex
400760,NH올원리츠,2022-Q4,inventory
400760,NH올원리츠,2022-Q2,capex
005940,NH투자증권,2025-Q1,current_assets
005940,NH투자증권,2023-Q3,cogs
005940,NH투자증권,2024-Q3,ap
005940,NH투자증권,2023-Q3,ar
005940,NH투자증권,2025-Q2,revenue
005940,NH투자증권,2025-Q1,ar
005940,NH투자증권,2024-Q3,revenue
005940,NH투자증권,2025-Q1,cogs
005940,NH투자증권,2024-Q2,current_assets
005940,NH투자증권,2024-Q4,current_assets
005940,NH투자증권,2023-Q4,inventory
005940,NH투자증권,2025-Q3,inventory
005940,NH투자증권,2024-Q1,ap
005940,NH투자증권,2023-Q3,ap
005940,NH투자증권,2024-Q4,cogs
005940,NH투자증권,2024-Q2,ar
005940,NH투자증권,2024-Q4,ar
005940,NH투자증권,2024-Q1,revenue
005940,NH투자증권,2025-Q3,current_liab
005940,NH투자증권,2023-Q4,current_liab
005940,NH투자증권,2023-Q3,revenue
005940,NH투자증권,2024-Q2,cogs
005940,NH투자증권,2025-Q1,ap
005940,NH투자증권,2025-Q1,revenue
005940,NH투자증권,2025-Q2,inventory
005940,NH투자증권,2024-Q2,ap
005940,NH투자증권,2024-Q4,ap
005940,NH투자증권,2024-Q3,inventory
005940,NH투자증권,2025-Q3,current_assets
005940,NH투자증권,2023-Q4,current_assets
005940,NH투자증권,2024-Q2,revenue
005940,NH투자증권,2024-Q4,revenue
005940,NH투자증권,2025-Q2,current_liab
005940,NH투자증권,2025-Q2,ap
005940,NH투자증권,2025-Q3,cogs
005940,NH투자증권,2024-Q3,current_liab
005940,NH투자증권,2023-Q4,cogs
005940,NH투자증권,2025-Q3,ar
005940,NH투자증권,2023-Q4,ar
005940,NH투자증권,2024-Q1,inventory
005940,NH투자증권,2023-Q3,inventory
005940,NH투자증권,2024-Q1,current_liab
005940,NH투자증권,2024-Q2,current_liab
005940,NH투자증권,2023-Q3,current_liab
005940,NH투자증권,2025-Q1,inventory
005940,NH투자증권,2025-Q2,current_assets
005940,NH투자증권,2023-Q4,ap
005940,NH투자증권,2024-Q3,current_assets
005940,NH투자증권,2025-Q2,ar
005940,NH투자증권,2025-Q3,ap
005940,NH투자증권,2025-Q2,cogs
005940,NH투자증권,2024-Q3,ar
005940,NH투자증권,2025-Q3,revenue
005940,NH투자증권,2023-Q4,revenue
005940,NH투자증권,2024-Q2,inventory
005940,NH투자증권,2024-Q3,cogs
005940,NH투자증권,2024-Q4,inventory
005940,NH투자증권,2025-Q1,current_liab
005940,NH투자증권,2024-Q1,current_assets
005940,NH투자증권,2023-Q3,current_assets
005940,NH투자증권,2024-Q4,current_liab
005940,NH투자증권,2024-Q1,ar
005940,NH투자증권,2024-Q1,cogs
338100,NH프라임리츠,2023-Q2,ar
338100,NH프라임리츠,2025-Q4,cogs
338100,NH프라임리츠,2021-Q2,inventory
338100,NH프라임리츠,2023-Q2,cogs
338100,NH프라임리츠,2025-Q4,ar
338100,NH프라임리츠,2021-Q2,interest_expense
338100,NH프라임리츠,2024-Q2,capex
338100,NH프라임리츠,2024-Q4,capex
338100,NH프라임리츠,2022-Q4,capex
338100,NH프라임리츠,2020-Q2,ap
338100,NH프라임리츠,2022-Q2,ar
338100,NH프라임리츠,2023-Q4,inventory
338100,NH프라임리츠,2021-Q2,capex
338100,NH프라임리츠,2022-Q2,cogs
338100,NH프라임리츠,2024-Q4,cogs
338100,NH프라임리츠,2024-Q2,ar
338100,NH프라임리츠,2023-Q4,interest_expense
338100,NH프라임리츠,2024-Q4,ar
338100,NH프라임리츠,2024-Q2,cogs
338100,NH프라임리츠,2022-Q4,cogs
338100,NH프라임리츠,2022-Q4,ar
338100,NH프라임리츠,2021-Q4,inventory
338100,NH프라임리츠,2021-Q4,interest_expense
338100,NH프라임리츠,2020-Q4,inventory
338100,NH프라임리츠,2021-Q2,ar
338100,NH프라임리츠,2023-Q4,capex
338100,NH프라임리츠,2025-Q2,inventory
338100,NH프라임리츠,2020-Q4,interest_expense
338100,NH프라임리츠,2021-Q2,cogs
338100,NH프라임리츠,2025-Q2,interest_expense
338100,NH프라임리츠,2021-Q4,capex
338100,NH프라임리츠,2020-Q4,capex
338100,NH프라임리츠,2023-Q4,cogs
338100,NH프라임리츠,2020-Q2,inventory
338100,NH프라임리츠,2023-Q2,inventory
338100,NH프라임리츠,2023-Q4,ar
338100,NH프라임리츠,2025-Q2,capex
338100,NH프라임리츠,2020-Q2,interest_expense
338100,NH프라임리츠,2025-Q4,inventory
338100,NH프라임리츠,2025-Q4,interest_expense
338100,NH프라임리츠,2023-Q2,interest_expense
338100,NH프라임리츠,2021-Q4,cogs
338100,NH프라임리츠,2021-Q4,ar
338100,NH프라임리츠,2020-Q4,ar
338100,NH프라임리츠,2025-Q2,ar
338100,NH프라임리츠,2020-Q4,cogs
338100,NH프라임리츠,2025-Q2,cogs
338100,NH프라임리츠,2020-Q2,capex
338100,NH프라임리츠,2022-Q2,inventory
338100,NH프라임리츠,2023-Q2,capex
338100,NH프라임리츠,2024-Q2,inventory
338100,NH프라임리츠,2022-Q2,interest_expense
338100,NH프라임리츠,2024-Q4,inventory
338100,NH프라임리츠,2025-Q4,capex
338100,NH프라임리츠,2024-Q4,interest_expense
338100,NH프라임리츠,2022-Q4,inventory
338100,NH프라임리츠,2024-Q2,interest_expense
338100,NH프라임리츠,2022-Q4,interest_expense
338100,NH프라임리츠,2020-Q2,cogs
338100,NH프라임리츠,2020-Q4,ap
338100,NH프라임리츠,2022-Q2,capex
338100,NH프라임리츠,2020-Q2,ar
383800,LX홀딩스,2022-Q3,capex
383800,LX홀딩스,2021-Q2,inventory
383800,LX홀딩스,2021-Q3,inventory
383800,LX홀딩스,2023-Q1,capex
383800,LX홀딩스,2024-Q3,ap
383800,LX홀딩스,2024-Q2,capex
383800,LX홀딩스,2024-Q4,capex
383800,LX홀딩스,2025-Q1,ar
383800,LX홀딩스,2022-Q4,capex
383800,LX홀딩스,2025-Q1,cogs
383800,LX홀딩스,2025-Q3,inventory
383800,LX홀딩스,2023-Q4,inventory
383800,LX홀딩스,2021-Q2,capex
383800,LX홀딩스,2024-Q4,cogs
383800,LX홀딩스,2024-Q2,ar
383800,LX홀딩스,2024-Q4,ar
383800,LX홀딩스,2024-Q2,cogs
383800,LX홀딩스,2021-Q4,inventory
383800,LX홀딩스,2025-Q1,ap
383800,LX홀딩스,2025-Q3,capex
383800,LX홀딩스,2023-Q4,capex
383800,LX홀딩스,2025-Q2,inventory
383800,LX홀딩스,2024-Q2,ap
383800,LX홀딩스,2024-Q4,ap
383800,LX홀딩스,2024-Q3,inventory
383800,LX홀딩스,2021-Q4,capex
383800,LX홀딩스,2025-Q3,cogs
383800,LX홀딩스,2025-Q3,ar
383800,LX홀딩스,2025-Q2,capex
383800,LX홀딩스,2023-Q2,inventory
383800,LX홀딩스,2024-Q1,inventory
383800,LX홀딩스,2024-Q3,capex
383800,LX홀딩스,2022-Q1,inventory
383800,LX홀딩스,2023-Q3,inventory
383800,LX홀딩스,2025-Q1,inventory
383800,LX홀딩스,2025-Q3,ap
383800,LX홀딩스,2025-Q2,ar
383800,LX홀딩스,2024-Q1,capex
383800,LX홀딩스,2022-Q3,inventory
383800,LX홀딩스,2022-Q1,capex
383800,LX홀딩스,2023-Q1,inventory
383800,LX홀딩스,2022-Q2,inventory
383800,LX홀딩스,2023-Q2,capex
383800,LX홀딩스,2024-Q3,ar
383800,LX홀딩스,2024-Q2,inventory
383800,LX홀딩스,2024-Q3,cogs
383800,LX홀딩스,2023-Q3,capex
383800,LX홀딩스,2024-Q4,inventory
383800,LX홀딩스,2025-Q2,cogs
383800,LX홀딩스,2022-Q4,inventory
383800,LX홀딩스,2025-Q1,capex
383800,LX홀딩스,2022-Q2,capex
383800,LX홀딩스,2025-Q2,ap
108670,LX하우시스,2023-Q4,ap
035420,NAVER,2022-Q1,cogs
035420,NAVER,2023-Q3,cogs
035420,NAVER,2023-Q2,cogs
035420,NAVER,2025-Q1,cogs
035420,NAVER,2023-Q1,cogs
035420,NAVER,2022-Q2,cogs
035420,NAVER,2022-Q3,cogs
035420,NAVER,2024-Q4,cogs
035420,NAVER,2024-Q2,cogs
035420,NAVER,2022-Q4,cogs
035420,NAVER,2021-Q1,cogs
035420,NAVER,2021-Q2,cogs
035420,NAVER,2021-Q3,cogs
035420,NAVER,2020-Q1,cogs
035420,NAVER,2021-Q3,ar
035420,NAVER,2020-Q3,cogs
035420,NAVER,2025-Q3,cogs
035420,NAVER,2023-Q4,cogs
035420,NAVER,2021-Q3,ap
035420,NAVER,2020-Q4,cogs
035420,NAVER,2025-Q2,cogs
035420,NAVER,2024-Q3,cogs
035420,NAVER,2020-Q2,cogs
035420,NAVER,2024-Q1,cogs
181710,NHN,2025-Q1,cogs
181710,NHN,2025-Q2,cogs
181710,NHN,2025-Q3,cogs
181710,NHN,2024-Q4,cogs
034310,NICE,2022-Q1,cogs
034310,NICE,2023-Q3,cogs
034310,NICE,2023-Q2,cogs
034310,NICE,2020-Q4,revenue
034310,NICE,2025-Q2,revenue
034310,NICE,2024-Q3,revenue
034310,NICE,2025-Q1,cogs
034310,NICE,2023-Q1,cogs
034310,NICE,2022-Q2,cogs
034310,NICE,2022-Q3,cogs
034310,NICE,2020-Q2,revenue
034310,NICE,2023-Q2,revenue
034310,NICE,2024-Q4,cogs
034310,NICE,2024-Q1,revenue
034310,NICE,2024-Q2,cogs
034310,NICE,2022-Q1,revenue
034310,NICE,2022-Q4,cogs
034310,NICE,2023-Q3,revenue
034310,NICE,2021-Q1,cogs
034310,NICE,2025-Q1,revenue
034310,NICE,2021-Q2,cogs
034310,NICE,2021-Q3,cogs
034310,NICE,2020-Q1,cogs
034310,NICE,2024-Q1,cogs
034310,NICE,2020-Q3,cogs
034310,NICE,2022-Q2,revenue
034310,NICE,2023-Q1,revenue
034310,NICE,2024-Q2,revenue
034310,NICE,2022-Q3,revenue
034310,NICE,2024-Q4,revenue
034310,NICE,2025-Q3,cogs
034310,NICE,2022-Q4,revenue
034310,NICE,2023-Q4,cogs
034310,NICE,2021-Q1,revenue
034310,NICE,2021-Q2,revenue
034310,NICE,2021-Q3,revenue
034310,NICE,2020-Q1,revenue
034310,NICE,2021-Q4,cogs
034310,NICE,2020-Q3,revenue
034310,NICE,2020-Q4,cogs
034310,NICE,2025-Q2,cogs
034310,NICE,2025-Q3,revenue
034310,NICE,2023-Q4,revenue
034310,NICE,2024-Q3,cogs
034310,NICE,2020-Q2,cogs
034310,NICE,2021-Q4,revenue
030190,NICE평가정보,2022-Q1,cogs
030190,NICE평가정보,2023-Q3,cogs
030190,NICE평가정보,2021-Q2,inventory
030190,NICE평가정보,2021-Q3,inventory
030190,NICE평가정보,2023-Q2,cogs
030190,NICE평가정보,2020-Q3,inventory
030190,NICE평가정보,2025-Q1,cogs
030190,NICE평가정보,2025-Q3,inventory
030190,NICE평가정보,2023-Q4,inventory
030190,NICE평가정보,2023-Q1,cogs
030190,NICE평가정보,2022-Q2,cogs
030190,NICE평가정보,2022-Q3,cogs
030190,NICE평가정보,2024-Q4,cogs
030190,NICE평가정보,2024-Q2,cogs
030190,NICE평가정보,2022-Q4,cogs
030190,NICE평가정보,2021-Q4,inventory
030190,NICE평가정보,2021-Q1,inventory
030190,NICE평가정보,2021-Q1,cogs
030190,NICE평가정보,2020-Q4,inventory
030190,NICE평가정보,2025-Q2,inventory
030190,NICE평가정보,2021-Q2,cogs
030190,NICE평가정보,2021-Q3,cogs
030190,NICE평가정보,2020-Q1,cogs
030190,NICE평가정보,2024-Q3,inventory
030190,NICE평가정보,2024-Q1,cogs
030190,NICE평가정보,2020-Q3,cogs
030190,NICE평가정보,2025-Q3,cogs
030190,NICE평가정보,2023-Q4,cogs
030190,NICE평가정보,2020-Q2,inventory
030190,NICE평가정보,2023-Q2,inventory
030190,NICE평가정보,2024-Q1,inventory
030190,NICE평가정보,2022-Q1,inventory
030190,NICE평가정보,2023-Q3,inventory
030190,NICE평가정보,2021-Q4,cogs
030190,NICE평가정보,2025-Q1,inventory
030190,NICE평가정보,2020-Q4,cogs
030190,NICE평가정보,2022-Q3,inventory
030190,NICE평가정보,2025-Q2,cogs
030190,NICE평가정보,2023-Q1,inventory
030190,NICE평가정보,2022-Q2,inventory
030190,NICE평가정보,2024-Q2,inventory
030190,NICE평가정보,2024-Q3,cogs
030190,NICE평가정보,2024-Q4,inventory
030190,NICE평가정보,2022-Q4,inventory
030190,NICE평가정보,2020-Q2,cogs
030190,NICE평가정보,2020-Q1,inventory
008260,NI스틸,2023-Q2,ar
008260,NI스틸,2021-Q1,interest_expense
008260,NI스틸,2023-Q3,ar
008260,NI스틸,2021-Q2,interest_expense
008260,NI스틸,2021-Q3,interest_expense
008260,NI스틸,2020-Q1,interest_expense
008260,NI스틸,2025-Q1,ar
008260,NI스틸,2020-Q3,interest_expense
008260,NI스틸,2022-Q2,ar
008260,NI스틸,2025-Q3,interest_expense
008260,NI스틸,2022-Q3,ar
008260,NI스틸,2023-Q1,ar
008260,NI스틸,2024-Q2,ar
008260,NI스틸,2023-Q4,interest_expense
008260,NI스틸,2024-Q4,ar
008260,NI스틸,2022-Q4,ar
008260,NI스틸,2021-Q4,interest_expense
008260,NI스틸,2021-Q2,ar
008260,NI스틸,2020-Q1,ar
008260,NI스틸,2021-Q1,ar
008260,NI스틸,2020-Q4,interest_expense
008260,NI스틸,2025-Q2,interest_expense
008260,NI스틸,2024-Q3,interest_expense
008260,NI스틸,2025-Q3,ar
008260,NI스틸,2023-Q4,ar
008260,NI스틸,2020-Q2,interest_expense
008260,NI스틸,2024-Q1,interest_expense
008260,NI스틸,2022-Q1,interest_expense
008260,NI스틸,2023-Q3,interest_expense
008260,NI스틸,2023-Q2,interest_expense
008260,NI스틸,2021-Q4,ar
008260,NI스틸,2020-Q4,ar
008260,NI스틸,2025-Q2,ar
008260,NI스틸,2025-Q1,interest_expense
008260,NI스틸,2024-Q3,ar
008260,NI스틸,2023-Q1,interest_expense
008260,NI스틸,2022-Q2,interest_expense
008260,NI스틸,2022-Q3,interest_expense
008260,NI스틸,2024-Q4,interest_expense
008260,NI스틸,2024-Q2,interest_expense
008260,NI스틸,2022-Q4,interest_expense
008260,NI스틸,2024-Q1,ar
008260,NI스틸,2022-Q1,ar
008260,NI스틸,2020-Q2,ar
005490,POSCO홀딩스,2021-Q1,ap
005490,POSCO홀딩스,2021-Q2,ap
005490,POSCO홀딩스,2021-Q3,ap
005490,POSCO홀딩스,2023-Q1,ap
005490,POSCO홀딩스,2022-Q2,ap
005490,POSCO홀딩스,2021-Q4,ap
005490,POSCO홀딩스,2023-Q2,ap
005490,POSCO홀딩스,2022-Q3,ap
005490,POSCO홀딩스,2023-Q3,ap
005490,POSCO홀딩스,2022-Q1,ap
005490,POSCO홀딩스,2022-Q4,ap
178920,PI첨단소재,2020-Q1,capex
178920,PI첨단소재,2020-Q4,capex
178920,PI첨단소재,2021-Q2,capex
178920,PI첨단소재,2021-Q3,capex
178920,PI첨단소재,2021-Q1,capex
003080,SB성보,2025-Q3,ap
003080,SB성보,2025-Q2,ap
001380,SG글로벌,2022-Q3,capex
001380,SG글로벌,2023-Q1,capex
001380,SG글로벌,2024-Q2,capex
001380,SG글로벌,2024-Q4,capex
001380,SG글로벌,2022-Q4,capex
001380,SG글로벌,2021-Q2,capex
001380,SG글로벌,2021-Q3,capex
001380,SG글로벌,2021-Q1,capex
001380,SG글로벌,2025-Q3,capex
001380,SG글로벌,2023-Q4,capex
001380,SG글로벌,2021-Q4,capex
001380,SG글로벌,2025-Q2,capex
001380,SG글로벌,2024-Q3,capex
001380,SG글로벌,2024-Q1,capex
001380,SG글로벌,2022-Q1,capex
001380,SG글로벌,2023-Q2,capex
001380,SG글로벌,2023-Q3,capex
001380,SG글로벌,2025-Q1,capex
001380,SG글로벌,2022-Q2,capex
034120,SBS,2025-Q1,cogs
034120,SBS,2025-Q2,cogs
034120,SBS,2025-Q3,cogs
034120,SBS,2024-Q4,cogs
001770,SHD,2022-Q3,capex
001770,SHD,2023-Q1,capex
001770,SHD,2024-Q2,capex
001770,SHD,2024-Q4,capex
001770,SHD,2022-Q4,capex
001770,SHD,2021-Q2,capex
001770,SHD,2021-Q3,capex
001770,SHD,2021-Q1,capex
001770,SHD,2025-Q3,capex
001770,SHD,2023-Q4,capex
001770,SHD,2021-Q4,capex
001770,SHD,2025-Q2,capex
001770,SHD,2024-Q3,capex
001770,SHD,2024-Q1,capex
001770,SHD,2022-Q1,capex
001770,SHD,2023-Q2,capex
001770,SHD,2023-Q3,capex
001770,SHD,2025-Q1,capex
001770,SHD,2022-Q2,capex
395400,SK리츠,2022-Q1,cogs
395400,SK리츠,2023-Q1,capex
395400,SK리츠,2025-Q1,ar
395400,SK리츠,2025-Q1,cogs
395400,SK리츠,2024-Q1,ap
395400,SK리츠,2023-Q1,cogs
395400,SK리츠,2022-Q1,ap
395400,SK리츠,2023-Q1,ar
395400,SK리츠,2021-Q1,capex
395400,SK리츠,2025-Q1,ap
395400,SK리츠,2021-Q1,inventory
395400,SK리츠,2021-Q1,cogs
395400,SK리츠,2023-Q1,ap
395400,SK리츠,2021-Q1,ap
395400,SK리츠,2024-Q1,inventory
395400,SK리츠,2022-Q1,inventory
395400,SK리츠,2025-Q1,inventory
395400,SK리츠,2024-Q1,capex
395400,SK리츠,2022-Q1,capex
395400,SK리츠,2023-Q1,inventory
395400,SK리츠,2025-Q1,capex
395400,SK리츠,2024-Q1,ar
395400,SK리츠,2024-Q1,cogs
123700,SJM,2022-Q3,capex
123700,SJM,2023-Q1,capex
123700,SJM,2024-Q2,capex
123700,SJM,2022-Q4,capex
123700,SJM,2021-Q2,capex
123700,SJM,2021-Q3,capex
123700,SJM,2020-Q1,capex
123700,SJM,2021-Q1,capex
123700,SJM,2020-Q3,capex
123700,SJM,2023-Q4,capex
123700,SJM,2022-Q3,ap
123700,SJM,2021-Q4,capex
123700,SJM,2020-Q4,capex
123700,SJM,2025-Q2,capex
123700,SJM,2024-Q1,capex
123700,SJM,2022-Q1,capex
123700,SJM,2020-Q2,capex
123700,SJM,2023-Q2,capex
123700,SJM,2023-Q3,capex
123700,SJM,2025-Q1,capex
123700,SJM,2022-Q2,capex
025530,SJM홀딩스,2022-Q3,capex
025530,SJM홀딩스,2023-Q1,capex
025530,SJM홀딩스,2024-Q2,capex
025530,SJM홀딩스,2024-Q4,capex
025530,SJM홀딩스,2022-Q4,capex
025530,SJM홀딩스,2021-Q2,capex
025530,SJM홀딩스,2021-Q3,capex
025530,SJM홀딩스,2020-Q1,capex
025530,SJM홀딩스,2021-Q1,capex
025530,SJM홀딩스,2020-Q3,capex
025530,SJM홀딩스,2025-Q3,capex
025530,SJM홀딩스,2023-Q4,capex
025530,SJM홀딩스,2021-Q4,capex
025530,SJM홀딩스,2020-Q4,capex
025530,SJM홀딩스,2025-Q2,capex
025530,SJM홀딩스,2024-Q3,capex
025530,SJM홀딩스,2024-Q1,capex
025530,SJM홀딩스,2022-Q1,capex
025530,SJM홀딩스,2020-Q2,capex
025530,SJM홀딩스,2023-Q2,capex
025530,SJM홀딩스,2023-Q3,capex
025530,SJM홀딩스,2025-Q1,capex
025530,SJM홀딩스,2022-Q2,capex
006120,SK디스커버리,2022-Q3,ar
006120,SK디스커버리,2021-Q1,ap
006120,SK디스커버리,2021-Q2,ap
006120,SK디스커버리,2021-Q3,ap
006120,SK디스커버리,2021-Q2,ar
006120,SK디스커버리,2022-Q2,ap
006120,SK디스커버리,2021-Q1,ar
006120,SK디스커버리,2021-Q4,ap
006120,SK디스커버리,2022-Q2,ar
006120,SK디스커버리,2022-Q3,ap
006120,SK디스커버리,2021-Q3,ar
006120,SK디스커버리,2022-Q1,ap
006120,SK디스커버리,2022-Q1,ar
006120,SK디스커버리,2021-Q4,ar
011790,SKC,2021-Q4,capex
011790,SKC,2020-Q1,capex
011790,SKC,2022-Q3,capex
011790,SKC,2022-Q1,capex
011790,SKC,2020-Q3,capex
011790,SKC,2020-Q4,capex
011790,SKC,2020-Q2,capex
011790,SKC,2023-Q1,interest_expense
011790,SKC,2023-Q3,interest_expense
011790,SKC,2023-Q2,interest_expense
011790,SKC,2024-Q4,ap
011790,SKC,2021-Q2,capex
011790,SKC,2021-Q3,capex
011790,SKC,2021-Q1,capex
011790,SKC,2022-Q2,capex
402340,SK스퀘어,2023-Q3,cogs
402340,SK스퀘어,2024-Q2,cogs
402340,SK스퀘어,2025-Q2,cogs
402340,SK스퀘어,2025-Q3,cogs
402340,SK스퀘어,2023-Q4,cogs
402340,SK스퀘어,2024-Q3,cogs
402340,SK스퀘어,2025-Q1,cogs
402340,SK스퀘어,2024-Q4,cogs
402340,SK스퀘어,2024-Q1,cogs
475150,SK이터닉스,2024-Q1,cfo
475150,SK이터닉스,2024-Q1,capex
210980,SK디앤디,2024-Q2,cogs
210980,SK디앤디,2025-Q2,cogs
210980,SK디앤디,2025-Q3,cogs
210980,SK디앤디,2021-Q2,net_income
210980,SK디앤디,2021-Q3,net_income
210980,SK디앤디,2024-Q3,cogs
210980,SK디앤디,2022-Q2,net_income
210980,SK디앤디,2025-Q1,cogs
210980,SK디앤디,2022-Q3,net_income
210980,SK디앤디,2022-Q1,net_income
210980,SK디앤디,2024-Q4,cogs
210980,SK디앤디,2024-Q1,cogs
001510,SK증권,2025-Q1,current_assets
001510,SK증권,2023-Q3,cogs
001510,SK증권,2024-Q3,ap
001510,SK증권,2023-Q3,ar
001510,SK증권,2024-Q4,op_income
001510,SK증권,2025-Q2,revenue
001510,SK증권,2024-Q2,op_income
001510,SK증권,2025-Q1,ar
001510,SK증권,2024-Q3,revenue
001510,SK증권,2025-Q1,cogs
001510,SK증권,2024-Q2,current_assets
001510,SK증권,2024-Q4,current_assets
001510,SK증권,2023-Q4,inventory
001510,SK증권,2025-Q3,inventory
001510,SK증권,2024-Q1,ap
001510,SK증권,2023-Q3,ap
001510,SK증권,2024-Q4,cogs
001510,SK증권,2024-Q2,ar
001510,SK증권,2024-Q4,ar
001510,SK증권,2024-Q1,revenue
001510,SK증권,2025-Q3,current_liab
001510,SK증권,2023-Q4,current_liab
001510,SK증권,2023-Q3,revenue
001510,SK증권,2024-Q2,cogs
001510,SK증권,2025-Q1,ap
001510,SK증권,2025-Q3,op_income
001510,SK증권,2025-Q1,revenue
001510,SK증권,2025-Q2,inventory
001510,SK증권,2023-Q4,op_income
001510,SK증권,2024-Q2,ap
001510,SK증권,2024-Q4,ap
001510,SK증권,2024-Q3,inventory
001510,SK증권,2025-Q3,current_assets
001510,SK증권,2023-Q4,current_assets
001510,SK증권,2024-Q2,revenue
001510,SK증권,2024-Q4,revenue
001510,SK증권,2025-Q2,current_liab
001510,SK증권,2025-Q2,ap
001510,SK증권,2025-Q3,cogs
001510,SK증권,2024-Q3,current_liab
001510,SK증권,2023-Q4,cogs
001510,SK증권,2025-Q3,ar
001510,SK증권,2023-Q4,ar
001510,SK증권,2024-Q1,inventory
001510,SK증권,2025-Q2,op_income
001510,SK증권,2023-Q3,inventory
001510,SK증권,2024-Q3,op_income
001510,SK증권,2024-Q1,current_liab
001510,SK증권,2024-Q2,current_liab
001510,SK증권,2023-Q3,current_liab
001510,SK증권,2025-Q1,inventory
001510,SK증권,2025-Q2,current_assets
001510,SK증권,2023-Q4,ap
001510,SK증권,2024-Q3,current_assets
001510,SK증권,2025-Q2,ar
001510,SK증권,2025-Q3,ap
001510,SK증권,2024-Q1,op_income
001510,SK증권,2024-Q3,ar
001510,SK증권,2025-Q2,cogs
001510,SK증권,2025-Q3,revenue
001510,SK증권,2023-Q4,revenue
001510,SK증권,2024-Q2,inventory
001510,SK증권,2024-Q3,cogs
001510,SK증권,2024-Q4,inventory
001510,SK증권,2025-Q1,current_liab
001510,SK증권,2023-Q3,op_income
001510,SK증권,2024-Q1,current_assets
001510,SK증권,2025-Q1,op_income
001510,SK증권,2023-Q3,current_assets
001510,SK증권,2024-Q4,current_liab
001510,SK증권,2024-Q1,ar
001510,SK증권,2024-Q1,cogs
326030,SK바이오팜,2023-Q4,ap
326030,SK바이오팜,2023-Q3,ap
326030,SK바이오팜,2024-Q3,ap
326030,SK바이오팜,2022-Q3,ap
326030,SK바이오팜,2021-Q1,ap
326030,SK바이오팜,2024-Q1,ap
326030,SK바이오팜,2021-Q2,ap
326030,SK바이오팜,2021-Q3,ap
326030,SK바이오팜,2023-Q1,ap
326030,SK바이오팜,2022-Q2,ap
326030,SK바이오팜,2020-Q3,ap
326030,SK바이오팜,2020-Q2,ap
326030,SK바이오팜,2021-Q4,ap
326030,SK바이오팜,2023-Q2,ap
326030,SK바이오팜,2024-Q2,ap
326030,SK바이오팜,2022-Q1,ap
326030,SK바이오팜,2020-Q4,ap
326030,SK바이오팜,2022-Q4,ap
100090,SK오션플랜트,2023-Q4,ap
100090,SK오션플랜트,2023-Q3,ap
003570,SNT다이내믹스,2021-Q4,capex
003570,SNT다이내믹스,2022-Q3,capex
003570,SNT다이내믹스,2023-Q1,capex
003570,SNT다이내믹스,2022-Q1,capex
003570,SNT다이내믹스,2023-Q2,capex
003570,SNT다이내믹스,2023-Q3,capex
003570,SNT다이내믹스,2022-Q4,capex
003570,SNT다이내믹스,2023-Q4,capex
003570,SNT다이내믹스,2021-Q2,capex
003570,SNT다이내믹스,2021-Q3,capex
003570,SNT다이내믹스,2022-Q2,capex
465770,STX그린로지스,2023-Q3,inventory
465770,STX그린로지스,2025-Q1,ap
465770,STX그린로지스,2023-Q3,capex
465770,STX그린로지스,2024-Q4,ap
096770,SK이노베이션,2021-Q1,net_income
096770,SK이노베이션,2021-Q2,net_income
096770,SK이노베이션,2021-Q3,net_income
096770,SK이노베이션,2021-Q4,net_income
096770,SK이노베이션,2020-Q4,net_income
285130,SK케미칼,2020-Q4,capex
285130,SK케미칼,2024-Q1,capex
285130,SK케미칼,2021-Q4,cfo
017670,SK텔레콤,2022-Q1,cogs
017670,SK텔레콤,2023-Q3,cogs
017670,SK텔레콤,2023-Q2,cogs
017670,SK텔레콤,2025-Q1,cogs
017670,SK텔레콤,2023-Q1,cogs
017670,SK텔레콤,2022-Q2,cogs
017670,SK텔레콤,2022-Q3,cogs
017670,SK텔레콤,2024-Q4,cogs
017670,SK텔레콤,2024-Q2,cogs
017670,SK텔레콤,2022-Q4,cogs
017670,SK텔레콤,2021-Q1,cogs
017670,SK텔레콤,2021-Q2,cogs
017670,SK텔레콤,2021-Q3,cogs
017670,SK텔레콤,2020-Q1,cogs
017670,SK텔레콤,2020-Q3,cogs
017670,SK텔레콤,2025-Q3,cogs
017670,SK텔레콤,2023-Q4,cogs
017670,SK텔레콤,2021-Q4,cogs
017670,SK텔레콤,2020-Q4,cogs
017670,SK텔레콤,2025-Q2,cogs
017670,SK텔레콤,2024-Q3,cogs
017670,SK텔레콤,2020-Q2,cogs
017670,SK텔레콤,2024-Q1,cogs
036530,SNT홀딩스,2022-Q3,capex
036530,SNT홀딩스,2023-Q1,capex
036530,SNT홀딩스,2024-Q2,capex
036530,SNT홀딩스,2024-Q4,capex
036530,SNT홀딩스,2022-Q4,capex
036530,SNT홀딩스,2021-Q2,capex
036530,SNT홀딩스,2021-Q3,capex
036530,SNT홀딩스,2020-Q1,capex
036530,SNT홀딩스,2021-Q1,capex
036530,SNT홀딩스,2020-Q3,capex
036530,SNT홀딩스,2025-Q3,capex
036530,SNT홀딩스,2023-Q4,capex
036530,SNT홀딩스,2021-Q4,capex
036530,SNT홀딩스,2020-Q4,capex
036530,SNT홀딩스,2025-Q2,capex
036530,SNT홀딩스,2024-Q3,capex
036530,SNT홀딩스,2024-Q1,capex
036530,SNT홀딩스,2022-Q1,capex
036530,SNT홀딩스,2020-Q2,capex
036530,SNT홀딩스,2023-Q2,capex
036530,SNT홀딩스,2023-Q3,capex
036530,SNT홀딩스,2025-Q1,capex
036530,SNT홀딩스,2022-Q2,capex
139130,iM금융지주,2025-Q1,current_assets
139130,iM금융지주,2023-Q3,cogs
139130,iM금융지주,2024-Q3,ap
139130,iM금융지주,2023-Q3,ar
139130,iM금융지주,2024-Q4,op_income
139130,iM금융지주,2025-Q2,revenue
139130,iM금융지주,2024-Q2,op_income
139130,iM금융지주,2025-Q1,ar
139130,iM금융지주,2024-Q3,revenue
139130,iM금융지주,2025-Q1,cogs
139130,iM금융지주,2024-Q2,current_assets
139130,iM금융지주,2024-Q4,current_assets
139130,iM금융지주,2023-Q4,inventory
139130,iM금융지주,2025-Q3,inventory
139130,iM금융지주,2024-Q1,ap
139130,iM금융지주,2023-Q3,ap
139130,iM금융지주,2024-Q4,cogs
139130,iM금융지주,2024-Q2,ar
139130,iM금융지주,2024-Q4,ar
139130,iM금융지주,2024-Q1,revenue
139130,iM금융지주,2025-Q3,current_liab
139130,iM금융지주,2023-Q4,current_liab
139130,iM금융지주,2023-Q3,revenue
139130,iM금융지주,2024-Q2,cogs
139130,iM금융지주,2025-Q1,ap
139130,iM금융지주,2025-Q3,op_income
139130,iM금융지주,2025-Q1,revenue
139130,iM금융지주,2025-Q2,inventory
139130,iM금융지주,2023-Q4,op_income
139130,iM금융지주,2024-Q2,ap
139130,iM금융지주,2024-Q4,ap
139130,iM금융지주,2024-Q3,inventory
139130,iM금융지주,2025-Q3,current_assets
139130,iM금융지주,2023-Q4,current_assets
139130,iM금융지주,2024-Q2,revenue
139130,iM금융지주,2024-Q4,revenue
139130,iM금융지주,2025-Q2,current_liab
139130,iM금융지주,2025-Q2,ap
139130,iM금융지주,2025-Q3,cogs
139130,iM금융지주,2024-Q3,current_liab
139130,iM금융지주,2023-Q4,cogs
139130,iM금융지주,2025-Q3,ar
139130,iM금융지주,2023-Q4,ar
139130,iM금융지주,2024-Q1,inventory
139130,iM금융지주,2025-Q2,op_income
139130,iM금융지주,2023-Q3,inventory
139130,iM금융지주,2024-Q3,op_income
139130,iM금융지주,2024-Q1,current_liab
139130,iM금융지주,2024-Q2,current_liab
139130,iM금융지주,2023-Q3,current_liab
139130,iM금융지주,2025-Q1,inventory
139130,iM금융지주,2025-Q2,current_assets
139130,iM금융지주,2023-Q4,ap
139130,iM금융지주,2024-Q3,current_assets
139130,iM금융지주,2025-Q2,ar
139130,iM금융지주,2025-Q3,ap
139130,iM금융지주,2024-Q1,op_income
139130,iM금융지주,2024-Q3,ar
139130,iM금융지주,2025-Q2,cogs
139130,iM금융지주,2025-Q3,revenue
139130,iM금융지주,2023-Q4,revenue
139130,iM금융지주,2024-Q2,inventory
139130,iM금융지주,2024-Q3,cogs
139130,iM금융지주,2024-Q4,inventory
139130,iM금융지주,2025-Q1,current_liab
139130,iM금융지주,2023-Q3,op_income
139130,iM금융지주,2024-Q1,current_assets
139130,iM금융지주,2025-Q1,op_income
139130,iM금융지주,2023-Q3,current_assets
139130,iM금융지주,2024-Q4,current_liab
139130,iM금융지주,2024-Q1,ar
139130,iM금융지주,2024-Q1,cogs
002900,TYM,2025-Q1,ap
002900,TYM,2025-Q2,ap
002900,TYM,2025-Q3,ap
002900,TYM,2024-Q4,ap
024070,WISCOM,2020-Q1,capex
024070,WISCOM,2020-Q3,capex
024070,WISCOM,2020-Q4,capex
024070,WISCOM,2020-Q2,capex
024070,WISCOM,2021-Q1,capex
011420,갤럭시아에스엠,2020-Q2,inventory
011420,갤럭시아에스엠,2020-Q3,inventory
011420,갤럭시아에스엠,2020-Q4,inventory
011420,갤럭시아에스엠,2020-Q1,inventory
002100,경농,2021-Q1,interest_expense
002100,경농,2021-Q1,net_income
002100,경농,2021-Q2,interest_expense
002100,경농,2021-Q3,interest_expense
002100,경농,2023-Q4,interest_expense
002100,경농,2021-Q4,interest_expense
002100,경농,2021-Q4,net_income
002100,경농,2024-Q3,interest_expense
002100,경농,2024-Q1,interest_expense
002100,경농,2022-Q1,interest_expense
002100,경농,2023-Q3,interest_expense
002100,경농,2022-Q1,net_income
002100,경농,2023-Q2,interest_expense
002100,경농,2023-Q2,net_income
002100,경농,2023-Q1,interest_expense
002100,경농,2022-Q2,interest_expense
002100,경농,2022-Q2,net_income
002100,경농,2022-Q3,interest_expense
002100,경농,2023-Q1,net_income
002100,경농,2024-Q2,interest_expense
002100,경농,2022-Q4,interest_expense
002100,경농,2022-Q4,net_income
012320,경동인베스트,2024-Q3,ap
012320,경동인베스트,2020-Q2,ap
012320,경동인베스트,2023-Q2,ap
012320,경동인베스트,2024-Q1,ap
012320,경동인베스트,2023-Q3,ap
012320,경동인베스트,2022-Q1,ap
012320,경동인베스트,2025-Q1,ap
012320,경동인베스트,2023-Q1,ap
012320,경동인베스트,2022-Q2,ap
012320,경동인베스트,2024-Q2,ap
012320,경동인베스트,2022-Q3,ap
012320,경동인베스트,2024-Q4,ap
012320,경동인베스트,2022-Q4,ap
012320,경동인베스트,2021-Q1,ap
012320,경동인베스트,2021-Q2,ap
012320,경동인베스트,2021-Q3,ap
012320,경동인베스트,2020-Q1,ap
012320,경동인베스트,2020-Q3,ap
012320,경동인베스트,2025-Q3,ap
012320,경동인베스트,2023-Q4,ap
012320,경동인베스트,2021-Q4,ap
012320,경동인베스트,2020-Q4,ap
012320,경동인베스트,2025-Q2,ap
013580,계룡건설,2024-Q3,ap
013580,계룡건설,2024-Q2,ap
030610,교보증권,2025-Q1,current_assets
030610,교보증권,2023-Q3,cogs
030610,교보증권,2024-Q3,ap
030610,교보증권,2023-Q3,ar
030610,교보증권,2024-Q4,op_income
030610,교보증권,2024-Q2,op_income
030610,교보증권,2025-Q1,ar
030610,교보증권,2025-Q1,cogs
030610,교보증권,2024-Q2,current_assets
030610,교보증권,2024-Q4,current_assets
030610,교보증권,2023-Q4,inventory
030610,교보증권,2025-Q3,inventory
030610,교보증권,2024-Q1,ap
030610,교보증권,2023-Q3,ap
030610,교보증권,2024-Q4,cogs
030610,교보증권,2024-Q2,ar
030610,교보증권,2024-Q4,ar
030610,교보증권,2025-Q3,current_liab
030610,교보증권,2023-Q4,current_liab
030610,교보증권,2024-Q2,cogs
030610,교보증권,2025-Q1,ap
030610,교보증권,2025-Q2,inventory
030610,교보증권,2023-Q4,op_income
030610,교보증권,2024-Q2,ap
030610,교보증권,2024-Q4,ap
030610,교보증권,2024-Q3,inventory
030610,교보증권,2025-Q3,current_assets
030610,교보증권,2023-Q4,current_assets
030610,교보증권,2025-Q2,ap
030610,교보증권,2025-Q2,current_liab
030610,교보증권,2025-Q3,cogs
030610,교보증권,2024-Q3,current_liab
030610,교보증권,2023-Q4,cogs
030610,교보증권,2025-Q3,ar
030610,교보증권,2023-Q4,ar
030610,교보증권,2024-Q1,inventory
030610,교보증권,2025-Q2,op_income
030610,교보증권,2023-Q3,inventory
030610,교보증권,2024-Q3,op_income
030610,교보증권,2024-Q1,current_liab
030610,교보증권,2024-Q2,current_liab
030610,교보증권,2023-Q3,current_liab
030610,교보증권,2025-Q1,inventory
030610,교보증권,2025-Q2,current_assets
030610,교보증권,2023-Q4,ap
030610,교보증권,2024-Q3,current_assets
030610,교보증권,2025-Q2,ar
030610,교보증권,2025-Q3,ap
030610,교보증권,2024-Q1,op_income
030610,교보증권,2024-Q3,ar
030610,교보증권,2025-Q2,cogs
030610,교보증권,2024-Q2,inventory
030610,교보증권,2024-Q3,cogs
030610,교보증권,2024-Q4,inventory
030610,교보증권,2025-Q1,current_liab
030610,교보증권,2023-Q3,op_income
030610,교보증권,2024-Q1,current_assets
030610,교보증권,2025-Q1,op_income
030610,교보증권,2023-Q3,current_assets
030610,교보증권,2024-Q4,current_liab
030610,교보증권,2024-Q1,ar
030610,교보증권,2024-Q1,cogs
017040,광명전기,2021-Q4,capex
017040,광명전기,2020-Q1,capex
017040,광명전기,2022-Q3,capex
017040,광명전기,2024-Q1,capex
017040,광명전기,2023-Q1,capex
017040,광명전기,2022-Q1,capex
017040,광명전기,2020-Q3,capex
017040,광명전기,2020-Q4,capex
017040,광명전기,2020-Q2,capex
017040,광명전기,2023-Q2,capex
017040,광명전기,2023-Q3,capex
017040,광명전기,2022-Q4,capex
017040,광명전기,2023-Q4,capex
017040,광명전기,2021-Q2,capex
017040,광명전기,2021-Q3,capex
017040,광명전기,2021-Q1,capex
017040,광명전기,2022-Q2,capex
083420,그린케미칼,2020-Q1,total_assets
083420,그린케미칼,2020-Q2,total_assets
007690,국도화학,2022-Q3,capex
007690,국도화학,2023-Q1,capex
007690,국도화학,2024-Q2,capex
007690,국도화학,2024-Q4,capex
007690,국도화학,2022-Q4,capex
007690,국도화학,2021-Q2,capex
007690,국도화학,2021-Q3,capex
007690,국도화학,2020-Q1,capex
007690,국도화학,2021-Q1,capex
007690,국도화학,2020-Q3,capex
007690,국도화학,2023-Q4,capex
007690,국도화학,2021-Q4,capex
007690,국도화학,2020-Q4,capex
007690,국도화학,2024-Q3,capex
007690,국도화학,2024-Q1,capex
007690,국도화학,2022-Q1,capex
007690,국도화학,2020-Q2,capex
007690,국도화학,2023-Q2,capex
007690,국도화학,2023-Q3,capex
007690,국도화학,2022-Q2,capex
014530,극동유화,2024-Q3,ap
014530,극동유화,2020-Q2,ap
014530,극동유화,2023-Q2,ap
014530,극동유화,2024-Q1,ap
014530,극동유화,2023-Q3,ap
014530,극동유화,2022-Q1,ap
014530,극동유화,2025-Q1,ap
014530,극동유화,2023-Q1,ap
014530,극동유화,2022-Q2,ap
014530,극동유화,2024-Q2,ap
014530,극동유화,2022-Q3,ap
014530,극동유화,2024-Q4,ap
014530,극동유화,2022-Q4,ap
014530,극동유화,2021-Q1,ap
014530,극동유화,2021-Q2,ap
014530,극동유화,2021-Q3,ap
014530,극동유화,2020-Q1,ap
014530,극동유화,2020-Q3,ap
014530,극동유화,2025-Q3,ap
014530,극동유화,2023-Q4,ap
014530,극동유화,2021-Q4,ap
014530,극동유화,2020-Q4,ap
014530,극동유화,2025-Q2,ap
002990,금호건설,2022-Q2,capex
002990,금호건설,2022-Q1,capex
001570,금양,2025-Q3,ap
001570,금양,2025-Q2,ap
024110,기업은행,2025-Q1,current_assets
024110,기업은행,2023-Q3,cogs
024110,기업은행,2024-Q3,ap
024110,기업은행,2023-Q3,ar
024110,기업은행,2024-Q2,capex
024110,기업은행,2024-Q4,capex
024110,기업은행,2025-Q2,revenue
024110,기업은행,2025-Q1,ar
024110,기업은행,2024-Q3,revenue
024110,기업은행,2025-Q1,cogs
024110,기업은행,2024-Q2,current_assets
024110,기업은행,2024-Q4,current_assets
024110,기업은행,2023-Q4,inventory
024110,기업은행,2025-Q3,inventory
024110,기업은행,2024-Q1,ap
024110,기업은행,2023-Q3,ap
024110,기업은행,2024-Q4,cogs
024110,기업은행,2024-Q2,ar
024110,기업은행,2024-Q4,ar
024110,기업은행,2024-Q1,revenue
024110,기업은행,2025-Q3,current_liab
024110,기업은행,2023-Q4,current_liab
024110,기업은행,2023-Q3,revenue
024110,기업은행,2024-Q2,cogs
024110,기업은행,2025-Q1,ap
024110,기업은행,2025-Q3,capex
024110,기업은행,2023-Q4,capex
024110,기업은행,2025-Q1,revenue
024110,기업은행,2025-Q2,inventory
024110,기업은행,2024-Q2,ap
024110,기업은행,2024-Q4,ap
024110,기업은행,2024-Q3,inventory
024110,기업은행,2025-Q3,current_assets
024110,기업은행,2023-Q4,current_assets
024110,기업은행,2024-Q2,revenue
024110,기업은행,2024-Q4,revenue
024110,기업은행,2025-Q2,current_liab
024110,기업은행,2025-Q2,ap
024110,기업은행,2025-Q3,cogs
024110,기업은행,2024-Q3,current_liab
024110,기업은행,2023-Q4,cogs
024110,기업은행,2025-Q3,ar
024110,기업은행,2025-Q2,capex
024110,기업은행,2023-Q4,ar
024110,기업은행,2024-Q1,inventory
024110,기업은행,2024-Q3,capex
024110,기업은행,2023-Q3,inventory
024110,기업은행,2024-Q1,current_liab
024110,기업은행,2024-Q2,current_liab
024110,기업은행,2023-Q3,current_liab
024110,기업은행,2025-Q1,inventory
024110,기업은행,2025-Q2,current_assets
024110,기업은행,2023-Q4,ap
024110,기업은행,2024-Q3,current_assets
024110,기업은행,2024-Q1,capex
024110,기업은행,2025-Q2,ar
024110,기업은행,2025-Q3,ap
024110,기업은행,2025-Q2,cogs
024110,기업은행,2024-Q3,ar
024110,기업은행,2025-Q3,revenue
024110,기업은행,2023-Q4,revenue
024110,기업은행,2024-Q2,inventory
024110,기업은행,2023-Q3,capex
024110,기업은행,2024-Q3,cogs
024110,기업은행,2024-Q4,inventory
024110,기업은행,2025-Q1,current_liab
024110,기업은행,2025-Q1,capex
024110,기업은행,2024-Q1,current_assets
024110,기업은행,2023-Q3,current_assets
024110,기업은행,2024-Q4,current_liab
024110,기업은행,2024-Q1,ar
024110,기업은행,2024-Q1,cogs
011780,금호석유화학,2023-Q3,ap
011780,금호석유화학,2022-Q3,ap
011780,금호석유화학,2021-Q1,ap
011780,금호석유화학,2021-Q2,ap
011780,금호석유화학,2021-Q3,ap
011780,금호석유화학,2020-Q1,ap
011780,금호석유화학,2023-Q1,ap
011780,금호석유화학,2022-Q2,ap
011780,금호석유화학,2020-Q3,ap
011780,금호석유화학,2020-Q2,ap
011780,금호석유화학,2021-Q4,ap
011780,금호석유화학,2023-Q2,ap
011780,금호석유화학,2022-Q1,ap
011780,금호석유화학,2020-Q4,ap
011780,금호석유화학,2022-Q4,ap
073240,금호타이어,2021-Q1,interest_expense
073240,금호타이어,2021-Q2,interest_expense
073240,금호타이어,2021-Q3,interest_expense
073240,금호타이어,2020-Q1,interest_expense
073240,금호타이어,2020-Q3,interest_expense
073240,금호타이어,2024-Q1,ap
073240,금호타이어,2021-Q4,interest_expense
073240,금호타이어,2020-Q4,interest_expense
073240,금호타이어,2024-Q2,ap
073240,금호타이어,2023-Q4,ar
073240,금호타이어,2020-Q2,interest_expense
073240,금호타이어,2022-Q1,interest_expense
073240,금호타이어,2023-Q3,interest_expense
073240,금호타이어,2023-Q2,interest_expense
073240,금호타이어,2023-Q4,ap
073240,금호타이어,2023-Q1,interest_expense
073240,금호타이어,2022-Q2,interest_expense
073240,금호타이어,2022-Q3,interest_expense
073240,금호타이어,2022-Q4,interest_expense
001260,남광토건,2021-Q3,inventory
001260,남광토건,2022-Q3,inventory
001260,남광토건,2023-Q1,inventory
001260,남광토건,2022-Q2,inventory
001260,남광토건,2021-Q4,inventory
001260,남광토건,2023-Q2,inventory
001260,남광토건,2024-Q2,inventory
001260,남광토건,2024-Q1,inventory
001260,남광토건,2024-Q4,inventory
001260,남광토건,2022-Q1,inventory
001260,남광토건,2023-Q3,inventory
001260,남광토건,2022-Q4,inventory
001260,남광토건,2025-Q2,inventory
001260,남광토건,2025-Q3,inventory
001260,남광토건,2023-Q4,inventory
001260,남광토건,2024-Q3,inventory
001260,남광토건,2021-Q1,capex
001260,남광토건,2025-Q1,inventory
013700,까뮤이앤씨,2022-Q3,capex
013700,까뮤이앤씨,2023-Q1,capex
013700,까뮤이앤씨,2024-Q2,capex
013700,까뮤이앤씨,2024-Q4,capex
013700,까뮤이앤씨,2022-Q4,capex
013700,까뮤이앤씨,2021-Q2,capex
013700,까뮤이앤씨,2021-Q3,capex
013700,까뮤이앤씨,2020-Q1,capex
013700,까뮤이앤씨,2021-Q1,capex
013700,까뮤이앤씨,2020-Q3,capex
013700,까뮤이앤씨,2025-Q3,capex
013700,까뮤이앤씨,2021-Q4,capex
013700,까뮤이앤씨,2020-Q4,capex
013700,까뮤이앤씨,2025-Q2,capex
013700,까뮤이앤씨,2024-Q3,capex
013700,까뮤이앤씨,2022-Q1,capex
013700,까뮤이앤씨,2020-Q2,capex
013700,까뮤이앤씨,2023-Q2,capex
013700,까뮤이앤씨,2023-Q3,capex
013700,까뮤이앤씨,2025-Q1,capex
013700,까뮤이앤씨,2022-Q2,capex
004540,깨끗한나라,2021-Q4,capex
004540,깨끗한나라,2022-Q3,capex
004540,깨끗한나라,2022-Q1,capex
004540,깨끗한나라,2022-Q4,capex
004540,깨끗한나라,2021-Q2,capex
004540,깨끗한나라,2021-Q3,capex
004540,깨끗한나라,2021-Q1,capex
004540,깨끗한나라,2022-Q2,capex
003920,남양유업,2025-Q1,ap
003920,남양유업,2025-Q2,ap
003920,남양유업,2025-Q3,ap
003920,남양유업,2024-Q4,ap
092790,넥스틸,2024-Q3,ap
092790,넥스틸,2023-Q3,ar
092790,넥스틸,2024-Q2,capex
092790,넥스틸,2024-Q4,capex
092790,넥스틸,2024-Q1,ap
092790,넥스틸,2023-Q3,ap
092790,넥스틸,2024-Q2,ar
092790,넥스틸,2025-Q3,capex
092790,넥스틸,2023-Q4,capex
092790,넥스틸,2024-Q2,ap
092790,넥스틸,2025-Q2,capex
092790,넥스틸,2023-Q4,ar
092790,넥스틸,2024-Q3,capex
092790,넥스틸,2023-Q4,ap
092790,넥스틸,2024-Q1,capex
092790,넥스틸,2024-Q3,ar
092790,넥스틸,2023-Q3,capex
092790,넥스틸,2025-Q1,capex
092790,넥스틸,2024-Q1,ar
002350,넥센타이어,2023-Q4,ap
002350,넥센타이어,2024-Q3,ap
002350,넥센타이어,2025-Q1,ap
002350,넥센타이어,2025-Q3,ap
002350,넥센타이어,2024-Q2,ap
002350,넥센타이어,2024-Q4,ap
002350,넥센타이어,2024-Q1,ap
002350,넥센타이어,2025-Q2,ap
025860,남해화학,2024-Q1,ap
025860,남해화학,2024-Q3,ap
025860,남해화학,2024-Q2,ap
030210,다올투자증권,2025-Q1,current_assets
030210,다올투자증권,2023-Q3,cogs
030210,다올투자증권,2024-Q3,ap
030210,다올투자증권,2023-Q3,ar
030210,다올투자증권,2024-Q2,op_income
030210,다올투자증권,2025-Q1,ar
030210,다올투자증권,2025-Q1,cogs
030210,다올투자증권,2024-Q2,current_assets
030210,다올투자증권,2024-Q4,current_assets
030210,다올투자증권,2023-Q4,inventory
030210,다올투자증권,2025-Q3,inventory
030210,다올투자증권,2024-Q1,ap
030210,다올투자증권,2023-Q3,ap
030210,다올투자증권,2024-Q4,cogs
030210,다올투자증권,2024-Q2,ar
030210,다올투자증권,2024-Q4,ar
030210,다올투자증권,2025-Q3,current_liab
030210,다올투자증권,2023-Q4,current_liab
030210,다올투자증권,2024-Q2,cogs
030210,다올투자증권,2025-Q1,ap
030210,다올투자증권,2025-Q3,op_income
030210,다올투자증권,2025-Q2,inventory
030210,다올투자증권,2024-Q2,ap
030210,다올투자증권,2024-Q4,ap
030210,다올투자증권,2024-Q3,inventory
030210,다올투자증권,2025-Q3,current_assets
030210,다올투자증권,2023-Q4,current_assets
030210,다올투자증권,2025-Q2,ap
030210,다올투자증권,2025-Q2,current_liab
030210,다올투자증권,2025-Q3,cogs
030210,다올투자증권,2024-Q3,current_liab
030210,다올투자증권,2023-Q4,cogs
030210,다올투자증권,2025-Q3,ar
030210,다올투자증권,2023-Q4,ar
030210,다올투자증권,2024-Q1,inventory
030210,다올투자증권,2025-Q2,op_income
030210,다올투자증권,2023-Q3,inventory
030210,다올투자증권,2024-Q3,op_income
030210,다올투자증권,2024-Q1,current_liab
030210,다올투자증권,2024-Q2,current_liab
030210,다올투자증권,2023-Q3,current_liab
030210,다올투자증권,2025-Q1,inventory
030210,다올투자증권,2025-Q2,current_assets
030210,다올투자증권,2023-Q4,ap
030210,다올투자증권,2024-Q3,current_assets
030210,다올투자증권,2025-Q2,ar
030210,다올투자증권,2025-Q3,ap
030210,다올투자증권,2024-Q1,op_income
030210,다올투자증권,2024-Q3,ar
030210,다올투자증권,2025-Q2,cogs
030210,다올투자증권,2024-Q2,inventory
030210,다올투자증권,2024-Q3,cogs
030210,다올투자증권,2024-Q4,inventory
030210,다올투자증권,2025-Q1,current_liab
030210,다올투자증권,2023-Q3,op_income
030210,다올투자증권,2024-Q1,current_assets
030210,다올투자증권,2025-Q1,op_income
030210,다올투자증권,2023-Q3,current_assets
030210,다올투자증권,2024-Q4,current_liab
030210,다올투자증권,2024-Q1,ar
030210,다올투자증권,2024-Q1,cogs
251270,넷마블,2022-Q1,cogs
251270,넷마블,2023-Q3,cogs
251270,넷마블,2023-Q2,cogs
251270,넷마블,2025-Q1,cogs
251270,넷마블,2023-Q1,cogs
251270,넷마블,2022-Q2,cogs
251270,넷마블,2022-Q3,cogs
251270,넷마블,2024-Q4,cogs
251270,넷마블,2024-Q2,cogs
251270,넷마블,2022-Q4,cogs
251270,넷마블,2021-Q1,cogs
251270,넷마블,2021-Q2,cogs
251270,넷마블,2021-Q3,cogs
251270,넷마블,2020-Q1,cogs
251270,넷마블,2020-Q3,cogs
251270,넷마블,2025-Q3,cogs
251270,넷마블,2023-Q4,cogs
251270,넷마블,2021-Q4,cogs
251270,넷마블,2020-Q4,cogs
251270,넷마블,2025-Q2,cogs
251270,넷마블,2024-Q3,cogs
251270,넷마블,2020-Q2,cogs
251270,넷마블,2024-Q1,cogs
090350,노루페인트,2024-Q3,ap
090350,노루페인트,2020-Q2,ap
090350,노루페인트,2023-Q2,ap
090350,노루페인트,2024-Q1,ap
090350,노루페인트,2023-Q3,ap
090350,노루페인트,2022-Q1,ap
090350,노루페인트,2023-Q1,ap
090350,노루페인트,2022-Q2,ap
090350,노루페인트,2024-Q2,ap
090350,노루페인트,2022-Q3,ap
090350,노루페인트,2022-Q4,ap
090350,노루페인트,2021-Q1,ap
090350,노루페인트,2021-Q2,ap
090350,노루페인트,2021-Q3,ap
090350,노루페인트,2020-Q1,ap
090350,노루페인트,2020-Q3,ap
090350,노루페인트,2023-Q4,ap
090350,노루페인트,2021-Q4,ap
090350,노루페인트,2020-Q4,ap
005250,녹십자홀딩스,2025-Q3,ar
005250,녹십자홀딩스,2025-Q2,ar
005250,녹십자홀딩스,2025-Q1,ar
058730,다스코,2021-Q1,interest_expense
058730,다스코,2021-Q3,interest_expense
058730,다스코,2020-Q1,interest_expense
058730,다스코,2023-Q1,interest_expense
058730,다스코,2020-Q2,interest_expense
058730,다스코,2020-Q3,interest_expense
058730,다스코,2021-Q4,interest_expense
058730,다스코,2022-Q3,interest_expense
058730,다스코,2022-Q1,interest_expense
058730,다스코,2023-Q3,interest_expense
058730,다스코,2020-Q4,interest_expense
058730,다스코,2022-Q4,interest_expense
006370,대구백화점,2022-Q1,cogs
006370,대구백화점,2022-Q3,capex
006370,대구백화점,2023-Q2,cogs
006370,대구백화점,2023-Q3,cogs
006370,대구백화점,2022-Q4,capex
006370,대구백화점,2025-Q1,cogs
006370,대구백화점,2023-Q1,cogs
006370,대구백화점,2022-Q2,cogs
006370,대구백화점,2021-Q2,capex
006370,대구백화점,2020-Q1,capex
006370,대구백화점,2021-Q1,capex
006370,대구백화점,2021-Q3,capex
006370,대구백화점,2022-Q3,cogs
006370,대구백화점,2023-Q2,revenue
006370,대구백화점,2024-Q4,cogs
006370,대구백화점,2024-Q2,cogs
006370,대구백화점,2022-Q4,cogs
006370,대구백화점,2023-Q3,revenue
006370,대구백화점,2020-Q3,capex
006370,대구백화점,2021-Q1,cogs
006370,대구백화점,2025-Q3,capex
006370,대구백화점,2021-Q2,cogs
006370,대구백화점,2021-Q3,cogs
006370,대구백화점,2020-Q1,cogs
006370,대구백화점,2020-Q3,cogs
006370,대구백화점,2022-Q2,revenue
006370,대구백화점,2021-Q4,capex
006370,대구백화점,2022-Q3,revenue
006370,대구백화점,2024-Q4,revenue
006370,대구백화점,2025-Q3,cogs
006370,대구백화점,2020-Q4,capex
006370,대구백화점,2022-Q4,revenue
006370,대구백화점,2023-Q4,cogs
006370,대구백화점,2025-Q2,capex
006370,대구백화점,2021-Q4,cogs
006370,대구백화점,2020-Q4,cogs
006370,대구백화점,2025-Q2,cogs
006370,대구백화점,2020-Q2,capex
006370,대구백화점,2023-Q2,capex
006370,대구백화점,2023-Q4,revenue
006370,대구백화점,2024-Q3,cogs
006370,대구백화점,2023-Q3,capex
006370,대구백화점,2025-Q1,capex
006370,대구백화점,2020-Q2,cogs
006370,대구백화점,2022-Q2,capex
006370,대구백화점,2024-Q1,cogs
000490,대동,2021-Q4,capex
000490,대동,2022-Q3,capex
000490,대동,2022-Q1,capex
000490,대동,2022-Q4,capex
000490,대동,2021-Q2,capex
000490,대동,2021-Q3,capex
000490,대동,2021-Q1,capex
000490,대동,2022-Q2,capex
008060,대덕,2020-Q3,inventory
008060,대덕,2020-Q2,cfo
008060,대덕,2022-Q1,cfo
008060,대덕,2020-Q3,op_income
008060,대덕,2022-Q2,cfo
008060,대덕,2022-Q3,cfo
008060,대덕,2020-Q1,ar
008060,대덕,2022-Q4,cfo
008060,대덕,2020-Q1,cogs
008060,대덕,2021-Q1,cfo
008060,대덕,2021-Q2,cfo
008060,대덕,2020-Q2,inventory
008060,대덕,2021-Q3,cfo
008060,대덕,2020-Q3,cfo
008060,대덕,2020-Q1,revenue
008060,대덕,2020-Q2,op_income
008060,대덕,2021-Q4,cfo
008060,대덕,2020-Q4,cfo
008060,대덕,2020-Q1,inventory
001680,대상,2021-Q1,ap
001680,대상,2021-Q2,ap
001680,대상,2021-Q3,ap
001680,대상,2023-Q1,ap
001680,대상,2022-Q2,ap
001680,대상,2021-Q4,ap
001680,대상,2023-Q2,ap
001680,대상,2022-Q3,ap
001680,대상,2022-Q1,ap
001680,대상,2022-Q4,ap
0030R0,대신밸류리츠,2025-Q4,inventory
0030R0,대신밸류리츠,2025-Q4,cogs
0030R0,대신밸류리츠,2025-Q4,ap
0030R0,대신밸류리츠,2025-Q4,capex
003540,대신증권,2025-Q1,current_assets
003540,대신증권,2023-Q3,cogs
003540,대신증권,2024-Q3,ap
003540,대신증권,2023-Q3,ar
003540,대신증권,2024-Q2,op_income
003540,대신증권,2025-Q1,ar
003540,대신증권,2025-Q1,cogs
003540,대신증권,2024-Q2,current_assets
003540,대신증권,2024-Q4,current_assets
003540,대신증권,2024-Q1,ap
003540,대신증권,2023-Q3,ap
003540,대신증권,2024-Q4,cogs
003540,대신증권,2024-Q2,ar
003540,대신증권,2024-Q4,ar
003540,대신증권,2025-Q3,current_liab
003540,대신증권,2023-Q4,current_liab
003540,대신증권,2024-Q2,cogs
003540,대신증권,2025-Q1,ap
003540,대신증권,2024-Q2,ap
003540,대신증권,2024-Q4,ap
003540,대신증권,2025-Q3,current_assets
003540,대신증권,2023-Q4,current_assets
003540,대신증권,2025-Q2,ap
003540,대신증권,2025-Q2,current_liab
003540,대신증권,2025-Q3,cogs
003540,대신증권,2024-Q3,current_liab
003540,대신증권,2023-Q4,cogs
003540,대신증권,2025-Q3,ar
003540,대신증권,2023-Q4,ar
003540,대신증권,2024-Q1,current_liab
003540,대신증권,2024-Q2,current_liab
003540,대신증권,2023-Q3,current_liab
003540,대신증권,2025-Q2,current_assets
003540,대신증권,2025-Q3,ap
003540,대신증권,2023-Q4,ap
003540,대신증권,2024-Q3,current_assets
003540,대신증권,2025-Q2,ar
003540,대신증권,2025-Q2,cogs
003540,대신증권,2024-Q3,ar
003540,대신증권,2024-Q3,cogs
003540,대신증권,2025-Q1,current_liab
003540,대신증권,2024-Q1,current_assets
003540,대신증권,2025-Q1,op_income
003540,대신증권,2023-Q3,current_assets
003540,대신증권,2024-Q4,current_liab
003540,대신증권,2024-Q1,ar
003540,대신증권,2024-Q1,cogs
003090,대웅,2022-Q1,cogs
003090,대웅,2023-Q3,cogs
003090,대웅,2023-Q2,cogs
003090,대웅,2024-Q3,revenue
003090,대웅,2025-Q1,cogs
003090,대웅,2023-Q1,cogs
003090,대웅,2022-Q2,cogs
003090,대웅,2022-Q3,cogs
003090,대웅,2024-Q4,cogs
003090,대웅,2023-Q2,revenue
003090,대웅,2024-Q1,revenue
003090,대웅,2024-Q2,cogs
003090,대웅,2022-Q1,revenue
003090,대웅,2022-Q4,cogs
003090,대웅,2023-Q3,revenue
003090,대웅,2021-Q1,cogs
003090,대웅,2021-Q2,cogs
003090,대웅,2021-Q3,cogs
003090,대웅,2024-Q1,cogs
003090,대웅,2023-Q1,revenue
003090,대웅,2022-Q2,revenue
003090,대웅,2024-Q2,revenue
003090,대웅,2022-Q3,revenue
003090,대웅,2025-Q3,cogs
003090,대웅,2022-Q4,revenue
003090,대웅,2023-Q4,cogs
003090,대웅,2021-Q1,revenue
003090,대웅,2021-Q2,revenue
003090,대웅,2021-Q3,revenue
003090,대웅,2021-Q4,cogs
003090,대웅,2025-Q2,cogs
003090,대웅,2023-Q4,revenue
003090,대웅,2024-Q3,cogs
003090,대웅,2021-Q4,revenue
000430,대원강업,2025-Q1,ap
000430,대원강업,2025-Q2,ap
000430,대원강업,2025-Q3,ap
000430,대원강업,2024-Q4,ap
047040,대우건설,2023-Q3,ap
069620,대웅제약,2021-Q1,interest_expense
069620,대웅제약,2021-Q2,interest_expense
069620,대웅제약,2021-Q3,interest_expense
069620,대웅제약,2020-Q1,interest_expense
069620,대웅제약,2020-Q3,interest_expense
069620,대웅제약,2023-Q4,interest_expense
069620,대웅제약,2021-Q4,interest_expense
069620,대웅제약,2020-Q4,interest_expense
069620,대웅제약,2024-Q3,interest_expense
069620,대웅제약,2020-Q2,interest_expense
069620,대웅제약,2024-Q1,interest_expense
069620,대웅제약,2022-Q1,interest_expense
069620,대웅제약,2023-Q3,interest_expense
069620,대웅제약,2023-Q2,interest_expense
069620,대웅제약,2023-Q1,interest_expense
069620,대웅제약,2022-Q2,interest_expense
069620,대웅제약,2022-Q3,interest_expense
069620,대웅제약,2024-Q2,interest_expense
069620,대웅제약,2022-Q4,interest_expense
001440,대한전선,2025-Q1,ap
001440,대한전선,2025-Q2,ap
001440,대한전선,2025-Q3,ap
001440,대한전선,2024-Q4,ap
003490,대한항공,2021-Q4,capex
003490,대한항공,2022-Q3,capex
003490,대한항공,2022-Q1,capex
003490,대한항공,2022-Q4,capex
003490,대한항공,2023-Q4,capex
003490,대한항공,2021-Q2,capex
003490,대한항공,2021-Q3,capex
003490,대한항공,2021-Q1,capex
003490,대한항공,2022-Q2,capex
069460,대호에이엘,2022-Q3,capex
069460,대호에이엘,2023-Q1,capex
069460,대호에이엘,2024-Q2,capex
069460,대호에이엘,2024-Q4,capex
069460,대호에이엘,2022-Q4,capex
069460,대호에이엘,2021-Q2,capex
069460,대호에이엘,2021-Q3,capex
069460,대호에이엘,2020-Q1,capex
069460,대호에이엘,2021-Q1,capex
069460,대호에이엘,2020-Q3,capex
069460,대호에이엘,2025-Q3,capex
069460,대호에이엘,2023-Q4,capex
069460,대호에이엘,2021-Q4,capex
069460,대호에이엘,2020-Q4,capex
069460,대호에이엘,2025-Q2,capex
069460,대호에이엘,2024-Q3,capex
069460,대호에이엘,2024-Q1,capex
069460,대호에이엘,2022-Q1,capex
069460,대호에이엘,2020-Q2,capex
069460,대호에이엘,2023-Q2,capex
069460,대호에이엘,2023-Q3,capex
069460,대호에이엘,2025-Q1,capex
069460,대호에이엘,2022-Q2,capex
192080,더블유게임즈,2022-Q1,cogs
192080,더블유게임즈,2023-Q3,cogs
192080,더블유게임즈,2021-Q2,inventory
192080,더블유게임즈,2021-Q3,inventory
192080,더블유게임즈,2023-Q2,cogs
192080,더블유게임즈,2020-Q4,revenue
192080,더블유게임즈,2020-Q3,inventory
192080,더블유게임즈,2025-Q1,cogs
192080,더블유게임즈,2025-Q3,inventory
192080,더블유게임즈,2023-Q4,inventory
192080,더블유게임즈,2023-Q1,cogs
192080,더블유게임즈,2022-Q2,cogs
192080,더블유게임즈,2022-Q3,cogs
192080,더블유게임즈,2020-Q2,revenue
192080,더블유게임즈,2023-Q2,revenue
192080,더블유게임즈,2024-Q4,cogs
192080,더블유게임즈,2024-Q2,cogs
192080,더블유게임즈,2022-Q1,revenue
192080,더블유게임즈,2022-Q4,cogs
192080,더블유게임즈,2023-Q3,revenue
192080,더블유게임즈,2021-Q4,inventory
192080,더블유게임즈,2021-Q1,inventory
192080,더블유게임즈,2021-Q1,cogs
192080,더블유게임즈,2020-Q4,inventory
192080,더블유게임즈,2025-Q2,inventory
192080,더블유게임즈,2021-Q2,cogs
192080,더블유게임즈,2021-Q3,cogs
192080,더블유게임즈,2020-Q1,cogs
192080,더블유게임즈,2024-Q1,cogs
192080,더블유게임즈,2020-Q3,cogs
192080,더블유게임즈,2022-Q2,revenue
192080,더블유게임즈,2023-Q1,revenue
192080,더블유게임즈,2022-Q3,revenue
192080,더블유게임즈,2025-Q3,cogs
192080,더블유게임즈,2022-Q4,revenue
192080,더블유게임즈,2023-Q4,cogs
192080,더블유게임즈,2020-Q2,inventory
192080,더블유게임즈,2023-Q2,inventory
192080,더블유게임즈,2024-Q1,inventory
192080,더블유게임즈,2022-Q1,inventory
192080,더블유게임즈,2023-Q3,inventory
192080,더블유게임즈,2021-Q1,revenue
192080,더블유게임즈,2021-Q2,revenue
192080,더블유게임즈,2021-Q3,revenue
192080,더블유게임즈,2020-Q1,revenue
192080,더블유게임즈,2021-Q4,cogs
192080,더블유게임즈,2020-Q3,revenue
192080,더블유게임즈,2025-Q1,inventory
192080,더블유게임즈,2020-Q4,cogs
192080,더블유게임즈,2022-Q3,inventory
192080,더블유게임즈,2025-Q2,cogs
192080,더블유게임즈,2023-Q1,inventory
192080,더블유게임즈,2022-Q2,inventory
192080,더블유게임즈,2021-Q4,revenue
192080,더블유게임즈,2024-Q2,inventory
192080,더블유게임즈,2024-Q3,cogs
192080,더블유게임즈,2024-Q4,inventory
192080,더블유게임즈,2022-Q4,inventory
192080,더블유게임즈,2020-Q2,cogs
192080,더블유게임즈,2020-Q1,inventory
002150,도화엔지니어링,2022-Q1,cogs
002150,도화엔지니어링,2023-Q3,cogs
002150,도화엔지니어링,2021-Q2,inventory
002150,도화엔지니어링,2021-Q3,inventory
002150,도화엔지니어링,2023-Q2,cogs
002150,도화엔지니어링,2025-Q1,cogs
002150,도화엔지니어링,2025-Q3,inventory
002150,도화엔지니어링,2023-Q4,inventory
002150,도화엔지니어링,2023-Q1,cogs
002150,도화엔지니어링,2022-Q2,cogs
002150,도화엔지니어링,2022-Q3,cogs
002150,도화엔지니어링,2024-Q4,cogs
002150,도화엔지니어링,2024-Q2,cogs
002150,도화엔지니어링,2022-Q4,cogs
002150,도화엔지니어링,2021-Q4,inventory
002150,도화엔지니어링,2021-Q1,cogs
002150,도화엔지니어링,2025-Q2,inventory
002150,도화엔지니어링,2021-Q2,cogs
002150,도화엔지니어링,2021-Q3,cogs
002150,도화엔지니어링,2024-Q3,inventory
002150,도화엔지니어링,2024-Q1,cogs
002150,도화엔지니어링,2025-Q3,cogs
002150,도화엔지니어링,2023-Q4,cogs
002150,도화엔지니어링,2025-Q3,ar
002150,도화엔지니어링,2023-Q2,inventory
002150,도화엔지니어링,2024-Q1,inventory
002150,도화엔지니어링,2022-Q1,inventory
002150,도화엔지니어링,2023-Q3,inventory
002150,도화엔지니어링,2021-Q4,cogs
002150,도화엔지니어링,2025-Q1,inventory
002150,도화엔지니어링,2025-Q2,ar
002150,도화엔지니어링,2022-Q3,inventory
002150,도화엔지니어링,2025-Q2,cogs
002150,도화엔지니어링,2023-Q1,inventory
002150,도화엔지니어링,2022-Q2,inventory
002150,도화엔지니어링,2024-Q2,inventory
002150,도화엔지니어링,2024-Q3,cogs
002150,도화엔지니어링,2024-Q4,inventory
002150,도화엔지니어링,2022-Q4,inventory
002150,도화엔지니어링,2021-Q1,inventory
145720,덴티움,2024-Q3,ap
145720,덴티움,2020-Q2,ap
145720,덴티움,2023-Q2,ap
145720,덴티움,2024-Q1,ap
145720,덴티움,2023-Q3,ap
145720,덴티움,2022-Q1,ap
145720,덴티움,2023-Q1,ap
145720,덴티움,2022-Q2,ap
145720,덴티움,2024-Q2,ap
145720,덴티움,2022-Q3,ap
145720,덴티움,2022-Q4,ap
145720,덴티움,2021-Q1,ap
145720,덴티움,2021-Q2,ap
145720,덴티움,2021-Q3,ap
145720,덴티움,2020-Q1,ap
145720,덴티움,2020-Q3,ap
145720,덴티움,2023-Q4,ap
145720,덴티움,2021-Q4,ap
145720,덴티움,2020-Q4,ap
007590,동방아그로,2022-Q3,capex
007590,동방아그로,2023-Q1,capex
007590,동방아그로,2024-Q2,capex
007590,동방아그로,2024-Q4,capex
007590,동방아그로,2022-Q4,capex
007590,동방아그로,2021-Q2,capex
007590,동방아그로,2021-Q3,capex
007590,동방아그로,2020-Q1,capex
007590,동방아그로,2021-Q1,capex
007590,동방아그로,2020-Q3,capex
007590,동방아그로,2025-Q3,capex
007590,동방아그로,2023-Q4,capex
007590,동방아그로,2021-Q4,capex
007590,동방아그로,2020-Q4,capex
007590,동방아그로,2025-Q2,capex
007590,동방아그로,2024-Q3,capex
007590,동방아그로,2024-Q1,capex
007590,동방아그로,2022-Q1,capex
007590,동방아그로,2020-Q2,capex
007590,동방아그로,2023-Q2,capex
007590,동방아그로,2023-Q3,capex
007590,동방아그로,2025-Q1,capex
007590,동방아그로,2022-Q2,capex
002210,동성제약,2022-Q3,capex
002210,동성제약,2023-Q1,capex
002210,동성제약,2024-Q2,capex
002210,동성제약,2024-Q4,capex
002210,동성제약,2022-Q4,capex
002210,동성제약,2021-Q2,capex
002210,동성제약,2021-Q3,capex
002210,동성제약,2021-Q1,capex
002210,동성제약,2025-Q3,capex
002210,동성제약,2023-Q4,capex
002210,동성제약,2021-Q4,capex
002210,동성제약,2025-Q2,capex
002210,동성제약,2024-Q3,capex
002210,동성제약,2024-Q1,capex
002210,동성제약,2022-Q1,capex
002210,동성제약,2023-Q2,capex
002210,동성제약,2023-Q3,capex
002210,동성제약,2025-Q1,capex
002210,동성제약,2022-Q2,capex
082640,동양생명,2025-Q1,current_assets
082640,동양생명,2023-Q3,cogs
082640,동양생명,2024-Q3,ap
082640,동양생명,2023-Q3,ar
082640,동양생명,2024-Q4,op_income
082640,동양생명,2025-Q2,revenue
082640,동양생명,2024-Q2,op_income
082640,동양생명,2025-Q1,ar
082640,동양생명,2024-Q3,revenue
082640,동양생명,2025-Q1,cogs
082640,동양생명,2024-Q2,current_assets
082640,동양생명,2024-Q4,current_assets
082640,동양생명,2023-Q4,inventory
082640,동양생명,2025-Q3,inventory
082640,동양생명,2024-Q1,ap
082640,동양생명,2025-Q3,interest_expense
082640,동양생명,2023-Q3,ap
082640,동양생명,2024-Q4,cogs
082640,동양생명,2024-Q2,ar
082640,동양생명,2023-Q4,interest_expense
082640,동양생명,2024-Q1,revenue
082640,동양생명,2024-Q4,ar
082640,동양생명,2023-Q4,current_liab
082640,동양생명,2023-Q3,revenue
082640,동양생명,2024-Q2,cogs
082640,동양생명,2025-Q3,current_liab
082640,동양생명,2025-Q1,ap
082640,동양생명,2025-Q1,revenue
082640,동양생명,2025-Q2,inventory
082640,동양생명,2023-Q4,op_income
082640,동양생명,2024-Q2,ap
082640,동양생명,2024-Q4,ap
082640,동양생명,2024-Q3,inventory
082640,동양생명,2025-Q2,interest_expense
082640,동양생명,2025-Q3,current_assets
082640,동양생명,2023-Q4,current_assets
082640,동양생명,2024-Q2,revenue
082640,동양생명,2024-Q4,revenue
082640,동양생명,2025-Q2,current_liab
082640,동양생명,2025-Q2,ap
082640,동양생명,2025-Q3,cogs
082640,동양생명,2024-Q3,current_liab
082640,동양생명,2023-Q4,cogs
082640,동양생명,2025-Q3,ar
082640,동양생명,2023-Q4,ar
082640,동양생명,2024-Q1,inventory
082640,동양생명,2023-Q3,inventory
082640,동양생명,2024-Q1,interest_expense
082640,동양생명,2024-Q3,op_income
082640,동양생명,2023-Q3,interest_expense
082640,동양생명,2024-Q1,current_liab
082640,동양생명,2024-Q2,current_liab
082640,동양생명,2023-Q3,current_liab
082640,동양생명,2025-Q1,inventory
082640,동양생명,2025-Q2,current_assets
082640,동양생명,2023-Q4,ap
082640,동양생명,2024-Q3,current_assets
082640,동양생명,2025-Q2,ar
082640,동양생명,2025-Q3,ap
082640,동양생명,2024-Q1,op_income
082640,동양생명,2024-Q3,ar
082640,동양생명,2025-Q2,cogs
082640,동양생명,2025-Q3,revenue
082640,동양생명,2023-Q4,revenue
082640,동양생명,2024-Q2,inventory
082640,동양생명,2024-Q3,cogs
082640,동양생명,2024-Q4,inventory
082640,동양생명,2025-Q1,current_liab
082640,동양생명,2023-Q3,op_income
082640,동양생명,2024-Q1,current_assets
082640,동양생명,2025-Q1,op_income
082640,동양생명,2023-Q3,current_assets
082640,동양생명,2024-Q4,current_liab
082640,동양생명,2024-Q1,ar
082640,동양생명,2024-Q1,cogs
170900,동아에스티,2023-Q4,ap
170900,동아에스티,2024-Q3,ap
170900,동아에스티,2021-Q1,ap
170900,동아에스티,2024-Q1,ap
170900,동아에스티,2021-Q2,ap
170900,동아에스티,2021-Q3,ap
170900,동아에스티,2023-Q1,ap
170900,동아에스티,2022-Q2,ap
170900,동아에스티,2021-Q4,ap
170900,동아에스티,2020-Q3,ap
170900,동아에스티,2022-Q3,ap
170900,동아에스티,2023-Q2,ap
170900,동아에스티,2024-Q2,ap
170900,동아에스티,2022-Q1,ap
170900,동아에스티,2023-Q3,ap
170900,동아에스티,2022-Q4,ap
084670,동양고속,2020-Q1,capex
084670,동양고속,2022-Q3,capex
084670,동양고속,2022-Q1,capex
084670,동양고속,2020-Q3,capex
084670,동양고속,2020-Q4,capex
084670,동양고속,2020-Q2,capex
084670,동양고속,2021-Q2,capex
084670,동양고속,2021-Q3,capex
084670,동양고속,2021-Q1,capex
084670,동양고속,2022-Q2,capex
006040,동원산업,2022-Q4,interest_expense
002690,동일제강,2022-Q3,capex
002690,동일제강,2023-Q1,capex
002690,동일제강,2024-Q2,capex
002690,동일제강,2024-Q4,capex
002690,동일제강,2022-Q4,capex
002690,동일제강,2021-Q2,capex
002690,동일제강,2021-Q3,capex
002690,동일제강,2021-Q1,capex
002690,동일제강,2025-Q3,capex
002690,동일제강,2023-Q4,capex
002690,동일제강,2021-Q4,capex
002690,동일제강,2025-Q2,capex
002690,동일제강,2024-Q3,capex
002690,동일제강,2024-Q1,capex
002690,동일제강,2022-Q1,capex
002690,동일제강,2023-Q2,capex
002690,동일제강,2023-Q3,capex
002690,동일제강,2025-Q1,capex
002690,동일제강,2022-Q2,capex
014820,동원시스템즈,2023-Q4,interest_expense
014820,동원시스템즈,2023-Q3,interest_expense
014820,동원시스템즈,2023-Q2,interest_expense
163560,동일고무벨트,2022-Q3,capex
163560,동일고무벨트,2023-Q1,capex
163560,동일고무벨트,2024-Q2,capex
163560,동일고무벨트,2024-Q4,capex
163560,동일고무벨트,2022-Q4,capex
163560,동일고무벨트,2021-Q2,capex
163560,동일고무벨트,2021-Q3,capex
163560,동일고무벨트,2020-Q1,capex
163560,동일고무벨트,2021-Q1,capex
163560,동일고무벨트,2020-Q3,capex
163560,동일고무벨트,2025-Q3,capex
163560,동일고무벨트,2023-Q4,capex
163560,동일고무벨트,2021-Q4,capex
163560,동일고무벨트,2020-Q4,capex
163560,동일고무벨트,2025-Q2,capex
163560,동일고무벨트,2024-Q3,capex
163560,동일고무벨트,2024-Q1,capex
163560,동일고무벨트,2022-Q1,capex
163560,동일고무벨트,2020-Q2,capex
163560,동일고무벨트,2023-Q2,capex
163560,동일고무벨트,2023-Q3,capex
163560,동일고무벨트,2025-Q1,capex
163560,동일고무벨트,2022-Q2,capex
377190,디앤디플랫폼리츠,2022-Q1,cogs
377190,디앤디플랫폼리츠,2022-Q3,capex
377190,디앤디플랫폼리츠,2023-Q1,capex
377190,디앤디플랫폼리츠,2021-Q3,inventory
377190,디앤디플랫폼리츠,2023-Q3,cogs
377190,디앤디플랫폼리츠,2024-Q3,ap
377190,디앤디플랫폼리츠,2024-Q3,revenue
377190,디앤디플랫폼리츠,2025-Q1,cogs
377190,디앤디플랫폼리츠,2025-Q3,inventory
377190,디앤디플랫폼리츠,2024-Q1,ap
377190,디앤디플랫폼리츠,2023-Q1,cogs
377190,디앤디플랫폼리츠,2022-Q1,ap
377190,디앤디플랫폼리츠,2021-Q3,capex
377190,디앤디플랫폼리츠,2021-Q1,capex
377190,디앤디플랫폼리츠,2022-Q3,cogs
377190,디앤디플랫폼리츠,2023-Q3,ap
377190,디앤디플랫폼리츠,2024-Q1,revenue
377190,디앤디플랫폼리츠,2022-Q1,revenue
377190,디앤디플랫폼리츠,2023-Q3,revenue
377190,디앤디플랫폼리츠,2025-Q1,ap
377190,디앤디플랫폼리츠,2021-Q1,cogs
377190,디앤디플랫폼리츠,2023-Q1,ap
377190,디앤디플랫폼리츠,2025-Q3,capex
377190,디앤디플랫폼리츠,2025-Q1,revenue
377190,디앤디플랫폼리츠,2022-Q3,ap
377190,디앤디플랫폼리츠,2021-Q3,cogs
377190,디앤디플랫폼리츠,2024-Q3,inventory
377190,디앤디플랫폼리츠,2024-Q1,cogs
377190,디앤디플랫폼리츠,2023-Q1,revenue
377190,디앤디플랫폼리츠,2022-Q3,revenue
377190,디앤디플랫폼리츠,2025-Q3,cogs
377190,디앤디플랫폼리츠,2024-Q1,inventory
377190,디앤디플랫폼리츠,2024-Q3,capex
377190,디앤디플랫폼리츠,2021-Q3,ap
377190,디앤디플랫폼리츠,2022-Q1,inventory
377190,디앤디플랫폼리츠,2023-Q3,inventory
377190,디앤디플랫폼리츠,2021-Q1,revenue
377190,디앤디플랫폼리츠,2021-Q3,revenue
377190,디앤디플랫폼리츠,2025-Q1,inventory
377190,디앤디플랫폼리츠,2025-Q3,ap
377190,디앤디플랫폼리츠,2024-Q1,capex
377190,디앤디플랫폼리츠,2022-Q3,inventory
377190,디앤디플랫폼리츠,2022-Q1,capex
377190,디앤디플랫폼리츠,2023-Q1,inventory
377190,디앤디플랫폼리츠,2025-Q3,revenue
377190,디앤디플랫폼리츠,2024-Q3,cogs
377190,디앤디플랫폼리츠,2023-Q3,capex
377190,디앤디플랫폼리츠,2025-Q1,capex
377190,디앤디플랫폼리츠,2021-Q1,inventory
034020,두산에너빌리티,2021-Q4,ap
034020,두산에너빌리티,2022-Q4,ap
092200,디아이씨,2021-Q3,ap
092200,디아이씨,2021-Q3,interest_expense
013570,디와이,2025-Q1,ap
013570,디와이,2025-Q2,ap
013570,디와이,2025-Q3,ap
013570,디와이,2024-Q4,ap
210540,디와이파워,2025-Q1,ap
210540,디와이파워,2025-Q2,ap
210540,디와이파워,2025-Q3,ap
210540,디와이파워,2024-Q4,ap
000400,롯데손해보험,2025-Q1,current_assets
000400,롯데손해보험,2023-Q3,cogs
000400,롯데손해보험,2024-Q3,ap
000400,롯데손해보험,2023-Q3,ar
000400,롯데손해보험,2024-Q4,op_income
000400,롯데손해보험,2025-Q2,revenue
000400,롯데손해보험,2024-Q2,op_income
000400,롯데손해보험,2025-Q1,ar
000400,롯데손해보험,2024-Q3,revenue
000400,롯데손해보험,2025-Q1,cogs
000400,롯데손해보험,2024-Q2,current_assets
000400,롯데손해보험,2024-Q4,current_assets
000400,롯데손해보험,2023-Q4,inventory
000400,롯데손해보험,2025-Q3,inventory
000400,롯데손해보험,2024-Q1,ap
000400,롯데손해보험,2023-Q3,ap
000400,롯데손해보험,2024-Q4,cogs
000400,롯데손해보험,2024-Q2,ar
000400,롯데손해보험,2024-Q4,ar
000400,롯데손해보험,2024-Q1,revenue
000400,롯데손해보험,2025-Q3,current_liab
000400,롯데손해보험,2023-Q4,current_liab
000400,롯데손해보험,2023-Q3,revenue
000400,롯데손해보험,2024-Q2,cogs
000400,롯데손해보험,2025-Q1,ap
000400,롯데손해보험,2025-Q3,op_income
000400,롯데손해보험,2025-Q1,revenue
000400,롯데손해보험,2025-Q2,inventory
000400,롯데손해보험,2023-Q4,op_income
000400,롯데손해보험,2024-Q2,ap
000400,롯데손해보험,2024-Q4,ap
000400,롯데손해보험,2024-Q3,inventory
000400,롯데손해보험,2025-Q3,current_assets
000400,롯데손해보험,2023-Q4,current_assets
000400,롯데손해보험,2024-Q2,revenue
000400,롯데손해보험,2024-Q4,revenue
000400,롯데손해보험,2025-Q2,current_liab
000400,롯데손해보험,2025-Q2,ap
000400,롯데손해보험,2025-Q3,cogs
000400,롯데손해보험,2024-Q3,current_liab
000400,롯데손해보험,2023-Q4,cogs
000400,롯데손해보험,2025-Q3,ar
000400,롯데손해보험,2023-Q4,ar
000400,롯데손해보험,2024-Q1,inventory
000400,롯데손해보험,2025-Q2,op_income
000400,롯데손해보험,2023-Q3,inventory
000400,롯데손해보험,2024-Q3,op_income
000400,롯데손해보험,2024-Q1,current_liab
000400,롯데손해보험,2024-Q2,current_liab
000400,롯데손해보험,2023-Q3,current_liab
000400,롯데손해보험,2025-Q1,inventory
000400,롯데손해보험,2025-Q2,current_assets
000400,롯데손해보험,2023-Q4,ap
000400,롯데손해보험,2024-Q3,current_assets
000400,롯데손해보험,2025-Q2,ar
000400,롯데손해보험,2025-Q3,ap
000400,롯데손해보험,2024-Q1,op_income
000400,롯데손해보험,2024-Q3,ar
000400,롯데손해보험,2025-Q2,cogs
000400,롯데손해보험,2025-Q3,revenue
000400,롯데손해보험,2023-Q4,revenue
000400,롯데손해보험,2024-Q2,inventory
000400,롯데손해보험,2024-Q3,cogs
000400,롯데손해보험,2024-Q4,inventory
000400,롯데손해보험,2025-Q1,current_liab
000400,롯데손해보험,2023-Q3,op_income
000400,롯데손해보험,2024-Q1,current_assets
000400,롯데손해보험,2025-Q1,op_income
000400,롯데손해보험,2023-Q3,current_assets
000400,롯데손해보험,2024-Q4,current_liab
000400,롯데손해보험,2024-Q1,ar
000400,롯데손해보험,2024-Q1,cogs
330590,롯데리츠,2025-Q4,cogs
330590,롯데리츠,2021-Q2,inventory
330590,롯데리츠,2023-Q2,cogs
330590,롯데리츠,2024-Q2,capex
330590,롯데리츠,2024-Q4,capex
330590,롯데리츠,2022-Q4,capex
330590,롯데리츠,2023-Q2,ap
330590,롯데리츠,2023-Q4,inventory
330590,롯데리츠,2022-Q2,cogs
330590,롯데리츠,2021-Q2,capex
330590,롯데리츠,2025-Q4,ap
330590,롯데리츠,2024-Q4,cogs
330590,롯데리츠,2024-Q2,cogs
330590,롯데리츠,2022-Q4,cogs
330590,롯데리츠,2021-Q4,inventory
330590,롯데리츠,2020-Q4,inventory
330590,롯데리츠,2023-Q4,capex
330590,롯데리츠,2025-Q2,inventory
330590,롯데리츠,2021-Q2,cogs
330590,롯데리츠,2024-Q2,ap
330590,롯데리츠,2024-Q4,ap
330590,롯데리츠,2021-Q4,capex
330590,롯데리츠,2020-Q4,capex
330590,롯데리츠,2023-Q4,cogs
330590,롯데리츠,2020-Q2,inventory
330590,롯데리츠,2023-Q2,inventory
330590,롯데리츠,2025-Q2,capex
330590,롯데리츠,2025-Q4,inventory
330590,롯데리츠,2021-Q4,cogs
330590,롯데리츠,2023-Q4,ap
330590,롯데리츠,2020-Q4,cogs
330590,롯데리츠,2025-Q2,cogs
330590,롯데리츠,2020-Q2,capex
330590,롯데리츠,2022-Q2,inventory
330590,롯데리츠,2023-Q2,capex
330590,롯데리츠,2024-Q2,inventory
330590,롯데리츠,2024-Q4,inventory
330590,롯데리츠,2025-Q4,capex
330590,롯데리츠,2022-Q4,inventory
330590,롯데리츠,2020-Q2,cogs
330590,롯데리츠,2020-Q4,ap
330590,롯데리츠,2022-Q2,capex
330590,롯데리츠,2025-Q2,ap
089860,롯데렌탈,2022-Q1,cogs
089860,롯데렌탈,2022-Q3,capex
089860,롯데렌탈,2023-Q1,capex
089860,롯데렌탈,2023-Q2,cogs
089860,롯데렌탈,2023-Q3,cogs
089860,롯데렌탈,2024-Q2,capex
089860,롯데렌탈,2024-Q4,capex
089860,롯데렌탈,2022-Q4,capex
089860,롯데렌탈,2025-Q1,cogs
089860,롯데렌탈,2023-Q1,cogs
089860,롯데렌탈,2022-Q2,cogs
089860,롯데렌탈,2021-Q3,capex
089860,롯데렌탈,2022-Q3,cogs
089860,롯데렌탈,2024-Q4,cogs
089860,롯데렌탈,2023-Q2,revenue
089860,롯데렌탈,2024-Q2,cogs
089860,롯데렌탈,2022-Q1,revenue
089860,롯데렌탈,2022-Q4,cogs
089860,롯데렌탈,2023-Q3,revenue
089860,롯데렌탈,2025-Q3,capex
089860,롯데렌탈,2023-Q4,capex
089860,롯데렌탈,2021-Q3,cogs
089860,롯데렌탈,2024-Q1,cogs
089860,롯데렌탈,2023-Q1,revenue
089860,롯데렌탈,2022-Q2,revenue
089860,롯데렌탈,2021-Q4,capex
089860,롯데렌탈,2022-Q3,revenue
089860,롯데렌탈,2025-Q3,cogs
089860,롯데렌탈,2022-Q4,revenue
089860,롯데렌탈,2023-Q4,cogs
089860,롯데렌탈,2025-Q2,capex
089860,롯데렌탈,2024-Q3,capex
089860,롯데렌탈,2021-Q3,revenue
089860,롯데렌탈,2021-Q4,cogs
089860,롯데렌탈,2024-Q1,capex
089860,롯데렌탈,2022-Q1,capex
089860,롯데렌탈,2025-Q2,cogs
089860,롯데렌탈,2023-Q2,capex
089860,롯데렌탈,2024-Q3,cogs
089860,롯데렌탈,2023-Q3,capex
089860,롯데렌탈,2025-Q1,capex
089860,롯데렌탈,2022-Q2,capex
089860,롯데렌탈,2021-Q4,revenue
357430,마스턴프리미어리츠,2022-Q1,cogs
357430,마스턴프리미어리츠,2022-Q3,capex
357430,마스턴프리미어리츠,2023-Q1,capex
357430,마스턴프리미어리츠,2023-Q3,cogs
357430,마스턴프리미어리츠,2023-Q3,ar
357430,마스턴프리미어리츠,2024-Q3,ap
357430,마스턴프리미어리츠,2025-Q1,ar
357430,마스턴프리미어리츠,2025-Q1,cogs
357430,마스턴프리미어리츠,2025-Q3,inventory
357430,마스턴프리미어리츠,2024-Q1,ap
357430,마스턴프리미어리츠,2023-Q1,cogs
357430,마스턴프리미어리츠,2022-Q3,ar
357430,마스턴프리미어리츠,2023-Q3,ap
357430,마스턴프리미어리츠,2022-Q1,ap
357430,마스턴프리미어리츠,2023-Q1,ar
357430,마스턴프리미어리츠,2022-Q3,cogs
357430,마스턴프리미어리츠,2025-Q1,ap
357430,마스턴프리미어리츠,2025-Q3,capex
357430,마스턴프리미어리츠,2023-Q1,ap
357430,마스턴프리미어리츠,2022-Q3,ap
357430,마스턴프리미어리츠,2024-Q3,inventory
357430,마스턴프리미어리츠,2025-Q3,cogs
357430,마스턴프리미어리츠,2025-Q3,ar
357430,마스턴프리미어리츠,2024-Q1,inventory
357430,마스턴프리미어리츠,2024-Q3,capex
357430,마스턴프리미어리츠,2022-Q1,inventory
357430,마스턴프리미어리츠,2023-Q3,inventory
357430,마스턴프리미어리츠,2025-Q1,inventory
357430,마스턴프리미어리츠,2025-Q3,ap
357430,마스턴프리미어리츠,2024-Q1,capex
357430,마스턴프리미어리츠,2022-Q3,inventory
357430,마스턴프리미어리츠,2022-Q1,capex
357430,마스턴프리미어리츠,2023-Q1,inventory
357430,마스턴프리미어리츠,2024-Q3,ar
357430,마스턴프리미어리츠,2024-Q3,cogs
357430,마스턴프리미어리츠,2023-Q3,capex
357430,마스턴프리미어리츠,2025-Q1,capex
357430,마스턴프리미어리츠,2024-Q1,ar
357430,마스턴프리미어리츠,2022-Q1,ar
357430,마스턴프리미어리츠,2024-Q1,cogs
138040,메리츠금융지주,2025-Q1,current_assets
138040,메리츠금융지주,2023-Q3,cogs
138040,메리츠금융지주,2024-Q3,ap
138040,메리츠금융지주,2023-Q3,ar
138040,메리츠금융지주,2024-Q4,op_income
138040,메리츠금융지주,2024-Q2,op_income
138040,메리츠금융지주,2025-Q1,ar
138040,메리츠금융지주,2025-Q1,cogs
138040,메리츠금융지주,2024-Q2,current_assets
138040,메리츠금융지주,2024-Q4,current_assets
138040,메리츠금융지주,2023-Q4,inventory
138040,메리츠금융지주,2025-Q3,inventory
138040,메리츠금융지주,2024-Q1,ap
138040,메리츠금융지주,2023-Q3,ap
138040,메리츠금융지주,2024-Q4,cogs
138040,메리츠금융지주,2024-Q2,ar
138040,메리츠금융지주,2024-Q4,ar
138040,메리츠금융지주,2025-Q3,current_liab
138040,메리츠금융지주,2023-Q4,current_liab
138040,메리츠금융지주,2024-Q2,cogs
138040,메리츠금융지주,2025-Q1,ap
138040,메리츠금융지주,2025-Q3,op_income
138040,메리츠금융지주,2025-Q2,inventory
138040,메리츠금융지주,2023-Q4,op_income
138040,메리츠금융지주,2024-Q2,ap
138040,메리츠금융지주,2024-Q4,ap
138040,메리츠금융지주,2024-Q3,inventory
138040,메리츠금융지주,2025-Q3,current_assets
138040,메리츠금융지주,2023-Q4,current_assets
138040,메리츠금융지주,2025-Q2,ap
138040,메리츠금융지주,2025-Q2,current_liab
138040,메리츠금융지주,2025-Q3,cogs
138040,메리츠금융지주,2024-Q3,current_liab
138040,메리츠금융지주,2023-Q4,cogs
138040,메리츠금융지주,2025-Q3,ar
138040,메리츠금융지주,2023-Q4,ar
138040,메리츠금융지주,2024-Q1,inventory
138040,메리츠금융지주,2025-Q2,op_income
138040,메리츠금융지주,2023-Q3,inventory
138040,메리츠금융지주,2024-Q3,op_income
138040,메리츠금융지주,2024-Q1,current_liab
138040,메리츠금융지주,2024-Q2,current_liab
138040,메리츠금융지주,2023-Q3,current_liab
138040,메리츠금융지주,2025-Q1,inventory
138040,메리츠금융지주,2025-Q2,current_assets
138040,메리츠금융지주,2023-Q4,ap
138040,메리츠금융지주,2024-Q3,current_assets
138040,메리츠금융지주,2025-Q2,ar
138040,메리츠금융지주,2025-Q3,ap
138040,메리츠금융지주,2024-Q1,op_income
138040,메리츠금융지주,2024-Q3,ar
138040,메리츠금융지주,2025-Q2,cogs
138040,메리츠금융지주,2024-Q2,inventory
138040,메리츠금융지주,2024-Q3,cogs
138040,메리츠금융지주,2024-Q4,inventory
138040,메리츠금융지주,2025-Q1,current_liab
138040,메리츠금융지주,2023-Q3,op_income
138040,메리츠금융지주,2024-Q1,current_assets
138040,메리츠금융지주,2025-Q1,op_income
138040,메리츠금융지주,2023-Q3,current_assets
138040,메리츠금융지주,2024-Q4,current_liab
138040,메리츠금융지주,2024-Q1,ar
138040,메리츠금융지주,2024-Q1,cogs
009900,명신산업,2020-Q4,capex
009900,명신산업,2021-Q3,capex
009900,명신산업,2021-Q1,capex
090370,메타랩스,2023-Q4,ap
090370,메타랩스,2024-Q3,ap
090370,메타랩스,2021-Q1,ap
090370,메타랩스,2025-Q1,ap
090370,메타랩스,2025-Q3,ap
090370,메타랩스,2021-Q2,ap
090370,메타랩스,2021-Q3,ap
090370,메타랩스,2020-Q1,ap
090370,메타랩스,2020-Q3,ap
090370,메타랩스,2020-Q2,ap
090370,메타랩스,2022-Q3,ap
090370,메타랩스,2024-Q1,ap
090370,메타랩스,2024-Q2,ap
090370,메타랩스,2023-Q3,ap
090370,메타랩스,2020-Q4,ap
090370,메타랩스,2024-Q4,ap
090370,메타랩스,2025-Q2,ap
017180,명문제약,2022-Q3,capex
017180,명문제약,2023-Q1,capex
017180,명문제약,2024-Q3,ap
017180,명문제약,2024-Q2,capex
017180,명문제약,2024-Q4,capex
017180,명문제약,2022-Q4,capex
017180,명문제약,2024-Q1,ap
017180,명문제약,2021-Q2,capex
017180,명문제약,2023-Q3,ap
017180,명문제약,2020-Q1,capex
017180,명문제약,2021-Q3,capex
017180,명문제약,2021-Q1,capex
017180,명문제약,2020-Q3,capex
017180,명문제약,2025-Q1,ap
017180,명문제약,2025-Q3,capex
017180,명문제약,2023-Q4,capex
017180,명문제약,2024-Q2,ap
017180,명문제약,2024-Q4,ap
017180,명문제약,2021-Q4,capex
017180,명문제약,2020-Q4,capex
017180,명문제약,2025-Q2,capex
017180,명문제약,2024-Q3,capex
017180,명문제약,2025-Q3,ap
017180,명문제약,2023-Q4,ap
017180,명문제약,2024-Q1,capex
017180,명문제약,2022-Q1,capex
017180,명문제약,2020-Q2,capex
017180,명문제약,2023-Q2,capex
017180,명문제약,2023-Q3,capex
017180,명문제약,2025-Q1,capex
017180,명문제약,2022-Q2,capex
017180,명문제약,2025-Q2,ap
118000,메타케어,2022-Q1,capex
033920,무학,2023-Q4,interest_expense
033920,무학,2021-Q1,interest_expense
033920,무학,2021-Q2,interest_expense
033920,무학,2021-Q3,interest_expense
033920,무학,2020-Q1,interest_expense
033920,무학,2023-Q1,interest_expense
033920,무학,2022-Q2,interest_expense
033920,무학,2020-Q2,interest_expense
033920,무학,2020-Q3,interest_expense
033920,무학,2021-Q4,interest_expense
033920,무학,2022-Q3,interest_expense
033920,무학,2024-Q1,interest_expense
033920,무학,2022-Q1,interest_expense
033920,무학,2023-Q3,interest_expense
033920,무학,2020-Q4,interest_expense
033920,무학,2022-Q4,interest_expense
033920,무학,2023-Q2,interest_expense
033920,무학,2024-Q2,interest_expense
085620,미래에셋생명,2025-Q1,current_assets
085620,미래에셋생명,2023-Q3,cogs
085620,미래에셋생명,2024-Q3,ap
085620,미래에셋생명,2023-Q3,ar
085620,미래에셋생명,2024-Q4,op_income
085620,미래에셋생명,2025-Q2,revenue
085620,미래에셋생명,2024-Q2,op_income
085620,미래에셋생명,2025-Q1,ar
085620,미래에셋생명,2024-Q3,revenue
085620,미래에셋생명,2025-Q1,cogs
085620,미래에셋생명,2024-Q2,current_assets
085620,미래에셋생명,2024-Q4,current_assets
085620,미래에셋생명,2023-Q4,inventory
085620,미래에셋생명,2025-Q3,inventory
085620,미래에셋생명,2024-Q1,ap
085620,미래에셋생명,2023-Q3,ap
085620,미래에셋생명,2024-Q4,cogs
085620,미래에셋생명,2024-Q2,ar
085620,미래에셋생명,2023-Q4,interest_expense
085620,미래에셋생명,2024-Q1,revenue
085620,미래에셋생명,2024-Q4,ar
085620,미래에셋생명,2023-Q4,current_liab
085620,미래에셋생명,2023-Q3,revenue
085620,미래에셋생명,2024-Q2,cogs
085620,미래에셋생명,2025-Q3,current_liab
085620,미래에셋생명,2025-Q1,ap
085620,미래에셋생명,2025-Q3,op_income
085620,미래에셋생명,2025-Q1,revenue
085620,미래에셋생명,2025-Q2,inventory
085620,미래에셋생명,2023-Q4,op_income
085620,미래에셋생명,2024-Q2,ap
085620,미래에셋생명,2024-Q4,ap
085620,미래에셋생명,2024-Q3,inventory
085620,미래에셋생명,2025-Q3,current_assets
085620,미래에셋생명,2023-Q4,current_assets
085620,미래에셋생명,2024-Q2,revenue
085620,미래에셋생명,2024-Q4,revenue
085620,미래에셋생명,2025-Q2,current_liab
085620,미래에셋생명,2025-Q2,ap
085620,미래에셋생명,2025-Q3,cogs
085620,미래에셋생명,2024-Q3,current_liab
085620,미래에셋생명,2023-Q4,cogs
085620,미래에셋생명,2025-Q3,ar
085620,미래에셋생명,2023-Q4,ar
085620,미래에셋생명,2024-Q1,inventory
085620,미래에셋생명,2025-Q2,op_income
085620,미래에셋생명,2023-Q3,inventory
085620,미래에셋생명,2024-Q3,op_income
085620,미래에셋생명,2023-Q3,interest_expense
085620,미래에셋생명,2024-Q1,current_liab
085620,미래에셋생명,2024-Q2,current_liab
085620,미래에셋생명,2023-Q3,current_liab
085620,미래에셋생명,2025-Q1,inventory
085620,미래에셋생명,2025-Q2,current_assets
085620,미래에셋생명,2023-Q4,ap
085620,미래에셋생명,2024-Q3,current_assets
085620,미래에셋생명,2025-Q2,ar
085620,미래에셋생명,2025-Q3,ap
085620,미래에셋생명,2024-Q1,op_income
085620,미래에셋생명,2024-Q3,ar
085620,미래에셋생명,2025-Q2,cogs
085620,미래에셋생명,2025-Q3,revenue
085620,미래에셋생명,2023-Q4,revenue
085620,미래에셋생명,2024-Q2,inventory
085620,미래에셋생명,2024-Q3,cogs
085620,미래에셋생명,2024-Q4,inventory
085620,미래에셋생명,2025-Q1,current_liab
085620,미래에셋생명,2023-Q3,op_income
085620,미래에셋생명,2024-Q1,current_assets
085620,미래에셋생명,2025-Q1,op_income
085620,미래에셋생명,2023-Q3,current_assets
085620,미래에셋생명,2024-Q4,current_liab
085620,미래에셋생명,2024-Q1,ar
085620,미래에셋생명,2024-Q1,cogs
396690,미래에셋글로벌리츠,2022-Q1,cogs
396690,미래에셋글로벌리츠,2022-Q3,capex
396690,미래에셋글로벌리츠,2023-Q1,capex
396690,미래에셋글로벌리츠,2023-Q3,cogs
396690,미래에셋글로벌리츠,2022-Q4,capex
396690,미래에셋글로벌리츠,2025-Q1,cogs
396690,미래에셋글로벌리츠,2025-Q3,inventory
396690,미래에셋글로벌리츠,2023-Q4,inventory
396690,미래에셋글로벌리츠,2023-Q1,cogs
396690,미래에셋글로벌리츠,2022-Q3,cogs
396690,미래에셋글로벌리츠,2022-Q4,cogs
396690,미래에셋글로벌리츠,2021-Q4,inventory
396690,미래에셋글로벌리츠,2025-Q3,capex
396690,미래에셋글로벌리츠,2023-Q4,capex
396690,미래에셋글로벌리츠,2024-Q3,inventory
396690,미래에셋글로벌리츠,2021-Q4,capex
396690,미래에셋글로벌리츠,2025-Q3,cogs
396690,미래에셋글로벌리츠,2023-Q4,cogs
396690,미래에셋글로벌리츠,2024-Q1,inventory
396690,미래에셋글로벌리츠,2024-Q3,capex
396690,미래에셋글로벌리츠,2022-Q1,inventory
396690,미래에셋글로벌리츠,2023-Q3,inventory
396690,미래에셋글로벌리츠,2021-Q4,cogs
396690,미래에셋글로벌리츠,2025-Q1,inventory
396690,미래에셋글로벌리츠,2024-Q1,capex
396690,미래에셋글로벌리츠,2022-Q3,inventory
396690,미래에셋글로벌리츠,2022-Q1,capex
396690,미래에셋글로벌리츠,2023-Q1,inventory
396690,미래에셋글로벌리츠,2024-Q3,cogs
396690,미래에셋글로벌리츠,2023-Q3,capex
396690,미래에셋글로벌리츠,2022-Q4,inventory
396690,미래에셋글로벌리츠,2025-Q1,capex
396690,미래에셋글로벌리츠,2024-Q1,cogs
006800,미래에셋증권,2025-Q1,current_assets
006800,미래에셋증권,2023-Q3,cogs
006800,미래에셋증권,2024-Q3,ap
006800,미래에셋증권,2023-Q3,ar
006800,미래에셋증권,2025-Q1,ar
006800,미래에셋증권,2025-Q1,cogs
006800,미래에셋증권,2024-Q2,current_assets
006800,미래에셋증권,2024-Q4,current_assets
006800,미래에셋증권,2023-Q4,inventory
006800,미래에셋증권,2025-Q3,inventory
006800,미래에셋증권,2024-Q1,ap
006800,미래에셋증권,2023-Q3,ap
006800,미래에셋증권,2024-Q4,cogs
006800,미래에셋증권,2024-Q2,ar
006800,미래에셋증권,2024-Q4,ar
006800,미래에셋증권,2025-Q3,current_liab
006800,미래에셋증권,2023-Q4,current_liab
006800,미래에셋증권,2024-Q2,cogs
006800,미래에셋증권,2025-Q1,ap
006800,미래에셋증권,2025-Q2,inventory
006800,미래에셋증권,2024-Q2,ap
006800,미래에셋증권,2024-Q4,ap
006800,미래에셋증권,2024-Q3,inventory
006800,미래에셋증권,2025-Q3,current_assets
006800,미래에셋증권,2023-Q4,current_assets
006800,미래에셋증권,2025-Q2,ap
006800,미래에셋증권,2025-Q2,current_liab
006800,미래에셋증권,2025-Q3,cogs
006800,미래에셋증권,2024-Q3,current_liab
006800,미래에셋증권,2023-Q4,cogs
006800,미래에셋증권,2025-Q3,ar
006800,미래에셋증권,2023-Q4,ar
006800,미래에셋증권,2024-Q1,inventory
006800,미래에셋증권,2023-Q3,inventory
006800,미래에셋증권,2024-Q1,current_liab
006800,미래에셋증권,2024-Q2,current_liab
006800,미래에셋증권,2023-Q3,current_liab
006800,미래에셋증권,2025-Q1,inventory
006800,미래에셋증권,2025-Q2,current_assets
006800,미래에셋증권,2023-Q4,ap
006800,미래에셋증권,2024-Q3,current_assets
006800,미래에셋증권,2025-Q2,ar
006800,미래에셋증권,2025-Q3,ap
006800,미래에셋증권,2025-Q2,cogs
006800,미래에셋증권,2024-Q3,ar
006800,미래에셋증권,2024-Q2,inventory
006800,미래에셋증권,2024-Q3,cogs
006800,미래에셋증권,2024-Q4,inventory
006800,미래에셋증권,2025-Q1,current_liab
006800,미래에셋증권,2023-Q3,op_income
006800,미래에셋증권,2024-Q1,current_assets
006800,미래에셋증권,2025-Q1,op_income
006800,미래에셋증권,2023-Q3,current_assets
006800,미래에셋증권,2024-Q4,current_liab
006800,미래에셋증권,2024-Q1,ar
006800,미래에셋증권,2024-Q1,cogs
008420,문배철강,2022-Q3,capex
008420,문배철강,2023-Q1,capex
008420,문배철강,2024-Q2,capex
008420,문배철강,2024-Q4,capex
008420,문배철강,2022-Q4,capex
008420,문배철강,2021-Q2,capex
008420,문배철강,2021-Q3,capex
008420,문배철강,2020-Q1,capex
008420,문배철강,2021-Q1,capex
008420,문배철강,2020-Q3,capex
008420,문배철강,2025-Q3,capex
008420,문배철강,2023-Q4,capex
008420,문배철강,2021-Q4,capex
008420,문배철강,2020-Q4,capex
008420,문배철강,2025-Q2,capex
008420,문배철강,2024-Q3,capex
008420,문배철강,2024-Q1,capex
008420,문배철강,2022-Q1,capex
008420,문배철강,2020-Q2,capex
008420,문배철강,2023-Q2,capex
008420,문배철강,2023-Q3,capex
008420,문배철강,2025-Q1,capex
008420,문배철강,2022-Q2,capex
357250,미래에셋맵스리츠,2022-Q3,capex
357250,미래에셋맵스리츠,2025-Q4,cogs
357250,미래에셋맵스리츠,2021-Q2,inventory
357250,미래에셋맵스리츠,2023-Q2,cogs
357250,미래에셋맵스리츠,2025-Q4,ar
357250,미래에셋맵스리츠,2024-Q2,capex
357250,미래에셋맵스리츠,2024-Q4,capex
357250,미래에셋맵스리츠,2022-Q4,capex
357250,미래에셋맵스리츠,2022-Q2,ar
357250,미래에셋맵스리츠,2023-Q2,ap
357250,미래에셋맵스리츠,2023-Q4,inventory
357250,미래에셋맵스리츠,2021-Q2,capex
357250,미래에셋맵스리츠,2021-Q3,capex
357250,미래에셋맵스리츠,2022-Q2,cogs
357250,미래에셋맵스리츠,2025-Q4,ap
357250,미래에셋맵스리츠,2022-Q3,cogs
357250,미래에셋맵스리츠,2024-Q4,cogs
357250,미래에셋맵스리츠,2024-Q2,ar
357250,미래에셋맵스리츠,2024-Q4,ar
357250,미래에셋맵스리츠,2024-Q2,cogs
357250,미래에셋맵스리츠,2022-Q4,cogs
357250,미래에셋맵스리츠,2020-Q3,capex
357250,미래에셋맵스리츠,2022-Q4,ar
357250,미래에셋맵스리츠,2021-Q4,inventory
357250,미래에셋맵스리츠,2020-Q4,inventory
357250,미래에셋맵스리츠,2021-Q2,ar
357250,미래에셋맵스리츠,2022-Q2,ap
357250,미래에셋맵스리츠,2023-Q4,capex
357250,미래에셋맵스리츠,2021-Q2,cogs
357250,미래에셋맵스리츠,2021-Q3,cogs
357250,미래에셋맵스리츠,2024-Q2,ap
357250,미래에셋맵스리츠,2024-Q4,ap
357250,미래에셋맵스리츠,2025-Q2,inventory
357250,미래에셋맵스리츠,2020-Q3,cogs
357250,미래에셋맵스리츠,2022-Q4,ap
357250,미래에셋맵스리츠,2021-Q4,capex
357250,미래에셋맵스리츠,2022-Q3,revenue
357250,미래에셋맵스리츠,2020-Q4,capex
357250,미래에셋맵스리츠,2023-Q4,cogs
357250,미래에셋맵스리츠,2025-Q2,capex
357250,미래에셋맵스리츠,2023-Q2,inventory
357250,미래에셋맵스리츠,2023-Q4,ar
357250,미래에셋맵스리츠,2021-Q2,ap
357250,미래에셋맵스리츠,2025-Q4,inventory
357250,미래에셋맵스리츠,2021-Q3,revenue
357250,미래에셋맵스리츠,2021-Q4,cogs
357250,미래에셋맵스리츠,2021-Q4,ar
357250,미래에셋맵스리츠,2020-Q4,ar
357250,미래에셋맵스리츠,2020-Q3,revenue
357250,미래에셋맵스리츠,2023-Q4,ap
357250,미래에셋맵스리츠,2025-Q2,ar
357250,미래에셋맵스리츠,2020-Q4,cogs
357250,미래에셋맵스리츠,2025-Q2,cogs
357250,미래에셋맵스리츠,2022-Q2,inventory
357250,미래에셋맵스리츠,2023-Q2,capex
357250,미래에셋맵스리츠,2024-Q2,inventory
357250,미래에셋맵스리츠,2024-Q4,inventory
357250,미래에셋맵스리츠,2025-Q4,capex
357250,미래에셋맵스리츠,2022-Q4,inventory
357250,미래에셋맵스리츠,2021-Q4,ap
357250,미래에셋맵스리츠,2020-Q4,ap
357250,미래에셋맵스리츠,2022-Q2,capex
357250,미래에셋맵스리츠,2025-Q2,ap
007120,미래아이앤지,2023-Q1,capex
007120,미래아이앤지,2024-Q2,capex
007120,미래아이앤지,2024-Q4,capex
007120,미래아이앤지,2022-Q4,capex
007120,미래아이앤지,2025-Q3,inventory
007120,미래아이앤지,2023-Q4,inventory
007120,미래아이앤지,2020-Q1,capex
007120,미래아이앤지,2020-Q3,capex
007120,미래아이앤지,2025-Q3,capex
007120,미래아이앤지,2023-Q4,capex
007120,미래아이앤지,2025-Q2,inventory
007120,미래아이앤지,2024-Q3,inventory
007120,미래아이앤지,2025-Q2,capex
007120,미래아이앤지,2023-Q2,inventory
007120,미래아이앤지,2024-Q1,inventory
007120,미래아이앤지,2024-Q3,capex
007120,미래아이앤지,2023-Q3,inventory
007120,미래아이앤지,2025-Q1,inventory
007120,미래아이앤지,2024-Q1,capex
007120,미래아이앤지,2020-Q2,capex
007120,미래아이앤지,2023-Q2,capex
007120,미래아이앤지,2024-Q4,inventory
007120,미래아이앤지,2023-Q3,capex
007120,미래아이앤지,2025-Q1,capex
025560,미래산업,2022-Q3,capex
025560,미래산업,2023-Q1,capex
025560,미래산업,2024-Q2,capex
025560,미래산업,2024-Q4,capex
025560,미래산업,2022-Q4,capex
025560,미래산업,2021-Q2,capex
025560,미래산업,2021-Q3,capex
025560,미래산업,2020-Q1,capex
025560,미래산업,2021-Q1,capex
025560,미래산업,2020-Q3,capex
025560,미래산업,2025-Q3,capex
025560,미래산업,2023-Q4,capex
025560,미래산업,2021-Q4,capex
025560,미래산업,2020-Q4,capex
025560,미래산업,2025-Q2,capex
025560,미래산업,2024-Q3,capex
025560,미래산업,2024-Q1,capex
025560,미래산업,2022-Q1,capex
025560,미래산업,2020-Q2,capex
025560,미래산업,2023-Q2,capex
025560,미래산업,2023-Q3,capex
025560,미래산업,2025-Q1,capex
025560,미래산업,2022-Q2,capex
377740,바이오노트,2024-Q2,net_income
377740,바이오노트,2024-Q1,net_income
377740,바이오노트,2024-Q3,net_income
081660,미스토홀딩스,2023-Q3,op_income
003650,미창석유,2021-Q1,capex
003650,미창석유,2023-Q1,capex
003650,미창석유,2022-Q1,capex
002410,범양건영,2022-Q3,capex
002410,범양건영,2023-Q1,capex
002410,범양건영,2024-Q2,capex
002410,범양건영,2024-Q4,capex
002410,범양건영,2022-Q4,capex
002410,범양건영,2021-Q2,capex
002410,범양건영,2021-Q3,capex
002410,범양건영,2021-Q1,capex
002410,범양건영,2025-Q3,capex
002410,범양건영,2023-Q4,capex
002410,범양건영,2021-Q4,capex
002410,범양건영,2025-Q2,capex
002410,범양건영,2024-Q3,capex
002410,범양건영,2024-Q1,capex
002410,범양건영,2022-Q1,capex
002410,범양건영,2023-Q2,capex
002410,범양건영,2023-Q3,capex
002410,범양건영,2025-Q1,capex
002410,범양건영,2022-Q2,capex
002760,보락,2021-Q1,capex
001270,부국증권,2025-Q1,current_assets
001270,부국증권,2023-Q3,cogs
001270,부국증권,2024-Q3,ap
001270,부국증권,2023-Q3,ar
001270,부국증권,2024-Q4,op_income
001270,부국증권,2024-Q2,op_income
001270,부국증권,2025-Q1,ar
001270,부국증권,2025-Q1,cogs
001270,부국증권,2024-Q2,current_assets
001270,부국증권,2024-Q4,current_assets
001270,부국증권,2023-Q4,inventory
001270,부국증권,2025-Q3,inventory
001270,부국증권,2024-Q1,ap
001270,부국증권,2025-Q3,interest_expense
001270,부국증권,2023-Q3,ap
001270,부국증권,2024-Q4,cogs
001270,부국증권,2024-Q2,ar
001270,부국증권,2023-Q4,interest_expense
001270,부국증권,2024-Q4,ar
001270,부국증권,2025-Q3,current_liab
001270,부국증권,2023-Q4,current_liab
001270,부국증권,2024-Q2,cogs
001270,부국증권,2025-Q1,ap
001270,부국증권,2025-Q3,op_income
001270,부국증권,2025-Q2,inventory
001270,부국증권,2023-Q4,op_income
001270,부국증권,2024-Q2,ap
001270,부국증권,2024-Q4,ap
001270,부국증권,2024-Q3,inventory
001270,부국증권,2025-Q2,interest_expense
001270,부국증권,2024-Q3,interest_expense
001270,부국증권,2025-Q3,current_assets
001270,부국증권,2023-Q4,current_assets
001270,부국증권,2025-Q2,ap
001270,부국증권,2025-Q2,current_liab
001270,부국증권,2025-Q3,cogs
001270,부국증권,2024-Q3,current_liab
001270,부국증권,2023-Q4,cogs
001270,부국증권,2025-Q3,ar
001270,부국증권,2023-Q4,ar
001270,부국증권,2024-Q1,inventory
001270,부국증권,2025-Q2,op_income
001270,부국증권,2023-Q3,inventory
001270,부국증권,2024-Q1,interest_expense
001270,부국증권,2024-Q3,op_income
001270,부국증권,2023-Q3,interest_expense
001270,부국증권,2024-Q1,current_liab
001270,부국증권,2024-Q2,current_liab
001270,부국증권,2023-Q3,current_liab
001270,부국증권,2025-Q1,inventory
001270,부국증권,2025-Q2,current_assets
001270,부국증권,2023-Q4,ap
001270,부국증권,2024-Q3,current_assets
001270,부국증권,2025-Q1,interest_expense
001270,부국증권,2025-Q2,ar
001270,부국증권,2025-Q3,ap
001270,부국증권,2024-Q1,op_income
001270,부국증권,2024-Q3,ar
001270,부국증권,2025-Q2,cogs
001270,부국증권,2024-Q2,inventory
001270,부국증권,2024-Q3,cogs
001270,부국증권,2024-Q4,inventory
001270,부국증권,2025-Q1,current_liab
001270,부국증권,2023-Q3,op_income
001270,부국증권,2024-Q4,interest_expense
001270,부국증권,2024-Q1,current_assets
001270,부국증권,2024-Q2,interest_expense
001270,부국증권,2025-Q1,op_income
001270,부국증권,2023-Q3,current_assets
001270,부국증권,2024-Q4,current_liab
001270,부국증권,2024-Q1,ar
001270,부국증권,2024-Q1,cogs
011390,부산산업,2022-Q3,capex
011390,부산산업,2023-Q1,capex
011390,부산산업,2024-Q2,capex
011390,부산산업,2024-Q4,capex
011390,부산산업,2022-Q4,capex
011390,부산산업,2021-Q2,capex
011390,부산산업,2021-Q3,capex
011390,부산산업,2020-Q1,capex
011390,부산산업,2021-Q1,capex
011390,부산산업,2020-Q3,capex
011390,부산산업,2025-Q3,capex
011390,부산산업,2023-Q4,capex
011390,부산산업,2021-Q4,capex
011390,부산산업,2020-Q4,capex
011390,부산산업,2025-Q2,capex
011390,부산산업,2024-Q3,capex
011390,부산산업,2024-Q1,capex
011390,부산산업,2022-Q1,capex
011390,부산산업,2020-Q2,capex
011390,부산산업,2023-Q2,capex
011390,부산산업,2023-Q3,capex
011390,부산산업,2025-Q1,capex
011390,부산산업,2022-Q2,capex
026940,부국철강,2022-Q1,capex
026940,부국철강,2020-Q3,capex
026940,부국철강,2021-Q2,capex
026940,부국철강,2021-Q1,capex
026940,부국철강,2022-Q2,capex
448730,삼성FN리츠,2023-Q4,ap
448730,삼성FN리츠,2025-Q4,cogs
448730,삼성FN리츠,2023-Q4,cogs
448730,삼성FN리츠,2024-Q4,capex
448730,삼성FN리츠,2024-Q4,inventory
448730,삼성FN리츠,2025-Q4,capex
448730,삼성FN리츠,2025-Q4,inventory
448730,삼성FN리츠,2023-Q4,capex
448730,삼성FN리츠,2023-Q4,inventory
448730,삼성FN리츠,2025-Q4,ap
448730,삼성FN리츠,2024-Q4,cogs
090460,비에이치,2024-Q3,ap
090460,비에이치,2025-Q1,ap
090460,비에이치,2025-Q3,ap
090460,비에이치,2024-Q4,ap
090460,비에이치,2025-Q2,ap
008040,사조동아원,2021-Q2,net_income
032830,삼성생명,2025-Q1,current_assets
032830,삼성생명,2023-Q3,cogs
032830,삼성생명,2024-Q3,ap
032830,삼성생명,2023-Q3,ar
032830,삼성생명,2025-Q2,revenue
032830,삼성생명,2024-Q2,op_income
032830,삼성생명,2025-Q1,ar
032830,삼성생명,2024-Q3,revenue
032830,삼성생명,2025-Q1,cogs
032830,삼성생명,2024-Q2,current_assets
032830,삼성생명,2024-Q4,current_assets
032830,삼성생명,2023-Q4,inventory
032830,삼성생명,2025-Q3,inventory
032830,삼성생명,2024-Q1,ap
032830,삼성생명,2023-Q3,ap
032830,삼성생명,2024-Q4,cogs
032830,삼성생명,2024-Q2,ar
032830,삼성생명,2024-Q4,ar
032830,삼성생명,2024-Q1,revenue
032830,삼성생명,2025-Q3,current_liab
032830,삼성생명,2023-Q4,current_liab
032830,삼성생명,2023-Q3,revenue
032830,삼성생명,2024-Q2,cogs
032830,삼성생명,2025-Q1,ap
032830,삼성생명,2025-Q1,revenue
032830,삼성생명,2025-Q2,inventory
032830,삼성생명,2023-Q4,op_income
032830,삼성생명,2024-Q2,ap
032830,삼성생명,2024-Q4,ap
032830,삼성생명,2024-Q3,inventory
032830,삼성생명,2025-Q3,current_assets
032830,삼성생명,2023-Q4,current_assets
032830,삼성생명,2024-Q2,revenue
032830,삼성생명,2024-Q4,revenue
032830,삼성생명,2025-Q2,current_liab
032830,삼성생명,2025-Q2,ap
032830,삼성생명,2025-Q3,cogs
032830,삼성생명,2024-Q3,current_liab
032830,삼성생명,2023-Q4,cogs
032830,삼성생명,2025-Q3,ar
032830,삼성생명,2023-Q4,ar
032830,삼성생명,2024-Q1,inventory
032830,삼성생명,2023-Q3,inventory
032830,삼성생명,2024-Q1,current_liab
032830,삼성생명,2024-Q2,current_liab
032830,삼성생명,2023-Q3,current_liab
032830,삼성생명,2025-Q1,inventory
032830,삼성생명,2025-Q2,current_assets
032830,삼성생명,2023-Q4,ap
032830,삼성생명,2024-Q3,current_assets
032830,삼성생명,2025-Q2,ar
032830,삼성생명,2025-Q3,ap
032830,삼성생명,2024-Q1,op_income
032830,삼성생명,2024-Q3,ar
032830,삼성생명,2025-Q2,cogs
032830,삼성생명,2025-Q3,revenue
032830,삼성생명,2023-Q4,revenue
032830,삼성생명,2024-Q2,inventory
032830,삼성생명,2024-Q3,cogs
032830,삼성생명,2024-Q4,inventory
032830,삼성생명,2025-Q1,current_liab
032830,삼성생명,2023-Q3,op_income
032830,삼성생명,2024-Q1,current_assets
032830,삼성생명,2023-Q3,current_assets
032830,삼성생명,2024-Q4,current_liab
032830,삼성생명,2024-Q1,ar
032830,삼성생명,2024-Q1,cogs
028050,삼성E&A,2021-Q2,inventory
028050,삼성E&A,2021-Q3,inventory
028050,삼성E&A,2024-Q3,ap
028050,삼성E&A,2020-Q3,inventory
028050,삼성E&A,2025-Q3,inventory
028050,삼성E&A,2023-Q4,inventory
028050,삼성E&A,2024-Q1,ap
028050,삼성E&A,2021-Q4,inventory
028050,삼성E&A,2025-Q1,ap
028050,삼성E&A,2021-Q1,inventory
028050,삼성E&A,2020-Q4,inventory
028050,삼성E&A,2025-Q2,inventory
028050,삼성E&A,2024-Q2,ap
028050,삼성E&A,2024-Q4,ap
028050,삼성E&A,2024-Q3,inventory
028050,삼성E&A,2020-Q2,inventory
028050,삼성E&A,2023-Q2,inventory
028050,삼성E&A,2024-Q1,inventory
028050,삼성E&A,2022-Q1,inventory
028050,삼성E&A,2023-Q3,inventory
028050,삼성E&A,2025-Q1,inventory
028050,삼성E&A,2023-Q4,ap
028050,삼성E&A,2022-Q3,inventory
028050,삼성E&A,2023-Q1,inventory
028050,삼성E&A,2022-Q2,inventory
028050,삼성E&A,2024-Q2,inventory
028050,삼성E&A,2024-Q4,inventory
028050,삼성E&A,2022-Q4,inventory
028050,삼성E&A,2020-Q1,inventory
006660,삼성공조,2022-Q3,capex
006660,삼성공조,2023-Q1,capex
006660,삼성공조,2024-Q2,capex
006660,삼성공조,2022-Q4,capex
006660,삼성공조,2021-Q2,capex
006660,삼성공조,2021-Q3,capex
006660,삼성공조,2020-Q1,capex
006660,삼성공조,2021-Q1,capex
006660,삼성공조,2020-Q3,capex
006660,삼성공조,2023-Q4,capex
006660,삼성공조,2021-Q4,capex
006660,삼성공조,2020-Q4,capex
006660,삼성공조,2024-Q3,capex
006660,삼성공조,2024-Q1,capex
006660,삼성공조,2022-Q1,capex
006660,삼성공조,2020-Q2,capex
006660,삼성공조,2023-Q2,capex
006660,삼성공조,2023-Q3,capex
006660,삼성공조,2022-Q2,capex
016360,삼성증권,2025-Q1,current_assets
016360,삼성증권,2023-Q3,cogs
016360,삼성증권,2024-Q3,ap
016360,삼성증권,2023-Q3,ar
016360,삼성증권,2025-Q2,revenue
016360,삼성증권,2025-Q1,ar
016360,삼성증권,2024-Q3,revenue
016360,삼성증권,2025-Q1,cogs
016360,삼성증권,2024-Q2,current_assets
016360,삼성증권,2024-Q4,current_assets
016360,삼성증권,2023-Q4,inventory
016360,삼성증권,2025-Q3,inventory
016360,삼성증권,2024-Q1,ap
016360,삼성증권,2023-Q3,ap
016360,삼성증권,2024-Q4,cogs
016360,삼성증권,2024-Q2,ar
016360,삼성증권,2024-Q4,ar
016360,삼성증권,2024-Q1,revenue
016360,삼성증권,2025-Q3,current_liab
016360,삼성증권,2023-Q4,current_liab
016360,삼성증권,2023-Q3,revenue
016360,삼성증권,2024-Q2,cogs
016360,삼성증권,2025-Q1,ap
016360,삼성증권,2025-Q1,revenue
016360,삼성증권,2025-Q2,inventory
016360,삼성증권,2024-Q2,ap
016360,삼성증권,2024-Q4,ap
016360,삼성증권,2024-Q3,inventory
016360,삼성증권,2025-Q3,current_assets
016360,삼성증권,2023-Q4,current_assets
016360,삼성증권,2024-Q2,revenue
016360,삼성증권,2024-Q4,revenue
016360,삼성증권,2025-Q2,current_liab
016360,삼성증권,2025-Q2,ap
016360,삼성증권,2025-Q3,cogs
016360,삼성증권,2024-Q3,current_liab
016360,삼성증권,2023-Q4,cogs
016360,삼성증권,2025-Q3,ar
016360,삼성증권,2023-Q4,ar
016360,삼성증권,2024-Q1,inventory
016360,삼성증권,2023-Q3,inventory
016360,삼성증권,2024-Q1,current_liab
016360,삼성증권,2024-Q2,current_liab
016360,삼성증권,2023-Q3,current_liab
016360,삼성증권,2025-Q1,inventory
016360,삼성증권,2025-Q2,current_assets
016360,삼성증권,2023-Q4,ap
016360,삼성증권,2024-Q3,current_assets
016360,삼성증권,2025-Q2,ar
016360,삼성증권,2025-Q3,ap
016360,삼성증권,2025-Q2,cogs
016360,삼성증권,2024-Q3,ar
016360,삼성증권,2025-Q3,revenue
016360,삼성증권,2023-Q4,revenue
016360,삼성증권,2024-Q2,inventory
016360,삼성증권,2024-Q3,cogs
016360,삼성증권,2024-Q4,inventory
016360,삼성증권,2025-Q1,current_liab
016360,삼성증권,2024-Q1,current_assets
016360,삼성증권,2023-Q3,current_assets
016360,삼성증권,2024-Q4,current_liab
016360,삼성증권,2024-Q1,ar
016360,삼성증권,2024-Q1,cogs
029780,삼성카드,2025-Q1,current_assets
029780,삼성카드,2023-Q3,cogs
029780,삼성카드,2024-Q3,ap
029780,삼성카드,2023-Q3,ar
029780,삼성카드,2025-Q2,revenue
029780,삼성카드,2025-Q1,ar
029780,삼성카드,2025-Q1,cogs
029780,삼성카드,2024-Q2,current_assets
029780,삼성카드,2024-Q4,current_assets
029780,삼성카드,2023-Q4,inventory
029780,삼성카드,2025-Q3,inventory
029780,삼성카드,2024-Q1,ap
029780,삼성카드,2023-Q3,ap
029780,삼성카드,2024-Q4,cogs
029780,삼성카드,2024-Q2,ar
029780,삼성카드,2024-Q4,ar
029780,삼성카드,2025-Q3,current_liab
029780,삼성카드,2023-Q4,current_liab
029780,삼성카드,2024-Q2,cogs
029780,삼성카드,2025-Q1,ap
029780,삼성카드,2025-Q2,inventory
029780,삼성카드,2024-Q2,ap
029780,삼성카드,2024-Q4,ap
029780,삼성카드,2024-Q3,inventory
029780,삼성카드,2025-Q3,current_assets
029780,삼성카드,2023-Q4,current_assets
029780,삼성카드,2025-Q2,ap
029780,삼성카드,2025-Q2,current_liab
029780,삼성카드,2025-Q3,cogs
029780,삼성카드,2024-Q3,current_liab
029780,삼성카드,2023-Q4,cogs
029780,삼성카드,2025-Q3,ar
029780,삼성카드,2023-Q4,ar
029780,삼성카드,2024-Q1,inventory
029780,삼성카드,2023-Q3,inventory
029780,삼성카드,2024-Q1,current_liab
029780,삼성카드,2024-Q2,current_liab
029780,삼성카드,2023-Q3,current_liab
029780,삼성카드,2025-Q1,inventory
029780,삼성카드,2025-Q2,current_assets
029780,삼성카드,2023-Q4,ap
029780,삼성카드,2024-Q3,current_assets
029780,삼성카드,2025-Q2,ar
029780,삼성카드,2025-Q3,ap
029780,삼성카드,2025-Q2,cogs
029780,삼성카드,2024-Q3,ar
029780,삼성카드,2025-Q3,revenue
029780,삼성카드,2024-Q2,inventory
029780,삼성카드,2024-Q3,cogs
029780,삼성카드,2024-Q4,inventory
029780,삼성카드,2025-Q1,current_liab
029780,삼성카드,2024-Q1,current_assets
029780,삼성카드,2023-Q3,current_assets
029780,삼성카드,2024-Q4,current_liab
029780,삼성카드,2024-Q1,ar
029780,삼성카드,2024-Q1,cogs
009150,삼성전기,2023-Q2,ar
009150,삼성전기,2023-Q3,ar
009150,삼성전기,2020-Q2,cfo
009150,삼성전기,2022-Q1,cfo
009150,삼성전기,2022-Q2,ar
009150,삼성전기,2023-Q2,cfo
009150,삼성전기,2023-Q3,cfo
009150,삼성전기,2022-Q3,ar
009150,삼성전기,2023-Q1,ar
009150,삼성전기,2022-Q4,ar
009150,삼성전기,2023-Q1,cfo
009150,삼성전기,2022-Q2,cfo
009150,삼성전기,2022-Q3,cfo
009150,삼성전기,2021-Q2,ar
009150,삼성전기,2020-Q1,ar
009150,삼성전기,2021-Q1,ar
009150,삼성전기,2022-Q4,cfo
009150,삼성전기,2021-Q3,ar
009150,삼성전기,2020-Q3,ar
009150,삼성전기,2021-Q1,cfo
009150,삼성전기,2021-Q2,cfo
009150,삼성전기,2021-Q3,cfo
009150,삼성전기,2020-Q1,cfo
009150,삼성전기,2020-Q3,cfo
009150,삼성전기,2021-Q4,ar
009150,삼성전기,2020-Q4,ar
009150,삼성전기,2021-Q4,cfo
009150,삼성전기,2020-Q4,cfo
009150,삼성전기,2022-Q1,ar
009150,삼성전기,2020-Q2,ar
000810,삼성화재,2025-Q1,current_assets
000810,삼성화재,2023-Q3,cogs
000810,삼성화재,2024-Q3,ap
000810,삼성화재,2023-Q3,ar
000810,삼성화재,2025-Q2,revenue
000810,삼성화재,2025-Q1,ar
000810,삼성화재,2024-Q3,revenue
000810,삼성화재,2025-Q1,cogs
000810,삼성화재,2024-Q2,current_assets
000810,삼성화재,2024-Q4,current_assets
000810,삼성화재,2023-Q4,inventory
000810,삼성화재,2025-Q3,inventory
000810,삼성화재,2024-Q1,ap
000810,삼성화재,2023-Q3,ap
000810,삼성화재,2024-Q4,cogs
000810,삼성화재,2024-Q2,ar
000810,삼성화재,2024-Q4,ar
000810,삼성화재,2024-Q1,revenue
000810,삼성화재,2025-Q3,current_liab
000810,삼성화재,2023-Q4,current_liab
000810,삼성화재,2023-Q3,revenue
000810,삼성화재,2024-Q2,cogs
000810,삼성화재,2025-Q1,ap
000810,삼성화재,2025-Q1,revenue
000810,삼성화재,2025-Q2,inventory
000810,삼성화재,2024-Q2,ap
000810,삼성화재,2024-Q4,ap
000810,삼성화재,2024-Q3,inventory
000810,삼성화재,2025-Q3,current_assets
000810,삼성화재,2023-Q4,current_assets
000810,삼성화재,2024-Q2,revenue
000810,삼성화재,2024-Q4,revenue
000810,삼성화재,2025-Q2,current_liab
000810,삼성화재,2025-Q2,ap
000810,삼성화재,2025-Q3,cogs
000810,삼성화재,2024-Q3,current_liab
000810,삼성화재,2023-Q4,cogs
000810,삼성화재,2025-Q3,ar
000810,삼성화재,2023-Q4,ar
000810,삼성화재,2024-Q1,inventory
000810,삼성화재,2023-Q3,inventory
000810,삼성화재,2024-Q1,current_liab
000810,삼성화재,2024-Q2,current_liab
000810,삼성화재,2023-Q3,current_liab
000810,삼성화재,2025-Q1,inventory
000810,삼성화재,2025-Q2,current_assets
000810,삼성화재,2023-Q4,ap
000810,삼성화재,2024-Q3,current_assets
000810,삼성화재,2025-Q2,ar
000810,삼성화재,2025-Q3,ap
000810,삼성화재,2025-Q2,cogs
000810,삼성화재,2024-Q3,ar
000810,삼성화재,2025-Q3,revenue
000810,삼성화재,2023-Q4,revenue
000810,삼성화재,2024-Q2,inventory
000810,삼성화재,2024-Q3,cogs
000810,삼성화재,2024-Q4,inventory
000810,삼성화재,2025-Q1,current_liab
000810,삼성화재,2024-Q1,current_assets
000810,삼성화재,2023-Q3,current_assets
000810,삼성화재,2024-Q4,current_liab
000810,삼성화재,2024-Q1,ar
000810,삼성화재,2024-Q1,cogs
068290,삼성출판사,2021-Q4,capex
068290,삼성출판사,2020-Q1,capex
068290,삼성출판사,2022-Q3,capex
068290,삼성출판사,2024-Q1,capex
068290,삼성출판사,2023-Q1,capex
068290,삼성출판사,2022-Q1,capex
068290,삼성출판사,2023-Q2,capex
068290,삼성출판사,2024-Q2,capex
068290,삼성출판사,2024-Q4,capex
068290,삼성출판사,2025-Q2,capex
068290,삼성출판사,2023-Q3,capex
068290,삼성출판사,2024-Q3,capex
068290,삼성출판사,2022-Q4,capex
068290,삼성출판사,2025-Q3,capex
068290,삼성출판사,2023-Q4,capex
068290,삼성출판사,2025-Q1,capex
068290,삼성출판사,2021-Q1,capex
068290,삼성출판사,2022-Q2,capex
002170,삼양통상,2022-Q3,capex
002170,삼양통상,2023-Q1,capex
002170,삼양통상,2024-Q2,capex
002170,삼양통상,2024-Q4,capex
002170,삼양통상,2022-Q4,capex
002170,삼양통상,2021-Q2,capex
002170,삼양통상,2021-Q3,capex
002170,삼양통상,2021-Q1,capex
002170,삼양통상,2025-Q3,capex
002170,삼양통상,2023-Q4,capex
002170,삼양통상,2021-Q4,capex
002170,삼양통상,2025-Q2,capex
002170,삼양통상,2024-Q3,capex
002170,삼양통상,2024-Q1,capex
002170,삼양통상,2022-Q1,capex
002170,삼양통상,2023-Q2,capex
002170,삼양통상,2023-Q3,capex
002170,삼양통상,2025-Q1,capex
002170,삼양통상,2022-Q2,capex
003720,삼영,2025-Q3,net_income
003720,삼영,2023-Q4,net_income
003720,삼영,2021-Q1,net_income
003720,삼영,2025-Q1,net_income
003720,삼영,2021-Q2,net_income
003720,삼영,2021-Q3,net_income
003720,삼영,2021-Q4,net_income
003720,삼영,2024-Q4,net_income
003720,삼영,2025-Q2,net_income
005680,삼영전자,2023-Q1,interest_expense
272550,삼양패키징,2024-Q2,capex
272550,삼양패키징,2024-Q1,capex
272550,삼양패키징,2024-Q3,capex
005500,삼진제약,2022-Q3,capex
005500,삼진제약,2023-Q1,capex
005500,삼진제약,2024-Q2,capex
005500,삼진제약,2024-Q4,capex
005500,삼진제약,2022-Q4,capex
005500,삼진제약,2021-Q2,capex
005500,삼진제약,2021-Q3,capex
005500,삼진제약,2021-Q1,capex
005500,삼진제약,2025-Q3,capex
005500,삼진제약,2023-Q4,capex
005500,삼진제약,2021-Q4,capex
005500,삼진제약,2025-Q2,capex
005500,삼진제약,2024-Q3,capex
005500,삼진제약,2024-Q1,capex
005500,삼진제약,2022-Q1,capex
005500,삼진제약,2023-Q2,capex
005500,삼진제약,2023-Q3,capex
005500,삼진제약,2025-Q1,capex
005500,삼진제약,2022-Q2,capex
004690,삼천리,2023-Q4,ap
004690,삼천리,2024-Q3,ap
004690,삼천리,2025-Q1,ap
004690,삼천리,2025-Q3,ap
004690,삼천리,2024-Q2,ap
004690,삼천리,2024-Q4,ap
004690,삼천리,2024-Q1,ap
004690,삼천리,2025-Q2,ap
001290,상상인증권,2025-Q1,current_assets
001290,상상인증권,2023-Q3,cogs
001290,상상인증권,2024-Q3,ap
001290,상상인증권,2023-Q3,ar
001290,상상인증권,2024-Q4,op_income
001290,상상인증권,2024-Q2,op_income
001290,상상인증권,2025-Q1,ar
001290,상상인증권,2025-Q1,cogs
001290,상상인증권,2024-Q2,current_assets
001290,상상인증권,2024-Q4,current_assets
001290,상상인증권,2023-Q4,inventory
001290,상상인증권,2025-Q3,inventory
001290,상상인증권,2024-Q1,ap
001290,상상인증권,2025-Q3,interest_expense
001290,상상인증권,2023-Q3,ap
001290,상상인증권,2024-Q4,cogs
001290,상상인증권,2024-Q2,ar
001290,상상인증권,2023-Q4,interest_expense
001290,상상인증권,2024-Q4,ar
001290,상상인증권,2025-Q3,current_liab
001290,상상인증권,2023-Q4,current_liab
001290,상상인증권,2023-Q3,revenue
001290,상상인증권,2024-Q2,cogs
001290,상상인증권,2025-Q1,ap
001290,상상인증권,2025-Q3,op_income
001290,상상인증권,2025-Q2,inventory
001290,상상인증권,2023-Q4,op_income
001290,상상인증권,2024-Q2,ap
001290,상상인증권,2024-Q4,ap
001290,상상인증권,2024-Q3,inventory
001290,상상인증권,2025-Q2,interest_expense
001290,상상인증권,2024-Q3,interest_expense
001290,상상인증권,2025-Q3,current_assets
001290,상상인증권,2023-Q4,current_assets
001290,상상인증권,2025-Q2,ap
001290,상상인증권,2025-Q2,current_liab
001290,상상인증권,2025-Q3,cogs
001290,상상인증권,2024-Q3,current_liab
001290,상상인증권,2023-Q4,cogs
001290,상상인증권,2025-Q3,ar
001290,상상인증권,2023-Q4,ar
001290,상상인증권,2024-Q1,inventory
001290,상상인증권,2025-Q2,op_income
001290,상상인증권,2023-Q3,inventory
001290,상상인증권,2024-Q1,interest_expense
001290,상상인증권,2024-Q3,op_income
001290,상상인증권,2023-Q3,interest_expense
001290,상상인증권,2024-Q1,current_liab
001290,상상인증권,2024-Q2,current_liab
001290,상상인증권,2023-Q3,current_liab
001290,상상인증권,2025-Q1,inventory
001290,상상인증권,2025-Q2,current_assets
001290,상상인증권,2023-Q4,ap
001290,상상인증권,2024-Q3,current_assets
001290,상상인증권,2025-Q1,interest_expense
001290,상상인증권,2025-Q2,ar
001290,상상인증권,2025-Q3,ap
001290,상상인증권,2024-Q1,op_income
001290,상상인증권,2024-Q3,ar
001290,상상인증권,2025-Q2,cogs
001290,상상인증권,2024-Q2,inventory
001290,상상인증권,2024-Q3,cogs
001290,상상인증권,2024-Q4,inventory
001290,상상인증권,2025-Q1,current_liab
001290,상상인증권,2023-Q3,op_income
001290,상상인증권,2024-Q4,interest_expense
001290,상상인증권,2024-Q1,current_assets
001290,상상인증권,2024-Q2,interest_expense
001290,상상인증권,2025-Q1,op_income
001290,상상인증권,2023-Q3,current_assets
001290,상상인증권,2024-Q4,current_liab
001290,상상인증권,2024-Q1,ar
001290,상상인증권,2024-Q1,cogs
010960,삼호개발,2022-Q3,capex
010960,삼호개발,2023-Q1,capex
010960,삼호개발,2024-Q2,capex
010960,삼호개발,2024-Q4,capex
010960,삼호개발,2022-Q4,capex
010960,삼호개발,2021-Q2,capex
010960,삼호개발,2021-Q3,capex
010960,삼호개발,2020-Q1,capex
010960,삼호개발,2021-Q1,capex
010960,삼호개발,2020-Q3,capex
010960,삼호개발,2025-Q3,capex
010960,삼호개발,2023-Q4,capex
010960,삼호개발,2021-Q4,capex
010960,삼호개발,2020-Q4,capex
010960,삼호개발,2025-Q2,capex
010960,삼호개발,2024-Q3,capex
010960,삼호개발,2024-Q1,capex
010960,삼호개발,2022-Q1,capex
010960,삼호개발,2020-Q2,capex
010960,삼호개발,2023-Q2,capex
010960,삼호개발,2023-Q3,capex
010960,삼호개발,2025-Q1,capex
010960,삼호개발,2022-Q2,capex
000390,삼화페인트,2023-Q4,interest_expense
000390,삼화페인트,2021-Q4,interest_expense
000390,삼화페인트,2022-Q4,interest_expense
031210,서울보증보험,2025-Q1,current_assets
031210,서울보증보험,2025-Q2,revenue
031210,서울보증보험,2025-Q1,ar
031210,서울보증보험,2025-Q1,cogs
031210,서울보증보험,2025-Q3,inventory
031210,서울보증보험,2025-Q3,current_liab
031210,서울보증보험,2025-Q1,ap
031210,서울보증보험,2025-Q1,revenue
031210,서울보증보험,2025-Q2,inventory
031210,서울보증보험,2025-Q3,current_assets
031210,서울보증보험,2025-Q2,current_liab
031210,서울보증보험,2025-Q3,cogs
031210,서울보증보험,2025-Q3,ar
031210,서울보증보험,2025-Q2,current_assets
031210,서울보증보험,2025-Q1,inventory
031210,서울보증보험,2025-Q3,ap
031210,서울보증보험,2025-Q2,ar
031210,서울보증보험,2025-Q2,cogs
031210,서울보증보험,2025-Q3,revenue
031210,서울보증보험,2025-Q1,current_liab
031210,서울보증보험,2025-Q2,ap
041650,상신브레이크,2023-Q4,ap
041650,상신브레이크,2023-Q3,ap
041650,상신브레이크,2022-Q3,ap
041650,상신브레이크,2021-Q1,ap
041650,상신브레이크,2021-Q2,ap
041650,상신브레이크,2021-Q3,ap
041650,상신브레이크,2020-Q1,ap
041650,상신브레이크,2023-Q1,ap
041650,상신브레이크,2022-Q2,ap
041650,상신브레이크,2020-Q3,ap
041650,상신브레이크,2020-Q2,ap
041650,상신브레이크,2021-Q4,ap
041650,상신브레이크,2023-Q2,ap
041650,상신브레이크,2022-Q1,ap
041650,상신브레이크,2020-Q4,ap
041650,상신브레이크,2022-Q4,ap
007860,서연,2020-Q1,ap
007860,서연,2021-Q1,ap
200880,서연이화,2024-Q3,ap
200880,서연이화,2020-Q2,ap
200880,서연이화,2023-Q2,ap
200880,서연이화,2024-Q1,ap
200880,서연이화,2023-Q3,ap
200880,서연이화,2022-Q1,ap
200880,서연이화,2025-Q1,ap
200880,서연이화,2023-Q1,ap
200880,서연이화,2022-Q2,ap
200880,서연이화,2024-Q2,ap
200880,서연이화,2022-Q3,ap
200880,서연이화,2024-Q4,ap
200880,서연이화,2022-Q4,ap
200880,서연이화,2021-Q1,ap
200880,서연이화,2021-Q2,ap
200880,서연이화,2021-Q3,ap
200880,서연이화,2020-Q1,ap
200880,서연이화,2020-Q3,ap
200880,서연이화,2025-Q3,ap
200880,서연이화,2023-Q4,ap
200880,서연이화,2021-Q4,ap
200880,서연이화,2020-Q4,ap
200880,서연이화,2025-Q2,ap
004410,서울식품,2022-Q3,capex
004410,서울식품,2023-Q1,capex
004410,서울식품,2024-Q2,capex
004410,서울식품,2024-Q4,capex
004410,서울식품,2022-Q4,capex
004410,서울식품,2021-Q2,capex
004410,서울식품,2021-Q3,capex
004410,서울식품,2021-Q1,capex
004410,서울식품,2025-Q3,capex
004410,서울식품,2023-Q4,capex
004410,서울식품,2021-Q4,capex
004410,서울식품,2025-Q2,capex
004410,서울식품,2024-Q3,capex
004410,서울식품,2024-Q1,capex
004410,서울식품,2022-Q1,capex
004410,서울식품,2023-Q2,capex
004410,서울식품,2023-Q3,capex
004410,서울식품,2025-Q1,capex
004410,서울식품,2022-Q2,capex
017390,서울가스,2022-Q3,capex
017390,서울가스,2023-Q1,capex
017390,서울가스,2024-Q2,capex
017390,서울가스,2022-Q4,capex
017390,서울가스,2021-Q2,capex
017390,서울가스,2021-Q3,capex
017390,서울가스,2020-Q1,capex
017390,서울가스,2021-Q1,capex
017390,서울가스,2020-Q3,capex
017390,서울가스,2023-Q4,capex
017390,서울가스,2021-Q4,capex
017390,서울가스,2020-Q4,capex
017390,서울가스,2024-Q3,capex
017390,서울가스,2024-Q1,capex
017390,서울가스,2022-Q1,capex
017390,서울가스,2020-Q2,capex
017390,서울가스,2023-Q2,capex
017390,서울가스,2023-Q3,capex
017390,서울가스,2022-Q2,capex
008490,서흥,2023-Q4,ap
008490,서흥,2024-Q3,ap
008490,서흥,2025-Q1,ap
008490,서흥,2025-Q3,ap
008490,서흥,2024-Q2,ap
008490,서흥,2024-Q4,ap
008490,서흥,2024-Q1,ap
008490,서흥,2023-Q3,ap
008490,서흥,2025-Q2,ap
136490,선진,2022-Q3,capex
136490,선진,2023-Q1,capex
136490,선진,2024-Q4,op_income
136490,선진,2024-Q2,capex
136490,선진,2024-Q4,capex
136490,선진,2024-Q4,total_equity
136490,선진,2022-Q4,capex
136490,선진,2024-Q4,total_assets
136490,선진,2024-Q4,current_assets
136490,선진,2024-Q4,total_liab
136490,선진,2021-Q2,capex
136490,선진,2021-Q3,capex
136490,선진,2020-Q1,capex
136490,선진,2021-Q1,capex
136490,선진,2024-Q4,cogs
136490,선진,2024-Q4,ar
136490,선진,2020-Q3,capex
136490,선진,2024-Q4,cfo
136490,선진,2025-Q3,capex
136490,선진,2023-Q4,capex
136490,선진,2024-Q4,ap
136490,선진,2021-Q4,capex
136490,선진,2024-Q4,revenue
136490,선진,2020-Q4,capex
136490,선진,2025-Q2,capex
136490,선진,2024-Q3,capex
136490,선진,2024-Q1,capex
136490,선진,2022-Q1,capex
136490,선진,2020-Q2,capex
136490,선진,2023-Q2,capex
136490,선진,2024-Q4,inventory
136490,선진,2023-Q3,capex
136490,선진,2024-Q4,interest_expense
136490,선진,2025-Q1,capex
136490,선진,2024-Q4,net_income
136490,선진,2024-Q4,current_liab
136490,선진,2022-Q2,capex
007610,선도전기,2025-Q2,capex
007610,선도전기,2025-Q1,capex
004980,성신양회,2022-Q3,capex
004980,성신양회,2023-Q1,capex
004980,성신양회,2024-Q2,capex
004980,성신양회,2024-Q4,capex
004980,성신양회,2022-Q4,capex
004980,성신양회,2021-Q2,capex
004980,성신양회,2021-Q3,capex
004980,성신양회,2021-Q1,capex
004980,성신양회,2025-Q3,capex
004980,성신양회,2023-Q4,capex
004980,성신양회,2021-Q4,capex
004980,성신양회,2025-Q2,capex
004980,성신양회,2024-Q3,capex
004980,성신양회,2024-Q1,capex
004980,성신양회,2022-Q1,capex
004980,성신양회,2023-Q2,capex
004980,성신양회,2023-Q3,capex
004980,성신양회,2025-Q1,capex
004980,성신양회,2022-Q2,capex
000180,성창기업지주,2023-Q4,ap
000180,성창기업지주,2025-Q1,ap
000180,성창기업지주,2023-Q1,ap
000180,성창기업지주,2021-Q4,ap
000180,성창기업지주,2023-Q2,ap
000180,성창기업지주,2022-Q3,ap
000180,성창기업지주,2023-Q3,ap
000180,성창기업지주,2024-Q2,ap
000180,성창기업지주,2022-Q1,ap
000180,성창기업지주,2024-Q4,ap
000180,성창기업지주,2022-Q4,ap
002420,세기상사,2022-Q3,capex
002420,세기상사,2024-Q1,capex
002420,세기상사,2023-Q1,capex
002420,세기상사,2022-Q1,capex
002420,세기상사,2023-Q2,capex
002420,세기상사,2024-Q2,capex
002420,세기상사,2025-Q1,ap
002420,세기상사,2025-Q2,capex
002420,세기상사,2023-Q3,capex
002420,세기상사,2025-Q3,ap
002420,세기상사,2024-Q3,capex
002420,세기상사,2025-Q3,capex
002420,세기상사,2025-Q1,capex
002420,세기상사,2024-Q2,ap
002420,세기상사,2024-Q4,ap
002420,세기상사,2021-Q2,capex
002420,세기상사,2022-Q2,capex
002420,세기상사,2025-Q2,ap
011300,성안머티리얼스,2025-Q3,capex
011300,성안머티리얼스,2025-Q2,capex
011300,성안머티리얼스,2020-Q1,capex
011300,성안머티리얼스,2025-Q1,capex
004490,세방전지,2022-Q3,capex
004490,세방전지,2023-Q1,capex
004490,세방전지,2024-Q2,capex
004490,세방전지,2024-Q4,capex
004490,세방전지,2022-Q4,capex
004490,세방전지,2021-Q2,capex
004490,세방전지,2021-Q3,capex
004490,세방전지,2021-Q1,capex
004490,세방전지,2025-Q1,ap
004490,세방전지,2025-Q3,capex
004490,세방전지,2023-Q4,capex
004490,세방전지,2024-Q4,ap
004490,세방전지,2021-Q4,capex
004490,세방전지,2025-Q2,capex
004490,세방전지,2024-Q3,capex
004490,세방전지,2025-Q3,ap
004490,세방전지,2024-Q1,capex
004490,세방전지,2022-Q1,capex
004490,세방전지,2023-Q2,capex
004490,세방전지,2023-Q3,capex
004490,세방전지,2025-Q1,capex
004490,세방전지,2022-Q2,capex
004490,세방전지,2025-Q2,ap
013000,세우글로벌,2023-Q1,net_income
013000,세우글로벌,2023-Q1,capex
013000,세우글로벌,2025-Q1,capex
013000,세우글로벌,2024-Q1,capex
091090,세원이앤씨,2025-Q2,net_income
021820,세원정공,2021-Q1,total_assets
126720,수산인더스트리,2025-Q1,ap
126720,수산인더스트리,2024-Q4,ap
126720,수산인더스트리,2025-Q2,ap
126720,수산인더스트리,2023-Q3,ap
126720,수산인더스트리,2025-Q3,ap
462870,시프트업,2024-Q3,ap
462870,시프트업,2025-Q2,cogs
462870,시프트업,2025-Q3,cogs
462870,시프트업,2025-Q1,ap
462870,시프트업,2024-Q3,cogs
462870,시프트업,2024-Q4,inventory
462870,시프트업,2025-Q3,ap
462870,시프트업,2025-Q1,cogs
462870,시프트업,2025-Q2,inventory
462870,시프트업,2025-Q3,inventory
462870,시프트업,2024-Q4,ap
462870,시프트업,2024-Q3,inventory
462870,시프트업,2025-Q2,ap
462870,시프트업,2024-Q4,cogs
462870,시프트업,2025-Q1,inventory
026890,스틱인베스트먼트,2023-Q3,cogs
026890,스틱인베스트먼트,2024-Q3,ap
026890,스틱인베스트먼트,2023-Q3,ar
026890,스틱인베스트먼트,2025-Q1,ar
026890,스틱인베스트먼트,2025-Q1,cogs
026890,스틱인베스트먼트,2025-Q3,inventory
026890,스틱인베스트먼트,2020-Q2,ap
026890,스틱인베스트먼트,2023-Q4,inventory
026890,스틱인베스트먼트,2024-Q1,ap
026890,스틱인베스트먼트,2023-Q3,ap
026890,스틱인베스트먼트,2024-Q4,cogs
026890,스틱인베스트먼트,2024-Q2,ar
026890,스틱인베스트먼트,2024-Q4,ar
026890,스틱인베스트먼트,2024-Q2,cogs
026890,스틱인베스트먼트,2025-Q1,ap
026890,스틱인베스트먼트,2025-Q2,inventory
026890,스틱인베스트먼트,2024-Q2,ap
026890,스틱인베스트먼트,2024-Q4,ap
026890,스틱인베스트먼트,2024-Q3,inventory
026890,스틱인베스트먼트,2025-Q2,ap
026890,스틱인베스트먼트,2025-Q3,cogs
026890,스틱인베스트먼트,2023-Q4,cogs
026890,스틱인베스트먼트,2025-Q3,ar
026890,스틱인베스트먼트,2021-Q1,ap
026890,스틱인베스트먼트,2023-Q4,ar
026890,스틱인베스트먼트,2024-Q1,inventory
026890,스틱인베스트먼트,2021-Q2,ap
026890,스틱인베스트먼트,2021-Q3,ap
026890,스틱인베스트먼트,2020-Q1,ap
026890,스틱인베스트먼트,2023-Q3,inventory
026890,스틱인베스트먼트,2020-Q3,ap
026890,스틱인베스트먼트,2025-Q1,inventory
026890,스틱인베스트먼트,2025-Q3,ap
026890,스틱인베스트먼트,2023-Q4,ap
026890,스틱인베스트먼트,2025-Q2,ar
026890,스틱인베스트먼트,2025-Q2,cogs
026890,스틱인베스트먼트,2024-Q3,ar
026890,스틱인베스트먼트,2024-Q2,inventory
026890,스틱인베스트먼트,2024-Q3,cogs
026890,스틱인베스트먼트,2024-Q4,inventory
026890,스틱인베스트먼트,2025-Q1,op_income
026890,스틱인베스트먼트,2024-Q1,ar
026890,스틱인베스트먼트,2020-Q4,ap
026890,스틱인베스트먼트,2024-Q1,cogs
053210,스카이라이프,2022-Q1,cogs
053210,스카이라이프,2023-Q3,cogs
053210,스카이라이프,2023-Q2,cogs
053210,스카이라이프,2020-Q4,revenue
053210,스카이라이프,2024-Q3,revenue
053210,스카이라이프,2025-Q1,cogs
053210,스카이라이프,2023-Q1,cogs
053210,스카이라이프,2022-Q2,cogs
053210,스카이라이프,2022-Q3,cogs
053210,스카이라이프,2020-Q2,revenue
053210,스카이라이프,2023-Q2,revenue
053210,스카이라이프,2024-Q4,cogs
053210,스카이라이프,2024-Q1,revenue
053210,스카이라이프,2024-Q2,cogs
053210,스카이라이프,2022-Q1,revenue
053210,스카이라이프,2022-Q4,cogs
053210,스카이라이프,2023-Q3,revenue
053210,스카이라이프,2021-Q1,cogs
053210,스카이라이프,2025-Q1,revenue
053210,스카이라이프,2021-Q2,cogs
053210,스카이라이프,2021-Q3,cogs
053210,스카이라이프,2020-Q1,cogs
053210,스카이라이프,2024-Q1,cogs
053210,스카이라이프,2020-Q3,cogs
053210,스카이라이프,2022-Q2,revenue
053210,스카이라이프,2023-Q1,revenue
053210,스카이라이프,2024-Q2,revenue
053210,스카이라이프,2022-Q3,revenue
053210,스카이라이프,2024-Q4,revenue
053210,스카이라이프,2025-Q3,cogs
053210,스카이라이프,2022-Q4,revenue
053210,스카이라이프,2023-Q4,cogs
053210,스카이라이프,2021-Q1,revenue
053210,스카이라이프,2021-Q2,revenue
053210,스카이라이프,2021-Q3,revenue
053210,스카이라이프,2020-Q1,revenue
053210,스카이라이프,2021-Q4,cogs
053210,스카이라이프,2020-Q3,revenue
053210,스카이라이프,2020-Q4,cogs
053210,스카이라이프,2025-Q2,cogs
053210,스카이라이프,2023-Q4,revenue
053210,스카이라이프,2024-Q3,cogs
053210,스카이라이프,2020-Q2,cogs
053210,스카이라이프,2021-Q4,revenue
204210,스타에스엠리츠,2022-Q1,cogs
204210,스타에스엠리츠,2022-Q3,capex
204210,스타에스엠리츠,2021-Q2,inventory
204210,스타에스엠리츠,2021-Q3,inventory
204210,스타에스엠리츠,2023-Q1,capex
204210,스타에스엠리츠,2023-Q2,cogs
204210,스타에스엠리츠,2023-Q3,cogs
204210,스타에스엠리츠,2024-Q2,capex
204210,스타에스엠리츠,2020-Q3,inventory
204210,스타에스엠리츠,2024-Q4,capex
204210,스타에스엠리츠,2022-Q4,capex
204210,스타에스엠리츠,2025-Q1,cogs
204210,스타에스엠리츠,2023-Q4,inventory
204210,스타에스엠리츠,2023-Q1,cogs
204210,스타에스엠리츠,2021-Q2,capex
204210,스타에스엠리츠,2021-Q3,capex
204210,스타에스엠리츠,2021-Q1,capex
204210,스타에스엠리츠,2020-Q1,capex
204210,스타에스엠리츠,2022-Q2,cogs
204210,스타에스엠리츠,2022-Q3,cogs
204210,스타에스엠리츠,2024-Q4,cogs
204210,스타에스엠리츠,2024-Q2,cogs
204210,스타에스엠리츠,2022-Q4,cogs
204210,스타에스엠리츠,2020-Q3,capex
204210,스타에스엠리츠,2021-Q4,inventory
204210,스타에스엠리츠,2025-Q1,ap
204210,스타에스엠리츠,2021-Q1,inventory
204210,스타에스엠리츠,2021-Q1,cogs
204210,스타에스엠리츠,2020-Q4,inventory
204210,스타에스엠리츠,2023-Q4,capex
204210,스타에스엠리츠,2025-Q3,capex
204210,스타에스엠리츠,2021-Q2,cogs
204210,스타에스엠리츠,2021-Q3,cogs
204210,스타에스엠리츠,2020-Q1,cogs
204210,스타에스엠리츠,2024-Q1,cogs
204210,스타에스엠리츠,2020-Q3,cogs
204210,스타에스엠리츠,2025-Q2,ap
204210,스타에스엠리츠,2021-Q4,capex
204210,스타에스엠리츠,2025-Q3,cogs
204210,스타에스엠리츠,2020-Q4,capex
204210,스타에스엠리츠,2023-Q4,cogs
204210,스타에스엠리츠,2020-Q2,inventory
204210,스타에스엠리츠,2023-Q2,inventory
204210,스타에스엠리츠,2025-Q2,capex
204210,스타에스엠리츠,2024-Q1,inventory
204210,스타에스엠리츠,2024-Q3,capex
204210,스타에스엠리츠,2022-Q1,inventory
204210,스타에스엠리츠,2023-Q3,inventory
204210,스타에스엠리츠,2021-Q4,cogs
204210,스타에스엠리츠,2025-Q3,ap
204210,스타에스엠리츠,2024-Q1,capex
204210,스타에스엠리츠,2020-Q4,cogs
204210,스타에스엠리츠,2022-Q3,inventory
204210,스타에스엠리츠,2022-Q1,capex
204210,스타에스엠리츠,2020-Q2,capex
204210,스타에스엠리츠,2022-Q2,inventory
204210,스타에스엠리츠,2023-Q1,inventory
204210,스타에스엠리츠,2023-Q2,capex
204210,스타에스엠리츠,2024-Q2,inventory
204210,스타에스엠리츠,2024-Q3,cogs
204210,스타에스엠리츠,2023-Q3,capex
204210,스타에스엠리츠,2025-Q2,cogs
204210,스타에스엠리츠,2022-Q4,inventory
204210,스타에스엠리츠,2025-Q1,capex
204210,스타에스엠리츠,2020-Q2,cogs
204210,스타에스엠리츠,2022-Q2,capex
204210,스타에스엠리츠,2020-Q1,inventory
004970,신라교역,2025-Q1,ap
004970,신라교역,2025-Q2,ap
004970,신라교역,2025-Q3,ap
004970,신라교역,2024-Q4,ap
011930,신성이엔지,2021-Q1,interest_expense
011930,신성이엔지,2021-Q2,interest_expense
011930,신성이엔지,2021-Q3,interest_expense
011930,신성이엔지,2020-Q1,interest_expense
011930,신성이엔지,2020-Q3,interest_expense
011930,신성이엔지,2021-Q2,capex
011930,신성이엔지,2021-Q3,capex
011930,신성이엔지,2021-Q1,capex
011930,신성이엔지,2023-Q4,interest_expense
011930,신성이엔지,2021-Q4,interest_expense
011930,신성이엔지,2020-Q4,interest_expense
011930,신성이엔지,2021-Q4,capex
011930,신성이엔지,2020-Q4,capex
011930,신성이엔지,2020-Q2,interest_expense
011930,신성이엔지,2022-Q1,interest_expense
011930,신성이엔지,2023-Q2,interest_expense
011930,신성이엔지,2022-Q1,capex
011930,신성이엔지,2023-Q1,interest_expense
011930,신성이엔지,2022-Q2,interest_expense
011930,신성이엔지,2022-Q3,interest_expense
011930,신성이엔지,2022-Q4,interest_expense
001720,신영증권,2025-Q4,ar
001720,신영증권,2025-Q1,ar
001720,신영증권,2024-Q2,current_assets
001720,신영증권,2025-Q3,interest_expense
001720,신영증권,2023-Q3,ap
001720,신영증권,2023-Q4,interest_expense
001720,신영증권,2025-Q1,ap
001720,신영증권,2025-Q3,op_income
001720,신영증권,2023-Q4,op_income
001720,신영증권,2025-Q2,interest_expense
001720,신영증권,2024-Q3,inventory
001720,신영증권,2023-Q4,ar
001720,신영증권,2025-Q2,op_income
001720,신영증권,2025-Q4,inventory
001720,신영증권,2024-Q1,interest_expense
001720,신영증권,2025-Q3,ap
001720,신영증권,2025-Q2,ar
001720,신영증권,2024-Q1,op_income
001720,신영증권,2023-Q3,op_income
001720,신영증권,2024-Q4,current_liab
001720,신영증권,2024-Q1,ar
001720,신영증권,2025-Q2,ap
001720,신영증권,2023-Q3,ar
001720,신영증권,2024-Q4,current_assets
001720,신영증권,2023-Q4,inventory
001720,신영증권,2024-Q1,ap
001720,신영증권,2024-Q4,cogs
001720,신영증권,2024-Q2,cogs
001720,신영증권,2024-Q2,ap
001720,신영증권,2024-Q3,current_liab
001720,신영증권,2025-Q3,ar
001720,신영증권,2023-Q3,inventory
001720,신영증권,2025-Q4,current_liab
001720,신영증권,2025-Q1,inventory
001720,신영증권,2024-Q3,current_assets
001720,신영증권,2024-Q3,cogs
001720,신영증권,2024-Q4,interest_expense
001720,신영증권,2024-Q2,interest_expense
001720,신영증권,2025-Q4,current_assets
001720,신영증권,2025-Q1,current_assets
001720,신영증권,2025-Q4,cogs
001720,신영증권,2024-Q4,op_income
001720,신영증권,2024-Q2,op_income
001720,신영증권,2025-Q3,inventory
001720,신영증권,2024-Q2,ar
001720,신영증권,2023-Q4,current_liab
001720,신영증권,2025-Q2,inventory
001720,신영증권,2024-Q4,ap
001720,신영증권,2024-Q3,interest_expense
001720,신영증권,2023-Q4,current_assets
001720,신영증권,2023-Q4,cogs
001720,신영증권,2024-Q1,inventory
001720,신영증권,2024-Q3,op_income
001720,신영증권,2025-Q4,interest_expense
001720,신영증권,2023-Q3,current_liab
001720,신영증권,2024-Q3,ar
001720,신영증권,2024-Q2,inventory
001720,신영증권,2025-Q1,current_liab
001720,신영증권,2023-Q3,current_assets
001720,신영증권,2023-Q3,cogs
001720,신영증권,2024-Q3,ap
001720,신영증권,2025-Q1,cogs
001720,신영증권,2025-Q4,ap
001720,신영증권,2024-Q4,ar
001720,신영증권,2025-Q3,current_liab
001720,신영증권,2025-Q3,current_assets
001720,신영증권,2025-Q2,current_liab
001720,신영증권,2025-Q3,cogs
001720,신영증권,2023-Q3,interest_expense
001720,신영증권,2024-Q1,current_liab
001720,신영증권,2025-Q2,current_assets
001720,신영증권,2023-Q4,ap
001720,신영증권,2025-Q1,interest_expense
001720,신영증권,2025-Q2,cogs
001720,신영증권,2024-Q4,inventory
001720,신영증권,2025-Q4,op_income
001720,신영증권,2024-Q1,current_assets
001720,신영증권,2025-Q1,op_income
001720,신영증권,2024-Q2,current_liab
001720,신영증권,2024-Q1,cogs
031430,신세계인터내셔날,2022-Q3,capex
031430,신세계인터내셔날,2023-Q1,capex
031430,신세계인터내셔날,2024-Q2,capex
031430,신세계인터내셔날,2024-Q4,capex
031430,신세계인터내셔날,2022-Q4,capex
031430,신세계인터내셔날,2021-Q2,capex
031430,신세계인터내셔날,2021-Q3,capex
031430,신세계인터내셔날,2020-Q1,capex
031430,신세계인터내셔날,2021-Q1,capex
031430,신세계인터내셔날,2020-Q3,capex
031430,신세계인터내셔날,2025-Q3,capex
031430,신세계인터내셔날,2023-Q4,capex
031430,신세계인터내셔날,2021-Q4,capex
031430,신세계인터내셔날,2020-Q4,capex
031430,신세계인터내셔날,2025-Q2,capex
031430,신세계인터내셔날,2024-Q3,capex
031430,신세계인터내셔날,2024-Q1,capex
031430,신세계인터내셔날,2022-Q1,capex
031430,신세계인터내셔날,2020-Q2,capex
031430,신세계인터내셔날,2023-Q2,capex
031430,신세계인터내셔날,2023-Q3,capex
031430,신세계인터내셔날,2025-Q1,capex
031430,신세계인터내셔날,2022-Q2,capex
481850,신한글로벌액티브리츠,2024-Q2,ar
481850,신한글로벌액티브리츠,2024-Q4,ar
481850,신한글로벌액티브리츠,2025-Q4,cogs
481850,신한글로벌액티브리츠,2024-Q2,cogs
481850,신한글로벌액티브리츠,2025-Q2,cogs
481850,신한글로벌액티브리츠,2024-Q2,capex
481850,신한글로벌액티브리츠,2024-Q4,capex
481850,신한글로벌액티브리츠,2025-Q2,capex
481850,신한글로벌액티브리츠,2024-Q2,inventory
481850,신한글로벌액티브리츠,2024-Q4,inventory
481850,신한글로벌액티브리츠,2025-Q4,capex
481850,신한글로벌액티브리츠,2025-Q4,inventory
481850,신한글로벌액티브리츠,2025-Q2,inventory
481850,신한글로벌액티브리츠,2024-Q2,ap
481850,신한글로벌액티브리츠,2024-Q4,ap
481850,신한글로벌액티브리츠,2024-Q4,cogs
005800,신영와코루,2022-Q3,capex
005800,신영와코루,2023-Q1,capex
005800,신영와코루,2024-Q2,capex
005800,신영와코루,2024-Q4,capex
005800,신영와코루,2022-Q4,capex
005800,신영와코루,2021-Q2,capex
005800,신영와코루,2021-Q3,capex
005800,신영와코루,2021-Q1,capex
005800,신영와코루,2025-Q3,capex
005800,신영와코루,2022-Q2,ap
005800,신영와코루,2023-Q4,capex
005800,신영와코루,2022-Q3,ap
005800,신영와코루,2021-Q4,capex
005800,신영와코루,2021-Q1,ap
005800,신영와코루,2025-Q2,capex
005800,신영와코루,2021-Q2,ap
005800,신영와코루,2021-Q3,ap
005800,신영와코루,2024-Q3,capex
005800,신영와코루,2024-Q1,capex
005800,신영와코루,2022-Q1,capex
005800,신영와코루,2023-Q2,capex
005800,신영와코루,2023-Q3,capex
005800,신영와코루,2025-Q1,capex
005800,신영와코루,2022-Q2,capex
404990,신한서부티엔디리츠,2025-Q4,cogs
404990,신한서부티엔디리츠,2023-Q2,cogs
404990,신한서부티엔디리츠,2024-Q2,capex
404990,신한서부티엔디리츠,2024-Q4,capex
404990,신한서부티엔디리츠,2022-Q4,capex
404990,신한서부티엔디리츠,2023-Q4,inventory
404990,신한서부티엔디리츠,2022-Q2,cogs
404990,신한서부티엔디리츠,2025-Q4,ap
404990,신한서부티엔디리츠,2024-Q4,cogs
404990,신한서부티엔디리츠,2024-Q2,cogs
404990,신한서부티엔디리츠,2022-Q4,cogs
404990,신한서부티엔디리츠,2021-Q4,inventory
404990,신한서부티엔디리츠,2023-Q4,capex
404990,신한서부티엔디리츠,2025-Q2,inventory
404990,신한서부티엔디리츠,2024-Q4,ap
404990,신한서부티엔디리츠,2021-Q4,capex
404990,신한서부티엔디리츠,2023-Q4,cogs
404990,신한서부티엔디리츠,2025-Q2,capex
404990,신한서부티엔디리츠,2023-Q2,inventory
404990,신한서부티엔디리츠,2025-Q4,inventory
404990,신한서부티엔디리츠,2021-Q4,cogs
404990,신한서부티엔디리츠,2025-Q2,cogs
404990,신한서부티엔디리츠,2022-Q2,inventory
404990,신한서부티엔디리츠,2023-Q2,capex
404990,신한서부티엔디리츠,2024-Q2,inventory
404990,신한서부티엔디리츠,2024-Q4,inventory
404990,신한서부티엔디리츠,2025-Q4,capex
404990,신한서부티엔디리츠,2022-Q4,inventory
404990,신한서부티엔디리츠,2022-Q2,capex
404990,신한서부티엔디리츠,2025-Q2,ap
006880,신송홀딩스,2021-Q1,ap
006880,신송홀딩스,2021-Q2,ap
006880,신송홀딩스,2021-Q3,ap
006880,신송홀딩스,2023-Q1,ap
006880,신송홀딩스,2022-Q2,ap
006880,신송홀딩스,2021-Q4,ap
006880,신송홀딩스,2023-Q2,ap
006880,신송홀딩스,2022-Q3,ap
006880,신송홀딩스,2022-Q1,ap
006880,신송홀딩스,2020-Q4,ap
006880,신송홀딩스,2022-Q4,ap
293940,신한알파리츠,2022-Q1,cogs
293940,신한알파리츠,2022-Q3,capex
293940,신한알파리츠,2023-Q1,capex
293940,신한알파리츠,2021-Q3,inventory
293940,신한알파리츠,2023-Q3,cogs
293940,신한알파리츠,2023-Q3,ar
293940,신한알파리츠,2020-Q3,inventory
293940,신한알파리츠,2025-Q1,ar
293940,신한알파리츠,2025-Q1,cogs
293940,신한알파리츠,2025-Q3,inventory
293940,신한알파리츠,2023-Q1,cogs
293940,신한알파리츠,2022-Q3,ar
293940,신한알파리츠,2021-Q3,capex
293940,신한알파리츠,2021-Q1,capex
293940,신한알파리츠,2020-Q1,capex
293940,신한알파리츠,2022-Q1,ap
293940,신한알파리츠,2022-Q3,cogs
293940,신한알파리츠,2023-Q1,ar
293940,신한알파리츠,2023-Q3,ap
293940,신한알파리츠,2022-Q1,revenue
293940,신한알파리츠,2023-Q3,revenue
293940,신한알파리츠,2020-Q3,capex
293940,신한알파리츠,2020-Q1,inventory
293940,신한알파리츠,2021-Q1,cogs
293940,신한알파리츠,2023-Q1,ap
293940,신한알파리츠,2025-Q3,capex
293940,신한알파리츠,2020-Q1,ar
293940,신한알파리츠,2021-Q1,ar
293940,신한알파리츠,2021-Q3,cogs
293940,신한알파리츠,2020-Q1,cogs
293940,신한알파리츠,2022-Q3,ap
293940,신한알파리츠,2021-Q3,ar
293940,신한알파리츠,2024-Q1,cogs
293940,신한알파리츠,2020-Q3,cogs
293940,신한알파리츠,2023-Q1,revenue
293940,신한알파리츠,2024-Q3,inventory
293940,신한알파리츠,2020-Q3,ar
293940,신한알파리츠,2022-Q3,revenue
293940,신한알파리츠,2025-Q3,cogs
293940,신한알파리츠,2025-Q3,ar
293940,신한알파리츠,2021-Q1,ap
293940,신한알파리츠,2024-Q1,inventory
293940,신한알파리츠,2024-Q3,capex
293940,신한알파리츠,2021-Q3,ap
293940,신한알파리츠,2020-Q1,ap
293940,신한알파리츠,2022-Q1,inventory
293940,신한알파리츠,2023-Q3,inventory
293940,신한알파리츠,2021-Q1,revenue
293940,신한알파리츠,2020-Q3,ap
293940,신한알파리츠,2021-Q3,revenue
293940,신한알파리츠,2020-Q1,revenue
293940,신한알파리츠,2020-Q3,revenue
293940,신한알파리츠,2025-Q1,inventory
293940,신한알파리츠,2024-Q1,capex
293940,신한알파리츠,2022-Q3,inventory
293940,신한알파리츠,2022-Q1,capex
293940,신한알파리츠,2023-Q1,inventory
293940,신한알파리츠,2024-Q3,ar
293940,신한알파리츠,2024-Q3,cogs
293940,신한알파리츠,2023-Q3,capex
293940,신한알파리츠,2025-Q1,capex
293940,신한알파리츠,2024-Q1,ar
293940,신한알파리츠,2022-Q1,ar
293940,신한알파리츠,2021-Q1,inventory
002870,신풍,2021-Q1,capex
055550,신한지주,2025-Q1,current_assets
055550,신한지주,2023-Q3,cogs
055550,신한지주,2024-Q3,ap
055550,신한지주,2023-Q3,ar
055550,신한지주,2025-Q2,revenue
055550,신한지주,2025-Q1,ar
055550,신한지주,2024-Q3,revenue
055550,신한지주,2025-Q1,cogs
055550,신한지주,2024-Q2,current_assets
055550,신한지주,2024-Q4,current_assets
055550,신한지주,2023-Q4,inventory
055550,신한지주,2025-Q3,inventory
055550,신한지주,2024-Q1,ap
055550,신한지주,2023-Q3,ap
055550,신한지주,2024-Q4,cogs
055550,신한지주,2024-Q2,ar
055550,신한지주,2024-Q4,ar
055550,신한지주,2024-Q1,revenue
055550,신한지주,2025-Q3,current_liab
055550,신한지주,2023-Q4,current_liab
055550,신한지주,2023-Q3,revenue
055550,신한지주,2024-Q2,cogs
055550,신한지주,2025-Q1,ap
055550,신한지주,2025-Q1,revenue
055550,신한지주,2025-Q2,inventory
055550,신한지주,2024-Q2,ap
055550,신한지주,2024-Q4,ap
055550,신한지주,2024-Q3,inventory
055550,신한지주,2025-Q3,current_assets
055550,신한지주,2023-Q4,current_assets
055550,신한지주,2024-Q2,revenue
055550,신한지주,2024-Q4,revenue
055550,신한지주,2025-Q2,current_liab
055550,신한지주,2025-Q2,ap
055550,신한지주,2025-Q3,cogs
055550,신한지주,2024-Q3,current_liab
055550,신한지주,2023-Q4,cogs
055550,신한지주,2025-Q3,ar
055550,신한지주,2023-Q4,ar
055550,신한지주,2024-Q1,inventory
055550,신한지주,2023-Q3,inventory
055550,신한지주,2024-Q1,current_liab
055550,신한지주,2024-Q2,current_liab
055550,신한지주,2023-Q3,current_liab
055550,신한지주,2025-Q1,inventory
055550,신한지주,2025-Q2,current_assets
055550,신한지주,2023-Q4,ap
055550,신한지주,2024-Q3,current_assets
055550,신한지주,2025-Q2,ar
055550,신한지주,2025-Q3,ap
055550,신한지주,2025-Q2,cogs
055550,신한지주,2024-Q3,ar
055550,신한지주,2025-Q3,revenue
055550,신한지주,2023-Q4,revenue
055550,신한지주,2024-Q2,inventory
055550,신한지주,2024-Q3,cogs
055550,신한지주,2024-Q4,inventory
055550,신한지주,2025-Q1,current_liab
055550,신한지주,2023-Q3,op_income
055550,신한지주,2024-Q1,current_assets
055550,신한지주,2023-Q3,current_assets
055550,신한지주,2024-Q4,current_liab
055550,신한지주,2024-Q1,ar
055550,신한지주,2024-Q1,cogs
403550,쏘카,2022-Q3,capex
403550,쏘카,2023-Q1,capex
403550,쏘카,2024-Q2,capex
403550,쏘카,2024-Q4,capex
403550,쏘카,2022-Q4,capex
403550,쏘카,2025-Q1,cogs
403550,쏘카,2023-Q4,inventory
403550,쏘카,2024-Q4,cogs
403550,쏘카,2025-Q3,capex
403550,쏘카,2023-Q4,capex
403550,쏘카,2025-Q2,inventory
403550,쏘카,2024-Q3,inventory
403550,쏘카,2025-Q3,cogs
403550,쏘카,2025-Q2,capex
403550,쏘카,2023-Q2,inventory
403550,쏘카,2024-Q1,inventory
403550,쏘카,2024-Q3,capex
403550,쏘카,2025-Q1,inventory
403550,쏘카,2024-Q1,capex
403550,쏘카,2022-Q3,inventory
403550,쏘카,2025-Q2,cogs
403550,쏘카,2023-Q1,inventory
403550,쏘카,2023-Q2,capex
403550,쏘카,2024-Q2,inventory
403550,쏘카,2024-Q4,inventory
403550,쏘카,2023-Q3,capex
403550,쏘카,2022-Q4,inventory
403550,쏘카,2025-Q1,capex
004080,신흥,2023-Q4,ap
004080,신흥,2025-Q1,ap
004080,신흥,2021-Q2,ap
004080,신흥,2021-Q3,ap
004080,신흥,2022-Q2,ap
004080,신흥,2023-Q2,ap
004080,신흥,2022-Q3,ap
004080,신흥,2024-Q1,ap
004080,신흥,2023-Q3,ap
004080,신흥,2024-Q4,ap
004080,신흥,2022-Q4,ap
004770,써니전자,2021-Q4,capex
004770,써니전자,2022-Q3,capex
004770,써니전자,2022-Q1,capex
004770,써니전자,2025-Q2,capex
004770,써니전자,2024-Q3,capex
004770,써니전자,2022-Q4,capex
004770,써니전자,2025-Q3,capex
004770,써니전자,2025-Q1,capex
004770,써니전자,2021-Q2,capex
004770,써니전자,2021-Q3,capex
004770,써니전자,2021-Q1,capex
004770,써니전자,2022-Q2,capex
004920,씨아이테크,2023-Q3,ap
004920,씨아이테크,2023-Q2,ap
102280,쌍방울,2020-Q1,capex
008700,아남전자,2022-Q4,current_liab
008700,아남전자,2022-Q2,current_assets
008700,아남전자,2021-Q1,current_liab
008700,아남전자,2022-Q3,current_assets
008700,아남전자,2021-Q2,current_liab
008700,아남전자,2021-Q3,current_liab
008700,아남전자,2020-Q1,current_liab
008700,아남전자,2020-Q3,current_liab
008700,아남전자,2022-Q4,current_assets
008700,아남전자,2020-Q1,current_assets
008700,아남전자,2021-Q1,current_assets
008700,아남전자,2021-Q2,current_assets
008700,아남전자,2021-Q3,current_assets
008700,아남전자,2020-Q3,current_assets
008700,아남전자,2021-Q4,current_liab
008700,아남전자,2020-Q4,current_liab
008700,아남전자,2021-Q4,current_assets
008700,아남전자,2020-Q2,current_liab
008700,아남전자,2020-Q4,current_assets
008700,아남전자,2022-Q1,current_liab
008700,아남전자,2020-Q2,current_assets
008700,아남전자,2022-Q2,current_liab
008700,아남전자,2022-Q1,current_assets
008700,아남전자,2022-Q3,current_liab
002030,아세아,2025-Q1,ap
002030,아세아,2025-Q3,ap
002030,아세아,2025-Q2,ap
183190,아세아시멘트,2023-Q4,ap
183190,아세아시멘트,2024-Q3,ap
183190,아세아시멘트,2025-Q1,ap
183190,아세아시멘트,2025-Q3,ap
183190,아세아시멘트,2023-Q1,ap
183190,아세아시멘트,2022-Q2,ap
183190,아세아시멘트,2023-Q2,ap
183190,아세아시멘트,2022-Q3,ap
183190,아세아시멘트,2024-Q1,ap
183190,아세아시멘트,2024-Q2,ap
183190,아세아시멘트,2023-Q3,ap
183190,아세아시멘트,2024-Q4,ap
183190,아세아시멘트,2022-Q4,ap
183190,아세아시멘트,2025-Q2,ap
267850,아시아나IDT,2021-Q2,inventory
267850,아시아나IDT,2020-Q3,inventory
267850,아시아나IDT,2025-Q3,inventory
267850,아시아나IDT,2023-Q4,inventory
267850,아시아나IDT,2021-Q4,inventory
267850,아시아나IDT,2021-Q1,inventory
267850,아시아나IDT,2020-Q4,inventory
267850,아시아나IDT,2025-Q2,inventory
267850,아시아나IDT,2024-Q3,inventory
267850,아시아나IDT,2020-Q2,inventory
267850,아시아나IDT,2023-Q2,inventory
267850,아시아나IDT,2024-Q1,inventory
267850,아시아나IDT,2022-Q1,inventory
267850,아시아나IDT,2023-Q3,inventory
267850,아시아나IDT,2025-Q1,inventory
267850,아시아나IDT,2022-Q3,inventory
267850,아시아나IDT,2023-Q1,inventory
267850,아시아나IDT,2022-Q2,inventory
267850,아시아나IDT,2024-Q2,inventory
267850,아시아나IDT,2024-Q4,inventory
267850,아시아나IDT,2022-Q4,inventory
267850,아시아나IDT,2020-Q1,inventory
012170,아센디오,2025-Q3,inventory
012170,아센디오,2025-Q2,inventory
012170,아센디오,2024-Q1,inventory
012170,아센디오,2025-Q1,inventory
031820,아이티센씨티에스,2020-Q1,ap
031820,아이티센씨티에스,2020-Q3,ap
031820,아이티센씨티에스,2020-Q2,ap
298690,에어부산,2023-Q4,ap
298690,에어부산,2024-Q3,ap
298690,에어부산,2023-Q1,ap
298690,에어부산,2022-Q2,ap
298690,에어부산,2024-Q1,net_income
298690,에어부산,2023-Q2,ap
298690,에어부산,2024-Q2,ap
298690,에어부산,2022-Q1,ap
298690,에어부산,2023-Q3,ap
298690,에어부산,2024-Q1,ap
140910,에이리츠,2022-Q3,capex
140910,에이리츠,2023-Q1,capex
140910,에이리츠,2024-Q2,capex
140910,에이리츠,2024-Q4,capex
140910,에이리츠,2022-Q4,capex
140910,에이리츠,2021-Q2,capex
140910,에이리츠,2021-Q3,capex
140910,에이리츠,2020-Q1,capex
140910,에이리츠,2021-Q1,capex
140910,에이리츠,2025-Q3,capex
140910,에이리츠,2020-Q4,inventory
140910,에이리츠,2023-Q4,capex
140910,에이리츠,2021-Q4,capex
140910,에이리츠,2025-Q2,capex
140910,에이리츠,2024-Q3,capex
140910,에이리츠,2024-Q1,capex
140910,에이리츠,2022-Q1,capex
140910,에이리츠,2023-Q2,capex
140910,에이리츠,2023-Q3,capex
140910,에이리츠,2025-Q1,capex
140910,에이리츠,2022-Q2,capex
140910,에이리츠,2021-Q1,inventory
015260,에이엔피,2021-Q2,net_income
019490,엑시큐어하이트론,2022-Q3,capex
019490,엑시큐어하이트론,2023-Q1,capex
019490,엑시큐어하이트론,2024-Q2,capex
019490,엑시큐어하이트론,2024-Q4,capex
019490,엑시큐어하이트론,2022-Q4,capex
019490,엑시큐어하이트론,2021-Q2,capex
019490,엑시큐어하이트론,2021-Q3,capex
019490,엑시큐어하이트론,2020-Q1,capex
019490,엑시큐어하이트론,2021-Q1,capex
019490,엑시큐어하이트론,2020-Q3,capex
019490,엑시큐어하이트론,2025-Q3,capex
019490,엑시큐어하이트론,2023-Q4,capex
019490,엑시큐어하이트론,2021-Q4,capex
019490,엑시큐어하이트론,2020-Q4,capex
019490,엑시큐어하이트론,2025-Q2,capex
019490,엑시큐어하이트론,2024-Q3,capex
019490,엑시큐어하이트론,2024-Q1,capex
019490,엑시큐어하이트론,2022-Q1,capex
019490,엑시큐어하이트론,2020-Q2,capex
019490,엑시큐어하이트론,2023-Q2,capex
019490,엑시큐어하이트론,2023-Q3,capex
019490,엑시큐어하이트론,2025-Q1,capex
019490,엑시큐어하이트론,2022-Q2,capex
085310,엔케이,2024-Q3,ap
085310,엔케이,2020-Q2,ap
085310,엔케이,2023-Q2,ap
085310,엔케이,2024-Q1,ap
085310,엔케이,2023-Q3,ap
085310,엔케이,2022-Q1,ap
085310,엔케이,2025-Q1,ap
085310,엔케이,2023-Q1,ap
085310,엔케이,2022-Q2,ap
085310,엔케이,2024-Q2,ap
085310,엔케이,2022-Q3,ap
085310,엔케이,2024-Q4,ap
085310,엔케이,2022-Q4,ap
085310,엔케이,2021-Q1,ap
085310,엔케이,2021-Q2,ap
085310,엔케이,2021-Q3,ap
085310,엔케이,2020-Q1,ap
085310,엔케이,2020-Q3,ap
085310,엔케이,2025-Q3,ap
085310,엔케이,2023-Q4,ap
085310,엔케이,2021-Q4,ap
085310,엔케이,2020-Q4,ap
085310,엔케이,2025-Q2,ap
036570,엔씨소프트,2025-Q1,cogs
036570,엔씨소프트,2020-Q2,ap
036570,엔씨소프트,2023-Q2,ap
036570,엔씨소프트,2023-Q3,ap
036570,엔씨소프트,2022-Q1,ap
036570,엔씨소프트,2024-Q4,cogs
036570,엔씨소프트,2024-Q2,cogs
036570,엔씨소프트,2023-Q1,ap
036570,엔씨소프트,2022-Q2,ap
036570,엔씨소프트,2022-Q3,ap
036570,엔씨소프트,2022-Q4,ap
036570,엔씨소프트,2025-Q3,cogs
036570,엔씨소프트,2023-Q4,cogs
036570,엔씨소프트,2021-Q1,ap
036570,엔씨소프트,2021-Q2,ap
036570,엔씨소프트,2021-Q3,ap
036570,엔씨소프트,2020-Q3,ap
036570,엔씨소프트,2025-Q2,cogs
036570,엔씨소프트,2024-Q3,cogs
036570,엔씨소프트,2021-Q4,ap
036570,엔씨소프트,2020-Q4,ap
036570,엔씨소프트,2024-Q1,cogs
316140,우리금융지주,2025-Q1,current_assets
316140,우리금융지주,2023-Q3,cogs
316140,우리금융지주,2024-Q3,ap
316140,우리금융지주,2023-Q3,ar
316140,우리금융지주,2025-Q2,revenue
316140,우리금융지주,2025-Q1,ar
316140,우리금융지주,2024-Q3,revenue
316140,우리금융지주,2025-Q1,cogs
316140,우리금융지주,2024-Q2,current_assets
316140,우리금융지주,2024-Q4,current_assets
316140,우리금융지주,2023-Q4,inventory
316140,우리금융지주,2025-Q3,inventory
316140,우리금융지주,2024-Q1,ap
316140,우리금융지주,2023-Q3,ap
316140,우리금융지주,2024-Q4,cogs
316140,우리금융지주,2024-Q2,ar
316140,우리금융지주,2024-Q4,ar
316140,우리금융지주,2024-Q1,revenue
316140,우리금융지주,2025-Q3,current_liab
316140,우리금융지주,2023-Q4,current_liab
316140,우리금융지주,2023-Q3,revenue
316140,우리금융지주,2024-Q2,cogs
316140,우리금융지주,2025-Q1,ap
316140,우리금융지주,2025-Q1,revenue
316140,우리금융지주,2025-Q2,inventory
316140,우리금융지주,2024-Q2,ap
316140,우리금융지주,2024-Q4,ap
316140,우리금융지주,2024-Q3,inventory
316140,우리금융지주,2025-Q3,current_assets
316140,우리금융지주,2023-Q4,current_assets
316140,우리금융지주,2024-Q2,revenue
316140,우리금융지주,2024-Q4,revenue
316140,우리금융지주,2025-Q2,current_liab
316140,우리금융지주,2025-Q2,ap
316140,우리금융지주,2025-Q3,cogs
316140,우리금융지주,2024-Q3,current_liab
316140,우리금융지주,2023-Q4,cogs
316140,우리금융지주,2025-Q3,ar
316140,우리금융지주,2023-Q4,ar
316140,우리금융지주,2024-Q1,inventory
316140,우리금융지주,2023-Q3,inventory
316140,우리금융지주,2024-Q1,current_liab
316140,우리금융지주,2024-Q2,current_liab
316140,우리금융지주,2023-Q3,current_liab
316140,우리금융지주,2025-Q1,inventory
316140,우리금융지주,2025-Q2,current_assets
316140,우리금융지주,2023-Q4,ap
316140,우리금융지주,2024-Q3,current_assets
316140,우리금융지주,2025-Q2,ar
316140,우리금융지주,2025-Q3,ap
316140,우리금융지주,2025-Q2,cogs
316140,우리금융지주,2024-Q3,ar
316140,우리금융지주,2025-Q3,revenue
316140,우리금융지주,2023-Q4,revenue
316140,우리금융지주,2024-Q2,inventory
316140,우리금융지주,2024-Q3,cogs
316140,우리금융지주,2024-Q4,inventory
316140,우리금융지주,2025-Q1,current_liab
316140,우리금융지주,2024-Q1,current_assets
316140,우리금융지주,2023-Q3,current_assets
316140,우리금융지주,2024-Q4,current_liab
316140,우리금융지주,2024-Q1,ar
316140,우리금융지주,2024-Q1,cogs
012280,영화금속,2020-Q1,capex
012280,영화금속,2022-Q3,capex
012280,영화금속,2024-Q1,capex
012280,영화금속,2023-Q1,capex
012280,영화금속,2022-Q1,capex
012280,영화금속,2020-Q3,capex
012280,영화금속,2020-Q2,capex
012280,영화금속,2023-Q2,capex
012280,영화금속,2024-Q2,capex
012280,영화금속,2025-Q2,capex
012280,영화금속,2023-Q3,capex
012280,영화금속,2024-Q3,capex
012280,영화금속,2025-Q3,capex
012280,영화금속,2025-Q1,capex
012280,영화금속,2021-Q2,capex
012280,영화금속,2021-Q3,capex
012280,영화금속,2021-Q1,capex
012280,영화금속,2022-Q2,capex
002630,오리엔트바이오,2021-Q1,ap
002630,오리엔트바이오,2021-Q2,ap
002630,오리엔트바이오,2021-Q3,ap
002630,오리엔트바이오,2021-Q4,ap
002630,오리엔트바이오,2022-Q1,ap
005320,온타이드,2022-Q3,capex
005320,온타이드,2023-Q1,capex
005320,온타이드,2024-Q2,capex
005320,온타이드,2024-Q4,capex
005320,온타이드,2022-Q4,capex
005320,온타이드,2021-Q2,capex
005320,온타이드,2021-Q3,capex
005320,온타이드,2021-Q1,capex
005320,온타이드,2025-Q3,capex
005320,온타이드,2023-Q4,capex
005320,온타이드,2021-Q4,capex
005320,온타이드,2025-Q2,capex
005320,온타이드,2024-Q3,capex
005320,온타이드,2024-Q1,capex
005320,온타이드,2022-Q1,capex
005320,온타이드,2023-Q2,capex
005320,온타이드,2023-Q3,capex
005320,온타이드,2025-Q1,capex
005320,온타이드,2022-Q2,capex
001800,오리온홀딩스,2021-Q1,interest_expense
001800,오리온홀딩스,2024-Q3,ap
001800,오리온홀딩스,2021-Q2,interest_expense
001800,오리온홀딩스,2021-Q3,interest_expense
001800,오리온홀딩스,2024-Q1,ap
001800,오리온홀딩스,2025-Q3,interest_expense
001800,오리온홀딩스,2023-Q4,interest_expense
001800,오리온홀딩스,2025-Q1,ap
001800,오리온홀딩스,2021-Q4,interest_expense
001800,오리온홀딩스,2024-Q2,ap
001800,오리온홀딩스,2024-Q4,ap
001800,오리온홀딩스,2025-Q2,interest_expense
001800,오리온홀딩스,2024-Q3,interest_expense
001800,오리온홀딩스,2024-Q1,interest_expense
001800,오리온홀딩스,2022-Q1,interest_expense
001800,오리온홀딩스,2023-Q3,interest_expense
001800,오리온홀딩스,2023-Q2,interest_expense
001800,오리온홀딩스,2025-Q3,ap
001800,오리온홀딩스,2025-Q1,interest_expense
001800,오리온홀딩스,2023-Q1,interest_expense
001800,오리온홀딩스,2022-Q2,interest_expense
001800,오리온홀딩스,2022-Q3,interest_expense
001800,오리온홀딩스,2024-Q4,interest_expense
001800,오리온홀딩스,2024-Q2,interest_expense
001800,오리온홀딩스,2022-Q4,interest_expense
001800,오리온홀딩스,2025-Q2,ap
271560,오리온,2021-Q1,interest_expense
271560,오리온,2021-Q2,interest_expense
271560,오리온,2021-Q3,interest_expense
271560,오리온,2020-Q1,interest_expense
271560,오리온,2020-Q3,interest_expense
271560,오리온,2025-Q3,interest_expense
271560,오리온,2023-Q4,interest_expense
271560,오리온,2025-Q1,ap
271560,오리온,2021-Q4,interest_expense
271560,오리온,2025-Q2,inventory
271560,오리온,2020-Q4,interest_expense
271560,오리온,2024-Q4,ap
271560,오리온,2025-Q2,interest_expense
271560,오리온,2024-Q3,interest_expense
271560,오리온,2025-Q2,current_liab
271560,오리온,2020-Q2,interest_expense
271560,오리온,2024-Q1,interest_expense
271560,오리온,2025-Q2,total_equity
271560,오리온,2022-Q1,interest_expense
271560,오리온,2023-Q3,interest_expense
271560,오리온,2023-Q2,interest_expense
271560,오리온,2025-Q2,total_assets
271560,오리온,2025-Q2,current_assets
271560,오리온,2025-Q3,ap
271560,오리온,2025-Q2,total_liab
271560,오리온,2025-Q2,ar
271560,오리온,2025-Q1,interest_expense
271560,오리온,2023-Q1,interest_expense
271560,오리온,2022-Q2,interest_expense
271560,오리온,2022-Q3,interest_expense
271560,오리온,2024-Q4,interest_expense
271560,오리온,2024-Q2,interest_expense
271560,오리온,2022-Q4,interest_expense
271560,오리온,2025-Q2,ap
017370,우신시스템,2020-Q1,ap
017370,우신시스템,2023-Q1,ap
017370,우신시스템,2020-Q3,ap
017370,우신시스템,2020-Q2,ap
017370,우신시스템,2022-Q3,ap
017370,우신시스템,2022-Q1,ap
010600,웰바이오텍,2024-Q4,inventory
010600,웰바이오텍,2025-Q3,inventory
010600,웰바이오텍,2025-Q2,inventory
010600,웰바이오텍,2025-Q1,inventory
000910,유니온,2024-Q2,net_income
003470,유안타증권,2025-Q1,current_assets
003470,유안타증권,2023-Q3,cogs
003470,유안타증권,2024-Q3,ap
003470,유안타증권,2023-Q3,ar
003470,유안타증권,2024-Q4,op_income
003470,유안타증권,2024-Q2,op_income
003470,유안타증권,2025-Q1,ar
003470,유안타증권,2025-Q1,cogs
003470,유안타증권,2024-Q2,current_assets
003470,유안타증권,2024-Q4,current_assets
003470,유안타증권,2023-Q4,inventory
003470,유안타증권,2025-Q3,inventory
003470,유안타증권,2024-Q1,ap
003470,유안타증권,2023-Q3,ap
003470,유안타증권,2024-Q4,cogs
003470,유안타증권,2024-Q2,ar
003470,유안타증권,2024-Q4,ar
003470,유안타증권,2025-Q3,current_liab
003470,유안타증권,2023-Q4,current_liab
003470,유안타증권,2024-Q2,cogs
003470,유안타증권,2025-Q1,ap
003470,유안타증권,2025-Q3,op_income
003470,유안타증권,2025-Q2,inventory
003470,유안타증권,2023-Q4,op_income
003470,유안타증권,2024-Q2,ap
003470,유안타증권,2024-Q4,ap
003470,유안타증권,2024-Q3,inventory
003470,유안타증권,2025-Q3,current_assets
003470,유안타증권,2023-Q4,current_assets
003470,유안타증권,2025-Q2,ap
003470,유안타증권,2025-Q2,current_liab
003470,유안타증권,2025-Q3,cogs
003470,유안타증권,2024-Q3,current_liab
003470,유안타증권,2023-Q4,cogs
003470,유안타증권,2025-Q3,ar
003470,유안타증권,2023-Q4,ar
003470,유안타증권,2024-Q1,inventory
003470,유안타증권,2025-Q2,op_income
003470,유안타증권,2023-Q3,inventory
003470,유안타증권,2024-Q3,op_income
003470,유안타증권,2024-Q1,current_liab
003470,유안타증권,2024-Q2,current_liab
003470,유안타증권,2023-Q3,current_liab
003470,유안타증권,2025-Q1,inventory
003470,유안타증권,2025-Q2,current_assets
003470,유안타증권,2023-Q4,ap
003470,유안타증권,2024-Q3,current_assets
003470,유안타증권,2025-Q2,ar
003470,유안타증권,2025-Q3,ap
003470,유안타증권,2024-Q1,op_income
003470,유안타증권,2024-Q3,ar
003470,유안타증권,2025-Q2,cogs
003470,유안타증권,2024-Q2,inventory
003470,유안타증권,2024-Q3,cogs
003470,유안타증권,2024-Q4,inventory
003470,유안타증권,2025-Q1,current_liab
003470,유안타증권,2023-Q3,op_income
003470,유안타증권,2024-Q1,current_assets
003470,유안타증권,2025-Q1,op_income
003470,유안타증권,2023-Q3,current_assets
003470,유안타증권,2024-Q4,current_liab
003470,유안타증권,2024-Q1,ar
003470,유안타증권,2024-Q1,cogs
001200,유진투자증권,2025-Q1,current_assets
001200,유진투자증권,2023-Q3,cogs
001200,유진투자증권,2024-Q3,ap
001200,유진투자증권,2023-Q3,ar
001200,유진투자증권,2024-Q4,op_income
001200,유진투자증권,2024-Q2,op_income
001200,유진투자증권,2025-Q1,ar
001200,유진투자증권,2025-Q1,cogs
001200,유진투자증권,2024-Q2,current_assets
001200,유진투자증권,2024-Q4,current_assets
001200,유진투자증권,2023-Q4,inventory
001200,유진투자증권,2025-Q3,inventory
001200,유진투자증권,2024-Q1,ap
001200,유진투자증권,2023-Q3,ap
001200,유진투자증권,2024-Q4,cogs
001200,유진투자증권,2024-Q2,ar
001200,유진투자증권,2024-Q4,ar
001200,유진투자증권,2025-Q3,current_liab
001200,유진투자증권,2023-Q4,current_liab
001200,유진투자증권,2024-Q2,cogs
001200,유진투자증권,2025-Q1,ap
001200,유진투자증권,2025-Q3,op_income
001200,유진투자증권,2025-Q2,inventory
001200,유진투자증권,2023-Q4,op_income
001200,유진투자증권,2024-Q2,ap
001200,유진투자증권,2024-Q4,ap
001200,유진투자증권,2024-Q3,inventory
001200,유진투자증권,2025-Q3,current_assets
001200,유진투자증권,2023-Q4,current_assets
001200,유진투자증권,2025-Q2,ap
001200,유진투자증권,2025-Q2,current_liab
001200,유진투자증권,2025-Q3,cogs
001200,유진투자증권,2024-Q3,current_liab
001200,유진투자증권,2023-Q4,cogs
001200,유진투자증권,2025-Q3,ar
001200,유진투자증권,2023-Q4,ar
001200,유진투자증권,2024-Q1,inventory
001200,유진투자증권,2025-Q2,op_income
001200,유진투자증권,2023-Q3,inventory
001200,유진투자증권,2024-Q3,op_income
001200,유진투자증권,2024-Q1,current_liab
001200,유진투자증권,2024-Q2,current_liab
001200,유진투자증권,2023-Q3,current_liab
001200,유진투자증권,2025-Q1,inventory
001200,유진투자증권,2025-Q2,current_assets
001200,유진투자증권,2023-Q4,ap
001200,유진투자증권,2024-Q3,current_assets
001200,유진투자증권,2025-Q2,ar
001200,유진투자증권,2025-Q3,ap
001200,유진투자증권,2024-Q1,op_income
001200,유진투자증권,2024-Q3,ar
001200,유진투자증권,2025-Q2,cogs
001200,유진투자증권,2024-Q2,inventory
001200,유진투자증권,2024-Q3,cogs
001200,유진투자증권,2024-Q4,inventory
001200,유진투자증권,2025-Q1,current_liab
001200,유진투자증권,2023-Q3,op_income
001200,유진투자증권,2024-Q1,current_assets
001200,유진투자증권,2025-Q1,op_income
001200,유진투자증권,2023-Q3,current_assets
001200,유진투자증권,2024-Q4,current_liab
001200,유진투자증권,2024-Q1,ar
001200,유진투자증권,2024-Q1,cogs
011330,유니켐,2024-Q1,capex
003460,유화증권,2025-Q1,current_assets
003460,유화증권,2023-Q3,cogs
003460,유화증권,2024-Q3,ap
003460,유화증권,2023-Q3,ar
003460,유화증권,2024-Q4,op_income
003460,유화증권,2025-Q2,revenue
003460,유화증권,2024-Q2,op_income
003460,유화증권,2025-Q1,ar
003460,유화증권,2024-Q3,revenue
003460,유화증권,2025-Q1,cogs
003460,유화증권,2024-Q2,current_assets
003460,유화증권,2024-Q4,current_assets
003460,유화증권,2023-Q4,inventory
003460,유화증권,2025-Q3,inventory
003460,유화증권,2024-Q1,ap
003460,유화증권,2023-Q3,ap
003460,유화증권,2024-Q4,cogs
003460,유화증권,2024-Q2,ar
003460,유화증권,2023-Q4,interest_expense
003460,유화증권,2024-Q1,revenue
003460,유화증권,2024-Q4,ar
003460,유화증권,2023-Q4,current_liab
003460,유화증권,2023-Q3,revenue
003460,유화증권,2024-Q2,cogs
003460,유화증권,2025-Q3,current_liab
003460,유화증권,2025-Q1,ap
003460,유화증권,2025-Q3,op_income
003460,유화증권,2025-Q1,revenue
003460,유화증권,2025-Q2,inventory
003460,유화증권,2023-Q4,op_income
003460,유화증권,2024-Q2,ap
003460,유화증권,2024-Q4,ap
003460,유화증권,2024-Q3,inventory
003460,유화증권,2025-Q3,current_assets
003460,유화증권,2023-Q4,current_assets
003460,유화증권,2024-Q2,revenue
003460,유화증권,2024-Q4,revenue
003460,유화증권,2025-Q2,current_liab
003460,유화증권,2025-Q2,ap
003460,유화증권,2025-Q3,cogs
003460,유화증권,2024-Q3,current_liab
003460,유화증권,2023-Q4,cogs
003460,유화증권,2025-Q3,ar
003460,유화증권,2023-Q4,ar
003460,유화증권,2024-Q1,inventory
003460,유화증권,2025-Q2,op_income
003460,유화증권,2023-Q3,inventory
003460,유화증권,2024-Q1,interest_expense
003460,유화증권,2024-Q3,op_income
003460,유화증권,2024-Q1,current_liab
003460,유화증권,2024-Q2,current_liab
003460,유화증권,2023-Q3,current_liab
003460,유화증권,2025-Q1,inventory
003460,유화증권,2025-Q2,current_assets
003460,유화증권,2023-Q4,ap
003460,유화증권,2024-Q3,current_assets
003460,유화증권,2025-Q2,ar
003460,유화증권,2025-Q3,ap
003460,유화증권,2024-Q1,op_income
003460,유화증권,2024-Q3,ar
003460,유화증권,2025-Q2,cogs
003460,유화증권,2025-Q3,revenue
003460,유화증권,2023-Q4,revenue
003460,유화증권,2024-Q2,inventory
003460,유화증권,2024-Q3,cogs
003460,유화증권,2024-Q4,inventory
003460,유화증권,2025-Q1,current_liab
003460,유화증권,2023-Q3,op_income
003460,유화증권,2024-Q1,current_assets
003460,유화증권,2025-Q1,op_income
003460,유화증권,2023-Q3,current_assets
003460,유화증권,2024-Q4,current_liab
003460,유화증권,2024-Q1,ar
003460,유화증권,2024-Q1,cogs
000700,유수홀딩스,2022-Q3,inventory
000700,유수홀딩스,2023-Q1,inventory
000700,유수홀딩스,2022-Q2,inventory
000700,유수홀딩스,2023-Q2,inventory
000700,유수홀딩스,2024-Q2,inventory
000700,유수홀딩스,2024-Q1,inventory
000700,유수홀딩스,2024-Q4,inventory
000700,유수홀딩스,2022-Q1,inventory
000700,유수홀딩스,2023-Q3,inventory
000700,유수홀딩스,2025-Q2,inventory
000700,유수홀딩스,2025-Q3,inventory
000700,유수홀딩스,2023-Q4,inventory
000700,유수홀딩스,2024-Q3,inventory
000700,유수홀딩스,2025-Q1,inventory
072130,유엔젤,2021-Q2,inventory
072130,유엔젤,2021-Q3,inventory
072130,유엔젤,2020-Q2,inventory
072130,유엔젤,2020-Q3,inventory
072130,유엔젤,2020-Q1,inventory
072130,유엔젤,2020-Q4,inventory
072130,유엔젤,2021-Q1,inventory
088260,이리츠코크렙,2025-Q4,cogs
088260,이리츠코크렙,2021-Q2,inventory
088260,이리츠코크렙,2023-Q2,cogs
088260,이리츠코크렙,2024-Q2,capex
088260,이리츠코크렙,2024-Q4,capex
088260,이리츠코크렙,2022-Q4,capex
088260,이리츠코크렙,2023-Q4,inventory
088260,이리츠코크렙,2022-Q2,cogs
088260,이리츠코크렙,2021-Q2,capex
088260,이리츠코크렙,2024-Q4,cogs
088260,이리츠코크렙,2024-Q2,cogs
088260,이리츠코크렙,2022-Q4,cogs
088260,이리츠코크렙,2021-Q4,inventory
088260,이리츠코크렙,2020-Q4,inventory
088260,이리츠코크렙,2023-Q4,capex
088260,이리츠코크렙,2025-Q2,inventory
088260,이리츠코크렙,2021-Q2,cogs
088260,이리츠코크렙,2021-Q4,capex
088260,이리츠코크렙,2020-Q4,capex
088260,이리츠코크렙,2023-Q4,cogs
088260,이리츠코크렙,2020-Q2,inventory
088260,이리츠코크렙,2023-Q2,inventory
088260,이리츠코크렙,2025-Q2,capex
088260,이리츠코크렙,2025-Q4,inventory
088260,이리츠코크렙,2021-Q4,cogs
088260,이리츠코크렙,2020-Q4,cogs
088260,이리츠코크렙,2025-Q2,cogs
088260,이리츠코크렙,2020-Q2,capex
088260,이리츠코크렙,2022-Q2,inventory
088260,이리츠코크렙,2023-Q2,capex
088260,이리츠코크렙,2024-Q2,inventory
088260,이리츠코크렙,2024-Q4,inventory
088260,이리츠코크렙,2025-Q4,capex
088260,이리츠코크렙,2022-Q4,inventory
088260,이리츠코크렙,2020-Q2,cogs
088260,이리츠코크렙,2022-Q2,capex
007660,이수페타시스,2023-Q4,capex
007660,이수페타시스,2023-Q3,capex
007660,이수페타시스,2020-Q3,capex
214320,이노션,2021-Q2,inventory
214320,이노션,2021-Q3,inventory
214320,이노션,2020-Q3,inventory
214320,이노션,2025-Q3,inventory
214320,이노션,2023-Q4,inventory
214320,이노션,2021-Q4,inventory
214320,이노션,2021-Q1,inventory
214320,이노션,2020-Q4,inventory
214320,이노션,2025-Q2,inventory
214320,이노션,2024-Q3,inventory
214320,이노션,2020-Q2,inventory
214320,이노션,2023-Q2,inventory
214320,이노션,2024-Q1,inventory
214320,이노션,2022-Q1,inventory
214320,이노션,2023-Q3,inventory
214320,이노션,2025-Q1,inventory
214320,이노션,2022-Q3,inventory
214320,이노션,2023-Q1,inventory
214320,이노션,2022-Q2,inventory
214320,이노션,2024-Q2,inventory
214320,이노션,2024-Q4,inventory
214320,이노션,2022-Q4,inventory
214320,이노션,2020-Q1,inventory
139480,이마트,2023-Q2,cfo
139480,이마트,2021-Q1,cfo
139480,이마트,2021-Q2,cfo
139480,이마트,2021-Q3,cfo
139480,이마트,2020-Q1,cfo
139480,이마트,2023-Q1,cfo
139480,이마트,2022-Q2,cfo
139480,이마트,2020-Q2,cfo
139480,이마트,2021-Q4,cfo
139480,이마트,2022-Q3,cfo
139480,이마트,2022-Q1,cfo
139480,이마트,2020-Q3,cfo
139480,이마트,2020-Q4,cfo
139480,이마트,2022-Q4,cfo
139480,이마트,2023-Q3,cfo
350520,이지스레지던스리츠,2025-Q4,cogs
350520,이지스레지던스리츠,2021-Q2,inventory
350520,이지스레지던스리츠,2023-Q2,cogs
350520,이지스레지던스리츠,2024-Q2,capex
350520,이지스레지던스리츠,2024-Q4,capex
350520,이지스레지던스리츠,2022-Q4,capex
350520,이지스레지던스리츠,2023-Q4,inventory
350520,이지스레지던스리츠,2022-Q2,cogs
350520,이지스레지던스리츠,2021-Q2,capex
350520,이지스레지던스리츠,2024-Q4,cogs
350520,이지스레지던스리츠,2023-Q4,interest_expense
350520,이지스레지던스리츠,2024-Q2,cogs
350520,이지스레지던스리츠,2022-Q4,cogs
350520,이지스레지던스리츠,2021-Q4,inventory
350520,이지스레지던스리츠,2020-Q4,inventory
350520,이지스레지던스리츠,2023-Q4,capex
350520,이지스레지던스리츠,2025-Q2,inventory
350520,이지스레지던스리츠,2020-Q4,interest_expense
350520,이지스레지던스리츠,2021-Q2,cogs
350520,이지스레지던스리츠,2021-Q4,capex
350520,이지스레지던스리츠,2020-Q4,capex
350520,이지스레지던스리츠,2023-Q4,cogs
350520,이지스레지던스리츠,2020-Q2,inventory
350520,이지스레지던스리츠,2023-Q2,inventory
350520,이지스레지던스리츠,2025-Q2,capex
350520,이지스레지던스리츠,2020-Q2,interest_expense
350520,이지스레지던스리츠,2025-Q4,inventory
350520,이지스레지던스리츠,2023-Q2,interest_expense
350520,이지스레지던스리츠,2021-Q4,cogs
350520,이지스레지던스리츠,2020-Q4,cogs
350520,이지스레지던스리츠,2025-Q2,cogs
350520,이지스레지던스리츠,2020-Q2,capex
350520,이지스레지던스리츠,2022-Q2,inventory
350520,이지스레지던스리츠,2023-Q2,capex
350520,이지스레지던스리츠,2024-Q2,inventory
350520,이지스레지던스리츠,2022-Q2,interest_expense
350520,이지스레지던스리츠,2024-Q4,inventory
350520,이지스레지던스리츠,2025-Q4,capex
350520,이지스레지던스리츠,2024-Q4,interest_expense
350520,이지스레지던스리츠,2022-Q4,inventory
350520,이지스레지던스리츠,2022-Q4,interest_expense
350520,이지스레지던스리츠,2020-Q2,cogs
350520,이지스레지던스리츠,2022-Q2,capex
015020,이스타코,2023-Q1,capex
015020,이스타코,2024-Q3,ap
015020,이스타코,2020-Q2,ap
015020,이스타코,2023-Q2,ap
015020,이스타코,2024-Q1,ap
015020,이스타코,2023-Q3,ap
015020,이스타코,2022-Q1,ap
015020,이스타코,2025-Q1,ap
015020,이스타코,2023-Q1,ap
015020,이스타코,2022-Q2,ap
015020,이스타코,2024-Q2,ap
015020,이스타코,2022-Q3,ap
015020,이스타코,2024-Q4,ap
015020,이스타코,2022-Q4,ap
015020,이스타코,2021-Q1,ap
015020,이스타코,2021-Q2,ap
015020,이스타코,2021-Q3,ap
015020,이스타코,2020-Q1,ap
015020,이스타코,2020-Q3,ap
015020,이스타코,2025-Q3,ap
015020,이스타코,2023-Q4,ap
015020,이스타코,2023-Q2,capex
015020,이스타코,2021-Q4,ap
015020,이스타코,2020-Q4,ap
015020,이스타코,2025-Q2,ap
334890,이지스밸류플러스리츠,2021-Q2,inventory
334890,이지스밸류플러스리츠,2024-Q2,capex
334890,이지스밸류플러스리츠,2024-Q4,capex
334890,이지스밸류플러스리츠,2022-Q4,capex
334890,이지스밸류플러스리츠,2023-Q4,inventory
334890,이지스밸류플러스리츠,2021-Q2,capex
334890,이지스밸류플러스리츠,2021-Q4,inventory
334890,이지스밸류플러스리츠,2020-Q4,inventory
334890,이지스밸류플러스리츠,2025-Q2,inventory
334890,이지스밸류플러스리츠,2021-Q4,capex
334890,이지스밸류플러스리츠,2020-Q4,capex
334890,이지스밸류플러스리츠,2020-Q2,inventory
334890,이지스밸류플러스리츠,2023-Q2,inventory
334890,이지스밸류플러스리츠,2025-Q2,capex
334890,이지스밸류플러스리츠,2020-Q2,interest_expense
334890,이지스밸류플러스리츠,2025-Q4,inventory
334890,이지스밸류플러스리츠,2021-Q4,cogs
334890,이지스밸류플러스리츠,2025-Q2,cogs
334890,이지스밸류플러스리츠,2020-Q2,capex
334890,이지스밸류플러스리츠,2022-Q2,inventory
334890,이지스밸류플러스리츠,2023-Q2,capex
334890,이지스밸류플러스리츠,2024-Q2,inventory
334890,이지스밸류플러스리츠,2024-Q4,inventory
334890,이지스밸류플러스리츠,2025-Q4,capex
334890,이지스밸류플러스리츠,2022-Q4,inventory
334890,이지스밸류플러스리츠,2022-Q2,capex
334890,이지스밸류플러스리츠,2021-Q4,revenue
084680,이월드,2024-Q3,ap
084680,이월드,2020-Q2,ap
084680,이월드,2023-Q2,ap
084680,이월드,2024-Q1,ap
084680,이월드,2023-Q3,ap
084680,이월드,2022-Q1,ap
084680,이월드,2025-Q1,ap
084680,이월드,2023-Q1,ap
084680,이월드,2022-Q2,ap
084680,이월드,2024-Q2,ap
084680,이월드,2022-Q3,ap
084680,이월드,2024-Q4,ap
084680,이월드,2022-Q4,ap
084680,이월드,2021-Q1,ap
084680,이월드,2021-Q2,ap
084680,이월드,2021-Q3,ap
084680,이월드,2020-Q1,ap
084680,이월드,2020-Q3,ap
084680,이월드,2025-Q3,ap
084680,이월드,2023-Q4,ap
084680,이월드,2021-Q4,ap
084680,이월드,2020-Q4,ap
084680,이월드,2025-Q2,ap
102460,이연제약,2020-Q1,capex
102460,이연제약,2024-Q3,interest_expense
101140,인바이오젠,2023-Q2,capex
101140,인바이오젠,2023-Q1,capex
101140,인바이오젠,2023-Q3,capex
023810,인팩,2023-Q4,net_income
023810,인팩,2021-Q1,net_income
023810,인팩,2025-Q1,net_income
023810,인팩,2024-Q3,net_income
023810,인팩,2021-Q2,net_income
023810,인팩,2021-Q3,net_income
023810,인팩,2024-Q4,net_income
023810,인팩,2022-Q2,net_income
023810,인팩,2021-Q4,net_income
023810,인팩,2022-Q3,net_income
023810,인팩,2024-Q1,net_income
023810,인팩,2023-Q1,net_income
023810,인팩,2024-Q2,net_income
023810,인팩,2022-Q1,net_income
023810,인팩,2020-Q4,net_income
023810,인팩,2022-Q4,net_income
023810,인팩,2023-Q3,net_income
023810,인팩,2023-Q2,net_income
013360,일성건설,2022-Q3,capex
013360,일성건설,2023-Q1,capex
013360,일성건설,2024-Q2,capex
013360,일성건설,2024-Q4,capex
013360,일성건설,2022-Q4,capex
013360,일성건설,2021-Q2,capex
013360,일성건설,2021-Q3,capex
013360,일성건설,2020-Q1,capex
013360,일성건설,2021-Q1,capex
013360,일성건설,2020-Q3,capex
013360,일성건설,2025-Q3,capex
013360,일성건설,2023-Q4,capex
013360,일성건설,2021-Q4,capex
013360,일성건설,2020-Q4,capex
013360,일성건설,2025-Q2,capex
013360,일성건설,2024-Q3,capex
013360,일성건설,2024-Q1,capex
013360,일성건설,2022-Q1,capex
013360,일성건설,2020-Q2,capex
013360,일성건설,2023-Q2,capex
013360,일성건설,2023-Q3,capex
013360,일성건설,2025-Q1,capex
013360,일성건설,2022-Q2,capex
007110,일신석재,2021-Q4,capex
007110,일신석재,2020-Q1,capex
007110,일신석재,2022-Q3,capex
007110,일신석재,2023-Q1,capex
007110,일신석재,2022-Q1,capex
007110,일신석재,2020-Q3,capex
007110,일신석재,2020-Q4,capex
007110,일신석재,2020-Q2,capex
007110,일신석재,2023-Q2,capex
007110,일신석재,2023-Q3,capex
007110,일신석재,2022-Q4,capex
007110,일신석재,2023-Q4,capex
007110,일신석재,2021-Q2,capex
007110,일신석재,2021-Q3,capex
007110,일신석재,2021-Q1,capex
007110,일신석재,2022-Q2,capex
008500,일정실업,2024-Q1,capex
081000,일진다이아,2022-Q3,capex
081000,일진다이아,2023-Q1,capex
081000,일진다이아,2024-Q2,capex
081000,일진다이아,2024-Q4,capex
081000,일진다이아,2022-Q4,capex
081000,일진다이아,2021-Q2,capex
081000,일진다이아,2021-Q3,capex
081000,일진다이아,2020-Q3,capex
081000,일진다이아,2025-Q3,capex
081000,일진다이아,2023-Q4,capex
081000,일진다이아,2021-Q4,capex
081000,일진다이아,2020-Q4,capex
081000,일진다이아,2025-Q2,capex
081000,일진다이아,2024-Q3,capex
081000,일진다이아,2024-Q1,capex
081000,일진다이아,2022-Q1,capex
081000,일진다이아,2020-Q2,capex
081000,일진다이아,2023-Q2,capex
081000,일진다이아,2023-Q3,capex
081000,일진다이아,2025-Q1,capex
081000,일진다이아,2022-Q2,capex
020760,일진디스플,2023-Q2,capex
020760,일진디스플,2023-Q1,capex
103590,일진전기,2024-Q4,ar
103590,일진전기,2025-Q2,ar
103590,일진전기,2025-Q3,ar
103590,일진전기,2021-Q1,ap
103590,일진전기,2025-Q1,ap
103590,일진전기,2025-Q1,ar
103590,일진전기,2025-Q3,ap
103590,일진전기,2024-Q4,ap
103590,일진전기,2025-Q2,ap
317400,자이에스앤디,2022-Q3,capex
317400,자이에스앤디,2023-Q1,capex
317400,자이에스앤디,2024-Q2,capex
317400,자이에스앤디,2024-Q4,capex
317400,자이에스앤디,2021-Q2,capex
317400,자이에스앤디,2021-Q3,capex
317400,자이에스앤디,2020-Q1,capex
317400,자이에스앤디,2021-Q1,capex
317400,자이에스앤디,2020-Q3,capex
317400,자이에스앤디,2025-Q3,capex
317400,자이에스앤디,2023-Q4,capex
317400,자이에스앤디,2021-Q4,capex
317400,자이에스앤디,2020-Q4,capex
317400,자이에스앤디,2025-Q2,capex
317400,자이에스앤디,2024-Q3,capex
317400,자이에스앤디,2024-Q1,capex
317400,자이에스앤디,2022-Q1,capex
317400,자이에스앤디,2020-Q2,capex
317400,자이에스앤디,2023-Q2,capex
317400,자이에스앤디,2023-Q3,capex
317400,자이에스앤디,2025-Q1,capex
317400,자이에스앤디,2022-Q2,capex
015860,일진홀딩스,2022-Q3,ap
015860,일진홀딩스,2021-Q1,ap
015860,일진홀딩스,2021-Q2,ap
015860,일진홀딩스,2021-Q3,ap
015860,일진홀딩스,2020-Q1,ap
015860,일진홀딩스,2022-Q2,ap
015860,일진홀딩스,2020-Q3,ap
015860,일진홀딩스,2020-Q2,ap
015860,일진홀딩스,2021-Q4,ap
015860,일진홀딩스,2022-Q1,ap
015860,일진홀딩스,2020-Q4,ap
000950,전방,2025-Q1,capex
033240,자화전자,2025-Q3,ar
033240,자화전자,2025-Q2,ar
033240,자화전자,2025-Q1,ar
348950,제이알글로벌리츠,2025-Q4,cogs
348950,제이알글로벌리츠,2021-Q2,inventory
348950,제이알글로벌리츠,2023-Q2,cogs
348950,제이알글로벌리츠,2024-Q2,capex
348950,제이알글로벌리츠,2024-Q4,capex
348950,제이알글로벌리츠,2022-Q4,capex
348950,제이알글로벌리츠,2023-Q4,inventory
348950,제이알글로벌리츠,2022-Q2,cogs
348950,제이알글로벌리츠,2021-Q2,capex
348950,제이알글로벌리츠,2024-Q4,cogs
348950,제이알글로벌리츠,2024-Q2,cogs
348950,제이알글로벌리츠,2022-Q4,cogs
348950,제이알글로벌리츠,2021-Q4,inventory
348950,제이알글로벌리츠,2020-Q4,inventory
348950,제이알글로벌리츠,2023-Q4,capex
348950,제이알글로벌리츠,2025-Q2,inventory
348950,제이알글로벌리츠,2021-Q2,cogs
348950,제이알글로벌리츠,2021-Q4,capex
348950,제이알글로벌리츠,2020-Q4,capex
348950,제이알글로벌리츠,2023-Q4,cogs
348950,제이알글로벌리츠,2020-Q2,inventory
348950,제이알글로벌리츠,2023-Q2,inventory
348950,제이알글로벌리츠,2025-Q2,capex
348950,제이알글로벌리츠,2025-Q4,inventory
348950,제이알글로벌리츠,2021-Q4,cogs
348950,제이알글로벌리츠,2020-Q4,cogs
348950,제이알글로벌리츠,2025-Q2,cogs
348950,제이알글로벌리츠,2020-Q2,capex
348950,제이알글로벌리츠,2022-Q2,inventory
348950,제이알글로벌리츠,2023-Q2,capex
348950,제이알글로벌리츠,2024-Q2,inventory
348950,제이알글로벌리츠,2024-Q4,inventory
348950,제이알글로벌리츠,2025-Q4,capex
348950,제이알글로벌리츠,2022-Q4,inventory
348950,제이알글로벌리츠,2020-Q2,cogs
348950,제이알글로벌리츠,2022-Q2,capex
006220,제주은행,2025-Q1,current_assets
006220,제주은행,2023-Q3,cogs
006220,제주은행,2024-Q3,ap
006220,제주은행,2023-Q3,ar
006220,제주은행,2024-Q4,op_income
006220,제주은행,2025-Q2,revenue
006220,제주은행,2024-Q2,op_income
006220,제주은행,2025-Q1,ar
006220,제주은행,2024-Q3,revenue
006220,제주은행,2025-Q1,cogs
006220,제주은행,2024-Q2,current_assets
006220,제주은행,2024-Q4,current_assets
006220,제주은행,2023-Q4,inventory
006220,제주은행,2025-Q3,inventory
006220,제주은행,2024-Q1,ap
006220,제주은행,2023-Q3,ap
006220,제주은행,2024-Q4,cogs
006220,제주은행,2024-Q2,ar
006220,제주은행,2024-Q4,ar
006220,제주은행,2024-Q1,revenue
006220,제주은행,2025-Q3,current_liab
006220,제주은행,2023-Q4,current_liab
006220,제주은행,2023-Q3,revenue
006220,제주은행,2024-Q2,cogs
006220,제주은행,2025-Q1,ap
006220,제주은행,2025-Q3,op_income
006220,제주은행,2025-Q1,revenue
006220,제주은행,2025-Q2,inventory
006220,제주은행,2023-Q4,op_income
006220,제주은행,2024-Q2,ap
006220,제주은행,2024-Q4,ap
006220,제주은행,2024-Q3,inventory
006220,제주은행,2025-Q3,current_assets
006220,제주은행,2023-Q4,current_assets
006220,제주은행,2024-Q2,revenue
006220,제주은행,2024-Q4,revenue
006220,제주은행,2025-Q2,current_liab
006220,제주은행,2025-Q2,ap
006220,제주은행,2025-Q3,cogs
006220,제주은행,2024-Q3,current_liab
006220,제주은행,2023-Q4,cogs
006220,제주은행,2025-Q3,ar
006220,제주은행,2023-Q4,ar
006220,제주은행,2024-Q1,inventory
006220,제주은행,2025-Q2,op_income
006220,제주은행,2023-Q3,inventory
006220,제주은행,2024-Q3,op_income
006220,제주은행,2024-Q1,current_liab
006220,제주은행,2024-Q2,current_liab
006220,제주은행,2023-Q3,current_liab
006220,제주은행,2025-Q1,inventory
006220,제주은행,2025-Q2,current_assets
006220,제주은행,2023-Q4,ap
006220,제주은행,2024-Q3,current_assets
006220,제주은행,2025-Q2,ar
006220,제주은행,2025-Q3,ap
006220,제주은행,2024-Q1,op_income
006220,제주은행,2024-Q3,ar
006220,제주은행,2025-Q2,cogs
006220,제주은행,2025-Q3,revenue
006220,제주은행,2023-Q4,revenue
006220,제주은행,2024-Q2,inventory
006220,제주은행,2024-Q3,cogs
006220,제주은행,2024-Q4,inventory
006220,제주은행,2025-Q1,current_liab
006220,제주은행,2023-Q3,op_income
006220,제주은행,2024-Q1,current_assets
006220,제주은행,2025-Q1,op_income
006220,제주은행,2023-Q3,current_assets
006220,제주은행,2024-Q4,current_liab
006220,제주은행,2024-Q1,ar
006220,제주은행,2024-Q1,cogs
194370,제이에스코퍼레이션,2023-Q4,ap
194370,제이에스코퍼레이션,2023-Q3,ap
194370,제이에스코퍼레이션,2022-Q3,ap
194370,제이에스코퍼레이션,2021-Q1,ap
194370,제이에스코퍼레이션,2024-Q1,ap
194370,제이에스코퍼레이션,2021-Q2,ap
194370,제이에스코퍼레이션,2021-Q3,ap
194370,제이에스코퍼레이션,2020-Q1,ap
194370,제이에스코퍼레이션,2023-Q1,ap
194370,제이에스코퍼레이션,2022-Q2,ap
194370,제이에스코퍼레이션,2020-Q3,ap
194370,제이에스코퍼레이션,2020-Q2,ap
194370,제이에스코퍼레이션,2021-Q4,ap
194370,제이에스코퍼레이션,2023-Q2,ap
194370,제이에스코퍼레이션,2024-Q2,ap
194370,제이에스코퍼레이션,2022-Q1,ap
194370,제이에스코퍼레이션,2020-Q4,ap
194370,제이에스코퍼레이션,2022-Q4,ap
001550,조비,2022-Q3,capex
001550,조비,2023-Q1,capex
001550,조비,2024-Q2,capex
001550,조비,2024-Q4,capex
001550,조비,2022-Q4,capex
001550,조비,2021-Q2,capex
001550,조비,2021-Q3,capex
001550,조비,2021-Q1,capex
001550,조비,2025-Q3,capex
001550,조비,2023-Q4,capex
001550,조비,2021-Q4,capex
001550,조비,2025-Q2,capex
001550,조비,2024-Q3,capex
001550,조비,2024-Q1,capex
001550,조비,2022-Q1,capex
001550,조비,2023-Q2,capex
001550,조비,2023-Q3,capex
001550,조비,2025-Q1,capex
001550,조비,2022-Q2,capex
120030,조선선재,2025-Q1,capex
001630,종근당홀딩스,2023-Q1,ap
088790,진도,2022-Q3,capex
088790,진도,2023-Q1,capex
088790,진도,2024-Q2,capex
088790,진도,2024-Q4,capex
088790,진도,2022-Q4,capex
088790,진도,2021-Q2,capex
088790,진도,2021-Q3,capex
088790,진도,2020-Q1,capex
088790,진도,2021-Q1,capex
088790,진도,2020-Q3,capex
088790,진도,2025-Q3,capex
088790,진도,2023-Q4,capex
088790,진도,2021-Q4,capex
088790,진도,2020-Q4,capex
088790,진도,2025-Q2,capex
088790,진도,2024-Q3,capex
088790,진도,2024-Q1,capex
088790,진도,2022-Q1,capex
088790,진도,2020-Q2,capex
088790,진도,2023-Q2,capex
088790,진도,2023-Q3,capex
088790,진도,2025-Q1,capex
088790,진도,2022-Q2,capex
003780,진양산업,2022-Q3,capex
003780,진양산업,2023-Q1,capex
003780,진양산업,2024-Q2,capex
003780,진양산업,2024-Q4,capex
003780,진양산업,2022-Q4,capex
003780,진양산업,2021-Q2,capex
003780,진양산업,2021-Q3,capex
003780,진양산업,2021-Q1,capex
003780,진양산업,2025-Q3,capex
003780,진양산업,2023-Q4,capex
003780,진양산업,2021-Q4,capex
003780,진양산업,2025-Q2,capex
003780,진양산업,2024-Q3,capex
003780,진양산업,2024-Q1,capex
003780,진양산업,2022-Q1,capex
003780,진양산업,2023-Q2,capex
003780,진양산업,2023-Q3,capex
003780,진양산업,2025-Q1,capex
003780,진양산업,2022-Q2,capex
323410,카카오뱅크,2025-Q1,current_assets
323410,카카오뱅크,2023-Q3,cogs
323410,카카오뱅크,2024-Q3,ap
323410,카카오뱅크,2023-Q3,ar
323410,카카오뱅크,2024-Q4,op_income
323410,카카오뱅크,2024-Q2,op_income
323410,카카오뱅크,2025-Q1,ar
323410,카카오뱅크,2025-Q1,cogs
323410,카카오뱅크,2024-Q2,current_assets
323410,카카오뱅크,2024-Q4,current_assets
323410,카카오뱅크,2023-Q4,inventory
323410,카카오뱅크,2025-Q3,inventory
323410,카카오뱅크,2024-Q1,ap
323410,카카오뱅크,2025-Q3,interest_expense
323410,카카오뱅크,2023-Q3,ap
323410,카카오뱅크,2024-Q4,cogs
323410,카카오뱅크,2024-Q2,ar
323410,카카오뱅크,2023-Q4,interest_expense
323410,카카오뱅크,2024-Q4,ar
323410,카카오뱅크,2025-Q3,current_liab
323410,카카오뱅크,2023-Q4,current_liab
323410,카카오뱅크,2024-Q2,cogs
323410,카카오뱅크,2025-Q1,ap
323410,카카오뱅크,2025-Q3,op_income
323410,카카오뱅크,2025-Q2,inventory
323410,카카오뱅크,2024-Q2,ap
323410,카카오뱅크,2024-Q4,ap
323410,카카오뱅크,2025-Q2,interest_expense
323410,카카오뱅크,2024-Q3,inventory
323410,카카오뱅크,2024-Q3,interest_expense
323410,카카오뱅크,2025-Q3,current_assets
323410,카카오뱅크,2023-Q4,current_assets
323410,카카오뱅크,2025-Q2,ap
323410,카카오뱅크,2025-Q2,current_liab
323410,카카오뱅크,2025-Q3,cogs
323410,카카오뱅크,2024-Q3,current_liab
323410,카카오뱅크,2023-Q4,cogs
323410,카카오뱅크,2025-Q3,ar
323410,카카오뱅크,2023-Q4,ar
323410,카카오뱅크,2024-Q1,inventory
323410,카카오뱅크,2025-Q2,op_income
323410,카카오뱅크,2023-Q3,inventory
323410,카카오뱅크,2024-Q1,interest_expense
323410,카카오뱅크,2024-Q3,op_income
323410,카카오뱅크,2023-Q3,interest_expense
323410,카카오뱅크,2024-Q1,current_liab
323410,카카오뱅크,2024-Q2,current_liab
323410,카카오뱅크,2023-Q3,current_liab
323410,카카오뱅크,2025-Q1,inventory
323410,카카오뱅크,2025-Q2,current_assets
323410,카카오뱅크,2023-Q4,ap
323410,카카오뱅크,2024-Q3,current_assets
323410,카카오뱅크,2025-Q1,interest_expense
323410,카카오뱅크,2025-Q2,ar
323410,카카오뱅크,2025-Q3,ap
323410,카카오뱅크,2024-Q1,op_income
323410,카카오뱅크,2024-Q3,ar
323410,카카오뱅크,2025-Q2,cogs
323410,카카오뱅크,2024-Q2,inventory
323410,카카오뱅크,2024-Q3,cogs
323410,카카오뱅크,2024-Q4,inventory
323410,카카오뱅크,2025-Q1,current_liab
323410,카카오뱅크,2023-Q3,op_income
323410,카카오뱅크,2024-Q4,interest_expense
323410,카카오뱅크,2024-Q1,current_assets
323410,카카오뱅크,2024-Q2,interest_expense
323410,카카오뱅크,2025-Q1,op_income
323410,카카오뱅크,2023-Q3,current_assets
323410,카카오뱅크,2024-Q4,current_liab
323410,카카오뱅크,2024-Q1,ar
323410,카카오뱅크,2024-Q1,cogs
051630,진양화학,2020-Q1,capex
051630,진양화학,2022-Q1,capex
051630,진양화학,2020-Q3,capex
051630,진양화학,2020-Q4,capex
051630,진양화학,2020-Q2,capex
051630,진양화학,2023-Q2,capex
051630,진양화학,2024-Q2,capex
051630,진양화학,2025-Q2,capex
051630,진양화학,2024-Q3,capex
051630,진양화학,2025-Q3,capex
051630,진양화학,2025-Q1,capex
051630,진양화학,2021-Q2,capex
051630,진양화학,2021-Q3,capex
051630,진양화학,2021-Q1,capex
051630,진양화학,2022-Q2,capex
000650,천일고속,2021-Q1,interest_expense
000650,천일고속,2021-Q2,interest_expense
000650,천일고속,2021-Q3,interest_expense
000650,천일고속,2023-Q1,interest_expense
000650,천일고속,2022-Q2,interest_expense
000650,천일고속,2021-Q4,interest_expense
000650,천일고속,2022-Q3,interest_expense
000650,천일고속,2022-Q1,interest_expense
000650,천일고속,2025-Q1,capex
000650,천일고속,2023-Q2,interest_expense
000650,천일고속,2022-Q4,interest_expense
272450,진에어,2021-Q1,capex
100250,진양홀딩스,2024-Q3,ap
100250,진양홀딩스,2020-Q2,ap
100250,진양홀딩스,2024-Q1,ap
100250,진양홀딩스,2022-Q1,ap
100250,진양홀딩스,2025-Q1,ap
100250,진양홀딩스,2023-Q1,ap
100250,진양홀딩스,2022-Q2,ap
100250,진양홀딩스,2024-Q2,ap
100250,진양홀딩스,2024-Q4,ap
100250,진양홀딩스,2022-Q3,ap
100250,진양홀딩스,2022-Q4,ap
100250,진양홀딩스,2021-Q1,ap
100250,진양홀딩스,2021-Q2,ap
100250,진양홀딩스,2021-Q3,ap
100250,진양홀딩스,2020-Q1,ap
100250,진양홀딩스,2020-Q3,ap
100250,진양홀딩스,2025-Q3,ap
100250,진양홀딩스,2023-Q4,ap
100250,진양홀딩스,2021-Q4,ap
100250,진양홀딩스,2020-Q4,ap
100250,진양홀딩스,2025-Q2,ap
377300,카카오페이,2022-Q1,cogs
377300,카카오페이,2023-Q3,cogs
377300,카카오페이,2023-Q2,cogs
377300,카카오페이,2025-Q1,cogs
377300,카카오페이,2025-Q3,inventory
377300,카카오페이,2023-Q4,inventory
377300,카카오페이,2023-Q1,cogs
377300,카카오페이,2022-Q2,cogs
377300,카카오페이,2022-Q3,cogs
377300,카카오페이,2024-Q4,cogs
377300,카카오페이,2023-Q2,revenue
377300,카카오페이,2024-Q2,cogs
377300,카카오페이,2022-Q1,revenue
377300,카카오페이,2022-Q4,cogs
377300,카카오페이,2023-Q3,revenue
377300,카카오페이,2021-Q4,inventory
377300,카카오페이,2025-Q2,inventory
377300,카카오페이,2024-Q3,inventory
377300,카카오페이,2024-Q1,cogs
377300,카카오페이,2023-Q1,revenue
377300,카카오페이,2022-Q2,revenue
377300,카카오페이,2022-Q3,revenue
377300,카카오페이,2025-Q3,cogs
377300,카카오페이,2022-Q4,revenue
377300,카카오페이,2023-Q4,cogs
377300,카카오페이,2023-Q2,inventory
377300,카카오페이,2024-Q1,inventory
377300,카카오페이,2022-Q1,inventory
377300,카카오페이,2023-Q3,inventory
377300,카카오페이,2021-Q4,cogs
377300,카카오페이,2025-Q1,inventory
377300,카카오페이,2022-Q3,inventory
377300,카카오페이,2025-Q2,cogs
377300,카카오페이,2023-Q1,inventory
377300,카카오페이,2022-Q2,inventory
377300,카카오페이,2024-Q2,inventory
377300,카카오페이,2024-Q3,cogs
377300,카카오페이,2024-Q4,inventory
377300,카카오페이,2022-Q4,inventory
377300,카카오페이,2021-Q4,revenue
009310,참엔지니어링,2020-Q1,capex
417310,코람코더원리츠,2023-Q4,ap
417310,코람코더원리츠,2025-Q4,cogs
417310,코람코더원리츠,2022-Q4,cogs
417310,코람코더원리츠,2023-Q4,cogs
417310,코람코더원리츠,2024-Q4,capex
417310,코람코더원리츠,2024-Q4,inventory
417310,코람코더원리츠,2025-Q4,capex
417310,코람코더원리츠,2022-Q4,capex
417310,코람코더원리츠,2025-Q4,inventory
417310,코람코더원리츠,2022-Q4,inventory
417310,코람코더원리츠,2023-Q4,capex
417310,코람코더원리츠,2025-Q4,ap
417310,코람코더원리츠,2023-Q4,inventory
417310,코람코더원리츠,2024-Q4,ap
417310,코람코더원리츠,2024-Q4,cogs
417310,코람코더원리츠,2022-Q4,ap
035720,카카오,2022-Q1,cogs
035720,카카오,2023-Q3,cogs
035720,카카오,2023-Q2,cogs
035720,카카오,2020-Q4,revenue
035720,카카오,2025-Q1,cogs
035720,카카오,2023-Q1,cogs
035720,카카오,2022-Q2,cogs
035720,카카오,2022-Q3,cogs
035720,카카오,2020-Q2,revenue
035720,카카오,2023-Q2,revenue
035720,카카오,2024-Q4,cogs
035720,카카오,2024-Q2,cogs
035720,카카오,2022-Q1,revenue
035720,카카오,2022-Q4,cogs
035720,카카오,2023-Q3,revenue
035720,카카오,2021-Q1,cogs
035720,카카오,2021-Q2,cogs
035720,카카오,2021-Q3,cogs
035720,카카오,2020-Q1,cogs
035720,카카오,2024-Q1,cogs
035720,카카오,2020-Q3,cogs
035720,카카오,2022-Q2,revenue
035720,카카오,2023-Q1,revenue
035720,카카오,2022-Q3,revenue
035720,카카오,2025-Q3,cogs
035720,카카오,2022-Q4,revenue
035720,카카오,2023-Q4,cogs
035720,카카오,2021-Q1,revenue
035720,카카오,2021-Q2,revenue
035720,카카오,2021-Q3,revenue
035720,카카오,2020-Q1,revenue
035720,카카오,2021-Q4,cogs
035720,카카오,2020-Q3,revenue
035720,카카오,2020-Q4,cogs
035720,카카오,2025-Q2,cogs
035720,카카오,2024-Q3,cogs
035720,카카오,2020-Q2,cogs
035720,카카오,2021-Q4,revenue
006380,카프로,2020-Q2,cfo
006380,카프로,2024-Q1,cfo
006380,카프로,2022-Q1,cfo
006380,카프로,2023-Q3,cfo
006380,카프로,2023-Q2,cfo
006380,카프로,2025-Q1,cfo
006380,카프로,2023-Q1,cfo
006380,카프로,2022-Q2,cfo
006380,카프로,2022-Q3,cfo
006380,카프로,2024-Q4,cfo
006380,카프로,2024-Q2,cfo
006380,카프로,2022-Q4,cfo
006380,카프로,2021-Q1,cfo
006380,카프로,2021-Q2,cfo
006380,카프로,2021-Q3,cfo
006380,카프로,2020-Q1,cfo
006380,카프로,2020-Q3,cfo
006380,카프로,2025-Q3,cfo
006380,카프로,2023-Q4,cfo
006380,카프로,2021-Q4,cfo
006380,카프로,2020-Q4,cfo
006380,카프로,2025-Q2,cfo
006380,카프로,2024-Q3,cfo
357120,코람코라이프인프라리츠,2022-Q3,capex
357120,코람코라이프인프라리츠,2025-Q4,cogs
357120,코람코라이프인프라리츠,2021-Q2,inventory
357120,코람코라이프인프라리츠,2021-Q3,inventory
357120,코람코라이프인프라리츠,2023-Q2,cogs
357120,코람코라이프인프라리츠,2024-Q2,capex
357120,코람코라이프인프라리츠,2024-Q4,capex
357120,코람코라이프인프라리츠,2020-Q3,inventory
357120,코람코라이프인프라리츠,2022-Q4,capex
357120,코람코라이프인프라리츠,2023-Q4,inventory
357120,코람코라이프인프라리츠,2022-Q2,cogs
357120,코람코라이프인프라리츠,2021-Q2,capex
357120,코람코라이프인프라리츠,2021-Q3,capex
357120,코람코라이프인프라리츠,2025-Q4,ap
357120,코람코라이프인프라리츠,2022-Q3,cogs
357120,코람코라이프인프라리츠,2024-Q4,cogs
357120,코람코라이프인프라리츠,2024-Q2,cogs
357120,코람코라이프인프라리츠,2022-Q4,cogs
357120,코람코라이프인프라리츠,2020-Q3,capex
357120,코람코라이프인프라리츠,2021-Q4,inventory
357120,코람코라이프인프라리츠,2020-Q4,inventory
357120,코람코라이프인프라리츠,2023-Q4,capex
357120,코람코라이프인프라리츠,2025-Q2,inventory
357120,코람코라이프인프라리츠,2021-Q2,cogs
357120,코람코라이프인프라리츠,2021-Q3,cogs
357120,코람코라이프인프라리츠,2020-Q3,cogs
357120,코람코라이프인프라리츠,2021-Q4,capex
357120,코람코라이프인프라리츠,2020-Q4,capex
357120,코람코라이프인프라리츠,2023-Q4,cogs
357120,코람코라이프인프라리츠,2025-Q2,capex
357120,코람코라이프인프라리츠,2023-Q2,inventory
357120,코람코라이프인프라리츠,2025-Q4,inventory
357120,코람코라이프인프라리츠,2021-Q4,cogs
357120,코람코라이프인프라리츠,2020-Q4,cogs
357120,코람코라이프인프라리츠,2022-Q3,inventory
357120,코람코라이프인프라리츠,2025-Q2,cogs
357120,코람코라이프인프라리츠,2022-Q2,inventory
357120,코람코라이프인프라리츠,2023-Q2,capex
357120,코람코라이프인프라리츠,2024-Q2,inventory
357120,코람코라이프인프라리츠,2024-Q4,inventory
357120,코람코라이프인프라리츠,2025-Q4,capex
357120,코람코라이프인프라리츠,2022-Q4,inventory
357120,코람코라이프인프라리츠,2024-Q2,current_liab
357120,코람코라이프인프라리츠,2022-Q2,capex
003690,코리안리,2025-Q1,current_assets
003690,코리안리,2023-Q3,cogs
003690,코리안리,2024-Q3,ap
003690,코리안리,2023-Q3,ar
003690,코리안리,2024-Q4,op_income
003690,코리안리,2025-Q2,revenue
003690,코리안리,2024-Q2,op_income
003690,코리안리,2025-Q1,ar
003690,코리안리,2024-Q3,revenue
003690,코리안리,2025-Q1,cogs
003690,코리안리,2024-Q2,current_assets
003690,코리안리,2024-Q4,current_assets
003690,코리안리,2023-Q4,inventory
003690,코리안리,2025-Q3,inventory
003690,코리안리,2024-Q1,ap
003690,코리안리,2023-Q3,ap
003690,코리안리,2024-Q4,cogs
003690,코리안리,2024-Q2,ar
003690,코리안리,2024-Q4,ar
003690,코리안리,2024-Q1,revenue
003690,코리안리,2025-Q3,current_liab
003690,코리안리,2023-Q4,current_liab
003690,코리안리,2023-Q3,revenue
003690,코리안리,2024-Q2,cogs
003690,코리안리,2025-Q1,ap
003690,코리안리,2025-Q1,revenue
003690,코리안리,2025-Q2,inventory
003690,코리안리,2023-Q4,op_income
003690,코리안리,2024-Q2,ap
003690,코리안리,2024-Q4,ap
003690,코리안리,2024-Q3,inventory
003690,코리안리,2025-Q3,current_assets
003690,코리안리,2023-Q4,current_assets
003690,코리안리,2024-Q2,revenue
003690,코리안리,2024-Q4,revenue
003690,코리안리,2025-Q2,current_liab
003690,코리안리,2025-Q2,ap
003690,코리안리,2025-Q3,cogs
003690,코리안리,2024-Q3,current_liab
003690,코리안리,2023-Q4,cogs
003690,코리안리,2025-Q3,ar
003690,코리안리,2023-Q4,ar
003690,코리안리,2024-Q1,inventory
003690,코리안리,2023-Q3,inventory
003690,코리안리,2024-Q3,op_income
003690,코리안리,2024-Q1,current_liab
003690,코리안리,2024-Q2,current_liab
003690,코리안리,2023-Q3,current_liab
003690,코리안리,2025-Q1,inventory
003690,코리안리,2025-Q2,current_assets
003690,코리안리,2023-Q4,ap
003690,코리안리,2024-Q3,current_assets
003690,코리안리,2025-Q2,ar
003690,코리안리,2025-Q3,ap
003690,코리안리,2024-Q1,op_income
003690,코리안리,2024-Q3,ar
003690,코리안리,2025-Q2,cogs
003690,코리안리,2025-Q3,revenue
003690,코리안리,2023-Q4,revenue
003690,코리안리,2024-Q2,inventory
003690,코리안리,2024-Q3,cogs
003690,코리안리,2024-Q4,inventory
003690,코리안리,2025-Q1,current_liab
003690,코리안리,2023-Q3,op_income
003690,코리안리,2024-Q1,current_assets
003690,코리안리,2025-Q1,op_income
003690,코리안리,2023-Q3,current_assets
003690,코리안리,2024-Q4,current_liab
003690,코리안리,2024-Q1,ar
003690,코리안리,2024-Q1,cogs
281820,케이씨텍,2025-Q1,ap
281820,케이씨텍,2025-Q3,ap
281820,케이씨텍,2025-Q2,ap
145270,케이탑리츠,2022-Q1,cogs
145270,케이탑리츠,2023-Q3,cogs
145270,케이탑리츠,2021-Q2,inventory
145270,케이탑리츠,2021-Q3,inventory
145270,케이탑리츠,2023-Q1,capex
145270,케이탑리츠,2023-Q2,cogs
145270,케이탑리츠,2024-Q2,capex
145270,케이탑리츠,2024-Q4,capex
145270,케이탑리츠,2020-Q3,inventory
145270,케이탑리츠,2025-Q1,cogs
145270,케이탑리츠,2025-Q3,inventory
145270,케이탑리츠,2023-Q4,inventory
145270,케이탑리츠,2023-Q1,cogs
145270,케이탑리츠,2021-Q2,capex
145270,케이탑리츠,2021-Q3,capex
145270,케이탑리츠,2021-Q1,capex
145270,케이탑리츠,2020-Q1,capex
145270,케이탑리츠,2022-Q2,cogs
145270,케이탑리츠,2022-Q3,cogs
145270,케이탑리츠,2024-Q4,cogs
145270,케이탑리츠,2024-Q2,cogs
145270,케이탑리츠,2022-Q4,cogs
145270,케이탑리츠,2020-Q3,capex
145270,케이탑리츠,2021-Q4,inventory
145270,케이탑리츠,2021-Q1,inventory
145270,케이탑리츠,2021-Q1,cogs
145270,케이탑리츠,2020-Q4,inventory
145270,케이탑리츠,2025-Q3,capex
145270,케이탑리츠,2025-Q2,inventory
145270,케이탑리츠,2021-Q2,cogs
145270,케이탑리츠,2021-Q3,cogs
145270,케이탑리츠,2020-Q1,cogs
145270,케이탑리츠,2024-Q3,inventory
145270,케이탑리츠,2024-Q1,cogs
145270,케이탑리츠,2020-Q3,cogs
145270,케이탑리츠,2021-Q4,capex
145270,케이탑리츠,2025-Q3,cogs
145270,케이탑리츠,2020-Q4,capex
145270,케이탑리츠,2023-Q4,cogs
145270,케이탑리츠,2020-Q2,inventory
145270,케이탑리츠,2023-Q2,inventory
145270,케이탑리츠,2025-Q2,capex
145270,케이탑리츠,2024-Q1,inventory
145270,케이탑리츠,2024-Q3,capex
145270,케이탑리츠,2022-Q1,inventory
145270,케이탑리츠,2023-Q3,inventory
145270,케이탑리츠,2021-Q4,cogs
145270,케이탑리츠,2025-Q1,inventory
145270,케이탑리츠,2024-Q1,capex
145270,케이탑리츠,2020-Q4,cogs
145270,케이탑리츠,2022-Q3,inventory
145270,케이탑리츠,2022-Q1,capex
145270,케이탑리츠,2020-Q2,capex
145270,케이탑리츠,2022-Q2,inventory
145270,케이탑리츠,2023-Q1,inventory
145270,케이탑리츠,2023-Q2,capex
145270,케이탑리츠,2024-Q2,inventory
145270,케이탑리츠,2024-Q3,cogs
145270,케이탑리츠,2024-Q4,inventory
145270,케이탑리츠,2025-Q2,cogs
145270,케이탑리츠,2022-Q4,inventory
145270,케이탑리츠,2025-Q1,capex
145270,케이탑리츠,2020-Q2,cogs
145270,케이탑리츠,2020-Q1,inventory
192820,코스맥스,2024-Q4,ap
044820,코스맥스비티아이,2020-Q1,capex
044820,코스맥스비티아이,2020-Q3,capex
044820,코스맥스비티아이,2020-Q2,capex
120110,코오롱인더,2023-Q4,cfo
120110,코오롱인더,2024-Q4,cfo
120110,코오롱인더,2024-Q1,cfo
120110,코오롱인더,2024-Q2,cfo
120110,코오롱인더,2024-Q3,cfo
039490,키움증권,2025-Q1,current_assets
039490,키움증권,2023-Q3,cogs
039490,키움증권,2024-Q3,ap
039490,키움증권,2023-Q3,ar
039490,키움증권,2025-Q1,ar
039490,키움증권,2025-Q1,cogs
039490,키움증권,2024-Q2,current_assets
039490,키움증권,2024-Q4,current_assets
039490,키움증권,2023-Q4,inventory
039490,키움증권,2025-Q3,inventory
039490,키움증권,2024-Q1,ap
039490,키움증권,2023-Q3,ap
039490,키움증권,2024-Q4,cogs
039490,키움증권,2024-Q2,ar
039490,키움증권,2023-Q4,interest_expense
039490,키움증권,2024-Q4,ar
039490,키움증권,2025-Q3,current_liab
039490,키움증권,2023-Q4,current_liab
039490,키움증권,2024-Q2,cogs
039490,키움증권,2025-Q1,ap
039490,키움증권,2025-Q2,inventory
039490,키움증권,2024-Q2,ap
039490,키움증권,2024-Q4,ap
039490,키움증권,2024-Q3,inventory
039490,키움증권,2024-Q3,interest_expense
039490,키움증권,2025-Q3,current_assets
039490,키움증권,2023-Q4,current_assets
039490,키움증권,2025-Q2,ap
039490,키움증권,2025-Q2,current_liab
039490,키움증권,2025-Q3,cogs
039490,키움증권,2024-Q3,current_liab
039490,키움증권,2023-Q4,cogs
039490,키움증권,2025-Q3,ar
039490,키움증권,2023-Q4,ar
039490,키움증권,2024-Q1,inventory
039490,키움증권,2023-Q3,inventory
039490,키움증권,2024-Q1,interest_expense
039490,키움증권,2023-Q3,interest_expense
039490,키움증권,2024-Q1,current_liab
039490,키움증권,2024-Q2,current_liab
039490,키움증권,2023-Q3,current_liab
039490,키움증권,2025-Q1,inventory
039490,키움증권,2025-Q2,current_assets
039490,키움증권,2023-Q4,ap
039490,키움증권,2024-Q3,current_assets
039490,키움증권,2025-Q1,interest_expense
039490,키움증권,2025-Q2,ar
039490,키움증권,2025-Q3,ap
039490,키움증권,2025-Q2,cogs
039490,키움증권,2024-Q3,ar
039490,키움증권,2024-Q2,inventory
039490,키움증권,2024-Q3,cogs
039490,키움증권,2024-Q4,inventory
039490,키움증권,2025-Q1,current_liab
039490,키움증권,2024-Q4,interest_expense
039490,키움증권,2024-Q1,current_assets
039490,키움증권,2024-Q2,interest_expense
039490,키움증권,2023-Q3,current_assets
039490,키움증권,2024-Q4,current_liab
039490,키움증권,2024-Q1,ar
039490,키움증권,2024-Q1,cogs
284740,쿠쿠홈시스,2024-Q4,current_liab
284740,쿠쿠홈시스,2024-Q4,current_assets
259960,크래프톤,2022-Q1,cogs
259960,크래프톤,2023-Q3,cogs
259960,크래프톤,2021-Q2,inventory
259960,크래프톤,2021-Q3,inventory
259960,크래프톤,2023-Q2,cogs
259960,크래프톤,2024-Q3,ap
259960,크래프톤,2025-Q1,cogs
259960,크래프톤,2025-Q3,inventory
259960,크래프톤,2023-Q2,ap
259960,크래프톤,2023-Q4,inventory
259960,크래프톤,2024-Q1,ap
259960,크래프톤,2023-Q1,cogs
259960,크래프톤,2022-Q2,cogs
259960,크래프톤,2022-Q1,ap
259960,크래프톤,2023-Q3,ap
259960,크래프톤,2022-Q3,cogs
259960,크래프톤,2024-Q4,cogs
259960,크래프톤,2023-Q2,revenue
259960,크래프톤,2024-Q2,cogs
259960,크래프톤,2022-Q1,revenue
259960,크래프톤,2022-Q4,cogs
259960,크래프톤,2021-Q4,inventory
259960,크래프톤,2025-Q1,ap
259960,크래프톤,2023-Q1,ap
259960,크래프톤,2022-Q2,ap
259960,크래프톤,2025-Q2,inventory
259960,크래프톤,2021-Q2,cogs
259960,크래프톤,2021-Q3,cogs
259960,크래프톤,2022-Q3,ap
259960,크래프톤,2024-Q2,ap
259960,크래프톤,2024-Q3,inventory
259960,크래프톤,2024-Q1,cogs
259960,크래프톤,2023-Q1,revenue
259960,크래프톤,2022-Q2,revenue
259960,크래프톤,2022-Q4,ap
259960,크래프톤,2024-Q4,ap
259960,크래프톤,2025-Q2,ap
259960,크래프톤,2022-Q3,revenue
259960,크래프톤,2025-Q3,cogs
259960,크래프톤,2022-Q4,revenue
259960,크래프톤,2023-Q4,cogs
259960,크래프톤,2023-Q2,inventory
259960,크래프톤,2024-Q1,inventory
259960,크래프톤,2021-Q2,ap
259960,크래프톤,2021-Q3,ap
259960,크래프톤,2022-Q1,inventory
259960,크래프톤,2023-Q3,inventory
259960,크래프톤,2021-Q2,revenue
259960,크래프톤,2021-Q3,revenue
259960,크래프톤,2021-Q4,cogs
259960,크래프톤,2025-Q1,inventory
259960,크래프톤,2025-Q3,ap
259960,크래프톤,2023-Q4,ap
259960,크래프톤,2022-Q3,inventory
259960,크래프톤,2025-Q2,cogs
259960,크래프톤,2023-Q1,inventory
259960,크래프톤,2022-Q2,inventory
259960,크래프톤,2024-Q2,inventory
259960,크래프톤,2024-Q3,cogs
259960,크래프톤,2024-Q4,inventory
259960,크래프톤,2022-Q4,inventory
259960,크래프톤,2021-Q4,ap
259960,크래프톤,2021-Q4,revenue
020120,키다리스튜디오,2021-Q2,inventory
020120,키다리스튜디오,2021-Q3,inventory
020120,키다리스튜디오,2020-Q2,inventory
020120,키다리스튜디오,2020-Q3,inventory
020120,키다리스튜디오,2021-Q1,inventory
020120,키다리스튜디오,2020-Q1,ap
020120,키다리스튜디오,2020-Q4,inventory
020120,키다리스튜디오,2020-Q1,capex
020120,키다리스튜디오,2020-Q1,inventory
011280,태림포장,2022-Q3,capex
011280,태림포장,2023-Q1,capex
011280,태림포장,2024-Q2,capex
011280,태림포장,2024-Q4,capex
011280,태림포장,2022-Q4,capex
011280,태림포장,2021-Q2,capex
011280,태림포장,2021-Q3,capex
011280,태림포장,2020-Q1,capex
011280,태림포장,2021-Q1,capex
011280,태림포장,2020-Q3,capex
011280,태림포장,2025-Q3,capex
011280,태림포장,2023-Q4,capex
011280,태림포장,2021-Q4,capex
011280,태림포장,2020-Q4,capex
011280,태림포장,2025-Q2,capex
011280,태림포장,2024-Q3,capex
011280,태림포장,2024-Q1,capex
011280,태림포장,2022-Q1,capex
011280,태림포장,2020-Q2,capex
011280,태림포장,2023-Q2,capex
011280,태림포장,2023-Q3,capex
011280,태림포장,2025-Q1,capex
011280,태림포장,2022-Q2,capex
001420,태원물산,2022-Q3,capex
001420,태원물산,2023-Q1,capex
001420,태원물산,2024-Q2,capex
001420,태원물산,2024-Q4,capex
001420,태원물산,2022-Q4,capex
001420,태원물산,2021-Q2,capex
001420,태원물산,2021-Q3,capex
001420,태원물산,2021-Q1,capex
001420,태원물산,2025-Q3,capex
001420,태원물산,2023-Q4,capex
001420,태원물산,2021-Q4,capex
001420,태원물산,2025-Q2,capex
001420,태원물산,2024-Q3,capex
001420,태원물산,2024-Q1,capex
001420,태원물산,2022-Q1,capex
001420,태원물산,2023-Q2,capex
001420,태원물산,2023-Q3,capex
001420,태원물산,2025-Q1,capex
001420,태원물산,2022-Q2,capex
078000,텔코웨어,2025-Q1,inventory
078000,텔코웨어,2021-Q2,inventory
078000,텔코웨어,2021-Q3,inventory
078000,텔코웨어,2021-Q4,inventory
078000,텔코웨어,2024-Q2,inventory
078000,텔코웨어,2024-Q1,inventory
078000,텔코웨어,2022-Q1,inventory
078000,텔코웨어,2020-Q4,inventory
078000,텔코웨어,2025-Q2,inventory
078000,텔코웨어,2024-Q3,inventory
078000,텔코웨어,2021-Q1,inventory
004870,티웨이홀딩스,2025-Q2,capex
004870,티웨이홀딩스,2025-Q1,capex
010770,평화홀딩스,2023-Q4,ap
010770,평화홀딩스,2023-Q1,ap
010770,평화홀딩스,2022-Q2,ap
010770,평화홀딩스,2023-Q2,ap
010770,평화홀딩스,2022-Q3,ap
010770,평화홀딩스,2023-Q3,ap
010770,평화홀딩스,2022-Q4,ap
086790,하나금융지주,2025-Q1,current_assets
086790,하나금융지주,2023-Q3,cogs
086790,하나금융지주,2024-Q3,ap
086790,하나금융지주,2023-Q3,ar
086790,하나금융지주,2025-Q2,revenue
086790,하나금융지주,2025-Q1,ar
086790,하나금융지주,2024-Q3,revenue
086790,하나금융지주,2025-Q1,cogs
086790,하나금융지주,2024-Q2,current_assets
086790,하나금융지주,2024-Q4,current_assets
086790,하나금융지주,2023-Q4,inventory
086790,하나금융지주,2025-Q3,inventory
086790,하나금융지주,2024-Q1,ap
086790,하나금융지주,2023-Q3,ap
086790,하나금융지주,2024-Q4,cogs
086790,하나금융지주,2024-Q2,ar
086790,하나금융지주,2024-Q4,ar
086790,하나금융지주,2024-Q1,revenue
086790,하나금융지주,2025-Q3,current_liab
086790,하나금융지주,2023-Q4,current_liab
086790,하나금융지주,2023-Q3,revenue
086790,하나금융지주,2024-Q2,cogs
086790,하나금융지주,2025-Q1,ap
086790,하나금융지주,2025-Q1,revenue
086790,하나금융지주,2025-Q2,inventory
086790,하나금융지주,2024-Q2,ap
086790,하나금융지주,2024-Q4,ap
086790,하나금융지주,2024-Q3,inventory
086790,하나금융지주,2025-Q3,current_assets
086790,하나금융지주,2023-Q4,current_assets
086790,하나금융지주,2024-Q2,revenue
086790,하나금융지주,2024-Q4,revenue
086790,하나금융지주,2025-Q2,current_liab
086790,하나금융지주,2025-Q2,ap
086790,하나금융지주,2025-Q3,cogs
086790,하나금융지주,2024-Q3,current_liab
086790,하나금융지주,2023-Q4,cogs
086790,하나금융지주,2025-Q3,ar
086790,하나금융지주,2023-Q4,ar
086790,하나금융지주,2024-Q1,inventory
086790,하나금융지주,2023-Q3,inventory
086790,하나금융지주,2024-Q1,current_liab
086790,하나금융지주,2024-Q2,current_liab
086790,하나금융지주,2023-Q3,current_liab
086790,하나금융지주,2025-Q1,inventory
086790,하나금융지주,2025-Q2,current_assets
086790,하나금융지주,2023-Q4,ap
086790,하나금융지주,2024-Q3,current_assets
086790,하나금융지주,2025-Q2,ar
086790,하나금융지주,2025-Q3,ap
086790,하나금융지주,2025-Q2,cogs
086790,하나금융지주,2024-Q3,ar
086790,하나금융지주,2025-Q3,revenue
086790,하나금융지주,2023-Q4,revenue
086790,하나금융지주,2024-Q2,inventory
086790,하나금융지주,2024-Q3,cogs
086790,하나금융지주,2024-Q4,inventory
086790,하나금융지주,2025-Q1,current_liab
086790,하나금융지주,2024-Q1,current_assets
086790,하나금융지주,2023-Q3,current_assets
086790,하나금융지주,2024-Q4,current_liab
086790,하나금융지주,2024-Q1,ar
086790,하나금융지주,2024-Q1,cogs
058430,포스코스틸리온,2024-Q3,ap
058430,포스코스틸리온,2025-Q1,ap
058430,포스코스틸리온,2025-Q3,ap
058430,포스코스틸리온,2024-Q2,ap
058430,포스코스틸리온,2024-Q4,ap
058430,포스코스틸리온,2025-Q2,ap
022100,포스코DX,2025-Q1,ap
022100,포스코DX,2025-Q2,ap
022100,포스코DX,2025-Q3,ap
022100,포스코DX,2024-Q4,ap
950210,프레스티지바이오파마,2022-Q1,cogs
950210,프레스티지바이오파마,2023-Q3,cogs
950210,프레스티지바이오파마,2021-Q2,inventory
950210,프레스티지바이오파마,2023-Q2,cogs
950210,프레스티지바이오파마,2025-Q4,cogs
950210,프레스티지바이오파마,2024-Q3,revenue
950210,프레스티지바이오파마,2025-Q1,cogs
950210,프레스티지바이오파마,2022-Q2,ar
950210,프레스티지바이오파마,2023-Q1,cogs
950210,프레스티지바이오파마,2022-Q2,cogs
950210,프레스티지바이오파마,2023-Q1,ar
950210,프레스티지바이오파마,2022-Q3,cogs
950210,프레스티지바이오파마,2024-Q4,cogs
950210,프레스티지바이오파마,2023-Q2,revenue
950210,프레스티지바이오파마,2024-Q1,revenue
950210,프레스티지바이오파마,2024-Q2,cogs
950210,프레스티지바이오파마,2022-Q4,cogs
950210,프레스티지바이오파마,2023-Q3,revenue
950210,프레스티지바이오파마,2025-Q4,revenue
950210,프레스티지바이오파마,2022-Q4,ar
950210,프레스티지바이오파마,2021-Q1,cogs
950210,프레스티지바이오파마,2021-Q1,ar
950210,프레스티지바이오파마,2025-Q1,revenue
950210,프레스티지바이오파마,2021-Q2,cogs
950210,프레스티지바이오파마,2021-Q3,cogs
950210,프레스티지바이오파마,2021-Q3,ar
950210,프레스티지바이오파마,2024-Q1,cogs
950210,프레스티지바이오파마,2024-Q2,revenue
950210,프레스티지바이오파마,2024-Q4,revenue
950210,프레스티지바이오파마,2023-Q4,cogs
950210,프레스티지바이오파마,2021-Q4,cogs
950210,프레스티지바이오파마,2021-Q4,ar
950210,프레스티지바이오파마,2023-Q4,revenue
950210,프레스티지바이오파마,2024-Q3,cogs
950210,프레스티지바이오파마,2022-Q1,ar
950210,프레스티지바이오파마,2021-Q1,inventory
103140,풍산,2023-Q2,cfo
103140,풍산,2023-Q4,ap
103140,풍산,2021-Q1,cfo
103140,풍산,2021-Q2,cfo
103140,풍산,2021-Q3,cfo
103140,풍산,2020-Q1,cfo
103140,풍산,2023-Q1,cfo
103140,풍산,2022-Q2,cfo
103140,풍산,2020-Q2,cfo
103140,풍산,2021-Q4,cfo
103140,풍산,2022-Q3,cfo
103140,풍산,2022-Q1,cfo
103140,풍산,2020-Q3,cfo
103140,풍산,2020-Q4,cfo
103140,풍산,2022-Q4,cfo
103140,풍산,2024-Q1,ap
009810,플레이그램,2021-Q2,capex
009810,플레이그램,2020-Q1,capex
009810,플레이그램,2020-Q2,capex
293480,하나제약,2022-Q3,capex
293480,하나제약,2023-Q1,capex
293480,하나제약,2024-Q2,capex
293480,하나제약,2024-Q4,capex
293480,하나제약,2022-Q4,capex
293480,하나제약,2021-Q2,capex
293480,하나제약,2021-Q3,capex
293480,하나제약,2020-Q1,capex
293480,하나제약,2021-Q1,capex
293480,하나제약,2020-Q3,capex
293480,하나제약,2025-Q3,capex
293480,하나제약,2023-Q4,capex
293480,하나제약,2021-Q4,capex
293480,하나제약,2020-Q4,capex
293480,하나제약,2025-Q2,capex
293480,하나제약,2024-Q3,capex
293480,하나제약,2024-Q1,capex
293480,하나제약,2022-Q1,capex
293480,하나제약,2020-Q2,capex
293480,하나제약,2023-Q2,capex
293480,하나제약,2023-Q3,capex
293480,하나제약,2025-Q1,capex
071050,한국금융지주,2025-Q1,current_assets
071050,한국금융지주,2023-Q3,cogs
071050,한국금융지주,2024-Q3,ap
071050,한국금융지주,2023-Q3,ar
071050,한국금융지주,2025-Q1,ar
071050,한국금융지주,2025-Q1,cogs
071050,한국금융지주,2024-Q2,current_assets
071050,한국금융지주,2024-Q4,current_assets
071050,한국금융지주,2023-Q4,inventory
071050,한국금융지주,2025-Q3,inventory
071050,한국금융지주,2024-Q1,ap
071050,한국금융지주,2023-Q3,ap
071050,한국금융지주,2024-Q4,cogs
071050,한국금융지주,2024-Q2,ar
071050,한국금융지주,2024-Q4,ar
071050,한국금융지주,2025-Q3,current_liab
071050,한국금융지주,2023-Q4,current_liab
071050,한국금융지주,2024-Q2,cogs
071050,한국금융지주,2025-Q1,ap
071050,한국금융지주,2025-Q2,inventory
071050,한국금융지주,2024-Q2,ap
071050,한국금융지주,2024-Q4,ap
071050,한국금융지주,2024-Q3,inventory
071050,한국금융지주,2025-Q3,current_assets
071050,한국금융지주,2023-Q4,current_assets
071050,한국금융지주,2025-Q2,ap
071050,한국금융지주,2025-Q2,current_liab
071050,한국금융지주,2025-Q3,cogs
071050,한국금융지주,2024-Q3,current_liab
071050,한국금융지주,2023-Q4,cogs
071050,한국금융지주,2025-Q3,ar
071050,한국금융지주,2023-Q4,ar
071050,한국금융지주,2024-Q1,inventory
071050,한국금융지주,2023-Q3,inventory
071050,한국금융지주,2024-Q1,current_liab
071050,한국금융지주,2024-Q2,current_liab
071050,한국금융지주,2023-Q3,current_liab
071050,한국금융지주,2025-Q1,inventory
071050,한국금융지주,2025-Q2,current_assets
071050,한국금융지주,2023-Q4,ap
071050,한국금융지주,2024-Q3,current_assets
071050,한국금융지주,2025-Q2,ar
071050,한국금융지주,2025-Q3,ap
071050,한국금융지주,2025-Q2,cogs
071050,한국금융지주,2024-Q3,ar
071050,한국금융지주,2024-Q2,inventory
071050,한국금융지주,2024-Q3,cogs
071050,한국금융지주,2024-Q4,inventory
071050,한국금융지주,2025-Q1,current_liab
071050,한국금융지주,2024-Q1,current_assets
071050,한국금융지주,2023-Q3,current_assets
071050,한국금융지주,2024-Q4,current_liab
071050,한국금융지주,2024-Q1,ar
071050,한국금융지주,2024-Q1,cogs
039130,하나투어,2022-Q1,cogs
039130,하나투어,2023-Q3,cogs
039130,하나투어,2023-Q2,cogs
039130,하나투어,2025-Q1,cogs
039130,하나투어,2023-Q1,cogs
039130,하나투어,2022-Q2,cogs
039130,하나투어,2022-Q3,cogs
039130,하나투어,2024-Q4,cogs
039130,하나투어,2024-Q2,cogs
039130,하나투어,2022-Q4,cogs
039130,하나투어,2021-Q1,cogs
039130,하나투어,2021-Q2,cogs
039130,하나투어,2021-Q3,cogs
039130,하나투어,2020-Q1,cogs
039130,하나투어,2020-Q3,cogs
039130,하나투어,2025-Q3,cogs
039130,하나투어,2023-Q4,cogs
039130,하나투어,2021-Q4,cogs
039130,하나투어,2020-Q4,cogs
039130,하나투어,2025-Q2,cogs
039130,하나투어,2024-Q3,cogs
039130,하나투어,2020-Q2,cogs
039130,하나투어,2024-Q1,cogs
352820,하이브,2023-Q3,net_income
036460,한국가스공사,2023-Q3,ap
036460,한국가스공사,2023-Q3,ar
025540,한국단자,2024-Q4,ap
010040,한국내화,2022-Q3,capex
010040,한국내화,2023-Q1,capex
010040,한국내화,2024-Q2,capex
010040,한국내화,2024-Q4,capex
010040,한국내화,2022-Q4,capex
010040,한국내화,2021-Q2,capex
010040,한국내화,2021-Q3,capex
010040,한국내화,2020-Q1,capex
010040,한국내화,2021-Q1,capex
010040,한국내화,2020-Q3,capex
010040,한국내화,2025-Q3,capex
010040,한국내화,2023-Q4,capex
010040,한국내화,2021-Q4,capex
010040,한국내화,2020-Q4,capex
010040,한국내화,2025-Q2,capex
010040,한국내화,2024-Q3,capex
010040,한국내화,2024-Q1,capex
010040,한국내화,2022-Q1,capex
010040,한국내화,2020-Q2,capex
010040,한국내화,2023-Q2,capex
010040,한국내화,2023-Q3,capex
010040,한국내화,2025-Q1,capex
010040,한국내화,2022-Q2,capex
123890,한국자산신탁,2025-Q1,current_assets
123890,한국자산신탁,2023-Q3,cogs
123890,한국자산신탁,2024-Q3,ap
123890,한국자산신탁,2023-Q3,ar
123890,한국자산신탁,2025-Q1,ar
123890,한국자산신탁,2025-Q1,cogs
123890,한국자산신탁,2024-Q2,current_assets
123890,한국자산신탁,2024-Q4,current_assets
123890,한국자산신탁,2023-Q4,inventory
123890,한국자산신탁,2025-Q3,inventory
123890,한국자산신탁,2024-Q1,ap
123890,한국자산신탁,2023-Q3,ap
123890,한국자산신탁,2024-Q4,cogs
123890,한국자산신탁,2024-Q2,ar
123890,한국자산신탁,2024-Q4,ar
123890,한국자산신탁,2025-Q3,current_liab
123890,한국자산신탁,2023-Q4,current_liab
123890,한국자산신탁,2024-Q2,cogs
123890,한국자산신탁,2025-Q1,ap
123890,한국자산신탁,2025-Q2,inventory
123890,한국자산신탁,2024-Q2,ap
123890,한국자산신탁,2024-Q4,ap
123890,한국자산신탁,2024-Q3,inventory
123890,한국자산신탁,2025-Q3,current_assets
123890,한국자산신탁,2023-Q4,current_assets
123890,한국자산신탁,2025-Q2,ap
123890,한국자산신탁,2025-Q2,current_liab
123890,한국자산신탁,2025-Q3,cogs
123890,한국자산신탁,2024-Q3,current_liab
123890,한국자산신탁,2023-Q4,cogs
123890,한국자산신탁,2025-Q3,ar
123890,한국자산신탁,2023-Q4,ar
123890,한국자산신탁,2024-Q1,inventory
123890,한국자산신탁,2023-Q3,inventory
123890,한국자산신탁,2024-Q1,current_liab
123890,한국자산신탁,2024-Q2,current_liab
123890,한국자산신탁,2023-Q3,current_liab
123890,한국자산신탁,2025-Q1,inventory
123890,한국자산신탁,2025-Q2,current_assets
123890,한국자산신탁,2023-Q4,ap
123890,한국자산신탁,2024-Q3,current_assets
123890,한국자산신탁,2025-Q2,ar
123890,한국자산신탁,2025-Q3,ap
123890,한국자산신탁,2025-Q2,cogs
123890,한국자산신탁,2024-Q3,ar
123890,한국자산신탁,2024-Q2,inventory
123890,한국자산신탁,2024-Q3,cogs
123890,한국자산신탁,2024-Q4,inventory
123890,한국자산신탁,2025-Q1,current_liab
123890,한국자산신탁,2024-Q1,current_assets
123890,한국자산신탁,2023-Q3,current_assets
123890,한국자산신탁,2024-Q4,current_liab
123890,한국자산신탁,2024-Q1,ar
123890,한국자산신탁,2024-Q1,cogs
002960,한국쉘석유,2024-Q4,capex
002960,한국쉘석유,2025-Q1,capex
006200,한국전자홀딩스,2023-Q4,cfo
034830,한국토지신탁,2025-Q1,current_assets
034830,한국토지신탁,2023-Q3,cogs
034830,한국토지신탁,2024-Q3,ap
034830,한국토지신탁,2023-Q3,ar
034830,한국토지신탁,2024-Q4,op_income
034830,한국토지신탁,2024-Q2,op_income
034830,한국토지신탁,2025-Q1,ar
034830,한국토지신탁,2025-Q1,cogs
034830,한국토지신탁,2024-Q2,current_assets
034830,한국토지신탁,2024-Q4,current_assets
034830,한국토지신탁,2023-Q4,inventory
034830,한국토지신탁,2025-Q3,inventory
034830,한국토지신탁,2024-Q1,ap
034830,한국토지신탁,2023-Q3,ap
034830,한국토지신탁,2024-Q4,cogs
034830,한국토지신탁,2024-Q2,ar
034830,한국토지신탁,2024-Q4,ar
034830,한국토지신탁,2025-Q3,current_liab
034830,한국토지신탁,2023-Q4,current_liab
034830,한국토지신탁,2024-Q2,cogs
034830,한국토지신탁,2025-Q1,ap
034830,한국토지신탁,2025-Q3,op_income
034830,한국토지신탁,2025-Q2,inventory
034830,한국토지신탁,2023-Q4,op_income
034830,한국토지신탁,2024-Q2,ap
034830,한국토지신탁,2024-Q4,ap
034830,한국토지신탁,2024-Q3,inventory
034830,한국토지신탁,2025-Q3,current_assets
034830,한국토지신탁,2023-Q4,current_assets
034830,한국토지신탁,2025-Q2,ap
034830,한국토지신탁,2025-Q2,current_liab
034830,한국토지신탁,2025-Q3,cogs
034830,한국토지신탁,2024-Q3,current_liab
034830,한국토지신탁,2023-Q4,cogs
034830,한국토지신탁,2025-Q3,ar
034830,한국토지신탁,2023-Q4,ar
034830,한국토지신탁,2024-Q1,inventory
034830,한국토지신탁,2025-Q2,op_income
034830,한국토지신탁,2023-Q3,inventory
034830,한국토지신탁,2024-Q3,op_income
034830,한국토지신탁,2024-Q1,current_liab
034830,한국토지신탁,2024-Q2,current_liab
034830,한국토지신탁,2023-Q3,current_liab
034830,한국토지신탁,2025-Q1,inventory
034830,한국토지신탁,2025-Q2,current_assets
034830,한국토지신탁,2023-Q4,ap
034830,한국토지신탁,2024-Q3,current_assets
034830,한국토지신탁,2025-Q2,ar
034830,한국토지신탁,2025-Q3,ap
034830,한국토지신탁,2024-Q1,op_income
034830,한국토지신탁,2024-Q3,ar
034830,한국토지신탁,2025-Q2,cogs
034830,한국토지신탁,2024-Q2,inventory
034830,한국토지신탁,2024-Q3,cogs
034830,한국토지신탁,2024-Q4,inventory
034830,한국토지신탁,2025-Q1,current_liab
034830,한국토지신탁,2023-Q3,op_income
034830,한국토지신탁,2024-Q1,current_assets
034830,한국토지신탁,2025-Q1,op_income
034830,한국토지신탁,2023-Q3,current_assets
034830,한국토지신탁,2024-Q4,current_liab
034830,한국토지신탁,2024-Q1,ar
034830,한국토지신탁,2024-Q1,cogs
023350,한국종합기술,2021-Q2,inventory
023350,한국종합기술,2021-Q3,inventory
023350,한국종합기술,2020-Q3,inventory
023350,한국종합기술,2025-Q3,inventory
023350,한국종합기술,2023-Q4,inventory
023350,한국종합기술,2021-Q4,inventory
023350,한국종합기술,2021-Q1,inventory
023350,한국종합기술,2020-Q4,inventory
023350,한국종합기술,2025-Q2,inventory
023350,한국종합기술,2024-Q3,inventory
023350,한국종합기술,2020-Q2,inventory
023350,한국종합기술,2023-Q2,inventory
023350,한국종합기술,2024-Q1,inventory
023350,한국종합기술,2022-Q1,inventory
023350,한국종합기술,2023-Q3,inventory
023350,한국종합기술,2025-Q1,inventory
023350,한국종합기술,2022-Q3,inventory
023350,한국종합기술,2023-Q1,inventory
023350,한국종합기술,2022-Q2,inventory
023350,한국종합기술,2024-Q2,inventory
023350,한국종합기술,2024-Q4,inventory
023350,한국종합기술,2022-Q4,inventory
023350,한국종합기술,2020-Q1,inventory
104700,한국철강,2023-Q4,interest_expense
104700,한국철강,2023-Q1,interest_expense
104700,한국철강,2024-Q1,interest_expense
104700,한국철강,2023-Q3,interest_expense
104700,한국철강,2022-Q1,interest_expense
104700,한국철강,2023-Q2,interest_expense
017960,한국카본,2022-Q3,capex
017960,한국카본,2023-Q1,capex
017960,한국카본,2024-Q3,ap
017960,한국카본,2024-Q2,capex
017960,한국카본,2024-Q4,capex
017960,한국카본,2022-Q4,capex
017960,한국카본,2020-Q2,ap
017960,한국카본,2023-Q2,ap
017960,한국카본,2024-Q1,ap
017960,한국카본,2021-Q2,capex
017960,한국카본,2022-Q1,ap
017960,한국카본,2021-Q1,capex
017960,한국카본,2021-Q3,capex
017960,한국카본,2020-Q1,capex
017960,한국카본,2023-Q3,ap
017960,한국카본,2020-Q3,capex
017960,한국카본,2025-Q1,ap
017960,한국카본,2025-Q3,capex
017960,한국카본,2023-Q1,ap
017960,한국카본,2022-Q2,ap
017960,한국카본,2023-Q4,capex
017960,한국카본,2024-Q2,ap
017960,한국카본,2022-Q3,ap
017960,한국카본,2024-Q4,ap
017960,한국카본,2022-Q4,ap
017960,한국카본,2021-Q4,capex
017960,한국카본,2020-Q4,capex
017960,한국카본,2021-Q1,ap
017960,한국카본,2025-Q2,capex
017960,한국카본,2021-Q2,ap
017960,한국카본,2021-Q3,ap
017960,한국카본,2020-Q1,ap
017960,한국카본,2024-Q3,capex
017960,한국카본,2020-Q3,ap
017960,한국카본,2025-Q3,ap
017960,한국카본,2023-Q4,ap
017960,한국카본,2024-Q1,capex
017960,한국카본,2022-Q1,capex
017960,한국카본,2020-Q2,capex
017960,한국카본,2023-Q2,capex
017960,한국카본,2023-Q3,capex
017960,한국카본,2021-Q4,ap
017960,한국카본,2025-Q1,capex
017960,한국카본,2020-Q4,ap
017960,한국카본,2022-Q2,capex
017960,한국카본,2025-Q2,ap
047810,한국항공우주,2023-Q4,ap
047810,한국항공우주,2024-Q3,ap
047810,한국항공우주,2021-Q1,ap
047810,한국항공우주,2025-Q1,ap
047810,한국항공우주,2025-Q3,ap
047810,한국항공우주,2020-Q1,ap
047810,한국항공우주,2020-Q3,ap
047810,한국항공우주,2020-Q2,ap
047810,한국항공우주,2024-Q2,ap
047810,한국항공우주,2024-Q1,ap
047810,한국항공우주,2020-Q4,ap
047810,한국항공우주,2024-Q4,ap
047810,한국항공우주,2025-Q2,ap
042700,한미반도체,2025-Q1,ap
042700,한미반도체,2025-Q2,ap
042700,한미반도체,2025-Q3,ap
042700,한미반도체,2024-Q4,ap
008930,한미사이언스,2022-Q1,cogs
008930,한미사이언스,2022-Q3,capex
008930,한미사이언스,2023-Q1,capex
008930,한미사이언스,2023-Q2,cogs
008930,한미사이언스,2023-Q3,cogs
008930,한미사이언스,2024-Q2,capex
008930,한미사이언스,2024-Q4,capex
008930,한미사이언스,2022-Q4,capex
008930,한미사이언스,2025-Q1,cogs
008930,한미사이언스,2023-Q1,cogs
008930,한미사이언스,2022-Q2,cogs
008930,한미사이언스,2021-Q2,capex
008930,한미사이언스,2020-Q1,capex
008930,한미사이언스,2021-Q1,capex
008930,한미사이언스,2021-Q3,capex
008930,한미사이언스,2022-Q3,cogs
008930,한미사이언스,2024-Q4,cogs
008930,한미사이언스,2024-Q2,cogs
008930,한미사이언스,2022-Q4,cogs
008930,한미사이언스,2020-Q3,capex
008930,한미사이언스,2021-Q1,cogs
008930,한미사이언스,2025-Q3,capex
008930,한미사이언스,2023-Q4,capex
008930,한미사이언스,2021-Q2,cogs
008930,한미사이언스,2021-Q3,cogs
008930,한미사이언스,2020-Q1,cogs
008930,한미사이언스,2020-Q3,cogs
008930,한미사이언스,2021-Q4,capex
008930,한미사이언스,2025-Q3,cogs
008930,한미사이언스,2020-Q4,capex
008930,한미사이언스,2023-Q4,cogs
008930,한미사이언스,2025-Q2,capex
008930,한미사이언스,2024-Q3,capex
008930,한미사이언스,2021-Q4,cogs
008930,한미사이언스,2024-Q1,capex
008930,한미사이언스,2020-Q4,cogs
008930,한미사이언스,2022-Q1,capex
008930,한미사이언스,2020-Q2,capex
008930,한미사이언스,2023-Q2,capex
008930,한미사이언스,2025-Q2,cogs
008930,한미사이언스,2024-Q3,cogs
008930,한미사이언스,2023-Q3,capex
008930,한미사이언스,2025-Q1,capex
008930,한미사이언스,2020-Q2,cogs
008930,한미사이언스,2022-Q2,capex
008930,한미사이언스,2024-Q1,cogs
020000,한섬,2022-Q3,capex
020000,한섬,2023-Q1,capex
020000,한섬,2024-Q2,capex
020000,한섬,2024-Q4,capex
020000,한섬,2022-Q4,capex
020000,한섬,2021-Q2,capex
020000,한섬,2021-Q3,capex
020000,한섬,2020-Q1,capex
020000,한섬,2021-Q1,capex
020000,한섬,2020-Q3,capex
020000,한섬,2025-Q1,ap
020000,한섬,2025-Q3,capex
020000,한섬,2023-Q4,capex
020000,한섬,2024-Q4,ap
020000,한섬,2021-Q4,capex
020000,한섬,2020-Q4,capex
020000,한섬,2025-Q2,capex
020000,한섬,2025-Q3,ap
020000,한섬,2024-Q1,capex
020000,한섬,2022-Q1,capex
020000,한섬,2020-Q2,capex
020000,한섬,2023-Q2,capex
020000,한섬,2023-Q3,capex
020000,한섬,2025-Q1,capex
020000,한섬,2022-Q2,capex
020000,한섬,2025-Q2,ap
009240,한샘,2020-Q1,net_income
010420,한솔PNS,2024-Q3,ap
010420,한솔PNS,2023-Q2,ap
010420,한솔PNS,2024-Q1,ap
010420,한솔PNS,2023-Q3,ap
010420,한솔PNS,2022-Q1,ap
010420,한솔PNS,2025-Q1,ap
010420,한솔PNS,2023-Q1,ap
010420,한솔PNS,2022-Q2,ap
010420,한솔PNS,2024-Q2,ap
010420,한솔PNS,2024-Q4,ap
010420,한솔PNS,2022-Q3,ap
010420,한솔PNS,2022-Q4,ap
010420,한솔PNS,2021-Q1,ap
010420,한솔PNS,2021-Q2,ap
010420,한솔PNS,2021-Q3,ap
010420,한솔PNS,2025-Q3,ap
010420,한솔PNS,2023-Q4,ap
010420,한솔PNS,2021-Q4,ap
010420,한솔PNS,2020-Q4,ap
010420,한솔PNS,2025-Q2,ap
009180,한솔로지스틱스,2025-Q1,inventory
009180,한솔로지스틱스,2021-Q2,inventory
009180,한솔로지스틱스,2020-Q2,inventory
009180,한솔로지스틱스,2020-Q3,inventory
009180,한솔로지스틱스,2021-Q4,inventory
009180,한솔로지스틱스,2024-Q1,inventory
009180,한솔로지스틱스,2024-Q2,inventory
009180,한솔로지스틱스,2020-Q1,inventory
009180,한솔로지스틱스,2022-Q1,inventory
009180,한솔로지스틱스,2020-Q4,inventory
009180,한솔로지스틱스,2025-Q2,inventory
009180,한솔로지스틱스,2025-Q3,inventory
009180,한솔로지스틱스,2024-Q3,inventory
009180,한솔로지스틱스,2021-Q1,inventory
001750,한양증권,2025-Q1,current_assets
001750,한양증권,2023-Q3,cogs
001750,한양증권,2024-Q3,ap
001750,한양증권,2023-Q3,ar
001750,한양증권,2024-Q4,op_income
001750,한양증권,2024-Q2,op_income
001750,한양증권,2025-Q1,ar
001750,한양증권,2025-Q1,cogs
001750,한양증권,2024-Q2,current_assets
001750,한양증권,2024-Q4,current_assets
001750,한양증권,2023-Q4,inventory
001750,한양증권,2025-Q3,inventory
001750,한양증권,2024-Q1,ap
001750,한양증권,2023-Q3,ap
001750,한양증권,2024-Q4,cogs
001750,한양증권,2024-Q2,ar
001750,한양증권,2024-Q4,ar
001750,한양증권,2025-Q3,current_liab
001750,한양증권,2023-Q4,current_liab
001750,한양증권,2024-Q2,cogs
001750,한양증권,2025-Q1,ap
001750,한양증권,2025-Q3,op_income
001750,한양증권,2025-Q2,inventory
001750,한양증권,2023-Q4,op_income
001750,한양증권,2024-Q2,ap
001750,한양증권,2024-Q4,ap
001750,한양증권,2024-Q3,inventory
001750,한양증권,2025-Q3,current_assets
001750,한양증권,2023-Q4,current_assets
001750,한양증권,2025-Q2,ap
001750,한양증권,2025-Q2,current_liab
001750,한양증권,2025-Q3,cogs
001750,한양증권,2024-Q3,current_liab
001750,한양증권,2023-Q4,cogs
001750,한양증권,2025-Q3,ar
001750,한양증권,2023-Q4,ar
001750,한양증권,2024-Q1,inventory
001750,한양증권,2025-Q2,op_income
001750,한양증권,2023-Q3,inventory
001750,한양증권,2024-Q3,op_income
001750,한양증권,2024-Q1,current_liab
001750,한양증권,2024-Q2,current_liab
001750,한양증권,2023-Q3,current_liab
001750,한양증권,2025-Q1,inventory
001750,한양증권,2025-Q2,current_assets
001750,한양증권,2023-Q4,ap
001750,한양증권,2024-Q3,current_assets
001750,한양증권,2025-Q2,ar
001750,한양증권,2025-Q3,ap
001750,한양증권,2024-Q1,op_income
001750,한양증권,2024-Q3,ar
001750,한양증권,2025-Q2,cogs
001750,한양증권,2024-Q2,inventory
001750,한양증권,2024-Q3,cogs
001750,한양증권,2024-Q4,inventory
001750,한양증권,2025-Q1,current_liab
001750,한양증권,2023-Q3,op_income
001750,한양증권,2024-Q1,current_assets
001750,한양증권,2025-Q1,op_income
001750,한양증권,2023-Q3,current_assets
001750,한양증권,2024-Q4,current_liab
001750,한양증권,2024-Q1,ar
001750,한양증권,2024-Q1,cogs
011700,한신기계,2022-Q3,capex
011700,한신기계,2023-Q1,capex
011700,한신기계,2024-Q2,capex
011700,한신기계,2024-Q4,capex
011700,한신기계,2022-Q4,capex
011700,한신기계,2021-Q2,capex
011700,한신기계,2021-Q3,capex
011700,한신기계,2020-Q1,capex
011700,한신기계,2021-Q1,capex
011700,한신기계,2020-Q3,capex
011700,한신기계,2025-Q3,capex
011700,한신기계,2023-Q4,capex
011700,한신기계,2021-Q4,capex
011700,한신기계,2020-Q4,capex
011700,한신기계,2025-Q2,capex
011700,한신기계,2024-Q3,capex
011700,한신기계,2024-Q1,capex
011700,한신기계,2022-Q1,capex
011700,한신기계,2020-Q2,capex
011700,한신기계,2023-Q2,capex
011700,한신기계,2023-Q3,capex
011700,한신기계,2025-Q1,capex
011700,한신기계,2022-Q2,capex
009420,한올바이오파마,2022-Q3,capex
009420,한올바이오파마,2023-Q1,capex
009420,한올바이오파마,2024-Q2,capex
009420,한올바이오파마,2024-Q4,capex
009420,한올바이오파마,2022-Q4,capex
009420,한올바이오파마,2021-Q2,capex
009420,한올바이오파마,2021-Q3,capex
009420,한올바이오파마,2020-Q1,capex
009420,한올바이오파마,2021-Q1,capex
009420,한올바이오파마,2020-Q3,capex
009420,한올바이오파마,2025-Q3,capex
009420,한올바이오파마,2023-Q4,capex
009420,한올바이오파마,2021-Q4,capex
009420,한올바이오파마,2020-Q4,capex
009420,한올바이오파마,2025-Q2,capex
009420,한올바이오파마,2024-Q3,capex
009420,한올바이오파마,2024-Q1,capex
009420,한올바이오파마,2022-Q1,capex
009420,한올바이오파마,2020-Q2,capex
009420,한올바이오파마,2023-Q2,capex
009420,한올바이오파마,2023-Q3,capex
009420,한올바이오파마,2025-Q1,capex
009420,한올바이오파마,2022-Q2,capex
018880,한온시스템,2023-Q4,ap
018880,한온시스템,2024-Q3,ap
018880,한온시스템,2023-Q3,ar
018880,한온시스템,2025-Q1,ap
018880,한온시스템,2020-Q2,total_assets
018880,한온시스템,2025-Q3,ap
018880,한온시스템,2024-Q2,ap
018880,한온시스템,2024-Q4,ap
018880,한온시스템,2024-Q1,ap
018880,한온시스템,2023-Q3,ap
018880,한온시스템,2025-Q2,ap
002220,한일철강,2022-Q3,interest_expense
002220,한일철강,2022-Q2,ap
002220,한일철강,2022-Q2,interest_expense
002220,한일철강,2022-Q3,ap
014130,한익스프레스,2023-Q3,net_income
003300,한일홀딩스,2023-Q2,revenue
003300,한일홀딩스,2022-Q3,revenue
003300,한일홀딩스,2022-Q1,revenue
003300,한일홀딩스,2022-Q4,revenue
003300,한일홀딩스,2023-Q1,revenue
003300,한일홀딩스,2022-Q2,revenue
003480,한진중공업홀딩스,2024-Q4,revenue
003480,한진중공업홀딩스,2023-Q4,revenue
003480,한진중공업홀딩스,2025-Q1,revenue
002320,한진,2021-Q2,total_equity
002320,한진,2021-Q2,interest_expense
002320,한진,2021-Q2,total_assets
002320,한진,2021-Q2,cfo
002320,한진,2021-Q2,net_income
002320,한진,2021-Q2,ap
002320,한진,2021-Q2,total_liab
002320,한진,2021-Q2,current_liab
002320,한진,2021-Q2,cogs
002320,한진,2021-Q2,revenue
002320,한진,2021-Q2,capex
002320,한진,2021-Q2,op_income
130660,한전산업,2025-Q1,inventory
130660,한전산업,2022-Q3,inventory
130660,한전산업,2023-Q1,inventory
130660,한전산업,2022-Q2,inventory
130660,한전산업,2023-Q2,inventory
130660,한전산업,2024-Q2,inventory
130660,한전산업,2024-Q1,inventory
130660,한전산업,2024-Q4,inventory
130660,한전산업,2022-Q1,inventory
130660,한전산업,2023-Q3,inventory
130660,한전산업,2020-Q4,inventory
130660,한전산업,2025-Q2,inventory
130660,한전산업,2025-Q3,inventory
130660,한전산업,2023-Q4,inventory
130660,한전산업,2024-Q3,inventory
130660,한전산업,2021-Q1,inventory
052690,한전기술,2021-Q2,inventory
052690,한전기술,2021-Q3,inventory
052690,한전기술,2020-Q3,inventory
052690,한전기술,2025-Q3,inventory
052690,한전기술,2023-Q4,inventory
052690,한전기술,2021-Q4,inventory
052690,한전기술,2021-Q1,inventory
052690,한전기술,2020-Q4,inventory
052690,한전기술,2025-Q2,inventory
052690,한전기술,2024-Q3,inventory
052690,한전기술,2020-Q2,inventory
052690,한전기술,2023-Q2,inventory
052690,한전기술,2024-Q1,inventory
052690,한전기술,2022-Q1,inventory
052690,한전기술,2023-Q3,inventory
052690,한전기술,2025-Q1,inventory
052690,한전기술,2022-Q3,inventory
052690,한전기술,2023-Q1,inventory
052690,한전기술,2022-Q2,inventory
052690,한전기술,2024-Q2,inventory
052690,한전기술,2024-Q4,inventory
052690,한전기술,2022-Q4,inventory
052690,한전기술,2020-Q1,inventory
451800,한화리츠,2025-Q4,cogs
451800,한화리츠,2023-Q2,cogs
451800,한화리츠,2024-Q2,capex
451800,한화리츠,2024-Q4,capex
451800,한화리츠,2023-Q2,ap
451800,한화리츠,2023-Q4,inventory
451800,한화리츠,2025-Q4,ap
451800,한화리츠,2024-Q4,cogs
451800,한화리츠,2024-Q2,cogs
451800,한화리츠,2023-Q4,capex
451800,한화리츠,2025-Q2,inventory
451800,한화리츠,2024-Q2,ap
451800,한화리츠,2024-Q4,ap
451800,한화리츠,2023-Q4,cogs
451800,한화리츠,2025-Q2,capex
451800,한화리츠,2023-Q2,inventory
451800,한화리츠,2025-Q4,inventory
451800,한화리츠,2023-Q4,ap
451800,한화리츠,2025-Q2,cogs
451800,한화리츠,2023-Q2,capex
451800,한화리츠,2024-Q2,inventory
451800,한화리츠,2024-Q4,inventory
451800,한화리츠,2025-Q4,capex
451800,한화리츠,2025-Q2,ap
088350,한화생명,2025-Q1,current_assets
088350,한화생명,2023-Q3,cogs
088350,한화생명,2024-Q3,ap
088350,한화생명,2023-Q3,ar
088350,한화생명,2025-Q2,revenue
088350,한화생명,2025-Q1,ar
088350,한화생명,2024-Q3,revenue
088350,한화생명,2025-Q1,cogs
088350,한화생명,2024-Q2,current_assets
088350,한화생명,2024-Q4,current_assets
088350,한화생명,2023-Q4,inventory
088350,한화생명,2025-Q3,inventory
088350,한화생명,2024-Q1,ap
088350,한화생명,2025-Q3,interest_expense
088350,한화생명,2023-Q3,ap
088350,한화생명,2024-Q4,cogs
088350,한화생명,2024-Q2,ar
088350,한화생명,2023-Q4,interest_expense
088350,한화생명,2024-Q1,revenue
088350,한화생명,2024-Q4,ar
088350,한화생명,2023-Q4,current_liab
088350,한화생명,2023-Q3,revenue
088350,한화생명,2024-Q2,cogs
088350,한화생명,2025-Q3,current_liab
088350,한화생명,2025-Q1,ap
088350,한화생명,2025-Q1,revenue
088350,한화생명,2025-Q2,inventory
088350,한화생명,2024-Q2,ap
088350,한화생명,2024-Q4,ap
088350,한화생명,2025-Q2,interest_expense
088350,한화생명,2024-Q3,inventory
088350,한화생명,2024-Q3,interest_expense
088350,한화생명,2025-Q3,current_assets
088350,한화생명,2023-Q4,current_assets
088350,한화생명,2024-Q2,revenue
088350,한화생명,2024-Q4,revenue
088350,한화생명,2025-Q2,current_liab
088350,한화생명,2025-Q2,ap
088350,한화생명,2025-Q3,cogs
088350,한화생명,2024-Q3,current_liab
088350,한화생명,2023-Q4,cogs
088350,한화생명,2025-Q3,ar
088350,한화생명,2023-Q4,ar
088350,한화생명,2024-Q1,inventory
088350,한화생명,2023-Q3,inventory
088350,한화생명,2024-Q1,interest_expense
088350,한화생명,2023-Q3,interest_expense
088350,한화생명,2024-Q1,current_liab
088350,한화생명,2024-Q2,current_liab
088350,한화생명,2023-Q3,current_liab
088350,한화생명,2025-Q1,inventory
088350,한화생명,2025-Q2,current_assets
088350,한화생명,2023-Q4,ap
088350,한화생명,2024-Q3,current_assets
088350,한화생명,2025-Q1,interest_expense
088350,한화생명,2025-Q2,ar
088350,한화생명,2025-Q3,ap
088350,한화생명,2025-Q2,cogs
088350,한화생명,2024-Q3,ar
088350,한화생명,2025-Q3,revenue
088350,한화생명,2023-Q4,revenue
088350,한화생명,2024-Q2,inventory
088350,한화생명,2024-Q3,cogs
088350,한화생명,2024-Q4,inventory
088350,한화생명,2025-Q1,current_liab
088350,한화생명,2024-Q4,interest_expense
088350,한화생명,2024-Q1,current_assets
088350,한화생명,2024-Q2,interest_expense
088350,한화생명,2023-Q3,current_assets
088350,한화생명,2024-Q4,current_liab
088350,한화생명,2024-Q1,ar
088350,한화생명,2024-Q1,cogs
000370,한화손해보험,2025-Q1,current_assets
000370,한화손해보험,2023-Q3,cogs
000370,한화손해보험,2024-Q3,ap
000370,한화손해보험,2023-Q3,ar
000370,한화손해보험,2024-Q4,op_income
000370,한화손해보험,2024-Q2,capex
000370,한화손해보험,2025-Q2,revenue
000370,한화손해보험,2024-Q2,op_income
000370,한화손해보험,2025-Q1,ar
000370,한화손해보험,2024-Q3,revenue
000370,한화손해보험,2025-Q1,cogs
000370,한화손해보험,2024-Q2,current_assets
000370,한화손해보험,2024-Q4,current_assets
000370,한화손해보험,2023-Q4,inventory
000370,한화손해보험,2025-Q3,inventory
000370,한화손해보험,2024-Q1,ap
000370,한화손해보험,2023-Q3,ap
000370,한화손해보험,2024-Q4,cogs
000370,한화손해보험,2024-Q2,ar
000370,한화손해보험,2024-Q4,ar
000370,한화손해보험,2024-Q1,revenue
000370,한화손해보험,2025-Q3,current_liab
000370,한화손해보험,2023-Q4,current_liab
000370,한화손해보험,2023-Q3,revenue
000370,한화손해보험,2024-Q2,cogs
000370,한화손해보험,2025-Q1,ap
000370,한화손해보험,2025-Q3,op_income
000370,한화손해보험,2025-Q1,revenue
000370,한화손해보험,2025-Q2,inventory
000370,한화손해보험,2023-Q4,op_income
000370,한화손해보험,2024-Q2,ap
000370,한화손해보험,2024-Q4,ap
000370,한화손해보험,2024-Q3,inventory
000370,한화손해보험,2025-Q3,current_assets
000370,한화손해보험,2023-Q4,current_assets
000370,한화손해보험,2024-Q2,revenue
000370,한화손해보험,2024-Q4,revenue
000370,한화손해보험,2025-Q2,current_liab
000370,한화손해보험,2025-Q2,ap
000370,한화손해보험,2025-Q3,cogs
000370,한화손해보험,2024-Q3,current_liab
000370,한화손해보험,2023-Q4,cogs
000370,한화손해보험,2025-Q3,ar
000370,한화손해보험,2023-Q4,ar
000370,한화손해보험,2024-Q1,inventory
000370,한화손해보험,2025-Q2,op_income
000370,한화손해보험,2024-Q3,capex
000370,한화손해보험,2023-Q3,inventory
000370,한화손해보험,2024-Q3,op_income
000370,한화손해보험,2024-Q1,current_liab
000370,한화손해보험,2024-Q2,current_liab
000370,한화손해보험,2023-Q3,current_liab
000370,한화손해보험,2025-Q1,inventory
000370,한화손해보험,2025-Q2,current_assets
000370,한화손해보험,2023-Q4,ap
000370,한화손해보험,2024-Q3,current_assets
000370,한화손해보험,2024-Q1,capex
000370,한화손해보험,2025-Q2,ar
000370,한화손해보험,2025-Q3,ap
000370,한화손해보험,2024-Q1,op_income
000370,한화손해보험,2024-Q3,ar
000370,한화손해보험,2025-Q2,cogs
000370,한화손해보험,2025-Q3,revenue
000370,한화손해보험,2024-Q2,inventory
000370,한화손해보험,2024-Q3,cogs
000370,한화손해보험,2024-Q4,inventory
000370,한화손해보험,2025-Q1,current_liab
000370,한화손해보험,2023-Q3,op_income
000370,한화손해보험,2024-Q1,current_assets
000370,한화손해보험,2025-Q1,op_income
000370,한화손해보험,2023-Q3,current_assets
000370,한화손해보험,2024-Q4,current_liab
000370,한화손해보험,2024-Q1,ar
000370,한화손해보험,2024-Q1,cogs
005110,한창,2021-Q4,capex
005110,한창,2022-Q3,capex
005110,한창,2024-Q1,capex
005110,한창,2023-Q1,capex
005110,한창,2022-Q1,capex
005110,한창,2023-Q2,capex
005110,한창,2024-Q2,capex
005110,한창,2023-Q3,capex
005110,한창,2022-Q4,capex
005110,한창,2023-Q4,capex
005110,한창,2021-Q2,capex
005110,한창,2021-Q3,capex
005110,한창,2021-Q1,capex
005110,한창,2022-Q2,capex
003530,한화투자증권,2025-Q1,current_assets
003530,한화투자증권,2023-Q3,cogs
003530,한화투자증권,2024-Q3,ap
003530,한화투자증권,2023-Q3,ar
003530,한화투자증권,2024-Q2,op_income
003530,한화투자증권,2025-Q1,ar
003530,한화투자증권,2025-Q1,cogs
003530,한화투자증권,2024-Q2,current_assets
003530,한화투자증권,2024-Q4,current_assets
003530,한화투자증권,2023-Q4,inventory
003530,한화투자증권,2025-Q3,inventory
003530,한화투자증권,2024-Q1,ap
003530,한화투자증권,2023-Q3,ap
003530,한화투자증권,2024-Q4,cogs
003530,한화투자증권,2024-Q2,ar
003530,한화투자증권,2024-Q4,ar
003530,한화투자증권,2025-Q3,current_liab
003530,한화투자증권,2023-Q4,current_liab
003530,한화투자증권,2024-Q2,cogs
003530,한화투자증권,2025-Q1,ap
003530,한화투자증권,2025-Q3,op_income
003530,한화투자증권,2025-Q2,inventory
003530,한화투자증권,2024-Q2,ap
003530,한화투자증권,2024-Q4,ap
003530,한화투자증권,2024-Q3,inventory
003530,한화투자증권,2025-Q3,current_assets
003530,한화투자증권,2023-Q4,current_assets
003530,한화투자증권,2025-Q2,ap
003530,한화투자증권,2025-Q2,current_liab
003530,한화투자증권,2025-Q3,cogs
003530,한화투자증권,2024-Q3,current_liab
003530,한화투자증권,2023-Q4,cogs
003530,한화투자증권,2025-Q3,ar
003530,한화투자증권,2023-Q4,ar
003530,한화투자증권,2024-Q1,inventory
003530,한화투자증권,2025-Q2,op_income
003530,한화투자증권,2023-Q3,inventory
003530,한화투자증권,2024-Q3,op_income
003530,한화투자증권,2024-Q1,current_liab
003530,한화투자증권,2024-Q2,current_liab
003530,한화투자증권,2023-Q3,current_liab
003530,한화투자증권,2025-Q1,inventory
003530,한화투자증권,2025-Q2,current_assets
003530,한화투자증권,2023-Q4,ap
003530,한화투자증권,2024-Q3,current_assets
003530,한화투자증권,2025-Q2,ar
003530,한화투자증권,2025-Q3,ap
003530,한화투자증권,2025-Q2,cogs
003530,한화투자증권,2024-Q3,ar
003530,한화투자증권,2024-Q2,inventory
003530,한화투자증권,2024-Q3,cogs
003530,한화투자증권,2024-Q4,inventory
003530,한화투자증권,2025-Q1,current_liab
003530,한화투자증권,2023-Q3,op_income
003530,한화투자증권,2024-Q1,current_assets
003530,한화투자증권,2023-Q3,current_assets
003530,한화투자증권,2024-Q4,current_liab
003530,한화투자증권,2024-Q1,ar
003530,한화투자증권,2024-Q1,cogs
042660,한화오션,2021-Q4,capex
042660,한화오션,2022-Q3,capex
042660,한화오션,2023-Q1,capex
042660,한화오션,2022-Q1,capex
042660,한화오션,2020-Q3,capex
042660,한화오션,2020-Q4,capex
042660,한화오션,2020-Q2,capex
042660,한화오션,2023-Q2,capex
042660,한화오션,2023-Q3,capex
042660,한화오션,2022-Q4,capex
042660,한화오션,2021-Q2,capex
042660,한화오션,2021-Q3,capex
042660,한화오션,2021-Q1,capex
042660,한화오션,2022-Q2,capex
195870,해성디에스,2025-Q1,ap
195870,해성디에스,2025-Q2,ap
195870,해성디에스,2025-Q3,ap
195870,해성디에스,2024-Q4,ap
000720,현대건설,2025-Q1,ap
143210,핸즈코퍼레이션,2024-Q1,ap
143210,핸즈코퍼레이션,2023-Q4,ap
143210,핸즈코퍼레이션,2024-Q3,ap
143210,핸즈코퍼레이션,2024-Q2,ap
086280,현대글로비스,2025-Q1,current_assets
086280,현대글로비스,2025-Q1,total_assets
086280,현대글로비스,2025-Q1,total_liab
086280,현대글로비스,2025-Q1,ap
086280,현대글로비스,2025-Q1,current_liab
086280,현대글로비스,2025-Q1,ar
086280,현대글로비스,2025-Q1,total_equity
086280,현대글로비스,2025-Q1,inventory
064350,현대로템,2023-Q3,ap
064350,현대로템,2023-Q3,ar
069960,현대백화점,2021-Q1,ap
069960,현대백화점,2021-Q2,ap
069960,현대백화점,2021-Q3,ap
069960,현대백화점,2023-Q1,ap
069960,현대백화점,2022-Q2,ap
069960,현대백화점,2021-Q4,ap
069960,현대백화점,2023-Q2,ap
069960,현대백화점,2022-Q3,ap
069960,현대백화점,2022-Q1,ap
069960,현대백화점,2020-Q4,ap
069960,현대백화점,2022-Q4,ap
017800,현대엘리베이터,2023-Q2,cfo
017800,현대엘리베이터,2021-Q1,cfo
017800,현대엘리베이터,2021-Q2,cfo
017800,현대엘리베이터,2021-Q3,cfo
017800,현대엘리베이터,2020-Q1,cfo
017800,현대엘리베이터,2023-Q1,cfo
017800,현대엘리베이터,2022-Q2,cfo
017800,현대엘리베이터,2020-Q2,cfo
017800,현대엘리베이터,2021-Q4,cfo
017800,현대엘리베이터,2022-Q3,cfo
017800,현대엘리베이터,2022-Q1,cfo
017800,현대엘리베이터,2020-Q3,cfo
017800,현대엘리베이터,2020-Q4,cfo
017800,현대엘리베이터,2022-Q4,cfo
017800,현대엘리베이터,2023-Q3,ap
004020,현대제철,2021-Q1,ap
004020,현대제철,2021-Q2,ap
004020,현대제철,2021-Q3,ap
004020,현대제철,2023-Q1,ap
004020,현대제철,2022-Q2,ap
004020,현대제철,2021-Q4,ap
004020,현대제철,2023-Q2,ap
004020,현대제철,2022-Q3,ap
004020,현대제철,2022-Q1,ap
004020,현대제철,2022-Q4,ap
001500,현대차증권,2025-Q1,current_assets
001500,현대차증권,2023-Q3,cogs
001500,현대차증권,2024-Q3,ap
001500,현대차증권,2023-Q3,ar
001500,현대차증권,2024-Q4,op_income
001500,현대차증권,2024-Q2,op_income
001500,현대차증권,2025-Q1,ar
001500,현대차증권,2025-Q1,cogs
001500,현대차증권,2024-Q2,current_assets
001500,현대차증권,2024-Q4,current_assets
001500,현대차증권,2023-Q4,inventory
001500,현대차증권,2025-Q3,inventory
001500,현대차증권,2024-Q1,ap
001500,현대차증권,2023-Q3,ap
001500,현대차증권,2024-Q4,cogs
001500,현대차증권,2024-Q2,ar
001500,현대차증권,2024-Q4,ar
001500,현대차증권,2025-Q3,current_liab
001500,현대차증권,2023-Q4,current_liab
001500,현대차증권,2024-Q2,cogs
001500,현대차증권,2025-Q1,ap
001500,현대차증권,2025-Q2,inventory
001500,현대차증권,2023-Q4,op_income
001500,현대차증권,2024-Q2,ap
001500,현대차증권,2024-Q4,ap
001500,현대차증권,2024-Q3,inventory
001500,현대차증권,2025-Q3,current_assets
001500,현대차증권,2023-Q4,current_assets
001500,현대차증권,2025-Q2,ap
001500,현대차증권,2025-Q2,current_liab
001500,현대차증권,2025-Q3,cogs
001500,현대차증권,2024-Q3,current_liab
001500,현대차증권,2023-Q4,cogs
001500,현대차증권,2025-Q3,ar
001500,현대차증권,2023-Q4,ar
001500,현대차증권,2024-Q1,inventory
001500,현대차증권,2023-Q3,inventory
001500,현대차증권,2024-Q3,op_income
001500,현대차증권,2024-Q1,current_liab
001500,현대차증권,2024-Q2,current_liab
001500,현대차증권,2023-Q3,current_liab
001500,현대차증권,2025-Q1,inventory
001500,현대차증권,2025-Q2,current_assets
001500,현대차증권,2023-Q4,ap
001500,현대차증권,2024-Q3,current_assets
001500,현대차증권,2025-Q2,ar
001500,현대차증권,2025-Q3,ap
001500,현대차증권,2024-Q1,op_income
001500,현대차증권,2024-Q3,ar
001500,현대차증권,2025-Q2,cogs
001500,현대차증권,2025-Q3,revenue
001500,현대차증권,2024-Q2,inventory
001500,현대차증권,2024-Q3,cogs
001500,현대차증권,2024-Q4,inventory
001500,현대차증권,2025-Q1,current_liab
001500,현대차증권,2023-Q3,op_income
001500,현대차증권,2024-Q1,current_assets
001500,현대차증권,2025-Q1,op_income
001500,현대차증권,2023-Q3,current_assets
001500,현대차증권,2024-Q4,current_liab
001500,현대차증권,2024-Q1,ar
001500,현대차증권,2024-Q1,cogs
001450,현대해상,2025-Q1,current_assets
001450,현대해상,2023-Q3,cogs
001450,현대해상,2024-Q3,ap
001450,현대해상,2023-Q3,ar
001450,현대해상,2024-Q4,op_income
001450,현대해상,2025-Q2,revenue
001450,현대해상,2024-Q2,op_income
001450,현대해상,2025-Q1,ar
001450,현대해상,2024-Q3,revenue
001450,현대해상,2025-Q1,cogs
001450,현대해상,2024-Q2,current_assets
001450,현대해상,2024-Q4,current_assets
001450,현대해상,2023-Q4,inventory
001450,현대해상,2025-Q3,inventory
001450,현대해상,2024-Q1,ap
001450,현대해상,2023-Q3,ap
001450,현대해상,2024-Q4,cogs
001450,현대해상,2024-Q2,ar
001450,현대해상,2024-Q4,ar
001450,현대해상,2024-Q1,revenue
001450,현대해상,2025-Q3,current_liab
001450,현대해상,2023-Q4,current_liab
001450,현대해상,2023-Q3,revenue
001450,현대해상,2024-Q2,cogs
001450,현대해상,2025-Q1,ap
001450,현대해상,2025-Q3,op_income
001450,현대해상,2025-Q1,revenue
001450,현대해상,2025-Q2,inventory
001450,현대해상,2023-Q4,op_income
001450,현대해상,2024-Q2,ap
001450,현대해상,2024-Q4,ap
001450,현대해상,2024-Q3,inventory
001450,현대해상,2025-Q3,current_assets
001450,현대해상,2023-Q4,current_assets
001450,현대해상,2024-Q2,revenue
001450,현대해상,2024-Q4,revenue
001450,현대해상,2025-Q2,current_liab
001450,현대해상,2025-Q2,ap
001450,현대해상,2025-Q3,cogs
001450,현대해상,2024-Q3,current_liab
001450,현대해상,2023-Q4,cogs
001450,현대해상,2025-Q3,ar
001450,현대해상,2023-Q4,ar
001450,현대해상,2024-Q1,inventory
001450,현대해상,2025-Q2,op_income
001450,현대해상,2023-Q3,inventory
001450,현대해상,2024-Q3,op_income
001450,현대해상,2024-Q1,current_liab
001450,현대해상,2024-Q2,current_liab
001450,현대해상,2023-Q3,current_liab
001450,현대해상,2025-Q1,inventory
001450,현대해상,2025-Q2,current_assets
001450,현대해상,2023-Q4,ap
001450,현대해상,2024-Q3,current_assets
001450,현대해상,2025-Q2,ar
001450,현대해상,2025-Q3,ap
001450,현대해상,2024-Q1,op_income
001450,현대해상,2024-Q3,ar
001450,현대해상,2025-Q2,cogs
001450,현대해상,2025-Q3,revenue
001450,현대해상,2023-Q4,revenue
001450,현대해상,2024-Q2,inventory
001450,현대해상,2024-Q3,cogs
001450,현대해상,2024-Q4,inventory
001450,현대해상,2025-Q1,current_liab
001450,현대해상,2023-Q3,op_income
001450,현대해상,2024-Q1,current_assets
001450,현대해상,2025-Q1,op_income
001450,현대해상,2023-Q3,current_assets
001450,현대해상,2024-Q4,current_liab
001450,현대해상,2024-Q1,ar
001450,현대해상,2024-Q1,cogs
227840,현대코퍼레이션홀딩스,2023-Q3,ap
227840,현대코퍼레이션홀딩스,2023-Q2,ap
227840,현대코퍼레이션홀딩스,2025-Q3,ap
008770,호텔신라,2022-Q1,cogs
008770,호텔신라,2023-Q3,cogs
008770,호텔신라,2023-Q2,cogs
008770,호텔신라,2025-Q1,cogs
008770,호텔신라,2023-Q1,cogs
008770,호텔신라,2022-Q2,cogs
008770,호텔신라,2022-Q3,cogs
008770,호텔신라,2024-Q4,cogs
008770,호텔신라,2024-Q2,cogs
008770,호텔신라,2022-Q4,cogs
008770,호텔신라,2021-Q1,cogs
008770,호텔신라,2021-Q2,cogs
008770,호텔신라,2021-Q3,cogs
008770,호텔신라,2020-Q1,cogs
008770,호텔신라,2020-Q3,cogs
008770,호텔신라,2025-Q3,cogs
008770,호텔신라,2023-Q4,cogs
008770,호텔신라,2021-Q4,cogs
008770,호텔신라,2020-Q4,cogs
008770,호텔신라,2025-Q2,cogs
008770,호텔신라,2024-Q3,cogs
008770,호텔신라,2020-Q2,cogs
008770,호텔신라,2024-Q1,cogs
093240,형지엘리트,2020-Q3,ap
010660,화천기계,2023-Q4,ap
010660,화천기계,2025-Q1,interest_expense
010660,화천기계,2024-Q3,ap
010660,화천기계,2025-Q1,ap
010660,화천기계,2023-Q1,interest_expense
010660,화천기계,2025-Q3,ap
010660,화천기계,2024-Q1,interest_expense
010660,화천기계,2023-Q2,ap
010660,화천기계,2024-Q2,ap
010660,화천기계,2024-Q1,ap
010660,화천기계,2023-Q3,ap
010660,화천기계,2024-Q4,ap
010660,화천기계,2025-Q2,ap
016580,환인제약,2022-Q3,capex
016580,환인제약,2023-Q1,capex
016580,환인제약,2024-Q2,capex
016580,환인제약,2024-Q4,capex
016580,환인제약,2022-Q4,capex
016580,환인제약,2021-Q2,capex
016580,환인제약,2021-Q3,capex
016580,환인제약,2020-Q1,capex
016580,환인제약,2021-Q1,capex
016580,환인제약,2020-Q3,capex
016580,환인제약,2025-Q3,capex
016580,환인제약,2023-Q4,capex
016580,환인제약,2021-Q4,capex
016580,환인제약,2020-Q4,capex
016580,환인제약,2025-Q2,capex
016580,환인제약,2024-Q3,capex
016580,환인제약,2024-Q1,capex
016580,환인제약,2022-Q1,capex
016580,환인제약,2020-Q2,capex
016580,환인제약,2023-Q2,capex
016580,환인제약,2023-Q3,capex
016580,환인제약,2025-Q1,capex
016580,환인제약,2022-Q2,capex
298040,효성중공업,2023-Q2,net_income
298020,효성티앤씨,2024-Q2,net_income
298020,효성티앤씨,2024-Q1,net_income
298020,효성티앤씨,2024-Q3,net_income
000540,흥국화재,2025-Q1,current_assets
000540,흥국화재,2023-Q3,cogs
000540,흥국화재,2024-Q3,ap
000540,흥국화재,2023-Q3,ar
000540,흥국화재,2025-Q2,revenue
000540,흥국화재,2025-Q1,ar
000540,흥국화재,2024-Q3,revenue
000540,흥국화재,2025-Q1,cogs
000540,흥국화재,2024-Q2,current_assets
000540,흥국화재,2024-Q4,current_assets
000540,흥국화재,2023-Q4,inventory
000540,흥국화재,2025-Q3,inventory
000540,흥국화재,2024-Q1,ap
000540,흥국화재,2023-Q3,ap
000540,흥국화재,2024-Q4,cogs
000540,흥국화재,2024-Q2,ar
000540,흥국화재,2024-Q4,ar
000540,흥국화재,2024-Q1,revenue
000540,흥국화재,2025-Q3,current_liab
000540,흥국화재,2023-Q4,current_liab
000540,흥국화재,2023-Q3,revenue
000540,흥국화재,2024-Q2,cogs
000540,흥국화재,2025-Q1,ap
000540,흥국화재,2025-Q1,revenue
000540,흥국화재,2025-Q2,inventory
000540,흥국화재,2024-Q2,ap
000540,흥국화재,2024-Q4,ap
000540,흥국화재,2024-Q3,inventory
000540,흥국화재,2025-Q3,current_assets
000540,흥국화재,2023-Q4,current_assets
000540,흥국화재,2024-Q2,revenue
000540,흥국화재,2024-Q4,revenue
000540,흥국화재,2025-Q2,current_liab
000540,흥국화재,2025-Q2,ap
000540,흥국화재,2025-Q3,cogs
000540,흥국화재,2024-Q3,current_liab
000540,흥국화재,2023-Q4,cogs
000540,흥국화재,2025-Q3,ar
000540,흥국화재,2023-Q4,ar
000540,흥국화재,2024-Q1,inventory
000540,흥국화재,2023-Q3,inventory
000540,흥국화재,2024-Q1,current_liab
000540,흥국화재,2024-Q2,current_liab
000540,흥국화재,2023-Q3,current_liab
000540,흥국화재,2025-Q1,inventory
000540,흥국화재,2025-Q2,current_assets
000540,흥국화재,2023-Q4,ap
000540,흥국화재,2024-Q3,current_assets
000540,흥국화재,2025-Q2,ar
000540,흥국화재,2025-Q3,ap
000540,흥국화재,2025-Q2,cogs
000540,흥국화재,2024-Q3,ar
000540,흥국화재,2025-Q3,revenue
000540,흥국화재,2023-Q4,revenue
000540,흥국화재,2024-Q2,inventory
000540,흥국화재,2024-Q3,cogs
000540,흥국화재,2024-Q4,inventory
000540,흥국화재,2025-Q1,current_liab
000540,흥국화재,2024-Q1,current_assets
000540,흥국화재,2023-Q3,current_assets
000540,흥국화재,2024-Q4,current_liab
000540,흥국화재,2024-Q1,ar
000540,흥국화재,2024-Q1,cogs
005870,휴니드,2023-Q1,interest_expense
005870,휴니드,2022-Q2,interest_expense
005870,휴니드,2021-Q4,interest_expense
005870,휴니드,2022-Q3,interest_expense
005870,휴니드,2022-Q1,interest_expense
005870,휴니드,2023-Q3,interest_expense
005870,휴니드,2023-Q2,interest_expense
005870,휴니드,2022-Q4,interest_expense
005010,휴스틸,2023-Q1,capex
005010,휴스틸,2025-Q1,ap
005010,휴스틸,2025-Q3,ap
005010,휴스틸,2024-Q4,ap
005010,휴스틸,2025-Q2,ap
265520,AP시스템,2021-Q1,ap
265520,AP시스템,2021-Q2,ap
265520,AP시스템,2021-Q3,ap
265520,AP시스템,2020-Q1,ap
265520,AP시스템,2022-Q2,ap
265520,AP시스템,2020-Q3,ap
265520,AP시스템,2020-Q2,ap
265520,AP시스템,2021-Q4,ap
265520,AP시스템,2023-Q2,ap
265520,AP시스템,2022-Q1,ap
265520,AP시스템,2020-Q4,ap
054620,APS,2024-Q3,ap
054620,APS,2020-Q2,ap
054620,APS,2023-Q2,ap
054620,APS,2024-Q1,ap
054620,APS,2023-Q3,ap
054620,APS,2022-Q1,ap
054620,APS,2025-Q1,ap
054620,APS,2023-Q1,ap
054620,APS,2022-Q2,ap
054620,APS,2024-Q2,ap
054620,APS,2024-Q4,ap
054620,APS,2022-Q3,ap
054620,APS,2022-Q4,ap
054620,APS,2021-Q2,ap
054620,APS,2020-Q3,ap
054620,APS,2025-Q3,ap
054620,APS,2023-Q4,ap
054620,APS,2021-Q4,ap
054620,APS,2020-Q4,ap
054620,APS,2025-Q2,ap
211270,AP위성,2022-Q3,capex
211270,AP위성,2023-Q1,capex
211270,AP위성,2024-Q2,capex
211270,AP위성,2024-Q4,capex
211270,AP위성,2022-Q4,capex
211270,AP위성,2021-Q2,capex
211270,AP위성,2021-Q3,capex
211270,AP위성,2020-Q1,capex
211270,AP위성,2021-Q1,capex
211270,AP위성,2020-Q3,capex
211270,AP위성,2025-Q3,capex
211270,AP위성,2023-Q4,capex
211270,AP위성,2021-Q4,capex
211270,AP위성,2020-Q4,capex
211270,AP위성,2025-Q2,capex
211270,AP위성,2024-Q3,capex
211270,AP위성,2024-Q1,capex
211270,AP위성,2022-Q1,capex
211270,AP위성,2020-Q2,capex
211270,AP위성,2023-Q2,capex
211270,AP위성,2023-Q3,capex
211270,AP위성,2025-Q1,capex
211270,AP위성,2022-Q2,capex
139050,BF랩스,2023-Q1,inventory
139050,BF랩스,2025-Q2,capex
139050,BF랩스,2023-Q2,inventory
139050,BF랩스,2024-Q2,inventory
139050,BF랩스,2024-Q1,inventory
139050,BF랩스,2024-Q4,inventory
139050,BF랩스,2023-Q3,inventory
139050,BF랩스,2025-Q3,capex
139050,BF랩스,2025-Q2,inventory
139050,BF랩스,2025-Q1,capex
139050,BF랩스,2023-Q4,inventory
139050,BF랩스,2025-Q3,inventory
139050,BF랩스,2024-Q3,inventory
139050,BF랩스,2025-Q1,inventory
477760,DB금융스팩12호,2024-Q3,ap
477760,DB금융스팩12호,2024-Q2,capex
477760,DB금융스팩12호,2024-Q4,capex
477760,DB금융스팩12호,2025-Q1,cogs
477760,DB금융스팩12호,2025-Q3,inventory
477760,DB금융스팩12호,2024-Q4,cogs
477760,DB금융스팩12호,2024-Q2,cogs
477760,DB금융스팩12호,2025-Q1,ap
477760,DB금융스팩12호,2025-Q3,capex
477760,DB금융스팩12호,2025-Q2,inventory
477760,DB금융스팩12호,2024-Q2,ap
477760,DB금융스팩12호,2024-Q4,ap
477760,DB금융스팩12호,2024-Q3,inventory
477760,DB금융스팩12호,2025-Q3,cogs
477760,DB금융스팩12호,2025-Q2,capex
477760,DB금융스팩12호,2024-Q3,capex
477760,DB금융스팩12호,2025-Q1,inventory
477760,DB금융스팩12호,2025-Q3,ap
477760,DB금융스팩12호,2025-Q2,cogs
477760,DB금융스팩12호,2024-Q2,inventory
477760,DB금융스팩12호,2024-Q3,cogs
477760,DB금융스팩12호,2024-Q4,inventory
477760,DB금융스팩12호,2025-Q1,capex
477760,DB금융스팩12호,2025-Q2,ap
311690,CJ 바이오사이언스,2021-Q4,capex
311690,CJ 바이오사이언스,2020-Q1,capex
311690,CJ 바이오사이언스,2022-Q3,capex
311690,CJ 바이오사이언스,2023-Q1,capex
311690,CJ 바이오사이언스,2022-Q1,capex
311690,CJ 바이오사이언스,2020-Q3,capex
311690,CJ 바이오사이언스,2020-Q4,capex
311690,CJ 바이오사이언스,2020-Q2,capex
311690,CJ 바이오사이언스,2022-Q4,capex
311690,CJ 바이오사이언스,2025-Q1,capex
311690,CJ 바이오사이언스,2021-Q2,capex
311690,CJ 바이오사이언스,2021-Q3,capex
311690,CJ 바이오사이언스,2021-Q1,capex
311690,CJ 바이오사이언스,2022-Q2,capex
241520,DSC인베스트먼트,2024-Q3,ap
241520,DSC인베스트먼트,2025-Q1,cogs
241520,DSC인베스트먼트,2025-Q3,inventory
241520,DSC인베스트먼트,2023-Q4,inventory
241520,DSC인베스트먼트,2024-Q1,ap
241520,DSC인베스트먼트,2025-Q3,interest_expense
241520,DSC인베스트먼트,2023-Q3,ap
241520,DSC인베스트먼트,2024-Q4,cogs
241520,DSC인베스트먼트,2023-Q4,interest_expense
241520,DSC인베스트먼트,2024-Q2,cogs
241520,DSC인베스트먼트,2025-Q1,ap
241520,DSC인베스트먼트,2025-Q2,inventory
241520,DSC인베스트먼트,2024-Q2,ap
241520,DSC인베스트먼트,2024-Q4,ap
241520,DSC인베스트먼트,2025-Q2,interest_expense
241520,DSC인베스트먼트,2024-Q3,inventory
241520,DSC인베스트먼트,2024-Q3,interest_expense
241520,DSC인베스트먼트,2025-Q2,ap
241520,DSC인베스트먼트,2025-Q3,cogs
241520,DSC인베스트먼트,2024-Q1,inventory
241520,DSC인베스트먼트,2023-Q3,inventory
241520,DSC인베스트먼트,2024-Q1,interest_expense
241520,DSC인베스트먼트,2023-Q3,interest_expense
241520,DSC인베스트먼트,2025-Q1,inventory
241520,DSC인베스트먼트,2025-Q3,ap
241520,DSC인베스트먼트,2023-Q4,ap
241520,DSC인베스트먼트,2024-Q1,capex
241520,DSC인베스트먼트,2025-Q1,interest_expense
241520,DSC인베스트먼트,2025-Q2,cogs
241520,DSC인베스트먼트,2024-Q2,inventory
241520,DSC인베스트먼트,2024-Q3,cogs
241520,DSC인베스트먼트,2024-Q4,inventory
241520,DSC인베스트먼트,2024-Q4,interest_expense
241520,DSC인베스트먼트,2024-Q2,interest_expense
241520,DSC인베스트먼트,2024-Q1,cogs
056730,CNT85,2020-Q1,capex
056730,CNT85,2020-Q3,capex
056730,CNT85,2020-Q2,capex
056730,CNT85,2020-Q3,ap
056730,CNT85,2025-Q1,capex
056730,CNT85,2021-Q2,capex
056730,CNT85,2021-Q3,capex
056730,CNT85,2021-Q1,capex
418620,E8,2024-Q2,cogs
418620,E8,2025-Q2,cogs
418620,E8,2025-Q3,cogs
418620,E8,2023-Q4,cogs
418620,E8,2024-Q3,cogs
418620,E8,2025-Q1,cogs
418620,E8,2024-Q4,cogs
418620,E8,2024-Q1,cogs
060900,DGP,2024-Q2,inventory
060900,DGP,2024-Q1,inventory
060900,DGP,2024-Q1,cfo
060900,DGP,2025-Q2,inventory
060900,DGP,2025-Q3,inventory
060900,DGP,2024-Q3,inventory
060900,DGP,2025-Q1,inventory
068790,DMS,2022-Q3,capex
068790,DMS,2023-Q1,capex
068790,DMS,2024-Q2,capex
068790,DMS,2024-Q4,capex
068790,DMS,2022-Q4,capex
068790,DMS,2021-Q2,capex
068790,DMS,2021-Q3,capex
068790,DMS,2020-Q1,capex
068790,DMS,2021-Q1,capex
068790,DMS,2020-Q3,capex
068790,DMS,2025-Q3,capex
068790,DMS,2023-Q4,capex
068790,DMS,2021-Q4,capex
068790,DMS,2020-Q4,capex
068790,DMS,2025-Q2,capex
068790,DMS,2024-Q3,capex
068790,DMS,2024-Q1,capex
068790,DMS,2022-Q1,capex
068790,DMS,2020-Q2,capex
068790,DMS,2023-Q2,capex
068790,DMS,2023-Q3,capex
068790,DMS,2025-Q1,capex
068790,DMS,2022-Q2,capex
440290,HB인베스트먼트,2025-Q1,current_assets
440290,HB인베스트먼트,2024-Q3,ap
440290,HB인베스트먼트,2024-Q2,op_income
440290,HB인베스트먼트,2025-Q1,ar
440290,HB인베스트먼트,2025-Q1,cogs
440290,HB인베스트먼트,2024-Q2,current_assets
440290,HB인베스트먼트,2024-Q4,current_assets
440290,HB인베스트먼트,2023-Q4,inventory
440290,HB인베스트먼트,2025-Q3,inventory
440290,HB인베스트먼트,2024-Q1,ap
440290,HB인베스트먼트,2025-Q3,interest_expense
440290,HB인베스트먼트,2024-Q4,cogs
440290,HB인베스트먼트,2024-Q2,ar
440290,HB인베스트먼트,2023-Q4,interest_expense
440290,HB인베스트먼트,2024-Q4,ar
440290,HB인베스트먼트,2025-Q3,current_liab
440290,HB인베스트먼트,2023-Q4,current_liab
440290,HB인베스트먼트,2024-Q2,cogs
440290,HB인베스트먼트,2025-Q1,ap
440290,HB인베스트먼트,2025-Q3,op_income
440290,HB인베스트먼트,2025-Q2,inventory
440290,HB인베스트먼트,2023-Q4,op_income
440290,HB인베스트먼트,2024-Q2,ap
440290,HB인베스트먼트,2024-Q4,ap
440290,HB인베스트먼트,2024-Q3,inventory
440290,HB인베스트먼트,2025-Q2,interest_expense
440290,HB인베스트먼트,2024-Q3,interest_expense
440290,HB인베스트먼트,2025-Q3,current_assets
440290,HB인베스트먼트,2023-Q4,current_assets
440290,HB인베스트먼트,2025-Q2,ap
440290,HB인베스트먼트,2025-Q2,current_liab
440290,HB인베스트먼트,2025-Q3,cogs
440290,HB인베스트먼트,2024-Q3,current_liab
440290,HB인베스트먼트,2023-Q4,cogs
440290,HB인베스트먼트,2025-Q3,ar
440290,HB인베스트먼트,2023-Q4,ar
440290,HB인베스트먼트,2024-Q1,inventory
440290,HB인베스트먼트,2025-Q2,op_income
440290,HB인베스트먼트,2024-Q1,interest_expense
440290,HB인베스트먼트,2024-Q3,op_income
440290,HB인베스트먼트,2024-Q1,current_liab
440290,HB인베스트먼트,2025-Q2,current_assets
440290,HB인베스트먼트,2025-Q1,inventory
440290,HB인베스트먼트,2025-Q3,ap
440290,HB인베스트먼트,2023-Q4,ap
440290,HB인베스트먼트,2024-Q3,current_assets
440290,HB인베스트먼트,2025-Q1,interest_expense
440290,HB인베스트먼트,2025-Q2,ar
440290,HB인베스트먼트,2024-Q1,op_income
440290,HB인베스트먼트,2024-Q3,ar
440290,HB인베스트먼트,2025-Q2,cogs
440290,HB인베스트먼트,2024-Q2,inventory
440290,HB인베스트먼트,2024-Q3,cogs
440290,HB인베스트먼트,2024-Q4,inventory
440290,HB인베스트먼트,2025-Q1,current_liab
440290,HB인베스트먼트,2024-Q4,interest_expense
440290,HB인베스트먼트,2024-Q1,current_assets
440290,HB인베스트먼트,2024-Q2,interest_expense
440290,HB인베스트먼트,2025-Q1,op_income
440290,HB인베스트먼트,2024-Q2,current_liab
440290,HB인베스트먼트,2024-Q4,current_liab
440290,HB인베스트먼트,2024-Q1,ar
440290,HB인베스트먼트,2024-Q1,cogs
130500,GH신소재,2024-Q3,ap
130500,GH신소재,2020-Q2,ap
130500,GH신소재,2023-Q2,ap
130500,GH신소재,2024-Q1,ap
130500,GH신소재,2023-Q3,ap
130500,GH신소재,2022-Q1,ap
130500,GH신소재,2025-Q1,ap
130500,GH신소재,2023-Q1,ap
130500,GH신소재,2022-Q2,ap
130500,GH신소재,2024-Q2,ap
130500,GH신소재,2022-Q3,ap
130500,GH신소재,2024-Q4,ap
130500,GH신소재,2022-Q4,ap
130500,GH신소재,2021-Q1,ap
130500,GH신소재,2021-Q2,ap
130500,GH신소재,2021-Q3,ap
130500,GH신소재,2020-Q1,ap
130500,GH신소재,2020-Q3,ap
130500,GH신소재,2025-Q3,ap
130500,GH신소재,2023-Q4,ap
130500,GH신소재,2021-Q4,ap
130500,GH신소재,2020-Q4,ap
130500,GH신소재,2025-Q2,ap
050120,ES큐브,2021-Q4,capex
050120,ES큐브,2020-Q1,capex
050120,ES큐브,2022-Q3,capex
050120,ES큐브,2023-Q1,capex
050120,ES큐브,2022-Q1,capex
050120,ES큐브,2020-Q3,capex
050120,ES큐브,2020-Q4,capex
050120,ES큐브,2020-Q2,capex
050120,ES큐브,2023-Q2,capex
050120,ES큐브,2023-Q3,capex
050120,ES큐브,2022-Q4,capex
050120,ES큐브,2023-Q4,capex
050120,ES큐브,2025-Q1,capex
050120,ES큐브,2021-Q3,capex
050120,ES큐브,2021-Q1,capex
050120,ES큐브,2022-Q2,capex
278650,HLB바이오스텝,2022-Q1,cogs
278650,HLB바이오스텝,2023-Q3,cogs
278650,HLB바이오스텝,2023-Q2,cogs
278650,HLB바이오스텝,2025-Q1,cogs
278650,HLB바이오스텝,2020-Q2,ap
278650,HLB바이오스텝,2023-Q2,ap
278650,HLB바이오스텝,2023-Q1,cogs
278650,HLB바이오스텝,2022-Q2,cogs
278650,HLB바이오스텝,2022-Q1,ap
278650,HLB바이오스텝,2022-Q3,cogs
278650,HLB바이오스텝,2024-Q4,cogs
278650,HLB바이오스텝,2024-Q2,cogs
278650,HLB바이오스텝,2022-Q4,cogs
278650,HLB바이오스텝,2021-Q1,cogs
278650,HLB바이오스텝,2023-Q1,ap
278650,HLB바이오스텝,2022-Q2,ap
278650,HLB바이오스텝,2021-Q2,cogs
278650,HLB바이오스텝,2021-Q3,cogs
278650,HLB바이오스텝,2020-Q1,cogs
278650,HLB바이오스텝,2022-Q3,ap
278650,HLB바이오스텝,2020-Q3,cogs
278650,HLB바이오스텝,2022-Q4,ap
278650,HLB바이오스텝,2025-Q3,cogs
278650,HLB바이오스텝,2023-Q4,cogs
278650,HLB바이오스텝,2021-Q1,ap
278650,HLB바이오스텝,2021-Q2,ap
278650,HLB바이오스텝,2021-Q3,ap
278650,HLB바이오스텝,2020-Q1,ap
278650,HLB바이오스텝,2020-Q3,ap
278650,HLB바이오스텝,2021-Q4,cogs
278650,HLB바이오스텝,2025-Q3,ap
278650,HLB바이오스텝,2020-Q4,cogs
278650,HLB바이오스텝,2025-Q2,cogs
278650,HLB바이오스텝,2024-Q3,cogs
278650,HLB바이오스텝,2021-Q4,ap
278650,HLB바이오스텝,2020-Q2,cogs
278650,HLB바이오스텝,2020-Q4,ap
278650,HLB바이오스텝,2024-Q1,cogs
028300,HLB,2020-Q1,ap
187420,HLB제넥스,2021-Q4,capex
187420,HLB제넥스,2020-Q1,capex
187420,HLB제넥스,2022-Q3,capex
187420,HLB제넥스,2022-Q1,capex
187420,HLB제넥스,2020-Q3,capex
187420,HLB제넥스,2020-Q4,capex
187420,HLB제넥스,2020-Q2,capex
187420,HLB제넥스,2021-Q2,net_income
187420,HLB제넥스,2022-Q4,capex
187420,HLB제넥스,2021-Q2,capex
187420,HLB제넥스,2021-Q3,capex
187420,HLB제넥스,2021-Q1,capex
187420,HLB제넥스,2022-Q2,capex
442770,IBKS제21호스팩,2024-Q2,capex
442770,IBKS제21호스팩,2024-Q4,capex
442770,IBKS제21호스팩,2023-Q4,inventory
442770,IBKS제21호스팩,2024-Q2,ar
442770,IBKS제21호스팩,2024-Q4,ar
442770,IBKS제21호스팩,2023-Q4,capex
442770,IBKS제21호스팩,2025-Q2,inventory
442770,IBKS제21호스팩,2024-Q2,ap
442770,IBKS제21호스팩,2024-Q4,ap
442770,IBKS제21호스팩,2024-Q3,inventory
442770,IBKS제21호스팩,2025-Q2,capex
442770,IBKS제21호스팩,2023-Q4,ar
442770,IBKS제21호스팩,2024-Q1,inventory
442770,IBKS제21호스팩,2024-Q3,capex
442770,IBKS제21호스팩,2023-Q3,inventory
442770,IBKS제21호스팩,2025-Q1,inventory
442770,IBKS제21호스팩,2023-Q4,ap
442770,IBKS제21호스팩,2024-Q1,capex
442770,IBKS제21호스팩,2024-Q2,inventory
442770,IBKS제21호스팩,2024-Q4,inventory
442770,IBKS제21호스팩,2023-Q3,capex
442770,IBKS제21호스팩,2025-Q1,capex
442770,IBKS제21호스팩,2025-Q2,ap
403870,HPSP,2024-Q1,capex
403870,HPSP,2023-Q1,capex
403870,HPSP,2023-Q2,capex
403870,HPSP,2024-Q2,capex
403870,HPSP,2024-Q4,capex
403870,HPSP,2023-Q3,capex
403870,HPSP,2024-Q3,capex
067630,HLB생명과학,2023-Q1,ap
067630,HLB생명과학,2023-Q2,ap
115450,HLB테라퓨틱스,2024-Q1,ap
115450,HLB테라퓨틱스,2025-Q3,ap
115450,HLB테라퓨틱스,2024-Q2,ap
115450,HLB테라퓨틱스,2025-Q2,ap
467930,IBKS제23호스팩,2024-Q3,ap
467930,IBKS제23호스팩,2024-Q2,capex
467930,IBKS제23호스팩,2024-Q4,capex
467930,IBKS제23호스팩,2025-Q1,cogs
467930,IBKS제23호스팩,2024-Q1,cfo
467930,IBKS제23호스팩,2025-Q3,inventory
467930,IBKS제23호스팩,2023-Q4,inventory
467930,IBKS제23호스팩,2024-Q1,ap
467930,IBKS제23호스팩,2024-Q4,cogs
467930,IBKS제23호스팩,2024-Q2,cogs
467930,IBKS제23호스팩,2025-Q1,ap
467930,IBKS제23호스팩,2025-Q3,capex
467930,IBKS제23호스팩,2023-Q4,capex
467930,IBKS제23호스팩,2025-Q2,inventory
467930,IBKS제23호스팩,2024-Q2,ap
467930,IBKS제23호스팩,2024-Q4,ap
467930,IBKS제23호스팩,2024-Q3,inventory
467930,IBKS제23호스팩,2025-Q3,cogs
467930,IBKS제23호스팩,2025-Q2,capex
467930,IBKS제23호스팩,2024-Q1,inventory
467930,IBKS제23호스팩,2024-Q3,capex
467930,IBKS제23호스팩,2025-Q1,inventory
467930,IBKS제23호스팩,2025-Q3,ap
467930,IBKS제23호스팩,2023-Q4,ap
467930,IBKS제23호스팩,2024-Q1,capex
467930,IBKS제23호스팩,2025-Q2,cogs
467930,IBKS제23호스팩,2024-Q2,inventory
467930,IBKS제23호스팩,2024-Q3,cogs
467930,IBKS제23호스팩,2024-Q4,inventory
467930,IBKS제23호스팩,2025-Q1,capex
467930,IBKS제23호스팩,2025-Q2,ap
469480,IBKS제24호스팩,2024-Q3,ap
469480,IBKS제24호스팩,2024-Q4,op_income
469480,IBKS제24호스팩,2024-Q2,capex
469480,IBKS제24호스팩,2024-Q4,capex
469480,IBKS제24호스팩,2025-Q2,revenue
469480,IBKS제24호스팩,2025-Q1,ar
469480,IBKS제24호스팩,2025-Q1,cogs
469480,IBKS제24호스팩,2025-Q3,inventory
469480,IBKS제24호스팩,2023-Q4,inventory
469480,IBKS제24호스팩,2024-Q1,ap
469480,IBKS제24호스팩,2024-Q4,cogs
469480,IBKS제24호스팩,2024-Q2,ar
469480,IBKS제24호스팩,2024-Q4,ar
469480,IBKS제24호스팩,2024-Q2,cogs
469480,IBKS제24호스팩,2025-Q1,ap
469480,IBKS제24호스팩,2025-Q3,op_income
469480,IBKS제24호스팩,2025-Q3,capex
469480,IBKS제24호스팩,2023-Q4,capex
469480,IBKS제24호스팩,2025-Q2,inventory
469480,IBKS제24호스팩,2024-Q2,ap
469480,IBKS제24호스팩,2024-Q4,ap
469480,IBKS제24호스팩,2024-Q3,inventory
469480,IBKS제24호스팩,2025-Q2,ap
469480,IBKS제24호스팩,2024-Q4,revenue
469480,IBKS제24호스팩,2025-Q3,cogs
469480,IBKS제24호스팩,2023-Q4,cogs
469480,IBKS제24호스팩,2025-Q3,ar
469480,IBKS제24호스팩,2025-Q2,capex
469480,IBKS제24호스팩,2023-Q4,ar
469480,IBKS제24호스팩,2024-Q1,inventory
469480,IBKS제24호스팩,2025-Q2,op_income
469480,IBKS제24호스팩,2024-Q3,capex
469480,IBKS제24호스팩,2025-Q1,inventory
469480,IBKS제24호스팩,2025-Q3,ap
469480,IBKS제24호스팩,2023-Q4,ap
469480,IBKS제24호스팩,2025-Q2,ar
469480,IBKS제24호스팩,2024-Q1,capex
469480,IBKS제24호스팩,2025-Q2,cogs
469480,IBKS제24호스팩,2024-Q3,ar
469480,IBKS제24호스팩,2025-Q3,revenue
469480,IBKS제24호스팩,2024-Q2,inventory
469480,IBKS제24호스팩,2024-Q3,cogs
469480,IBKS제24호스팩,2024-Q4,inventory
469480,IBKS제24호스팩,2025-Q1,capex
469480,IBKS제24호스팩,2025-Q1,op_income
469480,IBKS제24호스팩,2024-Q1,ar
469480,IBKS제24호스팩,2024-Q1,cogs
448760,IBKS제22호스팩,2023-Q3,cogs
448760,IBKS제22호스팩,2024-Q3,ap
448760,IBKS제22호스팩,2024-Q2,capex
448760,IBKS제22호스팩,2024-Q4,capex
448760,IBKS제22호스팩,2025-Q1,ar
448760,IBKS제22호스팩,2025-Q1,cogs
448760,IBKS제22호스팩,2025-Q3,inventory
448760,IBKS제22호스팩,2023-Q4,inventory
448760,IBKS제22호스팩,2024-Q1,ap
448760,IBKS제22호스팩,2024-Q4,cogs
448760,IBKS제22호스팩,2024-Q2,ar
448760,IBKS제22호스팩,2024-Q4,ar
448760,IBKS제22호스팩,2024-Q2,cogs
448760,IBKS제22호스팩,2025-Q1,ap
448760,IBKS제22호스팩,2025-Q3,capex
448760,IBKS제22호스팩,2023-Q4,capex
448760,IBKS제22호스팩,2025-Q2,inventory
448760,IBKS제22호스팩,2024-Q2,ap
448760,IBKS제22호스팩,2024-Q4,ap
448760,IBKS제22호스팩,2024-Q3,inventory
448760,IBKS제22호스팩,2025-Q3,cogs
448760,IBKS제22호스팩,2023-Q4,cogs
448760,IBKS제22호스팩,2025-Q3,ar
448760,IBKS제22호스팩,2025-Q2,capex
448760,IBKS제22호스팩,2023-Q4,ar
448760,IBKS제22호스팩,2024-Q1,inventory
448760,IBKS제22호스팩,2024-Q3,capex
448760,IBKS제22호스팩,2023-Q3,inventory
448760,IBKS제22호스팩,2025-Q1,inventory
448760,IBKS제22호스팩,2025-Q3,ap
448760,IBKS제22호스팩,2023-Q4,ap
448760,IBKS제22호스팩,2025-Q2,ar
448760,IBKS제22호스팩,2024-Q1,capex
448760,IBKS제22호스팩,2025-Q2,cogs
448760,IBKS제22호스팩,2024-Q3,ar
448760,IBKS제22호스팩,2024-Q2,inventory
448760,IBKS제22호스팩,2024-Q3,cogs
448760,IBKS제22호스팩,2023-Q3,capex
448760,IBKS제22호스팩,2024-Q4,inventory
448760,IBKS제22호스팩,2025-Q1,capex
448760,IBKS제22호스팩,2024-Q1,ar
448760,IBKS제22호스팩,2025-Q2,ap
196300,HLB펩,2020-Q1,capex
486630,KB제30호스팩,2024-Q3,ap
486630,KB제30호스팩,2024-Q4,capex
486630,KB제30호스팩,2025-Q1,ar
486630,KB제30호스팩,2025-Q1,cogs
486630,KB제30호스팩,2025-Q3,inventory
486630,KB제30호스팩,2024-Q4,cogs
486630,KB제30호스팩,2024-Q4,ar
486630,KB제30호스팩,2025-Q1,ap
486630,KB제30호스팩,2025-Q3,capex
486630,KB제30호스팩,2025-Q2,inventory
486630,KB제30호스팩,2024-Q4,ap
486630,KB제30호스팩,2024-Q3,inventory
486630,KB제30호스팩,2025-Q3,cogs
486630,KB제30호스팩,2025-Q3,ar
486630,KB제30호스팩,2025-Q2,capex
486630,KB제30호스팩,2024-Q3,capex
486630,KB제30호스팩,2025-Q1,inventory
486630,KB제30호스팩,2025-Q3,ap
486630,KB제30호스팩,2025-Q2,ar
486630,KB제30호스팩,2025-Q2,cogs
486630,KB제30호스팩,2024-Q3,ar
486630,KB제30호스팩,2024-Q3,cogs
486630,KB제30호스팩,2024-Q4,inventory
486630,KB제30호스팩,2025-Q1,capex
486630,KB제30호스팩,2025-Q2,ap
478390,KB제29호스팩,2024-Q3,ap
478390,KB제29호스팩,2024-Q2,capex
478390,KB제29호스팩,2024-Q4,capex
478390,KB제29호스팩,2025-Q1,ar
478390,KB제29호스팩,2025-Q1,cogs
478390,KB제29호스팩,2025-Q3,inventory
478390,KB제29호스팩,2024-Q4,cogs
478390,KB제29호스팩,2024-Q2,ar
478390,KB제29호스팩,2024-Q4,ar
478390,KB제29호스팩,2024-Q2,cogs
478390,KB제29호스팩,2025-Q1,ap
478390,KB제29호스팩,2025-Q3,capex
478390,KB제29호스팩,2025-Q2,inventory
478390,KB제29호스팩,2024-Q2,ap
478390,KB제29호스팩,2024-Q4,ap
478390,KB제29호스팩,2024-Q3,inventory
478390,KB제29호스팩,2025-Q3,cogs
478390,KB제29호스팩,2025-Q3,ar
478390,KB제29호스팩,2025-Q2,capex
478390,KB제29호스팩,2024-Q3,capex
478390,KB제29호스팩,2025-Q1,inventory
478390,KB제29호스팩,2025-Q3,ap
478390,KB제29호스팩,2025-Q2,ar
478390,KB제29호스팩,2025-Q2,cogs
478390,KB제29호스팩,2024-Q3,ar
478390,KB제29호스팩,2024-Q2,inventory
478390,KB제29호스팩,2024-Q3,cogs
478390,KB제29호스팩,2024-Q4,inventory
478390,KB제29호스팩,2025-Q1,capex
478390,KB제29호스팩,2025-Q2,ap
464680,KB제27호스팩,2024-Q3,ap
464680,KB제27호스팩,2024-Q2,capex
464680,KB제27호스팩,2024-Q4,capex
464680,KB제27호스팩,2025-Q1,ar
464680,KB제27호스팩,2025-Q1,cogs
464680,KB제27호스팩,2025-Q3,inventory
464680,KB제27호스팩,2023-Q4,inventory
464680,KB제27호스팩,2024-Q1,ap
464680,KB제27호스팩,2024-Q4,cogs
464680,KB제27호스팩,2024-Q2,ar
464680,KB제27호스팩,2024-Q4,ar
464680,KB제27호스팩,2024-Q2,cogs
464680,KB제27호스팩,2025-Q1,ap
464680,KB제27호스팩,2025-Q3,capex
464680,KB제27호스팩,2023-Q4,capex
464680,KB제27호스팩,2025-Q2,inventory
464680,KB제27호스팩,2024-Q2,ap
464680,KB제27호스팩,2024-Q4,ap
464680,KB제27호스팩,2024-Q3,inventory
464680,KB제27호스팩,2025-Q2,ap
464680,KB제27호스팩,2025-Q3,cogs
464680,KB제27호스팩,2023-Q4,cogs
464680,KB제27호스팩,2025-Q3,ar
464680,KB제27호스팩,2025-Q2,capex
464680,KB제27호스팩,2023-Q4,ar
464680,KB제27호스팩,2024-Q1,inventory
464680,KB제27호스팩,2024-Q3,capex
464680,KB제27호스팩,2025-Q1,inventory
464680,KB제27호스팩,2025-Q3,ap
464680,KB제27호스팩,2023-Q4,ap
464680,KB제27호스팩,2025-Q2,ar
464680,KB제27호스팩,2024-Q1,capex
464680,KB제27호스팩,2025-Q2,cogs
464680,KB제27호스팩,2024-Q3,ar
464680,KB제27호스팩,2024-Q2,inventory
464680,KB제27호스팩,2024-Q3,cogs
464680,KB제27호스팩,2024-Q4,inventory
464680,KB제27호스팩,2025-Q1,capex
464680,KB제27호스팩,2024-Q1,ar
464680,KB제27호스팩,2024-Q1,cogs
492220,KB제31호스팩,2024-Q4,capex
492220,KB제31호스팩,2025-Q1,ar
492220,KB제31호스팩,2025-Q1,cogs
492220,KB제31호스팩,2025-Q3,inventory
492220,KB제31호스팩,2024-Q4,cogs
492220,KB제31호스팩,2024-Q4,ar
492220,KB제31호스팩,2025-Q1,ap
492220,KB제31호스팩,2025-Q3,capex
492220,KB제31호스팩,2025-Q2,inventory
492220,KB제31호스팩,2024-Q4,ap
492220,KB제31호스팩,2025-Q3,cogs
492220,KB제31호스팩,2025-Q3,ar
492220,KB제31호스팩,2025-Q2,capex
492220,KB제31호스팩,2025-Q3,ap
492220,KB제31호스팩,2025-Q1,inventory
492220,KB제31호스팩,2025-Q2,ar
492220,KB제31호스팩,2025-Q2,cogs
492220,KB제31호스팩,2024-Q4,inventory
492220,KB제31호스팩,2025-Q1,capex
492220,KB제31호스팩,2025-Q2,ap
455250,KB제25호스팩,2023-Q3,cogs
455250,KB제25호스팩,2024-Q3,ap
455250,KB제25호스팩,2023-Q3,ar
455250,KB제25호스팩,2024-Q2,capex
455250,KB제25호스팩,2024-Q4,capex
455250,KB제25호스팩,2025-Q1,ar
455250,KB제25호스팩,2025-Q1,cogs
455250,KB제25호스팩,2025-Q3,inventory
455250,KB제25호스팩,2023-Q4,inventory
455250,KB제25호스팩,2024-Q1,ap
455250,KB제25호스팩,2023-Q3,ap
455250,KB제25호스팩,2024-Q4,cogs
455250,KB제25호스팩,2024-Q2,ar
455250,KB제25호스팩,2024-Q4,ar
455250,KB제25호스팩,2024-Q2,cogs
455250,KB제25호스팩,2025-Q1,ap
455250,KB제25호스팩,2025-Q3,capex
455250,KB제25호스팩,2023-Q4,capex
455250,KB제25호스팩,2025-Q2,inventory
455250,KB제25호스팩,2024-Q2,ap
455250,KB제25호스팩,2024-Q4,ap
455250,KB제25호스팩,2024-Q3,inventory
455250,KB제25호스팩,2025-Q2,ap
455250,KB제25호스팩,2025-Q3,cogs
455250,KB제25호스팩,2023-Q4,cogs
455250,KB제25호스팩,2025-Q3,ar
455250,KB제25호스팩,2025-Q2,capex
455250,KB제25호스팩,2023-Q4,ar
455250,KB제25호스팩,2024-Q1,inventory
455250,KB제25호스팩,2024-Q3,capex
455250,KB제25호스팩,2023-Q3,inventory
455250,KB제25호스팩,2025-Q1,inventory
455250,KB제25호스팩,2025-Q3,ap
455250,KB제25호스팩,2023-Q4,ap
455250,KB제25호스팩,2025-Q2,ar
455250,KB제25호스팩,2024-Q1,capex
455250,KB제25호스팩,2025-Q2,cogs
455250,KB제25호스팩,2024-Q3,ar
455250,KB제25호스팩,2024-Q2,inventory
455250,KB제25호스팩,2024-Q3,cogs
455250,KB제25호스팩,2023-Q3,capex
455250,KB제25호스팩,2024-Q4,inventory
455250,KB제25호스팩,2025-Q1,capex
455250,KB제25호스팩,2024-Q1,ar
455250,KB제25호스팩,2024-Q1,cogs
0037T0,KB제32호스팩,2025-Q2,ar
0037T0,KB제32호스팩,2025-Q2,cogs
0037T0,KB제32호스팩,2025-Q3,cogs
0037T0,KB제32호스팩,2025-Q3,ar
0037T0,KB제32호스팩,2025-Q2,capex
0037T0,KB제32호스팩,2025-Q3,ap
0037T0,KB제32호스팩,2025-Q3,capex
0037T0,KB제32호스팩,2025-Q2,inventory
0037T0,KB제32호스팩,2025-Q3,inventory
0037T0,KB제32호스팩,2025-Q2,ap
950170,JTC,2022-Q4,capex
318000,KBG,2023-Q3,current_liab
024120,KB오토시스,2024-Q3,ap
024120,KB오토시스,2020-Q2,ap
024120,KB오토시스,2023-Q2,ap
024120,KB오토시스,2024-Q1,ap
024120,KB오토시스,2023-Q3,ap
024120,KB오토시스,2022-Q1,ap
024120,KB오토시스,2025-Q1,ap
024120,KB오토시스,2023-Q1,ap
024120,KB오토시스,2022-Q2,ap
024120,KB오토시스,2024-Q2,ap
024120,KB오토시스,2022-Q3,ap
024120,KB오토시스,2024-Q4,ap
024120,KB오토시스,2022-Q4,ap
024120,KB오토시스,2021-Q1,ap
024120,KB오토시스,2021-Q2,ap
024120,KB오토시스,2021-Q3,ap
024120,KB오토시스,2020-Q1,ap
024120,KB오토시스,2020-Q3,ap
024120,KB오토시스,2025-Q3,ap
024120,KB오토시스,2023-Q4,ap
024120,KB오토시스,2021-Q4,ap
024120,KB오토시스,2020-Q4,ap
024120,KB오토시스,2025-Q2,ap
418470,KT밀리의서재,2023-Q3,cogs
418470,KT밀리의서재,2024-Q2,cogs
418470,KT밀리의서재,2025-Q2,cogs
418470,KT밀리의서재,2025-Q3,cogs
418470,KT밀리의서재,2023-Q4,cogs
418470,KT밀리의서재,2024-Q3,cogs
418470,KT밀리의서재,2025-Q1,cogs
418470,KT밀리의서재,2024-Q4,cogs
418470,KT밀리의서재,2024-Q1,cogs
044180,KD,2024-Q1,capex
044180,KD,2025-Q1,interest_expense
044180,KD,2021-Q1,ap
044180,KD,2024-Q3,interest_expense
044180,KD,2022-Q2,interest_expense
044180,KD,2021-Q2,ap
044180,KD,2021-Q3,ap
044180,KD,2020-Q1,ap
044180,KD,2022-Q3,interest_expense
044180,KD,2024-Q1,interest_expense
044180,KD,2023-Q3,interest_expense
044180,KD,2020-Q3,ap
044180,KD,2024-Q2,interest_expense
044180,KD,2024-Q4,ap
044180,KD,2025-Q1,capex
044180,KD,2020-Q4,ap
151860,KG에코솔루션,2021-Q4,capex
151860,KG에코솔루션,2021-Q1,capex
151860,KG에코솔루션,2022-Q1,capex
151860,KG에코솔루션,2020-Q3,capex
151860,KG에코솔루션,2020-Q4,capex
151860,KG에코솔루션,2020-Q2,capex
151860,KG에코솔루션,2021-Q1,ap
151860,KG에코솔루션,2021-Q2,ap
151860,KG에코솔루션,2021-Q3,ap
151860,KG에코솔루션,2021-Q4,ap
151860,KG에코솔루션,2022-Q3,ap
151860,KG에코솔루션,2021-Q2,capex
151860,KG에코솔루션,2021-Q3,capex
151860,KG에코솔루션,2020-Q1,capex
151860,KG에코솔루션,2020-Q4,ap
151860,KG에코솔루션,2022-Q4,ap
111870,KH 미래물산,2024-Q1,capex
111870,KH 미래물산,2025-Q3,inventory
226360,KH 건설,2022-Q3,net_income
226360,KH 건설,2021-Q3,net_income
226360,KH 건설,2023-Q4,net_income
226360,KH 건설,2022-Q2,net_income
058400,KNN,2021-Q2,inventory
058400,KNN,2021-Q3,inventory
058400,KNN,2020-Q3,inventory
058400,KNN,2025-Q3,inventory
058400,KNN,2023-Q4,inventory
058400,KNN,2021-Q4,inventory
058400,KNN,2021-Q1,inventory
058400,KNN,2020-Q4,inventory
058400,KNN,2025-Q2,inventory
058400,KNN,2024-Q3,inventory
058400,KNN,2020-Q2,inventory
058400,KNN,2023-Q2,inventory
058400,KNN,2024-Q1,inventory
058400,KNN,2022-Q1,inventory
058400,KNN,2023-Q3,inventory
058400,KNN,2025-Q1,inventory
058400,KNN,2022-Q3,inventory
058400,KNN,2023-Q1,inventory
058400,KNN,2022-Q2,inventory
058400,KNN,2024-Q2,inventory
058400,KNN,2024-Q4,inventory
058400,KNN,2022-Q4,inventory
058400,KNN,2020-Q1,inventory
089600,KT나스미디어,2022-Q1,cogs
089600,KT나스미디어,2023-Q3,cogs
089600,KT나스미디어,2023-Q2,cogs
089600,KT나스미디어,2025-Q1,cogs
089600,KT나스미디어,2023-Q1,cogs
089600,KT나스미디어,2022-Q2,cogs
089600,KT나스미디어,2022-Q3,cogs
089600,KT나스미디어,2024-Q4,cogs
089600,KT나스미디어,2024-Q2,cogs
089600,KT나스미디어,2022-Q1,revenue
089600,KT나스미디어,2022-Q4,cogs
089600,KT나스미디어,2021-Q1,cogs
089600,KT나스미디어,2021-Q2,cogs
089600,KT나스미디어,2021-Q3,cogs
089600,KT나스미디어,2020-Q1,cogs
089600,KT나스미디어,2024-Q1,cogs
089600,KT나스미디어,2020-Q3,cogs
089600,KT나스미디어,2022-Q2,revenue
089600,KT나스미디어,2022-Q3,revenue
089600,KT나스미디어,2025-Q3,cogs
089600,KT나스미디어,2023-Q4,cogs
089600,KT나스미디어,2021-Q4,cogs
089600,KT나스미디어,2020-Q4,cogs
089600,KT나스미디어,2025-Q2,cogs
089600,KT나스미디어,2024-Q3,cogs
089600,KT나스미디어,2020-Q2,cogs
089600,KT나스미디어,2020-Q1,inventory
309960,LB인베스트먼트,2023-Q3,cogs
309960,LB인베스트먼트,2025-Q1,cogs
309960,LB인베스트먼트,2025-Q3,inventory
309960,LB인베스트먼트,2023-Q4,inventory
309960,LB인베스트먼트,2025-Q3,interest_expense
309960,LB인베스트먼트,2024-Q4,cogs
309960,LB인베스트먼트,2023-Q4,interest_expense
309960,LB인베스트먼트,2024-Q2,cogs
309960,LB인베스트먼트,2025-Q2,inventory
309960,LB인베스트먼트,2025-Q2,interest_expense
309960,LB인베스트먼트,2024-Q3,inventory
309960,LB인베스트먼트,2024-Q3,interest_expense
309960,LB인베스트먼트,2025-Q3,cogs
309960,LB인베스트먼트,2023-Q4,cogs
309960,LB인베스트먼트,2024-Q1,inventory
309960,LB인베스트먼트,2023-Q3,inventory
309960,LB인베스트먼트,2024-Q1,interest_expense
309960,LB인베스트먼트,2023-Q3,interest_expense
309960,LB인베스트먼트,2025-Q1,inventory
309960,LB인베스트먼트,2025-Q1,interest_expense
309960,LB인베스트먼트,2025-Q2,cogs
309960,LB인베스트먼트,2024-Q2,inventory
309960,LB인베스트먼트,2024-Q3,cogs
309960,LB인베스트먼트,2024-Q4,inventory
309960,LB인베스트먼트,2024-Q4,interest_expense
309960,LB인베스트먼트,2024-Q2,interest_expense
309960,LB인베스트먼트,2024-Q1,cogs
476080,M83,2025-Q2,cogs
476080,M83,2025-Q3,cogs
476080,M83,2024-Q3,cogs
476080,M83,2025-Q1,cogs
476080,M83,2024-Q4,cogs
078020,LS증권,2025-Q1,current_assets
078020,LS증권,2023-Q3,cogs
078020,LS증권,2024-Q3,ap
078020,LS증권,2023-Q3,ar
078020,LS증권,2024-Q4,op_income
078020,LS증권,2024-Q2,capex
078020,LS증권,2024-Q4,capex
078020,LS증권,2024-Q2,op_income
078020,LS증권,2025-Q1,ar
078020,LS증권,2025-Q1,cogs
078020,LS증권,2024-Q2,current_assets
078020,LS증권,2024-Q4,current_assets
078020,LS증권,2023-Q4,inventory
078020,LS증권,2025-Q3,inventory
078020,LS증권,2024-Q1,ap
078020,LS증권,2023-Q3,ap
078020,LS증권,2024-Q4,cogs
078020,LS증권,2024-Q2,ar
078020,LS증권,2024-Q4,ar
078020,LS증권,2025-Q3,current_liab
078020,LS증권,2023-Q4,current_liab
078020,LS증권,2024-Q2,cogs
078020,LS증권,2025-Q1,ap
078020,LS증권,2025-Q3,op_income
078020,LS증권,2025-Q3,capex
078020,LS증권,2023-Q4,capex
078020,LS증권,2025-Q2,inventory
078020,LS증권,2023-Q4,op_income
078020,LS증권,2024-Q2,ap
078020,LS증권,2024-Q4,ap
078020,LS증권,2024-Q3,inventory
078020,LS증권,2025-Q3,current_assets
078020,LS증권,2023-Q4,current_assets
078020,LS증권,2025-Q2,ap
078020,LS증권,2025-Q2,current_liab
078020,LS증권,2025-Q3,cogs
078020,LS증권,2024-Q3,current_liab
078020,LS증권,2023-Q4,cogs
078020,LS증권,2025-Q3,ar
078020,LS증권,2025-Q2,capex
078020,LS증권,2023-Q4,ar
078020,LS증권,2024-Q1,inventory
078020,LS증권,2025-Q2,op_income
078020,LS증권,2024-Q3,capex
078020,LS증권,2023-Q3,inventory
078020,LS증권,2024-Q3,op_income
078020,LS증권,2024-Q1,current_liab
078020,LS증권,2024-Q2,current_liab
078020,LS증권,2023-Q3,current_liab
078020,LS증권,2025-Q1,inventory
078020,LS증권,2025-Q2,current_assets
078020,LS증권,2023-Q4,ap
078020,LS증권,2024-Q3,current_assets
078020,LS증권,2024-Q1,capex
078020,LS증권,2025-Q2,ar
078020,LS증권,2025-Q3,ap
078020,LS증권,2024-Q1,op_income
078020,LS증권,2024-Q3,ar
078020,LS증권,2025-Q2,cogs
078020,LS증권,2024-Q2,inventory
078020,LS증권,2024-Q3,cogs
078020,LS증권,2023-Q3,capex
078020,LS증권,2024-Q4,inventory
078020,LS증권,2025-Q1,current_liab
078020,LS증권,2023-Q3,op_income
078020,LS증권,2025-Q1,capex
078020,LS증권,2024-Q1,current_assets
078020,LS증권,2025-Q1,op_income
078020,LS증권,2023-Q3,current_assets
078020,LS증권,2024-Q4,current_liab
078020,LS증권,2024-Q1,ar
078020,LS증권,2024-Q1,cogs
043610,KT지니뮤직,2022-Q1,cogs
043610,KT지니뮤직,2023-Q3,cogs
043610,KT지니뮤직,2023-Q2,cogs
043610,KT지니뮤직,2025-Q1,cogs
043610,KT지니뮤직,2023-Q1,cogs
043610,KT지니뮤직,2022-Q2,cogs
043610,KT지니뮤직,2022-Q3,cogs
043610,KT지니뮤직,2024-Q4,cogs
043610,KT지니뮤직,2024-Q2,cogs
043610,KT지니뮤직,2022-Q4,cogs
043610,KT지니뮤직,2021-Q1,cogs
043610,KT지니뮤직,2021-Q2,cogs
043610,KT지니뮤직,2021-Q3,cogs
043610,KT지니뮤직,2020-Q1,cogs
043610,KT지니뮤직,2020-Q3,cogs
043610,KT지니뮤직,2025-Q3,cogs
043610,KT지니뮤직,2023-Q4,cogs
043610,KT지니뮤직,2021-Q4,cogs
043610,KT지니뮤직,2020-Q4,cogs
043610,KT지니뮤직,2025-Q2,cogs
043610,KT지니뮤직,2024-Q3,cogs
043610,KT지니뮤직,2020-Q2,cogs
043610,KT지니뮤직,2024-Q1,cogs
036560,KZ정밀,2022-Q3,capex
036560,KZ정밀,2023-Q1,capex
036560,KZ정밀,2024-Q2,capex
036560,KZ정밀,2024-Q4,capex
036560,KZ정밀,2022-Q4,capex
036560,KZ정밀,2021-Q2,capex
036560,KZ정밀,2021-Q3,capex
036560,KZ정밀,2020-Q1,capex
036560,KZ정밀,2021-Q1,capex
036560,KZ정밀,2020-Q3,capex
036560,KZ정밀,2023-Q4,capex
036560,KZ정밀,2021-Q4,capex
036560,KZ정밀,2020-Q4,capex
036560,KZ정밀,2024-Q3,capex
036560,KZ정밀,2024-Q1,capex
036560,KZ정밀,2022-Q1,capex
036560,KZ정밀,2020-Q2,capex
036560,KZ정밀,2023-Q2,capex
036560,KZ정밀,2023-Q3,capex
036560,KZ정밀,2022-Q2,capex
060370,LS마린솔루션,2022-Q3,capex
060370,LS마린솔루션,2023-Q1,capex
060370,LS마린솔루션,2024-Q2,capex
060370,LS마린솔루션,2024-Q4,capex
060370,LS마린솔루션,2022-Q4,capex
060370,LS마린솔루션,2021-Q2,capex
060370,LS마린솔루션,2021-Q3,capex
060370,LS마린솔루션,2020-Q1,capex
060370,LS마린솔루션,2021-Q1,capex
060370,LS마린솔루션,2020-Q3,capex
060370,LS마린솔루션,2023-Q4,capex
060370,LS마린솔루션,2021-Q4,capex
060370,LS마린솔루션,2020-Q4,capex
060370,LS마린솔루션,2025-Q2,capex
060370,LS마린솔루션,2024-Q3,capex
060370,LS마린솔루션,2024-Q1,capex
060370,LS마린솔루션,2022-Q1,capex
060370,LS마린솔루션,2020-Q2,capex
060370,LS마린솔루션,2023-Q2,capex
060370,LS마린솔루션,2023-Q3,capex
060370,LS마린솔루션,2025-Q1,capex
060370,LS마린솔루션,2022-Q2,capex
322180,LS티라유텍,2022-Q3,capex
322180,LS티라유텍,2023-Q1,capex
322180,LS티라유텍,2024-Q2,capex
322180,LS티라유텍,2024-Q4,capex
322180,LS티라유텍,2022-Q4,capex
322180,LS티라유텍,2021-Q2,capex
322180,LS티라유텍,2021-Q3,capex
322180,LS티라유텍,2020-Q1,capex
322180,LS티라유텍,2021-Q1,capex
322180,LS티라유텍,2020-Q3,capex
322180,LS티라유텍,2025-Q3,capex
322180,LS티라유텍,2023-Q4,capex
322180,LS티라유텍,2021-Q4,capex
322180,LS티라유텍,2020-Q4,capex
322180,LS티라유텍,2025-Q2,capex
322180,LS티라유텍,2024-Q3,capex
322180,LS티라유텍,2024-Q1,capex
322180,LS티라유텍,2022-Q1,capex
322180,LS티라유텍,2020-Q2,capex
322180,LS티라유텍,2023-Q2,capex
322180,LS티라유텍,2023-Q3,capex
322180,LS티라유텍,2025-Q1,capex
322180,LS티라유텍,2022-Q2,capex
222160,NPX,2025-Q3,net_income
222160,NPX,2022-Q3,capex
222160,NPX,2025-Q1,net_income
222160,NPX,2022-Q1,capex
222160,NPX,2024-Q1,net_income
222160,NPX,2024-Q2,net_income
222160,NPX,2025-Q2,net_income
222160,NPX,2021-Q3,capex
222160,NPX,2022-Q2,capex
063570,NICE인프라,2022-Q1,cogs
063570,NICE인프라,2023-Q3,cogs
063570,NICE인프라,2023-Q2,cogs
063570,NICE인프라,2025-Q1,cogs
063570,NICE인프라,2023-Q1,cogs
063570,NICE인프라,2022-Q2,cogs
063570,NICE인프라,2022-Q3,cogs
063570,NICE인프라,2024-Q4,cogs
063570,NICE인프라,2024-Q2,cogs
063570,NICE인프라,2022-Q4,cogs
063570,NICE인프라,2021-Q1,cogs
063570,NICE인프라,2021-Q2,cogs
063570,NICE인프라,2021-Q3,cogs
063570,NICE인프라,2020-Q1,cogs
063570,NICE인프라,2020-Q3,cogs
063570,NICE인프라,2025-Q3,cogs
063570,NICE인프라,2023-Q4,cogs
063570,NICE인프라,2021-Q4,cogs
063570,NICE인프라,2020-Q4,cogs
063570,NICE인프라,2025-Q2,cogs
063570,NICE인프라,2024-Q3,cogs
063570,NICE인프라,2020-Q2,cogs
063570,NICE인프라,2024-Q1,cogs
104200,NHN벅스,2022-Q1,cogs
104200,NHN벅스,2023-Q3,cogs
104200,NHN벅스,2023-Q2,cogs
104200,NHN벅스,2025-Q1,cogs
104200,NHN벅스,2025-Q3,inventory
104200,NHN벅스,2023-Q1,cogs
104200,NHN벅스,2022-Q2,cogs
104200,NHN벅스,2022-Q3,cogs
104200,NHN벅스,2024-Q4,cogs
104200,NHN벅스,2024-Q2,cogs
104200,NHN벅스,2022-Q4,cogs
104200,NHN벅스,2021-Q1,cogs
104200,NHN벅스,2025-Q2,inventory
104200,NHN벅스,2021-Q2,cogs
104200,NHN벅스,2021-Q3,cogs
104200,NHN벅스,2020-Q1,cogs
104200,NHN벅스,2024-Q3,inventory
104200,NHN벅스,2020-Q3,cogs
104200,NHN벅스,2025-Q3,cogs
104200,NHN벅스,2023-Q4,cogs
104200,NHN벅스,2024-Q1,inventory
104200,NHN벅스,2021-Q4,cogs
104200,NHN벅스,2025-Q1,inventory
104200,NHN벅스,2020-Q4,cogs
104200,NHN벅스,2025-Q2,cogs
104200,NHN벅스,2024-Q2,inventory
104200,NHN벅스,2024-Q3,cogs
104200,NHN벅스,2024-Q4,inventory
104200,NHN벅스,2020-Q2,cogs
104200,NHN벅스,2024-Q1,cogs
019550,SBI인베스트먼트,2023-Q3,cogs
019550,SBI인베스트먼트,2024-Q3,ap
019550,SBI인베스트먼트,2023-Q3,ar
019550,SBI인베스트먼트,2024-Q4,op_income
019550,SBI인베스트먼트,2024-Q2,op_income
019550,SBI인베스트먼트,2025-Q1,ar
019550,SBI인베스트먼트,2025-Q1,cogs
019550,SBI인베스트먼트,2025-Q3,inventory
019550,SBI인베스트먼트,2023-Q4,inventory
019550,SBI인베스트먼트,2024-Q1,ap
019550,SBI인베스트먼트,2023-Q3,ap
019550,SBI인베스트먼트,2024-Q4,cogs
019550,SBI인베스트먼트,2024-Q2,ar
019550,SBI인베스트먼트,2024-Q4,ar
019550,SBI인베스트먼트,2024-Q2,cogs
019550,SBI인베스트먼트,2025-Q1,ap
019550,SBI인베스트먼트,2025-Q3,op_income
019550,SBI인베스트먼트,2025-Q2,inventory
019550,SBI인베스트먼트,2023-Q4,op_income
019550,SBI인베스트먼트,2024-Q2,ap
019550,SBI인베스트먼트,2024-Q4,ap
019550,SBI인베스트먼트,2024-Q3,inventory
019550,SBI인베스트먼트,2025-Q2,ap
019550,SBI인베스트먼트,2025-Q3,cogs
019550,SBI인베스트먼트,2023-Q4,cogs
019550,SBI인베스트먼트,2025-Q3,ar
019550,SBI인베스트먼트,2023-Q4,ar
019550,SBI인베스트먼트,2024-Q1,inventory
019550,SBI인베스트먼트,2025-Q2,op_income
019550,SBI인베스트먼트,2023-Q3,inventory
019550,SBI인베스트먼트,2024-Q3,op_income
019550,SBI인베스트먼트,2025-Q1,inventory
019550,SBI인베스트먼트,2025-Q3,ap
019550,SBI인베스트먼트,2023-Q4,ap
019550,SBI인베스트먼트,2025-Q2,ar
019550,SBI인베스트먼트,2024-Q1,op_income
019550,SBI인베스트먼트,2024-Q3,ar
019550,SBI인베스트먼트,2025-Q2,cogs
019550,SBI인베스트먼트,2024-Q2,inventory
019550,SBI인베스트먼트,2024-Q3,cogs
019550,SBI인베스트먼트,2024-Q4,inventory
019550,SBI인베스트먼트,2023-Q3,op_income
019550,SBI인베스트먼트,2025-Q1,op_income
019550,SBI인베스트먼트,2024-Q1,ar
019550,SBI인베스트먼트,2024-Q1,cogs
419530,SAMG엔터,2024-Q4,capex
419530,SAMG엔터,2025-Q2,capex
419530,SAMG엔터,2024-Q3,capex
419530,SAMG엔터,2025-Q3,capex
419530,SAMG엔터,2025-Q1,capex
091340,S&K폴리텍,2024-Q1,ap
091340,S&K폴리텍,2025-Q1,ap
036540,SFA반도체,2023-Q4,ap
036540,SFA반도체,2021-Q1,ap
036540,SFA반도체,2024-Q1,ap
036540,SFA반도체,2021-Q2,ap
036540,SFA반도체,2021-Q3,ap
036540,SFA반도체,2023-Q1,ap
036540,SFA반도체,2022-Q2,ap
036540,SFA반도체,2020-Q3,ap
036540,SFA반도체,2020-Q2,ap
036540,SFA반도체,2021-Q4,ap
036540,SFA반도체,2023-Q2,ap
036540,SFA반도체,2024-Q2,ap
036540,SFA반도체,2022-Q1,ap
036540,SFA반도체,2020-Q4,ap
036540,SFA반도체,2022-Q4,ap
099220,SDN,2022-Q3,capex
099220,SDN,2023-Q1,capex
099220,SDN,2024-Q2,capex
099220,SDN,2024-Q4,capex
099220,SDN,2022-Q4,capex
099220,SDN,2021-Q2,capex
099220,SDN,2020-Q1,capex
099220,SDN,2021-Q1,capex
099220,SDN,2021-Q1,total_assets
099220,SDN,2025-Q3,capex
099220,SDN,2025-Q2,capex
099220,SDN,2024-Q3,capex
099220,SDN,2024-Q1,capex
099220,SDN,2022-Q1,capex
099220,SDN,2020-Q2,capex
099220,SDN,2023-Q2,capex
099220,SDN,2023-Q3,capex
099220,SDN,2025-Q1,capex
099220,SDN,2022-Q2,capex
357880,SKAI,2022-Q1,cogs
357880,SKAI,2023-Q3,cogs
357880,SKAI,2023-Q2,cogs
357880,SKAI,2025-Q2,revenue
357880,SKAI,2024-Q3,revenue
357880,SKAI,2025-Q1,cogs
357880,SKAI,2023-Q1,cogs
357880,SKAI,2022-Q2,cogs
357880,SKAI,2022-Q1,ap
357880,SKAI,2022-Q3,cogs
357880,SKAI,2024-Q4,cogs
357880,SKAI,2023-Q2,revenue
357880,SKAI,2024-Q1,revenue
357880,SKAI,2024-Q2,cogs
357880,SKAI,2022-Q1,revenue
357880,SKAI,2022-Q4,cogs
357880,SKAI,2023-Q3,revenue
357880,SKAI,2021-Q4,inventory
357880,SKAI,2022-Q2,ap
357880,SKAI,2025-Q1,revenue
357880,SKAI,2022-Q3,ap
357880,SKAI,2023-Q1,revenue
357880,SKAI,2022-Q2,revenue
357880,SKAI,2022-Q4,ap
357880,SKAI,2024-Q2,revenue
357880,SKAI,2022-Q3,revenue
357880,SKAI,2024-Q4,revenue
357880,SKAI,2025-Q3,cogs
357880,SKAI,2022-Q4,revenue
357880,SKAI,2023-Q4,cogs
357880,SKAI,2022-Q1,inventory
357880,SKAI,2021-Q4,cogs
357880,SKAI,2022-Q3,inventory
357880,SKAI,2025-Q2,cogs
357880,SKAI,2022-Q2,inventory
357880,SKAI,2025-Q3,revenue
357880,SKAI,2023-Q4,revenue
357880,SKAI,2024-Q3,cogs
357880,SKAI,2022-Q4,inventory
357880,SKAI,2021-Q4,ap
357880,SKAI,2024-Q1,cogs
049470,SGA,2022-Q3,capex
049470,SGA,2023-Q1,capex
049470,SGA,2024-Q2,capex
049470,SGA,2024-Q4,capex
049470,SGA,2022-Q4,capex
049470,SGA,2025-Q3,inventory
049470,SGA,2021-Q2,capex
049470,SGA,2021-Q3,capex
049470,SGA,2020-Q1,capex
049470,SGA,2021-Q1,capex
049470,SGA,2020-Q3,capex
049470,SGA,2025-Q3,capex
049470,SGA,2023-Q4,capex
049470,SGA,2025-Q2,inventory
049470,SGA,2021-Q4,capex
049470,SGA,2020-Q4,capex
049470,SGA,2025-Q2,capex
049470,SGA,2024-Q3,capex
049470,SGA,2025-Q1,inventory
049470,SGA,2024-Q1,capex
049470,SGA,2022-Q1,capex
049470,SGA,2020-Q2,capex
049470,SGA,2023-Q2,capex
049470,SGA,2024-Q4,inventory
049470,SGA,2023-Q3,capex
049470,SGA,2025-Q1,capex
049470,SGA,2022-Q2,capex
184230,SGA솔루션즈,2021-Q4,capex
184230,SGA솔루션즈,2020-Q1,capex
184230,SGA솔루션즈,2022-Q1,capex
184230,SGA솔루션즈,2020-Q3,capex
184230,SGA솔루션즈,2020-Q4,capex
184230,SGA솔루션즈,2020-Q2,capex
184230,SGA솔루션즈,2021-Q2,capex
184230,SGA솔루션즈,2021-Q3,capex
184230,SGA솔루션즈,2021-Q1,capex
184230,SGA솔루션즈,2022-Q2,capex
289080,SV인베스트먼트,2023-Q3,cogs
289080,SV인베스트먼트,2025-Q4,cogs
289080,SV인베스트먼트,2024-Q3,ap
289080,SV인베스트먼트,2023-Q3,ar
289080,SV인베스트먼트,2024-Q4,op_income
289080,SV인베스트먼트,2025-Q4,ar
289080,SV인베스트먼트,2024-Q2,op_income
289080,SV인베스트먼트,2025-Q1,ar
289080,SV인베스트먼트,2025-Q1,cogs
289080,SV인베스트먼트,2025-Q3,inventory
289080,SV인베스트먼트,2023-Q4,inventory
289080,SV인베스트먼트,2024-Q1,ap
289080,SV인베스트먼트,2025-Q3,interest_expense
289080,SV인베스트먼트,2023-Q3,ap
289080,SV인베스트먼트,2025-Q4,ap
289080,SV인베스트먼트,2024-Q4,cogs
289080,SV인베스트먼트,2024-Q2,ar
289080,SV인베스트먼트,2023-Q4,interest_expense
289080,SV인베스트먼트,2024-Q4,ar
289080,SV인베스트먼트,2024-Q2,cogs
289080,SV인베스트먼트,2025-Q1,ap
289080,SV인베스트먼트,2025-Q3,op_income
289080,SV인베스트먼트,2025-Q2,inventory
289080,SV인베스트먼트,2023-Q4,op_income
289080,SV인베스트먼트,2024-Q2,ap
289080,SV인베스트먼트,2024-Q4,ap
289080,SV인베스트먼트,2024-Q3,inventory
289080,SV인베스트먼트,2025-Q2,interest_expense
289080,SV인베스트먼트,2024-Q3,interest_expense
289080,SV인베스트먼트,2025-Q2,ap
289080,SV인베스트먼트,2025-Q3,cogs
289080,SV인베스트먼트,2023-Q4,cogs
289080,SV인베스트먼트,2025-Q3,ar
289080,SV인베스트먼트,2023-Q4,ar
289080,SV인베스트먼트,2024-Q1,inventory
289080,SV인베스트먼트,2025-Q2,op_income
289080,SV인베스트먼트,2023-Q3,inventory
289080,SV인베스트먼트,2024-Q1,interest_expense
289080,SV인베스트먼트,2024-Q3,op_income
289080,SV인베스트먼트,2025-Q4,inventory
289080,SV인베스트먼트,2023-Q3,interest_expense
289080,SV인베스트먼트,2025-Q4,interest_expense
289080,SV인베스트먼트,2025-Q1,inventory
289080,SV인베스트먼트,2025-Q3,ap
289080,SV인베스트먼트,2023-Q4,ap
289080,SV인베스트먼트,2025-Q2,ar
289080,SV인베스트먼트,2025-Q1,interest_expense
289080,SV인베스트먼트,2024-Q1,op_income
289080,SV인베스트먼트,2024-Q3,ar
289080,SV인베스트먼트,2025-Q2,cogs
289080,SV인베스트먼트,2024-Q2,inventory
289080,SV인베스트먼트,2024-Q3,cogs
289080,SV인베스트먼트,2024-Q4,inventory
289080,SV인베스트먼트,2023-Q3,op_income
289080,SV인베스트먼트,2024-Q4,interest_expense
289080,SV인베스트먼트,2025-Q4,op_income
289080,SV인베스트먼트,2024-Q2,interest_expense
289080,SV인베스트먼트,2025-Q1,op_income
289080,SV인베스트먼트,2024-Q1,ar
289080,SV인베스트먼트,2024-Q1,cogs
048550,SM C&C,2020-Q2,inventory
048550,SM C&C,2020-Q3,inventory
048550,SM C&C,2020-Q4,inventory
048550,SM C&C,2020-Q1,inventory
246690,TS인베스트먼트,2023-Q3,cogs
246690,TS인베스트먼트,2024-Q3,ap
246690,TS인베스트먼트,2023-Q3,ar
246690,TS인베스트먼트,2024-Q4,op_income
246690,TS인베스트먼트,2024-Q2,capex
246690,TS인베스트먼트,2024-Q4,capex
246690,TS인베스트먼트,2024-Q2,op_income
246690,TS인베스트먼트,2025-Q1,ar
246690,TS인베스트먼트,2025-Q1,cogs
246690,TS인베스트먼트,2025-Q3,inventory
246690,TS인베스트먼트,2023-Q4,inventory
246690,TS인베스트먼트,2024-Q1,ap
246690,TS인베스트먼트,2023-Q3,ap
246690,TS인베스트먼트,2024-Q4,cogs
246690,TS인베스트먼트,2024-Q2,ar
246690,TS인베스트먼트,2024-Q4,ar
246690,TS인베스트먼트,2024-Q2,cogs
246690,TS인베스트먼트,2025-Q1,ap
246690,TS인베스트먼트,2025-Q3,op_income
246690,TS인베스트먼트,2025-Q3,capex
246690,TS인베스트먼트,2025-Q2,inventory
246690,TS인베스트먼트,2023-Q4,op_income
246690,TS인베스트먼트,2024-Q2,ap
246690,TS인베스트먼트,2024-Q4,ap
246690,TS인베스트먼트,2024-Q3,inventory
246690,TS인베스트먼트,2025-Q2,ap
246690,TS인베스트먼트,2025-Q3,cogs
246690,TS인베스트먼트,2023-Q4,cogs
246690,TS인베스트먼트,2025-Q3,ar
246690,TS인베스트먼트,2025-Q2,capex
246690,TS인베스트먼트,2023-Q4,ar
246690,TS인베스트먼트,2024-Q1,inventory
246690,TS인베스트먼트,2025-Q2,op_income
246690,TS인베스트먼트,2024-Q3,capex
246690,TS인베스트먼트,2023-Q3,inventory
246690,TS인베스트먼트,2024-Q3,op_income
246690,TS인베스트먼트,2025-Q1,inventory
246690,TS인베스트먼트,2025-Q3,ap
246690,TS인베스트먼트,2023-Q4,ap
246690,TS인베스트먼트,2025-Q2,ar
246690,TS인베스트먼트,2024-Q1,capex
246690,TS인베스트먼트,2024-Q1,op_income
246690,TS인베스트먼트,2024-Q3,ar
246690,TS인베스트먼트,2025-Q2,cogs
246690,TS인베스트먼트,2024-Q2,inventory
246690,TS인베스트먼트,2024-Q3,cogs
246690,TS인베스트먼트,2024-Q4,inventory
246690,TS인베스트먼트,2023-Q3,op_income
246690,TS인베스트먼트,2025-Q1,capex
246690,TS인베스트먼트,2025-Q1,op_income
246690,TS인베스트먼트,2024-Q1,ar
246690,TS인베스트먼트,2024-Q1,cogs
067160,SOOP,2022-Q1,cogs
067160,SOOP,2023-Q3,cogs
067160,SOOP,2021-Q2,inventory
067160,SOOP,2021-Q3,inventory
067160,SOOP,2023-Q2,cogs
067160,SOOP,2020-Q3,inventory
067160,SOOP,2025-Q1,cogs
067160,SOOP,2023-Q1,cogs
067160,SOOP,2022-Q2,cogs
067160,SOOP,2022-Q3,cogs
067160,SOOP,2024-Q4,cogs
067160,SOOP,2022-Q4,cogs
067160,SOOP,2021-Q4,inventory
067160,SOOP,2021-Q1,inventory
067160,SOOP,2021-Q1,cogs
067160,SOOP,2020-Q4,inventory
067160,SOOP,2021-Q2,cogs
067160,SOOP,2021-Q3,cogs
067160,SOOP,2020-Q1,cogs
067160,SOOP,2020-Q3,cogs
067160,SOOP,2025-Q3,cogs
067160,SOOP,2023-Q4,cogs
067160,SOOP,2020-Q2,inventory
067160,SOOP,2022-Q1,inventory
067160,SOOP,2021-Q4,cogs
067160,SOOP,2020-Q4,cogs
067160,SOOP,2022-Q3,inventory
067160,SOOP,2025-Q2,cogs
067160,SOOP,2023-Q1,inventory
067160,SOOP,2022-Q2,inventory
067160,SOOP,2022-Q4,inventory
067160,SOOP,2020-Q2,cogs
067160,SOOP,2020-Q1,inventory
013720,THE CUBE&,2022-Q3,capex
013720,THE CUBE&,2023-Q1,capex
013720,THE CUBE&,2024-Q2,capex
013720,THE CUBE&,2024-Q4,capex
013720,THE CUBE&,2021-Q3,net_income
013720,THE CUBE&,2022-Q4,capex
013720,THE CUBE&,2021-Q2,capex
013720,THE CUBE&,2021-Q3,capex
013720,THE CUBE&,2020-Q1,capex
013720,THE CUBE&,2021-Q1,capex
013720,THE CUBE&,2020-Q3,capex
013720,THE CUBE&,2025-Q3,capex
013720,THE CUBE&,2023-Q4,capex
013720,THE CUBE&,2021-Q4,capex
013720,THE CUBE&,2020-Q4,capex
013720,THE CUBE&,2025-Q2,capex
013720,THE CUBE&,2024-Q3,capex
013720,THE CUBE&,2024-Q1,capex
013720,THE CUBE&,2022-Q1,capex
013720,THE CUBE&,2020-Q2,capex
013720,THE CUBE&,2023-Q2,capex
013720,THE CUBE&,2023-Q3,capex
013720,THE CUBE&,2025-Q1,capex
013720,THE CUBE&,2022-Q2,capex
089230,THE E&M,2022-Q3,inventory
089230,THE E&M,2023-Q1,inventory
089230,THE E&M,2022-Q2,inventory
089230,THE E&M,2025-Q2,capex
089230,THE E&M,2023-Q2,inventory
089230,THE E&M,2024-Q2,inventory
089230,THE E&M,2024-Q1,inventory
089230,THE E&M,2024-Q4,inventory
089230,THE E&M,2022-Q1,inventory
089230,THE E&M,2023-Q3,inventory
089230,THE E&M,2025-Q2,inventory
089230,THE E&M,2025-Q1,capex
089230,THE E&M,2023-Q4,inventory
089230,THE E&M,2025-Q3,inventory
089230,THE E&M,2024-Q3,inventory
089230,THE E&M,2025-Q1,inventory
317240,TS트릴리온,2022-Q3,capex
317240,TS트릴리온,2024-Q1,capex
317240,TS트릴리온,2021-Q1,cfo
317240,TS트릴리온,2023-Q1,capex
317240,TS트릴리온,2023-Q2,capex
317240,TS트릴리온,2021-Q2,cfo
317240,TS트릴리온,2021-Q3,cfo
317240,TS트릴리온,2024-Q2,capex
317240,TS트릴리온,2025-Q2,capex
317240,TS트릴리온,2024-Q3,capex
317240,TS트릴리온,2025-Q3,capex
317240,TS트릴리온,2023-Q4,capex
317240,TS트릴리온,2025-Q1,capex
317240,TS트릴리온,2020-Q4,cfo
317240,TS트릴리온,2021-Q2,capex
317240,TS트릴리온,2021-Q3,capex
317240,TS트릴리온,2022-Q2,capex
048770,TPC,2024-Q3,ap
048770,TPC,2020-Q2,ap
048770,TPC,2023-Q2,ap
048770,TPC,2024-Q1,ap
048770,TPC,2023-Q3,ap
048770,TPC,2022-Q1,ap
048770,TPC,2025-Q1,ap
048770,TPC,2023-Q1,ap
048770,TPC,2022-Q2,ap
048770,TPC,2024-Q2,ap
048770,TPC,2022-Q3,ap
048770,TPC,2024-Q4,ap
048770,TPC,2022-Q4,ap
048770,TPC,2021-Q1,ap
048770,TPC,2021-Q2,ap
048770,TPC,2021-Q3,ap
048770,TPC,2020-Q1,ap
048770,TPC,2020-Q3,ap
048770,TPC,2025-Q3,ap
048770,TPC,2023-Q4,ap
048770,TPC,2021-Q4,ap
048770,TPC,2020-Q4,ap
048770,TPC,2025-Q2,ap
051390,YW,2022-Q3,capex
051390,YW,2023-Q1,capex
051390,YW,2024-Q2,capex
051390,YW,2024-Q4,capex
051390,YW,2022-Q4,capex
051390,YW,2021-Q2,capex
051390,YW,2021-Q3,capex
051390,YW,2020-Q1,capex
051390,YW,2021-Q1,capex
051390,YW,2020-Q3,capex
051390,YW,2025-Q3,capex
051390,YW,2023-Q4,capex
051390,YW,2021-Q4,capex
051390,YW,2020-Q4,capex
051390,YW,2025-Q2,capex
051390,YW,2024-Q3,capex
051390,YW,2024-Q1,capex
051390,YW,2022-Q1,capex
051390,YW,2020-Q2,capex
051390,YW,2023-Q2,capex
051390,YW,2023-Q3,capex
051390,YW,2025-Q1,capex
051390,YW,2022-Q2,capex
399720,가온칩스,2022-Q3,inventory
399720,가온칩스,2023-Q1,inventory
399720,가온칩스,2022-Q2,inventory
399720,가온칩스,2023-Q2,inventory
399720,가온칩스,2024-Q2,inventory
399720,가온칩스,2024-Q1,inventory
399720,가온칩스,2024-Q4,inventory
399720,가온칩스,2023-Q3,inventory
399720,가온칩스,2022-Q4,inventory
399720,가온칩스,2025-Q2,inventory
399720,가온칩스,2025-Q3,inventory
399720,가온칩스,2023-Q4,inventory
399720,가온칩스,2024-Q3,inventory
399720,가온칩스,2025-Q1,inventory
052220,iMBC,2022-Q1,cogs
052220,iMBC,2023-Q3,cogs
052220,iMBC,2021-Q2,inventory
052220,iMBC,2021-Q3,inventory
052220,iMBC,2023-Q2,cogs
052220,iMBC,2024-Q3,ap
052220,iMBC,2020-Q3,inventory
052220,iMBC,2025-Q1,cogs
052220,iMBC,2025-Q3,inventory
052220,iMBC,2020-Q2,ap
052220,iMBC,2023-Q2,ap
052220,iMBC,2023-Q4,inventory
052220,iMBC,2024-Q1,ap
052220,iMBC,2023-Q1,cogs
052220,iMBC,2022-Q2,cogs
052220,iMBC,2022-Q1,ap
052220,iMBC,2023-Q3,ap
052220,iMBC,2022-Q3,cogs
052220,iMBC,2024-Q4,cogs
052220,iMBC,2024-Q2,cogs
052220,iMBC,2022-Q4,cogs
052220,iMBC,2021-Q4,inventory
052220,iMBC,2025-Q1,ap
052220,iMBC,2020-Q1,inventory
052220,iMBC,2021-Q1,cogs
052220,iMBC,2020-Q4,inventory
052220,iMBC,2022-Q2,ap
052220,iMBC,2023-Q1,ap
052220,iMBC,2025-Q2,inventory
052220,iMBC,2021-Q2,cogs
052220,iMBC,2021-Q3,cogs
052220,iMBC,2020-Q1,cogs
052220,iMBC,2022-Q3,ap
052220,iMBC,2024-Q2,ap
052220,iMBC,2024-Q1,cogs
052220,iMBC,2020-Q3,cogs
052220,iMBC,2024-Q3,inventory
052220,iMBC,2022-Q4,ap
052220,iMBC,2024-Q4,ap
052220,iMBC,2025-Q2,ap
052220,iMBC,2025-Q3,cogs
052220,iMBC,2023-Q4,cogs
052220,iMBC,2020-Q2,inventory
052220,iMBC,2021-Q1,ap
052220,iMBC,2023-Q2,inventory
052220,iMBC,2024-Q1,inventory
052220,iMBC,2021-Q2,ap
052220,iMBC,2021-Q3,ap
052220,iMBC,2020-Q1,ap
052220,iMBC,2022-Q1,inventory
052220,iMBC,2023-Q3,inventory
052220,iMBC,2020-Q3,ap
052220,iMBC,2021-Q4,cogs
052220,iMBC,2025-Q1,inventory
052220,iMBC,2025-Q3,ap
052220,iMBC,2023-Q4,ap
052220,iMBC,2020-Q4,cogs
052220,iMBC,2022-Q3,inventory
052220,iMBC,2025-Q2,cogs
052220,iMBC,2023-Q1,inventory
052220,iMBC,2022-Q2,inventory
052220,iMBC,2024-Q2,inventory
052220,iMBC,2024-Q3,cogs
052220,iMBC,2024-Q4,inventory
052220,iMBC,2022-Q4,inventory
052220,iMBC,2021-Q4,ap
052220,iMBC,2020-Q2,cogs
052220,iMBC,2020-Q4,ap
052220,iMBC,2021-Q1,inventory
079940,가비아,2020-Q1,capex
079940,가비아,2020-Q3,capex
079940,가비아,2020-Q4,capex
079940,가비아,2020-Q2,capex
079940,가비아,2021-Q2,capex
079940,가비아,2021-Q1,capex
198440,강동씨앤엘,2022-Q3,capex
198440,강동씨앤엘,2023-Q1,capex
198440,강동씨앤엘,2024-Q2,capex
198440,강동씨앤엘,2024-Q4,capex
198440,강동씨앤엘,2022-Q4,capex
198440,강동씨앤엘,2021-Q2,capex
198440,강동씨앤엘,2021-Q3,capex
198440,강동씨앤엘,2020-Q1,capex
198440,강동씨앤엘,2021-Q1,capex
198440,강동씨앤엘,2020-Q3,capex
198440,강동씨앤엘,2025-Q3,capex
198440,강동씨앤엘,2023-Q4,capex
198440,강동씨앤엘,2021-Q4,capex
198440,강동씨앤엘,2020-Q4,capex
198440,강동씨앤엘,2025-Q2,capex
198440,강동씨앤엘,2024-Q3,capex
198440,강동씨앤엘,2024-Q1,capex
198440,강동씨앤엘,2022-Q1,capex
198440,강동씨앤엘,2023-Q2,capex
198440,강동씨앤엘,2023-Q3,capex
198440,강동씨앤엘,2025-Q1,capex
198440,강동씨앤엘,2022-Q2,capex
094480,갤럭시아머니트리,2021-Q2,inventory
094480,갤럭시아머니트리,2021-Q3,inventory
094480,갤럭시아머니트리,2020-Q3,inventory
094480,갤럭시아머니트리,2025-Q3,inventory
094480,갤럭시아머니트리,2023-Q4,inventory
094480,갤럭시아머니트리,2021-Q4,inventory
094480,갤럭시아머니트리,2021-Q1,inventory
094480,갤럭시아머니트리,2020-Q4,inventory
094480,갤럭시아머니트리,2025-Q2,inventory
094480,갤럭시아머니트리,2024-Q3,inventory
094480,갤럭시아머니트리,2020-Q2,inventory
094480,갤럭시아머니트리,2023-Q2,inventory
094480,갤럭시아머니트리,2024-Q1,inventory
094480,갤럭시아머니트리,2022-Q1,inventory
094480,갤럭시아머니트리,2023-Q3,inventory
094480,갤럭시아머니트리,2025-Q1,inventory
094480,갤럭시아머니트리,2022-Q3,inventory
094480,갤럭시아머니트리,2023-Q1,inventory
094480,갤럭시아머니트리,2022-Q2,inventory
094480,갤럭시아머니트리,2024-Q2,inventory
094480,갤럭시아머니트리,2024-Q4,inventory
094480,갤럭시아머니트리,2022-Q4,inventory
094480,갤럭시아머니트리,2020-Q1,inventory
348150,고바이오랩,2023-Q4,ap
348150,고바이오랩,2020-Q4,capex
348150,고바이오랩,2021-Q2,ap
348150,고바이오랩,2023-Q1,ap
348150,고바이오랩,2022-Q2,ap
348150,고바이오랩,2021-Q4,ap
348150,고바이오랩,2023-Q2,ap
348150,고바이오랩,2022-Q3,ap
348150,고바이오랩,2023-Q3,ap
348150,고바이오랩,2021-Q2,capex
348150,고바이오랩,2021-Q3,capex
348150,고바이오랩,2021-Q1,capex
348150,고바이오랩,2020-Q4,ap
348150,고바이오랩,2022-Q4,ap
049720,고려신용정보,2022-Q1,cogs
049720,고려신용정보,2023-Q3,cogs
049720,고려신용정보,2021-Q2,inventory
049720,고려신용정보,2021-Q3,inventory
049720,고려신용정보,2023-Q2,cogs
049720,고려신용정보,2020-Q3,inventory
049720,고려신용정보,2025-Q1,cogs
049720,고려신용정보,2025-Q3,inventory
049720,고려신용정보,2023-Q4,inventory
049720,고려신용정보,2023-Q1,cogs
049720,고려신용정보,2022-Q2,cogs
049720,고려신용정보,2022-Q3,cogs
049720,고려신용정보,2024-Q4,cogs
049720,고려신용정보,2024-Q2,cogs
049720,고려신용정보,2022-Q4,cogs
049720,고려신용정보,2021-Q4,inventory
049720,고려신용정보,2021-Q1,inventory
049720,고려신용정보,2021-Q1,cogs
049720,고려신용정보,2020-Q4,inventory
049720,고려신용정보,2025-Q2,inventory
049720,고려신용정보,2021-Q2,cogs
049720,고려신용정보,2021-Q3,cogs
049720,고려신용정보,2020-Q1,cogs
049720,고려신용정보,2024-Q3,inventory
049720,고려신용정보,2024-Q1,cogs
049720,고려신용정보,2020-Q3,cogs
049720,고려신용정보,2025-Q3,cogs
049720,고려신용정보,2023-Q4,cogs
049720,고려신용정보,2020-Q2,inventory
049720,고려신용정보,2023-Q2,inventory
049720,고려신용정보,2024-Q1,inventory
049720,고려신용정보,2022-Q1,inventory
049720,고려신용정보,2023-Q3,inventory
049720,고려신용정보,2021-Q4,cogs
049720,고려신용정보,2025-Q1,inventory
049720,고려신용정보,2020-Q4,cogs
049720,고려신용정보,2022-Q3,inventory
049720,고려신용정보,2025-Q2,cogs
049720,고려신용정보,2023-Q1,inventory
049720,고려신용정보,2022-Q2,inventory
049720,고려신용정보,2024-Q2,inventory
049720,고려신용정보,2024-Q3,cogs
049720,고려신용정보,2024-Q4,inventory
049720,고려신용정보,2022-Q4,inventory
049720,고려신용정보,2020-Q2,cogs
049720,고려신용정보,2020-Q1,inventory
482520,교보16호스팩,2024-Q3,ap
482520,교보16호스팩,2024-Q4,capex
482520,교보16호스팩,2025-Q1,ar
482520,교보16호스팩,2025-Q1,cogs
482520,교보16호스팩,2025-Q3,inventory
482520,교보16호스팩,2024-Q4,cogs
482520,교보16호스팩,2024-Q4,ar
482520,교보16호스팩,2025-Q1,ap
482520,교보16호스팩,2025-Q3,capex
482520,교보16호스팩,2025-Q2,inventory
482520,교보16호스팩,2024-Q4,ap
482520,교보16호스팩,2024-Q3,inventory
482520,교보16호스팩,2025-Q3,cogs
482520,교보16호스팩,2025-Q3,ar
482520,교보16호스팩,2025-Q2,capex
482520,교보16호스팩,2024-Q3,capex
482520,교보16호스팩,2025-Q1,inventory
482520,교보16호스팩,2025-Q3,ap
482520,교보16호스팩,2025-Q2,ar
482520,교보16호스팩,2025-Q2,cogs
482520,교보16호스팩,2024-Q3,ar
482520,교보16호스팩,2024-Q3,cogs
482520,교보16호스팩,2024-Q4,inventory
482520,교보16호스팩,2025-Q1,capex
482520,교보16호스팩,2025-Q2,ap
465320,교보15호스팩,2025-Q1,current_assets
465320,교보15호스팩,2024-Q3,ap
465320,교보15호스팩,2024-Q4,op_income
465320,교보15호스팩,2024-Q2,capex
465320,교보15호스팩,2024-Q4,capex
465320,교보15호스팩,2024-Q2,op_income
465320,교보15호스팩,2025-Q1,ar
465320,교보15호스팩,2025-Q1,cogs
465320,교보15호스팩,2024-Q2,current_assets
465320,교보15호스팩,2024-Q4,current_assets
465320,교보15호스팩,2023-Q4,inventory
465320,교보15호스팩,2025-Q3,inventory
465320,교보15호스팩,2024-Q1,ap
465320,교보15호스팩,2025-Q3,interest_expense
465320,교보15호스팩,2024-Q4,cogs
465320,교보15호스팩,2024-Q2,ar
465320,교보15호스팩,2023-Q4,interest_expense
465320,교보15호스팩,2024-Q4,ar
465320,교보15호스팩,2025-Q3,current_liab
465320,교보15호스팩,2023-Q4,current_liab
465320,교보15호스팩,2024-Q2,cogs
465320,교보15호스팩,2025-Q1,ap
465320,교보15호스팩,2025-Q3,op_income
465320,교보15호스팩,2025-Q3,capex
465320,교보15호스팩,2023-Q4,capex
465320,교보15호스팩,2025-Q2,inventory
465320,교보15호스팩,2023-Q4,op_income
465320,교보15호스팩,2024-Q2,ap
465320,교보15호스팩,2024-Q4,ap
465320,교보15호스팩,2024-Q3,inventory
465320,교보15호스팩,2025-Q2,interest_expense
465320,교보15호스팩,2025-Q3,current_assets
465320,교보15호스팩,2023-Q4,current_assets
465320,교보15호스팩,2025-Q2,ap
465320,교보15호스팩,2025-Q2,current_liab
465320,교보15호스팩,2025-Q3,cogs
465320,교보15호스팩,2024-Q3,current_liab
465320,교보15호스팩,2023-Q4,cogs
465320,교보15호스팩,2025-Q3,ar
465320,교보15호스팩,2025-Q2,capex
465320,교보15호스팩,2023-Q4,ar
465320,교보15호스팩,2024-Q1,inventory
465320,교보15호스팩,2025-Q2,op_income
465320,교보15호스팩,2024-Q3,capex
465320,교보15호스팩,2024-Q1,interest_expense
465320,교보15호스팩,2024-Q3,op_income
465320,교보15호스팩,2024-Q1,current_liab
465320,교보15호스팩,2025-Q2,current_assets
465320,교보15호스팩,2025-Q1,inventory
465320,교보15호스팩,2025-Q3,ap
465320,교보15호스팩,2023-Q4,ap
465320,교보15호스팩,2024-Q3,current_assets
465320,교보15호스팩,2024-Q1,capex
465320,교보15호스팩,2025-Q1,interest_expense
465320,교보15호스팩,2025-Q2,ar
465320,교보15호스팩,2024-Q1,op_income
465320,교보15호스팩,2024-Q3,ar
465320,교보15호스팩,2025-Q2,cogs
465320,교보15호스팩,2024-Q2,inventory
465320,교보15호스팩,2024-Q3,cogs
465320,교보15호스팩,2024-Q4,inventory
465320,교보15호스팩,2025-Q1,current_liab
465320,교보15호스팩,2024-Q4,interest_expense
465320,교보15호스팩,2025-Q1,capex
465320,교보15호스팩,2024-Q1,current_assets
465320,교보15호스팩,2024-Q2,interest_expense
465320,교보15호스팩,2025-Q1,op_income
465320,교보15호스팩,2024-Q2,current_liab
465320,교보15호스팩,2024-Q4,current_liab
465320,교보15호스팩,2024-Q1,ar
465320,교보15호스팩,2024-Q1,cogs
950190,고스트스튜디오,2021-Q2,inventory
950190,고스트스튜디오,2021-Q3,inventory
950190,고스트스튜디오,2022-Q3,inventory
950190,고스트스튜디오,2023-Q1,inventory
950190,고스트스튜디오,2022-Q2,inventory
950190,고스트스튜디오,2020-Q3,inventory
950190,고스트스튜디오,2021-Q4,inventory
950190,고스트스튜디오,2022-Q1,inventory
950190,고스트스튜디오,2020-Q4,inventory
950190,고스트스튜디오,2022-Q4,inventory
950190,고스트스튜디오,2021-Q1,inventory
456490,교보14호스팩,2023-Q3,cogs
456490,교보14호스팩,2024-Q3,ap
456490,교보14호스팩,2023-Q3,ar
456490,교보14호스팩,2024-Q2,capex
456490,교보14호스팩,2024-Q4,capex
456490,교보14호스팩,2025-Q1,ar
456490,교보14호스팩,2024-Q3,revenue
456490,교보14호스팩,2025-Q1,cogs
456490,교보14호스팩,2025-Q3,inventory
456490,교보14호스팩,2023-Q4,inventory
456490,교보14호스팩,2024-Q1,ap
456490,교보14호스팩,2023-Q3,ap
456490,교보14호스팩,2024-Q4,cogs
456490,교보14호스팩,2024-Q2,ar
456490,교보14호스팩,2024-Q4,ar
456490,교보14호스팩,2024-Q2,cogs
456490,교보14호스팩,2025-Q1,ap
456490,교보14호스팩,2025-Q3,capex
456490,교보14호스팩,2023-Q4,capex
456490,교보14호스팩,2025-Q1,revenue
456490,교보14호스팩,2025-Q2,inventory
456490,교보14호스팩,2024-Q2,ap
456490,교보14호스팩,2024-Q4,ap
456490,교보14호스팩,2024-Q3,inventory
456490,교보14호스팩,2025-Q2,ap
456490,교보14호스팩,2024-Q2,revenue
456490,교보14호스팩,2025-Q3,cogs
456490,교보14호스팩,2023-Q4,cogs
456490,교보14호스팩,2025-Q3,ar
456490,교보14호스팩,2025-Q2,capex
456490,교보14호스팩,2023-Q4,ar
456490,교보14호스팩,2024-Q1,inventory
456490,교보14호스팩,2024-Q3,capex
456490,교보14호스팩,2023-Q3,inventory
456490,교보14호스팩,2025-Q1,inventory
456490,교보14호스팩,2025-Q3,ap
456490,교보14호스팩,2023-Q4,ap
456490,교보14호스팩,2025-Q2,ar
456490,교보14호스팩,2024-Q1,capex
456490,교보14호스팩,2025-Q2,cogs
456490,교보14호스팩,2024-Q3,ar
456490,교보14호스팩,2024-Q2,inventory
456490,교보14호스팩,2024-Q3,cogs
456490,교보14호스팩,2023-Q3,capex
456490,교보14호스팩,2024-Q4,inventory
456490,교보14호스팩,2025-Q1,capex
456490,교보14호스팩,2024-Q1,ar
456490,교보14호스팩,2024-Q1,cogs
035290,골드앤에스,2020-Q4,ar
035290,골드앤에스,2022-Q1,capex
035290,골드앤에스,2020-Q3,capex
035290,골드앤에스,2022-Q2,net_income
035290,골드앤에스,2022-Q3,net_income
035290,골드앤에스,2020-Q4,cfo
035290,골드앤에스,2020-Q4,net_income
035290,골드앤에스,2020-Q4,ap
098460,고영,2021-Q4,capex
098460,고영,2020-Q1,capex
098460,고영,2022-Q1,capex
098460,고영,2020-Q3,capex
098460,고영,2020-Q4,capex
098460,고영,2020-Q2,capex
098460,고영,2021-Q2,capex
098460,고영,2021-Q3,capex
098460,고영,2021-Q1,capex
0041B0,교보18호스팩,2025-Q2,ar
0041B0,교보18호스팩,2025-Q2,cogs
0041B0,교보18호스팩,2025-Q3,cogs
0041B0,교보18호스팩,2025-Q3,ar
0041B0,교보18호스팩,2025-Q2,capex
0041B0,교보18호스팩,2025-Q3,ap
0041B0,교보18호스팩,2025-Q3,capex
0041B0,교보18호스팩,2025-Q2,inventory
0041B0,교보18호스팩,2025-Q3,inventory
0041B0,교보18호스팩,2025-Q2,ap
489210,교보17호스팩,2025-Q1,current_assets
489210,교보17호스팩,2024-Q4,op_income
489210,교보17호스팩,2024-Q4,capex
489210,교보17호스팩,2025-Q1,ar
489210,교보17호스팩,2025-Q1,cogs
489210,교보17호스팩,2025-Q3,inventory
489210,교보17호스팩,2024-Q4,current_assets
489210,교보17호스팩,2025-Q3,interest_expense
489210,교보17호스팩,2024-Q4,cogs
489210,교보17호스팩,2024-Q4,ar
489210,교보17호스팩,2025-Q3,current_liab
489210,교보17호스팩,2025-Q1,ap
489210,교보17호스팩,2025-Q3,op_income
489210,교보17호스팩,2025-Q3,capex
489210,교보17호스팩,2025-Q2,inventory
489210,교보17호스팩,2024-Q4,ap
489210,교보17호스팩,2025-Q2,interest_expense
489210,교보17호스팩,2025-Q3,current_assets
489210,교보17호스팩,2025-Q2,current_liab
489210,교보17호스팩,2025-Q3,cogs
489210,교보17호스팩,2025-Q3,ar
489210,교보17호스팩,2025-Q2,capex
489210,교보17호스팩,2025-Q2,op_income
489210,교보17호스팩,2025-Q2,current_assets
489210,교보17호스팩,2025-Q1,inventory
489210,교보17호스팩,2025-Q3,ap
489210,교보17호스팩,2025-Q2,ar
489210,교보17호스팩,2025-Q1,interest_expense
489210,교보17호스팩,2025-Q2,cogs
489210,교보17호스팩,2024-Q4,inventory
489210,교보17호스팩,2025-Q1,current_liab
489210,교보17호스팩,2024-Q4,interest_expense
489210,교보17호스팩,2025-Q1,capex
489210,교보17호스팩,2025-Q1,op_income
489210,교보17호스팩,2024-Q4,current_liab
489210,교보17호스팩,2025-Q2,ap
121440,골프존홀딩스,2023-Q4,ap
121440,골프존홀딩스,2023-Q1,ap
121440,골프존홀딩스,2023-Q3,ap
121440,골프존홀딩스,2023-Q2,ap
014200,광림,2021-Q1,capex
453450,그리드위즈,2024-Q2,capex
453450,그리드위즈,2024-Q4,capex
453450,그리드위즈,2025-Q1,capex
453450,그리드위즈,2024-Q3,capex
402490,그린리소스,2023-Q4,ap
402490,그린리소스,2024-Q3,ap
402490,그린리소스,2025-Q1,ap
402490,그린리소스,2025-Q3,ap
402490,그린리소스,2024-Q2,ap
402490,그린리소스,2024-Q4,ap
402490,그린리소스,2024-Q1,ap
402490,그린리소스,2025-Q2,ap
066620,국보디자인,2022-Q3,capex
066620,국보디자인,2021-Q2,inventory
066620,국보디자인,2021-Q3,inventory
066620,국보디자인,2023-Q1,capex
066620,국보디자인,2024-Q2,capex
066620,국보디자인,2024-Q4,capex
066620,국보디자인,2020-Q3,inventory
066620,국보디자인,2022-Q4,capex
066620,국보디자인,2025-Q3,inventory
066620,국보디자인,2021-Q2,capex
066620,국보디자인,2021-Q3,capex
066620,국보디자인,2021-Q1,capex
066620,국보디자인,2020-Q1,capex
066620,국보디자인,2020-Q3,capex
066620,국보디자인,2021-Q4,inventory
066620,국보디자인,2020-Q1,inventory
066620,국보디자인,2025-Q3,capex
066620,국보디자인,2020-Q4,inventory
066620,국보디자인,2023-Q4,capex
066620,국보디자인,2025-Q2,inventory
066620,국보디자인,2024-Q3,inventory
066620,국보디자인,2021-Q4,capex
066620,국보디자인,2020-Q4,capex
066620,국보디자인,2020-Q2,inventory
066620,국보디자인,2023-Q2,inventory
066620,국보디자인,2025-Q2,capex
066620,국보디자인,2024-Q1,inventory
066620,국보디자인,2024-Q3,capex
066620,국보디자인,2022-Q1,inventory
066620,국보디자인,2023-Q3,inventory
066620,국보디자인,2025-Q1,inventory
066620,국보디자인,2024-Q1,capex
066620,국보디자인,2022-Q3,inventory
066620,국보디자인,2022-Q1,capex
066620,국보디자인,2020-Q2,capex
066620,국보디자인,2022-Q2,inventory
066620,국보디자인,2023-Q1,inventory
066620,국보디자인,2023-Q2,capex
066620,국보디자인,2024-Q2,inventory
066620,국보디자인,2023-Q3,capex
066620,국보디자인,2025-Q1,capex
066620,국보디자인,2022-Q2,capex
066620,국보디자인,2021-Q1,inventory
060480,국일신동,2022-Q3,capex
060480,국일신동,2023-Q1,capex
060480,국일신동,2024-Q2,capex
060480,국일신동,2024-Q4,capex
060480,국일신동,2022-Q4,capex
060480,국일신동,2021-Q2,capex
060480,국일신동,2021-Q3,capex
060480,국일신동,2020-Q1,capex
060480,국일신동,2021-Q1,capex
060480,국일신동,2020-Q3,capex
060480,국일신동,2025-Q3,capex
060480,국일신동,2023-Q4,capex
060480,국일신동,2021-Q4,capex
060480,국일신동,2020-Q4,capex
060480,국일신동,2025-Q2,capex
060480,국일신동,2024-Q3,capex
060480,국일신동,2024-Q1,capex
060480,국일신동,2022-Q1,capex
060480,국일신동,2020-Q2,capex
060480,국일신동,2023-Q2,capex
060480,국일신동,2023-Q3,capex
060480,국일신동,2025-Q1,capex
060480,국일신동,2022-Q2,capex
078130,국일제지,2021-Q4,capex
078130,국일제지,2022-Q3,capex
078130,국일제지,2023-Q1,capex
078130,국일제지,2022-Q1,capex
078130,국일제지,2020-Q4,capex
078130,국일제지,2022-Q4,capex
078130,국일제지,2023-Q4,capex
078130,국일제지,2022-Q2,capex
035080,그래디언트,2023-Q2,ap
282720,금양그린파워,2023-Q1,inventory
282720,금양그린파워,2023-Q2,inventory
282720,금양그린파워,2024-Q2,inventory
282720,금양그린파워,2024-Q1,inventory
282720,금양그린파워,2024-Q4,inventory
282720,금양그린파워,2023-Q3,inventory
282720,금양그린파워,2022-Q4,inventory
282720,금양그린파워,2025-Q2,inventory
282720,금양그린파워,2025-Q3,inventory
282720,금양그린파워,2023-Q4,inventory
282720,금양그린파워,2024-Q3,inventory
282720,금양그린파워,2025-Q1,inventory
204620,글로벌텍스프리,2020-Q2,inventory
204620,글로벌텍스프리,2020-Q3,inventory
204620,글로벌텍스프리,2021-Q2,ap
204620,글로벌텍스프리,2020-Q1,ap
204620,글로벌텍스프리,2020-Q2,ap
204620,글로벌텍스프리,2020-Q3,ap
204620,글로벌텍스프리,2020-Q1,inventory
019660,글로본,2024-Q1,capex
019660,글로본,2023-Q1,capex
019660,글로본,2024-Q2,capex
019660,글로본,2024-Q3,capex
019660,글로본,2021-Q2,ar
019660,글로본,2021-Q1,ar
019660,글로본,2021-Q3,ar
019660,글로본,2020-Q1,capex
187790,나노,2024-Q3,ap
187790,나노,2020-Q2,ap
187790,나노,2023-Q2,ap
187790,나노,2024-Q1,ap
187790,나노,2023-Q3,ap
187790,나노,2022-Q1,ap
187790,나노,2025-Q1,ap
187790,나노,2023-Q1,ap
187790,나노,2022-Q2,ap
187790,나노,2024-Q2,ap
187790,나노,2022-Q3,ap
187790,나노,2024-Q4,ap
187790,나노,2022-Q4,ap
187790,나노,2021-Q1,ap
187790,나노,2021-Q2,ap
187790,나노,2021-Q3,ap
187790,나노,2020-Q1,ap
187790,나노,2020-Q3,ap
187790,나노,2025-Q3,ap
187790,나노,2023-Q4,ap
187790,나노,2021-Q4,ap
187790,나노,2020-Q4,ap
187790,나노,2025-Q2,ap
405920,나라셀라,2023-Q4,interest_expense
405920,나라셀라,2025-Q1,interest_expense
405920,나라셀라,2023-Q2,capex
405920,나라셀라,2025-Q3,interest_expense
405920,나라셀라,2023-Q3,capex
405920,나라셀라,2024-Q4,interest_expense
405920,나라셀라,2024-Q1,interest_expense
405920,나라셀라,2024-Q2,interest_expense
405920,나라셀라,2025-Q2,interest_expense
405920,나라셀라,2024-Q3,interest_expense
137080,나래나노텍,2023-Q4,ap
137080,나래나노텍,2024-Q3,ap
137080,나래나노텍,2024-Q4,ap
137080,나래나노텍,2025-Q1,ap
137080,나래나노텍,2025-Q3,ap
137080,나래나노텍,2023-Q1,ap
137080,나래나노텍,2022-Q2,ap
137080,나래나노텍,2021-Q4,ap
137080,나래나노텍,2023-Q2,ap
137080,나래나노텍,2022-Q3,ap
137080,나래나노텍,2023-Q3,ap
137080,나래나노텍,2024-Q2,ap
137080,나래나노텍,2022-Q1,ap
137080,나래나노텍,2024-Q1,ap
137080,나래나노텍,2022-Q4,ap
137080,나래나노텍,2025-Q2,ap
293580,나우IB,2025-Q1,current_assets
293580,나우IB,2023-Q3,cogs
293580,나우IB,2024-Q3,ap
293580,나우IB,2023-Q3,ar
293580,나우IB,2024-Q2,capex
293580,나우IB,2024-Q4,capex
293580,나우IB,2025-Q1,ar
293580,나우IB,2025-Q1,cogs
293580,나우IB,2024-Q2,current_assets
293580,나우IB,2024-Q4,current_assets
293580,나우IB,2023-Q4,inventory
293580,나우IB,2025-Q3,inventory
293580,나우IB,2024-Q1,ap
293580,나우IB,2023-Q3,ap
293580,나우IB,2024-Q4,cogs
293580,나우IB,2024-Q2,ar
293580,나우IB,2024-Q4,ar
293580,나우IB,2025-Q3,current_liab
293580,나우IB,2023-Q4,current_liab
293580,나우IB,2024-Q2,cogs
293580,나우IB,2025-Q1,ap
293580,나우IB,2025-Q3,capex
293580,나우IB,2025-Q2,inventory
293580,나우IB,2024-Q2,ap
293580,나우IB,2024-Q4,ap
293580,나우IB,2024-Q3,inventory
293580,나우IB,2025-Q3,current_assets
293580,나우IB,2023-Q4,current_assets
293580,나우IB,2025-Q2,ap
293580,나우IB,2025-Q2,current_liab
293580,나우IB,2025-Q3,cogs
293580,나우IB,2024-Q3,current_liab
293580,나우IB,2023-Q4,cogs
293580,나우IB,2025-Q3,ar
293580,나우IB,2025-Q2,capex
293580,나우IB,2023-Q4,ar
293580,나우IB,2024-Q1,inventory
293580,나우IB,2024-Q3,capex
293580,나우IB,2023-Q3,inventory
293580,나우IB,2024-Q1,current_liab
293580,나우IB,2024-Q2,current_liab
293580,나우IB,2023-Q3,current_liab
293580,나우IB,2025-Q1,inventory
293580,나우IB,2025-Q2,current_assets
293580,나우IB,2023-Q4,ap
293580,나우IB,2024-Q3,current_assets
293580,나우IB,2024-Q1,capex
293580,나우IB,2025-Q2,ar
293580,나우IB,2025-Q3,ap
293580,나우IB,2025-Q2,cogs
293580,나우IB,2024-Q3,ar
293580,나우IB,2024-Q2,inventory
293580,나우IB,2024-Q3,cogs
293580,나우IB,2024-Q4,inventory
293580,나우IB,2025-Q1,current_liab
293580,나우IB,2025-Q1,capex
293580,나우IB,2024-Q1,current_assets
293580,나우IB,2023-Q3,current_assets
293580,나우IB,2024-Q4,current_liab
293580,나우IB,2024-Q1,ar
293580,나우IB,2024-Q1,cogs
051490,나라엠앤디,2022-Q3,capex
051490,나라엠앤디,2023-Q1,capex
051490,나라엠앤디,2024-Q2,capex
051490,나라엠앤디,2024-Q4,capex
051490,나라엠앤디,2022-Q4,capex
051490,나라엠앤디,2021-Q2,capex
051490,나라엠앤디,2021-Q3,capex
051490,나라엠앤디,2020-Q1,capex
051490,나라엠앤디,2021-Q1,capex
051490,나라엠앤디,2020-Q3,capex
051490,나라엠앤디,2025-Q3,capex
051490,나라엠앤디,2023-Q4,capex
051490,나라엠앤디,2021-Q4,capex
051490,나라엠앤디,2020-Q4,capex
051490,나라엠앤디,2025-Q2,capex
051490,나라엠앤디,2024-Q3,capex
051490,나라엠앤디,2024-Q1,capex
051490,나라엠앤디,2022-Q1,capex
051490,나라엠앤디,2020-Q2,capex
051490,나라엠앤디,2023-Q2,capex
051490,나라엠앤디,2023-Q3,capex
051490,나라엠앤디,2025-Q1,capex
051490,나라엠앤디,2022-Q2,capex
242040,나무기술,2022-Q3,capex
242040,나무기술,2023-Q1,capex
242040,나무기술,2024-Q2,capex
242040,나무기술,2024-Q4,capex
242040,나무기술,2022-Q4,capex
242040,나무기술,2021-Q2,capex
242040,나무기술,2021-Q3,capex
242040,나무기술,2020-Q1,capex
242040,나무기술,2021-Q1,capex
242040,나무기술,2020-Q3,capex
242040,나무기술,2025-Q3,capex
242040,나무기술,2023-Q4,capex
242040,나무기술,2021-Q4,capex
242040,나무기술,2020-Q4,capex
242040,나무기술,2025-Q2,capex
242040,나무기술,2024-Q3,capex
242040,나무기술,2024-Q1,capex
242040,나무기술,2022-Q1,capex
242040,나무기술,2020-Q2,capex
242040,나무기술,2023-Q2,capex
242040,나무기술,2023-Q3,capex
242040,나무기술,2025-Q1,capex
242040,나무기술,2022-Q2,capex
111710,남화산업,2022-Q1,cogs
111710,남화산업,2023-Q3,cogs
111710,남화산업,2023-Q2,cogs
111710,남화산업,2025-Q1,cogs
111710,남화산업,2023-Q1,cogs
111710,남화산업,2022-Q2,cogs
111710,남화산업,2022-Q3,cogs
111710,남화산업,2024-Q4,cogs
111710,남화산업,2024-Q2,cogs
111710,남화산업,2022-Q4,cogs
111710,남화산업,2021-Q1,cogs
111710,남화산업,2021-Q2,cogs
111710,남화산업,2021-Q3,cogs
111710,남화산업,2020-Q1,cogs
111710,남화산업,2020-Q3,cogs
111710,남화산업,2025-Q3,cogs
111710,남화산업,2023-Q4,cogs
111710,남화산업,2021-Q4,cogs
111710,남화산업,2020-Q4,cogs
111710,남화산업,2025-Q2,cogs
111710,남화산업,2024-Q3,cogs
111710,남화산업,2025-Q1,capex
111710,남화산업,2020-Q2,cogs
111710,남화산업,2024-Q1,cogs
130580,나이스디앤비,2022-Q1,cogs
130580,나이스디앤비,2023-Q3,cogs
130580,나이스디앤비,2021-Q2,inventory
130580,나이스디앤비,2021-Q3,inventory
130580,나이스디앤비,2023-Q2,cogs
130580,나이스디앤비,2020-Q3,inventory
130580,나이스디앤비,2025-Q1,cogs
130580,나이스디앤비,2025-Q3,inventory
130580,나이스디앤비,2023-Q4,inventory
130580,나이스디앤비,2023-Q1,cogs
130580,나이스디앤비,2022-Q2,cogs
130580,나이스디앤비,2022-Q3,cogs
130580,나이스디앤비,2024-Q4,cogs
130580,나이스디앤비,2024-Q2,cogs
130580,나이스디앤비,2022-Q4,cogs
130580,나이스디앤비,2021-Q1,inventory
130580,나이스디앤비,2021-Q1,cogs
130580,나이스디앤비,2020-Q4,inventory
130580,나이스디앤비,2025-Q2,inventory
130580,나이스디앤비,2021-Q2,cogs
130580,나이스디앤비,2021-Q3,cogs
130580,나이스디앤비,2020-Q1,cogs
130580,나이스디앤비,2024-Q3,inventory
130580,나이스디앤비,2024-Q1,cogs
130580,나이스디앤비,2020-Q3,cogs
130580,나이스디앤비,2025-Q3,cogs
130580,나이스디앤비,2023-Q4,cogs
130580,나이스디앤비,2020-Q2,inventory
130580,나이스디앤비,2023-Q2,inventory
130580,나이스디앤비,2024-Q1,inventory
130580,나이스디앤비,2022-Q1,inventory
130580,나이스디앤비,2023-Q3,inventory
130580,나이스디앤비,2021-Q4,cogs
130580,나이스디앤비,2025-Q1,inventory
130580,나이스디앤비,2020-Q4,cogs
130580,나이스디앤비,2022-Q3,inventory
130580,나이스디앤비,2025-Q2,cogs
130580,나이스디앤비,2023-Q1,inventory
130580,나이스디앤비,2022-Q2,inventory
130580,나이스디앤비,2024-Q2,inventory
130580,나이스디앤비,2024-Q3,cogs
130580,나이스디앤비,2024-Q4,inventory
130580,나이스디앤비,2022-Q4,inventory
130580,나이스디앤비,2020-Q2,cogs
130580,나이스디앤비,2020-Q1,inventory
036800,나이스정보통신,2023-Q1,capex
036800,나이스정보통신,2024-Q2,capex
036800,나이스정보통신,2024-Q4,capex
036800,나이스정보통신,2022-Q4,capex
036800,나이스정보통신,2021-Q2,capex
036800,나이스정보통신,2021-Q3,capex
036800,나이스정보통신,2020-Q1,capex
036800,나이스정보통신,2021-Q1,capex
036800,나이스정보통신,2020-Q3,capex
036800,나이스정보통신,2025-Q3,capex
036800,나이스정보통신,2023-Q4,capex
036800,나이스정보통신,2024-Q4,ap
036800,나이스정보통신,2021-Q4,capex
036800,나이스정보통신,2020-Q4,capex
036800,나이스정보통신,2025-Q2,capex
036800,나이스정보통신,2024-Q3,capex
036800,나이스정보통신,2024-Q1,capex
036800,나이스정보통신,2022-Q1,capex
036800,나이스정보통신,2020-Q2,capex
036800,나이스정보통신,2023-Q2,capex
036800,나이스정보통신,2023-Q3,capex
036800,나이스정보통신,2025-Q1,capex
036800,나이스정보통신,2022-Q2,capex
267320,나인테크,2020-Q1,ap
267320,나인테크,2020-Q1,capex
267320,나인테크,2020-Q1,ar
267320,나인테크,2020-Q1,inventory
168330,내츄럴엔도텍,2024-Q4,interest_expense
168330,내츄럴엔도텍,2025-Q3,interest_expense
168330,내츄럴엔도텍,2025-Q2,interest_expense
168330,내츄럴엔도텍,2025-Q1,interest_expense
094860,네오리진,2024-Q3,ap
094860,네오리진,2025-Q3,inventory
094860,네오리진,2023-Q2,ap
094860,네오리진,2024-Q1,ap
094860,네오리진,2023-Q3,ap
094860,네오리진,2022-Q1,ap
094860,네오리진,2025-Q1,ap
094860,네오리진,2023-Q1,ap
094860,네오리진,2022-Q2,ap
094860,네오리진,2025-Q2,inventory
094860,네오리진,2024-Q2,ap
094860,네오리진,2024-Q4,ap
094860,네오리진,2022-Q3,ap
094860,네오리진,2024-Q3,inventory
094860,네오리진,2022-Q4,ap
094860,네오리진,2024-Q1,inventory
094860,네오리진,2021-Q2,ap
094860,네오리진,2021-Q3,ap
094860,네오리진,2025-Q1,inventory
094860,네오리진,2025-Q3,ap
094860,네오리진,2023-Q4,ap
094860,네오리진,2024-Q2,inventory
094860,네오리진,2021-Q4,ap
094860,네오리진,2025-Q2,ap
091590,남화토건,2022-Q3,capex
091590,남화토건,2021-Q1,interest_expense
091590,남화토건,2021-Q2,inventory
091590,남화토건,2023-Q1,capex
091590,남화토건,2021-Q2,interest_expense
091590,남화토건,2021-Q3,interest_expense
091590,남화토건,2020-Q1,interest_expense
091590,남화토건,2020-Q3,inventory
091590,남화토건,2024-Q2,capex
091590,남화토건,2024-Q4,capex
091590,남화토건,2020-Q3,interest_expense
091590,남화토건,2025-Q3,inventory
091590,남화토건,2023-Q4,inventory
091590,남화토건,2021-Q2,capex
091590,남화토건,2021-Q1,capex
091590,남화토건,2021-Q4,interest_expense
091590,남화토건,2020-Q1,inventory
091590,남화토건,2020-Q4,inventory
091590,남화토건,2023-Q4,capex
091590,남화토건,2025-Q2,inventory
091590,남화토건,2020-Q4,interest_expense
091590,남화토건,2025-Q2,interest_expense
091590,남화토건,2024-Q3,inventory
091590,남화토건,2024-Q3,interest_expense
091590,남화토건,2021-Q4,capex
091590,남화토건,2020-Q2,inventory
091590,남화토건,2023-Q2,inventory
091590,남화토건,2024-Q1,inventory
091590,남화토건,2020-Q2,interest_expense
091590,남화토건,2024-Q3,capex
091590,남화토건,2022-Q1,inventory
091590,남화토건,2023-Q3,inventory
091590,남화토건,2024-Q1,interest_expense
091590,남화토건,2022-Q1,interest_expense
091590,남화토건,2025-Q1,inventory
091590,남화토건,2024-Q1,capex
091590,남화토건,2025-Q1,interest_expense
091590,남화토건,2022-Q3,inventory
091590,남화토건,2022-Q1,capex
091590,남화토건,2023-Q1,inventory
091590,남화토건,2022-Q2,inventory
091590,남화토건,2023-Q2,capex
091590,남화토건,2023-Q1,interest_expense
091590,남화토건,2022-Q2,interest_expense
091590,남화토건,2023-Q3,capex
091590,남화토건,2024-Q2,inventory
091590,남화토건,2024-Q4,inventory
091590,남화토건,2022-Q3,interest_expense
091590,남화토건,2024-Q4,interest_expense
091590,남화토건,2025-Q1,capex
091590,남화토건,2024-Q2,interest_expense
091590,남화토건,2022-Q4,interest_expense
091590,남화토건,2022-Q2,capex
091590,남화토건,2021-Q1,inventory
253590,네오셈,2024-Q3,ap
095660,네오위즈,2025-Q1,cogs
095660,네오위즈,2025-Q3,cogs
095660,네오위즈,2025-Q2,cogs
950220,네오이뮨텍,2023-Q2,ar
950220,네오이뮨텍,2021-Q2,inventory
950220,네오이뮨텍,2021-Q3,inventory
950220,네오이뮨텍,2023-Q3,ar
950220,네오이뮨텍,2024-Q3,ap
950220,네오이뮨텍,2025-Q3,inventory
950220,네오이뮨텍,2022-Q2,ar
950220,네오이뮨텍,2023-Q2,ap
950220,네오이뮨텍,2023-Q4,inventory
950220,네오이뮨텍,2024-Q1,ap
950220,네오이뮨텍,2022-Q3,ar
950220,네오이뮨텍,2022-Q1,ap
950220,네오이뮨텍,2023-Q1,ar
950220,네오이뮨텍,2023-Q3,ap
950220,네오이뮨텍,2024-Q2,ar
950220,네오이뮨텍,2022-Q4,ar
950220,네오이뮨텍,2021-Q4,inventory
950220,네오이뮨텍,2025-Q1,ap
950220,네오이뮨텍,2020-Q4,inventory
950220,네오이뮨텍,2021-Q2,ar
950220,네오이뮨텍,2021-Q1,ar
950220,네오이뮨텍,2022-Q2,ap
950220,네오이뮨텍,2023-Q1,ap
950220,네오이뮨텍,2022-Q3,ap
950220,네오이뮨텍,2024-Q2,ap
950220,네오이뮨텍,2024-Q3,inventory
950220,네오이뮨텍,2021-Q3,ar
950220,네오이뮨텍,2024-Q4,ap
950220,네오이뮨텍,2025-Q2,inventory
950220,네오이뮨텍,2022-Q4,ap
950220,네오이뮨텍,2025-Q2,ap
950220,네오이뮨텍,2021-Q1,ap
950220,네오이뮨텍,2023-Q2,inventory
950220,네오이뮨텍,2023-Q4,ar
950220,네오이뮨텍,2024-Q1,inventory
950220,네오이뮨텍,2025-Q2,capex
950220,네오이뮨텍,2021-Q2,ap
950220,네오이뮨텍,2021-Q3,ap
950220,네오이뮨텍,2022-Q1,inventory
950220,네오이뮨텍,2023-Q3,inventory
950220,네오이뮨텍,2021-Q4,ar
950220,네오이뮨텍,2020-Q4,ar
950220,네오이뮨텍,2023-Q4,ap
950220,네오이뮨텍,2025-Q1,inventory
950220,네오이뮨텍,2025-Q3,ap
950220,네오이뮨텍,2022-Q3,inventory
950220,네오이뮨텍,2023-Q1,inventory
950220,네오이뮨텍,2022-Q2,inventory
950220,네오이뮨텍,2024-Q2,inventory
950220,네오이뮨텍,2024-Q4,inventory
950220,네오이뮨텍,2022-Q4,inventory
950220,네오이뮨텍,2021-Q4,ap
950220,네오이뮨텍,2024-Q1,ar
950220,네오이뮨텍,2020-Q4,ap
950220,네오이뮨텍,2022-Q1,ar
950220,네오이뮨텍,2021-Q1,inventory
153460,네이블,2024-Q2,capex
306620,네온테크,2020-Q1,current_assets
306620,네온테크,2020-Q1,current_liab
007390,네이처셀,2023-Q4,ap
007390,네이처셀,2023-Q3,ap
007390,네이처셀,2022-Q3,ap
007390,네이처셀,2021-Q1,ap
007390,네이처셀,2024-Q1,ap
007390,네이처셀,2021-Q2,ap
007390,네이처셀,2021-Q3,ap
007390,네이처셀,2020-Q1,ap
007390,네이처셀,2023-Q1,ap
007390,네이처셀,2022-Q2,ap
007390,네이처셀,2020-Q3,ap
007390,네이처셀,2020-Q2,ap
007390,네이처셀,2021-Q4,ap
007390,네이처셀,2023-Q2,ap
007390,네이처셀,2024-Q2,ap
007390,네이처셀,2022-Q1,ap
007390,네이처셀,2020-Q4,ap
007390,네이처셀,2022-Q4,ap
033640,네패스,2021-Q4,capex
033640,네패스,2020-Q1,capex
033640,네패스,2022-Q3,capex
033640,네패스,2024-Q1,capex
033640,네패스,2023-Q1,capex
033640,네패스,2022-Q1,capex
033640,네패스,2020-Q3,capex
033640,네패스,2020-Q4,capex
033640,네패스,2020-Q2,capex
033640,네패스,2023-Q2,capex
033640,네패스,2023-Q3,capex
033640,네패스,2022-Q4,capex
033640,네패스,2023-Q4,capex
033640,네패스,2021-Q2,capex
033640,네패스,2021-Q3,capex
033640,네패스,2021-Q1,capex
033640,네패스,2022-Q2,capex
225570,넥슨게임즈,2022-Q1,cogs
225570,넥슨게임즈,2023-Q3,cogs
225570,넥슨게임즈,2021-Q2,inventory
225570,넥슨게임즈,2021-Q3,inventory
225570,넥슨게임즈,2023-Q2,cogs
225570,넥슨게임즈,2024-Q3,ap
225570,넥슨게임즈,2020-Q3,inventory
225570,넥슨게임즈,2025-Q1,cogs
225570,넥슨게임즈,2025-Q3,inventory
225570,넥슨게임즈,2020-Q2,ap
225570,넥슨게임즈,2023-Q2,ap
225570,넥슨게임즈,2023-Q4,inventory
225570,넥슨게임즈,2024-Q1,ap
225570,넥슨게임즈,2023-Q1,cogs
225570,넥슨게임즈,2022-Q2,cogs
225570,넥슨게임즈,2022-Q1,ap
225570,넥슨게임즈,2023-Q3,ap
225570,넥슨게임즈,2022-Q3,cogs
225570,넥슨게임즈,2024-Q4,cogs
225570,넥슨게임즈,2024-Q2,cogs
225570,넥슨게임즈,2022-Q4,cogs
225570,넥슨게임즈,2021-Q4,inventory
225570,넥슨게임즈,2025-Q1,ap
225570,넥슨게임즈,2020-Q1,inventory
225570,넥슨게임즈,2021-Q1,cogs
225570,넥슨게임즈,2020-Q4,inventory
225570,넥슨게임즈,2022-Q2,ap
225570,넥슨게임즈,2023-Q1,ap
225570,넥슨게임즈,2025-Q2,inventory
225570,넥슨게임즈,2021-Q2,cogs
225570,넥슨게임즈,2021-Q3,cogs
225570,넥슨게임즈,2020-Q1,cogs
225570,넥슨게임즈,2022-Q3,ap
225570,넥슨게임즈,2024-Q2,ap
225570,넥슨게임즈,2024-Q1,cogs
225570,넥슨게임즈,2020-Q3,cogs
225570,넥슨게임즈,2024-Q3,inventory
225570,넥슨게임즈,2022-Q4,ap
225570,넥슨게임즈,2024-Q4,ap
225570,넥슨게임즈,2025-Q2,ap
225570,넥슨게임즈,2025-Q3,cogs
225570,넥슨게임즈,2023-Q4,cogs
225570,넥슨게임즈,2020-Q2,inventory
225570,넥슨게임즈,2021-Q1,ap
225570,넥슨게임즈,2023-Q2,inventory
225570,넥슨게임즈,2024-Q1,inventory
225570,넥슨게임즈,2021-Q2,ap
225570,넥슨게임즈,2021-Q3,ap
225570,넥슨게임즈,2020-Q1,ap
225570,넥슨게임즈,2022-Q1,inventory
225570,넥슨게임즈,2023-Q3,inventory
225570,넥슨게임즈,2020-Q3,ap
225570,넥슨게임즈,2021-Q4,cogs
225570,넥슨게임즈,2025-Q1,inventory
225570,넥슨게임즈,2025-Q3,ap
225570,넥슨게임즈,2023-Q4,ap
225570,넥슨게임즈,2020-Q4,cogs
225570,넥슨게임즈,2022-Q3,inventory
225570,넥슨게임즈,2025-Q2,cogs
225570,넥슨게임즈,2023-Q1,inventory
225570,넥슨게임즈,2022-Q2,inventory
225570,넥슨게임즈,2024-Q2,inventory
225570,넥슨게임즈,2024-Q3,cogs
225570,넥슨게임즈,2024-Q4,inventory
225570,넥슨게임즈,2022-Q4,inventory
225570,넥슨게임즈,2021-Q4,ap
225570,넥슨게임즈,2020-Q2,cogs
225570,넥슨게임즈,2020-Q4,ap
225570,넥슨게임즈,2021-Q1,inventory
205500,넥써쓰,2022-Q1,cogs
205500,넥써쓰,2023-Q3,cogs
205500,넥써쓰,2021-Q2,inventory
205500,넥써쓰,2021-Q3,inventory
205500,넥써쓰,2023-Q1,capex
205500,넥써쓰,2023-Q2,cogs
205500,넥써쓰,2020-Q3,inventory
205500,넥써쓰,2025-Q1,cogs
205500,넥써쓰,2025-Q3,inventory
205500,넥써쓰,2023-Q4,inventory
205500,넥써쓰,2023-Q1,cogs
205500,넥써쓰,2022-Q2,cogs
205500,넥써쓰,2021-Q3,capex
205500,넥써쓰,2021-Q1,capex
205500,넥써쓰,2020-Q1,capex
205500,넥써쓰,2022-Q3,cogs
205500,넥써쓰,2024-Q4,cogs
205500,넥써쓰,2024-Q2,cogs
205500,넥써쓰,2022-Q4,cogs
205500,넥써쓰,2020-Q3,capex
205500,넥써쓰,2021-Q4,inventory
205500,넥써쓰,2021-Q1,inventory
205500,넥써쓰,2021-Q1,cogs
205500,넥써쓰,2020-Q4,inventory
205500,넥써쓰,2025-Q2,inventory
205500,넥써쓰,2021-Q2,cogs
205500,넥써쓰,2021-Q3,cogs
205500,넥써쓰,2020-Q1,cogs
205500,넥써쓰,2024-Q3,inventory
205500,넥써쓰,2024-Q1,cogs
205500,넥써쓰,2020-Q3,cogs
205500,넥써쓰,2021-Q4,capex
205500,넥써쓰,2025-Q3,cogs
205500,넥써쓰,2020-Q4,capex
205500,넥써쓰,2023-Q4,cogs
205500,넥써쓰,2020-Q2,inventory
205500,넥써쓰,2023-Q2,inventory
205500,넥써쓰,2024-Q1,inventory
205500,넥써쓰,2022-Q1,inventory
205500,넥써쓰,2023-Q3,inventory
205500,넥써쓰,2021-Q4,cogs
205500,넥써쓰,2025-Q1,inventory
205500,넥써쓰,2020-Q4,cogs
205500,넥써쓰,2022-Q3,inventory
205500,넥써쓰,2022-Q1,capex
205500,넥써쓰,2020-Q2,capex
205500,넥써쓰,2022-Q2,inventory
205500,넥써쓰,2023-Q1,inventory
205500,넥써쓰,2025-Q2,cogs
205500,넥써쓰,2024-Q2,inventory
205500,넥써쓰,2024-Q3,cogs
205500,넥써쓰,2024-Q4,inventory
205500,넥써쓰,2022-Q4,inventory
205500,넥써쓰,2020-Q2,cogs
205500,넥써쓰,2020-Q1,inventory
194700,노바렉스,2023-Q3,ap
194700,노바렉스,2023-Q2,ap
217270,넵튠,2022-Q1,cogs
217270,넵튠,2023-Q3,cogs
217270,넵튠,2023-Q2,cogs
217270,넵튠,2025-Q1,cogs
217270,넵튠,2020-Q2,ap
217270,넵튠,2023-Q1,cogs
217270,넵튠,2022-Q2,cogs
217270,넵튠,2022-Q1,ap
217270,넵튠,2022-Q3,cogs
217270,넵튠,2024-Q4,cogs
217270,넵튠,2024-Q2,cogs
217270,넵튠,2022-Q4,cogs
217270,넵튠,2020-Q3,op_income
217270,넵튠,2021-Q1,cogs
217270,넵튠,2022-Q2,ap
217270,넵튠,2021-Q2,cogs
217270,넵튠,2021-Q3,cogs
217270,넵튠,2020-Q1,cogs
217270,넵튠,2022-Q3,ap
217270,넵튠,2020-Q3,cogs
217270,넵튠,2025-Q3,cogs
217270,넵튠,2023-Q4,cogs
217270,넵튠,2021-Q1,ap
217270,넵튠,2021-Q2,ap
217270,넵튠,2021-Q3,ap
217270,넵튠,2020-Q1,ap
217270,넵튠,2020-Q3,ap
217270,넵튠,2021-Q4,cogs
217270,넵튠,2020-Q4,cogs
217270,넵튠,2025-Q2,cogs
217270,넵튠,2020-Q2,capex
217270,넵튠,2024-Q3,cogs
217270,넵튠,2021-Q4,ap
217270,넵튠,2020-Q2,cogs
217270,넵튠,2020-Q4,ap
217270,넵튠,2024-Q1,cogs
104620,노랑풍선,2022-Q1,cogs
104620,노랑풍선,2023-Q3,cogs
104620,노랑풍선,2023-Q2,cogs
104620,노랑풍선,2020-Q3,inventory
104620,노랑풍선,2025-Q1,cogs
104620,노랑풍선,2023-Q1,cogs
104620,노랑풍선,2022-Q2,cogs
104620,노랑풍선,2022-Q3,cogs
104620,노랑풍선,2024-Q4,cogs
104620,노랑풍선,2024-Q2,cogs
104620,노랑풍선,2022-Q4,cogs
104620,노랑풍선,2021-Q1,cogs
104620,노랑풍선,2020-Q4,inventory
104620,노랑풍선,2021-Q2,cogs
104620,노랑풍선,2021-Q3,cogs
104620,노랑풍선,2020-Q1,cogs
104620,노랑풍선,2024-Q1,cogs
104620,노랑풍선,2020-Q3,cogs
104620,노랑풍선,2025-Q3,cogs
104620,노랑풍선,2023-Q4,cogs
104620,노랑풍선,2020-Q2,inventory
104620,노랑풍선,2021-Q4,cogs
104620,노랑풍선,2020-Q4,cogs
104620,노랑풍선,2025-Q2,cogs
104620,노랑풍선,2024-Q3,cogs
104620,노랑풍선,2020-Q2,cogs
104620,노랑풍선,2021-Q1,inventory
285490,노바텍,2024-Q3,ap
285490,노바텍,2020-Q2,ap
285490,노바텍,2024-Q1,ap
285490,노바텍,2022-Q1,ap
285490,노바텍,2025-Q1,ap
285490,노바텍,2023-Q1,ap
285490,노바텍,2022-Q2,ap
285490,노바텍,2024-Q2,ap
285490,노바텍,2024-Q4,ap
285490,노바텍,2022-Q3,ap
285490,노바텍,2022-Q4,ap
285490,노바텍,2021-Q1,ap
285490,노바텍,2021-Q2,ap
285490,노바텍,2021-Q3,ap
285490,노바텍,2020-Q1,ap
285490,노바텍,2020-Q3,ap
285490,노바텍,2025-Q3,ap
285490,노바텍,2023-Q4,ap
285490,노바텍,2021-Q4,ap
285490,노바텍,2020-Q4,ap
285490,노바텍,2025-Q2,ap
380550,뉴로핏,2025-Q3,cogs
380550,뉴로핏,2025-Q2,cogs
463020,뉴엔AI,2025-Q3,cogs
463020,뉴엔AI,2025-Q2,cogs
463020,뉴엔AI,2025-Q3,ap
463020,뉴엔AI,2025-Q3,inventory
463020,뉴엔AI,2025-Q2,inventory
463020,뉴엔AI,2025-Q2,ap
462310,뉴키즈온,2025-Q3,capex
462310,뉴키즈온,2025-Q2,capex
348340,뉴로메카,2023-Q2,net_income
234690,녹십자웰빙,2024-Q3,ap
234690,녹십자웰빙,2024-Q2,ap
332290,누보,2021-Q4,capex
332290,누보,2021-Q4,inventory
332290,누보,2021-Q4,ap
332290,누보,2021-Q4,ar
054050,농우바이오,2022-Q3,capex
054050,농우바이오,2023-Q1,capex
054050,농우바이오,2024-Q2,capex
054050,농우바이오,2024-Q4,capex
054050,농우바이오,2022-Q4,capex
054050,농우바이오,2021-Q2,capex
054050,농우바이오,2021-Q3,capex
054050,농우바이오,2020-Q1,capex
054050,농우바이오,2021-Q1,capex
054050,농우바이오,2020-Q3,capex
054050,농우바이오,2025-Q3,capex
054050,농우바이오,2023-Q4,capex
054050,농우바이오,2021-Q4,capex
054050,농우바이오,2020-Q4,capex
054050,농우바이오,2025-Q2,capex
054050,농우바이오,2024-Q3,capex
054050,농우바이오,2024-Q1,capex
054050,농우바이오,2022-Q1,capex
054050,농우바이오,2020-Q2,capex
054050,농우바이오,2023-Q2,capex
054050,농우바이오,2023-Q3,capex
054050,농우바이오,2025-Q1,capex
054050,농우바이오,2022-Q2,capex
060260,뉴보텍,2022-Q3,capex
060260,뉴보텍,2023-Q1,capex
060260,뉴보텍,2024-Q3,ap
060260,뉴보텍,2024-Q2,capex
060260,뉴보텍,2022-Q4,capex
060260,뉴보텍,2020-Q2,ap
060260,뉴보텍,2023-Q2,ap
060260,뉴보텍,2024-Q1,ap
060260,뉴보텍,2022-Q1,ap
060260,뉴보텍,2021-Q1,capex
060260,뉴보텍,2020-Q1,capex
060260,뉴보텍,2023-Q3,ap
060260,뉴보텍,2023-Q1,ap
060260,뉴보텍,2022-Q2,ap
060260,뉴보텍,2023-Q4,capex
060260,뉴보텍,2024-Q2,ap
060260,뉴보텍,2022-Q3,ap
060260,뉴보텍,2022-Q4,ap
060260,뉴보텍,2021-Q4,capex
060260,뉴보텍,2020-Q4,capex
060260,뉴보텍,2021-Q1,ap
060260,뉴보텍,2021-Q2,ap
060260,뉴보텍,2021-Q3,ap
060260,뉴보텍,2024-Q3,capex
060260,뉴보텍,2020-Q3,ap
060260,뉴보텍,2023-Q4,ap
060260,뉴보텍,2024-Q1,capex
060260,뉴보텍,2022-Q1,capex
060260,뉴보텍,2023-Q2,capex
060260,뉴보텍,2023-Q3,capex
060260,뉴보텍,2021-Q4,ap
060260,뉴보텍,2020-Q4,ap
060260,뉴보텍,2022-Q2,capex
270870,뉴트리,2022-Q3,capex
270870,뉴트리,2023-Q1,capex
270870,뉴트리,2024-Q2,capex
270870,뉴트리,2024-Q4,capex
270870,뉴트리,2022-Q4,capex
270870,뉴트리,2021-Q2,capex
270870,뉴트리,2021-Q3,capex
270870,뉴트리,2020-Q1,capex
270870,뉴트리,2021-Q1,capex
270870,뉴트리,2020-Q3,capex
270870,뉴트리,2025-Q3,capex
270870,뉴트리,2023-Q4,capex
270870,뉴트리,2021-Q4,capex
270870,뉴트리,2020-Q4,capex
270870,뉴트리,2025-Q2,capex
270870,뉴트리,2024-Q3,capex
270870,뉴트리,2024-Q1,capex
270870,뉴트리,2022-Q1,capex
270870,뉴트리,2020-Q2,capex
270870,뉴트리,2023-Q2,capex
270870,뉴트리,2023-Q3,capex
270870,뉴트리,2025-Q1,capex
270870,뉴트리,2022-Q2,capex
064260,다날,2022-Q1,cogs
064260,다날,2023-Q3,cogs
064260,다날,2023-Q2,cogs
064260,다날,2025-Q1,cogs
064260,다날,2023-Q1,cogs
064260,다날,2022-Q2,cogs
064260,다날,2024-Q4,cogs
064260,다날,2022-Q3,cogs
064260,다날,2022-Q4,cogs
064260,다날,2021-Q1,cogs
064260,다날,2021-Q2,cogs
064260,다날,2021-Q3,cogs
064260,다날,2020-Q1,cogs
064260,다날,2020-Q3,cogs
064260,다날,2025-Q3,cogs
064260,다날,2023-Q4,cogs
064260,다날,2021-Q4,cogs
064260,다날,2020-Q4,cogs
064260,다날,2025-Q2,cogs
064260,다날,2020-Q2,cogs
064260,다날,2024-Q1,cogs
154040,다산솔루에타,2023-Q4,ap
154040,다산솔루에타,2023-Q3,ap
154040,다산솔루에타,2022-Q3,ap
154040,다산솔루에타,2021-Q1,ap
154040,다산솔루에타,2024-Q1,ap
154040,다산솔루에타,2021-Q2,ap
154040,다산솔루에타,2021-Q3,ap
154040,다산솔루에타,2020-Q1,ap
154040,다산솔루에타,2023-Q1,ap
154040,다산솔루에타,2022-Q2,ap
154040,다산솔루에타,2020-Q3,ap
154040,다산솔루에타,2020-Q2,ap
154040,다산솔루에타,2021-Q4,ap
154040,다산솔루에타,2023-Q2,ap
154040,다산솔루에타,2022-Q1,ap
154040,다산솔루에타,2020-Q4,ap
154040,다산솔루에타,2022-Q4,ap
389260,대명에너지,2022-Q3,capex
389260,대명에너지,2023-Q1,capex
389260,대명에너지,2024-Q2,capex
389260,대명에너지,2024-Q4,capex
389260,대명에너지,2022-Q4,capex
389260,대명에너지,2025-Q3,inventory
389260,대명에너지,2023-Q4,inventory
389260,대명에너지,2023-Q4,capex
389260,대명에너지,2025-Q2,inventory
389260,대명에너지,2024-Q3,inventory
389260,대명에너지,2023-Q2,inventory
389260,대명에너지,2024-Q1,inventory
389260,대명에너지,2024-Q3,capex
389260,대명에너지,2023-Q3,inventory
389260,대명에너지,2025-Q1,inventory
389260,대명에너지,2024-Q1,capex
389260,대명에너지,2022-Q3,inventory
389260,대명에너지,2023-Q1,inventory
389260,대명에너지,2022-Q2,inventory
389260,대명에너지,2023-Q2,capex
389260,대명에너지,2024-Q2,inventory
389260,대명에너지,2024-Q4,inventory
389260,대명에너지,2023-Q3,capex
389260,대명에너지,2022-Q4,inventory
389260,대명에너지,2025-Q1,capex
389260,대명에너지,2022-Q2,capex
048470,대동스틸,2023-Q1,capex
048470,대동스틸,2024-Q3,ap
048470,대동스틸,2024-Q2,capex
048470,대동스틸,2024-Q4,capex
048470,대동스틸,2022-Q4,capex
048470,대동스틸,2023-Q2,ap
048470,대동스틸,2024-Q1,ap
048470,대동스틸,2023-Q3,ap
048470,대동스틸,2021-Q1,capex
048470,대동스틸,2022-Q1,ap
048470,대동스틸,2020-Q1,capex
048470,대동스틸,2020-Q3,capex
048470,대동스틸,2023-Q1,ap
048470,대동스틸,2022-Q2,ap
048470,대동스틸,2023-Q4,capex
048470,대동스틸,2024-Q2,ap
048470,대동스틸,2022-Q3,ap
048470,대동스틸,2022-Q4,ap
048470,대동스틸,2021-Q1,ap
048470,대동스틸,2025-Q2,capex
048470,대동스틸,2024-Q3,capex
048470,대동스틸,2020-Q1,ap
048470,대동스틸,2023-Q4,ap
048470,대동스틸,2024-Q1,capex
048470,대동스틸,2020-Q2,capex
048470,대동스틸,2023-Q2,capex
048470,대동스틸,2023-Q3,capex
048470,대동스틸,2021-Q4,ap
048470,대동스틸,2025-Q1,capex
048470,대동스틸,2020-Q4,ap
020400,대동금속,2022-Q3,capex
020400,대동금속,2023-Q1,capex
020400,대동금속,2024-Q2,capex
020400,대동금속,2024-Q4,capex
020400,대동금속,2022-Q4,capex
020400,대동금속,2021-Q2,capex
020400,대동금속,2021-Q3,capex
020400,대동금속,2020-Q1,capex
020400,대동금속,2021-Q1,capex
020400,대동금속,2020-Q3,capex
020400,대동금속,2025-Q3,capex
020400,대동금속,2023-Q4,capex
020400,대동금속,2021-Q4,capex
020400,대동금속,2020-Q4,capex
020400,대동금속,2025-Q2,capex
020400,대동금속,2024-Q3,capex
020400,대동금속,2024-Q1,capex
020400,대동금속,2022-Q1,capex
020400,대동금속,2020-Q2,capex
020400,대동금속,2023-Q2,capex
020400,대동금속,2023-Q3,capex
020400,대동금속,2025-Q1,capex
020400,대동금속,2022-Q2,capex
008830,대동기어,2022-Q3,capex
008830,대동기어,2023-Q1,capex
008830,대동기어,2024-Q2,capex
008830,대동기어,2024-Q4,capex
008830,대동기어,2022-Q4,capex
008830,대동기어,2021-Q2,capex
008830,대동기어,2021-Q3,capex
008830,대동기어,2020-Q1,capex
008830,대동기어,2021-Q1,capex
008830,대동기어,2020-Q3,capex
008830,대동기어,2025-Q3,capex
008830,대동기어,2023-Q4,capex
008830,대동기어,2021-Q4,capex
008830,대동기어,2020-Q4,capex
008830,대동기어,2025-Q2,capex
008830,대동기어,2024-Q3,capex
008830,대동기어,2024-Q1,capex
008830,대동기어,2022-Q1,capex
008830,대동기어,2020-Q2,capex
008830,대동기어,2023-Q2,capex
008830,대동기어,2023-Q3,capex
008830,대동기어,2025-Q1,capex
008830,대동기어,2022-Q2,capex
027830,대성창투,2024-Q3,ap
027830,대성창투,2023-Q3,ar
027830,대성창투,2025-Q1,ar
027830,대성창투,2025-Q3,inventory
027830,대성창투,2023-Q4,inventory
027830,대성창투,2024-Q1,ap
027830,대성창투,2023-Q3,ap
027830,대성창투,2024-Q2,ar
027830,대성창투,2024-Q4,ar
027830,대성창투,2025-Q1,ap
027830,대성창투,2025-Q2,inventory
027830,대성창투,2024-Q2,ap
027830,대성창투,2024-Q4,ap
027830,대성창투,2024-Q3,inventory
027830,대성창투,2025-Q3,ar
027830,대성창투,2023-Q4,ar
027830,대성창투,2024-Q1,inventory
027830,대성창투,2023-Q3,inventory
027830,대성창투,2025-Q1,inventory
027830,대성창투,2025-Q3,ap
027830,대성창투,2023-Q4,ap
027830,대성창투,2025-Q2,ar
027830,대성창투,2024-Q3,ar
027830,대성창투,2024-Q2,inventory
027830,대성창투,2024-Q4,inventory
027830,대성창투,2024-Q1,ar
027830,대성창투,2025-Q2,ap
471050,대신밸런스제17호스팩,2024-Q3,ap
471050,대신밸런스제17호스팩,2024-Q2,capex
471050,대신밸런스제17호스팩,2024-Q4,capex
471050,대신밸런스제17호스팩,2025-Q2,revenue
471050,대신밸런스제17호스팩,2025-Q1,ar
471050,대신밸런스제17호스팩,2024-Q3,revenue
471050,대신밸런스제17호스팩,2025-Q1,cogs
471050,대신밸런스제17호스팩,2025-Q3,inventory
471050,대신밸런스제17호스팩,2023-Q4,inventory
471050,대신밸런스제17호스팩,2024-Q1,ap
471050,대신밸런스제17호스팩,2024-Q4,cogs
471050,대신밸런스제17호스팩,2024-Q2,ar
471050,대신밸런스제17호스팩,2024-Q4,ar
471050,대신밸런스제17호스팩,2024-Q1,revenue
471050,대신밸런스제17호스팩,2025-Q3,current_liab
471050,대신밸런스제17호스팩,2024-Q2,cogs
471050,대신밸런스제17호스팩,2025-Q1,ap
471050,대신밸런스제17호스팩,2025-Q3,capex
471050,대신밸런스제17호스팩,2023-Q4,capex
471050,대신밸런스제17호스팩,2025-Q2,inventory
471050,대신밸런스제17호스팩,2024-Q2,ap
471050,대신밸런스제17호스팩,2024-Q4,ap
471050,대신밸런스제17호스팩,2024-Q3,inventory
471050,대신밸런스제17호스팩,2025-Q2,ap
471050,대신밸런스제17호스팩,2024-Q2,revenue
471050,대신밸런스제17호스팩,2024-Q4,revenue
471050,대신밸런스제17호스팩,2025-Q2,current_liab
471050,대신밸런스제17호스팩,2025-Q3,cogs
471050,대신밸런스제17호스팩,2024-Q3,current_liab
471050,대신밸런스제17호스팩,2023-Q4,cogs
471050,대신밸런스제17호스팩,2025-Q3,ar
471050,대신밸런스제17호스팩,2025-Q2,capex
471050,대신밸런스제17호스팩,2023-Q4,ar
471050,대신밸런스제17호스팩,2024-Q1,inventory
471050,대신밸런스제17호스팩,2024-Q3,capex
471050,대신밸런스제17호스팩,2025-Q1,inventory
471050,대신밸런스제17호스팩,2025-Q3,ap
471050,대신밸런스제17호스팩,2023-Q4,ap
471050,대신밸런스제17호스팩,2025-Q2,ar
471050,대신밸런스제17호스팩,2024-Q1,capex
471050,대신밸런스제17호스팩,2025-Q2,cogs
471050,대신밸런스제17호스팩,2024-Q3,ar
471050,대신밸런스제17호스팩,2025-Q3,revenue
471050,대신밸런스제17호스팩,2023-Q4,revenue
471050,대신밸런스제17호스팩,2024-Q2,inventory
471050,대신밸런스제17호스팩,2024-Q3,cogs
471050,대신밸런스제17호스팩,2024-Q4,inventory
471050,대신밸런스제17호스팩,2025-Q1,capex
471050,대신밸런스제17호스팩,2024-Q2,current_liab
471050,대신밸런스제17호스팩,2024-Q1,ar
471050,대신밸런스제17호스팩,2024-Q1,cogs
482690,대신밸런스제19호스팩,2024-Q4,ar
482690,대신밸런스제19호스팩,2025-Q2,ar
482690,대신밸런스제19호스팩,2024-Q4,capex
482690,대신밸런스제19호스팩,2025-Q1,ap
482690,대신밸런스제19호스팩,2025-Q2,capex
482690,대신밸런스제19호스팩,2024-Q4,inventory
482690,대신밸런스제19호스팩,2025-Q1,ar
482690,대신밸런스제19호스팩,2025-Q3,ar
482690,대신밸런스제19호스팩,2025-Q3,ap
482690,대신밸런스제19호스팩,2025-Q3,capex
482690,대신밸런스제19호스팩,2025-Q2,inventory
482690,대신밸런스제19호스팩,2025-Q1,capex
482690,대신밸런스제19호스팩,2025-Q3,inventory
482690,대신밸런스제19호스팩,2024-Q4,ap
482690,대신밸런스제19호스팩,2025-Q2,ap
482690,대신밸런스제19호스팩,2025-Q1,inventory
478780,대신밸런스제18호스팩,2024-Q4,ar
478780,대신밸런스제18호스팩,2024-Q3,ap
478780,대신밸런스제18호스팩,2024-Q3,ar
478780,대신밸런스제18호스팩,2024-Q4,capex
478780,대신밸런스제18호스팩,2025-Q2,capex
478780,대신밸런스제18호스팩,2024-Q3,cogs
478780,대신밸런스제18호스팩,2024-Q4,inventory
478780,대신밸런스제18호스팩,2024-Q3,capex
478780,대신밸런스제18호스팩,2025-Q3,capex
478780,대신밸런스제18호스팩,2025-Q2,inventory
478780,대신밸런스제18호스팩,2025-Q1,capex
478780,대신밸런스제18호스팩,2025-Q3,inventory
478780,대신밸런스제18호스팩,2024-Q3,inventory
478780,대신밸런스제18호스팩,2025-Q1,inventory
457630,대신밸런스제16호스팩,2023-Q3,cogs
457630,대신밸런스제16호스팩,2024-Q3,ap
457630,대신밸런스제16호스팩,2023-Q3,ar
457630,대신밸런스제16호스팩,2024-Q2,capex
457630,대신밸런스제16호스팩,2024-Q4,capex
457630,대신밸런스제16호스팩,2025-Q2,revenue
457630,대신밸런스제16호스팩,2025-Q1,ar
457630,대신밸런스제16호스팩,2024-Q3,revenue
457630,대신밸런스제16호스팩,2025-Q1,cogs
457630,대신밸런스제16호스팩,2025-Q3,inventory
457630,대신밸런스제16호스팩,2023-Q4,inventory
457630,대신밸런스제16호스팩,2024-Q1,ap
457630,대신밸런스제16호스팩,2023-Q3,ap
457630,대신밸런스제16호스팩,2024-Q4,cogs
457630,대신밸런스제16호스팩,2024-Q2,ar
457630,대신밸런스제16호스팩,2024-Q4,ar
457630,대신밸런스제16호스팩,2024-Q1,revenue
457630,대신밸런스제16호스팩,2024-Q2,cogs
457630,대신밸런스제16호스팩,2025-Q1,ap
457630,대신밸런스제16호스팩,2025-Q3,capex
457630,대신밸런스제16호스팩,2023-Q4,capex
457630,대신밸런스제16호스팩,2025-Q1,revenue
457630,대신밸런스제16호스팩,2025-Q2,inventory
457630,대신밸런스제16호스팩,2024-Q2,ap
457630,대신밸런스제16호스팩,2024-Q4,ap
457630,대신밸런스제16호스팩,2024-Q3,inventory
457630,대신밸런스제16호스팩,2025-Q2,ap
457630,대신밸런스제16호스팩,2024-Q2,revenue
457630,대신밸런스제16호스팩,2024-Q4,revenue
457630,대신밸런스제16호스팩,2025-Q3,cogs
457630,대신밸런스제16호스팩,2023-Q4,cogs
457630,대신밸런스제16호스팩,2025-Q3,ar
457630,대신밸런스제16호스팩,2025-Q2,capex
457630,대신밸런스제16호스팩,2023-Q4,ar
457630,대신밸런스제16호스팩,2024-Q1,inventory
457630,대신밸런스제16호스팩,2024-Q3,capex
457630,대신밸런스제16호스팩,2023-Q3,inventory
457630,대신밸런스제16호스팩,2023-Q3,interest_expense
457630,대신밸런스제16호스팩,2023-Q3,current_liab
457630,대신밸런스제16호스팩,2025-Q1,inventory
457630,대신밸런스제16호스팩,2025-Q3,ap
457630,대신밸런스제16호스팩,2023-Q4,ap
457630,대신밸런스제16호스팩,2025-Q2,ar
457630,대신밸런스제16호스팩,2024-Q1,capex
457630,대신밸런스제16호스팩,2025-Q2,cogs
457630,대신밸런스제16호스팩,2024-Q3,ar
457630,대신밸런스제16호스팩,2025-Q3,revenue
457630,대신밸런스제16호스팩,2024-Q2,inventory
457630,대신밸런스제16호스팩,2024-Q3,cogs
457630,대신밸런스제16호스팩,2023-Q3,capex
457630,대신밸런스제16호스팩,2024-Q4,inventory
457630,대신밸런스제16호스팩,2023-Q3,op_income
457630,대신밸런스제16호스팩,2025-Q1,capex
457630,대신밸런스제16호스팩,2023-Q3,current_assets
457630,대신밸런스제16호스팩,2024-Q1,ar
457630,대신밸런스제16호스팩,2024-Q1,cogs
078140,대봉엘에스,2020-Q1,capex
036480,대성미생물,2022-Q3,capex
036480,대성미생물,2023-Q1,capex
036480,대성미생물,2024-Q2,capex
036480,대성미생물,2024-Q4,capex
036480,대성미생물,2022-Q4,capex
036480,대성미생물,2021-Q2,capex
036480,대성미생물,2021-Q3,capex
036480,대성미생물,2020-Q1,capex
036480,대성미생물,2021-Q1,capex
036480,대성미생물,2023-Q4,net_income
036480,대성미생물,2020-Q3,capex
036480,대성미생물,2025-Q3,capex
036480,대성미생물,2023-Q4,capex
036480,대성미생물,2024-Q3,interest_expense
036480,대성미생물,2024-Q3,net_income
036480,대성미생물,2021-Q4,capex
036480,대성미생물,2020-Q4,capex
036480,대성미생물,2025-Q2,capex
036480,대성미생물,2024-Q3,capex
036480,대성미생물,2023-Q2,net_income
036480,대성미생물,2023-Q3,net_income
036480,대성미생물,2024-Q1,capex
036480,대성미생물,2022-Q1,capex
036480,대성미생물,2020-Q2,capex
036480,대성미생물,2023-Q2,capex
036480,대성미생물,2023-Q3,capex
036480,대성미생물,2022-Q3,net_income
036480,대성미생물,2023-Q1,net_income
036480,대성미생물,2025-Q1,capex
036480,대성미생물,2024-Q2,interest_expense
036480,대성미생물,2024-Q2,net_income
036480,대성미생물,2022-Q4,net_income
036480,대성미생물,2022-Q2,capex
065150,대산F&B,2025-Q2,capex
065150,대산F&B,2025-Q1,capex
104040,대성파인텍,2022-Q3,capex
104040,대성파인텍,2023-Q1,capex
104040,대성파인텍,2024-Q2,capex
104040,대성파인텍,2024-Q4,capex
104040,대성파인텍,2022-Q4,capex
104040,대성파인텍,2021-Q2,capex
104040,대성파인텍,2021-Q3,capex
104040,대성파인텍,2020-Q1,capex
104040,대성파인텍,2021-Q1,capex
104040,대성파인텍,2020-Q3,capex
104040,대성파인텍,2025-Q3,capex
104040,대성파인텍,2023-Q4,capex
104040,대성파인텍,2021-Q4,capex
104040,대성파인텍,2020-Q4,capex
104040,대성파인텍,2025-Q2,capex
104040,대성파인텍,2024-Q3,capex
104040,대성파인텍,2024-Q1,capex
104040,대성파인텍,2022-Q1,capex
104040,대성파인텍,2020-Q2,capex
104040,대성파인텍,2023-Q2,capex
104040,대성파인텍,2023-Q3,capex
104040,대성파인텍,2025-Q1,capex
104040,대성파인텍,2022-Q2,capex
393970,대진첨단소재,2024-Q4,capex
393970,대진첨단소재,2025-Q2,capex
393970,대진첨단소재,2025-Q1,capex
393970,대진첨단소재,2025-Q3,capex
007680,대원,2024-Q1,capex
078600,대주전자재료,2021-Q1,ap
078600,대주전자재료,2025-Q1,ap
078600,대주전자재료,2025-Q3,ap
078600,대주전자재료,2020-Q1,ap
078600,대주전자재료,2020-Q3,ap
078600,대주전자재료,2020-Q4,ap
078600,대주전자재료,2025-Q2,ap
096350,대창솔루션,2024-Q3,ap
096350,대창솔루션,2023-Q2,ap
096350,대창솔루션,2024-Q1,ap
096350,대창솔루션,2023-Q3,ap
096350,대창솔루션,2022-Q1,ap
096350,대창솔루션,2020-Q1,capex
096350,대창솔루션,2025-Q1,ap
096350,대창솔루션,2023-Q1,ap
096350,대창솔루션,2022-Q2,ap
096350,대창솔루션,2024-Q2,ap
096350,대창솔루션,2024-Q4,ap
096350,대창솔루션,2022-Q3,ap
096350,대창솔루션,2022-Q4,ap
096350,대창솔루션,2021-Q1,ap
096350,대창솔루션,2021-Q2,ap
096350,대창솔루션,2021-Q3,ap
096350,대창솔루션,2020-Q1,ap
096350,대창솔루션,2025-Q3,ap
096350,대창솔루션,2023-Q4,ap
096350,대창솔루션,2021-Q4,ap
096350,대창솔루션,2020-Q4,ap
096350,대창솔루션,2025-Q2,ap
023910,대한약품,2024-Q2,capex
023910,대한약품,2024-Q3,capex
023910,대한약품,2023-Q4,capex
023910,대한약품,2024-Q1,capex
462860,더즌,2025-Q3,cogs
462860,더즌,2025-Q2,cogs
462860,더즌,2025-Q1,ap
462860,더즌,2025-Q3,ap
462860,더즌,2025-Q1,cogs
462860,더즌,2025-Q2,ap
010170,대한광통신,2024-Q3,ap
010170,대한광통신,2020-Q2,ap
010170,대한광통신,2023-Q2,ap
010170,대한광통신,2024-Q1,ap
010170,대한광통신,2023-Q3,ap
010170,대한광통신,2022-Q1,ap
010170,대한광통신,2025-Q1,ap
010170,대한광통신,2023-Q1,ap
010170,대한광통신,2024-Q2,ap
010170,대한광통신,2024-Q4,ap
010170,대한광통신,2022-Q4,ap
010170,대한광통신,2021-Q1,ap
010170,대한광통신,2021-Q2,ap
010170,대한광통신,2021-Q3,ap
010170,대한광통신,2020-Q1,ap
010170,대한광통신,2020-Q3,ap
010170,대한광통신,2025-Q3,ap
010170,대한광통신,2023-Q4,ap
010170,대한광통신,2021-Q4,ap
010170,대한광통신,2020-Q4,ap
010170,대한광통신,2025-Q2,ap
054670,대한뉴팜,2022-Q3,capex
054670,대한뉴팜,2023-Q1,capex
054670,대한뉴팜,2024-Q2,capex
054670,대한뉴팜,2024-Q4,capex
054670,대한뉴팜,2022-Q4,capex
054670,대한뉴팜,2020-Q2,ap
054670,대한뉴팜,2021-Q2,capex
054670,대한뉴팜,2021-Q3,capex
054670,대한뉴팜,2021-Q1,capex
054670,대한뉴팜,2020-Q1,capex
054670,대한뉴팜,2020-Q3,capex
054670,대한뉴팜,2025-Q3,capex
054670,대한뉴팜,2023-Q4,capex
054670,대한뉴팜,2021-Q4,capex
054670,대한뉴팜,2020-Q4,capex
054670,대한뉴팜,2025-Q2,capex
054670,대한뉴팜,2024-Q3,capex
054670,대한뉴팜,2020-Q1,ap
054670,대한뉴팜,2020-Q3,ap
054670,대한뉴팜,2024-Q1,capex
054670,대한뉴팜,2022-Q1,capex
054670,대한뉴팜,2020-Q2,capex
054670,대한뉴팜,2023-Q2,capex
054670,대한뉴팜,2023-Q3,capex
054670,대한뉴팜,2025-Q1,capex
054670,대한뉴팜,2022-Q2,capex
393890,더블유씨피,2022-Q3,capex
393890,더블유씨피,2024-Q1,capex
393890,더블유씨피,2023-Q1,capex
393890,더블유씨피,2023-Q2,capex
393890,더블유씨피,2024-Q2,capex
393890,더블유씨피,2024-Q4,capex
393890,더블유씨피,2025-Q2,capex
393890,더블유씨피,2023-Q3,capex
393890,더블유씨피,2024-Q3,capex
393890,더블유씨피,2022-Q4,capex
393890,더블유씨피,2025-Q3,capex
393890,더블유씨피,2023-Q4,capex
393890,더블유씨피,2025-Q1,capex
067080,대화제약,2022-Q3,capex
067080,대화제약,2023-Q1,capex
067080,대화제약,2024-Q2,capex
067080,대화제약,2024-Q4,capex
067080,대화제약,2022-Q4,capex
067080,대화제약,2021-Q2,capex
067080,대화제약,2021-Q3,capex
067080,대화제약,2020-Q1,capex
067080,대화제약,2021-Q1,capex
067080,대화제약,2020-Q3,capex
067080,대화제약,2025-Q3,capex
067080,대화제약,2023-Q4,capex
067080,대화제약,2021-Q4,capex
067080,대화제약,2020-Q4,capex
067080,대화제약,2025-Q2,capex
067080,대화제약,2024-Q3,capex
067080,대화제약,2024-Q1,capex
067080,대화제약,2022-Q1,capex
067080,대화제약,2020-Q2,capex
067080,대화제약,2023-Q2,capex
067080,대화제약,2023-Q3,capex
067080,대화제약,2025-Q1,capex
067080,대화제약,2022-Q2,capex
214610,더바이오메드,2024-Q4,net_income
214610,더바이오메드,2025-Q2,net_income
214610,더바이오메드,2025-Q1,net_income
214610,더바이오메드,2025-Q3,net_income
032860,더라미,2025-Q1,capex
373160,데이원컴퍼니,2025-Q1,cogs
373160,데이원컴퍼니,2025-Q2,cogs
373160,데이원컴퍼니,2025-Q3,cogs
373160,데이원컴퍼니,2024-Q4,cogs
299170,더블유에스아이,2021-Q1,capex
043090,더테크놀로지,2022-Q1,capex
263600,덕우전자,2024-Q3,ap
263600,덕우전자,2020-Q2,ap
263600,덕우전자,2023-Q2,ap
263600,덕우전자,2024-Q1,ap
263600,덕우전자,2023-Q3,ap
263600,덕우전자,2022-Q1,ap
263600,덕우전자,2025-Q1,ap
263600,덕우전자,2023-Q1,ap
263600,덕우전자,2022-Q2,ap
263600,덕우전자,2024-Q2,ap
263600,덕우전자,2022-Q3,ap
263600,덕우전자,2024-Q4,ap
263600,덕우전자,2022-Q4,ap
263600,덕우전자,2021-Q1,ap
263600,덕우전자,2021-Q2,ap
263600,덕우전자,2021-Q3,ap
263600,덕우전자,2020-Q1,ap
263600,덕우전자,2020-Q3,ap
263600,덕우전자,2025-Q3,ap
263600,덕우전자,2023-Q4,ap
263600,덕우전자,2021-Q4,ap
263600,덕우전자,2020-Q4,ap
263600,덕우전자,2025-Q2,ap
206560,덱스터,2022-Q1,cogs
206560,덱스터,2023-Q3,cogs
206560,덱스터,2021-Q2,inventory
206560,덱스터,2023-Q2,cogs
206560,덱스터,2020-Q4,revenue
206560,덱스터,2020-Q3,inventory
206560,덱스터,2024-Q3,revenue
206560,덱스터,2025-Q1,cogs
206560,덱스터,2025-Q3,inventory
206560,덱스터,2023-Q4,inventory
206560,덱스터,2023-Q1,cogs
206560,덱스터,2022-Q2,cogs
206560,덱스터,2022-Q3,cogs
206560,덱스터,2020-Q2,revenue
206560,덱스터,2023-Q2,revenue
206560,덱스터,2024-Q4,cogs
206560,덱스터,2024-Q1,revenue
206560,덱스터,2024-Q2,cogs
206560,덱스터,2022-Q1,revenue
206560,덱스터,2022-Q4,cogs
206560,덱스터,2023-Q3,revenue
206560,덱스터,2021-Q4,inventory
206560,덱스터,2021-Q1,inventory
206560,덱스터,2021-Q1,cogs
206560,덱스터,2020-Q4,inventory
206560,덱스터,2025-Q2,inventory
206560,덱스터,2021-Q2,cogs
206560,덱스터,2021-Q3,cogs
206560,덱스터,2020-Q1,cogs
206560,덱스터,2024-Q3,inventory
206560,덱스터,2024-Q1,cogs
206560,덱스터,2020-Q3,cogs
206560,덱스터,2022-Q2,revenue
206560,덱스터,2023-Q1,revenue
206560,덱스터,2024-Q2,revenue
206560,덱스터,2022-Q3,revenue
206560,덱스터,2025-Q3,cogs
206560,덱스터,2022-Q4,revenue
206560,덱스터,2023-Q4,cogs
206560,덱스터,2020-Q2,inventory
206560,덱스터,2023-Q2,inventory
206560,덱스터,2024-Q1,inventory
206560,덱스터,2022-Q1,inventory
206560,덱스터,2023-Q3,inventory
206560,덱스터,2021-Q1,revenue
206560,덱스터,2021-Q2,revenue
206560,덱스터,2021-Q3,revenue
206560,덱스터,2020-Q1,revenue
206560,덱스터,2021-Q4,cogs
206560,덱스터,2020-Q3,revenue
206560,덱스터,2025-Q1,inventory
206560,덱스터,2020-Q4,cogs
206560,덱스터,2022-Q3,inventory
206560,덱스터,2025-Q2,cogs
206560,덱스터,2023-Q1,inventory
206560,덱스터,2022-Q2,inventory
206560,덱스터,2021-Q4,revenue
206560,덱스터,2023-Q4,revenue
206560,덱스터,2024-Q2,inventory
206560,덱스터,2024-Q3,cogs
206560,덱스터,2024-Q4,inventory
206560,덱스터,2022-Q4,inventory
206560,덱스터,2020-Q2,cogs
206560,덱스터,2020-Q1,inventory
194480,데브시스터즈,2022-Q1,cogs
194480,데브시스터즈,2023-Q3,cogs
194480,데브시스터즈,2023-Q2,cogs
194480,데브시스터즈,2020-Q4,revenue
194480,데브시스터즈,2024-Q3,revenue
194480,데브시스터즈,2025-Q1,cogs
194480,데브시스터즈,2023-Q1,cogs
194480,데브시스터즈,2022-Q2,cogs
194480,데브시스터즈,2022-Q3,cogs
194480,데브시스터즈,2020-Q2,revenue
194480,데브시스터즈,2023-Q2,revenue
194480,데브시스터즈,2024-Q4,cogs
194480,데브시스터즈,2024-Q1,revenue
194480,데브시스터즈,2024-Q2,cogs
194480,데브시스터즈,2022-Q1,revenue
194480,데브시스터즈,2022-Q4,cogs
194480,데브시스터즈,2023-Q3,revenue
194480,데브시스터즈,2021-Q1,cogs
194480,데브시스터즈,2021-Q2,cogs
194480,데브시스터즈,2021-Q3,cogs
194480,데브시스터즈,2020-Q1,cogs
194480,데브시스터즈,2024-Q1,cogs
194480,데브시스터즈,2020-Q3,cogs
194480,데브시스터즈,2022-Q2,revenue
194480,데브시스터즈,2023-Q1,revenue
194480,데브시스터즈,2024-Q2,revenue
194480,데브시스터즈,2022-Q3,revenue
194480,데브시스터즈,2024-Q4,revenue
194480,데브시스터즈,2025-Q3,cogs
194480,데브시스터즈,2022-Q4,revenue
194480,데브시스터즈,2023-Q4,cogs
194480,데브시스터즈,2021-Q1,revenue
194480,데브시스터즈,2021-Q2,revenue
194480,데브시스터즈,2021-Q3,revenue
194480,데브시스터즈,2020-Q1,revenue
194480,데브시스터즈,2021-Q4,cogs
194480,데브시스터즈,2020-Q3,revenue
194480,데브시스터즈,2020-Q4,cogs
194480,데브시스터즈,2025-Q2,cogs
194480,데브시스터즈,2023-Q4,revenue
194480,데브시스터즈,2024-Q3,cogs
194480,데브시스터즈,2020-Q2,cogs
194480,데브시스터즈,2021-Q4,revenue
240550,동방메디컬,2024-Q4,capex
240550,동방메디컬,2025-Q2,capex
240550,동방메디컬,2025-Q1,capex
240550,동방메디컬,2025-Q3,capex
261200,덴티스,2020-Q1,cogs
261200,덴티스,2020-Q1,capex
261200,덴티스,2020-Q1,inventory
005160,동국산업,2022-Q3,capex
005160,동국산업,2023-Q1,capex
005160,동국산업,2024-Q3,ap
005160,동국산업,2024-Q2,capex
005160,동국산업,2024-Q4,capex
005160,동국산업,2022-Q4,capex
005160,동국산업,2023-Q2,ap
005160,동국산업,2024-Q1,ap
005160,동국산업,2021-Q2,capex
005160,동국산업,2022-Q1,ap
005160,동국산업,2021-Q3,capex
005160,동국산업,2021-Q1,capex
005160,동국산업,2023-Q3,ap
005160,동국산업,2025-Q1,ap
005160,동국산업,2025-Q3,capex
005160,동국산업,2023-Q1,ap
005160,동국산업,2022-Q2,ap
005160,동국산업,2023-Q4,capex
005160,동국산업,2024-Q2,ap
005160,동국산업,2022-Q3,ap
005160,동국산업,2024-Q4,ap
005160,동국산업,2022-Q4,ap
005160,동국산업,2021-Q4,capex
005160,동국산업,2021-Q1,ap
005160,동국산업,2025-Q2,capex
005160,동국산업,2021-Q2,ap
005160,동국산업,2021-Q3,ap
005160,동국산업,2024-Q3,capex
005160,동국산업,2025-Q3,ap
005160,동국산업,2023-Q4,ap
005160,동국산업,2024-Q1,capex
005160,동국산업,2022-Q1,capex
005160,동국산업,2023-Q2,capex
005160,동국산업,2023-Q3,capex
005160,동국산업,2021-Q4,ap
005160,동국산업,2025-Q1,capex
005160,동국산업,2022-Q2,capex
005160,동국산업,2025-Q2,ap
006620,동구바이오제약,2021-Q1,interest_expense
006620,동구바이오제약,2021-Q2,interest_expense
006620,동구바이오제약,2021-Q3,interest_expense
006620,동구바이오제약,2020-Q1,interest_expense
006620,동구바이오제약,2020-Q3,interest_expense
006620,동구바이오제약,2025-Q3,interest_expense
006620,동구바이오제약,2023-Q4,interest_expense
006620,동구바이오제약,2021-Q4,interest_expense
006620,동구바이오제약,2020-Q4,interest_expense
006620,동구바이오제약,2025-Q2,interest_expense
006620,동구바이오제약,2024-Q3,interest_expense
006620,동구바이오제약,2020-Q2,interest_expense
006620,동구바이오제약,2024-Q1,interest_expense
006620,동구바이오제약,2022-Q1,interest_expense
006620,동구바이오제약,2023-Q3,interest_expense
006620,동구바이오제약,2023-Q2,interest_expense
006620,동구바이오제약,2025-Q1,interest_expense
006620,동구바이오제약,2023-Q1,interest_expense
006620,동구바이오제약,2022-Q2,interest_expense
006620,동구바이오제약,2022-Q3,interest_expense
006620,동구바이오제약,2024-Q4,interest_expense
006620,동구바이오제약,2024-Q2,interest_expense
006620,동구바이오제약,2022-Q4,interest_expense
100130,동국S&C,2023-Q4,capex
075970,동국알앤에스,2024-Q3,ap
075970,동국알앤에스,2020-Q2,ap
075970,동국알앤에스,2023-Q2,ap
075970,동국알앤에스,2024-Q1,ap
075970,동국알앤에스,2023-Q3,ap
075970,동국알앤에스,2022-Q1,ap
075970,동국알앤에스,2025-Q1,ap
075970,동국알앤에스,2023-Q1,ap
075970,동국알앤에스,2022-Q2,ap
075970,동국알앤에스,2024-Q2,ap
075970,동국알앤에스,2022-Q3,ap
075970,동국알앤에스,2024-Q4,ap
075970,동국알앤에스,2022-Q4,ap
075970,동국알앤에스,2021-Q1,ap
075970,동국알앤에스,2021-Q2,ap
075970,동국알앤에스,2021-Q3,ap
075970,동국알앤에스,2020-Q1,ap
075970,동국알앤에스,2020-Q3,ap
075970,동국알앤에스,2025-Q3,ap
075970,동국알앤에스,2023-Q4,ap
075970,동국알앤에스,2023-Q3,total_assets
075970,동국알앤에스,2021-Q4,ap
075970,동국알앤에스,2020-Q4,ap
075970,동국알앤에스,2025-Q2,ap
099410,동방선기,2020-Q1,capex
099410,동방선기,2023-Q1,capex
099410,동방선기,2022-Q1,capex
099410,동방선기,2020-Q3,capex
099410,동방선기,2020-Q2,capex
099410,동방선기,2021-Q3,capex
099410,동방선기,2021-Q1,capex
025950,동신건설,2022-Q3,capex
025950,동신건설,2021-Q2,inventory
025950,동신건설,2021-Q3,inventory
025950,동신건설,2023-Q1,capex
025950,동신건설,2024-Q2,capex
025950,동신건설,2024-Q4,capex
025950,동신건설,2022-Q4,capex
025950,동신건설,2025-Q3,inventory
025950,동신건설,2023-Q4,inventory
025950,동신건설,2021-Q2,capex
025950,동신건설,2021-Q3,capex
025950,동신건설,2020-Q1,capex
025950,동신건설,2021-Q1,capex
025950,동신건설,2020-Q3,capex
025950,동신건설,2021-Q4,inventory
025950,동신건설,2025-Q3,capex
025950,동신건설,2023-Q4,capex
025950,동신건설,2025-Q2,inventory
025950,동신건설,2024-Q3,inventory
025950,동신건설,2021-Q4,capex
025950,동신건설,2020-Q4,capex
025950,동신건설,2025-Q2,capex
025950,동신건설,2023-Q2,inventory
025950,동신건설,2024-Q1,inventory
025950,동신건설,2024-Q3,capex
025950,동신건설,2022-Q1,inventory
025950,동신건설,2023-Q3,inventory
025950,동신건설,2025-Q1,inventory
025950,동신건설,2024-Q1,capex
025950,동신건설,2022-Q3,inventory
025950,동신건설,2022-Q1,capex
025950,동신건설,2020-Q2,capex
025950,동신건설,2022-Q2,inventory
025950,동신건설,2023-Q1,inventory
025950,동신건설,2023-Q2,capex
025950,동신건설,2024-Q2,inventory
025950,동신건설,2024-Q4,inventory
025950,동신건설,2023-Q3,capex
025950,동신건설,2022-Q4,inventory
025950,동신건설,2025-Q1,capex
025950,동신건설,2022-Q2,capex
013120,동원개발,2023-Q4,ap
013120,동원개발,2024-Q3,ap
013120,동원개발,2025-Q1,ap
013120,동원개발,2025-Q3,ap
013120,동원개발,2024-Q2,ap
013120,동원개발,2024-Q4,ap
013120,동원개발,2024-Q1,ap
013120,동원개발,2023-Q3,ap
013120,동원개발,2025-Q2,ap
131970,두산테스나,2021-Q2,inventory
131970,두산테스나,2021-Q3,inventory
131970,두산테스나,2024-Q3,ap
131970,두산테스나,2020-Q3,inventory
131970,두산테스나,2020-Q2,ap
131970,두산테스나,2023-Q2,ap
131970,두산테스나,2023-Q4,inventory
131970,두산테스나,2024-Q1,ap
131970,두산테스나,2022-Q1,ap
131970,두산테스나,2023-Q3,ap
131970,두산테스나,2021-Q4,inventory
131970,두산테스나,2020-Q1,inventory
131970,두산테스나,2020-Q4,inventory
131970,두산테스나,2022-Q2,ap
131970,두산테스나,2023-Q1,ap
131970,두산테스나,2024-Q2,ap
131970,두산테스나,2022-Q3,ap
131970,두산테스나,2022-Q4,ap
131970,두산테스나,2020-Q2,inventory
131970,두산테스나,2021-Q1,ap
131970,두산테스나,2023-Q2,inventory
131970,두산테스나,2021-Q2,ap
131970,두산테스나,2021-Q3,ap
131970,두산테스나,2020-Q1,ap
131970,두산테스나,2022-Q1,inventory
131970,두산테스나,2023-Q3,inventory
131970,두산테스나,2020-Q3,ap
131970,두산테스나,2023-Q4,ap
131970,두산테스나,2022-Q3,inventory
131970,두산테스나,2023-Q1,inventory
131970,두산테스나,2022-Q2,inventory
131970,두산테스나,2022-Q4,inventory
131970,두산테스나,2021-Q4,ap
131970,두산테스나,2020-Q4,ap
131970,두산테스나,2021-Q1,inventory
023790,동일스틸럭스,2024-Q1,capex
023790,동일스틸럭스,2023-Q1,capex
023790,동일스틸럭스,2023-Q2,capex
023790,동일스틸럭스,2024-Q2,capex
023790,동일스틸럭스,2024-Q4,capex
023790,동일스틸럭스,2025-Q2,capex
023790,동일스틸럭스,2025-Q3,capex
023790,동일스틸럭스,2025-Q1,capex
023790,동일스틸럭스,2021-Q1,capex
025900,동화기업,2021-Q4,capex
025900,동화기업,2020-Q1,capex
025900,동화기업,2022-Q3,capex
025900,동화기업,2024-Q1,capex
025900,동화기업,2023-Q1,capex
025900,동화기업,2022-Q1,capex
025900,동화기업,2020-Q2,capex
025900,동화기업,2023-Q2,capex
025900,동화기업,2024-Q2,capex
025900,동화기업,2023-Q3,capex
025900,동화기업,2022-Q4,capex
025900,동화기업,2023-Q4,capex
025900,동화기업,2021-Q2,capex
025900,동화기업,2021-Q3,capex
025900,동화기업,2021-Q1,capex
025900,동화기업,2022-Q2,capex
032960,동일기연,2022-Q3,capex
032960,동일기연,2023-Q1,capex
032960,동일기연,2024-Q2,capex
032960,동일기연,2024-Q4,capex
032960,동일기연,2022-Q4,capex
032960,동일기연,2021-Q2,capex
032960,동일기연,2021-Q3,capex
032960,동일기연,2020-Q1,capex
032960,동일기연,2021-Q1,capex
032960,동일기연,2020-Q3,capex
032960,동일기연,2025-Q3,capex
032960,동일기연,2023-Q4,capex
032960,동일기연,2021-Q4,capex
032960,동일기연,2020-Q4,capex
032960,동일기연,2025-Q2,capex
032960,동일기연,2024-Q3,capex
032960,동일기연,2024-Q1,capex
032960,동일기연,2022-Q1,capex
032960,동일기연,2020-Q2,capex
032960,동일기연,2023-Q2,capex
032960,동일기연,2023-Q3,capex
032960,동일기연,2025-Q1,capex
032960,동일기연,2022-Q2,capex
489730,디비금융제13호스팩,2025-Q2,cogs
489730,디비금융제13호스팩,2025-Q3,cogs
489730,디비금융제13호스팩,2024-Q4,capex
489730,디비금융제13호스팩,2025-Q1,ap
489730,디비금융제13호스팩,2025-Q2,capex
489730,디비금융제13호스팩,2024-Q4,inventory
489730,디비금융제13호스팩,2025-Q3,ap
489730,디비금융제13호스팩,2025-Q1,cogs
489730,디비금융제13호스팩,2025-Q3,capex
489730,디비금융제13호스팩,2025-Q2,inventory
489730,디비금융제13호스팩,2025-Q1,capex
489730,디비금융제13호스팩,2025-Q3,inventory
489730,디비금융제13호스팩,2024-Q4,ap
489730,디비금융제13호스팩,2025-Q2,ap
489730,디비금융제13호스팩,2024-Q4,cogs
489730,디비금융제13호스팩,2025-Q1,inventory
362990,드림인사이트,2023-Q4,ap
362990,드림인사이트,2024-Q1,revenue
362990,드림인사이트,2024-Q2,cogs
362990,드림인사이트,2023-Q4,cogs
362990,드림인사이트,2023-Q4,revenue
362990,드림인사이트,2024-Q1,inventory
362990,드림인사이트,2023-Q4,inventory
362990,드림인사이트,2024-Q1,ap
362990,드림인사이트,2024-Q1,cogs
0004Y0,디비금융제14호스팩,2025-Q2,ar
0004Y0,디비금융제14호스팩,2025-Q3,cogs
0004Y0,디비금융제14호스팩,2025-Q2,cogs
0004Y0,디비금융제14호스팩,2025-Q2,capex
0004Y0,디비금융제14호스팩,2025-Q3,capex
0004Y0,디비금융제14호스팩,2025-Q2,inventory
0004Y0,디비금융제14호스팩,2025-Q3,inventory
073190,듀오백,2021-Q1,interest_expense
073190,듀오백,2021-Q1,ap
073190,듀오백,2020-Q1,interest_expense
073190,듀오백,2021-Q2,ap
073190,듀오백,2021-Q3,ap
073190,듀오백,2023-Q1,ap
073190,듀오백,2022-Q2,ap
073190,듀오백,2021-Q4,ap
073190,듀오백,2023-Q2,ap
073190,듀오백,2022-Q3,ap
073190,듀오백,2023-Q3,ap
073190,듀오백,2022-Q1,ap
073190,듀오백,2020-Q4,ap
073190,듀오백,2022-Q4,ap
347850,디앤디파마텍,2024-Q2,cogs
347850,디앤디파마텍,2024-Q3,ap
347850,디앤디파마텍,2025-Q2,cogs
347850,디앤디파마텍,2025-Q3,cogs
347850,디앤디파마텍,2025-Q1,ap
347850,디앤디파마텍,2024-Q2,inventory
347850,디앤디파마텍,2024-Q3,cogs
347850,디앤디파마텍,2024-Q4,inventory
347850,디앤디파마텍,2025-Q3,ap
347850,디앤디파마텍,2025-Q1,cogs
347850,디앤디파마텍,2025-Q2,inventory
347850,디앤디파마텍,2025-Q3,inventory
347850,디앤디파마텍,2024-Q2,ap
347850,디앤디파마텍,2024-Q4,ap
347850,디앤디파마텍,2024-Q3,inventory
347850,디앤디파마텍,2025-Q2,ap
347850,디앤디파마텍,2024-Q4,cogs
347850,디앤디파마텍,2025-Q1,inventory
030350,드래곤플라이,2022-Q1,cogs
030350,드래곤플라이,2023-Q3,cogs
030350,드래곤플라이,2023-Q2,cogs
030350,드래곤플라이,2020-Q3,inventory
030350,드래곤플라이,2025-Q1,cogs
030350,드래곤플라이,2020-Q2,ap
030350,드래곤플라이,2023-Q1,cogs
030350,드래곤플라이,2022-Q2,cogs
030350,드래곤플라이,2022-Q3,cogs
030350,드래곤플라이,2024-Q4,cogs
030350,드래곤플라이,2024-Q2,cogs
030350,드래곤플라이,2022-Q4,cogs
030350,드래곤플라이,2020-Q1,inventory
030350,드래곤플라이,2020-Q4,inventory
030350,드래곤플라이,2024-Q1,cogs
030350,드래곤플라이,2025-Q3,cogs
030350,드래곤플라이,2023-Q4,cogs
030350,드래곤플라이,2020-Q2,inventory
030350,드래곤플라이,2021-Q1,ap
030350,드래곤플라이,2020-Q1,ap
030350,드래곤플라이,2020-Q3,ap
030350,드래곤플라이,2021-Q4,cogs
030350,드래곤플라이,2025-Q2,cogs
030350,드래곤플라이,2024-Q3,cogs
030350,드래곤플라이,2020-Q4,ap
030350,드래곤플라이,2021-Q1,inventory
223250,드림씨아이에스,2021-Q2,inventory
223250,드림씨아이에스,2021-Q3,inventory
223250,드림씨아이에스,2020-Q2,inventory
223250,드림씨아이에스,2020-Q3,inventory
223250,드림씨아이에스,2021-Q4,inventory
223250,드림씨아이에스,2020-Q4,inventory
223250,드림씨아이에스,2021-Q1,inventory
016670,디모아,2022-Q3,capex
016670,디모아,2023-Q1,capex
016670,디모아,2024-Q2,capex
016670,디모아,2024-Q4,capex
016670,디모아,2022-Q4,capex
016670,디모아,2025-Q3,inventory
016670,디모아,2021-Q2,capex
016670,디모아,2021-Q3,capex
016670,디모아,2020-Q1,capex
016670,디모아,2021-Q1,capex
016670,디모아,2020-Q3,capex
016670,디모아,2025-Q3,capex
016670,디모아,2023-Q4,capex
016670,디모아,2025-Q2,inventory
016670,디모아,2021-Q4,capex
016670,디모아,2020-Q4,capex
016670,디모아,2025-Q2,capex
016670,디모아,2024-Q3,capex
016670,디모아,2025-Q1,inventory
016670,디모아,2024-Q1,capex
016670,디모아,2022-Q1,capex
016670,디모아,2020-Q2,capex
016670,디모아,2023-Q2,capex
016670,디모아,2024-Q4,inventory
016670,디모아,2023-Q3,capex
016670,디모아,2025-Q1,capex
016670,디모아,2022-Q2,capex
376300,디어유,2022-Q1,cogs
376300,디어유,2022-Q3,capex
376300,디어유,2023-Q2,cogs
376300,디어유,2023-Q3,cogs
376300,디어유,2025-Q1,cogs
376300,디어유,2025-Q3,inventory
376300,디어유,2023-Q4,inventory
376300,디어유,2023-Q1,cogs
376300,디어유,2022-Q2,cogs
376300,디어유,2022-Q3,cogs
376300,디어유,2024-Q4,cogs
376300,디어유,2024-Q2,cogs
376300,디어유,2022-Q4,cogs
376300,디어유,2021-Q4,inventory
376300,디어유,2021-Q4,net_income
376300,디어유,2025-Q2,inventory
376300,디어유,2024-Q3,inventory
376300,디어유,2021-Q4,capex
376300,디어유,2025-Q3,cogs
376300,디어유,2023-Q4,cogs
376300,디어유,2023-Q2,inventory
376300,디어유,2024-Q1,inventory
376300,디어유,2022-Q1,inventory
376300,디어유,2023-Q3,inventory
376300,디어유,2021-Q4,cogs
376300,디어유,2025-Q1,inventory
376300,디어유,2022-Q3,inventory
376300,디어유,2022-Q1,capex
376300,디어유,2023-Q1,inventory
376300,디어유,2022-Q2,inventory
376300,디어유,2025-Q2,cogs
376300,디어유,2024-Q2,inventory
376300,디어유,2024-Q3,cogs
376300,디어유,2024-Q4,inventory
376300,디어유,2022-Q4,inventory
376300,디어유,2022-Q2,capex
376300,디어유,2024-Q1,cogs
214680,디알텍,2021-Q2,capex
263720,디앤씨미디어,2021-Q1,interest_expense
263720,디앤씨미디어,2021-Q2,interest_expense
263720,디앤씨미디어,2021-Q3,interest_expense
263720,디앤씨미디어,2020-Q1,interest_expense
263720,디앤씨미디어,2020-Q3,interest_expense
263720,디앤씨미디어,2025-Q1,cogs
263720,디앤씨미디어,2024-Q4,cogs
263720,디앤씨미디어,2024-Q2,cogs
263720,디앤씨미디어,2021-Q4,interest_expense
263720,디앤씨미디어,2020-Q4,interest_expense
263720,디앤씨미디어,2025-Q3,cogs
263720,디앤씨미디어,2023-Q4,cogs
263720,디앤씨미디어,2020-Q2,interest_expense
263720,디앤씨미디어,2022-Q1,interest_expense
263720,디앤씨미디어,2023-Q3,interest_expense
263720,디앤씨미디어,2023-Q2,interest_expense
263720,디앤씨미디어,2025-Q2,cogs
263720,디앤씨미디어,2023-Q1,interest_expense
263720,디앤씨미디어,2022-Q2,interest_expense
263720,디앤씨미디어,2024-Q3,cogs
263720,디앤씨미디어,2022-Q3,interest_expense
263720,디앤씨미디어,2022-Q4,interest_expense
263720,디앤씨미디어,2024-Q1,cogs
031860,디에이치엑스컴퍼니,2025-Q1,capex
196490,디에이테크놀로지,2022-Q2,net_income
092070,디엔에프,2021-Q1,ap
092070,디엔에프,2020-Q1,ap
092070,디엔에프,2020-Q3,ap
092070,디엔에프,2020-Q2,ap
092070,디엔에프,2020-Q4,ap
219550,디와이디,2021-Q4,capex
219550,디와이디,2020-Q1,capex
219550,디와이디,2020-Q3,capex
219550,디와이디,2020-Q4,capex
219550,디와이디,2020-Q2,capex
219550,디와이디,2021-Q2,capex
219550,디와이디,2021-Q3,capex
219550,디와이디,2021-Q1,capex
104460,디와이피엔에프,2021-Q1,interest_expense
104460,디와이피엔에프,2021-Q2,interest_expense
104460,디와이피엔에프,2021-Q3,interest_expense
104460,디와이피엔에프,2020-Q1,interest_expense
104460,디와이피엔에프,2020-Q3,interest_expense
104460,디와이피엔에프,2022-Q1,cfo
104460,디와이피엔에프,2025-Q3,interest_expense
104460,디와이피엔에프,2023-Q4,interest_expense
104460,디와이피엔에프,2020-Q1,total_assets
104460,디와이피엔에프,2020-Q4,interest_expense
104460,디와이피엔에프,2025-Q2,interest_expense
104460,디와이피엔에프,2024-Q3,interest_expense
104460,디와이피엔에프,2020-Q2,interest_expense
104460,디와이피엔에프,2024-Q1,interest_expense
104460,디와이피엔에프,2023-Q2,interest_expense
104460,디와이피엔에프,2023-Q1,interest_expense
104460,디와이피엔에프,2022-Q2,interest_expense
104460,디와이피엔에프,2021-Q4,cfo
104460,디와이피엔에프,2022-Q3,interest_expense
104460,디와이피엔에프,2024-Q4,interest_expense
104460,디와이피엔에프,2024-Q2,interest_expense
104460,디와이피엔에프,2022-Q4,interest_expense
079810,디이엔티,2022-Q3,capex
079810,디이엔티,2023-Q1,capex
079810,디이엔티,2024-Q2,capex
079810,디이엔티,2024-Q4,capex
079810,디이엔티,2022-Q4,capex
079810,디이엔티,2021-Q2,capex
079810,디이엔티,2021-Q3,capex
079810,디이엔티,2020-Q1,capex
079810,디이엔티,2021-Q1,capex
079810,디이엔티,2020-Q3,capex
079810,디이엔티,2025-Q3,capex
079810,디이엔티,2023-Q4,capex
079810,디이엔티,2021-Q4,capex
079810,디이엔티,2020-Q4,capex
079810,디이엔티,2025-Q2,capex
079810,디이엔티,2024-Q3,capex
079810,디이엔티,2024-Q1,capex
079810,디이엔티,2022-Q1,capex
079810,디이엔티,2020-Q2,capex
079810,디이엔티,2023-Q2,capex
079810,디이엔티,2023-Q3,capex
079810,디이엔티,2025-Q1,capex
079810,디이엔티,2022-Q2,capex
197140,디지캡,2022-Q3,capex
197140,디지캡,2023-Q1,capex
197140,디지캡,2024-Q2,capex
197140,디지캡,2024-Q4,capex
197140,디지캡,2022-Q4,capex
197140,디지캡,2021-Q2,capex
197140,디지캡,2021-Q3,capex
197140,디지캡,2020-Q1,capex
197140,디지캡,2021-Q1,capex
197140,디지캡,2020-Q3,capex
197140,디지캡,2025-Q3,capex
197140,디지캡,2023-Q4,capex
197140,디지캡,2022-Q1,ar
197140,디지캡,2021-Q4,capex
197140,디지캡,2020-Q4,capex
197140,디지캡,2025-Q2,capex
197140,디지캡,2024-Q3,capex
197140,디지캡,2021-Q4,ar
197140,디지캡,2024-Q1,capex
197140,디지캡,2022-Q1,capex
197140,디지캡,2020-Q2,capex
197140,디지캡,2023-Q2,capex
197140,디지캡,2023-Q3,capex
197140,디지캡,2025-Q1,capex
197140,디지캡,2022-Q2,capex
033130,디지틀조선,2023-Q3,cogs
033130,디지틀조선,2024-Q2,cogs
033130,디지틀조선,2025-Q2,cogs
033130,디지틀조선,2025-Q3,cogs
033130,디지틀조선,2023-Q4,cogs
033130,디지틀조선,2024-Q3,cogs
033130,디지틀조선,2025-Q1,cogs
033130,디지틀조선,2024-Q4,cogs
033130,디지틀조선,2024-Q1,cogs
315640,딥노이드,2022-Q3,inventory
315640,딥노이드,2021-Q3,inventory
315640,딥노이드,2023-Q1,inventory
315640,딥노이드,2022-Q2,inventory
315640,딥노이드,2021-Q4,inventory
315640,딥노이드,2023-Q2,inventory
315640,딥노이드,2024-Q2,inventory
315640,딥노이드,2024-Q1,inventory
315640,딥노이드,2024-Q4,inventory
315640,딥노이드,2022-Q1,inventory
315640,딥노이드,2023-Q3,inventory
315640,딥노이드,2022-Q4,inventory
315640,딥노이드,2025-Q2,inventory
315640,딥노이드,2025-Q3,inventory
315640,딥노이드,2023-Q4,inventory
315640,딥노이드,2024-Q3,inventory
315640,딥노이드,2025-Q1,inventory
317120,라닉스,2022-Q3,capex
317120,라닉스,2023-Q1,capex
317120,라닉스,2024-Q2,capex
317120,라닉스,2024-Q4,capex
317120,라닉스,2022-Q4,capex
317120,라닉스,2021-Q2,capex
317120,라닉스,2021-Q3,capex
317120,라닉스,2020-Q1,capex
317120,라닉스,2021-Q1,capex
317120,라닉스,2020-Q3,capex
317120,라닉스,2025-Q3,capex
317120,라닉스,2023-Q4,capex
317120,라닉스,2021-Q4,capex
317120,라닉스,2020-Q4,capex
317120,라닉스,2025-Q2,capex
317120,라닉스,2024-Q3,capex
317120,라닉스,2024-Q1,capex
317120,라닉스,2022-Q1,capex
317120,라닉스,2020-Q2,capex
317120,라닉스,2023-Q2,capex
317120,라닉스,2023-Q3,capex
317120,라닉스,2025-Q1,capex
317120,라닉스,2022-Q2,capex
131180,딜리,2022-Q3,capex
131180,딜리,2023-Q1,capex
131180,딜리,2024-Q2,capex
131180,딜리,2024-Q4,capex
131180,딜리,2022-Q4,capex
131180,딜리,2021-Q2,capex
131180,딜리,2021-Q3,capex
131180,딜리,2020-Q1,capex
131180,딜리,2021-Q1,capex
131180,딜리,2020-Q3,capex
131180,딜리,2025-Q3,capex
131180,딜리,2023-Q4,capex
131180,딜리,2021-Q4,capex
131180,딜리,2020-Q4,capex
131180,딜리,2025-Q2,capex
131180,딜리,2024-Q3,capex
131180,딜리,2024-Q1,capex
131180,딜리,2022-Q1,capex
131180,딜리,2020-Q2,capex
131180,딜리,2023-Q2,capex
131180,딜리,2023-Q3,capex
131180,딜리,2025-Q1,capex
131180,딜리,2022-Q2,capex
388790,라이콤,2022-Q4,capex
388790,라이콤,2022-Q4,inventory
388790,라이콤,2022-Q4,ap
042510,라온시큐어,2021-Q2,inventory
042510,라온시큐어,2021-Q3,inventory
042510,라온시큐어,2022-Q3,inventory
042510,라온시큐어,2022-Q2,inventory
042510,라온시큐어,2020-Q2,inventory
042510,라온시큐어,2020-Q3,inventory
042510,라온시큐어,2021-Q4,inventory
042510,라온시큐어,2020-Q1,inventory
042510,라온시큐어,2022-Q1,inventory
042510,라온시큐어,2020-Q4,inventory
042510,라온시큐어,2023-Q2,ap
042510,라온시큐어,2023-Q3,ap
042510,라온시큐어,2021-Q1,inventory
443250,레뷰코퍼레이션,2023-Q3,cogs
443250,레뷰코퍼레이션,2025-Q1,inventory
443250,레뷰코퍼레이션,2024-Q2,cogs
443250,레뷰코퍼레이션,2025-Q2,cogs
443250,레뷰코퍼레이션,2025-Q3,cogs
443250,레뷰코퍼레이션,2023-Q4,cogs
443250,레뷰코퍼레이션,2025-Q1,ap
443250,레뷰코퍼레이션,2024-Q3,cogs
443250,레뷰코퍼레이션,2025-Q3,ap
443250,레뷰코퍼레이션,2025-Q1,cogs
443250,레뷰코퍼레이션,2025-Q2,inventory
443250,레뷰코퍼레이션,2025-Q3,inventory
443250,레뷰코퍼레이션,2025-Q2,ap
443250,레뷰코퍼레이션,2024-Q4,cogs
443250,레뷰코퍼레이션,2024-Q1,cogs
171120,라이온켐텍,2025-Q2,ap
171120,라이온켐텍,2025-Q3,ap
171120,라이온켐텍,2020-Q2,capex
217500,러셀,2022-Q3,capex
217500,러셀,2023-Q1,capex
217500,러셀,2024-Q2,capex
217500,러셀,2024-Q4,capex
217500,러셀,2022-Q4,capex
217500,러셀,2021-Q2,capex
217500,러셀,2021-Q3,capex
217500,러셀,2020-Q1,capex
217500,러셀,2021-Q1,capex
217500,러셀,2020-Q3,capex
217500,러셀,2025-Q3,capex
217500,러셀,2023-Q4,capex
217500,러셀,2021-Q4,capex
217500,러셀,2020-Q4,capex
217500,러셀,2025-Q2,capex
217500,러셀,2024-Q3,capex
217500,러셀,2024-Q1,capex
217500,러셀,2022-Q1,capex
217500,러셀,2020-Q2,capex
217500,러셀,2023-Q2,capex
217500,러셀,2023-Q3,capex
217500,러셀,2025-Q1,capex
217500,러셀,2022-Q2,capex
084650,랩지노믹스,2020-Q1,cfo
084650,랩지노믹스,2020-Q4,cfo
084650,랩지노믹스,2020-Q2,cfo
038390,레드캡투어,2025-Q2,cogs
038390,레드캡투어,2025-Q3,cogs
038390,레드캡투어,2024-Q3,cogs
038390,레드캡투어,2025-Q1,cogs
038390,레드캡투어,2024-Q4,cogs
294140,레몬,2025-Q2,capex
294140,레몬,2024-Q1,capex
294140,레몬,2025-Q1,capex
412350,레이저쎌,2024-Q3,ap
412350,레이저쎌,2025-Q1,ap
412350,레이저쎌,2025-Q3,ap
412350,레이저쎌,2022-Q2,ap
412350,레이저쎌,2024-Q2,ap
412350,레이저쎌,2024-Q4,ap
412350,레이저쎌,2025-Q2,ap
228850,레이언스,2024-Q3,ap
228850,레이언스,2020-Q2,ap
228850,레이언스,2023-Q2,ap
228850,레이언스,2024-Q1,ap
228850,레이언스,2023-Q3,ap
228850,레이언스,2022-Q1,ap
228850,레이언스,2025-Q1,ap
228850,레이언스,2023-Q1,ap
228850,레이언스,2022-Q2,ap
228850,레이언스,2024-Q2,ap
228850,레이언스,2022-Q3,ap
228850,레이언스,2024-Q4,ap
228850,레이언스,2022-Q4,ap
228850,레이언스,2021-Q1,ap
228850,레이언스,2021-Q2,ap
228850,레이언스,2021-Q3,ap
228850,레이언스,2020-Q1,ap
228850,레이언스,2020-Q3,ap
228850,레이언스,2023-Q4,ap
228850,레이언스,2021-Q4,ap
228850,레이언스,2020-Q4,ap
228850,레이언스,2025-Q2,ap
474170,루미르,2024-Q4,capex
474170,루미르,2025-Q2,capex
474170,루미르,2025-Q1,capex
474170,루미르,2025-Q3,capex
090360,로보스타,2022-Q3,capex
090360,로보스타,2023-Q1,capex
090360,로보스타,2024-Q2,capex
090360,로보스타,2022-Q4,capex
090360,로보스타,2021-Q2,capex
090360,로보스타,2021-Q3,capex
090360,로보스타,2020-Q1,capex
090360,로보스타,2021-Q1,capex
090360,로보스타,2020-Q3,capex
090360,로보스타,2025-Q3,capex
090360,로보스타,2023-Q4,capex
090360,로보스타,2021-Q4,capex
090360,로보스타,2020-Q4,capex
090360,로보스타,2025-Q2,capex
090360,로보스타,2024-Q3,capex
090360,로보스타,2022-Q1,capex
090360,로보스타,2020-Q2,capex
090360,로보스타,2023-Q2,capex
090360,로보스타,2023-Q3,capex
090360,로보스타,2022-Q2,capex
328130,루닛,2024-Q2,cogs
328130,루닛,2022-Q1,capex
328130,루닛,2025-Q2,cogs
328130,루닛,2023-Q4,cogs
328130,루닛,2025-Q3,cogs
328130,루닛,2024-Q3,cogs
328130,루닛,2025-Q3,ap
328130,루닛,2025-Q1,cogs
328130,루닛,2023-Q2,ap
328130,루닛,2024-Q4,cogs
328130,루닛,2022-Q2,capex
328130,루닛,2024-Q1,cogs
067730,로지시스,2023-Q3,ap
377450,리파인,2022-Q1,cogs
377450,리파인,2023-Q3,cogs
377450,리파인,2023-Q2,cogs
377450,리파인,2024-Q3,ap
377450,리파인,2025-Q2,revenue
377450,리파인,2024-Q3,revenue
377450,리파인,2025-Q1,cogs
377450,리파인,2025-Q3,inventory
377450,리파인,2023-Q2,ap
377450,리파인,2023-Q4,inventory
377450,리파인,2024-Q1,ap
377450,리파인,2023-Q1,cogs
377450,리파인,2022-Q2,cogs
377450,리파인,2022-Q1,ap
377450,리파인,2023-Q3,ap
377450,리파인,2022-Q3,cogs
377450,리파인,2024-Q4,cogs
377450,리파인,2023-Q2,revenue
377450,리파인,2024-Q1,revenue
377450,리파인,2024-Q2,cogs
377450,리파인,2022-Q1,revenue
377450,리파인,2022-Q4,cogs
377450,리파인,2023-Q3,revenue
377450,리파인,2021-Q4,inventory
377450,리파인,2025-Q1,ap
377450,리파인,2023-Q1,ap
377450,리파인,2022-Q2,ap
377450,리파인,2025-Q1,revenue
377450,리파인,2025-Q2,inventory
377450,리파인,2024-Q2,ap
377450,리파인,2022-Q3,ap
377450,리파인,2024-Q4,ap
377450,리파인,2024-Q3,inventory
377450,리파인,2024-Q1,cogs
377450,리파인,2023-Q1,revenue
377450,리파인,2022-Q2,revenue
377450,리파인,2022-Q4,ap
377450,리파인,2025-Q2,ap
377450,리파인,2024-Q2,revenue
377450,리파인,2022-Q3,revenue
377450,리파인,2024-Q4,revenue
377450,리파인,2025-Q3,cogs
377450,리파인,2022-Q4,revenue
377450,리파인,2023-Q4,cogs
377450,리파인,2023-Q2,inventory
377450,리파인,2024-Q1,inventory
377450,리파인,2022-Q1,inventory
377450,리파인,2023-Q3,inventory
377450,리파인,2021-Q4,cogs
377450,리파인,2025-Q1,inventory
377450,리파인,2025-Q3,ap
377450,리파인,2023-Q4,ap
377450,리파인,2022-Q3,inventory
377450,리파인,2025-Q2,cogs
377450,리파인,2023-Q1,inventory
377450,리파인,2022-Q2,inventory
377450,리파인,2025-Q3,revenue
377450,리파인,2023-Q4,revenue
377450,리파인,2024-Q2,inventory
377450,리파인,2024-Q3,cogs
377450,리파인,2024-Q4,inventory
377450,리파인,2022-Q4,inventory
377450,리파인,2021-Q4,ap
377450,리파인,2021-Q4,revenue
141080,리가켐바이오,2023-Q2,revenue
141080,리가켐바이오,2022-Q3,revenue
141080,리가켐바이오,2024-Q1,revenue
141080,리가켐바이오,2024-Q2,revenue
141080,리가켐바이오,2024-Q4,revenue
141080,리가켐바이오,2023-Q3,revenue
141080,리가켐바이오,2022-Q4,revenue
141080,리가켐바이오,2023-Q4,revenue
141080,리가켐바이오,2024-Q3,revenue
141080,리가켐바이오,2023-Q1,revenue
141080,리가켐바이오,2022-Q2,revenue
012700,리드코프,2023-Q4,interest_expense
012700,리드코프,2023-Q4,net_income
012700,리드코프,2025-Q1,ap
012700,리드코프,2025-Q3,ap
012700,리드코프,2024-Q4,ap
012700,리드코프,2025-Q2,ap
016100,리더스코스메틱,2022-Q3,capex
016100,리더스코스메틱,2023-Q1,capex
016100,리더스코스메틱,2024-Q2,capex
016100,리더스코스메틱,2024-Q4,capex
016100,리더스코스메틱,2022-Q4,capex
016100,리더스코스메틱,2021-Q2,capex
016100,리더스코스메틱,2021-Q3,capex
016100,리더스코스메틱,2020-Q1,capex
016100,리더스코스메틱,2021-Q1,capex
016100,리더스코스메틱,2020-Q3,capex
016100,리더스코스메틱,2025-Q3,capex
016100,리더스코스메틱,2023-Q4,capex
016100,리더스코스메틱,2021-Q4,capex
016100,리더스코스메틱,2020-Q4,capex
016100,리더스코스메틱,2025-Q2,capex
016100,리더스코스메틱,2024-Q3,capex
016100,리더스코스메틱,2024-Q1,capex
016100,리더스코스메틱,2022-Q1,capex
016100,리더스코스메틱,2020-Q2,capex
016100,리더스코스메틱,2023-Q2,capex
016100,리더스코스메틱,2023-Q3,capex
016100,리더스코스메틱,2025-Q1,capex
016100,리더스코스메틱,2022-Q2,capex
302550,리메드,2022-Q3,capex
302550,리메드,2023-Q1,capex
302550,리메드,2024-Q2,capex
302550,리메드,2024-Q4,capex
302550,리메드,2022-Q4,capex
302550,리메드,2021-Q2,capex
302550,리메드,2021-Q3,capex
302550,리메드,2020-Q1,capex
302550,리메드,2021-Q1,capex
302550,리메드,2020-Q3,capex
302550,리메드,2025-Q3,capex
302550,리메드,2023-Q4,capex
302550,리메드,2021-Q4,capex
302550,리메드,2020-Q4,capex
302550,리메드,2025-Q2,capex
302550,리메드,2024-Q3,capex
302550,리메드,2024-Q1,capex
302550,리메드,2022-Q1,capex
302550,리메드,2020-Q2,capex
302550,리메드,2023-Q2,capex
302550,리메드,2023-Q3,capex
302550,리메드,2025-Q1,capex
302550,리메드,2022-Q2,capex
277070,린드먼아시아,2021-Q1,interest_expense
277070,린드먼아시아,2021-Q2,inventory
277070,린드먼아시아,2021-Q3,inventory
277070,린드먼아시아,2023-Q1,capex
277070,린드먼아시아,2024-Q3,ap
277070,린드먼아시아,2021-Q2,interest_expense
277070,린드먼아시아,2021-Q3,interest_expense
277070,린드먼아시아,2020-Q1,interest_expense
277070,린드먼아시아,2020-Q3,inventory
277070,린드먼아시아,2020-Q3,interest_expense
277070,린드먼아시아,2025-Q3,inventory
277070,린드먼아시아,2020-Q2,ap
277070,린드먼아시아,2023-Q2,ap
277070,린드먼아시아,2023-Q4,inventory
277070,린드먼아시아,2024-Q1,ap
277070,린드먼아시아,2025-Q3,interest_expense
277070,린드먼아시아,2022-Q1,ap
277070,린드먼아시아,2021-Q1,capex
277070,린드먼아시아,2023-Q4,interest_expense
277070,린드먼아시아,2025-Q2,capex
277070,린드먼아시아,2021-Q4,inventory
277070,린드먼아시아,2025-Q1,ap
277070,린드먼아시아,2021-Q4,interest_expense
277070,린드먼아시아,2020-Q1,inventory
277070,린드먼아시아,2020-Q4,inventory
277070,린드먼아시아,2022-Q2,ap
277070,린드먼아시아,2023-Q1,ap
277070,린드먼아시아,2025-Q2,inventory
277070,린드먼아시아,2020-Q4,interest_expense
277070,린드먼아시아,2022-Q3,ap
277070,린드먼아시아,2024-Q2,ap
277070,린드먼아시아,2024-Q3,inventory
277070,린드먼아시아,2024-Q4,ap
277070,린드먼아시아,2025-Q2,interest_expense
277070,린드먼아시아,2024-Q3,interest_expense
277070,린드먼아시아,2022-Q4,ap
277070,린드먼아시아,2025-Q2,ap
277070,린드먼아시아,2020-Q2,inventory
277070,린드먼아시아,2021-Q1,ap
277070,린드먼아시아,2023-Q2,inventory
277070,린드먼아시아,2024-Q1,inventory
277070,린드먼아시아,2020-Q2,interest_expense
277070,린드먼아시아,2021-Q2,ap
277070,린드먼아시아,2021-Q3,ap
277070,린드먼아시아,2020-Q1,ap
277070,린드먼아시아,2022-Q1,inventory
277070,린드먼아시아,2023-Q3,inventory
277070,린드먼아시아,2022-Q1,interest_expense
277070,린드먼아시아,2020-Q3,ap
277070,린드먼아시아,2023-Q2,interest_expense
277070,린드먼아시아,2023-Q3,interest_expense
277070,린드먼아시아,2024-Q1,interest_expense
277070,린드먼아시아,2025-Q1,inventory
277070,린드먼아시아,2025-Q3,ap
277070,린드먼아시아,2023-Q4,ap
277070,린드먼아시아,2024-Q1,capex
277070,린드먼아시아,2025-Q1,interest_expense
277070,린드먼아시아,2022-Q3,inventory
277070,린드먼아시아,2023-Q1,inventory
277070,린드먼아시아,2022-Q2,inventory
277070,린드먼아시아,2023-Q2,capex
277070,린드먼아시아,2023-Q1,interest_expense
277070,린드먼아시아,2022-Q2,interest_expense
277070,린드먼아시아,2024-Q2,inventory
277070,린드먼아시아,2024-Q4,inventory
277070,린드먼아시아,2022-Q3,interest_expense
277070,린드먼아시아,2024-Q4,interest_expense
277070,린드먼아시아,2022-Q4,inventory
277070,린드먼아시아,2021-Q4,ap
277070,린드먼아시아,2024-Q2,interest_expense
277070,린드먼아시아,2022-Q4,interest_expense
277070,린드먼아시아,2025-Q1,capex
277070,린드먼아시아,2024-Q1,ar
277070,린드먼아시아,2020-Q4,ap
277070,린드먼아시아,2021-Q1,inventory
439090,마녀공장,2023-Q2,ap
377480,마음AI,2022-Q1,cogs
377480,마음AI,2023-Q3,cogs
377480,마음AI,2023-Q2,cogs
377480,마음AI,2025-Q1,cogs
377480,마음AI,2023-Q4,inventory
377480,마음AI,2023-Q1,cogs
377480,마음AI,2022-Q2,cogs
377480,마음AI,2022-Q3,cogs
377480,마음AI,2024-Q4,cogs
377480,마음AI,2024-Q2,cogs
377480,마음AI,2022-Q4,cogs
377480,마음AI,2021-Q4,inventory
377480,마음AI,2025-Q3,cogs
377480,마음AI,2023-Q4,cogs
377480,마음AI,2023-Q2,inventory
377480,마음AI,2024-Q1,inventory
377480,마음AI,2022-Q1,inventory
377480,마음AI,2023-Q3,inventory
377480,마음AI,2021-Q4,cogs
377480,마음AI,2022-Q3,inventory
377480,마음AI,2025-Q2,cogs
377480,마음AI,2023-Q1,inventory
377480,마음AI,2022-Q2,inventory
377480,마음AI,2024-Q3,cogs
377480,마음AI,2022-Q4,inventory
377480,마음AI,2024-Q1,cogs
195500,마니커에프앤지,2021-Q2,capex
195500,마니커에프앤지,2022-Q3,net_income
093520,매커스,2022-Q3,capex
093520,매커스,2023-Q1,capex
093520,매커스,2024-Q2,capex
093520,매커스,2024-Q4,capex
093520,매커스,2022-Q4,capex
093520,매커스,2021-Q2,capex
093520,매커스,2021-Q3,capex
093520,매커스,2020-Q1,capex
093520,매커스,2021-Q1,capex
093520,매커스,2020-Q3,capex
093520,매커스,2025-Q3,capex
093520,매커스,2023-Q4,capex
093520,매커스,2021-Q4,capex
093520,매커스,2020-Q4,capex
093520,매커스,2025-Q2,capex
093520,매커스,2024-Q3,capex
093520,매커스,2024-Q1,capex
093520,매커스,2022-Q1,capex
093520,매커스,2020-Q2,capex
093520,매커스,2023-Q2,capex
093520,매커스,2023-Q3,capex
093520,매커스,2025-Q1,capex
093520,매커스,2022-Q2,capex
067280,멀티캠퍼스,2021-Q2,inventory
067280,멀티캠퍼스,2021-Q3,inventory
067280,멀티캠퍼스,2020-Q3,inventory
067280,멀티캠퍼스,2025-Q3,inventory
067280,멀티캠퍼스,2023-Q4,inventory
067280,멀티캠퍼스,2021-Q4,inventory
067280,멀티캠퍼스,2020-Q1,inventory
067280,멀티캠퍼스,2020-Q4,inventory
067280,멀티캠퍼스,2025-Q2,inventory
067280,멀티캠퍼스,2024-Q3,inventory
067280,멀티캠퍼스,2020-Q2,inventory
067280,멀티캠퍼스,2023-Q2,inventory
067280,멀티캠퍼스,2024-Q1,inventory
067280,멀티캠퍼스,2020-Q2,net_income
067280,멀티캠퍼스,2022-Q1,inventory
067280,멀티캠퍼스,2023-Q3,inventory
067280,멀티캠퍼스,2023-Q2,net_income
067280,멀티캠퍼스,2023-Q3,net_income
067280,멀티캠퍼스,2025-Q1,inventory
067280,멀티캠퍼스,2022-Q3,inventory
067280,멀티캠퍼스,2023-Q1,inventory
067280,멀티캠퍼스,2022-Q2,inventory
067280,멀티캠퍼스,2024-Q2,inventory
067280,멀티캠퍼스,2024-Q4,inventory
067280,멀티캠퍼스,2022-Q4,inventory
067280,멀티캠퍼스,2021-Q1,inventory
021880,메이슨캐피탈,2025-Q1,current_assets
021880,메이슨캐피탈,2023-Q3,cogs
021880,메이슨캐피탈,2025-Q4,cogs
021880,메이슨캐피탈,2024-Q3,ap
021880,메이슨캐피탈,2023-Q3,ar
021880,메이슨캐피탈,2025-Q4,ar
021880,메이슨캐피탈,2025-Q1,ar
021880,메이슨캐피탈,2025-Q1,cogs
021880,메이슨캐피탈,2024-Q2,current_assets
021880,메이슨캐피탈,2024-Q4,current_assets
021880,메이슨캐피탈,2023-Q4,inventory
021880,메이슨캐피탈,2025-Q3,inventory
021880,메이슨캐피탈,2024-Q1,ap
021880,메이슨캐피탈,2023-Q3,ap
021880,메이슨캐피탈,2025-Q4,ap
021880,메이슨캐피탈,2024-Q4,cogs
021880,메이슨캐피탈,2024-Q2,ar
021880,메이슨캐피탈,2024-Q4,ar
021880,메이슨캐피탈,2024-Q1,revenue
021880,메이슨캐피탈,2025-Q3,current_liab
021880,메이슨캐피탈,2023-Q4,current_liab
021880,메이슨캐피탈,2023-Q3,revenue
021880,메이슨캐피탈,2024-Q2,cogs
021880,메이슨캐피탈,2025-Q1,ap
021880,메이슨캐피탈,2025-Q2,inventory
021880,메이슨캐피탈,2023-Q4,op_income
021880,메이슨캐피탈,2024-Q2,ap
021880,메이슨캐피탈,2024-Q4,ap
021880,메이슨캐피탈,2024-Q3,inventory
021880,메이슨캐피탈,2025-Q3,current_assets
021880,메이슨캐피탈,2023-Q4,current_assets
021880,메이슨캐피탈,2025-Q2,ap
021880,메이슨캐피탈,2025-Q2,current_liab
021880,메이슨캐피탈,2025-Q4,current_assets
021880,메이슨캐피탈,2025-Q3,cogs
021880,메이슨캐피탈,2024-Q3,current_liab
021880,메이슨캐피탈,2023-Q4,cogs
021880,메이슨캐피탈,2025-Q3,ar
021880,메이슨캐피탈,2023-Q4,ar
021880,메이슨캐피탈,2024-Q1,inventory
021880,메이슨캐피탈,2023-Q3,inventory
021880,메이슨캐피탈,2025-Q4,inventory
021880,메이슨캐피탈,2024-Q1,current_liab
021880,메이슨캐피탈,2024-Q2,current_liab
021880,메이슨캐피탈,2023-Q3,current_liab
021880,메이슨캐피탈,2025-Q1,inventory
021880,메이슨캐피탈,2025-Q2,current_assets
021880,메이슨캐피탈,2023-Q4,ap
021880,메이슨캐피탈,2024-Q3,current_assets
021880,메이슨캐피탈,2025-Q2,ar
021880,메이슨캐피탈,2025-Q3,ap
021880,메이슨캐피탈,2025-Q4,current_liab
021880,메이슨캐피탈,2024-Q1,op_income
021880,메이슨캐피탈,2024-Q3,ar
021880,메이슨캐피탈,2025-Q2,cogs
021880,메이슨캐피탈,2023-Q4,revenue
021880,메이슨캐피탈,2024-Q2,inventory
021880,메이슨캐피탈,2024-Q3,cogs
021880,메이슨캐피탈,2024-Q4,inventory
021880,메이슨캐피탈,2025-Q1,current_liab
021880,메이슨캐피탈,2023-Q3,op_income
021880,메이슨캐피탈,2024-Q1,current_assets
021880,메이슨캐피탈,2023-Q3,current_assets
021880,메이슨캐피탈,2024-Q4,current_liab
021880,메이슨캐피탈,2024-Q1,ar
021880,메이슨캐피탈,2024-Q1,cogs
408920,메쎄이상,2024-Q3,ap
408920,메쎄이상,2022-Q4,capex
408920,메쎄이상,2025-Q3,inventory
408920,메쎄이상,2024-Q1,ap
408920,메쎄이상,2023-Q3,ap
408920,메쎄이상,2025-Q1,ap
408920,메쎄이상,2023-Q1,ap
408920,메쎄이상,2025-Q2,inventory
408920,메쎄이상,2024-Q2,ap
408920,메쎄이상,2024-Q4,ap
408920,메쎄이상,2024-Q3,inventory
408920,메쎄이상,2023-Q2,inventory
408920,메쎄이상,2024-Q1,inventory
408920,메쎄이상,2023-Q3,inventory
408920,메쎄이상,2025-Q1,inventory
408920,메쎄이상,2025-Q3,ap
408920,메쎄이상,2023-Q4,ap
408920,메쎄이상,2023-Q1,inventory
408920,메쎄이상,2024-Q2,inventory
408920,메쎄이상,2024-Q4,inventory
408920,메쎄이상,2022-Q4,inventory
408920,메쎄이상,2025-Q2,ap
235980,메드팩토,2021-Q2,inventory
235980,메드팩토,2021-Q3,inventory
235980,메드팩토,2020-Q3,inventory
235980,메드팩토,2023-Q4,inventory
235980,메드팩토,2021-Q4,inventory
235980,메드팩토,2021-Q1,inventory
235980,메드팩토,2025-Q3,capex
235980,메드팩토,2020-Q4,inventory
235980,메드팩토,2021-Q3,cogs
235980,메드팩토,2024-Q3,inventory
235980,메드팩토,2020-Q2,inventory
235980,메드팩토,2023-Q2,inventory
235980,메드팩토,2025-Q2,capex
235980,메드팩토,2024-Q1,inventory
235980,메드팩토,2022-Q1,inventory
235980,메드팩토,2023-Q3,inventory
235980,메드팩토,2021-Q3,revenue
235980,메드팩토,2022-Q3,inventory
235980,메드팩토,2023-Q1,inventory
235980,메드팩토,2022-Q2,inventory
235980,메드팩토,2024-Q2,inventory
235980,메드팩토,2024-Q4,inventory
235980,메드팩토,2022-Q4,inventory
235980,메드팩토,2025-Q1,capex
235980,메드팩토,2020-Q1,inventory
054180,메디콕스,2020-Q1,capex
140410,메지온,2022-Q1,cogs
140410,메지온,2023-Q3,cogs
140410,메지온,2023-Q2,cogs
140410,메지온,2020-Q4,revenue
140410,메지온,2024-Q3,revenue
140410,메지온,2020-Q2,cfo
140410,메지온,2025-Q1,cogs
140410,메지온,2024-Q1,cfo
140410,메지온,2022-Q1,cfo
140410,메지온,2023-Q1,cogs
140410,메지온,2022-Q2,cogs
140410,메지온,2020-Q1,capex
140410,메지온,2022-Q3,cogs
140410,메지온,2020-Q2,revenue
140410,메지온,2024-Q4,cogs
140410,메지온,2025-Q3,net_income
140410,메지온,2024-Q1,revenue
140410,메지온,2024-Q2,cogs
140410,메지온,2022-Q1,revenue
140410,메지온,2022-Q4,cogs
140410,메지온,2025-Q1,cfo
140410,메지온,2023-Q1,cfo
140410,메지온,2021-Q1,cogs
140410,메지온,2024-Q4,cfo
140410,메지온,2025-Q1,revenue
140410,메지온,2021-Q2,cogs
140410,메지온,2021-Q3,cogs
140410,메지온,2020-Q1,cogs
140410,메지온,2022-Q4,cfo
140410,메지온,2023-Q4,op_income
140410,메지온,2024-Q1,cogs
140410,메지온,2020-Q3,cogs
140410,메지온,2023-Q1,revenue
140410,메지온,2024-Q3,net_income
140410,메지온,2024-Q4,revenue
140410,메지온,2025-Q3,cogs
140410,메지온,2022-Q4,revenue
140410,메지온,2023-Q4,cogs
140410,메지온,2024-Q1,net_income
140410,메지온,2020-Q3,cfo
140410,메지온,2025-Q3,cfo
140410,메지온,2020-Q1,revenue
140410,메지온,2021-Q4,cogs
140410,메지온,2020-Q3,revenue
140410,메지온,2023-Q4,cfo
140410,메지온,2020-Q4,cogs
140410,메지온,2025-Q1,net_income
140410,메지온,2025-Q2,cogs
140410,메지온,2025-Q3,revenue
140410,메지온,2023-Q4,revenue
140410,메지온,2024-Q3,cogs
140410,메지온,2021-Q4,cfo
140410,메지온,2020-Q4,cfo
140410,메지온,2020-Q2,cogs
140410,메지온,2024-Q3,cfo
140410,메지온,2021-Q4,revenue
417970,모델솔루션,2024-Q1,capex
058110,멕아이씨에스,2025-Q1,ap
080160,모두투어,2022-Q3,capex
080160,모두투어,2023-Q1,capex
080160,모두투어,2024-Q2,capex
080160,모두투어,2024-Q4,capex
080160,모두투어,2022-Q4,capex
080160,모두투어,2021-Q2,capex
080160,모두투어,2021-Q3,capex
080160,모두투어,2020-Q1,capex
080160,모두투어,2021-Q1,capex
080160,모두투어,2020-Q3,capex
080160,모두투어,2025-Q3,capex
080160,모두투어,2023-Q4,capex
080160,모두투어,2021-Q4,capex
080160,모두투어,2020-Q4,capex
080160,모두투어,2025-Q2,capex
080160,모두투어,2024-Q3,capex
080160,모두투어,2024-Q1,capex
080160,모두투어,2022-Q1,capex
080160,모두투어,2020-Q2,capex
080160,모두투어,2023-Q2,capex
080160,모두투어,2023-Q3,capex
080160,모두투어,2025-Q1,capex
080160,모두투어,2022-Q2,capex
348030,모비릭스,2022-Q1,cogs
348030,모비릭스,2023-Q3,cogs
348030,모비릭스,2021-Q2,inventory
348030,모비릭스,2021-Q3,inventory
348030,모비릭스,2023-Q2,cogs
348030,모비릭스,2020-Q4,revenue
348030,모비릭스,2024-Q3,revenue
348030,모비릭스,2025-Q1,cogs
348030,모비릭스,2025-Q3,inventory
348030,모비릭스,2023-Q4,inventory
348030,모비릭스,2023-Q1,cogs
348030,모비릭스,2022-Q2,cogs
348030,모비릭스,2022-Q3,cogs
348030,모비릭스,2024-Q4,cogs
348030,모비릭스,2023-Q2,revenue
348030,모비릭스,2024-Q1,revenue
348030,모비릭스,2024-Q2,cogs
348030,모비릭스,2022-Q1,revenue
348030,모비릭스,2022-Q4,cogs
348030,모비릭스,2023-Q3,revenue
348030,모비릭스,2021-Q4,inventory
348030,모비릭스,2021-Q1,inventory
348030,모비릭스,2021-Q1,cogs
348030,모비릭스,2020-Q4,inventory
348030,모비릭스,2025-Q2,inventory
348030,모비릭스,2021-Q2,cogs
348030,모비릭스,2021-Q3,cogs
348030,모비릭스,2024-Q3,inventory
348030,모비릭스,2024-Q1,cogs
348030,모비릭스,2023-Q1,revenue
348030,모비릭스,2022-Q2,revenue
348030,모비릭스,2024-Q2,revenue
348030,모비릭스,2022-Q3,revenue
348030,모비릭스,2025-Q3,cogs
348030,모비릭스,2022-Q4,revenue
348030,모비릭스,2023-Q4,cogs
348030,모비릭스,2023-Q2,inventory
348030,모비릭스,2024-Q1,inventory
348030,모비릭스,2022-Q1,inventory
348030,모비릭스,2023-Q3,inventory
348030,모비릭스,2021-Q1,revenue
348030,모비릭스,2021-Q2,revenue
348030,모비릭스,2021-Q3,revenue
348030,모비릭스,2021-Q4,cogs
348030,모비릭스,2025-Q1,inventory
348030,모비릭스,2020-Q4,cogs
348030,모비릭스,2022-Q3,inventory
348030,모비릭스,2025-Q2,cogs
348030,모비릭스,2023-Q1,inventory
348030,모비릭스,2022-Q2,inventory
348030,모비릭스,2023-Q4,revenue
348030,모비릭스,2024-Q2,inventory
348030,모비릭스,2024-Q3,cogs
348030,모비릭스,2024-Q4,inventory
348030,모비릭스,2022-Q4,inventory
348030,모비릭스,2021-Q4,revenue
363260,모비데이즈,2022-Q1,cogs
363260,모비데이즈,2022-Q3,capex
363260,모비데이즈,2021-Q2,inventory
363260,모비데이즈,2021-Q3,inventory
363260,모비데이즈,2023-Q1,capex
363260,모비데이즈,2023-Q2,cogs
363260,모비데이즈,2023-Q3,cogs
363260,모비데이즈,2024-Q2,capex
363260,모비데이즈,2024-Q4,capex
363260,모비데이즈,2022-Q4,capex
363260,모비데이즈,2023-Q1,cogs
363260,모비데이즈,2021-Q2,capex
363260,모비데이즈,2021-Q3,capex
363260,모비데이즈,2021-Q1,capex
363260,모비데이즈,2022-Q2,cogs
363260,모비데이즈,2022-Q3,cogs
363260,모비데이즈,2022-Q4,cogs
363260,모비데이즈,2021-Q4,inventory
363260,모비데이즈,2021-Q1,cogs
363260,모비데이즈,2020-Q4,inventory
363260,모비데이즈,2022-Q2,ap
363260,모비데이즈,2023-Q1,ap
363260,모비데이즈,2023-Q4,capex
363260,모비데이즈,2021-Q2,cogs
363260,모비데이즈,2021-Q3,cogs
363260,모비데이즈,2022-Q3,ap
363260,모비데이즈,2025-Q3,capex
363260,모비데이즈,2022-Q4,ap
363260,모비데이즈,2021-Q4,capex
363260,모비데이즈,2020-Q4,capex
363260,모비데이즈,2025-Q2,capex
363260,모비데이즈,2024-Q3,capex
363260,모비데이즈,2022-Q1,inventory
363260,모비데이즈,2021-Q1,revenue
363260,모비데이즈,2021-Q4,cogs
363260,모비데이즈,2020-Q4,ar
363260,모비데이즈,2024-Q1,capex
363260,모비데이즈,2020-Q4,cogs
363260,모비데이즈,2022-Q1,capex
363260,모비데이즈,2023-Q2,capex
363260,모비데이즈,2023-Q3,capex
363260,모비데이즈,2025-Q1,capex
363260,모비데이즈,2022-Q2,capex
363260,모비데이즈,2021-Q1,inventory
288980,모아데이타,2021-Q4,capex
288980,모아데이타,2022-Q3,capex
288980,모아데이타,2024-Q1,capex
288980,모아데이타,2023-Q1,capex
288980,모아데이타,2022-Q1,capex
288980,모아데이타,2023-Q2,capex
288980,모아데이타,2024-Q2,capex
288980,모아데이타,2024-Q4,capex
288980,모아데이타,2025-Q2,capex
288980,모아데이타,2023-Q3,capex
288980,모아데이타,2024-Q3,capex
288980,모아데이타,2022-Q4,capex
288980,모아데이타,2025-Q3,capex
288980,모아데이타,2023-Q4,capex
288980,모아데이타,2025-Q1,capex
288980,모아데이타,2022-Q2,capex
250060,모비스,2025-Q2,inventory
250060,모비스,2025-Q3,inventory
250060,모비스,2025-Q1,inventory
442900,미래에셋드림스팩1호,2023-Q3,cogs
442900,미래에셋드림스팩1호,2024-Q3,ap
442900,미래에셋드림스팩1호,2023-Q3,ar
442900,미래에셋드림스팩1호,2024-Q2,capex
442900,미래에셋드림스팩1호,2024-Q4,capex
442900,미래에셋드림스팩1호,2025-Q1,ar
442900,미래에셋드림스팩1호,2025-Q1,cogs
442900,미래에셋드림스팩1호,2023-Q4,inventory
442900,미래에셋드림스팩1호,2024-Q1,ap
442900,미래에셋드림스팩1호,2023-Q3,ap
442900,미래에셋드림스팩1호,2024-Q4,cogs
442900,미래에셋드림스팩1호,2024-Q2,ar
442900,미래에셋드림스팩1호,2024-Q4,ar
442900,미래에셋드림스팩1호,2024-Q2,cogs
442900,미래에셋드림스팩1호,2025-Q1,ap
442900,미래에셋드림스팩1호,2023-Q4,capex
442900,미래에셋드림스팩1호,2025-Q2,inventory
442900,미래에셋드림스팩1호,2024-Q2,ap
442900,미래에셋드림스팩1호,2024-Q4,ap
442900,미래에셋드림스팩1호,2024-Q3,inventory
442900,미래에셋드림스팩1호,2025-Q2,ap
442900,미래에셋드림스팩1호,2024-Q4,revenue
442900,미래에셋드림스팩1호,2023-Q4,cogs
442900,미래에셋드림스팩1호,2025-Q2,capex
442900,미래에셋드림스팩1호,2023-Q4,ar
442900,미래에셋드림스팩1호,2024-Q1,inventory
442900,미래에셋드림스팩1호,2024-Q3,capex
442900,미래에셋드림스팩1호,2023-Q3,inventory
442900,미래에셋드림스팩1호,2025-Q1,inventory
442900,미래에셋드림스팩1호,2023-Q4,ap
442900,미래에셋드림스팩1호,2025-Q2,ar
442900,미래에셋드림스팩1호,2024-Q1,capex
442900,미래에셋드림스팩1호,2025-Q2,cogs
442900,미래에셋드림스팩1호,2024-Q3,ar
442900,미래에셋드림스팩1호,2024-Q2,inventory
442900,미래에셋드림스팩1호,2024-Q3,cogs
442900,미래에셋드림스팩1호,2023-Q3,capex
442900,미래에셋드림스팩1호,2024-Q4,inventory
442900,미래에셋드림스팩1호,2025-Q1,capex
442900,미래에셋드림스팩1호,2024-Q1,ar
442900,미래에셋드림스팩1호,2024-Q1,cogs
254490,미래반도체,2024-Q1,capex
254490,미래반도체,2023-Q1,capex
254490,미래반도체,2023-Q2,capex
254490,미래반도체,2024-Q2,capex
254490,미래반도체,2024-Q4,capex
254490,미래반도체,2025-Q2,capex
254490,미래반도체,2023-Q3,capex
254490,미래반도체,2024-Q3,capex
254490,미래반도체,2022-Q4,capex
254490,미래반도체,2025-Q3,capex
254490,미래반도체,2023-Q4,capex
254490,미래반도체,2025-Q1,capex
100790,미래에셋벤처투자,2025-Q1,current_assets
100790,미래에셋벤처투자,2023-Q3,cogs
100790,미래에셋벤처투자,2024-Q3,ap
100790,미래에셋벤처투자,2023-Q3,ar
100790,미래에셋벤처투자,2024-Q4,op_income
100790,미래에셋벤처투자,2024-Q2,op_income
100790,미래에셋벤처투자,2025-Q1,ar
100790,미래에셋벤처투자,2025-Q1,cogs
100790,미래에셋벤처투자,2024-Q2,current_assets
100790,미래에셋벤처투자,2024-Q4,current_assets
100790,미래에셋벤처투자,2023-Q4,inventory
100790,미래에셋벤처투자,2025-Q3,inventory
100790,미래에셋벤처투자,2024-Q1,ap
100790,미래에셋벤처투자,2025-Q3,interest_expense
100790,미래에셋벤처투자,2023-Q3,ap
100790,미래에셋벤처투자,2024-Q4,cogs
100790,미래에셋벤처투자,2024-Q2,ar
100790,미래에셋벤처투자,2024-Q4,ar
100790,미래에셋벤처투자,2025-Q3,current_liab
100790,미래에셋벤처투자,2023-Q4,current_liab
100790,미래에셋벤처투자,2024-Q2,cogs
100790,미래에셋벤처투자,2025-Q1,ap
100790,미래에셋벤처투자,2025-Q3,op_income
100790,미래에셋벤처투자,2025-Q2,inventory
100790,미래에셋벤처투자,2023-Q4,op_income
100790,미래에셋벤처투자,2024-Q2,ap
100790,미래에셋벤처투자,2024-Q4,ap
100790,미래에셋벤처투자,2024-Q3,inventory
100790,미래에셋벤처투자,2025-Q2,interest_expense
100790,미래에셋벤처투자,2025-Q3,current_assets
100790,미래에셋벤처투자,2023-Q4,current_assets
100790,미래에셋벤처투자,2025-Q2,ap
100790,미래에셋벤처투자,2025-Q2,current_liab
100790,미래에셋벤처투자,2025-Q3,cogs
100790,미래에셋벤처투자,2024-Q3,current_liab
100790,미래에셋벤처투자,2023-Q4,cogs
100790,미래에셋벤처투자,2025-Q3,ar
100790,미래에셋벤처투자,2023-Q4,ar
100790,미래에셋벤처투자,2024-Q1,inventory
100790,미래에셋벤처투자,2025-Q2,op_income
100790,미래에셋벤처투자,2023-Q3,inventory
100790,미래에셋벤처투자,2024-Q3,op_income
100790,미래에셋벤처투자,2024-Q1,current_liab
100790,미래에셋벤처투자,2024-Q2,current_liab
100790,미래에셋벤처투자,2023-Q3,current_liab
100790,미래에셋벤처투자,2025-Q1,inventory
100790,미래에셋벤처투자,2025-Q2,current_assets
100790,미래에셋벤처투자,2023-Q4,ap
100790,미래에셋벤처투자,2024-Q3,current_assets
100790,미래에셋벤처투자,2025-Q1,interest_expense
100790,미래에셋벤처투자,2025-Q2,ar
100790,미래에셋벤처투자,2025-Q3,ap
100790,미래에셋벤처투자,2024-Q1,op_income
100790,미래에셋벤처투자,2024-Q3,ar
100790,미래에셋벤처투자,2025-Q2,cogs
100790,미래에셋벤처투자,2024-Q2,inventory
100790,미래에셋벤처투자,2024-Q3,cogs
100790,미래에셋벤처투자,2023-Q3,capex
100790,미래에셋벤처투자,2024-Q4,inventory
100790,미래에셋벤처투자,2025-Q1,current_liab
100790,미래에셋벤처투자,2023-Q3,op_income
100790,미래에셋벤처투자,2024-Q1,current_assets
100790,미래에셋벤처투자,2025-Q1,op_income
100790,미래에셋벤처투자,2023-Q3,current_assets
100790,미래에셋벤처투자,2024-Q4,current_liab
100790,미래에셋벤처투자,2024-Q1,ar
100790,미래에셋벤처투자,2024-Q1,cogs
446190,미래에셋비전스팩2호,2025-Q1,current_assets
446190,미래에셋비전스팩2호,2023-Q3,cogs
446190,미래에셋비전스팩2호,2024-Q3,ap
446190,미래에셋비전스팩2호,2023-Q3,ar
446190,미래에셋비전스팩2호,2024-Q4,op_income
446190,미래에셋비전스팩2호,2024-Q2,capex
446190,미래에셋비전스팩2호,2024-Q4,capex
446190,미래에셋비전스팩2호,2024-Q2,op_income
446190,미래에셋비전스팩2호,2025-Q1,ar
446190,미래에셋비전스팩2호,2024-Q3,revenue
446190,미래에셋비전스팩2호,2025-Q1,cogs
446190,미래에셋비전스팩2호,2024-Q1,cfo
446190,미래에셋비전스팩2호,2024-Q2,current_assets
446190,미래에셋비전스팩2호,2023-Q3,cfo
446190,미래에셋비전스팩2호,2023-Q4,inventory
446190,미래에셋비전스팩2호,2024-Q4,current_assets
446190,미래에셋비전스팩2호,2024-Q1,ap
446190,미래에셋비전스팩2호,2023-Q3,ap
446190,미래에셋비전스팩2호,2024-Q4,cogs
446190,미래에셋비전스팩2호,2024-Q2,ar
446190,미래에셋비전스팩2호,2024-Q4,ar
446190,미래에셋비전스팩2호,2024-Q1,revenue
446190,미래에셋비전스팩2호,2024-Q2,cogs
446190,미래에셋비전스팩2호,2023-Q3,revenue
446190,미래에셋비전스팩2호,2025-Q1,ap
446190,미래에셋비전스팩2호,2023-Q4,capex
446190,미래에셋비전스팩2호,2025-Q2,inventory
446190,미래에셋비전스팩2호,2023-Q4,op_income
446190,미래에셋비전스팩2호,2024-Q2,ap
446190,미래에셋비전스팩2호,2024-Q4,ap
446190,미래에셋비전스팩2호,2024-Q3,inventory
446190,미래에셋비전스팩2호,2025-Q2,ap
446190,미래에셋비전스팩2호,2024-Q2,revenue
446190,미래에셋비전스팩2호,2024-Q4,revenue
446190,미래에셋비전스팩2호,2025-Q2,current_liab
446190,미래에셋비전스팩2호,2024-Q3,current_liab
446190,미래에셋비전스팩2호,2023-Q4,cogs
446190,미래에셋비전스팩2호,2025-Q2,capex
446190,미래에셋비전스팩2호,2023-Q4,ar
446190,미래에셋비전스팩2호,2024-Q1,inventory
446190,미래에셋비전스팩2호,2025-Q2,op_income
446190,미래에셋비전스팩2호,2024-Q3,capex
446190,미래에셋비전스팩2호,2023-Q3,inventory
446190,미래에셋비전스팩2호,2024-Q3,op_income
446190,미래에셋비전스팩2호,2024-Q1,current_liab
446190,미래에셋비전스팩2호,2025-Q2,current_assets
446190,미래에셋비전스팩2호,2025-Q1,inventory
446190,미래에셋비전스팩2호,2023-Q4,ap
446190,미래에셋비전스팩2호,2023-Q4,cfo
446190,미래에셋비전스팩2호,2024-Q1,capex
446190,미래에셋비전스팩2호,2024-Q3,current_assets
446190,미래에셋비전스팩2호,2025-Q2,ar
446190,미래에셋비전스팩2호,2024-Q1,op_income
446190,미래에셋비전스팩2호,2024-Q3,ar
446190,미래에셋비전스팩2호,2025-Q2,cogs
446190,미래에셋비전스팩2호,2023-Q4,revenue
446190,미래에셋비전스팩2호,2024-Q2,inventory
446190,미래에셋비전스팩2호,2023-Q3,capex
446190,미래에셋비전스팩2호,2024-Q3,cogs
446190,미래에셋비전스팩2호,2024-Q4,inventory
446190,미래에셋비전스팩2호,2023-Q3,op_income
446190,미래에셋비전스팩2호,2025-Q1,current_liab
446190,미래에셋비전스팩2호,2025-Q1,capex
446190,미래에셋비전스팩2호,2024-Q1,current_assets
446190,미래에셋비전스팩2호,2025-Q1,op_income
446190,미래에셋비전스팩2호,2024-Q2,current_liab
446190,미래에셋비전스팩2호,2024-Q4,current_liab
446190,미래에셋비전스팩2호,2024-Q1,ar
446190,미래에셋비전스팩2호,2024-Q1,cogs
477380,미래에셋비전스팩4호,2024-Q3,ap
477380,미래에셋비전스팩4호,2024-Q2,capex
477380,미래에셋비전스팩4호,2024-Q4,capex
477380,미래에셋비전스팩4호,2025-Q2,revenue
477380,미래에셋비전스팩4호,2025-Q1,ar
477380,미래에셋비전스팩4호,2024-Q3,revenue
477380,미래에셋비전스팩4호,2025-Q1,cogs
477380,미래에셋비전스팩4호,2025-Q3,inventory
477380,미래에셋비전스팩4호,2024-Q4,cogs
477380,미래에셋비전스팩4호,2024-Q2,ar
477380,미래에셋비전스팩4호,2024-Q4,ar
477380,미래에셋비전스팩4호,2025-Q3,current_liab
477380,미래에셋비전스팩4호,2024-Q2,cogs
477380,미래에셋비전스팩4호,2025-Q1,ap
477380,미래에셋비전스팩4호,2025-Q3,capex
477380,미래에셋비전스팩4호,2025-Q1,revenue
477380,미래에셋비전스팩4호,2025-Q2,inventory
477380,미래에셋비전스팩4호,2024-Q2,ap
477380,미래에셋비전스팩4호,2024-Q4,ap
477380,미래에셋비전스팩4호,2024-Q3,inventory
477380,미래에셋비전스팩4호,2024-Q2,revenue
477380,미래에셋비전스팩4호,2024-Q4,revenue
477380,미래에셋비전스팩4호,2025-Q3,cogs
477380,미래에셋비전스팩4호,2025-Q3,ar
477380,미래에셋비전스팩4호,2025-Q2,capex
477380,미래에셋비전스팩4호,2024-Q3,capex
477380,미래에셋비전스팩4호,2025-Q3,cfo
477380,미래에셋비전스팩4호,2025-Q1,inventory
477380,미래에셋비전스팩4호,2025-Q3,ap
477380,미래에셋비전스팩4호,2025-Q2,ar
477380,미래에셋비전스팩4호,2025-Q2,cogs
477380,미래에셋비전스팩4호,2024-Q3,ar
477380,미래에셋비전스팩4호,2025-Q3,revenue
477380,미래에셋비전스팩4호,2024-Q2,inventory
477380,미래에셋비전스팩4호,2024-Q3,cogs
477380,미래에셋비전스팩4호,2024-Q4,inventory
477380,미래에셋비전스팩4호,2025-Q1,current_liab
477380,미래에셋비전스팩4호,2025-Q1,capex
477380,미래에셋비전스팩4호,2025-Q2,ap
448830,미래에셋비전스팩3호,2023-Q3,cogs
448830,미래에셋비전스팩3호,2024-Q3,ap
448830,미래에셋비전스팩3호,2023-Q3,ar
448830,미래에셋비전스팩3호,2024-Q2,capex
448830,미래에셋비전스팩3호,2024-Q4,capex
448830,미래에셋비전스팩3호,2025-Q1,ar
448830,미래에셋비전스팩3호,2025-Q1,cogs
448830,미래에셋비전스팩3호,2025-Q3,inventory
448830,미래에셋비전스팩3호,2023-Q4,inventory
448830,미래에셋비전스팩3호,2024-Q1,ap
448830,미래에셋비전스팩3호,2023-Q3,ap
448830,미래에셋비전스팩3호,2024-Q4,cogs
448830,미래에셋비전스팩3호,2024-Q2,ar
448830,미래에셋비전스팩3호,2024-Q4,ar
448830,미래에셋비전스팩3호,2024-Q2,cogs
448830,미래에셋비전스팩3호,2023-Q3,revenue
448830,미래에셋비전스팩3호,2025-Q1,ap
448830,미래에셋비전스팩3호,2025-Q3,capex
448830,미래에셋비전스팩3호,2023-Q4,capex
448830,미래에셋비전스팩3호,2025-Q2,inventory
448830,미래에셋비전스팩3호,2024-Q2,ap
448830,미래에셋비전스팩3호,2024-Q4,ap
448830,미래에셋비전스팩3호,2024-Q3,inventory
448830,미래에셋비전스팩3호,2025-Q2,ap
448830,미래에셋비전스팩3호,2025-Q3,cogs
448830,미래에셋비전스팩3호,2023-Q4,cogs
448830,미래에셋비전스팩3호,2025-Q3,ar
448830,미래에셋비전스팩3호,2025-Q2,capex
448830,미래에셋비전스팩3호,2023-Q4,ar
448830,미래에셋비전스팩3호,2024-Q1,inventory
448830,미래에셋비전스팩3호,2024-Q3,capex
448830,미래에셋비전스팩3호,2023-Q3,inventory
448830,미래에셋비전스팩3호,2025-Q1,inventory
448830,미래에셋비전스팩3호,2025-Q3,ap
448830,미래에셋비전스팩3호,2023-Q4,ap
448830,미래에셋비전스팩3호,2025-Q2,ar
448830,미래에셋비전스팩3호,2024-Q1,capex
448830,미래에셋비전스팩3호,2025-Q2,cogs
448830,미래에셋비전스팩3호,2024-Q3,ar
448830,미래에셋비전스팩3호,2024-Q2,inventory
448830,미래에셋비전스팩3호,2024-Q3,cogs
448830,미래에셋비전스팩3호,2023-Q3,capex
448830,미래에셋비전스팩3호,2024-Q4,inventory
448830,미래에셋비전스팩3호,2025-Q1,capex
448830,미래에셋비전스팩3호,2024-Q1,ar
448830,미래에셋비전스팩3호,2024-Q1,cogs
478440,미래에셋비전스팩6호,2024-Q3,ap
478440,미래에셋비전스팩6호,2024-Q2,capex
478440,미래에셋비전스팩6호,2024-Q4,capex
478440,미래에셋비전스팩6호,2025-Q1,ar
478440,미래에셋비전스팩6호,2025-Q1,cogs
478440,미래에셋비전스팩6호,2025-Q3,inventory
478440,미래에셋비전스팩6호,2024-Q4,cogs
478440,미래에셋비전스팩6호,2024-Q2,ar
478440,미래에셋비전스팩6호,2024-Q4,ar
478440,미래에셋비전스팩6호,2024-Q2,cogs
478440,미래에셋비전스팩6호,2025-Q1,ap
478440,미래에셋비전스팩6호,2025-Q3,capex
478440,미래에셋비전스팩6호,2025-Q2,inventory
478440,미래에셋비전스팩6호,2024-Q2,ap
478440,미래에셋비전스팩6호,2024-Q4,ap
478440,미래에셋비전스팩6호,2024-Q3,inventory
478440,미래에셋비전스팩6호,2025-Q3,cogs
478440,미래에셋비전스팩6호,2025-Q3,ar
478440,미래에셋비전스팩6호,2025-Q2,capex
478440,미래에셋비전스팩6호,2024-Q3,capex
478440,미래에셋비전스팩6호,2025-Q1,inventory
478440,미래에셋비전스팩6호,2025-Q3,ap
478440,미래에셋비전스팩6호,2025-Q2,ar
478440,미래에셋비전스팩6호,2025-Q2,cogs
478440,미래에셋비전스팩6호,2024-Q3,ar
478440,미래에셋비전스팩6호,2024-Q2,inventory
478440,미래에셋비전스팩6호,2024-Q3,cogs
478440,미래에셋비전스팩6호,2024-Q4,inventory
478440,미래에셋비전스팩6호,2025-Q1,capex
478440,미래에셋비전스팩6호,2025-Q2,ap
482680,미래에셋비전스팩7호,2024-Q3,ap
482680,미래에셋비전스팩7호,2024-Q4,capex
482680,미래에셋비전스팩7호,2025-Q1,ar
482680,미래에셋비전스팩7호,2025-Q1,cogs
482680,미래에셋비전스팩7호,2025-Q3,inventory
482680,미래에셋비전스팩7호,2024-Q4,cogs
482680,미래에셋비전스팩7호,2024-Q4,ar
482680,미래에셋비전스팩7호,2025-Q1,ap
482680,미래에셋비전스팩7호,2025-Q3,capex
482680,미래에셋비전스팩7호,2025-Q2,inventory
482680,미래에셋비전스팩7호,2024-Q4,ap
482680,미래에셋비전스팩7호,2024-Q3,inventory
482680,미래에셋비전스팩7호,2025-Q3,cogs
482680,미래에셋비전스팩7호,2025-Q3,ar
482680,미래에셋비전스팩7호,2025-Q2,capex
482680,미래에셋비전스팩7호,2024-Q3,capex
482680,미래에셋비전스팩7호,2025-Q1,inventory
482680,미래에셋비전스팩7호,2025-Q3,ap
482680,미래에셋비전스팩7호,2025-Q2,ar
482680,미래에셋비전스팩7호,2025-Q2,cogs
482680,미래에셋비전스팩7호,2024-Q3,ar
482680,미래에셋비전스팩7호,2024-Q3,cogs
482680,미래에셋비전스팩7호,2024-Q4,inventory
482680,미래에셋비전스팩7호,2025-Q1,capex
482680,미래에셋비전스팩7호,2025-Q2,ap
477470,미래에셋비전스팩5호,2024-Q3,ap
477470,미래에셋비전스팩5호,2024-Q2,capex
477470,미래에셋비전스팩5호,2024-Q4,capex
477470,미래에셋비전스팩5호,2025-Q2,revenue
477470,미래에셋비전스팩5호,2025-Q1,ar
477470,미래에셋비전스팩5호,2024-Q3,revenue
477470,미래에셋비전스팩5호,2025-Q3,inventory
477470,미래에셋비전스팩5호,2024-Q2,ar
477470,미래에셋비전스팩5호,2024-Q4,ar
477470,미래에셋비전스팩5호,2025-Q1,ap
477470,미래에셋비전스팩5호,2025-Q3,capex
477470,미래에셋비전스팩5호,2025-Q1,revenue
477470,미래에셋비전스팩5호,2025-Q2,inventory
477470,미래에셋비전스팩5호,2024-Q2,ap
477470,미래에셋비전스팩5호,2024-Q4,ap
477470,미래에셋비전스팩5호,2024-Q3,inventory
477470,미래에셋비전스팩5호,2024-Q2,revenue
477470,미래에셋비전스팩5호,2024-Q4,revenue
477470,미래에셋비전스팩5호,2025-Q3,ar
477470,미래에셋비전스팩5호,2025-Q2,capex
477470,미래에셋비전스팩5호,2024-Q3,capex
477470,미래에셋비전스팩5호,2025-Q1,inventory
477470,미래에셋비전스팩5호,2025-Q3,ap
477470,미래에셋비전스팩5호,2025-Q2,ar
477470,미래에셋비전스팩5호,2024-Q3,ar
477470,미래에셋비전스팩5호,2024-Q2,inventory
477470,미래에셋비전스팩5호,2024-Q4,inventory
477470,미래에셋비전스팩5호,2025-Q1,capex
477470,미래에셋비전스팩5호,2025-Q2,ap
279600,미디어젠,2021-Q2,inventory
279600,미디어젠,2021-Q3,inventory
279600,미디어젠,2020-Q2,inventory
279600,미디어젠,2020-Q3,inventory
279600,미디어젠,2020-Q4,inventory
279600,미디어젠,2021-Q1,inventory
218150,미래생명자원,2022-Q1,capex
475460,미트박스,2024-Q4,revenue
475460,미트박스,2025-Q2,cogs
475460,미트박스,2025-Q3,cogs
475460,미트박스,2025-Q2,revenue
475460,미트박스,2025-Q3,revenue
475460,미트박스,2025-Q1,cogs
475460,미트박스,2025-Q1,revenue
475460,미트박스,2024-Q4,cogs
207760,미스터블루,2021-Q1,ap
207760,미스터블루,2021-Q2,ap
207760,미스터블루,2021-Q3,ap
207760,미스터블루,2020-Q3,ap
207760,미스터블루,2020-Q2,ap
207760,미스터블루,2020-Q4,ap
207760,미스터블루,2022-Q4,ap
201490,미투온,2021-Q2,inventory
201490,미투온,2021-Q3,inventory
201490,미투온,2022-Q3,inventory
201490,미투온,2023-Q1,inventory
201490,미투온,2022-Q2,inventory
201490,미투온,2020-Q2,inventory
201490,미투온,2020-Q3,inventory
201490,미투온,2021-Q4,inventory
201490,미투온,2020-Q1,inventory
201490,미투온,2022-Q1,inventory
201490,미투온,2020-Q4,inventory
201490,미투온,2022-Q4,inventory
201490,미투온,2021-Q1,inventory
018700,바른손,2022-Q1,cogs
018700,바른손,2020-Q4,cogs
018700,바른손,2021-Q1,cogs
018700,바른손,2021-Q2,cogs
018700,바른손,2021-Q3,cogs
018700,바른손,2020-Q1,cogs
018700,바른손,2022-Q2,cogs
018700,바른손,2020-Q2,cogs
018700,바른손,2022-Q3,cogs
035620,바른손이앤에이,2022-Q1,cogs
035620,바른손이앤에이,2023-Q3,cogs
035620,바른손이앤에이,2023-Q2,cogs
035620,바른손이앤에이,2020-Q4,revenue
035620,바른손이앤에이,2020-Q3,inventory
035620,바른손이앤에이,2025-Q3,inventory
035620,바른손이앤에이,2023-Q4,inventory
035620,바른손이앤에이,2023-Q1,cogs
035620,바른손이앤에이,2022-Q2,cogs
035620,바른손이앤에이,2021-Q1,capex
035620,바른손이앤에이,2020-Q1,capex
035620,바른손이앤에이,2022-Q3,cogs
035620,바른손이앤에이,2023-Q2,revenue
035620,바른손이앤에이,2024-Q1,revenue
035620,바른손이앤에이,2022-Q1,revenue
035620,바른손이앤에이,2022-Q4,cogs
035620,바른손이앤에이,2020-Q1,inventory
035620,바른손이앤에이,2021-Q1,cogs
035620,바른손이앤에이,2020-Q4,inventory
035620,바른손이앤에이,2025-Q2,inventory
035620,바른손이앤에이,2021-Q2,cogs
035620,바른손이앤에이,2021-Q3,cogs
035620,바른손이앤에이,2020-Q1,cogs
035620,바른손이앤에이,2024-Q3,inventory
035620,바른손이앤에이,2024-Q1,cogs
035620,바른손이앤에이,2020-Q3,cogs
035620,바른손이앤에이,2023-Q1,revenue
035620,바른손이앤에이,2022-Q4,revenue
035620,바른손이앤에이,2023-Q4,cogs
035620,바른손이앤에이,2020-Q2,inventory
035620,바른손이앤에이,2023-Q2,inventory
035620,바른손이앤에이,2024-Q1,inventory
035620,바른손이앤에이,2023-Q3,inventory
035620,바른손이앤에이,2021-Q1,revenue
035620,바른손이앤에이,2021-Q4,cogs
035620,바른손이앤에이,2025-Q1,inventory
035620,바른손이앤에이,2024-Q1,capex
035620,바른손이앤에이,2020-Q4,cogs
035620,바른손이앤에이,2023-Q1,inventory
035620,바른손이앤에이,2023-Q4,revenue
035620,바른손이앤에이,2024-Q2,inventory
035620,바른손이앤에이,2024-Q4,inventory
035620,바른손이앤에이,2022-Q4,inventory
035620,바른손이앤에이,2020-Q2,cogs
035620,바른손이앤에이,2021-Q4,revenue
314930,바이오다인,2020-Q4,capex
314930,바이오다인,2021-Q2,capex
314930,바이오다인,2021-Q1,capex
199730,바이오인프라,2024-Q4,op_income
199730,바이오인프라,2024-Q2,op_income
199730,바이오인프라,2024-Q3,revenue
199730,바이오인프라,2025-Q3,inventory
199730,바이오인프라,2023-Q4,inventory
199730,바이오인프라,2024-Q4,cogs
199730,바이오인프라,2024-Q2,cogs
199730,바이오인프라,2025-Q2,inventory
199730,바이오인프라,2024-Q3,inventory
199730,바이오인프라,2024-Q3,net_income
199730,바이오인프라,2024-Q2,revenue
199730,바이오인프라,2024-Q4,revenue
199730,바이오인프라,2023-Q2,inventory
199730,바이오인프라,2024-Q1,inventory
199730,바이오인프라,2023-Q3,inventory
199730,바이오인프라,2024-Q3,op_income
199730,바이오인프라,2025-Q1,inventory
199730,바이오인프라,2023-Q1,inventory
199730,바이오인프라,2024-Q2,inventory
199730,바이오인프라,2024-Q3,cogs
199730,바이오인프라,2024-Q4,inventory
199730,바이오인프라,2022-Q4,inventory
199730,바이오인프라,2024-Q2,net_income
199730,바이오인프라,2024-Q4,net_income
199480,뱅크웨어글로벌,2024-Q4,inventory
199480,뱅크웨어글로벌,2025-Q3,inventory
199480,뱅크웨어글로벌,2025-Q2,inventory
199480,뱅크웨어글로벌,2024-Q3,inventory
199480,뱅크웨어글로벌,2025-Q1,inventory
308080,바이젠셀,2022-Q3,capex
308080,바이젠셀,2023-Q1,capex
308080,바이젠셀,2021-Q3,inventory
308080,바이젠셀,2024-Q2,capex
308080,바이젠셀,2024-Q4,capex
308080,바이젠셀,2022-Q4,capex
308080,바이젠셀,2025-Q3,inventory
308080,바이젠셀,2023-Q4,inventory
308080,바이젠셀,2021-Q3,capex
308080,바이젠셀,2021-Q4,inventory
308080,바이젠셀,2023-Q4,capex
308080,바이젠셀,2025-Q2,inventory
308080,바이젠셀,2024-Q3,inventory
308080,바이젠셀,2021-Q4,capex
308080,바이젠셀,2023-Q2,inventory
308080,바이젠셀,2024-Q1,inventory
308080,바이젠셀,2024-Q3,capex
308080,바이젠셀,2022-Q1,inventory
308080,바이젠셀,2023-Q3,inventory
308080,바이젠셀,2025-Q1,inventory
308080,바이젠셀,2024-Q1,capex
308080,바이젠셀,2022-Q3,inventory
308080,바이젠셀,2022-Q1,capex
308080,바이젠셀,2023-Q1,inventory
308080,바이젠셀,2022-Q2,inventory
308080,바이젠셀,2023-Q2,capex
308080,바이젠셀,2024-Q2,inventory
308080,바이젠셀,2024-Q4,inventory
308080,바이젠셀,2023-Q3,capex
308080,바이젠셀,2022-Q4,inventory
308080,바이젠셀,2025-Q1,capex
308080,바이젠셀,2022-Q2,capex
331520,밸로프,2022-Q3,capex
331520,밸로프,2022-Q3,inventory
331520,밸로프,2023-Q1,inventory
331520,밸로프,2023-Q2,inventory
331520,밸로프,2024-Q2,inventory
331520,밸로프,2024-Q1,inventory
331520,밸로프,2024-Q4,inventory
331520,밸로프,2023-Q3,inventory
331520,밸로프,2022-Q4,inventory
331520,밸로프,2025-Q2,inventory
331520,밸로프,2025-Q3,inventory
331520,밸로프,2023-Q4,inventory
331520,밸로프,2024-Q3,inventory
331520,밸로프,2022-Q3,ar
331520,밸로프,2025-Q1,inventory
323990,박셀바이오,2023-Q2,ar
323990,박셀바이오,2023-Q3,cogs
323990,박셀바이오,2021-Q2,inventory
323990,박셀바이오,2021-Q3,inventory
323990,박셀바이오,2023-Q2,cogs
323990,박셀바이오,2020-Q4,revenue
323990,박셀바이오,2023-Q3,ar
323990,박셀바이오,2020-Q3,inventory
323990,박셀바이오,2022-Q2,ar
323990,박셀바이오,2023-Q2,ap
323990,박셀바이오,2024-Q1,ap
323990,박셀바이오,2023-Q1,cogs
323990,박셀바이오,2022-Q3,ar
323990,박셀바이오,2022-Q1,ap
323990,박셀바이오,2023-Q1,ar
323990,박셀바이오,2023-Q3,ap
323990,박셀바이오,2023-Q2,revenue
323990,박셀바이오,2022-Q4,cogs
323990,박셀바이오,2023-Q3,revenue
323990,박셀바이오,2022-Q4,ar
323990,박셀바이오,2021-Q4,inventory
323990,박셀바이오,2025-Q1,ap
323990,박셀바이오,2020-Q4,inventory
323990,박셀바이오,2021-Q2,ar
323990,박셀바이오,2021-Q1,ar
323990,박셀바이오,2022-Q2,ap
323990,박셀바이오,2021-Q2,cogs
323990,박셀바이오,2021-Q3,cogs
323990,박셀바이오,2022-Q3,ap
323990,박셀바이오,2023-Q1,ap
323990,박셀바이오,2021-Q3,ar
323990,박셀바이오,2024-Q2,ap
323990,박셀바이오,2020-Q3,cogs
323990,박셀바이오,2023-Q1,revenue
323990,박셀바이오,2022-Q4,ap
323990,박셀바이오,2020-Q3,ar
323990,박셀바이오,2024-Q4,ap
323990,박셀바이오,2025-Q2,ap
323990,박셀바이오,2022-Q4,revenue
323990,박셀바이오,2021-Q1,ap
323990,박셀바이오,2023-Q2,inventory
323990,박셀바이오,2021-Q2,ap
323990,박셀바이오,2021-Q3,ap
323990,박셀바이오,2022-Q1,inventory
323990,박셀바이오,2023-Q3,inventory
323990,박셀바이오,2020-Q3,ap
323990,박셀바이오,2021-Q2,revenue
323990,박셀바이오,2021-Q3,revenue
323990,박셀바이오,2021-Q4,cogs
323990,박셀바이오,2020-Q3,revenue
323990,박셀바이오,2020-Q4,ar
323990,박셀바이오,2021-Q4,ar
323990,박셀바이오,2023-Q4,ap
323990,박셀바이오,2025-Q3,ap
323990,박셀바이오,2020-Q4,cogs
323990,박셀바이오,2022-Q3,inventory
323990,박셀바이오,2023-Q1,inventory
323990,박셀바이오,2022-Q2,inventory
323990,박셀바이오,2021-Q4,revenue
323990,박셀바이오,2022-Q4,inventory
323990,박셀바이오,2021-Q4,ap
323990,박셀바이오,2020-Q4,ap
323990,박셀바이오,2022-Q1,ar
323990,박셀바이오,2021-Q1,inventory
382900,범한퓨얼셀,2022-Q3,capex
382900,범한퓨얼셀,2024-Q1,capex
382900,범한퓨얼셀,2023-Q1,capex
382900,범한퓨얼셀,2023-Q2,capex
382900,범한퓨얼셀,2024-Q2,capex
382900,범한퓨얼셀,2024-Q4,capex
382900,범한퓨얼셀,2025-Q2,capex
382900,범한퓨얼셀,2023-Q3,capex
382900,범한퓨얼셀,2024-Q3,capex
382900,범한퓨얼셀,2022-Q4,capex
382900,범한퓨얼셀,2025-Q3,capex
382900,범한퓨얼셀,2023-Q4,capex
382900,범한퓨얼셀,2025-Q1,capex
382900,범한퓨얼셀,2022-Q2,capex
424760,벨로크,2023-Q2,capex
424760,벨로크,2023-Q3,capex
310210,보로노이,2023-Q2,ar
310210,보로노이,2023-Q3,cogs
310210,보로노이,2023-Q2,cogs
310210,보로노이,2023-Q3,ar
310210,보로노이,2024-Q3,ap
310210,보로노이,2025-Q1,ar
310210,보로노이,2025-Q1,cogs
310210,보로노이,2025-Q3,inventory
310210,보로노이,2022-Q2,ar
310210,보로노이,2023-Q2,ap
310210,보로노이,2023-Q4,inventory
310210,보로노이,2023-Q1,cogs
310210,보로노이,2022-Q3,ar
310210,보로노이,2022-Q2,cogs
310210,보로노이,2023-Q1,ar
310210,보로노이,2023-Q3,ap
310210,보로노이,2022-Q3,cogs
310210,보로노이,2024-Q1,ap
310210,보로노이,2024-Q2,ar
310210,보로노이,2024-Q4,cogs
310210,보로노이,2024-Q4,ar
310210,보로노이,2024-Q2,cogs
310210,보로노이,2022-Q4,cogs
310210,보로노이,2022-Q4,ar
310210,보로노이,2025-Q1,ap
310210,보로노이,2023-Q1,ap
310210,보로노이,2022-Q2,ap
310210,보로노이,2025-Q2,inventory
310210,보로노이,2024-Q2,ap
310210,보로노이,2022-Q3,ap
310210,보로노이,2024-Q4,ap
310210,보로노이,2024-Q3,inventory
310210,보로노이,2022-Q4,ap
310210,보로노이,2025-Q2,ap
310210,보로노이,2025-Q3,cogs
310210,보로노이,2023-Q4,cogs
310210,보로노이,2025-Q3,ar
310210,보로노이,2023-Q2,inventory
310210,보로노이,2023-Q4,ar
310210,보로노이,2024-Q1,inventory
310210,보로노이,2023-Q3,inventory
310210,보로노이,2025-Q1,inventory
310210,보로노이,2025-Q3,ap
310210,보로노이,2023-Q4,ap
310210,보로노이,2025-Q2,ar
310210,보로노이,2022-Q3,inventory
310210,보로노이,2025-Q2,cogs
310210,보로노이,2023-Q1,inventory
310210,보로노이,2022-Q2,inventory
310210,보로노이,2024-Q3,ar
310210,보로노이,2024-Q2,inventory
310210,보로노이,2024-Q3,cogs
310210,보로노이,2024-Q4,inventory
310210,보로노이,2022-Q4,inventory
310210,보로노이,2024-Q1,ar
310210,보로노이,2024-Q1,cogs
206400,베노티앤알,2020-Q2,capex
206400,베노티앤알,2020-Q3,capex
206400,베노티앤알,2020-Q2,inventory
206400,베노티앤알,2020-Q3,inventory
206400,베노티앤알,2021-Q1,ap
206400,베노티앤알,2021-Q3,ap
206400,베노티앤알,2020-Q1,ap
206400,베노티앤알,2020-Q4,inventory
206400,베노티앤알,2020-Q2,ap
206400,베노티앤알,2020-Q3,ap
206400,베노티앤알,2020-Q1,capex
206400,베노티앤알,2020-Q4,ap
206400,베노티앤알,2021-Q1,inventory
177350,베셀,2022-Q3,capex
177350,베셀,2023-Q1,capex
177350,베셀,2024-Q2,capex
177350,베셀,2024-Q4,capex
177350,베셀,2022-Q4,capex
177350,베셀,2021-Q2,capex
177350,베셀,2021-Q3,capex
177350,베셀,2020-Q1,capex
177350,베셀,2021-Q1,capex
177350,베셀,2020-Q3,capex
177350,베셀,2025-Q3,capex
177350,베셀,2023-Q4,capex
177350,베셀,2021-Q4,capex
177350,베셀,2020-Q4,capex
177350,베셀,2025-Q2,capex
177350,베셀,2024-Q3,capex
177350,베셀,2024-Q1,capex
177350,베셀,2022-Q1,capex
177350,베셀,2020-Q2,capex
177350,베셀,2023-Q2,capex
177350,베셀,2023-Q3,capex
177350,베셀,2025-Q1,capex
177350,베셀,2022-Q2,capex
250000,보라티알,2020-Q1,capex
014470,부방,2021-Q2,ap
006910,보성파워텍,2022-Q3,capex
006910,보성파워텍,2023-Q1,capex
006910,보성파워텍,2024-Q2,capex
006910,보성파워텍,2024-Q4,capex
006910,보성파워텍,2022-Q4,capex
006910,보성파워텍,2021-Q2,capex
006910,보성파워텍,2021-Q3,capex
006910,보성파워텍,2020-Q1,capex
006910,보성파워텍,2021-Q1,capex
006910,보성파워텍,2020-Q3,capex
006910,보성파워텍,2025-Q3,capex
006910,보성파워텍,2023-Q4,capex
006910,보성파워텍,2021-Q4,capex
006910,보성파워텍,2020-Q4,capex
006910,보성파워텍,2025-Q2,capex
006910,보성파워텍,2024-Q3,capex
006910,보성파워텍,2024-Q1,capex
006910,보성파워텍,2022-Q1,capex
006910,보성파워텍,2020-Q2,capex
006910,보성파워텍,2023-Q2,capex
006910,보성파워텍,2023-Q3,capex
006910,보성파워텍,2025-Q1,capex
006910,보성파워텍,2022-Q2,capex
008470,부스타,2022-Q3,capex
008470,부스타,2023-Q1,capex
008470,부스타,2024-Q2,capex
008470,부스타,2024-Q4,capex
008470,부스타,2021-Q1,current_liab
008470,부스타,2022-Q4,capex
008470,부스타,2020-Q1,current_liab
008470,부스타,2020-Q3,current_liab
008470,부스타,2021-Q2,capex
008470,부스타,2021-Q3,capex
008470,부스타,2021-Q1,capex
008470,부스타,2020-Q1,capex
008470,부스타,2020-Q3,capex
008470,부스타,2020-Q1,current_assets
008470,부스타,2021-Q1,current_assets
008470,부스타,2025-Q3,capex
008470,부스타,2020-Q3,current_assets
008470,부스타,2023-Q4,capex
008470,부스타,2020-Q4,current_liab
008470,부스타,2021-Q4,capex
008470,부스타,2020-Q4,capex
008470,부스타,2025-Q2,capex
008470,부스타,2024-Q3,capex
008470,부스타,2020-Q2,current_liab
008470,부스타,2020-Q4,current_assets
008470,부스타,2024-Q1,capex
008470,부스타,2022-Q1,capex
008470,부스타,2020-Q2,capex
008470,부스타,2023-Q2,capex
008470,부스타,2023-Q3,capex
008470,부스타,2020-Q2,current_assets
008470,부스타,2025-Q1,capex
008470,부스타,2022-Q2,capex
338220,뷰노,2022-Q1,cogs
338220,뷰노,2023-Q3,cogs
338220,뷰노,2021-Q2,inventory
338220,뷰노,2023-Q2,cogs
338220,뷰노,2025-Q1,cogs
338220,뷰노,2023-Q1,cogs
338220,뷰노,2022-Q2,cogs
338220,뷰노,2022-Q3,cogs
338220,뷰노,2024-Q4,cogs
338220,뷰노,2024-Q2,cogs
338220,뷰노,2022-Q4,cogs
338220,뷰노,2021-Q1,inventory
338220,뷰노,2021-Q1,cogs
338220,뷰노,2020-Q4,inventory
338220,뷰노,2021-Q2,cogs
338220,뷰노,2021-Q3,cogs
338220,뷰노,2025-Q3,cogs
338220,뷰노,2023-Q4,cogs
338220,뷰노,2021-Q4,cogs
338220,뷰노,2020-Q4,cogs
338220,뷰노,2025-Q2,cogs
338220,뷰노,2024-Q3,cogs
338220,뷰노,2024-Q1,cogs
478560,블랙야크아이앤씨,2025-Q1,ar
478560,블랙야크아이앤씨,2025-Q1,capex
099390,브레인즈컴퍼니,2021-Q3,ap
099390,브레인즈컴퍼니,2022-Q2,ap
099390,브레인즈컴퍼니,2021-Q4,ap
099390,브레인즈컴퍼니,2022-Q3,ap
099390,브레인즈컴퍼니,2022-Q1,ap
099390,브레인즈컴퍼니,2022-Q4,ap
369370,블리츠웨이엔터테인먼트,2022-Q2,ap
369370,블리츠웨이엔터테인먼트,2022-Q1,ap
369370,블리츠웨이엔터테인먼트,2021-Q4,ap
369370,블리츠웨이엔터테인먼트,2022-Q3,ap
413640,비아이매트릭스,2024-Q2,op_income
413640,비아이매트릭스,2025-Q3,inventory
413640,비아이매트릭스,2023-Q4,inventory
413640,비아이매트릭스,2025-Q3,net_income
413640,비아이매트릭스,2023-Q4,net_income
413640,비아이매트릭스,2025-Q3,op_income
413640,비아이매트릭스,2025-Q2,inventory
413640,비아이매트릭스,2024-Q2,net_income
413640,비아이매트릭스,2024-Q3,inventory
413640,비아이매트릭스,2025-Q2,net_income
413640,비아이매트릭스,2024-Q3,net_income
413640,비아이매트릭스,2024-Q1,inventory
413640,비아이매트릭스,2025-Q2,op_income
413640,비아이매트릭스,2024-Q3,op_income
413640,비아이매트릭스,2024-Q1,net_income
413640,비아이매트릭스,2025-Q1,inventory
413640,비아이매트릭스,2025-Q1,net_income
413640,비아이매트릭스,2024-Q1,op_income
413640,비아이매트릭스,2024-Q2,inventory
413640,비아이매트릭스,2024-Q4,inventory
413640,비아이매트릭스,2025-Q1,op_income
413640,비아이매트릭스,2024-Q4,net_income
121800,비덴트,2022-Q2,ap
473370,비엔케이제2호스팩,2024-Q3,ap
473370,비엔케이제2호스팩,2024-Q2,capex
473370,비엔케이제2호스팩,2024-Q4,capex
473370,비엔케이제2호스팩,2025-Q2,revenue
473370,비엔케이제2호스팩,2025-Q1,ar
473370,비엔케이제2호스팩,2025-Q1,cogs
473370,비엔케이제2호스팩,2025-Q3,inventory
473370,비엔케이제2호스팩,2023-Q4,inventory
473370,비엔케이제2호스팩,2024-Q1,ap
473370,비엔케이제2호스팩,2024-Q4,cogs
473370,비엔케이제2호스팩,2024-Q2,ar
473370,비엔케이제2호스팩,2023-Q4,interest_expense
473370,비엔케이제2호스팩,2024-Q4,ar
473370,비엔케이제2호스팩,2024-Q2,cogs
473370,비엔케이제2호스팩,2025-Q1,ap
473370,비엔케이제2호스팩,2025-Q3,capex
473370,비엔케이제2호스팩,2023-Q4,capex
473370,비엔케이제2호스팩,2025-Q1,revenue
473370,비엔케이제2호스팩,2025-Q2,inventory
473370,비엔케이제2호스팩,2024-Q2,ap
473370,비엔케이제2호스팩,2024-Q4,ap
473370,비엔케이제2호스팩,2024-Q3,inventory
473370,비엔케이제2호스팩,2025-Q2,ap
473370,비엔케이제2호스팩,2025-Q3,cogs
473370,비엔케이제2호스팩,2023-Q4,cogs
473370,비엔케이제2호스팩,2025-Q3,ar
473370,비엔케이제2호스팩,2025-Q2,capex
473370,비엔케이제2호스팩,2023-Q4,ar
473370,비엔케이제2호스팩,2024-Q1,inventory
473370,비엔케이제2호스팩,2024-Q3,capex
473370,비엔케이제2호스팩,2025-Q1,inventory
473370,비엔케이제2호스팩,2025-Q3,ap
473370,비엔케이제2호스팩,2023-Q4,ap
473370,비엔케이제2호스팩,2025-Q2,ar
473370,비엔케이제2호스팩,2024-Q1,capex
473370,비엔케이제2호스팩,2025-Q2,cogs
473370,비엔케이제2호스팩,2024-Q3,ar
473370,비엔케이제2호스팩,2025-Q3,revenue
473370,비엔케이제2호스팩,2024-Q2,inventory
473370,비엔케이제2호스팩,2024-Q3,cogs
473370,비엔케이제2호스팩,2024-Q4,inventory
473370,비엔케이제2호스팩,2025-Q1,capex
473370,비엔케이제2호스팩,2024-Q1,ar
473370,비엔케이제2호스팩,2024-Q1,cogs
318410,비비씨,2024-Q3,ap
318410,비비씨,2023-Q2,ap
318410,비비씨,2024-Q1,ap
318410,비비씨,2023-Q3,ap
318410,비비씨,2022-Q1,ap
318410,비비씨,2025-Q1,ap
318410,비비씨,2023-Q1,ap
318410,비비씨,2022-Q2,ap
318410,비비씨,2024-Q2,ap
318410,비비씨,2024-Q4,ap
318410,비비씨,2022-Q3,ap
318410,비비씨,2022-Q4,ap
318410,비비씨,2021-Q1,ap
318410,비비씨,2021-Q2,ap
318410,비비씨,2021-Q3,ap
318410,비비씨,2020-Q3,ap
318410,비비씨,2025-Q3,ap
318410,비비씨,2023-Q4,ap
318410,비비씨,2021-Q4,ap
318410,비비씨,2020-Q4,ap
318410,비비씨,2025-Q2,ap
200780,비씨월드제약,2022-Q3,capex
200780,비씨월드제약,2023-Q1,capex
200780,비씨월드제약,2024-Q2,capex
200780,비씨월드제약,2024-Q4,capex
200780,비씨월드제약,2022-Q4,capex
200780,비씨월드제약,2021-Q2,capex
200780,비씨월드제약,2021-Q3,capex
200780,비씨월드제약,2020-Q1,capex
200780,비씨월드제약,2021-Q1,capex
200780,비씨월드제약,2020-Q3,capex
200780,비씨월드제약,2025-Q3,capex
200780,비씨월드제약,2023-Q4,capex
200780,비씨월드제약,2021-Q4,capex
200780,비씨월드제약,2020-Q4,capex
200780,비씨월드제약,2025-Q2,capex
200780,비씨월드제약,2024-Q3,capex
200780,비씨월드제약,2024-Q1,capex
200780,비씨월드제약,2022-Q1,capex
200780,비씨월드제약,2020-Q2,capex
200780,비씨월드제약,2023-Q2,capex
200780,비씨월드제약,2023-Q3,capex
200780,비씨월드제약,2025-Q1,capex
200780,비씨월드제약,2022-Q2,capex
335890,비올,2022-Q3,capex
335890,비올,2023-Q1,capex
335890,비올,2024-Q2,capex
335890,비올,2024-Q4,capex
335890,비올,2022-Q4,capex
335890,비올,2025-Q3,interest_expense
335890,비올,2021-Q2,capex
335890,비올,2021-Q3,capex
335890,비올,2021-Q1,capex
335890,비올,2023-Q4,interest_expense
335890,비올,2025-Q3,capex
335890,비올,2023-Q4,capex
335890,비올,2025-Q2,interest_expense
335890,비올,2024-Q3,interest_expense
335890,비올,2021-Q4,capex
335890,비올,2020-Q4,capex
335890,비올,2025-Q2,capex
335890,비올,2024-Q3,capex
335890,비올,2024-Q1,interest_expense
335890,비올,2024-Q1,capex
335890,비올,2025-Q1,interest_expense
335890,비올,2022-Q1,capex
335890,비올,2023-Q2,capex
335890,비올,2023-Q3,capex
335890,비올,2024-Q4,interest_expense
335890,비올,2025-Q1,capex
335890,비올,2024-Q2,interest_expense
335890,비올,2022-Q2,capex
086670,비엠티,2021-Q3,ap
086670,비엠티,2024-Q1,ap
086670,비엠티,2021-Q2,ap
065170,비엘팜텍,2025-Q3,capex
065170,비엘팜텍,2025-Q2,capex
065170,비엘팜텍,2025-Q1,capex
148780,비큐AI,2023-Q3,cogs
148780,비큐AI,2023-Q2,cogs
148780,비큐AI,2025-Q1,cogs
148780,비큐AI,2025-Q3,inventory
148780,비큐AI,2023-Q4,inventory
148780,비큐AI,2023-Q1,cogs
148780,비큐AI,2022-Q2,cogs
148780,비큐AI,2022-Q3,cogs
148780,비큐AI,2024-Q4,cogs
148780,비큐AI,2024-Q2,cogs
148780,비큐AI,2022-Q4,cogs
148780,비큐AI,2025-Q2,inventory
148780,비큐AI,2024-Q3,inventory
148780,비큐AI,2025-Q3,cogs
148780,비큐AI,2023-Q4,cogs
148780,비큐AI,2023-Q2,inventory
148780,비큐AI,2024-Q1,inventory
148780,비큐AI,2023-Q3,inventory
148780,비큐AI,2025-Q1,inventory
148780,비큐AI,2022-Q3,inventory
148780,비큐AI,2025-Q2,cogs
148780,비큐AI,2023-Q1,inventory
148780,비큐AI,2022-Q2,inventory
148780,비큐AI,2024-Q2,inventory
148780,비큐AI,2024-Q3,cogs
148780,비큐AI,2024-Q4,inventory
148780,비큐AI,2022-Q4,inventory
148780,비큐AI,2024-Q1,cogs
054220,비츠로시스,2021-Q4,capex
054220,비츠로시스,2020-Q3,capex
054220,비츠로시스,2020-Q4,capex
054220,비츠로시스,2020-Q2,capex
054220,비츠로시스,2020-Q1,capex
082920,비츠로셀,2021-Q4,capex
082920,비츠로셀,2020-Q1,capex
082920,비츠로셀,2022-Q3,capex
082920,비츠로셀,2022-Q1,capex
082920,비츠로셀,2020-Q3,capex
082920,비츠로셀,2020-Q4,capex
082920,비츠로셀,2020-Q2,capex
082920,비츠로셀,2021-Q2,capex
082920,비츠로셀,2021-Q3,capex
082920,비츠로셀,2021-Q1,capex
082920,비츠로셀,2022-Q2,capex
042370,비츠로테크,2021-Q4,capex
042370,비츠로테크,2020-Q1,capex
042370,비츠로테크,2022-Q3,capex
042370,비츠로테크,2023-Q1,capex
042370,비츠로테크,2022-Q1,capex
042370,비츠로테크,2020-Q3,capex
042370,비츠로테크,2020-Q4,capex
042370,비츠로테크,2020-Q2,capex
042370,비츠로테크,2022-Q4,capex
042370,비츠로테크,2021-Q2,capex
042370,비츠로테크,2021-Q3,capex
042370,비츠로테크,2021-Q1,capex
042370,비츠로테크,2022-Q2,capex
050090,비케이홀딩스,2024-Q2,inventory
050090,비케이홀딩스,2024-Q4,inventory
050090,비케이홀딩스,2024-Q1,inventory
050090,비케이홀딩스,2025-Q2,inventory
050090,비케이홀딩스,2025-Q3,inventory
050090,비케이홀딩스,2023-Q4,inventory
050090,비케이홀딩스,2024-Q3,inventory
050090,비케이홀딩스,2025-Q1,inventory
307870,비투엔,2022-Q3,inventory
307870,비투엔,2023-Q1,inventory
307870,비투엔,2022-Q2,inventory
307870,비투엔,2021-Q4,inventory
307870,비투엔,2023-Q2,inventory
307870,비투엔,2024-Q4,inventory
307870,비투엔,2022-Q1,inventory
307870,비투엔,2023-Q3,inventory
307870,비투엔,2022-Q4,inventory
307870,비투엔,2025-Q2,inventory
307870,비투엔,2025-Q3,inventory
307870,비투엔,2023-Q4,inventory
307870,비투엔,2025-Q1,inventory
377030,비트맥스,2022-Q1,cogs
377030,비트맥스,2022-Q3,capex
377030,비트맥스,2023-Q1,capex
377030,비트맥스,2021-Q3,inventory
377030,비트맥스,2023-Q2,cogs
377030,비트맥스,2023-Q3,cogs
377030,비트맥스,2024-Q2,capex
377030,비트맥스,2024-Q4,capex
377030,비트맥스,2022-Q4,capex
377030,비트맥스,2025-Q3,inventory
377030,비트맥스,2023-Q2,ap
377030,비트맥스,2023-Q4,inventory
377030,비트맥스,2023-Q1,cogs
377030,비트맥스,2022-Q2,cogs
377030,비트맥스,2022-Q1,ap
377030,비트맥스,2021-Q3,capex
377030,비트맥스,2023-Q3,ap
377030,비트맥스,2022-Q3,cogs
377030,비트맥스,2022-Q4,cogs
377030,비트맥스,2021-Q4,inventory
377030,비트맥스,2025-Q3,capex
377030,비트맥스,2023-Q1,ap
377030,비트맥스,2022-Q2,ap
377030,비트맥스,2023-Q4,capex
377030,비트맥스,2025-Q2,inventory
377030,비트맥스,2022-Q3,ap
377030,비트맥스,2021-Q3,cogs
377030,비트맥스,2024-Q3,inventory
377030,비트맥스,2022-Q4,ap
377030,비트맥스,2021-Q4,capex
377030,비트맥스,2023-Q4,cogs
377030,비트맥스,2025-Q2,capex
377030,비트맥스,2023-Q2,inventory
377030,비트맥스,2024-Q1,inventory
377030,비트맥스,2024-Q3,capex
377030,비트맥스,2021-Q3,ap
377030,비트맥스,2022-Q1,inventory
377030,비트맥스,2023-Q3,inventory
377030,비트맥스,2021-Q4,cogs
377030,비트맥스,2025-Q1,inventory
377030,비트맥스,2023-Q4,ap
377030,비트맥스,2024-Q1,capex
377030,비트맥스,2022-Q3,inventory
377030,비트맥스,2022-Q1,capex
377030,비트맥스,2023-Q1,inventory
377030,비트맥스,2022-Q2,inventory
377030,비트맥스,2023-Q2,capex
377030,비트맥스,2024-Q2,inventory
377030,비트맥스,2024-Q4,inventory
377030,비트맥스,2023-Q3,capex
377030,비트맥스,2022-Q4,inventory
377030,비트맥스,2021-Q4,ap
377030,비트맥스,2025-Q1,capex
377030,비트맥스,2022-Q2,capex
466410,사이냅소프트,2025-Q2,cogs
466410,사이냅소프트,2025-Q3,cogs
466410,사이냅소프트,2024-Q4,capex
466410,사이냅소프트,2025-Q2,capex
466410,사이냅소프트,2024-Q4,inventory
466410,사이냅소프트,2025-Q1,cogs
466410,사이냅소프트,2025-Q3,capex
466410,사이냅소프트,2025-Q2,inventory
466410,사이냅소프트,2025-Q1,capex
466410,사이냅소프트,2025-Q3,inventory
466410,사이냅소프트,2024-Q4,cogs
466410,사이냅소프트,2025-Q1,inventory
238200,비피도,2021-Q4,capex
238200,비피도,2022-Q3,capex
238200,비피도,2022-Q1,capex
238200,비피도,2023-Q2,capex
238200,비피도,2022-Q4,capex
238200,비피도,2021-Q3,capex
238200,비피도,2022-Q2,capex
419120,산돌,2023-Q4,ap
419120,산돌,2024-Q3,ap
419120,산돌,2025-Q1,ap
419120,산돌,2024-Q2,inventory
419120,산돌,2024-Q1,inventory
419120,산돌,2025-Q3,ap
419120,산돌,2023-Q1,ap
419120,산돌,2023-Q2,ap
419120,산돌,2024-Q2,ap
419120,산돌,2024-Q1,ap
419120,산돌,2023-Q3,ap
419120,산돌,2024-Q4,ap
419120,산돌,2022-Q4,ap
419120,산돌,2025-Q2,ap
069540,빛과전자,2023-Q3,net_income
069540,빛과전자,2025-Q1,capex
044480,빌리언스,2025-Q2,capex
044480,빌리언스,2025-Q1,capex
143240,사람인,2023-Q2,cogs
143240,사람인,2020-Q3,inventory
143240,사람인,2020-Q2,ap
143240,사람인,2023-Q2,ap
143240,사람인,2022-Q1,ap
143240,사람인,2023-Q3,ap
143240,사람인,2022-Q3,cogs
143240,사람인,2020-Q2,revenue
143240,사람인,2023-Q2,revenue
143240,사람인,2022-Q1,revenue
143240,사람인,2022-Q4,cogs
143240,사람인,2023-Q3,revenue
143240,사람인,2025-Q1,ap
143240,사람인,2025-Q1,revenue
143240,사람인,2021-Q2,cogs
143240,사람인,2021-Q3,cogs
143240,사람인,2024-Q3,inventory
143240,사람인,2020-Q1,ap
143240,사람인,2020-Q1,revenue
143240,사람인,2025-Q3,ap
143240,사람인,2025-Q3,revenue
143240,사람인,2021-Q4,revenue
143240,사람인,2020-Q4,ap
143240,사람인,2021-Q1,inventory
143240,사람인,2020-Q1,inventory
143240,사람인,2025-Q2,ap
143240,사람인,2020-Q4,revenue
143240,사람인,2025-Q2,revenue
143240,사람인,2023-Q4,inventory
143240,사람인,2024-Q1,ap
143240,사람인,2023-Q1,cogs
143240,사람인,2022-Q2,cogs
143240,사람인,2024-Q4,cogs
143240,사람인,2024-Q1,revenue
143240,사람인,2024-Q2,cogs
143240,사람인,2021-Q4,inventory
143240,사람인,2024-Q2,ap
143240,사람인,2022-Q3,ap
143240,사람인,2020-Q3,cogs
143240,사람인,2022-Q4,ap
143240,사람인,2024-Q2,revenue
143240,사람인,2022-Q3,revenue
143240,사람인,2022-Q4,revenue
143240,사람인,2020-Q2,inventory
143240,사람인,2023-Q2,inventory
143240,사람인,2021-Q2,ap
143240,사람인,2021-Q3,ap
143240,사람인,2022-Q1,inventory
143240,사람인,2023-Q3,inventory
143240,사람인,2021-Q2,revenue
143240,사람인,2021-Q3,revenue
143240,사람인,2025-Q1,inventory
143240,사람인,2022-Q3,inventory
143240,사람인,2024-Q3,cogs
143240,사람인,2025-Q3,inventory
143240,사람인,2021-Q1,cogs
143240,사람인,2020-Q4,inventory
143240,사람인,2022-Q2,ap
143240,사람인,2023-Q1,ap
143240,사람인,2025-Q2,inventory
143240,사람인,2024-Q4,ap
143240,사람인,2023-Q1,revenue
143240,사람인,2022-Q2,revenue
143240,사람인,2024-Q4,revenue
143240,사람인,2023-Q4,cogs
143240,사람인,2024-Q1,inventory
143240,사람인,2020-Q3,ap
143240,사람인,2021-Q4,cogs
143240,사람인,2020-Q3,revenue
143240,사람인,2024-Q2,inventory
143240,사람인,2022-Q4,inventory
143240,사람인,2020-Q2,cogs
143240,사람인,2022-Q1,cogs
143240,사람인,2023-Q3,cogs
143240,사람인,2021-Q2,inventory
143240,사람인,2021-Q3,inventory
143240,사람인,2024-Q3,ap
143240,사람인,2024-Q3,revenue
143240,사람인,2025-Q1,cogs
143240,사람인,2020-Q1,cogs
143240,사람인,2025-Q3,cogs
143240,사람인,2021-Q1,ap
143240,사람인,2021-Q1,revenue
143240,사람인,2023-Q4,ap
143240,사람인,2020-Q4,cogs
143240,사람인,2025-Q2,cogs
143240,사람인,2023-Q1,inventory
143240,사람인,2022-Q2,inventory
143240,사람인,2023-Q4,revenue
143240,사람인,2024-Q4,inventory
143240,사람인,2021-Q4,ap
143240,사람인,2024-Q1,cogs
0044K0,삼성스팩10호,2025-Q2,current_liab
0044K0,삼성스팩10호,2025-Q2,ar
0044K0,삼성스팩10호,2025-Q3,current_liab
0044K0,삼성스팩10호,2025-Q2,cogs
0044K0,삼성스팩10호,2025-Q2,revenue
0044K0,삼성스팩10호,2025-Q2,capex
0044K0,삼성스팩10호,2025-Q3,revenue
0044K0,삼성스팩10호,2025-Q3,ar
0044K0,삼성스팩10호,2025-Q3,ap
0044K0,삼성스팩10호,2025-Q3,capex
0044K0,삼성스팩10호,2025-Q2,inventory
0044K0,삼성스팩10호,2025-Q3,inventory
0044K0,삼성스팩10호,2025-Q2,ap
223310,사토시홀딩스,2020-Q1,capex
484590,삼양컴텍,2025-Q3,current_liab
484590,삼양컴텍,2025-Q3,current_assets
448740,삼성스팩8호,2023-Q3,cogs
448740,삼성스팩8호,2024-Q2,capex
448740,삼성스팩8호,2024-Q4,capex
448740,삼성스팩8호,2025-Q2,revenue
448740,삼성스팩8호,2025-Q1,cogs
448740,삼성스팩8호,2023-Q4,inventory
448740,삼성스팩8호,2024-Q4,cogs
448740,삼성스팩8호,2024-Q2,cogs
448740,삼성스팩8호,2025-Q1,ap
448740,삼성스팩8호,2023-Q4,capex
448740,삼성스팩8호,2025-Q1,revenue
448740,삼성스팩8호,2025-Q2,inventory
448740,삼성스팩8호,2024-Q3,inventory
448740,삼성스팩8호,2025-Q2,ap
448740,삼성스팩8호,2023-Q4,cogs
448740,삼성스팩8호,2025-Q2,capex
448740,삼성스팩8호,2024-Q1,inventory
448740,삼성스팩8호,2024-Q3,capex
448740,삼성스팩8호,2023-Q3,inventory
448740,삼성스팩8호,2025-Q1,inventory
448740,삼성스팩8호,2024-Q1,capex
448740,삼성스팩8호,2025-Q2,cogs
448740,삼성스팩8호,2024-Q2,inventory
448740,삼성스팩8호,2024-Q3,cogs
448740,삼성스팩8호,2023-Q3,capex
448740,삼성스팩8호,2024-Q4,inventory
448740,삼성스팩8호,2025-Q1,capex
448740,삼성스팩8호,2024-Q1,cogs
018310,삼목에스폼,2021-Q2,inventory
018310,삼목에스폼,2020-Q2,inventory
018310,삼목에스폼,2020-Q3,inventory
018310,삼목에스폼,2025-Q1,ap
018310,삼목에스폼,2025-Q3,ap
018310,삼목에스폼,2020-Q1,inventory
018310,삼목에스폼,2020-Q4,inventory
018310,삼목에스폼,2024-Q4,ap
018310,삼목에스폼,2025-Q2,ap
018310,삼목에스폼,2021-Q1,inventory
014970,삼륭물산,2024-Q3,ap
014970,삼륭물산,2025-Q1,ap
014970,삼륭물산,2025-Q3,ap
014970,삼륭물산,2024-Q2,ap
014970,삼륭물산,2024-Q4,ap
014970,삼륭물산,2025-Q2,ap
009300,삼아제약,2022-Q1,capex
361670,삼영에스앤씨,2022-Q1,capex
065570,삼영이엔씨,2020-Q1,ap
002290,삼일기업공사,2021-Q3,inventory
002290,삼일기업공사,2025-Q3,inventory
002290,삼일기업공사,2023-Q4,inventory
002290,삼일기업공사,2023-Q4,interest_expense
002290,삼일기업공사,2021-Q4,inventory
002290,삼일기업공사,2021-Q4,interest_expense
002290,삼일기업공사,2021-Q2,ar
002290,삼일기업공사,2021-Q1,ar
002290,삼일기업공사,2025-Q2,inventory
002290,삼일기업공사,2024-Q3,inventory
002290,삼일기업공사,2021-Q3,ar
002290,삼일기업공사,2024-Q3,interest_expense
002290,삼일기업공사,2023-Q2,inventory
002290,삼일기업공사,2024-Q1,inventory
002290,삼일기업공사,2022-Q1,inventory
002290,삼일기업공사,2023-Q3,inventory
002290,삼일기업공사,2024-Q1,interest_expense
002290,삼일기업공사,2025-Q1,inventory
002290,삼일기업공사,2022-Q3,inventory
002290,삼일기업공사,2023-Q1,inventory
002290,삼일기업공사,2022-Q2,inventory
002290,삼일기업공사,2024-Q2,inventory
002290,삼일기업공사,2024-Q4,inventory
002290,삼일기업공사,2022-Q4,inventory
002290,삼일기업공사,2024-Q2,interest_expense
054540,삼영엠텍,2022-Q3,capex
054540,삼영엠텍,2023-Q1,capex
054540,삼영엠텍,2024-Q2,capex
054540,삼영엠텍,2024-Q4,capex
054540,삼영엠텍,2022-Q4,capex
054540,삼영엠텍,2021-Q2,capex
054540,삼영엠텍,2021-Q3,capex
054540,삼영엠텍,2020-Q1,capex
054540,삼영엠텍,2021-Q1,capex
054540,삼영엠텍,2020-Q3,capex
054540,삼영엠텍,2025-Q3,capex
054540,삼영엠텍,2023-Q4,capex
054540,삼영엠텍,2021-Q4,capex
054540,삼영엠텍,2020-Q4,capex
054540,삼영엠텍,2025-Q2,capex
054540,삼영엠텍,2024-Q3,capex
054540,삼영엠텍,2024-Q1,capex
054540,삼영엠텍,2022-Q1,capex
054540,삼영엠텍,2020-Q2,capex
054540,삼영엠텍,2023-Q2,capex
054540,삼영엠텍,2023-Q3,capex
054540,삼영엠텍,2025-Q1,capex
054540,삼영엠텍,2022-Q2,capex
032280,삼일,2022-Q3,capex
032280,삼일,2023-Q1,capex
032280,삼일,2024-Q2,capex
032280,삼일,2024-Q4,capex
032280,삼일,2022-Q4,capex
032280,삼일,2021-Q2,capex
032280,삼일,2021-Q3,capex
032280,삼일,2020-Q1,capex
032280,삼일,2021-Q1,capex
032280,삼일,2020-Q3,capex
032280,삼일,2025-Q3,capex
032280,삼일,2023-Q4,capex
032280,삼일,2021-Q4,capex
032280,삼일,2020-Q4,capex
032280,삼일,2025-Q2,capex
032280,삼일,2024-Q3,capex
032280,삼일,2024-Q1,capex
032280,삼일,2022-Q1,capex
032280,삼일,2020-Q2,capex
032280,삼일,2023-Q2,capex
032280,삼일,2023-Q3,capex
032280,삼일,2025-Q1,capex
032280,삼일,2022-Q2,capex
452670,상상인제4호스팩,2023-Q3,cogs
452670,상상인제4호스팩,2024-Q3,ap
452670,상상인제4호스팩,2023-Q3,ar
452670,상상인제4호스팩,2024-Q4,op_income
452670,상상인제4호스팩,2024-Q2,capex
452670,상상인제4호스팩,2024-Q4,capex
452670,상상인제4호스팩,2025-Q2,revenue
452670,상상인제4호스팩,2024-Q2,op_income
452670,상상인제4호스팩,2025-Q1,ar
452670,상상인제4호스팩,2024-Q3,revenue
452670,상상인제4호스팩,2025-Q1,cogs
452670,상상인제4호스팩,2025-Q3,inventory
452670,상상인제4호스팩,2023-Q4,inventory
452670,상상인제4호스팩,2024-Q1,ap
452670,상상인제4호스팩,2023-Q3,ap
452670,상상인제4호스팩,2024-Q4,cogs
452670,상상인제4호스팩,2024-Q2,ar
452670,상상인제4호스팩,2024-Q4,ar
452670,상상인제4호스팩,2023-Q4,current_liab
452670,상상인제4호스팩,2024-Q2,cogs
452670,상상인제4호스팩,2025-Q3,op_income
452670,상상인제4호스팩,2025-Q3,capex
452670,상상인제4호스팩,2023-Q4,capex
452670,상상인제4호스팩,2025-Q2,inventory
452670,상상인제4호스팩,2023-Q4,op_income
452670,상상인제4호스팩,2024-Q4,ap
452670,상상인제4호스팩,2024-Q3,inventory
452670,상상인제4호스팩,2025-Q2,ap
452670,상상인제4호스팩,2024-Q2,revenue
452670,상상인제4호스팩,2024-Q4,revenue
452670,상상인제4호스팩,2025-Q2,current_liab
452670,상상인제4호스팩,2025-Q3,cogs
452670,상상인제4호스팩,2023-Q4,cogs
452670,상상인제4호스팩,2025-Q3,ar
452670,상상인제4호스팩,2025-Q2,capex
452670,상상인제4호스팩,2023-Q4,ar
452670,상상인제4호스팩,2024-Q1,inventory
452670,상상인제4호스팩,2025-Q2,op_income
452670,상상인제4호스팩,2024-Q3,capex
452670,상상인제4호스팩,2023-Q3,inventory
452670,상상인제4호스팩,2024-Q3,op_income
452670,상상인제4호스팩,2025-Q1,inventory
452670,상상인제4호스팩,2025-Q3,ap
452670,상상인제4호스팩,2023-Q4,ap
452670,상상인제4호스팩,2025-Q2,ar
452670,상상인제4호스팩,2024-Q1,capex
452670,상상인제4호스팩,2024-Q1,op_income
452670,상상인제4호스팩,2024-Q3,ar
452670,상상인제4호스팩,2025-Q2,cogs
452670,상상인제4호스팩,2025-Q3,revenue
452670,상상인제4호스팩,2023-Q4,revenue
452670,상상인제4호스팩,2024-Q2,inventory
452670,상상인제4호스팩,2023-Q3,capex
452670,상상인제4호스팩,2024-Q3,cogs
452670,상상인제4호스팩,2024-Q4,inventory
452670,상상인제4호스팩,2023-Q3,op_income
452670,상상인제4호스팩,2025-Q1,capex
452670,상상인제4호스팩,2025-Q1,op_income
452670,상상인제4호스팩,2024-Q4,current_liab
452670,상상인제4호스팩,2024-Q1,ar
452670,상상인제4호스팩,2024-Q1,cogs
017480,삼현철강,2024-Q2,capex
017480,삼현철강,2025-Q2,capex
017480,삼현철강,2020-Q1,capex
017480,삼현철강,2025-Q1,capex
046390,삼화네트웍스,2021-Q2,inventory
046390,삼화네트웍스,2021-Q3,inventory
046390,삼화네트웍스,2020-Q3,inventory
046390,삼화네트웍스,2025-Q3,inventory
046390,삼화네트웍스,2023-Q4,inventory
046390,삼화네트웍스,2021-Q4,inventory
046390,삼화네트웍스,2021-Q1,inventory
046390,삼화네트웍스,2020-Q4,inventory
046390,삼화네트웍스,2025-Q2,inventory
046390,삼화네트웍스,2024-Q3,inventory
046390,삼화네트웍스,2020-Q2,inventory
046390,삼화네트웍스,2023-Q2,inventory
046390,삼화네트웍스,2024-Q1,inventory
046390,삼화네트웍스,2022-Q1,inventory
046390,삼화네트웍스,2023-Q3,inventory
046390,삼화네트웍스,2025-Q1,inventory
046390,삼화네트웍스,2022-Q3,inventory
046390,삼화네트웍스,2023-Q1,inventory
046390,삼화네트웍스,2022-Q2,inventory
046390,삼화네트웍스,2024-Q2,inventory
046390,삼화네트웍스,2024-Q4,inventory
046390,삼화네트웍스,2022-Q4,inventory
046390,삼화네트웍스,2020-Q1,inventory
038540,상상인,2021-Q4,capex
038540,상상인,2020-Q1,capex
038540,상상인,2022-Q3,capex
038540,상상인,2023-Q1,capex
038540,상상인,2022-Q1,capex
038540,상상인,2020-Q3,capex
038540,상상인,2020-Q4,capex
038540,상상인,2020-Q2,capex
038540,상상인,2022-Q4,capex
038540,상상인,2021-Q2,capex
038540,상상인,2021-Q3,capex
038540,상상인,2021-Q1,capex
038540,상상인,2022-Q2,capex
411080,샌즈랩,2023-Q1,inventory
411080,샌즈랩,2023-Q2,inventory
411080,샌즈랩,2024-Q2,inventory
411080,샌즈랩,2024-Q1,inventory
411080,샌즈랩,2024-Q4,inventory
411080,샌즈랩,2023-Q3,inventory
411080,샌즈랩,2022-Q4,inventory
411080,샌즈랩,2025-Q2,inventory
411080,샌즈랩,2025-Q3,inventory
411080,샌즈랩,2023-Q4,inventory
411080,샌즈랩,2024-Q3,inventory
411080,샌즈랩,2025-Q1,inventory
378800,샤페론,2023-Q2,revenue
378800,샤페론,2023-Q3,cogs
378800,샤페론,2024-Q1,revenue
378800,샤페론,2023-Q2,cogs
378800,샤페론,2023-Q3,revenue
378800,샤페론,2022-Q4,cogs
378800,샤페론,2024-Q2,cogs
378800,샤페론,2023-Q4,cogs
378800,샤페론,2025-Q2,cogs
378800,샤페론,2025-Q3,cogs
378800,샤페론,2023-Q4,revenue
378800,샤페론,2024-Q3,cogs
378800,샤페론,2025-Q1,cogs
378800,샤페론,2023-Q4,inventory
378800,샤페론,2023-Q1,cogs
378800,샤페론,2024-Q4,cogs
378800,샤페론,2024-Q1,cogs
042940,상지건설,2021-Q1,capex
294630,서남,2022-Q3,capex
294630,서남,2023-Q1,capex
294630,서남,2024-Q2,capex
294630,서남,2024-Q4,capex
294630,서남,2024-Q3,cfo
294630,서남,2022-Q4,capex
294630,서남,2024-Q1,cfo
294630,서남,2022-Q1,cfo
294630,서남,2023-Q3,cfo
294630,서남,2020-Q3,net_income
294630,서남,2023-Q2,cfo
294630,서남,2025-Q3,interest_expense
294630,서남,2021-Q2,capex
294630,서남,2021-Q3,capex
294630,서남,2021-Q1,capex
294630,서남,2020-Q1,capex
294630,서남,2025-Q1,cfo
294630,서남,2020-Q3,capex
294630,서남,2023-Q1,cfo
294630,서남,2022-Q2,cfo
294630,서남,2022-Q3,cfo
294630,서남,2024-Q4,cfo
294630,서남,2023-Q4,capex
294630,서남,2025-Q3,capex
294630,서남,2024-Q2,cfo
294630,서남,2022-Q4,cfo
294630,서남,2025-Q2,interest_expense
294630,서남,2021-Q4,capex
294630,서남,2020-Q4,capex
294630,서남,2021-Q3,cfo
294630,서남,2025-Q2,capex
294630,서남,2024-Q3,capex
294630,서남,2020-Q2,net_income
294630,서남,2025-Q3,cfo
294630,서남,2023-Q4,cfo
294630,서남,2024-Q1,capex
294630,서남,2025-Q1,interest_expense
294630,서남,2022-Q1,capex
294630,서남,2020-Q2,capex
294630,서남,2023-Q2,capex
294630,서남,2023-Q3,capex
294630,서남,2021-Q4,cfo
294630,서남,2024-Q4,interest_expense
294630,서남,2025-Q1,capex
294630,서남,2025-Q2,cfo
294630,서남,2022-Q2,capex
038070,서린바이오,2024-Q1,capex
038070,서린바이오,2023-Q1,capex
038070,서린바이오,2023-Q2,capex
038070,서린바이오,2024-Q2,capex
038070,서린바이오,2024-Q4,capex
038070,서린바이오,2025-Q2,capex
038070,서린바이오,2023-Q3,capex
038070,서린바이오,2024-Q3,capex
038070,서린바이오,2025-Q3,capex
038070,서린바이오,2023-Q4,capex
038070,서린바이오,2025-Q1,capex
006730,서부T&D,2022-Q3,capex
006730,서부T&D,2023-Q1,capex
006730,서부T&D,2024-Q3,ap
006730,서부T&D,2024-Q2,capex
006730,서부T&D,2024-Q4,capex
006730,서부T&D,2022-Q4,capex
006730,서부T&D,2021-Q2,capex
006730,서부T&D,2021-Q3,capex
006730,서부T&D,2021-Q1,capex
006730,서부T&D,2020-Q1,capex
006730,서부T&D,2020-Q3,capex
006730,서부T&D,2025-Q1,ap
006730,서부T&D,2025-Q3,capex
006730,서부T&D,2023-Q4,capex
006730,서부T&D,2024-Q4,ap
006730,서부T&D,2021-Q4,capex
006730,서부T&D,2020-Q4,capex
006730,서부T&D,2025-Q2,capex
006730,서부T&D,2024-Q3,capex
006730,서부T&D,2020-Q1,ap
006730,서부T&D,2024-Q3,total_assets
006730,서부T&D,2025-Q3,ap
006730,서부T&D,2024-Q1,capex
006730,서부T&D,2022-Q1,capex
006730,서부T&D,2020-Q2,capex
006730,서부T&D,2023-Q2,capex
006730,서부T&D,2023-Q3,capex
006730,서부T&D,2025-Q1,capex
006730,서부T&D,2022-Q2,capex
006730,서부T&D,2025-Q2,ap
079650,서산,2021-Q1,capex
079650,서산,2023-Q1,capex
079650,서산,2025-Q1,capex
100660,서암기계공업,2021-Q1,interest_expense
100660,서암기계공업,2021-Q2,interest_expense
100660,서암기계공업,2021-Q3,interest_expense
100660,서암기계공업,2020-Q1,interest_expense
100660,서암기계공업,2020-Q3,interest_expense
100660,서암기계공업,2020-Q2,ap
100660,서암기계공업,2023-Q2,ap
100660,서암기계공업,2022-Q1,ap
100660,서암기계공업,2023-Q4,interest_expense
100660,서암기계공업,2021-Q4,interest_expense
100660,서암기계공업,2023-Q1,ap
100660,서암기계공업,2022-Q2,ap
100660,서암기계공업,2020-Q4,interest_expense
100660,서암기계공업,2022-Q3,ap
100660,서암기계공업,2025-Q2,interest_expense
100660,서암기계공업,2024-Q3,interest_expense
100660,서암기계공업,2022-Q4,ap
100660,서암기계공업,2021-Q1,ap
100660,서암기계공업,2020-Q2,interest_expense
100660,서암기계공업,2021-Q2,ap
100660,서암기계공업,2021-Q3,ap
100660,서암기계공업,2020-Q1,ap
100660,서암기계공업,2024-Q1,interest_expense
100660,서암기계공업,2022-Q1,interest_expense
100660,서암기계공업,2020-Q3,ap
100660,서암기계공업,2023-Q2,interest_expense
100660,서암기계공업,2023-Q3,interest_expense
100660,서암기계공업,2025-Q1,interest_expense
100660,서암기계공업,2023-Q1,interest_expense
100660,서암기계공업,2022-Q2,interest_expense
100660,서암기계공업,2022-Q3,interest_expense
100660,서암기계공업,2024-Q4,interest_expense
100660,서암기계공업,2021-Q4,ap
100660,서암기계공업,2024-Q2,interest_expense
100660,서암기계공업,2022-Q4,interest_expense
100660,서암기계공업,2020-Q4,ap
043710,서울리거,2020-Q1,capex
043710,서울리거,2020-Q2,capex
063170,서울옥션,2025-Q2,ap
018680,서울제약,2023-Q3,ap
018680,서울제약,2020-Q1,capex
018680,서울제약,2020-Q3,capex
018680,서울제약,2020-Q2,capex
036120,서울평가정보,2022-Q1,cogs
036120,서울평가정보,2023-Q3,cogs
036120,서울평가정보,2021-Q2,inventory
036120,서울평가정보,2021-Q3,inventory
036120,서울평가정보,2023-Q2,cogs
036120,서울평가정보,2024-Q3,ap
036120,서울평가정보,2020-Q3,inventory
036120,서울평가정보,2025-Q1,cogs
036120,서울평가정보,2025-Q3,inventory
036120,서울평가정보,2020-Q2,ap
036120,서울평가정보,2023-Q2,ap
036120,서울평가정보,2023-Q4,inventory
036120,서울평가정보,2024-Q1,ap
036120,서울평가정보,2023-Q1,cogs
036120,서울평가정보,2021-Q2,capex
036120,서울평가정보,2021-Q3,capex
036120,서울평가정보,2021-Q1,capex
036120,서울평가정보,2020-Q1,capex
036120,서울평가정보,2022-Q1,ap
036120,서울평가정보,2022-Q2,cogs
036120,서울평가정보,2022-Q3,cogs
036120,서울평가정보,2023-Q3,ap
036120,서울평가정보,2024-Q4,cogs
036120,서울평가정보,2024-Q2,cogs
036120,서울평가정보,2022-Q4,cogs
036120,서울평가정보,2020-Q3,capex
036120,서울평가정보,2021-Q4,inventory
036120,서울평가정보,2025-Q1,ap
036120,서울평가정보,2021-Q1,inventory
036120,서울평가정보,2021-Q1,cogs
036120,서울평가정보,2020-Q4,inventory
036120,서울평가정보,2022-Q2,ap
036120,서울평가정보,2023-Q1,ap
036120,서울평가정보,2025-Q2,inventory
036120,서울평가정보,2021-Q2,cogs
036120,서울평가정보,2021-Q3,cogs
036120,서울평가정보,2020-Q1,cogs
036120,서울평가정보,2022-Q3,ap
036120,서울평가정보,2024-Q2,ap
036120,서울평가정보,2024-Q1,cogs
036120,서울평가정보,2020-Q3,cogs
036120,서울평가정보,2024-Q3,inventory
036120,서울평가정보,2022-Q4,ap
036120,서울평가정보,2024-Q4,ap
036120,서울평가정보,2025-Q2,ap
036120,서울평가정보,2025-Q3,cogs
036120,서울평가정보,2023-Q4,cogs
036120,서울평가정보,2020-Q2,inventory
036120,서울평가정보,2021-Q1,ap
036120,서울평가정보,2023-Q2,inventory
036120,서울평가정보,2024-Q1,inventory
036120,서울평가정보,2021-Q2,ap
036120,서울평가정보,2021-Q3,ap
036120,서울평가정보,2020-Q1,ap
036120,서울평가정보,2022-Q1,inventory
036120,서울평가정보,2023-Q3,inventory
036120,서울평가정보,2020-Q3,ap
036120,서울평가정보,2021-Q4,cogs
036120,서울평가정보,2025-Q1,inventory
036120,서울평가정보,2025-Q3,ap
036120,서울평가정보,2023-Q4,ap
036120,서울평가정보,2020-Q4,cogs
036120,서울평가정보,2022-Q3,inventory
036120,서울평가정보,2025-Q2,cogs
036120,서울평가정보,2020-Q2,capex
036120,서울평가정보,2022-Q2,inventory
036120,서울평가정보,2023-Q1,inventory
036120,서울평가정보,2024-Q2,inventory
036120,서울평가정보,2024-Q3,cogs
036120,서울평가정보,2024-Q4,inventory
036120,서울평가정보,2022-Q4,inventory
036120,서울평가정보,2021-Q4,ap
036120,서울평가정보,2020-Q2,cogs
036120,서울평가정보,2020-Q4,ap
036120,서울평가정보,2020-Q1,inventory
093920,서원인텍,2022-Q3,capex
093920,서원인텍,2023-Q1,capex
093920,서원인텍,2024-Q2,capex
093920,서원인텍,2024-Q4,capex
093920,서원인텍,2022-Q4,capex
093920,서원인텍,2021-Q2,capex
093920,서원인텍,2021-Q3,capex
093920,서원인텍,2020-Q1,capex
093920,서원인텍,2021-Q1,capex
093920,서원인텍,2020-Q3,capex
093920,서원인텍,2025-Q3,capex
093920,서원인텍,2023-Q4,capex
093920,서원인텍,2021-Q4,capex
093920,서원인텍,2020-Q4,capex
093920,서원인텍,2025-Q2,capex
093920,서원인텍,2024-Q3,capex
093920,서원인텍,2024-Q1,capex
093920,서원인텍,2022-Q1,capex
093920,서원인텍,2020-Q2,capex
093920,서원인텍,2023-Q2,capex
093920,서원인텍,2023-Q3,capex
093920,서원인텍,2025-Q1,capex
093920,서원인텍,2022-Q2,capex
189860,서전기전,2025-Q3,interest_expense
189860,서전기전,2020-Q4,cogs
189860,서전기전,2020-Q4,revenue
011370,서한,2023-Q4,ap
011370,서한,2024-Q3,ap
011370,서한,2025-Q2,capex
011370,서한,2025-Q3,capex
011370,서한,2023-Q1,ap
011370,서한,2022-Q2,ap
011370,서한,2025-Q1,capex
011370,서한,2023-Q2,ap
011370,서한,2022-Q3,ap
011370,서한,2023-Q3,ap
011370,서한,2024-Q2,ap
011370,서한,2022-Q1,ap
011370,서한,2024-Q1,ap
011370,서한,2022-Q4,ap
065710,서호전기,2022-Q3,capex
065710,서호전기,2023-Q1,capex
065710,서호전기,2024-Q2,capex
065710,서호전기,2024-Q4,capex
065710,서호전기,2022-Q4,capex
065710,서호전기,2021-Q2,capex
065710,서호전기,2021-Q3,capex
065710,서호전기,2020-Q1,capex
065710,서호전기,2021-Q1,capex
065710,서호전기,2020-Q3,capex
065710,서호전기,2025-Q3,capex
065710,서호전기,2023-Q4,capex
065710,서호전기,2021-Q4,capex
065710,서호전기,2020-Q4,capex
065710,서호전기,2025-Q2,capex
065710,서호전기,2024-Q3,capex
065710,서호전기,2024-Q1,capex
065710,서호전기,2022-Q1,capex
065710,서호전기,2020-Q2,capex
065710,서호전기,2023-Q2,capex
065710,서호전기,2023-Q3,capex
065710,서호전기,2025-Q1,capex
065710,서호전기,2022-Q2,capex
067370,선바이오,2022-Q3,capex
067370,선바이오,2022-Q4,ap
035890,서희건설,2022-Q3,capex
035890,서희건설,2023-Q1,capex
035890,서희건설,2024-Q2,capex
035890,서희건설,2024-Q4,capex
035890,서희건설,2022-Q4,capex
035890,서희건설,2021-Q2,capex
035890,서희건설,2021-Q3,capex
035890,서희건설,2020-Q1,capex
035890,서희건설,2021-Q1,capex
035890,서희건설,2020-Q3,capex
035890,서희건설,2025-Q3,capex
035890,서희건설,2023-Q4,capex
035890,서희건설,2021-Q4,capex
035890,서희건설,2020-Q4,capex
035890,서희건설,2025-Q2,capex
035890,서희건설,2024-Q3,capex
035890,서희건설,2024-Q1,capex
035890,서희건설,2022-Q1,capex
035890,서희건설,2020-Q2,capex
035890,서희건설,2023-Q2,capex
035890,서희건설,2023-Q3,capex
035890,서희건설,2025-Q1,capex
035890,서희건설,2022-Q2,capex
217620,선샤인푸드,2021-Q4,capex
217620,선샤인푸드,2021-Q4,ap
217620,선샤인푸드,2022-Q4,ap
217620,선샤인푸드,2022-Q4,capex
037350,성도이엔지,2023-Q4,ap
037350,성도이엔지,2024-Q3,ap
037350,성도이엔지,2024-Q4,ap
037350,성도이엔지,2025-Q1,ap
037350,성도이엔지,2025-Q3,ap
037350,성도이엔지,2023-Q1,ap
037350,성도이엔지,2022-Q2,ap
037350,성도이엔지,2021-Q4,ap
037350,성도이엔지,2023-Q2,ap
037350,성도이엔지,2022-Q3,ap
037350,성도이엔지,2023-Q3,ap
037350,성도이엔지,2024-Q2,ap
037350,성도이엔지,2022-Q1,ap
037350,성도이엔지,2024-Q1,ap
037350,성도이엔지,2022-Q4,ap
037350,성도이엔지,2025-Q2,ap
081580,성우전자,2022-Q3,capex
081580,성우전자,2023-Q1,capex
081580,성우전자,2024-Q2,capex
081580,성우전자,2024-Q4,capex
081580,성우전자,2022-Q4,capex
081580,성우전자,2021-Q2,capex
081580,성우전자,2021-Q3,capex
081580,성우전자,2020-Q1,capex
081580,성우전자,2021-Q1,capex
081580,성우전자,2020-Q3,capex
081580,성우전자,2025-Q3,capex
081580,성우전자,2023-Q4,capex
081580,성우전자,2021-Q4,capex
081580,성우전자,2020-Q4,capex
081580,성우전자,2025-Q2,capex
081580,성우전자,2024-Q3,capex
081580,성우전자,2024-Q1,capex
081580,성우전자,2022-Q1,capex
081580,성우전자,2020-Q2,capex
081580,성우전자,2023-Q2,capex
081580,성우전자,2023-Q3,capex
081580,성우전자,2025-Q1,capex
081580,성우전자,2022-Q2,capex
188260,세니젠,2024-Q1,capex
188260,세니젠,2024-Q2,capex
188260,세니젠,2024-Q4,capex
188260,세니젠,2025-Q2,capex
188260,세니젠,2024-Q3,capex
188260,세니젠,2025-Q3,capex
188260,세니젠,2023-Q4,capex
188260,세니젠,2025-Q1,capex
148150,세경하이테크,2023-Q1,capex
148150,세경하이테크,2025-Q1,ar
148150,세경하이테크,2020-Q2,ap
148150,세경하이테크,2023-Q2,ap
148150,세경하이테크,2022-Q1,ap
148150,세경하이테크,2023-Q3,ap
148150,세경하이테크,2020-Q3,capex
148150,세경하이테크,2025-Q1,ap
148150,세경하이테크,2023-Q1,cfo
148150,세경하이테크,2022-Q2,cfo
148150,세경하이테크,2024-Q4,cfo
148150,세경하이테크,2020-Q1,ar
148150,세경하이테크,2021-Q1,ar
148150,세경하이테크,2024-Q2,cfo
148150,세경하이테크,2021-Q4,capex
148150,세경하이테크,2023-Q4,ar
148150,세경하이테크,2020-Q1,ap
148150,세경하이테크,2021-Q4,ar
148150,세경하이테크,2020-Q4,ar
148150,세경하이테크,2025-Q3,ap
148150,세경하이테크,2025-Q2,ar
148150,세경하이테크,2022-Q1,capex
148150,세경하이테크,2024-Q1,ar
148150,세경하이테크,2020-Q4,ap
148150,세경하이테크,2024-Q3,cfo
148150,세경하이테크,2020-Q2,ar
148150,세경하이테크,2023-Q2,ar
148150,세경하이테크,2025-Q2,ap
148150,세경하이테크,2023-Q3,ar
148150,세경하이테크,2024-Q1,ap
148150,세경하이테크,2022-Q3,ar
148150,세경하이테크,2020-Q1,capex
148150,세경하이테크,2021-Q1,capex
148150,세경하이테크,2021-Q2,ar
148150,세경하이테크,2024-Q2,ap
148150,세경하이테크,2022-Q3,ap
148150,세경하이테크,2022-Q4,ap
148150,세경하이테크,2021-Q1,cfo
148150,세경하이테크,2020-Q4,capex
148150,세경하이테크,2025-Q3,ar
148150,세경하이테크,2021-Q2,ap
148150,세경하이테크,2021-Q3,ap
148150,세경하이테크,2020-Q3,cfo
148150,세경하이테크,2020-Q2,capex
148150,세경하이테크,2023-Q2,capex
148150,세경하이테크,2023-Q3,capex
148150,세경하이테크,2021-Q4,cfo
148150,세경하이테크,2022-Q3,capex
148150,세경하이테크,2020-Q2,cfo
148150,세경하이테크,2022-Q1,cfo
148150,세경하이테크,2022-Q2,ar
148150,세경하이테크,2023-Q3,cfo
148150,세경하이테크,2021-Q2,capex
148150,세경하이테크,2021-Q3,capex
148150,세경하이테크,2024-Q2,ar
148150,세경하이테크,2025-Q1,cfo
148150,세경하이테크,2022-Q4,ar
148150,세경하이테크,2023-Q1,ap
148150,세경하이테크,2022-Q2,ap
148150,세경하이테크,2024-Q4,ap
148150,세경하이테크,2021-Q3,ar
148150,세경하이테크,2020-Q1,cfo
148150,세경하이테크,2020-Q3,ap
148150,세경하이테크,2023-Q4,cfo
148150,세경하이테크,2024-Q3,ar
148150,세경하이테크,2020-Q4,cfo
148150,세경하이테크,2022-Q2,capex
148150,세경하이테크,2024-Q3,ap
148150,세경하이테크,2022-Q4,capex
148150,세경하이테크,2024-Q1,cfo
148150,세경하이테크,2023-Q2,cfo
148150,세경하이테크,2023-Q1,ar
148150,세경하이테크,2024-Q4,ar
148150,세경하이테크,2022-Q3,cfo
148150,세경하이테크,2022-Q4,cfo
148150,세경하이테크,2020-Q3,ar
148150,세경하이테크,2021-Q2,cfo
148150,세경하이테크,2021-Q1,ap
148150,세경하이테크,2021-Q3,cfo
148150,세경하이테크,2023-Q4,ap
148150,세경하이테크,2021-Q4,ap
148150,세경하이테크,2022-Q1,ar
011560,세보엠이씨,2022-Q3,capex
011560,세보엠이씨,2023-Q1,capex
011560,세보엠이씨,2024-Q2,capex
011560,세보엠이씨,2024-Q4,capex
011560,세보엠이씨,2022-Q4,capex
011560,세보엠이씨,2021-Q2,capex
011560,세보엠이씨,2021-Q3,capex
011560,세보엠이씨,2020-Q1,capex
011560,세보엠이씨,2021-Q1,capex
011560,세보엠이씨,2020-Q3,capex
011560,세보엠이씨,2025-Q3,capex
011560,세보엠이씨,2023-Q4,capex
011560,세보엠이씨,2021-Q4,capex
011560,세보엠이씨,2020-Q4,capex
011560,세보엠이씨,2025-Q2,capex
011560,세보엠이씨,2024-Q3,capex
011560,세보엠이씨,2024-Q1,capex
011560,세보엠이씨,2022-Q1,capex
011560,세보엠이씨,2020-Q2,capex
011560,세보엠이씨,2023-Q2,capex
011560,세보엠이씨,2023-Q3,capex
011560,세보엠이씨,2025-Q1,capex
011560,세보엠이씨,2022-Q2,capex
017510,세명전기,2022-Q3,capex
017510,세명전기,2023-Q1,capex
017510,세명전기,2022-Q1,capex
017510,세명전기,2022-Q4,capex
017510,세명전기,2020-Q1,capex
017510,세명전기,2022-Q2,capex
024830,세원물산,2023-Q4,cfo
024830,세원물산,2025-Q1,cfo
024830,세원물산,2025-Q3,cfo
024830,세원물산,2024-Q4,cfo
024830,세원물산,2024-Q1,cfo
024830,세원물산,2024-Q2,cfo
024830,세원물산,2025-Q2,cfo
024830,세원물산,2024-Q3,cfo
258830,세종메디칼,2022-Q4,net_income
258830,세종메디칼,2023-Q1,net_income
039310,세중,2024-Q3,ap
039310,세중,2023-Q2,ap
039310,세중,2024-Q1,ap
039310,세중,2023-Q3,ap
039310,세중,2022-Q1,ap
039310,세중,2023-Q4,net_income
039310,세중,2025-Q1,ap
039310,세중,2023-Q1,ap
039310,세중,2022-Q2,ap
039310,세중,2024-Q2,ap
039310,세중,2024-Q4,ap
039310,세중,2022-Q3,ap
039310,세중,2022-Q4,ap
039310,세중,2021-Q1,ap
039310,세중,2025-Q3,ap
039310,세중,2023-Q4,ap
039310,세중,2021-Q4,ap
039310,세중,2020-Q4,ap
039310,세중,2025-Q2,ap
053450,세코닉스,2020-Q2,ap
331920,셀레믹스,2023-Q2,total_equity
331920,셀레믹스,2023-Q2,total_assets
331920,셀레믹스,2023-Q2,total_liab
318160,셀바이오휴먼텍,2023-Q4,ap
318160,셀바이오휴먼텍,2024-Q3,ap
318160,셀바이오휴먼텍,2025-Q1,ap
318160,셀바이오휴먼텍,2025-Q3,ap
318160,셀바이오휴먼텍,2023-Q1,ap
318160,셀바이오휴먼텍,2023-Q2,ap
318160,셀바이오휴먼텍,2024-Q2,ap
318160,셀바이오휴먼텍,2024-Q1,ap
318160,셀바이오휴먼텍,2023-Q3,ap
318160,셀바이오휴먼텍,2024-Q4,ap
318160,셀바이오휴먼텍,2025-Q2,ap
352770,셀레스트라,2022-Q3,capex
352770,셀레스트라,2023-Q1,capex
352770,셀레스트라,2024-Q2,capex
352770,셀레스트라,2024-Q4,capex
352770,셀레스트라,2022-Q4,capex
352770,셀레스트라,2025-Q3,inventory
352770,셀레스트라,2021-Q2,capex
352770,셀레스트라,2021-Q3,capex
352770,셀레스트라,2021-Q1,capex
352770,셀레스트라,2025-Q3,capex
352770,셀레스트라,2023-Q4,capex
352770,셀레스트라,2025-Q2,inventory
352770,셀레스트라,2021-Q4,capex
352770,셀레스트라,2020-Q4,capex
352770,셀레스트라,2025-Q2,capex
352770,셀레스트라,2024-Q3,capex
352770,셀레스트라,2024-Q1,capex
352770,셀레스트라,2025-Q1,net_income
352770,셀레스트라,2022-Q1,capex
352770,셀레스트라,2023-Q2,capex
352770,셀레스트라,2023-Q3,capex
352770,셀레스트라,2025-Q1,capex
352770,셀레스트라,2022-Q2,capex
299660,셀리드,2021-Q2,inventory
299660,셀리드,2021-Q3,inventory
299660,셀리드,2020-Q3,inventory
299660,셀리드,2020-Q2,ap
299660,셀리드,2022-Q2,ar
299660,셀리드,2023-Q2,ap
299660,셀리드,2023-Q4,inventory
299660,셀리드,2022-Q3,ar
299660,셀리드,2022-Q1,ap
299660,셀리드,2023-Q3,ap
299660,셀리드,2022-Q3,cogs
299660,셀리드,2021-Q4,inventory
299660,셀리드,2021-Q1,inventory
299660,셀리드,2020-Q4,inventory
299660,셀리드,2021-Q2,ar
299660,셀리드,2020-Q1,ar
299660,셀리드,2021-Q1,ar
299660,셀리드,2021-Q2,cogs
299660,셀리드,2022-Q2,ap
299660,셀리드,2022-Q3,ap
299660,셀리드,2023-Q1,ap
299660,셀리드,2021-Q3,ar
299660,셀리드,2022-Q4,ap
299660,셀리드,2020-Q3,ar
299660,셀리드,2022-Q3,revenue
299660,셀리드,2023-Q4,cogs
299660,셀리드,2020-Q2,inventory
299660,셀리드,2021-Q1,ap
299660,셀리드,2023-Q2,inventory
299660,셀리드,2023-Q4,ar
299660,셀리드,2021-Q2,ap
299660,셀리드,2021-Q3,ap
299660,셀리드,2020-Q1,ap
299660,셀리드,2022-Q1,inventory
299660,셀리드,2023-Q3,inventory
299660,셀리드,2020-Q3,ap
299660,셀리드,2021-Q4,ar
299660,셀리드,2020-Q4,ar
299660,셀리드,2023-Q4,ap
299660,셀리드,2022-Q3,inventory
299660,셀리드,2023-Q1,inventory
299660,셀리드,2022-Q2,inventory
299660,셀리드,2023-Q4,revenue
299660,셀리드,2020-Q2,ar
299660,셀리드,2022-Q4,inventory
299660,셀리드,2021-Q4,ap
299660,셀리드,2020-Q4,ap
299660,셀리드,2022-Q1,ar
299660,셀리드,2020-Q1,inventory
068760,셀트리온제약,2025-Q1,ap
068760,셀트리온제약,2025-Q2,ap
068760,셀트리온제약,2025-Q3,ap
068760,셀트리온제약,2024-Q4,ap
007720,소노스퀘어,2022-Q3,capex
007720,소노스퀘어,2023-Q1,capex
007720,소노스퀘어,2024-Q2,capex
007720,소노스퀘어,2024-Q4,capex
007720,소노스퀘어,2022-Q4,capex
007720,소노스퀘어,2021-Q2,capex
007720,소노스퀘어,2021-Q3,capex
007720,소노스퀘어,2020-Q1,capex
007720,소노스퀘어,2021-Q1,capex
007720,소노스퀘어,2020-Q3,capex
007720,소노스퀘어,2025-Q3,capex
007720,소노스퀘어,2023-Q4,capex
007720,소노스퀘어,2021-Q4,capex
007720,소노스퀘어,2020-Q4,capex
007720,소노스퀘어,2025-Q2,capex
007720,소노스퀘어,2024-Q3,capex
007720,소노스퀘어,2024-Q1,capex
007720,소노스퀘어,2022-Q1,capex
007720,소노스퀘어,2020-Q2,capex
007720,소노스퀘어,2023-Q2,capex
007720,소노스퀘어,2023-Q3,capex
007720,소노스퀘어,2025-Q1,capex
007720,소노스퀘어,2022-Q2,capex
068940,셀피글로벌,2020-Q1,capex
068940,셀피글로벌,2020-Q3,capex
068940,셀피글로벌,2020-Q2,capex
032680,소프트센,2025-Q1,capex
258790,소프트캠프,2022-Q3,capex
258790,소프트캠프,2023-Q1,capex
258790,소프트캠프,2024-Q3,ap
258790,소프트캠프,2024-Q2,capex
258790,소프트캠프,2024-Q4,capex
258790,소프트캠프,2022-Q4,capex
258790,소프트캠프,2020-Q2,ap
258790,소프트캠프,2023-Q2,ap
258790,소프트캠프,2023-Q4,inventory
258790,소프트캠프,2024-Q1,ap
258790,소프트캠프,2021-Q2,capex
258790,소프트캠프,2022-Q1,ap
258790,소프트캠프,2021-Q1,capex
258790,소프트캠프,2021-Q3,capex
258790,소프트캠프,2020-Q1,capex
258790,소프트캠프,2023-Q3,ap
258790,소프트캠프,2020-Q3,capex
258790,소프트캠프,2025-Q1,ap
258790,소프트캠프,2025-Q3,capex
258790,소프트캠프,2023-Q1,ap
258790,소프트캠프,2022-Q2,ap
258790,소프트캠프,2023-Q4,capex
258790,소프트캠프,2025-Q2,inventory
258790,소프트캠프,2024-Q2,ap
258790,소프트캠프,2022-Q3,ap
258790,소프트캠프,2024-Q4,ap
258790,소프트캠프,2024-Q3,inventory
258790,소프트캠프,2022-Q4,ap
258790,소프트캠프,2025-Q2,ap
258790,소프트캠프,2021-Q4,capex
258790,소프트캠프,2020-Q4,capex
258790,소프트캠프,2021-Q1,ap
258790,소프트캠프,2023-Q2,inventory
258790,소프트캠프,2025-Q2,capex
258790,소프트캠프,2024-Q1,inventory
258790,소프트캠프,2021-Q2,ap
258790,소프트캠프,2021-Q3,ap
258790,소프트캠프,2020-Q1,ap
258790,소프트캠프,2022-Q1,inventory
258790,소프트캠프,2023-Q3,inventory
258790,소프트캠프,2024-Q3,capex
258790,소프트캠프,2020-Q3,ap
258790,소프트캠프,2025-Q1,inventory
258790,소프트캠프,2025-Q3,ap
258790,소프트캠프,2023-Q4,ap
258790,소프트캠프,2024-Q1,capex
258790,소프트캠프,2022-Q3,inventory
258790,소프트캠프,2022-Q1,capex
258790,소프트캠프,2020-Q2,capex
258790,소프트캠프,2022-Q2,inventory
258790,소프트캠프,2023-Q1,inventory
258790,소프트캠프,2023-Q2,capex
258790,소프트캠프,2024-Q2,inventory
258790,소프트캠프,2024-Q4,inventory
258790,소프트캠프,2023-Q3,capex
258790,소프트캠프,2021-Q4,ap
258790,소프트캠프,2025-Q1,capex
258790,소프트캠프,2020-Q4,ap
258790,소프트캠프,2022-Q2,capex
258790,소프트캠프,2021-Q1,inventory
328380,솔트웨어,2022-Q3,current_liab
328380,솔트웨어,2022-Q3,current_assets
328380,솔트웨어,2022-Q3,ap
215090,솔디펜스,2022-Q4,net_income
066910,손오공,2021-Q4,net_income
066910,손오공,2022-Q4,net_income
298830,슈어소프트테크,2023-Q3,cogs
298830,슈어소프트테크,2023-Q2,cogs
298830,슈어소프트테크,2025-Q2,revenue
298830,슈어소프트테크,2024-Q3,revenue
298830,슈어소프트테크,2025-Q1,cogs
298830,슈어소프트테크,2025-Q3,inventory
298830,슈어소프트테크,2023-Q2,ap
298830,슈어소프트테크,2023-Q4,inventory
298830,슈어소프트테크,2023-Q3,ap
298830,슈어소프트테크,2024-Q4,cogs
298830,슈어소프트테크,2023-Q2,revenue
298830,슈어소프트테크,2024-Q1,revenue
298830,슈어소프트테크,2024-Q2,cogs
298830,슈어소프트테크,2023-Q3,revenue
298830,슈어소프트테크,2025-Q1,revenue
298830,슈어소프트테크,2025-Q2,inventory
298830,슈어소프트테크,2024-Q3,inventory
298830,슈어소프트테크,2024-Q2,revenue
298830,슈어소프트테크,2024-Q4,revenue
298830,슈어소프트테크,2025-Q3,cogs
298830,슈어소프트테크,2023-Q4,cogs
298830,슈어소프트테크,2023-Q2,inventory
298830,슈어소프트테크,2024-Q1,inventory
298830,슈어소프트테크,2023-Q3,inventory
298830,슈어소프트테크,2025-Q1,inventory
298830,슈어소프트테크,2025-Q2,cogs
298830,슈어소프트테크,2025-Q3,revenue
298830,슈어소프트테크,2023-Q4,revenue
298830,슈어소프트테크,2024-Q2,inventory
298830,슈어소프트테크,2024-Q3,cogs
298830,슈어소프트테크,2024-Q4,inventory
298830,슈어소프트테크,2024-Q1,cogs
304100,솔트룩스,2022-Q1,cogs
304100,솔트룩스,2023-Q3,cogs
304100,솔트룩스,2021-Q2,inventory
304100,솔트룩스,2021-Q3,inventory
304100,솔트룩스,2023-Q2,cogs
304100,솔트룩스,2020-Q4,revenue
304100,솔트룩스,2020-Q3,inventory
304100,솔트룩스,2024-Q3,revenue
304100,솔트룩스,2025-Q1,cogs
304100,솔트룩스,2025-Q3,inventory
304100,솔트룩스,2023-Q4,inventory
304100,솔트룩스,2023-Q1,cogs
304100,솔트룩스,2022-Q2,cogs
304100,솔트룩스,2022-Q3,cogs
304100,솔트룩스,2024-Q4,cogs
304100,솔트룩스,2023-Q2,revenue
304100,솔트룩스,2024-Q1,revenue
304100,솔트룩스,2024-Q2,cogs
304100,솔트룩스,2022-Q1,revenue
304100,솔트룩스,2022-Q4,cogs
304100,솔트룩스,2023-Q3,revenue
304100,솔트룩스,2021-Q4,inventory
304100,솔트룩스,2021-Q1,inventory
304100,솔트룩스,2021-Q1,cogs
304100,솔트룩스,2020-Q4,inventory
304100,솔트룩스,2025-Q2,inventory
304100,솔트룩스,2021-Q2,cogs
304100,솔트룩스,2021-Q3,cogs
304100,솔트룩스,2024-Q3,inventory
304100,솔트룩스,2024-Q1,cogs
304100,솔트룩스,2020-Q3,cogs
304100,솔트룩스,2022-Q2,revenue
304100,솔트룩스,2023-Q1,revenue
304100,솔트룩스,2024-Q2,revenue
304100,솔트룩스,2022-Q3,revenue
304100,솔트룩스,2025-Q3,cogs
304100,솔트룩스,2022-Q4,revenue
304100,솔트룩스,2023-Q4,cogs
304100,솔트룩스,2023-Q2,inventory
304100,솔트룩스,2022-Q1,inventory
304100,솔트룩스,2021-Q1,revenue
304100,솔트룩스,2021-Q2,revenue
304100,솔트룩스,2021-Q3,revenue
304100,솔트룩스,2021-Q4,cogs
304100,솔트룩스,2020-Q3,revenue
304100,솔트룩스,2025-Q1,inventory
304100,솔트룩스,2020-Q4,cogs
304100,솔트룩스,2022-Q3,inventory
304100,솔트룩스,2025-Q2,cogs
304100,솔트룩스,2023-Q1,inventory
304100,솔트룩스,2022-Q2,inventory
304100,솔트룩스,2023-Q4,revenue
304100,솔트룩스,2024-Q2,inventory
304100,솔트룩스,2024-Q3,cogs
304100,솔트룩스,2024-Q4,inventory
304100,솔트룩스,2022-Q4,inventory
304100,솔트룩스,2021-Q4,revenue
086980,쇼박스,2022-Q3,capex
086980,쇼박스,2021-Q2,inventory
086980,쇼박스,2021-Q3,inventory
086980,쇼박스,2023-Q1,capex
086980,쇼박스,2024-Q2,capex
086980,쇼박스,2024-Q4,capex
086980,쇼박스,2020-Q3,inventory
086980,쇼박스,2022-Q4,capex
086980,쇼박스,2025-Q3,inventory
086980,쇼박스,2023-Q4,inventory
086980,쇼박스,2021-Q2,capex
086980,쇼박스,2021-Q3,capex
086980,쇼박스,2021-Q1,capex
086980,쇼박스,2020-Q1,capex
086980,쇼박스,2020-Q3,capex
086980,쇼박스,2021-Q4,inventory
086980,쇼박스,2020-Q1,inventory
086980,쇼박스,2025-Q3,capex
086980,쇼박스,2020-Q4,inventory
086980,쇼박스,2023-Q4,capex
086980,쇼박스,2025-Q2,inventory
086980,쇼박스,2024-Q3,inventory
086980,쇼박스,2021-Q4,capex
086980,쇼박스,2020-Q4,capex
086980,쇼박스,2020-Q2,inventory
086980,쇼박스,2023-Q2,inventory
086980,쇼박스,2025-Q2,capex
086980,쇼박스,2024-Q1,inventory
086980,쇼박스,2024-Q3,capex
086980,쇼박스,2022-Q1,inventory
086980,쇼박스,2023-Q3,inventory
086980,쇼박스,2025-Q1,inventory
086980,쇼박스,2024-Q1,capex
086980,쇼박스,2022-Q3,inventory
086980,쇼박스,2022-Q1,capex
086980,쇼박스,2020-Q2,capex
086980,쇼박스,2022-Q2,inventory
086980,쇼박스,2023-Q1,inventory
086980,쇼박스,2023-Q2,capex
086980,쇼박스,2024-Q2,inventory
086980,쇼박스,2024-Q4,inventory
086980,쇼박스,2023-Q3,capex
086980,쇼박스,2022-Q4,inventory
086980,쇼박스,2025-Q1,capex
086980,쇼박스,2022-Q2,capex
086980,쇼박스,2021-Q1,inventory
036830,솔브레인홀딩스,2020-Q4,revenue
084180,수성웹툰,2025-Q1,net_income
084180,수성웹툰,2022-Q2,net_income
084180,수성웹툰,2024-Q1,net_income
084180,수성웹툰,2023-Q1,net_income
084180,수성웹툰,2022-Q1,net_income
084180,수성웹툰,2023-Q2,net_income
253840,수젠텍,2024-Q1,capex
253840,수젠텍,2023-Q1,capex
253840,수젠텍,2023-Q2,capex
253840,수젠텍,2024-Q2,capex
253840,수젠텍,2025-Q2,capex
253840,수젠텍,2023-Q3,capex
253840,수젠텍,2024-Q3,capex
253840,수젠텍,2023-Q4,capex
253840,수젠텍,2025-Q1,capex
276040,스코넥,2022-Q1,cogs
276040,스코넥,2023-Q3,cogs
276040,스코넥,2023-Q2,cogs
276040,스코넥,2025-Q2,revenue
276040,스코넥,2024-Q3,revenue
276040,스코넥,2025-Q1,cogs
276040,스코넥,2025-Q3,inventory
276040,스코넥,2023-Q1,cogs
276040,스코넥,2022-Q2,cogs
276040,스코넥,2022-Q3,cogs
276040,스코넥,2024-Q4,cogs
276040,스코넥,2023-Q2,revenue
276040,스코넥,2024-Q1,revenue
276040,스코넥,2024-Q2,cogs
276040,스코넥,2022-Q1,revenue
276040,스코넥,2022-Q4,cogs
276040,스코넥,2023-Q3,revenue
276040,스코넥,2025-Q1,revenue
276040,스코넥,2025-Q2,inventory
276040,스코넥,2024-Q1,cogs
276040,스코넥,2023-Q1,revenue
276040,스코넥,2022-Q2,revenue
276040,스코넥,2024-Q2,revenue
276040,스코넥,2022-Q3,revenue
276040,스코넥,2024-Q4,revenue
276040,스코넥,2025-Q3,cogs
276040,스코넥,2022-Q4,revenue
276040,스코넥,2023-Q4,cogs
276040,스코넥,2021-Q4,cogs
276040,스코넥,2022-Q1,capex
276040,스코넥,2025-Q2,cogs
276040,스코넥,2025-Q3,revenue
276040,스코넥,2023-Q4,revenue
276040,스코넥,2024-Q3,cogs
276040,스코넥,2022-Q2,capex
276040,스코넥,2021-Q4,revenue
330730,스톤브릿지벤처스,2023-Q2,ar
330730,스톤브릿지벤처스,2022-Q1,cogs
330730,스톤브릿지벤처스,2023-Q3,cogs
330730,스톤브릿지벤처스,2023-Q1,capex
330730,스톤브릿지벤처스,2023-Q2,cogs
330730,스톤브릿지벤처스,2023-Q3,ar
330730,스톤브릿지벤처스,2024-Q3,ap
330730,스톤브릿지벤처스,2024-Q2,capex
330730,스톤브릿지벤처스,2024-Q4,capex
330730,스톤브릿지벤처스,2025-Q1,ar
330730,스톤브릿지벤처스,2025-Q1,cogs
330730,스톤브릿지벤처스,2025-Q3,inventory
330730,스톤브릿지벤처스,2022-Q2,ar
330730,스톤브릿지벤처스,2023-Q2,ap
330730,스톤브릿지벤처스,2023-Q4,inventory
330730,스톤브릿지벤처스,2023-Q1,cogs
330730,스톤브릿지벤처스,2022-Q3,ar
330730,스톤브릿지벤처스,2022-Q2,cogs
330730,스톤브릿지벤처스,2022-Q1,ap
330730,스톤브릿지벤처스,2023-Q1,ar
330730,스톤브릿지벤처스,2022-Q3,cogs
330730,스톤브릿지벤처스,2023-Q3,ap
330730,스톤브릿지벤처스,2024-Q1,ap
330730,스톤브릿지벤처스,2024-Q2,ar
330730,스톤브릿지벤처스,2024-Q4,cogs
330730,스톤브릿지벤처스,2024-Q4,ar
330730,스톤브릿지벤처스,2024-Q2,cogs
330730,스톤브릿지벤처스,2022-Q4,cogs
330730,스톤브릿지벤처스,2022-Q4,ar
330730,스톤브릿지벤처스,2021-Q4,inventory
330730,스톤브릿지벤처스,2025-Q1,ap
330730,스톤브릿지벤처스,2025-Q3,capex
330730,스톤브릿지벤처스,2023-Q1,ap
330730,스톤브릿지벤처스,2022-Q2,ap
330730,스톤브릿지벤처스,2025-Q2,inventory
330730,스톤브릿지벤처스,2024-Q2,ap
330730,스톤브릿지벤처스,2022-Q3,ap
330730,스톤브릿지벤처스,2024-Q4,ap
330730,스톤브릿지벤처스,2024-Q3,inventory
330730,스톤브릿지벤처스,2022-Q4,ap
330730,스톤브릿지벤처스,2025-Q2,ap
330730,스톤브릿지벤처스,2025-Q3,cogs
330730,스톤브릿지벤처스,2023-Q4,cogs
330730,스톤브릿지벤처스,2025-Q3,ar
330730,스톤브릿지벤처스,2025-Q2,capex
330730,스톤브릿지벤처스,2023-Q2,inventory
330730,스톤브릿지벤처스,2023-Q4,ar
330730,스톤브릿지벤처스,2024-Q1,inventory
330730,스톤브릿지벤처스,2024-Q3,capex
330730,스톤브릿지벤처스,2022-Q1,inventory
330730,스톤브릿지벤처스,2023-Q3,inventory
330730,스톤브릿지벤처스,2021-Q4,cogs
330730,스톤브릿지벤처스,2021-Q4,ar
330730,스톤브릿지벤처스,2025-Q1,inventory
330730,스톤브릿지벤처스,2023-Q4,ap
330730,스톤브릿지벤처스,2025-Q2,ar
330730,스톤브릿지벤처스,2024-Q1,capex
330730,스톤브릿지벤처스,2025-Q3,ap
330730,스톤브릿지벤처스,2022-Q3,inventory
330730,스톤브릿지벤처스,2025-Q2,cogs
330730,스톤브릿지벤처스,2023-Q1,inventory
330730,스톤브릿지벤처스,2022-Q2,inventory
330730,스톤브릿지벤처스,2024-Q3,ar
330730,스톤브릿지벤처스,2024-Q2,inventory
330730,스톤브릿지벤처스,2024-Q3,cogs
330730,스톤브릿지벤처스,2024-Q4,inventory
330730,스톤브릿지벤처스,2022-Q4,inventory
330730,스톤브릿지벤처스,2021-Q4,ap
330730,스톤브릿지벤처스,2025-Q1,capex
330730,스톤브릿지벤처스,2024-Q1,ar
330730,스톤브릿지벤처스,2022-Q1,ar
330730,스톤브릿지벤처스,2024-Q1,cogs
408900,스튜디오미르,2024-Q3,ap
408900,스튜디오미르,2025-Q3,inventory
408900,스튜디오미르,2023-Q2,ap
408900,스튜디오미르,2023-Q4,inventory
408900,스튜디오미르,2024-Q1,ap
408900,스튜디오미르,2023-Q3,ap
408900,스튜디오미르,2025-Q1,ap
408900,스튜디오미르,2023-Q1,ap
408900,스튜디오미르,2025-Q2,inventory
408900,스튜디오미르,2024-Q2,ap
408900,스튜디오미르,2024-Q4,ap
408900,스튜디오미르,2024-Q3,inventory
408900,스튜디오미르,2022-Q4,ap
408900,스튜디오미르,2023-Q2,inventory
408900,스튜디오미르,2024-Q1,inventory
408900,스튜디오미르,2023-Q3,inventory
408900,스튜디오미르,2025-Q1,inventory
408900,스튜디오미르,2025-Q3,ap
408900,스튜디오미르,2023-Q4,ap
408900,스튜디오미르,2023-Q1,inventory
408900,스튜디오미르,2024-Q2,inventory
408900,스튜디오미르,2024-Q4,inventory
408900,스튜디오미르,2022-Q4,inventory
408900,스튜디오미르,2025-Q2,ap
060240,스타코링크,2021-Q2,inventory
060240,스타코링크,2021-Q3,inventory
060240,스타코링크,2022-Q3,inventory
060240,스타코링크,2023-Q1,inventory
060240,스타코링크,2022-Q2,inventory
060240,스타코링크,2020-Q2,inventory
060240,스타코링크,2020-Q3,inventory
060240,스타코링크,2021-Q4,inventory
060240,스타코링크,2023-Q2,inventory
060240,스타코링크,2020-Q1,inventory
060240,스타코링크,2022-Q1,inventory
060240,스타코링크,2023-Q3,inventory
060240,스타코링크,2020-Q4,inventory
060240,스타코링크,2022-Q4,inventory
060240,스타코링크,2021-Q1,inventory
415380,스튜디오삼익,2024-Q2,capex
415380,스튜디오삼익,2025-Q3,capex
415380,스튜디오삼익,2025-Q1,capex
253450,스튜디오드래곤,2021-Q2,inventory
253450,스튜디오드래곤,2021-Q3,inventory
253450,스튜디오드래곤,2020-Q3,inventory
253450,스튜디오드래곤,2025-Q3,inventory
253450,스튜디오드래곤,2023-Q4,inventory
253450,스튜디오드래곤,2021-Q4,inventory
253450,스튜디오드래곤,2021-Q1,inventory
253450,스튜디오드래곤,2025-Q2,inventory
253450,스튜디오드래곤,2024-Q3,inventory
253450,스튜디오드래곤,2020-Q2,inventory
253450,스튜디오드래곤,2023-Q2,inventory
253450,스튜디오드래곤,2024-Q1,inventory
253450,스튜디오드래곤,2022-Q1,inventory
253450,스튜디오드래곤,2023-Q3,inventory
253450,스튜디오드래곤,2025-Q1,inventory
253450,스튜디오드래곤,2022-Q3,inventory
253450,스튜디오드래곤,2023-Q1,inventory
253450,스튜디오드래곤,2022-Q2,inventory
253450,스튜디오드래곤,2024-Q2,inventory
253450,스튜디오드래곤,2024-Q4,inventory
253450,스튜디오드래곤,2022-Q4,inventory
253450,스튜디오드래곤,2020-Q1,inventory
347700,스피어,2022-Q1,cogs
347700,스피어,2023-Q3,cogs
347700,스피어,2023-Q2,cogs
347700,스피어,2025-Q1,cogs
347700,스피어,2023-Q1,cogs
347700,스피어,2022-Q2,cogs
347700,스피어,2021-Q1,capex
347700,스피어,2022-Q3,cogs
347700,스피어,2024-Q4,cogs
347700,스피어,2023-Q4,net_income
347700,스피어,2024-Q2,cogs
347700,스피어,2022-Q4,cogs
347700,스피어,2021-Q4,inventory
347700,스피어,2021-Q1,cogs
347700,스피어,2021-Q2,cogs
347700,스피어,2021-Q3,cogs
347700,스피어,2024-Q3,net_income
347700,스피어,2020-Q4,capex
347700,스피어,2023-Q4,cogs
347700,스피어,2024-Q1,net_income
347700,스피어,2021-Q4,cogs
347700,스피어,2023-Q3,net_income
347700,스피어,2020-Q4,cogs
347700,스피어,2024-Q3,cogs
347700,스피어,2025-Q1,capex
347700,스피어,2024-Q2,net_income
347700,스피어,2024-Q1,cogs
204630,스튜디오산타클로스,2023-Q3,cogs
204630,스튜디오산타클로스,2025-Q1,cogs
204630,스튜디오산타클로스,2020-Q2,ap
204630,스튜디오산타클로스,2023-Q2,ap
204630,스튜디오산타클로스,2022-Q1,ap
204630,스튜디오산타클로스,2023-Q3,revenue
204630,스튜디오산타클로스,2025-Q1,ap
204630,스튜디오산타클로스,2023-Q1,ap
204630,스튜디오산타클로스,2022-Q2,ap
204630,스튜디오산타클로스,2022-Q3,ap
204630,스튜디오산타클로스,2024-Q4,ap
204630,스튜디오산타클로스,2022-Q4,ap
204630,스튜디오산타클로스,2025-Q3,cogs
204630,스튜디오산타클로스,2021-Q1,ap
204630,스튜디오산타클로스,2021-Q2,ap
204630,스튜디오산타클로스,2021-Q3,ap
204630,스튜디오산타클로스,2020-Q1,ap
204630,스튜디오산타클로스,2020-Q3,ap
204630,스튜디오산타클로스,2025-Q3,ap
204630,스튜디오산타클로스,2025-Q2,cogs
204630,스튜디오산타클로스,2021-Q4,ap
204630,스튜디오산타클로스,2020-Q4,ap
204630,스튜디오산타클로스,2025-Q2,ap
049830,승일,2020-Q1,capex
429270,시지트로닉스,2025-Q3,net_income
429270,시지트로닉스,2024-Q1,net_income
429270,시지트로닉스,2024-Q2,net_income
429270,시지트로닉스,2025-Q2,net_income
429270,시지트로닉스,2023-Q3,net_income
429270,시지트로닉스,2024-Q3,net_income
033170,시그네틱스,2022-Q3,capex
033170,시그네틱스,2023-Q1,capex
033170,시그네틱스,2024-Q2,capex
033170,시그네틱스,2024-Q4,capex
033170,시그네틱스,2022-Q4,capex
033170,시그네틱스,2021-Q2,capex
033170,시그네틱스,2021-Q3,capex
033170,시그네틱스,2020-Q1,capex
033170,시그네틱스,2021-Q1,capex
033170,시그네틱스,2020-Q3,capex
033170,시그네틱스,2025-Q3,capex
033170,시그네틱스,2023-Q4,capex
033170,시그네틱스,2021-Q4,capex
033170,시그네틱스,2020-Q4,capex
033170,시그네틱스,2025-Q2,capex
033170,시그네틱스,2024-Q3,capex
033170,시그네틱스,2024-Q1,capex
033170,시그네틱스,2022-Q1,capex
033170,시그네틱스,2020-Q2,capex
033170,시그네틱스,2023-Q2,capex
033170,시그네틱스,2023-Q3,capex
033170,시그네틱스,2025-Q1,capex
033170,시그네틱스,2022-Q2,capex
048870,시너지이노베이션,2020-Q2,capex
418250,시큐레터,2024-Q2,cogs
418250,시큐레터,2025-Q2,cogs
418250,시큐레터,2025-Q3,cogs
418250,시큐레터,2023-Q4,cogs
418250,시큐레터,2025-Q1,cogs
418250,시큐레터,2024-Q4,cogs
418250,시큐레터,2024-Q1,cogs
269620,시스웍,2023-Q1,capex
269620,시스웍,2024-Q2,capex
269620,시스웍,2024-Q4,capex
269620,시스웍,2022-Q4,capex
269620,시스웍,2021-Q2,capex
269620,시스웍,2021-Q3,capex
269620,시스웍,2020-Q1,capex
269620,시스웍,2021-Q1,capex
269620,시스웍,2020-Q3,capex
269620,시스웍,2025-Q3,capex
269620,시스웍,2023-Q4,capex
269620,시스웍,2021-Q4,capex
269620,시스웍,2020-Q4,capex
269620,시스웍,2025-Q2,capex
269620,시스웍,2024-Q3,capex
269620,시스웍,2024-Q1,capex
269620,시스웍,2022-Q1,capex
269620,시스웍,2020-Q2,capex
269620,시스웍,2023-Q2,capex
269620,시스웍,2023-Q3,capex
269620,시스웍,2025-Q1,capex
056090,시지메드텍,2021-Q1,ap
056090,시지메드텍,2021-Q2,ap
056090,시지메드텍,2021-Q3,ap
056090,시지메드텍,2020-Q1,ap
056090,시지메드텍,2020-Q3,ap
056090,시지메드텍,2020-Q2,ap
472220,신영스팩10호,2024-Q3,ap
472220,신영스팩10호,2024-Q4,op_income
472220,신영스팩10호,2024-Q2,capex
472220,신영스팩10호,2024-Q4,capex
472220,신영스팩10호,2024-Q2,op_income
472220,신영스팩10호,2025-Q1,ar
472220,신영스팩10호,2025-Q1,cogs
472220,신영스팩10호,2024-Q2,current_assets
472220,신영스팩10호,2025-Q3,inventory
472220,신영스팩10호,2023-Q4,inventory
472220,신영스팩10호,2024-Q1,ap
472220,신영스팩10호,2025-Q3,interest_expense
472220,신영스팩10호,2024-Q4,cogs
472220,신영스팩10호,2024-Q2,ar
472220,신영스팩10호,2024-Q4,ar
472220,신영스팩10호,2023-Q4,current_liab
472220,신영스팩10호,2024-Q2,cogs
472220,신영스팩10호,2025-Q1,ap
472220,신영스팩10호,2025-Q3,op_income
472220,신영스팩10호,2025-Q3,capex
472220,신영스팩10호,2023-Q4,capex
472220,신영스팩10호,2025-Q2,inventory
472220,신영스팩10호,2023-Q4,op_income
472220,신영스팩10호,2024-Q2,ap
472220,신영스팩10호,2024-Q4,ap
472220,신영스팩10호,2024-Q3,inventory
472220,신영스팩10호,2025-Q2,interest_expense
472220,신영스팩10호,2023-Q4,current_assets
472220,신영스팩10호,2025-Q2,ap
472220,신영스팩10호,2025-Q3,cogs
472220,신영스팩10호,2024-Q3,current_liab
472220,신영스팩10호,2023-Q4,cogs
472220,신영스팩10호,2025-Q3,ar
472220,신영스팩10호,2025-Q2,capex
472220,신영스팩10호,2023-Q4,ar
472220,신영스팩10호,2024-Q1,inventory
472220,신영스팩10호,2025-Q2,op_income
472220,신영스팩10호,2024-Q3,capex
472220,신영스팩10호,2024-Q3,op_income
472220,신영스팩10호,2024-Q1,current_liab
472220,신영스팩10호,2025-Q1,inventory
472220,신영스팩10호,2025-Q3,ap
472220,신영스팩10호,2023-Q4,ap
472220,신영스팩10호,2024-Q3,current_assets
472220,신영스팩10호,2024-Q1,capex
472220,신영스팩10호,2025-Q1,interest_expense
472220,신영스팩10호,2025-Q2,ar
472220,신영스팩10호,2024-Q1,op_income
472220,신영스팩10호,2024-Q3,ar
472220,신영스팩10호,2025-Q2,cogs
472220,신영스팩10호,2024-Q2,inventory
472220,신영스팩10호,2024-Q3,cogs
472220,신영스팩10호,2024-Q4,inventory
472220,신영스팩10호,2024-Q4,interest_expense
472220,신영스팩10호,2025-Q1,capex
472220,신영스팩10호,2024-Q1,current_assets
472220,신영스팩10호,2025-Q1,op_income
472220,신영스팩10호,2024-Q2,current_liab
472220,신영스팩10호,2024-Q1,ar
472220,신영스팩10호,2024-Q1,cogs
001000,신라섬유,2022-Q3,capex
001000,신라섬유,2024-Q1,capex
001000,신라섬유,2023-Q1,capex
001000,신라섬유,2022-Q1,capex
001000,신라섬유,2023-Q2,capex
001000,신라섬유,2024-Q2,capex
001000,신라섬유,2024-Q4,capex
001000,신라섬유,2025-Q2,capex
001000,신라섬유,2023-Q3,capex
001000,신라섬유,2024-Q3,capex
001000,신라섬유,2022-Q4,capex
001000,신라섬유,2025-Q3,capex
001000,신라섬유,2025-Q1,capex
001000,신라섬유,2021-Q3,capex
001000,신라섬유,2021-Q1,capex
001000,신라섬유,2022-Q2,capex
290560,신시웨이,2024-Q1,capex
290560,신시웨이,2024-Q2,capex
290560,신시웨이,2024-Q4,capex
290560,신시웨이,2025-Q2,capex
290560,신시웨이,2024-Q2,inventory
290560,신시웨이,2024-Q4,inventory
290560,신시웨이,2024-Q1,inventory
290560,신시웨이,2023-Q3,capex
290560,신시웨이,2024-Q3,capex
290560,신시웨이,2023-Q3,inventory
290560,신시웨이,2025-Q3,capex
290560,신시웨이,2023-Q4,capex
290560,신시웨이,2025-Q2,inventory
290560,신시웨이,2025-Q1,capex
290560,신시웨이,2023-Q4,inventory
290560,신시웨이,2025-Q3,inventory
290560,신시웨이,2024-Q3,inventory
290560,신시웨이,2025-Q1,inventory
131090,시큐브,2024-Q3,ap
131090,시큐브,2020-Q2,ap
131090,시큐브,2023-Q2,ap
131090,시큐브,2024-Q1,ap
131090,시큐브,2023-Q3,ap
131090,시큐브,2022-Q1,ap
131090,시큐브,2025-Q1,ap
131090,시큐브,2023-Q1,ap
131090,시큐브,2022-Q2,ap
131090,시큐브,2024-Q2,ap
131090,시큐브,2022-Q3,ap
131090,시큐브,2024-Q4,ap
131090,시큐브,2022-Q4,ap
131090,시큐브,2021-Q1,ap
131090,시큐브,2021-Q2,ap
131090,시큐브,2021-Q3,ap
131090,시큐브,2020-Q1,ap
131090,시큐브,2020-Q3,ap
131090,시큐브,2025-Q3,ap
131090,시큐브,2023-Q4,ap
131090,시큐브,2021-Q4,ap
131090,시큐브,2020-Q4,ap
131090,시큐브,2025-Q2,ap
162300,신스틸,2024-Q1,capex
162300,신스틸,2023-Q1,capex
162300,신스틸,2023-Q2,capex
162300,신스틸,2024-Q2,capex
162300,신스틸,2024-Q4,capex
162300,신스틸,2025-Q2,capex
162300,신스틸,2023-Q3,capex
162300,신스틸,2024-Q3,capex
162300,신스틸,2022-Q4,capex
162300,신스틸,2025-Q3,capex
162300,신스틸,2023-Q4,capex
162300,신스틸,2025-Q1,capex
025870,신라에스지,2022-Q3,capex
025870,신라에스지,2023-Q1,capex
025870,신라에스지,2024-Q2,capex
025870,신라에스지,2024-Q4,capex
025870,신라에스지,2022-Q4,capex
025870,신라에스지,2021-Q2,capex
025870,신라에스지,2021-Q3,capex
025870,신라에스지,2020-Q1,capex
025870,신라에스지,2021-Q1,capex
025870,신라에스지,2020-Q3,capex
025870,신라에스지,2025-Q3,capex
025870,신라에스지,2023-Q4,capex
025870,신라에스지,2021-Q4,capex
025870,신라에스지,2020-Q4,capex
025870,신라에스지,2025-Q2,capex
025870,신라에스지,2024-Q3,capex
025870,신라에스지,2024-Q1,capex
025870,신라에스지,2022-Q1,capex
025870,신라에스지,2020-Q2,capex
025870,신라에스지,2023-Q2,capex
025870,신라에스지,2023-Q3,capex
025870,신라에스지,2025-Q1,capex
025870,신라에스지,2022-Q2,capex
474660,신한제12호스팩,2024-Q2,capex
474660,신한제12호스팩,2024-Q4,capex
474660,신한제12호스팩,2025-Q2,revenue
474660,신한제12호스팩,2024-Q3,revenue
474660,신한제12호스팩,2025-Q1,cogs
474660,신한제12호스팩,2025-Q3,inventory
474660,신한제12호스팩,2024-Q4,cogs
474660,신한제12호스팩,2024-Q2,cogs
474660,신한제12호스팩,2025-Q3,capex
474660,신한제12호스팩,2025-Q1,revenue
474660,신한제12호스팩,2025-Q2,inventory
474660,신한제12호스팩,2024-Q3,inventory
474660,신한제12호스팩,2024-Q4,revenue
474660,신한제12호스팩,2025-Q3,cogs
474660,신한제12호스팩,2025-Q2,capex
474660,신한제12호스팩,2024-Q3,capex
474660,신한제12호스팩,2025-Q1,inventory
474660,신한제12호스팩,2025-Q2,cogs
474660,신한제12호스팩,2025-Q3,revenue
474660,신한제12호스팩,2024-Q2,inventory
474660,신한제12호스팩,2024-Q3,cogs
474660,신한제12호스팩,2024-Q4,inventory
474660,신한제12호스팩,2025-Q1,capex
215600,신라젠,2022-Q1,cogs
215600,신라젠,2023-Q3,cogs
215600,신라젠,2021-Q2,inventory
215600,신라젠,2021-Q3,inventory
215600,신라젠,2023-Q2,cogs
215600,신라젠,2020-Q3,inventory
215600,신라젠,2025-Q1,cogs
215600,신라젠,2023-Q1,cogs
215600,신라젠,2021-Q2,capex
215600,신라젠,2022-Q2,cogs
215600,신라젠,2021-Q1,capex
215600,신라젠,2022-Q3,cogs
215600,신라젠,2024-Q4,cogs
215600,신라젠,2024-Q2,cogs
215600,신라젠,2022-Q4,cogs
215600,신라젠,2021-Q4,inventory
215600,신라젠,2021-Q1,inventory
215600,신라젠,2021-Q1,cogs
215600,신라젠,2020-Q4,inventory
215600,신라젠,2021-Q2,cogs
215600,신라젠,2021-Q3,cogs
215600,신라젠,2020-Q1,cogs
215600,신라젠,2024-Q1,cogs
215600,신라젠,2020-Q3,cogs
215600,신라젠,2025-Q3,cogs
215600,신라젠,2023-Q4,cogs
215600,신라젠,2020-Q2,inventory
215600,신라젠,2021-Q4,cogs
215600,신라젠,2020-Q4,cogs
215600,신라젠,2025-Q2,cogs
215600,신라젠,2024-Q3,cogs
215600,신라젠,2020-Q2,cogs
215600,신라젠,2020-Q1,inventory
487360,신한제14호스팩,2024-Q4,revenue
487360,신한제14호스팩,2025-Q2,cogs
487360,신한제14호스팩,2025-Q3,cogs
487360,신한제14호스팩,2024-Q4,capex
487360,신한제14호스팩,2025-Q2,revenue
487360,신한제14호스팩,2025-Q2,capex
487360,신한제14호스팩,2024-Q4,inventory
487360,신한제14호스팩,2025-Q3,revenue
487360,신한제14호스팩,2025-Q1,cogs
487360,신한제14호스팩,2025-Q3,capex
487360,신한제14호스팩,2025-Q1,revenue
487360,신한제14호스팩,2025-Q1,capex
487360,신한제14호스팩,2025-Q2,inventory
487360,신한제14호스팩,2025-Q3,inventory
487360,신한제14호스팩,2024-Q4,cogs
487360,신한제14호스팩,2025-Q1,inventory
474930,신한제13호스팩,2024-Q2,capex
474930,신한제13호스팩,2024-Q4,capex
474930,신한제13호스팩,2025-Q2,revenue
474930,신한제13호스팩,2024-Q3,revenue
474930,신한제13호스팩,2025-Q1,cogs
474930,신한제13호스팩,2025-Q3,inventory
474930,신한제13호스팩,2024-Q4,cogs
474930,신한제13호스팩,2024-Q2,cogs
474930,신한제13호스팩,2025-Q3,capex
474930,신한제13호스팩,2025-Q1,revenue
474930,신한제13호스팩,2025-Q2,inventory
474930,신한제13호스팩,2024-Q3,inventory
474930,신한제13호스팩,2024-Q2,revenue
474930,신한제13호스팩,2024-Q4,revenue
474930,신한제13호스팩,2025-Q3,cogs
474930,신한제13호스팩,2025-Q2,capex
474930,신한제13호스팩,2024-Q3,capex
474930,신한제13호스팩,2025-Q1,inventory
474930,신한제13호스팩,2025-Q2,cogs
474930,신한제13호스팩,2025-Q3,revenue
474930,신한제13호스팩,2024-Q2,inventory
474930,신한제13호스팩,2024-Q3,cogs
474930,신한제13호스팩,2024-Q4,inventory
474930,신한제13호스팩,2025-Q1,capex
452980,신한제11호스팩,2023-Q3,ar
452980,신한제11호스팩,2024-Q2,capex
452980,신한제11호스팩,2024-Q4,capex
452980,신한제11호스팩,2025-Q2,revenue
452980,신한제11호스팩,2024-Q3,revenue
452980,신한제11호스팩,2025-Q1,cogs
452980,신한제11호스팩,2025-Q3,inventory
452980,신한제11호스팩,2023-Q4,inventory
452980,신한제11호스팩,2024-Q4,cogs
452980,신한제11호스팩,2024-Q1,revenue
452980,신한제11호스팩,2024-Q2,cogs
452980,신한제11호스팩,2025-Q3,capex
452980,신한제11호스팩,2023-Q4,capex
452980,신한제11호스팩,2025-Q1,revenue
452980,신한제11호스팩,2025-Q2,inventory
452980,신한제11호스팩,2024-Q3,inventory
452980,신한제11호스팩,2024-Q2,revenue
452980,신한제11호스팩,2025-Q3,cogs
452980,신한제11호스팩,2023-Q4,cogs
452980,신한제11호스팩,2025-Q2,capex
452980,신한제11호스팩,2024-Q1,inventory
452980,신한제11호스팩,2024-Q3,capex
452980,신한제11호스팩,2023-Q3,inventory
452980,신한제11호스팩,2025-Q1,inventory
452980,신한제11호스팩,2024-Q3,current_assets
452980,신한제11호스팩,2024-Q1,capex
452980,신한제11호스팩,2025-Q2,cogs
452980,신한제11호스팩,2025-Q3,revenue
452980,신한제11호스팩,2024-Q2,inventory
452980,신한제11호스팩,2024-Q3,cogs
452980,신한제11호스팩,2023-Q3,capex
452980,신한제11호스팩,2024-Q4,inventory
452980,신한제11호스팩,2025-Q1,capex
452980,신한제11호스팩,2023-Q3,current_assets
452980,신한제11호스팩,2024-Q1,cogs
496070,신한제16호스팩,2025-Q2,cogs
496070,신한제16호스팩,2025-Q3,cogs
496070,신한제16호스팩,2025-Q2,revenue
496070,신한제16호스팩,2025-Q2,capex
496070,신한제16호스팩,2025-Q3,revenue
496070,신한제16호스팩,2025-Q3,capex
496070,신한제16호스팩,2025-Q2,inventory
496070,신한제16호스팩,2025-Q3,inventory
487830,신한제15호스팩,2025-Q2,cogs
487830,신한제15호스팩,2025-Q3,cogs
487830,신한제15호스팩,2024-Q4,capex
487830,신한제15호스팩,2025-Q2,revenue
487830,신한제15호스팩,2025-Q2,capex
487830,신한제15호스팩,2024-Q4,inventory
487830,신한제15호스팩,2025-Q3,revenue
487830,신한제15호스팩,2025-Q1,cogs
487830,신한제15호스팩,2025-Q3,capex
487830,신한제15호스팩,2025-Q1,revenue
487830,신한제15호스팩,2025-Q1,capex
487830,신한제15호스팩,2025-Q2,inventory
487830,신한제15호스팩,2025-Q3,inventory
487830,신한제15호스팩,2024-Q4,cogs
487830,신한제15호스팩,2025-Q1,inventory
017000,신원종합개발,2025-Q3,capex
017000,신원종합개발,2025-Q2,capex
017000,신원종합개발,2025-Q1,capex
444530,심플랫폼,2025-Q2,cogs
444530,심플랫폼,2025-Q3,cogs
444530,심플랫폼,2024-Q4,inventory
444530,심플랫폼,2025-Q1,cogs
444530,심플랫폼,2025-Q1,revenue
444530,심플랫폼,2025-Q2,inventory
444530,심플랫폼,2025-Q3,inventory
444530,심플랫폼,2024-Q4,cogs
444530,심플랫폼,2025-Q1,inventory
012790,신일제약,2021-Q4,capex
012790,신일제약,2020-Q1,capex
012790,신일제약,2022-Q3,capex
012790,신일제약,2024-Q1,capex
012790,신일제약,2023-Q1,capex
012790,신일제약,2022-Q1,capex
012790,신일제약,2020-Q3,capex
012790,신일제약,2020-Q4,capex
012790,신일제약,2020-Q2,capex
012790,신일제약,2024-Q4,capex
012790,신일제약,2025-Q2,capex
012790,신일제약,2022-Q4,capex
012790,신일제약,2023-Q4,capex
012790,신일제약,2025-Q1,capex
012790,신일제약,2021-Q2,capex
012790,신일제약,2021-Q3,capex
012790,신일제약,2021-Q1,capex
012790,신일제약,2022-Q2,capex
226330,신테카바이오,2022-Q1,cogs
226330,신테카바이오,2023-Q3,cogs
226330,신테카바이오,2021-Q2,inventory
226330,신테카바이오,2021-Q3,inventory
226330,신테카바이오,2023-Q2,cogs
226330,신테카바이오,2024-Q3,ap
226330,신테카바이오,2020-Q3,inventory
226330,신테카바이오,2025-Q1,cogs
226330,신테카바이오,2025-Q3,inventory
226330,신테카바이오,2020-Q2,ap
226330,신테카바이오,2023-Q2,ap
226330,신테카바이오,2023-Q4,inventory
226330,신테카바이오,2024-Q1,ap
226330,신테카바이오,2023-Q1,cogs
226330,신테카바이오,2022-Q2,cogs
226330,신테카바이오,2022-Q1,ap
226330,신테카바이오,2023-Q3,ap
226330,신테카바이오,2022-Q3,cogs
226330,신테카바이오,2024-Q4,cogs
226330,신테카바이오,2024-Q2,cogs
226330,신테카바이오,2022-Q4,cogs
226330,신테카바이오,2021-Q4,inventory
226330,신테카바이오,2025-Q1,ap
226330,신테카바이오,2020-Q1,inventory
226330,신테카바이오,2021-Q1,cogs
226330,신테카바이오,2020-Q4,inventory
226330,신테카바이오,2022-Q2,ap
226330,신테카바이오,2023-Q1,ap
226330,신테카바이오,2025-Q2,inventory
226330,신테카바이오,2021-Q2,cogs
226330,신테카바이오,2021-Q3,cogs
226330,신테카바이오,2020-Q1,cogs
226330,신테카바이오,2022-Q3,ap
226330,신테카바이오,2024-Q2,ap
226330,신테카바이오,2024-Q1,cogs
226330,신테카바이오,2020-Q3,cogs
226330,신테카바이오,2024-Q3,inventory
226330,신테카바이오,2022-Q4,ap
226330,신테카바이오,2024-Q4,ap
226330,신테카바이오,2025-Q2,ap
226330,신테카바이오,2025-Q3,cogs
226330,신테카바이오,2023-Q4,cogs
226330,신테카바이오,2020-Q2,inventory
226330,신테카바이오,2023-Q2,inventory
226330,신테카바이오,2024-Q1,inventory
226330,신테카바이오,2022-Q1,inventory
226330,신테카바이오,2023-Q3,inventory
226330,신테카바이오,2021-Q4,cogs
226330,신테카바이오,2025-Q1,inventory
226330,신테카바이오,2025-Q3,ap
226330,신테카바이오,2023-Q4,ap
226330,신테카바이오,2020-Q4,cogs
226330,신테카바이오,2022-Q3,inventory
226330,신테카바이오,2025-Q2,cogs
226330,신테카바이오,2023-Q1,inventory
226330,신테카바이오,2022-Q2,inventory
226330,신테카바이오,2024-Q2,inventory
226330,신테카바이오,2024-Q3,cogs
226330,신테카바이오,2024-Q4,inventory
226330,신테카바이오,2022-Q4,inventory
226330,신테카바이오,2021-Q4,ap
226330,신테카바이오,2020-Q2,cogs
226330,신테카바이오,2021-Q1,inventory
243840,신흥에스이씨,2023-Q4,ap
243840,신흥에스이씨,2024-Q3,ap
243840,신흥에스이씨,2023-Q1,ap
243840,신흥에스이씨,2023-Q2,ap
243840,신흥에스이씨,2024-Q2,ap
243840,신흥에스이씨,2024-Q1,ap
243840,신흥에스이씨,2023-Q3,ap
243840,신흥에스이씨,2024-Q4,ap
243840,신흥에스이씨,2022-Q4,ap
394800,쓰리빌리언,2025-Q2,cogs
394800,쓰리빌리언,2025-Q3,cogs
394800,쓰리빌리언,2025-Q1,ap
394800,쓰리빌리언,2025-Q3,ap
394800,쓰리빌리언,2025-Q1,cogs
394800,쓰리빌리언,2024-Q4,cogs
394800,쓰리빌리언,2025-Q2,ap
217330,싸이토젠,2021-Q2,inventory
217330,싸이토젠,2021-Q3,inventory
217330,싸이토젠,2021-Q4,inventory
217330,싸이토젠,2022-Q1,inventory
217330,싸이토젠,2020-Q4,inventory
217330,싸이토젠,2021-Q1,inventory
208640,썸에이지,2022-Q1,cogs
208640,썸에이지,2023-Q3,cogs
208640,썸에이지,2021-Q2,inventory
208640,썸에이지,2021-Q3,inventory
208640,썸에이지,2023-Q2,cogs
208640,썸에이지,2020-Q4,revenue
208640,썸에이지,2024-Q3,ap
208640,썸에이지,2020-Q3,inventory
208640,썸에이지,2025-Q1,cogs
208640,썸에이지,2025-Q3,inventory
208640,썸에이지,2023-Q2,ap
208640,썸에이지,2023-Q4,inventory
208640,썸에이지,2024-Q1,ap
208640,썸에이지,2023-Q1,cogs
208640,썸에이지,2022-Q2,cogs
208640,썸에이지,2022-Q1,ap
208640,썸에이지,2023-Q3,ap
208640,썸에이지,2022-Q3,cogs
208640,썸에이지,2024-Q4,cogs
208640,썸에이지,2024-Q2,cogs
208640,썸에이지,2022-Q4,cogs
208640,썸에이지,2021-Q4,inventory
208640,썸에이지,2025-Q1,ap
208640,썸에이지,2021-Q1,inventory
208640,썸에이지,2021-Q1,cogs
208640,썸에이지,2020-Q4,inventory
208640,썸에이지,2022-Q2,ap
208640,썸에이지,2023-Q1,ap
208640,썸에이지,2025-Q2,inventory
208640,썸에이지,2021-Q2,cogs
208640,썸에이지,2021-Q3,cogs
208640,썸에이지,2020-Q1,cogs
208640,썸에이지,2022-Q3,ap
208640,썸에이지,2024-Q2,ap
208640,썸에이지,2024-Q1,cogs
208640,썸에이지,2020-Q3,cogs
208640,썸에이지,2024-Q3,inventory
208640,썸에이지,2022-Q4,ap
208640,썸에이지,2024-Q4,ap
208640,썸에이지,2025-Q2,ap
208640,썸에이지,2025-Q3,cogs
208640,썸에이지,2023-Q4,cogs
208640,썸에이지,2020-Q2,inventory
208640,썸에이지,2023-Q2,inventory
208640,썸에이지,2024-Q1,inventory
208640,썸에이지,2022-Q1,inventory
208640,썸에이지,2023-Q3,inventory
208640,썸에이지,2021-Q4,cogs
208640,썸에이지,2025-Q1,inventory
208640,썸에이지,2025-Q3,ap
208640,썸에이지,2023-Q4,ap
208640,썸에이지,2020-Q4,cogs
208640,썸에이지,2022-Q3,inventory
208640,썸에이지,2025-Q2,cogs
208640,썸에이지,2023-Q1,inventory
208640,썸에이지,2022-Q2,inventory
208640,썸에이지,2024-Q2,inventory
208640,썸에이지,2024-Q3,cogs
208640,썸에이지,2024-Q4,inventory
208640,썸에이지,2022-Q4,inventory
208640,썸에이지,2021-Q4,ap
208640,썸에이지,2020-Q2,cogs
208640,썸에이지,2020-Q4,ap
208640,썸에이지,2020-Q1,inventory
037760,쎄니트,2024-Q3,ap
037760,쎄니트,2020-Q2,ap
037760,쎄니트,2023-Q2,ap
037760,쎄니트,2024-Q1,ap
037760,쎄니트,2023-Q3,ap
037760,쎄니트,2022-Q1,ap
037760,쎄니트,2025-Q1,ap
037760,쎄니트,2023-Q1,ap
037760,쎄니트,2022-Q2,ap
037760,쎄니트,2024-Q2,ap
037760,쎄니트,2022-Q3,ap
037760,쎄니트,2024-Q4,ap
037760,쎄니트,2022-Q4,ap
037760,쎄니트,2021-Q1,ap
037760,쎄니트,2021-Q2,ap
037760,쎄니트,2021-Q3,ap
037760,쎄니트,2020-Q1,ap
037760,쎄니트,2020-Q3,ap
037760,쎄니트,2025-Q3,ap
037760,쎄니트,2023-Q4,ap
037760,쎄니트,2021-Q4,ap
037760,쎄니트,2020-Q4,ap
037760,쎄니트,2025-Q2,ap
066790,씨씨에스,2021-Q2,inventory
066790,씨씨에스,2021-Q3,inventory
066790,씨씨에스,2022-Q3,inventory
066790,씨씨에스,2023-Q1,inventory
066790,씨씨에스,2022-Q2,inventory
066790,씨씨에스,2020-Q2,inventory
066790,씨씨에스,2020-Q3,inventory
066790,씨씨에스,2021-Q4,inventory
066790,씨씨에스,2023-Q2,inventory
066790,씨씨에스,2020-Q1,inventory
066790,씨씨에스,2022-Q1,inventory
066790,씨씨에스,2023-Q3,inventory
066790,씨씨에스,2020-Q4,inventory
066790,씨씨에스,2022-Q4,inventory
066790,씨씨에스,2023-Q4,inventory
066790,씨씨에스,2021-Q1,inventory
359090,씨엔알리서치,2022-Q1,cogs
359090,씨엔알리서치,2022-Q3,capex
359090,씨엔알리서치,2023-Q1,capex
359090,씨엔알리서치,2023-Q2,cogs
359090,씨엔알리서치,2023-Q3,cogs
359090,씨엔알리서치,2024-Q2,capex
359090,씨엔알리서치,2024-Q4,capex
359090,씨엔알리서치,2022-Q4,capex
359090,씨엔알리서치,2025-Q1,cogs
359090,씨엔알리서치,2025-Q3,inventory
359090,씨엔알리서치,2023-Q4,inventory
359090,씨엔알리서치,2023-Q1,cogs
359090,씨엔알리서치,2022-Q2,cogs
359090,씨엔알리서치,2022-Q3,cogs
359090,씨엔알리서치,2024-Q4,cogs
359090,씨엔알리서치,2024-Q2,cogs
359090,씨엔알리서치,2022-Q4,cogs
359090,씨엔알리서치,2021-Q4,inventory
359090,씨엔알리서치,2025-Q3,capex
359090,씨엔알리서치,2023-Q4,capex
359090,씨엔알리서치,2025-Q2,inventory
359090,씨엔알리서치,2024-Q3,inventory
359090,씨엔알리서치,2021-Q4,capex
359090,씨엔알리서치,2025-Q3,cogs
359090,씨엔알리서치,2023-Q4,cogs
359090,씨엔알리서치,2025-Q2,capex
359090,씨엔알리서치,2023-Q2,inventory
359090,씨엔알리서치,2024-Q1,inventory
359090,씨엔알리서치,2024-Q3,capex
359090,씨엔알리서치,2022-Q1,inventory
359090,씨엔알리서치,2023-Q3,inventory
359090,씨엔알리서치,2021-Q4,cogs
359090,씨엔알리서치,2025-Q1,inventory
359090,씨엔알리서치,2024-Q1,capex
359090,씨엔알리서치,2022-Q3,inventory
359090,씨엔알리서치,2022-Q1,capex
359090,씨엔알리서치,2023-Q1,inventory
359090,씨엔알리서치,2022-Q2,inventory
359090,씨엔알리서치,2023-Q2,capex
359090,씨엔알리서치,2025-Q2,cogs
359090,씨엔알리서치,2024-Q2,inventory
359090,씨엔알리서치,2024-Q3,cogs
359090,씨엔알리서치,2023-Q3,capex
359090,씨엔알리서치,2024-Q4,inventory
359090,씨엔알리서치,2022-Q4,inventory
359090,씨엔알리서치,2025-Q1,capex
359090,씨엔알리서치,2022-Q2,capex
359090,씨엔알리서치,2024-Q1,cogs
900120,씨엑스아이,2022-Q3,capex
900120,씨엑스아이,2023-Q1,capex
900120,씨엑스아이,2024-Q2,capex
900120,씨엑스아이,2024-Q4,capex
900120,씨엑스아이,2022-Q4,capex
900120,씨엑스아이,2024-Q1,cfo
900120,씨엑스아이,2025-Q3,inventory
900120,씨엑스아이,2021-Q3,capex
900120,씨엑스아이,2025-Q4,cfo
900120,씨엑스아이,2025-Q1,cfo
900120,씨엑스아이,2024-Q4,cfo
900120,씨엑스아이,2025-Q3,capex
900120,씨엑스아이,2023-Q4,capex
900120,씨엑스아이,2021-Q4,capex
900120,씨엑스아이,2025-Q2,capex
900120,씨엑스아이,2020-Q1,cfo
900120,씨엑스아이,2024-Q3,capex
900120,씨엑스아이,2023-Q4,cfo
900120,씨엑스아이,2024-Q1,capex
900120,씨엑스아이,2022-Q1,capex
900120,씨엑스아이,2023-Q2,capex
900120,씨엑스아이,2023-Q3,capex
900120,씨엑스아이,2025-Q4,capex
900120,씨엑스아이,2025-Q1,capex
413630,씨피시스템,2023-Q4,ap
413630,씨피시스템,2023-Q3,cogs
413630,씨피시스템,2024-Q1,capex
413630,씨피시스템,2023-Q3,ar
413630,씨피시스템,2023-Q4,cogs
413630,씨피시스템,2023-Q4,ar
413630,씨피시스템,2023-Q3,capex
413630,씨피시스템,2024-Q1,inventory
413630,씨피시스템,2023-Q3,inventory
413630,씨피시스템,2023-Q4,capex
413630,씨피시스템,2024-Q1,ar
413630,씨피시스템,2023-Q4,inventory
413630,씨피시스템,2024-Q1,ap
413630,씨피시스템,2023-Q3,ap
413630,씨피시스템,2024-Q1,cogs
189330,씨이랩,2021-Q2,inventory
189330,씨이랩,2021-Q3,inventory
189330,씨이랩,2025-Q1,ar
189330,씨이랩,2025-Q3,inventory
189330,씨이랩,2023-Q4,inventory
189330,씨이랩,2021-Q4,inventory
189330,씨이랩,2020-Q4,inventory
189330,씨이랩,2025-Q3,ar
189330,씨이랩,2023-Q2,inventory
189330,씨이랩,2024-Q1,inventory
189330,씨이랩,2022-Q1,inventory
189330,씨이랩,2023-Q3,inventory
189330,씨이랩,2025-Q1,inventory
189330,씨이랩,2025-Q2,ar
189330,씨이랩,2022-Q3,inventory
189330,씨이랩,2023-Q1,inventory
189330,씨이랩,2022-Q2,inventory
189330,씨이랩,2024-Q2,inventory
189330,씨이랩,2024-Q4,inventory
189330,씨이랩,2022-Q4,inventory
189330,씨이랩,2021-Q1,inventory
260930,씨티케이,2024-Q3,ap
260930,씨티케이,2020-Q2,ap
260930,씨티케이,2023-Q2,ap
260930,씨티케이,2024-Q1,ap
260930,씨티케이,2023-Q3,ap
260930,씨티케이,2022-Q1,ap
260930,씨티케이,2025-Q1,ap
260930,씨티케이,2023-Q1,ap
260930,씨티케이,2022-Q2,ap
260930,씨티케이,2024-Q2,ap
260930,씨티케이,2022-Q3,ap
260930,씨티케이,2024-Q4,ap
260930,씨티케이,2022-Q4,ap
260930,씨티케이,2021-Q1,ap
260930,씨티케이,2021-Q2,ap
260930,씨티케이,2021-Q3,ap
260930,씨티케이,2020-Q1,ap
260930,씨티케이,2020-Q3,ap
260930,씨티케이,2023-Q4,ap
260930,씨티케이,2021-Q4,ap
260930,씨티케이,2020-Q4,ap
260930,씨티케이,2025-Q2,ap
357580,아모센스,2023-Q4,ap
357580,아모센스,2024-Q3,ap
357580,아모센스,2024-Q4,ap
357580,아모센스,2025-Q1,ap
357580,아모센스,2025-Q3,ap
357580,아모센스,2021-Q3,ap
357580,아모센스,2023-Q1,ap
357580,아모센스,2022-Q2,ap
357580,아모센스,2021-Q4,ap
357580,아모센스,2023-Q2,ap
357580,아모센스,2022-Q3,ap
357580,아모센스,2023-Q3,ap
357580,아모센스,2024-Q2,ap
357580,아모센스,2022-Q1,ap
357580,아모센스,2024-Q1,ap
357580,아모센스,2022-Q4,ap
357580,아모센스,2025-Q2,ap
074430,아미노로직스,2022-Q3,capex
074430,아미노로직스,2023-Q1,capex
074430,아미노로직스,2024-Q2,capex
074430,아미노로직스,2024-Q4,capex
074430,아미노로직스,2022-Q4,capex
074430,아미노로직스,2021-Q2,capex
074430,아미노로직스,2021-Q3,capex
074430,아미노로직스,2020-Q1,capex
074430,아미노로직스,2021-Q1,capex
074430,아미노로직스,2020-Q3,capex
074430,아미노로직스,2025-Q3,capex
074430,아미노로직스,2023-Q4,capex
074430,아미노로직스,2021-Q4,capex
074430,아미노로직스,2020-Q4,capex
074430,아미노로직스,2025-Q2,capex
074430,아미노로직스,2024-Q3,capex
074430,아미노로직스,2024-Q1,capex
074430,아미노로직스,2022-Q1,capex
074430,아미노로직스,2020-Q2,capex
074430,아미노로직스,2023-Q2,capex
074430,아미노로직스,2023-Q3,capex
074430,아미노로직스,2025-Q1,capex
074430,아미노로직스,2022-Q2,capex
036010,아비코전자,2020-Q1,capex
050860,아세아텍,2022-Q3,capex
050860,아세아텍,2023-Q1,capex
050860,아세아텍,2024-Q2,capex
050860,아세아텍,2024-Q4,capex
050860,아세아텍,2022-Q4,capex
050860,아세아텍,2021-Q2,capex
050860,아세아텍,2021-Q3,capex
050860,아세아텍,2020-Q1,capex
050860,아세아텍,2021-Q1,capex
050860,아세아텍,2020-Q3,capex
050860,아세아텍,2025-Q3,capex
050860,아세아텍,2023-Q4,capex
050860,아세아텍,2021-Q4,capex
050860,아세아텍,2020-Q4,capex
050860,아세아텍,2025-Q2,capex
050860,아세아텍,2024-Q3,capex
050860,아세아텍,2024-Q1,capex
050860,아세아텍,2022-Q1,capex
050860,아세아텍,2020-Q2,capex
050860,아세아텍,2023-Q2,capex
050860,아세아텍,2023-Q3,capex
050860,아세아텍,2025-Q4,capex
050860,아세아텍,2025-Q1,capex
050860,아세아텍,2022-Q2,capex
331740,아우토크립트,2025-Q2,inventory
331740,아우토크립트,2025-Q3,inventory
246720,아스타,2023-Q4,net_income
246720,아스타,2024-Q1,capex
246720,아스타,2024-Q2,capex
246720,아스타,2025-Q2,capex
246720,아스타,2025-Q3,capex
246720,아스타,2025-Q1,capex
246720,아스타,2020-Q3,ap
159010,아스플로,2023-Q3,ap
469750,아이비젼웍스,2024-Q3,ap
469750,아이비젼웍스,2025-Q1,ap
469750,아이비젼웍스,2025-Q3,ap
469750,아이비젼웍스,2024-Q4,ap
469750,아이비젼웍스,2025-Q2,cfo
469750,아이비젼웍스,2025-Q2,ap
461300,아이스크림미디어,2024-Q4,capex
461300,아이스크림미디어,2025-Q2,capex
461300,아이스크림미디어,2024-Q3,capex
461300,아이스크림미디어,2025-Q3,capex
461300,아이스크림미디어,2025-Q1,capex
461300,아이스크림미디어,2025-Q2,interest_expense
227610,아우딘퓨쳐스,2020-Q1,capex
227610,아우딘퓨쳐스,2020-Q3,capex
227610,아우딘퓨쳐스,2020-Q4,capex
227610,아우딘퓨쳐스,2020-Q2,capex
227610,아우딘퓨쳐스,2025-Q1,capex
227610,아우딘퓨쳐스,2021-Q1,capex
456010,아이씨티케이,2024-Q2,capex
456010,아이씨티케이,2024-Q4,capex
456010,아이씨티케이,2025-Q1,capex
456010,아이씨티케이,2024-Q3,capex
289010,아이스크림에듀,2021-Q1,ap
289010,아이스크림에듀,2021-Q2,ap
289010,아이스크림에듀,2021-Q3,ap
289010,아이스크림에듀,2020-Q1,ap
289010,아이스크림에듀,2020-Q3,ap
289010,아이스크림에듀,2020-Q2,ap
289010,아이스크림에듀,2020-Q4,ap
461030,아이엠비디엑스,2024-Q1,capex
461030,아이엠비디엑스,2025-Q1,capex
214430,아이쓰리시스템,2021-Q4,capex
214430,아이쓰리시스템,2020-Q1,capex
214430,아이쓰리시스템,2022-Q3,capex
214430,아이쓰리시스템,2024-Q1,capex
214430,아이쓰리시스템,2023-Q1,capex
214430,아이쓰리시스템,2022-Q1,capex
214430,아이쓰리시스템,2020-Q3,capex
214430,아이쓰리시스템,2020-Q4,capex
214430,아이쓰리시스템,2020-Q2,capex
214430,아이쓰리시스템,2023-Q2,capex
214430,아이쓰리시스템,2023-Q3,capex
214430,아이쓰리시스템,2022-Q4,capex
214430,아이쓰리시스템,2023-Q4,capex
214430,아이쓰리시스템,2021-Q2,capex
214430,아이쓰리시스템,2021-Q3,capex
214430,아이쓰리시스템,2021-Q1,capex
214430,아이쓰리시스템,2022-Q2,capex
040910,아이씨디,2022-Q3,capex
040910,아이씨디,2023-Q1,capex
040910,아이씨디,2024-Q4,capex
040910,아이씨디,2022-Q4,capex
040910,아이씨디,2021-Q2,capex
040910,아이씨디,2021-Q3,capex
040910,아이씨디,2020-Q1,capex
040910,아이씨디,2021-Q1,capex
040910,아이씨디,2020-Q3,capex
040910,아이씨디,2023-Q4,capex
040910,아이씨디,2021-Q4,capex
040910,아이씨디,2020-Q4,capex
040910,아이씨디,2024-Q1,capex
040910,아이씨디,2022-Q1,capex
040910,아이씨디,2020-Q2,capex
040910,아이씨디,2023-Q2,capex
040910,아이씨디,2023-Q3,capex
040910,아이씨디,2025-Q1,capex
040910,아이씨디,2022-Q2,capex
451220,아이엠티,2023-Q4,ap
451220,아이엠티,2024-Q3,ap
451220,아이엠티,2024-Q2,ap
451220,아이엠티,2024-Q4,ap
451220,아이엠티,2024-Q1,ap
451220,아이엠티,2023-Q3,ap
462980,아이지넷,2024-Q4,ar
462980,아이지넷,2025-Q2,cogs
462980,아이지넷,2025-Q3,cogs
462980,아이지넷,2024-Q4,inventory
462980,아이지넷,2025-Q1,cogs
462980,아이지넷,2025-Q2,inventory
462980,아이지넷,2025-Q3,inventory
462980,아이지넷,2024-Q4,cogs
462980,아이지넷,2025-Q1,inventory
307180,아이엘,2023-Q4,ap
307180,아이엘,2024-Q3,ap
307180,아이엘,2025-Q1,ap
307180,아이엘,2025-Q3,ap
307180,아이엘,2024-Q2,ap
307180,아이엘,2024-Q4,ap
307180,아이엘,2024-Q1,ap
307180,아이엘,2023-Q3,ap
307180,아이엘,2025-Q2,ap
038880,아이에이,2022-Q3,capex
038880,아이에이,2023-Q1,capex
038880,아이에이,2024-Q3,ap
038880,아이에이,2024-Q2,capex
038880,아이에이,2024-Q4,capex
038880,아이에이,2022-Q4,capex
038880,아이에이,2020-Q2,ap
038880,아이에이,2023-Q2,ap
038880,아이에이,2024-Q1,ap
038880,아이에이,2021-Q2,capex
038880,아이에이,2022-Q1,ap
038880,아이에이,2021-Q1,capex
038880,아이에이,2021-Q3,capex
038880,아이에이,2020-Q1,capex
038880,아이에이,2023-Q3,ap
038880,아이에이,2020-Q3,capex
038880,아이에이,2025-Q1,ap
038880,아이에이,2025-Q3,capex
038880,아이에이,2023-Q1,ap
038880,아이에이,2022-Q2,ap
038880,아이에이,2023-Q4,capex
038880,아이에이,2024-Q2,ap
038880,아이에이,2022-Q3,ap
038880,아이에이,2024-Q4,ap
038880,아이에이,2022-Q4,ap
038880,아이에이,2021-Q4,capex
038880,아이에이,2020-Q4,capex
038880,아이에이,2021-Q1,ap
038880,아이에이,2025-Q2,capex
038880,아이에이,2021-Q2,ap
038880,아이에이,2021-Q3,ap
038880,아이에이,2020-Q1,ap
038880,아이에이,2024-Q3,capex
038880,아이에이,2020-Q3,ap
038880,아이에이,2025-Q3,ap
038880,아이에이,2023-Q4,ap
038880,아이에이,2024-Q1,capex
038880,아이에이,2022-Q1,capex
038880,아이에이,2020-Q2,capex
038880,아이에이,2023-Q2,capex
038880,아이에이,2023-Q3,capex
038880,아이에이,2021-Q4,ap
038880,아이에이,2025-Q1,capex
038880,아이에이,2020-Q4,ap
038880,아이에이,2022-Q2,capex
038880,아이에이,2025-Q2,ap
123010,아이윈플러스,2021-Q4,capex
123010,아이윈플러스,2020-Q1,capex
123010,아이윈플러스,2022-Q1,capex
123010,아이윈플러스,2020-Q4,capex
123010,아이윈플러스,2021-Q2,capex
123010,아이윈플러스,2021-Q3,capex
123010,아이윈플러스,2021-Q1,capex
185490,아이진,2021-Q4,capex
185490,아이진,2020-Q1,capex
185490,아이진,2022-Q3,capex
185490,아이진,2023-Q1,capex
185490,아이진,2022-Q1,capex
185490,아이진,2020-Q3,capex
185490,아이진,2020-Q4,capex
185490,아이진,2020-Q2,capex
185490,아이진,2022-Q4,capex
185490,아이진,2021-Q2,capex
185490,아이진,2021-Q3,capex
185490,아이진,2021-Q1,capex
185490,아이진,2022-Q2,capex
232830,아이티센피엔에스,2023-Q2,inventory
232830,아이티센피엔에스,2024-Q2,inventory
232830,아이티센피엔에스,2024-Q1,inventory
232830,아이티센피엔에스,2023-Q3,inventory
232830,아이티센피엔에스,2024-Q1,interest_expense
232830,아이티센피엔에스,2023-Q4,inventory
232830,아이티센피엔에스,2024-Q3,inventory
052770,아이톡시,2021-Q1,ap
052770,아이톡시,2025-Q2,op_income
052770,아이톡시,2025-Q3,op_income
052770,아이톡시,2021-Q2,ap
052770,아이톡시,2021-Q3,ap
052770,아이톡시,2020-Q4,ap
052770,아이톡시,2020-Q1,inventory
124500,아이티센글로벌,2024-Q1,interest_expense
119830,아이텍,2023-Q2,ar
119830,아이텍,2023-Q3,ar
119830,아이텍,2025-Q1,ar
119830,아이텍,2020-Q2,ap
119830,아이텍,2022-Q2,ar
119830,아이텍,2022-Q3,ar
119830,아이텍,2023-Q1,ar
119830,아이텍,2024-Q2,ar
119830,아이텍,2024-Q4,ar
119830,아이텍,2022-Q4,ar
119830,아이텍,2021-Q2,ar
119830,아이텍,2021-Q1,ar
119830,아이텍,2021-Q3,ar
119830,아이텍,2020-Q3,ar
119830,아이텍,2025-Q3,ar
119830,아이텍,2023-Q4,ar
119830,아이텍,2020-Q3,ap
119830,아이텍,2021-Q4,ar
119830,아이텍,2020-Q4,ar
119830,아이텍,2025-Q2,ar
119830,아이텍,2024-Q3,ar
119830,아이텍,2024-Q1,ar
119830,아이텍,2022-Q1,ar
119830,아이텍,2020-Q2,ar
027360,아주IB투자,2025-Q1,current_assets
027360,아주IB투자,2023-Q3,cogs
027360,아주IB투자,2024-Q3,ap
027360,아주IB투자,2023-Q3,ar
027360,아주IB투자,2024-Q4,op_income
027360,아주IB투자,2025-Q2,revenue
027360,아주IB투자,2024-Q2,op_income
027360,아주IB투자,2025-Q1,ar
027360,아주IB투자,2024-Q3,revenue
027360,아주IB투자,2025-Q1,cogs
027360,아주IB투자,2024-Q2,current_assets
027360,아주IB투자,2024-Q4,current_assets
027360,아주IB투자,2023-Q4,inventory
027360,아주IB투자,2025-Q3,inventory
027360,아주IB투자,2024-Q1,ap
027360,아주IB투자,2023-Q3,ap
027360,아주IB투자,2024-Q4,cogs
027360,아주IB투자,2024-Q2,ar
027360,아주IB투자,2024-Q4,ar
027360,아주IB투자,2024-Q1,revenue
027360,아주IB투자,2025-Q3,current_liab
027360,아주IB투자,2023-Q4,current_liab
027360,아주IB투자,2023-Q3,revenue
027360,아주IB투자,2024-Q2,cogs
027360,아주IB투자,2025-Q1,ap
027360,아주IB투자,2025-Q3,op_income
027360,아주IB투자,2025-Q1,revenue
027360,아주IB투자,2025-Q2,inventory
027360,아주IB투자,2023-Q4,op_income
027360,아주IB투자,2024-Q2,ap
027360,아주IB투자,2024-Q4,ap
027360,아주IB투자,2024-Q3,inventory
027360,아주IB투자,2025-Q3,current_assets
027360,아주IB투자,2023-Q4,current_assets
027360,아주IB투자,2024-Q2,revenue
027360,아주IB투자,2024-Q4,revenue
027360,아주IB투자,2025-Q2,current_liab
027360,아주IB투자,2025-Q2,ap
027360,아주IB투자,2025-Q3,cogs
027360,아주IB투자,2024-Q3,current_liab
027360,아주IB투자,2023-Q4,cogs
027360,아주IB투자,2025-Q3,ar
027360,아주IB투자,2023-Q4,ar
027360,아주IB투자,2024-Q1,inventory
027360,아주IB투자,2025-Q2,op_income
027360,아주IB투자,2023-Q3,inventory
027360,아주IB투자,2024-Q3,op_income
027360,아주IB투자,2024-Q1,current_liab
027360,아주IB투자,2024-Q2,current_liab
027360,아주IB투자,2023-Q3,current_liab
027360,아주IB투자,2025-Q1,inventory
027360,아주IB투자,2025-Q2,current_assets
027360,아주IB투자,2023-Q4,ap
027360,아주IB투자,2024-Q3,current_assets
027360,아주IB투자,2025-Q2,ar
027360,아주IB투자,2025-Q3,ap
027360,아주IB투자,2024-Q1,op_income
027360,아주IB투자,2024-Q3,ar
027360,아주IB투자,2025-Q2,cogs
027360,아주IB투자,2025-Q3,revenue
027360,아주IB투자,2023-Q4,revenue
027360,아주IB투자,2024-Q2,inventory
027360,아주IB투자,2024-Q3,cogs
027360,아주IB투자,2024-Q4,inventory
027360,아주IB투자,2025-Q1,current_liab
027360,아주IB투자,2023-Q3,op_income
027360,아주IB투자,2024-Q1,current_assets
027360,아주IB투자,2025-Q1,op_income
027360,아주IB투자,2023-Q3,current_assets
027360,아주IB투자,2024-Q4,current_liab
027360,아주IB투자,2024-Q1,ar
027360,아주IB투자,2024-Q1,cogs
372800,아이티아이즈,2022-Q1,inventory
372800,아이티아이즈,2021-Q4,inventory
114840,아이패밀리에스씨,2022-Q3,capex
114840,아이패밀리에스씨,2023-Q1,capex
114840,아이패밀리에스씨,2024-Q2,capex
114840,아이패밀리에스씨,2024-Q4,capex
114840,아이패밀리에스씨,2022-Q4,capex
114840,아이패밀리에스씨,2023-Q2,ap
114840,아이패밀리에스씨,2022-Q1,ap
114840,아이패밀리에스씨,2021-Q3,capex
114840,아이패밀리에스씨,2025-Q3,capex
114840,아이패밀리에스씨,2023-Q1,ap
114840,아이패밀리에스씨,2022-Q2,ap
114840,아이패밀리에스씨,2023-Q4,capex
114840,아이패밀리에스씨,2022-Q3,ap
114840,아이패밀리에스씨,2022-Q4,ap
114840,아이패밀리에스씨,2021-Q4,capex
114840,아이패밀리에스씨,2025-Q2,capex
114840,아이패밀리에스씨,2024-Q3,capex
114840,아이패밀리에스씨,2024-Q1,capex
114840,아이패밀리에스씨,2022-Q1,capex
114840,아이패밀리에스씨,2023-Q2,capex
114840,아이패밀리에스씨,2023-Q3,capex
114840,아이패밀리에스씨,2021-Q4,ap
114840,아이패밀리에스씨,2025-Q1,capex
114840,아이패밀리에스씨,2022-Q2,capex
032080,아즈텍WB,2024-Q1,capex
200350,아티스트스튜디오,2024-Q3,ap
200350,아티스트스튜디오,2025-Q3,inventory
200350,아티스트스튜디오,2023-Q2,ap
200350,아티스트스튜디오,2024-Q1,ap
200350,아티스트스튜디오,2022-Q1,ap
200350,아티스트스튜디오,2025-Q1,ap
200350,아티스트스튜디오,2023-Q1,ap
200350,아티스트스튜디오,2022-Q2,ap
200350,아티스트스튜디오,2025-Q2,inventory
200350,아티스트스튜디오,2024-Q2,ap
200350,아티스트스튜디오,2022-Q3,ap
200350,아티스트스튜디오,2024-Q4,ap
200350,아티스트스튜디오,2022-Q4,ap
200350,아티스트스튜디오,2025-Q3,ap
200350,아티스트스튜디오,2025-Q1,inventory
200350,아티스트스튜디오,2023-Q4,ap
200350,아티스트스튜디오,2024-Q4,inventory
200350,아티스트스튜디오,2021-Q4,ap
200350,아티스트스튜디오,2025-Q2,ap
321820,아티스트컴퍼니,2021-Q2,inventory
321820,아티스트컴퍼니,2021-Q3,inventory
321820,아티스트컴퍼니,2023-Q1,inventory
321820,아티스트컴퍼니,2021-Q1,ap
321820,아티스트컴퍼니,2024-Q2,inventory
321820,아티스트컴퍼니,2021-Q2,ap
321820,아티스트컴퍼니,2021-Q3,ap
321820,아티스트컴퍼니,2020-Q4,inventory
321820,아티스트컴퍼니,2025-Q2,inventory
321820,아티스트컴퍼니,2021-Q4,ap
321820,아티스트컴퍼니,2025-Q3,inventory
321820,아티스트컴퍼니,2024-Q3,inventory
321820,아티스트컴퍼니,2020-Q4,ap
321820,아티스트컴퍼니,2022-Q4,ap
321820,아티스트컴퍼니,2021-Q1,inventory
203690,아크솔루션스,2021-Q4,capex
203690,아크솔루션스,2020-Q1,capex
203690,아크솔루션스,2022-Q3,capex
203690,아크솔루션스,2023-Q1,capex
203690,아크솔루션스,2022-Q1,capex
203690,아크솔루션스,2020-Q3,capex
203690,아크솔루션스,2020-Q4,capex
203690,아크솔루션스,2020-Q2,capex
203690,아크솔루션스,2023-Q2,capex
203690,아크솔루션스,2023-Q3,capex
203690,아크솔루션스,2023-Q4,capex
203690,아크솔루션스,2021-Q2,capex
203690,아크솔루션스,2021-Q3,capex
203690,아크솔루션스,2021-Q1,capex
158430,아톤,2022-Q3,inventory
158430,아톤,2020-Q3,capex
158430,아톤,2022-Q2,inventory
158430,아톤,2020-Q2,capex
158430,아톤,2022-Q1,inventory
158430,아톤,2020-Q1,capex
053800,안랩,2024-Q2,cogs
053800,안랩,2025-Q2,cogs
053800,안랩,2025-Q3,cogs
053800,안랩,2024-Q3,cogs
053800,안랩,2025-Q1,cogs
053800,안랩,2024-Q4,cogs
065660,안트로젠,2023-Q2,capex
065660,안트로젠,2025-Q3,interest_expense
065660,안트로젠,2025-Q1,interest_expense
297570,알로이스,2020-Q1,capex
297570,알로이스,2020-Q3,capex
297570,알로이스,2020-Q4,capex
297570,알로이스,2020-Q2,capex
297570,알로이스,2021-Q2,capex
297570,알로이스,2021-Q3,capex
297570,알로이스,2021-Q1,capex
361570,알비더블유,2024-Q3,ap
361570,알비더블유,2025-Q1,ap
361570,알비더블유,2025-Q3,ap
361570,알비더블유,2023-Q1,ap
361570,알비더블유,2022-Q2,ap
361570,알비더블유,2021-Q4,ap
361570,알비더블유,2022-Q3,ap
361570,알비더블유,2022-Q1,ap
361570,알비더블유,2024-Q4,ap
361570,알비더블유,2022-Q4,ap
361570,알비더블유,2025-Q2,ap
131370,알서포트,2022-Q1,cogs
131370,알서포트,2023-Q3,cogs
131370,알서포트,2023-Q2,cogs
131370,알서포트,2024-Q3,ap
131370,알서포트,2025-Q1,cogs
131370,알서포트,2020-Q2,ap
131370,알서포트,2023-Q2,ap
131370,알서포트,2024-Q1,ap
131370,알서포트,2023-Q1,cogs
131370,알서포트,2022-Q2,cogs
131370,알서포트,2022-Q1,ap
131370,알서포트,2023-Q3,ap
131370,알서포트,2022-Q3,cogs
131370,알서포트,2024-Q4,cogs
131370,알서포트,2024-Q2,cogs
131370,알서포트,2022-Q4,cogs
131370,알서포트,2025-Q1,ap
131370,알서포트,2021-Q1,cogs
131370,알서포트,2023-Q1,ap
131370,알서포트,2022-Q2,ap
131370,알서포트,2021-Q2,cogs
131370,알서포트,2021-Q3,cogs
131370,알서포트,2020-Q1,cogs
131370,알서포트,2022-Q3,ap
131370,알서포트,2024-Q2,ap
131370,알서포트,2024-Q4,ap
131370,알서포트,2020-Q3,cogs
131370,알서포트,2022-Q4,ap
131370,알서포트,2025-Q2,ap
131370,알서포트,2025-Q3,cogs
131370,알서포트,2023-Q4,cogs
131370,알서포트,2021-Q1,ap
131370,알서포트,2021-Q2,ap
131370,알서포트,2021-Q3,ap
131370,알서포트,2020-Q1,ap
131370,알서포트,2020-Q3,ap
131370,알서포트,2021-Q4,cogs
131370,알서포트,2025-Q3,ap
131370,알서포트,2023-Q4,ap
131370,알서포트,2020-Q4,cogs
131370,알서포트,2025-Q2,cogs
131370,알서포트,2024-Q3,cogs
131370,알서포트,2021-Q4,ap
131370,알서포트,2020-Q2,cogs
131370,알서포트,2020-Q4,ap
131370,알서포트,2024-Q1,cogs
347860,알체라,2022-Q1,cogs
347860,알체라,2023-Q3,cogs
347860,알체라,2023-Q2,cogs
347860,알체라,2024-Q3,ap
347860,알체라,2025-Q2,revenue
347860,알체라,2024-Q3,revenue
347860,알체라,2025-Q1,cogs
347860,알체라,2025-Q3,inventory
347860,알체라,2023-Q4,inventory
347860,알체라,2023-Q1,cogs
347860,알체라,2022-Q2,cogs
347860,알체라,2021-Q1,capex
347860,알체라,2022-Q3,cogs
347860,알체라,2024-Q4,cogs
347860,알체라,2023-Q2,revenue
347860,알체라,2024-Q1,revenue
347860,알체라,2024-Q2,cogs
347860,알체라,2022-Q1,revenue
347860,알체라,2022-Q4,cogs
347860,알체라,2023-Q3,revenue
347860,알체라,2021-Q4,inventory
347860,알체라,2025-Q1,ap
347860,알체라,2025-Q1,revenue
347860,알체라,2025-Q2,inventory
347860,알체라,2024-Q2,ap
347860,알체라,2024-Q4,ap
347860,알체라,2024-Q3,inventory
347860,알체라,2023-Q1,revenue
347860,알체라,2022-Q2,revenue
347860,알체라,2024-Q2,revenue
347860,알체라,2022-Q3,revenue
347860,알체라,2024-Q4,revenue
347860,알체라,2025-Q3,cogs
347860,알체라,2020-Q4,capex
347860,알체라,2022-Q4,revenue
347860,알체라,2021-Q1,ap
347860,알체라,2023-Q2,inventory
347860,알체라,2023-Q4,cogs
347860,알체라,2024-Q1,inventory
347860,알체라,2021-Q2,ap
347860,알체라,2022-Q1,inventory
347860,알체라,2023-Q3,inventory
347860,알체라,2025-Q1,inventory
347860,알체라,2025-Q2,cogs
347860,알체라,2023-Q1,inventory
347860,알체라,2022-Q2,inventory
347860,알체라,2025-Q3,revenue
347860,알체라,2023-Q4,revenue
347860,알체라,2024-Q2,inventory
347860,알체라,2024-Q3,cogs
347860,알체라,2024-Q4,inventory
347860,알체라,2022-Q4,inventory
347860,알체라,2020-Q4,ap
347860,알체라,2024-Q1,cogs
061040,알에프텍,2022-Q3,ap
061040,알에프텍,2021-Q1,ap
061040,알에프텍,2021-Q2,ap
061040,알에프텍,2021-Q3,ap
061040,알에프텍,2020-Q1,ap
061040,알에프텍,2023-Q1,ap
061040,알에프텍,2022-Q2,ap
061040,알에프텍,2020-Q3,ap
061040,알에프텍,2020-Q2,ap
061040,알에프텍,2021-Q4,ap
061040,알에프텍,2022-Q1,ap
061040,알에프텍,2020-Q4,ap
061040,알에프텍,2022-Q4,ap
123750,알톤,2024-Q1,capex
397810,애드포러스,2025-Q3,inventory
397810,애드포러스,2025-Q2,inventory
397810,애드포러스,2025-Q3,cogs
397810,애드포러스,2025-Q2,cogs
085810,알티캐스트,2022-Q1,cogs
085810,알티캐스트,2023-Q3,cogs
085810,알티캐스트,2021-Q2,inventory
085810,알티캐스트,2021-Q3,inventory
085810,알티캐스트,2023-Q2,cogs
085810,알티캐스트,2020-Q4,revenue
085810,알티캐스트,2025-Q2,revenue
085810,알티캐스트,2024-Q3,revenue
085810,알티캐스트,2025-Q1,cogs
085810,알티캐스트,2025-Q3,inventory
085810,알티캐스트,2023-Q4,inventory
085810,알티캐스트,2023-Q1,cogs
085810,알티캐스트,2022-Q2,cogs
085810,알티캐스트,2022-Q3,cogs
085810,알티캐스트,2020-Q2,revenue
085810,알티캐스트,2023-Q2,revenue
085810,알티캐스트,2024-Q4,cogs
085810,알티캐스트,2024-Q1,revenue
085810,알티캐스트,2024-Q2,cogs
085810,알티캐스트,2022-Q1,revenue
085810,알티캐스트,2022-Q4,cogs
085810,알티캐스트,2023-Q3,revenue
085810,알티캐스트,2021-Q1,inventory
085810,알티캐스트,2021-Q1,cogs
085810,알티캐스트,2020-Q4,inventory
085810,알티캐스트,2025-Q1,revenue
085810,알티캐스트,2025-Q2,inventory
085810,알티캐스트,2021-Q2,cogs
085810,알티캐스트,2021-Q3,cogs
085810,알티캐스트,2020-Q1,cogs
085810,알티캐스트,2024-Q3,inventory
085810,알티캐스트,2024-Q1,cogs
085810,알티캐스트,2020-Q3,cogs
085810,알티캐스트,2022-Q2,revenue
085810,알티캐스트,2023-Q1,revenue
085810,알티캐스트,2024-Q2,revenue
085810,알티캐스트,2022-Q3,revenue
085810,알티캐스트,2024-Q4,revenue
085810,알티캐스트,2022-Q4,revenue
085810,알티캐스트,2023-Q4,cogs
085810,알티캐스트,2024-Q1,inventory
085810,알티캐스트,2021-Q1,revenue
085810,알티캐스트,2021-Q2,revenue
085810,알티캐스트,2021-Q3,revenue
085810,알티캐스트,2020-Q1,revenue
085810,알티캐스트,2021-Q4,cogs
085810,알티캐스트,2020-Q3,revenue
085810,알티캐스트,2025-Q1,inventory
085810,알티캐스트,2020-Q4,cogs
085810,알티캐스트,2025-Q2,cogs
085810,알티캐스트,2021-Q4,revenue
085810,알티캐스트,2023-Q4,revenue
085810,알티캐스트,2024-Q2,inventory
085810,알티캐스트,2024-Q3,cogs
085810,알티캐스트,2020-Q2,cogs
085810,알티캐스트,2020-Q1,inventory
117670,알파칩스,2023-Q4,ap
117670,알파칩스,2024-Q3,ap
117670,알파칩스,2025-Q1,ap
117670,알파칩스,2024-Q2,ap
117670,알파칩스,2024-Q4,ap
117670,알파칩스,2024-Q1,ap
291650,압타머사이언스,2022-Q4,ar
291650,압타머사이언스,2023-Q2,ar
293780,압타바이오,2023-Q2,ar
293780,압타바이오,2022-Q1,cogs
293780,압타바이오,2022-Q2,capex
293780,압타바이오,2021-Q2,inventory
293780,압타바이오,2021-Q3,inventory
293780,압타바이오,2022-Q3,capex
293780,압타바이오,2023-Q1,capex
293780,압타바이오,2023-Q2,cogs
293780,압타바이오,2023-Q3,cogs
293780,압타바이오,2020-Q3,inventory
293780,압타바이오,2023-Q3,ar
293780,압타바이오,2024-Q2,capex
293780,압타바이오,2024-Q4,capex
293780,압타바이오,2022-Q4,capex
293780,압타바이오,2022-Q2,ar
293780,압타바이오,2023-Q4,inventory
293780,압타바이오,2023-Q1,cogs
293780,압타바이오,2021-Q2,capex
293780,압타바이오,2021-Q3,capex
293780,압타바이오,2021-Q1,capex
293780,압타바이오,2020-Q1,capex
293780,압타바이오,2022-Q2,cogs
293780,압타바이오,2022-Q3,cogs
293780,압타바이오,2022-Q3,ar
293780,압타바이오,2022-Q4,cogs
293780,압타바이오,2020-Q3,capex
293780,압타바이오,2022-Q4,ar
293780,압타바이오,2021-Q4,inventory
293780,압타바이오,2021-Q1,inventory
293780,압타바이오,2021-Q1,cogs
293780,압타바이오,2020-Q4,inventory
293780,압타바이오,2021-Q2,ar
293780,압타바이오,2020-Q1,ar
293780,압타바이오,2023-Q4,capex
293780,압타바이오,2021-Q2,cogs
293780,압타바이오,2021-Q3,cogs
293780,압타바이오,2020-Q1,cogs
293780,압타바이오,2025-Q3,capex
293780,압타바이오,2021-Q3,ar
293780,압타바이오,2020-Q3,cogs
293780,압타바이오,2021-Q4,capex
293780,압타바이오,2020-Q4,capex
293780,압타바이오,2020-Q2,inventory
293780,압타바이오,2023-Q2,inventory
293780,압타바이오,2023-Q4,ar
293780,압타바이오,2025-Q2,capex
293780,압타바이오,2024-Q3,capex
293780,압타바이오,2022-Q1,inventory
293780,압타바이오,2023-Q3,inventory
293780,압타바이오,2021-Q4,cogs
293780,압타바이오,2021-Q4,ar
293780,압타바이오,2020-Q4,ar
293780,압타바이오,2024-Q1,capex
293780,압타바이오,2020-Q4,cogs
293780,압타바이오,2022-Q3,inventory
293780,압타바이오,2022-Q1,capex
293780,압타바이오,2020-Q2,capex
293780,압타바이오,2022-Q2,inventory
293780,압타바이오,2023-Q1,inventory
293780,압타바이오,2023-Q2,capex
293780,압타바이오,2024-Q2,inventory
293780,압타바이오,2023-Q3,capex
293780,압타바이오,2020-Q2,ar
293780,압타바이오,2022-Q4,inventory
293780,압타바이오,2025-Q1,capex
293780,압타바이오,2020-Q2,cogs
293780,압타바이오,2022-Q1,ar
293780,압타바이오,2020-Q1,inventory
900100,애머릿지,2024-Q1,capex
900100,애머릿지,2024-Q2,capex
900100,애머릿지,2025-Q2,capex
900100,애머릿지,2024-Q3,capex
900100,애머릿지,2025-Q3,capex
900100,애머릿지,2025-Q1,capex
290740,액트로,2021-Q3,ap
290740,액트로,2020-Q2,ap
290740,액트로,2021-Q2,ap
052790,액토즈소프트,2021-Q2,inventory
052790,액토즈소프트,2021-Q3,inventory
052790,액토즈소프트,2020-Q3,inventory
052790,액토즈소프트,2025-Q3,inventory
052790,액토즈소프트,2023-Q4,inventory
052790,액토즈소프트,2021-Q4,inventory
052790,액토즈소프트,2021-Q1,inventory
052790,액토즈소프트,2020-Q4,inventory
052790,액토즈소프트,2025-Q2,inventory
052790,액토즈소프트,2024-Q3,inventory
052790,액토즈소프트,2020-Q2,inventory
052790,액토즈소프트,2023-Q2,inventory
052790,액토즈소프트,2024-Q1,inventory
052790,액토즈소프트,2022-Q1,inventory
052790,액토즈소프트,2023-Q3,inventory
052790,액토즈소프트,2025-Q1,inventory
052790,액토즈소프트,2022-Q3,inventory
052790,액토즈소프트,2023-Q1,inventory
052790,액토즈소프트,2022-Q2,inventory
052790,액토즈소프트,2024-Q2,inventory
052790,액토즈소프트,2024-Q4,inventory
052790,액토즈소프트,2022-Q4,inventory
052790,액토즈소프트,2020-Q1,inventory
238090,앤디포스,2021-Q2,total_assets
270520,앱튼,2021-Q2,inventory
270520,앱튼,2021-Q3,inventory
270520,앱튼,2020-Q3,inventory
270520,앱튼,2023-Q4,inventory
270520,앱튼,2021-Q4,inventory
270520,앱튼,2021-Q1,inventory
270520,앱튼,2020-Q4,inventory
270520,앱튼,2024-Q3,inventory
270520,앱튼,2020-Q2,inventory
270520,앱튼,2023-Q2,inventory
270520,앱튼,2024-Q1,inventory
270520,앱튼,2022-Q1,inventory
270520,앱튼,2023-Q3,inventory
270520,앱튼,2022-Q3,inventory
270520,앱튼,2022-Q1,capex
270520,앱튼,2023-Q1,inventory
270520,앱튼,2022-Q2,inventory
270520,앱튼,2024-Q2,inventory
270520,앱튼,2022-Q4,inventory
270520,앱튼,2020-Q1,inventory
030960,양지사,2022-Q3,capex
030960,양지사,2023-Q1,capex
030960,양지사,2024-Q2,capex
030960,양지사,2024-Q4,capex
030960,양지사,2022-Q4,capex
030960,양지사,2021-Q2,capex
030960,양지사,2021-Q3,capex
030960,양지사,2020-Q1,capex
030960,양지사,2021-Q1,capex
030960,양지사,2020-Q3,capex
030960,양지사,2025-Q3,capex
030960,양지사,2023-Q4,capex
030960,양지사,2021-Q4,capex
030960,양지사,2020-Q4,capex
030960,양지사,2025-Q2,capex
030960,양지사,2024-Q3,capex
030960,양지사,2024-Q1,capex
030960,양지사,2022-Q1,capex
030960,양지사,2020-Q2,capex
030960,양지사,2023-Q2,capex
030960,양지사,2023-Q3,capex
030960,양지사,2025-Q4,capex
030960,양지사,2025-Q1,capex
030960,양지사,2022-Q2,capex
102120,어보브반도체,2021-Q4,capex
102120,어보브반도체,2020-Q1,capex
102120,어보브반도체,2022-Q3,capex
102120,어보브반도체,2022-Q1,capex
102120,어보브반도체,2020-Q3,capex
102120,어보브반도체,2020-Q4,capex
102120,어보브반도체,2020-Q2,capex
102120,어보브반도체,2021-Q2,capex
102120,어보브반도체,2021-Q3,capex
102120,어보브반도체,2021-Q1,capex
102120,어보브반도체,2022-Q2,capex
304360,에스바이오메딕스,2024-Q3,ap
304360,에스바이오메딕스,2025-Q1,ap
304360,에스바이오메딕스,2025-Q3,ap
304360,에스바이오메딕스,2024-Q4,ap
304360,에스바이오메딕스,2025-Q2,ap
270660,에브리봇,2021-Q2,cogs
238120,얼라인드,2025-Q3,capex
238120,얼라인드,2025-Q2,capex
217480,에스디생명공학,2023-Q4,ap
217480,에스디생명공학,2022-Q3,ap
217480,에스디생명공학,2021-Q1,ap
217480,에스디생명공학,2021-Q2,ap
217480,에스디생명공학,2021-Q3,ap
217480,에스디생명공학,2020-Q1,ap
217480,에스디생명공학,2023-Q1,ap
217480,에스디생명공학,2022-Q2,ap
217480,에스디생명공학,2020-Q3,ap
217480,에스디생명공학,2020-Q2,ap
217480,에스디생명공학,2021-Q4,ap
217480,에스디생명공학,2024-Q1,ap
217480,에스디생명공학,2022-Q1,ap
217480,에스디생명공학,2020-Q4,ap
217480,에스디생명공학,2022-Q4,ap
298060,에스씨엠생명과학,2020-Q2,ap
298060,에스씨엠생명과학,2023-Q2,ap
298060,에스씨엠생명과학,2024-Q1,ap
298060,에스씨엠생명과학,2023-Q3,ap
298060,에스씨엠생명과학,2022-Q1,ap
298060,에스씨엠생명과학,2025-Q1,ap
298060,에스씨엠생명과학,2023-Q1,ap
298060,에스씨엠생명과학,2022-Q2,ap
298060,에스씨엠생명과학,2022-Q3,ap
298060,에스씨엠생명과학,2024-Q4,ap
298060,에스씨엠생명과학,2022-Q4,ap
298060,에스씨엠생명과학,2021-Q1,ap
298060,에스씨엠생명과학,2021-Q2,ap
298060,에스씨엠생명과학,2021-Q3,ap
298060,에스씨엠생명과학,2020-Q3,ap
298060,에스씨엠생명과학,2023-Q4,ap
298060,에스씨엠생명과학,2021-Q4,ap
298060,에스씨엠생명과학,2020-Q4,ap
298060,에스씨엠생명과학,2025-Q2,ap
065420,에스아이리소스,2024-Q3,ap
065420,에스아이리소스,2025-Q1,ap
065420,에스아이리소스,2025-Q3,ap
065420,에스아이리소스,2024-Q2,ap
065420,에스아이리소스,2024-Q4,ap
065420,에스아이리소스,2024-Q1,ap
065420,에스아이리소스,2025-Q2,ap
464080,에스오에스랩,2024-Q3,ap
464080,에스오에스랩,2025-Q1,ap
464080,에스오에스랩,2025-Q3,ap
464080,에스오에스랩,2024-Q2,ap
464080,에스오에스랩,2024-Q4,ap
464080,에스오에스랩,2025-Q2,ap
101490,에스앤에스텍,2024-Q3,ap
101490,에스앤에스텍,2020-Q2,ap
101490,에스앤에스텍,2023-Q2,ap
101490,에스앤에스텍,2024-Q1,ap
101490,에스앤에스텍,2023-Q3,ap
101490,에스앤에스텍,2022-Q1,ap
101490,에스앤에스텍,2025-Q1,ap
101490,에스앤에스텍,2023-Q1,ap
101490,에스앤에스텍,2022-Q2,ap
101490,에스앤에스텍,2024-Q2,ap
101490,에스앤에스텍,2022-Q3,ap
101490,에스앤에스텍,2024-Q4,ap
101490,에스앤에스텍,2022-Q4,ap
101490,에스앤에스텍,2021-Q1,ap
101490,에스앤에스텍,2021-Q2,ap
101490,에스앤에스텍,2021-Q3,ap
101490,에스앤에스텍,2020-Q1,ap
101490,에스앤에스텍,2020-Q3,ap
101490,에스앤에스텍,2025-Q3,ap
101490,에스앤에스텍,2023-Q4,ap
101490,에스앤에스텍,2021-Q4,ap
101490,에스앤에스텍,2020-Q4,ap
101490,에스앤에스텍,2025-Q2,ap
275630,에스에스알,2021-Q2,inventory
275630,에스에스알,2021-Q3,inventory
275630,에스에스알,2020-Q2,inventory
275630,에스에스알,2020-Q3,inventory
275630,에스에스알,2020-Q1,inventory
275630,에스에스알,2020-Q4,inventory
275630,에스에스알,2021-Q1,inventory
365330,에스와이스틸텍,2024-Q1,ap
365330,에스와이스틸텍,2023-Q4,ap
365330,에스와이스틸텍,2023-Q4,ar
398120,에스지헬스케어,2024-Q4,capex
398120,에스지헬스케어,2025-Q2,capex
398120,에스지헬스케어,2025-Q1,capex
398120,에스지헬스케어,2025-Q3,capex
473000,에스케이증권제12호스팩,2024-Q3,ap
473000,에스케이증권제12호스팩,2024-Q2,capex
473000,에스케이증권제12호스팩,2024-Q4,capex
473000,에스케이증권제12호스팩,2025-Q2,revenue
473000,에스케이증권제12호스팩,2025-Q1,ar
473000,에스케이증권제12호스팩,2024-Q3,revenue
473000,에스케이증권제12호스팩,2025-Q1,cogs
473000,에스케이증권제12호스팩,2025-Q3,inventory
473000,에스케이증권제12호스팩,2024-Q4,cogs
473000,에스케이증권제12호스팩,2024-Q2,ar
473000,에스케이증권제12호스팩,2024-Q4,ar
473000,에스케이증권제12호스팩,2025-Q3,current_liab
473000,에스케이증권제12호스팩,2024-Q2,cogs
473000,에스케이증권제12호스팩,2025-Q1,ap
473000,에스케이증권제12호스팩,2025-Q3,capex
473000,에스케이증권제12호스팩,2025-Q1,revenue
473000,에스케이증권제12호스팩,2025-Q2,inventory
473000,에스케이증권제12호스팩,2024-Q2,ap
473000,에스케이증권제12호스팩,2024-Q4,ap
473000,에스케이증권제12호스팩,2024-Q3,inventory
473000,에스케이증권제12호스팩,2024-Q2,revenue
473000,에스케이증권제12호스팩,2024-Q4,revenue
473000,에스케이증권제12호스팩,2025-Q2,current_liab
473000,에스케이증권제12호스팩,2025-Q3,cogs
473000,에스케이증권제12호스팩,2024-Q3,current_liab
473000,에스케이증권제12호스팩,2025-Q3,ar
473000,에스케이증권제12호스팩,2025-Q2,capex
473000,에스케이증권제12호스팩,2024-Q3,capex
473000,에스케이증권제12호스팩,2025-Q1,inventory
473000,에스케이증권제12호스팩,2025-Q3,ap
473000,에스케이증권제12호스팩,2025-Q2,ar
473000,에스케이증권제12호스팩,2025-Q2,cogs
473000,에스케이증권제12호스팩,2024-Q3,ar
473000,에스케이증권제12호스팩,2025-Q3,revenue
473000,에스케이증권제12호스팩,2024-Q2,inventory
473000,에스케이증권제12호스팩,2024-Q3,cogs
473000,에스케이증권제12호스팩,2024-Q4,inventory
473000,에스케이증권제12호스팩,2025-Q1,capex
473000,에스케이증권제12호스팩,2024-Q2,current_liab
473000,에스케이증권제12호스팩,2024-Q4,current_liab
473000,에스케이증권제12호스팩,2025-Q2,ap
472230,에스케이증권제11호스팩,2024-Q3,ap
472230,에스케이증권제11호스팩,2024-Q2,capex
472230,에스케이증권제11호스팩,2024-Q4,capex
472230,에스케이증권제11호스팩,2025-Q2,revenue
472230,에스케이증권제11호스팩,2025-Q1,ar
472230,에스케이증권제11호스팩,2024-Q3,revenue
472230,에스케이증권제11호스팩,2025-Q1,cogs
472230,에스케이증권제11호스팩,2025-Q3,inventory
472230,에스케이증권제11호스팩,2023-Q4,inventory
472230,에스케이증권제11호스팩,2024-Q1,ap
472230,에스케이증권제11호스팩,2024-Q4,cogs
472230,에스케이증권제11호스팩,2024-Q2,ar
472230,에스케이증권제11호스팩,2024-Q4,ar
472230,에스케이증권제11호스팩,2024-Q1,revenue
472230,에스케이증권제11호스팩,2025-Q3,current_liab
472230,에스케이증권제11호스팩,2023-Q4,current_liab
472230,에스케이증권제11호스팩,2024-Q2,cogs
472230,에스케이증권제11호스팩,2025-Q1,ap
472230,에스케이증권제11호스팩,2025-Q3,capex
472230,에스케이증권제11호스팩,2023-Q4,capex
472230,에스케이증권제11호스팩,2025-Q1,revenue
472230,에스케이증권제11호스팩,2025-Q2,inventory
472230,에스케이증권제11호스팩,2024-Q2,ap
472230,에스케이증권제11호스팩,2024-Q4,ap
472230,에스케이증권제11호스팩,2024-Q3,inventory
472230,에스케이증권제11호스팩,2025-Q2,ap
472230,에스케이증권제11호스팩,2024-Q2,revenue
472230,에스케이증권제11호스팩,2024-Q4,revenue
472230,에스케이증권제11호스팩,2025-Q3,cogs
472230,에스케이증권제11호스팩,2024-Q3,current_liab
472230,에스케이증권제11호스팩,2023-Q4,cogs
472230,에스케이증권제11호스팩,2025-Q3,ar
472230,에스케이증권제11호스팩,2025-Q2,capex
472230,에스케이증권제11호스팩,2023-Q4,ar
472230,에스케이증권제11호스팩,2024-Q1,inventory
472230,에스케이증권제11호스팩,2024-Q3,capex
472230,에스케이증권제11호스팩,2024-Q1,current_liab
472230,에스케이증권제11호스팩,2025-Q1,inventory
472230,에스케이증권제11호스팩,2025-Q3,ap
472230,에스케이증권제11호스팩,2023-Q4,ap
472230,에스케이증권제11호스팩,2025-Q2,ar
472230,에스케이증권제11호스팩,2024-Q1,capex
472230,에스케이증권제11호스팩,2025-Q2,cogs
472230,에스케이증권제11호스팩,2024-Q3,ar
472230,에스케이증권제11호스팩,2025-Q3,revenue
472230,에스케이증권제11호스팩,2023-Q4,revenue
472230,에스케이증권제11호스팩,2024-Q2,inventory
472230,에스케이증권제11호스팩,2024-Q3,cogs
472230,에스케이증권제11호스팩,2024-Q4,inventory
472230,에스케이증권제11호스팩,2025-Q1,capex
472230,에스케이증권제11호스팩,2024-Q2,current_liab
472230,에스케이증권제11호스팩,2024-Q4,current_liab
472230,에스케이증권제11호스팩,2024-Q1,ar
472230,에스케이증권제11호스팩,2024-Q1,cogs
019590,에스유앤피,2025-Q1,ar
019590,에스유앤피,2024-Q2,current_assets
019590,에스유앤피,2025-Q3,interest_expense
019590,에스유앤피,2023-Q3,ap
019590,에스유앤피,2023-Q3,revenue
019590,에스유앤피,2025-Q1,ap
019590,에스유앤피,2025-Q3,op_income
019590,에스유앤피,2025-Q1,revenue
019590,에스유앤피,2023-Q4,op_income
019590,에스유앤피,2025-Q2,interest_expense
019590,에스유앤피,2024-Q3,inventory
019590,에스유앤피,2023-Q4,ar
019590,에스유앤피,2025-Q2,op_income
019590,에스유앤피,2024-Q1,interest_expense
019590,에스유앤피,2025-Q3,ap
019590,에스유앤피,2025-Q2,ar
019590,에스유앤피,2024-Q1,op_income
019590,에스유앤피,2025-Q3,revenue
019590,에스유앤피,2023-Q3,op_income
019590,에스유앤피,2024-Q4,current_liab
019590,에스유앤피,2024-Q1,ar
019590,에스유앤피,2025-Q2,ap
019590,에스유앤피,2023-Q3,ar
019590,에스유앤피,2025-Q2,revenue
019590,에스유앤피,2024-Q4,current_assets
019590,에스유앤피,2023-Q4,inventory
019590,에스유앤피,2024-Q1,ap
019590,에스유앤피,2024-Q4,cogs
019590,에스유앤피,2024-Q1,revenue
019590,에스유앤피,2024-Q2,cogs
019590,에스유앤피,2024-Q2,ap
019590,에스유앤피,2024-Q2,revenue
019590,에스유앤피,2024-Q3,current_liab
019590,에스유앤피,2025-Q3,ar
019590,에스유앤피,2023-Q3,inventory
019590,에스유앤피,2025-Q1,inventory
019590,에스유앤피,2024-Q3,current_assets
019590,에스유앤피,2024-Q1,capex
019590,에스유앤피,2024-Q3,cogs
019590,에스유앤피,2023-Q3,capex
019590,에스유앤피,2025-Q1,current_assets
019590,에스유앤피,2024-Q4,op_income
019590,에스유앤피,2024-Q2,op_income
019590,에스유앤피,2025-Q3,inventory
019590,에스유앤피,2024-Q2,ar
019590,에스유앤피,2023-Q4,current_liab
019590,에스유앤피,2025-Q2,inventory
019590,에스유앤피,2024-Q4,ap
019590,에스유앤피,2023-Q4,current_assets
019590,에스유앤피,2024-Q4,revenue
019590,에스유앤피,2023-Q4,cogs
019590,에스유앤피,2024-Q1,inventory
019590,에스유앤피,2024-Q3,op_income
019590,에스유앤피,2023-Q3,current_liab
019590,에스유앤피,2024-Q3,ar
019590,에스유앤피,2024-Q2,inventory
019590,에스유앤피,2025-Q1,current_liab
019590,에스유앤피,2023-Q3,current_assets
019590,에스유앤피,2023-Q3,cogs
019590,에스유앤피,2024-Q3,ap
019590,에스유앤피,2024-Q3,revenue
019590,에스유앤피,2025-Q1,cogs
019590,에스유앤피,2024-Q4,ar
019590,에스유앤피,2025-Q3,current_liab
019590,에스유앤피,2025-Q3,current_assets
019590,에스유앤피,2025-Q2,current_liab
019590,에스유앤피,2025-Q3,cogs
019590,에스유앤피,2024-Q1,current_liab
019590,에스유앤피,2025-Q2,current_assets
019590,에스유앤피,2023-Q4,ap
019590,에스유앤피,2025-Q1,interest_expense
019590,에스유앤피,2025-Q2,cogs
019590,에스유앤피,2023-Q4,revenue
019590,에스유앤피,2024-Q4,inventory
019590,에스유앤피,2024-Q1,current_assets
019590,에스유앤피,2025-Q1,op_income
019590,에스유앤피,2024-Q2,current_liab
019590,에스유앤피,2024-Q1,cogs
457940,에스케이증권제10호스팩,2023-Q3,cogs
457940,에스케이증권제10호스팩,2024-Q3,ap
457940,에스케이증권제10호스팩,2023-Q3,ar
457940,에스케이증권제10호스팩,2024-Q2,capex
457940,에스케이증권제10호스팩,2024-Q4,capex
457940,에스케이증권제10호스팩,2025-Q2,revenue
457940,에스케이증권제10호스팩,2025-Q1,ar
457940,에스케이증권제10호스팩,2024-Q3,revenue
457940,에스케이증권제10호스팩,2025-Q1,cogs
457940,에스케이증권제10호스팩,2025-Q3,inventory
457940,에스케이증권제10호스팩,2023-Q4,inventory
457940,에스케이증권제10호스팩,2024-Q1,ap
457940,에스케이증권제10호스팩,2023-Q3,ap
457940,에스케이증권제10호스팩,2024-Q4,cogs
457940,에스케이증권제10호스팩,2024-Q2,ar
457940,에스케이증권제10호스팩,2024-Q4,ar
457940,에스케이증권제10호스팩,2024-Q1,revenue
457940,에스케이증권제10호스팩,2023-Q4,current_liab
457940,에스케이증권제10호스팩,2023-Q3,revenue
457940,에스케이증권제10호스팩,2024-Q2,cogs
457940,에스케이증권제10호스팩,2025-Q1,ap
457940,에스케이증권제10호스팩,2025-Q3,capex
457940,에스케이증권제10호스팩,2023-Q4,capex
457940,에스케이증권제10호스팩,2025-Q1,revenue
457940,에스케이증권제10호스팩,2025-Q2,inventory
457940,에스케이증권제10호스팩,2024-Q2,ap
457940,에스케이증권제10호스팩,2024-Q4,ap
457940,에스케이증권제10호스팩,2024-Q3,inventory
457940,에스케이증권제10호스팩,2025-Q2,ap
457940,에스케이증권제10호스팩,2024-Q2,revenue
457940,에스케이증권제10호스팩,2024-Q4,revenue
457940,에스케이증권제10호스팩,2025-Q3,cogs
457940,에스케이증권제10호스팩,2024-Q3,current_liab
457940,에스케이증권제10호스팩,2023-Q4,cogs
457940,에스케이증권제10호스팩,2025-Q3,ar
457940,에스케이증권제10호스팩,2025-Q2,capex
457940,에스케이증권제10호스팩,2023-Q4,ar
457940,에스케이증권제10호스팩,2024-Q1,inventory
457940,에스케이증권제10호스팩,2024-Q3,capex
457940,에스케이증권제10호스팩,2023-Q3,inventory
457940,에스케이증권제10호스팩,2025-Q1,inventory
457940,에스케이증권제10호스팩,2025-Q3,ap
457940,에스케이증권제10호스팩,2023-Q4,ap
457940,에스케이증권제10호스팩,2025-Q2,ar
457940,에스케이증권제10호스팩,2024-Q1,capex
457940,에스케이증권제10호스팩,2025-Q2,cogs
457940,에스케이증권제10호스팩,2024-Q3,ar
457940,에스케이증권제10호스팩,2025-Q3,revenue
457940,에스케이증권제10호스팩,2023-Q4,revenue
457940,에스케이증권제10호스팩,2024-Q2,inventory
457940,에스케이증권제10호스팩,2023-Q3,capex
457940,에스케이증권제10호스팩,2024-Q3,cogs
457940,에스케이증권제10호스팩,2024-Q4,inventory
457940,에스케이증권제10호스팩,2025-Q1,capex
457940,에스케이증권제10호스팩,2024-Q2,current_liab
457940,에스케이증권제10호스팩,2024-Q4,current_liab
457940,에스케이증권제10호스팩,2024-Q1,ar
457940,에스케이증권제10호스팩,2024-Q1,cogs
473950,에스케이증권제13호스팩,2024-Q3,ap
473950,에스케이증권제13호스팩,2024-Q4,capex
473950,에스케이증권제13호스팩,2025-Q2,revenue
473950,에스케이증권제13호스팩,2025-Q1,ar
473950,에스케이증권제13호스팩,2024-Q3,revenue
473950,에스케이증권제13호스팩,2025-Q1,cogs
473950,에스케이증권제13호스팩,2025-Q3,inventory
473950,에스케이증권제13호스팩,2024-Q4,cogs
473950,에스케이증권제13호스팩,2024-Q4,ar
473950,에스케이증권제13호스팩,2025-Q3,current_liab
473950,에스케이증권제13호스팩,2025-Q1,ap
473950,에스케이증권제13호스팩,2025-Q3,capex
473950,에스케이증권제13호스팩,2025-Q1,revenue
473950,에스케이증권제13호스팩,2025-Q2,inventory
473950,에스케이증권제13호스팩,2024-Q4,ap
473950,에스케이증권제13호스팩,2024-Q3,inventory
473950,에스케이증권제13호스팩,2024-Q4,revenue
473950,에스케이증권제13호스팩,2025-Q2,current_liab
473950,에스케이증권제13호스팩,2025-Q3,cogs
473950,에스케이증권제13호스팩,2024-Q3,current_liab
473950,에스케이증권제13호스팩,2025-Q3,ar
473950,에스케이증권제13호스팩,2025-Q2,capex
473950,에스케이증권제13호스팩,2024-Q3,capex
473950,에스케이증권제13호스팩,2025-Q1,inventory
473950,에스케이증권제13호스팩,2025-Q3,ap
473950,에스케이증권제13호스팩,2025-Q2,ar
473950,에스케이증권제13호스팩,2025-Q2,cogs
473950,에스케이증권제13호스팩,2024-Q3,ar
473950,에스케이증권제13호스팩,2025-Q3,revenue
473950,에스케이증권제13호스팩,2024-Q3,cogs
473950,에스케이증권제13호스팩,2024-Q4,inventory
473950,에스케이증권제13호스팩,2025-Q1,capex
473950,에스케이증권제13호스팩,2024-Q4,current_liab
473950,에스케이증권제13호스팩,2025-Q2,ap
455910,에스케이증권제9호스팩,2023-Q3,cogs
455910,에스케이증권제9호스팩,2024-Q3,ap
455910,에스케이증권제9호스팩,2023-Q3,ar
455910,에스케이증권제9호스팩,2024-Q2,capex
455910,에스케이증권제9호스팩,2024-Q4,capex
455910,에스케이증권제9호스팩,2025-Q2,revenue
455910,에스케이증권제9호스팩,2025-Q1,ar
455910,에스케이증권제9호스팩,2024-Q3,revenue
455910,에스케이증권제9호스팩,2025-Q1,cogs
455910,에스케이증권제9호스팩,2025-Q3,inventory
455910,에스케이증권제9호스팩,2023-Q4,inventory
455910,에스케이증권제9호스팩,2024-Q1,ap
455910,에스케이증권제9호스팩,2023-Q3,ap
455910,에스케이증권제9호스팩,2024-Q4,cogs
455910,에스케이증권제9호스팩,2024-Q2,ar
455910,에스케이증권제9호스팩,2024-Q4,ar
455910,에스케이증권제9호스팩,2024-Q1,revenue
455910,에스케이증권제9호스팩,2023-Q4,current_liab
455910,에스케이증권제9호스팩,2023-Q3,revenue
455910,에스케이증권제9호스팩,2024-Q2,cogs
455910,에스케이증권제9호스팩,2025-Q1,ap
455910,에스케이증권제9호스팩,2025-Q3,capex
455910,에스케이증권제9호스팩,2023-Q4,capex
455910,에스케이증권제9호스팩,2025-Q1,revenue
455910,에스케이증권제9호스팩,2025-Q2,inventory
455910,에스케이증권제9호스팩,2024-Q2,ap
455910,에스케이증권제9호스팩,2024-Q4,ap
455910,에스케이증권제9호스팩,2024-Q3,inventory
455910,에스케이증권제9호스팩,2025-Q2,ap
455910,에스케이증권제9호스팩,2024-Q2,revenue
455910,에스케이증권제9호스팩,2024-Q4,revenue
455910,에스케이증권제9호스팩,2025-Q2,current_liab
455910,에스케이증권제9호스팩,2025-Q3,cogs
455910,에스케이증권제9호스팩,2023-Q4,cogs
455910,에스케이증권제9호스팩,2025-Q3,ar
455910,에스케이증권제9호스팩,2025-Q2,capex
455910,에스케이증권제9호스팩,2023-Q4,ar
455910,에스케이증권제9호스팩,2024-Q1,inventory
455910,에스케이증권제9호스팩,2024-Q3,capex
455910,에스케이증권제9호스팩,2023-Q3,inventory
455910,에스케이증권제9호스팩,2025-Q1,inventory
455910,에스케이증권제9호스팩,2025-Q3,ap
455910,에스케이증권제9호스팩,2023-Q4,ap
455910,에스케이증권제9호스팩,2025-Q2,ar
455910,에스케이증권제9호스팩,2024-Q1,capex
455910,에스케이증권제9호스팩,2025-Q2,cogs
455910,에스케이증권제9호스팩,2024-Q3,ar
455910,에스케이증권제9호스팩,2025-Q3,revenue
455910,에스케이증권제9호스팩,2023-Q4,revenue
455910,에스케이증권제9호스팩,2024-Q2,inventory
455910,에스케이증권제9호스팩,2023-Q3,capex
455910,에스케이증권제9호스팩,2024-Q3,cogs
455910,에스케이증권제9호스팩,2024-Q4,inventory
455910,에스케이증권제9호스팩,2025-Q1,capex
455910,에스케이증권제9호스팩,2024-Q4,current_liab
455910,에스케이증권제9호스팩,2024-Q1,ar
455910,에스케이증권제9호스팩,2024-Q1,cogs
443670,에스피소프트,2024-Q1,capex
443670,에스피소프트,2024-Q2,capex
443670,에스피소프트,2024-Q4,capex
443670,에스피소프트,2025-Q2,capex
443670,에스피소프트,2024-Q2,inventory
443670,에스피소프트,2024-Q4,inventory
443670,에스피소프트,2024-Q1,inventory
443670,에스피소프트,2024-Q3,capex
443670,에스피소프트,2025-Q3,capex
443670,에스피소프트,2023-Q4,capex
443670,에스피소프트,2025-Q2,inventory
443670,에스피소프트,2025-Q1,capex
443670,에스피소프트,2023-Q4,inventory
443670,에스피소프트,2025-Q3,inventory
443670,에스피소프트,2024-Q3,inventory
443670,에스피소프트,2025-Q1,inventory
096630,에스코넥,2023-Q4,interest_expense
096630,에스코넥,2025-Q1,interest_expense
096630,에스코넥,2021-Q2,interest_expense
096630,에스코넥,2021-Q3,interest_expense
096630,에스코넥,2025-Q3,interest_expense
096630,에스코넥,2023-Q1,interest_expense
096630,에스코넥,2022-Q2,interest_expense
096630,에스코넥,2021-Q4,interest_expense
096630,에스코넥,2022-Q3,interest_expense
096630,에스코넥,2024-Q1,interest_expense
096630,에스코넥,2024-Q4,interest_expense
096630,에스코넥,2022-Q1,interest_expense
096630,에스코넥,2023-Q3,interest_expense
096630,에스코넥,2023-Q2,interest_expense
096630,에스코넥,2022-Q4,interest_expense
096630,에스코넥,2024-Q2,interest_expense
096630,에스코넥,2025-Q2,interest_expense
096630,에스코넥,2024-Q3,interest_expense
234300,에스트래픽,2022-Q3,capex
234300,에스트래픽,2023-Q1,capex
234300,에스트래픽,2024-Q2,capex
234300,에스트래픽,2024-Q4,capex
234300,에스트래픽,2022-Q4,capex
234300,에스트래픽,2021-Q2,capex
234300,에스트래픽,2021-Q3,capex
234300,에스트래픽,2020-Q1,capex
234300,에스트래픽,2021-Q1,capex
234300,에스트래픽,2020-Q3,capex
234300,에스트래픽,2025-Q3,capex
234300,에스트래픽,2023-Q4,capex
234300,에스트래픽,2021-Q4,capex
234300,에스트래픽,2020-Q4,capex
234300,에스트래픽,2025-Q2,capex
234300,에스트래픽,2024-Q3,capex
234300,에스트래픽,2024-Q1,capex
234300,에스트래픽,2022-Q1,capex
234300,에스트래픽,2020-Q2,capex
234300,에스트래픽,2023-Q2,capex
234300,에스트래픽,2023-Q3,capex
234300,에스트래픽,2025-Q1,capex
234300,에스트래픽,2022-Q2,capex
052020,에스티큐브,2022-Q3,capex
052020,에스티큐브,2023-Q1,capex
052020,에스티큐브,2024-Q2,capex
052020,에스티큐브,2024-Q4,capex
052020,에스티큐브,2022-Q4,capex
052020,에스티큐브,2021-Q2,capex
052020,에스티큐브,2021-Q3,capex
052020,에스티큐브,2020-Q1,capex
052020,에스티큐브,2021-Q1,capex
052020,에스티큐브,2020-Q3,capex
052020,에스티큐브,2023-Q4,capex
052020,에스티큐브,2021-Q4,capex
052020,에스티큐브,2020-Q4,capex
052020,에스티큐브,2024-Q3,capex
052020,에스티큐브,2024-Q1,capex
052020,에스티큐브,2022-Q1,capex
052020,에스티큐브,2020-Q2,capex
052020,에스티큐브,2023-Q2,capex
052020,에스티큐브,2023-Q3,capex
052020,에스티큐브,2025-Q1,capex
052020,에스티큐브,2022-Q2,capex
288620,에스퓨얼셀,2021-Q1,ap
288620,에스퓨얼셀,2020-Q4,ap
288620,에스퓨얼셀,2021-Q2,ap
058610,에스피지,2020-Q2,ap
203400,에이비온,2022-Q3,inventory
203400,에이비온,2021-Q3,inventory
203400,에이비온,2023-Q1,inventory
203400,에이비온,2022-Q2,inventory
203400,에이비온,2021-Q4,inventory
203400,에이비온,2023-Q2,inventory
203400,에이비온,2024-Q2,inventory
203400,에이비온,2024-Q1,inventory
203400,에이비온,2024-Q4,inventory
203400,에이비온,2022-Q1,inventory
203400,에이비온,2023-Q3,inventory
203400,에이비온,2022-Q4,inventory
203400,에이비온,2025-Q2,inventory
203400,에이비온,2025-Q3,inventory
203400,에이비온,2023-Q4,inventory
203400,에이비온,2024-Q3,inventory
203400,에이비온,2025-Q1,inventory
298380,에이비엘바이오,2023-Q1,capex
298380,에이비엘바이오,2023-Q2,cogs
298380,에이비엘바이오,2024-Q4,capex
298380,에이비엘바이오,2020-Q3,inventory
298380,에이비엘바이오,2020-Q2,ap
298380,에이비엘바이오,2023-Q2,ap
298380,에이비엘바이오,2022-Q1,ap
298380,에이비엘바이오,2023-Q3,ap
298380,에이비엘바이오,2022-Q3,cogs
298380,에이비엘바이오,2022-Q4,cogs
298380,에이비엘바이오,2020-Q3,capex
298380,에이비엘바이오,2025-Q1,ap
298380,에이비엘바이오,2021-Q2,cogs
298380,에이비엘바이오,2021-Q3,cogs
298380,에이비엘바이오,2024-Q3,inventory
298380,에이비엘바이오,2021-Q4,capex
298380,에이비엘바이오,2020-Q1,ap
298380,에이비엘바이오,2025-Q3,ap
298380,에이비엘바이오,2022-Q1,capex
298380,에이비엘바이오,2025-Q1,capex
298380,에이비엘바이오,2020-Q4,ap
298380,에이비엘바이오,2021-Q1,inventory
298380,에이비엘바이오,2020-Q1,inventory
298380,에이비엘바이오,2025-Q2,ap
298380,에이비엘바이오,2023-Q4,inventory
298380,에이비엘바이오,2024-Q1,ap
298380,에이비엘바이오,2023-Q1,cogs
298380,에이비엘바이오,2022-Q2,cogs
298380,에이비엘바이오,2020-Q1,capex
298380,에이비엘바이오,2021-Q1,capex
298380,에이비엘바이오,2024-Q4,cogs
298380,에이비엘바이오,2024-Q2,cogs
298380,에이비엘바이오,2021-Q4,inventory
298380,에이비엘바이오,2023-Q4,capex
298380,에이비엘바이오,2024-Q2,ap
298380,에이비엘바이오,2022-Q3,ap
298380,에이비엘바이오,2020-Q3,cogs
298380,에이비엘바이오,2022-Q4,ap
298380,에이비엘바이오,2020-Q4,capex
298380,에이비엘바이오,2020-Q2,inventory
298380,에이비엘바이오,2023-Q2,inventory
298380,에이비엘바이오,2025-Q2,capex
298380,에이비엘바이오,2021-Q2,ap
298380,에이비엘바이오,2021-Q3,ap
298380,에이비엘바이오,2022-Q1,inventory
298380,에이비엘바이오,2023-Q3,inventory
298380,에이비엘바이오,2025-Q1,inventory
298380,에이비엘바이오,2024-Q1,capex
298380,에이비엘바이오,2022-Q3,inventory
298380,에이비엘바이오,2020-Q2,capex
298380,에이비엘바이오,2023-Q2,capex
298380,에이비엘바이오,2024-Q3,cogs
298380,에이비엘바이오,2023-Q3,capex
298380,에이비엘바이오,2022-Q3,capex
298380,에이비엘바이오,2025-Q3,inventory
298380,에이비엘바이오,2021-Q2,capex
298380,에이비엘바이오,2021-Q3,capex
298380,에이비엘바이오,2021-Q1,cogs
298380,에이비엘바이오,2020-Q4,inventory
298380,에이비엘바이오,2022-Q2,ap
298380,에이비엘바이오,2023-Q1,ap
298380,에이비엘바이오,2025-Q2,inventory
298380,에이비엘바이오,2025-Q3,capex
298380,에이비엘바이오,2024-Q4,ap
298380,에이비엘바이오,2023-Q4,cogs
298380,에이비엘바이오,2024-Q1,inventory
298380,에이비엘바이오,2020-Q3,ap
298380,에이비엘바이오,2021-Q4,cogs
298380,에이비엘바이오,2024-Q2,inventory
298380,에이비엘바이오,2022-Q4,inventory
298380,에이비엘바이오,2020-Q2,cogs
298380,에이비엘바이오,2022-Q2,capex
298380,에이비엘바이오,2022-Q1,cogs
298380,에이비엘바이오,2023-Q3,cogs
298380,에이비엘바이오,2021-Q2,inventory
298380,에이비엘바이오,2021-Q3,inventory
298380,에이비엘바이오,2024-Q3,ap
298380,에이비엘바이오,2024-Q2,capex
298380,에이비엘바이오,2022-Q4,capex
298380,에이비엘바이오,2025-Q1,cogs
298380,에이비엘바이오,2020-Q1,cogs
298380,에이비엘바이오,2025-Q3,cogs
298380,에이비엘바이오,2021-Q1,ap
298380,에이비엘바이오,2024-Q3,capex
298380,에이비엘바이오,2023-Q4,ap
298380,에이비엘바이오,2020-Q4,cogs
298380,에이비엘바이오,2025-Q2,cogs
298380,에이비엘바이오,2023-Q1,inventory
298380,에이비엘바이오,2022-Q2,inventory
298380,에이비엘바이오,2024-Q4,inventory
298380,에이비엘바이오,2021-Q4,ap
298380,에이비엘바이오,2024-Q1,cogs
200710,에이디테크놀로지,2025-Q3,ap
200710,에이디테크놀로지,2025-Q2,ap
453860,에이에스텍,2025-Q2,net_income
481070,에이유브랜즈,2024-Q4,capex
481070,에이유브랜즈,2025-Q2,capex
481070,에이유브랜즈,2025-Q1,capex
481070,에이유브랜즈,2025-Q3,capex
195990,에이비프로바이오,2023-Q4,interest_expense
195990,에이비프로바이오,2021-Q1,ap
195990,에이비프로바이오,2024-Q3,interest_expense
195990,에이비프로바이오,2021-Q2,ap
195990,에이비프로바이오,2021-Q3,ap
195990,에이비프로바이오,2020-Q1,ap
195990,에이비프로바이오,2024-Q1,interest_expense
195990,에이비프로바이오,2020-Q3,ap
195990,에이비프로바이오,2020-Q2,ap
195990,에이비프로바이오,2024-Q2,interest_expense
195990,에이비프로바이오,2020-Q4,ap
241840,에이스토리,2024-Q1,capex
241840,에이스토리,2023-Q1,capex
241840,에이스토리,2023-Q2,capex
241840,에이스토리,2024-Q2,capex
241840,에이스토리,2024-Q4,capex
241840,에이스토리,2025-Q1,ap
241840,에이스토리,2024-Q3,capex
241840,에이스토리,2022-Q2,ap
241840,에이스토리,2025-Q1,capex
241840,에이스토리,2022-Q3,ap
172670,에이엘티,2021-Q4,capex
172670,에이엘티,2022-Q2,capex
172670,에이엘티,2022-Q3,capex
172670,에이엘티,2022-Q1,capex
477340,에이치엠씨제7호스팩,2024-Q3,ap
477340,에이치엠씨제7호스팩,2024-Q2,capex
477340,에이치엠씨제7호스팩,2024-Q4,capex
477340,에이치엠씨제7호스팩,2025-Q1,ar
477340,에이치엠씨제7호스팩,2025-Q1,cogs
477340,에이치엠씨제7호스팩,2025-Q3,inventory
477340,에이치엠씨제7호스팩,2024-Q4,cogs
477340,에이치엠씨제7호스팩,2024-Q2,ar
477340,에이치엠씨제7호스팩,2024-Q4,ar
477340,에이치엠씨제7호스팩,2024-Q2,cogs
477340,에이치엠씨제7호스팩,2025-Q1,ap
477340,에이치엠씨제7호스팩,2025-Q3,capex
477340,에이치엠씨제7호스팩,2025-Q2,inventory
477340,에이치엠씨제7호스팩,2024-Q2,ap
477340,에이치엠씨제7호스팩,2024-Q2,cfo
477340,에이치엠씨제7호스팩,2024-Q4,ap
477340,에이치엠씨제7호스팩,2024-Q3,inventory
477340,에이치엠씨제7호스팩,2025-Q3,cogs
477340,에이치엠씨제7호스팩,2025-Q3,ar
477340,에이치엠씨제7호스팩,2025-Q2,capex
477340,에이치엠씨제7호스팩,2024-Q3,capex
477340,에이치엠씨제7호스팩,2025-Q1,inventory
477340,에이치엠씨제7호스팩,2025-Q3,ap
477340,에이치엠씨제7호스팩,2025-Q2,ar
477340,에이치엠씨제7호스팩,2025-Q2,cogs
477340,에이치엠씨제7호스팩,2024-Q3,ar
477340,에이치엠씨제7호스팩,2024-Q2,inventory
477340,에이치엠씨제7호스팩,2024-Q3,cogs
477340,에이치엠씨제7호스팩,2024-Q4,inventory
477340,에이치엠씨제7호스팩,2025-Q1,capex
477340,에이치엠씨제7호스팩,2024-Q2,interest_expense
477340,에이치엠씨제7호스팩,2025-Q2,ap
462020,에이치엠씨제6호스팩,2024-Q3,ap
462020,에이치엠씨제6호스팩,2024-Q2,capex
462020,에이치엠씨제6호스팩,2024-Q4,capex
462020,에이치엠씨제6호스팩,2025-Q1,ar
462020,에이치엠씨제6호스팩,2025-Q1,cogs
462020,에이치엠씨제6호스팩,2025-Q3,inventory
462020,에이치엠씨제6호스팩,2023-Q4,inventory
462020,에이치엠씨제6호스팩,2024-Q1,ap
462020,에이치엠씨제6호스팩,2024-Q4,cogs
462020,에이치엠씨제6호스팩,2024-Q2,ar
462020,에이치엠씨제6호스팩,2023-Q4,interest_expense
462020,에이치엠씨제6호스팩,2024-Q4,ar
462020,에이치엠씨제6호스팩,2023-Q4,current_liab
462020,에이치엠씨제6호스팩,2024-Q2,cogs
462020,에이치엠씨제6호스팩,2025-Q1,ap
462020,에이치엠씨제6호스팩,2025-Q3,capex
462020,에이치엠씨제6호스팩,2023-Q4,capex
462020,에이치엠씨제6호스팩,2025-Q2,inventory
462020,에이치엠씨제6호스팩,2023-Q4,op_income
462020,에이치엠씨제6호스팩,2024-Q2,ap
462020,에이치엠씨제6호스팩,2024-Q4,ap
462020,에이치엠씨제6호스팩,2024-Q3,inventory
462020,에이치엠씨제6호스팩,2023-Q4,current_assets
462020,에이치엠씨제6호스팩,2025-Q2,ap
462020,에이치엠씨제6호스팩,2025-Q3,cogs
462020,에이치엠씨제6호스팩,2023-Q4,cogs
462020,에이치엠씨제6호스팩,2025-Q3,ar
462020,에이치엠씨제6호스팩,2025-Q2,capex
462020,에이치엠씨제6호스팩,2023-Q4,ar
462020,에이치엠씨제6호스팩,2024-Q1,inventory
462020,에이치엠씨제6호스팩,2024-Q3,capex
462020,에이치엠씨제6호스팩,2024-Q1,current_liab
462020,에이치엠씨제6호스팩,2025-Q1,inventory
462020,에이치엠씨제6호스팩,2025-Q3,ap
462020,에이치엠씨제6호스팩,2023-Q4,ap
462020,에이치엠씨제6호스팩,2025-Q2,ar
462020,에이치엠씨제6호스팩,2024-Q1,capex
462020,에이치엠씨제6호스팩,2024-Q1,op_income
462020,에이치엠씨제6호스팩,2024-Q3,ar
462020,에이치엠씨제6호스팩,2025-Q2,cogs
462020,에이치엠씨제6호스팩,2024-Q2,inventory
462020,에이치엠씨제6호스팩,2024-Q3,cogs
462020,에이치엠씨제6호스팩,2024-Q4,inventory
462020,에이치엠씨제6호스팩,2025-Q1,capex
462020,에이치엠씨제6호스팩,2024-Q1,current_assets
462020,에이치엠씨제6호스팩,2024-Q1,ar
462020,에이치엠씨제6호스팩,2024-Q1,cogs
355690,에이텀,2024-Q1,ap
355690,에이텀,2024-Q4,ap
148930,에이치와이티씨,2022-Q3,capex
148930,에이치와이티씨,2024-Q1,capex
148930,에이치와이티씨,2023-Q1,capex
148930,에이치와이티씨,2024-Q3,capex
148930,에이치와이티씨,2022-Q4,capex
148930,에이치와이티씨,2025-Q3,capex
072990,에이치시티,2024-Q3,ap
072990,에이치시티,2020-Q2,ap
072990,에이치시티,2023-Q2,ap
072990,에이치시티,2024-Q1,ap
072990,에이치시티,2023-Q3,ap
072990,에이치시티,2022-Q1,ap
072990,에이치시티,2020-Q1,capex
072990,에이치시티,2025-Q1,ap
072990,에이치시티,2023-Q1,ap
072990,에이치시티,2022-Q2,ap
072990,에이치시티,2024-Q2,ap
072990,에이치시티,2022-Q3,ap
072990,에이치시티,2024-Q4,ap
072990,에이치시티,2022-Q4,ap
072990,에이치시티,2021-Q1,ap
072990,에이치시티,2021-Q2,ap
072990,에이치시티,2021-Q3,ap
072990,에이치시티,2020-Q1,ap
072990,에이치시티,2020-Q3,ap
072990,에이치시티,2025-Q3,ap
072990,에이치시티,2023-Q4,ap
072990,에이치시티,2021-Q4,ap
072990,에이치시티,2020-Q4,ap
072990,에이치시티,2025-Q2,ap
376270,에이치이엠파마,2023-Q4,ap
376270,에이치이엠파마,2024-Q3,ap
376270,에이치이엠파마,2024-Q4,ap
376270,에이치이엠파마,2025-Q1,ap
376270,에이치이엠파마,2025-Q3,ap
376270,에이치이엠파마,2023-Q1,ap
376270,에이치이엠파마,2022-Q2,ap
376270,에이치이엠파마,2021-Q4,ap
376270,에이치이엠파마,2023-Q2,ap
376270,에이치이엠파마,2022-Q3,ap
376270,에이치이엠파마,2023-Q3,ap
376270,에이치이엠파마,2024-Q2,ap
376270,에이치이엠파마,2022-Q1,ap
376270,에이치이엠파마,2024-Q1,ap
376270,에이치이엠파마,2022-Q4,ap
376270,에이치이엠파마,2025-Q2,ap
397030,에이프릴바이오,2023-Q2,ar
397030,에이프릴바이오,2022-Q3,capex
397030,에이프릴바이오,2023-Q3,cogs
397030,에이프릴바이오,2023-Q1,capex
397030,에이프릴바이오,2023-Q2,cogs
397030,에이프릴바이오,2023-Q3,ar
397030,에이프릴바이오,2024-Q3,ap
397030,에이프릴바이오,2025-Q2,revenue
397030,에이프릴바이오,2024-Q3,revenue
397030,에이프릴바이오,2022-Q4,capex
397030,에이프릴바이오,2025-Q1,cogs
397030,에이프릴바이오,2025-Q3,inventory
397030,에이프릴바이오,2023-Q2,ap
397030,에이프릴바이오,2023-Q4,inventory
397030,에이프릴바이오,2024-Q1,ap
397030,에이프릴바이오,2023-Q1,cogs
397030,에이프릴바이오,2022-Q3,ar
397030,에이프릴바이오,2023-Q3,ap
397030,에이프릴바이오,2023-Q1,ar
397030,에이프릴바이오,2022-Q3,cogs
397030,에이프릴바이오,2024-Q4,cogs
397030,에이프릴바이오,2023-Q2,revenue
397030,에이프릴바이오,2024-Q4,ar
397030,에이프릴바이오,2024-Q1,revenue
397030,에이프릴바이오,2024-Q2,cogs
397030,에이프릴바이오,2022-Q4,cogs
397030,에이프릴바이오,2023-Q3,revenue
397030,에이프릴바이오,2022-Q4,ar
397030,에이프릴바이오,2025-Q1,ap
397030,에이프릴바이오,2025-Q1,revenue
397030,에이프릴바이오,2025-Q2,inventory
397030,에이프릴바이오,2024-Q2,ap
397030,에이프릴바이오,2024-Q4,ap
397030,에이프릴바이오,2024-Q3,inventory
397030,에이프릴바이오,2023-Q1,revenue
397030,에이프릴바이오,2025-Q2,ap
397030,에이프릴바이오,2024-Q2,revenue
397030,에이프릴바이오,2024-Q4,revenue
397030,에이프릴바이오,2025-Q3,cogs
397030,에이프릴바이오,2022-Q4,revenue
397030,에이프릴바이오,2023-Q4,cogs
397030,에이프릴바이오,2025-Q3,ar
397030,에이프릴바이오,2023-Q2,inventory
397030,에이프릴바이오,2024-Q1,inventory
397030,에이프릴바이오,2023-Q3,inventory
397030,에이프릴바이오,2025-Q1,inventory
397030,에이프릴바이오,2025-Q3,ap
397030,에이프릴바이오,2023-Q4,ap
397030,에이프릴바이오,2025-Q2,ar
397030,에이프릴바이오,2022-Q3,inventory
397030,에이프릴바이오,2025-Q2,cogs
397030,에이프릴바이오,2023-Q1,inventory
397030,에이프릴바이오,2024-Q3,ar
397030,에이프릴바이오,2025-Q3,revenue
397030,에이프릴바이오,2023-Q4,revenue
397030,에이프릴바이오,2024-Q2,inventory
397030,에이프릴바이오,2024-Q3,cogs
397030,에이프릴바이오,2024-Q4,inventory
397030,에이프릴바이오,2022-Q4,inventory
397030,에이프릴바이오,2024-Q1,ar
397030,에이프릴바이오,2024-Q1,cogs
021080,에이티넘인베스트,2023-Q2,ar
021080,에이티넘인베스트,2022-Q2,capex
021080,에이티넘인베스트,2022-Q3,capex
021080,에이티넘인베스트,2021-Q2,inventory
021080,에이티넘인베스트,2021-Q3,inventory
021080,에이티넘인베스트,2023-Q1,capex
021080,에이티넘인베스트,2023-Q3,ar
021080,에이티넘인베스트,2024-Q2,capex
021080,에이티넘인베스트,2024-Q4,capex
021080,에이티넘인베스트,2020-Q3,inventory
021080,에이티넘인베스트,2025-Q1,ar
021080,에이티넘인베스트,2022-Q4,capex
021080,에이티넘인베스트,2025-Q3,inventory
021080,에이티넘인베스트,2022-Q2,ar
021080,에이티넘인베스트,2023-Q4,inventory
021080,에이티넘인베스트,2021-Q2,capex
021080,에이티넘인베스트,2021-Q3,capex
021080,에이티넘인베스트,2021-Q1,capex
021080,에이티넘인베스트,2020-Q1,capex
021080,에이티넘인베스트,2022-Q3,ar
021080,에이티넘인베스트,2023-Q1,ar
021080,에이티넘인베스트,2024-Q2,ar
021080,에이티넘인베스트,2024-Q4,ar
021080,에이티넘인베스트,2020-Q3,capex
021080,에이티넘인베스트,2022-Q4,ar
021080,에이티넘인베스트,2021-Q4,inventory
021080,에이티넘인베스트,2021-Q1,inventory
021080,에이티넘인베스트,2025-Q3,capex
021080,에이티넘인베스트,2020-Q4,inventory
021080,에이티넘인베스트,2021-Q2,ar
021080,에이티넘인베스트,2020-Q1,ar
021080,에이티넘인베스트,2021-Q1,ar
021080,에이티넘인베스트,2023-Q4,capex
021080,에이티넘인베스트,2025-Q2,inventory
021080,에이티넘인베스트,2024-Q3,inventory
021080,에이티넘인베스트,2021-Q3,ar
021080,에이티넘인베스트,2020-Q3,ar
021080,에이티넘인베스트,2021-Q4,capex
021080,에이티넘인베스트,2025-Q2,ap
021080,에이티넘인베스트,2020-Q4,capex
021080,에이티넘인베스트,2025-Q3,ar
021080,에이티넘인베스트,2020-Q2,inventory
021080,에이티넘인베스트,2023-Q2,inventory
021080,에이티넘인베스트,2023-Q4,ar
021080,에이티넘인베스트,2024-Q1,inventory
021080,에이티넘인베스트,2025-Q2,capex
021080,에이티넘인베스트,2024-Q3,capex
021080,에이티넘인베스트,2022-Q1,inventory
021080,에이티넘인베스트,2023-Q3,inventory
021080,에이티넘인베스트,2021-Q4,ar
021080,에이티넘인베스트,2020-Q4,ar
021080,에이티넘인베스트,2025-Q1,inventory
021080,에이티넘인베스트,2025-Q2,ar
021080,에이티넘인베스트,2024-Q1,capex
021080,에이티넘인베스트,2025-Q3,ap
021080,에이티넘인베스트,2022-Q3,inventory
021080,에이티넘인베스트,2022-Q1,capex
021080,에이티넘인베스트,2020-Q2,capex
021080,에이티넘인베스트,2022-Q2,inventory
021080,에이티넘인베스트,2023-Q1,inventory
021080,에이티넘인베스트,2023-Q2,capex
021080,에이티넘인베스트,2024-Q2,inventory
021080,에이티넘인베스트,2024-Q3,ar
021080,에이티넘인베스트,2023-Q3,capex
021080,에이티넘인베스트,2024-Q4,inventory
021080,에이티넘인베스트,2020-Q2,ar
021080,에이티넘인베스트,2022-Q4,inventory
021080,에이티넘인베스트,2025-Q1,capex
021080,에이티넘인베스트,2024-Q1,ar
021080,에이티넘인베스트,2022-Q1,ar
021080,에이티넘인베스트,2020-Q1,inventory
200470,에이팩트,2021-Q2,inventory
200470,에이팩트,2021-Q3,inventory
200470,에이팩트,2020-Q3,inventory
200470,에이팩트,2020-Q2,ap
200470,에이팩트,2022-Q1,ap
200470,에이팩트,2021-Q4,inventory
200470,에이팩트,2020-Q1,inventory
200470,에이팩트,2020-Q4,inventory
200470,에이팩트,2022-Q2,ap
200470,에이팩트,2022-Q3,ap
200470,에이팩트,2020-Q2,inventory
200470,에이팩트,2021-Q1,ap
200470,에이팩트,2021-Q2,ap
200470,에이팩트,2021-Q3,ap
200470,에이팩트,2020-Q1,ap
200470,에이팩트,2022-Q1,inventory
200470,에이팩트,2020-Q3,ap
200470,에이팩트,2022-Q3,inventory
200470,에이팩트,2022-Q2,inventory
200470,에이팩트,2021-Q4,ap
200470,에이팩트,2020-Q4,ap
200470,에이팩트,2022-Q2,capex
200470,에이팩트,2021-Q1,inventory
224110,에이텍모빌리티,2022-Q3,capex
224110,에이텍모빌리티,2023-Q1,capex
224110,에이텍모빌리티,2024-Q2,capex
224110,에이텍모빌리티,2024-Q4,capex
224110,에이텍모빌리티,2022-Q4,capex
224110,에이텍모빌리티,2021-Q2,capex
224110,에이텍모빌리티,2021-Q3,capex
224110,에이텍모빌리티,2020-Q1,capex
224110,에이텍모빌리티,2021-Q1,capex
224110,에이텍모빌리티,2020-Q3,capex
224110,에이텍모빌리티,2025-Q3,capex
224110,에이텍모빌리티,2023-Q4,capex
224110,에이텍모빌리티,2021-Q4,capex
224110,에이텍모빌리티,2020-Q4,capex
224110,에이텍모빌리티,2025-Q2,capex
224110,에이텍모빌리티,2024-Q3,capex
224110,에이텍모빌리티,2024-Q1,capex
224110,에이텍모빌리티,2022-Q1,capex
224110,에이텍모빌리티,2020-Q2,capex
224110,에이텍모빌리티,2023-Q2,capex
224110,에이텍모빌리티,2023-Q3,capex
224110,에이텍모빌리티,2025-Q1,capex
224110,에이텍모빌리티,2022-Q2,capex
159910,에코글로우,2021-Q2,capex
230240,에치에프알,2025-Q1,interest_expense
230360,에코마케팅,2022-Q1,cogs
230360,에코마케팅,2020-Q4,cogs
230360,에코마케팅,2021-Q1,cogs
230360,에코마케팅,2020-Q1,cogs
230360,에코마케팅,2020-Q3,cogs
230360,에코마케팅,2020-Q2,cogs
038870,에코바이오,2021-Q2,inventory
038870,에코바이오,2021-Q3,inventory
038870,에코바이오,2022-Q3,inventory
038870,에코바이오,2023-Q1,inventory
038870,에코바이오,2022-Q2,inventory
038870,에코바이오,2020-Q2,inventory
038870,에코바이오,2020-Q3,inventory
038870,에코바이오,2021-Q4,inventory
038870,에코바이오,2020-Q1,inventory
038870,에코바이오,2022-Q1,inventory
038870,에코바이오,2020-Q4,inventory
038870,에코바이오,2022-Q4,inventory
038870,에코바이오,2021-Q1,capex
038870,에코바이오,2021-Q1,inventory
097780,에코볼트,2024-Q1,ap
097780,에코볼트,2024-Q3,ap
097780,에코볼트,2024-Q2,ap
097780,에코볼트,2025-Q3,ap
383310,에코프로에이치엔,2022-Q2,capex
383310,에코프로에이치엔,2021-Q3,capex
383310,에코프로에이치엔,2022-Q3,capex
383310,에코프로에이치엔,2022-Q1,capex
128540,에코캡,2022-Q3,capex
128540,에코캡,2023-Q1,capex
128540,에코캡,2024-Q2,capex
128540,에코캡,2024-Q4,capex
128540,에코캡,2022-Q4,capex
128540,에코캡,2023-Q4,inventory
128540,에코캡,2024-Q1,ap
128540,에코캡,2021-Q2,capex
128540,에코캡,2021-Q3,capex
128540,에코캡,2021-Q1,capex
128540,에코캡,2025-Q1,ap
128540,에코캡,2025-Q3,capex
128540,에코캡,2023-Q4,capex
128540,에코캡,2024-Q2,ap
128540,에코캡,2024-Q4,ap
128540,에코캡,2021-Q4,capex
128540,에코캡,2020-Q4,capex
128540,에코캡,2025-Q2,capex
128540,에코캡,2024-Q1,inventory
128540,에코캡,2024-Q3,capex
128540,에코캡,2025-Q1,inventory
128540,에코캡,2023-Q4,ap
128540,에코캡,2024-Q1,capex
128540,에코캡,2022-Q1,capex
128540,에코캡,2023-Q2,capex
128540,에코캡,2024-Q2,inventory
128540,에코캡,2024-Q4,inventory
128540,에코캡,2023-Q3,capex
128540,에코캡,2025-Q1,capex
128540,에코캡,2024-Q4,net_income
128540,에코캡,2022-Q2,capex
247540,에코프로비엠,2021-Q4,capex
247540,에코프로비엠,2020-Q1,capex
247540,에코프로비엠,2022-Q3,capex
247540,에코프로비엠,2023-Q1,capex
247540,에코프로비엠,2022-Q1,capex
247540,에코프로비엠,2020-Q3,capex
247540,에코프로비엠,2020-Q4,capex
247540,에코프로비엠,2020-Q2,capex
247540,에코프로비엠,2023-Q2,capex
247540,에코프로비엠,2023-Q3,capex
247540,에코프로비엠,2025-Q3,ap
247540,에코프로비엠,2022-Q4,capex
247540,에코프로비엠,2021-Q2,capex
247540,에코프로비엠,2021-Q3,capex
247540,에코프로비엠,2021-Q1,capex
247540,에코프로비엠,2022-Q2,capex
247540,에코프로비엠,2025-Q2,ap
086520,에코프로,2021-Q4,capex
086520,에코프로,2022-Q1,capex
086520,에코프로,2020-Q3,capex
086520,에코프로,2020-Q4,capex
086520,에코프로,2020-Q2,capex
086520,에코프로,2021-Q2,ap
086520,에코프로,2021-Q3,ap
086520,에코프로,2023-Q1,ap
086520,에코프로,2022-Q2,ap
086520,에코프로,2022-Q1,ap
086520,에코프로,2021-Q2,capex
086520,에코프로,2021-Q3,capex
073540,에프알텍,2021-Q1,capex
038110,에코플라스틱,2025-Q1,ap
038110,에코플라스틱,2024-Q4,ap
064850,에프앤가이드,2022-Q1,cogs
064850,에프앤가이드,2023-Q3,cogs
064850,에프앤가이드,2021-Q2,inventory
064850,에프앤가이드,2021-Q3,inventory
064850,에프앤가이드,2023-Q2,cogs
064850,에프앤가이드,2020-Q3,inventory
064850,에프앤가이드,2025-Q1,cogs
064850,에프앤가이드,2025-Q3,inventory
064850,에프앤가이드,2023-Q2,ap
064850,에프앤가이드,2023-Q4,inventory
064850,에프앤가이드,2024-Q1,ap
064850,에프앤가이드,2023-Q1,cogs
064850,에프앤가이드,2022-Q2,cogs
064850,에프앤가이드,2022-Q1,ap
064850,에프앤가이드,2021-Q1,capex
064850,에프앤가이드,2023-Q3,ap
064850,에프앤가이드,2022-Q3,cogs
064850,에프앤가이드,2024-Q4,cogs
064850,에프앤가이드,2024-Q2,cogs
064850,에프앤가이드,2022-Q4,cogs
064850,에프앤가이드,2021-Q4,inventory
064850,에프앤가이드,2020-Q1,inventory
064850,에프앤가이드,2021-Q1,cogs
064850,에프앤가이드,2020-Q4,inventory
064850,에프앤가이드,2022-Q2,ap
064850,에프앤가이드,2023-Q1,ap
064850,에프앤가이드,2025-Q2,inventory
064850,에프앤가이드,2021-Q2,cogs
064850,에프앤가이드,2021-Q3,cogs
064850,에프앤가이드,2020-Q1,cogs
064850,에프앤가이드,2022-Q3,ap
064850,에프앤가이드,2024-Q2,ap
064850,에프앤가이드,2024-Q1,cogs
064850,에프앤가이드,2020-Q3,cogs
064850,에프앤가이드,2024-Q3,inventory
064850,에프앤가이드,2022-Q4,ap
064850,에프앤가이드,2025-Q3,cogs
064850,에프앤가이드,2023-Q4,cogs
064850,에프앤가이드,2021-Q1,ap
064850,에프앤가이드,2023-Q2,inventory
064850,에프앤가이드,2024-Q1,inventory
064850,에프앤가이드,2021-Q2,ap
064850,에프앤가이드,2021-Q3,ap
064850,에프앤가이드,2020-Q1,ap
064850,에프앤가이드,2022-Q1,inventory
064850,에프앤가이드,2023-Q3,inventory
064850,에프앤가이드,2021-Q4,cogs
064850,에프앤가이드,2025-Q1,inventory
064850,에프앤가이드,2023-Q4,ap
064850,에프앤가이드,2024-Q1,capex
064850,에프앤가이드,2020-Q4,cogs
064850,에프앤가이드,2022-Q3,inventory
064850,에프앤가이드,2025-Q2,cogs
064850,에프앤가이드,2023-Q1,inventory
064850,에프앤가이드,2022-Q2,inventory
064850,에프앤가이드,2024-Q2,inventory
064850,에프앤가이드,2024-Q3,cogs
064850,에프앤가이드,2024-Q4,inventory
064850,에프앤가이드,2022-Q4,inventory
064850,에프앤가이드,2021-Q4,ap
064850,에프앤가이드,2021-Q1,inventory
950130,엑세스바이오,2022-Q3,capex
950130,엑세스바이오,2023-Q1,capex
950130,엑세스바이오,2024-Q2,capex
950130,엑세스바이오,2024-Q4,capex
950130,엑세스바이오,2022-Q4,capex
950130,엑세스바이오,2021-Q2,capex
950130,엑세스바이오,2021-Q3,capex
950130,엑세스바이오,2020-Q1,capex
950130,엑세스바이오,2021-Q1,capex
950130,엑세스바이오,2020-Q3,capex
950130,엑세스바이오,2025-Q3,capex
950130,엑세스바이오,2023-Q4,capex
950130,엑세스바이오,2021-Q4,capex
950130,엑세스바이오,2020-Q4,capex
950130,엑세스바이오,2025-Q2,capex
950130,엑세스바이오,2024-Q3,capex
950130,엑세스바이오,2024-Q1,capex
950130,엑세스바이오,2022-Q1,capex
950130,엑세스바이오,2020-Q2,capex
950130,엑세스바이오,2023-Q2,capex
950130,엑세스바이오,2023-Q3,capex
950130,엑세스바이오,2025-Q1,capex
950130,엑세스바이오,2022-Q2,capex
475230,엔알비,2025-Q3,ap
475230,엔알비,2025-Q2,ap
373200,엑스플러스,2021-Q4,capex
373200,엑스플러스,2021-Q4,inventory
373200,엑스플러스,2021-Q4,ap
373200,엑스플러스,2021-Q4,current_liab
373200,엑스플러스,2021-Q4,cogs
373200,엑스플러스,2021-Q4,revenue
205100,엑셈,2025-Q1,inventory
205100,엑셈,2021-Q4,inventory
205100,엑셈,2023-Q2,inventory
205100,엑셈,2024-Q2,inventory
205100,엑셈,2024-Q4,inventory
205100,엑셈,2022-Q1,inventory
205100,엑셈,2022-Q4,inventory
205100,엑셈,2025-Q2,inventory
205100,엑셈,2024-Q3,inventory
205100,엑셈,2021-Q1,inventory
070300,엑스큐어,2024-Q2,capex
070300,엑스큐어,2024-Q1,capex
070300,엑스큐어,2020-Q1,capex
451700,엔에이치스팩29호,2023-Q3,cogs
451700,엔에이치스팩29호,2024-Q3,ap
451700,엔에이치스팩29호,2023-Q3,ar
451700,엔에이치스팩29호,2024-Q2,capex
451700,엔에이치스팩29호,2024-Q4,capex
451700,엔에이치스팩29호,2024-Q2,op_income
451700,엔에이치스팩29호,2025-Q1,ar
451700,엔에이치스팩29호,2024-Q3,revenue
451700,엔에이치스팩29호,2025-Q1,cogs
451700,엔에이치스팩29호,2024-Q2,current_assets
451700,엔에이치스팩29호,2025-Q3,inventory
451700,엔에이치스팩29호,2023-Q4,inventory
451700,엔에이치스팩29호,2024-Q1,ap
451700,엔에이치스팩29호,2023-Q3,ap
451700,엔에이치스팩29호,2024-Q4,cogs
451700,엔에이치스팩29호,2024-Q2,ar
451700,엔에이치스팩29호,2024-Q4,ar
451700,엔에이치스팩29호,2024-Q1,revenue
451700,엔에이치스팩29호,2023-Q4,current_liab
451700,엔에이치스팩29호,2023-Q3,revenue
451700,엔에이치스팩29호,2024-Q2,cogs
451700,엔에이치스팩29호,2025-Q1,ap
451700,엔에이치스팩29호,2025-Q3,capex
451700,엔에이치스팩29호,2023-Q4,capex
451700,엔에이치스팩29호,2025-Q2,inventory
451700,엔에이치스팩29호,2023-Q4,op_income
451700,엔에이치스팩29호,2024-Q2,ap
451700,엔에이치스팩29호,2024-Q4,ap
451700,엔에이치스팩29호,2024-Q3,inventory
451700,엔에이치스팩29호,2023-Q4,current_assets
451700,엔에이치스팩29호,2024-Q2,revenue
451700,엔에이치스팩29호,2025-Q2,ap
451700,엔에이치스팩29호,2025-Q3,cogs
451700,엔에이치스팩29호,2024-Q3,current_liab
451700,엔에이치스팩29호,2023-Q4,cogs
451700,엔에이치스팩29호,2025-Q3,ar
451700,엔에이치스팩29호,2025-Q2,capex
451700,엔에이치스팩29호,2023-Q4,ar
451700,엔에이치스팩29호,2024-Q1,inventory
451700,엔에이치스팩29호,2024-Q3,capex
451700,엔에이치스팩29호,2023-Q3,inventory
451700,엔에이치스팩29호,2024-Q3,op_income
451700,엔에이치스팩29호,2024-Q1,current_liab
451700,엔에이치스팩29호,2024-Q2,current_liab
451700,엔에이치스팩29호,2023-Q3,current_liab
451700,엔에이치스팩29호,2025-Q1,inventory
451700,엔에이치스팩29호,2025-Q3,ap
451700,엔에이치스팩29호,2023-Q4,ap
451700,엔에이치스팩29호,2024-Q3,current_assets
451700,엔에이치스팩29호,2024-Q1,capex
451700,엔에이치스팩29호,2025-Q2,ar
451700,엔에이치스팩29호,2024-Q1,op_income
451700,엔에이치스팩29호,2024-Q3,ar
451700,엔에이치스팩29호,2025-Q2,cogs
451700,엔에이치스팩29호,2025-Q3,revenue
451700,엔에이치스팩29호,2023-Q4,revenue
451700,엔에이치스팩29호,2024-Q2,inventory
451700,엔에이치스팩29호,2023-Q3,capex
451700,엔에이치스팩29호,2024-Q3,cogs
451700,엔에이치스팩29호,2024-Q4,inventory
451700,엔에이치스팩29호,2023-Q3,op_income
451700,엔에이치스팩29호,2025-Q1,capex
451700,엔에이치스팩29호,2024-Q1,current_assets
451700,엔에이치스팩29호,2023-Q3,current_assets
451700,엔에이치스팩29호,2024-Q1,ar
451700,엔에이치스팩29호,2024-Q1,cogs
481890,엔에이치스팩31호,2024-Q3,ap
481890,엔에이치스팩31호,2024-Q4,capex
481890,엔에이치스팩31호,2025-Q1,ar
481890,엔에이치스팩31호,2024-Q3,revenue
481890,엔에이치스팩31호,2025-Q1,cogs
481890,엔에이치스팩31호,2025-Q3,inventory
481890,엔에이치스팩31호,2024-Q4,cogs
481890,엔에이치스팩31호,2024-Q4,ar
481890,엔에이치스팩31호,2025-Q1,ap
481890,엔에이치스팩31호,2025-Q3,capex
481890,엔에이치스팩31호,2025-Q2,inventory
481890,엔에이치스팩31호,2024-Q4,ap
481890,엔에이치스팩31호,2024-Q3,inventory
481890,엔에이치스팩31호,2025-Q3,cogs
481890,엔에이치스팩31호,2024-Q3,current_liab
481890,엔에이치스팩31호,2025-Q3,ar
481890,엔에이치스팩31호,2025-Q2,capex
481890,엔에이치스팩31호,2024-Q3,capex
481890,엔에이치스팩31호,2024-Q3,op_income
481890,엔에이치스팩31호,2025-Q1,inventory
481890,엔에이치스팩31호,2025-Q3,ap
481890,엔에이치스팩31호,2024-Q3,current_assets
481890,엔에이치스팩31호,2025-Q2,ar
481890,엔에이치스팩31호,2025-Q2,cogs
481890,엔에이치스팩31호,2024-Q3,ar
481890,엔에이치스팩31호,2024-Q3,cogs
481890,엔에이치스팩31호,2024-Q4,inventory
481890,엔에이치스팩31호,2025-Q1,capex
481890,엔에이치스팩31호,2025-Q2,ap
466910,엔에이치스팩30호,2024-Q3,ap
466910,엔에이치스팩30호,2024-Q2,capex
466910,엔에이치스팩30호,2024-Q4,capex
466910,엔에이치스팩30호,2024-Q2,op_income
466910,엔에이치스팩30호,2025-Q1,ar
466910,엔에이치스팩30호,2024-Q3,revenue
466910,엔에이치스팩30호,2025-Q1,cogs
466910,엔에이치스팩30호,2024-Q2,current_assets
466910,엔에이치스팩30호,2025-Q3,inventory
466910,엔에이치스팩30호,2023-Q4,inventory
466910,엔에이치스팩30호,2024-Q1,ap
466910,엔에이치스팩30호,2024-Q4,cogs
466910,엔에이치스팩30호,2024-Q2,ar
466910,엔에이치스팩30호,2024-Q4,ar
466910,엔에이치스팩30호,2024-Q1,revenue
466910,엔에이치스팩30호,2023-Q4,current_liab
466910,엔에이치스팩30호,2024-Q2,cogs
466910,엔에이치스팩30호,2025-Q1,ap
466910,엔에이치스팩30호,2025-Q3,capex
466910,엔에이치스팩30호,2023-Q4,capex
466910,엔에이치스팩30호,2025-Q2,inventory
466910,엔에이치스팩30호,2023-Q4,op_income
466910,엔에이치스팩30호,2024-Q2,ap
466910,엔에이치스팩30호,2024-Q4,ap
466910,엔에이치스팩30호,2024-Q3,inventory
466910,엔에이치스팩30호,2023-Q4,current_assets
466910,엔에이치스팩30호,2024-Q2,revenue
466910,엔에이치스팩30호,2025-Q2,ap
466910,엔에이치스팩30호,2025-Q3,cogs
466910,엔에이치스팩30호,2024-Q3,current_liab
466910,엔에이치스팩30호,2023-Q4,cogs
466910,엔에이치스팩30호,2025-Q3,ar
466910,엔에이치스팩30호,2025-Q2,capex
466910,엔에이치스팩30호,2023-Q4,ar
466910,엔에이치스팩30호,2024-Q1,inventory
466910,엔에이치스팩30호,2024-Q3,capex
466910,엔에이치스팩30호,2024-Q3,op_income
466910,엔에이치스팩30호,2024-Q1,current_liab
466910,엔에이치스팩30호,2025-Q1,inventory
466910,엔에이치스팩30호,2025-Q3,ap
466910,엔에이치스팩30호,2023-Q4,ap
466910,엔에이치스팩30호,2024-Q3,current_assets
466910,엔에이치스팩30호,2024-Q1,capex
466910,엔에이치스팩30호,2025-Q2,ar
466910,엔에이치스팩30호,2024-Q1,op_income
466910,엔에이치스팩30호,2024-Q3,ar
466910,엔에이치스팩30호,2025-Q2,cogs
466910,엔에이치스팩30호,2023-Q4,revenue
466910,엔에이치스팩30호,2024-Q2,inventory
466910,엔에이치스팩30호,2024-Q3,cogs
466910,엔에이치스팩30호,2024-Q4,inventory
466910,엔에이치스팩30호,2025-Q1,capex
466910,엔에이치스팩30호,2024-Q1,current_assets
466910,엔에이치스팩30호,2024-Q2,current_liab
466910,엔에이치스팩30호,2024-Q1,ar
466910,엔에이치스팩30호,2024-Q1,cogs
236810,엔비티,2022-Q1,cogs
236810,엔비티,2023-Q3,cogs
236810,엔비티,2023-Q2,cogs
236810,엔비티,2020-Q4,revenue
236810,엔비티,2025-Q2,revenue
236810,엔비티,2024-Q3,revenue
236810,엔비티,2025-Q1,cogs
236810,엔비티,2023-Q1,cogs
236810,엔비티,2022-Q2,cogs
236810,엔비티,2022-Q3,cogs
236810,엔비티,2024-Q4,cogs
236810,엔비티,2023-Q2,revenue
236810,엔비티,2024-Q1,revenue
236810,엔비티,2024-Q2,cogs
236810,엔비티,2022-Q1,revenue
236810,엔비티,2022-Q4,cogs
236810,엔비티,2023-Q3,revenue
236810,엔비티,2021-Q1,cogs
236810,엔비티,2025-Q1,revenue
236810,엔비티,2021-Q2,cogs
236810,엔비티,2021-Q3,cogs
236810,엔비티,2024-Q1,cogs
236810,엔비티,2023-Q1,revenue
236810,엔비티,2022-Q2,revenue
236810,엔비티,2024-Q2,revenue
236810,엔비티,2022-Q3,revenue
236810,엔비티,2024-Q4,revenue
236810,엔비티,2025-Q3,cogs
236810,엔비티,2022-Q4,revenue
236810,엔비티,2023-Q4,cogs
236810,엔비티,2021-Q1,revenue
236810,엔비티,2021-Q2,revenue
236810,엔비티,2021-Q3,revenue
236810,엔비티,2021-Q4,cogs
236810,엔비티,2020-Q4,cogs
236810,엔비티,2025-Q2,cogs
236810,엔비티,2025-Q3,revenue
236810,엔비티,2023-Q4,revenue
236810,엔비티,2024-Q3,cogs
236810,엔비티,2021-Q4,revenue
078860,엔에스이엔엠,2021-Q4,capex
078860,엔에스이엔엠,2021-Q1,capex
078860,엔에스이엔엠,2022-Q3,capex
078860,엔에스이엔엠,2022-Q1,capex
078860,엔에스이엔엠,2020-Q3,capex
078860,엔에스이엔엠,2020-Q4,capex
078860,엔에스이엔엠,2020-Q2,capex
078860,엔에스이엔엠,2023-Q1,inventory
078860,엔에스이엔엠,2023-Q2,inventory
078860,엔에스이엔엠,2022-Q1,inventory
078860,엔에스이엔엠,2023-Q3,inventory
078860,엔에스이엔엠,2022-Q4,inventory
078860,엔에스이엔엠,2021-Q2,capex
078860,엔에스이엔엠,2021-Q3,capex
078860,엔에스이엔엠,2020-Q1,capex
078860,엔에스이엔엠,2022-Q2,capex
078860,엔에스이엔엠,2021-Q1,inventory
0041J0,엘에스스팩1호,2025-Q3,cogs
0041J0,엘에스스팩1호,2025-Q3,ar
0041J0,엘에스스팩1호,2025-Q3,capex
0041J0,엘에스스팩1호,2025-Q3,inventory
0041J0,엘에스스팩1호,2025-Q3,ap
208860,엔지스테크널러지,2023-Q2,ar
208860,엔지스테크널러지,2022-Q1,cogs
208860,엔지스테크널러지,2023-Q1,capex
208860,엔지스테크널러지,2023-Q3,ar
208860,엔지스테크널러지,2023-Q1,cogs
208860,엔지스테크널러지,2022-Q2,cogs
208860,엔지스테크널러지,2022-Q3,cogs
208860,엔지스테크널러지,2022-Q4,cogs
208860,엔지스테크널러지,2021-Q4,inventory
208860,엔지스테크널러지,2020-Q4,inventory
208860,엔지스테크널러지,2021-Q4,cogs
208860,엔지스테크널러지,2024-Q1,capex
208860,엔지스테크널러지,2020-Q4,cogs
208860,엔지스테크널러지,2022-Q3,inventory
208860,엔지스테크널러지,2023-Q1,inventory
208860,엔지스테크널러지,2022-Q2,inventory
208860,엔지스테크널러지,2023-Q2,capex
208860,엔지스테크널러지,2022-Q4,inventory
208860,엔지스테크널러지,2024-Q1,cogs
182400,엔케이맥스,2024-Q1,capex
182400,엔케이맥스,2025-Q1,capex
183490,엔지켐생명과학,2022-Q3,capex
183490,엔지켐생명과학,2023-Q1,capex
183490,엔지켐생명과학,2024-Q2,capex
183490,엔지켐생명과학,2024-Q4,capex
183490,엔지켐생명과학,2022-Q4,capex
183490,엔지켐생명과학,2021-Q2,capex
183490,엔지켐생명과학,2021-Q3,capex
183490,엔지켐생명과학,2020-Q1,capex
183490,엔지켐생명과학,2021-Q1,capex
183490,엔지켐생명과학,2020-Q3,capex
183490,엔지켐생명과학,2025-Q3,capex
183490,엔지켐생명과학,2023-Q4,capex
183490,엔지켐생명과학,2021-Q4,capex
183490,엔지켐생명과학,2020-Q4,capex
183490,엔지켐생명과학,2025-Q2,capex
183490,엔지켐생명과학,2024-Q3,capex
183490,엔지켐생명과학,2024-Q1,capex
183490,엔지켐생명과학,2022-Q1,capex
183490,엔지켐생명과학,2020-Q2,capex
183490,엔지켐생명과학,2023-Q2,capex
183490,엔지켐생명과학,2023-Q3,capex
183490,엔지켐생명과학,2025-Q1,capex
183490,엔지켐생명과학,2022-Q2,capex
069410,엔텔스,2020-Q3,inventory
069410,엔텔스,2025-Q3,inventory
069410,엔텔스,2020-Q2,ap
069410,엔텔스,2020-Q4,inventory
069410,엔텔스,2020-Q1,ar
069410,엔텔스,2021-Q1,ar
069410,엔텔스,2025-Q2,inventory
069410,엔텔스,2024-Q3,inventory
069410,엔텔스,2020-Q3,ar
069410,엔텔스,2020-Q2,inventory
069410,엔텔스,2021-Q1,ap
069410,엔텔스,2020-Q1,ap
069410,엔텔스,2020-Q3,ap
069410,엔텔스,2025-Q1,inventory
069410,엔텔스,2020-Q4,ar
069410,엔텔스,2024-Q2,inventory
069410,엔텔스,2024-Q4,inventory
069410,엔텔스,2020-Q2,ar
069410,엔텔스,2020-Q4,ap
069410,엔텔스,2020-Q1,inventory
227950,엔투텍,2020-Q1,capex
227950,엔투텍,2020-Q3,capex
291230,엔피,2021-Q3,inventory
291230,엔피,2020-Q4,revenue
291230,엔피,2025-Q2,revenue
291230,엔피,2020-Q3,inventory
291230,엔피,2024-Q3,revenue
291230,엔피,2025-Q1,cogs
291230,엔피,2020-Q2,ap
291230,엔피,2020-Q1,capex
291230,엔피,2024-Q4,cogs
291230,엔피,2020-Q2,revenue
291230,엔피,2024-Q1,revenue
291230,엔피,2024-Q2,cogs
291230,엔피,2020-Q3,capex
291230,엔피,2020-Q4,inventory
291230,엔피,2025-Q1,revenue
291230,엔피,2020-Q1,cogs
291230,엔피,2024-Q1,cogs
291230,엔피,2020-Q3,cogs
291230,엔피,2024-Q2,revenue
291230,엔피,2024-Q4,revenue
291230,엔피,2025-Q3,cogs
291230,엔피,2020-Q4,capex
291230,엔피,2023-Q4,cogs
291230,엔피,2020-Q2,inventory
291230,엔피,2020-Q1,ap
291230,엔피,2020-Q3,ap
291230,엔피,2020-Q1,revenue
291230,엔피,2020-Q3,revenue
291230,엔피,2020-Q4,cogs
291230,엔피,2025-Q2,cogs
291230,엔피,2020-Q2,capex
291230,엔피,2025-Q3,revenue
291230,엔피,2023-Q4,revenue
291230,엔피,2024-Q3,cogs
291230,엔피,2020-Q2,cogs
291230,엔피,2020-Q4,ap
291230,엔피,2020-Q1,inventory
226590,엠디바이스,2025-Q1,capex
373170,엠아이큐브솔루션,2024-Q2,inventory
373170,엠아이큐브솔루션,2024-Q4,inventory
373170,엠아이큐브솔루션,2024-Q1,inventory
373170,엠아이큐브솔루션,2023-Q3,inventory
373170,엠아이큐브솔루션,2025-Q2,inventory
373170,엠아이큐브솔루션,2025-Q3,inventory
373170,엠아이큐브솔루션,2023-Q4,inventory
373170,엠아이큐브솔루션,2024-Q3,inventory
373170,엠아이큐브솔루션,2025-Q1,inventory
432980,엠에프씨,2025-Q1,capex
058970,엠로,2021-Q3,inventory
058970,엠로,2022-Q3,inventory
058970,엠로,2023-Q1,inventory
058970,엠로,2022-Q2,inventory
058970,엠로,2021-Q4,inventory
058970,엠로,2023-Q2,inventory
058970,엠로,2024-Q2,inventory
058970,엠로,2024-Q1,inventory
058970,엠로,2024-Q4,inventory
058970,엠로,2022-Q1,inventory
058970,엠로,2023-Q3,inventory
058970,엠로,2020-Q4,inventory
058970,엠로,2022-Q4,inventory
058970,엠로,2025-Q2,inventory
058970,엠로,2025-Q3,inventory
058970,엠로,2023-Q4,inventory
058970,엠로,2024-Q3,inventory
058970,엠로,2025-Q1,inventory
413390,엠오티,2024-Q4,capex
413390,엠오티,2025-Q2,capex
413390,엠오티,2025-Q1,capex
413390,엠오티,2025-Q3,capex
058630,엠게임,2022-Q1,cogs
058630,엠게임,2023-Q3,cogs
058630,엠게임,2023-Q2,cogs
058630,엠게임,2024-Q3,ap
058630,엠게임,2025-Q1,cogs
058630,엠게임,2023-Q2,ap
058630,엠게임,2024-Q1,ap
058630,엠게임,2023-Q1,cogs
058630,엠게임,2022-Q2,cogs
058630,엠게임,2023-Q3,ap
058630,엠게임,2022-Q3,cogs
058630,엠게임,2024-Q4,cogs
058630,엠게임,2024-Q2,cogs
058630,엠게임,2022-Q4,cogs
058630,엠게임,2025-Q1,ap
058630,엠게임,2021-Q1,cogs
058630,엠게임,2023-Q1,ap
058630,엠게임,2021-Q2,cogs
058630,엠게임,2021-Q3,cogs
058630,엠게임,2024-Q2,ap
058630,엠게임,2024-Q4,ap
058630,엠게임,2020-Q3,cogs
058630,엠게임,2025-Q2,ap
058630,엠게임,2025-Q3,cogs
058630,엠게임,2023-Q4,cogs
058630,엠게임,2021-Q1,ap
058630,엠게임,2021-Q2,ap
058630,엠게임,2021-Q3,ap
058630,엠게임,2021-Q4,cogs
058630,엠게임,2025-Q3,ap
058630,엠게임,2020-Q4,cogs
058630,엠게임,2025-Q2,cogs
058630,엠게임,2024-Q3,cogs
058630,엠게임,2020-Q2,cogs
058630,엠게임,2024-Q1,cogs
169330,엠브레인,2021-Q2,inventory
169330,엠브레인,2021-Q3,inventory
169330,엠브레인,2020-Q3,inventory
169330,엠브레인,2023-Q4,inventory
169330,엠브레인,2021-Q4,inventory
169330,엠브레인,2020-Q4,inventory
169330,엠브레인,2024-Q3,inventory
169330,엠브레인,2020-Q2,inventory
169330,엠브레인,2023-Q2,inventory
169330,엠브레인,2024-Q1,inventory
169330,엠브레인,2022-Q1,inventory
169330,엠브레인,2023-Q3,inventory
169330,엠브레인,2025-Q1,inventory
169330,엠브레인,2022-Q3,inventory
169330,엠브레인,2023-Q1,inventory
169330,엠브레인,2022-Q2,inventory
169330,엠브레인,2024-Q2,inventory
169330,엠브레인,2024-Q4,inventory
169330,엠브레인,2022-Q4,inventory
169330,엠브레인,2021-Q1,inventory
179290,엠아이텍,2023-Q3,net_income
009780,엠에스씨,2022-Q3,capex
009780,엠에스씨,2023-Q1,capex
009780,엠에스씨,2024-Q2,capex
009780,엠에스씨,2024-Q4,capex
009780,엠에스씨,2022-Q4,capex
009780,엠에스씨,2021-Q2,capex
009780,엠에스씨,2021-Q3,capex
009780,엠에스씨,2020-Q1,capex
009780,엠에스씨,2021-Q1,capex
009780,엠에스씨,2020-Q3,capex
009780,엠에스씨,2025-Q3,capex
009780,엠에스씨,2023-Q4,capex
009780,엠에스씨,2021-Q4,capex
009780,엠에스씨,2020-Q4,capex
009780,엠에스씨,2025-Q2,capex
009780,엠에스씨,2024-Q3,capex
009780,엠에스씨,2024-Q1,capex
009780,엠에스씨,2022-Q1,capex
009780,엠에스씨,2020-Q2,capex
009780,엠에스씨,2023-Q2,capex
009780,엠에스씨,2023-Q3,capex
009780,엠에스씨,2025-Q1,capex
009780,엠에스씨,2022-Q2,capex
105550,엣지파운드리,2023-Q4,ap
105550,엣지파운드리,2024-Q3,ap
105550,엣지파운드리,2025-Q1,ap
105550,엣지파운드리,2025-Q3,ap
105550,엣지파운드리,2023-Q1,ap
105550,엣지파운드리,2023-Q2,ap
105550,엣지파운드리,2024-Q2,ap
105550,엣지파운드리,2024-Q1,ap
105550,엣지파운드리,2023-Q3,ap
105550,엣지파운드리,2024-Q4,ap
105550,엣지파운드리,2022-Q4,ap
105550,엣지파운드리,2025-Q2,ap
033310,엠투엔,2023-Q1,capex
060850,영림원소프트랩,2021-Q2,inventory
060850,영림원소프트랩,2022-Q2,inventory
060850,영림원소프트랩,2021-Q4,inventory
060850,영림원소프트랩,2023-Q2,inventory
060850,영림원소프트랩,2024-Q2,inventory
060850,영림원소프트랩,2024-Q4,inventory
060850,영림원소프트랩,2020-Q4,inventory
060850,영림원소프트랩,2022-Q4,inventory
060850,영림원소프트랩,2025-Q2,inventory
060850,영림원소프트랩,2023-Q4,inventory
476040,오가노이드사이언스,2025-Q3,capex
476040,오가노이드사이언스,2025-Q2,capex
476040,오가노이드사이언스,2025-Q2,inventory
476040,오가노이드사이언스,2025-Q3,inventory
475830,오름테라퓨틱,2025-Q2,cogs
475830,오름테라퓨틱,2025-Q3,cogs
475830,오름테라퓨틱,2024-Q4,capex
475830,오름테라퓨틱,2025-Q2,capex
475830,오름테라퓨틱,2024-Q4,inventory
475830,오름테라퓨틱,2025-Q3,ap
475830,오름테라퓨틱,2025-Q1,cogs
475830,오름테라퓨틱,2025-Q3,capex
475830,오름테라퓨틱,2025-Q2,inventory
475830,오름테라퓨틱,2025-Q1,capex
475830,오름테라퓨틱,2025-Q3,inventory
475830,오름테라퓨틱,2025-Q2,ap
475830,오름테라퓨틱,2024-Q4,cogs
475830,오름테라퓨틱,2025-Q1,inventory
900300,오가닉티코스메틱,2023-Q1,capex
900300,오가닉티코스메틱,2024-Q2,capex
900300,오가닉티코스메틱,2024-Q4,capex
900300,오가닉티코스메틱,2020-Q1,interest_expense
900300,오가닉티코스메틱,2020-Q2,cfo
900300,오가닉티코스메틱,2025-Q3,inventory
900300,오가닉티코스메틱,2022-Q1,cfo
900300,오가닉티코스메틱,2023-Q3,cfo
900300,오가닉티코스메틱,2023-Q2,cfo
900300,오가닉티코스메틱,2024-Q1,ap
900300,오가닉티코스메틱,2021-Q1,capex
900300,오가닉티코스메틱,2020-Q1,capex
900300,오가닉티코스메틱,2025-Q1,ap
900300,오가닉티코스메틱,2023-Q1,cfo
900300,오가닉티코스메틱,2022-Q2,cfo
900300,오가닉티코스메틱,2022-Q3,cfo
900300,오가닉티코스메틱,2023-Q4,capex
900300,오가닉티코스메틱,2025-Q2,inventory
900300,오가닉티코스메틱,2022-Q4,cfo
900300,오가닉티코스메틱,2024-Q3,inventory
900300,오가닉티코스메틱,2021-Q1,cfo
900300,오가닉티코스메틱,2021-Q2,cfo
900300,오가닉티코스메틱,2021-Q3,cfo
900300,오가닉티코스메틱,2020-Q1,cfo
900300,오가닉티코스메틱,2025-Q2,capex
900300,오가닉티코스메틱,2024-Q1,inventory
900300,오가닉티코스메틱,2024-Q3,capex
900300,오가닉티코스메틱,2020-Q3,cfo
900300,오가닉티코스메틱,2025-Q1,inventory
900300,오가닉티코스메틱,2024-Q1,capex
900300,오가닉티코스메틱,2022-Q1,capex
900300,오가닉티코스메틱,2023-Q2,capex
900300,오가닉티코스메틱,2024-Q2,inventory
900300,오가닉티코스메틱,2021-Q4,cfo
900300,오가닉티코스메틱,2025-Q1,capex
900300,오가닉티코스메틱,2020-Q4,cfo
900300,오가닉티코스메틱,2024-Q3,cfo
192410,오늘이엔엠,2020-Q1,capex
322310,오로스테크놀로지,2024-Q1,capex
417860,오브젠,2023-Q3,cogs
417860,오브젠,2023-Q2,cogs
417860,오브젠,2025-Q2,revenue
417860,오브젠,2024-Q3,revenue
417860,오브젠,2025-Q1,cogs
417860,오브젠,2025-Q3,inventory
417860,오브젠,2023-Q4,inventory
417860,오브젠,2023-Q1,cogs
417860,오브젠,2024-Q4,cogs
417860,오브젠,2023-Q2,revenue
417860,오브젠,2024-Q1,revenue
417860,오브젠,2024-Q2,cogs
417860,오브젠,2022-Q4,cogs
417860,오브젠,2023-Q3,revenue
417860,오브젠,2025-Q1,revenue
417860,오브젠,2025-Q2,inventory
417860,오브젠,2024-Q3,inventory
417860,오브젠,2023-Q1,revenue
417860,오브젠,2022-Q4,ap
417860,오브젠,2024-Q2,revenue
417860,오브젠,2025-Q3,cogs
417860,오브젠,2022-Q4,revenue
417860,오브젠,2023-Q4,cogs
417860,오브젠,2023-Q2,inventory
417860,오브젠,2024-Q1,inventory
417860,오브젠,2023-Q3,inventory
417860,오브젠,2025-Q1,inventory
417860,오브젠,2025-Q2,cogs
417860,오브젠,2023-Q1,inventory
417860,오브젠,2025-Q3,revenue
417860,오브젠,2023-Q4,revenue
417860,오브젠,2024-Q2,inventory
417860,오브젠,2024-Q3,cogs
417860,오브젠,2024-Q4,inventory
417860,오브젠,2022-Q4,inventory
417860,오브젠,2024-Q1,cogs
065500,오리엔트정공,2025-Q2,ar
065500,오리엔트정공,2025-Q3,ar
065500,오리엔트정공,2020-Q1,ap
065500,오리엔트정공,2020-Q2,ap
065500,오리엔트정공,2020-Q3,ap
065500,오리엔트정공,2020-Q1,capex
352910,오비고,2022-Q1,cogs
352910,오비고,2023-Q2,cogs
352910,오비고,2021-Q3,inventory
352910,오비고,2023-Q4,inventory
352910,오비고,2023-Q1,cogs
352910,오비고,2022-Q2,cogs
352910,오비고,2022-Q3,cogs
352910,오비고,2023-Q2,revenue
352910,오비고,2022-Q1,revenue
352910,오비고,2022-Q4,cogs
352910,오비고,2021-Q4,inventory
352910,오비고,2021-Q3,cogs
352910,오비고,2024-Q3,inventory
352910,오비고,2023-Q1,revenue
352910,오비고,2022-Q2,revenue
352910,오비고,2022-Q3,revenue
352910,오비고,2022-Q4,revenue
352910,오비고,2023-Q2,inventory
352910,오비고,2024-Q1,inventory
352910,오비고,2022-Q1,inventory
352910,오비고,2023-Q3,inventory
352910,오비고,2021-Q3,revenue
352910,오비고,2021-Q4,cogs
352910,오비고,2025-Q1,inventory
352910,오비고,2022-Q3,inventory
352910,오비고,2023-Q1,inventory
352910,오비고,2022-Q2,inventory
352910,오비고,2024-Q2,inventory
352910,오비고,2024-Q4,inventory
352910,오비고,2022-Q4,inventory
352910,오비고,2021-Q4,revenue
010470,오리콤,2021-Q2,inventory
010470,오리콤,2021-Q3,inventory
010470,오리콤,2020-Q3,inventory
010470,오리콤,2025-Q3,inventory
010470,오리콤,2023-Q4,inventory
010470,오리콤,2021-Q4,inventory
010470,오리콤,2021-Q1,inventory
010470,오리콤,2020-Q4,inventory
010470,오리콤,2025-Q2,inventory
010470,오리콤,2024-Q3,inventory
010470,오리콤,2020-Q2,inventory
010470,오리콤,2023-Q2,inventory
010470,오리콤,2024-Q1,inventory
010470,오리콤,2022-Q1,inventory
010470,오리콤,2023-Q3,inventory
010470,오리콤,2025-Q1,inventory
010470,오리콤,2022-Q3,inventory
010470,오리콤,2023-Q1,inventory
010470,오리콤,2022-Q2,inventory
010470,오리콤,2024-Q2,inventory
010470,오리콤,2024-Q4,inventory
010470,오리콤,2022-Q4,inventory
010470,오리콤,2020-Q1,inventory
052300,오션인더블유,2025-Q3,inventory
052300,오션인더블유,2020-Q2,ap
052300,오션인더블유,2021-Q2,capex
052300,오션인더블유,2021-Q3,capex
052300,오션인더블유,2021-Q1,capex
052300,오션인더블유,2020-Q1,capex
052300,오션인더블유,2020-Q3,capex
052300,오션인더블유,2025-Q2,inventory
052300,오션인더블유,2024-Q3,inventory
052300,오션인더블유,2020-Q4,capex
052300,오션인더블유,2021-Q1,ap
052300,오션인더블유,2024-Q1,inventory
052300,오션인더블유,2021-Q2,ap
052300,오션인더블유,2021-Q3,ap
052300,오션인더블유,2020-Q1,ap
052300,오션인더블유,2020-Q3,ap
052300,오션인더블유,2025-Q1,inventory
052300,오션인더블유,2020-Q2,capex
052300,오션인더블유,2024-Q2,inventory
052300,오션인더블유,2020-Q4,ap
052300,오션인더블유,2021-Q1,inventory
039200,오스코텍,2022-Q3,capex
039200,오스코텍,2023-Q1,capex
039200,오스코텍,2024-Q2,capex
039200,오스코텍,2024-Q4,capex
039200,오스코텍,2022-Q4,capex
039200,오스코텍,2021-Q2,capex
039200,오스코텍,2021-Q3,capex
039200,오스코텍,2020-Q1,capex
039200,오스코텍,2021-Q1,capex
039200,오스코텍,2020-Q3,capex
039200,오스코텍,2025-Q3,capex
039200,오스코텍,2023-Q4,capex
039200,오스코텍,2021-Q4,capex
039200,오스코텍,2020-Q4,capex
039200,오스코텍,2025-Q2,capex
039200,오스코텍,2024-Q3,capex
039200,오스코텍,2024-Q1,capex
039200,오스코텍,2022-Q1,capex
039200,오스코텍,2020-Q2,capex
039200,오스코텍,2023-Q2,capex
039200,오스코텍,2023-Q3,capex
039200,오스코텍,2025-Q1,capex
039200,오스코텍,2022-Q2,capex
353590,오토앤,2021-Q4,capex
353590,오토앤,2022-Q3,capex
353590,오토앤,2024-Q1,capex
353590,오토앤,2023-Q1,capex
353590,오토앤,2022-Q1,capex
353590,오토앤,2023-Q2,capex
353590,오토앤,2024-Q2,capex
353590,오토앤,2024-Q4,capex
353590,오토앤,2025-Q2,capex
353590,오토앤,2023-Q3,capex
353590,오토앤,2024-Q3,capex
353590,오토앤,2022-Q4,capex
353590,오토앤,2025-Q3,capex
353590,오토앤,2023-Q4,capex
353590,오토앤,2025-Q1,capex
353590,오토앤,2022-Q2,capex
476060,온코닉테라퓨틱스,2024-Q4,revenue
476060,온코닉테라퓨틱스,2025-Q2,cogs
476060,온코닉테라퓨틱스,2025-Q3,cogs
476060,온코닉테라퓨틱스,2025-Q2,revenue
476060,온코닉테라퓨틱스,2025-Q3,revenue
476060,온코닉테라퓨틱스,2024-Q4,inventory
476060,온코닉테라퓨틱스,2025-Q1,cogs
476060,온코닉테라퓨틱스,2025-Q1,revenue
476060,온코닉테라퓨틱스,2025-Q2,inventory
476060,온코닉테라퓨틱스,2025-Q3,inventory
476060,온코닉테라퓨틱스,2024-Q4,cogs
476060,온코닉테라퓨틱스,2025-Q1,inventory
440320,오픈놀,2023-Q2,revenue
440320,오픈놀,2024-Q2,revenue
440320,오픈놀,2023-Q3,cogs
440320,오픈놀,2024-Q1,revenue
440320,오픈놀,2023-Q2,cogs
440320,오픈놀,2023-Q3,revenue
440320,오픈놀,2024-Q2,cogs
440320,오픈놀,2023-Q4,cogs
440320,오픈놀,2023-Q2,inventory
440320,오픈놀,2023-Q4,revenue
440320,오픈놀,2024-Q1,inventory
440320,오픈놀,2024-Q2,inventory
440320,오픈놀,2024-Q3,revenue
440320,오픈놀,2023-Q3,inventory
440320,오픈놀,2024-Q3,cogs
440320,오픈놀,2023-Q4,inventory
440320,오픈놀,2024-Q3,inventory
440320,오픈놀,2024-Q1,cogs
394280,오픈엣지테크놀로지,2024-Q3,ap
394280,오픈엣지테크놀로지,2025-Q3,inventory
394280,오픈엣지테크놀로지,2023-Q2,ap
394280,오픈엣지테크놀로지,2023-Q4,inventory
394280,오픈엣지테크놀로지,2024-Q1,ap
394280,오픈엣지테크놀로지,2023-Q3,ap
394280,오픈엣지테크놀로지,2025-Q1,ap
394280,오픈엣지테크놀로지,2023-Q1,ap
394280,오픈엣지테크놀로지,2025-Q2,inventory
394280,오픈엣지테크놀로지,2024-Q2,ap
394280,오픈엣지테크놀로지,2022-Q3,ap
394280,오픈엣지테크놀로지,2024-Q4,ap
394280,오픈엣지테크놀로지,2024-Q3,inventory
394280,오픈엣지테크놀로지,2022-Q4,ap
394280,오픈엣지테크놀로지,2023-Q2,inventory
394280,오픈엣지테크놀로지,2024-Q1,inventory
394280,오픈엣지테크놀로지,2023-Q3,inventory
394280,오픈엣지테크놀로지,2025-Q1,inventory
394280,오픈엣지테크놀로지,2025-Q3,ap
394280,오픈엣지테크놀로지,2023-Q4,ap
394280,오픈엣지테크놀로지,2022-Q3,inventory
394280,오픈엣지테크놀로지,2023-Q1,inventory
394280,오픈엣지테크놀로지,2024-Q2,inventory
394280,오픈엣지테크놀로지,2024-Q4,inventory
394280,오픈엣지테크놀로지,2022-Q4,inventory
394280,오픈엣지테크놀로지,2025-Q2,ap
382150,온코크로스,2024-Q3,ap
382150,온코크로스,2023-Q3,ar
382150,온코크로스,2024-Q2,capex
382150,온코크로스,2024-Q4,capex
382150,온코크로스,2025-Q3,inventory
382150,온코크로스,2023-Q4,inventory
382150,온코크로스,2024-Q1,ap
382150,온코크로스,2023-Q3,ap
382150,온코크로스,2025-Q1,ap
382150,온코크로스,2025-Q3,capex
382150,온코크로스,2023-Q4,capex
382150,온코크로스,2025-Q2,inventory
382150,온코크로스,2024-Q2,ap
382150,온코크로스,2024-Q4,ap
382150,온코크로스,2024-Q3,inventory
382150,온코크로스,2025-Q2,capex
382150,온코크로스,2023-Q4,ar
382150,온코크로스,2024-Q1,inventory
382150,온코크로스,2024-Q3,capex
382150,온코크로스,2023-Q3,inventory
382150,온코크로스,2025-Q1,inventory
382150,온코크로스,2025-Q3,ap
382150,온코크로스,2023-Q4,ap
382150,온코크로스,2024-Q1,capex
382150,온코크로스,2024-Q2,inventory
382150,온코크로스,2024-Q4,inventory
382150,온코크로스,2023-Q3,capex
382150,온코크로스,2025-Q1,capex
382150,온코크로스,2024-Q1,ar
382150,온코크로스,2025-Q2,ap
080580,오킨스전자,2022-Q3,capex
080580,오킨스전자,2023-Q1,capex
080580,오킨스전자,2024-Q2,capex
080580,오킨스전자,2024-Q4,capex
080580,오킨스전자,2022-Q4,capex
080580,오킨스전자,2021-Q2,capex
080580,오킨스전자,2021-Q3,capex
080580,오킨스전자,2020-Q1,capex
080580,오킨스전자,2021-Q1,capex
080580,오킨스전자,2020-Q3,capex
080580,오킨스전자,2025-Q3,capex
080580,오킨스전자,2023-Q4,capex
080580,오킨스전자,2021-Q4,capex
080580,오킨스전자,2020-Q4,capex
080580,오킨스전자,2025-Q2,capex
080580,오킨스전자,2024-Q3,capex
080580,오킨스전자,2024-Q1,capex
080580,오킨스전자,2022-Q1,capex
080580,오킨스전자,2020-Q2,capex
080580,오킨스전자,2023-Q2,capex
080580,오킨스전자,2023-Q3,capex
080580,오킨스전자,2025-Q1,capex
080580,오킨스전자,2022-Q2,capex
173130,오파스넷,2022-Q3,capex
173130,오파스넷,2023-Q1,capex
173130,오파스넷,2024-Q2,capex
173130,오파스넷,2024-Q4,capex
173130,오파스넷,2022-Q4,capex
173130,오파스넷,2021-Q2,capex
173130,오파스넷,2021-Q3,capex
173130,오파스넷,2020-Q1,capex
173130,오파스넷,2021-Q1,capex
173130,오파스넷,2020-Q3,capex
173130,오파스넷,2025-Q3,capex
173130,오파스넷,2023-Q4,capex
173130,오파스넷,2021-Q4,capex
173130,오파스넷,2020-Q4,capex
173130,오파스넷,2025-Q2,capex
173130,오파스넷,2024-Q3,capex
173130,오파스넷,2024-Q1,capex
173130,오파스넷,2022-Q1,capex
173130,오파스넷,2020-Q2,capex
173130,오파스넷,2023-Q2,capex
173130,오파스넷,2023-Q3,capex
173130,오파스넷,2025-Q1,capex
173130,오파스넷,2022-Q2,capex
049480,오픈베이스,2024-Q3,ap
049480,오픈베이스,2020-Q2,ap
049480,오픈베이스,2023-Q2,ap
049480,오픈베이스,2024-Q1,ap
049480,오픈베이스,2023-Q3,ap
049480,오픈베이스,2022-Q1,ap
049480,오픈베이스,2025-Q1,ap
049480,오픈베이스,2023-Q1,ap
049480,오픈베이스,2022-Q2,ap
049480,오픈베이스,2024-Q2,ap
049480,오픈베이스,2022-Q3,ap
049480,오픈베이스,2024-Q4,ap
049480,오픈베이스,2022-Q4,ap
049480,오픈베이스,2021-Q1,ap
049480,오픈베이스,2021-Q2,ap
049480,오픈베이스,2021-Q3,ap
049480,오픈베이스,2020-Q1,ap
049480,오픈베이스,2020-Q3,ap
049480,오픈베이스,2025-Q3,ap
049480,오픈베이스,2023-Q4,ap
049480,오픈베이스,2021-Q4,ap
049480,오픈베이스,2020-Q4,ap
049480,오픈베이스,2025-Q2,ap
309930,오하임앤컴퍼니,2021-Q1,capex
309930,오하임앤컴퍼니,2024-Q1,capex
309930,오하임앤컴퍼니,2020-Q3,revenue
309930,오하임앤컴퍼니,2020-Q2,capex
309930,오하임앤컴퍼니,2020-Q3,capex
309930,오하임앤컴퍼니,2020-Q2,inventory
309930,오하임앤컴퍼니,2020-Q3,inventory
309930,오하임앤컴퍼니,2020-Q2,cogs
309930,오하임앤컴퍼니,2020-Q1,inventory
309930,오하임앤컴퍼니,2020-Q3,cogs
309930,오하임앤컴퍼니,2020-Q3,ap
309930,오하임앤컴퍼니,2020-Q1,cogs
309930,오하임앤컴퍼니,2020-Q1,capex
309930,오하임앤컴퍼니,2020-Q2,revenue
244460,올리패스,2024-Q2,ar
244460,올리패스,2024-Q3,ap
244460,올리패스,2024-Q3,ar
244460,올리패스,2024-Q4,capex
244460,올리패스,2025-Q2,capex
244460,올리패스,2024-Q2,inventory
244460,올리패스,2024-Q4,inventory
244460,올리패스,2024-Q1,inventory
244460,올리패스,2025-Q3,capex
244460,올리패스,2023-Q1,ap
244460,올리패스,2025-Q1,capex
244460,올리패스,2023-Q2,ap
244460,올리패스,2024-Q2,ap
244460,올리패스,2024-Q1,ap
244460,올리패스,2024-Q3,inventory
244460,올리패스,2023-Q3,ap
244460,올리패스,2025-Q1,inventory
226950,올릭스,2022-Q1,cogs
226950,올릭스,2022-Q3,capex
226950,올릭스,2023-Q1,capex
226950,올릭스,2023-Q2,cogs
226950,올릭스,2023-Q3,cogs
226950,올릭스,2020-Q4,revenue
226950,올릭스,2024-Q2,capex
226950,올릭스,2024-Q4,capex
226950,올릭스,2025-Q2,revenue
226950,올릭스,2024-Q3,revenue
226950,올릭스,2022-Q4,capex
226950,올릭스,2025-Q1,cogs
226950,올릭스,2023-Q1,cogs
226950,올릭스,2021-Q2,capex
226950,올릭스,2021-Q3,capex
226950,올릭스,2021-Q1,capex
226950,올릭스,2020-Q1,capex
226950,올릭스,2022-Q2,cogs
226950,올릭스,2020-Q2,revenue
226950,올릭스,2022-Q3,cogs
226950,올릭스,2023-Q2,revenue
226950,올릭스,2024-Q1,revenue
226950,올릭스,2024-Q4,cogs
226950,올릭스,2024-Q2,cogs
226950,올릭스,2022-Q1,revenue
226950,올릭스,2023-Q3,revenue
226950,올릭스,2020-Q3,capex
226950,올릭스,2021-Q1,cogs
226950,올릭스,2025-Q3,capex
226950,올릭스,2023-Q4,capex
226950,올릭스,2025-Q1,revenue
226950,올릭스,2021-Q2,cogs
226950,올릭스,2021-Q3,cogs
226950,올릭스,2020-Q1,cogs
226950,올릭스,2024-Q1,cogs
226950,올릭스,2020-Q3,cogs
226950,올릭스,2022-Q2,revenue
226950,올릭스,2023-Q1,revenue
226950,올릭스,2021-Q4,capex
226950,올릭스,2022-Q3,revenue
226950,올릭스,2024-Q2,revenue
226950,올릭스,2024-Q4,revenue
226950,올릭스,2025-Q3,cogs
226950,올릭스,2020-Q4,capex
226950,올릭스,2022-Q4,revenue
226950,올릭스,2025-Q2,capex
226950,올릭스,2024-Q3,capex
226950,올릭스,2021-Q1,revenue
226950,올릭스,2021-Q2,revenue
226950,올릭스,2021-Q3,revenue
226950,올릭스,2020-Q1,revenue
226950,올릭스,2021-Q4,cogs
226950,올릭스,2020-Q3,revenue
226950,올릭스,2024-Q1,capex
226950,올릭스,2020-Q4,cogs
226950,올릭스,2022-Q1,capex
226950,올릭스,2020-Q2,capex
226950,올릭스,2023-Q2,capex
226950,올릭스,2025-Q2,cogs
226950,올릭스,2025-Q3,revenue
226950,올릭스,2023-Q4,revenue
226950,올릭스,2024-Q3,cogs
226950,올릭스,2023-Q3,capex
226950,올릭스,2025-Q1,capex
226950,올릭스,2020-Q2,cogs
226950,올릭스,2022-Q2,capex
226950,올릭스,2021-Q4,revenue
338840,와이바이오로직스,2024-Q2,inventory
338840,와이바이오로직스,2024-Q4,inventory
338840,와이바이오로직스,2024-Q1,inventory
338840,와이바이오로직스,2023-Q3,inventory
338840,와이바이오로직스,2025-Q2,inventory
338840,와이바이오로직스,2025-Q3,inventory
338840,와이바이오로직스,2023-Q4,inventory
338840,와이바이오로직스,2024-Q3,inventory
338840,와이바이오로직스,2025-Q1,inventory
112290,와이씨켐,2023-Q1,ap
122990,와이솔,2021-Q1,ap
122990,와이솔,2021-Q2,ap
122990,와이솔,2021-Q3,ap
122990,와이솔,2020-Q1,ap
122990,와이솔,2020-Q3,ap
122990,와이솔,2020-Q2,ap
122990,와이솔,2020-Q4,ap
096250,와이즈넛,2023-Q4,interest_expense
096250,와이즈넛,2023-Q2,inventory
096250,와이즈넛,2024-Q2,inventory
096250,와이즈넛,2024-Q1,inventory
096250,와이즈넛,2024-Q4,inventory
096250,와이즈넛,2023-Q3,inventory
096250,와이즈넛,2023-Q3,interest_expense
096250,와이즈넛,2025-Q2,inventory
096250,와이즈넛,2023-Q2,interest_expense
096250,와이즈넛,2023-Q4,inventory
096250,와이즈넛,2025-Q3,inventory
096250,와이즈넛,2024-Q3,inventory
096250,와이즈넛,2025-Q1,inventory
273640,와이엠텍,2021-Q4,capex
273640,와이엠텍,2022-Q3,capex
273640,와이엠텍,2024-Q1,capex
273640,와이엠텍,2023-Q1,capex
273640,와이엠텍,2022-Q1,capex
273640,와이엠텍,2023-Q2,capex
273640,와이엠텍,2024-Q2,capex
273640,와이엠텍,2024-Q4,capex
273640,와이엠텍,2025-Q2,capex
273640,와이엠텍,2023-Q3,capex
273640,와이엠텍,2024-Q3,capex
273640,와이엠텍,2022-Q4,capex
273640,와이엠텍,2025-Q3,capex
273640,와이엠텍,2023-Q4,capex
273640,와이엠텍,2025-Q1,capex
273640,와이엠텍,2021-Q3,capex
273640,와이엠텍,2022-Q2,capex
065530,와이어블,2021-Q2,inventory
065530,와이어블,2021-Q3,inventory
065530,와이어블,2020-Q3,inventory
065530,와이어블,2025-Q3,inventory
065530,와이어블,2023-Q4,inventory
065530,와이어블,2021-Q4,inventory
065530,와이어블,2021-Q1,inventory
065530,와이어블,2020-Q4,inventory
065530,와이어블,2025-Q2,inventory
065530,와이어블,2024-Q3,inventory
065530,와이어블,2020-Q2,inventory
065530,와이어블,2023-Q2,inventory
065530,와이어블,2024-Q1,inventory
065530,와이어블,2022-Q1,inventory
065530,와이어블,2023-Q3,inventory
065530,와이어블,2025-Q1,inventory
065530,와이어블,2022-Q3,inventory
065530,와이어블,2023-Q1,inventory
065530,와이어블,2022-Q2,inventory
065530,와이어블,2024-Q2,inventory
065530,와이어블,2024-Q4,inventory
065530,와이어블,2022-Q4,inventory
065530,와이어블,2020-Q1,inventory
007530,와이엠,2021-Q3,ap
007530,와이엠,2022-Q1,ap
007530,와이엠,2021-Q4,ap
007530,와이엠,2021-Q2,ap
041190,우리기술투자,2023-Q3,cogs
041190,우리기술투자,2024-Q3,ap
041190,우리기술투자,2023-Q3,ar
041190,우리기술투자,2024-Q4,op_income
041190,우리기술투자,2024-Q2,op_income
041190,우리기술투자,2025-Q1,ar
041190,우리기술투자,2025-Q1,cogs
041190,우리기술투자,2025-Q3,inventory
041190,우리기술투자,2023-Q4,inventory
041190,우리기술투자,2024-Q1,ap
041190,우리기술투자,2025-Q3,interest_expense
041190,우리기술투자,2023-Q3,ap
041190,우리기술투자,2024-Q4,cogs
041190,우리기술투자,2024-Q2,ar
041190,우리기술투자,2023-Q4,interest_expense
041190,우리기술투자,2024-Q4,ar
041190,우리기술투자,2024-Q2,cogs
041190,우리기술투자,2025-Q1,ap
041190,우리기술투자,2025-Q3,op_income
041190,우리기술투자,2025-Q2,inventory
041190,우리기술투자,2023-Q4,op_income
041190,우리기술투자,2024-Q2,ap
041190,우리기술투자,2024-Q4,ap
041190,우리기술투자,2024-Q3,inventory
041190,우리기술투자,2025-Q2,interest_expense
041190,우리기술투자,2024-Q3,interest_expense
041190,우리기술투자,2025-Q2,ap
041190,우리기술투자,2025-Q3,cogs
041190,우리기술투자,2023-Q4,cogs
041190,우리기술투자,2025-Q3,ar
041190,우리기술투자,2023-Q4,ar
041190,우리기술투자,2024-Q1,inventory
041190,우리기술투자,2025-Q2,op_income
041190,우리기술투자,2023-Q3,inventory
041190,우리기술투자,2024-Q1,interest_expense
041190,우리기술투자,2024-Q3,op_income
041190,우리기술투자,2023-Q3,interest_expense
041190,우리기술투자,2025-Q1,inventory
041190,우리기술투자,2025-Q3,ap
041190,우리기술투자,2023-Q4,ap
041190,우리기술투자,2025-Q2,ar
041190,우리기술투자,2025-Q1,interest_expense
041190,우리기술투자,2024-Q1,op_income
041190,우리기술투자,2024-Q3,ar
041190,우리기술투자,2025-Q2,cogs
041190,우리기술투자,2024-Q2,inventory
041190,우리기술투자,2024-Q3,cogs
041190,우리기술투자,2024-Q4,inventory
041190,우리기술투자,2023-Q3,op_income
041190,우리기술투자,2024-Q4,interest_expense
041190,우리기술투자,2024-Q2,interest_expense
041190,우리기술투자,2025-Q1,op_income
041190,우리기술투자,2024-Q1,ar
041190,우리기술투자,2024-Q1,cogs
273060,와이즈버즈,2021-Q2,inventory
273060,와이즈버즈,2021-Q3,inventory
273060,와이즈버즈,2020-Q3,inventory
273060,와이즈버즈,2025-Q3,inventory
273060,와이즈버즈,2023-Q4,inventory
273060,와이즈버즈,2021-Q4,inventory
273060,와이즈버즈,2020-Q4,inventory
273060,와이즈버즈,2025-Q2,inventory
273060,와이즈버즈,2024-Q3,inventory
273060,와이즈버즈,2020-Q3,cogs
273060,와이즈버즈,2023-Q2,inventory
273060,와이즈버즈,2024-Q1,inventory
273060,와이즈버즈,2022-Q1,inventory
273060,와이즈버즈,2023-Q3,inventory
273060,와이즈버즈,2020-Q3,revenue
273060,와이즈버즈,2025-Q1,inventory
273060,와이즈버즈,2022-Q3,inventory
273060,와이즈버즈,2023-Q1,inventory
273060,와이즈버즈,2022-Q2,inventory
273060,와이즈버즈,2024-Q2,inventory
273060,와이즈버즈,2024-Q4,inventory
273060,와이즈버즈,2022-Q4,inventory
273060,와이즈버즈,2021-Q1,inventory
079000,와토스코리아,2022-Q3,capex
079000,와토스코리아,2023-Q1,capex
079000,와토스코리아,2024-Q2,capex
079000,와토스코리아,2024-Q4,capex
079000,와토스코리아,2022-Q4,capex
079000,와토스코리아,2021-Q2,capex
079000,와토스코리아,2021-Q3,capex
079000,와토스코리아,2020-Q1,capex
079000,와토스코리아,2021-Q1,capex
079000,와토스코리아,2020-Q3,capex
079000,와토스코리아,2025-Q3,capex
079000,와토스코리아,2023-Q4,capex
079000,와토스코리아,2021-Q4,capex
079000,와토스코리아,2020-Q4,capex
079000,와토스코리아,2025-Q2,capex
079000,와토스코리아,2024-Q3,capex
079000,와토스코리아,2024-Q1,capex
079000,와토스코리아,2022-Q1,capex
079000,와토스코리아,2020-Q2,capex
079000,와토스코리아,2023-Q2,capex
079000,와토스코리아,2023-Q3,capex
079000,와토스코리아,2025-Q1,capex
079000,와토스코리아,2022-Q2,capex
082850,우리바이오,2024-Q3,ap
082850,우리바이오,2020-Q2,ap
082850,우리바이오,2023-Q2,ap
082850,우리바이오,2024-Q1,ap
082850,우리바이오,2023-Q3,ap
082850,우리바이오,2022-Q1,ap
082850,우리바이오,2025-Q1,ap
082850,우리바이오,2023-Q1,ap
082850,우리바이오,2022-Q2,ap
082850,우리바이오,2024-Q2,ap
082850,우리바이오,2022-Q3,ap
082850,우리바이오,2024-Q4,ap
082850,우리바이오,2022-Q4,ap
082850,우리바이오,2021-Q1,ap
082850,우리바이오,2021-Q2,ap
082850,우리바이오,2021-Q3,ap
082850,우리바이오,2020-Q1,ap
082850,우리바이오,2020-Q3,ap
082850,우리바이오,2025-Q3,ap
082850,우리바이오,2023-Q4,ap
082850,우리바이오,2021-Q4,ap
082850,우리바이오,2020-Q4,ap
082850,우리바이오,2025-Q2,ap
215360,우리산업,2023-Q4,interest_expense
215360,우리산업,2021-Q1,interest_expense
215360,우리산업,2025-Q1,interest_expense
215360,우리산업,2020-Q1,interest_expense
215360,우리산업,2023-Q1,interest_expense
215360,우리산업,2022-Q2,interest_expense
215360,우리산업,2020-Q2,interest_expense
215360,우리산업,2020-Q3,interest_expense
215360,우리산업,2024-Q4,interest_expense
215360,우리산업,2024-Q1,interest_expense
215360,우리산업,2023-Q3,interest_expense
215360,우리산업,2020-Q4,interest_expense
215360,우리산업,2022-Q4,interest_expense
215360,우리산업,2023-Q2,interest_expense
072470,우리산업홀딩스,2023-Q4,interest_expense
072470,우리산업홀딩스,2021-Q1,interest_expense
072470,우리산업홀딩스,2021-Q2,interest_expense
072470,우리산업홀딩스,2021-Q3,interest_expense
072470,우리산업홀딩스,2020-Q1,interest_expense
072470,우리산업홀딩스,2023-Q1,interest_expense
072470,우리산업홀딩스,2022-Q2,interest_expense
072470,우리산업홀딩스,2020-Q2,interest_expense
072470,우리산업홀딩스,2020-Q3,interest_expense
072470,우리산업홀딩스,2021-Q4,interest_expense
072470,우리산업홀딩스,2022-Q3,interest_expense
072470,우리산업홀딩스,2024-Q1,interest_expense
072470,우리산업홀딩스,2024-Q4,interest_expense
072470,우리산업홀딩스,2022-Q1,interest_expense
072470,우리산업홀딩스,2023-Q3,interest_expense
072470,우리산업홀딩스,2020-Q4,interest_expense
072470,우리산업홀딩스,2022-Q4,interest_expense
072470,우리산업홀딩스,2023-Q2,interest_expense
037400,우리엔터프라이즈,2024-Q3,ap
037400,우리엔터프라이즈,2020-Q2,ap
037400,우리엔터프라이즈,2023-Q2,ap
037400,우리엔터프라이즈,2024-Q1,ap
037400,우리엔터프라이즈,2023-Q3,ap
037400,우리엔터프라이즈,2022-Q1,ap
037400,우리엔터프라이즈,2025-Q1,ap
037400,우리엔터프라이즈,2023-Q1,ap
037400,우리엔터프라이즈,2022-Q2,ap
037400,우리엔터프라이즈,2024-Q2,ap
037400,우리엔터프라이즈,2022-Q3,ap
037400,우리엔터프라이즈,2024-Q4,ap
037400,우리엔터프라이즈,2022-Q4,ap
037400,우리엔터프라이즈,2021-Q1,ap
037400,우리엔터프라이즈,2021-Q2,ap
037400,우리엔터프라이즈,2021-Q3,ap
037400,우리엔터프라이즈,2020-Q1,ap
037400,우리엔터프라이즈,2020-Q3,ap
037400,우리엔터프라이즈,2025-Q3,ap
037400,우리엔터프라이즈,2023-Q4,ap
037400,우리엔터프라이즈,2021-Q4,ap
037400,우리엔터프라이즈,2020-Q4,ap
037400,우리엔터프라이즈,2025-Q2,ap
153490,우리이앤엘,2024-Q3,ap
153490,우리이앤엘,2020-Q2,ap
153490,우리이앤엘,2023-Q2,ap
153490,우리이앤엘,2024-Q1,ap
153490,우리이앤엘,2023-Q3,ap
153490,우리이앤엘,2022-Q1,ap
153490,우리이앤엘,2025-Q1,ap
153490,우리이앤엘,2023-Q1,ap
153490,우리이앤엘,2022-Q2,ap
153490,우리이앤엘,2024-Q2,ap
153490,우리이앤엘,2022-Q3,ap
153490,우리이앤엘,2024-Q4,ap
153490,우리이앤엘,2022-Q4,ap
153490,우리이앤엘,2021-Q1,ap
153490,우리이앤엘,2021-Q2,ap
153490,우리이앤엘,2021-Q3,ap
153490,우리이앤엘,2020-Q1,ap
153490,우리이앤엘,2020-Q3,ap
153490,우리이앤엘,2025-Q3,ap
153490,우리이앤엘,2023-Q4,ap
153490,우리이앤엘,2021-Q4,ap
153490,우리이앤엘,2020-Q4,ap
153490,우리이앤엘,2025-Q2,ap
457550,우진엔텍,2023-Q4,ap
457550,우진엔텍,2024-Q3,ap
457550,우진엔텍,2025-Q1,ap
457550,우진엔텍,2025-Q3,ap
457550,우진엔텍,2024-Q2,ap
457550,우진엔텍,2024-Q4,ap
457550,우진엔텍,2024-Q1,ap
457550,우진엔텍,2025-Q2,ap
396470,워트,2023-Q4,interest_expense
396470,워트,2024-Q1,capex
396470,워트,2025-Q1,interest_expense
396470,워트,2025-Q2,capex
396470,워트,2024-Q3,capex
396470,워트,2024-Q4,interest_expense
396470,워트,2024-Q1,interest_expense
396470,워트,2025-Q1,capex
396470,워트,2024-Q2,interest_expense
396470,워트,2025-Q2,interest_expense
396470,워트,2024-Q3,interest_expense
215380,우정바이오,2024-Q1,capex
307280,원바이오젠,2020-Q4,ar
307280,원바이오젠,2020-Q4,inventory
307280,원바이오젠,2020-Q4,ap
307280,원바이오젠,2020-Q4,capex
018620,우진비앤지,2024-Q3,ap
018620,우진비앤지,2024-Q2,ap
240810,원익IPS,2021-Q1,interest_expense
074600,원익QnC,2024-Q3,ap
074600,원익QnC,2020-Q2,ap
074600,원익QnC,2023-Q2,ap
074600,원익QnC,2024-Q1,ap
074600,원익QnC,2023-Q3,ap
074600,원익QnC,2022-Q1,ap
074600,원익QnC,2023-Q1,ap
074600,원익QnC,2022-Q2,ap
074600,원익QnC,2024-Q2,ap
074600,원익QnC,2022-Q3,ap
074600,원익QnC,2022-Q4,ap
074600,원익QnC,2021-Q1,ap
074600,원익QnC,2021-Q2,ap
074600,원익QnC,2021-Q3,ap
074600,원익QnC,2020-Q1,ap
074600,원익QnC,2020-Q3,ap
074600,원익QnC,2023-Q4,ap
074600,원익QnC,2021-Q4,ap
074600,원익QnC,2020-Q4,ap
217820,원익피앤이,2021-Q4,capex
217820,원익피앤이,2020-Q1,capex
217820,원익피앤이,2020-Q3,capex
217820,원익피앤이,2020-Q4,capex
217820,원익피앤이,2020-Q2,capex
217820,원익피앤이,2021-Q2,capex
217820,원익피앤이,2021-Q3,capex
217820,원익피앤이,2021-Q1,capex
382840,원준,2023-Q4,ap
382840,원준,2024-Q3,ap
382840,원준,2024-Q4,ap
382840,원준,2025-Q1,ap
382840,원준,2025-Q3,ap
382840,원준,2023-Q1,ap
382840,원준,2022-Q2,ap
382840,원준,2021-Q4,ap
382840,원준,2023-Q2,ap
382840,원준,2022-Q3,ap
382840,원준,2023-Q3,ap
382840,원준,2024-Q2,ap
382840,원준,2022-Q1,ap
382840,원준,2024-Q1,ap
382840,원준,2022-Q4,ap
382840,원준,2025-Q2,ap
376980,원티드랩,2022-Q1,cogs
376980,원티드랩,2023-Q3,cogs
376980,원티드랩,2023-Q2,cogs
376980,원티드랩,2021-Q3,inventory
376980,원티드랩,2024-Q3,ap
376980,원티드랩,2024-Q3,revenue
376980,원티드랩,2025-Q1,cogs
376980,원티드랩,2025-Q3,inventory
376980,원티드랩,2023-Q2,ap
376980,원티드랩,2023-Q4,inventory
376980,원티드랩,2024-Q1,ap
376980,원티드랩,2023-Q1,cogs
376980,원티드랩,2022-Q2,cogs
376980,원티드랩,2022-Q1,ap
376980,원티드랩,2023-Q3,ap
376980,원티드랩,2022-Q3,cogs
376980,원티드랩,2024-Q4,cogs
376980,원티드랩,2023-Q2,revenue
376980,원티드랩,2024-Q1,revenue
376980,원티드랩,2024-Q2,cogs
376980,원티드랩,2022-Q1,revenue
376980,원티드랩,2022-Q4,cogs
376980,원티드랩,2023-Q3,revenue
376980,원티드랩,2021-Q4,inventory
376980,원티드랩,2025-Q1,ap
376980,원티드랩,2023-Q1,ap
376980,원티드랩,2022-Q2,ap
376980,원티드랩,2025-Q2,inventory
376980,원티드랩,2024-Q2,ap
376980,원티드랩,2021-Q3,cogs
376980,원티드랩,2022-Q3,ap
376980,원티드랩,2024-Q3,inventory
376980,원티드랩,2024-Q4,ap
376980,원티드랩,2024-Q1,cogs
376980,원티드랩,2023-Q1,revenue
376980,원티드랩,2022-Q2,revenue
376980,원티드랩,2022-Q4,ap
376980,원티드랩,2025-Q2,ap
376980,원티드랩,2024-Q2,revenue
376980,원티드랩,2022-Q3,revenue
376980,원티드랩,2025-Q3,cogs
376980,원티드랩,2022-Q4,revenue
376980,원티드랩,2023-Q4,cogs
376980,원티드랩,2023-Q2,inventory
376980,원티드랩,2024-Q1,inventory
376980,원티드랩,2021-Q3,ap
376980,원티드랩,2022-Q1,inventory
376980,원티드랩,2023-Q3,inventory
376980,원티드랩,2021-Q3,revenue
376980,원티드랩,2021-Q4,cogs
376980,원티드랩,2025-Q1,inventory
376980,원티드랩,2025-Q3,ap
376980,원티드랩,2023-Q4,ap
376980,원티드랩,2022-Q3,inventory
376980,원티드랩,2025-Q2,cogs
376980,원티드랩,2023-Q1,inventory
376980,원티드랩,2022-Q2,inventory
376980,원티드랩,2023-Q4,revenue
376980,원티드랩,2024-Q2,inventory
376980,원티드랩,2024-Q3,cogs
376980,원티드랩,2024-Q4,inventory
376980,원티드랩,2022-Q4,inventory
376980,원티드랩,2021-Q4,ap
376980,원티드랩,2021-Q4,revenue
336060,웨이버스,2022-Q3,inventory
336060,웨이버스,2023-Q1,inventory
336060,웨이버스,2022-Q2,inventory
336060,웨이버스,2023-Q2,inventory
336060,웨이버스,2024-Q2,inventory
336060,웨이버스,2024-Q1,inventory
336060,웨이버스,2024-Q4,inventory
336060,웨이버스,2022-Q1,inventory
336060,웨이버스,2023-Q3,inventory
336060,웨이버스,2022-Q4,inventory
336060,웨이버스,2025-Q2,inventory
336060,웨이버스,2025-Q3,inventory
336060,웨이버스,2023-Q4,inventory
336060,웨이버스,2024-Q3,inventory
336060,웨이버스,2025-Q1,inventory
008290,원풍물산,2022-Q3,capex
008290,원풍물산,2023-Q1,capex
008290,원풍물산,2024-Q2,capex
008290,원풍물산,2024-Q4,capex
008290,원풍물산,2022-Q4,capex
008290,원풍물산,2021-Q2,capex
008290,원풍물산,2021-Q3,capex
008290,원풍물산,2021-Q1,capex
008290,원풍물산,2020-Q1,capex
008290,원풍물산,2021-Q1,total_assets
008290,원풍물산,2020-Q3,capex
008290,원풍물산,2025-Q3,capex
008290,원풍물산,2023-Q4,capex
008290,원풍물산,2021-Q4,capex
008290,원풍물산,2020-Q4,capex
008290,원풍물산,2025-Q2,capex
008290,원풍물산,2024-Q3,capex
008290,원풍물산,2024-Q1,capex
008290,원풍물산,2022-Q1,capex
008290,원풍물산,2020-Q2,capex
008290,원풍물산,2023-Q2,capex
008290,원풍물산,2023-Q3,capex
008290,원풍물산,2025-Q1,capex
008290,원풍물산,2022-Q2,capex
076080,웰크론한텍,2020-Q1,capex
076080,웰크론한텍,2020-Q3,capex
076080,웰크론한텍,2020-Q4,capex
076080,웰크론한텍,2020-Q2,capex
076080,웰크론한텍,2021-Q2,capex
076080,웰크론한텍,2021-Q1,capex
043590,웰킵스하이텍,2024-Q2,capex
043590,웰킵스하이텍,2021-Q1,capex
069080,웹젠,2022-Q1,cogs
069080,웹젠,2023-Q3,cogs
069080,웹젠,2023-Q2,cogs
069080,웹젠,2024-Q3,ap
069080,웹젠,2025-Q1,cogs
069080,웹젠,2020-Q2,ap
069080,웹젠,2023-Q2,ap
069080,웹젠,2024-Q1,ap
069080,웹젠,2023-Q1,cogs
069080,웹젠,2022-Q2,cogs
069080,웹젠,2022-Q1,ap
069080,웹젠,2023-Q3,ap
069080,웹젠,2022-Q3,cogs
069080,웹젠,2024-Q4,cogs
069080,웹젠,2024-Q2,cogs
069080,웹젠,2022-Q4,cogs
069080,웹젠,2025-Q1,ap
069080,웹젠,2021-Q1,cogs
069080,웹젠,2023-Q1,ap
069080,웹젠,2022-Q2,ap
069080,웹젠,2021-Q2,cogs
069080,웹젠,2021-Q3,cogs
069080,웹젠,2020-Q1,cogs
069080,웹젠,2022-Q3,ap
069080,웹젠,2024-Q2,ap
069080,웹젠,2024-Q4,ap
069080,웹젠,2020-Q3,cogs
069080,웹젠,2022-Q4,ap
069080,웹젠,2025-Q2,ap
069080,웹젠,2025-Q3,cogs
069080,웹젠,2023-Q4,cogs
069080,웹젠,2021-Q1,ap
069080,웹젠,2021-Q2,ap
069080,웹젠,2021-Q3,ap
069080,웹젠,2020-Q1,ap
069080,웹젠,2020-Q3,ap
069080,웹젠,2021-Q4,cogs
069080,웹젠,2025-Q3,ap
069080,웹젠,2023-Q4,ap
069080,웹젠,2020-Q4,cogs
069080,웹젠,2025-Q2,cogs
069080,웹젠,2024-Q3,cogs
069080,웹젠,2021-Q4,ap
069080,웹젠,2020-Q2,cogs
069080,웹젠,2020-Q4,ap
069080,웹젠,2024-Q1,cogs
053580,웹케시,2021-Q2,inventory
053580,웹케시,2021-Q3,inventory
053580,웹케시,2024-Q3,ap
053580,웹케시,2020-Q3,inventory
053580,웹케시,2025-Q3,inventory
053580,웹케시,2020-Q2,ap
053580,웹케시,2023-Q2,ap
053580,웹케시,2023-Q4,inventory
053580,웹케시,2024-Q1,ap
053580,웹케시,2022-Q1,ap
053580,웹케시,2023-Q3,ap
053580,웹케시,2021-Q4,inventory
053580,웹케시,2025-Q1,ap
053580,웹케시,2020-Q1,inventory
053580,웹케시,2020-Q4,inventory
053580,웹케시,2022-Q2,ap
053580,웹케시,2025-Q2,inventory
053580,웹케시,2024-Q2,ap
053580,웹케시,2022-Q3,ap
053580,웹케시,2024-Q4,ap
053580,웹케시,2024-Q3,inventory
053580,웹케시,2022-Q4,ap
053580,웹케시,2025-Q2,ap
053580,웹케시,2020-Q2,inventory
053580,웹케시,2021-Q1,ap
053580,웹케시,2023-Q2,inventory
053580,웹케시,2024-Q1,inventory
053580,웹케시,2021-Q2,ap
053580,웹케시,2021-Q3,ap
053580,웹케시,2020-Q1,ap
053580,웹케시,2022-Q1,inventory
053580,웹케시,2023-Q3,inventory
053580,웹케시,2020-Q3,ap
053580,웹케시,2025-Q1,inventory
053580,웹케시,2025-Q3,ap
053580,웹케시,2023-Q4,ap
053580,웹케시,2022-Q3,inventory
053580,웹케시,2022-Q2,inventory
053580,웹케시,2024-Q2,inventory
053580,웹케시,2024-Q4,inventory
053580,웹케시,2022-Q4,inventory
053580,웹케시,2021-Q4,ap
053580,웹케시,2020-Q4,ap
053580,웹케시,2021-Q1,inventory
112040,위메이드,2021-Q2,inventory
112040,위메이드,2021-Q3,inventory
112040,위메이드,2024-Q3,ap
112040,위메이드,2020-Q3,inventory
112040,위메이드,2025-Q1,cogs
112040,위메이드,2025-Q3,inventory
112040,위메이드,2020-Q2,ap
112040,위메이드,2023-Q2,ap
112040,위메이드,2023-Q4,inventory
112040,위메이드,2024-Q1,ap
112040,위메이드,2022-Q1,ap
112040,위메이드,2023-Q3,ap
112040,위메이드,2024-Q4,cogs
112040,위메이드,2021-Q4,inventory
112040,위메이드,2025-Q1,ap
112040,위메이드,2020-Q1,inventory
112040,위메이드,2020-Q4,inventory
112040,위메이드,2022-Q2,ap
112040,위메이드,2023-Q1,ap
112040,위메이드,2025-Q2,inventory
112040,위메이드,2024-Q2,ap
112040,위메이드,2022-Q3,ap
112040,위메이드,2024-Q4,ap
112040,위메이드,2024-Q3,inventory
112040,위메이드,2022-Q4,ap
112040,위메이드,2025-Q2,ap
112040,위메이드,2025-Q3,cogs
112040,위메이드,2020-Q2,inventory
112040,위메이드,2021-Q1,ap
112040,위메이드,2023-Q2,inventory
112040,위메이드,2024-Q1,inventory
112040,위메이드,2021-Q2,ap
112040,위메이드,2021-Q3,ap
112040,위메이드,2022-Q1,inventory
112040,위메이드,2023-Q3,inventory
112040,위메이드,2020-Q3,ap
112040,위메이드,2025-Q1,inventory
112040,위메이드,2025-Q3,ap
112040,위메이드,2023-Q4,ap
112040,위메이드,2022-Q3,inventory
112040,위메이드,2025-Q2,cogs
112040,위메이드,2023-Q1,inventory
112040,위메이드,2022-Q2,inventory
112040,위메이드,2024-Q2,inventory
112040,위메이드,2024-Q3,cogs
112040,위메이드,2024-Q4,inventory
112040,위메이드,2022-Q4,inventory
112040,위메이드,2021-Q4,ap
112040,위메이드,2020-Q4,ap
112040,위메이드,2021-Q1,inventory
101730,위메이드맥스,2022-Q1,cogs
101730,위메이드맥스,2023-Q3,cogs
101730,위메이드맥스,2021-Q2,inventory
101730,위메이드맥스,2021-Q3,inventory
101730,위메이드맥스,2023-Q2,cogs
101730,위메이드맥스,2024-Q3,ap
101730,위메이드맥스,2020-Q3,inventory
101730,위메이드맥스,2025-Q1,cogs
101730,위메이드맥스,2025-Q3,inventory
101730,위메이드맥스,2023-Q2,ap
101730,위메이드맥스,2023-Q4,inventory
101730,위메이드맥스,2024-Q1,ap
101730,위메이드맥스,2023-Q1,cogs
101730,위메이드맥스,2022-Q2,cogs
101730,위메이드맥스,2022-Q1,ap
101730,위메이드맥스,2023-Q3,ap
101730,위메이드맥스,2022-Q3,cogs
101730,위메이드맥스,2024-Q4,cogs
101730,위메이드맥스,2024-Q2,cogs
101730,위메이드맥스,2022-Q4,cogs
101730,위메이드맥스,2021-Q4,inventory
101730,위메이드맥스,2025-Q1,ap
101730,위메이드맥스,2021-Q1,inventory
101730,위메이드맥스,2021-Q1,cogs
101730,위메이드맥스,2020-Q4,inventory
101730,위메이드맥스,2022-Q2,ap
101730,위메이드맥스,2023-Q1,ap
101730,위메이드맥스,2025-Q2,inventory
101730,위메이드맥스,2021-Q2,cogs
101730,위메이드맥스,2021-Q3,cogs
101730,위메이드맥스,2020-Q1,cogs
101730,위메이드맥스,2022-Q3,ap
101730,위메이드맥스,2024-Q2,ap
101730,위메이드맥스,2024-Q1,cogs
101730,위메이드맥스,2020-Q3,cogs
101730,위메이드맥스,2024-Q3,inventory
101730,위메이드맥스,2022-Q4,ap
101730,위메이드맥스,2024-Q4,ap
101730,위메이드맥스,2025-Q2,ap
101730,위메이드맥스,2025-Q3,cogs
101730,위메이드맥스,2023-Q4,cogs
101730,위메이드맥스,2020-Q2,inventory
101730,위메이드맥스,2021-Q1,ap
101730,위메이드맥스,2023-Q2,inventory
101730,위메이드맥스,2024-Q1,inventory
101730,위메이드맥스,2021-Q2,ap
101730,위메이드맥스,2021-Q3,ap
101730,위메이드맥스,2022-Q1,inventory
101730,위메이드맥스,2023-Q3,inventory
101730,위메이드맥스,2021-Q4,cogs
101730,위메이드맥스,2025-Q1,inventory
101730,위메이드맥스,2025-Q3,ap
101730,위메이드맥스,2023-Q4,ap
101730,위메이드맥스,2020-Q4,cogs
101730,위메이드맥스,2022-Q3,inventory
101730,위메이드맥스,2025-Q2,cogs
101730,위메이드맥스,2023-Q1,inventory
101730,위메이드맥스,2022-Q2,inventory
101730,위메이드맥스,2024-Q2,inventory
101730,위메이드맥스,2024-Q3,cogs
101730,위메이드맥스,2024-Q4,inventory
101730,위메이드맥스,2022-Q4,inventory
101730,위메이드맥스,2021-Q4,ap
101730,위메이드맥스,2020-Q2,cogs
101730,위메이드맥스,2020-Q4,ap
101730,위메이드맥스,2020-Q1,inventory
123420,위메이드플레이,2022-Q1,cogs
123420,위메이드플레이,2023-Q3,cogs
123420,위메이드플레이,2021-Q2,inventory
123420,위메이드플레이,2021-Q3,inventory
123420,위메이드플레이,2023-Q2,cogs
123420,위메이드플레이,2024-Q3,ap
123420,위메이드플레이,2020-Q3,inventory
123420,위메이드플레이,2025-Q1,cogs
123420,위메이드플레이,2025-Q3,inventory
123420,위메이드플레이,2023-Q4,inventory
123420,위메이드플레이,2024-Q1,ap
123420,위메이드플레이,2023-Q1,cogs
123420,위메이드플레이,2022-Q2,cogs
123420,위메이드플레이,2023-Q3,ap
123420,위메이드플레이,2022-Q3,cogs
123420,위메이드플레이,2024-Q4,cogs
123420,위메이드플레이,2024-Q2,cogs
123420,위메이드플레이,2022-Q4,cogs
123420,위메이드플레이,2021-Q4,inventory
123420,위메이드플레이,2025-Q1,ap
123420,위메이드플레이,2021-Q1,inventory
123420,위메이드플레이,2021-Q1,cogs
123420,위메이드플레이,2020-Q4,inventory
123420,위메이드플레이,2025-Q2,inventory
123420,위메이드플레이,2021-Q2,cogs
123420,위메이드플레이,2021-Q3,cogs
123420,위메이드플레이,2020-Q1,cogs
123420,위메이드플레이,2024-Q2,ap
123420,위메이드플레이,2024-Q3,inventory
123420,위메이드플레이,2024-Q1,cogs
123420,위메이드플레이,2020-Q3,cogs
123420,위메이드플레이,2024-Q4,ap
123420,위메이드플레이,2025-Q2,ap
123420,위메이드플레이,2025-Q3,cogs
123420,위메이드플레이,2023-Q4,cogs
123420,위메이드플레이,2020-Q2,inventory
123420,위메이드플레이,2023-Q2,inventory
123420,위메이드플레이,2024-Q1,inventory
123420,위메이드플레이,2022-Q1,inventory
123420,위메이드플레이,2023-Q3,inventory
123420,위메이드플레이,2021-Q4,cogs
123420,위메이드플레이,2025-Q1,inventory
123420,위메이드플레이,2025-Q3,ap
123420,위메이드플레이,2023-Q4,ap
123420,위메이드플레이,2020-Q4,cogs
123420,위메이드플레이,2022-Q3,inventory
123420,위메이드플레이,2025-Q2,cogs
123420,위메이드플레이,2023-Q1,inventory
123420,위메이드플레이,2022-Q2,inventory
123420,위메이드플레이,2024-Q2,inventory
123420,위메이드플레이,2024-Q3,cogs
123420,위메이드플레이,2024-Q4,inventory
123420,위메이드플레이,2022-Q4,inventory
123420,위메이드플레이,2020-Q2,cogs
123420,위메이드플레이,2020-Q1,inventory
065370,위세아이텍,2025-Q1,interest_expense
065370,위세아이텍,2024-Q2,inventory
065370,위세아이텍,2024-Q1,inventory
065370,위세아이텍,2023-Q3,interest_expense
065370,위세아이텍,2025-Q2,inventory
065370,위세아이텍,2023-Q2,cfo
065370,위세아이텍,2025-Q2,interest_expense
065370,위세아이텍,2024-Q3,inventory
065370,위세아이텍,2025-Q1,inventory
335870,윙스풋,2022-Q3,capex
335870,윙스풋,2023-Q1,capex
335870,윙스풋,2024-Q3,ap
335870,윙스풋,2024-Q2,capex
335870,윙스풋,2024-Q4,capex
335870,윙스풋,2022-Q4,capex
335870,윙스풋,2023-Q2,ap
335870,윙스풋,2024-Q1,ap
335870,윙스풋,2023-Q3,ap
335870,윙스풋,2022-Q3,cogs
335870,윙스풋,2025-Q1,ap
335870,윙스풋,2025-Q3,capex
335870,윙스풋,2023-Q1,ap
335870,윙스풋,2023-Q4,capex
335870,윙스풋,2024-Q2,ap
335870,윙스풋,2024-Q4,ap
335870,윙스풋,2022-Q4,ap
335870,윙스풋,2025-Q2,capex
335870,윙스풋,2024-Q3,capex
335870,윙스풋,2025-Q3,ap
335870,윙스풋,2023-Q4,ap
335870,윙스풋,2024-Q1,capex
335870,윙스풋,2022-Q3,inventory
335870,윙스풋,2023-Q2,capex
335870,윙스풋,2023-Q3,capex
335870,윙스풋,2025-Q1,capex
335870,윙스풋,2025-Q2,ap
036090,위지트,2021-Q4,capex
036090,위지트,2020-Q1,capex
036090,위지트,2022-Q3,capex
036090,위지트,2024-Q1,capex
036090,위지트,2023-Q1,capex
036090,위지트,2022-Q1,capex
036090,위지트,2020-Q3,capex
036090,위지트,2020-Q4,capex
036090,위지트,2020-Q2,capex
036090,위지트,2023-Q2,capex
036090,위지트,2024-Q2,capex
036090,위지트,2023-Q3,capex
036090,위지트,2022-Q4,capex
036090,위지트,2023-Q4,capex
036090,위지트,2021-Q2,capex
036090,위지트,2021-Q3,capex
036090,위지트,2021-Q1,capex
036090,위지트,2022-Q2,capex
900340,윙입푸드,2020-Q2,cfo
900340,윙입푸드,2024-Q1,cfo
900340,윙입푸드,2022-Q1,cfo
900340,윙입푸드,2023-Q3,cfo
900340,윙입푸드,2023-Q2,cfo
900340,윙입푸드,2025-Q1,cfo
900340,윙입푸드,2023-Q1,cfo
900340,윙입푸드,2022-Q2,cfo
900340,윙입푸드,2022-Q3,cfo
900340,윙입푸드,2024-Q4,cfo
900340,윙입푸드,2024-Q2,cfo
900340,윙입푸드,2022-Q4,cfo
900340,윙입푸드,2021-Q1,cfo
900340,윙입푸드,2021-Q2,cfo
900340,윙입푸드,2021-Q3,cfo
900340,윙입푸드,2020-Q1,cfo
900340,윙입푸드,2020-Q3,cfo
900340,윙입푸드,2025-Q3,cfo
900340,윙입푸드,2023-Q4,cfo
900340,윙입푸드,2024-Q1,capex
900340,윙입푸드,2021-Q4,cfo
900340,윙입푸드,2020-Q4,cfo
900340,윙입푸드,2025-Q2,cfo
900340,윙입푸드,2024-Q3,cfo
192390,윈하이텍,2024-Q1,capex
192390,윈하이텍,2023-Q1,capex
192390,윈하이텍,2023-Q2,capex
192390,윈하이텍,2024-Q2,capex
192390,윈하이텍,2025-Q2,capex
192390,윈하이텍,2024-Q3,capex
192390,윈하이텍,2025-Q3,capex
192390,윈하이텍,2025-Q1,capex
192390,윈하이텍,2022-Q2,capex
097800,윈팩,2024-Q3,ap
097800,윈팩,2025-Q1,ap
097800,윈팩,2025-Q3,ap
097800,윈팩,2024-Q2,ap
097800,윈팩,2024-Q4,ap
097800,윈팩,2025-Q2,ap
036200,유니셈,2023-Q2,ar
036200,유니셈,2024-Q3,ap
036200,유니셈,2023-Q3,ar
036200,유니셈,2025-Q1,ar
036200,유니셈,2020-Q2,ap
036200,유니셈,2022-Q2,ar
036200,유니셈,2023-Q2,ap
036200,유니셈,2024-Q1,ap
036200,유니셈,2022-Q3,ar
036200,유니셈,2022-Q1,ap
036200,유니셈,2023-Q1,ar
036200,유니셈,2023-Q3,ap
036200,유니셈,2024-Q2,ar
036200,유니셈,2024-Q4,ar
036200,유니셈,2022-Q4,ar
036200,유니셈,2025-Q1,ap
036200,유니셈,2021-Q2,ar
036200,유니셈,2022-Q2,ap
036200,유니셈,2020-Q1,ar
036200,유니셈,2021-Q1,ar
036200,유니셈,2023-Q1,ap
036200,유니셈,2022-Q3,ap
036200,유니셈,2024-Q2,ap
036200,유니셈,2024-Q4,ap
036200,유니셈,2021-Q3,ar
036200,유니셈,2022-Q4,ap
036200,유니셈,2020-Q3,ar
036200,유니셈,2025-Q2,ap
036200,유니셈,2025-Q3,ar
036200,유니셈,2021-Q1,ap
036200,유니셈,2023-Q4,ar
036200,유니셈,2021-Q2,ap
036200,유니셈,2021-Q3,ap
036200,유니셈,2020-Q1,ap
036200,유니셈,2020-Q3,ap
036200,유니셈,2021-Q4,ar
036200,유니셈,2020-Q4,ar
036200,유니셈,2023-Q4,ap
036200,유니셈,2025-Q2,ar
036200,유니셈,2025-Q3,ap
036200,유니셈,2024-Q3,ar
036200,유니셈,2021-Q4,ap
036200,유니셈,2024-Q1,ar
036200,유니셈,2020-Q4,ap
036200,유니셈,2022-Q1,ar
036200,유니셈,2020-Q2,ar
011320,유니크,2024-Q3,ap
011320,유니크,2020-Q2,ap
011320,유니크,2023-Q2,ap
011320,유니크,2024-Q1,ap
011320,유니크,2023-Q3,ap
011320,유니크,2022-Q1,ap
011320,유니크,2025-Q1,ap
011320,유니크,2023-Q1,ap
011320,유니크,2022-Q2,ap
011320,유니크,2024-Q2,ap
011320,유니크,2022-Q3,ap
011320,유니크,2024-Q4,ap
011320,유니크,2022-Q4,ap
011320,유니크,2021-Q1,ap
011320,유니크,2021-Q2,ap
011320,유니크,2021-Q3,ap
011320,유니크,2020-Q1,ap
011320,유니크,2020-Q3,ap
011320,유니크,2025-Q3,ap
011320,유니크,2023-Q4,ap
011320,유니크,2021-Q4,ap
011320,유니크,2020-Q4,ap
011320,유니크,2025-Q2,ap
241690,유니테크노,2022-Q4,current_liab
241690,유니테크노,2022-Q4,current_assets
086390,유니테스트,2022-Q3,capex
086390,유니테스트,2023-Q1,capex
086390,유니테스트,2022-Q4,capex
086390,유니테스트,2021-Q2,capex
086390,유니테스트,2021-Q3,capex
086390,유니테스트,2020-Q1,capex
086390,유니테스트,2021-Q1,capex
086390,유니테스트,2020-Q3,capex
086390,유니테스트,2025-Q3,capex
086390,유니테스트,2023-Q4,capex
086390,유니테스트,2021-Q4,capex
086390,유니테스트,2020-Q4,capex
086390,유니테스트,2024-Q3,capex
086390,유니테스트,2024-Q1,capex
086390,유니테스트,2022-Q1,capex
086390,유니테스트,2020-Q2,capex
086390,유니테스트,2023-Q2,capex
086390,유니테스트,2023-Q3,capex
086390,유니테스트,2025-Q1,capex
086390,유니테스트,2022-Q2,capex
084440,유비온,2022-Q4,capex
084440,유비온,2022-Q3,capex
142210,유니트론텍,2022-Q3,ap
142210,유니트론텍,2021-Q1,ap
142210,유니트론텍,2021-Q2,ap
142210,유니트론텍,2021-Q3,ap
142210,유니트론텍,2020-Q1,ap
142210,유니트론텍,2023-Q1,ap
142210,유니트론텍,2022-Q2,ap
142210,유니트론텍,2020-Q3,ap
142210,유니트론텍,2020-Q2,ap
142210,유니트론텍,2021-Q4,ap
142210,유니트론텍,2023-Q3,ap
142210,유니트론텍,2022-Q1,ap
142210,유니트론텍,2020-Q4,ap
142210,유니트론텍,2022-Q4,ap
089850,유비벨록스,2025-Q3,ap
446150,유안타제12호스팩,2024-Q2,capex
446150,유안타제12호스팩,2024-Q4,capex
446150,유안타제12호스팩,2025-Q1,cogs
446150,유안타제12호스팩,2025-Q3,inventory
446150,유안타제12호스팩,2023-Q4,inventory
446150,유안타제12호스팩,2024-Q4,cogs
446150,유안타제12호스팩,2024-Q2,ar
446150,유안타제12호스팩,2024-Q1,revenue
446150,유안타제12호스팩,2024-Q2,cogs
446150,유안타제12호스팩,2025-Q3,capex
446150,유안타제12호스팩,2023-Q4,capex
446150,유안타제12호스팩,2025-Q2,inventory
446150,유안타제12호스팩,2024-Q2,ap
446150,유안타제12호스팩,2024-Q3,inventory
446150,유안타제12호스팩,2025-Q3,cogs
446150,유안타제12호스팩,2023-Q4,cogs
446150,유안타제12호스팩,2025-Q2,capex
446150,유안타제12호스팩,2024-Q1,inventory
446150,유안타제12호스팩,2024-Q3,capex
446150,유안타제12호스팩,2023-Q3,inventory
446150,유안타제12호스팩,2025-Q1,inventory
446150,유안타제12호스팩,2024-Q1,capex
446150,유안타제12호스팩,2025-Q2,cogs
446150,유안타제12호스팩,2023-Q4,revenue
446150,유안타제12호스팩,2024-Q2,inventory
446150,유안타제12호스팩,2023-Q3,capex
446150,유안타제12호스팩,2024-Q3,cogs
446150,유안타제12호스팩,2024-Q4,inventory
446150,유안타제12호스팩,2025-Q1,capex
446150,유안타제12호스팩,2024-Q1,cogs
444920,유안타제11호스팩,2024-Q2,capex
444920,유안타제11호스팩,2024-Q4,capex
444920,유안타제11호스팩,2025-Q1,cogs
444920,유안타제11호스팩,2025-Q3,inventory
444920,유안타제11호스팩,2023-Q4,inventory
444920,유안타제11호스팩,2024-Q4,cogs
444920,유안타제11호스팩,2024-Q2,cogs
444920,유안타제11호스팩,2025-Q3,capex
444920,유안타제11호스팩,2023-Q4,capex
444920,유안타제11호스팩,2025-Q2,inventory
444920,유안타제11호스팩,2024-Q3,inventory
444920,유안타제11호스팩,2025-Q3,cogs
444920,유안타제11호스팩,2023-Q4,cogs
444920,유안타제11호스팩,2025-Q2,capex
444920,유안타제11호스팩,2024-Q1,inventory
444920,유안타제11호스팩,2024-Q3,capex
444920,유안타제11호스팩,2023-Q3,inventory
444920,유안타제11호스팩,2025-Q1,inventory
444920,유안타제11호스팩,2024-Q1,capex
444920,유안타제11호스팩,2025-Q2,cogs
444920,유안타제11호스팩,2024-Q2,inventory
444920,유안타제11호스팩,2024-Q3,cogs
444920,유안타제11호스팩,2023-Q3,capex
444920,유안타제11호스팩,2024-Q4,inventory
444920,유안타제11호스팩,2025-Q1,capex
444920,유안타제11호스팩,2024-Q1,cogs
032620,유비케어,2021-Q4,capex
032620,유비케어,2020-Q1,capex
032620,유비케어,2023-Q1,capex
032620,유비케어,2022-Q1,capex
032620,유비케어,2020-Q3,capex
032620,유비케어,2020-Q4,capex
032620,유비케어,2020-Q2,capex
032620,유비케어,2024-Q2,capex
032620,유비케어,2024-Q4,capex
032620,유비케어,2025-Q2,capex
032620,유비케어,2024-Q3,capex
032620,유비케어,2025-Q3,capex
032620,유비케어,2025-Q1,capex
032620,유비케어,2021-Q2,capex
032620,유비케어,2021-Q3,capex
032620,유비케어,2021-Q1,capex
032620,유비케어,2022-Q2,capex
264450,유비쿼스,2022-Q3,capex
264450,유비쿼스,2023-Q1,capex
264450,유비쿼스,2024-Q2,capex
264450,유비쿼스,2024-Q4,capex
264450,유비쿼스,2022-Q4,capex
264450,유비쿼스,2021-Q2,capex
264450,유비쿼스,2021-Q3,capex
264450,유비쿼스,2020-Q1,capex
264450,유비쿼스,2021-Q1,capex
264450,유비쿼스,2020-Q3,capex
264450,유비쿼스,2025-Q3,capex
264450,유비쿼스,2023-Q4,capex
264450,유비쿼스,2021-Q4,capex
264450,유비쿼스,2020-Q4,capex
264450,유비쿼스,2025-Q2,capex
264450,유비쿼스,2024-Q3,capex
264450,유비쿼스,2024-Q1,capex
264450,유비쿼스,2022-Q1,capex
264450,유비쿼스,2020-Q2,capex
264450,유비쿼스,2023-Q2,capex
264450,유비쿼스,2023-Q3,capex
264450,유비쿼스,2025-Q1,capex
264450,유비쿼스,2022-Q2,capex
449020,유안타제13호스팩,2023-Q3,cogs
449020,유안타제13호스팩,2024-Q2,capex
449020,유안타제13호스팩,2024-Q4,capex
449020,유안타제13호스팩,2024-Q3,revenue
449020,유안타제13호스팩,2025-Q1,cogs
449020,유안타제13호스팩,2023-Q4,inventory
449020,유안타제13호스팩,2024-Q4,cogs
449020,유안타제13호스팩,2024-Q1,revenue
449020,유안타제13호스팩,2024-Q2,cogs
449020,유안타제13호스팩,2023-Q4,capex
449020,유안타제13호스팩,2025-Q2,inventory
449020,유안타제13호스팩,2024-Q3,inventory
449020,유안타제13호스팩,2023-Q4,current_assets
449020,유안타제13호스팩,2023-Q4,cogs
449020,유안타제13호스팩,2025-Q2,capex
449020,유안타제13호스팩,2024-Q1,inventory
449020,유안타제13호스팩,2024-Q3,capex
449020,유안타제13호스팩,2023-Q3,inventory
449020,유안타제13호스팩,2025-Q1,inventory
449020,유안타제13호스팩,2024-Q1,capex
449020,유안타제13호스팩,2025-Q2,cogs
449020,유안타제13호스팩,2023-Q4,revenue
449020,유안타제13호스팩,2024-Q2,inventory
449020,유안타제13호스팩,2023-Q3,capex
449020,유안타제13호스팩,2024-Q3,cogs
449020,유안타제13호스팩,2024-Q4,inventory
449020,유안타제13호스팩,2025-Q1,capex
449020,유안타제13호스팩,2023-Q3,current_assets
449020,유안타제13호스팩,2024-Q1,cogs
450940,유안타제14호스팩,2023-Q3,cogs
450940,유안타제14호스팩,2024-Q2,capex
450940,유안타제14호스팩,2024-Q4,capex
450940,유안타제14호스팩,2025-Q2,revenue
450940,유안타제14호스팩,2024-Q3,revenue
450940,유안타제14호스팩,2025-Q1,cogs
450940,유안타제14호스팩,2025-Q3,inventory
450940,유안타제14호스팩,2023-Q4,inventory
450940,유안타제14호스팩,2024-Q4,cogs
450940,유안타제14호스팩,2024-Q1,revenue
450940,유안타제14호스팩,2024-Q2,cogs
450940,유안타제14호스팩,2023-Q3,revenue
450940,유안타제14호스팩,2025-Q3,capex
450940,유안타제14호스팩,2023-Q4,capex
450940,유안타제14호스팩,2025-Q1,revenue
450940,유안타제14호스팩,2025-Q2,inventory
450940,유안타제14호스팩,2024-Q3,inventory
450940,유안타제14호스팩,2024-Q2,revenue
450940,유안타제14호스팩,2024-Q4,revenue
450940,유안타제14호스팩,2025-Q3,cogs
450940,유안타제14호스팩,2023-Q4,cogs
450940,유안타제14호스팩,2025-Q2,capex
450940,유안타제14호스팩,2024-Q1,inventory
450940,유안타제14호스팩,2024-Q3,capex
450940,유안타제14호스팩,2023-Q3,inventory
450940,유안타제14호스팩,2025-Q1,inventory
450940,유안타제14호스팩,2024-Q1,capex
450940,유안타제14호스팩,2025-Q2,cogs
450940,유안타제14호스팩,2025-Q3,revenue
450940,유안타제14호스팩,2023-Q4,revenue
450940,유안타제14호스팩,2024-Q2,inventory
450940,유안타제14호스팩,2023-Q3,capex
450940,유안타제14호스팩,2024-Q3,cogs
450940,유안타제14호스팩,2024-Q4,inventory
450940,유안타제14호스팩,2025-Q1,capex
450940,유안타제14호스팩,2024-Q1,cogs
493790,유안타제17호스팩,2024-Q4,revenue
493790,유안타제17호스팩,2024-Q4,ar
493790,유안타제17호스팩,2025-Q2,cogs
493790,유안타제17호스팩,2025-Q3,cogs
493790,유안타제17호스팩,2024-Q4,capex
493790,유안타제17호스팩,2025-Q2,revenue
493790,유안타제17호스팩,2025-Q2,capex
493790,유안타제17호스팩,2024-Q4,inventory
493790,유안타제17호스팩,2025-Q3,revenue
493790,유안타제17호스팩,2025-Q1,cogs
493790,유안타제17호스팩,2025-Q3,capex
493790,유안타제17호스팩,2025-Q1,revenue
493790,유안타제17호스팩,2025-Q1,capex
493790,유안타제17호스팩,2025-Q2,inventory
493790,유안타제17호스팩,2025-Q3,inventory
493790,유안타제17호스팩,2024-Q4,cogs
493790,유안타제17호스팩,2025-Q1,inventory
054930,유신,2020-Q2,inventory
054930,유신,2020-Q1,inventory
078070,유비쿼스홀딩스,2022-Q3,capex
078070,유비쿼스홀딩스,2023-Q1,capex
078070,유비쿼스홀딩스,2024-Q2,capex
078070,유비쿼스홀딩스,2024-Q4,capex
078070,유비쿼스홀딩스,2022-Q4,capex
078070,유비쿼스홀딩스,2021-Q2,capex
078070,유비쿼스홀딩스,2021-Q3,capex
078070,유비쿼스홀딩스,2020-Q1,capex
078070,유비쿼스홀딩스,2021-Q1,capex
078070,유비쿼스홀딩스,2020-Q3,capex
078070,유비쿼스홀딩스,2025-Q3,capex
078070,유비쿼스홀딩스,2023-Q4,capex
078070,유비쿼스홀딩스,2021-Q4,capex
078070,유비쿼스홀딩스,2020-Q4,capex
078070,유비쿼스홀딩스,2025-Q2,capex
078070,유비쿼스홀딩스,2024-Q3,capex
078070,유비쿼스홀딩스,2024-Q1,capex
078070,유비쿼스홀딩스,2022-Q1,capex
078070,유비쿼스홀딩스,2020-Q2,capex
078070,유비쿼스홀딩스,2023-Q2,capex
078070,유비쿼스홀딩스,2023-Q3,capex
078070,유비쿼스홀딩스,2025-Q1,capex
078070,유비쿼스홀딩스,2022-Q2,capex
473050,유안타제15호스팩,2024-Q3,ap
473050,유안타제15호스팩,2024-Q2,capex
473050,유안타제15호스팩,2024-Q4,capex
473050,유안타제15호스팩,2025-Q2,revenue
473050,유안타제15호스팩,2025-Q1,cogs
473050,유안타제15호스팩,2025-Q3,inventory
473050,유안타제15호스팩,2023-Q4,inventory
473050,유안타제15호스팩,2024-Q4,cogs
473050,유안타제15호스팩,2024-Q2,ar
473050,유안타제15호스팩,2024-Q4,ar
473050,유안타제15호스팩,2024-Q1,revenue
473050,유안타제15호스팩,2024-Q2,cogs
473050,유안타제15호스팩,2025-Q3,capex
473050,유안타제15호스팩,2023-Q4,capex
473050,유안타제15호스팩,2025-Q1,revenue
473050,유안타제15호스팩,2025-Q2,inventory
473050,유안타제15호스팩,2024-Q2,ap
473050,유안타제15호스팩,2024-Q4,ap
473050,유안타제15호스팩,2024-Q3,inventory
473050,유안타제15호스팩,2024-Q2,revenue
473050,유안타제15호스팩,2025-Q3,cogs
473050,유안타제15호스팩,2023-Q4,cogs
473050,유안타제15호스팩,2025-Q2,capex
473050,유안타제15호스팩,2023-Q4,ar
473050,유안타제15호스팩,2024-Q1,inventory
473050,유안타제15호스팩,2024-Q3,capex
473050,유안타제15호스팩,2025-Q1,inventory
473050,유안타제15호스팩,2023-Q4,ap
473050,유안타제15호스팩,2024-Q1,capex
473050,유안타제15호스팩,2025-Q2,cogs
473050,유안타제15호스팩,2024-Q3,ar
473050,유안타제15호스팩,2025-Q3,revenue
473050,유안타제15호스팩,2023-Q4,revenue
473050,유안타제15호스팩,2024-Q2,inventory
473050,유안타제15호스팩,2024-Q3,cogs
473050,유안타제15호스팩,2024-Q4,inventory
473050,유안타제15호스팩,2025-Q1,capex
473050,유안타제15호스팩,2024-Q1,cogs
474490,유안타제16호스팩,2024-Q2,cogs
474490,유안타제16호스팩,2025-Q2,cogs
474490,유안타제16호스팩,2025-Q3,cogs
474490,유안타제16호스팩,2024-Q2,capex
474490,유안타제16호스팩,2024-Q4,capex
474490,유안타제16호스팩,2025-Q2,capex
474490,유안타제16호스팩,2024-Q2,inventory
474490,유안타제16호스팩,2024-Q3,cogs
474490,유안타제16호스팩,2024-Q4,inventory
474490,유안타제16호스팩,2024-Q3,capex
474490,유안타제16호스팩,2025-Q1,cogs
474490,유안타제16호스팩,2025-Q3,capex
474490,유안타제16호스팩,2025-Q2,inventory
474490,유안타제16호스팩,2025-Q1,capex
474490,유안타제16호스팩,2025-Q3,inventory
474490,유안타제16호스팩,2024-Q3,inventory
474490,유안타제16호스팩,2024-Q4,cogs
474490,유안타제16호스팩,2025-Q1,inventory
069330,유아이디,2024-Q2,net_income
488060,유진스팩11호,2024-Q4,op_income
488060,유진스팩11호,2024-Q4,capex
488060,유진스팩11호,2025-Q1,ar
488060,유진스팩11호,2025-Q1,cogs
488060,유진스팩11호,2025-Q3,inventory
488060,유진스팩11호,2024-Q4,cogs
488060,유진스팩11호,2024-Q4,ar
488060,유진스팩11호,2025-Q1,ap
488060,유진스팩11호,2025-Q3,op_income
488060,유진스팩11호,2025-Q3,capex
488060,유진스팩11호,2025-Q3,total_equity
488060,유진스팩11호,2025-Q2,inventory
488060,유진스팩11호,2024-Q4,ap
488060,유진스팩11호,2025-Q3,cogs
488060,유진스팩11호,2025-Q3,ar
488060,유진스팩11호,2025-Q2,capex
488060,유진스팩11호,2025-Q2,op_income
488060,유진스팩11호,2025-Q1,inventory
488060,유진스팩11호,2025-Q3,ap
488060,유진스팩11호,2025-Q2,ar
488060,유진스팩11호,2025-Q2,cogs
488060,유진스팩11호,2025-Q3,revenue
488060,유진스팩11호,2024-Q4,inventory
488060,유진스팩11호,2025-Q1,capex
488060,유진스팩11호,2025-Q1,op_income
488060,유진스팩11호,2025-Q2,ap
468760,유진스팩10호,2024-Q3,ap
468760,유진스팩10호,2024-Q2,capex
468760,유진스팩10호,2024-Q4,capex
468760,유진스팩10호,2025-Q1,cogs
468760,유진스팩10호,2025-Q3,inventory
468760,유진스팩10호,2023-Q4,inventory
468760,유진스팩10호,2024-Q1,ap
468760,유진스팩10호,2024-Q4,cogs
468760,유진스팩10호,2024-Q2,cogs
468760,유진스팩10호,2025-Q1,ap
468760,유진스팩10호,2025-Q3,capex
468760,유진스팩10호,2023-Q4,capex
468760,유진스팩10호,2025-Q2,inventory
468760,유진스팩10호,2024-Q2,ap
468760,유진스팩10호,2024-Q4,ap
468760,유진스팩10호,2024-Q3,inventory
468760,유진스팩10호,2025-Q2,ap
468760,유진스팩10호,2025-Q3,cogs
468760,유진스팩10호,2023-Q4,cogs
468760,유진스팩10호,2025-Q3,ar
468760,유진스팩10호,2025-Q2,capex
468760,유진스팩10호,2023-Q4,ar
468760,유진스팩10호,2024-Q1,inventory
468760,유진스팩10호,2024-Q3,capex
468760,유진스팩10호,2025-Q1,inventory
468760,유진스팩10호,2025-Q3,ap
468760,유진스팩10호,2023-Q4,ap
468760,유진스팩10호,2024-Q1,capex
468760,유진스팩10호,2025-Q2,cogs
468760,유진스팩10호,2024-Q2,inventory
468760,유진스팩10호,2024-Q3,cogs
468760,유진스팩10호,2024-Q4,inventory
468760,유진스팩10호,2025-Q1,capex
468760,유진스팩10호,2024-Q1,ar
468760,유진스팩10호,2024-Q1,cogs
388720,유일로보틱스,2022-Q4,ap
263770,유에스티,2023-Q4,net_income
263770,유에스티,2025-Q1,capex
263050,유틸렉스,2023-Q1,capex
263050,유틸렉스,2023-Q2,cogs
263050,유틸렉스,2020-Q3,inventory
263050,유틸렉스,2020-Q2,ap
263050,유틸렉스,2023-Q2,ap
263050,유틸렉스,2022-Q1,ap
263050,유틸렉스,2023-Q3,ap
263050,유틸렉스,2022-Q3,cogs
263050,유틸렉스,2020-Q2,revenue
263050,유틸렉스,2023-Q2,revenue
263050,유틸렉스,2022-Q1,revenue
263050,유틸렉스,2022-Q4,cogs
263050,유틸렉스,2020-Q3,capex
263050,유틸렉스,2023-Q3,revenue
263050,유틸렉스,2025-Q1,ap
263050,유틸렉스,2021-Q2,cogs
263050,유틸렉스,2021-Q3,cogs
263050,유틸렉스,2021-Q4,capex
263050,유틸렉스,2020-Q1,ap
263050,유틸렉스,2025-Q3,ap
263050,유틸렉스,2022-Q1,capex
263050,유틸렉스,2020-Q4,ap
263050,유틸렉스,2021-Q1,inventory
263050,유틸렉스,2020-Q1,inventory
263050,유틸렉스,2025-Q2,ap
263050,유틸렉스,2020-Q4,revenue
263050,유틸렉스,2023-Q4,inventory
263050,유틸렉스,2023-Q1,cogs
263050,유틸렉스,2022-Q2,cogs
263050,유틸렉스,2021-Q1,capex
263050,유틸렉스,2024-Q1,revenue
263050,유틸렉스,2021-Q4,inventory
263050,유틸렉스,2023-Q4,capex
263050,유틸렉스,2024-Q2,ap
263050,유틸렉스,2022-Q3,ap
263050,유틸렉스,2020-Q3,cogs
263050,유틸렉스,2022-Q4,ap
263050,유틸렉스,2022-Q3,revenue
263050,유틸렉스,2020-Q4,capex
263050,유틸렉스,2022-Q4,revenue
263050,유틸렉스,2020-Q2,inventory
263050,유틸렉스,2023-Q2,inventory
263050,유틸렉스,2021-Q2,ap
263050,유틸렉스,2021-Q3,ap
263050,유틸렉스,2022-Q1,inventory
263050,유틸렉스,2023-Q3,inventory
263050,유틸렉스,2021-Q2,revenue
263050,유틸렉스,2021-Q3,revenue
263050,유틸렉스,2024-Q1,capex
263050,유틸렉스,2022-Q3,inventory
263050,유틸렉스,2020-Q2,capex
263050,유틸렉스,2023-Q2,capex
263050,유틸렉스,2023-Q3,capex
263050,유틸렉스,2022-Q3,capex
263050,유틸렉스,2021-Q2,capex
263050,유틸렉스,2021-Q3,capex
263050,유틸렉스,2021-Q1,cogs
263050,유틸렉스,2020-Q4,inventory
263050,유틸렉스,2022-Q2,ap
263050,유틸렉스,2023-Q1,ap
263050,유틸렉스,2024-Q4,ap
263050,유틸렉스,2023-Q1,revenue
263050,유틸렉스,2022-Q2,revenue
263050,유틸렉스,2023-Q4,cogs
263050,유틸렉스,2020-Q3,ap
263050,유틸렉스,2021-Q4,cogs
263050,유틸렉스,2020-Q3,revenue
263050,유틸렉스,2022-Q4,inventory
263050,유틸렉스,2020-Q2,cogs
263050,유틸렉스,2022-Q2,capex
263050,유틸렉스,2022-Q1,cogs
263050,유틸렉스,2023-Q3,cogs
263050,유틸렉스,2021-Q2,inventory
263050,유틸렉스,2021-Q3,inventory
263050,유틸렉스,2024-Q3,ap
263050,유틸렉스,2024-Q2,capex
263050,유틸렉스,2022-Q4,capex
263050,유틸렉스,2020-Q1,cogs
263050,유틸렉스,2024-Q1,cogs
263050,유틸렉스,2021-Q1,ap
263050,유틸렉스,2024-Q3,capex
263050,유틸렉스,2021-Q1,revenue
263050,유틸렉스,2020-Q4,cogs
263050,유틸렉스,2023-Q1,inventory
263050,유틸렉스,2022-Q2,inventory
263050,유틸렉스,2023-Q4,revenue
263050,유틸렉스,2021-Q4,ap
263050,유틸렉스,2021-Q4,revenue
191410,육일씨엔에쓰,2020-Q3,capex
191410,육일씨엔에쓰,2020-Q2,capex
191410,육일씨엔에쓰,2022-Q2,ap
191410,육일씨엔에쓰,2022-Q3,ap
191410,육일씨엔에쓰,2022-Q1,ap
191410,육일씨엔에쓰,2021-Q2,capex
191410,육일씨엔에쓰,2021-Q3,capex
191410,육일씨엔에쓰,2020-Q1,capex
462350,이노스페이스,2024-Q2,revenue
462350,이노스페이스,2024-Q1,revenue
462350,이노스페이스,2024-Q2,cogs
462350,이노스페이스,2024-Q3,cogs
462350,이노스페이스,2024-Q3,revenue
462350,이노스페이스,2024-Q1,cogs
072770,율호,2022-Q3,capex
072770,율호,2023-Q1,capex
072770,율호,2024-Q2,capex
072770,율호,2024-Q4,capex
072770,율호,2022-Q4,capex
072770,율호,2021-Q2,capex
072770,율호,2021-Q3,capex
072770,율호,2020-Q1,capex
072770,율호,2021-Q1,capex
072770,율호,2020-Q3,capex
072770,율호,2023-Q4,capex
072770,율호,2021-Q4,capex
072770,율호,2020-Q4,capex
072770,율호,2025-Q2,capex
072770,율호,2024-Q3,capex
072770,율호,2023-Q3,net_income
072770,율호,2024-Q1,capex
072770,율호,2022-Q1,capex
072770,율호,2020-Q2,capex
072770,율호,2023-Q2,capex
072770,율호,2023-Q3,capex
072770,율호,2025-Q1,capex
072770,율호,2022-Q2,capex
296640,이노룰스,2022-Q3,capex
296640,이노룰스,2023-Q1,capex
296640,이노룰스,2024-Q2,capex
296640,이노룰스,2024-Q4,capex
296640,이노룰스,2022-Q4,capex
296640,이노룰스,2025-Q3,inventory
296640,이노룰스,2023-Q4,inventory
296640,이노룰스,2025-Q3,capex
296640,이노룰스,2023-Q4,capex
296640,이노룰스,2025-Q2,inventory
296640,이노룰스,2024-Q3,inventory
296640,이노룰스,2025-Q2,capex
296640,이노룰스,2023-Q2,inventory
296640,이노룰스,2024-Q1,inventory
296640,이노룰스,2024-Q3,capex
296640,이노룰스,2023-Q3,inventory
296640,이노룰스,2025-Q1,inventory
296640,이노룰스,2024-Q1,capex
296640,이노룰스,2022-Q3,inventory
296640,이노룰스,2023-Q1,inventory
296640,이노룰스,2023-Q2,capex
296640,이노룰스,2024-Q2,inventory
296640,이노룰스,2024-Q4,inventory
296640,이노룰스,2023-Q3,capex
296640,이노룰스,2022-Q3,interest_expense
296640,이노룰스,2022-Q4,inventory
296640,이노룰스,2025-Q1,capex
274400,이노시뮬레이션,2024-Q3,ap
274400,이노시뮬레이션,2024-Q2,capex
274400,이노시뮬레이션,2024-Q4,capex
274400,이노시뮬레이션,2023-Q2,ap
274400,이노시뮬레이션,2024-Q1,ap
274400,이노시뮬레이션,2023-Q3,ap
274400,이노시뮬레이션,2025-Q1,ap
274400,이노시뮬레이션,2025-Q3,capex
274400,이노시뮬레이션,2023-Q4,capex
274400,이노시뮬레이션,2024-Q2,ap
274400,이노시뮬레이션,2024-Q4,ap
274400,이노시뮬레이션,2025-Q2,capex
274400,이노시뮬레이션,2024-Q3,capex
274400,이노시뮬레이션,2025-Q3,ap
274400,이노시뮬레이션,2023-Q4,ap
274400,이노시뮬레이션,2024-Q1,capex
274400,이노시뮬레이션,2023-Q2,capex
274400,이노시뮬레이션,2023-Q3,capex
274400,이노시뮬레이션,2025-Q1,capex
274400,이노시뮬레이션,2025-Q2,ap
067920,이글루,2022-Q1,cogs
067920,이글루,2023-Q3,cogs
067920,이글루,2023-Q2,cogs
067920,이글루,2020-Q4,revenue
067920,이글루,2025-Q2,revenue
067920,이글루,2024-Q3,revenue
067920,이글루,2025-Q1,cogs
067920,이글루,2023-Q1,cogs
067920,이글루,2022-Q2,cogs
067920,이글루,2022-Q3,cogs
067920,이글루,2020-Q2,revenue
067920,이글루,2023-Q2,revenue
067920,이글루,2024-Q4,cogs
067920,이글루,2024-Q1,revenue
067920,이글루,2024-Q2,cogs
067920,이글루,2022-Q1,revenue
067920,이글루,2022-Q4,cogs
067920,이글루,2023-Q3,revenue
067920,이글루,2021-Q1,cogs
067920,이글루,2025-Q1,revenue
067920,이글루,2025-Q2,inventory
067920,이글루,2021-Q2,cogs
067920,이글루,2021-Q3,cogs
067920,이글루,2020-Q1,cogs
067920,이글루,2024-Q1,cogs
067920,이글루,2020-Q3,cogs
067920,이글루,2022-Q2,revenue
067920,이글루,2023-Q1,revenue
067920,이글루,2024-Q2,revenue
067920,이글루,2022-Q3,revenue
067920,이글루,2024-Q4,revenue
067920,이글루,2025-Q3,cogs
067920,이글루,2022-Q4,revenue
067920,이글루,2023-Q4,cogs
067920,이글루,2021-Q1,revenue
067920,이글루,2021-Q2,revenue
067920,이글루,2021-Q3,revenue
067920,이글루,2020-Q1,revenue
067920,이글루,2021-Q4,cogs
067920,이글루,2020-Q3,revenue
067920,이글루,2025-Q1,inventory
067920,이글루,2020-Q4,cogs
067920,이글루,2025-Q2,cogs
067920,이글루,2025-Q3,revenue
067920,이글루,2023-Q4,revenue
067920,이글루,2024-Q3,cogs
067920,이글루,2020-Q2,cogs
067920,이글루,2021-Q4,revenue
044960,이글벳,2022-Q3,capex
044960,이글벳,2023-Q1,capex
044960,이글벳,2024-Q2,capex
044960,이글벳,2024-Q4,capex
044960,이글벳,2022-Q4,capex
044960,이글벳,2021-Q2,capex
044960,이글벳,2021-Q3,capex
044960,이글벳,2020-Q1,capex
044960,이글벳,2021-Q1,capex
044960,이글벳,2020-Q3,capex
044960,이글벳,2025-Q3,capex
044960,이글벳,2023-Q4,capex
044960,이글벳,2021-Q4,capex
044960,이글벳,2020-Q4,capex
044960,이글벳,2025-Q2,capex
044960,이글벳,2024-Q3,capex
044960,이글벳,2024-Q1,capex
044960,이글벳,2022-Q1,capex
044960,이글벳,2020-Q2,capex
044960,이글벳,2023-Q2,capex
044960,이글벳,2023-Q3,capex
044960,이글벳,2025-Q1,capex
044960,이글벳,2022-Q2,capex
344860,이노진,2024-Q1,capex
344860,이노진,2023-Q1,capex
344860,이노진,2023-Q2,capex
344860,이노진,2024-Q2,capex
344860,이노진,2023-Q3,capex
344860,이노진,2024-Q3,capex
344860,이노진,2022-Q4,capex
344860,이노진,2023-Q4,capex
302430,이노메트리,2020-Q2,net_income
302430,이노메트리,2023-Q3,net_income
424870,이뮨온시아,2025-Q3,cogs
424870,이뮨온시아,2025-Q2,cogs
424870,이뮨온시아,2025-Q3,ap
424870,이뮨온시아,2025-Q3,inventory
424870,이뮨온시아,2025-Q2,inventory
424870,이뮨온시아,2025-Q2,ap
478110,이베스트스팩6호,2024-Q3,ap
478110,이베스트스팩6호,2024-Q4,capex
478110,이베스트스팩6호,2025-Q1,ar
478110,이베스트스팩6호,2025-Q1,cogs
478110,이베스트스팩6호,2025-Q3,inventory
478110,이베스트스팩6호,2024-Q4,cogs
478110,이베스트스팩6호,2024-Q4,ar
478110,이베스트스팩6호,2025-Q1,ap
478110,이베스트스팩6호,2025-Q3,capex
478110,이베스트스팩6호,2025-Q2,inventory
478110,이베스트스팩6호,2024-Q4,ap
478110,이베스트스팩6호,2024-Q3,inventory
478110,이베스트스팩6호,2025-Q3,cogs
478110,이베스트스팩6호,2025-Q3,ar
478110,이베스트스팩6호,2025-Q2,capex
478110,이베스트스팩6호,2024-Q3,capex
478110,이베스트스팩6호,2025-Q1,inventory
478110,이베스트스팩6호,2025-Q3,ap
478110,이베스트스팩6호,2025-Q2,ar
478110,이베스트스팩6호,2025-Q2,cogs
478110,이베스트스팩6호,2024-Q3,ar
478110,이베스트스팩6호,2024-Q3,cogs
478110,이베스트스팩6호,2024-Q4,inventory
478110,이베스트스팩6호,2025-Q1,capex
478110,이베스트스팩6호,2025-Q2,ap
215790,이노인스트루먼트,2024-Q4,total_assets
088390,이녹스,2023-Q3,cogs
088390,이녹스,2024-Q2,cogs
088390,이녹스,2025-Q2,cogs
088390,이녹스,2025-Q3,cogs
088390,이녹스,2023-Q4,cogs
088390,이녹스,2024-Q3,cogs
088390,이녹스,2025-Q1,cogs
088390,이녹스,2024-Q4,cogs
088390,이녹스,2024-Q1,cogs
053350,이니텍,2021-Q1,interest_expense
053350,이니텍,2021-Q2,interest_expense
053350,이니텍,2021-Q3,interest_expense
053350,이니텍,2020-Q1,interest_expense
053350,이니텍,2020-Q3,interest_expense
053350,이니텍,2025-Q3,inventory
053350,이니텍,2025-Q3,interest_expense
053350,이니텍,2023-Q4,interest_expense
053350,이니텍,2021-Q4,interest_expense
053350,이니텍,2025-Q2,inventory
053350,이니텍,2020-Q4,interest_expense
053350,이니텍,2025-Q2,interest_expense
053350,이니텍,2024-Q3,interest_expense
053350,이니텍,2020-Q2,interest_expense
053350,이니텍,2024-Q1,interest_expense
053350,이니텍,2022-Q1,interest_expense
053350,이니텍,2023-Q3,interest_expense
053350,이니텍,2023-Q2,interest_expense
053350,이니텍,2025-Q1,inventory
053350,이니텍,2025-Q1,interest_expense
053350,이니텍,2023-Q1,interest_expense
053350,이니텍,2022-Q2,interest_expense
053350,이니텍,2022-Q3,interest_expense
053350,이니텍,2024-Q4,interest_expense
053350,이니텍,2024-Q2,interest_expense
053350,이니텍,2022-Q4,interest_expense
054210,이랜텍,2023-Q3,ap
054210,이랜텍,2021-Q1,ap
054210,이랜텍,2021-Q2,ap
054210,이랜텍,2021-Q3,ap
054210,이랜텍,2020-Q1,ap
054210,이랜텍,2023-Q1,ap
054210,이랜텍,2020-Q3,ap
054210,이랜텍,2020-Q2,ap
054210,이랜텍,2021-Q4,ap
054210,이랜텍,2023-Q2,ap
054210,이랜텍,2022-Q1,ap
054210,이랜텍,2020-Q4,ap
054210,이랜텍,2022-Q4,ap
065440,이루온,2022-Q3,capex
065440,이루온,2023-Q1,capex
065440,이루온,2024-Q2,capex
065440,이루온,2024-Q4,capex
065440,이루온,2022-Q4,capex
065440,이루온,2021-Q2,capex
065440,이루온,2021-Q3,capex
065440,이루온,2020-Q1,capex
065440,이루온,2021-Q1,capex
065440,이루온,2020-Q3,capex
065440,이루온,2025-Q3,capex
065440,이루온,2023-Q4,capex
065440,이루온,2021-Q4,capex
065440,이루온,2020-Q4,capex
065440,이루온,2025-Q2,capex
065440,이루온,2024-Q3,capex
065440,이루온,2024-Q1,capex
065440,이루온,2022-Q1,capex
065440,이루온,2020-Q2,capex
065440,이루온,2023-Q2,capex
065440,이루온,2023-Q3,capex
065440,이루온,2025-Q1,capex
065440,이루온,2022-Q2,capex
115610,이미지스,2022-Q3,capex
115610,이미지스,2023-Q1,capex
115610,이미지스,2024-Q2,capex
115610,이미지스,2024-Q4,capex
115610,이미지스,2020-Q1,interest_expense
115610,이미지스,2022-Q4,capex
115610,이미지스,2021-Q2,capex
115610,이미지스,2021-Q3,capex
115610,이미지스,2021-Q1,capex
115610,이미지스,2020-Q1,capex
115610,이미지스,2020-Q3,capex
115610,이미지스,2025-Q3,capex
115610,이미지스,2023-Q4,capex
115610,이미지스,2021-Q4,capex
115610,이미지스,2020-Q4,capex
115610,이미지스,2025-Q2,capex
115610,이미지스,2024-Q3,capex
115610,이미지스,2024-Q1,capex
115610,이미지스,2022-Q1,capex
115610,이미지스,2020-Q2,capex
115610,이미지스,2023-Q2,capex
115610,이미지스,2023-Q3,capex
115610,이미지스,2025-Q1,capex
115610,이미지스,2022-Q2,capex
351330,이삭엔지니어링,2021-Q4,capex
351330,이삭엔지니어링,2022-Q3,capex
351330,이삭엔지니어링,2024-Q1,capex
351330,이삭엔지니어링,2023-Q1,capex
351330,이삭엔지니어링,2022-Q1,capex
351330,이삭엔지니어링,2023-Q2,capex
351330,이삭엔지니어링,2024-Q2,capex
351330,이삭엔지니어링,2024-Q4,capex
351330,이삭엔지니어링,2025-Q2,capex
351330,이삭엔지니어링,2023-Q3,capex
351330,이삭엔지니어링,2024-Q3,capex
351330,이삭엔지니어링,2022-Q4,capex
351330,이삭엔지니어링,2025-Q3,capex
351330,이삭엔지니어링,2023-Q4,capex
351330,이삭엔지니어링,2025-Q1,capex
351330,이삭엔지니어링,2021-Q2,capex
351330,이삭엔지니어링,2021-Q3,capex
351330,이삭엔지니어링,2022-Q2,capex
080010,이상네트웍스,2024-Q3,ap
080010,이상네트웍스,2020-Q2,ap
080010,이상네트웍스,2023-Q2,ap
080010,이상네트웍스,2024-Q1,ap
080010,이상네트웍스,2023-Q3,ap
080010,이상네트웍스,2022-Q1,ap
080010,이상네트웍스,2025-Q1,ap
080010,이상네트웍스,2023-Q1,ap
080010,이상네트웍스,2022-Q2,ap
080010,이상네트웍스,2024-Q2,ap
080010,이상네트웍스,2022-Q3,ap
080010,이상네트웍스,2024-Q4,ap
080010,이상네트웍스,2022-Q4,ap
080010,이상네트웍스,2021-Q1,ap
080010,이상네트웍스,2021-Q2,ap
080010,이상네트웍스,2021-Q3,ap
080010,이상네트웍스,2020-Q1,ap
080010,이상네트웍스,2020-Q3,ap
080010,이상네트웍스,2025-Q3,ap
080010,이상네트웍스,2023-Q4,ap
080010,이상네트웍스,2021-Q4,ap
080010,이상네트웍스,2020-Q4,ap
080010,이상네트웍스,2025-Q2,ap
086890,이수앱지스,2022-Q3,capex
086890,이수앱지스,2023-Q1,capex
086890,이수앱지스,2024-Q2,capex
086890,이수앱지스,2022-Q4,capex
086890,이수앱지스,2021-Q2,capex
086890,이수앱지스,2021-Q3,capex
086890,이수앱지스,2020-Q1,capex
086890,이수앱지스,2021-Q1,capex
086890,이수앱지스,2020-Q3,capex
086890,이수앱지스,2023-Q4,capex
086890,이수앱지스,2021-Q4,capex
086890,이수앱지스,2020-Q4,capex
086890,이수앱지스,2024-Q3,capex
086890,이수앱지스,2024-Q1,capex
086890,이수앱지스,2022-Q1,capex
086890,이수앱지스,2020-Q2,capex
086890,이수앱지스,2023-Q2,capex
086890,이수앱지스,2023-Q3,capex
086890,이수앱지스,2022-Q2,capex
239340,이스트에이드,2022-Q1,cogs
239340,이스트에이드,2023-Q3,cogs
239340,이스트에이드,2021-Q2,inventory
239340,이스트에이드,2021-Q3,inventory
239340,이스트에이드,2023-Q1,capex
239340,이스트에이드,2023-Q2,cogs
239340,이스트에이드,2020-Q3,inventory
239340,이스트에이드,2025-Q1,cogs
239340,이스트에이드,2025-Q3,inventory
239340,이스트에이드,2023-Q4,inventory
239340,이스트에이드,2023-Q1,cogs
239340,이스트에이드,2022-Q2,cogs
239340,이스트에이드,2022-Q3,cogs
239340,이스트에이드,2024-Q4,cogs
239340,이스트에이드,2023-Q2,revenue
239340,이스트에이드,2024-Q2,cogs
239340,이스트에이드,2022-Q1,revenue
239340,이스트에이드,2022-Q4,cogs
239340,이스트에이드,2023-Q3,revenue
239340,이스트에이드,2021-Q4,inventory
239340,이스트에이드,2020-Q1,inventory
239340,이스트에이드,2021-Q1,inventory
239340,이스트에이드,2021-Q1,cogs
239340,이스트에이드,2020-Q4,inventory
239340,이스트에이드,2025-Q2,inventory
239340,이스트에이드,2021-Q2,cogs
239340,이스트에이드,2021-Q3,cogs
239340,이스트에이드,2020-Q1,cogs
239340,이스트에이드,2024-Q3,inventory
239340,이스트에이드,2024-Q1,cogs
239340,이스트에이드,2020-Q3,cogs
239340,이스트에이드,2022-Q2,revenue
239340,이스트에이드,2023-Q1,revenue
239340,이스트에이드,2022-Q3,revenue
239340,이스트에이드,2025-Q3,cogs
239340,이스트에이드,2022-Q4,revenue
239340,이스트에이드,2023-Q4,cogs
239340,이스트에이드,2020-Q2,inventory
239340,이스트에이드,2023-Q2,inventory
239340,이스트에이드,2024-Q1,inventory
239340,이스트에이드,2022-Q1,inventory
239340,이스트에이드,2023-Q3,inventory
239340,이스트에이드,2021-Q4,cogs
239340,이스트에이드,2025-Q1,inventory
239340,이스트에이드,2020-Q4,cogs
239340,이스트에이드,2022-Q3,inventory
239340,이스트에이드,2025-Q2,cogs
239340,이스트에이드,2023-Q1,inventory
239340,이스트에이드,2022-Q2,inventory
239340,이스트에이드,2024-Q2,inventory
239340,이스트에이드,2024-Q3,cogs
239340,이스트에이드,2024-Q4,inventory
239340,이스트에이드,2022-Q4,inventory
239340,이스트에이드,2020-Q2,cogs
239340,이스트에이드,2021-Q4,revenue
047560,이스트소프트,2022-Q1,cogs
047560,이스트소프트,2023-Q3,cogs
047560,이스트소프트,2023-Q2,cogs
047560,이스트소프트,2024-Q3,ap
047560,이스트소프트,2025-Q2,revenue
047560,이스트소프트,2024-Q3,revenue
047560,이스트소프트,2025-Q1,cogs
047560,이스트소프트,2020-Q2,ap
047560,이스트소프트,2023-Q2,ap
047560,이스트소프트,2024-Q1,ap
047560,이스트소프트,2023-Q1,cogs
047560,이스트소프트,2022-Q2,cogs
047560,이스트소프트,2022-Q1,ap
047560,이스트소프트,2023-Q3,ap
047560,이스트소프트,2024-Q4,ap
047560,이스트소프트,2022-Q3,cogs
047560,이스트소프트,2024-Q4,cogs
047560,이스트소프트,2023-Q2,revenue
047560,이스트소프트,2024-Q1,revenue
047560,이스트소프트,2024-Q2,cogs
047560,이스트소프트,2022-Q1,revenue
047560,이스트소프트,2022-Q4,cogs
047560,이스트소프트,2023-Q3,revenue
047560,이스트소프트,2025-Q1,ap
047560,이스트소프트,2021-Q1,cogs
047560,이스트소프트,2023-Q1,ap
047560,이스트소프트,2022-Q2,ap
047560,이스트소프트,2025-Q1,revenue
047560,이스트소프트,2021-Q2,cogs
047560,이스트소프트,2021-Q3,cogs
047560,이스트소프트,2020-Q1,cogs
047560,이스트소프트,2022-Q3,ap
047560,이스트소프트,2024-Q2,ap
047560,이스트소프트,2024-Q1,cogs
047560,이스트소프트,2020-Q3,cogs
047560,이스트소프트,2022-Q2,revenue
047560,이스트소프트,2022-Q4,ap
047560,이스트소프트,2023-Q1,revenue
047560,이스트소프트,2024-Q2,revenue
047560,이스트소프트,2022-Q3,revenue
047560,이스트소프트,2024-Q4,revenue
047560,이스트소프트,2025-Q2,ap
047560,이스트소프트,2025-Q3,cogs
047560,이스트소프트,2022-Q4,revenue
047560,이스트소프트,2023-Q4,cogs
047560,이스트소프트,2021-Q1,ap
047560,이스트소프트,2021-Q2,ap
047560,이스트소프트,2021-Q3,ap
047560,이스트소프트,2020-Q1,ap
047560,이스트소프트,2020-Q3,ap
047560,이스트소프트,2021-Q2,revenue
047560,이스트소프트,2021-Q3,revenue
047560,이스트소프트,2021-Q4,cogs
047560,이스트소프트,2025-Q3,ap
047560,이스트소프트,2023-Q4,ap
047560,이스트소프트,2020-Q4,cogs
047560,이스트소프트,2025-Q2,cogs
047560,이스트소프트,2025-Q3,revenue
047560,이스트소프트,2023-Q4,revenue
047560,이스트소프트,2024-Q3,cogs
047560,이스트소프트,2021-Q4,ap
047560,이스트소프트,2020-Q2,cogs
047560,이스트소프트,2020-Q4,ap
047560,이스트소프트,2021-Q4,revenue
900110,이스트아시아홀딩스,2022-Q3,capex
900110,이스트아시아홀딩스,2022-Q1,capex
900110,이스트아시아홀딩스,2023-Q3,capex
900110,이스트아시아홀딩스,2024-Q3,capex
900110,이스트아시아홀딩스,2025-Q1,capex
900110,이스트아시아홀딩스,2023-Q2,interest_expense
900110,이스트아시아홀딩스,2022-Q2,capex
067010,이씨에스,2025-Q3,ar
067010,이씨에스,2025-Q2,ar
067010,이씨에스,2025-Q1,ar
102710,이엔에프테크놀로지,2023-Q4,ap
102710,이엔에프테크놀로지,2024-Q3,ap
102710,이엔에프테크놀로지,2025-Q2,capex
102710,이엔에프테크놀로지,2025-Q3,capex
102710,이엔에프테크놀로지,2023-Q1,ap
102710,이엔에프테크놀로지,2025-Q1,capex
102710,이엔에프테크놀로지,2023-Q2,ap
102710,이엔에프테크놀로지,2024-Q2,ap
102710,이엔에프테크놀로지,2024-Q1,ap
102710,이엔에프테크놀로지,2023-Q3,ap
102710,이엔에프테크놀로지,2024-Q4,ap
123570,이엠넷,2022-Q1,cogs
123570,이엠넷,2023-Q3,cogs
123570,이엠넷,2021-Q2,inventory
123570,이엠넷,2021-Q3,inventory
123570,이엠넷,2023-Q2,cogs
123570,이엠넷,2020-Q3,inventory
123570,이엠넷,2025-Q1,cogs
123570,이엠넷,2025-Q3,inventory
123570,이엠넷,2023-Q4,inventory
123570,이엠넷,2023-Q1,cogs
123570,이엠넷,2022-Q2,cogs
123570,이엠넷,2022-Q3,cogs
123570,이엠넷,2024-Q4,cogs
123570,이엠넷,2024-Q2,cogs
123570,이엠넷,2022-Q4,cogs
123570,이엠넷,2021-Q4,inventory
123570,이엠넷,2021-Q1,inventory
123570,이엠넷,2021-Q1,cogs
123570,이엠넷,2020-Q4,inventory
123570,이엠넷,2025-Q2,inventory
123570,이엠넷,2021-Q2,cogs
123570,이엠넷,2021-Q3,cogs
123570,이엠넷,2020-Q1,cogs
123570,이엠넷,2024-Q3,inventory
123570,이엠넷,2024-Q1,cogs
123570,이엠넷,2020-Q3,cogs
123570,이엠넷,2025-Q3,cogs
123570,이엠넷,2023-Q4,cogs
123570,이엠넷,2020-Q2,inventory
123570,이엠넷,2023-Q2,inventory
123570,이엠넷,2024-Q1,inventory
123570,이엠넷,2022-Q1,inventory
123570,이엠넷,2023-Q3,inventory
123570,이엠넷,2021-Q4,cogs
123570,이엠넷,2025-Q1,inventory
123570,이엠넷,2020-Q4,cogs
123570,이엠넷,2022-Q3,inventory
123570,이엠넷,2025-Q2,cogs
123570,이엠넷,2023-Q1,inventory
123570,이엠넷,2022-Q2,inventory
123570,이엠넷,2024-Q2,inventory
123570,이엠넷,2024-Q3,cogs
123570,이엠넷,2024-Q4,inventory
123570,이엠넷,2022-Q4,inventory
123570,이엠넷,2020-Q2,cogs
123570,이엠넷,2020-Q1,inventory
083470,이엠앤아이,2022-Q3,capex
083470,이엠앤아이,2023-Q1,capex
083470,이엠앤아이,2024-Q2,capex
083470,이엠앤아이,2024-Q4,capex
083470,이엠앤아이,2022-Q4,capex
083470,이엠앤아이,2021-Q2,capex
083470,이엠앤아이,2021-Q3,capex
083470,이엠앤아이,2020-Q1,capex
083470,이엠앤아이,2021-Q1,capex
083470,이엠앤아이,2020-Q3,capex
083470,이엠앤아이,2025-Q3,capex
083470,이엠앤아이,2022-Q2,ap
083470,이엠앤아이,2023-Q4,capex
083470,이엠앤아이,2021-Q4,capex
083470,이엠앤아이,2020-Q4,capex
083470,이엠앤아이,2025-Q2,capex
083470,이엠앤아이,2024-Q3,capex
083470,이엠앤아이,2025-Q3,ap
083470,이엠앤아이,2024-Q1,capex
083470,이엠앤아이,2022-Q1,capex
083470,이엠앤아이,2020-Q2,capex
083470,이엠앤아이,2023-Q2,capex
083470,이엠앤아이,2023-Q3,capex
083470,이엠앤아이,2022-Q2,net_income
083470,이엠앤아이,2025-Q1,capex
083470,이엠앤아이,2022-Q2,capex
083470,이엠앤아이,2025-Q2,ap
095190,이엠코리아,2022-Q3,capex
095190,이엠코리아,2023-Q1,capex
095190,이엠코리아,2024-Q2,capex
095190,이엠코리아,2024-Q4,capex
095190,이엠코리아,2022-Q4,capex
095190,이엠코리아,2021-Q2,capex
095190,이엠코리아,2021-Q3,capex
095190,이엠코리아,2020-Q1,capex
095190,이엠코리아,2021-Q1,capex
095190,이엠코리아,2020-Q3,capex
095190,이엠코리아,2025-Q3,capex
095190,이엠코리아,2023-Q4,capex
095190,이엠코리아,2021-Q4,capex
095190,이엠코리아,2020-Q4,capex
095190,이엠코리아,2025-Q2,capex
095190,이엠코리아,2024-Q3,capex
095190,이엠코리아,2024-Q1,capex
095190,이엠코리아,2022-Q1,capex
095190,이엠코리아,2020-Q2,capex
095190,이엠코리아,2023-Q2,capex
095190,이엠코리아,2023-Q3,capex
095190,이엠코리아,2025-Q1,capex
095190,이엠코리아,2022-Q2,capex
294090,이오플로우,2022-Q1,capex
294090,이오플로우,2020-Q3,capex
294090,이오플로우,2020-Q4,capex
294090,이오플로우,2021-Q1,cogs
294090,이오플로우,2021-Q1,revenue
294090,이오플로우,2021-Q2,capex
294090,이오플로우,2021-Q1,capex
377330,이지트로닉스,2021-Q4,capex
377330,이지트로닉스,2024-Q2,ar
377330,이지트로닉스,2024-Q4,ar
377330,이지트로닉스,2025-Q2,ar
377330,이지트로닉스,2023-Q3,ar
377330,이지트로닉스,2024-Q3,ar
377330,이지트로닉스,2025-Q3,ar
377330,이지트로닉스,2023-Q1,interest_expense
377330,이지트로닉스,2022-Q2,interest_expense
377330,이지트로닉스,2023-Q4,ar
377330,이지트로닉스,2021-Q4,interest_expense
377330,이지트로닉스,2025-Q1,ar
377330,이지트로닉스,2022-Q3,interest_expense
377330,이지트로닉스,2022-Q1,interest_expense
377330,이지트로닉스,2023-Q3,interest_expense
377330,이지트로닉스,2023-Q2,interest_expense
377330,이지트로닉스,2022-Q4,interest_expense
377330,이지트로닉스,2024-Q1,ar
099750,이지케어텍,2021-Q2,inventory
099750,이지케어텍,2021-Q3,inventory
099750,이지케어텍,2020-Q3,inventory
099750,이지케어텍,2025-Q3,inventory
099750,이지케어텍,2023-Q4,inventory
099750,이지케어텍,2021-Q4,inventory
099750,이지케어텍,2021-Q1,inventory
099750,이지케어텍,2020-Q4,inventory
099750,이지케어텍,2025-Q2,inventory
099750,이지케어텍,2024-Q3,inventory
099750,이지케어텍,2020-Q2,inventory
099750,이지케어텍,2023-Q2,inventory
099750,이지케어텍,2024-Q1,inventory
099750,이지케어텍,2022-Q1,inventory
099750,이지케어텍,2023-Q3,inventory
099750,이지케어텍,2025-Q4,inventory
099750,이지케어텍,2025-Q1,inventory
099750,이지케어텍,2022-Q3,inventory
099750,이지케어텍,2023-Q1,inventory
099750,이지케어텍,2022-Q2,inventory
099750,이지케어텍,2024-Q2,inventory
099750,이지케어텍,2024-Q4,inventory
099750,이지케어텍,2022-Q4,inventory
099750,이지케어텍,2020-Q1,inventory
092130,이크레더블,2022-Q1,cogs
092130,이크레더블,2023-Q3,cogs
092130,이크레더블,2021-Q2,inventory
092130,이크레더블,2021-Q3,inventory
092130,이크레더블,2023-Q2,cogs
092130,이크레더블,2020-Q3,inventory
092130,이크레더블,2025-Q1,cogs
092130,이크레더블,2025-Q3,inventory
092130,이크레더블,2023-Q4,inventory
092130,이크레더블,2023-Q1,cogs
092130,이크레더블,2021-Q2,capex
092130,이크레더블,2022-Q2,cogs
092130,이크레더블,2021-Q1,capex
092130,이크레더블,2022-Q3,cogs
092130,이크레더블,2024-Q4,cogs
092130,이크레더블,2024-Q2,cogs
092130,이크레더블,2022-Q4,cogs
092130,이크레더블,2021-Q4,inventory
092130,이크레더블,2021-Q1,inventory
092130,이크레더블,2021-Q1,cogs
092130,이크레더블,2020-Q4,inventory
092130,이크레더블,2025-Q2,inventory
092130,이크레더블,2021-Q2,cogs
092130,이크레더블,2021-Q3,cogs
092130,이크레더블,2020-Q1,cogs
092130,이크레더블,2024-Q3,inventory
092130,이크레더블,2024-Q1,cogs
092130,이크레더블,2020-Q3,cogs
092130,이크레더블,2025-Q3,cogs
092130,이크레더블,2023-Q4,cogs
092130,이크레더블,2020-Q2,inventory
092130,이크레더블,2023-Q2,inventory
092130,이크레더블,2024-Q1,inventory
092130,이크레더블,2022-Q1,inventory
092130,이크레더블,2023-Q3,inventory
092130,이크레더블,2021-Q4,cogs
092130,이크레더블,2025-Q1,inventory
092130,이크레더블,2020-Q4,cogs
092130,이크레더블,2022-Q3,inventory
092130,이크레더블,2025-Q2,cogs
092130,이크레더블,2023-Q1,inventory
092130,이크레더블,2022-Q2,inventory
092130,이크레더블,2024-Q2,inventory
092130,이크레더블,2024-Q3,cogs
092130,이크레더블,2024-Q4,inventory
092130,이크레더블,2022-Q4,inventory
092130,이크레더블,2020-Q2,cogs
092130,이크레더블,2020-Q1,inventory
001840,이화공영,2022-Q3,capex
001840,이화공영,2023-Q1,capex
001840,이화공영,2024-Q2,capex
001840,이화공영,2024-Q4,capex
001840,이화공영,2022-Q4,capex
001840,이화공영,2021-Q2,capex
001840,이화공영,2021-Q3,capex
001840,이화공영,2021-Q1,capex
001840,이화공영,2025-Q3,capex
001840,이화공영,2023-Q4,capex
001840,이화공영,2021-Q4,capex
001840,이화공영,2025-Q2,capex
001840,이화공영,2024-Q3,capex
001840,이화공영,2024-Q1,capex
001840,이화공영,2022-Q1,capex
001840,이화공영,2023-Q2,capex
001840,이화공영,2023-Q3,capex
001840,이화공영,2025-Q1,capex
001840,이화공영,2022-Q2,capex
134060,이퓨쳐,2021-Q1,capex
352940,인바이오,2023-Q4,interest_expense
352940,인바이오,2025-Q1,interest_expense
352940,인바이오,2025-Q3,interest_expense
352940,인바이오,2023-Q1,interest_expense
352940,인바이오,2022-Q2,interest_expense
352940,인바이오,2022-Q3,interest_expense
352940,인바이오,2024-Q1,interest_expense
352940,인바이오,2024-Q4,interest_expense
352940,인바이오,2023-Q3,interest_expense
352940,인바이오,2023-Q2,interest_expense
352940,인바이오,2022-Q4,interest_expense
352940,인바이오,2024-Q2,interest_expense
352940,인바이오,2023-Q3,current_assets
352940,인바이오,2025-Q2,interest_expense
352940,인바이오,2024-Q3,interest_expense
465480,인스피언,2025-Q1,cogs
465480,인스피언,2025-Q2,cogs
465480,인스피언,2025-Q3,cogs
465480,인스피언,2024-Q4,cogs
450520,인스웨이브,2024-Q2,inventory
450520,인스웨이브,2024-Q4,inventory
450520,인스웨이브,2024-Q1,inventory
450520,인스웨이브,2023-Q3,inventory
450520,인스웨이브,2025-Q2,inventory
450520,인스웨이브,2025-Q3,inventory
450520,인스웨이브,2023-Q4,inventory
450520,인스웨이브,2024-Q3,inventory
450520,인스웨이브,2025-Q1,inventory
277410,인산가,2025-Q3,ap
277410,인산가,2025-Q2,ap
211050,인카금융서비스,2022-Q3,inventory
211050,인카금융서비스,2023-Q1,inventory
211050,인카금융서비스,2022-Q2,inventory
211050,인카금융서비스,2021-Q4,inventory
211050,인카금융서비스,2023-Q2,inventory
211050,인카금융서비스,2024-Q2,inventory
211050,인카금융서비스,2024-Q1,inventory
211050,인카금융서비스,2024-Q4,inventory
211050,인카금융서비스,2022-Q1,inventory
211050,인카금융서비스,2023-Q3,inventory
211050,인카금융서비스,2022-Q4,inventory
211050,인카금융서비스,2025-Q2,inventory
211050,인카금융서비스,2025-Q3,inventory
211050,인카금융서비스,2023-Q4,inventory
211050,인카금융서비스,2024-Q3,inventory
211050,인카금융서비스,2025-Q1,inventory
037330,인지디스플레,2022-Q3,ap
037330,인지디스플레,2021-Q1,ap
037330,인지디스플레,2021-Q2,ap
037330,인지디스플레,2021-Q3,ap
037330,인지디스플레,2020-Q1,ap
037330,인지디스플레,2022-Q2,ap
037330,인지디스플레,2020-Q2,ap
037330,인지디스플레,2020-Q3,ap
037330,인지디스플레,2021-Q4,ap
037330,인지디스플레,2022-Q1,ap
037330,인지디스플레,2020-Q1,capex
037330,인지디스플레,2020-Q4,ap
100030,인지소프트,2021-Q2,inventory
100030,인지소프트,2021-Q3,inventory
100030,인지소프트,2023-Q1,capex
100030,인지소프트,2020-Q3,inventory
100030,인지소프트,2025-Q3,inventory
100030,인지소프트,2023-Q4,inventory
100030,인지소프트,2020-Q1,capex
100030,인지소프트,2021-Q4,inventory
100030,인지소프트,2020-Q1,inventory
100030,인지소프트,2020-Q4,inventory
100030,인지소프트,2025-Q2,inventory
100030,인지소프트,2024-Q3,inventory
100030,인지소프트,2020-Q2,inventory
100030,인지소프트,2023-Q2,inventory
100030,인지소프트,2024-Q1,inventory
100030,인지소프트,2022-Q1,inventory
100030,인지소프트,2023-Q3,inventory
100030,인지소프트,2025-Q1,inventory
100030,인지소프트,2024-Q1,capex
100030,인지소프트,2022-Q3,inventory
100030,인지소프트,2023-Q1,inventory
100030,인지소프트,2022-Q2,inventory
100030,인지소프트,2024-Q2,inventory
100030,인지소프트,2024-Q4,inventory
100030,인지소프트,2022-Q4,inventory
100030,인지소프트,2025-Q1,capex
100030,인지소프트,2021-Q1,inventory
064090,인크레더블버즈,2023-Q2,inventory
064090,인크레더블버즈,2022-Q1,capex
064090,인크레더블버즈,2024-Q1,capex
287840,인투셀,2024-Q3,ap
287840,인투셀,2025-Q2,cogs
287840,인투셀,2025-Q3,cogs
287840,인투셀,2025-Q1,ap
287840,인투셀,2024-Q2,inventory
287840,인투셀,2024-Q4,inventory
287840,인투셀,2025-Q3,ap
287840,인투셀,2025-Q1,cogs
287840,인투셀,2025-Q2,inventory
287840,인투셀,2025-Q3,inventory
287840,인투셀,2024-Q2,ap
287840,인투셀,2024-Q4,ap
287840,인투셀,2024-Q3,inventory
287840,인투셀,2025-Q2,ap
287840,인투셀,2024-Q4,cogs
287840,인투셀,2025-Q1,inventory
216050,인크로스,2021-Q2,inventory
216050,인크로스,2021-Q3,inventory
216050,인크로스,2022-Q3,inventory
216050,인크로스,2022-Q2,inventory
216050,인크로스,2020-Q2,inventory
216050,인크로스,2020-Q3,inventory
216050,인크로스,2021-Q4,inventory
216050,인크로스,2020-Q1,inventory
216050,인크로스,2022-Q1,inventory
216050,인크로스,2020-Q4,inventory
216050,인크로스,2021-Q1,inventory
017250,인터엠,2024-Q3,ap
017250,인터엠,2020-Q2,ap
017250,인터엠,2023-Q2,ap
017250,인터엠,2024-Q1,ap
017250,인터엠,2023-Q3,ap
017250,인터엠,2022-Q1,ap
017250,인터엠,2025-Q4,ap
017250,인터엠,2025-Q1,ap
017250,인터엠,2023-Q1,ap
017250,인터엠,2022-Q2,ap
017250,인터엠,2024-Q2,ap
017250,인터엠,2022-Q3,ap
017250,인터엠,2024-Q4,ap
017250,인터엠,2022-Q4,ap
017250,인터엠,2021-Q1,ap
017250,인터엠,2021-Q2,ap
017250,인터엠,2021-Q3,ap
017250,인터엠,2020-Q1,ap
017250,인터엠,2020-Q3,ap
017250,인터엠,2025-Q3,ap
017250,인터엠,2023-Q4,ap
017250,인터엠,2021-Q4,ap
017250,인터엠,2020-Q4,ap
017250,인터엠,2025-Q2,ap
119610,인터로조,2023-Q4,ap
119610,인터로조,2024-Q3,ap
119610,인터로조,2024-Q4,ap
119610,인터로조,2021-Q1,ap
119610,인터로조,2025-Q1,ap
119610,인터로조,2025-Q3,ap
119610,인터로조,2021-Q2,ap
119610,인터로조,2021-Q3,ap
119610,인터로조,2020-Q3,ap
119610,인터로조,2021-Q4,ap
119610,인터로조,2023-Q2,ap
119610,인터로조,2024-Q1,ap
119610,인터로조,2024-Q2,ap
119610,인터로조,2023-Q3,ap
119610,인터로조,2020-Q4,ap
119610,인터로조,2022-Q4,ap
119610,인터로조,2025-Q2,ap
064290,인텍플러스,2022-Q3,capex
064290,인텍플러스,2023-Q1,capex
064290,인텍플러스,2024-Q2,capex
064290,인텍플러스,2024-Q4,capex
064290,인텍플러스,2022-Q4,capex
064290,인텍플러스,2021-Q2,capex
064290,인텍플러스,2021-Q3,capex
064290,인텍플러스,2020-Q1,capex
064290,인텍플러스,2021-Q1,capex
064290,인텍플러스,2020-Q3,capex
064290,인텍플러스,2025-Q3,capex
064290,인텍플러스,2023-Q4,capex
064290,인텍플러스,2021-Q4,capex
064290,인텍플러스,2020-Q4,capex
064290,인텍플러스,2025-Q2,capex
064290,인텍플러스,2024-Q3,capex
064290,인텍플러스,2024-Q1,capex
064290,인텍플러스,2022-Q1,capex
064290,인텍플러스,2020-Q2,capex
064290,인텍플러스,2023-Q2,capex
064290,인텍플러스,2023-Q3,capex
064290,인텍플러스,2025-Q1,capex
064290,인텍플러스,2022-Q2,capex
048530,인트론바이오,2022-Q3,capex
048530,인트론바이오,2023-Q1,capex
048530,인트론바이오,2024-Q2,capex
048530,인트론바이오,2024-Q4,capex
048530,인트론바이오,2022-Q4,capex
048530,인트론바이오,2021-Q2,capex
048530,인트론바이오,2021-Q3,capex
048530,인트론바이오,2020-Q1,capex
048530,인트론바이오,2021-Q1,capex
048530,인트론바이오,2020-Q3,capex
048530,인트론바이오,2025-Q3,capex
048530,인트론바이오,2023-Q4,capex
048530,인트론바이오,2021-Q4,capex
048530,인트론바이오,2020-Q4,capex
048530,인트론바이오,2025-Q2,capex
048530,인트론바이오,2024-Q3,capex
048530,인트론바이오,2024-Q1,capex
048530,인트론바이오,2022-Q1,capex
048530,인트론바이오,2020-Q2,capex
048530,인트론바이오,2023-Q2,capex
048530,인트론바이오,2023-Q3,capex
048530,인트론바이오,2025-Q1,capex
048530,인트론바이오,2022-Q2,capex
115310,인포바인,2022-Q1,cogs
115310,인포바인,2023-Q3,cogs
115310,인포바인,2021-Q2,inventory
115310,인포바인,2021-Q3,inventory
115310,인포바인,2023-Q2,cogs
115310,인포바인,2024-Q3,ap
115310,인포바인,2025-Q1,cogs
115310,인포바인,2025-Q3,inventory
115310,인포바인,2023-Q2,ap
115310,인포바인,2024-Q1,ap
115310,인포바인,2023-Q1,cogs
115310,인포바인,2022-Q2,cogs
115310,인포바인,2022-Q1,ap
115310,인포바인,2023-Q3,ap
115310,인포바인,2022-Q3,cogs
115310,인포바인,2024-Q4,cogs
115310,인포바인,2024-Q2,cogs
115310,인포바인,2022-Q4,cogs
115310,인포바인,2021-Q4,inventory
115310,인포바인,2025-Q1,ap
115310,인포바인,2021-Q1,inventory
115310,인포바인,2021-Q1,cogs
115310,인포바인,2020-Q4,inventory
115310,인포바인,2022-Q2,ap
115310,인포바인,2023-Q1,ap
115310,인포바인,2025-Q2,inventory
115310,인포바인,2021-Q2,cogs
115310,인포바인,2021-Q3,cogs
115310,인포바인,2020-Q1,cogs
115310,인포바인,2022-Q3,ap
115310,인포바인,2024-Q2,ap
115310,인포바인,2024-Q1,cogs
115310,인포바인,2020-Q3,cogs
115310,인포바인,2024-Q4,ap
115310,인포바인,2025-Q2,ap
115310,인포바인,2025-Q3,cogs
115310,인포바인,2023-Q4,cogs
115310,인포바인,2022-Q1,inventory
115310,인포바인,2021-Q4,cogs
115310,인포바인,2025-Q1,inventory
115310,인포바인,2025-Q3,ap
115310,인포바인,2023-Q4,ap
115310,인포바인,2020-Q4,cogs
115310,인포바인,2022-Q3,inventory
115310,인포바인,2025-Q2,cogs
115310,인포바인,2022-Q2,inventory
115310,인포바인,2024-Q3,cogs
115310,인포바인,2020-Q2,cogs
115310,인포바인,2020-Q1,inventory
039290,인포뱅크,2022-Q3,inventory
039290,인포뱅크,2023-Q1,inventory
039290,인포뱅크,2022-Q2,inventory
039290,인포뱅크,2021-Q4,inventory
039290,인포뱅크,2023-Q2,inventory
039290,인포뱅크,2024-Q2,inventory
039290,인포뱅크,2024-Q1,inventory
039290,인포뱅크,2024-Q4,inventory
039290,인포뱅크,2022-Q1,inventory
039290,인포뱅크,2023-Q3,inventory
039290,인포뱅크,2020-Q4,inventory
039290,인포뱅크,2025-Q2,inventory
039290,인포뱅크,2025-Q3,inventory
039290,인포뱅크,2023-Q4,inventory
039290,인포뱅크,2024-Q3,inventory
039290,인포뱅크,2025-Q1,inventory
068330,일신바이오,2024-Q1,capex
068330,일신바이오,2025-Q1,interest_expense
068330,일신바이오,2024-Q2,capex
068330,일신바이오,2024-Q4,capex
068330,일신바이오,2020-Q1,interest_expense
068330,일신바이오,2025-Q3,interest_expense
068330,일신바이오,2020-Q2,interest_expense
068330,일신바이오,2020-Q3,interest_expense
068330,일신바이오,2024-Q1,interest_expense
068330,일신바이오,2022-Q1,interest_expense
068330,일신바이오,2020-Q4,interest_expense
068330,일신바이오,2024-Q2,interest_expense
068330,일신바이오,2025-Q2,interest_expense
068330,일신바이오,2024-Q3,interest_expense
389020,자람테크놀로지,2024-Q1,capex
094820,일진파워,2021-Q2,inventory
094820,일진파워,2021-Q3,inventory
094820,일진파워,2020-Q3,inventory
094820,일진파워,2025-Q3,inventory
094820,일진파워,2023-Q4,inventory
094820,일진파워,2020-Q3,capex
094820,일진파워,2021-Q4,inventory
094820,일진파워,2020-Q1,inventory
094820,일진파워,2020-Q4,inventory
094820,일진파워,2025-Q2,inventory
094820,일진파워,2024-Q3,inventory
094820,일진파워,2020-Q2,inventory
094820,일진파워,2023-Q2,inventory
094820,일진파워,2024-Q1,inventory
094820,일진파워,2022-Q1,inventory
094820,일진파워,2023-Q3,inventory
094820,일진파워,2025-Q1,inventory
094820,일진파워,2022-Q3,inventory
094820,일진파워,2023-Q1,inventory
094820,일진파워,2022-Q2,inventory
094820,일진파워,2024-Q2,inventory
094820,일진파워,2024-Q4,inventory
094820,일진파워,2022-Q4,inventory
094820,일진파워,2021-Q1,inventory
950140,잉글우드랩,2025-Q2,ar
950140,잉글우드랩,2025-Q1,ar
049550,잉크테크,2021-Q4,capex
049550,잉크테크,2020-Q1,capex
049550,잉크테크,2022-Q3,capex
049550,잉크테크,2022-Q1,capex
049550,잉크테크,2020-Q3,capex
049550,잉크테크,2020-Q4,capex
049550,잉크테크,2020-Q2,capex
049550,잉크테크,2024-Q2,capex
049550,잉크테크,2025-Q2,capex
049550,잉크테크,2024-Q3,capex
049550,잉크테크,2025-Q3,capex
049550,잉크테크,2025-Q1,capex
049550,잉크테크,2021-Q2,capex
049550,잉크테크,2021-Q3,capex
049550,잉크테크,2021-Q1,capex
049550,잉크테크,2022-Q2,capex
254120,자비스,2021-Q4,capex
254120,자비스,2022-Q3,capex
254120,자비스,2024-Q1,capex
254120,자비스,2023-Q1,capex
254120,자비스,2022-Q1,capex
254120,자비스,2023-Q2,capex
254120,자비스,2024-Q2,capex
254120,자비스,2024-Q4,capex
254120,자비스,2025-Q2,capex
254120,자비스,2023-Q3,capex
254120,자비스,2024-Q3,capex
254120,자비스,2022-Q4,capex
254120,자비스,2025-Q3,capex
254120,자비스,2023-Q4,capex
254120,자비스,2025-Q1,capex
254120,자비스,2021-Q2,capex
254120,자비스,2021-Q3,capex
254120,자비스,2022-Q2,capex
234920,자이글,2024-Q1,capex
234920,자이글,2021-Q1,capex
234920,자이글,2025-Q1,capex
289220,자이언트스텝,2020-Q4,op_income
110020,전진바이오팜,2020-Q3,cfo
110020,전진바이오팜,2020-Q2,cfo
049630,재영솔루텍,2022-Q3,capex
049630,재영솔루텍,2023-Q1,capex
049630,재영솔루텍,2024-Q2,capex
049630,재영솔루텍,2024-Q4,capex
049630,재영솔루텍,2022-Q4,capex
049630,재영솔루텍,2021-Q2,capex
049630,재영솔루텍,2021-Q3,capex
049630,재영솔루텍,2020-Q1,capex
049630,재영솔루텍,2021-Q1,capex
049630,재영솔루텍,2020-Q3,capex
049630,재영솔루텍,2025-Q3,capex
049630,재영솔루텍,2023-Q4,capex
049630,재영솔루텍,2021-Q4,capex
049630,재영솔루텍,2020-Q4,capex
049630,재영솔루텍,2025-Q2,capex
049630,재영솔루텍,2024-Q3,capex
049630,재영솔루텍,2024-Q1,capex
049630,재영솔루텍,2022-Q1,capex
049630,재영솔루텍,2020-Q2,capex
049630,재영솔루텍,2023-Q2,capex
049630,재영솔루텍,2023-Q3,capex
049630,재영솔루텍,2025-Q1,capex
049630,재영솔루텍,2022-Q2,capex
381620,제닉스로보틱스,2025-Q3,capex
381620,제닉스로보틱스,2025-Q2,capex
381620,제닉스로보틱스,2025-Q2,ap
045510,정원엔시스,2021-Q1,capex
045510,정원엔시스,2020-Q1,capex
045510,정원엔시스,2020-Q2,capex
361390,제노코,2020-Q4,capex
361390,제노코,2021-Q1,capex
225220,제놀루션,2023-Q4,ap
225220,제놀루션,2023-Q1,ap
225220,제놀루션,2023-Q3,ap
217190,제너셈,2022-Q3,capex
217190,제너셈,2023-Q1,capex
217190,제너셈,2024-Q2,capex
217190,제너셈,2024-Q4,capex
217190,제너셈,2022-Q4,capex
217190,제너셈,2021-Q2,capex
217190,제너셈,2021-Q3,capex
217190,제너셈,2020-Q1,capex
217190,제너셈,2021-Q1,capex
217190,제너셈,2020-Q3,capex
217190,제너셈,2025-Q3,capex
217190,제너셈,2023-Q4,capex
217190,제너셈,2021-Q4,capex
217190,제너셈,2020-Q4,capex
217190,제너셈,2025-Q2,capex
217190,제너셈,2024-Q3,capex
217190,제너셈,2024-Q1,capex
217190,제너셈,2022-Q1,capex
217190,제너셈,2020-Q2,capex
217190,제너셈,2023-Q2,capex
217190,제너셈,2023-Q3,capex
217190,제너셈,2025-Q1,capex
217190,제너셈,2022-Q2,capex
122310,제노레이,2024-Q3,ap
122310,제노레이,2020-Q2,ap
122310,제노레이,2023-Q2,ap
122310,제노레이,2024-Q1,ap
122310,제노레이,2023-Q3,ap
122310,제노레이,2022-Q1,ap
122310,제노레이,2023-Q1,ap
122310,제노레이,2022-Q2,ap
122310,제노레이,2024-Q2,ap
122310,제노레이,2022-Q3,ap
122310,제노레이,2024-Q4,ap
122310,제노레이,2022-Q4,ap
122310,제노레이,2021-Q1,ap
122310,제노레이,2021-Q2,ap
122310,제노레이,2021-Q3,ap
122310,제노레이,2020-Q1,ap
122310,제노레이,2020-Q3,ap
122310,제노레이,2023-Q4,ap
122310,제노레이,2021-Q4,ap
122310,제노레이,2020-Q4,ap
095700,제넥신,2021-Q2,inventory
095700,제넥신,2021-Q3,inventory
095700,제넥신,2020-Q3,inventory
095700,제넥신,2025-Q3,inventory
095700,제넥신,2023-Q4,inventory
095700,제넥신,2021-Q4,inventory
095700,제넥신,2021-Q1,inventory
095700,제넥신,2020-Q4,inventory
095700,제넥신,2025-Q2,inventory
095700,제넥신,2024-Q3,inventory
095700,제넥신,2020-Q2,inventory
095700,제넥신,2023-Q2,inventory
095700,제넥신,2024-Q1,inventory
095700,제넥신,2022-Q1,inventory
095700,제넥신,2023-Q3,inventory
095700,제넥신,2025-Q1,inventory
095700,제넥신,2022-Q3,inventory
095700,제넥신,2023-Q1,inventory
095700,제넥신,2022-Q2,inventory
095700,제넥신,2024-Q2,inventory
095700,제넥신,2024-Q4,inventory
095700,제넥신,2022-Q4,inventory
095700,제넥신,2020-Q1,inventory
123330,제닉,2024-Q3,ap
123330,제닉,2020-Q2,ap
123330,제닉,2023-Q2,ap
123330,제닉,2024-Q1,ap
123330,제닉,2023-Q3,ap
123330,제닉,2022-Q1,ap
123330,제닉,2025-Q1,ap
123330,제닉,2023-Q1,ap
123330,제닉,2022-Q2,ap
123330,제닉,2024-Q2,ap
123330,제닉,2022-Q3,ap
123330,제닉,2024-Q4,ap
123330,제닉,2022-Q4,ap
123330,제닉,2021-Q1,ap
123330,제닉,2021-Q2,ap
123330,제닉,2021-Q3,ap
123330,제닉,2020-Q1,ap
123330,제닉,2020-Q3,ap
123330,제닉,2025-Q3,ap
123330,제닉,2023-Q4,ap
123330,제닉,2021-Q4,ap
123330,제닉,2020-Q4,ap
123330,제닉,2025-Q2,ap
023440,제이스코홀딩스,2023-Q4,ap
023440,제이스코홀딩스,2024-Q1,capex
023440,제이스코홀딩스,2023-Q1,capex
023440,제이스코홀딩스,2024-Q2,capex
023440,제이스코홀딩스,2024-Q4,capex
023440,제이스코홀딩스,2020-Q1,interest_expense
023440,제이스코홀딩스,2025-Q1,ap
023440,제이스코홀딩스,2020-Q2,interest_expense
023440,제이스코홀딩스,2024-Q3,capex
023440,제이스코홀딩스,2023-Q2,ap
023440,제이스코홀딩스,2024-Q4,ap
023440,제이스코홀딩스,2020-Q1,capex
452160,제이엔비,2023-Q4,ap
452160,제이엔비,2024-Q3,ap
452160,제이엔비,2025-Q1,ap
452160,제이엔비,2025-Q3,ap
452160,제이엔비,2024-Q2,ap
452160,제이엔비,2024-Q4,ap
452160,제이엔비,2024-Q1,ap
452160,제이엔비,2025-Q2,ap
420570,제이투케이바이오,2024-Q1,capex
420570,제이투케이바이오,2024-Q2,capex
420570,제이투케이바이오,2024-Q4,capex
420570,제이투케이바이오,2025-Q2,capex
420570,제이투케이바이오,2024-Q3,capex
420570,제이투케이바이오,2025-Q3,capex
420570,제이투케이바이오,2023-Q4,capex
420570,제이투케이바이오,2025-Q1,capex
026040,제이에스티나,2020-Q1,capex
026040,제이에스티나,2022-Q3,capex
026040,제이에스티나,2023-Q1,capex
026040,제이에스티나,2022-Q1,capex
026040,제이에스티나,2020-Q3,capex
026040,제이에스티나,2020-Q4,capex
026040,제이에스티나,2020-Q2,capex
026040,제이에스티나,2023-Q2,capex
026040,제이에스티나,2023-Q3,capex
026040,제이에스티나,2022-Q4,capex
026040,제이에스티나,2021-Q2,capex
026040,제이에스티나,2021-Q3,capex
026040,제이에스티나,2021-Q1,capex
026040,제이에스티나,2022-Q2,capex
322510,제이엘케이,2022-Q3,capex
322510,제이엘케이,2023-Q1,capex
322510,제이엘케이,2024-Q3,ap
322510,제이엘케이,2024-Q2,capex
322510,제이엘케이,2024-Q4,capex
322510,제이엘케이,2022-Q4,capex
322510,제이엘케이,2020-Q2,ap
322510,제이엘케이,2023-Q2,ap
322510,제이엘케이,2023-Q4,inventory
322510,제이엘케이,2024-Q1,ap
322510,제이엘케이,2021-Q2,capex
322510,제이엘케이,2022-Q1,ap
322510,제이엘케이,2021-Q1,capex
322510,제이엘케이,2021-Q3,capex
322510,제이엘케이,2020-Q1,capex
322510,제이엘케이,2023-Q3,ap
322510,제이엘케이,2020-Q3,capex
322510,제이엘케이,2025-Q3,capex
322510,제이엘케이,2022-Q2,ap
322510,제이엘케이,2023-Q4,capex
322510,제이엘케이,2024-Q2,ap
322510,제이엘케이,2022-Q3,ap
322510,제이엘케이,2020-Q1,cogs
322510,제이엘케이,2024-Q4,ap
322510,제이엘케이,2022-Q4,ap
322510,제이엘케이,2021-Q4,capex
322510,제이엘케이,2020-Q4,capex
322510,제이엘케이,2025-Q2,capex
322510,제이엘케이,2024-Q1,inventory
322510,제이엘케이,2021-Q2,ap
322510,제이엘케이,2021-Q3,ap
322510,제이엘케이,2020-Q1,ap
322510,제이엘케이,2024-Q3,capex
322510,제이엘케이,2020-Q3,ap
322510,제이엘케이,2023-Q4,ap
322510,제이엘케이,2024-Q1,capex
322510,제이엘케이,2022-Q1,capex
322510,제이엘케이,2020-Q2,capex
322510,제이엘케이,2023-Q2,capex
322510,제이엘케이,2023-Q3,capex
322510,제이엘케이,2021-Q4,ap
322510,제이엘케이,2025-Q1,capex
322510,제이엘케이,2022-Q2,capex
094970,제이엠티,2023-Q1,interest_expense
052670,제일바이오,2023-Q1,capex
052670,제일바이오,2024-Q3,ap
052670,제일바이오,2024-Q2,capex
052670,제일바이오,2022-Q4,capex
052670,제일바이오,2023-Q2,ap
052670,제일바이오,2024-Q1,ap
052670,제일바이오,2023-Q3,ap
052670,제일바이오,2021-Q1,capex
052670,제일바이오,2022-Q1,ap
052670,제일바이오,2020-Q1,capex
052670,제일바이오,2020-Q3,capex
052670,제일바이오,2025-Q1,ap
052670,제일바이오,2023-Q1,ap
052670,제일바이오,2022-Q2,ap
052670,제일바이오,2023-Q4,capex
052670,제일바이오,2024-Q2,ap
052670,제일바이오,2022-Q3,ap
052670,제일바이오,2024-Q4,ap
052670,제일바이오,2022-Q4,ap
052670,제일바이오,2021-Q1,ap
052670,제일바이오,2021-Q2,ap
052670,제일바이오,2021-Q3,ap
052670,제일바이오,2020-Q3,ap
052670,제일바이오,2025-Q3,ap
052670,제일바이오,2023-Q4,ap
052670,제일바이오,2024-Q1,capex
052670,제일바이오,2020-Q2,capex
052670,제일바이오,2021-Q4,ap
052670,제일바이오,2020-Q4,ap
052670,제일바이오,2025-Q2,ap
038010,제일테크노스,2024-Q3,ap
038010,제일테크노스,2020-Q2,ap
038010,제일테크노스,2023-Q2,ap
038010,제일테크노스,2024-Q1,ap
038010,제일테크노스,2023-Q3,ap
038010,제일테크노스,2022-Q1,ap
038010,제일테크노스,2025-Q1,ap
038010,제일테크노스,2023-Q1,ap
038010,제일테크노스,2022-Q2,ap
038010,제일테크노스,2024-Q2,ap
038010,제일테크노스,2022-Q3,ap
038010,제일테크노스,2024-Q4,ap
038010,제일테크노스,2022-Q4,ap
038010,제일테크노스,2021-Q1,ap
038010,제일테크노스,2021-Q2,ap
038010,제일테크노스,2021-Q3,ap
038010,제일테크노스,2020-Q1,ap
038010,제일테크노스,2020-Q3,ap
038010,제일테크노스,2025-Q3,ap
038010,제일테크노스,2023-Q4,ap
038010,제일테크노스,2021-Q4,ap
038010,제일테크노스,2020-Q4,ap
038010,제일테크노스,2025-Q2,ap
337930,젝시믹스,2020-Q4,net_income
337930,젝시믹스,2021-Q1,net_income
337930,젝시믹스,2020-Q3,net_income
229000,젠큐릭스,2020-Q2,capex
034940,조아제약,2022-Q3,capex
033340,좋은사람들,2023-Q4,ap
033340,좋은사람들,2023-Q3,ap
033340,좋은사람들,2022-Q3,ap
033340,좋은사람들,2021-Q1,ap
033340,좋은사람들,2024-Q1,ap
033340,좋은사람들,2021-Q2,ap
033340,좋은사람들,2021-Q3,ap
033340,좋은사람들,2020-Q1,ap
033340,좋은사람들,2023-Q1,ap
033340,좋은사람들,2022-Q2,ap
033340,좋은사람들,2020-Q3,ap
033340,좋은사람들,2020-Q2,ap
033340,좋은사람들,2021-Q4,ap
033340,좋은사람들,2023-Q2,ap
033340,좋은사람들,2022-Q1,ap
033340,좋은사람들,2020-Q4,ap
033340,좋은사람들,2022-Q4,ap
067000,조이시티,2023-Q2,cogs
067000,조이시티,2020-Q3,inventory
067000,조이시티,2020-Q2,ap
067000,조이시티,2023-Q2,ap
067000,조이시티,2022-Q1,ap
067000,조이시티,2023-Q3,ap
067000,조이시티,2022-Q3,cogs
067000,조이시티,2020-Q2,revenue
067000,조이시티,2023-Q2,revenue
067000,조이시티,2022-Q1,revenue
067000,조이시티,2022-Q4,cogs
067000,조이시티,2023-Q3,revenue
067000,조이시티,2025-Q1,ap
067000,조이시티,2025-Q1,revenue
067000,조이시티,2021-Q2,cogs
067000,조이시티,2021-Q3,cogs
067000,조이시티,2024-Q3,inventory
067000,조이시티,2020-Q1,ap
067000,조이시티,2020-Q1,revenue
067000,조이시티,2025-Q3,ap
067000,조이시티,2025-Q3,revenue
067000,조이시티,2021-Q4,revenue
067000,조이시티,2020-Q4,ap
067000,조이시티,2021-Q1,inventory
067000,조이시티,2020-Q1,inventory
067000,조이시티,2025-Q2,ap
067000,조이시티,2020-Q4,revenue
067000,조이시티,2025-Q2,revenue
067000,조이시티,2023-Q4,inventory
067000,조이시티,2024-Q1,ap
067000,조이시티,2023-Q1,cogs
067000,조이시티,2022-Q2,cogs
067000,조이시티,2024-Q4,cogs
067000,조이시티,2024-Q1,revenue
067000,조이시티,2024-Q2,cogs
067000,조이시티,2021-Q4,inventory
067000,조이시티,2024-Q2,ap
067000,조이시티,2022-Q3,ap
067000,조이시티,2020-Q3,cogs
067000,조이시티,2022-Q4,ap
067000,조이시티,2024-Q2,revenue
067000,조이시티,2022-Q3,revenue
067000,조이시티,2022-Q4,revenue
067000,조이시티,2020-Q2,inventory
067000,조이시티,2023-Q2,inventory
067000,조이시티,2021-Q2,ap
067000,조이시티,2021-Q3,ap
067000,조이시티,2022-Q1,inventory
067000,조이시티,2023-Q3,inventory
067000,조이시티,2021-Q2,revenue
067000,조이시티,2021-Q3,revenue
067000,조이시티,2025-Q1,inventory
067000,조이시티,2022-Q3,inventory
067000,조이시티,2024-Q3,cogs
067000,조이시티,2025-Q3,inventory
067000,조이시티,2021-Q1,cogs
067000,조이시티,2020-Q4,inventory
067000,조이시티,2022-Q2,ap
067000,조이시티,2023-Q1,ap
067000,조이시티,2025-Q2,inventory
067000,조이시티,2024-Q4,ap
067000,조이시티,2023-Q1,revenue
067000,조이시티,2022-Q2,revenue
067000,조이시티,2024-Q4,revenue
067000,조이시티,2023-Q4,cogs
067000,조이시티,2024-Q1,inventory
067000,조이시티,2020-Q3,ap
067000,조이시티,2021-Q4,cogs
067000,조이시티,2020-Q3,revenue
067000,조이시티,2024-Q2,inventory
067000,조이시티,2022-Q4,inventory
067000,조이시티,2020-Q2,cogs
067000,조이시티,2022-Q1,cogs
067000,조이시티,2023-Q3,cogs
067000,조이시티,2021-Q2,inventory
067000,조이시티,2021-Q3,inventory
067000,조이시티,2024-Q3,ap
067000,조이시티,2024-Q3,revenue
067000,조이시티,2025-Q1,cogs
067000,조이시티,2020-Q1,cogs
067000,조이시티,2025-Q3,cogs
067000,조이시티,2021-Q1,ap
067000,조이시티,2021-Q1,revenue
067000,조이시티,2023-Q4,ap
067000,조이시티,2020-Q4,cogs
067000,조이시티,2025-Q2,cogs
067000,조이시티,2023-Q1,inventory
067000,조이시티,2022-Q2,inventory
067000,조이시티,2023-Q4,revenue
067000,조이시티,2024-Q4,inventory
067000,조이시티,2021-Q4,ap
067000,조이시티,2024-Q1,cogs
036930,주성엔지니어링,2022-Q3,capex
036930,주성엔지니어링,2023-Q1,capex
036930,주성엔지니어링,2024-Q2,capex
036930,주성엔지니어링,2024-Q4,capex
036930,주성엔지니어링,2022-Q3,current_assets
036930,주성엔지니어링,2022-Q4,capex
036930,주성엔지니어링,2023-Q1,current_assets
036930,주성엔지니어링,2021-Q2,capex
036930,주성엔지니어링,2021-Q3,capex
036930,주성엔지니어링,2020-Q1,capex
036930,주성엔지니어링,2021-Q1,capex
036930,주성엔지니어링,2020-Q3,capex
036930,주성엔지니어링,2025-Q1,ap
036930,주성엔지니어링,2025-Q3,capex
036930,주성엔지니어링,2023-Q4,capex
036930,주성엔지니어링,2024-Q4,ap
036930,주성엔지니어링,2021-Q4,capex
036930,주성엔지니어링,2020-Q4,capex
036930,주성엔지니어링,2025-Q2,capex
036930,주성엔지니어링,2024-Q3,capex
036930,주성엔지니어링,2023-Q2,current_liab
036930,주성엔지니어링,2023-Q3,current_liab
036930,주성엔지니어링,2025-Q3,ap
036930,주성엔지니어링,2024-Q1,capex
036930,주성엔지니어링,2022-Q1,capex
036930,주성엔지니어링,2020-Q2,capex
036930,주성엔지니어링,2023-Q2,capex
036930,주성엔지니어링,2023-Q3,capex
036930,주성엔지니어링,2023-Q2,current_assets
036930,주성엔지니어링,2023-Q1,current_liab
036930,주성엔지니어링,2025-Q1,capex
036930,주성엔지니어링,2023-Q3,current_assets
036930,주성엔지니어링,2022-Q3,current_liab
036930,주성엔지니어링,2022-Q2,capex
036930,주성엔지니어링,2025-Q2,ap
446840,지슨,2023-Q3,cogs
446840,지슨,2024-Q3,ap
446840,지슨,2023-Q3,ar
446840,지슨,2024-Q2,capex
446840,지슨,2024-Q4,capex
446840,지슨,2025-Q1,ar
446840,지슨,2025-Q1,cogs
446840,지슨,2023-Q4,inventory
446840,지슨,2024-Q1,ap
446840,지슨,2023-Q3,ap
446840,지슨,2024-Q4,cogs
446840,지슨,2024-Q2,ar
446840,지슨,2024-Q4,ar
446840,지슨,2024-Q2,cogs
446840,지슨,2025-Q1,ap
446840,지슨,2023-Q4,capex
446840,지슨,2025-Q2,inventory
446840,지슨,2024-Q2,ap
446840,지슨,2024-Q4,ap
446840,지슨,2024-Q3,inventory
446840,지슨,2025-Q2,ap
446840,지슨,2023-Q4,cogs
446840,지슨,2025-Q2,capex
446840,지슨,2023-Q4,ar
446840,지슨,2024-Q1,inventory
446840,지슨,2024-Q3,capex
446840,지슨,2023-Q3,inventory
446840,지슨,2025-Q1,inventory
446840,지슨,2023-Q4,ap
446840,지슨,2025-Q2,ar
446840,지슨,2024-Q1,capex
446840,지슨,2025-Q2,cogs
446840,지슨,2024-Q3,ar
446840,지슨,2024-Q2,inventory
446840,지슨,2024-Q3,cogs
446840,지슨,2023-Q3,capex
446840,지슨,2024-Q4,inventory
446840,지슨,2025-Q1,capex
446840,지슨,2024-Q1,ar
446840,지슨,2024-Q1,cogs
389030,지니너스,2023-Q4,cfo
389030,지니너스,2023-Q3,net_income
314130,지놈앤컴퍼니,2020-Q4,ar
314130,지놈앤컴퍼니,2020-Q4,cogs
314130,지놈앤컴퍼니,2021-Q2,ap
314130,지놈앤컴퍼니,2020-Q4,inventory
314130,지놈앤컴퍼니,2020-Q4,ap
263860,지니언스,2024-Q3,ap
263860,지니언스,2020-Q2,ap
263860,지니언스,2023-Q2,ap
263860,지니언스,2024-Q1,ap
263860,지니언스,2023-Q3,ap
263860,지니언스,2022-Q1,ap
263860,지니언스,2025-Q1,ap
263860,지니언스,2023-Q1,ap
263860,지니언스,2022-Q2,ap
263860,지니언스,2022-Q3,ap
263860,지니언스,2024-Q4,ap
263860,지니언스,2022-Q4,ap
263860,지니언스,2021-Q1,ap
263860,지니언스,2021-Q2,ap
263860,지니언스,2021-Q3,ap
263860,지니언스,2020-Q1,ap
263860,지니언스,2020-Q3,ap
263860,지니언스,2023-Q4,ap
263860,지니언스,2021-Q4,ap
263860,지니언스,2020-Q4,ap
263860,지니언스,2025-Q2,ap
358570,지아이이노베이션,2023-Q2,ar
358570,지아이이노베이션,2023-Q3,cogs
358570,지아이이노베이션,2023-Q2,cogs
358570,지아이이노베이션,2023-Q3,ar
358570,지아이이노베이션,2024-Q3,ap
358570,지아이이노베이션,2025-Q2,revenue
358570,지아이이노베이션,2025-Q1,ar
358570,지아이이노베이션,2024-Q3,revenue
358570,지아이이노베이션,2025-Q1,cogs
358570,지아이이노베이션,2025-Q3,inventory
358570,지아이이노베이션,2023-Q2,ap
358570,지아이이노베이션,2023-Q4,inventory
358570,지아이이노베이션,2024-Q1,ap
358570,지아이이노베이션,2023-Q1,cogs
358570,지아이이노베이션,2023-Q3,ap
358570,지아이이노베이션,2024-Q4,cogs
358570,지아이이노베이션,2023-Q2,revenue
358570,지아이이노베이션,2024-Q2,ar
358570,지아이이노베이션,2024-Q1,revenue
358570,지아이이노베이션,2024-Q4,ar
358570,지아이이노베이션,2024-Q2,cogs
358570,지아이이노베이션,2022-Q4,cogs
358570,지아이이노베이션,2023-Q3,revenue
358570,지아이이노베이션,2025-Q1,ap
358570,지아이이노베이션,2023-Q1,ap
358570,지아이이노베이션,2025-Q1,revenue
358570,지아이이노베이션,2025-Q2,inventory
358570,지아이이노베이션,2024-Q2,ap
358570,지아이이노베이션,2024-Q4,ap
358570,지아이이노베이션,2024-Q3,inventory
358570,지아이이노베이션,2023-Q1,revenue
358570,지아이이노베이션,2022-Q4,ap
358570,지아이이노베이션,2025-Q2,ap
358570,지아이이노베이션,2024-Q2,revenue
358570,지아이이노베이션,2024-Q4,revenue
358570,지아이이노베이션,2025-Q3,cogs
358570,지아이이노베이션,2022-Q4,revenue
358570,지아이이노베이션,2023-Q4,cogs
358570,지아이이노베이션,2025-Q3,ar
358570,지아이이노베이션,2023-Q2,inventory
358570,지아이이노베이션,2024-Q1,inventory
358570,지아이이노베이션,2023-Q3,inventory
358570,지아이이노베이션,2025-Q1,inventory
358570,지아이이노베이션,2025-Q3,ap
358570,지아이이노베이션,2023-Q4,ap
358570,지아이이노베이션,2025-Q2,ar
358570,지아이이노베이션,2025-Q2,cogs
358570,지아이이노베이션,2023-Q1,inventory
358570,지아이이노베이션,2024-Q3,ar
358570,지아이이노베이션,2025-Q3,revenue
358570,지아이이노베이션,2023-Q4,revenue
358570,지아이이노베이션,2024-Q2,inventory
358570,지아이이노베이션,2024-Q3,cogs
358570,지아이이노베이션,2024-Q4,inventory
358570,지아이이노베이션,2022-Q4,inventory
358570,지아이이노베이션,2024-Q1,ar
358570,지아이이노베이션,2024-Q1,cogs
456160,지투지바이오,2024-Q4,inventory
456160,지투지바이오,2025-Q3,inventory
456160,지투지바이오,2025-Q2,inventory
456160,지투지바이오,2024-Q3,inventory
456160,지투지바이오,2025-Q1,inventory
051160,지어소프트,2023-Q3,ap
051160,지어소프트,2022-Q3,ap
051160,지어소프트,2021-Q1,ap
051160,지어소프트,2021-Q2,ap
051160,지어소프트,2021-Q3,ap
051160,지어소프트,2020-Q1,ap
051160,지어소프트,2023-Q1,ap
051160,지어소프트,2022-Q2,ap
051160,지어소프트,2020-Q3,ap
051160,지어소프트,2020-Q2,ap
051160,지어소프트,2021-Q4,ap
051160,지어소프트,2023-Q2,ap
051160,지어소프트,2022-Q1,ap
051160,지어소프트,2020-Q4,ap
051160,지어소프트,2022-Q4,ap
119850,지엔씨에너지,2023-Q4,ap
119850,지엔씨에너지,2024-Q3,ap
119850,지엔씨에너지,2024-Q1,ap
119850,지엔씨에너지,2020-Q1,ap
119850,지엔씨에너지,2023-Q1,ap
119850,지엔씨에너지,2022-Q2,ap
119850,지엔씨에너지,2021-Q4,ap
119850,지엔씨에너지,2023-Q2,ap
119850,지엔씨에너지,2022-Q3,ap
119850,지엔씨에너지,2023-Q3,ap
119850,지엔씨에너지,2024-Q2,ap
119850,지엔씨에너지,2022-Q1,ap
119850,지엔씨에너지,2020-Q4,ap
119850,지엔씨에너지,2022-Q4,ap
065060,지엔코,2023-Q3,net_income
351870,차이커뮤니케이션,2025-Q2,cogs
351870,차이커뮤니케이션,2025-Q3,cogs
351870,차이커뮤니케이션,2024-Q3,cogs
351870,차이커뮤니케이션,2024-Q4,inventory
351870,차이커뮤니케이션,2025-Q1,cogs
351870,차이커뮤니케이션,2024-Q3,inventory
351870,차이커뮤니케이션,2024-Q4,cogs
351870,차이커뮤니케이션,2025-Q1,inventory
036890,진성티이씨,2024-Q3,ap
036890,진성티이씨,2020-Q2,ap
036890,진성티이씨,2023-Q2,ap
036890,진성티이씨,2024-Q1,ap
036890,진성티이씨,2023-Q3,ap
036890,진성티이씨,2022-Q1,ap
036890,진성티이씨,2025-Q1,ap
036890,진성티이씨,2023-Q1,ap
036890,진성티이씨,2022-Q2,ap
036890,진성티이씨,2024-Q2,ap
036890,진성티이씨,2022-Q3,ap
036890,진성티이씨,2024-Q4,ap
036890,진성티이씨,2022-Q4,ap
036890,진성티이씨,2021-Q1,ap
036890,진성티이씨,2021-Q2,ap
036890,진성티이씨,2021-Q3,ap
036890,진성티이씨,2020-Q1,ap
036890,진성티이씨,2020-Q3,ap
036890,진성티이씨,2025-Q3,ap
036890,진성티이씨,2023-Q4,ap
036890,진성티이씨,2021-Q4,ap
036890,진성티이씨,2020-Q4,ap
036890,진성티이씨,2025-Q2,ap
109820,진매트릭스,2022-Q1,capex
261780,차백신연구소,2022-Q3,inventory
261780,차백신연구소,2023-Q1,inventory
261780,차백신연구소,2022-Q2,inventory
261780,차백신연구소,2021-Q4,inventory
261780,차백신연구소,2023-Q2,inventory
261780,차백신연구소,2024-Q2,inventory
261780,차백신연구소,2024-Q1,inventory
261780,차백신연구소,2024-Q4,inventory
261780,차백신연구소,2022-Q1,inventory
261780,차백신연구소,2023-Q3,inventory
261780,차백신연구소,2025-Q1,cogs
261780,차백신연구소,2022-Q4,inventory
261780,차백신연구소,2025-Q1,revenue
261780,차백신연구소,2025-Q2,inventory
261780,차백신연구소,2023-Q4,inventory
261780,차백신연구소,2025-Q3,inventory
261780,차백신연구소,2024-Q3,inventory
261780,차백신연구소,2025-Q1,inventory
007370,진양제약,2023-Q3,ap
007370,진양제약,2022-Q3,ap
007370,진양제약,2021-Q1,ap
007370,진양제약,2021-Q2,ap
007370,진양제약,2021-Q3,ap
007370,진양제약,2020-Q1,ap
007370,진양제약,2023-Q1,ap
007370,진양제약,2022-Q2,ap
007370,진양제약,2020-Q3,ap
007370,진양제약,2020-Q2,ap
007370,진양제약,2021-Q4,ap
007370,진양제약,2023-Q2,ap
007370,진양제약,2022-Q1,ap
007370,진양제약,2020-Q4,ap
007370,진양제약,2022-Q4,ap
094850,참좋은여행,2022-Q1,cogs
094850,참좋은여행,2023-Q3,cogs
094850,참좋은여행,2023-Q2,cogs
094850,참좋은여행,2024-Q3,ap
094850,참좋은여행,2020-Q4,revenue
094850,참좋은여행,2025-Q2,revenue
094850,참좋은여행,2025-Q1,ar
094850,참좋은여행,2024-Q3,revenue
094850,참좋은여행,2025-Q1,cogs
094850,참좋은여행,2020-Q2,ap
094850,참좋은여행,2023-Q1,cogs
094850,참좋은여행,2022-Q2,cogs
094850,참좋은여행,2023-Q3,ap
094850,참좋은여행,2022-Q3,cogs
094850,참좋은여행,2020-Q2,revenue
094850,참좋은여행,2023-Q2,revenue
094850,참좋은여행,2024-Q2,ar
094850,참좋은여행,2024-Q1,revenue
094850,참좋은여행,2024-Q4,cogs
094850,참좋은여행,2024-Q2,cogs
094850,참좋은여행,2022-Q1,revenue
094850,참좋은여행,2022-Q4,cogs
094850,참좋은여행,2023-Q3,revenue
094850,참좋은여행,2022-Q4,ar
094850,참좋은여행,2024-Q4,ar
094850,참좋은여행,2025-Q1,ap
094850,참좋은여행,2021-Q1,cogs
094850,참좋은여행,2023-Q1,ap
094850,참좋은여행,2025-Q1,revenue
094850,참좋은여행,2021-Q2,cogs
094850,참좋은여행,2021-Q3,cogs
094850,참좋은여행,2020-Q1,cogs
094850,참좋은여행,2024-Q2,ap
094850,참좋은여행,2024-Q4,ap
094850,참좋은여행,2024-Q1,cogs
094850,참좋은여행,2020-Q3,cogs
094850,참좋은여행,2022-Q2,revenue
094850,참좋은여행,2023-Q1,revenue
094850,참좋은여행,2025-Q2,ap
094850,참좋은여행,2024-Q2,revenue
094850,참좋은여행,2022-Q3,revenue
094850,참좋은여행,2024-Q4,revenue
094850,참좋은여행,2025-Q3,cogs
094850,참좋은여행,2022-Q4,revenue
094850,참좋은여행,2023-Q4,cogs
094850,참좋은여행,2025-Q3,ar
094850,참좋은여행,2020-Q1,ap
094850,참좋은여행,2021-Q1,revenue
094850,참좋은여행,2020-Q3,ap
094850,참좋은여행,2021-Q2,revenue
094850,참좋은여행,2021-Q3,revenue
094850,참좋은여행,2020-Q1,revenue
094850,참좋은여행,2021-Q4,cogs
094850,참좋은여행,2020-Q3,revenue
094850,참좋은여행,2025-Q3,ap
094850,참좋은여행,2023-Q4,ap
094850,참좋은여행,2025-Q2,ar
094850,참좋은여행,2020-Q4,cogs
094850,참좋은여행,2025-Q2,cogs
094850,참좋은여행,2024-Q3,ar
094850,참좋은여행,2025-Q3,revenue
094850,참좋은여행,2023-Q4,revenue
094850,참좋은여행,2024-Q3,cogs
094850,참좋은여행,2025-Q1,capex
094850,참좋은여행,2020-Q2,cogs
094850,참좋은여행,2021-Q4,revenue
140430,카티스,2024-Q1,capex
140430,카티스,2024-Q3,ap
140430,카티스,2024-Q2,capex
140430,카티스,2024-Q4,capex
140430,카티스,2025-Q1,ap
140430,카티스,2025-Q2,capex
140430,카티스,2025-Q3,ap
140430,카티스,2024-Q3,capex
140430,카티스,2025-Q3,capex
140430,카티스,2025-Q1,capex
140430,카티스,2024-Q2,ap
140430,카티스,2024-Q1,ap
140430,카티스,2025-Q2,ap
278280,천보,2025-Q1,ap
278280,천보,2025-Q2,ap
278280,천보,2025-Q3,ap
278280,천보,2024-Q4,ap
066360,체리부로,2024-Q1,interest_expense
094360,칩스앤미디어,2021-Q2,inventory
094360,칩스앤미디어,2021-Q3,inventory
094360,칩스앤미디어,2020-Q3,inventory
094360,칩스앤미디어,2025-Q3,inventory
094360,칩스앤미디어,2023-Q4,inventory
094360,칩스앤미디어,2021-Q4,inventory
094360,칩스앤미디어,2021-Q1,inventory
094360,칩스앤미디어,2020-Q4,inventory
094360,칩스앤미디어,2025-Q2,inventory
094360,칩스앤미디어,2024-Q3,inventory
094360,칩스앤미디어,2020-Q2,inventory
094360,칩스앤미디어,2023-Q2,inventory
094360,칩스앤미디어,2024-Q1,inventory
094360,칩스앤미디어,2022-Q1,inventory
094360,칩스앤미디어,2023-Q3,inventory
094360,칩스앤미디어,2025-Q1,inventory
094360,칩스앤미디어,2022-Q3,inventory
094360,칩스앤미디어,2023-Q1,inventory
094360,칩스앤미디어,2022-Q2,inventory
094360,칩스앤미디어,2024-Q2,inventory
094360,칩스앤미디어,2024-Q4,inventory
094360,칩스앤미디어,2022-Q4,inventory
094360,칩스앤미디어,2020-Q1,inventory
284620,카이노스메드,2021-Q2,inventory
284620,카이노스메드,2021-Q3,inventory
284620,카이노스메드,2024-Q3,ap
284620,카이노스메드,2020-Q4,revenue
284620,카이노스메드,2020-Q3,inventory
284620,카이노스메드,2020-Q2,ap
284620,카이노스메드,2023-Q2,ap
284620,카이노스메드,2023-Q4,inventory
284620,카이노스메드,2024-Q1,ap
284620,카이노스메드,2022-Q1,ap
284620,카이노스메드,2020-Q1,capex
284620,카이노스메드,2023-Q3,ap
284620,카이노스메드,2020-Q2,revenue
284620,카이노스메드,2021-Q4,inventory
284620,카이노스메드,2025-Q1,ap
284620,카이노스메드,2021-Q1,inventory
284620,카이노스메드,2021-Q1,cogs
284620,카이노스메드,2020-Q4,inventory
284620,카이노스메드,2022-Q2,ap
284620,카이노스메드,2023-Q1,ap
284620,카이노스메드,2021-Q2,cogs
284620,카이노스메드,2021-Q3,cogs
284620,카이노스메드,2020-Q1,cogs
284620,카이노스메드,2022-Q3,ap
284620,카이노스메드,2024-Q2,ap
284620,카이노스메드,2024-Q3,inventory
284620,카이노스메드,2020-Q3,cogs
284620,카이노스메드,2024-Q4,ap
284620,카이노스메드,2022-Q4,ap
284620,카이노스메드,2025-Q2,ap
284620,카이노스메드,2020-Q2,inventory
284620,카이노스메드,2021-Q1,ap
284620,카이노스메드,2023-Q2,inventory
284620,카이노스메드,2024-Q1,inventory
284620,카이노스메드,2021-Q2,ap
284620,카이노스메드,2021-Q3,ap
284620,카이노스메드,2022-Q1,inventory
284620,카이노스메드,2023-Q3,inventory
284620,카이노스메드,2020-Q3,ap
284620,카이노스메드,2020-Q3,revenue
284620,카이노스메드,2025-Q1,inventory
284620,카이노스메드,2023-Q4,ap
284620,카이노스메드,2025-Q3,ap
284620,카이노스메드,2020-Q4,cogs
284620,카이노스메드,2022-Q3,inventory
284620,카이노스메드,2023-Q1,inventory
284620,카이노스메드,2022-Q2,inventory
284620,카이노스메드,2024-Q2,inventory
284620,카이노스메드,2024-Q4,inventory
284620,카이노스메드,2022-Q4,inventory
284620,카이노스메드,2021-Q4,ap
284620,카이노스메드,2025-Q1,capex
284620,카이노스메드,2020-Q2,cogs
284620,카이노스메드,2020-Q4,ap
284620,카이노스메드,2020-Q1,inventory
047820,초록뱀미디어,2020-Q2,inventory
047820,초록뱀미디어,2020-Q1,inventory
293490,카카오게임즈,2022-Q1,cogs
293490,카카오게임즈,2023-Q3,cogs
293490,카카오게임즈,2023-Q2,cogs
293490,카카오게임즈,2025-Q1,cogs
293490,카카오게임즈,2025-Q3,inventory
293490,카카오게임즈,2023-Q1,cogs
293490,카카오게임즈,2022-Q2,cogs
293490,카카오게임즈,2022-Q3,cogs
293490,카카오게임즈,2024-Q4,cogs
293490,카카오게임즈,2023-Q2,revenue
293490,카카오게임즈,2024-Q2,cogs
293490,카카오게임즈,2022-Q1,revenue
293490,카카오게임즈,2022-Q4,cogs
293490,카카오게임즈,2023-Q3,revenue
293490,카카오게임즈,2021-Q1,cogs
293490,카카오게임즈,2025-Q2,inventory
293490,카카오게임즈,2021-Q2,cogs
293490,카카오게임즈,2021-Q3,cogs
293490,카카오게임즈,2024-Q1,cogs
293490,카카오게임즈,2023-Q1,revenue
293490,카카오게임즈,2020-Q3,cogs
293490,카카오게임즈,2022-Q2,revenue
293490,카카오게임즈,2022-Q3,revenue
293490,카카오게임즈,2025-Q3,cogs
293490,카카오게임즈,2022-Q4,revenue
293490,카카오게임즈,2023-Q4,cogs
293490,카카오게임즈,2024-Q3,op_income
293490,카카오게임즈,2021-Q1,revenue
293490,카카오게임즈,2021-Q2,revenue
293490,카카오게임즈,2021-Q3,revenue
293490,카카오게임즈,2021-Q4,cogs
293490,카카오게임즈,2025-Q1,inventory
293490,카카오게임즈,2020-Q4,cogs
293490,카카오게임즈,2025-Q2,cogs
293490,카카오게임즈,2024-Q3,cogs
293490,카카오게임즈,2024-Q4,inventory
293490,카카오게임즈,2021-Q4,revenue
210120,캔버스엔,2024-Q3,ap
210120,캔버스엔,2023-Q4,inventory
210120,캔버스엔,2024-Q1,ap
210120,캔버스엔,2023-Q3,ap
210120,캔버스엔,2021-Q4,inventory
210120,캔버스엔,2025-Q1,ap
210120,캔버스엔,2020-Q4,inventory
210120,캔버스엔,2025-Q2,inventory
210120,캔버스엔,2024-Q2,ap
210120,캔버스엔,2024-Q4,ap
210120,캔버스엔,2024-Q3,inventory
210120,캔버스엔,2022-Q4,ap
210120,캔버스엔,2024-Q1,inventory
210120,캔버스엔,2023-Q3,inventory
210120,캔버스엔,2025-Q1,inventory
210120,캔버스엔,2025-Q3,ap
210120,캔버스엔,2023-Q4,ap
210120,캔버스엔,2024-Q2,inventory
210120,캔버스엔,2024-Q4,inventory
210120,캔버스엔,2021-Q4,ap
210120,캔버스엔,2020-Q4,ap
210120,캔버스엔,2025-Q2,ap
452300,캡스톤파트너스,2024-Q3,ap
452300,캡스톤파트너스,2024-Q2,capex
452300,캡스톤파트너스,2024-Q4,capex
452300,캡스톤파트너스,2025-Q1,ar
452300,캡스톤파트너스,2025-Q1,cogs
452300,캡스톤파트너스,2025-Q3,inventory
452300,캡스톤파트너스,2023-Q4,inventory
452300,캡스톤파트너스,2024-Q1,ap
452300,캡스톤파트너스,2024-Q4,cogs
452300,캡스톤파트너스,2024-Q2,ar
452300,캡스톤파트너스,2024-Q4,ar
452300,캡스톤파트너스,2024-Q2,cogs
452300,캡스톤파트너스,2025-Q1,ap
452300,캡스톤파트너스,2025-Q3,capex
452300,캡스톤파트너스,2023-Q4,capex
452300,캡스톤파트너스,2025-Q2,inventory
452300,캡스톤파트너스,2024-Q2,ap
452300,캡스톤파트너스,2024-Q4,ap
452300,캡스톤파트너스,2024-Q3,inventory
452300,캡스톤파트너스,2025-Q2,ap
452300,캡스톤파트너스,2025-Q3,cogs
452300,캡스톤파트너스,2023-Q4,cogs
452300,캡스톤파트너스,2025-Q3,ar
452300,캡스톤파트너스,2025-Q2,capex
452300,캡스톤파트너스,2023-Q4,ar
452300,캡스톤파트너스,2024-Q1,inventory
452300,캡스톤파트너스,2024-Q3,capex
452300,캡스톤파트너스,2025-Q1,inventory
452300,캡스톤파트너스,2025-Q3,ap
452300,캡스톤파트너스,2023-Q4,ap
452300,캡스톤파트너스,2025-Q2,ar
452300,캡스톤파트너스,2024-Q1,capex
452300,캡스톤파트너스,2025-Q2,cogs
452300,캡스톤파트너스,2024-Q3,ar
452300,캡스톤파트너스,2024-Q2,inventory
452300,캡스톤파트너스,2024-Q3,cogs
452300,캡스톤파트너스,2024-Q4,inventory
452300,캡스톤파트너스,2025-Q1,capex
452300,캡스톤파트너스,2024-Q1,ar
452300,캡스톤파트너스,2024-Q1,cogs
042000,카페24,2022-Q1,cogs
042000,카페24,2023-Q3,cogs
042000,카페24,2023-Q2,cogs
042000,카페24,2025-Q1,cogs
042000,카페24,2023-Q1,cogs
042000,카페24,2022-Q2,cogs
042000,카페24,2022-Q3,cogs
042000,카페24,2024-Q4,cogs
042000,카페24,2024-Q2,cogs
042000,카페24,2022-Q4,cogs
042000,카페24,2021-Q1,cogs
042000,카페24,2021-Q2,cogs
042000,카페24,2021-Q3,cogs
042000,카페24,2020-Q1,cogs
042000,카페24,2020-Q3,cogs
042000,카페24,2025-Q3,cogs
042000,카페24,2023-Q4,cogs
042000,카페24,2021-Q4,cogs
042000,카페24,2020-Q4,cogs
042000,카페24,2025-Q2,cogs
042000,카페24,2024-Q3,cogs
042000,카페24,2020-Q2,cogs
042000,카페24,2024-Q1,cogs
317530,캐리소프트,2022-Q1,cogs
317530,캐리소프트,2023-Q3,cogs
317530,캐리소프트,2023-Q2,cogs
317530,캐리소프트,2025-Q1,cogs
317530,캐리소프트,2023-Q1,cogs
317530,캐리소프트,2022-Q2,cogs
317530,캐리소프트,2024-Q4,cogs
317530,캐리소프트,2022-Q3,cogs
317530,캐리소프트,2024-Q2,cogs
317530,캐리소프트,2021-Q3,cogs
317530,캐리소프트,2020-Q1,cogs
317530,캐리소프트,2020-Q3,cogs
317530,캐리소프트,2025-Q3,cogs
317530,캐리소프트,2023-Q4,cogs
317530,캐리소프트,2021-Q4,cogs
317530,캐리소프트,2025-Q2,cogs
317530,캐리소프트,2024-Q3,cogs
317530,캐리소프트,2020-Q2,cogs
317530,캐리소프트,2024-Q1,cogs
307930,컴퍼니케이,2025-Q1,current_assets
307930,컴퍼니케이,2023-Q3,cogs
307930,컴퍼니케이,2024-Q3,ap
307930,컴퍼니케이,2023-Q3,ar
307930,컴퍼니케이,2024-Q4,op_income
307930,컴퍼니케이,2024-Q2,op_income
307930,컴퍼니케이,2025-Q1,ar
307930,컴퍼니케이,2025-Q1,cogs
307930,컴퍼니케이,2024-Q2,current_assets
307930,컴퍼니케이,2024-Q4,current_assets
307930,컴퍼니케이,2023-Q4,inventory
307930,컴퍼니케이,2025-Q3,inventory
307930,컴퍼니케이,2024-Q1,ap
307930,컴퍼니케이,2025-Q3,interest_expense
307930,컴퍼니케이,2023-Q3,ap
307930,컴퍼니케이,2024-Q4,cogs
307930,컴퍼니케이,2024-Q2,ar
307930,컴퍼니케이,2023-Q4,interest_expense
307930,컴퍼니케이,2024-Q4,ar
307930,컴퍼니케이,2025-Q3,current_liab
307930,컴퍼니케이,2023-Q4,current_liab
307930,컴퍼니케이,2024-Q2,cogs
307930,컴퍼니케이,2025-Q1,ap
307930,컴퍼니케이,2025-Q3,op_income
307930,컴퍼니케이,2025-Q2,inventory
307930,컴퍼니케이,2023-Q4,op_income
307930,컴퍼니케이,2024-Q2,ap
307930,컴퍼니케이,2024-Q4,ap
307930,컴퍼니케이,2024-Q3,inventory
307930,컴퍼니케이,2025-Q2,interest_expense
307930,컴퍼니케이,2024-Q3,interest_expense
307930,컴퍼니케이,2025-Q3,current_assets
307930,컴퍼니케이,2023-Q4,current_assets
307930,컴퍼니케이,2025-Q2,ap
307930,컴퍼니케이,2025-Q2,current_liab
307930,컴퍼니케이,2025-Q3,cogs
307930,컴퍼니케이,2024-Q3,current_liab
307930,컴퍼니케이,2023-Q4,cogs
307930,컴퍼니케이,2025-Q3,ar
307930,컴퍼니케이,2023-Q4,ar
307930,컴퍼니케이,2024-Q1,inventory
307930,컴퍼니케이,2025-Q2,op_income
307930,컴퍼니케이,2023-Q3,inventory
307930,컴퍼니케이,2024-Q1,interest_expense
307930,컴퍼니케이,2024-Q3,op_income
307930,컴퍼니케이,2023-Q3,interest_expense
307930,컴퍼니케이,2024-Q1,current_liab
307930,컴퍼니케이,2024-Q2,current_liab
307930,컴퍼니케이,2023-Q3,current_liab
307930,컴퍼니케이,2025-Q1,inventory
307930,컴퍼니케이,2025-Q2,current_assets
307930,컴퍼니케이,2023-Q4,ap
307930,컴퍼니케이,2024-Q3,current_assets
307930,컴퍼니케이,2025-Q1,interest_expense
307930,컴퍼니케이,2025-Q2,ar
307930,컴퍼니케이,2025-Q3,ap
307930,컴퍼니케이,2024-Q1,op_income
307930,컴퍼니케이,2024-Q3,ar
307930,컴퍼니케이,2025-Q2,cogs
307930,컴퍼니케이,2024-Q2,inventory
307930,컴퍼니케이,2024-Q3,cogs
307930,컴퍼니케이,2024-Q4,inventory
307930,컴퍼니케이,2025-Q1,current_liab
307930,컴퍼니케이,2023-Q3,op_income
307930,컴퍼니케이,2024-Q4,interest_expense
307930,컴퍼니케이,2024-Q1,current_assets
307930,컴퍼니케이,2024-Q2,interest_expense
307930,컴퍼니케이,2025-Q1,op_income
307930,컴퍼니케이,2023-Q3,current_assets
307930,컴퍼니케이,2024-Q4,current_liab
307930,컴퍼니케이,2024-Q1,ar
307930,컴퍼니케이,2024-Q1,cogs
071850,캐스텍코리아,2022-Q3,ap
071850,캐스텍코리아,2022-Q2,ap
071850,캐스텍코리아,2020-Q2,ap
071850,캐스텍코리아,2021-Q2,ap
900310,컬러레이,2023-Q3,ar
431190,케이쓰리아이,2024-Q3,inventory
431190,케이쓰리아이,2024-Q4,inventory
078340,컴투스,2023-Q2,ar
078340,컴투스,2023-Q3,cogs
078340,컴투스,2021-Q2,inventory
078340,컴투스,2023-Q2,cogs
078340,컴투스,2023-Q3,ar
078340,컴투스,2020-Q3,inventory
078340,컴투스,2025-Q1,ar
078340,컴투스,2025-Q1,cogs
078340,컴투스,2022-Q2,ar
078340,컴투스,2022-Q3,ar
078340,컴투스,2023-Q1,ar
078340,컴투스,2024-Q4,cogs
078340,컴투스,2023-Q2,revenue
078340,컴투스,2024-Q2,ar
078340,컴투스,2024-Q4,ar
078340,컴투스,2024-Q2,cogs
078340,컴투스,2023-Q3,revenue
078340,컴투스,2022-Q4,ar
078340,컴투스,2021-Q1,inventory
078340,컴투스,2020-Q4,inventory
078340,컴투스,2021-Q3,ar
078340,컴투스,2024-Q1,cogs
078340,컴투스,2025-Q3,cogs
078340,컴투스,2023-Q4,cogs
078340,컴투스,2025-Q3,ar
078340,컴투스,2020-Q2,inventory
078340,컴투스,2023-Q4,ar
078340,컴투스,2021-Q4,ar
078340,컴투스,2025-Q2,ar
078340,컴투스,2025-Q2,cogs
078340,컴투스,2024-Q3,ar
078340,컴투스,2024-Q3,cogs
078340,컴투스,2024-Q1,ar
078340,컴투스,2022-Q1,ar
078340,컴투스,2020-Q1,inventory
063080,컴투스홀딩스,2022-Q1,cogs
063080,컴투스홀딩스,2023-Q3,cogs
063080,컴투스홀딩스,2021-Q2,inventory
063080,컴투스홀딩스,2021-Q3,inventory
063080,컴투스홀딩스,2023-Q2,cogs
063080,컴투스홀딩스,2020-Q4,revenue
063080,컴투스홀딩스,2025-Q2,revenue
063080,컴투스홀딩스,2020-Q3,inventory
063080,컴투스홀딩스,2024-Q3,revenue
063080,컴투스홀딩스,2025-Q1,cogs
063080,컴투스홀딩스,2025-Q3,inventory
063080,컴투스홀딩스,2023-Q4,inventory
063080,컴투스홀딩스,2023-Q1,cogs
063080,컴투스홀딩스,2022-Q2,cogs
063080,컴투스홀딩스,2022-Q3,cogs
063080,컴투스홀딩스,2020-Q2,revenue
063080,컴투스홀딩스,2023-Q2,revenue
063080,컴투스홀딩스,2024-Q4,cogs
063080,컴투스홀딩스,2024-Q1,revenue
063080,컴투스홀딩스,2024-Q2,cogs
063080,컴투스홀딩스,2022-Q1,revenue
063080,컴투스홀딩스,2022-Q4,cogs
063080,컴투스홀딩스,2023-Q3,revenue
063080,컴투스홀딩스,2021-Q4,inventory
063080,컴투스홀딩스,2021-Q1,inventory
063080,컴투스홀딩스,2021-Q1,cogs
063080,컴투스홀딩스,2020-Q4,inventory
063080,컴투스홀딩스,2025-Q1,revenue
063080,컴투스홀딩스,2025-Q2,inventory
063080,컴투스홀딩스,2021-Q2,cogs
063080,컴투스홀딩스,2021-Q3,cogs
063080,컴투스홀딩스,2020-Q1,cogs
063080,컴투스홀딩스,2024-Q3,inventory
063080,컴투스홀딩스,2024-Q1,cogs
063080,컴투스홀딩스,2020-Q3,cogs
063080,컴투스홀딩스,2023-Q1,revenue
063080,컴투스홀딩스,2024-Q2,revenue
063080,컴투스홀딩스,2022-Q3,revenue
063080,컴투스홀딩스,2024-Q4,revenue
063080,컴투스홀딩스,2025-Q3,cogs
063080,컴투스홀딩스,2022-Q4,revenue
063080,컴투스홀딩스,2023-Q4,cogs
063080,컴투스홀딩스,2020-Q2,inventory
063080,컴투스홀딩스,2023-Q2,inventory
063080,컴투스홀딩스,2024-Q1,inventory
063080,컴투스홀딩스,2022-Q1,inventory
063080,컴투스홀딩스,2023-Q3,inventory
063080,컴투스홀딩스,2021-Q1,revenue
063080,컴투스홀딩스,2021-Q2,revenue
063080,컴투스홀딩스,2021-Q3,revenue
063080,컴투스홀딩스,2020-Q1,revenue
063080,컴투스홀딩스,2021-Q4,cogs
063080,컴투스홀딩스,2020-Q3,revenue
063080,컴투스홀딩스,2025-Q1,inventory
063080,컴투스홀딩스,2020-Q4,cogs
063080,컴투스홀딩스,2022-Q3,inventory
063080,컴투스홀딩스,2025-Q2,cogs
063080,컴투스홀딩스,2023-Q1,inventory
063080,컴투스홀딩스,2022-Q2,inventory
063080,컴투스홀딩스,2025-Q3,revenue
063080,컴투스홀딩스,2021-Q4,revenue
063080,컴투스홀딩스,2023-Q4,revenue
063080,컴투스홀딩스,2024-Q2,inventory
063080,컴투스홀딩스,2024-Q3,cogs
063080,컴투스홀딩스,2024-Q4,inventory
063080,컴투스홀딩스,2022-Q4,inventory
063080,컴투스홀딩스,2020-Q2,cogs
063080,컴투스홀딩스,2020-Q1,inventory
263700,케어랩스,2022-Q1,cogs
263700,케어랩스,2022-Q3,capex
263700,케어랩스,2023-Q1,capex
263700,케어랩스,2023-Q2,cogs
263700,케어랩스,2023-Q3,cogs
263700,케어랩스,2020-Q4,revenue
263700,케어랩스,2024-Q2,capex
263700,케어랩스,2024-Q4,capex
263700,케어랩스,2025-Q2,revenue
263700,케어랩스,2024-Q3,revenue
263700,케어랩스,2022-Q4,capex
263700,케어랩스,2025-Q1,cogs
263700,케어랩스,2023-Q1,cogs
263700,케어랩스,2021-Q2,capex
263700,케어랩스,2021-Q3,capex
263700,케어랩스,2021-Q1,capex
263700,케어랩스,2020-Q1,capex
263700,케어랩스,2022-Q2,cogs
263700,케어랩스,2020-Q2,revenue
263700,케어랩스,2022-Q3,cogs
263700,케어랩스,2023-Q2,revenue
263700,케어랩스,2024-Q1,revenue
263700,케어랩스,2024-Q4,cogs
263700,케어랩스,2024-Q2,cogs
263700,케어랩스,2022-Q1,revenue
263700,케어랩스,2022-Q4,cogs
263700,케어랩스,2020-Q3,capex
263700,케어랩스,2023-Q3,revenue
263700,케어랩스,2021-Q1,cogs
263700,케어랩스,2025-Q3,capex
263700,케어랩스,2023-Q4,capex
263700,케어랩스,2025-Q1,revenue
263700,케어랩스,2021-Q2,cogs
263700,케어랩스,2021-Q3,cogs
263700,케어랩스,2020-Q1,cogs
263700,케어랩스,2024-Q1,cogs
263700,케어랩스,2020-Q3,cogs
263700,케어랩스,2022-Q2,revenue
263700,케어랩스,2023-Q1,revenue
263700,케어랩스,2021-Q4,capex
263700,케어랩스,2022-Q3,revenue
263700,케어랩스,2024-Q2,revenue
263700,케어랩스,2024-Q4,revenue
263700,케어랩스,2025-Q3,cogs
263700,케어랩스,2020-Q4,capex
263700,케어랩스,2022-Q4,revenue
263700,케어랩스,2023-Q4,cogs
263700,케어랩스,2025-Q2,capex
263700,케어랩스,2024-Q3,capex
263700,케어랩스,2021-Q1,revenue
263700,케어랩스,2021-Q2,revenue
263700,케어랩스,2021-Q3,revenue
263700,케어랩스,2020-Q1,revenue
263700,케어랩스,2021-Q4,cogs
263700,케어랩스,2020-Q3,revenue
263700,케어랩스,2024-Q1,capex
263700,케어랩스,2020-Q4,cogs
263700,케어랩스,2022-Q1,capex
263700,케어랩스,2020-Q2,capex
263700,케어랩스,2023-Q2,capex
263700,케어랩스,2025-Q2,cogs
263700,케어랩스,2025-Q3,revenue
263700,케어랩스,2023-Q4,revenue
263700,케어랩스,2024-Q3,cogs
263700,케어랩스,2023-Q3,capex
263700,케어랩스,2025-Q1,capex
263700,케어랩스,2020-Q2,cogs
263700,케어랩스,2022-Q2,capex
263700,케어랩스,2021-Q4,revenue
038530,케이바이오,2023-Q1,capex
221980,케이디켐,2020-Q1,capex
221980,케이디켐,2020-Q3,capex
221980,케이디켐,2020-Q4,capex
221980,케이디켐,2020-Q2,capex
221980,케이디켐,2021-Q2,capex
221980,케이디켐,2021-Q3,capex
221980,케이디켐,2021-Q1,capex
192250,케이사인,2022-Q1,cogs
192250,케이사인,2023-Q3,cogs
192250,케이사인,2021-Q2,inventory
192250,케이사인,2021-Q3,inventory
192250,케이사인,2023-Q2,cogs
192250,케이사인,2020-Q4,revenue
192250,케이사인,2025-Q2,revenue
192250,케이사인,2024-Q3,revenue
192250,케이사인,2025-Q1,cogs
192250,케이사인,2025-Q3,inventory
192250,케이사인,2023-Q4,inventory
192250,케이사인,2023-Q1,cogs
192250,케이사인,2022-Q2,cogs
192250,케이사인,2022-Q3,cogs
192250,케이사인,2020-Q2,revenue
192250,케이사인,2023-Q2,revenue
192250,케이사인,2024-Q4,cogs
192250,케이사인,2024-Q1,revenue
192250,케이사인,2024-Q2,cogs
192250,케이사인,2022-Q1,revenue
192250,케이사인,2022-Q4,cogs
192250,케이사인,2023-Q3,revenue
192250,케이사인,2021-Q4,inventory
192250,케이사인,2021-Q1,cogs
192250,케이사인,2025-Q1,revenue
192250,케이사인,2025-Q2,inventory
192250,케이사인,2021-Q2,cogs
192250,케이사인,2021-Q3,cogs
192250,케이사인,2020-Q1,cogs
192250,케이사인,2024-Q3,inventory
192250,케이사인,2024-Q1,cogs
192250,케이사인,2020-Q3,cogs
192250,케이사인,2022-Q2,revenue
192250,케이사인,2023-Q1,revenue
192250,케이사인,2024-Q2,revenue
192250,케이사인,2022-Q3,revenue
192250,케이사인,2024-Q4,revenue
192250,케이사인,2025-Q3,cogs
192250,케이사인,2022-Q4,revenue
192250,케이사인,2023-Q4,cogs
192250,케이사인,2023-Q2,inventory
192250,케이사인,2024-Q1,inventory
192250,케이사인,2022-Q1,inventory
192250,케이사인,2023-Q3,inventory
192250,케이사인,2021-Q1,revenue
192250,케이사인,2021-Q2,revenue
192250,케이사인,2021-Q3,revenue
192250,케이사인,2020-Q1,revenue
192250,케이사인,2021-Q4,cogs
192250,케이사인,2020-Q3,revenue
192250,케이사인,2025-Q1,inventory
192250,케이사인,2020-Q4,cogs
192250,케이사인,2022-Q3,inventory
192250,케이사인,2025-Q2,cogs
192250,케이사인,2023-Q1,inventory
192250,케이사인,2022-Q2,inventory
192250,케이사인,2025-Q3,revenue
192250,케이사인,2023-Q4,revenue
192250,케이사인,2024-Q2,inventory
192250,케이사인,2024-Q3,cogs
192250,케이사인,2024-Q4,inventory
192250,케이사인,2022-Q4,inventory
192250,케이사인,2020-Q2,cogs
192250,케이사인,2021-Q4,revenue
115500,케이씨에스,2022-Q1,inventory
089150,케이씨티,2024-Q3,ap
089150,케이씨티,2023-Q2,ap
089150,케이씨티,2024-Q1,ap
089150,케이씨티,2023-Q3,ap
089150,케이씨티,2022-Q1,ap
089150,케이씨티,2020-Q1,capex
089150,케이씨티,2025-Q1,ap
089150,케이씨티,2023-Q1,ap
089150,케이씨티,2024-Q2,ap
089150,케이씨티,2024-Q4,ap
089150,케이씨티,2022-Q3,ap
089150,케이씨티,2022-Q4,ap
089150,케이씨티,2020-Q4,capex
089150,케이씨티,2021-Q2,ap
089150,케이씨티,2021-Q3,ap
089150,케이씨티,2025-Q3,ap
089150,케이씨티,2023-Q4,ap
089150,케이씨티,2024-Q1,capex
089150,케이씨티,2021-Q4,ap
089150,케이씨티,2025-Q2,ap
199430,케이엔알시스템,2024-Q1,capex
199430,케이엔알시스템,2024-Q2,capex
199430,케이엔알시스템,2024-Q4,capex
199430,케이엔알시스템,2025-Q2,capex
199430,케이엔알시스템,2024-Q3,capex
199430,케이엔알시스템,2025-Q3,capex
199430,케이엔알시스템,2023-Q4,capex
199430,케이엔알시스템,2025-Q1,capex
093320,케이아이엔엑스,2021-Q2,inventory
093320,케이아이엔엑스,2021-Q3,inventory
093320,케이아이엔엑스,2020-Q3,inventory
093320,케이아이엔엑스,2025-Q3,inventory
093320,케이아이엔엑스,2023-Q4,inventory
093320,케이아이엔엑스,2021-Q1,capex
093320,케이아이엔엑스,2020-Q3,capex
093320,케이아이엔엑스,2021-Q4,inventory
093320,케이아이엔엑스,2020-Q1,inventory
093320,케이아이엔엑스,2020-Q4,inventory
093320,케이아이엔엑스,2025-Q2,inventory
093320,케이아이엔엑스,2024-Q3,inventory
093320,케이아이엔엑스,2021-Q4,capex
093320,케이아이엔엑스,2020-Q4,capex
093320,케이아이엔엑스,2020-Q2,inventory
093320,케이아이엔엑스,2023-Q2,inventory
093320,케이아이엔엑스,2024-Q1,inventory
093320,케이아이엔엑스,2022-Q1,inventory
093320,케이아이엔엑스,2023-Q3,inventory
093320,케이아이엔엑스,2025-Q1,inventory
093320,케이아이엔엑스,2022-Q3,inventory
093320,케이아이엔엑스,2023-Q1,inventory
093320,케이아이엔엑스,2022-Q2,inventory
093320,케이아이엔엑스,2024-Q2,inventory
093320,케이아이엔엑스,2024-Q4,inventory
093320,케이아이엔엑스,2022-Q4,inventory
093320,케이아이엔엑스,2021-Q1,inventory
039420,케이엘넷,2022-Q3,inventory
039420,케이엘넷,2023-Q1,inventory
039420,케이엘넷,2022-Q2,inventory
039420,케이엘넷,2023-Q2,inventory
039420,케이엘넷,2024-Q2,inventory
039420,케이엘넷,2024-Q1,inventory
039420,케이엘넷,2024-Q4,inventory
039420,케이엘넷,2022-Q1,inventory
039420,케이엘넷,2023-Q3,inventory
039420,케이엘넷,2022-Q4,inventory
039420,케이엘넷,2025-Q2,inventory
039420,케이엘넷,2025-Q3,inventory
039420,케이엘넷,2023-Q4,inventory
039420,케이엘넷,2024-Q3,inventory
039420,케이엘넷,2025-Q1,inventory
102370,케이옥션,2022-Q3,capex
102370,케이옥션,2023-Q1,capex
102370,케이옥션,2024-Q2,capex
102370,케이옥션,2024-Q4,capex
102370,케이옥션,2022-Q4,capex
102370,케이옥션,2024-Q1,ap
102370,케이옥션,2022-Q1,ap
102370,케이옥션,2025-Q1,ap
102370,케이옥션,2025-Q3,capex
102370,케이옥션,2022-Q2,ap
102370,케이옥션,2023-Q4,capex
102370,케이옥션,2024-Q2,ap
102370,케이옥션,2022-Q3,ap
102370,케이옥션,2024-Q4,ap
102370,케이옥션,2022-Q4,ap
102370,케이옥션,2021-Q4,capex
102370,케이옥션,2025-Q2,capex
102370,케이옥션,2024-Q3,capex
102370,케이옥션,2025-Q3,ap
102370,케이옥션,2023-Q4,ap
102370,케이옥션,2024-Q1,capex
102370,케이옥션,2022-Q1,capex
102370,케이옥션,2023-Q2,capex
102370,케이옥션,2023-Q3,capex
102370,케이옥션,2021-Q4,ap
102370,케이옥션,2025-Q1,capex
102370,케이옥션,2022-Q2,capex
102370,케이옥션,2025-Q2,ap
225430,케이엠제약,2021-Q1,interest_expense
225430,케이엠제약,2021-Q2,interest_expense
225430,케이엠제약,2021-Q3,interest_expense
225430,케이엠제약,2020-Q1,interest_expense
225430,케이엠제약,2020-Q3,interest_expense
225430,케이엠제약,2024-Q1,cfo
225430,케이엠제약,2022-Q1,cfo
225430,케이엠제약,2023-Q3,cfo
225430,케이엠제약,2023-Q2,cfo
225430,케이엠제약,2025-Q1,cfo
225430,케이엠제약,2023-Q1,cfo
225430,케이엠제약,2022-Q2,cfo
225430,케이엠제약,2022-Q3,cfo
225430,케이엠제약,2024-Q4,cfo
225430,케이엠제약,2020-Q4,interest_expense
225430,케이엠제약,2024-Q2,cfo
225430,케이엠제약,2022-Q4,cfo
225430,케이엠제약,2020-Q2,interest_expense
225430,케이엠제약,2025-Q3,cfo
225430,케이엠제약,2023-Q4,cfo
225430,케이엠제약,2021-Q4,cfo
225430,케이엠제약,2025-Q2,cfo
225430,케이엠제약,2024-Q3,cfo
036030,케이티알파,2021-Q4,capex
036030,케이티알파,2020-Q1,capex
036030,케이티알파,2022-Q3,capex
036030,케이티알파,2022-Q1,capex
036030,케이티알파,2020-Q3,capex
036030,케이티알파,2020-Q4,capex
036030,케이티알파,2020-Q2,capex
036030,케이티알파,2021-Q2,capex
036030,케이티알파,2021-Q3,capex
036030,케이티알파,2021-Q1,capex
036030,케이티알파,2022-Q2,capex
106080,케이이엠텍,2020-Q1,capex
106080,케이이엠텍,2023-Q1,capex
064820,케이프,2021-Q4,capex
064820,케이프,2020-Q1,capex
064820,케이프,2022-Q3,capex
064820,케이프,2023-Q1,capex
064820,케이프,2022-Q1,capex
064820,케이프,2020-Q3,capex
064820,케이프,2020-Q4,capex
064820,케이프,2020-Q2,capex
064820,케이프,2022-Q4,capex
064820,케이프,2021-Q2,capex
064820,케이프,2021-Q3,capex
064820,케이프,2021-Q1,capex
064820,케이프,2022-Q2,capex
042040,케이피엠테크,2024-Q2,inventory
054410,케이피티유,2022-Q3,capex
054410,케이피티유,2023-Q1,capex
054410,케이피티유,2024-Q2,capex
054410,케이피티유,2024-Q4,capex
054410,케이피티유,2022-Q4,capex
054410,케이피티유,2021-Q2,capex
054410,케이피티유,2021-Q3,capex
054410,케이피티유,2021-Q1,capex
054410,케이피티유,2020-Q3,capex
054410,케이피티유,2025-Q3,capex
054410,케이피티유,2023-Q4,capex
054410,케이피티유,2021-Q4,capex
054410,케이피티유,2020-Q4,capex
054410,케이피티유,2025-Q2,capex
054410,케이피티유,2024-Q3,capex
054410,케이피티유,2024-Q1,capex
054410,케이피티유,2022-Q1,capex
054410,케이피티유,2020-Q2,capex
054410,케이피티유,2023-Q2,capex
054410,케이피티유,2023-Q3,capex
054410,케이피티유,2025-Q1,capex
054410,케이피티유,2022-Q2,capex
402030,코난테크놀로지,2022-Q3,inventory
402030,코난테크놀로지,2023-Q1,inventory
402030,코난테크놀로지,2023-Q2,inventory
402030,코난테크놀로지,2024-Q2,inventory
402030,코난테크놀로지,2024-Q1,inventory
402030,코난테크놀로지,2024-Q4,inventory
402030,코난테크놀로지,2023-Q3,inventory
402030,코난테크놀로지,2022-Q4,inventory
402030,코난테크놀로지,2025-Q2,inventory
402030,코난테크놀로지,2025-Q3,inventory
402030,코난테크놀로지,2023-Q4,inventory
402030,코난테크놀로지,2024-Q3,inventory
402030,코난테크놀로지,2025-Q1,inventory
220260,켐트로스,2023-Q2,ar
220260,켐트로스,2023-Q3,ar
220260,켐트로스,2025-Q1,ar
220260,켐트로스,2022-Q2,ar
220260,켐트로스,2022-Q3,ar
220260,켐트로스,2023-Q1,ar
220260,켐트로스,2024-Q2,ar
220260,켐트로스,2024-Q4,ar
220260,켐트로스,2022-Q4,ar
220260,켐트로스,2021-Q2,ar
220260,켐트로스,2020-Q1,ar
220260,켐트로스,2021-Q1,ar
220260,켐트로스,2021-Q3,ar
220260,켐트로스,2020-Q3,ar
220260,켐트로스,2025-Q3,ar
220260,켐트로스,2021-Q1,ap
220260,켐트로스,2023-Q4,ar
220260,켐트로스,2020-Q1,ap
220260,켐트로스,2021-Q4,ar
220260,켐트로스,2020-Q4,ar
220260,켐트로스,2025-Q2,ar
220260,켐트로스,2024-Q3,ar
220260,켐트로스,2024-Q1,ar
220260,켐트로스,2022-Q1,ar
220260,켐트로스,2020-Q2,ar
190650,코리아에셋투자증권,2025-Q4,ar
190650,코리아에셋투자증권,2024-Q4,capex
190650,코리아에셋투자증권,2025-Q1,ar
190650,코리아에셋투자증권,2024-Q2,current_assets
190650,코리아에셋투자증권,2023-Q3,ap
190650,코리아에셋투자증권,2023-Q4,interest_expense
190650,코리아에셋투자증권,2025-Q1,ap
190650,코리아에셋투자증권,2025-Q3,op_income
190650,코리아에셋투자증권,2023-Q4,op_income
190650,코리아에셋투자증권,2024-Q3,inventory
190650,코리아에셋투자증권,2023-Q4,ar
190650,코리아에셋투자증권,2025-Q2,op_income
190650,코리아에셋투자증권,2025-Q4,inventory
190650,코리아에셋투자증권,2024-Q1,interest_expense
190650,코리아에셋투자증권,2025-Q3,ap
190650,코리아에셋투자증권,2025-Q2,ar
190650,코리아에셋투자증권,2024-Q1,op_income
190650,코리아에셋투자증권,2025-Q4,capex
190650,코리아에셋투자증권,2023-Q3,op_income
190650,코리아에셋투자증권,2025-Q1,capex
190650,코리아에셋투자증권,2024-Q4,current_liab
190650,코리아에셋투자증권,2024-Q1,ar
190650,코리아에셋투자증권,2025-Q2,ap
190650,코리아에셋투자증권,2023-Q3,ar
190650,코리아에셋투자증권,2024-Q4,current_assets
190650,코리아에셋투자증권,2023-Q4,inventory
190650,코리아에셋투자증권,2024-Q1,ap
190650,코리아에셋투자증권,2024-Q4,cogs
190650,코리아에셋투자증권,2024-Q2,cogs
190650,코리아에셋투자증권,2023-Q4,capex
190650,코리아에셋투자증권,2024-Q2,ap
190650,코리아에셋투자증권,2024-Q3,current_liab
190650,코리아에셋투자증권,2025-Q3,ar
190650,코리아에셋투자증권,2025-Q2,capex
190650,코리아에셋투자증권,2023-Q3,inventory
190650,코리아에셋투자증권,2025-Q4,current_liab
190650,코리아에셋투자증권,2025-Q1,inventory
190650,코리아에셋투자증권,2024-Q3,current_assets
190650,코리아에셋투자증권,2024-Q1,capex
190650,코리아에셋투자증권,2024-Q3,cogs
190650,코리아에셋투자증권,2023-Q3,capex
190650,코리아에셋투자증권,2024-Q4,interest_expense
190650,코리아에셋투자증권,2024-Q2,interest_expense
190650,코리아에셋투자증권,2025-Q4,current_assets
190650,코리아에셋투자증권,2025-Q1,current_assets
190650,코리아에셋투자증권,2025-Q4,cogs
190650,코리아에셋투자증권,2024-Q4,op_income
190650,코리아에셋투자증권,2024-Q2,op_income
190650,코리아에셋투자증권,2025-Q3,inventory
190650,코리아에셋투자증권,2024-Q2,ar
190650,코리아에셋투자증권,2023-Q4,current_liab
190650,코리아에셋투자증권,2025-Q3,capex
190650,코리아에셋투자증권,2025-Q2,inventory
190650,코리아에셋투자증권,2024-Q4,ap
190650,코리아에셋투자증권,2024-Q3,interest_expense
190650,코리아에셋투자증권,2023-Q4,current_assets
190650,코리아에셋투자증권,2023-Q4,cogs
190650,코리아에셋투자증권,2024-Q1,inventory
190650,코리아에셋투자증권,2024-Q3,op_income
190650,코리아에셋투자증권,2025-Q4,interest_expense
190650,코리아에셋투자증권,2023-Q3,current_liab
190650,코리아에셋투자증권,2024-Q3,ar
190650,코리아에셋투자증권,2024-Q2,inventory
190650,코리아에셋투자증권,2025-Q1,current_liab
190650,코리아에셋투자증권,2023-Q3,current_assets
190650,코리아에셋투자증권,2023-Q3,cogs
190650,코리아에셋투자증권,2024-Q3,ap
190650,코리아에셋투자증권,2024-Q2,capex
190650,코리아에셋투자증권,2025-Q1,cogs
190650,코리아에셋투자증권,2025-Q4,ap
190650,코리아에셋투자증권,2024-Q4,ar
190650,코리아에셋투자증권,2025-Q3,current_liab
190650,코리아에셋투자증권,2025-Q3,current_assets
190650,코리아에셋투자증권,2025-Q2,current_liab
190650,코리아에셋투자증권,2025-Q3,cogs
190650,코리아에셋투자증권,2024-Q3,capex
190650,코리아에셋투자증권,2023-Q3,interest_expense
190650,코리아에셋투자증권,2024-Q1,current_liab
190650,코리아에셋투자증권,2025-Q2,current_assets
190650,코리아에셋투자증권,2023-Q4,ap
190650,코리아에셋투자증권,2025-Q2,cogs
190650,코리아에셋투자증권,2024-Q4,inventory
190650,코리아에셋투자증권,2025-Q4,op_income
190650,코리아에셋투자증권,2024-Q1,current_assets
190650,코리아에셋투자증권,2025-Q1,op_income
190650,코리아에셋투자증권,2024-Q2,current_liab
190650,코리아에셋투자증권,2024-Q1,cogs
036690,코맥스,2024-Q3,ap
036690,코맥스,2020-Q2,ap
036690,코맥스,2024-Q1,ap
036690,코맥스,2022-Q1,ap
036690,코맥스,2025-Q1,ap
036690,코맥스,2023-Q1,ap
036690,코맥스,2024-Q2,ap
036690,코맥스,2024-Q4,ap
036690,코맥스,2022-Q4,ap
036690,코맥스,2021-Q1,ap
036690,코맥스,2021-Q2,ap
036690,코맥스,2021-Q3,ap
036690,코맥스,2020-Q1,ap
036690,코맥스,2020-Q3,ap
036690,코맥스,2025-Q3,ap
036690,코맥스,2023-Q4,ap
036690,코맥스,2021-Q4,ap
036690,코맥스,2020-Q4,ap
036690,코맥스,2025-Q2,ap
355150,코스텍시스,2024-Q1,capex
355150,코스텍시스,2023-Q1,capex
355150,코스텍시스,2023-Q2,capex
355150,코스텍시스,2024-Q2,capex
355150,코스텍시스,2024-Q4,capex
355150,코스텍시스,2025-Q2,capex
355150,코스텍시스,2023-Q3,capex
355150,코스텍시스,2024-Q3,capex
355150,코스텍시스,2025-Q3,capex
355150,코스텍시스,2023-Q4,capex
355150,코스텍시스,2025-Q1,capex
384470,코어라인소프트,2023-Q3,cogs
384470,코어라인소프트,2025-Q2,revenue
384470,코어라인소프트,2024-Q3,revenue
384470,코어라인소프트,2025-Q1,cogs
384470,코어라인소프트,2023-Q4,inventory
384470,코어라인소프트,2024-Q4,cogs
384470,코어라인소프트,2024-Q1,revenue
384470,코어라인소프트,2024-Q2,cogs
384470,코어라인소프트,2023-Q3,revenue
384470,코어라인소프트,2025-Q1,revenue
384470,코어라인소프트,2024-Q3,inventory
384470,코어라인소프트,2024-Q2,revenue
384470,코어라인소프트,2024-Q4,revenue
384470,코어라인소프트,2025-Q3,cogs
384470,코어라인소프트,2023-Q4,cogs
384470,코어라인소프트,2024-Q1,inventory
384470,코어라인소프트,2023-Q3,inventory
384470,코어라인소프트,2025-Q2,cogs
384470,코어라인소프트,2025-Q3,revenue
384470,코어라인소프트,2023-Q4,revenue
384470,코어라인소프트,2024-Q2,inventory
384470,코어라인소프트,2024-Q3,cogs
384470,코어라인소프트,2024-Q4,inventory
384470,코어라인소프트,2024-Q1,cogs
126730,코칩,2024-Q2,current_liab
126730,코칩,2024-Q2,current_assets
033290,코웰패션,2022-Q3,capex
033290,코웰패션,2022-Q2,capex
056360,코위버,2022-Q1,capex
102940,코오롱생명과학,2020-Q2,capex
102940,코오롱생명과학,2023-Q1,interest_expense
102940,코오롱생명과학,2022-Q2,interest_expense
102940,코오롱생명과학,2021-Q4,interest_expense
102940,코오롱생명과학,2022-Q3,interest_expense
102940,코오롱생명과학,2022-Q1,interest_expense
102940,코오롱생명과학,2023-Q3,interest_expense
102940,코오롱생명과학,2023-Q2,interest_expense
102940,코오롱생명과학,2022-Q4,interest_expense
102940,코오롱생명과학,2020-Q1,capex
432720,퀄리타스반도체,2024-Q3,ap
432720,퀄리타스반도체,2025-Q1,cogs
432720,퀄리타스반도체,2025-Q3,inventory
432720,퀄리타스반도체,2023-Q4,inventory
432720,퀄리타스반도체,2024-Q1,ap
432720,퀄리타스반도체,2024-Q4,cogs
432720,퀄리타스반도체,2024-Q2,ar
432720,퀄리타스반도체,2024-Q2,cogs
432720,퀄리타스반도체,2025-Q1,ap
432720,퀄리타스반도체,2025-Q2,inventory
432720,퀄리타스반도체,2024-Q2,ap
432720,퀄리타스반도체,2024-Q4,ap
432720,퀄리타스반도체,2024-Q3,inventory
432720,퀄리타스반도체,2025-Q2,ap
432720,퀄리타스반도체,2025-Q3,cogs
432720,퀄리타스반도체,2023-Q4,cogs
432720,퀄리타스반도체,2025-Q3,ar
432720,퀄리타스반도체,2024-Q1,inventory
432720,퀄리타스반도체,2025-Q1,inventory
432720,퀄리타스반도체,2025-Q3,ap
432720,퀄리타스반도체,2023-Q4,ap
432720,퀄리타스반도체,2025-Q2,cogs
432720,퀄리타스반도체,2024-Q2,inventory
432720,퀄리타스반도체,2024-Q3,cogs
432720,퀄리타스반도체,2024-Q4,inventory
432720,퀄리타스반도체,2024-Q1,cogs
322780,코퍼스코리아,2022-Q3,capex
322780,코퍼스코리아,2023-Q1,capex
322780,코퍼스코리아,2024-Q2,capex
322780,코퍼스코리아,2024-Q4,capex
322780,코퍼스코리아,2022-Q4,capex
322780,코퍼스코리아,2025-Q3,inventory
322780,코퍼스코리아,2021-Q2,capex
322780,코퍼스코리아,2021-Q3,capex
322780,코퍼스코리아,2021-Q1,capex
322780,코퍼스코리아,2025-Q3,capex
322780,코퍼스코리아,2023-Q4,capex
322780,코퍼스코리아,2025-Q2,inventory
322780,코퍼스코리아,2021-Q4,capex
322780,코퍼스코리아,2020-Q4,capex
322780,코퍼스코리아,2025-Q2,capex
322780,코퍼스코리아,2024-Q3,capex
322780,코퍼스코리아,2025-Q1,inventory
322780,코퍼스코리아,2024-Q1,capex
322780,코퍼스코리아,2022-Q1,capex
322780,코퍼스코리아,2023-Q2,capex
322780,코퍼스코리아,2024-Q4,inventory
322780,코퍼스코리아,2023-Q3,capex
322780,코퍼스코리아,2025-Q1,capex
322780,코퍼스코리아,2022-Q2,capex
372320,큐로셀,2024-Q3,ap
372320,큐로셀,2025-Q1,ar
372320,큐로셀,2025-Q3,inventory
372320,큐로셀,2023-Q4,inventory
372320,큐로셀,2024-Q1,ap
372320,큐로셀,2024-Q2,ar
372320,큐로셀,2024-Q4,ar
372320,큐로셀,2025-Q1,ap
372320,큐로셀,2025-Q2,inventory
372320,큐로셀,2024-Q2,ap
372320,큐로셀,2024-Q4,ap
372320,큐로셀,2024-Q3,inventory
372320,큐로셀,2025-Q3,ar
372320,큐로셀,2023-Q4,ar
372320,큐로셀,2024-Q1,inventory
372320,큐로셀,2025-Q1,inventory
372320,큐로셀,2025-Q3,ap
372320,큐로셀,2023-Q4,ap
372320,큐로셀,2025-Q2,ar
372320,큐로셀,2024-Q3,ar
372320,큐로셀,2024-Q2,inventory
372320,큐로셀,2024-Q4,inventory
372320,큐로셀,2024-Q1,ar
372320,큐로셀,2025-Q2,ap
294570,쿠콘,2021-Q2,inventory
294570,쿠콘,2021-Q3,inventory
294570,쿠콘,2024-Q3,ap
294570,쿠콘,2025-Q3,inventory
294570,쿠콘,2023-Q2,ap
294570,쿠콘,2023-Q4,inventory
294570,쿠콘,2024-Q1,ap
294570,쿠콘,2022-Q1,ap
294570,쿠콘,2023-Q3,ap
294570,쿠콘,2021-Q4,inventory
294570,쿠콘,2025-Q1,ap
294570,쿠콘,2023-Q1,ap
294570,쿠콘,2022-Q2,ap
294570,쿠콘,2025-Q2,inventory
294570,쿠콘,2024-Q2,ap
294570,쿠콘,2022-Q3,ap
294570,쿠콘,2024-Q4,ap
294570,쿠콘,2024-Q3,inventory
294570,쿠콘,2022-Q4,ap
294570,쿠콘,2025-Q2,ap
294570,쿠콘,2021-Q1,ap
294570,쿠콘,2023-Q2,inventory
294570,쿠콘,2024-Q1,inventory
294570,쿠콘,2021-Q2,ap
294570,쿠콘,2021-Q3,ap
294570,쿠콘,2022-Q1,inventory
294570,쿠콘,2023-Q3,inventory
294570,쿠콘,2025-Q1,inventory
294570,쿠콘,2025-Q3,ap
294570,쿠콘,2023-Q4,ap
294570,쿠콘,2022-Q3,inventory
294570,쿠콘,2023-Q1,inventory
294570,쿠콘,2022-Q2,inventory
294570,쿠콘,2024-Q2,inventory
294570,쿠콘,2024-Q4,inventory
294570,쿠콘,2022-Q3,net_income
294570,쿠콘,2022-Q4,inventory
294570,쿠콘,2023-Q1,net_income
294570,쿠콘,2021-Q4,ap
294570,쿠콘,2022-Q4,net_income
294570,쿠콘,2021-Q1,inventory
365270,큐라클,2022-Q1,cogs
365270,큐라클,2023-Q3,cogs
365270,큐라클,2023-Q2,cogs
365270,큐라클,2021-Q3,inventory
365270,큐라클,2024-Q3,ap
365270,큐라클,2025-Q2,revenue
365270,큐라클,2025-Q1,cogs
365270,큐라클,2025-Q3,inventory
365270,큐라클,2023-Q2,ap
365270,큐라클,2023-Q4,inventory
365270,큐라클,2024-Q1,ap
365270,큐라클,2023-Q1,cogs
365270,큐라클,2022-Q2,cogs
365270,큐라클,2021-Q3,capex
365270,큐라클,2023-Q3,ap
365270,큐라클,2022-Q3,cogs
365270,큐라클,2024-Q4,cogs
365270,큐라클,2024-Q2,ar
365270,큐라클,2024-Q2,cogs
365270,큐라클,2022-Q4,cogs
365270,큐라클,2021-Q4,inventory
365270,큐라클,2025-Q1,ap
365270,큐라클,2025-Q1,revenue
365270,큐라클,2025-Q2,inventory
365270,큐라클,2024-Q2,ap
365270,큐라클,2024-Q4,ap
365270,큐라클,2024-Q3,inventory
365270,큐라클,2021-Q3,ar
365270,큐라클,2024-Q1,cogs
365270,큐라클,2025-Q2,ap
365270,큐라클,2025-Q3,cogs
365270,큐라클,2023-Q4,cogs
365270,큐라클,2023-Q2,inventory
365270,큐라클,2023-Q4,ar
365270,큐라클,2024-Q1,inventory
365270,큐라클,2022-Q1,inventory
365270,큐라클,2023-Q3,inventory
365270,큐라클,2021-Q4,cogs
365270,큐라클,2025-Q1,inventory
365270,큐라클,2025-Q3,ap
365270,큐라클,2023-Q4,ap
365270,큐라클,2022-Q3,inventory
365270,큐라클,2025-Q2,cogs
365270,큐라클,2023-Q1,inventory
365270,큐라클,2022-Q2,inventory
365270,큐라클,2024-Q3,ar
365270,큐라클,2024-Q2,inventory
365270,큐라클,2024-Q3,cogs
365270,큐라클,2024-Q4,inventory
365270,큐라클,2022-Q4,inventory
365270,큐라클,2024-Q1,ar
365270,큐라클,2021-Q4,revenue
348080,큐라티스,2023-Q2,ar
348080,큐라티스,2024-Q3,ap
348080,큐라티스,2023-Q2,ap
348080,큐라티스,2024-Q1,ap
348080,큐라티스,2023-Q3,ap
348080,큐라티스,2024-Q2,ar
348080,큐라티스,2022-Q4,ar
348080,큐라티스,2025-Q1,ap
348080,큐라티스,2023-Q1,ap
348080,큐라티스,2022-Q2,ap
348080,큐라티스,2024-Q2,ap
348080,큐라티스,2022-Q3,ap
348080,큐라티스,2024-Q4,ap
348080,큐라티스,2022-Q4,ap
348080,큐라티스,2023-Q4,ar
348080,큐라티스,2021-Q4,ar
348080,큐라티스,2025-Q3,ap
348080,큐라티스,2023-Q4,ap
348080,큐라티스,2021-Q4,ap
348080,큐라티스,2024-Q1,ar
348080,큐라티스,2025-Q2,ap
227100,퀀텀온,2024-Q2,capex
227100,퀀텀온,2024-Q1,capex
227100,퀀텀온,2025-Q1,capex
016600,큐캐피탈,2025-Q1,current_assets
016600,큐캐피탈,2023-Q3,cogs
016600,큐캐피탈,2024-Q3,ap
016600,큐캐피탈,2023-Q3,ar
016600,큐캐피탈,2024-Q4,op_income
016600,큐캐피탈,2025-Q2,revenue
016600,큐캐피탈,2024-Q2,op_income
016600,큐캐피탈,2025-Q1,ar
016600,큐캐피탈,2025-Q1,cogs
016600,큐캐피탈,2024-Q2,current_assets
016600,큐캐피탈,2024-Q4,current_assets
016600,큐캐피탈,2023-Q4,inventory
016600,큐캐피탈,2025-Q3,inventory
016600,큐캐피탈,2024-Q1,ap
016600,큐캐피탈,2023-Q3,ap
016600,큐캐피탈,2024-Q4,cogs
016600,큐캐피탈,2024-Q2,ar
016600,큐캐피탈,2024-Q4,ar
016600,큐캐피탈,2025-Q3,current_liab
016600,큐캐피탈,2023-Q4,current_liab
016600,큐캐피탈,2024-Q2,cogs
016600,큐캐피탈,2025-Q1,ap
016600,큐캐피탈,2025-Q3,op_income
016600,큐캐피탈,2025-Q1,revenue
016600,큐캐피탈,2025-Q2,inventory
016600,큐캐피탈,2023-Q4,op_income
016600,큐캐피탈,2024-Q2,ap
016600,큐캐피탈,2024-Q4,ap
016600,큐캐피탈,2024-Q3,inventory
016600,큐캐피탈,2025-Q3,current_assets
016600,큐캐피탈,2023-Q4,current_assets
016600,큐캐피탈,2025-Q2,ap
016600,큐캐피탈,2024-Q4,revenue
016600,큐캐피탈,2025-Q2,current_liab
016600,큐캐피탈,2025-Q3,cogs
016600,큐캐피탈,2024-Q3,current_liab
016600,큐캐피탈,2023-Q4,cogs
016600,큐캐피탈,2025-Q3,ar
016600,큐캐피탈,2023-Q4,ar
016600,큐캐피탈,2024-Q1,inventory
016600,큐캐피탈,2025-Q2,op_income
016600,큐캐피탈,2023-Q3,inventory
016600,큐캐피탈,2024-Q3,op_income
016600,큐캐피탈,2024-Q1,current_liab
016600,큐캐피탈,2024-Q2,current_liab
016600,큐캐피탈,2023-Q3,current_liab
016600,큐캐피탈,2025-Q1,inventory
016600,큐캐피탈,2025-Q2,current_assets
016600,큐캐피탈,2023-Q4,ap
016600,큐캐피탈,2024-Q3,current_assets
016600,큐캐피탈,2025-Q2,ar
016600,큐캐피탈,2025-Q3,ap
016600,큐캐피탈,2024-Q1,op_income
016600,큐캐피탈,2024-Q3,ar
016600,큐캐피탈,2025-Q2,cogs
016600,큐캐피탈,2025-Q3,revenue
016600,큐캐피탈,2024-Q2,inventory
016600,큐캐피탈,2024-Q3,cogs
016600,큐캐피탈,2024-Q4,inventory
016600,큐캐피탈,2025-Q1,current_liab
016600,큐캐피탈,2023-Q3,op_income
016600,큐캐피탈,2024-Q1,current_assets
016600,큐캐피탈,2025-Q1,op_income
016600,큐캐피탈,2023-Q3,current_assets
016600,큐캐피탈,2024-Q4,current_liab
016600,큐캐피탈,2024-Q1,ar
016600,큐캐피탈,2024-Q1,cogs
355390,크라우드웍스,2023-Q4,ap
355390,크라우드웍스,2024-Q2,inventory
355390,크라우드웍스,2024-Q4,inventory
355390,크라우드웍스,2024-Q1,inventory
355390,크라우드웍스,2023-Q3,inventory
355390,크라우드웍스,2025-Q2,inventory
355390,크라우드웍스,2025-Q3,inventory
355390,크라우드웍스,2023-Q4,inventory
355390,크라우드웍스,2024-Q1,ap
355390,크라우드웍스,2024-Q3,inventory
355390,크라우드웍스,2023-Q3,ap
355390,크라우드웍스,2025-Q1,inventory
405100,큐알티,2024-Q1,capex
405100,큐알티,2023-Q1,capex
405100,큐알티,2023-Q2,capex
405100,큐알티,2024-Q2,capex
405100,큐알티,2024-Q4,capex
405100,큐알티,2025-Q2,capex
405100,큐알티,2023-Q3,capex
405100,큐알티,2024-Q3,capex
405100,큐알티,2022-Q4,capex
405100,큐알티,2025-Q3,capex
405100,큐알티,2023-Q4,capex
405100,큐알티,2025-Q2,inventory
405100,큐알티,2025-Q1,capex
405100,큐알티,2025-Q3,inventory
405100,큐알티,2025-Q1,inventory
051780,큐로홀딩스,2021-Q3,capex
115180,큐리언트,2021-Q2,inventory
115180,큐리언트,2024-Q3,ap
115180,큐리언트,2020-Q4,revenue
115180,큐리언트,2024-Q2,capex
115180,큐리언트,2020-Q3,inventory
115180,큐리언트,2020-Q2,ap
115180,큐리언트,2023-Q2,ap
115180,큐리언트,2024-Q1,ap
115180,큐리언트,2022-Q1,ap
115180,큐리언트,2023-Q3,ap
115180,큐리언트,2020-Q2,revenue
115180,큐리언트,2025-Q1,ap
115180,큐리언트,2020-Q1,inventory
115180,큐리언트,2021-Q1,inventory
115180,큐리언트,2021-Q1,cogs
115180,큐리언트,2020-Q4,inventory
115180,큐리언트,2021-Q2,ar
115180,큐리언트,2020-Q1,ar
115180,큐리언트,2021-Q1,ar
115180,큐리언트,2021-Q2,cogs
115180,큐리언트,2022-Q2,ap
115180,큐리언트,2020-Q1,cogs
115180,큐리언트,2022-Q3,ap
115180,큐리언트,2023-Q1,ap
115180,큐리언트,2024-Q2,ap
115180,큐리언트,2020-Q3,cogs
115180,큐리언트,2024-Q4,ap
115180,큐리언트,2022-Q4,ap
115180,큐리언트,2020-Q3,ar
115180,큐리언트,2025-Q2,ap
115180,큐리언트,2020-Q2,inventory
115180,큐리언트,2021-Q1,ap
115180,큐리언트,2021-Q2,ap
115180,큐리언트,2021-Q3,ap
115180,큐리언트,2020-Q1,ap
115180,큐리언트,2021-Q1,revenue
115180,큐리언트,2020-Q3,ap
115180,큐리언트,2021-Q2,revenue
115180,큐리언트,2020-Q1,revenue
115180,큐리언트,2020-Q3,revenue
115180,큐리언트,2020-Q4,ar
115180,큐리언트,2023-Q4,ap
115180,큐리언트,2025-Q3,ap
115180,큐리언트,2024-Q1,capex
115180,큐리언트,2020-Q4,cogs
115180,큐리언트,2023-Q3,capex
115180,큐리언트,2021-Q4,ap
115180,큐리언트,2025-Q1,capex
115180,큐리언트,2020-Q2,cogs
115180,큐리언트,2020-Q4,ap
115180,큐리언트,2020-Q2,ar
182360,큐브엔터,2025-Q3,ar
182360,큐브엔터,2020-Q1,inventory
096240,크레버스,2022-Q1,cogs
096240,크레버스,2023-Q3,cogs
096240,크레버스,2023-Q2,cogs
096240,크레버스,2024-Q3,ap
096240,크레버스,2025-Q1,cogs
096240,크레버스,2023-Q1,cogs
096240,크레버스,2022-Q2,cogs
096240,크레버스,2022-Q3,cogs
096240,크레버스,2024-Q4,cogs
096240,크레버스,2024-Q2,cogs
096240,크레버스,2022-Q4,cogs
096240,크레버스,2025-Q1,ap
096240,크레버스,2021-Q1,cogs
096240,크레버스,2021-Q2,cogs
096240,크레버스,2021-Q3,cogs
096240,크레버스,2020-Q1,cogs
096240,크레버스,2024-Q2,ap
096240,크레버스,2024-Q4,ap
096240,크레버스,2020-Q3,cogs
096240,크레버스,2025-Q2,ap
096240,크레버스,2025-Q3,cogs
096240,크레버스,2023-Q4,cogs
096240,크레버스,2021-Q4,cogs
096240,크레버스,2025-Q3,ap
096240,크레버스,2020-Q4,cogs
096240,크레버스,2025-Q2,cogs
096240,크레버스,2024-Q3,cogs
096240,크레버스,2020-Q2,cogs
096240,크레버스,2024-Q1,cogs
487720,키움제10호스팩,2025-Q2,ar
487720,키움제10호스팩,2025-Q2,cogs
487720,키움제10호스팩,2025-Q3,cogs
487720,키움제10호스팩,2024-Q4,capex
487720,키움제10호스팩,2025-Q2,capex
487720,키움제10호스팩,2025-Q3,ar
487720,키움제10호스팩,2024-Q4,inventory
487720,키움제10호스팩,2025-Q3,ap
487720,키움제10호스팩,2025-Q1,cogs
487720,키움제10호스팩,2025-Q3,capex
487720,키움제10호스팩,2025-Q2,inventory
487720,키움제10호스팩,2025-Q1,capex
487720,키움제10호스팩,2025-Q3,inventory
487720,키움제10호스팩,2025-Q2,ap
487720,키움제10호스팩,2024-Q4,cogs
487720,키움제10호스팩,2025-Q1,inventory
489480,키움제11호스팩,2024-Q4,capex
489480,키움제11호스팩,2025-Q1,ar
489480,키움제11호스팩,2025-Q1,cogs
489480,키움제11호스팩,2025-Q3,inventory
489480,키움제11호스팩,2024-Q4,cogs
489480,키움제11호스팩,2024-Q4,ar
489480,키움제11호스팩,2025-Q1,ap
489480,키움제11호스팩,2025-Q3,capex
489480,키움제11호스팩,2025-Q2,inventory
489480,키움제11호스팩,2024-Q4,ap
489480,키움제11호스팩,2025-Q3,cogs
489480,키움제11호스팩,2025-Q3,ar
489480,키움제11호스팩,2025-Q2,capex
489480,키움제11호스팩,2025-Q3,ap
489480,키움제11호스팩,2025-Q1,inventory
489480,키움제11호스팩,2025-Q2,ar
489480,키움제11호스팩,2025-Q2,cogs
489480,키움제11호스팩,2024-Q4,inventory
489480,키움제11호스팩,2025-Q1,capex
489480,키움제11호스팩,2025-Q2,ap
139670,키네마스터,2022-Q1,cogs
139670,키네마스터,2023-Q3,cogs
139670,키네마스터,2021-Q2,inventory
139670,키네마스터,2021-Q3,inventory
139670,키네마스터,2023-Q1,capex
139670,키네마스터,2023-Q2,cogs
139670,키네마스터,2024-Q2,capex
139670,키네마스터,2024-Q3,ap
139670,키네마스터,2020-Q3,inventory
139670,키네마스터,2024-Q4,capex
139670,키네마스터,2025-Q1,cogs
139670,키네마스터,2025-Q3,inventory
139670,키네마스터,2020-Q2,ap
139670,키네마스터,2023-Q2,ap
139670,키네마스터,2023-Q4,inventory
139670,키네마스터,2024-Q1,ap
139670,키네마스터,2023-Q1,cogs
139670,키네마스터,2022-Q2,cogs
139670,키네마스터,2022-Q1,ap
139670,키네마스터,2023-Q3,ap
139670,키네마스터,2022-Q3,cogs
139670,키네마스터,2024-Q4,cogs
139670,키네마스터,2024-Q2,cogs
139670,키네마스터,2022-Q4,cogs
139670,키네마스터,2021-Q4,inventory
139670,키네마스터,2025-Q1,ap
139670,키네마스터,2020-Q1,inventory
139670,키네마스터,2021-Q1,cogs
139670,키네마스터,2020-Q4,inventory
139670,키네마스터,2022-Q2,ap
139670,키네마스터,2023-Q1,ap
139670,키네마스터,2025-Q2,inventory
139670,키네마스터,2021-Q2,cogs
139670,키네마스터,2021-Q3,cogs
139670,키네마스터,2020-Q1,cogs
139670,키네마스터,2022-Q3,ap
139670,키네마스터,2024-Q2,ap
139670,키네마스터,2024-Q1,cogs
139670,키네마스터,2020-Q3,cogs
139670,키네마스터,2024-Q3,inventory
139670,키네마스터,2022-Q4,ap
139670,키네마스터,2024-Q4,ap
139670,키네마스터,2025-Q2,ap
139670,키네마스터,2025-Q3,cogs
139670,키네마스터,2023-Q4,cogs
139670,키네마스터,2020-Q2,inventory
139670,키네마스터,2021-Q1,ap
139670,키네마스터,2023-Q2,inventory
139670,키네마스터,2024-Q1,inventory
139670,키네마스터,2021-Q2,ap
139670,키네마스터,2021-Q3,ap
139670,키네마스터,2020-Q1,ap
139670,키네마스터,2022-Q1,inventory
139670,키네마스터,2023-Q3,inventory
139670,키네마스터,2024-Q3,capex
139670,키네마스터,2020-Q3,ap
139670,키네마스터,2021-Q4,cogs
139670,키네마스터,2025-Q1,inventory
139670,키네마스터,2025-Q3,ap
139670,키네마스터,2023-Q4,ap
139670,키네마스터,2024-Q1,capex
139670,키네마스터,2020-Q4,cogs
139670,키네마스터,2022-Q3,inventory
139670,키네마스터,2025-Q2,cogs
139670,키네마스터,2023-Q1,inventory
139670,키네마스터,2022-Q2,inventory
139670,키네마스터,2024-Q2,inventory
139670,키네마스터,2024-Q3,cogs
139670,키네마스터,2024-Q4,inventory
139670,키네마스터,2022-Q4,inventory
139670,키네마스터,2021-Q4,ap
139670,키네마스터,2020-Q2,cogs
139670,키네마스터,2020-Q4,ap
139670,키네마스터,2021-Q1,inventory
256940,킵스파마,2023-Q3,ap
256940,킵스파마,2022-Q3,ap
256940,킵스파마,2021-Q1,ap
256940,킵스파마,2021-Q2,ap
256940,킵스파마,2021-Q3,ap
256940,킵스파마,2020-Q1,ap
256940,킵스파마,2023-Q1,ap
256940,킵스파마,2022-Q2,ap
256940,킵스파마,2020-Q3,ap
256940,킵스파마,2020-Q2,ap
256940,킵스파마,2021-Q4,ap
256940,킵스파마,2023-Q2,ap
256940,킵스파마,2022-Q1,ap
256940,킵스파마,2020-Q4,ap
256940,킵스파마,2022-Q4,ap
219130,타이거일렉,2023-Q1,capex
219130,타이거일렉,2024-Q3,ap
219130,타이거일렉,2020-Q2,ap
219130,타이거일렉,2023-Q2,ap
219130,타이거일렉,2024-Q1,ap
219130,타이거일렉,2023-Q3,ap
219130,타이거일렉,2022-Q1,ap
219130,타이거일렉,2021-Q1,capex
219130,타이거일렉,2025-Q1,ap
219130,타이거일렉,2023-Q1,ap
219130,타이거일렉,2022-Q2,ap
219130,타이거일렉,2024-Q2,ap
219130,타이거일렉,2022-Q3,ap
219130,타이거일렉,2024-Q4,ap
219130,타이거일렉,2022-Q4,ap
219130,타이거일렉,2021-Q1,ap
219130,타이거일렉,2021-Q2,ap
219130,타이거일렉,2021-Q3,ap
219130,타이거일렉,2020-Q1,ap
219130,타이거일렉,2020-Q3,ap
219130,타이거일렉,2025-Q3,ap
219130,타이거일렉,2023-Q4,ap
219130,타이거일렉,2022-Q1,capex
219130,타이거일렉,2021-Q4,ap
219130,타이거일렉,2020-Q4,ap
219130,타이거일렉,2025-Q2,ap
054780,키이스트,2025-Q1,inventory
054780,키이스트,2021-Q2,inventory
054780,키이스트,2021-Q3,inventory
054780,키이스트,2022-Q3,inventory
054780,키이스트,2023-Q1,inventory
054780,키이스트,2022-Q2,inventory
054780,키이스트,2023-Q2,inventory
054780,키이스트,2024-Q2,inventory
054780,키이스트,2024-Q1,inventory
054780,키이스트,2024-Q4,inventory
054780,키이스트,2022-Q1,inventory
054780,키이스트,2023-Q3,inventory
054780,키이스트,2022-Q4,inventory
054780,키이스트,2025-Q2,inventory
054780,키이스트,2025-Q3,inventory
054780,키이스트,2023-Q4,inventory
054780,키이스트,2024-Q3,inventory
054780,키이스트,2021-Q1,inventory
134580,탑코미디어,2025-Q1,cogs
134580,탑코미디어,2025-Q3,inventory
134580,탑코미디어,2023-Q4,inventory
134580,탑코미디어,2021-Q2,capex
134580,탑코미디어,2023-Q3,ap
134580,탑코미디어,2020-Q1,capex
134580,탑코미디어,2021-Q3,capex
134580,탑코미디어,2021-Q1,capex
134580,탑코미디어,2024-Q4,cogs
134580,탑코미디어,2024-Q2,cogs
134580,탑코미디어,2020-Q3,capex
134580,탑코미디어,2025-Q2,inventory
134580,탑코미디어,2024-Q3,inventory
134580,탑코미디어,2021-Q4,capex
134580,탑코미디어,2025-Q3,cogs
134580,탑코미디어,2020-Q4,capex
134580,탑코미디어,2023-Q4,cogs
134580,탑코미디어,2023-Q2,inventory
134580,탑코미디어,2024-Q1,inventory
134580,탑코미디어,2023-Q3,inventory
134580,탑코미디어,2025-Q1,inventory
134580,탑코미디어,2024-Q1,capex
134580,탑코미디어,2025-Q2,cogs
134580,탑코미디어,2020-Q2,capex
134580,탑코미디어,2024-Q2,inventory
134580,탑코미디어,2024-Q3,cogs
134580,탑코미디어,2024-Q4,inventory
134580,탑코미디어,2025-Q1,capex
134580,탑코미디어,2024-Q1,cogs
065130,탑엔지니어링,2023-Q4,cfo
065130,탑엔지니어링,2025-Q1,cfo
065130,탑엔지니어링,2025-Q2,cfo
065130,탑엔지니어링,2025-Q3,cfo
065130,탑엔지니어링,2021-Q2,cfo
065130,탑엔지니어링,2021-Q3,cfo
065130,탑엔지니어링,2023-Q1,cfo
065130,탑엔지니어링,2022-Q2,cfo
065130,탑엔지니어링,2021-Q4,cfo
065130,탑엔지니어링,2022-Q3,cfo
065130,탑엔지니어링,2024-Q1,cfo
065130,탑엔지니어링,2024-Q4,cfo
065130,탑엔지니어링,2022-Q1,cfo
065130,탑엔지니어링,2023-Q3,cfo
065130,탑엔지니어링,2023-Q2,cfo
065130,탑엔지니어링,2022-Q4,cfo
065130,탑엔지니어링,2024-Q2,cfo
065130,탑엔지니어링,2024-Q3,cfo
053620,태양,2020-Q1,capex
124560,태웅로직스,2021-Q2,inventory
124560,태웅로직스,2021-Q3,inventory
124560,태웅로직스,2020-Q3,inventory
124560,태웅로직스,2023-Q4,inventory
124560,태웅로직스,2021-Q4,inventory
124560,태웅로직스,2021-Q1,inventory
124560,태웅로직스,2020-Q4,inventory
124560,태웅로직스,2025-Q2,inventory
124560,태웅로직스,2024-Q3,inventory
124560,태웅로직스,2020-Q2,inventory
124560,태웅로직스,2023-Q2,inventory
124560,태웅로직스,2024-Q1,inventory
124560,태웅로직스,2022-Q1,inventory
124560,태웅로직스,2023-Q3,inventory
124560,태웅로직스,2025-Q1,inventory
124560,태웅로직스,2022-Q3,inventory
124560,태웅로직스,2023-Q1,inventory
124560,태웅로직스,2022-Q2,inventory
124560,태웅로직스,2024-Q2,inventory
124560,태웅로직스,2024-Q4,inventory
124560,태웅로직스,2022-Q4,inventory
124560,태웅로직스,2020-Q1,inventory
073640,테라사이언스,2020-Q2,capex
393210,토마토시스템,2023-Q1,inventory
393210,토마토시스템,2023-Q2,inventory
393210,토마토시스템,2024-Q1,inventory
393210,토마토시스템,2023-Q3,inventory
393210,토마토시스템,2023-Q4,inventory
066700,테라젠이텍스,2024-Q3,ap
066700,테라젠이텍스,2025-Q1,ap
066700,테라젠이텍스,2025-Q3,ap
066700,테라젠이텍스,2024-Q2,ap
066700,테라젠이텍스,2024-Q4,ap
066700,테라젠이텍스,2025-Q2,ap
064520,테크엘,2021-Q4,capex
064520,테크엘,2021-Q1,capex
064520,테크엘,2023-Q1,capex
064520,테크엘,2022-Q1,capex
064520,테크엘,2020-Q3,capex
064520,테크엘,2020-Q4,capex
064520,테크엘,2020-Q2,capex
064520,테크엘,2020-Q2,net_income
064520,테크엘,2022-Q4,capex
064520,테크엘,2021-Q3,capex
064520,테크엘,2020-Q1,capex
089030,테크윙,2022-Q2,ap
089030,테크윙,2022-Q1,ap
054450,텔레칩스,2022-Q3,capex
054450,텔레칩스,2023-Q1,capex
054450,텔레칩스,2024-Q2,capex
054450,텔레칩스,2024-Q4,capex
054450,텔레칩스,2022-Q4,capex
054450,텔레칩스,2021-Q2,capex
054450,텔레칩스,2021-Q3,capex
054450,텔레칩스,2020-Q1,capex
054450,텔레칩스,2021-Q1,capex
054450,텔레칩스,2020-Q3,capex
054450,텔레칩스,2025-Q3,capex
054450,텔레칩스,2023-Q4,capex
054450,텔레칩스,2021-Q4,capex
054450,텔레칩스,2020-Q4,capex
054450,텔레칩스,2025-Q2,capex
054450,텔레칩스,2024-Q3,capex
054450,텔레칩스,2024-Q1,capex
054450,텔레칩스,2022-Q1,capex
054450,텔레칩스,2020-Q2,capex
054450,텔레칩스,2023-Q2,capex
054450,텔레칩스,2023-Q3,capex
054450,텔레칩스,2025-Q1,capex
054450,텔레칩스,2022-Q2,capex
464280,티디에스팜,2024-Q4,capex
464280,티디에스팜,2025-Q2,capex
464280,티디에스팜,2024-Q3,capex
464280,티디에스팜,2025-Q3,capex
464280,티디에스팜,2025-Q1,capex
215480,토박스코리아,2023-Q2,ar
215480,토박스코리아,2024-Q2,ar
215480,토박스코리아,2024-Q4,ar
215480,토박스코리아,2025-Q2,ar
215480,토박스코리아,2023-Q3,ar
215480,토박스코리아,2022-Q3,ar
215480,토박스코리아,2022-Q4,ar
215480,토박스코리아,2024-Q3,ar
215480,토박스코리아,2025-Q3,ar
215480,토박스코리아,2023-Q4,ar
215480,토박스코리아,2025-Q1,ar
215480,토박스코리아,2022-Q2,ar
215480,토박스코리아,2021-Q3,ar
215480,토박스코리아,2024-Q1,ar
215480,토박스코리아,2023-Q1,ar
215480,토박스코리아,2022-Q1,ar
215480,토박스코리아,2021-Q4,ar
079970,투비소프트,2024-Q4,inventory
079970,투비소프트,2025-Q3,inventory
079970,투비소프트,2025-Q2,inventory
079970,투비소프트,2025-Q1,inventory
204610,티쓰리,2023-Q3,cogs
204610,티쓰리,2023-Q2,cogs
204610,티쓰리,2024-Q3,revenue
204610,티쓰리,2025-Q1,cogs
204610,티쓰리,2023-Q1,cogs
204610,티쓰리,2024-Q4,cogs
204610,티쓰리,2023-Q2,revenue
204610,티쓰리,2024-Q1,revenue
204610,티쓰리,2024-Q2,cogs
204610,티쓰리,2022-Q4,cogs
204610,티쓰리,2023-Q3,revenue
204610,티쓰리,2023-Q1,revenue
204610,티쓰리,2024-Q2,revenue
204610,티쓰리,2025-Q3,cogs
204610,티쓰리,2022-Q4,revenue
204610,티쓰리,2023-Q4,cogs
204610,티쓰리,2025-Q2,cogs
204610,티쓰리,2023-Q4,revenue
204610,티쓰리,2024-Q3,cogs
204610,티쓰리,2024-Q1,cogs
033830,티비씨,2024-Q3,ap
033830,티비씨,2025-Q3,inventory
033830,티비씨,2020-Q2,ap
033830,티비씨,2023-Q2,ap
033830,티비씨,2023-Q4,inventory
033830,티비씨,2024-Q1,ap
033830,티비씨,2023-Q3,ap
033830,티비씨,2022-Q1,ap
033830,티비씨,2025-Q1,ap
033830,티비씨,2023-Q1,ap
033830,티비씨,2022-Q2,ap
033830,티비씨,2025-Q2,inventory
033830,티비씨,2024-Q2,ap
033830,티비씨,2022-Q3,ap
033830,티비씨,2024-Q4,ap
033830,티비씨,2024-Q3,inventory
033830,티비씨,2022-Q4,ap
033830,티비씨,2021-Q1,ap
033830,티비씨,2023-Q2,inventory
033830,티비씨,2024-Q1,inventory
033830,티비씨,2021-Q2,ap
033830,티비씨,2021-Q3,ap
033830,티비씨,2020-Q1,ap
033830,티비씨,2023-Q3,inventory
033830,티비씨,2020-Q3,ap
033830,티비씨,2025-Q1,inventory
033830,티비씨,2025-Q3,ap
033830,티비씨,2023-Q4,ap
033830,티비씨,2023-Q1,inventory
033830,티비씨,2024-Q2,inventory
033830,티비씨,2024-Q4,inventory
033830,티비씨,2021-Q4,ap
033830,티비씨,2020-Q4,ap
033830,티비씨,2025-Q2,ap
057680,티사이언티픽,2021-Q2,inventory
057680,티사이언티픽,2021-Q3,inventory
057680,티사이언티픽,2020-Q2,inventory
057680,티사이언티픽,2020-Q3,inventory
057680,티사이언티픽,2021-Q4,inventory
057680,티사이언티픽,2020-Q1,inventory
057680,티사이언티픽,2022-Q1,inventory
057680,티사이언티픽,2021-Q1,inventory
064760,티씨케이,2023-Q4,ap
064760,티씨케이,2022-Q3,capex
064760,티씨케이,2022-Q2,capex
064760,티씨케이,2023-Q1,capex
064760,티씨케이,2024-Q3,ap
064760,티씨케이,2023-Q2,capex
064760,티씨케이,2023-Q3,capex
064760,티씨케이,2022-Q4,capex
064760,티씨케이,2023-Q1,ap
064760,티씨케이,2022-Q2,ap
064760,티씨케이,2023-Q2,ap
064760,티씨케이,2022-Q3,ap
064760,티씨케이,2024-Q1,ap
064760,티씨케이,2024-Q2,ap
064760,티씨케이,2023-Q3,ap
064760,티씨케이,2024-Q4,ap
064760,티씨케이,2022-Q4,ap
246710,티앤알바이오팹,2022-Q3,capex
246710,티앤알바이오팹,2023-Q1,capex
246710,티앤알바이오팹,2024-Q2,capex
246710,티앤알바이오팹,2024-Q4,capex
246710,티앤알바이오팹,2022-Q4,capex
246710,티앤알바이오팹,2021-Q2,capex
246710,티앤알바이오팹,2021-Q3,capex
246710,티앤알바이오팹,2020-Q1,capex
246710,티앤알바이오팹,2021-Q1,capex
246710,티앤알바이오팹,2020-Q3,capex
246710,티앤알바이오팹,2025-Q3,capex
246710,티앤알바이오팹,2023-Q4,capex
246710,티앤알바이오팹,2021-Q4,capex
246710,티앤알바이오팹,2020-Q4,capex
246710,티앤알바이오팹,2025-Q2,capex
246710,티앤알바이오팹,2024-Q3,capex
246710,티앤알바이오팹,2024-Q1,capex
246710,티앤알바이오팹,2022-Q1,capex
246710,티앤알바이오팹,2020-Q2,capex
246710,티앤알바이오팹,2023-Q2,capex
246710,티앤알바이오팹,2023-Q3,capex
246710,티앤알바이오팹,2021-Q4,ap
246710,티앤알바이오팹,2025-Q1,capex
246710,티앤알바이오팹,2022-Q2,capex
425040,티이엠씨,2023-Q4,ap
425040,티이엠씨,2024-Q3,ap
425040,티이엠씨,2025-Q1,ap
425040,티이엠씨,2025-Q3,ap
425040,티이엠씨,2023-Q1,ap
425040,티이엠씨,2023-Q2,ap
425040,티이엠씨,2024-Q2,ap
425040,티이엠씨,2024-Q1,ap
425040,티이엠씨,2023-Q3,ap
425040,티이엠씨,2024-Q4,ap
425040,티이엠씨,2022-Q4,ap
425040,티이엠씨,2025-Q2,ap
131100,티엔엔터테인먼트,2023-Q4,ap
131100,티엔엔터테인먼트,2024-Q3,ap
131100,티엔엔터테인먼트,2025-Q1,ap
131100,티엔엔터테인먼트,2025-Q3,ap
131100,티엔엔터테인먼트,2023-Q1,ap
131100,티엔엔터테인먼트,2023-Q2,ap
131100,티엔엔터테인먼트,2024-Q2,ap
131100,티엔엔터테인먼트,2024-Q1,ap
131100,티엔엔터테인먼트,2023-Q3,ap
131100,티엔엔터테인먼트,2024-Q4,ap
131100,티엔엔터테인먼트,2022-Q4,ap
131100,티엔엔터테인먼트,2025-Q2,ap
321550,티움바이오,2022-Q1,cogs
321550,티움바이오,2023-Q3,cogs
321550,티움바이오,2021-Q2,inventory
321550,티움바이오,2021-Q3,inventory
321550,티움바이오,2023-Q2,cogs
321550,티움바이오,2020-Q4,revenue
321550,티움바이오,2020-Q3,inventory
321550,티움바이오,2024-Q3,revenue
321550,티움바이오,2023-Q4,inventory
321550,티움바이오,2023-Q1,cogs
321550,티움바이오,2022-Q2,cogs
321550,티움바이오,2022-Q3,cogs
321550,티움바이오,2020-Q2,revenue
321550,티움바이오,2023-Q2,revenue
321550,티움바이오,2024-Q4,cogs
321550,티움바이오,2024-Q1,revenue
321550,티움바이오,2024-Q2,cogs
321550,티움바이오,2022-Q1,revenue
321550,티움바이오,2022-Q4,cogs
321550,티움바이오,2023-Q3,revenue
321550,티움바이오,2021-Q4,inventory
321550,티움바이오,2021-Q1,inventory
321550,티움바이오,2021-Q1,cogs
321550,티움바이오,2020-Q4,inventory
321550,티움바이오,2021-Q2,cogs
321550,티움바이오,2021-Q3,cogs
321550,티움바이오,2020-Q1,cogs
321550,티움바이오,2024-Q3,inventory
321550,티움바이오,2024-Q1,cogs
321550,티움바이오,2020-Q3,cogs
321550,티움바이오,2022-Q2,revenue
321550,티움바이오,2023-Q1,revenue
321550,티움바이오,2024-Q2,revenue
321550,티움바이오,2022-Q3,revenue
321550,티움바이오,2024-Q4,revenue
321550,티움바이오,2022-Q4,revenue
321550,티움바이오,2023-Q4,cogs
321550,티움바이오,2020-Q2,inventory
321550,티움바이오,2023-Q2,inventory
321550,티움바이오,2024-Q1,inventory
321550,티움바이오,2022-Q1,inventory
321550,티움바이오,2023-Q3,inventory
321550,티움바이오,2021-Q2,revenue
321550,티움바이오,2021-Q3,revenue
321550,티움바이오,2020-Q1,revenue
321550,티움바이오,2021-Q4,cogs
321550,티움바이오,2020-Q3,revenue
321550,티움바이오,2020-Q4,cogs
321550,티움바이오,2022-Q3,inventory
321550,티움바이오,2023-Q1,inventory
321550,티움바이오,2022-Q2,inventory
321550,티움바이오,2021-Q4,revenue
321550,티움바이오,2023-Q4,revenue
321550,티움바이오,2024-Q2,inventory
321550,티움바이오,2024-Q3,cogs
321550,티움바이오,2022-Q4,inventory
321550,티움바이오,2020-Q2,cogs
321550,티움바이오,2020-Q1,inventory
104480,티케이케미칼,2022-Q3,capex
104480,티케이케미칼,2023-Q1,capex
104480,티케이케미칼,2024-Q2,capex
104480,티케이케미칼,2024-Q4,capex
104480,티케이케미칼,2022-Q4,capex
104480,티케이케미칼,2021-Q2,capex
104480,티케이케미칼,2021-Q3,capex
104480,티케이케미칼,2020-Q1,capex
104480,티케이케미칼,2021-Q1,capex
104480,티케이케미칼,2020-Q3,capex
104480,티케이케미칼,2025-Q3,capex
104480,티케이케미칼,2023-Q4,capex
104480,티케이케미칼,2021-Q4,capex
104480,티케이케미칼,2020-Q4,capex
104480,티케이케미칼,2025-Q2,capex
104480,티케이케미칼,2024-Q3,capex
104480,티케이케미칼,2024-Q1,capex
104480,티케이케미칼,2022-Q1,capex
104480,티케이케미칼,2020-Q2,capex
104480,티케이케미칼,2023-Q2,capex
104480,티케이케미칼,2023-Q3,capex
104480,티케이케미칼,2025-Q1,capex
104480,티케이케미칼,2022-Q2,capex
388870,파로스아이바이오,2023-Q3,cogs
388870,파로스아이바이오,2025-Q2,revenue
388870,파로스아이바이오,2024-Q3,revenue
388870,파로스아이바이오,2025-Q3,inventory
388870,파로스아이바이오,2023-Q4,inventory
388870,파로스아이바이오,2024-Q4,cogs
388870,파로스아이바이오,2024-Q1,revenue
388870,파로스아이바이오,2024-Q2,cogs
388870,파로스아이바이오,2023-Q3,revenue
388870,파로스아이바이오,2025-Q2,inventory
388870,파로스아이바이오,2024-Q3,inventory
388870,파로스아이바이오,2024-Q2,revenue
388870,파로스아이바이오,2024-Q4,revenue
388870,파로스아이바이오,2025-Q3,cogs
388870,파로스아이바이오,2024-Q1,inventory
388870,파로스아이바이오,2023-Q3,inventory
388870,파로스아이바이오,2025-Q1,inventory
388870,파로스아이바이오,2025-Q2,cogs
388870,파로스아이바이오,2025-Q3,revenue
388870,파로스아이바이오,2024-Q2,inventory
388870,파로스아이바이오,2024-Q3,cogs
388870,파로스아이바이오,2024-Q4,inventory
388870,파로스아이바이오,2024-Q1,cogs
288330,파라택시스코리아,2023-Q2,cogs
288330,파라택시스코리아,2025-Q1,ar
288330,파라택시스코리아,2020-Q2,ap
288330,파라택시스코리아,2023-Q2,ap
288330,파라택시스코리아,2022-Q1,ap
288330,파라택시스코리아,2023-Q3,ap
288330,파라택시스코리아,2022-Q3,cogs
288330,파라택시스코리아,2023-Q2,revenue
288330,파라택시스코리아,2022-Q4,cogs
288330,파라택시스코리아,2023-Q3,revenue
288330,파라택시스코리아,2025-Q1,ap
288330,파라택시스코리아,2021-Q1,ar
288330,파라택시스코리아,2025-Q1,revenue
288330,파라택시스코리아,2024-Q3,inventory
288330,파라택시스코리아,2023-Q4,ar
288330,파라택시스코리아,2020-Q1,ap
288330,파라택시스코리아,2021-Q4,ar
288330,파라택시스코리아,2025-Q3,ap
288330,파라택시스코리아,2025-Q2,ar
288330,파라택시스코리아,2025-Q3,revenue
288330,파라택시스코리아,2025-Q1,capex
288330,파라택시스코리아,2024-Q1,ar
288330,파라택시스코리아,2020-Q4,ap
288330,파라택시스코리아,2021-Q1,inventory
288330,파라택시스코리아,2023-Q2,ar
288330,파라택시스코리아,2020-Q2,ar
288330,파라택시스코리아,2025-Q2,ap
288330,파라택시스코리아,2023-Q3,ar
288330,파라택시스코리아,2025-Q2,revenue
288330,파라택시스코리아,2023-Q4,inventory
288330,파라택시스코리아,2024-Q1,ap
288330,파라택시스코리아,2023-Q1,cogs
288330,파라택시스코리아,2022-Q2,cogs
288330,파라택시스코리아,2022-Q3,ar
288330,파라택시스코리아,2024-Q4,cogs
288330,파라택시스코리아,2024-Q1,revenue
288330,파라택시스코리아,2024-Q2,cogs
288330,파라택시스코리아,2021-Q4,inventory
288330,파라택시스코리아,2021-Q2,ar
288330,파라택시스코리아,2024-Q2,ap
288330,파라택시스코리아,2022-Q3,ap
288330,파라택시스코리아,2022-Q4,ap
288330,파라택시스코리아,2024-Q2,revenue
288330,파라택시스코리아,2022-Q3,revenue
288330,파라택시스코리아,2022-Q4,revenue
288330,파라택시스코리아,2025-Q3,ar
288330,파라택시스코리아,2023-Q2,inventory
288330,파라택시스코리아,2021-Q2,ap
288330,파라택시스코리아,2021-Q3,ap
288330,파라택시스코리아,2022-Q1,inventory
288330,파라택시스코리아,2023-Q3,inventory
288330,파라택시스코리아,2025-Q1,inventory
288330,파라택시스코리아,2022-Q3,inventory
288330,파라택시스코리아,2024-Q3,cogs
288330,파라택시스코리아,2025-Q3,inventory
288330,파라택시스코리아,2022-Q2,ar
288330,파라택시스코리아,2024-Q2,ar
288330,파라택시스코리아,2022-Q4,ar
288330,파라택시스코리아,2021-Q1,cogs
288330,파라택시스코리아,2020-Q4,inventory
288330,파라택시스코리아,2022-Q2,ap
288330,파라택시스코리아,2023-Q1,ap
288330,파라택시스코리아,2025-Q2,inventory
288330,파라택시스코리아,2024-Q4,ap
288330,파라택시스코리아,2021-Q3,ar
288330,파라택시스코리아,2023-Q1,revenue
288330,파라택시스코리아,2022-Q2,revenue
288330,파라택시스코리아,2024-Q4,revenue
288330,파라택시스코리아,2023-Q4,cogs
288330,파라택시스코리아,2024-Q1,inventory
288330,파라택시스코리아,2020-Q3,ap
288330,파라택시스코리아,2024-Q2,inventory
288330,파라택시스코리아,2022-Q4,inventory
288330,파라택시스코리아,2023-Q3,cogs
288330,파라택시스코리아,2021-Q2,inventory
288330,파라택시스코리아,2021-Q3,inventory
288330,파라택시스코리아,2024-Q3,ap
288330,파라택시스코리아,2024-Q3,revenue
288330,파라택시스코리아,2025-Q1,cogs
288330,파라택시스코리아,2023-Q1,ar
288330,파라택시스코리아,2020-Q3,ar
288330,파라택시스코리아,2025-Q3,cogs
288330,파라택시스코리아,2021-Q1,ap
288330,파라택시스코리아,2021-Q1,revenue
288330,파라택시스코리아,2023-Q4,ap
288330,파라택시스코리아,2025-Q2,cogs
288330,파라택시스코리아,2023-Q1,inventory
288330,파라택시스코리아,2022-Q2,inventory
288330,파라택시스코리아,2023-Q4,revenue
288330,파라택시스코리아,2024-Q4,inventory
288330,파라택시스코리아,2021-Q4,ap
288330,파라택시스코리아,2022-Q1,ar
288330,파라택시스코리아,2024-Q1,cogs
214450,파마리서치,2025-Q3,interest_expense
208340,파멥신,2022-Q3,capex
208340,파멥신,2021-Q2,inventory
208340,파멥신,2021-Q3,inventory
208340,파멥신,2023-Q1,capex
208340,파멥신,2024-Q2,capex
208340,파멥신,2024-Q4,capex
208340,파멥신,2020-Q3,inventory
208340,파멥신,2022-Q4,capex
208340,파멥신,2023-Q4,inventory
208340,파멥신,2021-Q2,capex
208340,파멥신,2021-Q3,capex
208340,파멥신,2021-Q1,capex
208340,파멥신,2020-Q1,capex
208340,파멥신,2020-Q3,capex
208340,파멥신,2021-Q4,inventory
208340,파멥신,2020-Q1,inventory
208340,파멥신,2025-Q3,capex
208340,파멥신,2020-Q4,inventory
208340,파멥신,2023-Q4,capex
208340,파멥신,2021-Q4,capex
208340,파멥신,2020-Q4,capex
208340,파멥신,2020-Q2,inventory
208340,파멥신,2023-Q2,inventory
208340,파멥신,2025-Q2,capex
208340,파멥신,2024-Q1,inventory
208340,파멥신,2024-Q3,capex
208340,파멥신,2022-Q1,inventory
208340,파멥신,2023-Q3,inventory
208340,파멥신,2024-Q1,capex
208340,파멥신,2022-Q3,inventory
208340,파멥신,2022-Q1,capex
208340,파멥신,2020-Q2,capex
208340,파멥신,2022-Q2,inventory
208340,파멥신,2023-Q1,inventory
208340,파멥신,2023-Q2,capex
208340,파멥신,2024-Q2,inventory
208340,파멥신,2023-Q3,capex
208340,파멥신,2022-Q4,inventory
208340,파멥신,2025-Q1,capex
208340,파멥신,2022-Q2,capex
208340,파멥신,2021-Q1,inventory
150900,파수,2022-Q3,capex
150900,파수,2021-Q2,inventory
150900,파수,2021-Q3,inventory
150900,파수,2023-Q1,capex
150900,파수,2024-Q2,capex
150900,파수,2024-Q4,capex
150900,파수,2020-Q3,inventory
150900,파수,2022-Q4,capex
150900,파수,2025-Q3,inventory
150900,파수,2023-Q4,inventory
150900,파수,2025-Q3,interest_expense
150900,파수,2021-Q2,capex
150900,파수,2021-Q3,capex
150900,파수,2021-Q1,capex
150900,파수,2020-Q1,capex
150900,파수,2020-Q3,capex
150900,파수,2021-Q4,inventory
150900,파수,2020-Q1,inventory
150900,파수,2025-Q3,capex
150900,파수,2020-Q4,inventory
150900,파수,2023-Q4,capex
150900,파수,2025-Q2,inventory
150900,파수,2025-Q2,interest_expense
150900,파수,2024-Q3,inventory
150900,파수,2024-Q3,interest_expense
150900,파수,2021-Q4,capex
150900,파수,2020-Q4,capex
150900,파수,2020-Q2,inventory
150900,파수,2023-Q2,inventory
150900,파수,2025-Q2,capex
150900,파수,2024-Q1,inventory
150900,파수,2024-Q3,capex
150900,파수,2022-Q1,inventory
150900,파수,2023-Q3,inventory
150900,파수,2023-Q3,interest_expense
150900,파수,2025-Q1,inventory
150900,파수,2024-Q1,capex
150900,파수,2025-Q1,interest_expense
150900,파수,2022-Q3,inventory
150900,파수,2022-Q1,capex
150900,파수,2020-Q2,capex
150900,파수,2022-Q2,inventory
150900,파수,2023-Q1,inventory
150900,파수,2023-Q2,capex
150900,파수,2024-Q2,inventory
150900,파수,2024-Q4,inventory
150900,파수,2023-Q3,capex
150900,파수,2024-Q4,interest_expense
150900,파수,2022-Q4,inventory
150900,파수,2025-Q1,capex
150900,파수,2024-Q2,interest_expense
150900,파수,2022-Q2,capex
150900,파수,2021-Q1,inventory
318010,팜스빌,2025-Q1,capex
032800,판타지오,2022-Q3,capex
032800,판타지오,2021-Q2,inventory
032800,판타지오,2023-Q1,capex
032800,판타지오,2024-Q2,capex
032800,판타지오,2024-Q4,capex
032800,판타지오,2022-Q4,capex
032800,판타지오,2021-Q2,capex
032800,판타지오,2021-Q3,capex
032800,판타지오,2021-Q1,capex
032800,판타지오,2020-Q1,capex
032800,판타지오,2020-Q3,capex
032800,판타지오,2025-Q3,capex
032800,판타지오,2023-Q4,capex
032800,판타지오,2024-Q3,inventory
032800,판타지오,2021-Q4,capex
032800,판타지오,2020-Q4,capex
032800,판타지오,2025-Q2,capex
032800,판타지오,2024-Q3,capex
032800,판타지오,2022-Q1,inventory
032800,판타지오,2024-Q1,capex
032800,판타지오,2022-Q3,inventory
032800,판타지오,2022-Q1,capex
032800,판타지오,2020-Q2,capex
032800,판타지오,2022-Q2,inventory
032800,판타지오,2023-Q1,inventory
032800,판타지오,2023-Q2,capex
032800,판타지오,2024-Q2,inventory
032800,판타지오,2024-Q4,inventory
032800,판타지오,2023-Q3,capex
032800,판타지오,2025-Q4,capex
032800,판타지오,2022-Q4,inventory
032800,판타지오,2025-Q1,capex
032800,판타지오,2022-Q2,capex
032800,판타지오,2021-Q1,inventory
225590,패션플랫폼,2022-Q3,capex
225590,패션플랫폼,2023-Q1,capex
225590,패션플랫폼,2024-Q2,capex
225590,패션플랫폼,2024-Q4,capex
225590,패션플랫폼,2022-Q4,capex
225590,패션플랫폼,2021-Q2,capex
225590,패션플랫폼,2021-Q3,capex
225590,패션플랫폼,2020-Q1,capex
225590,패션플랫폼,2021-Q1,capex
225590,패션플랫폼,2020-Q3,capex
225590,패션플랫폼,2025-Q3,capex
225590,패션플랫폼,2023-Q4,capex
225590,패션플랫폼,2021-Q4,capex
225590,패션플랫폼,2020-Q4,capex
225590,패션플랫폼,2025-Q2,capex
225590,패션플랫폼,2024-Q3,capex
225590,패션플랫폼,2024-Q1,capex
225590,패션플랫폼,2022-Q1,capex
225590,패션플랫폼,2020-Q2,capex
225590,패션플랫폼,2023-Q2,capex
225590,패션플랫폼,2023-Q3,capex
225590,패션플랫폼,2025-Q1,capex
225590,패션플랫폼,2022-Q2,capex
054300,팬스타엔터프라이즈,2022-Q2,ap
054300,팬스타엔터프라이즈,2022-Q1,ap
068050,팬엔터테인먼트,2023-Q4,ap
068050,팬엔터테인먼트,2023-Q3,ap
068050,팬엔터테인먼트,2021-Q1,ap
068050,팬엔터테인먼트,2021-Q2,ap
068050,팬엔터테인먼트,2021-Q3,ap
068050,팬엔터테인먼트,2020-Q1,ap
068050,팬엔터테인먼트,2023-Q1,ap
068050,팬엔터테인먼트,2022-Q2,ap
068050,팬엔터테인먼트,2020-Q3,ap
068050,팬엔터테인먼트,2020-Q2,ap
068050,팬엔터테인먼트,2021-Q4,ap
068050,팬엔터테인먼트,2023-Q2,ap
068050,팬엔터테인먼트,2022-Q1,ap
068050,팬엔터테인먼트,2020-Q4,ap
068050,팬엔터테인먼트,2022-Q4,ap
389140,포바이포,2023-Q3,cogs
389140,포바이포,2023-Q2,cogs
389140,포바이포,2025-Q2,revenue
389140,포바이포,2024-Q3,revenue
389140,포바이포,2025-Q1,cogs
389140,포바이포,2023-Q1,cogs
389140,포바이포,2022-Q2,cogs
389140,포바이포,2022-Q3,cogs
389140,포바이포,2024-Q4,cogs
389140,포바이포,2023-Q2,revenue
389140,포바이포,2024-Q1,revenue
389140,포바이포,2024-Q2,cogs
389140,포바이포,2022-Q4,cogs
389140,포바이포,2023-Q3,revenue
389140,포바이포,2025-Q1,revenue
389140,포바이포,2024-Q3,inventory
389140,포바이포,2023-Q1,revenue
389140,포바이포,2022-Q2,revenue
389140,포바이포,2024-Q2,revenue
389140,포바이포,2022-Q3,revenue
389140,포바이포,2024-Q4,revenue
389140,포바이포,2025-Q3,cogs
389140,포바이포,2022-Q4,revenue
389140,포바이포,2023-Q4,cogs
389140,포바이포,2022-Q3,inventory
389140,포바이포,2025-Q2,cogs
389140,포바이포,2022-Q2,inventory
389140,포바이포,2025-Q3,revenue
389140,포바이포,2023-Q4,revenue
389140,포바이포,2024-Q2,inventory
389140,포바이포,2024-Q3,cogs
389140,포바이포,2024-Q1,cogs
263750,펄어비스,2022-Q1,cogs
263750,펄어비스,2023-Q3,cogs
263750,펄어비스,2021-Q2,inventory
263750,펄어비스,2021-Q3,inventory
263750,펄어비스,2023-Q2,cogs
263750,펄어비스,2020-Q4,revenue
263750,펄어비스,2024-Q3,ap
263750,펄어비스,2020-Q3,inventory
263750,펄어비스,2025-Q1,cogs
263750,펄어비스,2020-Q2,ap
263750,펄어비스,2023-Q2,ap
263750,펄어비스,2023-Q4,inventory
263750,펄어비스,2024-Q1,ap
263750,펄어비스,2023-Q1,cogs
263750,펄어비스,2022-Q2,cogs
263750,펄어비스,2022-Q1,ap
263750,펄어비스,2023-Q3,ap
263750,펄어비스,2022-Q3,cogs
263750,펄어비스,2020-Q2,revenue
263750,펄어비스,2023-Q2,revenue
263750,펄어비스,2024-Q4,cogs
263750,펄어비스,2024-Q1,revenue
263750,펄어비스,2024-Q2,cogs
263750,펄어비스,2022-Q1,revenue
263750,펄어비스,2022-Q4,cogs
263750,펄어비스,2023-Q3,revenue
263750,펄어비스,2021-Q4,inventory
263750,펄어비스,2021-Q1,inventory
263750,펄어비스,2021-Q1,cogs
263750,펄어비스,2020-Q4,inventory
263750,펄어비스,2022-Q2,ap
263750,펄어비스,2023-Q1,ap
263750,펄어비스,2021-Q2,cogs
263750,펄어비스,2021-Q3,cogs
263750,펄어비스,2020-Q1,cogs
263750,펄어비스,2022-Q3,ap
263750,펄어비스,2024-Q2,ap
263750,펄어비스,2024-Q1,cogs
263750,펄어비스,2020-Q3,cogs
263750,펄어비스,2022-Q2,revenue
263750,펄어비스,2022-Q4,ap
263750,펄어비스,2023-Q1,revenue
263750,펄어비스,2024-Q2,revenue
263750,펄어비스,2022-Q3,revenue
263750,펄어비스,2025-Q3,cogs
263750,펄어비스,2022-Q4,revenue
263750,펄어비스,2023-Q4,cogs
263750,펄어비스,2020-Q2,inventory
263750,펄어비스,2021-Q1,ap
263750,펄어비스,2023-Q2,inventory
263750,펄어비스,2021-Q2,ap
263750,펄어비스,2021-Q3,ap
263750,펄어비스,2020-Q1,ap
263750,펄어비스,2022-Q1,inventory
263750,펄어비스,2023-Q3,inventory
263750,펄어비스,2021-Q1,revenue
263750,펄어비스,2020-Q3,ap
263750,펄어비스,2021-Q2,revenue
263750,펄어비스,2021-Q3,revenue
263750,펄어비스,2020-Q1,revenue
263750,펄어비스,2021-Q4,cogs
263750,펄어비스,2020-Q3,revenue
263750,펄어비스,2023-Q4,ap
263750,펄어비스,2020-Q4,cogs
263750,펄어비스,2022-Q3,inventory
263750,펄어비스,2025-Q2,cogs
263750,펄어비스,2023-Q1,inventory
263750,펄어비스,2022-Q2,inventory
263750,펄어비스,2021-Q4,revenue
263750,펄어비스,2023-Q4,revenue
263750,펄어비스,2024-Q3,cogs
263750,펄어비스,2022-Q4,inventory
263750,펄어비스,2021-Q4,ap
263750,펄어비스,2020-Q2,cogs
263750,펄어비스,2020-Q4,ap
263750,펄어비스,2020-Q1,inventory
472850,폰드그룹,2023-Q4,ap
472850,폰드그룹,2024-Q3,ap
472850,폰드그룹,2025-Q1,ap
472850,폰드그룹,2025-Q3,ap
472850,폰드그룹,2023-Q4,capex
472850,폰드그룹,2024-Q2,ap
472850,폰드그룹,2024-Q1,ap
472850,폰드그룹,2025-Q2,ap
331380,포커스에이아이,2021-Q3,inventory
331380,포커스에이아이,2022-Q1,capex
331380,포커스에이아이,2021-Q3,ap
331380,포커스에이아이,2021-Q3,ar
331380,포커스에이아이,2021-Q3,capex
318020,포인트모바일,2021-Q1,ap
318020,포인트모바일,2021-Q2,ap
318020,포인트모바일,2021-Q3,ap
318020,포인트모바일,2022-Q2,ap
318020,포인트모바일,2021-Q4,ap
318020,포인트모바일,2023-Q2,ap
318020,포인트모바일,2022-Q3,ap
318020,포인트모바일,2023-Q3,ap
318020,포인트모바일,2022-Q1,ap
318020,포인트모바일,2020-Q4,ap
189690,포시에스,2021-Q2,inventory
189690,포시에스,2021-Q3,inventory
189690,포시에스,2022-Q3,inventory
189690,포시에스,2023-Q1,inventory
189690,포시에스,2022-Q2,inventory
189690,포시에스,2020-Q2,inventory
189690,포시에스,2020-Q3,inventory
189690,포시에스,2021-Q4,inventory
189690,포시에스,2022-Q1,inventory
189690,포시에스,2020-Q4,inventory
189690,포시에스,2022-Q4,inventory
189690,포시에스,2020-Q1,inventory
234100,폴라리스세원,2020-Q1,capex
234100,폴라리스세원,2023-Q4,ap
234100,폴라리스세원,2022-Q1,capex
234100,폴라리스세원,2020-Q2,capex
234100,폴라리스세원,2021-Q4,ap
234100,폴라리스세원,2024-Q4,ap
234100,폴라리스세원,2021-Q1,capex
234100,폴라리스세원,2022-Q4,ap
007330,푸른저축은행,2025-Q1,current_assets
007330,푸른저축은행,2023-Q3,cogs
007330,푸른저축은행,2024-Q3,ap
007330,푸른저축은행,2023-Q3,ar
007330,푸른저축은행,2024-Q4,op_income
007330,푸른저축은행,2025-Q2,revenue
007330,푸른저축은행,2024-Q2,op_income
007330,푸른저축은행,2025-Q1,ar
007330,푸른저축은행,2024-Q3,revenue
007330,푸른저축은행,2025-Q1,cogs
007330,푸른저축은행,2024-Q2,current_assets
007330,푸른저축은행,2024-Q4,current_assets
007330,푸른저축은행,2023-Q4,inventory
007330,푸른저축은행,2025-Q3,inventory
007330,푸른저축은행,2024-Q1,ap
007330,푸른저축은행,2023-Q3,ap
007330,푸른저축은행,2024-Q4,cogs
007330,푸른저축은행,2024-Q2,ar
007330,푸른저축은행,2024-Q4,ar
007330,푸른저축은행,2024-Q1,revenue
007330,푸른저축은행,2025-Q3,current_liab
007330,푸른저축은행,2023-Q4,current_liab
007330,푸른저축은행,2023-Q3,revenue
007330,푸른저축은행,2024-Q2,cogs
007330,푸른저축은행,2025-Q1,ap
007330,푸른저축은행,2025-Q3,op_income
007330,푸른저축은행,2025-Q1,revenue
007330,푸른저축은행,2025-Q2,inventory
007330,푸른저축은행,2023-Q4,op_income
007330,푸른저축은행,2024-Q2,ap
007330,푸른저축은행,2024-Q4,ap
007330,푸른저축은행,2024-Q3,inventory
007330,푸른저축은행,2025-Q3,current_assets
007330,푸른저축은행,2023-Q4,current_assets
007330,푸른저축은행,2024-Q2,revenue
007330,푸른저축은행,2024-Q4,revenue
007330,푸른저축은행,2025-Q2,current_liab
007330,푸른저축은행,2025-Q2,ap
007330,푸른저축은행,2025-Q3,cogs
007330,푸른저축은행,2024-Q3,current_liab
007330,푸른저축은행,2023-Q4,cogs
007330,푸른저축은행,2025-Q3,ar
007330,푸른저축은행,2023-Q4,ar
007330,푸른저축은행,2024-Q1,inventory
007330,푸른저축은행,2025-Q2,op_income
007330,푸른저축은행,2023-Q3,inventory
007330,푸른저축은행,2024-Q3,op_income
007330,푸른저축은행,2024-Q1,current_liab
007330,푸른저축은행,2024-Q2,current_liab
007330,푸른저축은행,2023-Q3,current_liab
007330,푸른저축은행,2025-Q1,inventory
007330,푸른저축은행,2025-Q2,current_assets
007330,푸른저축은행,2023-Q4,ap
007330,푸른저축은행,2024-Q3,current_assets
007330,푸른저축은행,2025-Q2,ar
007330,푸른저축은행,2025-Q3,ap
007330,푸른저축은행,2024-Q1,op_income
007330,푸른저축은행,2024-Q3,ar
007330,푸른저축은행,2025-Q2,cogs
007330,푸른저축은행,2025-Q3,revenue
007330,푸른저축은행,2023-Q4,revenue
007330,푸른저축은행,2024-Q2,inventory
007330,푸른저축은행,2024-Q3,cogs
007330,푸른저축은행,2024-Q4,inventory
007330,푸른저축은행,2025-Q1,current_liab
007330,푸른저축은행,2023-Q3,op_income
007330,푸른저축은행,2024-Q1,current_assets
007330,푸른저축은행,2025-Q1,op_income
007330,푸른저축은행,2023-Q3,current_assets
007330,푸른저축은행,2024-Q4,current_liab
007330,푸른저축은행,2024-Q1,ar
007330,푸른저축은행,2024-Q1,cogs
041020,폴라리스오피스,2022-Q1,cogs
041020,폴라리스오피스,2021-Q2,inventory
041020,폴라리스오피스,2021-Q3,inventory
041020,폴라리스오피스,2023-Q2,cogs
041020,폴라리스오피스,2020-Q4,revenue
041020,폴라리스오피스,2025-Q2,revenue
041020,폴라리스오피스,2020-Q3,inventory
041020,폴라리스오피스,2024-Q3,revenue
041020,폴라리스오피스,2023-Q1,cogs
041020,폴라리스오피스,2022-Q2,cogs
041020,폴라리스오피스,2022-Q3,cogs
041020,폴라리스오피스,2020-Q2,revenue
041020,폴라리스오피스,2023-Q2,revenue
041020,폴라리스오피스,2024-Q1,revenue
041020,폴라리스오피스,2022-Q1,revenue
041020,폴라리스오피스,2022-Q4,cogs
041020,폴라리스오피스,2023-Q3,revenue
041020,폴라리스오피스,2021-Q4,inventory
041020,폴라리스오피스,2021-Q1,inventory
041020,폴라리스오피스,2021-Q1,cogs
041020,폴라리스오피스,2020-Q4,inventory
041020,폴라리스오피스,2025-Q1,revenue
041020,폴라리스오피스,2021-Q2,cogs
041020,폴라리스오피스,2021-Q3,cogs
041020,폴라리스오피스,2020-Q1,cogs
041020,폴라리스오피스,2020-Q3,cogs
041020,폴라리스오피스,2022-Q2,revenue
041020,폴라리스오피스,2023-Q1,revenue
041020,폴라리스오피스,2024-Q2,revenue
041020,폴라리스오피스,2022-Q3,revenue
041020,폴라리스오피스,2024-Q4,revenue
041020,폴라리스오피스,2022-Q4,revenue
041020,폴라리스오피스,2020-Q2,inventory
041020,폴라리스오피스,2022-Q1,inventory
041020,폴라리스오피스,2021-Q1,revenue
041020,폴라리스오피스,2021-Q2,revenue
041020,폴라리스오피스,2021-Q3,revenue
041020,폴라리스오피스,2020-Q1,revenue
041020,폴라리스오피스,2021-Q4,cogs
041020,폴라리스오피스,2020-Q3,revenue
041020,폴라리스오피스,2020-Q4,cogs
041020,폴라리스오피스,2022-Q3,inventory
041020,폴라리스오피스,2023-Q1,inventory
041020,폴라리스오피스,2022-Q2,inventory
041020,폴라리스오피스,2025-Q3,revenue
041020,폴라리스오피스,2021-Q4,revenue
041020,폴라리스오피스,2023-Q4,revenue
041020,폴라리스오피스,2022-Q4,inventory
041020,폴라리스오피스,2020-Q2,cogs
041020,폴라리스오피스,2020-Q1,inventory
005670,푸드웰,2021-Q4,capex
005670,푸드웰,2022-Q3,capex
005670,푸드웰,2024-Q1,capex
005670,푸드웰,2023-Q1,capex
005670,푸드웰,2022-Q1,capex
005670,푸드웰,2023-Q2,capex
005670,푸드웰,2024-Q2,capex
005670,푸드웰,2023-Q3,capex
005670,푸드웰,2024-Q3,capex
005670,푸드웰,2022-Q4,capex
005670,푸드웰,2023-Q4,capex
005670,푸드웰,2021-Q2,capex
005670,푸드웰,2021-Q3,capex
005670,푸드웰,2021-Q1,capex
005670,푸드웰,2022-Q2,capex
057880,푸른소나무,2022-Q3,capex
057880,푸른소나무,2023-Q1,capex
057880,푸른소나무,2024-Q2,capex
057880,푸른소나무,2024-Q4,capex
057880,푸른소나무,2022-Q4,capex
057880,푸른소나무,2025-Q3,inventory
057880,푸른소나무,2021-Q2,capex
057880,푸른소나무,2021-Q3,capex
057880,푸른소나무,2020-Q1,capex
057880,푸른소나무,2021-Q1,capex
057880,푸른소나무,2020-Q3,capex
057880,푸른소나무,2025-Q3,capex
057880,푸른소나무,2023-Q4,capex
057880,푸른소나무,2025-Q2,inventory
057880,푸른소나무,2024-Q3,inventory
057880,푸른소나무,2021-Q4,capex
057880,푸른소나무,2020-Q4,capex
057880,푸른소나무,2025-Q2,capex
057880,푸른소나무,2024-Q1,inventory
057880,푸른소나무,2024-Q3,capex
057880,푸른소나무,2025-Q1,inventory
057880,푸른소나무,2024-Q1,capex
057880,푸른소나무,2022-Q1,capex
057880,푸른소나무,2020-Q2,capex
057880,푸른소나무,2023-Q2,capex
057880,푸른소나무,2024-Q2,inventory
057880,푸른소나무,2024-Q4,inventory
057880,푸른소나무,2023-Q3,capex
057880,푸른소나무,2025-Q1,capex
057880,푸른소나무,2022-Q2,capex
445180,퓨릿,2024-Q1,capex
445180,퓨릿,2024-Q2,capex
445180,퓨릿,2024-Q4,capex
445180,퓨릿,2025-Q2,capex
445180,퓨릿,2024-Q3,capex
445180,퓨릿,2025-Q3,capex
445180,퓨릿,2023-Q4,capex
445180,퓨릿,2025-Q1,capex
371950,풍원정밀,2021-Q4,capex
371950,풍원정밀,2022-Q3,capex
371950,풍원정밀,2024-Q1,capex
371950,풍원정밀,2023-Q1,capex
371950,풍원정밀,2022-Q1,capex
371950,풍원정밀,2023-Q2,capex
371950,풍원정밀,2024-Q2,capex
371950,풍원정밀,2024-Q4,capex
371950,풍원정밀,2025-Q2,capex
371950,풍원정밀,2023-Q3,capex
371950,풍원정밀,2024-Q3,capex
371950,풍원정밀,2022-Q4,capex
371950,풍원정밀,2025-Q3,capex
371950,풍원정밀,2023-Q4,capex
371950,풍원정밀,2025-Q1,capex
371950,풍원정밀,2022-Q2,capex
303360,프로티아,2023-Q4,ap
303360,프로티아,2024-Q3,ap
303360,프로티아,2025-Q1,ap
303360,프로티아,2025-Q3,ap
303360,프로티아,2024-Q2,ap
303360,프로티아,2023-Q2,ap
303360,프로티아,2024-Q1,ap
303360,프로티아,2023-Q3,ap
303360,프로티아,2024-Q4,ap
303360,프로티아,2025-Q2,ap
334970,프레스티지바이오로직스,2022-Q3,capex
334970,프레스티지바이오로직스,2024-Q3,ap
334970,프레스티지바이오로직스,2020-Q2,ap
334970,프레스티지바이오로직스,2024-Q1,ap
334970,프레스티지바이오로직스,2021-Q2,capex
334970,프레스티지바이오로직스,2022-Q1,ap
334970,프레스티지바이오로직스,2021-Q1,capex
334970,프레스티지바이오로직스,2021-Q3,capex
334970,프레스티지바이오로직스,2020-Q2,revenue
334970,프레스티지바이오로직스,2025-Q1,ap
334970,프레스티지바이오로직스,2023-Q1,ap
334970,프레스티지바이오로직스,2022-Q3,ap
334970,프레스티지바이오로직스,2021-Q3,cogs
334970,프레스티지바이오로직스,2024-Q4,ap
334970,프레스티지바이오로직스,2022-Q4,ap
334970,프레스티지바이오로직스,2021-Q4,capex
334970,프레스티지바이오로직스,2021-Q1,ap
334970,프레스티지바이오로직스,2021-Q2,ap
334970,프레스티지바이오로직스,2021-Q3,ap
334970,프레스티지바이오로직스,2025-Q3,ap
334970,프레스티지바이오로직스,2023-Q4,ap
334970,프레스티지바이오로직스,2020-Q2,capex
334970,프레스티지바이오로직스,2021-Q4,ap
334970,프레스티지바이오로직스,2020-Q2,cogs
334970,프레스티지바이오로직스,2025-Q2,ap
220100,퓨쳐켐,2022-Q3,capex
220100,퓨쳐켐,2024-Q1,capex
220100,퓨쳐켐,2023-Q1,capex
220100,퓨쳐켐,2024-Q2,capex
220100,퓨쳐켐,2024-Q4,capex
220100,퓨쳐켐,2024-Q3,capex
220100,퓨쳐켐,2022-Q4,capex
220100,퓨쳐켐,2023-Q4,capex
220100,퓨쳐켐,2025-Q1,capex
220100,퓨쳐켐,2022-Q2,capex
321260,프로이천,2021-Q3,inventory
321260,프로이천,2021-Q3,ap
321260,프로이천,2023-Q1,ap
321260,프로이천,2022-Q2,ap
321260,프로이천,2021-Q4,ap
321260,프로이천,2023-Q2,ap
321260,프로이천,2022-Q3,ap
321260,프로이천,2022-Q1,ap
321260,프로이천,2021-Q3,ar
321260,프로이천,2021-Q3,capex
321260,프로이천,2023-Q3,ap
321260,프로이천,2022-Q4,ap
151910,퓨처코어,2020-Q1,ap
377220,프롬바이오,2023-Q4,ap
377220,프롬바이오,2025-Q1,ap
377220,프롬바이오,2025-Q3,ap
377220,프롬바이오,2021-Q3,ap
377220,프롬바이오,2023-Q1,ap
377220,프롬바이오,2022-Q2,ap
377220,프롬바이오,2021-Q4,ap
377220,프롬바이오,2023-Q2,ap
377220,프롬바이오,2022-Q3,ap
377220,프롬바이오,2024-Q1,ap
377220,프롬바이오,2024-Q2,ap
377220,프롬바이오,2022-Q1,ap
377220,프롬바이오,2024-Q4,ap
377220,프롬바이오,2022-Q4,ap
377220,프롬바이오,2025-Q2,ap
035200,프럼파스트,2022-Q3,capex
035200,프럼파스트,2023-Q1,capex
035200,프럼파스트,2024-Q2,capex
035200,프럼파스트,2024-Q4,capex
035200,프럼파스트,2022-Q4,capex
035200,프럼파스트,2021-Q2,capex
035200,프럼파스트,2021-Q3,capex
035200,프럼파스트,2020-Q1,capex
035200,프럼파스트,2021-Q1,capex
035200,프럼파스트,2020-Q3,capex
035200,프럼파스트,2025-Q3,capex
035200,프럼파스트,2023-Q4,capex
035200,프럼파스트,2021-Q4,capex
035200,프럼파스트,2020-Q4,capex
035200,프럼파스트,2025-Q2,capex
035200,프럼파스트,2024-Q3,capex
035200,프럼파스트,2024-Q1,capex
035200,프럼파스트,2022-Q1,capex
035200,프럼파스트,2020-Q2,capex
035200,프럼파스트,2023-Q2,capex
035200,프럼파스트,2023-Q3,capex
035200,프럼파스트,2025-Q1,capex
035200,프럼파스트,2022-Q2,capex
405000,플라즈맵,2022-Q4,capex
405000,플라즈맵,2023-Q3,ap
405000,플라즈맵,2023-Q1,capex
053160,프리엠스,2024-Q1,capex
367000,플래티어,2022-Q1,cogs
367000,플래티어,2023-Q3,cogs
367000,플래티어,2023-Q2,cogs
367000,플래티어,2021-Q3,inventory
367000,플래티어,2025-Q1,cogs
367000,플래티어,2025-Q3,inventory
367000,플래티어,2023-Q4,inventory
367000,플래티어,2023-Q1,cogs
367000,플래티어,2022-Q2,cogs
367000,플래티어,2022-Q3,cogs
367000,플래티어,2024-Q4,cogs
367000,플래티어,2024-Q2,cogs
367000,플래티어,2022-Q4,cogs
367000,플래티어,2021-Q4,inventory
367000,플래티어,2025-Q2,inventory
367000,플래티어,2021-Q3,cogs
367000,플래티어,2024-Q3,inventory
367000,플래티어,2025-Q3,cogs
367000,플래티어,2023-Q4,cogs
367000,플래티어,2023-Q2,inventory
367000,플래티어,2024-Q1,inventory
367000,플래티어,2022-Q1,inventory
367000,플래티어,2023-Q3,inventory
367000,플래티어,2021-Q4,cogs
367000,플래티어,2025-Q1,inventory
367000,플래티어,2022-Q3,inventory
367000,플래티어,2025-Q2,cogs
367000,플래티어,2023-Q1,inventory
367000,플래티어,2022-Q2,inventory
367000,플래티어,2024-Q2,inventory
367000,플래티어,2024-Q3,cogs
367000,플래티어,2024-Q4,inventory
367000,플래티어,2022-Q4,inventory
367000,플래티어,2024-Q1,cogs
041590,플래스크,2025-Q1,capex
019570,플루토스,2023-Q2,cogs
019570,플루토스,2020-Q1,interest_expense
019570,플루토스,2020-Q2,revenue
019570,플루토스,2023-Q2,revenue
019570,플루토스,2022-Q1,revenue
019570,플루토스,2022-Q4,cogs
019570,플루토스,2023-Q3,revenue
019570,플루토스,2025-Q1,revenue
019570,플루토스,2020-Q4,interest_expense
019570,플루토스,2021-Q2,cogs
019570,플루토스,2021-Q3,cogs
019570,플루토스,2024-Q3,inventory
019570,플루토스,2020-Q1,revenue
019570,플루토스,2025-Q3,ap
019570,플루토스,2022-Q1,capex
019570,플루토스,2025-Q3,revenue
019570,플루토스,2021-Q4,revenue
019570,플루토스,2022-Q4,interest_expense
019570,플루토스,2021-Q1,inventory
019570,플루토스,2020-Q1,inventory
019570,플루토스,2023-Q3,ar
019570,플루토스,2020-Q4,revenue
019570,플루토스,2021-Q2,interest_expense
019570,플루토스,2021-Q3,interest_expense
019570,플루토스,2025-Q2,revenue
019570,플루토스,2023-Q4,inventory
019570,플루토스,2023-Q1,cogs
019570,플루토스,2022-Q2,cogs
019570,플루토스,2024-Q4,cogs
019570,플루토스,2024-Q1,revenue
019570,플루토스,2024-Q2,cogs
019570,플루토스,2021-Q4,inventory
019570,플루토스,2020-Q3,cogs
019570,플루토스,2024-Q2,revenue
019570,플루토스,2022-Q4,revenue
019570,플루토스,2023-Q2,inventory
019570,플루토스,2022-Q1,inventory
019570,플루토스,2023-Q3,inventory
019570,플루토스,2021-Q2,revenue
019570,플루토스,2021-Q3,revenue
019570,플루토스,2025-Q1,inventory
019570,플루토스,2024-Q3,cogs
019570,플루토스,2022-Q2,interest_expense
019570,플루토스,2020-Q3,interest_expense
019570,플루토스,2025-Q3,inventory
019570,플루토스,2021-Q1,cogs
019570,플루토스,2020-Q4,inventory
019570,플루토스,2025-Q2,inventory
019570,플루토스,2023-Q1,revenue
019570,플루토스,2022-Q2,revenue
019570,플루토스,2023-Q4,cogs
019570,플루토스,2024-Q1,inventory
019570,플루토스,2021-Q4,cogs
019570,플루토스,2020-Q3,revenue
019570,플루토스,2024-Q2,inventory
019570,플루토스,2022-Q4,inventory
019570,플루토스,2020-Q2,cogs
019570,플루토스,2022-Q2,capex
019570,플루토스,2022-Q1,cogs
019570,플루토스,2021-Q1,interest_expense
019570,플루토스,2021-Q2,inventory
019570,플루토스,2021-Q3,inventory
019570,플루토스,2023-Q3,cogs
019570,플루토스,2022-Q4,capex
019570,플루토스,2025-Q1,cogs
019570,플루토스,2021-Q4,interest_expense
019570,플루토스,2020-Q1,cogs
019570,플루토스,2025-Q3,cogs
019570,플루토스,2020-Q2,interest_expense
019570,플루토스,2021-Q1,revenue
019570,플루토스,2022-Q1,interest_expense
019570,플루토스,2020-Q4,cogs
019570,플루토스,2025-Q2,cogs
019570,플루토스,2023-Q1,inventory
019570,플루토스,2022-Q2,inventory
019570,플루토스,2023-Q4,revenue
019570,플루토스,2024-Q4,inventory
019570,플루토스,2024-Q1,cogs
237820,플레이디,2022-Q1,cogs
237820,플레이디,2022-Q3,capex
237820,플레이디,2023-Q1,capex
237820,플레이디,2023-Q2,cogs
237820,플레이디,2023-Q3,cogs
237820,플레이디,2024-Q3,ap
237820,플레이디,2024-Q2,capex
237820,플레이디,2024-Q4,capex
237820,플레이디,2022-Q4,capex
237820,플레이디,2025-Q1,cogs
237820,플레이디,2020-Q2,ap
237820,플레이디,2023-Q2,ap
237820,플레이디,2024-Q1,ap
237820,플레이디,2023-Q1,cogs
237820,플레이디,2021-Q2,capex
237820,플레이디,2021-Q3,capex
237820,플레이디,2021-Q1,capex
237820,플레이디,2020-Q1,capex
237820,플레이디,2022-Q1,ap
237820,플레이디,2022-Q2,cogs
237820,플레이디,2022-Q3,cogs
237820,플레이디,2023-Q3,ap
237820,플레이디,2024-Q4,cogs
237820,플레이디,2024-Q2,cogs
237820,플레이디,2022-Q4,cogs
237820,플레이디,2020-Q3,capex
237820,플레이디,2025-Q1,ap
237820,플레이디,2021-Q1,cogs
237820,플레이디,2023-Q1,ap
237820,플레이디,2022-Q2,ap
237820,플레이디,2023-Q4,capex
237820,플레이디,2025-Q3,capex
237820,플레이디,2021-Q2,cogs
237820,플레이디,2021-Q3,cogs
237820,플레이디,2020-Q1,cogs
237820,플레이디,2022-Q3,ap
237820,플레이디,2024-Q2,ap
237820,플레이디,2024-Q1,cogs
237820,플레이디,2020-Q3,cogs
237820,플레이디,2024-Q4,ap
237820,플레이디,2022-Q4,ap
237820,플레이디,2025-Q2,ap
237820,플레이디,2021-Q4,capex
237820,플레이디,2025-Q3,cogs
237820,플레이디,2023-Q4,cogs
237820,플레이디,2020-Q2,inventory
237820,플레이디,2021-Q1,ap
237820,플레이디,2025-Q2,capex
237820,플레이디,2021-Q2,ap
237820,플레이디,2021-Q3,ap
237820,플레이디,2020-Q1,ap
237820,플레이디,2024-Q3,capex
237820,플레이디,2020-Q3,ap
237820,플레이디,2021-Q4,cogs
237820,플레이디,2025-Q3,ap
237820,플레이디,2023-Q4,ap
237820,플레이디,2024-Q1,capex
237820,플레이디,2020-Q4,cogs
237820,플레이디,2022-Q1,capex
237820,플레이디,2020-Q2,capex
237820,플레이디,2023-Q2,capex
237820,플레이디,2025-Q2,cogs
237820,플레이디,2024-Q3,cogs
237820,플레이디,2023-Q3,capex
237820,플레이디,2021-Q4,ap
237820,플레이디,2025-Q1,capex
237820,플레이디,2020-Q2,cogs
237820,플레이디,2020-Q4,ap
237820,플레이디,2022-Q2,capex
237820,플레이디,2020-Q1,inventory
023770,플레이위드,2021-Q2,inventory
023770,플레이위드,2021-Q3,inventory
023770,플레이위드,2020-Q3,inventory
023770,플레이위드,2025-Q3,inventory
023770,플레이위드,2023-Q4,inventory
023770,플레이위드,2021-Q4,inventory
023770,플레이위드,2021-Q1,inventory
023770,플레이위드,2020-Q4,inventory
023770,플레이위드,2025-Q2,inventory
023770,플레이위드,2024-Q3,inventory
023770,플레이위드,2020-Q2,inventory
023770,플레이위드,2023-Q2,inventory
023770,플레이위드,2024-Q1,inventory
023770,플레이위드,2022-Q1,inventory
023770,플레이위드,2023-Q3,inventory
023770,플레이위드,2025-Q1,inventory
023770,플레이위드,2022-Q3,inventory
023770,플레이위드,2023-Q1,inventory
023770,플레이위드,2022-Q2,inventory
023770,플레이위드,2024-Q2,inventory
023770,플레이위드,2024-Q4,inventory
023770,플레이위드,2022-Q4,inventory
023770,플레이위드,2020-Q1,inventory
075130,플랜티넷,2022-Q1,cogs
075130,플랜티넷,2023-Q3,cogs
075130,플랜티넷,2023-Q2,cogs
075130,플랜티넷,2025-Q1,cogs
075130,플랜티넷,2020-Q2,ap
075130,플랜티넷,2023-Q2,ap
075130,플랜티넷,2023-Q1,cogs
075130,플랜티넷,2022-Q2,cogs
075130,플랜티넷,2022-Q1,ap
075130,플랜티넷,2023-Q3,ap
075130,플랜티넷,2022-Q3,cogs
075130,플랜티넷,2024-Q4,cogs
075130,플랜티넷,2024-Q2,cogs
075130,플랜티넷,2022-Q4,cogs
075130,플랜티넷,2021-Q1,cogs
075130,플랜티넷,2023-Q1,ap
075130,플랜티넷,2022-Q2,ap
075130,플랜티넷,2021-Q2,cogs
075130,플랜티넷,2021-Q3,cogs
075130,플랜티넷,2020-Q1,cogs
075130,플랜티넷,2022-Q3,ap
075130,플랜티넷,2020-Q3,cogs
075130,플랜티넷,2022-Q4,ap
075130,플랜티넷,2025-Q3,cogs
075130,플랜티넷,2023-Q4,cogs
075130,플랜티넷,2021-Q1,ap
075130,플랜티넷,2021-Q2,ap
075130,플랜티넷,2021-Q3,ap
075130,플랜티넷,2020-Q3,ap
075130,플랜티넷,2021-Q4,cogs
075130,플랜티넷,2020-Q4,cogs
075130,플랜티넷,2025-Q2,cogs
075130,플랜티넷,2024-Q3,cogs
075130,플랜티넷,2021-Q4,ap
075130,플랜티넷,2020-Q2,cogs
075130,플랜티넷,2020-Q4,ap
075130,플랜티넷,2024-Q1,cogs
300080,플리토,2022-Q1,cogs
300080,플리토,2022-Q3,capex
300080,플리토,2021-Q2,inventory
300080,플리토,2021-Q3,inventory
300080,플리토,2023-Q1,capex
300080,플리토,2023-Q2,cogs
300080,플리토,2023-Q3,cogs
300080,플리토,2024-Q2,capex
300080,플리토,2020-Q3,inventory
300080,플리토,2024-Q4,capex
300080,플리토,2022-Q4,capex
300080,플리토,2025-Q1,cogs
300080,플리토,2025-Q3,inventory
300080,플리토,2023-Q4,inventory
300080,플리토,2023-Q1,cogs
300080,플리토,2021-Q2,capex
300080,플리토,2021-Q3,capex
300080,플리토,2021-Q1,capex
300080,플리토,2020-Q1,capex
300080,플리토,2022-Q2,cogs
300080,플리토,2022-Q3,cogs
300080,플리토,2024-Q4,cogs
300080,플리토,2024-Q2,cogs
300080,플리토,2022-Q4,cogs
300080,플리토,2020-Q3,capex
300080,플리토,2021-Q4,inventory
300080,플리토,2021-Q1,inventory
300080,플리토,2021-Q1,cogs
300080,플리토,2020-Q4,inventory
300080,플리토,2023-Q4,capex
300080,플리토,2025-Q2,inventory
300080,플리토,2025-Q3,capex
300080,플리토,2021-Q2,cogs
300080,플리토,2021-Q3,cogs
300080,플리토,2020-Q1,cogs
300080,플리토,2024-Q3,inventory
300080,플리토,2024-Q1,cogs
300080,플리토,2020-Q3,cogs
300080,플리토,2021-Q4,capex
300080,플리토,2025-Q3,cogs
300080,플리토,2020-Q4,capex
300080,플리토,2023-Q4,cogs
300080,플리토,2020-Q2,inventory
300080,플리토,2023-Q2,inventory
300080,플리토,2025-Q2,capex
300080,플리토,2024-Q1,inventory
300080,플리토,2024-Q3,capex
300080,플리토,2022-Q1,inventory
300080,플리토,2023-Q3,inventory
300080,플리토,2021-Q4,cogs
300080,플리토,2025-Q1,inventory
300080,플리토,2024-Q1,capex
300080,플리토,2020-Q4,cogs
300080,플리토,2022-Q3,inventory
300080,플리토,2022-Q1,capex
300080,플리토,2020-Q2,capex
300080,플리토,2022-Q2,inventory
300080,플리토,2023-Q1,inventory
300080,플리토,2023-Q2,capex
300080,플리토,2024-Q2,inventory
300080,플리토,2024-Q3,cogs
300080,플리토,2023-Q3,capex
300080,플리토,2024-Q4,inventory
300080,플리토,2025-Q2,cogs
300080,플리토,2022-Q4,inventory
300080,플리토,2025-Q1,capex
300080,플리토,2020-Q2,cogs
300080,플리토,2022-Q2,capex
300080,플리토,2020-Q1,inventory
033790,피노,2022-Q3,capex
033790,피노,2023-Q1,capex
033790,피노,2024-Q2,capex
033790,피노,2024-Q4,capex
033790,피노,2022-Q4,capex
033790,피노,2021-Q2,capex
033790,피노,2021-Q3,capex
033790,피노,2020-Q1,capex
033790,피노,2021-Q1,capex
033790,피노,2020-Q3,capex
033790,피노,2025-Q3,capex
033790,피노,2023-Q4,capex
033790,피노,2021-Q4,capex
033790,피노,2020-Q4,capex
033790,피노,2025-Q2,capex
033790,피노,2024-Q3,capex
033790,피노,2024-Q1,capex
033790,피노,2022-Q1,capex
033790,피노,2020-Q2,capex
033790,피노,2023-Q2,capex
033790,피노,2023-Q3,capex
033790,피노,2025-Q1,capex
033790,피노,2022-Q2,capex
241820,피씨엘,2021-Q4,capex
241820,피씨엘,2020-Q1,capex
241820,피씨엘,2022-Q3,capex
241820,피씨엘,2024-Q1,capex
241820,피씨엘,2022-Q1,capex
241820,피씨엘,2020-Q3,capex
241820,피씨엘,2020-Q4,capex
241820,피씨엘,2020-Q2,capex
241820,피씨엘,2024-Q2,capex
241820,피씨엘,2025-Q2,capex
241820,피씨엘,2022-Q4,capex
241820,피씨엘,2025-Q3,capex
241820,피씨엘,2025-Q1,capex
241820,피씨엘,2021-Q2,capex
241820,피씨엘,2021-Q3,capex
241820,피씨엘,2021-Q1,capex
241820,피씨엘,2022-Q2,capex
239890,피엔에이치테크,2020-Q4,capex
239890,피엔에이치테크,2021-Q1,capex
319660,피에스케이,2025-Q3,net_income
347740,피엔케이피부임상연구센타,2021-Q2,inventory
347740,피엔케이피부임상연구센타,2021-Q3,inventory
347740,피엔케이피부임상연구센타,2024-Q3,ap
347740,피엔케이피부임상연구센타,2020-Q3,inventory
347740,피엔케이피부임상연구센타,2025-Q3,inventory
347740,피엔케이피부임상연구센타,2023-Q2,ap
347740,피엔케이피부임상연구센타,2023-Q4,inventory
347740,피엔케이피부임상연구센타,2024-Q1,ap
347740,피엔케이피부임상연구센타,2023-Q3,ap
347740,피엔케이피부임상연구센타,2021-Q4,inventory
347740,피엔케이피부임상연구센타,2025-Q1,ap
347740,피엔케이피부임상연구센타,2020-Q4,inventory
347740,피엔케이피부임상연구센타,2022-Q2,ap
347740,피엔케이피부임상연구센타,2025-Q2,inventory
347740,피엔케이피부임상연구센타,2024-Q2,ap
347740,피엔케이피부임상연구센타,2024-Q4,ap
347740,피엔케이피부임상연구센타,2024-Q3,inventory
347740,피엔케이피부임상연구센타,2025-Q2,ap
347740,피엔케이피부임상연구센타,2021-Q1,ap
347740,피엔케이피부임상연구센타,2023-Q2,inventory
347740,피엔케이피부임상연구센타,2024-Q1,inventory
347740,피엔케이피부임상연구센타,2021-Q2,ap
347740,피엔케이피부임상연구센타,2021-Q3,ap
347740,피엔케이피부임상연구센타,2022-Q1,inventory
347740,피엔케이피부임상연구센타,2023-Q3,inventory
347740,피엔케이피부임상연구센타,2020-Q3,ap
347740,피엔케이피부임상연구센타,2023-Q2,net_income
347740,피엔케이피부임상연구센타,2025-Q1,inventory
347740,피엔케이피부임상연구센타,2025-Q3,ap
347740,피엔케이피부임상연구센타,2023-Q4,ap
347740,피엔케이피부임상연구센타,2022-Q3,inventory
347740,피엔케이피부임상연구센타,2023-Q1,inventory
347740,피엔케이피부임상연구센타,2022-Q2,inventory
347740,피엔케이피부임상연구센타,2024-Q2,inventory
347740,피엔케이피부임상연구센타,2024-Q4,inventory
347740,피엔케이피부임상연구센타,2022-Q4,inventory
347740,피엔케이피부임상연구센타,2020-Q4,ap
347740,피엔케이피부임상연구센타,2021-Q1,inventory
257370,피엔티엠에스,2023-Q1,capex
006140,피제이전자,2024-Q3,current_assets
006140,피제이전자,2024-Q3,current_liab
128660,피제이메탈,2023-Q4,ap
128660,피제이메탈,2023-Q3,ap
128660,피제이메탈,2022-Q3,ap
128660,피제이메탈,2021-Q1,ap
128660,피제이메탈,2024-Q1,ap
128660,피제이메탈,2021-Q2,ap
128660,피제이메탈,2021-Q3,ap
128660,피제이메탈,2020-Q1,ap
128660,피제이메탈,2023-Q1,ap
128660,피제이메탈,2022-Q2,ap
128660,피제이메탈,2020-Q2,ap
128660,피제이메탈,2020-Q3,ap
128660,피제이메탈,2021-Q4,ap
128660,피제이메탈,2023-Q2,ap
128660,피제이메탈,2022-Q1,ap
128660,피제이메탈,2020-Q1,capex
128660,피제이메탈,2020-Q4,ap
128660,피제이메탈,2022-Q4,ap
291810,핀텔,2024-Q1,capex
446750,하나26호스팩,2023-Q3,cogs
446750,하나26호스팩,2023-Q1,capex
446750,하나26호스팩,2023-Q2,cogs
446750,하나26호스팩,2024-Q2,capex
446750,하나26호스팩,2024-Q4,capex
446750,하나26호스팩,2022-Q4,capex
446750,하나26호스팩,2025-Q1,cogs
446750,하나26호스팩,2023-Q4,inventory
446750,하나26호스팩,2023-Q1,cogs
446750,하나26호스팩,2024-Q4,cogs
446750,하나26호스팩,2024-Q2,cogs
446750,하나26호스팩,2022-Q4,cogs
446750,하나26호스팩,2023-Q4,capex
446750,하나26호스팩,2025-Q2,inventory
446750,하나26호스팩,2024-Q3,inventory
446750,하나26호스팩,2023-Q4,cogs
446750,하나26호스팩,2025-Q2,capex
446750,하나26호스팩,2023-Q2,inventory
446750,하나26호스팩,2024-Q1,inventory
446750,하나26호스팩,2024-Q3,capex
446750,하나26호스팩,2023-Q3,inventory
446750,하나26호스팩,2025-Q1,inventory
446750,하나26호스팩,2024-Q1,capex
446750,하나26호스팩,2025-Q2,cogs
446750,하나26호스팩,2023-Q1,inventory
446750,하나26호스팩,2023-Q2,capex
446750,하나26호스팩,2024-Q2,inventory
446750,하나26호스팩,2024-Q3,cogs
446750,하나26호스팩,2023-Q3,capex
446750,하나26호스팩,2024-Q4,inventory
446750,하나26호스팩,2022-Q4,inventory
446750,하나26호스팩,2025-Q1,capex
446750,하나26호스팩,2024-Q1,cogs
454750,하나28호스팩,2023-Q3,cogs
454750,하나28호스팩,2024-Q3,ap
454750,하나28호스팩,2023-Q3,ar
454750,하나28호스팩,2024-Q2,capex
454750,하나28호스팩,2024-Q4,capex
454750,하나28호스팩,2025-Q1,ar
454750,하나28호스팩,2025-Q1,cogs
454750,하나28호스팩,2023-Q4,inventory
454750,하나28호스팩,2024-Q1,ap
454750,하나28호스팩,2023-Q3,ap
454750,하나28호스팩,2024-Q4,cogs
454750,하나28호스팩,2024-Q2,ar
454750,하나28호스팩,2024-Q4,ar
454750,하나28호스팩,2024-Q2,cogs
454750,하나28호스팩,2025-Q1,ap
454750,하나28호스팩,2023-Q4,capex
454750,하나28호스팩,2025-Q2,inventory
454750,하나28호스팩,2024-Q2,ap
454750,하나28호스팩,2024-Q4,ap
454750,하나28호스팩,2024-Q3,inventory
454750,하나28호스팩,2025-Q2,ap
454750,하나28호스팩,2023-Q4,cogs
454750,하나28호스팩,2025-Q2,capex
454750,하나28호스팩,2023-Q4,ar
454750,하나28호스팩,2024-Q1,inventory
454750,하나28호스팩,2024-Q3,capex
454750,하나28호스팩,2023-Q3,inventory
454750,하나28호스팩,2025-Q1,inventory
454750,하나28호스팩,2023-Q4,ap
454750,하나28호스팩,2025-Q2,ar
454750,하나28호스팩,2024-Q1,capex
454750,하나28호스팩,2025-Q2,cogs
454750,하나28호스팩,2024-Q3,ar
454750,하나28호스팩,2024-Q2,inventory
454750,하나28호스팩,2024-Q3,cogs
454750,하나28호스팩,2023-Q3,capex
454750,하나28호스팩,2024-Q4,inventory
454750,하나28호스팩,2025-Q1,capex
454750,하나28호스팩,2024-Q1,ar
454750,하나28호스팩,2024-Q1,cogs
448370,하나27호스팩,2023-Q3,cogs
448370,하나27호스팩,2023-Q1,capex
448370,하나27호스팩,2023-Q2,cogs
448370,하나27호스팩,2024-Q2,capex
448370,하나27호스팩,2024-Q4,capex
448370,하나27호스팩,2025-Q2,revenue
448370,하나27호스팩,2024-Q3,revenue
448370,하나27호스팩,2025-Q1,cogs
448370,하나27호스팩,2023-Q4,inventory
448370,하나27호스팩,2023-Q1,cogs
448370,하나27호스팩,2024-Q4,cogs
448370,하나27호스팩,2023-Q2,revenue
448370,하나27호스팩,2024-Q1,revenue
448370,하나27호스팩,2024-Q2,cogs
448370,하나27호스팩,2023-Q3,revenue
448370,하나27호스팩,2023-Q4,capex
448370,하나27호스팩,2025-Q1,revenue
448370,하나27호스팩,2025-Q2,inventory
448370,하나27호스팩,2024-Q3,inventory
448370,하나27호스팩,2024-Q2,revenue
448370,하나27호스팩,2024-Q4,revenue
448370,하나27호스팩,2023-Q4,cogs
448370,하나27호스팩,2025-Q2,capex
448370,하나27호스팩,2023-Q2,inventory
448370,하나27호스팩,2024-Q1,inventory
448370,하나27호스팩,2024-Q3,capex
448370,하나27호스팩,2023-Q3,inventory
448370,하나27호스팩,2025-Q1,inventory
448370,하나27호스팩,2024-Q1,capex
448370,하나27호스팩,2025-Q2,cogs
448370,하나27호스팩,2023-Q1,inventory
448370,하나27호스팩,2023-Q2,capex
448370,하나27호스팩,2023-Q4,revenue
448370,하나27호스팩,2024-Q2,inventory
448370,하나27호스팩,2023-Q3,capex
448370,하나27호스팩,2024-Q3,cogs
448370,하나27호스팩,2024-Q4,inventory
448370,하나27호스팩,2025-Q1,capex
448370,하나27호스팩,2024-Q1,cogs
454640,하나29호스팩,2023-Q2,ar
454640,하나29호스팩,2023-Q3,cogs
454640,하나29호스팩,2023-Q2,cogs
454640,하나29호스팩,2023-Q3,ar
454640,하나29호스팩,2024-Q3,ap
454640,하나29호스팩,2024-Q2,capex
454640,하나29호스팩,2024-Q4,capex
454640,하나29호스팩,2025-Q1,ar
454640,하나29호스팩,2025-Q1,cogs
454640,하나29호스팩,2025-Q3,inventory
454640,하나29호스팩,2023-Q2,ap
454640,하나29호스팩,2023-Q4,inventory
454640,하나29호스팩,2024-Q1,ap
454640,하나29호스팩,2023-Q3,ap
454640,하나29호스팩,2024-Q4,cogs
454640,하나29호스팩,2024-Q2,ar
454640,하나29호스팩,2024-Q4,ar
454640,하나29호스팩,2024-Q2,cogs
454640,하나29호스팩,2025-Q1,ap
454640,하나29호스팩,2025-Q3,capex
454640,하나29호스팩,2023-Q4,capex
454640,하나29호스팩,2025-Q2,inventory
454640,하나29호스팩,2024-Q2,ap
454640,하나29호스팩,2024-Q4,ap
454640,하나29호스팩,2024-Q3,inventory
454640,하나29호스팩,2025-Q2,ap
454640,하나29호스팩,2025-Q3,cogs
454640,하나29호스팩,2023-Q4,cogs
454640,하나29호스팩,2025-Q3,ar
454640,하나29호스팩,2025-Q2,capex
454640,하나29호스팩,2023-Q2,inventory
454640,하나29호스팩,2023-Q4,ar
454640,하나29호스팩,2024-Q1,inventory
454640,하나29호스팩,2024-Q3,capex
454640,하나29호스팩,2023-Q3,inventory
454640,하나29호스팩,2025-Q1,inventory
454640,하나29호스팩,2025-Q3,ap
454640,하나29호스팩,2023-Q4,ap
454640,하나29호스팩,2025-Q2,ar
454640,하나29호스팩,2024-Q1,capex
454640,하나29호스팩,2025-Q2,cogs
454640,하나29호스팩,2024-Q3,ar
454640,하나29호스팩,2023-Q2,capex
454640,하나29호스팩,2024-Q2,inventory
454640,하나29호스팩,2024-Q3,cogs
454640,하나29호스팩,2023-Q3,capex
454640,하나29호스팩,2024-Q4,inventory
454640,하나29호스팩,2025-Q1,capex
454640,하나29호스팩,2024-Q1,ar
454640,하나29호스팩,2024-Q1,cogs
417180,핑거스토리,2024-Q1,capex
417180,핑거스토리,2023-Q1,capex
417180,핑거스토리,2023-Q1,inventory
417180,핑거스토리,2023-Q2,inventory
417180,핑거스토리,2024-Q2,inventory
417180,핑거스토리,2024-Q1,inventory
417180,핑거스토리,2024-Q4,inventory
417180,핑거스토리,2023-Q3,inventory
417180,핑거스토리,2022-Q4,inventory
417180,핑거스토리,2025-Q2,inventory
417180,핑거스토리,2025-Q3,inventory
417180,핑거스토리,2023-Q4,inventory
417180,핑거스토리,2024-Q3,inventory
417180,핑거스토리,2025-Q1,inventory
469880,하나30호스팩,2024-Q3,ap
469880,하나30호스팩,2024-Q2,capex
469880,하나30호스팩,2024-Q4,capex
469880,하나30호스팩,2025-Q1,cogs
469880,하나30호스팩,2025-Q3,inventory
469880,하나30호스팩,2023-Q4,inventory
469880,하나30호스팩,2024-Q1,ap
469880,하나30호스팩,2024-Q4,cogs
469880,하나30호스팩,2024-Q2,cogs
469880,하나30호스팩,2025-Q1,ap
469880,하나30호스팩,2025-Q3,capex
469880,하나30호스팩,2023-Q4,capex
469880,하나30호스팩,2025-Q2,inventory
469880,하나30호스팩,2024-Q2,ap
469880,하나30호스팩,2024-Q4,ap
469880,하나30호스팩,2024-Q3,inventory
469880,하나30호스팩,2025-Q2,ap
469880,하나30호스팩,2025-Q3,cogs
469880,하나30호스팩,2023-Q4,cogs
469880,하나30호스팩,2025-Q2,capex
469880,하나30호스팩,2024-Q1,inventory
469880,하나30호스팩,2024-Q3,capex
469880,하나30호스팩,2025-Q1,inventory
469880,하나30호스팩,2025-Q3,ap
469880,하나30호스팩,2023-Q4,ap
469880,하나30호스팩,2024-Q1,capex
469880,하나30호스팩,2025-Q2,cogs
469880,하나30호스팩,2024-Q2,inventory
469880,하나30호스팩,2024-Q3,cogs
469880,하나30호스팩,2024-Q4,inventory
469880,하나30호스팩,2025-Q1,capex
469880,하나30호스팩,2024-Q1,cogs
0041L0,하나35호스팩,2025-Q2,ar
0041L0,하나35호스팩,2025-Q2,cogs
0041L0,하나35호스팩,2025-Q3,cogs
0041L0,하나35호스팩,2025-Q3,revenue
0041L0,하나35호스팩,2025-Q2,capex
0041L0,하나35호스팩,2025-Q3,ar
0041L0,하나35호스팩,2025-Q3,ap
0041L0,하나35호스팩,2025-Q3,capex
0041L0,하나35호스팩,2025-Q2,inventory
0041L0,하나35호스팩,2025-Q3,inventory
0041L0,하나35호스팩,2025-Q2,ap
484130,하나34호스팩,2024-Q4,op_income
484130,하나34호스팩,2024-Q4,capex
484130,하나34호스팩,2025-Q1,ar
484130,하나34호스팩,2025-Q1,cogs
484130,하나34호스팩,2025-Q3,inventory
484130,하나34호스팩,2024-Q4,cogs
484130,하나34호스팩,2024-Q4,ar
484130,하나34호스팩,2025-Q1,ap
484130,하나34호스팩,2025-Q3,op_income
484130,하나34호스팩,2025-Q3,capex
484130,하나34호스팩,2025-Q2,inventory
484130,하나34호스팩,2024-Q4,ap
484130,하나34호스팩,2025-Q3,cogs
484130,하나34호스팩,2025-Q3,ar
484130,하나34호스팩,2025-Q2,capex
484130,하나34호스팩,2025-Q2,op_income
484130,하나34호스팩,2025-Q1,inventory
484130,하나34호스팩,2025-Q3,ap
484130,하나34호스팩,2025-Q2,ar
484130,하나34호스팩,2025-Q2,cogs
484130,하나34호스팩,2024-Q4,inventory
484130,하나34호스팩,2025-Q1,capex
484130,하나34호스팩,2025-Q1,op_income
484130,하나34호스팩,2025-Q2,ap
469900,하나31호스팩,2024-Q3,ap
469900,하나31호스팩,2024-Q2,capex
469900,하나31호스팩,2024-Q4,capex
469900,하나31호스팩,2025-Q1,ar
469900,하나31호스팩,2025-Q1,cogs
469900,하나31호스팩,2025-Q3,inventory
469900,하나31호스팩,2023-Q4,inventory
469900,하나31호스팩,2024-Q1,ap
469900,하나31호스팩,2024-Q4,cogs
469900,하나31호스팩,2024-Q2,ar
469900,하나31호스팩,2024-Q2,cogs
469900,하나31호스팩,2025-Q1,ap
469900,하나31호스팩,2025-Q3,capex
469900,하나31호스팩,2023-Q4,capex
469900,하나31호스팩,2025-Q2,inventory
469900,하나31호스팩,2024-Q2,ap
469900,하나31호스팩,2024-Q4,ap
469900,하나31호스팩,2024-Q3,inventory
469900,하나31호스팩,2025-Q2,ap
469900,하나31호스팩,2025-Q3,cogs
469900,하나31호스팩,2023-Q4,cogs
469900,하나31호스팩,2025-Q3,ar
469900,하나31호스팩,2025-Q2,capex
469900,하나31호스팩,2023-Q4,ar
469900,하나31호스팩,2024-Q1,inventory
469900,하나31호스팩,2024-Q3,capex
469900,하나31호스팩,2025-Q1,inventory
469900,하나31호스팩,2025-Q3,ap
469900,하나31호스팩,2023-Q4,ap
469900,하나31호스팩,2025-Q2,ar
469900,하나31호스팩,2024-Q1,capex
469900,하나31호스팩,2025-Q2,cogs
469900,하나31호스팩,2024-Q3,ar
469900,하나31호스팩,2024-Q2,inventory
469900,하나31호스팩,2024-Q3,cogs
469900,하나31호스팩,2024-Q4,inventory
469900,하나31호스팩,2025-Q1,capex
469900,하나31호스팩,2024-Q1,ar
469900,하나31호스팩,2024-Q1,cogs
475240,하나32호스팩,2024-Q2,capex
475240,하나32호스팩,2024-Q4,capex
475240,하나32호스팩,2024-Q3,revenue
475240,하나32호스팩,2025-Q1,cogs
475240,하나32호스팩,2025-Q3,inventory
475240,하나32호스팩,2024-Q4,cogs
475240,하나32호스팩,2024-Q2,cogs
475240,하나32호스팩,2025-Q3,capex
475240,하나32호스팩,2025-Q2,inventory
475240,하나32호스팩,2024-Q3,inventory
475240,하나32호스팩,2025-Q3,cogs
475240,하나32호스팩,2025-Q2,capex
475240,하나32호스팩,2024-Q1,inventory
475240,하나32호스팩,2024-Q3,capex
475240,하나32호스팩,2025-Q1,inventory
475240,하나32호스팩,2024-Q1,capex
475240,하나32호스팩,2025-Q2,cogs
475240,하나32호스팩,2025-Q3,revenue
475240,하나32호스팩,2024-Q2,inventory
475240,하나32호스팩,2024-Q3,cogs
475240,하나32호스팩,2024-Q4,inventory
475240,하나32호스팩,2025-Q1,capex
475240,하나32호스팩,2024-Q1,cogs
161580,필옵틱스,2024-Q3,ap
161580,필옵틱스,2020-Q2,ap
161580,필옵틱스,2023-Q2,ap
161580,필옵틱스,2024-Q1,ap
161580,필옵틱스,2023-Q3,ap
161580,필옵틱스,2022-Q1,ap
161580,필옵틱스,2025-Q1,ap
161580,필옵틱스,2023-Q1,ap
161580,필옵틱스,2022-Q2,ap
161580,필옵틱스,2024-Q2,ap
161580,필옵틱스,2022-Q3,ap
161580,필옵틱스,2024-Q4,ap
161580,필옵틱스,2022-Q4,ap
161580,필옵틱스,2021-Q1,ap
161580,필옵틱스,2021-Q2,ap
161580,필옵틱스,2021-Q3,ap
161580,필옵틱스,2020-Q1,ap
161580,필옵틱스,2020-Q3,ap
161580,필옵틱스,2025-Q3,ap
161580,필옵틱스,2023-Q4,ap
161580,필옵틱스,2021-Q4,ap
161580,필옵틱스,2020-Q4,ap
161580,필옵틱스,2025-Q2,ap
475250,하나33호스팩,2024-Q3,ap
475250,하나33호스팩,2024-Q2,capex
475250,하나33호스팩,2024-Q4,capex
475250,하나33호스팩,2025-Q2,revenue
475250,하나33호스팩,2025-Q1,ar
475250,하나33호스팩,2025-Q1,cogs
475250,하나33호스팩,2025-Q3,inventory
475250,하나33호스팩,2024-Q4,cogs
475250,하나33호스팩,2024-Q4,ar
475250,하나33호스팩,2024-Q2,cogs
475250,하나33호스팩,2025-Q1,ap
475250,하나33호스팩,2025-Q3,capex
475250,하나33호스팩,2025-Q1,revenue
475250,하나33호스팩,2025-Q2,inventory
475250,하나33호스팩,2024-Q2,ap
475250,하나33호스팩,2024-Q4,ap
475250,하나33호스팩,2024-Q3,inventory
475250,하나33호스팩,2025-Q3,cogs
475250,하나33호스팩,2025-Q3,ar
475250,하나33호스팩,2025-Q2,capex
475250,하나33호스팩,2024-Q3,capex
475250,하나33호스팩,2025-Q1,inventory
475250,하나33호스팩,2025-Q3,ap
475250,하나33호스팩,2025-Q2,ar
475250,하나33호스팩,2025-Q2,cogs
475250,하나33호스팩,2025-Q3,revenue
475250,하나33호스팩,2024-Q2,inventory
475250,하나33호스팩,2024-Q3,cogs
475250,하나33호스팩,2024-Q4,inventory
475250,하나33호스팩,2025-Q1,capex
475250,하나33호스팩,2025-Q2,ap
163730,핑거,2021-Q2,inventory
163730,핑거,2021-Q3,inventory
163730,핑거,2025-Q3,inventory
163730,핑거,2023-Q4,inventory
163730,핑거,2021-Q4,inventory
163730,핑거,2020-Q4,inventory
163730,핑거,2025-Q2,inventory
163730,핑거,2024-Q3,inventory
163730,핑거,2023-Q2,inventory
163730,핑거,2024-Q1,inventory
163730,핑거,2022-Q1,inventory
163730,핑거,2023-Q3,inventory
163730,핑거,2025-Q1,inventory
163730,핑거,2022-Q3,inventory
163730,핑거,2023-Q1,inventory
163730,핑거,2022-Q2,inventory
163730,핑거,2024-Q2,inventory
163730,핑거,2024-Q4,inventory
163730,핑거,2022-Q4,inventory
163730,핑거,2021-Q1,inventory
450330,하스,2024-Q2,capex
450330,하스,2024-Q3,capex
450050,하이제8호스팩,2024-Q2,capex
450050,하이제8호스팩,2024-Q4,capex
450050,하이제8호스팩,2025-Q2,revenue
450050,하이제8호스팩,2025-Q1,ar
450050,하이제8호스팩,2024-Q3,revenue
450050,하이제8호스팩,2025-Q1,cogs
450050,하이제8호스팩,2025-Q3,inventory
450050,하이제8호스팩,2023-Q4,inventory
450050,하이제8호스팩,2024-Q1,ap
450050,하이제8호스팩,2024-Q4,cogs
450050,하이제8호스팩,2024-Q2,ar
450050,하이제8호스팩,2023-Q4,interest_expense
450050,하이제8호스팩,2024-Q1,revenue
450050,하이제8호스팩,2024-Q4,ar
450050,하이제8호스팩,2023-Q4,current_liab
450050,하이제8호스팩,2024-Q2,cogs
450050,하이제8호스팩,2025-Q3,capex
450050,하이제8호스팩,2023-Q4,capex
450050,하이제8호스팩,2025-Q1,revenue
450050,하이제8호스팩,2025-Q2,inventory
450050,하이제8호스팩,2023-Q4,op_income
450050,하이제8호스팩,2024-Q3,inventory
450050,하이제8호스팩,2023-Q4,current_assets
450050,하이제8호스팩,2024-Q2,revenue
450050,하이제8호스팩,2024-Q4,revenue
450050,하이제8호스팩,2025-Q3,cogs
450050,하이제8호스팩,2023-Q4,cogs
450050,하이제8호스팩,2025-Q3,ar
450050,하이제8호스팩,2025-Q2,capex
450050,하이제8호스팩,2023-Q4,ar
450050,하이제8호스팩,2024-Q1,inventory
450050,하이제8호스팩,2024-Q3,capex
450050,하이제8호스팩,2024-Q1,interest_expense
450050,하이제8호스팩,2024-Q1,current_liab
450050,하이제8호스팩,2025-Q1,inventory
450050,하이제8호스팩,2023-Q4,ap
450050,하이제8호스팩,2025-Q2,ar
450050,하이제8호스팩,2024-Q1,capex
450050,하이제8호스팩,2024-Q1,op_income
450050,하이제8호스팩,2024-Q3,ar
450050,하이제8호스팩,2025-Q2,cogs
450050,하이제8호스팩,2025-Q3,revenue
450050,하이제8호스팩,2023-Q4,revenue
450050,하이제8호스팩,2024-Q2,inventory
450050,하이제8호스팩,2024-Q3,cogs
450050,하이제8호스팩,2024-Q4,inventory
450050,하이제8호스팩,2025-Q1,capex
450050,하이제8호스팩,2024-Q1,current_assets
450050,하이제8호스팩,2024-Q1,ar
450050,하이제8호스팩,2024-Q1,cogs
299030,하나기술,2022-Q3,capex
299030,하나기술,2023-Q1,capex
299030,하나기술,2024-Q2,capex
299030,하나기술,2024-Q4,capex
299030,하나기술,2022-Q4,capex
299030,하나기술,2021-Q2,capex
299030,하나기술,2021-Q3,capex
299030,하나기술,2021-Q1,capex
299030,하나기술,2025-Q3,capex
299030,하나기술,2023-Q4,capex
299030,하나기술,2021-Q4,capex
299030,하나기술,2020-Q4,capex
299030,하나기술,2025-Q2,capex
299030,하나기술,2024-Q3,capex
299030,하나기술,2024-Q1,capex
299030,하나기술,2022-Q1,capex
299030,하나기술,2023-Q2,capex
299030,하나기술,2023-Q3,capex
299030,하나기술,2025-Q1,capex
299030,하나기술,2022-Q2,capex
365590,하이딥,2022-Q3,revenue
365590,하이딥,2022-Q1,cogs
365590,하이딥,2022-Q1,revenue
365590,하이딥,2022-Q1,capex
365590,하이딥,2022-Q1,inventory
365590,하이딥,2022-Q2,revenue
067310,하나마이크론,2021-Q1,ap
067310,하나마이크론,2021-Q2,ap
067310,하나마이크론,2021-Q3,ap
067310,하나마이크론,2020-Q1,ap
067310,하나마이크론,2023-Q1,ap
067310,하나마이크론,2020-Q3,ap
067310,하나마이크론,2020-Q2,ap
067310,하나마이크론,2021-Q4,ap
067310,하나마이크론,2022-Q1,ap
067310,하나마이크론,2020-Q4,ap
067310,하나마이크론,2022-Q4,ap
166090,하나머티리얼즈,2025-Q1,ap
166090,하나머티리얼즈,2025-Q2,ap
166090,하나머티리얼즈,2025-Q3,ap
166090,하나머티리얼즈,2024-Q4,ap
101670,하이드로리튬,2020-Q1,capex
101670,하이드로리튬,2020-Q3,capex
101670,하이드로리튬,2020-Q4,capex
101670,하이드로리튬,2020-Q2,capex
101670,하이드로리튬,2021-Q4,ap
101670,하이드로리튬,2025-Q1,capex
101670,하이드로리튬,2022-Q1,ap
101670,하이드로리튬,2021-Q2,capex
101670,하이드로리튬,2021-Q3,capex
101670,하이드로리튬,2021-Q1,capex
106190,하이텍팜,2021-Q1,capex
106190,하이텍팜,2022-Q1,capex
065650,하이퍼코퍼레이션,2021-Q4,capex
065650,하이퍼코퍼레이션,2022-Q3,capex
065650,하이퍼코퍼레이션,2024-Q1,capex
065650,하이퍼코퍼레이션,2023-Q1,capex
065650,하이퍼코퍼레이션,2022-Q1,capex
065650,하이퍼코퍼레이션,2023-Q2,capex
065650,하이퍼코퍼레이션,2024-Q2,capex
065650,하이퍼코퍼레이션,2024-Q4,capex
065650,하이퍼코퍼레이션,2025-Q2,capex
065650,하이퍼코퍼레이션,2023-Q3,capex
065650,하이퍼코퍼레이션,2024-Q3,capex
065650,하이퍼코퍼레이션,2022-Q4,capex
065650,하이퍼코퍼레이션,2025-Q3,capex
065650,하이퍼코퍼레이션,2023-Q4,capex
065650,하이퍼코퍼레이션,2025-Q1,capex
065650,하이퍼코퍼레이션,2021-Q2,capex
065650,하이퍼코퍼레이션,2021-Q3,capex
065650,하이퍼코퍼레이션,2022-Q2,capex
039340,한국경제TV,2022-Q1,cogs
039340,한국경제TV,2023-Q3,cogs
039340,한국경제TV,2021-Q2,inventory
039340,한국경제TV,2021-Q3,inventory
039340,한국경제TV,2023-Q2,cogs
039340,한국경제TV,2020-Q4,revenue
039340,한국경제TV,2025-Q2,revenue
039340,한국경제TV,2020-Q3,inventory
039340,한국경제TV,2024-Q3,revenue
039340,한국경제TV,2025-Q1,cogs
039340,한국경제TV,2025-Q3,inventory
039340,한국경제TV,2023-Q4,inventory
039340,한국경제TV,2023-Q1,cogs
039340,한국경제TV,2022-Q2,cogs
039340,한국경제TV,2022-Q3,cogs
039340,한국경제TV,2020-Q2,revenue
039340,한국경제TV,2023-Q2,revenue
039340,한국경제TV,2024-Q4,cogs
039340,한국경제TV,2024-Q1,revenue
039340,한국경제TV,2024-Q2,cogs
039340,한국경제TV,2022-Q1,revenue
039340,한국경제TV,2022-Q4,cogs
039340,한국경제TV,2023-Q3,revenue
039340,한국경제TV,2021-Q4,inventory
039340,한국경제TV,2021-Q1,inventory
039340,한국경제TV,2021-Q1,cogs
039340,한국경제TV,2020-Q4,inventory
039340,한국경제TV,2025-Q1,revenue
039340,한국경제TV,2025-Q2,inventory
039340,한국경제TV,2021-Q2,cogs
039340,한국경제TV,2021-Q3,cogs
039340,한국경제TV,2020-Q1,cogs
039340,한국경제TV,2022-Q3,ap
039340,한국경제TV,2024-Q3,inventory
039340,한국경제TV,2024-Q1,cogs
039340,한국경제TV,2020-Q3,cogs
039340,한국경제TV,2022-Q2,revenue
039340,한국경제TV,2023-Q1,revenue
039340,한국경제TV,2024-Q2,revenue
039340,한국경제TV,2022-Q3,revenue
039340,한국경제TV,2024-Q4,revenue
039340,한국경제TV,2025-Q3,cogs
039340,한국경제TV,2022-Q4,revenue
039340,한국경제TV,2023-Q4,cogs
039340,한국경제TV,2020-Q2,inventory
039340,한국경제TV,2023-Q2,inventory
039340,한국경제TV,2024-Q1,inventory
039340,한국경제TV,2022-Q1,inventory
039340,한국경제TV,2023-Q3,inventory
039340,한국경제TV,2021-Q1,revenue
039340,한국경제TV,2021-Q2,revenue
039340,한국경제TV,2021-Q3,revenue
039340,한국경제TV,2020-Q1,revenue
039340,한국경제TV,2021-Q4,cogs
039340,한국경제TV,2020-Q3,revenue
039340,한국경제TV,2025-Q1,inventory
039340,한국경제TV,2020-Q4,cogs
039340,한국경제TV,2022-Q3,inventory
039340,한국경제TV,2025-Q2,cogs
039340,한국경제TV,2023-Q1,inventory
039340,한국경제TV,2022-Q2,inventory
039340,한국경제TV,2025-Q3,revenue
039340,한국경제TV,2021-Q4,revenue
039340,한국경제TV,2023-Q4,revenue
039340,한국경제TV,2024-Q2,inventory
039340,한국경제TV,2024-Q3,cogs
039340,한국경제TV,2024-Q4,inventory
039340,한국경제TV,2022-Q4,inventory
039340,한국경제TV,2020-Q2,cogs
039340,한국경제TV,2020-Q1,inventory
034950,한국기업평가,2022-Q1,cogs
034950,한국기업평가,2023-Q3,cogs
034950,한국기업평가,2021-Q2,inventory
034950,한국기업평가,2021-Q3,inventory
034950,한국기업평가,2023-Q2,cogs
034950,한국기업평가,2020-Q3,inventory
034950,한국기업평가,2025-Q1,cogs
034950,한국기업평가,2025-Q3,inventory
034950,한국기업평가,2023-Q4,inventory
034950,한국기업평가,2023-Q1,cogs
034950,한국기업평가,2022-Q2,cogs
034950,한국기업평가,2022-Q3,cogs
034950,한국기업평가,2024-Q4,cogs
034950,한국기업평가,2024-Q2,cogs
034950,한국기업평가,2022-Q4,cogs
034950,한국기업평가,2021-Q4,inventory
034950,한국기업평가,2021-Q1,inventory
034950,한국기업평가,2021-Q1,cogs
034950,한국기업평가,2020-Q4,inventory
034950,한국기업평가,2025-Q2,inventory
034950,한국기업평가,2021-Q2,cogs
034950,한국기업평가,2021-Q3,cogs
034950,한국기업평가,2020-Q1,cogs
034950,한국기업평가,2024-Q3,inventory
034950,한국기업평가,2024-Q1,cogs
034950,한국기업평가,2020-Q3,cogs
034950,한국기업평가,2025-Q3,cogs
034950,한국기업평가,2023-Q4,cogs
034950,한국기업평가,2020-Q2,inventory
034950,한국기업평가,2023-Q2,inventory
034950,한국기업평가,2024-Q1,inventory
034950,한국기업평가,2022-Q1,inventory
034950,한국기업평가,2023-Q3,inventory
034950,한국기업평가,2021-Q4,cogs
034950,한국기업평가,2025-Q1,inventory
034950,한국기업평가,2020-Q4,cogs
034950,한국기업평가,2022-Q3,inventory
034950,한국기업평가,2025-Q2,cogs
034950,한국기업평가,2023-Q1,inventory
034950,한국기업평가,2022-Q2,inventory
034950,한국기업평가,2024-Q2,inventory
034950,한국기업평가,2024-Q3,cogs
034950,한국기업평가,2024-Q4,inventory
034950,한국기업평가,2022-Q4,inventory
034950,한국기업평가,2020-Q2,cogs
034950,한국기업평가,2020-Q1,inventory
222980,한국맥널티,2024-Q3,ap
222980,한국맥널티,2020-Q2,ap
222980,한국맥널티,2023-Q2,ap
222980,한국맥널티,2024-Q1,ap
222980,한국맥널티,2023-Q3,ap
222980,한국맥널티,2022-Q1,ap
222980,한국맥널티,2025-Q1,ap
222980,한국맥널티,2023-Q1,ap
222980,한국맥널티,2022-Q2,ap
222980,한국맥널티,2024-Q2,ap
222980,한국맥널티,2022-Q3,ap
222980,한국맥널티,2024-Q4,ap
222980,한국맥널티,2022-Q4,ap
222980,한국맥널티,2021-Q1,ap
222980,한국맥널티,2021-Q2,ap
222980,한국맥널티,2021-Q3,ap
222980,한국맥널티,2020-Q1,ap
222980,한국맥널티,2020-Q3,ap
222980,한국맥널티,2025-Q3,ap
222980,한국맥널티,2023-Q4,ap
222980,한국맥널티,2021-Q4,ap
222980,한국맥널티,2020-Q4,ap
222980,한국맥널티,2025-Q2,ap
219750,한국비티비,2022-Q2,ap
219750,한국비티비,2022-Q1,ap
219750,한국비티비,2022-Q3,ap
017890,한국알콜,2022-Q3,capex
017890,한국알콜,2023-Q1,capex
017890,한국알콜,2024-Q2,capex
017890,한국알콜,2024-Q4,capex
017890,한국알콜,2022-Q4,capex
017890,한국알콜,2021-Q2,capex
017890,한국알콜,2021-Q3,capex
017890,한국알콜,2020-Q1,capex
017890,한국알콜,2021-Q1,capex
017890,한국알콜,2020-Q3,capex
017890,한국알콜,2025-Q3,capex
017890,한국알콜,2023-Q4,capex
017890,한국알콜,2021-Q4,capex
017890,한국알콜,2020-Q4,capex
017890,한국알콜,2025-Q2,capex
017890,한국알콜,2024-Q3,capex
017890,한국알콜,2024-Q1,capex
017890,한국알콜,2022-Q1,capex
017890,한국알콜,2020-Q2,capex
017890,한국알콜,2023-Q2,capex
017890,한국알콜,2023-Q3,capex
017890,한국알콜,2025-Q1,capex
017890,한국알콜,2022-Q2,capex
458610,한국제12호스팩,2024-Q3,ap
458610,한국제12호스팩,2023-Q3,ar
458610,한국제12호스팩,2024-Q2,capex
458610,한국제12호스팩,2024-Q4,capex
458610,한국제12호스팩,2025-Q2,revenue
458610,한국제12호스팩,2025-Q1,ar
458610,한국제12호스팩,2024-Q3,revenue
458610,한국제12호스팩,2025-Q3,inventory
458610,한국제12호스팩,2023-Q4,inventory
458610,한국제12호스팩,2024-Q1,ap
458610,한국제12호스팩,2023-Q3,ap
458610,한국제12호스팩,2024-Q2,ar
458610,한국제12호스팩,2024-Q4,ar
458610,한국제12호스팩,2024-Q1,revenue
458610,한국제12호스팩,2023-Q3,revenue
458610,한국제12호스팩,2025-Q1,ap
458610,한국제12호스팩,2025-Q3,capex
458610,한국제12호스팩,2023-Q4,capex
458610,한국제12호스팩,2025-Q1,revenue
458610,한국제12호스팩,2025-Q2,inventory
458610,한국제12호스팩,2024-Q2,ap
458610,한국제12호스팩,2024-Q4,ap
458610,한국제12호스팩,2024-Q3,inventory
458610,한국제12호스팩,2024-Q2,revenue
458610,한국제12호스팩,2024-Q4,revenue
458610,한국제12호스팩,2025-Q3,ar
458610,한국제12호스팩,2025-Q2,capex
458610,한국제12호스팩,2023-Q4,ar
458610,한국제12호스팩,2024-Q1,inventory
458610,한국제12호스팩,2024-Q3,capex
458610,한국제12호스팩,2023-Q3,inventory
458610,한국제12호스팩,2023-Q3,current_liab
458610,한국제12호스팩,2025-Q1,inventory
458610,한국제12호스팩,2025-Q3,ap
458610,한국제12호스팩,2023-Q4,ap
458610,한국제12호스팩,2025-Q2,ar
458610,한국제12호스팩,2024-Q1,capex
458610,한국제12호스팩,2024-Q3,ar
458610,한국제12호스팩,2025-Q3,revenue
458610,한국제12호스팩,2023-Q4,revenue
458610,한국제12호스팩,2024-Q2,inventory
458610,한국제12호스팩,2023-Q3,capex
458610,한국제12호스팩,2024-Q4,inventory
458610,한국제12호스팩,2025-Q1,capex
458610,한국제12호스팩,2024-Q1,ar
458610,한국제12호스팩,2025-Q2,ap
479880,한국제15호스팩,2024-Q3,ap
479880,한국제15호스팩,2024-Q2,capex
479880,한국제15호스팩,2024-Q4,capex
479880,한국제15호스팩,2025-Q2,revenue
479880,한국제15호스팩,2025-Q1,ar
479880,한국제15호스팩,2024-Q3,revenue
479880,한국제15호스팩,2025-Q3,inventory
479880,한국제15호스팩,2024-Q2,ar
479880,한국제15호스팩,2024-Q4,ar
479880,한국제15호스팩,2025-Q1,ap
479880,한국제15호스팩,2025-Q3,capex
479880,한국제15호스팩,2025-Q1,revenue
479880,한국제15호스팩,2025-Q2,inventory
479880,한국제15호스팩,2024-Q2,ap
479880,한국제15호스팩,2024-Q4,ap
479880,한국제15호스팩,2024-Q3,inventory
479880,한국제15호스팩,2024-Q2,revenue
479880,한국제15호스팩,2024-Q4,revenue
479880,한국제15호스팩,2024-Q3,current_liab
479880,한국제15호스팩,2025-Q3,ar
479880,한국제15호스팩,2025-Q2,capex
479880,한국제15호스팩,2024-Q3,capex
479880,한국제15호스팩,2025-Q1,inventory
479880,한국제15호스팩,2025-Q3,ap
479880,한국제15호스팩,2025-Q2,ar
479880,한국제15호스팩,2024-Q3,ar
479880,한국제15호스팩,2025-Q3,revenue
479880,한국제15호스팩,2024-Q2,inventory
479880,한국제15호스팩,2024-Q4,inventory
479880,한국제15호스팩,2025-Q1,capex
479880,한국제15호스팩,2024-Q4,current_liab
479880,한국제15호스팩,2025-Q2,ap
464440,한국제13호스팩,2024-Q3,ap
464440,한국제13호스팩,2024-Q2,capex
464440,한국제13호스팩,2024-Q4,capex
464440,한국제13호스팩,2025-Q2,revenue
464440,한국제13호스팩,2025-Q1,ar
464440,한국제13호스팩,2024-Q3,revenue
464440,한국제13호스팩,2025-Q3,inventory
464440,한국제13호스팩,2023-Q4,inventory
464440,한국제13호스팩,2024-Q1,ap
464440,한국제13호스팩,2024-Q2,ar
464440,한국제13호스팩,2024-Q4,ar
464440,한국제13호스팩,2024-Q1,revenue
464440,한국제13호스팩,2025-Q1,ap
464440,한국제13호스팩,2025-Q3,capex
464440,한국제13호스팩,2023-Q4,capex
464440,한국제13호스팩,2025-Q1,revenue
464440,한국제13호스팩,2025-Q2,inventory
464440,한국제13호스팩,2024-Q2,ap
464440,한국제13호스팩,2024-Q4,ap
464440,한국제13호스팩,2024-Q3,inventory
464440,한국제13호스팩,2024-Q2,revenue
464440,한국제13호스팩,2024-Q4,revenue
464440,한국제13호스팩,2025-Q3,ar
464440,한국제13호스팩,2025-Q2,capex
464440,한국제13호스팩,2023-Q4,ar
464440,한국제13호스팩,2024-Q1,inventory
464440,한국제13호스팩,2024-Q3,capex
464440,한국제13호스팩,2025-Q1,inventory
464440,한국제13호스팩,2025-Q3,ap
464440,한국제13호스팩,2023-Q4,ap
464440,한국제13호스팩,2025-Q2,ar
464440,한국제13호스팩,2024-Q1,capex
464440,한국제13호스팩,2024-Q3,ar
464440,한국제13호스팩,2025-Q3,revenue
464440,한국제13호스팩,2023-Q4,revenue
464440,한국제13호스팩,2024-Q2,inventory
464440,한국제13호스팩,2024-Q4,inventory
464440,한국제13호스팩,2025-Q1,capex
464440,한국제13호스팩,2024-Q1,ar
464440,한국제13호스팩,2025-Q2,ap
023760,한국캐피탈,2025-Q1,current_assets
023760,한국캐피탈,2023-Q3,cogs
023760,한국캐피탈,2024-Q3,ap
023760,한국캐피탈,2023-Q3,ar
023760,한국캐피탈,2025-Q2,revenue
023760,한국캐피탈,2025-Q1,ar
023760,한국캐피탈,2024-Q3,revenue
023760,한국캐피탈,2025-Q1,cogs
023760,한국캐피탈,2024-Q2,current_assets
023760,한국캐피탈,2024-Q4,current_assets
023760,한국캐피탈,2023-Q4,inventory
023760,한국캐피탈,2025-Q3,inventory
023760,한국캐피탈,2024-Q1,ap
023760,한국캐피탈,2023-Q3,ap
023760,한국캐피탈,2024-Q4,cogs
023760,한국캐피탈,2024-Q2,ar
023760,한국캐피탈,2024-Q4,ar
023760,한국캐피탈,2024-Q1,revenue
023760,한국캐피탈,2025-Q3,current_liab
023760,한국캐피탈,2023-Q4,current_liab
023760,한국캐피탈,2023-Q3,revenue
023760,한국캐피탈,2024-Q2,cogs
023760,한국캐피탈,2025-Q1,ap
023760,한국캐피탈,2025-Q1,revenue
023760,한국캐피탈,2025-Q2,inventory
023760,한국캐피탈,2024-Q2,ap
023760,한국캐피탈,2024-Q4,ap
023760,한국캐피탈,2024-Q3,inventory
023760,한국캐피탈,2025-Q3,current_assets
023760,한국캐피탈,2023-Q4,current_assets
023760,한국캐피탈,2024-Q2,revenue
023760,한국캐피탈,2024-Q4,revenue
023760,한국캐피탈,2025-Q2,current_liab
023760,한국캐피탈,2025-Q2,ap
023760,한국캐피탈,2025-Q3,cogs
023760,한국캐피탈,2024-Q3,current_liab
023760,한국캐피탈,2023-Q4,cogs
023760,한국캐피탈,2025-Q3,ar
023760,한국캐피탈,2023-Q4,ar
023760,한국캐피탈,2024-Q1,inventory
023760,한국캐피탈,2023-Q3,inventory
023760,한국캐피탈,2024-Q1,current_liab
023760,한국캐피탈,2024-Q2,current_liab
023760,한국캐피탈,2023-Q3,current_liab
023760,한국캐피탈,2025-Q1,inventory
023760,한국캐피탈,2025-Q2,current_assets
023760,한국캐피탈,2023-Q4,ap
023760,한국캐피탈,2024-Q3,current_assets
023760,한국캐피탈,2025-Q2,ar
023760,한국캐피탈,2025-Q3,ap
023760,한국캐피탈,2025-Q2,cogs
023760,한국캐피탈,2024-Q3,ar
023760,한국캐피탈,2025-Q3,revenue
023760,한국캐피탈,2023-Q4,revenue
023760,한국캐피탈,2024-Q2,inventory
023760,한국캐피탈,2024-Q3,cogs
023760,한국캐피탈,2024-Q4,inventory
023760,한국캐피탈,2025-Q1,current_liab
023760,한국캐피탈,2023-Q3,op_income
023760,한국캐피탈,2024-Q1,current_assets
023760,한국캐피탈,2023-Q3,current_assets
023760,한국캐피탈,2024-Q4,current_liab
023760,한국캐피탈,2024-Q1,ar
023760,한국캐피탈,2024-Q1,cogs
041460,한국전자인증,2022-Q1,cogs
041460,한국전자인증,2023-Q3,cogs
041460,한국전자인증,2023-Q2,cogs
041460,한국전자인증,2020-Q1,interest_expense
041460,한국전자인증,2020-Q1,net_income
041460,한국전자인증,2020-Q3,interest_expense
041460,한국전자인증,2020-Q2,cfo
041460,한국전자인증,2025-Q1,cogs
041460,한국전자인증,2020-Q3,net_income
041460,한국전자인증,2023-Q1,cogs
041460,한국전자인증,2022-Q2,cogs
041460,한국전자인증,2020-Q1,capex
041460,한국전자인증,2022-Q3,cogs
041460,한국전자인증,2020-Q2,revenue
041460,한국전자인증,2020-Q1,op_income
041460,한국전자인증,2024-Q4,cogs
041460,한국전자인증,2024-Q2,cogs
041460,한국전자인증,2022-Q4,cogs
041460,한국전자인증,2020-Q3,op_income
041460,한국전자인증,2021-Q3,cogs
041460,한국전자인증,2020-Q1,cogs
041460,한국전자인증,2020-Q3,cogs
041460,한국전자인증,2022-Q2,revenue
041460,한국전자인증,2022-Q3,revenue
041460,한국전자인증,2025-Q3,cogs
041460,한국전자인증,2023-Q4,cogs
041460,한국전자인증,2020-Q1,cfo
041460,한국전자인증,2020-Q2,interest_expense
041460,한국전자인증,2020-Q2,net_income
041460,한국전자인증,2021-Q3,revenue
041460,한국전자인증,2020-Q1,revenue
041460,한국전자인증,2021-Q4,cogs
041460,한국전자인증,2020-Q3,revenue
041460,한국전자인증,2020-Q2,op_income
041460,한국전자인증,2025-Q2,cogs
041460,한국전자인증,2020-Q2,capex
041460,한국전자인증,2024-Q3,cogs
041460,한국전자인증,2020-Q2,cogs
041460,한국전자인증,2024-Q1,cogs
039740,한국정보공학,2021-Q4,capex
039740,한국정보공학,2020-Q1,capex
039740,한국정보공학,2022-Q1,capex
039740,한국정보공학,2020-Q3,capex
039740,한국정보공학,2020-Q4,capex
039740,한국정보공학,2020-Q2,capex
039740,한국정보공학,2021-Q2,capex
039740,한국정보공학,2021-Q3,capex
039740,한국정보공학,2021-Q1,capex
053300,한국정보인증,2022-Q1,cogs
053300,한국정보인증,2023-Q3,cogs
053300,한국정보인증,2023-Q2,cogs
053300,한국정보인증,2025-Q1,cogs
053300,한국정보인증,2023-Q1,cogs
053300,한국정보인증,2022-Q2,cogs
053300,한국정보인증,2022-Q3,cogs
053300,한국정보인증,2024-Q4,cogs
053300,한국정보인증,2024-Q2,cogs
053300,한국정보인증,2022-Q4,cogs
053300,한국정보인증,2021-Q1,cogs
053300,한국정보인증,2021-Q2,cogs
053300,한국정보인증,2021-Q3,cogs
053300,한국정보인증,2020-Q1,cogs
053300,한국정보인증,2020-Q3,cogs
053300,한국정보인증,2025-Q3,cogs
053300,한국정보인증,2023-Q4,cogs
053300,한국정보인증,2021-Q4,cogs
053300,한국정보인증,2020-Q4,cogs
053300,한국정보인증,2025-Q2,cogs
053300,한국정보인증,2024-Q3,cogs
053300,한국정보인증,2020-Q2,cogs
053300,한국정보인증,2024-Q1,cogs
125490,한라캐스트,2025-Q3,capex
062970,한국첨단소재,2024-Q1,ap
062970,한국첨단소재,2024-Q2,ap
054040,한국컴퓨터,2025-Q3,ap
052600,한네트,2020-Q2,inventory
052600,한네트,2020-Q3,inventory
047080,한빛소프트,2022-Q1,cogs
047080,한빛소프트,2023-Q3,cogs
047080,한빛소프트,2023-Q2,cogs
047080,한빛소프트,2025-Q1,cogs
047080,한빛소프트,2023-Q1,cogs
047080,한빛소프트,2022-Q2,cogs
047080,한빛소프트,2022-Q3,cogs
047080,한빛소프트,2024-Q4,cogs
047080,한빛소프트,2023-Q2,revenue
047080,한빛소프트,2024-Q2,cogs
047080,한빛소프트,2022-Q1,revenue
047080,한빛소프트,2022-Q4,cogs
047080,한빛소프트,2023-Q3,revenue
047080,한빛소프트,2021-Q2,cogs
047080,한빛소프트,2021-Q3,cogs
047080,한빛소프트,2024-Q1,cogs
047080,한빛소프트,2023-Q1,revenue
047080,한빛소프트,2022-Q2,revenue
047080,한빛소프트,2022-Q3,revenue
047080,한빛소프트,2025-Q3,cogs
047080,한빛소프트,2022-Q4,revenue
047080,한빛소프트,2023-Q4,cogs
047080,한빛소프트,2021-Q2,revenue
047080,한빛소프트,2021-Q3,revenue
047080,한빛소프트,2021-Q4,cogs
047080,한빛소프트,2025-Q2,cogs
047080,한빛소프트,2023-Q4,revenue
047080,한빛소프트,2024-Q3,cogs
047080,한빛소프트,2021-Q4,revenue
066980,한성크린텍,2025-Q1,inventory
066980,한성크린텍,2021-Q2,inventory
066980,한성크린텍,2021-Q3,inventory
066980,한성크린텍,2022-Q3,inventory
066980,한성크린텍,2022-Q2,inventory
066980,한성크린텍,2024-Q2,inventory
066980,한성크린텍,2020-Q4,inventory
066980,한성크린텍,2024-Q3,inventory
066980,한성크린텍,2021-Q1,inventory
114810,한솔아이원스,2025-Q2,interest_expense
114810,한솔아이원스,2025-Q3,interest_expense
114810,한솔아이원스,2025-Q1,interest_expense
320000,한울반도체,2023-Q2,ap
320000,한울반도체,2024-Q1,ap
320000,한울반도체,2023-Q3,ap
320000,한울반도체,2022-Q1,ap
320000,한울반도체,2020-Q1,capex
320000,한울반도체,2025-Q1,ap
320000,한울반도체,2023-Q1,ap
320000,한울반도체,2022-Q2,ap
320000,한울반도체,2024-Q2,ap
320000,한울반도체,2022-Q3,ap
320000,한울반도체,2020-Q1,cogs
320000,한울반도체,2024-Q4,ap
320000,한울반도체,2022-Q4,ap
320000,한울반도체,2025-Q2,ap
320000,한울반도체,2020-Q2,inventory
320000,한울반도체,2021-Q1,ap
320000,한울반도체,2021-Q2,ap
320000,한울반도체,2021-Q3,ap
320000,한울반도체,2020-Q3,ap
320000,한울반도체,2025-Q3,ap
320000,한울반도체,2023-Q4,ap
320000,한울반도체,2024-Q1,capex
320000,한울반도체,2020-Q2,capex
320000,한울반도체,2021-Q4,ap
320000,한울반도체,2020-Q2,cogs
320000,한울반도체,2020-Q4,ap
320000,한울반도체,2020-Q1,inventory
091440,한울소재과학,2022-Q3,capex
091440,한울소재과학,2023-Q1,capex
091440,한울소재과학,2024-Q3,ap
091440,한울소재과학,2024-Q2,capex
091440,한울소재과학,2022-Q4,capex
091440,한울소재과학,2020-Q2,ap
091440,한울소재과학,2023-Q2,ap
091440,한울소재과학,2024-Q1,ap
091440,한울소재과학,2021-Q2,capex
091440,한울소재과학,2022-Q1,ap
091440,한울소재과학,2021-Q1,capex
091440,한울소재과학,2021-Q3,capex
091440,한울소재과학,2020-Q1,capex
091440,한울소재과학,2023-Q3,ap
091440,한울소재과학,2020-Q3,capex
091440,한울소재과학,2025-Q1,ap
091440,한울소재과학,2023-Q1,ap
091440,한울소재과학,2022-Q2,ap
091440,한울소재과학,2023-Q4,capex
091440,한울소재과학,2024-Q2,ap
091440,한울소재과학,2022-Q3,ap
091440,한울소재과학,2024-Q4,ap
091440,한울소재과학,2022-Q4,ap
091440,한울소재과학,2021-Q4,capex
091440,한울소재과학,2020-Q4,capex
091440,한울소재과학,2021-Q1,ap
091440,한울소재과학,2021-Q2,ap
091440,한울소재과학,2021-Q3,ap
091440,한울소재과학,2020-Q1,ap
091440,한울소재과학,2024-Q3,capex
091440,한울소재과학,2020-Q3,ap
091440,한울소재과학,2025-Q3,ap
091440,한울소재과학,2023-Q4,ap
091440,한울소재과학,2024-Q1,capex
091440,한울소재과학,2022-Q1,capex
091440,한울소재과학,2020-Q2,capex
091440,한울소재과학,2023-Q2,capex
091440,한울소재과학,2023-Q3,capex
091440,한울소재과학,2021-Q4,ap
091440,한울소재과학,2020-Q4,ap
091440,한울소재과학,2022-Q2,capex
091440,한울소재과학,2025-Q2,ap
198940,한주라이트메탈,2023-Q3,capex
005860,한일사료,2022-Q3,capex
005860,한일사료,2023-Q1,capex
005860,한일사료,2024-Q3,ap
005860,한일사료,2024-Q2,capex
005860,한일사료,2024-Q4,capex
005860,한일사료,2022-Q4,capex
005860,한일사료,2023-Q2,ap
005860,한일사료,2024-Q1,ap
005860,한일사료,2021-Q2,capex
005860,한일사료,2022-Q1,ap
005860,한일사료,2021-Q3,capex
005860,한일사료,2021-Q1,capex
005860,한일사료,2023-Q3,ap
005860,한일사료,2025-Q1,ap
005860,한일사료,2025-Q3,capex
005860,한일사료,2023-Q1,ap
005860,한일사료,2022-Q2,ap
005860,한일사료,2023-Q4,capex
005860,한일사료,2024-Q2,ap
005860,한일사료,2022-Q3,ap
005860,한일사료,2024-Q4,ap
005860,한일사료,2022-Q4,ap
005860,한일사료,2021-Q4,capex
005860,한일사료,2021-Q1,ap
005860,한일사료,2025-Q2,capex
005860,한일사료,2021-Q2,ap
005860,한일사료,2021-Q3,ap
005860,한일사료,2024-Q3,capex
005860,한일사료,2023-Q4,ap
005860,한일사료,2024-Q1,capex
005860,한일사료,2022-Q1,capex
005860,한일사료,2023-Q2,capex
005860,한일사료,2023-Q3,capex
005860,한일사료,2021-Q4,ap
005860,한일사료,2025-Q1,capex
005860,한일사료,2022-Q2,capex
107640,한중엔시에스,2025-Q3,capex
107640,한중엔시에스,2025-Q2,capex
498390,한화플러스제5호스팩,2024-Q4,capex
498390,한화플러스제5호스팩,2025-Q2,revenue
498390,한화플러스제5호스팩,2025-Q1,cogs
498390,한화플러스제5호스팩,2025-Q3,inventory
498390,한화플러스제5호스팩,2024-Q4,cogs
498390,한화플러스제5호스팩,2025-Q1,ap
498390,한화플러스제5호스팩,2025-Q3,capex
498390,한화플러스제5호스팩,2025-Q1,revenue
498390,한화플러스제5호스팩,2025-Q2,inventory
498390,한화플러스제5호스팩,2024-Q4,ap
498390,한화플러스제5호스팩,2024-Q4,revenue
498390,한화플러스제5호스팩,2025-Q3,cogs
498390,한화플러스제5호스팩,2025-Q2,capex
498390,한화플러스제5호스팩,2025-Q3,ap
498390,한화플러스제5호스팩,2025-Q1,inventory
498390,한화플러스제5호스팩,2025-Q2,cogs
498390,한화플러스제5호스팩,2025-Q3,revenue
498390,한화플러스제5호스팩,2024-Q4,inventory
498390,한화플러스제5호스팩,2025-Q1,capex
498390,한화플러스제5호스팩,2025-Q2,ap
455310,한화플러스제4호스팩,2023-Q3,cogs
455310,한화플러스제4호스팩,2024-Q3,ap
455310,한화플러스제4호스팩,2023-Q3,ar
455310,한화플러스제4호스팩,2024-Q2,capex
455310,한화플러스제4호스팩,2024-Q4,capex
455310,한화플러스제4호스팩,2024-Q3,revenue
455310,한화플러스제4호스팩,2025-Q1,cogs
455310,한화플러스제4호스팩,2025-Q3,inventory
455310,한화플러스제4호스팩,2023-Q4,inventory
455310,한화플러스제4호스팩,2024-Q1,ap
455310,한화플러스제4호스팩,2023-Q3,ap
455310,한화플러스제4호스팩,2024-Q4,cogs
455310,한화플러스제4호스팩,2024-Q2,ar
455310,한화플러스제4호스팩,2024-Q1,revenue
455310,한화플러스제4호스팩,2024-Q2,cogs
455310,한화플러스제4호스팩,2025-Q1,ap
455310,한화플러스제4호스팩,2025-Q3,capex
455310,한화플러스제4호스팩,2023-Q4,capex
455310,한화플러스제4호스팩,2025-Q2,inventory
455310,한화플러스제4호스팩,2024-Q2,ap
455310,한화플러스제4호스팩,2024-Q4,ap
455310,한화플러스제4호스팩,2024-Q3,inventory
455310,한화플러스제4호스팩,2025-Q2,ap
455310,한화플러스제4호스팩,2024-Q2,revenue
455310,한화플러스제4호스팩,2025-Q3,cogs
455310,한화플러스제4호스팩,2023-Q4,cogs
455310,한화플러스제4호스팩,2025-Q2,capex
455310,한화플러스제4호스팩,2024-Q1,inventory
455310,한화플러스제4호스팩,2024-Q3,capex
455310,한화플러스제4호스팩,2023-Q3,inventory
455310,한화플러스제4호스팩,2025-Q1,inventory
455310,한화플러스제4호스팩,2025-Q3,ap
455310,한화플러스제4호스팩,2023-Q4,ap
455310,한화플러스제4호스팩,2024-Q1,capex
455310,한화플러스제4호스팩,2025-Q2,cogs
455310,한화플러스제4호스팩,2024-Q3,ar
455310,한화플러스제4호스팩,2023-Q4,revenue
455310,한화플러스제4호스팩,2024-Q2,inventory
455310,한화플러스제4호스팩,2023-Q3,capex
455310,한화플러스제4호스팩,2024-Q3,cogs
455310,한화플러스제4호스팩,2024-Q4,inventory
455310,한화플러스제4호스팩,2025-Q1,capex
455310,한화플러스제4호스팩,2024-Q1,ar
455310,한화플러스제4호스팩,2024-Q1,cogs
058450,한주에이알티,2021-Q4,capex
058450,한주에이알티,2020-Q1,capex
058450,한주에이알티,2023-Q1,capex
058450,한주에이알티,2022-Q1,capex
058450,한주에이알티,2020-Q3,capex
058450,한주에이알티,2020-Q4,capex
058450,한주에이알티,2020-Q2,capex
058450,한주에이알티,2023-Q2,capex
058450,한주에이알티,2024-Q4,capex
058450,한주에이알티,2025-Q2,capex
058450,한주에이알티,2023-Q3,capex
058450,한주에이알티,2022-Q4,capex
058450,한주에이알티,2025-Q3,capex
058450,한주에이알티,2023-Q4,capex
058450,한주에이알티,2025-Q1,capex
058450,한주에이알티,2021-Q2,capex
058450,한주에이알티,2021-Q1,capex
079170,한창산업,2020-Q1,capex
079170,한창산업,2020-Q3,capex
079170,한창산업,2020-Q4,capex
079170,한창산업,2020-Q2,capex
079170,한창산업,2021-Q1,capex
054920,한컴위드,2023-Q1,ap
054920,한컴위드,2021-Q1,capex
054920,한컴위드,2022-Q4,ap
220180,핸디소프트,2023-Q4,interest_expense
220180,핸디소프트,2021-Q1,interest_expense
220180,핸디소프트,2021-Q2,interest_expense
220180,핸디소프트,2021-Q3,interest_expense
220180,핸디소프트,2020-Q1,interest_expense
220180,핸디소프트,2023-Q1,interest_expense
220180,핸디소프트,2022-Q2,interest_expense
220180,핸디소프트,2020-Q2,interest_expense
220180,핸디소프트,2020-Q3,interest_expense
220180,핸디소프트,2021-Q4,interest_expense
220180,핸디소프트,2022-Q3,interest_expense
220180,핸디소프트,2024-Q1,interest_expense
220180,핸디소프트,2022-Q1,interest_expense
220180,핸디소프트,2023-Q3,interest_expense
220180,핸디소프트,2020-Q4,interest_expense
220180,핸디소프트,2022-Q4,interest_expense
220180,핸디소프트,2023-Q2,interest_expense
034810,해성산업,2020-Q2,inventory
034810,해성산업,2020-Q1,ap
034810,해성산업,2020-Q2,ap
034810,해성산업,2020-Q1,cogs
034810,해성산업,2020-Q2,cogs
034810,해성산업,2020-Q1,inventory
076610,해성옵틱스,2022-Q3,capex
076610,해성옵틱스,2023-Q1,capex
076610,해성옵틱스,2024-Q2,capex
076610,해성옵틱스,2024-Q4,capex
076610,해성옵틱스,2022-Q4,capex
076610,해성옵틱스,2025-Q3,interest_expense
076610,해성옵틱스,2021-Q2,capex
076610,해성옵틱스,2021-Q3,capex
076610,해성옵틱스,2020-Q1,capex
076610,해성옵틱스,2020-Q3,capex
076610,해성옵틱스,2025-Q3,capex
076610,해성옵틱스,2023-Q4,capex
076610,해성옵틱스,2025-Q2,interest_expense
076610,해성옵틱스,2024-Q3,interest_expense
076610,해성옵틱스,2021-Q4,capex
076610,해성옵틱스,2025-Q2,capex
076610,해성옵틱스,2024-Q3,capex
076610,해성옵틱스,2024-Q1,capex
076610,해성옵틱스,2025-Q1,interest_expense
076610,해성옵틱스,2022-Q1,capex
076610,해성옵틱스,2020-Q2,capex
076610,해성옵틱스,2023-Q2,capex
076610,해성옵틱스,2023-Q3,capex
076610,해성옵틱스,2024-Q4,interest_expense
076610,해성옵틱스,2025-Q1,capex
076610,해성옵틱스,2022-Q2,capex
900270,헝셩그룹,2024-Q2,capex
900270,헝셩그룹,2024-Q1,capex
900270,헝셩그룹,2025-Q1,capex
214180,헥토이노베이션,2022-Q1,cogs
214180,헥토이노베이션,2023-Q3,cogs
214180,헥토이노베이션,2023-Q2,cogs
214180,헥토이노베이션,2025-Q1,cogs
214180,헥토이노베이션,2023-Q1,cogs
214180,헥토이노베이션,2022-Q2,cogs
214180,헥토이노베이션,2022-Q3,cogs
214180,헥토이노베이션,2024-Q4,cogs
214180,헥토이노베이션,2024-Q2,cogs
214180,헥토이노베이션,2022-Q4,cogs
214180,헥토이노베이션,2023-Q3,revenue
214180,헥토이노베이션,2020-Q1,inventory
214180,헥토이노베이션,2021-Q1,cogs
214180,헥토이노베이션,2021-Q2,cogs
214180,헥토이노베이션,2021-Q3,cogs
214180,헥토이노베이션,2020-Q3,cogs
214180,헥토이노베이션,2025-Q3,cogs
214180,헥토이노베이션,2023-Q4,cogs
214180,헥토이노베이션,2020-Q1,ap
214180,헥토이노베이션,2021-Q4,cogs
214180,헥토이노베이션,2020-Q4,cogs
214180,헥토이노베이션,2025-Q2,cogs
214180,헥토이노베이션,2024-Q3,cogs
214180,헥토이노베이션,2024-Q1,cogs
234340,헥토파이낸셜,2021-Q2,inventory
234340,헥토파이낸셜,2021-Q3,inventory
234340,헥토파이낸셜,2020-Q2,inventory
234340,헥토파이낸셜,2020-Q3,inventory
234340,헥토파이낸셜,2021-Q1,ap
234340,헥토파이낸셜,2021-Q4,inventory
234340,헥토파이낸셜,2021-Q1,inventory
234340,헥토파이낸셜,2021-Q2,ap
234340,헥토파이낸셜,2020-Q1,ap
234340,헥토파이낸셜,2020-Q4,inventory
234340,헥토파이낸셜,2021-Q3,ap
234340,헥토파이낸셜,2022-Q1,inventory
234340,헥토파이낸셜,2020-Q2,ap
234340,헥토파이낸셜,2020-Q4,ap
234340,헥토파이낸셜,2020-Q1,inventory
187660,현대ADM,2024-Q1,capex
187660,현대ADM,2024-Q4,inventory
187660,현대ADM,2025-Q2,inventory
187660,현대ADM,2025-Q3,inventory
187660,현대ADM,2024-Q3,inventory
187660,현대ADM,2025-Q1,inventory
319400,현대무벡스,2020-Q4,current_liab
319400,현대무벡스,2020-Q4,ar
319400,현대무벡스,2020-Q4,cogs
319400,현대무벡스,2020-Q4,capex
319400,현대무벡스,2020-Q4,inventory
319400,현대무벡스,2020-Q4,ap
048410,현대바이오,2022-Q3,capex
048410,현대바이오,2023-Q1,capex
048410,현대바이오,2024-Q2,capex
048410,현대바이오,2024-Q4,capex
048410,현대바이오,2022-Q4,capex
048410,현대바이오,2021-Q2,capex
048410,현대바이오,2021-Q3,capex
048410,현대바이오,2020-Q1,capex
048410,현대바이오,2021-Q1,capex
048410,현대바이오,2020-Q3,capex
048410,현대바이오,2025-Q3,capex
048410,현대바이오,2023-Q4,capex
048410,현대바이오,2021-Q4,capex
048410,현대바이오,2020-Q4,capex
048410,현대바이오,2025-Q2,capex
048410,현대바이오,2024-Q3,capex
048410,현대바이오,2024-Q1,capex
048410,현대바이오,2022-Q1,capex
048410,현대바이오,2020-Q2,capex
048410,현대바이오,2023-Q2,capex
048410,현대바이오,2023-Q3,capex
048410,현대바이오,2025-Q1,capex
048410,현대바이오,2022-Q2,capex
039010,현대에이치티,2022-Q3,capex
039010,현대에이치티,2023-Q1,capex
039010,현대에이치티,2024-Q2,capex
039010,현대에이치티,2024-Q4,capex
039010,현대에이치티,2022-Q4,capex
039010,현대에이치티,2021-Q2,capex
039010,현대에이치티,2021-Q3,capex
039010,현대에이치티,2020-Q1,capex
039010,현대에이치티,2021-Q1,capex
039010,현대에이치티,2020-Q3,capex
039010,현대에이치티,2025-Q3,capex
039010,현대에이치티,2023-Q4,capex
039010,현대에이치티,2021-Q4,capex
039010,현대에이치티,2020-Q4,capex
039010,현대에이치티,2025-Q2,capex
039010,현대에이치티,2024-Q3,capex
039010,현대에이치티,2024-Q1,capex
039010,현대에이치티,2022-Q1,capex
039010,현대에이치티,2020-Q2,capex
039010,현대에이치티,2023-Q2,capex
039010,현대에이치티,2023-Q3,capex
039010,현대에이치티,2025-Q1,capex
039010,현대에이치티,2022-Q2,capex
090850,현대이지웰,2023-Q3,cogs
090850,현대이지웰,2023-Q2,cogs
090850,현대이지웰,2024-Q3,ap
090850,현대이지웰,2025-Q1,cogs
090850,현대이지웰,2023-Q2,ap
090850,현대이지웰,2024-Q1,ap
090850,현대이지웰,2023-Q3,ap
090850,현대이지웰,2022-Q1,ap
090850,현대이지웰,2024-Q4,cogs
090850,현대이지웰,2024-Q2,cogs
090850,현대이지웰,2025-Q1,ap
090850,현대이지웰,2023-Q1,ap
090850,현대이지웰,2022-Q2,ap
090850,현대이지웰,2024-Q2,ap
090850,현대이지웰,2022-Q3,ap
090850,현대이지웰,2024-Q4,ap
090850,현대이지웰,2025-Q2,ap
090850,현대이지웰,2025-Q3,cogs
090850,현대이지웰,2023-Q4,cogs
090850,현대이지웰,2021-Q1,ap
090850,현대이지웰,2021-Q2,ap
090850,현대이지웰,2021-Q3,ap
090850,현대이지웰,2025-Q3,ap
090850,현대이지웰,2023-Q4,ap
090850,현대이지웰,2025-Q2,cogs
090850,현대이지웰,2024-Q3,cogs
090850,현대이지웰,2021-Q4,ap
090850,현대이지웰,2024-Q1,cogs
138360,협진,2021-Q1,capex
064240,홈캐스트,2023-Q1,capex
064240,홈캐스트,2024-Q3,ap
064240,홈캐스트,2020-Q2,ap
064240,홈캐스트,2023-Q2,ap
064240,홈캐스트,2024-Q1,ap
064240,홈캐스트,2022-Q1,ap
064240,홈캐스트,2020-Q1,capex
064240,홈캐스트,2023-Q3,ap
064240,홈캐스트,2020-Q3,capex
064240,홈캐스트,2025-Q1,ap
064240,홈캐스트,2023-Q1,ap
064240,홈캐스트,2022-Q2,ap
064240,홈캐스트,2024-Q2,ap
064240,홈캐스트,2022-Q3,ap
064240,홈캐스트,2024-Q4,ap
064240,홈캐스트,2022-Q4,ap
064240,홈캐스트,2020-Q4,capex
064240,홈캐스트,2021-Q1,ap
064240,홈캐스트,2021-Q2,ap
064240,홈캐스트,2021-Q3,ap
064240,홈캐스트,2020-Q1,ap
064240,홈캐스트,2020-Q3,ap
064240,홈캐스트,2025-Q3,ap
064240,홈캐스트,2023-Q4,ap
064240,홈캐스트,2020-Q2,capex
064240,홈캐스트,2023-Q2,capex
064240,홈캐스트,2021-Q4,ap
064240,홈캐스트,2020-Q4,ap
064240,홈캐스트,2025-Q2,ap
308100,형지글로벌,2021-Q1,interest_expense
308100,형지글로벌,2020-Q4,interest_expense
353190,휴럼,2022-Q3,capex
353190,휴럼,2023-Q1,capex
353190,휴럼,2024-Q2,capex
353190,휴럼,2022-Q4,capex
353190,휴럼,2023-Q2,ap
353190,휴럼,2022-Q1,ap
353190,휴럼,2021-Q3,capex
353190,휴럼,2023-Q1,ap
353190,휴럼,2022-Q2,ap
353190,휴럼,2023-Q4,capex
353190,휴럼,2022-Q3,ap
353190,휴럼,2022-Q4,ap
353190,휴럼,2021-Q4,capex
353190,휴럼,2024-Q3,capex
353190,휴럼,2021-Q3,ap
353190,휴럼,2024-Q1,capex
353190,휴럼,2022-Q1,capex
353190,휴럼,2023-Q2,capex
353190,휴럼,2023-Q3,capex
353190,휴럼,2021-Q4,ap
353190,휴럼,2022-Q2,capex
078590,휴림에이텍,2021-Q4,capex
078590,휴림에이텍,2022-Q3,capex
078590,휴림에이텍,2024-Q1,capex
078590,휴림에이텍,2023-Q1,capex
078590,휴림에이텍,2022-Q1,capex
078590,휴림에이텍,2023-Q2,capex
078590,휴림에이텍,2024-Q2,capex
078590,휴림에이텍,2024-Q4,capex
078590,휴림에이텍,2025-Q2,capex
078590,휴림에이텍,2023-Q3,capex
078590,휴림에이텍,2024-Q3,capex
078590,휴림에이텍,2022-Q4,capex
078590,휴림에이텍,2025-Q3,capex
078590,휴림에이텍,2023-Q4,capex
078590,휴림에이텍,2025-Q1,capex
078590,휴림에이텍,2021-Q3,capex
078590,휴림에이텍,2022-Q2,capex
205470,휴마시스,2022-Q4,current_liab
205470,휴마시스,2022-Q3,capex
205470,휴마시스,2023-Q1,capex
205470,휴마시스,2024-Q2,capex
205470,휴마시스,2024-Q4,capex
205470,휴마시스,2022-Q4,capex
205470,휴마시스,2021-Q2,capex
205470,휴마시스,2021-Q3,capex
205470,휴마시스,2020-Q1,capex
205470,휴마시스,2021-Q1,capex
205470,휴마시스,2020-Q3,capex
205470,휴마시스,2025-Q3,capex
205470,휴마시스,2023-Q4,capex
205470,휴마시스,2021-Q4,capex
205470,휴마시스,2020-Q4,capex
205470,휴마시스,2025-Q2,capex
205470,휴마시스,2024-Q3,capex
205470,휴마시스,2024-Q1,capex
205470,휴마시스,2022-Q1,capex
205470,휴마시스,2020-Q2,capex
205470,휴마시스,2023-Q2,capex
205470,휴마시스,2023-Q3,capex
205470,휴마시스,2025-Q1,capex
205470,휴마시스,2022-Q2,capex
175140,휴먼테크놀로지,2023-Q4,capex
175140,휴먼테크놀로지,2023-Q3,capex
175140,휴먼테크놀로지,2024-Q1,capex
028080,휴맥스홀딩스,2022-Q1,cogs
028080,휴맥스홀딩스,2023-Q3,cogs
028080,휴맥스홀딩스,2021-Q2,inventory
028080,휴맥스홀딩스,2021-Q3,inventory
028080,휴맥스홀딩스,2023-Q2,cogs
028080,휴맥스홀딩스,2020-Q3,inventory
028080,휴맥스홀딩스,2025-Q1,cogs
028080,휴맥스홀딩스,2023-Q1,cogs
028080,휴맥스홀딩스,2022-Q2,cogs
028080,휴맥스홀딩스,2021-Q2,capex
028080,휴맥스홀딩스,2022-Q3,cogs
028080,휴맥스홀딩스,2024-Q4,cogs
028080,휴맥스홀딩스,2024-Q2,cogs
028080,휴맥스홀딩스,2022-Q4,cogs
028080,휴맥스홀딩스,2020-Q1,inventory
028080,휴맥스홀딩스,2020-Q4,inventory
028080,휴맥스홀딩스,2021-Q2,cogs
028080,휴맥스홀딩스,2021-Q3,cogs
028080,휴맥스홀딩스,2024-Q1,cogs
028080,휴맥스홀딩스,2020-Q3,cogs
028080,휴맥스홀딩스,2025-Q3,cogs
028080,휴맥스홀딩스,2023-Q4,cogs
028080,휴맥스홀딩스,2020-Q2,inventory
028080,휴맥스홀딩스,2021-Q4,cogs
028080,휴맥스홀딩스,2020-Q4,cogs
028080,휴맥스홀딩스,2025-Q2,cogs
028080,휴맥스홀딩스,2020-Q2,capex
028080,휴맥스홀딩스,2024-Q3,cogs
028080,휴맥스홀딩스,2020-Q2,cogs
028080,휴맥스홀딩스,2021-Q1,inventory
024060,흥구석유,2021-Q1,interest_expense
024060,흥구석유,2023-Q1,capex
024060,흥구석유,2021-Q2,interest_expense
024060,흥구석유,2021-Q3,interest_expense
024060,흥구석유,2020-Q1,interest_expense
024060,흥구석유,2022-Q2,interest_expense
024060,흥구석유,2020-Q2,interest_expense
024060,흥구석유,2020-Q3,interest_expense
024060,흥구석유,2021-Q4,interest_expense
024060,흥구석유,2022-Q3,interest_expense
024060,흥구석유,2022-Q1,interest_expense
024060,흥구석유,2020-Q4,interest_expense
037440,희림,2021-Q2,inventory
037440,희림,2021-Q3,inventory
037440,희림,2024-Q3,ap
037440,희림,2020-Q3,inventory
037440,희림,2025-Q3,inventory
037440,희림,2020-Q2,ap
037440,희림,2023-Q2,ap
037440,희림,2023-Q4,inventory
037440,희림,2022-Q1,ap
037440,희림,2023-Q3,ap
037440,희림,2021-Q4,inventory
037440,희림,2020-Q1,inventory
037440,희림,2020-Q4,inventory
037440,희림,2022-Q2,ap
037440,희림,2023-Q1,ap
037440,희림,2025-Q2,inventory
037440,희림,2024-Q2,ap
037440,희림,2022-Q3,ap
037440,희림,2024-Q4,ap
037440,희림,2024-Q3,inventory
037440,희림,2022-Q4,ap
037440,희림,2020-Q2,inventory
037440,희림,2021-Q1,ap
037440,희림,2023-Q2,inventory
037440,희림,2024-Q1,inventory
037440,희림,2021-Q2,ap
037440,희림,2021-Q3,ap
037440,희림,2020-Q1,ap
037440,희림,2022-Q1,inventory
037440,희림,2023-Q3,inventory
037440,희림,2020-Q3,ap
037440,희림,2025-Q1,inventory
037440,희림,2022-Q3,inventory
037440,희림,2023-Q1,inventory
037440,희림,2022-Q2,inventory
037440,희림,2024-Q2,inventory
037440,희림,2024-Q4,inventory
037440,희림,2022-Q4,inventory
037440,희림,2021-Q4,ap
037440,희림,2020-Q4,ap
037440,희림,2021-Q1,inventory
