Symbol,Name,TotalScore,Growth,Profitability,Stability,Activity,Error,Links
046390,삼화네트웍스,96.76252305634941,98.14115298401096,93.11617482818106,99.28891598661829,93.39791920471458,,"<a href=""https://m.stock.naver.com/domestic/stock/046390/total"" target=""_blank"">Naver</a>"
126700,하이비젼시스템,94.01641815058852,100.0,89.37099262352983,96.41263870968727,40.64812247474674,,"<a href=""https://m.stock.naver.com/domestic/stock/126700/total"" target=""_blank"">Naver</a>"
052790,액토즈소프트,93.0640211979835,100.0,92.02558673897214,85.09583558625744,30.96081909229407,,"<a href=""https://m.stock.naver.com/domestic/stock/052790/total"" target=""_blank"">Naver</a>"
035900,JYP Ent.,92.25843242838874,91.04935281130047,94.79394324130904,99.06479421418564,80.47711019725271,,"<a href=""https://m.stock.naver.com/domestic/stock/035900/total"" target=""_blank"">Naver</a>"
257720,실리콘투,91.93587948350952,100.0,75.13133663849291,97.01764680414719,69.02561286943134,,"<a href=""https://m.stock.naver.com/domestic/stock/257720/total"" target=""_blank"">Naver</a>"
290650,엘앤씨바이오,91.72426133304235,96.5214434589197,96.660457568545,82.60333566852141,27.71894597404265,,"<a href=""https://m.stock.naver.com/domestic/stock/290650/total"" target=""_blank"">Naver</a>"
041020,폴라리스오피스,90.11573305027105,100.0,74.33927596410292,87.42217453619566,55.77393211251526,,"<a href=""https://m.stock.naver.com/domestic/stock/041020/total"" target=""_blank"">Naver</a>"
025980,아난티,89.85711142799293,100.0,84.88681850846001,64.28382600408504,44.14048400938866,,"<a href=""https://m.stock.naver.com/domestic/stock/025980/total"" target=""_blank"">Naver</a>"
214450,파마리서치,89.78796821817147,92.18497619778776,90.79575603638784,96.522860823437,42.515148161163026,,"<a href=""https://m.stock.naver.com/domestic/stock/214450/total"" target=""_blank"">Naver</a>"
900290,GRT,89.2188461223009,97.34895836095838,71.97999527799892,94.42688692644569,67.4356718716318,,"<a href=""https://m.stock.naver.com/domestic/stock/900290/total"" target=""_blank"">Naver</a>"
018290,브이티,88.80799829905042,95.14484386927518,74.67740897504132,88.49405843832864,84.0466777978427,,"<a href=""https://m.stock.naver.com/domestic/stock/018290/total"" target=""_blank"">Naver</a>"
171090,선익시스템,88.79088397071172,94.54155389627014,77.38815593217667,85.73739029885606,82.90347240039736,,"<a href=""https://m.stock.naver.com/domestic/stock/171090/total"" target=""_blank"">Naver</a>"
032820,우리기술,86.72537975328905,96.63043057189942,71.2399680086478,80.20893301858055,58.32472212258776,,"<a href=""https://m.stock.naver.com/domestic/stock/032820/total"" target=""_blank"">Naver</a>"
083310,엘오티베큠,86.62323048380446,93.2677793556614,69.72888418765856,95.68021352709658,73.24640941566628,,"<a href=""https://m.stock.naver.com/domestic/stock/083310/total"" target=""_blank"">Naver</a>"
340570,티앤엘,86.37748304157746,82.4109405284416,94.44731013125016,99.7314638363141,66.91889616137108,,"<a href=""https://m.stock.naver.com/domestic/stock/340570/total"" target=""_blank"">Naver</a>"
052860,아이앤씨,86.1363747447851,100.0,54.90442259491014,94.5930069907809,59.0193679395896,,"<a href=""https://m.stock.naver.com/domestic/stock/052860/total"" target=""_blank"">Naver</a>"
098120,마이크로컨텍솔,86.12744222536742,86.53976689142229,81.07344224662263,99.55337288340313,79.59768481036159,,"<a href=""https://m.stock.naver.com/domestic/stock/098120/total"" target=""_blank"">Naver</a>"
095660,네오위즈,85.74918991742516,96.29841068245749,62.64364462020912,87.7830965888516,70.6184538802647,,"<a href=""https://m.stock.naver.com/domestic/stock/095660/total"" target=""_blank"">Naver</a>"
041510,에스엠,85.5931518845848,86.64795472062077,79.98442720755462,94.23432351078688,83.69679798489977,,"<a href=""https://m.stock.naver.com/domestic/stock/041510/total"" target=""_blank"">Naver</a>"
182360,큐브엔터,85.53227721579368,93.91526906459433,63.11156656100325,88.45970180757968,91.18507912056597,,"<a href=""https://m.stock.naver.com/domestic/stock/182360/total"" target=""_blank"">Naver</a>"
351330,이삭엔지니어링,85.45095418960011,99.32708481500413,54.10983685713438,95.44835246271644,55.64817680084779,,"<a href=""https://m.stock.naver.com/domestic/stock/351330/total"" target=""_blank"">Naver</a>"
264660,씨앤지하이테크,85.27098081232735,87.35945658241575,76.6918700082279,96.43388753378838,80.77901214884179,,"<a href=""https://m.stock.naver.com/domestic/stock/264660/total"" target=""_blank"">Naver</a>"
237880,클리오,85.11363820632982,89.52498315450138,71.61262237109611,89.9388354677742,90.03218348155076,,"<a href=""https://m.stock.naver.com/domestic/stock/237880/total"" target=""_blank"">Naver</a>"
052460,아이크래프트,84.9422101796283,100.0,54.24017722081296,72.10120789773714,83.44090169302713,,"<a href=""https://m.stock.naver.com/domestic/stock/052460/total"" target=""_blank"">Naver</a>"
282880,코윈테크,84.66439251289177,96.97472758609781,58.50857295805267,85.53957681107224,65.96910081225403,,"<a href=""https://m.stock.naver.com/domestic/stock/282880/total"" target=""_blank"">Naver</a>"
049950,미래컴퍼니,84.18152122679592,79.68244421093992,90.49057598402858,99.43671348934862,76.11478710579944,,"<a href=""https://m.stock.naver.com/domestic/stock/049950/total"" target=""_blank"">Naver</a>"
040160,누리플렉스,84.17487519725167,97.10830852933395,56.62336544976543,84.11361134031655,66.85375166356569,,"<a href=""https://m.stock.naver.com/domestic/stock/040160/total"" target=""_blank"">Naver</a>"
063440,SM Life Design,84.15389961745556,92.6820098045822,58.287266301962916,99.63054843330548,80.19644631769917,,"<a href=""https://m.stock.naver.com/domestic/stock/063440/total"" target=""_blank"">Naver</a>"
285490,노바텍,84.05959555073825,80.59440859757275,86.30012013707169,99.81612133009091,82.92616449835191,,"<a href=""https://m.stock.naver.com/domestic/stock/285490/total"" target=""_blank"">Naver</a>"
441270,파인엠텍,83.93182010339494,100.0,46.89168620321136,82.10766725068854,79.9626365504651,,"<a href=""https://m.stock.naver.com/domestic/stock/441270/total"" target=""_blank"">Naver</a>"
950140,잉글우드랩,83.57322301040891,91.36134630512521,65.94851981641179,95.12007311683787,55.14555923094093,,"<a href=""https://m.stock.naver.com/domestic/stock/950140/total"" target=""_blank"">Naver</a>"
206640,바디텍메드,83.36348767349507,81.33046813540032,89.48261798350337,99.67491433131272,44.54121726495505,,"<a href=""https://m.stock.naver.com/domestic/stock/206640/total"" target=""_blank"">Naver</a>"
048870,시너지이노베이션,83.25465601909767,90.50748203890304,76.90577574790711,74.67080834363317,45.13284048831499,,"<a href=""https://m.stock.naver.com/domestic/stock/048870/total"" target=""_blank"">Naver</a>"
173130,오파스넷,83.16890074323207,91.61453404298409,64.399363980911,82.53978537624141,76.92721569179457,,"<a href=""https://m.stock.naver.com/domestic/stock/173130/total"" target=""_blank"">Naver</a>"
094850,참좋은여행,83.10951468614225,100.0,60.12962618187296,69.9437134385704,21.65473593633939,,"<a href=""https://m.stock.naver.com/domestic/stock/094850/total"" target=""_blank"">Naver</a>"
094970,제이엠티,83.08509418245741,77.39707289937871,92.85325967706557,98.99473235380445,70.68124576366709,,"<a href=""https://m.stock.naver.com/domestic/stock/094970/total"" target=""_blank"">Naver</a>"
018310,삼목에스폼,83.01240601691157,80.84215129513775,86.23352669212181,95.30952430617535,68.35562272361862,,"<a href=""https://m.stock.naver.com/domestic/stock/018310/total"" target=""_blank"">Naver</a>"
265560,영화테크,82.78620417154474,89.08633516353609,69.39936706234789,88.31152802421157,63.06817010829913,,"<a href=""https://m.stock.naver.com/domestic/stock/265560/total"" target=""_blank"">Naver</a>"
033310,엠투엔,82.69582662029663,100.0,54.29567452420114,64.22699448313836,53.98417081865016,,"<a href=""https://m.stock.naver.com/domestic/stock/033310/total"" target=""_blank"">Naver</a>"
013310,아진산업,82.65490986725834,89.06340209276046,70.50273274671261,73.77149435462539,84.28071978922733,,"<a href=""https://m.stock.naver.com/domestic/stock/013310/total"" target=""_blank"">Naver</a>"
145020,휴젤,82.59225569349071,82.15407186964568,88.5774888647968,90.03149000503188,43.04582710001813,,"<a href=""https://m.stock.naver.com/domestic/stock/145020/total"" target=""_blank"">Naver</a>"
214150,클래시스,82.44862505002362,75.54271011552173,99.57038457091436,99.15236840158646,46.303319956467234,,"<a href=""https://m.stock.naver.com/domestic/stock/214150/total"" target=""_blank"">Naver</a>"
051390,YW,82.39067177100537,85.66974045502424,73.4222370468609,89.18175518941628,74.30185434667986,,"<a href=""https://m.stock.naver.com/domestic/stock/051390/total"" target=""_blank"">Naver</a>"
222080,씨아이에스,82.3535692947938,91.19621786285616,70.52119250791314,81.65648406975714,36.79784086252194,,"<a href=""https://m.stock.naver.com/domestic/stock/222080/total"" target=""_blank"">Naver</a>"
052420,오성첨단소재,82.20071928723885,92.71279417471136,57.01433109156426,88.98425042064775,68.42069934912418,,"<a href=""https://m.stock.naver.com/domestic/stock/052420/total"" target=""_blank"">Naver</a>"
088910,동우팜투테이블,82.13263849541863,83.72847436584406,69.68846063087214,98.6885609730864,92.09165241771056,,"<a href=""https://m.stock.naver.com/domestic/stock/088910/total"" target=""_blank"">Naver</a>"
192390,윈하이텍,82.04962791515456,90.22882182240981,68.67955273230625,75.60383882977914,63.64125511308397,,"<a href=""https://m.stock.naver.com/domestic/stock/192390/total"" target=""_blank"">Naver</a>"
238490,힘스,81.86432449392964,100.0,57.15207938530373,45.75294184542003,60.02020926123403,,"<a href=""https://m.stock.naver.com/domestic/stock/238490/total"" target=""_blank"">Naver</a>"
094360,칩스앤미디어,81.78688225553329,74.69219405072225,98.59403140452848,92.67370075037087,61.11375797861453,,"<a href=""https://m.stock.naver.com/domestic/stock/094360/total"" target=""_blank"">Naver</a>"
208140,정다운,81.74383766728116,80.93637296938898,77.38607798655086,94.12651025571404,88.45686726877287,,"<a href=""https://m.stock.naver.com/domestic/stock/208140/total"" target=""_blank"">Naver</a>"
100700,세운메디칼,81.68827466573367,80.53497969356177,84.45616633633136,99.83623236558668,45.39244057910234,,"<a href=""https://m.stock.naver.com/domestic/stock/100700/total"" target=""_blank"">Naver</a>"
408920,메쎄이상,81.58183826278918,83.33333333333333,72.68884349180644,99.31987343894816,69.55280091885513,,"<a href=""https://m.stock.naver.com/domestic/stock/408920/total"" target=""_blank"">Naver</a>"
277410,인산가,81.5658471005824,84.80403680340676,75.5463547715279,97.93909525726654,40.05853599859435,,"<a href=""https://m.stock.naver.com/domestic/stock/277410/total"" target=""_blank"">Naver</a>"
094940,푸른기술,81.4059669117532,90.88552828644221,55.38700627935807,94.43801558189854,71.6819362371703,,"<a href=""https://m.stock.naver.com/domestic/stock/094940/total"" target=""_blank"">Naver</a>"
019770,서연탑메탈,81.21798992450566,89.65269524952998,56.63661683542538,92.85727475531684,79.629821807993,,"<a href=""https://m.stock.naver.com/domestic/stock/019770/total"" target=""_blank"">Naver</a>"
224110,에이텍모빌리티,81.17920640545772,88.24855170163421,60.09717181598479,89.90672448763792,84.30219963434399,,"<a href=""https://m.stock.naver.com/domestic/stock/224110/total"" target=""_blank"">Naver</a>"
243070,휴온스,81.16271206038337,86.38730500504344,67.60753625668279,93.82322264370033,60.92245457633129,,"<a href=""https://m.stock.naver.com/domestic/stock/243070/total"" target=""_blank"">Naver</a>"
328380,솔트웨어,80.67243950955726,98.73301310485606,40.05337412023971,68.002855725601,92.38005088047197,,"<a href=""https://m.stock.naver.com/domestic/stock/328380/total"" target=""_blank"">Naver</a>"
005710,대원산업,80.62592737775945,84.4408539509548,63.022803032380885,99.14880549563607,85.81667399055509,,"<a href=""https://m.stock.naver.com/domestic/stock/005710/total"" target=""_blank"">Naver</a>"
038010,제일테크노스,80.62445668322098,83.16702393913245,75.14761274730307,87.10454439157292,64.53769387516918,,"<a href=""https://m.stock.naver.com/domestic/stock/038010/total"" target=""_blank"">Naver</a>"
114190,강원에너지,80.6050387960183,95.04723769871718,63.965974731732395,45.222255323481754,61.2595392301345,,"<a href=""https://m.stock.naver.com/domestic/stock/114190/total"" target=""_blank"">Naver</a>"
148930,에이치와이티씨,80.3803464711263,87.96078758042631,61.2083361816567,89.61194919516268,66.81189915880152,,"<a href=""https://m.stock.naver.com/domestic/stock/148930/total"" target=""_blank"">Naver</a>"
059210,메타바이오메드,80.191925588553,85.94149242518439,69.3922891701105,86.81338874335745,51.952379331579955,,"<a href=""https://m.stock.naver.com/domestic/stock/059210/total"" target=""_blank"">Naver</a>"
023900,풍국주정,80.151882341624,85.50935214148193,59.731595026785975,99.74038597304013,78.78667405468691,,"<a href=""https://m.stock.naver.com/domestic/stock/023900/total"" target=""_blank"">Naver</a>"
123750,알톤,80.11963630866522,89.7599846138565,53.01295289500365,95.01347329689088,70.18119973822662,,"<a href=""https://m.stock.naver.com/domestic/stock/123750/total"" target=""_blank"">Naver</a>"
039740,한국정보공학,80.06114742775806,89.48800808691867,55.55366599589132,83.99344369158473,81.61163414951113,,"<a href=""https://m.stock.naver.com/domestic/stock/039740/total"" target=""_blank"">Naver</a>"
041830,인바디,79.85315122906793,74.66335455471159,91.22635717720782,99.7060998453512,45.55878434807826,,"<a href=""https://m.stock.naver.com/domestic/stock/041830/total"" target=""_blank"">Naver</a>"
006920,모헨즈,79.84190449349451,85.14145035051423,58.48007527804151,98.26216750955278,86.21597425440635,,"<a href=""https://m.stock.naver.com/domestic/stock/006920/total"" target=""_blank"">Naver</a>"
357230,에이치피오,79.80951215732186,81.20536538185496,68.58601269984784,99.64148605255906,79.51282295982045,,"<a href=""https://m.stock.naver.com/domestic/stock/357230/total"" target=""_blank"">Naver</a>"
048830,엔피케이,79.56721507760125,88.4958039086183,52.25011288930917,90.72525488598666,86.69358043008612,,"<a href=""https://m.stock.naver.com/domestic/stock/048830/total"" target=""_blank"">Naver</a>"
241690,유니테크노,79.50071196180495,83.87360145220441,65.43915482389231,93.44012130028783,69.4550050896088,,"<a href=""https://m.stock.naver.com/domestic/stock/241690/total"" target=""_blank"">Naver</a>"
073540,에프알텍,79.48318886193793,89.4949227220469,62.255742001744345,73.542800529052,57.36039350737022,,"<a href=""https://m.stock.naver.com/domestic/stock/073540/total"" target=""_blank"">Naver</a>"
018120,진로발효,79.45765959737857,84.77255576347545,59.10714323443304,99.61433832360014,77.1181299665005,,"<a href=""https://m.stock.naver.com/domestic/stock/018120/total"" target=""_blank"">Naver</a>"
039420,케이엘넷,79.41232750802233,72.27099806686056,87.6013783645872,99.70578816220589,83.57610521077201,,"<a href=""https://m.stock.naver.com/domestic/stock/039420/total"" target=""_blank"">Naver</a>"
043590,웰킵스하이텍,79.36416141165651,91.30583872615887,47.875790657185945,90.95038652172208,70.33343718985013,,"<a href=""https://m.stock.naver.com/domestic/stock/043590/total"" target=""_blank"">Naver</a>"
214370,케어젠,79.26036598696764,73.77185594708367,92.68306966747765,99.79988930640181,36.929921424157065,,"<a href=""https://m.stock.naver.com/domestic/stock/214370/total"" target=""_blank"">Naver</a>"
208370,셀바스헬스케어,79.13661460047135,84.56747976627999,69.04684514919238,89.87616646049946,42.93597614710635,,"<a href=""https://m.stock.naver.com/domestic/stock/208370/total"" target=""_blank"">Naver</a>"
039610,화성밸브,79.11220111393617,87.98041279008474,57.4569465238709,97.18070828865353,44.83291960104518,,"<a href=""https://m.stock.naver.com/domestic/stock/039610/total"" target=""_blank"">Naver</a>"
017250,인터엠,78.93040397440906,90.2200878848763,57.98760698570234,77.99955125371139,50.02988743373095,,"<a href=""https://m.stock.naver.com/domestic/stock/017250/total"" target=""_blank"">Naver</a>"
004650,창해에탄올,78.69919200697163,86.86406915379787,58.78810329703026,87.75696985197831,62.16055410475049,,"<a href=""https://m.stock.naver.com/domestic/stock/004650/total"" target=""_blank"">Naver</a>"
322310,오로스테크놀로지,78.68014150762572,97.19886365471844,44.36719581091658,71.2664262217489,42.847634797812574,,"<a href=""https://m.stock.naver.com/domestic/stock/322310/total"" target=""_blank"">Naver</a>"
206560,덱스터,78.23799002653648,93.86670182859432,38.272163530448175,85.7176026621973,75.5633556109623,,"<a href=""https://m.stock.naver.com/domestic/stock/206560/total"" target=""_blank"">Naver</a>"
066620,국보디자인,78.11102611588362,78.86901991155679,67.18338107293447,93.95742159186113,91.96053483059654,,"<a href=""https://m.stock.naver.com/domestic/stock/066620/total"" target=""_blank"">Naver</a>"
277810,레인보우로보틱스,78.0578194274192,80.21028359075444,84.30820926100546,75.47570021199527,26.14053873031283,,"<a href=""https://m.stock.naver.com/domestic/stock/277810/total"" target=""_blank"">Naver</a>"
014940,오리엔탈정공,77.73585531097775,81.86847492861034,65.9125556464082,78.34266813919149,86.04729256580725,,"<a href=""https://m.stock.naver.com/domestic/stock/014940/total"" target=""_blank"">Naver</a>"
262260,에이프로,77.72975637706753,100.0,40.7194924061345,56.06822468249417,38.861216145689546,,"<a href=""https://m.stock.naver.com/domestic/stock/262260/total"" target=""_blank"">Naver</a>"
084730,팅크웨어,77.6066548888027,88.19446874842883,52.59354295625949,84.43308597212467,61.965586069361144,,"<a href=""https://m.stock.naver.com/domestic/stock/084730/total"" target=""_blank"">Naver</a>"
091580,상신이디피,77.50460820555026,75.04989567768382,78.07239152772927,87.49648571252473,84.1384869151034,,"<a href=""https://m.stock.naver.com/domestic/stock/091580/total"" target=""_blank"">Naver</a>"
053700,삼보모터스,77.34639891348178,88.41449323951262,54.88942114076931,60.837027530319475,89.83289863099884,,"<a href=""https://m.stock.naver.com/domestic/stock/053700/total"" target=""_blank"">Naver</a>"
204020,그리티,77.20702036881747,87.53543305908677,50.94377337334952,91.66733828862024,55.66166722332027,,"<a href=""https://m.stock.naver.com/domestic/stock/204020/total"" target=""_blank"">Naver</a>"
088130,동아엘텍,77.17563451560763,78.45179602487578,70.23057639500799,92.59226866079531,65.75371871701262,,"<a href=""https://m.stock.naver.com/domestic/stock/088130/total"" target=""_blank"">Naver</a>"
064850,에프앤가이드,77.12082560417208,72.17560783220654,91.70950824567562,77.6690302134547,62.423616441675684,,"<a href=""https://m.stock.naver.com/domestic/stock/064850/total"" target=""_blank"">Naver</a>"
090410,덕신이피씨,77.06169313395948,76.4256734877361,71.20848883003785,93.76346592102587,80.5564048341154,,"<a href=""https://m.stock.naver.com/domestic/stock/090410/total"" target=""_blank"">Naver</a>"
241710,코스메카코리아,77.02823764561678,86.55191475215577,53.189224941384886,82.0295628980121,71.93652538351786,,"<a href=""https://m.stock.naver.com/domestic/stock/241710/total"" target=""_blank"">Naver</a>"
092300,현우산업,77.01555815425623,88.37236808323517,54.80560323494172,62.842812594959916,80.12910472167391,,"<a href=""https://m.stock.naver.com/domestic/stock/092300/total"" target=""_blank"">Naver</a>"
065060,지엔코,76.9946800787957,94.79691761601988,41.837062217715776,67.38796235073681,58.369354393623055,,"<a href=""https://m.stock.naver.com/domestic/stock/065060/total"" target=""_blank"">Naver</a>"
163730,핑거,76.70834596377297,78.75831665133661,58.8662502556651,98.90342378091194,96.92902061927079,,"<a href=""https://m.stock.naver.com/domestic/stock/163730/total"" target=""_blank"">Naver</a>"
089850,유비벨록스,76.68369606444021,88.00224283607538,52.51636625602242,74.87746685840563,65.31024225897649,,"<a href=""https://m.stock.naver.com/domestic/stock/089850/total"" target=""_blank"">Naver</a>"
066360,체리부로,76.45124999548383,82.03129787691786,65.34250174867812,62.487464328906206,92.96198798545942,,"<a href=""https://m.stock.naver.com/domestic/stock/066360/total"" target=""_blank"">Naver</a>"
099430,바이오플러스,76.43220347302497,67.91615795462086,94.70784836743468,99.351894804119,41.407142559637606,,"<a href=""https://m.stock.naver.com/domestic/stock/099430/total"" target=""_blank"">Naver</a>"
038110,에코플라스틱,76.387452838347,86.62073642622397,58.99422989322915,48.705688333993585,95.91769351811963,,"<a href=""https://m.stock.naver.com/domestic/stock/038110/total"" target=""_blank"">Naver</a>"
122310,제노레이,76.24106768022197,71.12752074922082,84.82558344600154,98.75413733381876,49.65491271614444,,"<a href=""https://m.stock.naver.com/domestic/stock/122310/total"" target=""_blank"">Naver</a>"
086390,유니테스트,76.22519453749345,87.84619791628603,47.14764361661876,94.12623782771436,46.35882201591413,,"<a href=""https://m.stock.naver.com/domestic/stock/086390/total"" target=""_blank"">Naver</a>"
027050,코리아나,76.11958733256103,85.87814660193153,46.84447834781708,92.92323533795988,71.78512501303696,,"<a href=""https://m.stock.naver.com/domestic/stock/027050/total"" target=""_blank"">Naver</a>"
151860,KG에코솔루션,76.07142880404795,71.95890150873822,82.13367663195449,81.68166424909954,83.89004631812888,,"<a href=""https://m.stock.naver.com/domestic/stock/151860/total"" target=""_blank"">Naver</a>"
051360,토비스,75.9787741496329,93.89263581490748,44.138608412167834,58.78428668070157,54.60223779152586,,"<a href=""https://m.stock.naver.com/domestic/stock/051360/total"" target=""_blank"">Naver</a>"
044340,위닉스,75.74861161111792,91.12430015293239,46.05125226851492,62.57222383163651,66.07992138132235,,"<a href=""https://m.stock.naver.com/domestic/stock/044340/total"" target=""_blank"">Naver</a>"
053270,구영테크,75.74444252181722,89.2846236123339,52.564509648722655,48.15237307600011,84.34607269272428,,"<a href=""https://m.stock.naver.com/domestic/stock/053270/total"" target=""_blank"">Naver</a>"
072950,빛샘전자,75.70897700465815,79.88485932788005,54.430734127351265,99.49844794802861,84.41066162578893,,"<a href=""https://m.stock.naver.com/domestic/stock/072950/total"" target=""_blank"">Naver</a>"
014190,원익큐브,75.66014393127337,83.84488364033376,50.77108804550238,85.6421357729329,81.92456316808465,,"<a href=""https://m.stock.naver.com/domestic/stock/014190/total"" target=""_blank"">Naver</a>"
038680,에스넷,75.63291884982758,93.68257067960599,37.68225470392181,58.5894928637002,82.87726959427022,,"<a href=""https://m.stock.naver.com/domestic/stock/038680/total"" target=""_blank"">Naver</a>"
154030,아시아종묘,75.63051670768552,90.49330961586422,50.50305265829231,68.04839937133438,38.078556729209396,,"<a href=""https://m.stock.naver.com/domestic/stock/154030/total"" target=""_blank"">Naver</a>"
015710,코콤,75.42092503618932,87.56075874824471,48.25091100837227,75.75853570881021,64.91776928536808,,"<a href=""https://m.stock.naver.com/domestic/stock/015710/total"" target=""_blank"">Naver</a>"
006730,서부T&D,75.37413332024265,80.26832741695937,75.24986422202481,46.92381008505396,74.16579612110873,,"<a href=""https://m.stock.naver.com/domestic/stock/006730/total"" target=""_blank"">Naver</a>"
051160,지어소프트,75.31113127934839,85.98481929846737,44.647483873389206,78.25188729281867,94.66360005277609,,"<a href=""https://m.stock.naver.com/domestic/stock/051160/total"" target=""_blank"">Naver</a>"
043710,서울리거,75.3069935510356,85.82514026299854,60.97137856413901,66.67833520374433,38.02462463654579,,"<a href=""https://m.stock.naver.com/domestic/stock/043710/total"" target=""_blank"">Naver</a>"
042940,상지건설,75.29579625431879,100.0,30.348879542315917,58.9875636962045,36.196399982386964,,"<a href=""https://m.stock.naver.com/domestic/stock/042940/total"" target=""_blank"">Naver</a>"
122690,서진오토모티브,75.29100303854443,86.12614044444659,56.18920982363528,47.22419773742025,96.91193084451308,,"<a href=""https://m.stock.naver.com/domestic/stock/122690/total"" target=""_blank"">Naver</a>"
302430,이노메트리,75.18948860350761,79.24790298015601,57.57838035392374,89.76185275538468,85.39932902789226,,"<a href=""https://m.stock.naver.com/domestic/stock/302430/total"" target=""_blank"">Naver</a>"
136480,하림,75.16966199425431,83.45262817632282,58.33671172105701,59.275977428590245,91.726188306747,,"<a href=""https://m.stock.naver.com/domestic/stock/136480/total"" target=""_blank"">Naver</a>"
900260,로스웰,75.08285571108642,100.0,20.7298126225862,69.29387279103965,59.420305526718224,,"<a href=""https://m.stock.naver.com/domestic/stock/900260/total"" target=""_blank"">Naver</a>"
067290,JW신약,75.03429574103158,82.49080654124897,58.871522387500704,63.98287748627732,88.47286941558606,,"<a href=""https://m.stock.naver.com/domestic/stock/067290/total"" target=""_blank"">Naver</a>"
399720,가온칩스,75.01654723514345,74.53380106626476,68.25212550130918,97.00434590162126,70.65601259790327,,"<a href=""https://m.stock.naver.com/domestic/stock/399720/total"" target=""_blank"">Naver</a>"
150900,파수,74.98415671497852,68.13856970410156,80.50319130701787,99.0143095711461,81.4757221729702,,"<a href=""https://m.stock.naver.com/domestic/stock/150900/total"" target=""_blank"">Naver</a>"
226340,본느,74.90002488950589,86.8096750568543,48.72054370348919,66.92824150832082,78.82519557377859,,"<a href=""https://m.stock.naver.com/domestic/stock/226340/total"" target=""_blank"">Naver</a>"
339950,아이비김영,74.69264566364114,86.44431256447014,40.36176948844303,80.87484280209014,92.96262945278585,,"<a href=""https://m.stock.naver.com/domestic/stock/339950/total"" target=""_blank"">Naver</a>"
215100,로보로보,74.54494595211335,91.5569951322824,40.088597412767406,74.81361886212103,42.144752666799356,,"<a href=""https://m.stock.naver.com/domestic/stock/215100/total"" target=""_blank"">Naver</a>"
056090,시지메드텍,74.52682076822548,74.24598134428147,82.3502803660806,74.14413198160972,39.5449734395094,,"<a href=""https://m.stock.naver.com/domestic/stock/056090/total"" target=""_blank"">Naver</a>"
048430,유라테크,74.4171071971402,84.87464817891973,43.8134193336918,81.55710179913126,87.66506552904596,,"<a href=""https://m.stock.naver.com/domestic/stock/048430/total"" target=""_blank"">Naver</a>"
071670,에이테크솔루션,74.38930535182745,85.41346881277629,51.243833696671,64.33433560026786,77.93664159934282,,"<a href=""https://m.stock.naver.com/domestic/stock/071670/total"" target=""_blank"">Naver</a>"
101160,월덱스,74.35335666767591,65.68304451696464,88.95874735700329,99.16583674716043,55.74518887060529,,"<a href=""https://m.stock.naver.com/domestic/stock/101160/total"" target=""_blank"">Naver</a>"
078070,유비쿼스홀딩스,74.31179653899949,69.95294829949981,79.71033443131537,99.61756894169206,49.013741146031194,,"<a href=""https://m.stock.naver.com/domestic/stock/078070/total"" target=""_blank"">Naver</a>"
267980,매일유업,74.2982001858051,79.8341415675132,49.69985376193025,95.8495609885727,87.75591411914698,,"<a href=""https://m.stock.naver.com/domestic/stock/267980/total"" target=""_blank"">Naver</a>"
033500,동성화인텍,74.28874263696439,81.40590269602922,55.630386698132675,79.11652221981026,72.51904245665331,,"<a href=""https://m.stock.naver.com/domestic/stock/033500/total"" target=""_blank"">Naver</a>"
203650,드림시큐리티,74.2728880059942,81.65879143547711,69.50430417215756,42.54409534796045,72.94255133745034,,"<a href=""https://m.stock.naver.com/domestic/stock/203650/total"" target=""_blank"">Naver</a>"
033320,제이씨현시스템,74.22261692445286,86.58947792729747,44.42402567313838,74.06541755530537,75.12763988518519,,"<a href=""https://m.stock.naver.com/domestic/stock/033320/total"" target=""_blank"">Naver</a>"
024840,KBI메탈,74.21365861213422,83.80698177190689,50.777895357685644,67.26421923335721,90.17147572465919,,"<a href=""https://m.stock.naver.com/domestic/stock/024840/total"" target=""_blank"">Naver</a>"
060380,동양에스텍,74.14648206808253,79.67391884215566,54.98265264049811,87.27568499669974,77.37798205989264,,"<a href=""https://m.stock.naver.com/domestic/stock/060380/total"" target=""_blank"">Naver</a>"
045510,정원엔시스,74.07205830751307,83.33934287735086,46.89777692936267,81.41876127954352,84.04264441615081,,"<a href=""https://m.stock.naver.com/domestic/stock/045510/total"" target=""_blank"">Naver</a>"
015750,성우하이텍,73.96977976438633,83.6948420560232,51.63157138027663,68.58963762444992,79.72035846516525,,"<a href=""https://m.stock.naver.com/domestic/stock/015750/total"" target=""_blank"">Naver</a>"
950190,고스트스튜디오,73.88477670778383,59.2668629794207,96.22340324445129,99.86746817877554,85.64122582282073,,"<a href=""https://m.stock.naver.com/domestic/stock/950190/total"" target=""_blank"">Naver</a>"
368770,파이버프로,73.78162577121762,88.91086891524742,33.01456400704436,99.26249823396941,45.10427193822272,,"<a href=""https://m.stock.naver.com/domestic/stock/368770/total"" target=""_blank"">Naver</a>"
039830,오로라,73.75214776784027,85.57258686803674,61.571019003468244,48.50194957287142,43.31291877728073,,"<a href=""https://m.stock.naver.com/domestic/stock/039830/total"" target=""_blank"">Naver</a>"
189690,포시에스,73.75145479083525,64.80165553809503,86.1418469087165,99.87812409079126,66.94374663439973,,"<a href=""https://m.stock.naver.com/domestic/stock/189690/total"" target=""_blank"">Naver</a>"
099440,스맥,73.5435348494726,76.79943732970384,70.11502915439111,75.83050347309296,47.041296314864354,,"<a href=""https://m.stock.naver.com/domestic/stock/099440/total"" target=""_blank"">Naver</a>"
036640,HRS,73.48719257704231,69.20572502461208,76.48453970265668,99.74958529148435,57.353282149249274,,"<a href=""https://m.stock.naver.com/domestic/stock/036640/total"" target=""_blank"">Naver</a>"
148780,비큐AI,73.4304529273563,85.97434448345454,40.122902373182605,74.13811525558178,88.02618236859489,,"<a href=""https://m.stock.naver.com/domestic/stock/148780/total"" target=""_blank"">Naver</a>"
079960,동양이엔피,73.29636301319927,75.75678992864759,58.72721323781216,87.54467354220331,88.12036784674697,,"<a href=""https://m.stock.naver.com/domestic/stock/079960/total"" target=""_blank"">Naver</a>"
900340,윙입푸드,73.25694208470632,68.02924682606182,73.1294556018983,99.33671974718906,84.46716227751492,,"<a href=""https://m.stock.naver.com/domestic/stock/900340/total"" target=""_blank"">Naver</a>"
053450,세코닉스,73.17241071453749,87.2748772945907,44.267547570809405,54.67602694437902,85.45989501285638,,"<a href=""https://m.stock.naver.com/domestic/stock/053450/total"" target=""_blank"">Naver</a>"
109960,AP헬스케어,72.89290818569262,96.54287907211933,25.232863265696825,70.95658055027724,31.266137419381575,,"<a href=""https://m.stock.naver.com/domestic/stock/109960/total"" target=""_blank"">Naver</a>"
264450,유비쿼스,72.81765665946645,65.49812676256943,83.34739171646557,99.23729748859225,55.16405847898351,,"<a href=""https://m.stock.naver.com/domestic/stock/264450/total"" target=""_blank"">Naver</a>"
140520,대창스틸,72.75880083931753,68.27111949640614,77.27499823218828,88.18790153716463,73.17178859420629,,"<a href=""https://m.stock.naver.com/domestic/stock/140520/total"" target=""_blank"">Naver</a>"
045060,오공,72.7493900872657,72.6547981749279,59.61193239780973,99.3311820425798,86.40819757197085,,"<a href=""https://m.stock.naver.com/domestic/stock/045060/total"" target=""_blank"">Naver</a>"
312610,에이에프더블류,72.66504346623275,100.0,23.399652045531315,49.88260438883114,36.53740031933604,,"<a href=""https://m.stock.naver.com/domestic/stock/312610/total"" target=""_blank"">Naver</a>"
122870,와이지엔터테인먼트,72.65591134625315,68.13480748841896,71.89266045874044,96.03597832576281,83.96527811880766,,"<a href=""https://m.stock.naver.com/domestic/stock/122870/total"" target=""_blank"">Naver</a>"
010280,아이티센엔텍,72.61281984406526,72.46163560338873,67.01803434067479,76.23121699589635,95.16416394547373,,"<a href=""https://m.stock.naver.com/domestic/stock/010280/total"" target=""_blank"">Naver</a>"
005990,매일홀딩스,72.59991725207819,77.59482383234304,48.1364527304213,95.41581601554361,89.3465633702537,,"<a href=""https://m.stock.naver.com/domestic/stock/005990/total"" target=""_blank"">Naver</a>"
033830,티비씨,72.55768678047328,71.89896095037415,67.6753585172464,99.8853479778675,50.21871566300885,,"<a href=""https://m.stock.naver.com/domestic/stock/033830/total"" target=""_blank"">Naver</a>"
092730,네오팜,72.55649896414516,64.10144118815437,87.98864188174299,99.75239201679616,42.46469158274353,,"<a href=""https://m.stock.naver.com/domestic/stock/092730/total"" target=""_blank"">Naver</a>"
024940,PN풍년,72.52090355367507,76.28888273534706,53.52191991819429,99.65358374655068,68.03471116526363,,"<a href=""https://m.stock.naver.com/domestic/stock/024940/total"" target=""_blank"">Naver</a>"
086060,진바이오텍,72.4410924719493,78.43704078403063,51.9959457727546,87.93133825792786,71.73495465099006,,"<a href=""https://m.stock.naver.com/domestic/stock/086060/total"" target=""_blank"">Naver</a>"
013030,하이록코리아,72.40670614201701,65.74668834266207,84.31696365357978,99.79297713132542,38.00309019784571,,"<a href=""https://m.stock.naver.com/domestic/stock/013030/total"" target=""_blank"">Naver</a>"
110990,디아이티,72.40362849437852,73.92236787749862,65.34371517531959,90.493155758676,53.29926796363743,,"<a href=""https://m.stock.naver.com/domestic/stock/110990/total"" target=""_blank"">Naver</a>"
051490,나라엠앤디,72.37265690476328,76.96051928449413,60.576000868123536,80.47077487907512,60.10535258256806,,"<a href=""https://m.stock.naver.com/domestic/stock/051490/total"" target=""_blank"">Naver</a>"
037460,삼지전자,72.28594235420391,73.64928072306122,61.83143280543218,81.80517983555497,89.15995470907248,,"<a href=""https://m.stock.naver.com/domestic/stock/037460/total"" target=""_blank"">Naver</a>"
099750,이지케어텍,72.22636437689243,77.2069482352248,47.72671005803402,91.42990942023728,96.55053958450665,,"<a href=""https://m.stock.naver.com/domestic/stock/099750/total"" target=""_blank"">Naver</a>"
068930,디지털대성,72.18299383217831,66.10316186767768,77.42893873782164,86.40801038725564,90.46121976781461,,"<a href=""https://m.stock.naver.com/domestic/stock/068930/total"" target=""_blank"">Naver</a>"
025770,한국정보통신,72.06965775533277,72.95021462598804,57.90312189024516,96.26999224671447,83.93498565014436,,"<a href=""https://m.stock.naver.com/domestic/stock/025770/total"" target=""_blank"">Naver</a>"
011370,서한,71.94067168702662,73.0878572380026,69.87596418966622,84.578218395786,43.22288914459813,,"<a href=""https://m.stock.naver.com/domestic/stock/011370/total"" target=""_blank"">Naver</a>"
067920,이글루,71.93382096540479,68.08509569297,67.07687819243483,96.67321450248407,92.92445102531337,,"<a href=""https://m.stock.naver.com/domestic/stock/067920/total"" target=""_blank"">Naver</a>"
353810,이지바이오,71.93028683244596,71.95612449007972,73.36854166011182,73.23987255568143,61.80978935604056,,"<a href=""https://m.stock.naver.com/domestic/stock/353810/total"" target=""_blank"">Naver</a>"
317870,엔바이오니아,71.7806647766523,87.42438426967082,37.81073026746439,71.97641948668141,53.51419398631159,,"<a href=""https://m.stock.naver.com/domestic/stock/317870/total"" target=""_blank"">Naver</a>"
086710,선진뷰티사이언스,71.76352212573363,65.25505027827033,88.62918581623414,79.04358253630019,50.97674502165733,,"<a href=""https://m.stock.naver.com/domestic/stock/086710/total"" target=""_blank"">Naver</a>"
054050,농우바이오,71.71786212707042,74.80819736465241,61.15383285161172,99.42525229123729,32.039205325046225,,"<a href=""https://m.stock.naver.com/domestic/stock/054050/total"" target=""_blank"">Naver</a>"
900270,헝셩그룹,71.69775028176966,81.14172992119506,44.32338498888649,94.72039856746338,49.196524501693006,,"<a href=""https://m.stock.naver.com/domestic/stock/900270/total"" target=""_blank"">Naver</a>"
053300,한국정보인증,71.61500272805642,70.43741541150054,71.9903840952631,92.34795776255065,42.403233621705255,,"<a href=""https://m.stock.naver.com/domestic/stock/053300/total"" target=""_blank"">Naver</a>"
036190,금화피에스시,71.58895879975373,67.80455549578876,71.55725599163107,99.28925708110765,61.75971592523861,,"<a href=""https://m.stock.naver.com/domestic/stock/036190/total"" target=""_blank"">Naver</a>"
115310,인포바인,71.53872802725846,62.53547760028611,85.8815681674493,98.14709650595962,54.64679549257027,,"<a href=""https://m.stock.naver.com/domestic/stock/115310/total"" target=""_blank"">Naver</a>"
226400,오스테오닉,71.37667679195829,76.92500194285475,64.4732914369504,77.17286917844834,27.721316983260067,,"<a href=""https://m.stock.naver.com/domestic/stock/226400/total"" target=""_blank"">Naver</a>"
033230,인성정보,71.32904256281152,86.17693722760107,42.88336238559589,55.27589960858482,67.48899337986849,,"<a href=""https://m.stock.naver.com/domestic/stock/033230/total"" target=""_blank"">Naver</a>"
113810,디젠스,71.2844483051937,88.29800219510993,30.511224761092464,65.30675107953113,82.94331379803037,,"<a href=""https://m.stock.naver.com/domestic/stock/113810/total"" target=""_blank"">Naver</a>"
072870,메가스터디,71.25593100953388,68.01113650659637,73.73651295552169,82.43077308484456,75.44087116422357,,"<a href=""https://m.stock.naver.com/domestic/stock/072870/total"" target=""_blank"">Naver</a>"
251970,펌텍코리아,71.20487787748141,67.03210106269965,68.24130832694622,99.12414319043228,80.25751678163658,,"<a href=""https://m.stock.naver.com/domestic/stock/251970/total"" target=""_blank"">Naver</a>"
011320,유니크,71.15414794859592,79.55944251822176,47.18921638129367,75.09303890962943,82.23748902753002,,"<a href=""https://m.stock.naver.com/domestic/stock/011320/total"" target=""_blank"">Naver</a>"
112040,위메이드,71.10618082449051,100.0,18.33382724810641,31.023443332495376,68.40759358428744,,"<a href=""https://m.stock.naver.com/domestic/stock/112040/total"" target=""_blank"">Naver</a>"
336570,원텍,70.94966616225442,61.20506962575937,88.09940560315847,98.04573061562166,47.943998488940274,,"<a href=""https://m.stock.naver.com/domestic/stock/336570/total"" target=""_blank"">Naver</a>"
042500,링네트,70.94855507839964,67.49134060148474,68.65482668177067,97.1989603179528,71.40296030541711,,"<a href=""https://m.stock.naver.com/domestic/stock/042500/total"" target=""_blank"">Naver</a>"
067160,SOOP,70.70641684126541,57.63331014195071,95.3063923331844,92.2126816885159,61.57129007894583,,"<a href=""https://m.stock.naver.com/domestic/stock/067160/total"" target=""_blank"">Naver</a>"
267790,배럴,70.69670240503083,97.32442893087591,10.37153847434204,71.8993388122883,50.38453093381922,,"<a href=""https://m.stock.naver.com/domestic/stock/267790/total"" target=""_blank"">Naver</a>"
037400,우리엔터프라이즈,70.66308650478652,74.20042846265314,53.520102810618575,82.90025513863166,89.4555642135368,,"<a href=""https://m.stock.naver.com/domestic/stock/037400/total"" target=""_blank"">Naver</a>"
008470,부스타,70.54342957722025,81.40747544953977,40.727985002057856,74.38662242064757,81.56571629834329,,"<a href=""https://m.stock.naver.com/domestic/stock/008470/total"" target=""_blank"">Naver</a>"
201490,미투온,70.42230004281892,57.67200558425458,87.1023370996373,99.6586629420657,81.55292246300553,,"<a href=""https://m.stock.naver.com/domestic/stock/201490/total"" target=""_blank"">Naver</a>"
160550,NEW,70.24635881150698,84.59079515934741,28.54203559658554,81.40722547903529,84.31300537697231,,"<a href=""https://m.stock.naver.com/domestic/stock/160550/total"" target=""_blank"">Naver</a>"
069510,에스텍,70.21721325956032,72.57635965998065,51.776711974349745,94.89457311430293,84.755243171084,,"<a href=""https://m.stock.naver.com/domestic/stock/069510/total"" target=""_blank"">Naver</a>"
023410,유진기업,70.15445358706747,78.6286137140698,51.636192791729194,62.289296304144486,76.78615060557698,,"<a href=""https://m.stock.naver.com/domestic/stock/023410/total"" target=""_blank"">Naver</a>"
306620,네온테크,70.1024609276166,99.61658635549536,16.504025558399714,44.93553500786434,34.25898447866052,,"<a href=""https://m.stock.naver.com/domestic/stock/306620/total"" target=""_blank"">Naver</a>"
023160,태광,70.0941371553561,65.39452587930768,77.89648448103493,95.22112656644276,37.223757017369365,,"<a href=""https://m.stock.naver.com/domestic/stock/023160/total"" target=""_blank"">Naver</a>"
044180,KD,70.075972591795,94.7018980841989,25.309649854961,48.81315912732735,40.92210729605336,,"<a href=""https://m.stock.naver.com/domestic/stock/044180/total"" target=""_blank"">Naver</a>"
036090,위지트,69.99159764140151,65.39593116974488,79.67697033784977,74.64035330804923,67.41522048574431,,"<a href=""https://m.stock.naver.com/domestic/stock/036090/total"" target=""_blank"">Naver</a>"
003100,선광,69.94388650539325,67.64768397991821,70.02080674647513,81.38084752876934,74.23979355893215,,"<a href=""https://m.stock.naver.com/domestic/stock/003100/total"" target=""_blank"">Naver</a>"
104620,노랑풍선,69.80371291532832,100.0,19.845712842428753,19.67709365917936,57.49150677606392,,"<a href=""https://m.stock.naver.com/domestic/stock/104620/total"" target=""_blank"">Naver</a>"
158430,아톤,69.54677796271307,57.32809736835253,93.51152026148725,83.91129218753353,67.61820515152785,,"<a href=""https://m.stock.naver.com/domestic/stock/158430/total"" target=""_blank"">Naver</a>"
258790,소프트캠프,69.27008549535853,71.918070175248,60.19304839745584,76.94137668862803,67.53687243965902,,"<a href=""https://m.stock.naver.com/domestic/stock/258790/total"" target=""_blank"">Naver</a>"
045390,대아티아이,69.26478170375722,67.63399756360141,63.91930314570513,86.44192544115322,81.20729670109554,,"<a href=""https://m.stock.naver.com/domestic/stock/045390/total"" target=""_blank"">Naver</a>"
082850,우리바이오,69.01799889258055,71.09121448122133,55.44095690026118,80.25705476325894,89.54651004913138,,"<a href=""https://m.stock.naver.com/domestic/stock/082850/total"" target=""_blank"">Naver</a>"
039310,세중,69.00300231813239,79.91253706730748,43.19789098761529,67.53573392310477,70.04867877067197,,"<a href=""https://m.stock.naver.com/domestic/stock/039310/total"" target=""_blank"">Naver</a>"
950130,엑세스바이오,68.86784162224019,49.67056411223624,100.0,99.564232851313,82.18159739534292,,"<a href=""https://m.stock.naver.com/domestic/stock/950130/total"" target=""_blank"">Naver</a>"
038950,파인디지털,68.72148901928809,82.98156424877031,29.812674353043715,74.70650216348149,80.17463330833633,,"<a href=""https://m.stock.naver.com/domestic/stock/038950/total"" target=""_blank"">Naver</a>"
200780,비씨월드제약,68.38108399378977,82.97265584175231,46.50338751296317,46.26065725426714,46.91155770141762,,"<a href=""https://m.stock.naver.com/domestic/stock/200780/total"" target=""_blank"">Naver</a>"
058470,리노공업,68.29055500674028,50.0,97.7296295138673,99.8058301820059,77.55129220145737,,"<a href=""https://m.stock.naver.com/domestic/stock/058470/total"" target=""_blank"">Naver</a>"
095270,웨이브일렉트로,68.2292313613176,94.05353655109589,8.813184853736411,72.69355777839588,46.48914878772761,,"<a href=""https://m.stock.naver.com/domestic/stock/095270/total"" target=""_blank"">Naver</a>"
065150,대산F&B,68.2003055521223,82.06779569657947,34.45963559517398,58.035255757289285,90.82387319304404,,"<a href=""https://m.stock.naver.com/domestic/stock/065150/total"" target=""_blank"">Naver</a>"
003800,에이스침대,68.19076192465957,57.701820065077925,81.33594702136047,98.97154974243716,66.7705631205796,,"<a href=""https://m.stock.naver.com/domestic/stock/003800/total"" target=""_blank"">Naver</a>"
057030,YBM넷,68.1731945567223,58.082822432843464,78.66056948429888,92.38046649986237,88.40624151910514,,"<a href=""https://m.stock.naver.com/domestic/stock/057030/total"" target=""_blank"">Naver</a>"
307750,국전약품,68.08716423413738,71.3950892286406,64.32799539280263,63.52682375534559,56.30858946435604,,"<a href=""https://m.stock.naver.com/domestic/stock/307750/total"" target=""_blank"">Naver</a>"
256840,한국비엔씨,68.02837718458824,97.82492299545163,2.246654272836311,67.24727103424644,40.940654313670734,,"<a href=""https://m.stock.naver.com/domestic/stock/256840/total"" target=""_blank"">Naver</a>"
080530,코디,68.02561227688138,94.05367157302135,4.375122863443818,65.42327692091683,79.14601850231867,,"<a href=""https://m.stock.naver.com/domestic/stock/080530/total"" target=""_blank"">Naver</a>"
310200,애니플러스,67.93769468902005,66.66666666666667,63.80020144825726,78.64473168057897,82.46342317795656,,"<a href=""https://m.stock.naver.com/domestic/stock/310200/total"" target=""_blank"">Naver</a>"
031510,오스템,67.91794622418661,84.32013396012432,27.109454915973867,71.16006621052962,68.64990996131169,,"<a href=""https://m.stock.naver.com/domestic/stock/031510/total"" target=""_blank"">Naver</a>"
101490,에스앤에스텍,67.88683655819139,60.53269272123662,73.86211936054724,99.60526206523642,62.82329757577952,,"<a href=""https://m.stock.naver.com/domestic/stock/101490/total"" target=""_blank"">Naver</a>"
016670,디모아,67.87032005587622,83.34078083247368,23.540986461065376,86.77401353738924,66.06407174773469,,"<a href=""https://m.stock.naver.com/domestic/stock/016670/total"" target=""_blank"">Naver</a>"
178780,일월지엠엘,67.8489317708874,97.09224769959523,0.0,64.65335484925369,62.56495332409805,,"<a href=""https://m.stock.naver.com/domestic/stock/178780/total"" target=""_blank"">Naver</a>"
005160,동국산업,67.81682426932022,78.39962665831018,41.989149605475205,67.63910733302853,70.31700279324917,,"<a href=""https://m.stock.naver.com/domestic/stock/005160/total"" target=""_blank"">Naver</a>"
023600,삼보판지,67.79460825878711,58.72688247096818,74.77352866702384,99.36349294214376,78.57494630471744,,"<a href=""https://m.stock.naver.com/domestic/stock/023600/total"" target=""_blank"">Naver</a>"
104460,디와이피엔에프,67.77368214398321,90.72619114187437,15.381782677526912,57.852234037142054,74.14596771525314,,"<a href=""https://m.stock.naver.com/domestic/stock/104460/total"" target=""_blank"">Naver</a>"
204270,제이앤티씨,67.76465743893358,100.0,0.4096908796733856,46.412695982244564,60.41930241581557,,"<a href=""https://m.stock.naver.com/domestic/stock/204270/total"" target=""_blank"">Naver</a>"
273640,와이엠텍,67.66541613292334,50.0,96.44288359570795,99.81994071815957,71.45402324360799,,"<a href=""https://m.stock.naver.com/domestic/stock/273640/total"" target=""_blank"">Naver</a>"
005860,한일사료,67.66448044155446,81.73422444694951,28.464397182464513,72.3019091669301,85.55311122151217,,"<a href=""https://m.stock.naver.com/domestic/stock/005860/total"" target=""_blank"">Naver</a>"
024810,이화전기,67.6533688371194,91.38308442582347,14.14470993768365,73.20746852792172,39.33187688824488,,"<a href=""https://m.stock.naver.com/domestic/stock/024810/total"" target=""_blank"">Naver</a>"
086960,MDS테크,67.58691065878249,75.16026501169587,40.77511169010569,85.27890986472728,75.38165485531631,,"<a href=""https://m.stock.naver.com/domestic/stock/086960/total"" target=""_blank"">Naver</a>"
075130,플랜티넷,67.50544923607028,72.07384653256797,45.479614202590085,99.52007068804552,58.784613941548486,,"<a href=""https://m.stock.naver.com/domestic/stock/075130/total"" target=""_blank"">Naver</a>"
246250,에스엘에스바이오,67.5051991373948,50.0,96.89486333905717,96.81002970520277,72.00960664220472,,"<a href=""https://m.stock.naver.com/domestic/stock/246250/total"" target=""_blank"">Naver</a>"
335890,비올,67.45856115950866,50.0,99.8216976878876,99.64037954521311,50.78197566030883,,"<a href=""https://m.stock.naver.com/domestic/stock/335890/total"" target=""_blank"">Naver</a>"
064760,티씨케이,67.44409488444825,50.0,97.42625478941932,99.61817318668808,62.51427736849211,,"<a href=""https://m.stock.naver.com/domestic/stock/064760/total"" target=""_blank"">Naver</a>"
319400,현대무벡스,67.36488164336735,66.28683044178472,56.18618220893154,93.28669186217068,84.35137279693136,,"<a href=""https://m.stock.naver.com/domestic/stock/319400/total"" target=""_blank"">Naver</a>"
191410,육일씨엔에쓰,67.36177541649798,75.3105093530276,46.708169531807414,67.47961473000889,75.00931897457363,,"<a href=""https://m.stock.naver.com/domestic/stock/191410/total"" target=""_blank"">Naver</a>"
032680,소프트센,67.30591715167462,50.000017266135195,92.92604317391005,97.37716508118507,86.7335898079498,,"<a href=""https://m.stock.naver.com/domestic/stock/032680/total"" target=""_blank"">Naver</a>"
403870,HPSP,67.29386724104226,50.0,100.0,99.16115599486803,47.55503283110912,,"<a href=""https://m.stock.naver.com/domestic/stock/403870/total"" target=""_blank"">Naver</a>"
033540,파라텍,67.26868344531368,83.92343713324334,25.631604783373813,62.63397122685153,84.86645693678152,,"<a href=""https://m.stock.naver.com/domestic/stock/033540/total"" target=""_blank"">Naver</a>"
054540,삼영엠텍,67.20853028784714,86.14564258219953,21.516602423793916,69.37756889963663,64.08474485230552,,"<a href=""https://m.stock.naver.com/domestic/stock/054540/total"" target=""_blank"">Naver</a>"
199730,바이오인프라,67.05215329054423,50.0,92.03891520558393,95.1255940943284,90.59730159430828,,"<a href=""https://m.stock.naver.com/domestic/stock/199730/total"" target=""_blank"">Naver</a>"
366030,공구우먼,66.97152614178495,50.0,91.12899289070141,99.8355433706694,84.11447164085321,,"<a href=""https://m.stock.naver.com/domestic/stock/366030/total"" target=""_blank"">Naver</a>"
080520,오디텍,66.90424062959127,79.25263387898511,37.47412567966405,74.72679517576556,50.22898729415298,,"<a href=""https://m.stock.naver.com/domestic/stock/080520/total"" target=""_blank"">Naver</a>"
027580,상보,66.89841091019933,65.03429765435534,68.50093623603867,80.00065612616001,55.05065291920914,,"<a href=""https://m.stock.naver.com/domestic/stock/027580/total"" target=""_blank"">Naver</a>"
033130,디지틀조선,66.82440039033868,65.24365128855383,58.89702299317772,99.71283297038275,59.65341143747355,,"<a href=""https://m.stock.naver.com/domestic/stock/033130/total"" target=""_blank"">Naver</a>"
353190,휴럼,66.67014216813405,81.76707748336149,29.054338215679554,66.97163955535123,72.98294337324282,,"<a href=""https://m.stock.naver.com/domestic/stock/353190/total"" target=""_blank"">Naver</a>"
179290,엠아이텍,66.6310817291415,50.0,97.63946660982532,99.68579236126345,45.05271681117645,,"<a href=""https://m.stock.naver.com/domestic/stock/179290/total"" target=""_blank"">Naver</a>"
204620,글로벌텍스프리,66.61339858279177,86.65009241341595,15.883981719958575,82.20745495322097,48.6320441886093,,"<a href=""https://m.stock.naver.com/domestic/stock/204620/total"" target=""_blank"">Naver</a>"
065500,오리엔트정공,66.59622971422716,85.31197815684092,21.76622448706267,56.273782632453475,86.80216870223201,,"<a href=""https://m.stock.naver.com/domestic/stock/065500/total"" target=""_blank"">Naver</a>"
035600,KG이니시스,66.5271560434732,67.55283841947725,57.80761276435527,73.35958343580059,84.15182914235933,,"<a href=""https://m.stock.naver.com/domestic/stock/035600/total"" target=""_blank"">Naver</a>"
222980,한국맥널티,66.43782219680307,85.83403618644451,22.534558646322235,60.160734495853845,65.75374747540837,,"<a href=""https://m.stock.naver.com/domestic/stock/222980/total"" target=""_blank"">Naver</a>"
153460,네이블,66.43038942134629,50.0,89.5049604707533,99.69360389918815,81.6957782747828,,"<a href=""https://m.stock.naver.com/domestic/stock/153460/total"" target=""_blank"">Naver</a>"
054950,제이브이엠,66.4233968245937,57.55409853252795,75.89147234512333,96.54085592980522,65.27968051631126,,"<a href=""https://m.stock.naver.com/domestic/stock/054950/total"" target=""_blank"">Naver</a>"
353590,오토앤,66.40186573562367,83.32155072999255,30.313102614643537,61.73077182968338,53.15164921997855,,"<a href=""https://m.stock.naver.com/domestic/stock/353590/total"" target=""_blank"">Naver</a>"
252990,샘씨엔에스,66.25826356531722,50.0,92.25638119981188,96.58430055983298,70.71476418761894,,"<a href=""https://m.stock.naver.com/domestic/stock/252990/total"" target=""_blank"">Naver</a>"
377450,리파인,66.23265017707467,50.0,91.79009773006953,99.77056576807135,66.16138335500321,,"<a href=""https://m.stock.naver.com/domestic/stock/377450/total"" target=""_blank"">Naver</a>"
035810,이지홀딩스,66.07628806949423,69.28696020016635,53.18552643120939,69.38289196866651,85.38882289450852,,"<a href=""https://m.stock.naver.com/domestic/stock/035810/total"" target=""_blank"">Naver</a>"
376300,디어유,66.05452922925366,50.0,91.07328856539175,99.79968570021956,66.12477035767543,,"<a href=""https://m.stock.naver.com/domestic/stock/376300/total"" target=""_blank"">Naver</a>"
225220,제놀루션,66.04391989180516,50.0,93.61285386652985,99.47847979555456,53.857168912344946,,"<a href=""https://m.stock.naver.com/domestic/stock/225220/total"" target=""_blank"">Naver</a>"
021080,에이티넘인베스트,66.01793048411392,50.0,94.2502295590124,98.98493996468886,51.13758195783862,,"<a href=""https://m.stock.naver.com/domestic/stock/021080/total"" target=""_blank"">Naver</a>"
131400,이브이첨단소재,65.97524733367136,80.73712711759735,26.104910257660112,74.6817900868858,70.77128980018679,,"<a href=""https://m.stock.naver.com/domestic/stock/131400/total"" target=""_blank"">Naver</a>"
111710,남화산업,65.85400219907132,50.0,91.50005341674982,99.78988844883848,60.0,,"<a href=""https://m.stock.naver.com/domestic/stock/111710/total"" target=""_blank"">Naver</a>"
051980,중앙첨단소재,65.78715542884555,66.66666666666667,66.66666666666667,71.10397826662454,40.20181871032861,,"<a href=""https://m.stock.naver.com/domestic/stock/051980/total"" target=""_blank"">Naver</a>"
087260,모바일어플라이언스,65.77663725021179,71.25455088015187,49.73795619043319,68.67122747788181,74.445898534484,,"<a href=""https://m.stock.naver.com/domestic/stock/087260/total"" target=""_blank"">Naver</a>"
382800,지앤비에스 에코,65.68874706379577,50.0,93.03572284782808,96.07155115393718,56.45322472890069,,"<a href=""https://m.stock.naver.com/domestic/stock/382800/total"" target=""_blank"">Naver</a>"
072470,우리산업홀딩스,65.61924429658161,85.23111109257854,19.866995890030317,56.12862550840108,78.01932235373592,,"<a href=""https://m.stock.naver.com/domestic/stock/072470/total"" target=""_blank"">Naver</a>"
215200,메가스터디교육,65.53879771776917,54.77347810137447,83.36564949126193,73.7883146587703,89.08934036503963,,"<a href=""https://m.stock.naver.com/domestic/stock/215200/total"" target=""_blank"">Naver</a>"
174880,장원테크,65.50165300941373,86.20475358000614,9.398986267333298,74.50578757067065,79.56951075019325,,"<a href=""https://m.stock.naver.com/domestic/stock/174880/total"" target=""_blank"">Naver</a>"
314930,바이오다인,65.49134968923758,50.0,91.80476209516956,99.92892702483952,50.94532925922456,,"<a href=""https://m.stock.naver.com/domestic/stock/314930/total"" target=""_blank"">Naver</a>"
260930,씨티케이,65.42402888683435,90.78086377810969,0.0,72.10381907776322,74.90257424384427,,"<a href=""https://m.stock.naver.com/domestic/stock/260930/total"" target=""_blank"">Naver</a>"
080160,모두투어,65.40575720176177,97.32591782481484,0.0,35.981860098631266,68.24040994019506,,"<a href=""https://m.stock.naver.com/domestic/stock/080160/total"" target=""_blank"">Naver</a>"
047820,초록뱀미디어,65.37364097505282,84.75481716832014,16.732971038318716,73.07282429263203,60.60450970435704,,"<a href=""https://m.stock.naver.com/domestic/stock/047820/total"" target=""_blank"">Naver</a>"
045340,토탈소프트,65.37247100526402,50.0,86.13371973471679,98.55439876283236,79.67202390603151,,"<a href=""https://m.stock.naver.com/domestic/stock/045340/total"" target=""_blank"">Naver</a>"
090150,아이윈,65.30934978215592,82.17588357260622,29.77050908304878,59.07205509344182,53.07973716971625,,"<a href=""https://m.stock.naver.com/domestic/stock/090150/total"" target=""_blank"">Naver</a>"
347890,엠투아이,65.29394298875398,50.0,91.42638983862959,99.78571381108927,49.17548295975327,,"<a href=""https://m.stock.naver.com/domestic/stock/347890/total"" target=""_blank"">Naver</a>"
230360,에코마케팅,65.27219565526248,50.94099286646542,85.20520468299975,98.1163171506542,71.89334099135743,,"<a href=""https://m.stock.naver.com/domestic/stock/230360/total"" target=""_blank"">Naver</a>"
225530,HC보광산업,65.23319707517355,53.06526961571126,83.08870698327598,97.90677985249266,56.623611493570664,,"<a href=""https://m.stock.naver.com/domestic/stock/225530/total"" target=""_blank"">Naver</a>"
038390,레드캡투어,65.17283913772697,64.53160861428834,71.6864097457377,50.4314284920673,69.78257367025601,,"<a href=""https://m.stock.naver.com/domestic/stock/038390/total"" target=""_blank"">Naver</a>"
109080,옵티시스,65.03830674552358,50.0,91.25589044840888,99.72278121828442,45.041120231858415,,"<a href=""https://m.stock.naver.com/domestic/stock/109080/total"" target=""_blank"">Naver</a>"
411080,샌즈랩,65.00986013863465,50.0,96.35175748439383,64.95095558824575,88.5365041742325,,"<a href=""https://m.stock.naver.com/domestic/stock/411080/total"" target=""_blank"">Naver</a>"
038060,루멘스,64.91932894090372,60.068947357407744,64.82730842677934,89.40129918614826,74.62007002298822,,"<a href=""https://m.stock.naver.com/domestic/stock/038060/total"" target=""_blank"">Naver</a>"
311320,지오엘리먼트,64.88554180415537,50.0,89.82757988708063,99.78338143235099,49.00617378300238,,"<a href=""https://m.stock.naver.com/domestic/stock/311320/total"" target=""_blank"">Naver</a>"
297090,씨에스베어링,64.78565394143591,93.69154800014189,0.0,65.70784811503508,39.9988065969455,,"<a href=""https://m.stock.naver.com/domestic/stock/297090/total"" target=""_blank"">Naver</a>"
170790,파이오링크,64.73417155553457,50.0,88.29781032642548,99.23596767944134,54.722444119681356,,"<a href=""https://m.stock.naver.com/domestic/stock/170790/total"" target=""_blank"">Naver</a>"
060260,뉴보텍,64.72227527748068,84.21250078057291,23.417364052500883,43.60585759466025,79.59696073091378,,"<a href=""https://m.stock.naver.com/domestic/stock/060260/total"" target=""_blank"">Naver</a>"
294570,쿠콘,64.71238810403328,61.02059192044218,67.67344745143467,79.51702678944417,64.59936819929764,,"<a href=""https://m.stock.naver.com/domestic/stock/294570/total"" target=""_blank"">Naver</a>"
042600,새로닉스,64.70192327272862,57.58843053892493,80.90153734598869,57.02297908102761,84.4236540954746,,"<a href=""https://m.stock.naver.com/domestic/stock/042600/total"" target=""_blank"">Naver</a>"
121850,코이즈,64.64852348375139,94.3260986237513,0.0,42.039281203276246,76.9787237834597,,"<a href=""https://m.stock.naver.com/domestic/stock/121850/total"" target=""_blank"">Naver</a>"
360070,탑머티리얼,64.57401933181036,50.0,82.59135456962116,99.34952878541412,79.82455621727325,,"<a href=""https://m.stock.naver.com/domestic/stock/360070/total"" target=""_blank"">Naver</a>"
089140,넥스턴바이오,64.56880017136108,81.18107352346895,29.26466969835821,50.95632603934136,68.96712057512042,,"<a href=""https://m.stock.naver.com/domestic/stock/089140/total"" target=""_blank"">Naver</a>"
036670,삼양케이씨아이,64.49721600869171,50.0,87.90703395480541,99.3648844401051,51.679381519597115,,"<a href=""https://m.stock.naver.com/domestic/stock/036670/total"" target=""_blank"">Naver</a>"
046120,오르비텍,64.46755673744158,85.49401119331112,16.113713940395144,67.2919879627701,48.27045480158222,,"<a href=""https://m.stock.naver.com/domestic/stock/046120/total"" target=""_blank"">Naver</a>"
232680,라온테크,64.46619930013901,50.0,85.61668236026065,97.18718783909733,66.86619852328226,,"<a href=""https://m.stock.naver.com/domestic/stock/232680/total"" target=""_blank"">Naver</a>"
068940,셀피글로벌,64.45491591499395,53.148598761497475,80.14253468171489,93.63096180704383,63.34053613924716,,"<a href=""https://m.stock.naver.com/domestic/stock/068940/total"" target=""_blank"">Naver</a>"
215360,우리산업,64.43388381417932,86.14200969905862,15.720455745689193,48.57277411114584,79.22573294414542,,"<a href=""https://m.stock.naver.com/domestic/stock/215360/total"" target=""_blank"">Naver</a>"
251120,바이오에프디엔씨,64.40061843401747,50.0,87.74034307828414,99.71410297869984,49.88244733152924,,"<a href=""https://m.stock.naver.com/domestic/stock/251120/total"" target=""_blank"">Naver</a>"
241840,에이스토리,64.39252635542333,60.2788872636651,62.705287635765956,87.1749095828658,76.62762259992414,,"<a href=""https://m.stock.naver.com/domestic/stock/241840/total"" target=""_blank"">Naver</a>"
047310,파워로직스,64.33681806818583,83.14537564383302,14.714612019433169,61.99345323329881,91.43188707395723,,"<a href=""https://m.stock.naver.com/domestic/stock/047310/total"" target=""_blank"">Naver</a>"
136540,윈스테크넷,64.2216348472904,49.23003746341294,84.8191935545179,99.72020834343233,70.13586292539858,,"<a href=""https://m.stock.naver.com/domestic/stock/136540/total"" target=""_blank"">Naver</a>"
028080,휴맥스홀딩스,64.20412030824225,84.16002489368644,21.62650066662084,48.971793311796745,68.0860174839101,,"<a href=""https://m.stock.naver.com/domestic/stock/028080/total"" target=""_blank"">Naver</a>"
040420,정상제이엘에스,64.20032419612691,50.893903523450994,80.52417839968217,90.37604539306517,89.9066588565852,,"<a href=""https://m.stock.naver.com/domestic/stock/040420/total"" target=""_blank"">Naver</a>"
147830,제룡산업,64.17366725159187,50.0,80.97493256611914,99.69102964169247,79.21662291785663,,"<a href=""https://m.stock.naver.com/domestic/stock/147830/total"" target=""_blank"">Naver</a>"
419080,엔젯,64.15203794846326,50.0,84.48963647392536,99.66207622025658,61.268424159125324,,"<a href=""https://m.stock.naver.com/domestic/stock/419080/total"" target=""_blank"">Naver</a>"
263770,유에스티,64.09884150653116,50.0,82.88920832301586,99.33553167428076,68.85972516698237,,"<a href=""https://m.stock.naver.com/domestic/stock/263770/total"" target=""_blank"">Naver</a>"
041930,동아화성,64.08963652136909,62.87779479585864,59.62827150489958,73.97217495149201,81.17348544959623,,"<a href=""https://m.stock.naver.com/domestic/stock/041930/total"" target=""_blank"">Naver</a>"
115160,휴맥스,63.99021969389204,84.21828278475935,21.38324553294936,49.1539216382125,63.9609295195567,,"<a href=""https://m.stock.naver.com/domestic/stock/115160/total"" target=""_blank"">Naver</a>"
344860,이노진,63.94591266350925,50.0,85.52625591988169,99.55330495408808,52.180363762600315,,"<a href=""https://m.stock.naver.com/domestic/stock/344860/total"" target=""_blank"">Naver</a>"
228670,레이,63.905979473146445,62.43681310108213,65.37540470062109,80.004871239564,41.99106626770997,,"<a href=""https://m.stock.naver.com/domestic/stock/228670/total"" target=""_blank"">Naver</a>"
107600,새빗켐,63.90519865897319,50.0,84.19608325286401,98.95292906327467,59.21769878859439,,"<a href=""https://m.stock.naver.com/domestic/stock/107600/total"" target=""_blank"">Naver</a>"
066590,우수AMS,63.86441418394524,82.86638070523956,22.68207619820704,37.01939627171144,95.44254168157212,,"<a href=""https://m.stock.naver.com/domestic/stock/066590/total"" target=""_blank"">Naver</a>"
053580,웹케시,63.7971663427917,50.0,82.3620459557616,91.84261657104602,80.44786393493376,,"<a href=""https://m.stock.naver.com/domestic/stock/053580/total"" target=""_blank"">Naver</a>"
052220,iMBC,63.78895833731518,61.33290508301584,53.474205986082325,98.99747590133939,74.4183240170231,,"<a href=""https://m.stock.naver.com/domestic/stock/052220/total"" target=""_blank"">Naver</a>"
033200,모아텍,63.744926997586745,76.90443209668099,25.94924926970869,74.72484435104003,72.84941974093948,,"<a href=""https://m.stock.naver.com/domestic/stock/033200/total"" target=""_blank"">Naver</a>"
054670,대한뉴팜,63.708897414918845,50.0,83.68289163955232,94.52988122478318,66.70372765104884,,"<a href=""https://m.stock.naver.com/domestic/stock/054670/total"" target=""_blank"">Naver</a>"
036620,감성코퍼레이션,63.685286412243,50.0,86.00275991508978,95.45325526255138,52.78541814430835,,"<a href=""https://m.stock.naver.com/domestic/stock/036620/total"" target=""_blank"">Naver</a>"
033100,제룡전기,63.67762150740387,50.0,85.46186886022014,97.68480515517768,50.87347553662134,,"<a href=""https://m.stock.naver.com/domestic/stock/033100/total"" target=""_blank"">Naver</a>"
260970,에스앤디,63.665867369511155,50.0,78.97635290813967,99.51249570245488,79.41059144461494,,"<a href=""https://m.stock.naver.com/domestic/stock/260970/total"" target=""_blank"">Naver</a>"
043910,자연과환경,63.66154934234314,69.28370666297047,44.481090796202636,72.3641293641451,74.69279418191383,,"<a href=""https://m.stock.naver.com/domestic/stock/043910/total"" target=""_blank"">Naver</a>"
900250,크리스탈신소재,63.6513651077228,51.35561947156765,80.12075637697227,99.82364919298796,56.50878822480704,,"<a href=""https://m.stock.naver.com/domestic/stock/900250/total"" target=""_blank"">Naver</a>"
023910,대한약품,63.6483017183358,50.0,80.00746925322687,99.42788081845788,74.07292646366585,,"<a href=""https://m.stock.naver.com/domestic/stock/023910/total"" target=""_blank"">Naver</a>"
131370,알서포트,63.64647574707095,57.157422703866274,68.02507477608815,88.06901211680675,70.77704438096946,,"<a href=""https://m.stock.naver.com/domestic/stock/131370/total"" target=""_blank"">Naver</a>"
336060,웨이버스,63.62955186175802,74.10395511443988,18.990428347475685,99.08907234051684,90.2132894434697,,"<a href=""https://m.stock.naver.com/domestic/stock/336060/total"" target=""_blank"">Naver</a>"
010470,오리콤,63.58300552552434,57.04771390662554,64.99750783986877,89.4385517524019,83.22290092683261,,"<a href=""https://m.stock.naver.com/domestic/stock/010470/total"" target=""_blank"">Naver</a>"
134060,이퓨쳐,63.425189942177205,50.0,85.71029303774564,99.68238611437874,40.587561426058365,,"<a href=""https://m.stock.naver.com/domestic/stock/134060/total"" target=""_blank"">Naver</a>"
213420,덕산네오룩스,63.3645426958803,46.930183285268704,87.82889928047776,99.64021837072451,65.70372135054384,,"<a href=""https://m.stock.naver.com/domestic/stock/213420/total"" target=""_blank"">Naver</a>"
032940,원익,63.356412966670085,55.03893605172681,79.48004907783239,74.0450146998316,61.17075192385481,,"<a href=""https://m.stock.naver.com/domestic/stock/032940/total"" target=""_blank"">Naver</a>"
086450,동국제약,63.29243953815499,57.207450057769755,69.99041693792553,88.6698282794859,52.06764882126334,,"<a href=""https://m.stock.naver.com/domestic/stock/086450/total"" target=""_blank"">Naver</a>"
039340,한국경제TV,63.24811266368012,52.206086089683964,73.47070264273164,99.61302763968362,71.90965170436934,,"<a href=""https://m.stock.naver.com/domestic/stock/039340/total"" target=""_blank"">Naver</a>"
205470,휴마시스,63.176282301605255,40.026751630522966,100.0,99.50584865107662,84.19292916367631,,"<a href=""https://m.stock.naver.com/domestic/stock/205470/total"" target=""_blank"">Naver</a>"
234340,헥토파이낸셜,63.168767609744876,59.40190026873021,69.50939972074484,67.56745475329973,67.87064085981135,,"<a href=""https://m.stock.naver.com/domestic/stock/234340/total"" target=""_blank"">Naver</a>"
014570,고려제약,63.14181403713194,50.0,82.74581417960046,99.71067701004633,49.68585582454374,,"<a href=""https://m.stock.naver.com/domestic/stock/014570/total"" target=""_blank"">Naver</a>"
108380,대양전기공업,63.12369969839251,80.42802521668727,17.772715157102695,73.71324377098462,61.04762804012028,,"<a href=""https://m.stock.naver.com/domestic/stock/108380/total"" target=""_blank"">Naver</a>"
200670,휴메딕스,63.10432361763255,50.0,86.9681147536141,85.30819874525453,56.62950109407151,,"<a href=""https://m.stock.naver.com/domestic/stock/200670/total"" target=""_blank"">Naver</a>"
078590,휴림에이텍,63.10408557770576,50.0,84.02314102582393,74.97834328886547,92.00931984726462,,"<a href=""https://m.stock.naver.com/domestic/stock/078590/total"" target=""_blank"">Naver</a>"
035200,프럼파스트,63.09710001533435,60.40301850539934,55.14483780545791,99.76989355078402,61.84180211303734,,"<a href=""https://m.stock.naver.com/domestic/stock/035200/total"" target=""_blank"">Naver</a>"
032190,다우데이타,63.09500006358007,61.246025013692226,71.65502853535862,46.913495411726274,74.84556760704922,,"<a href=""https://m.stock.naver.com/domestic/stock/032190/total"" target=""_blank"">Naver</a>"
330730,스톤브릿지벤처스,63.000864005826124,50.0,86.11364881954601,99.64399158696105,30.161052844870255,,"<a href=""https://m.stock.naver.com/domestic/stock/330730/total"" target=""_blank"">Naver</a>"
052300,오션인더블유,63.0008125673821,81.251792991281,15.811578574404933,73.90316963261634,58.1305033150128,,"<a href=""https://m.stock.naver.com/domestic/stock/052300/total"" target=""_blank"">Naver</a>"
275630,에스에스알,62.99211638717289,50.0,77.97833954333286,99.66867646865046,70.6132770894925,,"<a href=""https://m.stock.naver.com/domestic/stock/275630/total"" target=""_blank"">Naver</a>"
060560,HC홈센타,62.98165090992829,59.7286840031607,60.39043600013616,77.77240380034655,85.39182255926343,,"<a href=""https://m.stock.naver.com/domestic/stock/060560/total"" target=""_blank"">Naver</a>"
382480,지아이텍,62.864718882795415,50.0,81.94705604995288,94.22611119191545,59.106875022313005,,"<a href=""https://m.stock.naver.com/domestic/stock/382480/total"" target=""_blank"">Naver</a>"
356680,엑스게이트,62.852184006157636,50.0,82.49654348210599,98.19945114529796,48.16206042202677,,"<a href=""https://m.stock.naver.com/domestic/stock/356680/total"" target=""_blank"">Naver</a>"
383930,디티앤씨알오,62.84093737519943,50.0,75.21148302652969,97.97826737383997,84.80479762366016,,"<a href=""https://m.stock.naver.com/domestic/stock/383930/total"" target=""_blank"">Naver</a>"
089890,코세스,62.80355504078892,50.0,75.44672002815679,99.04649317687286,80.7445143212487,,"<a href=""https://m.stock.naver.com/domestic/stock/089890/total"" target=""_blank"">Naver</a>"
221840,하이즈항공,62.63047858751577,90.31565051613079,0.512180755429692,58.54743454901987,49.16599268155771,,"<a href=""https://m.stock.naver.com/domestic/stock/221840/total"" target=""_blank"">Naver</a>"
300080,플리토,62.619716181481046,89.493301699717,0.0,51.87872753554878,74.71724816191946,,"<a href=""https://m.stock.naver.com/domestic/stock/300080/total"" target=""_blank"">Naver</a>"
330860,네패스아크,62.614589235073616,50.0,79.24151856561065,90.82861144839032,74.42696897663853,,"<a href=""https://m.stock.naver.com/domestic/stock/330860/total"" target=""_blank"">Naver</a>"
187870,디바이스,62.600870774731426,50.52013414670577,76.55520033644079,98.88674754404602,65.22630896386337,,"<a href=""https://m.stock.naver.com/domestic/stock/187870/total"" target=""_blank"">Naver</a>"
101000,KS인더스트리,62.55981752995884,91.14377377090055,0.0,33.421385884561246,90.6282935792478,,"<a href=""https://m.stock.naver.com/domestic/stock/101000/total"" target=""_blank"">Naver</a>"
131970,두산테스나,62.53544131109834,50.0,90.22306712489207,67.74427017681865,64.10495024386921,,"<a href=""https://m.stock.naver.com/domestic/stock/131970/total"" target=""_blank"">Naver</a>"
036220,오상헬스케어,62.50465208411203,41.92568299286906,97.40224228141294,99.59423119023796,60.78517198027131,,"<a href=""https://m.stock.naver.com/domestic/stock/036220/total"" target=""_blank"">Naver</a>"
063080,컴투스홀딩스,62.47692367999708,91.66076181067292,0.0,45.17209919172683,59.26513348841287,,"<a href=""https://m.stock.naver.com/domestic/stock/063080/total"" target=""_blank"">Naver</a>"
096870,엘디티,62.4651190393818,50.0,79.65823193261004,99.71321195437133,51.58479721584313,,"<a href=""https://m.stock.naver.com/domestic/stock/096870/total"" target=""_blank"">Naver</a>"
068330,일신바이오,62.46440034425646,50.0,82.92053406227357,99.78484102041907,35.115654532923195,,"<a href=""https://m.stock.naver.com/domestic/stock/068330/total"" target=""_blank"">Naver</a>"
338220,뷰노,62.4604139655763,93.96677350716887,0.0,30.73876442072263,60.12946838405441,,"<a href=""https://m.stock.naver.com/domestic/stock/338220/total"" target=""_blank"">Naver</a>"
168330,내츄럴엔도텍,62.44950359715974,87.13912341481249,0.0,71.46862563351965,60.38333969840559,,"<a href=""https://m.stock.naver.com/domestic/stock/168330/total"" target=""_blank"">Naver</a>"
383310,에코프로에이치엔,62.41772018339701,43.763662453889225,89.80328726746319,91.7731337986163,90.62775028672097,,"<a href=""https://m.stock.naver.com/domestic/stock/383310/total"" target=""_blank"">Naver</a>"
194700,노바렉스,62.37338738009631,54.81080595774488,63.89981909143838,96.28116354468406,77.67665356242748,,"<a href=""https://m.stock.naver.com/domestic/stock/194700/total"" target=""_blank"">Naver</a>"
211050,인카금융서비스,62.37056337873445,54.40795213979428,97.82838210650272,42.68696568232206,20.0,,"<a href=""https://m.stock.naver.com/domestic/stock/211050/total"" target=""_blank"">Naver</a>"
120240,대정화금,62.36541803954335,50.0,75.18798378707955,99.24259841501538,72.88324502543854,,"<a href=""https://m.stock.naver.com/domestic/stock/120240/total"" target=""_blank"">Naver</a>"
002680,한탑,62.36060775326628,81.41909490323897,25.86350406676831,38.75904857888242,63.34739873485141,,"<a href=""https://m.stock.naver.com/domestic/stock/002680/total"" target=""_blank"">Naver</a>"
096350,대창솔루션,62.35568532186804,90.67413475926715,7.054627627336707,30.74253145707859,62.265888275314246,,"<a href=""https://m.stock.naver.com/domestic/stock/096350/total"" target=""_blank"">Naver</a>"
291230,엔피,62.310316311333175,76.50315933446363,28.097653326540907,53.535423086391816,80.60930140761171,,"<a href=""https://m.stock.naver.com/domestic/stock/291230/total"" target=""_blank"">Naver</a>"
239890,피엔에이치테크,62.27981863706279,50.0,89.93047552317823,74.36281797931166,47.21835916674119,,"<a href=""https://m.stock.naver.com/domestic/stock/239890/total"" target=""_blank"">Naver</a>"
001810,무림SP,62.230704901411684,78.380280241063,24.069767799781626,59.13140663867477,65.43908285921987,,"<a href=""https://m.stock.naver.com/domestic/stock/001810/total"" target=""_blank"">Naver</a>"
097780,에코볼트,62.22265339660811,77.31806687645182,19.36707479225222,73.70679179146907,72.387307870541,,"<a href=""https://m.stock.naver.com/domestic/stock/097780/total"" target=""_blank"">Naver</a>"
089010,켐트로닉스,62.19311997920233,65.55070410167112,52.483928047332974,56.98386392109161,80.86658228514513,,"<a href=""https://m.stock.naver.com/domestic/stock/089010/total"" target=""_blank"">Naver</a>"
153490,우리이앤엘,62.102893942508594,59.043667431859966,52.34679414033024,98.19331700958327,75.4132649470345,,"<a href=""https://m.stock.naver.com/domestic/stock/153490/total"" target=""_blank"">Naver</a>"
297570,알로이스,62.10266480828474,50.0,88.14156266442644,79.09515913276073,43.155164578041244,,"<a href=""https://m.stock.naver.com/domestic/stock/297570/total"" target=""_blank"">Naver</a>"
012790,신일제약,62.10116231458962,50.0,79.70422047192534,99.60344783036841,44.295248271428875,,"<a href=""https://m.stock.naver.com/domestic/stock/012790/total"" target=""_blank"">Naver</a>"
270660,에브리봇,62.07176150078913,50.0,75.62070429764508,99.01134356900563,65.30902138954593,,"<a href=""https://m.stock.naver.com/domestic/stock/270660/total"" target=""_blank"">Naver</a>"
033790,피노,61.96820104256526,50.0,74.30832384479989,99.81327018114777,68.19586126501041,,"<a href=""https://m.stock.naver.com/domestic/stock/033790/total"" target=""_blank"">Naver</a>"
046440,KG모빌리언스,61.963324237058245,50.28368522361097,71.75171768869427,97.70786932941547,81.68793495553108,,"<a href=""https://m.stock.naver.com/domestic/stock/046440/total"" target=""_blank"">Naver</a>"
007370,진양제약,61.9576900340966,50.0,82.7403966070569,89.34363524734009,46.76454715196748,,"<a href=""https://m.stock.naver.com/domestic/stock/007370/total"" target=""_blank"">Naver</a>"
352910,오비고,61.8465398251469,86.81951038413747,0.0,74.73998763021423,45.61669663285993,,"<a href=""https://m.stock.naver.com/domestic/stock/352910/total"" target=""_blank"">Naver</a>"
007720,소노스퀘어,61.79623095311444,76.71864647468787,16.22277280491437,73.50913486665189,87.16872760815856,,"<a href=""https://m.stock.naver.com/domestic/stock/007720/total"" target=""_blank"">Naver</a>"
011560,세보엠이씨,61.74668405980416,55.0761239978763,58.62638164457561,93.12826684076123,94.63175131716706,,"<a href=""https://m.stock.naver.com/domestic/stock/011560/total"" target=""_blank"">Naver</a>"
036690,코맥스,61.7161577808768,78.23508726784152,19.30917370452237,59.68771251691558,79.58081484699483,,"<a href=""https://m.stock.naver.com/domestic/stock/036690/total"" target=""_blank"">Naver</a>"
222040,코스맥스엔비티,61.67845844417353,80.58573013098844,23.93107320430917,32.441060250366476,82.0029207893305,,"<a href=""https://m.stock.naver.com/domestic/stock/222040/total"" target=""_blank"">Naver</a>"
214270,FSN,61.602466572682346,77.85494396240817,20.445588447653872,66.0212696575091,63.51952235146125,,"<a href=""https://m.stock.naver.com/domestic/stock/214270/total"" target=""_blank"">Naver</a>"
083650,비에이치아이,61.54354747946058,79.55583035669376,26.087102096067966,29.25545048010318,87.25457386834015,,"<a href=""https://m.stock.naver.com/domestic/stock/083650/total"" target=""_blank"">Naver</a>"
032580,피델릭스,61.485762956981254,50.0,75.77200404826488,96.67313800158905,57.508962895122494,,"<a href=""https://m.stock.naver.com/domestic/stock/032580/total"" target=""_blank"">Naver</a>"
066790,씨씨에스,61.39711771018511,49.62361760008802,71.32390283557154,99.51560411674694,76.80822059129432,,"<a href=""https://m.stock.naver.com/domestic/stock/066790/total"" target=""_blank"">Naver</a>"
025440,DH오토웨어,61.081656916490495,69.1375117346271,29.34051451522123,76.63547773549722,92.00946946718416,,"<a href=""https://m.stock.naver.com/domestic/stock/025440/total"" target=""_blank"">Naver</a>"
318000,KBG,61.05053446874757,50.0,77.78809561880001,92.35864140354731,47.35292847385664,,"<a href=""https://m.stock.naver.com/domestic/stock/318000/total"" target=""_blank"">Naver</a>"
115610,이미지스,61.01585650693342,50.0,71.48371232713424,98.16454956319538,66.56946937660629,,"<a href=""https://m.stock.naver.com/domestic/stock/115610/total"" target=""_blank"">Naver</a>"
221980,케이디켐,60.98659054659841,51.30098637077422,71.3548046108222,99.38405195272672,48.57784752311301,,"<a href=""https://m.stock.naver.com/domestic/stock/221980/total"" target=""_blank"">Naver</a>"
020710,시공테크,60.960300942884466,62.25672703228537,48.69358688660657,71.4605540964813,85.73625184426945,,"<a href=""https://m.stock.naver.com/domestic/stock/020710/total"" target=""_blank"">Naver</a>"
056080,유진로봇,60.92882255686634,50.0,69.3736248593958,99.02982953940534,73.64866776153708,,"<a href=""https://m.stock.naver.com/domestic/stock/056080/total"" target=""_blank"">Naver</a>"
238090,앤디포스,60.88269276674937,78.80619602158679,14.13729370995434,75.93710221881044,49.41883008855349,,"<a href=""https://m.stock.naver.com/domestic/stock/238090/total"" target=""_blank"">Naver</a>"
119610,인터로조,60.82311929025954,48.13230439262308,82.90801485435522,98.07567157706151,28.183315667814846,,"<a href=""https://m.stock.naver.com/domestic/stock/119610/total"" target=""_blank"">Naver</a>"
900310,컬러레이,60.775851182768044,44.53272626380893,84.46062406704198,99.5996176699009,59.62195281464193,,"<a href=""https://m.stock.naver.com/domestic/stock/900310/total"" target=""_blank"">Naver</a>"
256150,한독크린텍,60.727518133364164,50.0,68.03972880350024,99.73524093492232,74.8812367799376,,"<a href=""https://m.stock.naver.com/domestic/stock/256150/total"" target=""_blank"">Naver</a>"
049630,재영솔루텍,60.7169201588517,79.51833764157107,21.223840367145133,38.05701984501924,77.88510995241714,,"<a href=""https://m.stock.naver.com/domestic/stock/049630/total"" target=""_blank"">Naver</a>"
217500,러셀,60.66818994938267,56.00808826184408,59.54507683503954,99.1021110237011,45.33713362292463,,"<a href=""https://m.stock.naver.com/domestic/stock/217500/total"" target=""_blank"">Naver</a>"
246960,SCL사이언스,60.6630709595815,83.33333333333333,0.0,94.09828018246338,25.06485882670343,,"<a href=""https://m.stock.naver.com/domestic/stock/246960/total"" target=""_blank"">Naver</a>"
054930,유신,60.66292027832848,50.0,68.37435458124834,90.71487370384763,89.95688525263267,,"<a href=""https://m.stock.naver.com/domestic/stock/054930/total"" target=""_blank"">Naver</a>"
052600,한네트,60.61575718640575,50.0,66.79889007455367,98.69571448031506,80.92926439471654,,"<a href=""https://m.stock.naver.com/domestic/stock/052600/total"" target=""_blank"">Naver</a>"
253450,스튜디오드래곤,60.54565636607633,53.142985254628734,65.64132461285483,88.29020213836829,68.41027692497113,,"<a href=""https://m.stock.naver.com/domestic/stock/253450/total"" target=""_blank"">Naver</a>"
067010,이씨에스,60.43861282823804,50.0,63.90461564907637,98.92776867853989,91.39364096229927,,"<a href=""https://m.stock.naver.com/domestic/stock/067010/total"" target=""_blank"">Naver</a>"
039980,폴라리스AI,60.437000598778816,64.98656000248381,44.56043035560695,74.02980588290487,58.0395284019261,,"<a href=""https://m.stock.naver.com/domestic/stock/039980/total"" target=""_blank"">Naver</a>"
013720,THE CUBE&,60.436506717123926,75.83657725068588,18.386383824443786,64.59291394019432,77.57346033164053,,"<a href=""https://m.stock.naver.com/domestic/stock/013720/total"" target=""_blank"">Naver</a>"
046210,HLB파나진,60.28061359268146,50.0,73.37282711751777,99.764574432193,39.21898740165433,,"<a href=""https://m.stock.naver.com/domestic/stock/046210/total"" target=""_blank"">Naver</a>"
099220,SDN,60.27952318455521,66.66666666666667,45.33736025171223,69.35040515766839,40.20285211720637,,"<a href=""https://m.stock.naver.com/domestic/stock/099220/total"" target=""_blank"">Naver</a>"
101240,씨큐브,60.24397630835999,50.0,73.76122824106085,98.065584748526,39.94221546484347,,"<a href=""https://m.stock.naver.com/domestic/stock/101240/total"" target=""_blank"">Naver</a>"
024830,세원물산,60.24173190817706,50.0,66.54032157114187,98.9431708965977,74.24668851463639,,"<a href=""https://m.stock.naver.com/domestic/stock/024830/total"" target=""_blank"">Naver</a>"
064260,다날,60.186167834082084,79.09317550417907,14.16965029485849,59.29750397423993,65.16199120872064,,"<a href=""https://m.stock.naver.com/domestic/stock/064260/total"" target=""_blank"">Naver</a>"
036560,KZ정밀,60.18321557758026,50.0,73.45619357298962,98.90130435596319,38.580734974730824,,"<a href=""https://m.stock.naver.com/domestic/stock/036560/total"" target=""_blank"">Naver</a>"
050860,아세아텍,60.17702111342366,50.0,69.67012828034687,99.46379878141255,56.262183303913595,,"<a href=""https://m.stock.naver.com/domestic/stock/050860/total"" target=""_blank"">Naver</a>"
079950,인베니아,60.1758047813979,66.66666666666667,52.329796039912175,48.306493601599875,45.25412822519736,,"<a href=""https://m.stock.naver.com/domestic/stock/079950/total"" target=""_blank"">Naver</a>"
082210,옵트론텍,60.16844393851793,89.28178034496246,0.0,25.016796693123503,81.95392124456214,,"<a href=""https://m.stock.naver.com/domestic/stock/082210/total"" target=""_blank"">Naver</a>"
065440,이루온,60.119908006919374,57.53791486698092,49.63078126218603,89.64861676129037,84.4920419011057,,"<a href=""https://m.stock.naver.com/domestic/stock/065440/total"" target=""_blank"">Naver</a>"
393210,토마토시스템,59.82929343858554,50.0,60.689758640152526,99.27423961102322,94.58859634890177,,"<a href=""https://m.stock.naver.com/domestic/stock/393210/total"" target=""_blank"">Naver</a>"
237750,피앤씨테크,59.79112801075141,50.0,68.77697658514087,99.6720575729876,52.59356214334875,,"<a href=""https://m.stock.naver.com/domestic/stock/237750/total"" target=""_blank"">Naver</a>"
059100,아이컴포넌트,59.77211546241897,50.0,68.34831872729085,92.687665778945,68.32538405403496,,"<a href=""https://m.stock.naver.com/domestic/stock/059100/total"" target=""_blank"">Naver</a>"
060150,인선이엔티,59.753275687552026,50.128605691430955,70.57634454866253,90.25423367106039,60.13205536843553,,"<a href=""https://m.stock.naver.com/domestic/stock/060150/total"" target=""_blank"">Naver</a>"
005670,푸드웰,59.727234816862335,61.07210527936422,46.31447707937608,78.10605316495742,73.89494125808082,,"<a href=""https://m.stock.naver.com/domestic/stock/005670/total"" target=""_blank"">Naver</a>"
148150,세경하이테크,59.70168543569056,54.590637316448955,54.38944948380509,90.1843370411458,86.63013941510673,,"<a href=""https://m.stock.naver.com/domestic/stock/148150/total"" target=""_blank"">Naver</a>"
100030,인지소프트,59.69194498110642,45.88065976577195,86.96697647953272,74.61710944340287,59.201881148395444,,"<a href=""https://m.stock.naver.com/domestic/stock/100030/total"" target=""_blank"">Naver</a>"
010240,흥국,59.667420784691146,49.91669229565685,64.14679958630289,99.38600277679203,74.84210466084218,,"<a href=""https://m.stock.naver.com/domestic/stock/010240/total"" target=""_blank"">Naver</a>"
320000,한울반도체,59.62255286728113,50.0,66.87291227626918,99.33841636196173,59.40966324035309,,"<a href=""https://m.stock.naver.com/domestic/stock/320000/total"" target=""_blank"">Naver</a>"
367000,플래티어,59.589508828109814,50.0,64.04897812160105,97.43610128508304,76.67308338402478,,"<a href=""https://m.stock.naver.com/domestic/stock/367000/total"" target=""_blank"">Naver</a>"
290660,네오펙트,59.54472274672138,89.24324401754991,0.0,28.840700637186742,62.29412544945538,,"<a href=""https://m.stock.naver.com/domestic/stock/290660/total"" target=""_blank"">Naver</a>"
081150,티플랙스,59.508521496285475,50.0,65.19358248089934,96.94720686938489,70.30810378244297,,"<a href=""https://m.stock.naver.com/domestic/stock/081150/total"" target=""_blank"">Naver</a>"
045970,코아시아,59.49753637462186,78.20401764979191,14.095881147000844,46.14863678856673,88.72583638279671,,"<a href=""https://m.stock.naver.com/domestic/stock/045970/total"" target=""_blank"">Naver</a>"
237820,플레이디,59.493325025359816,50.0,70.60463682632654,91.5952954549753,53.65272546561288,,"<a href=""https://m.stock.naver.com/domestic/stock/237820/total"" target=""_blank"">Naver</a>"
079170,한창산업,59.44663016148497,50.0,64.25090947639104,99.46387311175064,68.75030962424296,,"<a href=""https://m.stock.naver.com/domestic/stock/079170/total"" target=""_blank"">Naver</a>"
079000,와토스코리아,59.428980741102734,50.0,67.0577521254918,98.06028186139685,57.17029047180211,,"<a href=""https://m.stock.naver.com/domestic/stock/079000/total"" target=""_blank"">Naver</a>"
263020,디케이앤디,59.41140773710922,46.67080031311602,71.21987726450062,95.38405047449,81.31106371330911,,"<a href=""https://m.stock.naver.com/domestic/stock/263020/total"" target=""_blank"">Naver</a>"
025320,시노펙스,59.35478474542971,55.544043710990444,54.4253157501555,80.99872128570684,86.44314905451783,,"<a href=""https://m.stock.naver.com/domestic/stock/025320/total"" target=""_blank"">Naver</a>"
290740,액트로,59.35401190146272,73.35183312862112,14.666640610019938,70.72889366763917,92.06725010042291,,"<a href=""https://m.stock.naver.com/domestic/stock/290740/total"" target=""_blank"">Naver</a>"
064480,브리지텍,59.26883680005852,50.0,59.87767463301946,98.73690961858807,88.514543598897,,"<a href=""https://m.stock.naver.com/domestic/stock/064480/total"" target=""_blank"">Naver</a>"
017510,세명전기,59.241762342241685,50.0,66.09635798563448,99.63145486726908,55.090547182123174,,"<a href=""https://m.stock.naver.com/domestic/stock/017510/total"" target=""_blank"">Naver</a>"
104480,티케이케미칼,59.22692519810362,50.0,79.74215233378413,53.775787101848714,78.27616808945433,,"<a href=""https://m.stock.naver.com/domestic/stock/104480/total"" target=""_blank"">Naver</a>"
095190,이엠코리아,59.167749809979995,78.69612670409765,13.679730055833694,49.35038293752561,71.90205959620847,,"<a href=""https://m.stock.naver.com/domestic/stock/095190/total"" target=""_blank"">Naver</a>"
044060,조광ILI,59.13624122197131,72.30414795683443,22.87323081619458,82.35340527563562,36.00208432516886,,"<a href=""https://m.stock.naver.com/domestic/stock/044060/total"" target=""_blank"">Naver</a>"
025950,동신건설,59.11946067093485,50.0,62.53483658566566,99.33830764630594,71.0384151977568,,"<a href=""https://m.stock.naver.com/domestic/stock/025950/total"" target=""_blank"">Naver</a>"
211270,AP위성,59.10734431687083,50.0,62.03589457119181,99.2985338425467,73.37034579636415,,"<a href=""https://m.stock.naver.com/domestic/stock/211270/total"" target=""_blank"">Naver</a>"
250000,보라티알,59.05947241391794,42.10880377393487,88.85664694950616,88.2477351311922,55.10509798122513,,"<a href=""https://m.stock.naver.com/domestic/stock/250000/total"" target=""_blank"">Naver</a>"
043370,피에이치에이,59.018842384384286,56.351570209031955,50.042655728852104,87.48839311822655,78.96794029858856,,"<a href=""https://m.stock.naver.com/domestic/stock/043370/total"" target=""_blank"">Naver</a>"
412350,레이저쎌,58.98606914579349,86.56898110635954,0.0,55.98585425932943,28.921901120896468,,"<a href=""https://m.stock.naver.com/domestic/stock/412350/total"" target=""_blank"">Naver</a>"
017480,삼현철강,58.9528250847866,50.0,59.554437113199846,99.53935255325851,82.20561102321585,,"<a href=""https://m.stock.naver.com/domestic/stock/017480/total"" target=""_blank"">Naver</a>"
333050,모코엠시스,58.94989793363584,50.0,60.008299601527376,98.92464679059917,81.10716708388152,,"<a href=""https://m.stock.naver.com/domestic/stock/333050/total"" target=""_blank"">Naver</a>"
037070,파세코,58.82750704634383,50.0,61.84713266460499,97.95528511152737,71.4039073807969,,"<a href=""https://m.stock.naver.com/domestic/stock/037070/total"" target=""_blank"">Naver</a>"
082800,비보존 제약,58.816867697827384,84.71046143534373,0.0,48.25467234320218,63.30247204601865,,"<a href=""https://m.stock.naver.com/domestic/stock/082800/total"" target=""_blank"">Naver</a>"
014970,삼륭물산,58.78215662647875,66.66666666666667,33.93494188551725,62.748512119059086,80.47139886387065,,"<a href=""https://m.stock.naver.com/domestic/stock/014970/total"" target=""_blank"">Naver</a>"
067170,오텍,58.73635505960948,75.64100232873129,21.007356589579956,41.5106430098247,78.97700427986493,,"<a href=""https://m.stock.naver.com/domestic/stock/067170/total"" target=""_blank"">Naver</a>"
124500,아이티센글로벌,58.72825132490762,57.08536236547308,53.687190983939296,63.95785595646004,93.18901127985885,,"<a href=""https://m.stock.naver.com/domestic/stock/124500/total"" target=""_blank"">Naver</a>"
032540,TJ미디어,58.718765301441834,54.4799735868769,56.16353976405042,94.09324288361353,51.61143839883468,,"<a href=""https://m.stock.naver.com/domestic/stock/032540/total"" target=""_blank"">Naver</a>"
125210,아모그린텍,58.667731235354815,50.0,72.3945658663959,67.85773980762761,75.66631575986153,,"<a href=""https://m.stock.naver.com/domestic/stock/125210/total"" target=""_blank"">Naver</a>"
131030,옵투스제약,58.667143730105295,50.0,62.9592886968008,99.76353654883155,59.01935802043886,,"<a href=""https://m.stock.naver.com/domestic/stock/131030/total"" target=""_blank"">Naver</a>"
072020,중앙백신,58.60310037316062,50.0,66.70342824903561,99.45432394709101,39.636218323852404,,"<a href=""https://m.stock.naver.com/domestic/stock/072020/total"" target=""_blank"">Naver</a>"
085670,뉴프렉스,58.5909404885672,48.09903229035777,71.0860755686355,75.7936130681382,87.61281830759684,,"<a href=""https://m.stock.naver.com/domestic/stock/085670/total"" target=""_blank"">Naver</a>"
050960,수산아이앤티,58.569676496130626,51.83575832767607,59.58526093445232,98.88854307460808,53.66103916902195,,"<a href=""https://m.stock.naver.com/domestic/stock/050960/total"" target=""_blank"">Naver</a>"
131090,시큐브,58.52448821334633,36.43349297913894,90.87132684702294,99.71783104525551,79.49555219163372,,"<a href=""https://m.stock.naver.com/domestic/stock/131090/total"" target=""_blank"">Naver</a>"
228340,동양파일,58.413502560774205,50.0,59.14282449584149,99.86782794638765,72.82027284350136,,"<a href=""https://m.stock.naver.com/domestic/stock/228340/total"" target=""_blank"">Naver</a>"
380540,옵티코어,58.34540587632401,66.66666666666667,40.99505703338064,68.60557222101156,24.721687917553794,,"<a href=""https://m.stock.naver.com/domestic/stock/380540/total"" target=""_blank"">Naver</a>"
331380,포커스에이아이,58.16645298969974,50.0,61.31465634837903,91.14263840932098,74.47050123345771,,"<a href=""https://m.stock.naver.com/domestic/stock/331380/total"" target=""_blank"">Naver</a>"
243840,신흥에스이씨,58.16321984235842,55.638140852117125,56.01088160961651,70.27454450693487,75.00320955981059,,"<a href=""https://m.stock.naver.com/domestic/stock/243840/total"" target=""_blank"">Naver</a>"
042420,네오위즈홀딩스,58.14443526017262,75.14105026266327,0.0,98.51517067877494,64.16576069394321,,"<a href=""https://m.stock.naver.com/domestic/stock/042420/total"" target=""_blank"">Naver</a>"
022220,티케이지애강,58.13869055500176,50.0,57.82461497659525,99.57930387646593,74.49212846412703,,"<a href=""https://m.stock.naver.com/domestic/stock/022220/total"" target=""_blank"">Naver</a>"
214430,아이쓰리시스템,58.12684395463258,50.0,63.24686226546846,98.05558042495127,50.191406915406674,,"<a href=""https://m.stock.naver.com/domestic/stock/214430/total"" target=""_blank"">Naver</a>"
073010,케이에스피,58.06004284716895,50.0,63.83015259732423,88.04421608758517,65.9616617815875,,"<a href=""https://m.stock.naver.com/domestic/stock/073010/total"" target=""_blank"">Naver</a>"
370090,퓨런티어,58.03798182456805,50.0,63.7242891510137,99.07984853311517,43.978493670062235,,"<a href=""https://m.stock.naver.com/domestic/stock/370090/total"" target=""_blank"">Naver</a>"
340440,세림B&G,58.0283835957369,50.0,57.533201971440114,95.07752685341657,82.74660835070415,,"<a href=""https://m.stock.naver.com/domestic/stock/340440/total"" target=""_blank"">Naver</a>"
014620,성광벤드,58.01404742339643,45.80327242840417,74.51206655810982,99.724148562123,38.633049412283334,,"<a href=""https://m.stock.naver.com/domestic/stock/014620/total"" target=""_blank"">Naver</a>"
058400,KNN,57.986693787866656,48.18471570395511,66.27506303792514,99.51227725908673,51.117417602072685,,"<a href=""https://m.stock.naver.com/domestic/stock/058400/total"" target=""_blank"">Naver</a>"
044960,이글벳,57.98350183506281,50.0,61.40239537639593,99.30669531343872,54.04466919239915,,"<a href=""https://m.stock.naver.com/domestic/stock/044960/total"" target=""_blank"">Naver</a>"
220100,퓨쳐켐,57.98105914089243,80.26168583210556,0.0,65.78195297167807,64.91704688922563,,"<a href=""https://m.stock.naver.com/domestic/stock/220100/total"" target=""_blank"">Naver</a>"
227100,퀀텀온,57.96864575448552,87.12469928603036,8.563728874639809,14.136841251908209,42.78419678033064,,"<a href=""https://m.stock.naver.com/domestic/stock/227100/total"" target=""_blank"">Naver</a>"
212560,네오오토,57.95981497899537,50.0,58.54776439074319,89.555971180314,87.34553526556343,,"<a href=""https://m.stock.naver.com/domestic/stock/212560/total"" target=""_blank"">Naver</a>"
318410,비비씨,57.86166158907963,56.21802421733821,48.34167561969064,92.8559127092448,55.19673765659116,,"<a href=""https://m.stock.naver.com/domestic/stock/318410/total"" target=""_blank"">Naver</a>"
361390,제노코,57.858884624111354,50.0,60.49401712442411,90.64945058501397,73.4087056900785,,"<a href=""https://m.stock.naver.com/domestic/stock/361390/total"" target=""_blank"">Naver</a>"
049720,고려신용정보,57.819468588757815,45.241714454138055,67.93278907212829,87.6028865872374,98.61907979038332,,"<a href=""https://m.stock.naver.com/domestic/stock/049720/total"" target=""_blank"">Naver</a>"
025870,신라에스지,57.78901934475341,57.13832045710645,50.932647890692316,69.68629186857554,76.08471821917811,,"<a href=""https://m.stock.naver.com/domestic/stock/025870/total"" target=""_blank"">Naver</a>"
045660,에이텍,57.78078866161175,50.0,53.82851036193072,99.72226851883653,87.02868438490833,,"<a href=""https://m.stock.naver.com/domestic/stock/045660/total"" target=""_blank"">Naver</a>"
036830,솔브레인홀딩스,57.769678837380816,49.47019023545105,67.32647427684034,90.08197922274515,44.95496409251178,,"<a href=""https://m.stock.naver.com/domestic/stock/036830/total"" target=""_blank"">Naver</a>"
064820,케이프,57.702916591885106,66.70560702947195,41.697173429156955,35.742161221083535,73.62085789608697,,"<a href=""https://m.stock.naver.com/domestic/stock/064820/total"" target=""_blank"">Naver</a>"
043610,KT지니뮤직,57.69528929257543,51.316285471718636,59.41534662999238,82.15181919283144,76.7299886552602,,"<a href=""https://m.stock.naver.com/domestic/stock/043610/total"" target=""_blank"">Naver</a>"
103230,에스앤더블류,57.692896829066356,50.0,59.93960714134173,98.68218547716563,56.795529920287215,,"<a href=""https://m.stock.naver.com/domestic/stock/103230/total"" target=""_blank"">Naver</a>"
260660,알리코제약,57.648364063894725,50.0,60.54218021511567,88.86224328235427,72.53189363760754,,"<a href=""https://m.stock.naver.com/domestic/stock/260660/total"" target=""_blank"">Naver</a>"
004780,대륙제관,57.63571979999005,50.0,55.043132507531084,98.88560880674763,79.72751584865041,,"<a href=""https://m.stock.naver.com/domestic/stock/004780/total"" target=""_blank"">Naver</a>"
143160,아이디스,57.618673180325345,49.976763125828256,60.335295418600346,96.99196883467712,56.991891334211914,,"<a href=""https://m.stock.naver.com/domestic/stock/143160/total"" target=""_blank"">Naver</a>"
039240,경남스틸,57.6186284972753,50.0,54.78916006189903,95.2914371750091,87.8438952859928,,"<a href=""https://m.stock.naver.com/domestic/stock/039240/total"" target=""_blank"">Naver</a>"
352480,씨앤씨인터내셔널,57.613248308286124,45.06585179026294,72.41717561354089,89.69777293053627,69.99332075379024,,"<a href=""https://m.stock.naver.com/domestic/stock/352480/total"" target=""_blank"">Naver</a>"
068760,셀트리온제약,57.59316735377842,50.0,65.00898868529019,89.77832227204584,47.26175910502556,,"<a href=""https://m.stock.naver.com/domestic/stock/068760/total"" target=""_blank"">Naver</a>"
234690,녹십자웰빙,57.584515687623615,50.0,64.47861044641543,88.96451762056967,51.36822627925581,,"<a href=""https://m.stock.naver.com/domestic/stock/234690/total"" target=""_blank"">Naver</a>"
219130,타이거일렉,57.51576367470113,50.0,59.050545918895466,93.94851450605935,67.16551488742648,,"<a href=""https://m.stock.naver.com/domestic/stock/219130/total"" target=""_blank"">Naver</a>"
130580,나이스디앤비,57.496850924012044,38.160490752251185,82.01125673403153,99.51192779151627,82.93099020003648,,"<a href=""https://m.stock.naver.com/domestic/stock/130580/total"" target=""_blank"">Naver</a>"
027710,팜스토리,57.485145346695035,59.2773745887014,52.2699178393954,46.28048651822215,84.4638496360627,,"<a href=""https://m.stock.naver.com/domestic/stock/027710/total"" target=""_blank"">Naver</a>"
199800,툴젠,57.43052338375274,82.70417569838908,0.0,49.88130496177622,56.39774937083351,,"<a href=""https://m.stock.naver.com/domestic/stock/199800/total"" target=""_blank"">Naver</a>"
227610,아우딘퓨쳐스,57.42150284709781,81.00314733653566,0.0,59.18292475088827,58.02643940175187,,"<a href=""https://m.stock.naver.com/domestic/stock/227610/total"" target=""_blank"">Naver</a>"
318160,셀바이오휴먼텍,57.414963056289636,50.0,64.63224385822299,99.57416207422652,25.989717686224708,,"<a href=""https://m.stock.naver.com/domestic/stock/318160/total"" target=""_blank"">Naver</a>"
072990,에이치시티,57.38852364938816,48.989777025542026,62.89147315479661,84.29481093020257,76.84616104687086,,"<a href=""https://m.stock.naver.com/domestic/stock/072990/total"" target=""_blank"">Naver</a>"
270520,앱트뉴로사이언스,57.378507317037176,62.77944894827302,54.242382494779314,46.16715510844433,30.670536270681943,,"<a href=""https://m.stock.naver.com/domestic/stock/270520/total"" target=""_blank"">Naver</a>"
234300,에스트래픽,57.32280111847665,38.735903989303736,86.71468852656199,81.92096519617104,84.20980147273619,,"<a href=""https://m.stock.naver.com/domestic/stock/234300/total"" target=""_blank"">Naver</a>"
106190,하이텍팜,57.31193895985139,50.0,57.318379238332966,95.2404833567645,69.1659162918338,,"<a href=""https://m.stock.naver.com/domestic/stock/106190/total"" target=""_blank"">Naver</a>"
079940,가비아,57.298034267731765,38.27677075884726,81.3785459994902,98.28161201665075,83.1834822177156,,"<a href=""https://m.stock.naver.com/domestic/stock/079940/total"" target=""_blank"">Naver</a>"
002290,삼일기업공사,57.21814398473477,50.0,51.94083862440493,99.4195417570462,85.81960305857828,,"<a href=""https://m.stock.naver.com/domestic/stock/002290/total"" target=""_blank"">Naver</a>"
039840,디오,57.212266175516966,77.15080782503759,14.111115856276411,62.33619560641924,23.20765911566777,,"<a href=""https://m.stock.naver.com/domestic/stock/039840/total"" target=""_blank"">Naver</a>"
199820,제일일렉트릭,57.178615087633204,50.0,58.273718117821225,97.83516931339902,56.53337253675981,,"<a href=""https://m.stock.naver.com/domestic/stock/199820/total"" target=""_blank"">Naver</a>"
205100,엑셈,57.15795027365126,39.4509251557157,81.67959979071306,92.16377192314471,77.02236080458205,,"<a href=""https://m.stock.naver.com/domestic/stock/205100/total"" target=""_blank"">Naver</a>"
006140,피제이전자,57.13288327431497,50.0,54.77331936715177,93.78569318347853,81.21968228358347,,"<a href=""https://m.stock.naver.com/domestic/stock/006140/total"" target=""_blank"">Naver</a>"
220260,켐트로스,57.12139696108485,50.0,62.05244238221508,85.30342906433705,61.558869181947486,,"<a href=""https://m.stock.naver.com/domestic/stock/220260/total"" target=""_blank"">Naver</a>"
053290,NE능률,57.110954463254934,50.0,60.359312902251496,99.21044506486726,42.00163462410653,,"<a href=""https://m.stock.naver.com/domestic/stock/053290/total"" target=""_blank"">Naver</a>"
104540,코렌텍,57.0078226179786,58.55896118132342,53.477481780007984,72.45326119573053,25.15498689219001,,"<a href=""https://m.stock.naver.com/domestic/stock/104540/total"" target=""_blank"">Naver</a>"
309930,오하임앤컴퍼니,57.006715134674494,50.0,55.67289231259551,94.30006213763167,73.16971685524886,,"<a href=""https://m.stock.naver.com/domestic/stock/309930/total"" target=""_blank"">Naver</a>"
013990,아가방컴퍼니,57.00651751424889,49.18237915204589,60.77303038727947,99.10487651056148,47.86689550290674,,"<a href=""https://m.stock.naver.com/domestic/stock/013990/total"" target=""_blank"">Naver</a>"
009730,이렘,56.97739915595561,50.0,58.385372459513256,84.63801300403844,78.34509481346895,,"<a href=""https://m.stock.naver.com/domestic/stock/009730/total"" target=""_blank"">Naver</a>"
101400,엔시트론,56.966971060193956,59.12478782971189,38.68674477142566,84.23798524188598,67.93227290643631,,"<a href=""https://m.stock.naver.com/domestic/stock/101400/total"" target=""_blank"">Naver</a>"
089600,KT나스미디어,56.965046038219,41.8986023115995,85.39607451847768,92.1407996083063,25.255721216185083,,"<a href=""https://m.stock.naver.com/domestic/stock/089600/total"" target=""_blank"">Naver</a>"
126640,화신정공,56.94319178377703,50.0,52.48280911903623,91.44115633601444,93.5674774083306,,"<a href=""https://m.stock.naver.com/domestic/stock/126640/total"" target=""_blank"">Naver</a>"
348150,고바이오랩,56.926047625553224,72.7211048864856,0.0,98.70077112166528,68.46615162990669,,"<a href=""https://m.stock.naver.com/domestic/stock/348150/total"" target=""_blank"">Naver</a>"
210120,캔버스엔,56.89720601704706,50.0,60.54719898981347,72.7380200953917,89.73208520109051,,"<a href=""https://m.stock.naver.com/domestic/stock/210120/total"" target=""_blank"">Naver</a>"
396300,세아메카닉스,56.82901301028052,50.0,51.50080009321805,95.65761404624386,87.76103164703237,,"<a href=""https://m.stock.naver.com/domestic/stock/396300/total"" target=""_blank"">Naver</a>"
018000,유니슨,56.80711906895293,72.85115002441209,21.43123718349398,35.633546422482866,83.50530232367784,,"<a href=""https://m.stock.naver.com/domestic/stock/018000/total"" target=""_blank"">Naver</a>"
038880,아이에이,56.695054394504496,65.34025037643826,32.371160982300864,61.59950693549938,64.76326459032776,,"<a href=""https://m.stock.naver.com/domestic/stock/038880/total"" target=""_blank"">Naver</a>"
265740,엔에프씨,56.661371459539616,50.0,57.42589947888482,91.1880879796386,63.7217558370911,,"<a href=""https://m.stock.naver.com/domestic/stock/265740/total"" target=""_blank"">Naver</a>"
123410,코리아에프티,56.563265030850324,54.48289478092039,49.26375407295014,73.7520058814511,83.64778111830883,,"<a href=""https://m.stock.naver.com/domestic/stock/123410/total"" target=""_blank"">Naver</a>"
006050,국영지앤엠,56.53769533048745,50.0,50.612326897053755,97.26206507228616,83.16814197990801,,"<a href=""https://m.stock.naver.com/domestic/stock/006050/total"" target=""_blank"">Naver</a>"
314140,알피바이오,56.51839008729951,50.0,57.99352539053796,85.981589906263,68.4369949807743,,"<a href=""https://m.stock.naver.com/domestic/stock/314140/total"" target=""_blank"">Naver</a>"
066130,하츠,56.502996842001814,50.0,53.49487037145655,92.25804877481531,78.0694874331229,,"<a href=""https://m.stock.naver.com/domestic/stock/066130/total"" target=""_blank"">Naver</a>"
112290,와이씨켐,56.485058872858644,50.0,58.519191821392475,80.2887423335788,76.5277336830529,,"<a href=""https://m.stock.naver.com/domestic/stock/112290/total"" target=""_blank"">Naver</a>"
093380,풍강,56.43856074879757,49.22260953294301,54.008041843610954,98.45982771397017,71.14003593464024,,"<a href=""https://m.stock.naver.com/domestic/stock/093380/total"" target=""_blank"">Naver</a>"
119850,지엔씨에너지,56.399595386252656,40.38554969924713,82.24976231198326,84.13486588391898,63.84676800633328,,"<a href=""https://m.stock.naver.com/domestic/stock/119850/total"" target=""_blank"">Naver</a>"
156100,엘앤케이바이오,56.33618995593424,81.69520228311059,0.0,58.53206985933437,29.317232002688897,,"<a href=""https://m.stock.naver.com/domestic/stock/156100/total"" target=""_blank"">Naver</a>"
244460,올리패스,56.20240837785734,87.01649357422401,0.0,8.13521164468452,63.57982137708961,,"<a href=""https://m.stock.naver.com/domestic/stock/244460/total"" target=""_blank"">Naver</a>"
040300,YTN,56.14588238266255,50.0,49.87635820447357,98.97340550839648,75.58904561409015,,"<a href=""https://m.stock.naver.com/domestic/stock/040300/total"" target=""_blank"">Naver</a>"
036030,케이티알파,56.11762986028122,50.0,51.53817259298381,88.29822954471382,88.06527515127772,,"<a href=""https://m.stock.naver.com/domestic/stock/036030/total"" target=""_blank"">Naver</a>"
215090,솔디펜스,56.09112632557047,50.0,66.66666666666667,73.99827747720413,40.49263822366769,,"<a href=""https://m.stock.naver.com/domestic/stock/215090/total"" target=""_blank"">Naver</a>"
093320,케이아이엔엑스,56.06955156262231,34.34512261880505,88.27585993425721,99.20184824768126,69.46656366013701,,"<a href=""https://m.stock.naver.com/domestic/stock/093320/total"" target=""_blank"">Naver</a>"
009520,포스코엠텍,56.066531153340975,50.0,47.713213542830026,98.82108603057792,85.1223832915135,,"<a href=""https://m.stock.naver.com/domestic/stock/009520/total"" target=""_blank"">Naver</a>"
225570,넥슨게임즈,56.04907022932761,53.36950321462535,48.45066593259077,87.91567757614001,62.462681195814106,,"<a href=""https://m.stock.naver.com/domestic/stock/225570/total"" target=""_blank"">Naver</a>"
018700,바른손,56.03356276912626,72.83638583189826,4.550319207498339,71.69926994898876,80.48448946427703,,"<a href=""https://m.stock.naver.com/domestic/stock/018700/total"" target=""_blank"">Naver</a>"
095500,미래나노텍,55.98889613218746,59.773451609866555,41.72408470515558,61.57504345494251,70.72599288968779,,"<a href=""https://m.stock.naver.com/domestic/stock/095500/total"" target=""_blank"">Naver</a>"
126880,제이엔케이글로벌,55.9710256523459,50.0,54.418177736721425,86.12601655186653,75.07759125957784,,"<a href=""https://m.stock.naver.com/domestic/stock/126880/total"" target=""_blank"">Naver</a>"
119500,포메탈,55.959526468491376,50.0,49.3722662395306,94.55080840374961,83.2275813646753,,"<a href=""https://m.stock.naver.com/domestic/stock/119500/total"" target=""_blank"">Naver</a>"
099410,동방선기,55.95276040241766,50.0,55.862352397866324,88.59979581940932,62.54385442020296,,"<a href=""https://m.stock.naver.com/domestic/stock/099410/total"" target=""_blank"">Naver</a>"
024060,흥구석유,55.95115549686838,50.0,46.35762779168822,97.21106429423162,92.81284239046335,,"<a href=""https://m.stock.naver.com/domestic/stock/024060/total"" target=""_blank"">Naver</a>"
053050,지에스이,55.90537991933307,50.0,53.329006088736854,83.04754706698516,85.36747380900677,,"<a href=""https://m.stock.naver.com/domestic/stock/053050/total"" target=""_blank"">Naver</a>"
382900,범한퓨얼셀,55.84955235333016,50.0,49.90688719595524,98.3140546353172,70.82850181619256,,"<a href=""https://m.stock.naver.com/domestic/stock/382900/total"" target=""_blank"">Naver</a>"
067280,멀티캠퍼스,55.8459173528778,38.148933664600584,74.28295419385917,97.94943577169022,91.81750056967265,,"<a href=""https://m.stock.naver.com/domestic/stock/067280/total"" target=""_blank"">Naver</a>"
100660,서암기계공업,55.835608302974464,50.0,51.62842846961894,99.40156957112355,59.7668845691475,,"<a href=""https://m.stock.naver.com/domestic/stock/100660/total"" target=""_blank"">Naver</a>"
049550,잉크테크,55.792494530695826,47.87257193891256,61.985893878682084,89.27389085188636,52.90177624978275,,"<a href=""https://m.stock.naver.com/domestic/stock/049550/total"" target=""_blank"">Naver</a>"
252500,세화피앤씨,55.73544977245726,50.0,49.79242249098508,99.11696270867455,67.51295757687073,,"<a href=""https://m.stock.naver.com/domestic/stock/252500/total"" target=""_blank"">Naver</a>"
078140,대봉엘에스,55.71567651063168,42.95558294058022,69.77504166510421,94.73974204134976,60.49184251745032,,"<a href=""https://m.stock.naver.com/domestic/stock/078140/total"" target=""_blank"">Naver</a>"
080010,이상네트웍스,55.70066866691011,38.390731547126535,78.68588232614492,99.18244527364283,61.53029259467342,,"<a href=""https://m.stock.naver.com/domestic/stock/080010/total"" target=""_blank"">Naver</a>"
196700,웹스,55.617436765160036,72.81443829617045,12.15077149279442,65.19650722540564,47.4286038343721,,"<a href=""https://m.stock.naver.com/domestic/stock/196700/total"" target=""_blank"">Naver</a>"
058610,에스피지,55.578733988201,45.64692946100063,62.48398584588248,93.64277493847958,64.10604712564091,,"<a href=""https://m.stock.naver.com/domestic/stock/058610/total"" target=""_blank"">Naver</a>"
263800,데이타솔루션,55.55188998745382,50.0,53.155918659030334,76.2965461938556,92.66511406621345,,"<a href=""https://m.stock.naver.com/domestic/stock/263800/total"" target=""_blank"">Naver</a>"
217270,넵튠,55.51048982871156,81.10268415107835,0.0,48.28226141715717,40.41306392697683,,"<a href=""https://m.stock.naver.com/domestic/stock/217270/total"" target=""_blank"">Naver</a>"
032750,삼진,55.48566763649769,54.347078398545285,36.125395274717754,99.34925924868345,78.22291707645458,,"<a href=""https://m.stock.naver.com/domestic/stock/032750/total"" target=""_blank"">Naver</a>"
054040,한국컴퓨터,55.41473547680039,42.2446190675689,62.06544677011632,99.60412254829902,91.82380177800127,,"<a href=""https://m.stock.naver.com/domestic/stock/054040/total"" target=""_blank"">Naver</a>"
104200,NHN벅스,55.3791331844203,50.0,51.0626689717198,86.88714883559766,78.49502115861162,,"<a href=""https://m.stock.naver.com/domestic/stock/104200/total"" target=""_blank"">Naver</a>"
059120,아진엑스텍,55.36949307868864,50.0,54.83330981158715,94.39989998443599,44.42351254696507,,"<a href=""https://m.stock.naver.com/domestic/stock/059120/total"" target=""_blank"">Naver</a>"
376290,씨유테크,55.31771317898507,49.63318130047687,44.19107578114434,99.19572587096772,91.40925732632178,,"<a href=""https://m.stock.naver.com/domestic/stock/376290/total"" target=""_blank"">Naver</a>"
053060,세동,55.273621791528655,41.0050687550986,75.05573746076622,71.16440405094026,95.80411536367835,,"<a href=""https://m.stock.naver.com/domestic/stock/053060/total"" target=""_blank"">Naver</a>"
256940,킵스파마,55.23748912675229,82.19921834687545,0.0,27.561546842538355,63.23606868746358,,"<a href=""https://m.stock.naver.com/domestic/stock/256940/total"" target=""_blank"">Naver</a>"
039560,다산네트웍스,55.218682942308845,63.02525397713607,33.333333333333336,70.70197222693871,40.0,,"<a href=""https://m.stock.naver.com/domestic/stock/039560/total"" target=""_blank"">Naver</a>"
039010,현대에이치티,55.20676085977134,50.0,45.62813104601909,98.03869140084676,79.91717916363784,,"<a href=""https://m.stock.naver.com/domestic/stock/039010/total"" target=""_blank"">Naver</a>"
330350,위더스제약,55.1661625858422,50.0,54.99867930000507,89.33213860235354,49.66557801211152,,"<a href=""https://m.stock.naver.com/domestic/stock/330350/total"" target=""_blank"">Naver</a>"
115180,큐리언트,55.15656440976556,77.37793838663261,0.0,49.651731039930226,75.29256547585943,,"<a href=""https://m.stock.naver.com/domestic/stock/115180/total"" target=""_blank"">Naver</a>"
020180,대신정보통신,55.1388905461994,50.0,49.65306515524926,79.07157942420706,96.36932629932755,,"<a href=""https://m.stock.naver.com/domestic/stock/020180/total"" target=""_blank"">Naver</a>"
200230,텔콘RF제약,55.112961379971864,75.71696148989926,1.61218774228666,62.045305312967585,61.50414038327769,,"<a href=""https://m.stock.naver.com/domestic/stock/200230/total"" target=""_blank"">Naver</a>"
115500,케이씨에스,55.09815850309393,50.0,48.16229136797531,87.58529178196076,85.98112965808035,,"<a href=""https://m.stock.naver.com/domestic/stock/115500/total"" target=""_blank"">Naver</a>"
333620,엔시스,55.05296348669162,45.2444166280188,60.53285270381932,91.70960831787116,72.04279004276783,,"<a href=""https://m.stock.naver.com/domestic/stock/333620/total"" target=""_blank"">Naver</a>"
418420,라온텍,55.03778982177516,50.0,57.03289829176257,80.86978662869583,53.851731719298776,,"<a href=""https://m.stock.naver.com/domestic/stock/418420/total"" target=""_blank"">Naver</a>"
200470,에이팩트,55.03474355136976,50.0,53.81413807632623,74.76889571070531,82.08638922435344,,"<a href=""https://m.stock.naver.com/domestic/stock/200470/total"" target=""_blank"">Naver</a>"
060480,국일신동,54.95888082940283,50.0,47.89970690767374,99.77809512400827,60.12289180167134,,"<a href=""https://m.stock.naver.com/domestic/stock/060480/total"" target=""_blank"">Naver</a>"
263920,휴엠앤씨,54.913871771129806,50.0,50.210129399218,91.09001816187072,65.04675210276459,,"<a href=""https://m.stock.naver.com/domestic/stock/263920/total"" target=""_blank"">Naver</a>"
083640,인콘,54.89633775694936,50.0,52.71198109114329,76.79116849730306,80.78451268866463,,"<a href=""https://m.stock.naver.com/domestic/stock/083640/total"" target=""_blank"">Naver</a>"
214180,헥토이노베이션,54.79242684494815,39.20131396867773,74.90294517745403,88.85686529741193,73.2043127927363,,"<a href=""https://m.stock.naver.com/domestic/stock/214180/total"" target=""_blank"">Naver</a>"
063570,NICE인프라,54.77705055047349,53.21584010635967,52.55113435004364,55.16433004559103,83.86659789175349,,"<a href=""https://m.stock.naver.com/domestic/stock/063570/total"" target=""_blank"">Naver</a>"
195940,HK이노엔,54.726949266027155,50.0,54.73603185179314,78.4966835155541,63.86545903046925,,"<a href=""https://m.stock.naver.com/domestic/stock/195940/total"" target=""_blank"">Naver</a>"
234100,폴라리스세원,54.725363715066116,49.45949166732431,50.32508269384329,88.05851421020844,73.25093240379726,,"<a href=""https://m.stock.naver.com/domestic/stock/234100/total"" target=""_blank"">Naver</a>"
079190,케스피온,54.7224843357025,69.12661709888819,7.635189844051669,69.49422161630378,87.7658890745258,,"<a href=""https://m.stock.naver.com/domestic/stock/079190/total"" target=""_blank"">Naver</a>"
108860,셀바스AI,54.59167858060333,46.78608009264559,62.10093481191691,77.85247641480038,64.19098361113413,,"<a href=""https://m.stock.naver.com/domestic/stock/108860/total"" target=""_blank"">Naver</a>"
004590,한국가구,54.50975378825773,40.541454255029386,71.6149576366264,99.41228025907466,46.79827600352089,,"<a href=""https://m.stock.naver.com/domestic/stock/004590/total"" target=""_blank"">Naver</a>"
308100,형지글로벌,54.4526724528576,75.41160697603515,0.0,70.38187320753326,43.350418929663576,,"<a href=""https://m.stock.naver.com/domestic/stock/308100/total"" target=""_blank"">Naver</a>"
310870,디와이씨,54.39416972609757,45.765183066380956,62.9439739421982,82.88545875304266,58.21041050830357,,"<a href=""https://m.stock.naver.com/domestic/stock/310870/total"" target=""_blank"">Naver</a>"
019540,일지테크,54.393749972561075,66.66666666666667,24.173639954555398,39.9400679781658,87.12666372211294,,"<a href=""https://m.stock.naver.com/domestic/stock/019540/total"" target=""_blank"">Naver</a>"
372800,아이티아이즈,54.310518041430726,67.71134456867941,0.0,89.53261546267389,94.60899507911381,,"<a href=""https://m.stock.naver.com/domestic/stock/372800/total"" target=""_blank"">Naver</a>"
073570,리튬포어스,54.227578832320226,50.0,66.66666666666667,55.45183137446311,40.31458056414475,,"<a href=""https://m.stock.naver.com/domestic/stock/073570/total"" target=""_blank"">Naver</a>"
053260,금강철강,54.19351763052973,46.696278628951525,51.507807214812054,88.25591778969245,89.46413740973114,,"<a href=""https://m.stock.naver.com/domestic/stock/053260/total"" target=""_blank"">Naver</a>"
332570,PS일렉트로닉스,54.16517932294005,65.35321148940395,24.05673557973303,69.03336450031246,40.71464168666354,,"<a href=""https://m.stock.naver.com/domestic/stock/332570/total"" target=""_blank"">Naver</a>"
321260,프로이천,54.093536487400996,39.090078230668325,66.39673767428702,99.38915923422219,82.02778414012039,,"<a href=""https://m.stock.naver.com/domestic/stock/321260/total"" target=""_blank"">Naver</a>"
303530,이노뎁,54.07900565115522,50.0,42.834329807013034,87.9134783606354,91.58150726676854,,"<a href=""https://m.stock.naver.com/domestic/stock/303530/total"" target=""_blank"">Naver</a>"
033050,제이엠아이,54.0686642310749,46.004136468184846,56.05713005929979,87.5733340288497,73.89132864908144,,"<a href=""https://m.stock.naver.com/domestic/stock/033050/total"" target=""_blank"">Naver</a>"
137950,제이씨케미칼,54.04273648645006,42.13964906216511,64.73617202018764,81.79450435477023,87.90907217254119,,"<a href=""https://m.stock.naver.com/domestic/stock/137950/total"" target=""_blank"">Naver</a>"
043360,디지아이,54.02214158154406,50.0,47.90676695247654,97.64366247813523,45.62167191222808,,"<a href=""https://m.stock.naver.com/domestic/stock/043360/total"" target=""_blank"">Naver</a>"
089150,케이씨티,53.99897105856086,50.0,54.87933635849211,64.52810189162422,76.52653559550829,,"<a href=""https://m.stock.naver.com/domestic/stock/089150/total"" target=""_blank"">Naver</a>"
036170,에이치엠넥스,53.99022316993109,50.0,53.09719622426394,74.9400659644808,64.4383503483405,,"<a href=""https://m.stock.naver.com/domestic/stock/036170/total"" target=""_blank"">Naver</a>"
219420,링크제니시스,53.98673729796459,36.608065466497685,72.41770856410814,99.8836556546513,78.58210623147625,,"<a href=""https://m.stock.naver.com/domestic/stock/219420/total"" target=""_blank"">Naver</a>"
035610,솔본,53.96528619694422,71.83346320291959,0.0,74.52718742505365,68.24979065374191,,"<a href=""https://m.stock.naver.com/domestic/stock/035610/total"" target=""_blank"">Naver</a>"
092130,이크레더블,53.900112565698365,24.501001170698192,100.0,99.40266703709743,85.18490319139423,,"<a href=""https://m.stock.naver.com/domestic/stock/092130/total"" target=""_blank"">Naver</a>"
219550,디와이디,53.8872238100766,50.0,49.524073424151595,90.61681083750975,48.89048740575447,,"<a href=""https://m.stock.naver.com/domestic/stock/219550/total"" target=""_blank"">Naver</a>"
067730,로지시스,53.878725716366155,50.0,42.34070366344665,89.827715251364,86.21556550736182,,"<a href=""https://m.stock.naver.com/domestic/stock/067730/total"" target=""_blank"">Naver</a>"
087600,픽셀플러스,53.85375373159633,50.0,45.37417315658323,99.6981367968206,50.80793525536916,,"<a href=""https://m.stock.naver.com/domestic/stock/087600/total"" target=""_blank"">Naver</a>"
109610,에스와이,53.84762821994395,51.03627001186853,48.17114498691995,72.03100172973109,79.59959586239484,,"<a href=""https://m.stock.naver.com/domestic/stock/109610/total"" target=""_blank"">Naver</a>"
122450,KX,53.781999863763424,40.67379760914216,77.44634330883872,62.941105238795956,74.44049894377699,,"<a href=""https://m.stock.naver.com/domestic/stock/122450/total"" target=""_blank"">Naver</a>"
026040,제이에스티나,53.64695982648048,50.0,48.082693679414014,86.76577633975566,58.994175453028305,,"<a href=""https://m.stock.naver.com/domestic/stock/026040/total"" target=""_blank"">Naver</a>"
067370,선바이오,53.52206643903319,50.0,59.02962730933384,72.37509204879794,30.543008136398647,,"<a href=""https://m.stock.naver.com/domestic/stock/067370/total"" target=""_blank"">Naver</a>"
038500,삼표시멘트,53.496909667750586,47.568115395199584,58.11810930239239,67.77078346228564,72.98869517608354,,"<a href=""https://m.stock.naver.com/domestic/stock/038500/total"" target=""_blank"">Naver</a>"
032850,비트컴퓨터,53.49398748275823,35.02510212445514,75.41845713888381,99.63260445938593,73.22102954851188,,"<a href=""https://m.stock.naver.com/domestic/stock/032850/total"" target=""_blank"">Naver</a>"
154040,다산솔루에타,53.48814145867867,50.026797606012714,63.68267691117006,32.12801843142337,86.7718364827237,,"<a href=""https://m.stock.naver.com/domestic/stock/154040/total"" target=""_blank"">Naver</a>"
034950,한국기업평가,53.44630349860335,26.079100680580513,95.6342643319117,99.22513815861475,79.35526382831284,,"<a href=""https://m.stock.naver.com/domestic/stock/034950/total"" target=""_blank"">Naver</a>"
056730,CNT85,53.374567692243886,50.0,56.55686237324638,56.539062668712205,71.6289166412213,,"<a href=""https://m.stock.naver.com/domestic/stock/056730/total"" target=""_blank"">Naver</a>"
060720,KH바텍,53.315248162730015,43.82128391621175,53.57431511494324,90.06706230822874,92.44385606888555,,"<a href=""https://m.stock.naver.com/domestic/stock/060720/total"" target=""_blank"">Naver</a>"
062970,한국첨단소재,53.203451891370925,50.0,57.02435002918319,56.39401992624883,66.15924782900494,,"<a href=""https://m.stock.naver.com/domestic/stock/062970/total"" target=""_blank"">Naver</a>"
042110,에스씨디,53.160895999076125,41.76672746714362,56.49654508181255,98.20636166314485,83.12174164044664,,"<a href=""https://m.stock.naver.com/domestic/stock/042110/total"" target=""_blank"">Naver</a>"
020400,대동금속,53.05543338187906,50.0,47.98037199758113,66.02393826351631,89.15893112264297,,"<a href=""https://m.stock.naver.com/domestic/stock/020400/total"" target=""_blank"">Naver</a>"
054410,케이피티유,52.995232474947805,50.0,55.20444831127353,51.03270744970747,81.81699304317348,,"<a href=""https://m.stock.naver.com/domestic/stock/054410/total"" target=""_blank"">Naver</a>"
049830,승일,52.971702802884614,50.0,42.674678062959856,85.26603322748608,75.52859928792085,,"<a href=""https://m.stock.naver.com/domestic/stock/049830/total"" target=""_blank"">Naver</a>"
080220,제주반도체,52.93533284888545,35.03592523291321,77.78029442822482,99.45333838178219,50.46740527806193,,"<a href=""https://m.stock.naver.com/domestic/stock/080220/total"" target=""_blank"">Naver</a>"
228850,레이언스,52.935003160869655,35.34935250107652,78.87643489787872,98.09035588896,43.94494693716125,,"<a href=""https://m.stock.naver.com/domestic/stock/228850/total"" target=""_blank"">Naver</a>"
187270,신화콘텍,52.905200818727266,42.314114151338394,66.33455528489506,82.71730555528184,53.22725902344555,,"<a href=""https://m.stock.naver.com/domestic/stock/187270/total"" target=""_blank"">Naver</a>"
139670,키네마스터,52.8875253648229,71.85888100117673,0.0,52.57208789695541,90.29975948842645,,"<a href=""https://m.stock.naver.com/domestic/stock/139670/total"" target=""_blank"">Naver</a>"
018680,서울제약,52.664313324070505,50.0,47.880507280328686,79.05833450141233,55.76706107694205,,"<a href=""https://m.stock.naver.com/domestic/stock/018680/total"" target=""_blank"">Naver</a>"
058630,엠게임,52.647694383827826,25.177268422138273,95.53668878822992,99.20852445501791,74.72617375971167,,"<a href=""https://m.stock.naver.com/domestic/stock/058630/total"" target=""_blank"">Naver</a>"
036800,나이스정보통신,52.64190664686801,45.19942927056039,62.00051082223674,75.11239699689398,50.21763358566393,,"<a href=""https://m.stock.naver.com/domestic/stock/036800/total"" target=""_blank"">Naver</a>"
175140,휴먼테크놀로지,52.634897103872156,71.93957852442269,0.0,73.2414925962312,42.940014591908486,,"<a href=""https://m.stock.naver.com/domestic/stock/175140/total"" target=""_blank"">Naver</a>"
037350,성도이엔지,52.5983863333741,52.39059162373701,35.98858583741575,77.59954525734136,88.13860748087649,,"<a href=""https://m.stock.naver.com/domestic/stock/037350/total"" target=""_blank"">Naver</a>"
009300,삼아제약,52.57909010610661,35.19526773105196,77.40259749381424,99.698529992967,42.828541894503516,,"<a href=""https://m.stock.naver.com/domestic/stock/009300/total"" target=""_blank"">Naver</a>"
045520,크린앤사이언스,52.56975272875559,73.27161574271712,0.0,48.39057113452754,75.35452339345133,,"<a href=""https://m.stock.naver.com/domestic/stock/045520/total"" target=""_blank"">Naver</a>"
053350,이니텍,52.46230725883827,50.0,34.405737322808456,99.82118857988712,77.57508140294888,,"<a href=""https://m.stock.naver.com/domestic/stock/053350/total"" target=""_blank"">Naver</a>"
290120,DH오토리드,52.39667248025829,42.806777987037066,65.39058709937414,62.46062963315833,82.37791899753347,,"<a href=""https://m.stock.naver.com/domestic/stock/290120/total"" target=""_blank"">Naver</a>"
950170,JTC,52.37025084222921,72.03080299646759,0.0,74.30217792587062,34.43102503523198,,"<a href=""https://m.stock.naver.com/domestic/stock/950170/total"" target=""_blank"">Naver</a>"
238120,얼라인드,52.343387072381596,35.22544311746001,77.24802323873155,99.32008330297812,39.28214123849785,,"<a href=""https://m.stock.naver.com/domestic/stock/238120/total"" target=""_blank"">Naver</a>"
254120,자비스,52.30789268874145,58.883658682418,30.701138951568737,71.4235334936024,43.20118784076449,,"<a href=""https://m.stock.naver.com/domestic/stock/254120/total"" target=""_blank"">Naver</a>"
101360,에코앤드림,52.26508814428891,50.70310817248304,47.120782215292344,76.96243600571952,47.335681728080885,,"<a href=""https://m.stock.naver.com/domestic/stock/101360/total"" target=""_blank"">Naver</a>"
067770,세진티에스,52.25235542227824,60.69112509208865,18.423536190547473,74.9294085257567,74.77710933625035,,"<a href=""https://m.stock.naver.com/domestic/stock/067770/total"" target=""_blank"">Naver</a>"
389020,자람테크놀로지,52.17703738327001,50.0,49.00750222746408,76.89975467116282,44.703727185754175,,"<a href=""https://m.stock.naver.com/domestic/stock/389020/total"" target=""_blank"">Naver</a>"
068790,DMS,52.146533331140795,31.079681739871997,78.68943123909986,98.9336390696505,78.66005140955173,,"<a href=""https://m.stock.naver.com/domestic/stock/068790/total"" target=""_blank"">Naver</a>"
053800,안랩,52.106312614289905,39.82652585411986,61.461961481761996,86.29702124678397,84.30409213398198,,"<a href=""https://m.stock.naver.com/domestic/stock/053800/total"" target=""_blank"">Naver</a>"
144960,뉴파워프라즈마,52.09382866387114,50.37607223570131,51.509160332433396,60.06584262304389,59.68621954075233,,"<a href=""https://m.stock.naver.com/domestic/stock/144960/total"" target=""_blank"">Naver</a>"
282720,금양그린파워,52.081468376929024,33.333333333333336,77.89724596941396,97.29482271854206,57.55349225442648,,"<a href=""https://m.stock.naver.com/domestic/stock/282720/total"" target=""_blank"">Naver</a>"
042000,카페24,52.038423274657454,68.79722559941395,2.8741546759171066,59.123962511033426,82.58305989852926,,"<a href=""https://m.stock.naver.com/domestic/stock/042000/total"" target=""_blank"">Naver</a>"
032280,삼일,52.037487633642144,50.0,45.56618586895951,63.35236435771861,86.21409461260808,,"<a href=""https://m.stock.naver.com/domestic/stock/032280/total"" target=""_blank"">Naver</a>"
066430,아이로보틱스,52.022731618073394,50.0,43.91143589764071,71.57660992526067,77.74423302274299,,"<a href=""https://m.stock.naver.com/domestic/stock/066430/total"" target=""_blank"">Naver</a>"
008830,대동기어,51.94435147698152,50.0,50.85806327311163,55.68257470438677,73.23156376529865,,"<a href=""https://m.stock.naver.com/domestic/stock/008830/total"" target=""_blank"">Naver</a>"
054180,메디콕스,51.83931815697071,70.16703360592727,0.0,63.71946011032938,67.34303964762819,,"<a href=""https://m.stock.naver.com/domestic/stock/054180/total"" target=""_blank"">Naver</a>"
263720,디앤씨미디어,51.774067882577576,34.881694098716586,68.26339963011662,99.37733839986693,76.82935351663542,,"<a href=""https://m.stock.naver.com/domestic/stock/263720/total"" target=""_blank"">Naver</a>"
025550,한국선재,51.74258567788749,43.29190026135537,62.52864475123204,73.64198102251711,55.42172462029087,,"<a href=""https://m.stock.naver.com/domestic/stock/025550/total"" target=""_blank"">Naver</a>"
085660,차바이오텍,51.731539764677805,66.66666666666667,9.262486013291996,58.19340964926695,71.93154592856219,,"<a href=""https://m.stock.naver.com/domestic/stock/085660/total"" target=""_blank"">Naver</a>"
001840,이화공영,51.69639842721104,50.0,41.632666028040944,66.7045612335029,92.35551593701021,,"<a href=""https://m.stock.naver.com/domestic/stock/001840/total"" target=""_blank"">Naver</a>"
043150,바텍,51.68056437909876,28.414693148960037,89.56177374124222,99.03644897140195,46.753203145439855,,"<a href=""https://m.stock.naver.com/domestic/stock/043150/total"" target=""_blank"">Naver</a>"
357550,석경에이티,51.63204956953433,28.336346001026374,90.33482572132948,99.68041478280799,41.56988120610687,,"<a href=""https://m.stock.naver.com/domestic/stock/357550/total"" target=""_blank"">Naver</a>"
377330,이지트로닉스,51.601891078653,66.66666666666667,13.58805227236399,74.54878010562001,15.0,,"<a href=""https://m.stock.naver.com/domestic/stock/377330/total"" target=""_blank"">Naver</a>"
018620,우진비앤지,51.47133765944916,51.336227186945074,44.00531394202315,68.41500971150143,56.53543781252388,,"<a href=""https://m.stock.naver.com/domestic/stock/018620/total"" target=""_blank"">Naver</a>"
067000,조이시티,51.46893345391863,47.09319270495447,50.81786535498227,67.14594760259874,75.87913463881009,,"<a href=""https://m.stock.naver.com/domestic/stock/067000/total"" target=""_blank"">Naver</a>"
130740,티피씨글로벌,51.418644769216975,47.96596658430999,49.16454777901125,71.41462917133089,64.12929913490163,,"<a href=""https://m.stock.naver.com/domestic/stock/130740/total"" target=""_blank"">Naver</a>"
065450,빅텍,51.32556665503412,50.0,40.79492340489424,74.73953484316922,73.05764638987279,,"<a href=""https://m.stock.naver.com/domestic/stock/065450/total"" target=""_blank"">Naver</a>"
247660,나노씨엠에스,51.28663871609366,50.0,51.40470366823525,66.85462799034848,35.0,,"<a href=""https://m.stock.naver.com/domestic/stock/247660/total"" target=""_blank"">Naver</a>"
049480,오픈베이스,51.234179731484126,38.77970975046399,55.89882070833496,95.13008696627833,89.57280014988314,,"<a href=""https://m.stock.naver.com/domestic/stock/049480/total"" target=""_blank"">Naver</a>"
064090,인크레더블버즈,51.230600712791954,66.66666666666667,0.0,73.40206121349935,77.80789182884033,,"<a href=""https://m.stock.naver.com/domestic/stock/064090/total"" target=""_blank"">Naver</a>"
054300,팬스타엔터프라이즈,51.18214387952454,50.0,44.97420337251952,62.13876080504707,74.49433911779907,,"<a href=""https://m.stock.naver.com/domestic/stock/054300/total"" target=""_blank"">Naver</a>"
117670,알파칩스,51.17461244584731,63.18797568679861,8.907966489649066,67.29762084381123,86.10146653949519,,"<a href=""https://m.stock.naver.com/domestic/stock/117670/total"" target=""_blank"">Naver</a>"
126340,비나텍,51.16700266804859,35.4580043901158,77.56872897750911,74.03686862138153,61.92661854927371,,"<a href=""https://m.stock.naver.com/domestic/stock/126340/total"" target=""_blank"">Naver</a>"
038070,서린바이오,51.14289140651479,34.53008536012539,69.84091719851052,94.7796149749459,69.73298786634669,,"<a href=""https://m.stock.naver.com/domestic/stock/038070/total"" target=""_blank"">Naver</a>"
001000,신라섬유,51.120252985581466,50.0,48.62515508251685,49.63964214952254,80.0,,"<a href=""https://m.stock.naver.com/domestic/stock/001000/total"" target=""_blank"">Naver</a>"
084990,헬릭스미스,51.108448628973655,72.61439520629494,0.0,49.634966077750676,51.52629794843234,,"<a href=""https://m.stock.naver.com/domestic/stock/084990/total"" target=""_blank"">Naver</a>"
208350,지란지교시큐리티,51.03531939484501,33.333333333333336,75.81976965263239,80.84825871110624,79.91102221152586,,"<a href=""https://m.stock.naver.com/domestic/stock/208350/total"" target=""_blank"">Naver</a>"
089790,제이티,50.97966606439375,26.296345080675195,86.76129462998205,97.82042225459939,74.58986266066367,,"<a href=""https://m.stock.naver.com/domestic/stock/089790/total"" target=""_blank"">Naver</a>"
043260,성호전자,50.83268246498609,60.75882414219043,26.264710171381907,53.812390987117,48.59942676229315,,"<a href=""https://m.stock.naver.com/domestic/stock/043260/total"" target=""_blank"">Naver</a>"
259630,엠플러스,50.786849517510866,66.66666666666667,21.75896062742083,40.611472802916595,25.719241607279997,,"<a href=""https://m.stock.naver.com/domestic/stock/259630/total"" target=""_blank"">Naver</a>"
017000,신원종합개발,50.7505830460677,50.0,48.564270992094016,62.0656740814441,48.05895779799578,,"<a href=""https://m.stock.naver.com/domestic/stock/017000/total"" target=""_blank"">Naver</a>"
032300,한국파마,50.58662678773416,50.0,40.80534582617328,75.01380713684935,57.67819235011814,,"<a href=""https://m.stock.naver.com/domestic/stock/032300/total"" target=""_blank"">Naver</a>"
122990,와이솔,50.57405815878748,56.99194851670999,19.684633139338214,74.65101083314087,79.85259361225692,,"<a href=""https://m.stock.naver.com/domestic/stock/122990/total"" target=""_blank"">Naver</a>"
021320,KCC건설,50.426731973284404,50.0,41.18143966132233,56.80316406945057,89.02111302017548,,"<a href=""https://m.stock.naver.com/domestic/stock/021320/total"" target=""_blank"">Naver</a>"
019010,베뉴지,50.30949691177667,55.75807956727068,30.76915185059301,56.628918957902854,69.98938625951456,,"<a href=""https://m.stock.naver.com/domestic/stock/019010/total"" target=""_blank"">Naver</a>"
037950,엘컴텍,50.29700863398385,32.25851148844702,68.12101535605125,99.68245675773818,78.86804452258012,,"<a href=""https://m.stock.naver.com/domestic/stock/037950/total"" target=""_blank"">Naver</a>"
084110,휴온스글로벌,50.20709820936071,50.46163991178423,30.17906013703161,88.90588061733811,69.89522332596916,,"<a href=""https://m.stock.naver.com/domestic/stock/084110/total"" target=""_blank"">Naver</a>"
007390,네이처셀,50.203481629912936,66.66666666666667,7.893513987202145,74.80103133112398,15.0,,"<a href=""https://m.stock.naver.com/domestic/stock/007390/total"" target=""_blank"">Naver</a>"
043340,에쎈테크,50.18560785021923,50.0,45.3799770199282,50.94286479457311,74.92654231559737,,"<a href=""https://m.stock.naver.com/domestic/stock/043340/total"" target=""_blank"">Naver</a>"
101680,한국정밀기계,50.17884264061881,50.0,46.05504265357643,71.39135872108234,30.518922102329423,,"<a href=""https://m.stock.naver.com/domestic/stock/101680/total"" target=""_blank"">Naver</a>"
143540,영우디에스피,50.1162227091158,68.0344259619952,0.0,51.80087126577402,82.30960010682566,,"<a href=""https://m.stock.naver.com/domestic/stock/143540/total"" target=""_blank"">Naver</a>"
129920,대성하이텍,50.11434832266408,42.17633278993967,61.114605141428676,73.75178750173464,43.09437226339283,,"<a href=""https://m.stock.naver.com/domestic/stock/129920/total"" target=""_blank"">Naver</a>"
017650,대림제지,50.10357445481986,29.75567574328493,76.22504502877077,99.55064573899446,64.77686355513508,,"<a href=""https://m.stock.naver.com/domestic/stock/017650/total"" target=""_blank"">Naver</a>"
033290,코웰패션,50.081174850559755,35.07698285791662,66.10882075122919,80.91313854468872,88.32932187067233,,"<a href=""https://m.stock.naver.com/domestic/stock/033290/total"" target=""_blank"">Naver</a>"
078860,엔에스이엔엠,49.976842624637044,43.447012209034064,66.66666666666667,49.57908650987483,45.68119963124914,,"<a href=""https://m.stock.naver.com/domestic/stock/078860/total"" target=""_blank"">Naver</a>"
391710,코닉오토메이션,49.94684197839293,50.0,24.09887348039089,98.98878591283236,80.46490034023944,,"<a href=""https://m.stock.naver.com/domestic/stock/391710/total"" target=""_blank"">Naver</a>"
276730,한울앤제주,49.76857354085492,68.81200354026674,0.0,55.00164274637076,59.62414284115593,,"<a href=""https://m.stock.naver.com/domestic/stock/276730/total"" target=""_blank"">Naver</a>"
361570,알비더블유,49.75157309252572,46.98637426163071,45.25348346308143,63.62291936141076,77.6817146727172,,"<a href=""https://m.stock.naver.com/domestic/stock/361570/total"" target=""_blank"">Naver</a>"
061250,화일약품,49.743960669555534,50.0,27.61595089956491,99.85727118473014,57.08491652382584,,"<a href=""https://m.stock.naver.com/domestic/stock/061250/total"" target=""_blank"">Naver</a>"
044490,태웅,49.71736258559525,50.0,41.019322248425276,73.17643588236962,42.8977687050393,,"<a href=""https://m.stock.naver.com/domestic/stock/044490/total"" target=""_blank"">Naver</a>"
052400,코나아이,49.60784803469541,30.618941626734753,83.33831523946431,72.2849615134175,63.46816194893468,,"<a href=""https://m.stock.naver.com/domestic/stock/052400/total"" target=""_blank"">Naver</a>"
036480,대성미생물,49.59400968292621,50.0,49.119727566328365,50.0,46.28155582688232,,"<a href=""https://m.stock.naver.com/domestic/stock/036480/total"" target=""_blank"">Naver</a>"
121600,나노신소재,49.58783782514794,33.333333333333336,71.4750426488154,97.8091714770524,38.76320030477699,,"<a href=""https://m.stock.naver.com/domestic/stock/121600/total"" target=""_blank"">Naver</a>"
082920,비츠로셀,49.558634446424605,30.29825908521428,77.22028306529813,95.551870278329,50.38842402277217,,"<a href=""https://m.stock.naver.com/domestic/stock/082920/total"" target=""_blank"">Naver</a>"
065710,서호전기,49.52076461618749,26.517925285187754,79.37767537843658,99.51878741079206,76.27423718772981,,"<a href=""https://m.stock.naver.com/domestic/stock/065710/total"" target=""_blank"">Naver</a>"
226330,신테카바이오,49.46954619731822,46.13711285913763,55.81081242429616,48.34575375761605,60.0,,"<a href=""https://m.stock.naver.com/domestic/stock/226330/total"" target=""_blank"">Naver</a>"
237690,에스티팜,49.34818756292732,42.69664913824416,56.28913325269543,79.85694912241598,33.444397091307465,,"<a href=""https://m.stock.naver.com/domestic/stock/237690/total"" target=""_blank"">Naver</a>"
092040,아미코젠,49.2660830743273,67.00205913231824,10.04106769382977,44.390552424350304,42.310508580877716,,"<a href=""https://m.stock.naver.com/domestic/stock/092040/total"" target=""_blank"">Naver</a>"
054450,텔레칩스,49.15865758579059,33.333333333333336,68.13064349637789,91.70563526172576,59.108663710470736,,"<a href=""https://m.stock.naver.com/domestic/stock/054450/total"" target=""_blank"">Naver</a>"
277880,티에스아이,49.11501865652356,50.60088071688716,47.21345382927751,47.56978422588188,43.882966929674026,,"<a href=""https://m.stock.naver.com/domestic/stock/277880/total"" target=""_blank"">Naver</a>"
448370,하나27호스팩,49.04642436029928,50.0,36.522070479337835,74.63585522449857,,,"<a href=""https://m.stock.naver.com/domestic/stock/448370/total"" target=""_blank"">Naver</a>"
417180,핑거스토리,49.04465982784259,50.0,19.001856394123003,99.18393321623546,87.51604815376577,,"<a href=""https://m.stock.naver.com/domestic/stock/417180/total"" target=""_blank"">Naver</a>"
083660,CSA 코스믹,49.00722472513375,60.00879741629014,0.0,90.36479307053067,79.309339366132,,"<a href=""https://m.stock.naver.com/domestic/stock/083660/total"" target=""_blank"">Naver</a>"
003380,하림지주,48.92763621801451,37.32911568447645,63.56857204615517,63.07443447649011,86.6116069628167,,"<a href=""https://m.stock.naver.com/domestic/stock/003380/total"" target=""_blank"">Naver</a>"
195500,마니커에프앤지,48.92399808551575,50.0,35.95951962815263,68.92778268487805,60.82679819979569,,"<a href=""https://m.stock.naver.com/domestic/stock/195500/total"" target=""_blank"">Naver</a>"
064550,바이오니아,48.87015841060205,40.07851298764855,51.35708977728853,95.25967714705607,49.15620917970353,,"<a href=""https://m.stock.naver.com/domestic/stock/064550/total"" target=""_blank"">Naver</a>"
115450,HLB테라퓨틱스,48.867352734144575,64.07287361680646,0.0,73.76915311008597,60.93426506104204,,"<a href=""https://m.stock.naver.com/domestic/stock/115450/total"" target=""_blank"">Naver</a>"
066670,디티씨,48.8214042742631,35.192250512488876,65.49644633401265,76.39118409900769,73.85647946731689,,"<a href=""https://m.stock.naver.com/domestic/stock/066670/total"" target=""_blank"">Naver</a>"
335810,프리시젼바이오,48.747994849672914,69.17487478922322,0.0,52.2570098093673,40.34737990404505,,"<a href=""https://m.stock.naver.com/domestic/stock/335810/total"" target=""_blank"">Naver</a>"
950220,네오이뮨텍,48.69493738387698,60.528335819335666,0.0,99.43189023081736,,,"<a href=""https://m.stock.naver.com/domestic/stock/950220/total"" target=""_blank"">Naver</a>"
065680,우주일렉트로,48.68599696962319,33.890733235295635,61.77992612013056,93.1126265102661,71.90625694773114,,"<a href=""https://m.stock.naver.com/domestic/stock/065680/total"" target=""_blank"">Naver</a>"
032080,아즈텍WB,48.6779965662146,50.0,37.11562096845782,73.82608408293822,40.329658316126384,,"<a href=""https://m.stock.naver.com/domestic/stock/032080/total"" target=""_blank"">Naver</a>"
021650,한국큐빅,48.63428414010969,37.613324879203056,52.905843683516395,86.98775532712015,82.82105517993492,,"<a href=""https://m.stock.naver.com/domestic/stock/021650/total"" target=""_blank"">Naver</a>"
183300,코미코,48.59945433477191,25.405297562618717,80.5634343271762,87.92570753417272,88.45692923978731,,"<a href=""https://m.stock.naver.com/domestic/stock/183300/total"" target=""_blank"">Naver</a>"
035890,서희건설,48.57588128337574,30.728002600998053,68.30057267114417,87.0072016111019,87.26432787761355,,"<a href=""https://m.stock.naver.com/domestic/stock/035890/total"" target=""_blank"">Naver</a>"
123010,아이윈플러스,48.52118037267165,66.66666666666667,0.0,64.50097816912158,41.42165111518984,,"<a href=""https://m.stock.naver.com/domestic/stock/123010/total"" target=""_blank"">Naver</a>"
009620,삼보산업,48.48982800259038,56.68293041666479,25.68900723014956,35.47427560480591,90.20780769147042,,"<a href=""https://m.stock.naver.com/domestic/stock/009620/total"" target=""_blank"">Naver</a>"
198080,캐프,48.41952928291233,47.27444136175604,35.54129909010954,66.83909057234197,89.71261272194258,,"<a href=""https://m.stock.naver.com/domestic/stock/198080/total"" target=""_blank"">Naver</a>"
046310,백금T&A,48.38143453000159,31.12540682354131,66.49169994443281,98.16247329936621,65.34036239663965,,"<a href=""https://m.stock.naver.com/domestic/stock/046310/total"" target=""_blank"">Naver</a>"
222810,세토피아,48.38077562038106,62.684108652579845,1.603969970583848,60.98344664000342,85.41946544373704,,"<a href=""https://m.stock.naver.com/domestic/stock/222810/total"" target=""_blank"">Naver</a>"
012620,원일특강,48.36490776850936,38.09540639173798,54.0416881936477,84.22845163160275,71.48793443788753,,"<a href=""https://m.stock.naver.com/domestic/stock/012620/total"" target=""_blank"">Naver</a>"
388790,라이콤,48.275317982562804,50.0,33.64769567621562,74.49628164380752,,,"<a href=""https://m.stock.naver.com/domestic/stock/388790/total"" target=""_blank"">Naver</a>"
016920,카스,48.27365334830271,43.810618183033796,48.59329178081293,63.46023710608064,69.85871565342259,,"<a href=""https://m.stock.naver.com/domestic/stock/016920/total"" target=""_blank"">Naver</a>"
229000,젠큐릭스,48.09561275603942,72.94356136363876,0.0,22.193694365533524,42.20213002605638,,"<a href=""https://m.stock.naver.com/domestic/stock/229000/total"" target=""_blank"">Naver</a>"
024850,HLB이노베이션,48.05311332342552,50.0,26.11959384386439,73.04670760490063,84.37088203938734,,"<a href=""https://m.stock.naver.com/domestic/stock/024850/total"" target=""_blank"">Naver</a>"
264850,이랜시스,48.024744808329864,36.51776507688718,51.69756279874165,89.30272217278838,85.18845690466601,,"<a href=""https://m.stock.naver.com/domestic/stock/264850/total"" target=""_blank"">Naver</a>"
317240,TS트릴리온,47.980286513673825,63.07023418996034,8.606851613978865,40.43083325356317,78.86699541693179,,"<a href=""https://m.stock.naver.com/domestic/stock/317240/total"" target=""_blank"">Naver</a>"
311690,CJ 바이오사이언스,47.9636269822385,65.32201683470345,0.0,49.23086960984412,76.9465984086405,,"<a href=""https://m.stock.naver.com/domestic/stock/311690/total"" target=""_blank"">Naver</a>"
024880,케이피에프,47.93738938580947,40.92326128743966,53.772463498029744,62.186568945060124,74.43319688664448,,"<a href=""https://m.stock.naver.com/domestic/stock/024880/total"" target=""_blank"">Naver</a>"
222420,쎄노텍,47.908066939231475,50.0,42.45522903654421,55.872453519879144,34.14028656215004,,"<a href=""https://m.stock.naver.com/domestic/stock/222420/total"" target=""_blank"">Naver</a>"
051370,인터플렉스,47.89892956533876,31.54674888877067,58.86458705868805,97.60063961855036,89.89339011098623,,"<a href=""https://m.stock.naver.com/domestic/stock/051370/total"" target=""_blank"">Naver</a>"
419540,비스토스,47.890137608587395,50.0,17.142881043150997,99.28201025687562,73.5243264422417,,"<a href=""https://m.stock.naver.com/domestic/stock/419540/total"" target=""_blank"">Naver</a>"
031310,아이즈비전,47.87386382570042,49.64269605263227,30.734232189816613,72.93709346578213,62.21957600177388,,"<a href=""https://m.stock.naver.com/domestic/stock/031310/total"" target=""_blank"">Naver</a>"
066410,버킷스튜디오,47.827724617275855,66.66666666666667,0.0,46.77339900492259,63.007694335671914,,"<a href=""https://m.stock.naver.com/domestic/stock/066410/total"" target=""_blank"">Naver</a>"
095910,에스에너지,47.792780770164875,62.60132430453103,8.72072978218147,53.55605529913747,53.92396423974279,,"<a href=""https://m.stock.naver.com/domestic/stock/095910/total"" target=""_blank"">Naver</a>"
068050,팬엔터테인먼트,47.763893068434164,50.0,38.090945561906935,63.62262418310375,37.57788519294094,,"<a href=""https://m.stock.naver.com/domestic/stock/068050/total"" target=""_blank"">Naver</a>"
274090,켄코아에어로스페이스,47.74571048669712,39.31999423926456,54.06769119559337,85.00904157410613,42.717739736588555,,"<a href=""https://m.stock.naver.com/domestic/stock/274090/total"" target=""_blank"">Naver</a>"
206400,베노티앤알,47.695416950667,57.65382516506988,0.0,94.34126937938443,73.3798982737326,,"<a href=""https://m.stock.naver.com/domestic/stock/206400/total"" target=""_blank"">Naver</a>"
271830,팸텍,47.497470247718645,20.57842168436596,92.52880842154018,91.21432249485221,57.935657644575926,,"<a href=""https://m.stock.naver.com/domestic/stock/271830/total"" target=""_blank"">Naver</a>"
051380,피씨디렉트,47.48488658421946,50.0,25.155082703098884,67.26061675656834,89.40108465575803,,"<a href=""https://m.stock.naver.com/domestic/stock/051380/total"" target=""_blank"">Naver</a>"
170030,현대공업,47.43779613735627,31.84207252094444,56.91865171354063,96.09605354519877,89.86568683769144,,"<a href=""https://m.stock.naver.com/domestic/stock/170030/total"" target=""_blank"">Naver</a>"
115530,씨엔플러스,47.41440349368192,38.25961162016983,56.72390400100102,65.14864848768087,75.25591345123362,,"<a href=""https://m.stock.naver.com/domestic/stock/115530/total"" target=""_blank"">Naver</a>"
049960,쎌바이오텍,47.413537240077694,29.078260948993826,68.42187917118567,93.8928881175341,69.43644132263142,,"<a href=""https://m.stock.naver.com/domestic/stock/049960/total"" target=""_blank"">Naver</a>"
096530,씨젠,47.39069133385464,34.12449116013414,58.42189873159126,98.58876879581499,49.03290150589686,,"<a href=""https://m.stock.naver.com/domestic/stock/096530/total"" target=""_blank"">Naver</a>"
097800,윈팩,47.330838970177524,50.0,34.38485117777795,44.05447173955866,86.58358003554346,,"<a href=""https://m.stock.naver.com/domestic/stock/097800/total"" target=""_blank"">Naver</a>"
039200,오스코텍,47.28082128593007,66.38735767787595,0.0,49.29980929738471,50.36851498932046,,"<a href=""https://m.stock.naver.com/domestic/stock/039200/total"" target=""_blank"">Naver</a>"
223310,딥마인드,47.27733681513272,50.0,17.0290678712843,99.61943260732532,61.16253173158231,,"<a href=""https://m.stock.naver.com/domestic/stock/223310/total"" target=""_blank"">Naver</a>"
078130,국일제지,47.23355449199335,65.0006540099732,2.5888299686867975,41.16828426795507,69.38252334084439,,"<a href=""https://m.stock.naver.com/domestic/stock/078130/total"" target=""_blank"">Naver</a>"
215480,토박스코리아,47.2129707465654,28.42447875136666,70.00531593516975,99.40503096596107,54.32902830713714,,"<a href=""https://m.stock.naver.com/domestic/stock/215480/total"" target=""_blank"">Naver</a>"
348030,모비릭스,47.16561561616376,29.97793060311136,61.59002685816785,94.86693612972574,85.89313853564823,,"<a href=""https://m.stock.naver.com/domestic/stock/348030/total"" target=""_blank"">Naver</a>"
290380,대유,47.13772042494104,50.0,24.843025209814368,90.45805677495636,37.62316889983625,,"<a href=""https://m.stock.naver.com/domestic/stock/290380/total"" target=""_blank"">Naver</a>"
236200,슈프리마,47.11075439420166,25.842634035560263,80.01402333727353,94.46037331082564,43.11261614929123,,"<a href=""https://m.stock.naver.com/domestic/stock/236200/total"" target=""_blank"">Naver</a>"
357580,아모센스,47.10644567720866,50.0,33.019094653607446,64.630367046034,47.77270618406798,,"<a href=""https://m.stock.naver.com/domestic/stock/357580/total"" target=""_blank"">Naver</a>"
096240,크레버스,47.03239115383613,36.66658842545163,61.06680869032226,52.36281059240702,90.58909733487772,,"<a href=""https://m.stock.naver.com/domestic/stock/096240/total"" target=""_blank"">Naver</a>"
245620,EDGC,46.948952556956584,67.76869302291382,0.13947709492055926,27.5,70.05734938956313,,"<a href=""https://m.stock.naver.com/domestic/stock/245620/total"" target=""_blank"">Naver</a>"
019570,플루토스,46.947466118094425,66.66666666666667,4.16058442573523,49.073200116606145,20.0,,"<a href=""https://m.stock.naver.com/domestic/stock/019570/total"" target=""_blank"">Naver</a>"
376930,노을,46.90233654663432,59.97394320305813,0.0,99.11973967494275,20.119933146103353,,"<a href=""https://m.stock.naver.com/domestic/stock/376930/total"" target=""_blank"">Naver</a>"
308080,바이젠셀,46.88750444813641,57.643742697147104,0.0,99.5688360744133,,,"<a href=""https://m.stock.naver.com/domestic/stock/308080/total"" target=""_blank"">Naver</a>"
042040,케이피엠테크,46.8707039639139,57.47078708174711,9.259753037087226,71.33150654403936,58.802856023797844,,"<a href=""https://m.stock.naver.com/domestic/stock/042040/total"" target=""_blank"">Naver</a>"
208640,썸에이지,46.847790062548896,60.49982620590385,0.0,73.8891560952406,63.17957458965054,,"<a href=""https://m.stock.naver.com/domestic/stock/208640/total"" target=""_blank"">Naver</a>"
054620,APS,46.83509140065952,42.4821479002535,54.16705432983437,56.38927700211224,43.30222755675213,,"<a href=""https://m.stock.naver.com/domestic/stock/054620/total"" target=""_blank"">Naver</a>"
150840,인트로메딕,46.828011325002755,66.75865633724267,0.0,52.09284021955433,31.270670014034497,,"<a href=""https://m.stock.naver.com/domestic/stock/150840/total"" target=""_blank"">Naver</a>"
011080,형지I&C,46.7946670068027,50.0,31.524006778789,64.20298126747787,49.867343707153196,,"<a href=""https://m.stock.naver.com/domestic/stock/011080/total"" target=""_blank"">Naver</a>"
121890,에스디시스템,46.792693331954766,50.0,18.768187404359878,72.88371911225653,96.24549139278291,,"<a href=""https://m.stock.naver.com/domestic/stock/121890/total"" target=""_blank"">Naver</a>"
131100,티엔엔터테인먼트,46.7237640517893,50.0,31.869244679604268,48.588252645414684,77.95255234693535,,"<a href=""https://m.stock.naver.com/domestic/stock/131100/total"" target=""_blank"">Naver</a>"
054780,키이스트,46.7223882494303,50.0,23.729042934577397,67.03201504281195,81.73852023009519,,"<a href=""https://m.stock.naver.com/domestic/stock/054780/total"" target=""_blank"">Naver</a>"
337930,젝시믹스,46.658204720678235,30.74677206493671,61.72384335374246,98.23239676268241,59.11881934024701,,"<a href=""https://m.stock.naver.com/domestic/stock/337930/total"" target=""_blank"">Naver</a>"
052260,현대바이오랜드,46.61463595639126,35.220714588612594,56.723396838453674,88.99947561556223,48.02820864108127,,"<a href=""https://m.stock.naver.com/domestic/stock/052260/total"" target=""_blank"">Naver</a>"
126600,BGF에코머티리얼즈,46.59787019272233,33.28826114571397,61.0068939548248,85.3767417410098,56.710316849735584,,"<a href=""https://m.stock.naver.com/domestic/stock/126600/total"" target=""_blank"">Naver</a>"
159910,에코글로우,46.56842994624177,59.50575224989129,0.0,73.74354990249371,69.81247212115244,,"<a href=""https://m.stock.naver.com/domestic/stock/159910/total"" target=""_blank"">Naver</a>"
073110,엘엠에스,46.547639214819476,49.17242863272478,30.98036266779083,69.77247323961736,46.436880885503285,,"<a href=""https://m.stock.naver.com/domestic/stock/073110/total"" target=""_blank"">Naver</a>"
118990,모트렉스,46.48279627401371,29.556300103830864,72.45886309753585,70.27380434107087,72.13840006448272,,"<a href=""https://m.stock.naver.com/domestic/stock/118990/total"" target=""_blank"">Naver</a>"
335870,윙스풋,46.4393823283433,50.0,20.154994977575267,84.89210070275495,58.2284702734797,,"<a href=""https://m.stock.naver.com/domestic/stock/335870/total"" target=""_blank"">Naver</a>"
048470,대동스틸,46.405016052729415,50.0,18.866582133621023,74.16063034985564,85.446149686772,,"<a href=""https://m.stock.naver.com/domestic/stock/048470/total"" target=""_blank"">Naver</a>"
142760,모아라이프플러스,46.39045093289437,62.29919231149048,0.0,52.818812303487306,74.58108631302704,,"<a href=""https://m.stock.naver.com/domestic/stock/142760/total"" target=""_blank"">Naver</a>"
024910,경창산업,46.37429376181015,38.1641556515463,57.759873948221895,46.63884331061257,87.43895105531301,,"<a href=""https://m.stock.naver.com/domestic/stock/024910/total"" target=""_blank"">Naver</a>"
091340,S&K폴리텍,46.30892202984852,47.138958164896934,30.93421919277483,59.995155859167966,85.8495349359972,,"<a href=""https://m.stock.naver.com/domestic/stock/091340/total"" target=""_blank"">Naver</a>"
187790,나노,46.28100113328682,58.21549763873227,0.0,75.00599101461698,77.02206897171521,,"<a href=""https://m.stock.naver.com/domestic/stock/187790/total"" target=""_blank"">Naver</a>"
028300,HLB,46.162808648531986,59.49955424071968,0.0,69.23755605814216,70.78640996571926,,"<a href=""https://m.stock.naver.com/domestic/stock/028300/total"" target=""_blank"">Naver</a>"
196450,코아시아씨엠,46.129752462771336,50.050160873395306,21.839135557337254,59.74158910461097,93.31426277877478,,"<a href=""https://m.stock.naver.com/domestic/stock/196450/total"" target=""_blank"">Naver</a>"
131290,티에스이,46.125903309868434,21.40896670680245,81.67954046180809,96.11544535760562,64.98187269148757,,"<a href=""https://m.stock.naver.com/domestic/stock/131290/total"" target=""_blank"">Naver</a>"
060240,스타코링크,46.04838579103906,58.046785643282874,0.0,74.61263367843696,75.18102074451274,,"<a href=""https://m.stock.naver.com/domestic/stock/060240/total"" target=""_blank"">Naver</a>"
298540,더네이쳐홀딩스,45.99184757286423,23.553235752593135,83.26654903589703,86.70215138413568,47.46107447841054,,"<a href=""https://m.stock.naver.com/domestic/stock/298540/total"" target=""_blank"">Naver</a>"
041910,폴라리스AI파마,45.97868000248442,50.0,18.42992520827787,90.68083270921184,46.06230858987531,,"<a href=""https://m.stock.naver.com/domestic/stock/041910/total"" target=""_blank"">Naver</a>"
378800,샤페론,45.95525993665994,66.66666666666667,0.0,49.55259936659945,20.0,,"<a href=""https://m.stock.naver.com/domestic/stock/378800/total"" target=""_blank"">Naver</a>"
189330,씨이랩,45.95442001496178,66.66666666666667,0.0,49.544200149617765,20.0,,"<a href=""https://m.stock.naver.com/domestic/stock/189330/total"" target=""_blank"">Naver</a>"
060280,큐렉소,45.94710047588282,50.0,25.54266613210029,74.48833188726603,42.25201508262283,,"<a href=""https://m.stock.naver.com/domestic/stock/060280/total"" target=""_blank"">Naver</a>"
311390,네오크레마,45.832736842555434,49.794600028667794,22.8021063582345,63.45161972746462,78.20576526099343,,"<a href=""https://m.stock.naver.com/domestic/stock/311390/total"" target=""_blank"">Naver</a>"
293780,압타바이오,45.818082599000235,66.66666666666667,0.0,48.180825990002376,20.0,,"<a href=""https://m.stock.naver.com/domestic/stock/293780/total"" target=""_blank"">Naver</a>"
023440,제이스코홀딩스,45.79885736168786,66.66666666666667,0.0,44.234399131645766,27.5083489704656,,"<a href=""https://m.stock.naver.com/domestic/stock/023440/total"" target=""_blank"">Naver</a>"
359090,씨엔알리서치,45.79494460828582,27.24674203733758,66.47228208494178,87.72947399647853,81.11762929999948,,"<a href=""https://m.stock.naver.com/domestic/stock/359090/total"" target=""_blank"">Naver</a>"
097870,효성오앤비,45.75779603501821,27.979866589093046,68.27112306809869,99.07042030129713,39.90106568815984,,"<a href=""https://m.stock.naver.com/domestic/stock/097870/total"" target=""_blank"">Naver</a>"
217190,제너셈,45.74095361205487,21.706775448250408,84.25587634885079,86.48763452241714,60.08311607300409,,"<a href=""https://m.stock.naver.com/domestic/stock/217190/total"" target=""_blank"">Naver</a>"
389030,지니너스,45.72125269419694,66.66666666666667,0.0,49.71252694196943,15.0,,"<a href=""https://m.stock.naver.com/domestic/stock/389030/total"" target=""_blank"">Naver</a>"
009780,엠에스씨,45.6679394209609,25.203854058567742,72.60910352934957,95.75651588299999,56.35399030365731,,"<a href=""https://m.stock.naver.com/domestic/stock/009780/total"" target=""_blank"">Naver</a>"
002800,신신제약,45.62214936573286,34.43860249657796,56.935922318104964,76.91743536432311,60.66527503655068,,"<a href=""https://m.stock.naver.com/domestic/stock/002800/total"" target=""_blank"">Naver</a>"
389260,대명에너지,45.468948763637066,16.666666666666668,99.4618861668715,78.24895895393512,55.57162653051358,,"<a href=""https://m.stock.naver.com/domestic/stock/389260/total"" target=""_blank"">Naver</a>"
215000,골프존,45.4585582181326,15.030776767734201,90.30824759636796,97.7264069621375,81.80779124372677,,"<a href=""https://m.stock.naver.com/domestic/stock/215000/total"" target=""_blank"">Naver</a>"
307280,원바이오젠,45.44197943173644,31.30682125323956,61.10026163953106,88.00004597428553,51.65633344962776,,"<a href=""https://m.stock.naver.com/domestic/stock/307280/total"" target=""_blank"">Naver</a>"
080580,오킨스전자,45.404071939822295,35.70422045958967,57.58490013150321,63.83550184706905,64.0352889297157,,"<a href=""https://m.stock.naver.com/domestic/stock/080580/total"" target=""_blank"">Naver</a>"
100120,뷰웍스,45.358608571665414,24.069789496445605,74.89033318191223,98.80545169546114,46.27212817547762,,"<a href=""https://m.stock.naver.com/domestic/stock/100120/total"" target=""_blank"">Naver</a>"
175250,아이큐어,45.22684339887703,63.29812839092244,0.0,44.28232651112964,56.39467426421209,,"<a href=""https://m.stock.naver.com/domestic/stock/175250/total"" target=""_blank"">Naver</a>"
183490,엔지켐생명과학,45.22070147544966,60.78530758446053,0.0,66.8942819840363,41.20177452739419,,"<a href=""https://m.stock.naver.com/domestic/stock/183490/total"" target=""_blank"">Naver</a>"
265520,AP시스템,45.16385133273663,18.712769004693822,82.41683788836745,94.54385172531904,77.55190570593132,,"<a href=""https://m.stock.naver.com/domestic/stock/265520/total"" target=""_blank"">Naver</a>"
058820,CMG제약,45.06614541805371,33.333333333333336,58.092158074101285,96.56348135305855,17.735155284450595,,"<a href=""https://m.stock.naver.com/domestic/stock/058820/total"" target=""_blank"">Naver</a>"
031330,에스에이엠티,45.063434116495934,27.514147523773712,58.87647503734545,93.80802404071059,89.10048877648568,,"<a href=""https://m.stock.naver.com/domestic/stock/031330/total"" target=""_blank"">Naver</a>"
021040,대호특수강,45.01745076762353,50.0,25.127265815171544,43.23685546025672,88.23897535609944,,"<a href=""https://m.stock.naver.com/domestic/stock/021040/total"" target=""_blank"">Naver</a>"
149950,아바텍,44.94471087216797,50.0,13.954434049693262,74.75998056730627,79.6020860602805,,"<a href=""https://m.stock.naver.com/domestic/stock/149950/total"" target=""_blank"">Naver</a>"
033340,좋은사람들,44.90607607657913,53.61968499647772,10.514838693502538,74.23074870190074,53.649610702535796,,"<a href=""https://m.stock.naver.com/domestic/stock/033340/total"" target=""_blank"">Naver</a>"
091970,나노캠텍,44.84855438822246,51.922408224900515,8.610787690857094,71.46175205086169,87.9247465096343,,"<a href=""https://m.stock.naver.com/domestic/stock/091970/total"" target=""_blank"">Naver</a>"
030960,양지사,44.74688366289615,50.0,20.183190047551022,74.86433437406485,44.293054272038106,,"<a href=""https://m.stock.naver.com/domestic/stock/030960/total"" target=""_blank"">Naver</a>"
900070,글로벌에스엠,44.74079121719668,27.756144631173925,60.49079981504584,96.34777646546132,66.59253676369454,,"<a href=""https://m.stock.naver.com/domestic/stock/900070/total"" target=""_blank"">Naver</a>"
060250,NHN KCP,44.648826583606265,25.982629027343098,62.19718975413761,86.7132967067127,96.77244115989474,,"<a href=""https://m.stock.naver.com/domestic/stock/060250/total"" target=""_blank"">Naver</a>"
263860,지니언스,44.62813445252872,18.057542124506845,81.99874944852142,99.46419073355041,66.95005484678424,,"<a href=""https://m.stock.naver.com/domestic/stock/263860/total"" target=""_blank"">Naver</a>"
348080,큐라티스,44.583333333333336,50.0,33.333333333333336,52.5,20.0,,"<a href=""https://m.stock.naver.com/domestic/stock/348080/total"" target=""_blank"">Naver</a>"
084650,랩지노믹스,44.58006833317593,12.822534447093787,94.02067575855351,98.58055476597788,70.46646497366984,,"<a href=""https://m.stock.naver.com/domestic/stock/084650/total"" target=""_blank"">Naver</a>"
217330,싸이토젠,44.54143360251604,67.20981841405462,0.0,17.643951304185315,49.02294847329478,,"<a href=""https://m.stock.naver.com/domestic/stock/217330/total"" target=""_blank"">Naver</a>"
068240,다원시스,44.53841301710393,63.64002714744436,0.0,46.03662495008028,35.01468467258559,,"<a href=""https://m.stock.naver.com/domestic/stock/068240/total"" target=""_blank"">Naver</a>"
101730,위메이드맥스,44.44535158212802,12.643838332669636,93.47822998111168,95.8690036213229,78.05181450232052,,"<a href=""https://m.stock.naver.com/domestic/stock/101730/total"" target=""_blank"">Naver</a>"
038530,케이바이오,44.43474241217875,50.0,12.729021370698867,74.41337321435503,76.22299496137057,,"<a href=""https://m.stock.naver.com/domestic/stock/038530/total"" target=""_blank"">Naver</a>"
138360,협진,44.41053180138605,50.0,19.34349146334949,74.19298176722053,43.10721517653246,,"<a href=""https://m.stock.naver.com/domestic/stock/138360/total"" target=""_blank"">Naver</a>"
361670,삼영에스앤씨,44.33882106186953,50.0,7.806052957502837,99.57995843108675,48.58623958770275,,"<a href=""https://m.stock.naver.com/domestic/stock/361670/total"" target=""_blank"">Naver</a>"
299030,하나기술,44.22516218194775,43.394942629502104,29.213915084523492,77.98047309646522,61.7334104693819,,"<a href=""https://m.stock.naver.com/domestic/stock/299030/total"" target=""_blank"">Naver</a>"
446750,하나26호스팩,44.19987464127621,50.0,23.74535812049472,60.53541379088714,,,"<a href=""https://m.stock.naver.com/domestic/stock/446750/total"" target=""_blank"">Naver</a>"
418550,제이오,44.17176326096633,50.0,10.994328814706288,73.89638745643283,80.67084623292962,,"<a href=""https://m.stock.naver.com/domestic/stock/418550/total"" target=""_blank"">Naver</a>"
262840,아이퀘스트,44.14903310998868,22.320414503471696,69.82750856361145,91.6886041365033,82.62093706704948,,"<a href=""https://m.stock.naver.com/domestic/stock/262840/total"" target=""_blank"">Naver</a>"
054090,삼진엘앤디,44.136586749459255,46.29533526759985,25.19974405969623,60.25703578305429,80.67491991339708,,"<a href=""https://m.stock.naver.com/domestic/stock/054090/total"" target=""_blank"">Naver</a>"
347770,핌스,44.12486126909451,38.010737919754774,43.10414333425113,65.93341570061388,78.98082227234944,,"<a href=""https://m.stock.naver.com/domestic/stock/347770/total"" target=""_blank"">Naver</a>"
032860,더라미,44.11770872107883,50.0,7.943424452700718,74.70146946402122,93.23411323003047,,"<a href=""https://m.stock.naver.com/domestic/stock/032860/total"" target=""_blank"">Naver</a>"
050760,에스폴리텍,44.10584592728913,48.928924801327334,18.668157755264136,64.4997720787082,72.62948799611743,,"<a href=""https://m.stock.naver.com/domestic/stock/050760/total"" target=""_blank"">Naver</a>"
348340,뉴로메카,44.10318360574073,66.66666666666667,0.0,33.53183605740734,15.0,,"<a href=""https://m.stock.naver.com/domestic/stock/348340/total"" target=""_blank"">Naver</a>"
296640,이노룰스,44.0911485260146,23.344526402659188,66.30556629568552,99.7488029096226,70.66321639070894,,"<a href=""https://m.stock.naver.com/domestic/stock/296640/total"" target=""_blank"">Naver</a>"
035290,골드앤에스,44.05692882906292,50.0,0.0,99.04490002667775,83.04877652790286,,"<a href=""https://m.stock.naver.com/domestic/stock/035290/total"" target=""_blank"">Naver</a>"
053980,오상자이엘,44.04855832850296,25.540384220085524,59.652424550390855,98.02318115726,80.17807086255871,,"<a href=""https://m.stock.naver.com/domestic/stock/053980/total"" target=""_blank"">Naver</a>"
105550,엣지파운드리,43.88542271553011,59.80851407428377,5.465735027893568,56.754291974733974,19.16902633026111,,"<a href=""https://m.stock.naver.com/domestic/stock/105550/total"" target=""_blank"">Naver</a>"
189860,서전기전,43.87544414568606,50.0,10.618836625644649,66.46603738012851,91.48262502524095,,"<a href=""https://m.stock.naver.com/domestic/stock/189860/total"" target=""_blank"">Naver</a>"
103840,우양,43.80268346643884,50.0,24.278528785053254,38.18782795129813,78.28536950091436,,"<a href=""https://m.stock.naver.com/domestic/stock/103840/total"" target=""_blank"">Naver</a>"
012700,리드코프,43.701074788666745,25.950139699933473,72.94140299081837,52.54901779160506,92.81476883683132,,"<a href=""https://m.stock.naver.com/domestic/stock/012700/total"" target=""_blank"">Naver</a>"
355150,코스텍시스,43.699891308604634,50.0,26.666666666666668,54.988325046298876,30.687842746161614,,"<a href=""https://m.stock.naver.com/domestic/stock/355150/total"" target=""_blank"">Naver</a>"
065510,휴비츠,43.6863747028612,21.465684886901453,78.16462657529345,90.44216455012047,44.43181343769838,,"<a href=""https://m.stock.naver.com/domestic/stock/065510/total"" target=""_blank"">Naver</a>"
014470,부방,43.647840061693685,29.570715355411863,65.32015321990616,51.48808309889477,88.53128467161098,,"<a href=""https://m.stock.naver.com/domestic/stock/014470/total"" target=""_blank"">Naver</a>"
142280,녹십자엠에스,43.6354550698436,48.64106209917261,20.168815853702707,53.994150632338986,80.18397567360917,,"<a href=""https://m.stock.naver.com/domestic/stock/142280/total"" target=""_blank"">Naver</a>"
037230,한국팩키지,43.588097776974664,50.0,20.4311238083512,43.44020921820404,82.72591806132925,,"<a href=""https://m.stock.naver.com/domestic/stock/037230/total"" target=""_blank"">Naver</a>"
179530,애드바이오텍,43.585663341601744,39.34953421368391,53.037521004961,48.03857902000729,38.25409320300834,,"<a href=""https://m.stock.naver.com/domestic/stock/179530/total"" target=""_blank"">Naver</a>"
131220,대한과학,43.56521455152261,21.922458954053408,69.56506256783591,99.27387965331442,61.86171143600288,,"<a href=""https://m.stock.naver.com/domestic/stock/131220/total"" target=""_blank"">Naver</a>"
088290,이원컴포텍,43.43251149895058,50.0,16.90032025695475,49.0603649570382,86.02789878016138,,"<a href=""https://m.stock.naver.com/domestic/stock/088290/total"" target=""_blank"">Naver</a>"
076080,웰크론한텍,43.40392704847986,41.01410510055401,33.250241756442655,61.96260071660437,85.73286954752692,,"<a href=""https://m.stock.naver.com/domestic/stock/076080/total"" target=""_blank"">Naver</a>"
012340,뉴인텍,43.38572296093439,54.41642825165186,0.0,70.84696961947594,73.02338095991354,,"<a href=""https://m.stock.naver.com/domestic/stock/012340/total"" target=""_blank"">Naver</a>"
288330,브릿지바이오테라퓨틱스,43.38018856264863,54.126284205456095,0.0,99.04418039374976,20.0,,"<a href=""https://m.stock.naver.com/domestic/stock/288330/total"" target=""_blank"">Naver</a>"
139050,BF랩스,43.36843484258928,56.44284942392631,0.0,59.92470350272435,70.2050967592212,,"<a href=""https://m.stock.naver.com/domestic/stock/139050/total"" target=""_blank"">Naver</a>"
091700,파트론,43.36426879001796,26.02425336205259,53.85114152402772,98.08640452065231,89.56581879428477,,"<a href=""https://m.stock.naver.com/domestic/stock/091700/total"" target=""_blank"">Naver</a>"
059270,해성에어로보틱스,43.344862002168135,50.0,11.256195431532866,74.77317783123405,61.06990722323032,,"<a href=""https://m.stock.naver.com/domestic/stock/059270/total"" target=""_blank"">Naver</a>"
027040,서울전자통신,43.23642514054163,58.57954392991582,0.0,46.747856521294764,68.2782626092531,,"<a href=""https://m.stock.naver.com/domestic/stock/027040/total"" target=""_blank"">Naver</a>"
314130,지놈앤컴퍼니,43.216708342526665,55.35876537759497,0.0,74.05448507942668,51.92001216054035,,"<a href=""https://m.stock.naver.com/domestic/stock/314130/total"" target=""_blank"">Naver</a>"
049470,SGA,43.206415094189424,50.0,7.970496795321687,71.91729167287667,80.44123456142668,,"<a href=""https://m.stock.naver.com/domestic/stock/049470/total"" target=""_blank"">Naver</a>"
142210,유니트론텍,43.20065367881017,27.54648352600853,58.499082011744186,77.856401659559,85.24705788626214,,"<a href=""https://m.stock.naver.com/domestic/stock/142210/total"" target=""_blank"">Naver</a>"
297890,HB솔루션,43.19149321619144,11.94362164105218,89.24673873321656,98.49239057693089,77.28792981125811,,"<a href=""https://m.stock.naver.com/domestic/stock/297890/total"" target=""_blank"">Naver</a>"
216050,인크로스,43.18499897154446,12.418032992432613,91.50333484330481,92.88533780297107,71.3962336992316,,"<a href=""https://m.stock.naver.com/domestic/stock/216050/total"" target=""_blank"">Naver</a>"
037030,파워넷,43.136697038805714,33.080476827499915,43.599759105159656,80.50693694425337,86.75554943181046,,"<a href=""https://m.stock.naver.com/domestic/stock/037030/total"" target=""_blank"">Naver</a>"
405000,플라즈맵,43.10800786014223,66.66666666666667,0.0,23.38811362595588,15.383929950932936,,"<a href=""https://m.stock.naver.com/domestic/stock/405000/total"" target=""_blank"">Naver</a>"
155650,와이엠씨,43.0651861995517,17.647552215654386,71.96615279516696,99.13713213367585,91.42806915999476,,"<a href=""https://m.stock.naver.com/domestic/stock/155650/total"" target=""_blank"">Naver</a>"
014100,메디앙스,43.04908750486621,48.32805805094791,14.840765771132823,73.31333187029307,60.214560889698916,,"<a href=""https://m.stock.naver.com/domestic/stock/014100/total"" target=""_blank"">Naver</a>"
306040,에스제이그룹,43.02141904107687,16.325998658757673,82.9058700863488,98.36392935419961,53.259187776302,,"<a href=""https://m.stock.naver.com/domestic/stock/306040/total"" target=""_blank"">Naver</a>"
094480,갤럭시아머니트리,43.01736991094053,35.627715094036624,53.37039538226819,69.79905580422303,26.36472857058407,,"<a href=""https://m.stock.naver.com/domestic/stock/094480/total"" target=""_blank"">Naver</a>"
138610,나이벡,42.97648999773496,50.0,16.312826114730953,68.53433373782624,40.89700190539194,,"<a href=""https://m.stock.naver.com/domestic/stock/138610/total"" target=""_blank"">Naver</a>"
024950,삼천리자전거,42.947379119617125,36.23382565626977,47.94327073804758,66.60239439661603,51.220532033635365,,"<a href=""https://m.stock.naver.com/domestic/stock/024950/total"" target=""_blank"">Naver</a>"
223250,드림씨아이에스,42.921155742520995,25.758970962643385,60.6390327098147,84.16746656134501,77.78536662693577,,"<a href=""https://m.stock.naver.com/domestic/stock/223250/total"" target=""_blank"">Naver</a>"
340360,다보링크,42.91834476623055,50.0,7.99616958328383,67.19140086092139,84.00324568634895,,"<a href=""https://m.stock.naver.com/domestic/stock/340360/total"" target=""_blank"">Naver</a>"
056700,신화인터텍,42.89324082896055,47.41004594464244,19.81776704885314,53.8095774017822,82.23627519567171,,"<a href=""https://m.stock.naver.com/domestic/stock/056700/total"" target=""_blank"">Naver</a>"
085810,알티캐스트,42.88102759114031,61.6566893213554,0.0,48.87013998327072,20.0,,"<a href=""https://m.stock.naver.com/domestic/stock/085810/total"" target=""_blank"">Naver</a>"
008290,원풍물산,42.83165080449721,50.0,13.964508214823978,56.97872566560591,72.85302368461244,,"<a href=""https://m.stock.naver.com/domestic/stock/008290/total"" target=""_blank"">Naver</a>"
031980,피에스케이홀딩스,42.56809791913989,16.830417367801726,87.6287203506691,85.47055466901686,40.31223887779781,,"<a href=""https://m.stock.naver.com/domestic/stock/031980/total"" target=""_blank"">Naver</a>"
388720,유일로보틱스,42.51038984387102,50.0,8.021953818083846,73.57746961351761,62.94308855996593,,"<a href=""https://m.stock.naver.com/domestic/stock/388720/total"" target=""_blank"">Naver</a>"
060570,드림어스컴퍼니,42.36991812723079,28.878923954524158,52.972694473296436,74.10410254386414,87.77959763611551,,"<a href=""https://m.stock.naver.com/domestic/stock/060570/total"" target=""_blank"">Naver</a>"
301300,바이브컴퍼니,42.36790760553103,56.7208787971012,0.0,46.22756417285352,74.25247819969918,,"<a href=""https://m.stock.naver.com/domestic/stock/301300/total"" target=""_blank"">Naver</a>"
417860,오브젠,42.35367610665539,50.0,4.9865145952882965,61.07047457833315,100.0,,"<a href=""https://m.stock.naver.com/domestic/stock/417860/total"" target=""_blank"">Naver</a>"
041920,메디아나,42.35364327614904,19.397257161836865,72.87381555743758,99.68155884016916,50.573584113412316,,"<a href=""https://m.stock.naver.com/domestic/stock/041920/total"" target=""_blank"">Naver</a>"
235980,메드팩토,42.34895536145517,56.06619113947692,0.0,65.91792909696258,,,"<a href=""https://m.stock.naver.com/domestic/stock/235980/total"" target=""_blank"">Naver</a>"
088390,이녹스,42.26546842393574,17.440357165409228,76.86969523651008,94.94107647310994,61.79445336503365,,"<a href=""https://m.stock.naver.com/domestic/stock/088390/total"" target=""_blank"">Naver</a>"
123570,이엠넷,42.26492473976942,15.68989402335255,79.50437467063794,99.24281060135093,61.012271959266315,,"<a href=""https://m.stock.naver.com/domestic/stock/123570/total"" target=""_blank"">Naver</a>"
900110,이스트아시아홀딩스,42.22875689971301,28.61146083501677,52.05069542673198,99.8981802083313,41.187770423736495,,"<a href=""https://m.stock.naver.com/domestic/stock/900110/total"" target=""_blank"">Naver</a>"
227950,엔투텍,42.22304028525043,33.333333333333336,48.913382101611965,74.87503026006553,50.143834676817534,,"<a href=""https://m.stock.naver.com/domestic/stock/227950/total"" target=""_blank"">Naver</a>"
057880,푸른소나무,42.193942839234204,55.684628166988716,0.0,44.70256986995498,86.2581790409096,,"<a href=""https://m.stock.naver.com/domestic/stock/057880/total"" target=""_blank"">Naver</a>"
013120,동원개발,42.1802442977762,24.00744240786527,64.23831294012302,99.0848676980251,36.15427696447541,,"<a href=""https://m.stock.naver.com/domestic/stock/013120/total"" target=""_blank"">Naver</a>"
258610,케일럼,42.141094385798944,51.57873523547903,8.878737867217692,47.82759876695294,83.82817802023621,,"<a href=""https://m.stock.naver.com/domestic/stock/258610/total"" target=""_blank"">Naver</a>"
106240,파인테크닉스,42.0988042159368,22.068541790273102,81.01307166838184,66.28846991395308,39.51128466564351,,"<a href=""https://m.stock.naver.com/domestic/stock/106240/total"" target=""_blank"">Naver</a>"
169330,엠브레인,42.07851648530136,14.412458758593653,76.65205091069625,99.07318829102081,87.2141934673804,,"<a href=""https://m.stock.naver.com/domestic/stock/169330/total"" target=""_blank"">Naver</a>"
290690,소룩스,42.057044936433236,50.0,6.026636824380977,65.59118351647719,79.82534757380546,,"<a href=""https://m.stock.naver.com/domestic/stock/290690/total"" target=""_blank"">Naver</a>"
321820,아티스트컴퍼니,42.04886009530242,57.23879808148509,0.0,32.764662880103536,88.58229916802033,,"<a href=""https://m.stock.naver.com/domestic/stock/321820/total"" target=""_blank"">Naver</a>"
050890,쏠리드,42.02360978802195,20.03672279309366,69.22693381385245,89.97960561833108,73.9376419373906,,"<a href=""https://m.stock.naver.com/domestic/stock/050890/total"" target=""_blank"">Naver</a>"
030350,드래곤플라이,41.80664534156891,55.808548295653736,0.0,73.2151636417667,20.0,,"<a href=""https://m.stock.naver.com/domestic/stock/030350/total"" target=""_blank"">Naver</a>"
042510,라온시큐어,41.786722419075325,18.70764300097069,75.84750720463428,75.11977805880828,81.7656402290702,,"<a href=""https://m.stock.naver.com/domestic/stock/042510/total"" target=""_blank"">Naver</a>"
114450,그린생명과학,41.6979546479165,50.0,0.456278025254897,74.28771476153536,83.1022733089847,,"<a href=""https://m.stock.naver.com/domestic/stock/114450/total"" target=""_blank"">Naver</a>"
084180,수성웹툰,41.67878521148162,45.086466109869605,28.177541340521742,43.67571572008506,64.29897276841811,,"<a href=""https://m.stock.naver.com/domestic/stock/084180/total"" target=""_blank"">Naver</a>"
304360,에스바이오메딕스,41.67766472643845,50.0,16.63570155029617,63.46059661770205,23.453593541884022,,"<a href=""https://m.stock.naver.com/domestic/stock/304360/total"" target=""_blank"">Naver</a>"
100130,동국S&C,41.58503330328034,47.19773078261395,14.11698005700193,58.02385436759096,78.69528765404799,,"<a href=""https://m.stock.naver.com/domestic/stock/100130/total"" target=""_blank"">Naver</a>"
307870,비투엔,41.50695700654087,50.0,4.988189484545913,63.44409834346894,78.30999602115006,,"<a href=""https://m.stock.naver.com/domestic/stock/307870/total"" target=""_blank"">Naver</a>"
065650,하이퍼코퍼레이션,41.46562188446156,50.0,1.385733692733787,71.55093613544608,79.2818969546701,,"<a href=""https://m.stock.naver.com/domestic/stock/065650/total"" target=""_blank"">Naver</a>"
038460,바이오스마트,41.40964653521641,38.71191352322486,27.786910709014634,69.53284497445911,85.64972493163849,,"<a href=""https://m.stock.naver.com/domestic/stock/038460/total"" target=""_blank"">Naver</a>"
203690,아크솔루션스,41.3837439356957,58.11451736123888,0.0,27.5,75.30067037904746,,"<a href=""https://m.stock.naver.com/domestic/stock/203690/total"" target=""_blank"">Naver</a>"
065350,신성델타테크,41.3793909093649,28.764544063111398,55.69520706281463,60.83768279007708,82.26188853573396,,"<a href=""https://m.stock.naver.com/domestic/stock/065350/total"" target=""_blank"">Naver</a>"
036930,주성엔지니어링,41.36462352396352,9.405677456750864,93.18203881609408,99.00700699622068,50.50013292534834,,"<a href=""https://m.stock.naver.com/domestic/stock/036930/total"" target=""_blank"">Naver</a>"
299170,더블유에스아이,41.271034874330155,19.845482970291133,72.44725559734708,86.28230594572204,52.474011964930064,,"<a href=""https://m.stock.naver.com/domestic/stock/299170/total"" target=""_blank"">Naver</a>"
291650,압타머사이언스,41.25292185897398,50.0,0.0,97.71358132892378,29.631274521631866,,"<a href=""https://m.stock.naver.com/domestic/stock/291650/total"" target=""_blank"">Naver</a>"
174900,앱클론,41.218468761984155,50.0,0.0,73.62741089624102,77.11455344720113,,"<a href=""https://m.stock.naver.com/domestic/stock/174900/total"" target=""_blank"">Naver</a>"
950160,코오롱티슈진,41.18636366785349,50.0,0.0,74.49717402310648,74.73292531085687,,"<a href=""https://m.stock.naver.com/domestic/stock/950160/total"" target=""_blank"">Naver</a>"
215380,우정바이오,41.16918995582307,50.0,14.158254336075819,36.0264770659079,80.53957330426654,,"<a href=""https://m.stock.naver.com/domestic/stock/215380/total"" target=""_blank"">Naver</a>"
090710,휴림로봇,41.140836846700815,49.9421319279127,0.0,70.75033104289179,82.01049171328043,,"<a href=""https://m.stock.naver.com/domestic/stock/090710/total"" target=""_blank"">Naver</a>"
060370,LS마린솔루션,41.117365605634326,50.0,0.0,74.82458756896484,72.69813697475689,,"<a href=""https://m.stock.naver.com/domestic/stock/060370/total"" target=""_blank"">Naver</a>"
042520,한스바이오메드,41.104550944967045,32.465838230528476,56.918080025825226,53.335730368658574,41.23909926655586,,"<a href=""https://m.stock.naver.com/domestic/stock/042520/total"" target=""_blank"">Naver</a>"
050090,비케이홀딩스,41.10405445024179,50.0,0.0,74.24566644925217,73.58975610633135,,"<a href=""https://m.stock.naver.com/domestic/stock/050090/total"" target=""_blank"">Naver</a>"
071850,캐스텍코리아,41.084882491565544,49.0124441122915,13.635667469676013,46.367326408569674,72.63533031829348,,"<a href=""https://m.stock.naver.com/domestic/stock/071850/total"" target=""_blank"">Naver</a>"
153710,옵티팜,41.063022361185816,50.0,0.0,73.10877072202715,75.04290577966205,,"<a href=""https://m.stock.naver.com/domestic/stock/153710/total"" target=""_blank"">Naver</a>"
331920,셀레믹스,41.05213098371489,50.0,0.0,74.5128641178381,72.0168914386216,,"<a href=""https://m.stock.naver.com/domestic/stock/331920/total"" target=""_blank"">Naver</a>"
077360,덕산하이메탈,41.04615949583309,33.333333333333336,44.837008263735186,73.24431959414291,50.249509409699954,,"<a href=""https://m.stock.naver.com/domestic/stock/077360/total"" target=""_blank"">Naver</a>"
078350,한양디지텍,41.02461612723278,17.12928495154246,71.7203629464025,82.25488151766447,91.82932535880467,,"<a href=""https://m.stock.naver.com/domestic/stock/078350/total"" target=""_blank"">Naver</a>"
101930,인화정공,41.01114094126236,41.74604156043464,23.290237302659147,62.73611589586333,77.3469017950092,,"<a href=""https://m.stock.naver.com/domestic/stock/101930/total"" target=""_blank"">Naver</a>"
094820,일진파워,41.01076702792847,17.12848444960647,66.75067853358912,98.9854436718006,82.94924715174498,,"<a href=""https://m.stock.naver.com/domestic/stock/094820/total"" target=""_blank"">Naver</a>"
023770,플레이위드,41.006114282940615,50.0,0.0,74.37424711457993,71.37379142965246,,"<a href=""https://m.stock.naver.com/domestic/stock/023770/total"" target=""_blank"">Naver</a>"
071200,인피니트헬스케어,40.99655756443897,36.015612077261366,32.469637842104824,75.21737075545025,74.96087564021852,,"<a href=""https://m.stock.naver.com/domestic/stock/071200/total"" target=""_blank"">Naver</a>"
036120,서울평가정보,40.977644998038166,17.618666394195106,63.69054460457688,99.411634243002,90.85291172153367,,"<a href=""https://m.stock.naver.com/domestic/stock/036120/total"" target=""_blank"">Naver</a>"
389470,인벤티지랩,40.9173146271488,50.0,0.0,74.63634585450647,69.07360083396291,,"<a href=""https://m.stock.naver.com/domestic/stock/389470/total"" target=""_blank"">Naver</a>"
279600,미디어젠,40.892068104753164,50.0,0.0,71.07584301076147,75.68967607354044,,"<a href=""https://m.stock.naver.com/domestic/stock/279600/total"" target=""_blank"">Naver</a>"
313760,캐리,40.83993391821738,50.0,0.0,72.13654544658047,72.52558747118675,,"<a href=""https://m.stock.naver.com/domestic/stock/313760/total"" target=""_blank"">Naver</a>"
053610,프로텍,40.83896755708136,11.818129038893199,85.94026702325318,99.62920299439486,46.002061569853176,,"<a href=""https://m.stock.naver.com/domestic/stock/053610/total"" target=""_blank"">Naver</a>"
214610,더바이오메드,40.82021757426554,61.198324043905906,0.0,25.86210874987247,30.30024545869515,,"<a href=""https://m.stock.naver.com/domestic/stock/214610/total"" target=""_blank"">Naver</a>"
052670,제일바이오,40.81273195744981,50.0,0.4288017859442883,74.90171886154104,64.30719249619277,,"<a href=""https://m.stock.naver.com/domestic/stock/052670/total"" target=""_blank"">Naver</a>"
147760,피엠티,40.781500804569696,50.0,0.0,74.07558815494846,67.47883978149704,,"<a href=""https://m.stock.naver.com/domestic/stock/147760/total"" target=""_blank"">Naver</a>"
035080,그래디언트,40.647333347267036,17.182116858072074,71.077854822249,79.78348316981706,91.80502419759671,,"<a href=""https://m.stock.naver.com/domestic/stock/035080/total"" target=""_blank"">Naver</a>"
047920,HLB제약,40.644363392598805,50.0,5.348968929304267,63.931712435721394,58.2789983340121,,"<a href=""https://m.stock.naver.com/domestic/stock/047920/total"" target=""_blank"">Naver</a>"
052710,아모텍,40.641045800336975,45.15396058519815,20.56749841304381,60.60230528423995,46.93128635066279,,"<a href=""https://m.stock.naver.com/domestic/stock/052710/total"" target=""_blank"">Naver</a>"
086900,메디톡스,40.56854438987204,19.4050954093585,71.67609131467817,93.0973525291247,33.934581253498585,,"<a href=""https://m.stock.naver.com/domestic/stock/086900/total"" target=""_blank"">Naver</a>"
060850,영림원소프트랩,40.52665062131378,13.530521543033787,73.09425976237083,99.24450958250242,84.20643593301116,,"<a href=""https://m.stock.naver.com/domestic/stock/060850/total"" target=""_blank"">Naver</a>"
402030,코난테크놀로지,40.4965806874891,50.0,0.0,74.42974277083519,61.072128208111494,,"<a href=""https://m.stock.naver.com/domestic/stock/402030/total"" target=""_blank"">Naver</a>"
198440,강동씨앤엘,40.44960798761518,50.0,0.0,74.36367719915094,60.264805354001744,,"<a href=""https://m.stock.naver.com/domestic/stock/198440/total"" target=""_blank"">Naver</a>"
087010,펩트론,40.446857569316975,50.0,0.0,73.23798439615852,62.4611825940224,,"<a href=""https://m.stock.naver.com/domestic/stock/087010/total"" target=""_blank"">Naver</a>"
185490,아이진,40.434259565019886,44.91712844921806,0.0,99.06421164474307,71.55122662029487,,"<a href=""https://m.stock.naver.com/domestic/stock/185490/total"" target=""_blank"">Naver</a>"
129890,앱코,40.42391481640516,50.0,0.0,71.67675747566707,65.12478137676901,,"<a href=""https://m.stock.naver.com/domestic/stock/129890/total"" target=""_blank"">Naver</a>"
006910,보성파워텍,40.419035388000225,50.0,2.2804009214669,74.85512143069406,47.26846029128181,,"<a href=""https://m.stock.naver.com/domestic/stock/006910/total"" target=""_blank"">Naver</a>"
294140,레몬,40.36206451829008,50.0,0.0,56.57609751550712,94.08909533478753,,"<a href=""https://m.stock.naver.com/domestic/stock/294140/total"" target=""_blank"">Naver</a>"
291810,핀텔,40.34530775025306,50.0,0.0,74.22712200516084,58.45191099473951,,"<a href=""https://m.stock.naver.com/domestic/stock/291810/total"" target=""_blank"">Naver</a>"
023790,동일스틸럭스,40.34443676346592,50.0,16.13172999385494,41.4993056752885,43.23147394946679,,"<a href=""https://m.stock.naver.com/domestic/stock/023790/total"" target=""_blank"">Naver</a>"
315640,딥노이드,40.29010176302689,50.0,0.0,73.85591166785312,58.09021192483158,,"<a href=""https://m.stock.naver.com/domestic/stock/315640/total"" target=""_blank"">Naver</a>"
303030,지니틱스,40.251082661771584,50.0,0.0,73.9637866186185,57.09407999819462,,"<a href=""https://m.stock.naver.com/domestic/stock/303030/total"" target=""_blank"">Naver</a>"
192250,케이사인,40.2279912834496,18.346075143482448,67.5465264434511,92.36369168859295,61.94690835276121,,"<a href=""https://m.stock.naver.com/domestic/stock/192250/total"" target=""_blank"">Naver</a>"
352940,인바이오,40.21666800768059,50.0,0.0,90.30404357900414,23.725272995603397,,"<a href=""https://m.stock.naver.com/domestic/stock/352940/total"" target=""_blank"">Naver</a>"
014200,광림,40.20446678321237,38.00747145132993,22.31759886712489,80.52324009641819,75.36520371982743,,"<a href=""https://m.stock.naver.com/domestic/stock/014200/total"" target=""_blank"">Naver</a>"
196490,디에이테크놀로지,40.18466732979468,47.183530296874494,0.0,86.8927160188431,63.70555099571336,,"<a href=""https://m.stock.naver.com/domestic/stock/196490/total"" target=""_blank"">Naver</a>"
298060,에스씨엠생명과학,40.18266569314517,50.0,0.0,73.13291693909409,57.38747998471524,,"<a href=""https://m.stock.naver.com/domestic/stock/298060/total"" target=""_blank"">Naver</a>"
101390,아이엠,40.16715791542056,48.24976443648895,3.885005717590636,55.620736516643504,93.67948344930366,,"<a href=""https://m.stock.naver.com/domestic/stock/101390/total"" target=""_blank"">Naver</a>"
144510,지씨셀,40.14472925981146,13.76751910712317,75.34603672285593,86.931391092758,87.09139011095563,,"<a href=""https://m.stock.naver.com/domestic/stock/144510/total"" target=""_blank"">Naver</a>"
016250,SGC E&C,40.10482105922086,23.690183259459435,60.706995903135756,61.405829553680775,91.46758344786357,,"<a href=""https://m.stock.naver.com/domestic/stock/016250/total"" target=""_blank"">Naver</a>"
007680,대원,40.091896628040686,28.314450493944364,44.157264916656835,93.38895187417499,54.50029830184717,,"<a href=""https://m.stock.naver.com/domestic/stock/007680/total"" target=""_blank"">Naver</a>"
250930,예선테크,40.03069852655201,50.95453685092021,0.0,61.826430087074954,65.5066681458477,,"<a href=""https://m.stock.naver.com/domestic/stock/250930/total"" target=""_blank"">Naver</a>"
376270,에이치이엠파마,39.96315376585869,50.0,0.0,68.59243401083549,62.07820729550289,,"<a href=""https://m.stock.naver.com/domestic/stock/376270/total"" target=""_blank"">Naver</a>"
365270,큐라클,39.951587954344724,50.0,0.0,74.48632248437785,50.05911411813866,,"<a href=""https://m.stock.naver.com/domestic/stock/365270/total"" target=""_blank"">Naver</a>"
159580,제로투세븐,39.82105593836362,20.983861814376304,58.67067664592354,92.93260621394658,65.39618133724585,,"<a href=""https://m.stock.naver.com/domestic/stock/159580/total"" target=""_blank"">Naver</a>"
143240,사람인,39.81145082367936,13.702329857217073,70.61314752743469,98.80897929889552,81.1173619520177,,"<a href=""https://m.stock.naver.com/domestic/stock/143240/total"" target=""_blank"">Naver</a>"
332290,누보,39.794524671366474,47.72893859052823,12.254019847319759,52.90291231231595,56.067306479760006,,"<a href=""https://m.stock.naver.com/domestic/stock/332290/total"" target=""_blank"">Naver</a>"
102370,케이옥션,39.762127957187836,18.58511551128797,75.4979167485872,79.86579463268255,35.0,,"<a href=""https://m.stock.naver.com/domestic/stock/102370/total"" target=""_blank"">Naver</a>"
069920,엑시온그룹,39.718971825190145,50.0,0.0,74.79573874759099,44.78795900862097,,"<a href=""https://m.stock.naver.com/domestic/stock/069920/total"" target=""_blank"">Naver</a>"
109820,진매트릭스,39.62581481952023,50.0,0.0,74.20235764560726,44.111581099189934,,"<a href=""https://m.stock.naver.com/domestic/stock/109820/total"" target=""_blank"">Naver</a>"
281740,레이크머티리얼즈,39.62576163429914,9.953932615211444,94.02551817483804,78.25420247150714,46.43204548624091,,"<a href=""https://m.stock.naver.com/domestic/stock/281740/total"" target=""_blank"">Naver</a>"
246710,티앤알바이오팹,39.61026267581678,50.0,0.0,66.31410107250072,59.57705137133399,,"<a href=""https://m.stock.naver.com/domestic/stock/246710/total"" target=""_blank"">Naver</a>"
064520,테크엘,39.5942624828318,50.0,0.0,72.19627956895107,47.492690518733774,,"<a href=""https://m.stock.naver.com/domestic/stock/064520/total"" target=""_blank"">Naver</a>"
389500,에스비비테크,39.59271299893188,50.0,0.0,73.26258272066049,45.32909453731665,,"<a href=""https://m.stock.naver.com/domestic/stock/389500/total"" target=""_blank"">Naver</a>"
184230,SGA솔루션즈,39.579097292981075,29.74770363486463,46.50568807826622,64.93243556416726,72.2161907215803,,"<a href=""https://m.stock.naver.com/domestic/stock/184230/total"" target=""_blank"">Naver</a>"
067900,와이엔텍,39.57562935951255,9.08258613373326,85.27536858010102,89.49324187947359,77.15822692599957,,"<a href=""https://m.stock.naver.com/domestic/stock/067900/total"" target=""_blank"">Naver</a>"
121440,골프존홀딩스,39.5190626818411,11.828359623934382,81.52109486463127,88.8189235615294,63.197616703394274,,"<a href=""https://m.stock.naver.com/domestic/stock/121440/total"" target=""_blank"">Naver</a>"
277070,린드먼아시아,39.46962862224237,11.73437989296785,86.0787864039478,90.60288825034554,36.980305208803095,,"<a href=""https://m.stock.naver.com/domestic/stock/277070/total"" target=""_blank"">Naver</a>"
065690,파커스,39.4545486229602,52.223621866152435,0.0,50.924051142589576,60.55940778019572,,"<a href=""https://m.stock.naver.com/domestic/stock/065690/total"" target=""_blank"">Naver</a>"
060540,에스에이티,39.40239025598161,19.112303959261613,61.97516766494612,82.57508000657023,83.67415927062171,,"<a href=""https://m.stock.naver.com/domestic/stock/060540/total"" target=""_blank"">Naver</a>"
093920,서원인텍,39.35575317199062,15.34223981934717,63.01504218871272,99.6281638633222,88.67664693743836,,"<a href=""https://m.stock.naver.com/domestic/stock/093920/total"" target=""_blank"">Naver</a>"
317830,에스피시스템스,39.318992350010475,23.407440791712943,49.37440333232579,90.17729134046847,78.26395815708835,,"<a href=""https://m.stock.naver.com/domestic/stock/317830/total"" target=""_blank"">Naver</a>"
083500,에프엔에스테크,39.315414083548674,17.88576658627408,62.121105499494966,90.32988833494173,80.41377846832638,,"<a href=""https://m.stock.naver.com/domestic/stock/083500/total"" target=""_blank"">Naver</a>"
057680,티사이언티픽,39.26340112983844,50.962410294491065,0.0,53.95483176561716,65.80943553164175,,"<a href=""https://m.stock.naver.com/domestic/stock/057680/total"" target=""_blank"">Naver</a>"
232140,와이씨,39.24774642885351,14.945418004098547,71.18124753387514,98.01983248476922,53.66400988897355,,"<a href=""https://m.stock.naver.com/domestic/stock/232140/total"" target=""_blank"">Naver</a>"
222110,팬젠,39.24028466214009,50.0,0.0,74.498503451177,35.80868634044779,,"<a href=""https://m.stock.naver.com/domestic/stock/222110/total"" target=""_blank"">Naver</a>"
058450,한주에이알티,39.226049792689366,52.050886042499826,0.0,55.57667199518768,48.75701935341404,,"<a href=""https://m.stock.naver.com/domestic/stock/058450/total"" target=""_blank"">Naver</a>"
065420,에스아이리소스,39.219719492112134,50.0,0.0,74.66154577381992,35.07129829460287,,"<a href=""https://m.stock.naver.com/domestic/stock/065420/total"" target=""_blank"">Naver</a>"
299660,셀리드,39.194285241646064,50.0,0.0,79.70259267620088,24.48051948051948,,"<a href=""https://m.stock.naver.com/domestic/stock/299660/total"" target=""_blank"">Naver</a>"
363250,진시스템,39.163569002961786,50.0,0.0,74.56760280535909,34.136174448517494,,"<a href=""https://m.stock.naver.com/domestic/stock/363250/total"" target=""_blank"">Naver</a>"
347860,알체라,39.147542306409335,51.70812483638724,0.0,55.2214853134002,52.01037746473942,,"<a href=""https://m.stock.naver.com/domestic/stock/347860/total"" target=""_blank"">Naver</a>"
365590,하이딥,39.141595696553196,50.0,0.0,69.0486858155123,44.73454230003931,,"<a href=""https://m.stock.naver.com/domestic/stock/365590/total"" target=""_blank"">Naver</a>"
251630,브이원텍,39.12463268777175,45.43824076369118,14.626074496969572,65.13433044381176,33.83473121866954,,"<a href=""https://m.stock.naver.com/domestic/stock/251630/total"" target=""_blank"">Naver</a>"
396270,넥스트칩,39.12141930263512,50.0,0.0,74.69129303043403,33.04579999183429,,"<a href=""https://m.stock.naver.com/domestic/stock/396270/total"" target=""_blank"">Naver</a>"
070590,한솔인티큐브,39.09194852061735,44.76865978873496,3.8239330052951512,67.67499307414784,90.14540177275622,,"<a href=""https://m.stock.naver.com/domestic/stock/070590/total"" target=""_blank"">Naver</a>"
122640,예스티,39.0779787214085,50.669323891165156,0.0,54.68765336557968,64.15238100302875,,"<a href=""https://m.stock.naver.com/domestic/stock/122640/total"" target=""_blank"">Naver</a>"
393890,더블유씨피,39.021894157583304,15.06319416704009,78.36114012454466,86.72852047656653,34.41681157132859,,"<a href=""https://m.stock.naver.com/domestic/stock/393890/total"" target=""_blank"">Naver</a>"
069080,웹젠,38.999188801606046,5.317904653230389,90.32509474844244,99.75332980329627,65.03678684455157,,"<a href=""https://m.stock.naver.com/domestic/stock/069080/total"" target=""_blank"">Naver</a>"
362320,청담글로벌,38.96852838556296,25.93329072263168,44.72294245305171,81.37573230268865,81.80490216904337,,"<a href=""https://m.stock.naver.com/domestic/stock/362320/total"" target=""_blank"">Naver</a>"
065660,안트로젠,38.96458623812793,50.0,0.0,74.59403728430436,30.103650193949846,,"<a href=""https://m.stock.naver.com/domestic/stock/065660/total"" target=""_blank"">Naver</a>"
140860,파크시스템스,38.95185922727233,10.573940929820969,83.09672246187138,99.10929613438668,38.447688809464665,,"<a href=""https://m.stock.naver.com/domestic/stock/140860/total"" target=""_blank"">Naver</a>"
019660,글로본,38.94978582404382,50.0,0.0,50.948595149586566,77.09852618170333,,"<a href=""https://m.stock.naver.com/domestic/stock/019660/total"" target=""_blank"">Naver</a>"
104040,대성파인텍,38.922081788222805,50.0,1.971148402588522,63.656307090771364,41.27327956997078,,"<a href=""https://m.stock.naver.com/domestic/stock/104040/total"" target=""_blank"">Naver</a>"
005290,동진쎄미켐,38.91478862825909,10.69984000776263,78.58299423898599,91.08799574548132,74.80672978613767,,"<a href=""https://m.stock.naver.com/domestic/stock/005290/total"" target=""_blank"">Naver</a>"
189980,흥국에프엔비,38.913084432913266,16.398112767319017,72.43220057465973,79.83283643322208,59.65765971069436,,"<a href=""https://m.stock.naver.com/domestic/stock/189980/total"" target=""_blank"">Naver</a>"
054920,한컴위드,38.91287162380524,33.333333333333336,38.570305482170056,51.726949159094794,81.9520067470648,,"<a href=""https://m.stock.naver.com/domestic/stock/054920/total"" target=""_blank"">Naver</a>"
047770,코데즈컴바인,38.891224953226065,15.598658856663471,68.20405577602558,98.60136756614065,52.417578772150364,,"<a href=""https://m.stock.naver.com/domestic/stock/047770/total"" target=""_blank"">Naver</a>"
066700,테라젠이텍스,38.87422156128977,20.384494188035088,58.0386470915175,87.6335935562292,67.41007839932848,,"<a href=""https://m.stock.naver.com/domestic/stock/066700/total"" target=""_blank"">Naver</a>"
376980,원티드랩,38.65044126653786,3.9133267962096716,88.31360330722441,99.11705281367668,86.24678161276572,,"<a href=""https://m.stock.naver.com/domestic/stock/376980/total"" target=""_blank"">Naver</a>"
225430,케이엠제약,38.61495880880434,50.0,2.7006020457258804,51.59928008771562,55.59760577202611,,"<a href=""https://m.stock.naver.com/domestic/stock/225430/total"" target=""_blank"">Naver</a>"
054210,이랜텍,38.60278717546971,27.954996301927576,38.68272528293946,77.15374248657447,88.87467649841696,,"<a href=""https://m.stock.naver.com/domestic/stock/054210/total"" target=""_blank"">Naver</a>"
040610,SG&G,38.598868127439175,16.421546401945566,76.96582963958973,60.30754895962778,69.47455960823243,,"<a href=""https://m.stock.naver.com/domestic/stock/040610/total"" target=""_blank"">Naver</a>"
051500,CJ프레시웨이,38.58500018469613,26.87797019369822,49.22507619879695,54.634288130044744,93.77040411546953,,"<a href=""https://m.stock.naver.com/domestic/stock/051500/total"" target=""_blank"">Naver</a>"
089970,브이엠,38.57749971416751,8.982471850001547,83.0437127898224,99.45558944069006,49.630589252839556,,"<a href=""https://m.stock.naver.com/domestic/stock/089970/total"" target=""_blank"">Naver</a>"
200130,콜마비앤에이치,38.57188138106286,18.071774640835486,59.31969519448909,87.36351647726072,83.2508230042644,,"<a href=""https://m.stock.naver.com/domestic/stock/200130/total"" target=""_blank"">Naver</a>"
041460,한국전자인증,38.520771571007785,17.96390621298575,60.38603515454334,87.77975887084997,77.35886334991014,,"<a href=""https://m.stock.naver.com/domestic/stock/041460/total"" target=""_blank"">Naver</a>"
397030,에이프릴바이오,38.49312102802823,50.0,0.0,74.93121028028224,20.0,,"<a href=""https://m.stock.naver.com/domestic/stock/397030/total"" target=""_blank"">Naver</a>"
323990,박셀바이오,38.49104290888405,50.0,0.0,74.91042908884049,20.0,,"<a href=""https://m.stock.naver.com/domestic/stock/323990/total"" target=""_blank"">Naver</a>"
217730,강스템바이오텍,38.4870921156433,45.22352631633803,0.0,82.07308302959719,62.91336045761527,,"<a href=""https://m.stock.naver.com/domestic/stock/217730/total"" target=""_blank"">Naver</a>"
272290,이녹스첨단소재,38.4725588498463,5.987025193228639,85.92613061090732,98.64377727539289,70.68866707285986,,"<a href=""https://m.stock.naver.com/domestic/stock/272290/total"" target=""_blank"">Naver</a>"
358570,지아이이노베이션,38.47206255836292,50.0,0.0,74.72062558362924,20.0,,"<a href=""https://m.stock.naver.com/domestic/stock/358570/total"" target=""_blank"">Naver</a>"
193250,링크드,38.439208362362535,23.263189997459833,53.94282557798158,74.74078176979013,70.4301958482446,,"<a href=""https://m.stock.naver.com/domestic/stock/193250/total"" target=""_blank"">Naver</a>"
238200,비피도,38.437514040599766,20.652238344641308,52.48560014499327,99.82325994539391,58.84890006054535,,"<a href=""https://m.stock.naver.com/domestic/stock/238200/total"" target=""_blank"">Naver</a>"
065570,삼영이엔씨,38.435695159824725,50.0,0.0,68.0937114094664,32.52648037756174,,"<a href=""https://m.stock.naver.com/domestic/stock/065570/total"" target=""_blank"">Naver</a>"
086820,바이오솔루션,38.39568885050313,50.0,0.0,65.74286839796574,36.4280402141311,,"<a href=""https://m.stock.naver.com/domestic/stock/086820/total"" target=""_blank"">Naver</a>"
196170,알테오젠,38.348843178814754,50.440650705353654,0.0,45.13459049526014,71.41987412153101,,"<a href=""https://m.stock.naver.com/domestic/stock/196170/total"" target=""_blank"">Naver</a>"
294630,서남,38.31863003284664,50.0,0.0,57.959597930225236,50.45340479648236,,"<a href=""https://m.stock.naver.com/domestic/stock/294630/total"" target=""_blank"">Naver</a>"
101330,모베이스,38.17067571680943,24.24048453791811,47.785196176371336,74.84319887705283,83.91532124520897,,"<a href=""https://m.stock.naver.com/domestic/stock/101330/total"" target=""_blank"">Naver</a>"
086890,이수앱지스,38.16434748671807,50.0,0.0,60.02637592090732,43.23419789254671,,"<a href=""https://m.stock.naver.com/domestic/stock/086890/total"" target=""_blank"">Naver</a>"
239340,이스트에이드,38.128200861107494,41.710914792567934,8.144702597382482,74.5453861613416,72.21875440173918,,"<a href=""https://m.stock.naver.com/domestic/stock/239340/total"" target=""_blank"">Naver</a>"
261780,차백신연구소,38.02719203347742,50.0,0.0,70.27192033477417,20.0,,"<a href=""https://m.stock.naver.com/domestic/stock/261780/total"" target=""_blank"">Naver</a>"
107640,한중엔시에스,38.02178954026019,50.0,0.0,36.580479734341395,87.27483133652106,,"<a href=""https://m.stock.naver.com/domestic/stock/107640/total"" target=""_blank"">Naver</a>"
110020,전진바이오팜,37.99681730086391,50.0,0.0,49.927764198432975,60.08081762041223,,"<a href=""https://m.stock.naver.com/domestic/stock/110020/total"" target=""_blank"">Naver</a>"
094170,동운아나텍,37.98045953307232,50.0,0.0,57.47094475426462,44.667301152917105,,"<a href=""https://m.stock.naver.com/domestic/stock/094170/total"" target=""_blank"">Naver</a>"
253840,수젠텍,37.95386508232295,4.997199174628052,88.54228580167857,88.03467930107333,80.33012394038283,,"<a href=""https://m.stock.naver.com/domestic/stock/253840/total"" target=""_blank"">Naver</a>"
149980,하이로닉,37.92998462257846,18.64780582199467,63.069976327728206,90.95696668961203,37.56220756976804,,"<a href=""https://m.stock.naver.com/domestic/stock/149980/total"" target=""_blank"">Naver</a>"
109860,동일금속,37.91456190576005,19.702255535058175,56.86978097961029,83.07150783578106,71.37225112488936,,"<a href=""https://m.stock.naver.com/domestic/stock/109860/total"" target=""_blank"">Naver</a>"
217620,선샤인푸드,37.87739434388254,50.0,1.719504641153539,33.098403142429035,82.7535573870251,,"<a href=""https://m.stock.naver.com/domestic/stock/217620/total"" target=""_blank"">Naver</a>"
263050,유틸렉스,37.8710457075579,53.17719483683169,0.0,49.64728805458887,20.0,,"<a href=""https://m.stock.naver.com/domestic/stock/263050/total"" target=""_blank"">Naver</a>"
052900,KX하이텍,37.854925187017386,15.22257918962778,66.1241688144669,86.69134093006642,70.42402753234717,,"<a href=""https://m.stock.naver.com/domestic/stock/052900/total"" target=""_blank"">Naver</a>"
036200,유니셈,37.78708366674646,11.7231673877001,66.03504202813755,99.65233964569434,85.58377525045154,,"<a href=""https://m.stock.naver.com/domestic/stock/036200/total"" target=""_blank"">Naver</a>"
123860,아나패스,37.78007613875055,50.0,0.0,57.557083598430935,40.487355578149064,,"<a href=""https://m.stock.naver.com/domestic/stock/123860/total"" target=""_blank"">Naver</a>"
030520,한글과컴퓨터,37.73823986493704,26.734536519145937,39.70134189556407,92.32845007819506,50.78674943477914,,"<a href=""https://m.stock.naver.com/domestic/stock/030520/total"" target=""_blank"">Naver</a>"
355690,에이텀,37.619406199320636,50.0,0.0,29.69106751951572,93.0059889473813,,"<a href=""https://m.stock.naver.com/domestic/stock/355690/total"" target=""_blank"">Naver</a>"
247540,에코프로비엠,37.52266327144672,21.14714901510354,59.43562198952893,60.953012026570626,77.60334324690592,,"<a href=""https://m.stock.naver.com/domestic/stock/247540/total"" target=""_blank"">Naver</a>"
002230,피에스텍,37.51282602776925,39.80287922818878,11.899146472511346,74.58578284426204,63.954671766038906,,"<a href=""https://m.stock.naver.com/domestic/stock/002230/total"" target=""_blank"">Naver</a>"
334970,프레스티지바이오로직스,37.49272562232861,50.0,0.0,54.92725622328602,40.0,,"<a href=""https://m.stock.naver.com/domestic/stock/334970/total"" target=""_blank"">Naver</a>"
114840,아이패밀리에스씨,37.46230083439643,8.57675672487106,80.45446044621345,98.8295694906631,46.39349477708241,,"<a href=""https://m.stock.naver.com/domestic/stock/114840/total"" target=""_blank"">Naver</a>"
084850,아이티엠반도체,37.38249485222951,42.15374619168958,18.495853852494623,37.117797408957045,75.0900786639281,,"<a href=""https://m.stock.naver.com/domestic/stock/084850/total"" target=""_blank"">Naver</a>"
101670,하이드로리튬,37.380547465257436,50.0,0.0,64.5463407030411,18.51826789906649,,"<a href=""https://m.stock.naver.com/domestic/stock/101670/total"" target=""_blank"">Naver</a>"
234920,자이글,37.283382283367274,50.0,0.0,53.825297992718504,38.01704968190841,,"<a href=""https://m.stock.naver.com/domestic/stock/234920/total"" target=""_blank"">Naver</a>"
196300,HLB펩,37.183036350862075,50.0,0.0,51.69474800360288,40.27123101003564,,"<a href=""https://m.stock.naver.com/domestic/stock/196300/total"" target=""_blank"">Naver</a>"
024740,한일단조,37.177834559395166,19.99712730229857,55.33129839059529,76.34306893116035,74.2485337450233,,"<a href=""https://m.stock.naver.com/domestic/stock/024740/total"" target=""_blank"">Naver</a>"
046940,우원개발,37.14107240287865,26.457645926978426,40.27412853830682,68.19617684003049,87.56670056223685,,"<a href=""https://m.stock.naver.com/domestic/stock/046940/total"" target=""_blank"">Naver</a>"
032620,유비케어,37.11880219656071,19.238572873397,45.45917337062557,98.51490671558702,87.18748916614828,,"<a href=""https://m.stock.naver.com/domestic/stock/032620/total"" target=""_blank"">Naver</a>"
205500,넥써쓰,37.11620369651452,45.116034056526445,0.0,70.4658326259865,60.0,,"<a href=""https://m.stock.naver.com/domestic/stock/205500/total"" target=""_blank"">Naver</a>"
225190,LK삼양,37.05544054541717,13.665232671741586,62.71412734999756,96.70546484427811,70.14445240890046,,"<a href=""https://m.stock.naver.com/domestic/stock/225190/total"" target=""_blank"">Naver</a>"
067990,도이치모터스,37.04064450870954,24.161753926136317,53.34980670219483,46.36282351010895,91.39716252936302,,"<a href=""https://m.stock.naver.com/domestic/stock/067990/total"" target=""_blank"">Naver</a>"
048770,TPC,37.00727304206612,31.362825421187086,40.19566566250517,51.11569438649859,60.58183870155432,,"<a href=""https://m.stock.naver.com/domestic/stock/048770/total"" target=""_blank"">Naver</a>"
092190,서울바이오시스,36.98313414048235,48.51067441712405,0.0,39.27828320689725,78.97802339036382,,"<a href=""https://m.stock.naver.com/domestic/stock/092190/total"" target=""_blank"">Naver</a>"
357780,솔브레인,36.97869737301108,3.0978596467780424,84.76114815190446,99.75529561227816,79.08329971480654,,"<a href=""https://m.stock.naver.com/domestic/stock/357780/total"" target=""_blank"">Naver</a>"
045300,성우테크론,36.971241643479,13.060464869234275,63.70764428036269,91.35648139928327,81.44807023838865,,"<a href=""https://m.stock.naver.com/domestic/stock/045300/total"" target=""_blank"">Naver</a>"
084370,유진테크,36.96609242234966,10.13333300708373,73.96322387585305,99.55837719591102,48.78897859090115,,"<a href=""https://m.stock.naver.com/domestic/stock/084370/total"" target=""_blank"">Naver</a>"
241770,메카로,36.96271305357226,13.331015910339369,75.33070477972218,74.88266652670407,52.86321319535375,,"<a href=""https://m.stock.naver.com/domestic/stock/241770/total"" target=""_blank"">Naver</a>"
069140,누리플랜,36.91764998366578,45.460455697698386,11.373660770842989,35.21038106363651,65.5384653194472,,"<a href=""https://m.stock.naver.com/domestic/stock/069140/total"" target=""_blank"">Naver</a>"
075970,동국알앤에스,36.90614409397825,20.945990259828157,51.24180357320066,88.63403159666636,53.29391770229108,,"<a href=""https://m.stock.naver.com/domestic/stock/075970/total"" target=""_blank"">Naver</a>"
305090,마이크로디지탈,36.84436132987066,50.0,0.0,41.16444978309898,54.5583270312151,,"<a href=""https://m.stock.naver.com/domestic/stock/305090/total"" target=""_blank"">Naver</a>"
007820,에스엠코어,36.83177394643587,33.333333333333336,20.87242435819621,70.89787115605199,90.47761482563232,,"<a href=""https://m.stock.naver.com/domestic/stock/007820/total"" target=""_blank"">Naver</a>"
138070,신진에스엠,36.81562454179578,15.723893231992326,60.570258160009494,98.2058015603873,48.362878131185646,,"<a href=""https://m.stock.naver.com/domestic/stock/138070/total"" target=""_blank"">Naver</a>"
006620,동구바이오제약,36.81010222705667,17.79885514930663,54.570363895955325,89.70737316151829,70.34921694664048,,"<a href=""https://m.stock.naver.com/domestic/stock/006620/total"" target=""_blank"">Naver</a>"
263690,디알젬,36.72723026183209,12.155256027307162,72.2691531009645,86.24022839967901,54.85531060477548,,"<a href=""https://m.stock.naver.com/domestic/stock/263690/total"" target=""_blank"">Naver</a>"
189300,인텔리안테크,36.71597943907576,20.733290426033594,53.312953127467786,88.90012651035224,41.15508501106878,,"<a href=""https://m.stock.naver.com/domestic/stock/189300/total"" target=""_blank"">Naver</a>"
240810,원익IPS,36.629397914203544,16.666666666666668,56.99212780702614,98.1170756654298,51.393167918080536,,"<a href=""https://m.stock.naver.com/domestic/stock/240810/total"" target=""_blank"">Naver</a>"
032960,동일기연,36.61879171286693,21.860396583587207,48.35299589733705,94.07368960392778,40.138716559751266,,"<a href=""https://m.stock.naver.com/domestic/stock/032960/total"" target=""_blank"">Naver</a>"
217480,에스디생명공학,36.571915667285054,49.71798536020657,0.0,27.5,79.82248902322233,,"<a href=""https://m.stock.naver.com/domestic/stock/217480/total"" target=""_blank"">Naver</a>"
026150,특수건설,36.558221388254644,21.837142803414725,42.79403968099911,81.32763479074265,92.49324613763531,,"<a href=""https://m.stock.naver.com/domestic/stock/026150/total"" target=""_blank"">Naver</a>"
067310,하나마이크론,36.51170683482955,19.982956996149543,61.28478112140064,56.108798240660114,71.79715065447307,,"<a href=""https://m.stock.naver.com/domestic/stock/067310/total"" target=""_blank"">Naver</a>"
123040,엠에스오토텍,36.44653416899699,15.719649246147037,65.37259341593622,64.00869222352887,85.41454089943656,,"<a href=""https://m.stock.naver.com/domestic/stock/123040/total"" target=""_blank"">Naver</a>"
348210,넥스틴,36.36573008105906,0.0,97.49532953154568,99.49464082177239,40.84867231990796,,"<a href=""https://m.stock.naver.com/domestic/stock/348210/total"" target=""_blank"">Naver</a>"
036000,예림당,36.22906573928732,33.333333333333336,27.953880553230523,74.73043707242203,35.35103787474979,,"<a href=""https://m.stock.naver.com/domestic/stock/036000/total"" target=""_blank"">Naver</a>"
066980,한성크린텍,36.219266120257586,30.16594446612176,30.468468718148312,58.436414658232984,93.17881590448296,,"<a href=""https://m.stock.naver.com/domestic/stock/066980/total"" target=""_blank"">Naver</a>"
332370,아이디피,36.176882233518846,2.7523869138232953,89.55608978881844,99.77614981468571,43.17625313103378,,"<a href=""https://m.stock.naver.com/domestic/stock/332370/total"" target=""_blank"">Naver</a>"
053280,예스24,36.008714857608176,23.737771767903396,40.236323781954916,69.83066509852787,94.47808683049251,,"<a href=""https://m.stock.naver.com/domestic/stock/053280/total"" target=""_blank"">Naver</a>"
290550,디케이티,35.99171071012361,11.221580579451489,64.74160516544687,85.04691516143171,91.37339109895649,,"<a href=""https://m.stock.naver.com/domestic/stock/290550/total"" target=""_blank"">Naver</a>"
222160,NPX,35.924027132760216,14.162051864595037,61.25693374215018,99.68419390325462,42.88286376280363,,"<a href=""https://m.stock.naver.com/domestic/stock/222160/total"" target=""_blank"">Naver</a>"
317690,퀀타매트릭스,35.8108473097223,47.74337661929871,0.0,49.604001665795195,44.08842343127101,,"<a href=""https://m.stock.naver.com/domestic/stock/317690/total"" target=""_blank"">Naver</a>"
044780,에이치케이,35.750586777235014,14.65618394092565,57.42899697094913,98.96631196546005,54.059919467926775,,"<a href=""https://m.stock.naver.com/domestic/stock/044780/total"" target=""_blank"">Naver</a>"
376180,피코그램,35.734772531784785,15.624073921072515,60.75053815483019,77.0414778373713,69.37091713393193,,"<a href=""https://m.stock.naver.com/domestic/stock/376180/total"" target=""_blank"">Naver</a>"
172670,에이엘티,35.72126164298866,11.43911828303868,71.8136787195865,73.14656863907081,71.79428258723495,,"<a href=""https://m.stock.naver.com/domestic/stock/172670/total"" target=""_blank"">Naver</a>"
083450,GST,35.68762721289951,2.0895002754671386,84.59831237256589,99.43475006986083,66.81747894983336,,"<a href=""https://m.stock.naver.com/domestic/stock/083450/total"" target=""_blank"">Naver</a>"
086520,에코프로,35.63082430956964,21.490759123693994,51.275199053022,66.44333052475794,65.46472039243892,,"<a href=""https://m.stock.naver.com/domestic/stock/086520/total"" target=""_blank"">Naver</a>"
257370,피엔티엠에스,35.58888813692518,50.0,0.0,42.93693102953042,25.9039006794427,,"<a href=""https://m.stock.naver.com/domestic/stock/257370/total"" target=""_blank"">Naver</a>"
036810,에프에스티,35.586551196452426,13.842134191425162,69.36044991824075,67.77980634847455,63.26355134379375,,"<a href=""https://m.stock.naver.com/domestic/stock/036810/total"" target=""_blank"">Naver</a>"
049070,인탑스,35.578405753258004,3.5907455009338793,75.91458931388833,99.37134452863572,90.16353342724048,,"<a href=""https://m.stock.naver.com/domestic/stock/049070/total"" target=""_blank"">Naver</a>"
041960,코미팜,35.5717602705886,45.17527976315828,2.1119742432607023,62.806527492922285,33.15892205172458,,"<a href=""https://m.stock.naver.com/domestic/stock/041960/total"" target=""_blank"">Naver</a>"
073560,우리손에프앤지,35.54353056790299,11.177211773182135,65.90711185739137,81.81755538327319,83.57340002637096,,"<a href=""https://m.stock.naver.com/domestic/stock/073560/total"" target=""_blank"">Naver</a>"
070300,엑스큐어,35.541097700736,32.49209213001583,29.230212420767813,62.883086237895824,48.99961387489946,,"<a href=""https://m.stock.naver.com/domestic/stock/070300/total"" target=""_blank"">Naver</a>"
000440,중앙에너비스,35.44307655808476,20.204949262423785,42.498612408338595,82.52296834924923,88.8631412724184,,"<a href=""https://m.stock.naver.com/domestic/stock/000440/total"" target=""_blank"">Naver</a>"
017890,한국알콜,35.4314022811162,11.192748998486032,61.27938343168199,97.32880885323704,73.26052277560757,,"<a href=""https://m.stock.naver.com/domestic/stock/017890/total"" target=""_blank"">Naver</a>"
258830,세종메디칼,35.414190402738434,50.0,0.0,28.52233188140839,51.239144291952,,"<a href=""https://m.stock.naver.com/domestic/stock/258830/total"" target=""_blank"">Naver</a>"
040350,크레오에스지,35.335324227553144,41.55987896444622,0.0,65.10293004051641,77.78207689667535,,"<a href=""https://m.stock.naver.com/domestic/stock/040350/total"" target=""_blank"">Naver</a>"
214260,라파스,35.270798462314325,46.95431131506418,0.0,45.747626618092085,50.4689802293322,,"<a href=""https://m.stock.naver.com/domestic/stock/214260/total"" target=""_blank"">Naver</a>"
356860,티엘비,35.22832680466526,3.5233133258873495,76.33290974081874,97.19896816585597,86.2242911468514,,"<a href=""https://m.stock.naver.com/domestic/stock/356860/total"" target=""_blank"">Naver</a>"
226360,KH 건설,35.16343597311812,33.58394640007291,15.957769062435185,74.49702244199193,71.47847246532768,,"<a href=""https://m.stock.naver.com/domestic/stock/226360/total"" target=""_blank"">Naver</a>"
317120,라닉스,35.13538573680558,44.49706885203258,0.0,63.37232545202325,41.998237607674284,,"<a href=""https://m.stock.naver.com/domestic/stock/317120/total"" target=""_blank"">Naver</a>"
123420,위메이드플레이,35.11881759093711,28.888142895596797,19.527055693873045,95.87532164787005,66.33271530647528,,"<a href=""https://m.stock.naver.com/domestic/stock/123420/total"" target=""_blank"">Naver</a>"
003310,대주산업,35.10512241813679,13.3183466930699,55.0824139406484,92.76884069380868,81.33253695503755,,"<a href=""https://m.stock.naver.com/domestic/stock/003310/total"" target=""_blank"">Naver</a>"
056190,에스에프에이,34.97928613283852,12.964857424747182,57.906534624907856,94.2231661972195,66.02842804082593,,"<a href=""https://m.stock.naver.com/domestic/stock/056190/total"" target=""_blank"">Naver</a>"
035760,CJ ENM,34.79803130305139,32.87875842759979,26.360923783937746,48.950058316051724,71.71078937803811,,"<a href=""https://m.stock.naver.com/domestic/stock/035760/total"" target=""_blank"">Naver</a>"
099190,아이센스,34.76882788469103,15.739117234775987,56.04289316832802,90.34233381836492,45.60801739813878,,"<a href=""https://m.stock.naver.com/domestic/stock/099190/total"" target=""_blank"">Naver</a>"
102120,어보브반도체,34.71934930435049,19.04888130318602,48.67916473252574,77.0042550252166,68.3960767357156,,"<a href=""https://m.stock.naver.com/domestic/stock/102120/total"" target=""_blank"">Naver</a>"
242040,나무기술,34.6859758824923,20.013516999145903,42.336651572825794,78.53807722350285,84.79790134896047,,"<a href=""https://m.stock.naver.com/domestic/stock/242040/total"" target=""_blank"">Naver</a>"
114810,한솔아이원스,34.610309454509874,0.0,83.93618683578137,95.867499742515,80.79025542626067,,"<a href=""https://m.stock.naver.com/domestic/stock/114810/total"" target=""_blank"">Naver</a>"
090470,제이스텍,34.55869732250201,0.0,82.78459749312374,98.88386985292644,79.48321927856871,,"<a href=""https://m.stock.naver.com/domestic/stock/090470/total"" target=""_blank"">Naver</a>"
290520,신도기연,34.50929282853535,35.82564888870912,0.0,99.57683528493719,61.12439933632312,,"<a href=""https://m.stock.naver.com/domestic/stock/290520/total"" target=""_blank"">Naver</a>"
076610,해성옵틱스,34.48354755537315,35.330571072302355,9.156022301411307,62.80562085623613,94.31274502030597,,"<a href=""https://m.stock.naver.com/domestic/stock/076610/total"" target=""_blank"">Naver</a>"
096610,알에프세미,34.44857717842555,42.21218035634018,0.0,68.53226334983329,45.36085259276237,,"<a href=""https://m.stock.naver.com/domestic/stock/096610/total"" target=""_blank"">Naver</a>"
045100,한양이엔지,34.43000970736971,6.594526378578686,64.16323507081997,97.84931335947485,92.95107553140052,,"<a href=""https://m.stock.naver.com/domestic/stock/045100/total"" target=""_blank"">Naver</a>"
318010,팜스빌,34.42184267939086,5.43679778610307,72.48817802268628,95.18013045046033,70.39412914022834,,"<a href=""https://m.stock.naver.com/domestic/stock/318010/total"" target=""_blank"">Naver</a>"
048550,SM C&C,34.39137779476187,19.68047321946039,50.51423840950418,64.65848606608694,69.7737130820179,,"<a href=""https://m.stock.naver.com/domestic/stock/048550/total"" target=""_blank"">Naver</a>"
294090,이오플로우,34.35623082530917,47.20172083024307,0.0,47.72430976629977,25.25534701066697,,"<a href=""https://m.stock.naver.com/domestic/stock/294090/total"" target=""_blank"">Naver</a>"
148250,알엔투테크놀로지,34.27379223755208,33.333333333333336,19.245728101445835,73.93766696982462,41.37187030416315,,"<a href=""https://m.stock.naver.com/domestic/stock/148250/total"" target=""_blank"">Naver</a>"
019210,와이지-원,34.25582881560655,16.09077788026494,63.47901046021057,67.36573519174112,39.90071906441652,,"<a href=""https://m.stock.naver.com/domestic/stock/019210/total"" target=""_blank"">Naver</a>"
192440,슈피겐코리아,34.18482665431626,15.047339219207112,53.80825475316632,90.17008696923492,53.747014751538444,,"<a href=""https://m.stock.naver.com/domestic/stock/192440/total"" target=""_blank"">Naver</a>"
215600,신라젠,34.179790078739565,36.309474197886665,0.0,98.87497659197821,50.132158016194964,,"<a href=""https://m.stock.naver.com/domestic/stock/215600/total"" target=""_blank"">Naver</a>"
127980,화인써키트,34.162045924203,16.666666666666668,59.5810351819635,74.54450654080557,36.246729492631346,,"<a href=""https://m.stock.naver.com/domestic/stock/127980/total"" target=""_blank"">Naver</a>"
417970,모델솔루션,34.08253746012191,9.86900263504968,59.731677928229,94.89996695822609,74.76439402424487,,"<a href=""https://m.stock.naver.com/domestic/stock/417970/total"" target=""_blank"">Naver</a>"
190510,나무가,34.04443527969235,6.08694220370741,64.59456069103733,94.67789839800318,95.51679889816519,,"<a href=""https://m.stock.naver.com/domestic/stock/190510/total"" target=""_blank"">Naver</a>"
049430,코메론,33.986091198453344,8.41747112922444,70.38107548178498,88.97422809991409,48.85833680962056,,"<a href=""https://m.stock.naver.com/domestic/stock/049430/total"" target=""_blank"">Naver</a>"
037440,희림,33.970477356625864,15.9297440530349,54.12519158171864,73.14576806378983,71.3351244599256,,"<a href=""https://m.stock.naver.com/domestic/stock/037440/total"" target=""_blank"">Naver</a>"
001540,안국약품,33.91334969064016,17.62450994968922,46.76231177107846,90.03483888136519,52.891637798409896,,"<a href=""https://m.stock.naver.com/domestic/stock/001540/total"" target=""_blank"">Naver</a>"
095340,ISC,33.84498362629743,1.656245138771296,79.21840312676451,94.79211389861494,71.34848742964057,,"<a href=""https://m.stock.naver.com/domestic/stock/095340/total"" target=""_blank"">Naver</a>"
091590,남화토건,33.80244264083068,5.5715968761289085,70.46505842850155,99.57129118936645,57.72181578182601,,"<a href=""https://m.stock.naver.com/domestic/stock/091590/total"" target=""_blank"">Naver</a>"
225590,패션플랫폼,33.746031418182596,11.425006559126265,58.08097891101352,98.92742563212812,49.56080383481293,,"<a href=""https://m.stock.naver.com/domestic/stock/225590/total"" target=""_blank"">Naver</a>"
052020,에스티큐브,33.718528044685286,39.49401045385829,0.0,60.55961642805657,79.32320259129315,,"<a href=""https://m.stock.naver.com/domestic/stock/052020/total"" target=""_blank"">Naver</a>"
071280,로체시스템즈,33.7008945200698,0.0,79.40151245389885,99.51282147601009,77.98468517988165,,"<a href=""https://m.stock.naver.com/domestic/stock/071280/total"" target=""_blank"">Naver</a>"
177830,파버나인,33.588936540770234,13.297108015911038,58.86932459740779,75.03269047941436,67.80143067860453,,"<a href=""https://m.stock.naver.com/domestic/stock/177830/total"" target=""_blank"">Naver</a>"
230240,에치에프알,33.564331823427764,0.0,80.08588473306376,97.55341580313319,75.75038119697,,"<a href=""https://m.stock.naver.com/domestic/stock/230240/total"" target=""_blank"">Naver</a>"
053080,케이엔솔,33.49989041778477,11.56719303445788,55.54340515147536,83.35037176926689,86.77372264629031,,"<a href=""https://m.stock.naver.com/domestic/stock/053080/total"" target=""_blank"">Naver</a>"
131180,딜리,33.432051694572166,11.387219076598846,52.39704352454064,99.60182165973002,70.80554403009394,,"<a href=""https://m.stock.naver.com/domestic/stock/131180/total"" target=""_blank"">Naver</a>"
222800,심텍,33.41707070986875,0.0,82.8768212031183,82.07492599213084,89.80745619752184,,"<a href=""https://m.stock.naver.com/domestic/stock/222800/total"" target=""_blank"">Naver</a>"
108230,톱텍,33.37606644020875,19.61251659740088,40.93929511963163,92.60466593906857,42.26532215906926,,"<a href=""https://m.stock.naver.com/domestic/stock/108230/total"" target=""_blank"">Naver</a>"
208860,엔지스테크널러지,33.36029212408125,33.333333333333336,33.333333333333336,27.5,45.53917581495823,,"<a href=""https://m.stock.naver.com/domestic/stock/208860/total"" target=""_blank"">Naver</a>"
008370,원풍,33.30714053793015,7.944952307421283,61.26434616584017,93.35526310425925,77.77112603182835,,"<a href=""https://m.stock.naver.com/domestic/stock/008370/total"" target=""_blank"">Naver</a>"
042370,비츠로테크,33.28716410311992,13.166778757180701,50.74152657368693,98.98039001785727,56.073524072080886,,"<a href=""https://m.stock.naver.com/domestic/stock/042370/total"" target=""_blank"">Naver</a>"
299900,위지윅스튜디오,33.24419338656434,38.684120924317604,0.0,64.68691985111053,71.30057693725442,,"<a href=""https://m.stock.naver.com/domestic/stock/299900/total"" target=""_blank"">Naver</a>"
136410,아셈스,33.22548703934348,7.948204299624955,72.39686273876583,82.577486138533,41.99200322047484,,"<a href=""https://m.stock.naver.com/domestic/stock/136410/total"" target=""_blank"">Naver</a>"
109740,디에스케이,33.19696607529858,40.02896272543234,0.0,74.2258155566082,35.14013768756723,,"<a href=""https://m.stock.naver.com/domestic/stock/109740/total"" target=""_blank"">Naver</a>"
025880,케이씨피드,33.169539617012255,11.875386873100824,55.13935966629606,89.5588013632711,66.0717488050127,,"<a href=""https://m.stock.naver.com/domestic/stock/025880/total"" target=""_blank"">Naver</a>"
197140,디지캡,33.06047646191868,15.175408450394782,45.29424232432843,94.03246355373165,64.56848910453084,,"<a href=""https://m.stock.naver.com/domestic/stock/197140/total"" target=""_blank"">Naver</a>"
319660,피에스케이,33.03705752509741,0.0,83.1750262696125,95.85701505957334,53.151989034739024,,"<a href=""https://m.stock.naver.com/domestic/stock/319660/total"" target=""_blank"">Naver</a>"
110790,크리스에프앤씨,33.01338661361858,13.602753747572677,56.643709118351126,85.15202620554051,43.51208929866291,,"<a href=""https://m.stock.naver.com/domestic/stock/110790/total"" target=""_blank"">Naver</a>"
063170,서울옥션,32.99511111325651,13.588398030583468,56.99034859151147,87.54391072966794,36.80188148123534,,"<a href=""https://m.stock.naver.com/domestic/stock/063170/total"" target=""_blank"">Naver</a>"
124560,태웅로직스,32.87302345744453,0.0,76.21175594337807,88.20084471600019,100.0,,"<a href=""https://m.stock.naver.com/domestic/stock/124560/total"" target=""_blank"">Naver</a>"
074600,원익QnC,32.86729412929146,11.391009390611464,63.63645117597431,71.63425984766553,59.202994323288934,,"<a href=""https://m.stock.naver.com/domestic/stock/074600/total"" target=""_blank"">Naver</a>"
043650,국순당,32.76788125611427,20.290142813241697,35.241896868755965,99.81795944093449,36.03050813773625,,"<a href=""https://m.stock.naver.com/domestic/stock/043650/total"" target=""_blank"">Naver</a>"
102710,이엔에프테크놀로지,32.75461772398056,8.52625578112417,62.052306312163104,80.19329401611307,82.12916551307943,,"<a href=""https://m.stock.naver.com/domestic/stock/102710/total"" target=""_blank"">Naver</a>"
036890,진성티이씨,32.641984357613104,6.070043569434418,67.06827055928717,88.19132821281218,68.2751550969889,,"<a href=""https://m.stock.naver.com/domestic/stock/036890/total"" target=""_blank"">Naver</a>"
039030,이오테크닉스,32.6297078759777,1.0874736737605943,78.6621441081627,99.80932086008255,46.61511117344823,,"<a href=""https://m.stock.naver.com/domestic/stock/039030/total"" target=""_blank"">Naver</a>"
140410,메지온,32.5912430491889,38.71115004283126,0.0,73.69614595494457,39.89876855991365,,"<a href=""https://m.stock.naver.com/domestic/stock/140410/total"" target=""_blank"">Naver</a>"
000250,삼천당제약,32.58617092021372,19.267241950340658,36.9332114085641,90.86747393304628,54.1155100912733,,"<a href=""https://m.stock.naver.com/domestic/stock/000250/total"" target=""_blank"">Naver</a>"
043220,티에스넥스젠,32.53611966887282,39.36269951002645,0.0,72.33143077413763,33.707137708863804,,"<a href=""https://m.stock.naver.com/domestic/stock/043220/total"" target=""_blank"">Naver</a>"
115440,우리넷,32.513881286254986,40.19459035343895,0.0,62.739744632962,42.46305221790833,,"<a href=""https://m.stock.naver.com/domestic/stock/115440/total"" target=""_blank"">Naver</a>"
081580,성우전자,32.50576046078969,13.866337047428516,44.32078530052657,87.52730555533464,87.06062703334945,,"<a href=""https://m.stock.naver.com/domestic/stock/081580/total"" target=""_blank"">Naver</a>"
089980,상아프론테크,32.4368190653702,14.562798566266913,50.95765985178766,78.71354312052524,61.76741301221227,,"<a href=""https://m.stock.naver.com/domestic/stock/089980/total"" target=""_blank"">Naver</a>"
146320,비씨엔씨,32.382444412472395,4.726447310462923,70.52767513810193,89.85312163287081,58.58690156764149,,"<a href=""https://m.stock.naver.com/domestic/stock/146320/total"" target=""_blank"">Naver</a>"
363260,모비데이즈,32.30340155399443,30.164794457445367,26.06655517057526,66.878860868834,20.0,,"<a href=""https://m.stock.naver.com/domestic/stock/363260/total"" target=""_blank"">Naver</a>"
067570,엔브이에이치코리아,32.28114854480676,22.473841893299817,36.385418129706814,52.771213239107084,88.46735104978919,,"<a href=""https://m.stock.naver.com/domestic/stock/067570/total"" target=""_blank"">Naver</a>"
094840,슈프리마에이치큐,32.219914137240224,0.0,82.79497276785763,88.57672299968004,53.2699729061563,,"<a href=""https://m.stock.naver.com/domestic/stock/094840/total"" target=""_blank"">Naver</a>"
064240,홈캐스트,32.21926782280989,30.183921417431147,12.68171208237778,74.42556736618705,69.91860430276094,,"<a href=""https://m.stock.naver.com/domestic/stock/064240/total"" target=""_blank"">Naver</a>"
093520,매커스,32.192148373266484,1.483053088473449,80.29800933687028,74.73331774769487,75.08964822390718,,"<a href=""https://m.stock.naver.com/domestic/stock/093520/total"" target=""_blank"">Naver</a>"
036630,세종텔레콤,32.1859264176375,30.358684562010023,11.060363198803111,70.8959138649856,82.32066988464302,,"<a href=""https://m.stock.naver.com/domestic/stock/036630/total"" target=""_blank"">Naver</a>"
007530,와이엠,32.12493030672799,20.754850709991292,43.16977344967447,47.7700487621806,82.05143284193073,,"<a href=""https://m.stock.naver.com/domestic/stock/007530/total"" target=""_blank"">Naver</a>"
050110,캠시스,32.12444712289288,16.497885266123898,47.077803917633986,58.170256781527655,92.7847861131455,,"<a href=""https://m.stock.naver.com/domestic/stock/050110/total"" target=""_blank"">Naver</a>"
137400,피엔티,32.036407924048525,6.791693474185202,76.6137617707604,70.81431550167726,34.5303969335916,,"<a href=""https://m.stock.naver.com/domestic/stock/137400/total"" target=""_blank"">Naver</a>"
253590,네오셈,32.01997315866738,7.4459635007011515,67.04961566885342,86.05273550363658,43.69435181339358,,"<a href=""https://m.stock.naver.com/domestic/stock/253590/total"" target=""_blank"">Naver</a>"
270870,뉴트리,32.009349784054535,11.024518216130147,49.360159920347144,87.40603323939519,86.2799110070029,,"<a href=""https://m.stock.naver.com/domestic/stock/270870/total"" target=""_blank"">Naver</a>"
048910,대원미디어,31.957795383294492,9.749863471346101,49.380570651149675,94.24586501566608,86.76296272265608,,"<a href=""https://m.stock.naver.com/domestic/stock/048910/total"" target=""_blank"">Naver</a>"
049520,유아이엘,31.9032233880068,12.900209416648437,43.07540256027139,89.28179248266157,89.32135699367463,,"<a href=""https://m.stock.naver.com/domestic/stock/049520/total"" target=""_blank"">Naver</a>"
322780,코퍼스코리아,31.794005235395932,33.333333333333336,24.381826647129717,36.31219983487451,41.346571802521055,,"<a href=""https://m.stock.naver.com/domestic/stock/322780/total"" target=""_blank"">Naver</a>"
365340,성일하이텍,31.72973354212369,8.300660004442522,60.61255958874648,81.86741996273523,68.1891129199606,,"<a href=""https://m.stock.naver.com/domestic/stock/365340/total"" target=""_blank"">Naver</a>"
060230,소니드,31.727475126869294,33.333333333333336,7.897186905453619,68.41282334692306,58.23792131627161,,"<a href=""https://m.stock.naver.com/domestic/stock/060230/total"" target=""_blank"">Naver</a>"
293490,카카오게임즈,31.71289623201906,25.638094078092035,25.992851728680716,66.16489391034744,64.30674923917834,,"<a href=""https://m.stock.naver.com/domestic/stock/293490/total"" target=""_blank"">Naver</a>"
096630,에스코넥,31.55541012751074,23.628455920019245,30.04454081731613,55.75762941812157,85.82876858716007,,"<a href=""https://m.stock.naver.com/domestic/stock/096630/total"" target=""_blank"">Naver</a>"
050120,ES큐브,31.550272661713958,0.0,77.22511360874334,92.45558215855989,59.96872087344266,,"<a href=""https://m.stock.naver.com/domestic/stock/050120/total"" target=""_blank"">Naver</a>"
078600,대주전자재료,31.526531625118285,24.53078120239759,38.21836584948057,38.93557178169397,67.19828526280382,,"<a href=""https://m.stock.naver.com/domestic/stock/078600/total"" target=""_blank"">Naver</a>"
039290,인포뱅크,31.48407710625753,16.660888756439416,39.155703795128346,69.4854163526893,95.00152536685727,,"<a href=""https://m.stock.naver.com/domestic/stock/039290/total"" target=""_blank"">Naver</a>"
048410,현대바이오,31.467199690444723,41.043638919695866,0.0,49.13442049834829,38.55148577584744,,"<a href=""https://m.stock.naver.com/domestic/stock/048410/total"" target=""_blank"">Naver</a>"
348350,위드텍,31.44703562398573,0.0,75.06723818973263,99.03474136408428,55.535038802882845,,"<a href=""https://m.stock.naver.com/domestic/stock/348350/total"" target=""_blank"">Naver</a>"
328130,루닛,31.426358913283572,40.71339815121363,0.0,48.24935843624809,43.46768357861168,,"<a href=""https://m.stock.naver.com/domestic/stock/328130/total"" target=""_blank"">Naver</a>"
105740,디케이락,31.387940159152205,12.84397461209088,51.15124047554715,86.03437265569485,45.8061601488281,,"<a href=""https://m.stock.naver.com/domestic/stock/105740/total"" target=""_blank"">Naver</a>"
054800,아이디스홀딩스,31.379821661171473,6.330050854662765,65.0029702450194,88.46444718734617,49.69207736768694,,"<a href=""https://m.stock.naver.com/domestic/stock/054800/total"" target=""_blank"">Naver</a>"
204610,티쓰리,31.378424639971655,0.0,81.29563131259592,90.62876373627672,39.832808763900154,,"<a href=""https://m.stock.naver.com/domestic/stock/204610/total"" target=""_blank"">Naver</a>"
104830,원익머트리얼즈,31.366168800076206,0.0,70.78631794864229,99.72148282598391,73.9488206063448,,"<a href=""https://m.stock.naver.com/domestic/stock/104830/total"" target=""_blank"">Naver</a>"
123840,뉴온,31.30043685576696,40.953683499715,0.0,49.045819590611245,36.472895937536784,,"<a href=""https://m.stock.naver.com/domestic/stock/123840/total"" target=""_blank"">Naver</a>"
041440,현대에버다임,31.2976691554761,10.224023753003967,48.9820450174978,91.71389030623372,74.9270923735179,,"<a href=""https://m.stock.naver.com/domestic/stock/041440/total"" target=""_blank"">Naver</a>"
098460,고영,31.293508031494056,3.3118071723345586,69.13787570769915,99.33789752675237,41.76330096986591,,"<a href=""https://m.stock.naver.com/domestic/stock/098460/total"" target=""_blank"">Naver</a>"
095610,테스,31.293429562425917,0.0,71.46640252826917,96.80652922121816,74.92352016473615,,"<a href=""https://m.stock.naver.com/domestic/stock/095610/total"" target=""_blank"">Naver</a>"
037760,쎄니트,31.23431462198914,7.269520881357798,60.30482957220064,79.29177069080052,77.34435262088493,,"<a href=""https://m.stock.naver.com/domestic/stock/037760/total"" target=""_blank"">Naver</a>"
036010,아비코전자,31.21410120534304,6.057032187158829,57.74941364163129,90.10314431821291,82.64428101637262,,"<a href=""https://m.stock.naver.com/domestic/stock/036010/total"" target=""_blank"">Naver</a>"
064290,인텍플러스,31.14997265133103,2.390663548424548,76.84244062559294,81.43189875139916,47.235489814763056,,"<a href=""https://m.stock.naver.com/domestic/stock/064290/total"" target=""_blank"">Naver</a>"
083790,CG인바이츠,31.045527695849362,37.31493475824705,0.0,58.27956223738364,56.57221234325537,,"<a href=""https://m.stock.naver.com/domestic/stock/083790/total"" target=""_blank"">Naver</a>"
086670,비엠티,30.998862069432192,5.171263007920835,72.85638185495709,76.0965995820631,41.446976854682156,,"<a href=""https://m.stock.naver.com/domestic/stock/086670/total"" target=""_blank"">Naver</a>"
106520,노블엠앤비,30.905588259103475,32.204718343137316,0.0,85.10091280369731,61.45331945702705,,"<a href=""https://m.stock.naver.com/domestic/stock/106520/total"" target=""_blank"">Naver</a>"
058110,멕아이씨에스,30.75456836688142,33.45537848149721,5.382919532922016,74.15396417746803,38.40429954011566,,"<a href=""https://m.stock.naver.com/domestic/stock/058110/total"" target=""_blank"">Naver</a>"
078160,메디포스트,30.751618276762144,36.57488594504589,0.0,66.67052676460703,42.79268066547816,,"<a href=""https://m.stock.naver.com/domestic/stock/078160/total"" target=""_blank"">Naver</a>"
214680,디알텍,30.686020226743043,15.162018776647601,47.88945986666917,75.10796982336613,42.112940235011486,,"<a href=""https://m.stock.naver.com/domestic/stock/214680/total"" target=""_blank"">Naver</a>"
272110,케이엔제이,30.613508520539057,0.0,78.43402052180066,87.13498121853766,45.830105364702526,,"<a href=""https://m.stock.naver.com/domestic/stock/272110/total"" target=""_blank"">Naver</a>"
089030,테크윙,30.519374003200234,0.0,80.72429363158112,82.50497907859446,41.75605374891022,,"<a href=""https://m.stock.naver.com/domestic/stock/089030/total"" target=""_blank"">Naver</a>"
317770,엑스페릭스,30.51452181906187,2.015464886313124,71.94726365109017,95.63330819277905,35.101923104470956,,"<a href=""https://m.stock.naver.com/domestic/stock/317770/total"" target=""_blank"">Naver</a>"
255440,야스,30.51375533117113,28.414003315988097,18.08824858044915,72.99626241622987,32.87329909685994,,"<a href=""https://m.stock.naver.com/domestic/stock/255440/total"" target=""_blank"">Naver</a>"
085910,네오티스,30.49886959061599,10.975935266179667,53.97391498089069,80.07407600468434,48.24844170434163,,"<a href=""https://m.stock.naver.com/domestic/stock/085910/total"" target=""_blank"">Naver</a>"
394280,오픈엣지테크놀로지,30.470307525231213,37.94081539338571,0.0,53.6522642068487,46.811837370298335,,"<a href=""https://m.stock.naver.com/domestic/stock/394280/total"" target=""_blank"">Naver</a>"
034810,해성산업,30.41770772717447,9.762956222149477,51.582871728573686,80.76607110291133,71.75217902900462,,"<a href=""https://m.stock.naver.com/domestic/stock/034810/total"" target=""_blank"">Naver</a>"
098660,에스티오,30.303636848885873,14.732378080915675,47.415924914261474,70.44777935512013,51.30901672518169,,"<a href=""https://m.stock.naver.com/domestic/stock/098660/total"" target=""_blank"">Naver</a>"
072770,율호,30.24166973085439,15.493723317725236,38.131673153491896,76.70594647516029,74.83845608660494,,"<a href=""https://m.stock.naver.com/domestic/stock/072770/total"" target=""_blank"">Naver</a>"
041590,플래스크,30.19634292119698,35.453770409173096,0.0,49.46796451614645,79.54568448156952,,"<a href=""https://m.stock.naver.com/domestic/stock/041590/total"" target=""_blank"">Naver</a>"
111870,KH 미래물산,30.172038067518578,35.38987652264098,0.0,70.99782249734406,36.76659808399163,,"<a href=""https://m.stock.naver.com/domestic/stock/111870/total"" target=""_blank"">Naver</a>"
080470,성창오토텍,30.13541325377763,11.374615635496914,48.04640035784212,69.6015361708754,86.77780331862829,,"<a href=""https://m.stock.naver.com/domestic/stock/080470/total"" target=""_blank"">Naver</a>"
140070,서플러스글로벌,30.122800822146033,0.0,75.5115889598473,89.87986217421519,45.13834729525372,,"<a href=""https://m.stock.naver.com/domestic/stock/140070/total"" target=""_blank"">Naver</a>"
130500,GH신소재,30.114704564990646,13.679427446783949,46.799063234886525,64.53001484107743,75.08561608181807,,"<a href=""https://m.stock.naver.com/domestic/stock/130500/total"" target=""_blank"">Naver</a>"
032800,판타지오,30.043542317298247,33.333333333333336,14.187883688702309,45.72017307102514,38.491081760403105,,"<a href=""https://m.stock.naver.com/domestic/stock/032800/total"" target=""_blank"">Naver</a>"
263810,상신전자,30.04066550980868,15.644584902390571,42.01208035001856,66.08338640819622,70.85111680100155,,"<a href=""https://m.stock.naver.com/domestic/stock/263810/total"" target=""_blank"">Naver</a>"
061970,LB세미콘,29.89616380777447,8.005155953660438,60.69011867281328,67.11086761595176,64.18907611559425,,"<a href=""https://m.stock.naver.com/domestic/stock/061970/total"" target=""_blank"">Naver</a>"
191420,테고사이언스,29.88525002631078,14.111555006555813,44.98823853547437,88.15229441497505,27.120558940223873,,"<a href=""https://m.stock.naver.com/domestic/stock/191420/total"" target=""_blank"">Naver</a>"
033640,네패스,29.874340219534634,7.624285434395421,65.75913989178245,49.465092342160894,78.26949503471354,,"<a href=""https://m.stock.naver.com/domestic/stock/033640/total"" target=""_blank"">Naver</a>"
236810,엔비티,29.842975675013815,16.921484404004556,30.770207217193633,72.63491286615337,94.68083883394667,,"<a href=""https://m.stock.naver.com/domestic/stock/236810/total"" target=""_blank"">Naver</a>"
096690,에이루트,29.824602046719814,16.098748797324113,44.46505540835127,73.4656877753602,34.05040277403017,,"<a href=""https://m.stock.naver.com/domestic/stock/096690/total"" target=""_blank"">Naver</a>"
115480,씨유메디칼,29.82372025788109,0.0,78.13453347584063,81.24708984105668,43.30755809630527,,"<a href=""https://m.stock.naver.com/domestic/stock/115480/total"" target=""_blank"">Naver</a>"
083550,케이엠,29.771285136742552,9.006486337845143,50.818904474206626,86.96024836830392,59.33284757306835,,"<a href=""https://m.stock.naver.com/domestic/stock/083550/total"" target=""_blank"">Naver</a>"
101170,우림피티에스,29.730637499782883,6.221611248725782,55.90658271814508,94.79986693571689,50.82076754878905,,"<a href=""https://m.stock.naver.com/domestic/stock/101170/total"" target=""_blank"">Naver</a>"
347000,센코,29.645328943701685,16.01858587960248,42.25087999788975,69.30755692152638,50.814034486302376,,"<a href=""https://m.stock.naver.com/domestic/stock/347000/total"" target=""_blank"">Naver</a>"
063760,이엘피,29.514878763214348,31.54641859020136,1.6374024068819157,74.38382255929457,54.785895028871906,,"<a href=""https://m.stock.naver.com/domestic/stock/063760/total"" target=""_blank"">Naver</a>"
263750,펄어비스,29.467150365216593,27.999126113362184,0.0,94.26007219915054,64.83334954568454,,"<a href=""https://m.stock.naver.com/domestic/stock/263750/total"" target=""_blank"">Naver</a>"
039020,이건홀딩스,29.43079143077201,14.270840915562784,44.3780903847236,60.09996140705475,75.27536289095936,,"<a href=""https://m.stock.naver.com/domestic/stock/039020/total"" target=""_blank"">Naver</a>"
317330,덕산테코피아,29.410356985116618,13.240208295339693,53.86501214294225,56.76383510475396,46.47190923403694,,"<a href=""https://m.stock.naver.com/domestic/stock/317330/total"" target=""_blank"">Naver</a>"
038620,위즈코프,29.405488611673224,11.835417368724976,45.204389317965045,70.7188286781693,78.62515986260092,,"<a href=""https://m.stock.naver.com/domestic/stock/038620/total"" target=""_blank"">Naver</a>"
208340,파멥신,29.336018926788256,40.071352341206996,0.0,42.93207522064057,20.0,,"<a href=""https://m.stock.naver.com/domestic/stock/208340/total"" target=""_blank"">Naver</a>"
011040,경동제약,29.313643958235986,8.973686739566153,52.62939271608298,81.43496840193748,52.571737905636006,,"<a href=""https://m.stock.naver.com/domestic/stock/011040/total"" target=""_blank"">Naver</a>"
038540,상상인,29.284986958866167,19.5804634140958,45.43313207329871,44.28425892084012,35.0,,"<a href=""https://m.stock.naver.com/domestic/stock/038540/total"" target=""_blank"">Naver</a>"
226950,올릭스,29.23306070460058,39.56965293145607,0.0,28.85522904137453,52.114920831789675,,"<a href=""https://m.stock.naver.com/domestic/stock/226950/total"" target=""_blank"">Naver</a>"
099390,브레인즈컴퍼니,29.231671570036937,0.0,68.52572466998032,89.86561983991247,62.27356837101217,,"<a href=""https://m.stock.naver.com/domestic/stock/099390/total"" target=""_blank"">Naver</a>"
069330,유아이디,29.221197925395252,10.098877890187026,43.17934278403384,78.07326479818515,91.19418030912112,,"<a href=""https://m.stock.naver.com/domestic/stock/069330/total"" target=""_blank"">Naver</a>"
218150,미래생명자원,29.21792497673178,6.694005672464776,44.17134152928662,99.21017026232835,84.7533832939685,,"<a href=""https://m.stock.naver.com/domestic/stock/218150/total"" target=""_blank"">Naver</a>"
425040,티이엠씨,29.19790189404214,0.0,74.73460644431218,94.4464820236986,21.392041611884768,,"<a href=""https://m.stock.naver.com/domestic/stock/425040/total"" target=""_blank"">Naver</a>"
159010,아스플로,29.146863036409307,3.3430619464880027,65.49746580615023,84.42314757418464,46.486893191209646,,"<a href=""https://m.stock.naver.com/domestic/stock/159010/total"" target=""_blank"">Naver</a>"
251370,와이엠티,29.123581155971237,18.40898922483715,32.824410269725,65.23674428731508,66.96821249812382,,"<a href=""https://m.stock.naver.com/domestic/stock/251370/total"" target=""_blank"">Naver</a>"
039440,에스티아이,29.107392471742425,0.0,60.40928104627369,98.48212626867719,83.13719166612566,,"<a href=""https://m.stock.naver.com/domestic/stock/039440/total"" target=""_blank"">Naver</a>"
031860,디에이치엑스컴퍼니,29.102843219563187,35.85223432398271,0.0,63.925838164683014,23.978376174105264,,"<a href=""https://m.stock.naver.com/domestic/stock/031860/total"" target=""_blank"">Naver</a>"
389140,포바이포,29.013707621808106,33.333333333333336,0.0,59.342871234029786,61.58840996810254,,"<a href=""https://m.stock.naver.com/domestic/stock/389140/total"" target=""_blank"">Naver</a>"
425420,티에프이,28.99079660731401,0.0,68.13184797095234,99.10929434616521,40.93810359918809,,"<a href=""https://m.stock.naver.com/domestic/stock/425420/total"" target=""_blank"">Naver</a>"
053620,태양,28.967474680114734,8.66787236218205,46.60661928924151,80.41641742273949,81.46909396442351,,"<a href=""https://m.stock.naver.com/domestic/stock/053620/total"" target=""_blank"">Naver</a>"
419120,산돌,28.953713548457664,0.0,68.65025468344423,86.88234885020778,62.058299851516495,,"<a href=""https://m.stock.naver.com/domestic/stock/419120/total"" target=""_blank"">Naver</a>"
036710,심텍홀딩스,28.901298799067405,0.16533276787887574,69.67365962676999,68.44034365389163,90.7929973251684,,"<a href=""https://m.stock.naver.com/domestic/stock/036710/total"" target=""_blank"">Naver</a>"
092870,엑시콘,28.840360798448902,0.0,68.48162033070537,93.99307035696678,46.4129736015176,,"<a href=""https://m.stock.naver.com/domestic/stock/092870/total"" target=""_blank"">Naver</a>"
288980,모아데이타,28.839452941747975,16.696100368983718,43.51856012752089,61.331248026543435,36.18055771646361,,"<a href=""https://m.stock.naver.com/domestic/stock/288980/total"" target=""_blank"">Naver</a>"
039860,나노엔텍,28.793566433024044,5.494174380819288,52.941254409229124,99.78589058983636,45.663182864831015,,"<a href=""https://m.stock.naver.com/domestic/stock/039860/total"" target=""_blank"">Naver</a>"
192410,오늘이엔엠,28.764734721340012,30.037685932300764,0.0,73.47794408054654,67.88657507809805,,"<a href=""https://m.stock.naver.com/domestic/stock/192410/total"" target=""_blank"">Naver</a>"
289220,자이언트스텝,28.741500526559488,26.42699390216644,0.0,99.27841444407322,59.149254817046064,,"<a href=""https://m.stock.naver.com/domestic/stock/289220/total"" target=""_blank"">Naver</a>"
290270,휴네시온,28.622022147558596,18.89535808117006,23.20948485755662,74.66964030721869,80.30944107491074,,"<a href=""https://m.stock.naver.com/domestic/stock/290270/total"" target=""_blank"">Naver</a>"
057540,옴니시스템,28.58975614762306,9.914485952422746,38.63242906720128,95.80211936523219,68.05490745691749,,"<a href=""https://m.stock.naver.com/domestic/stock/057540/total"" target=""_blank"">Naver</a>"
405100,큐알티,28.588422906515603,0.0,66.11034154048504,96.03643755818754,49.14387531151179,,"<a href=""https://m.stock.naver.com/domestic/stock/405100/total"" target=""_blank"">Naver</a>"
091120,이엠텍,28.575399161402906,0.0,61.28352012242154,93.85841926648709,77.3735440829762,,"<a href=""https://m.stock.naver.com/domestic/stock/091120/total"" target=""_blank"">Naver</a>"
036180,지더블유바이텍,28.526000851035622,30.495149234707952,0.0,66.10819057101621,72.36184506218457,,"<a href=""https://m.stock.naver.com/domestic/stock/036180/total"" target=""_blank"">Naver</a>"
105330,케이엔더블유,28.485888205562663,4.770699281283435,52.619569293259644,86.65611778219755,76.05929070515869,,"<a href=""https://m.stock.naver.com/domestic/stock/105330/total"" target=""_blank"">Naver</a>"
012860,모베이스전자,28.46936894512118,19.017274092524996,29.680215338861753,55.73499686145891,81.30901937489702,,"<a href=""https://m.stock.naver.com/domestic/stock/012860/total"" target=""_blank"">Naver</a>"
024120,KB오토시스,28.35223211857391,17.19615770360016,36.523351074183616,58.283887840363064,61.506218876632055,,"<a href=""https://m.stock.naver.com/domestic/stock/024120/total"" target=""_blank"">Naver</a>"
060590,씨티씨바이오,28.290360656628323,9.253590838682346,52.75229077074002,64.0960327706486,62.81060367338103,,"<a href=""https://m.stock.naver.com/domestic/stock/060590/total"" target=""_blank"">Naver</a>"
035460,기산텔레콤,28.23738776226042,9.388626641968678,48.45433222894272,81.81832752102,46.17591935483065,,"<a href=""https://m.stock.naver.com/domestic/stock/035460/total"" target=""_blank"">Naver</a>"
073190,듀오백,28.215177308601728,29.035756008114458,0.0,66.23787360690037,83.39872686086034,,"<a href=""https://m.stock.naver.com/domestic/stock/073190/total"" target=""_blank"">Naver</a>"
255220,SG,28.18654931147327,24.97846583186646,15.47325473222862,69.31879833056557,47.98552592479365,,"<a href=""https://m.stock.naver.com/domestic/stock/255220/total"" target=""_blank"">Naver</a>"
207760,미스터블루,28.01936399152636,10.176527468804712,47.200767024182085,63.38136596261016,75.50238315873997,,"<a href=""https://m.stock.naver.com/domestic/stock/207760/total"" target=""_blank"">Naver</a>"
066310,큐에스아이,28.01487401106981,6.141620772772106,59.74086825842479,74.83131018506344,38.231069285880125,,"<a href=""https://m.stock.naver.com/domestic/stock/066310/total"" target=""_blank"">Naver</a>"
322180,LS티라유텍,27.9701727190095,32.38770456997964,0.0,43.14057227841527,84.46985498360381,,"<a href=""https://m.stock.naver.com/domestic/stock/322180/total"" target=""_blank"">Naver</a>"
065130,탑엔지니어링,27.861816502155317,22.220582089453444,15.043768783016125,64.78176376785801,85.80697351886838,,"<a href=""https://m.stock.naver.com/domestic/stock/065130/total"" target=""_blank"">Naver</a>"
036540,SFA반도체,27.717754384613787,0.0,53.87924724789909,99.19976432544559,86.55932280188915,,"<a href=""https://m.stock.naver.com/domestic/stock/036540/total"" target=""_blank"">Naver</a>"
090850,현대이지웰,27.666634361393186,0.0,63.86292571657592,87.00902932249203,60.0,,"<a href=""https://m.stock.naver.com/domestic/stock/090850/total"" target=""_blank"">Naver</a>"
382840,원준,27.57679684406215,0.0,62.701417064400005,84.20260167958287,69.62364820007718,,"<a href=""https://m.stock.naver.com/domestic/stock/382840/total"" target=""_blank"">Naver</a>"
119830,아이텍,27.533098434478458,24.0727434860387,14.216945365804401,73.08049577804057,44.543328472001534,,"<a href=""https://m.stock.naver.com/domestic/stock/119830/total"" target=""_blank"">Naver</a>"
208710,포톤,27.516187460293544,18.35091365267913,22.417469424855437,67.14397315757262,83.73749193429884,,"<a href=""https://m.stock.naver.com/domestic/stock/208710/total"" target=""_blank"">Naver</a>"
200710,에이디테크놀로지,27.510739085399564,12.315095827867,36.237090010909554,70.95923707557712,79.32970756788528,,"<a href=""https://m.stock.naver.com/domestic/stock/200710/total"" target=""_blank"">Naver</a>"
030530,원익홀딩스,27.43059949897351,0.0,64.01172518050866,80.98286502583916,66.58763402524863,,"<a href=""https://m.stock.naver.com/domestic/stock/030530/total"" target=""_blank"">Naver</a>"
037330,인지디스플레,27.33479915100959,8.918757258833148,46.41499061352289,59.165269809500096,89.26540322757936,,"<a href=""https://m.stock.naver.com/domestic/stock/037330/total"" target=""_blank"">Naver</a>"
043100,알파녹스,27.247147392655947,31.702317230695556,0.0,64.16571426025808,36.18371256425608,,"<a href=""https://m.stock.naver.com/domestic/stock/043100/total"" target=""_blank"">Naver</a>"
371950,풍원정밀,27.22356674996119,16.81912798705946,34.805815953730956,57.899704205041104,52.81331097577327,,"<a href=""https://m.stock.naver.com/domestic/stock/371950/total"" target=""_blank"">Naver</a>"
053030,바이넥스,27.193332308232787,8.230696485733494,46.59676615516977,76.37077435171777,59.37290885656944,,"<a href=""https://m.stock.naver.com/domestic/stock/053030/total"" target=""_blank"">Naver</a>"
073490,이노와이어리스,27.157083456284123,0.0,55.41115091434394,99.45616532701995,67.17358389992282,,"<a href=""https://m.stock.naver.com/domestic/stock/073490/total"" target=""_blank"">Naver</a>"
078340,컴투스,27.105419051654994,16.739148504699124,28.52932377885972,66.51244842863981,65.56708322513225,,"<a href=""https://m.stock.naver.com/domestic/stock/078340/total"" target=""_blank"">Naver</a>"
187220,디티앤씨,27.071094739295933,12.932130963392632,40.289062154544894,58.987260330854845,66.81649179077294,,"<a href=""https://m.stock.naver.com/domestic/stock/187220/total"" target=""_blank"">Naver</a>"
024800,유성티엔에스,27.04131253797565,12.588922025121613,40.949304159215615,51.66632639556677,81.68001287084202,,"<a href=""https://m.stock.naver.com/domestic/stock/024800/total"" target=""_blank"">Naver</a>"
016790,현대사료,27.027851063359677,31.21915305855558,8.232004550299314,27.903860570823277,68.95944067138342,,"<a href=""https://m.stock.naver.com/domestic/stock/016790/total"" target=""_blank"">Naver</a>"
204840,지엘팜텍,26.932081798034023,30.94948009031063,3.5487225007888736,51.60054034148648,46.30318169003567,,"<a href=""https://m.stock.naver.com/domestic/stock/204840/total"" target=""_blank"">Naver</a>"
900120,씨엑스아이,26.8894723211531,1.5327035264743742,50.98513499995254,99.98286330827862,64.5056024890495,,"<a href=""https://m.stock.naver.com/domestic/stock/900120/total"" target=""_blank"">Naver</a>"
032790,엠젠솔루션,26.71730285605989,10.001778241013525,32.05570026041435,83.7003894946628,86.64543793763819,,"<a href=""https://m.stock.naver.com/domestic/stock/032790/total"" target=""_blank"">Naver</a>"
419530,SAMG엔터,26.70144268036524,33.333333333333336,0.0,55.386495140095576,23.25586332711364,,"<a href=""https://m.stock.naver.com/domestic/stock/419530/total"" target=""_blank"">Naver</a>"
079370,제우스,26.695469878150025,2.3530296118247502,57.100110043928254,85.88739146728894,48.397709066884374,,"<a href=""https://m.stock.naver.com/domestic/stock/079370/total"" target=""_blank"">Naver</a>"
043090,더테크놀로지,26.68263128160228,33.333333333333336,0.0,54.131827135462615,25.388971361120323,,"<a href=""https://m.stock.naver.com/domestic/stock/043090/total"" target=""_blank"">Naver</a>"
166090,하나머티리얼즈,26.57404126293488,0.0,68.13829010406228,80.0713360754825,30.646702587421196,,"<a href=""https://m.stock.naver.com/domestic/stock/166090/total"" target=""_blank"">Naver</a>"
054940,엑사이엔씨,26.4847544985992,5.3316389626296745,43.64893872612928,80.7908969048494,85.88893498008271,,"<a href=""https://m.stock.naver.com/domestic/stock/054940/total"" target=""_blank"">Naver</a>"
080420,모다이노칩,26.44139517254593,14.110631580471233,41.05681897992992,47.69985700660556,58.81651557240308,,"<a href=""https://m.stock.naver.com/domestic/stock/080420/total"" target=""_blank"">Naver</a>"
058970,엠로,26.366510201248655,18.43922631943286,28.961499005085653,40.799764027328465,79.65246511169362,,"<a href=""https://m.stock.naver.com/domestic/stock/058970/total"" target=""_blank"">Naver</a>"
230980,비유테크놀러지,26.356559329421373,34.47878524322465,0.0,31.787098995651345,49.81156567842891,,"<a href=""https://m.stock.naver.com/domestic/stock/230980/total"" target=""_blank"">Naver</a>"
377480,마음AI,26.356080769613385,29.520670586816333,0.0,64.3014298479431,44.27070865458544,,"<a href=""https://m.stock.naver.com/domestic/stock/377480/total"" target=""_blank"">Naver</a>"
327260,RF머트리얼즈,26.32196913299296,6.06520471968464,49.4580763772916,72.29104108154053,61.78446197410449,,"<a href=""https://m.stock.naver.com/domestic/stock/327260/total"" target=""_blank"">Naver</a>"
079970,투비소프트,26.2681677843483,30.15900003189412,0.0,64.11510666614947,35.225141971937646,,"<a href=""https://m.stock.naver.com/domestic/stock/079970/total"" target=""_blank"">Naver</a>"
241790,티이엠씨씨엔에스,26.20588594104554,0.0,61.06927083920376,82.07739873037521,54.61656716414163,,"<a href=""https://m.stock.naver.com/domestic/stock/241790/total"" target=""_blank"">Naver</a>"
368600,아이씨에이치,26.181635748433006,31.205193626628894,0.0,49.390880976012845,50.388629497087706,,"<a href=""https://m.stock.naver.com/domestic/stock/368600/total"" target=""_blank"">Naver</a>"
026910,광진실업,26.165965588666154,11.216606570107297,44.720623860774396,41.467177668979005,82.18255829020546,,"<a href=""https://m.stock.naver.com/domestic/stock/026910/total"" target=""_blank"">Naver</a>"
321550,티움바이오,26.060050711291144,35.42542302672586,0.0,25.597387934225974,44.90116203666065,,"<a href=""https://m.stock.naver.com/domestic/stock/321550/total"" target=""_blank"">Naver</a>"
160980,싸이맥스,26.003419215869787,0.0,54.06193671933281,85.99513844477488,77.76842383118188,,"<a href=""https://m.stock.naver.com/domestic/stock/160980/total"" target=""_blank"">Naver</a>"
261200,덴티스,25.99691076340134,19.12361145328704,31.15828187495035,49.33298546327877,35.99749752727297,,"<a href=""https://m.stock.naver.com/domestic/stock/261200/total"" target=""_blank"">Naver</a>"
368970,오에스피,25.98383226793704,0.0,58.196566105788236,94.66119818423859,39.3714184613224,,"<a href=""https://m.stock.naver.com/domestic/stock/368970/total"" target=""_blank"">Naver</a>"
168360,펨트론,25.939096811137293,0.0,66.95716293885884,78.99845927356861,25.999202981314426,,"<a href=""https://m.stock.naver.com/domestic/stock/168360/total"" target=""_blank"">Naver</a>"
217820,원익피앤이,25.866353722368228,25.078608134502904,20.243632431906676,36.1395406336,42.88653340659637,,"<a href=""https://m.stock.naver.com/domestic/stock/217820/total"" target=""_blank"">Naver</a>"
093640,케이알엠,25.786694400483213,33.333333333333336,0.9237844367773566,44.220574532998384,22.673816759780742,,"<a href=""https://m.stock.naver.com/domestic/stock/093640/total"" target=""_blank"">Naver</a>"
182400,엔케이맥스,25.786011615318177,32.554733624761546,0.0,36.666666666666664,51.73009547589167,,"<a href=""https://m.stock.naver.com/domestic/stock/182400/total"" target=""_blank"">Naver</a>"
092460,한라IMS,25.748348137759358,0.0,54.421311526631484,92.60587520223291,57.648654717563915,,"<a href=""https://m.stock.naver.com/domestic/stock/092460/total"" target=""_blank"">Naver</a>"
278280,천보,25.696250476245908,0.0,65.43721845852308,69.34132113622206,48.0562749598586,,"<a href=""https://m.stock.naver.com/domestic/stock/278280/total"" target=""_blank"">Naver</a>"
322510,제이엘케이,25.620728291255816,23.65152153958891,0.0,84.29815367502471,60.0,,"<a href=""https://m.stock.naver.com/domestic/stock/322510/total"" target=""_blank"">Naver</a>"
093190,빅솔론,25.554801801352806,2.1352639326251466,54.769524346074625,83.76334839942055,44.098550306340115,,"<a href=""https://m.stock.naver.com/domestic/stock/093190/total"" target=""_blank"">Naver</a>"
128540,에코캡,25.450513067367872,17.407450941426855,17.155558238271087,68.84107856939593,76.66090172008789,,"<a href=""https://m.stock.naver.com/domestic/stock/128540/total"" target=""_blank"">Naver</a>"
263600,덕우전자,25.445708832761916,6.941799014913509,46.63346876671074,54.730423124888645,82.9843983929452,,"<a href=""https://m.stock.naver.com/domestic/stock/263600/total"" target=""_blank"">Naver</a>"
171010,램테크놀러지,25.383274738735835,0.6701047071910372,55.445960944695514,78.58639114684802,65.22165127125065,,"<a href=""https://m.stock.naver.com/domestic/stock/171010/total"" target=""_blank"">Naver</a>"
080720,한국유니온제약,25.361297008236296,18.87022823972792,28.54205746436868,47.77350781964642,42.52589832685468,,"<a href=""https://m.stock.naver.com/domestic/stock/080720/total"" target=""_blank"">Naver</a>"
195990,에이비프로바이오,25.31834673171754,27.189914911170685,0.0,74.03110406932315,32.0257475616563,,"<a href=""https://m.stock.naver.com/domestic/stock/195990/total"" target=""_blank"">Naver</a>"
065950,웰크론,25.311779320383657,8.953133607937946,38.40271619177514,60.364034752240144,86.05633264906177,,"<a href=""https://m.stock.naver.com/domestic/stock/065950/total"" target=""_blank"">Naver</a>"
069410,엔텔스,25.286238997273134,8.73015169662604,32.69114122236537,74.591392973615,88.32446752689336,,"<a href=""https://m.stock.naver.com/domestic/stock/069410/total"" target=""_blank"">Naver</a>"
417010,나노팀,25.200035823875623,0.0,55.948829271786394,97.49625098456345,29.264068149453564,,"<a href=""https://m.stock.naver.com/domestic/stock/417010/total"" target=""_blank"">Naver</a>"
302550,리메드,25.138786486758583,0.2965058356847322,64.32233334940632,58.68288518635304,60.240222587217254,,"<a href=""https://m.stock.naver.com/domestic/stock/302550/total"" target=""_blank"">Naver</a>"
053160,프리엠스,25.080231717791545,2.2608235256161153,46.470211796145854,88.62572315109864,64.87224676551098,,"<a href=""https://m.stock.naver.com/domestic/stock/053160/total"" target=""_blank"">Naver</a>"
048530,인트론바이오,25.006665110245017,2.8911431838536807,51.60860448739434,74.94560873244279,57.50534409679889,,"<a href=""https://m.stock.naver.com/domestic/stock/048530/total"" target=""_blank"">Naver</a>"
044480,빌리언스,24.97373474017899,27.510958370652535,0.0,57.991695500650344,53.35980335444873,,"<a href=""https://m.stock.naver.com/domestic/stock/044480/total"" target=""_blank"">Naver</a>"
241820,피씨엘,24.882884259183037,26.518432864770304,0.0,68.7905034386705,41.85548392907606,,"<a href=""https://m.stock.naver.com/domestic/stock/241820/total"" target=""_blank"">Naver</a>"
141000,비아트론,24.84267413835935,0.0,48.588447389381706,91.21216912516061,71.48690756995722,,"<a href=""https://m.stock.naver.com/domestic/stock/141000/total"" target=""_blank"">Naver</a>"
215790,이노인스트루먼트,24.824271125396077,18.275654302611503,21.09312415457386,70.79760456174647,30.11674098022128,,"<a href=""https://m.stock.naver.com/domestic/stock/215790/total"" target=""_blank"">Naver</a>"
065170,비엘팜텍,24.749127954996894,24.66459860541867,7.485407839567029,40.90760114072486,79.76513435562892,,"<a href=""https://m.stock.naver.com/domestic/stock/065170/total"" target=""_blank"">Naver</a>"
133750,메가엠디,24.698953456617385,0.0,48.3090351782505,82.38074000364975,87.67241323379574,,"<a href=""https://m.stock.naver.com/domestic/stock/133750/total"" target=""_blank"">Naver</a>"
127120,제이에스링크,24.68326395819069,25.171780648774774,0.0,65.68109834487335,60.241714688769775,,"<a href=""https://m.stock.naver.com/domestic/stock/127120/total"" target=""_blank"">Naver</a>"
369370,블리츠웨이엔터테인먼트,24.668889385518863,23.537850370652706,0.0,67.83256851670775,75.25844622912928,,"<a href=""https://m.stock.naver.com/domestic/stock/369370/total"" target=""_blank"">Naver</a>"
078890,가온그룹,24.668488925415375,8.746443816871325,44.58160994582696,55.06087854188343,55.38264589294985,,"<a href=""https://m.stock.naver.com/domestic/stock/078890/total"" target=""_blank"">Naver</a>"
352700,씨앤투스,24.656795953227075,0.0,45.189169494564425,95.92065521346085,75.34876116479765,,"<a href=""https://m.stock.naver.com/domestic/stock/352700/total"" target=""_blank"">Naver</a>"
357880,SKAI,24.327251585342864,27.984461224922615,1.9671427355257092,50.213669832560996,40.46844366503538,,"<a href=""https://m.stock.naver.com/domestic/stock/357880/total"" target=""_blank"">Naver</a>"
047560,이스트소프트,24.197385779251324,21.463915791297538,3.7352506216491164,67.1982713100616,73.30793036108723,,"<a href=""https://m.stock.naver.com/domestic/stock/047560/total"" target=""_blank"">Naver</a>"
079810,디이엔티,24.18902215091251,21.381418772412903,2.5542346409962797,73.22126849022041,67.98970756387314,,"<a href=""https://m.stock.naver.com/domestic/stock/079810/total"" target=""_blank"">Naver</a>"
067080,대화제약,24.033723599567224,15.279491741285609,27.456530079024947,46.4210472925158,67.19582611576081,,"<a href=""https://m.stock.naver.com/domestic/stock/067080/total"" target=""_blank"">Naver</a>"
019990,에너토크,24.021463398499254,0.0,49.223205957909784,97.44690676810096,39.41942464423428,,"<a href=""https://m.stock.naver.com/domestic/stock/019990/total"" target=""_blank"">Naver</a>"
038290,마크로젠,23.99118361733951,12.751410498636117,16.233309213752015,89.6792711552689,66.28165798385889,,"<a href=""https://m.stock.naver.com/domestic/stock/038290/total"" target=""_blank"">Naver</a>"
151910,퓨처코어,23.900903688034393,17.462080195955803,17.346105511080026,54.71253051592405,72.31752282196999,,"<a href=""https://m.stock.naver.com/domestic/stock/151910/total"" target=""_blank"">Naver</a>"
046890,서울반도체,23.86341404884864,16.414410704457154,13.316801171261966,69.54113137856953,74.62908391003809,,"<a href=""https://m.stock.naver.com/domestic/stock/046890/total"" target=""_blank"">Naver</a>"
171120,라이온켐텍,23.858996613787482,0.0,58.40220013872946,76.45475120358189,32.25942917493851,,"<a href=""https://m.stock.naver.com/domestic/stock/171120/total"" target=""_blank"">Naver</a>"
177350,베셀,23.747487776820424,26.56169981967345,0.0,50.114094503196135,55.9811686939348,,"<a href=""https://m.stock.naver.com/domestic/stock/177350/total"" target=""_blank"">Naver</a>"
203450,유니온바이오메트릭스,23.68966242504786,6.906890573287513,39.35752150431458,73.1781919712217,47.76657015749073,,"<a href=""https://m.stock.naver.com/domestic/stock/203450/total"" target=""_blank"">Naver</a>"
079650,서산,23.645381148805832,5.417992575329419,40.2690478774534,74.83150354839262,56.88346558811137,,"<a href=""https://m.stock.naver.com/domestic/stock/079650/total"" target=""_blank"">Naver</a>"
090360,로보스타,23.590885701172425,4.124359673312395,41.44258320012833,73.9595140825848,67.19345377788848,,"<a href=""https://m.stock.naver.com/domestic/stock/090360/total"" target=""_blank"">Naver</a>"
092070,디엔에프,23.578417522489573,0.0,47.02804278721867,93.42992881531016,49.5682788830778,,"<a href=""https://m.stock.naver.com/domestic/stock/092070/total"" target=""_blank"">Naver</a>"
025900,동화기업,23.548467624360406,11.872470052544811,28.862684696755974,54.962899904279446,74.26048856433161,,"<a href=""https://m.stock.naver.com/domestic/stock/025900/total"" target=""_blank"">Naver</a>"
053950,경남제약,23.515724284935487,22.52636014528372,4.6369165932297465,63.9587919747556,48.89599703964515,,"<a href=""https://m.stock.naver.com/domestic/stock/053950/total"" target=""_blank"">Naver</a>"
033170,시그네틱스,23.418539721800773,0.0,42.51691797186915,83.23344978951184,89.31930499764604,,"<a href=""https://m.stock.naver.com/domestic/stock/033170/total"" target=""_blank"">Naver</a>"
114630,폴라리스우노,23.374258634960388,1.676082037733807,38.78217877778595,87.82009331525478,77.82110772696275,,"<a href=""https://m.stock.naver.com/domestic/stock/114630/total"" target=""_blank"">Naver</a>"
059090,미코,23.34925020149971,11.108914525524911,24.751108624768666,71.43355256589047,67.05538146807102,,"<a href=""https://m.stock.naver.com/domestic/stock/059090/total"" target=""_blank"">Naver</a>"
007770,한일화학,23.31898417545786,5.0485234631229785,37.969211317213734,71.27348585998446,73.40437364564384,,"<a href=""https://m.stock.naver.com/domestic/stock/007770/total"" target=""_blank"">Naver</a>"
061040,알에프텍,23.249083204395085,0.0,48.44596013239922,73.27801730317364,76.19582881955829,,"<a href=""https://m.stock.naver.com/domestic/stock/061040/total"" target=""_blank"">Naver</a>"
065770,CS,23.24398743239276,19.356025360667047,0.0,74.25691408988283,84.09361614008496,,"<a href=""https://m.stock.naver.com/domestic/stock/065770/total"" target=""_blank"">Naver</a>"
052330,코텍,23.210815979496523,0.0,51.35859929619031,77.95384062618893,51.51564185660102,,"<a href=""https://m.stock.naver.com/domestic/stock/052330/total"" target=""_blank"">Naver</a>"
340930,유일에너테크,23.19240257587118,3.398180962426759,61.134564924964,40.31588189765911,36.76529154816427,,"<a href=""https://m.stock.naver.com/domestic/stock/340930/total"" target=""_blank"">Naver</a>"
347740,피엔케이피부임상연구센타,23.12575056662013,0.0,62.98198009958937,57.45244935541284,32.70021212363008,,"<a href=""https://m.stock.naver.com/domestic/stock/347740/total"" target=""_blank"">Naver</a>"
083930,아바코,23.033020910113,0.0,49.77503293774962,83.67625679807855,44.43273991735473,,"<a href=""https://m.stock.naver.com/domestic/stock/083930/total"" target=""_blank"">Naver</a>"
013810,스페코,23.032771790916012,10.291197449040153,29.079158122754308,71.09172341291678,49.58182899023329,,"<a href=""https://m.stock.naver.com/domestic/stock/013810/total"" target=""_blank"">Naver</a>"
038870,에코바이오,22.949999983802176,18.399619351180565,11.345598211362763,73.23828820253145,35.0,,"<a href=""https://m.stock.naver.com/domestic/stock/038870/total"" target=""_blank"">Naver</a>"
091440,한울소재과학,22.938494177953956,26.079112702483048,0.0,53.47590336408501,38.86872440111254,,"<a href=""https://m.stock.naver.com/domestic/stock/091440/total"" target=""_blank"">Naver</a>"
203400,에이비온,22.729480243850674,31.04987572215522,0.0,19.670488126522482,42.6501199581059,,"<a href=""https://m.stock.naver.com/domestic/stock/203400/total"" target=""_blank"">Naver</a>"
290090,트윔,22.726118153073678,23.03990566953053,0.0,74.42382162208958,29.195851782928024,,"<a href=""https://m.stock.naver.com/domestic/stock/290090/total"" target=""_blank"">Naver</a>"
108490,로보티즈,22.59277096448161,15.106218465550237,17.25839172059777,74.45987494772959,35.369089204581286,,"<a href=""https://m.stock.naver.com/domestic/stock/108490/total"" target=""_blank"">Naver</a>"
016100,리더스코스메틱,22.3748474806539,11.054415979167624,25.080580287202437,55.274229687643896,78.89259705176654,,"<a href=""https://m.stock.naver.com/domestic/stock/016100/total"" target=""_blank"">Naver</a>"
254490,미래반도체,22.29927468221383,0.0,46.472079063277285,81.44891435297292,50.7272696219443,,"<a href=""https://m.stock.naver.com/domestic/stock/254490/total"" target=""_blank"">Naver</a>"
049180,셀루메드,22.264196207793034,12.536332664246933,16.082629722194593,65.07269217006123,84.28939923380202,,"<a href=""https://m.stock.naver.com/domestic/stock/049180/total"" target=""_blank"">Naver</a>"
060900,DGP,22.22324493526293,21.65796748415089,0.0,69.27080536494563,46.02767816555664,,"<a href=""https://m.stock.naver.com/domestic/stock/060900/total"" target=""_blank"">Naver</a>"
047080,한빛소프트,22.211024835957765,0.0,42.58816483389179,69.58075389818148,92.11816475333339,,"<a href=""https://m.stock.naver.com/domestic/stock/047080/total"" target=""_blank"">Naver</a>"
083470,이엠앤아이,22.182409401456624,5.105811297310992,28.693213247667973,73.55638924810079,91.79960772685914,,"<a href=""https://m.stock.naver.com/domestic/stock/083470/total"" target=""_blank"">Naver</a>"
267320,나인테크,22.172393971857467,17.27503223855817,16.158265630329364,51.65428730165583,52.047589819492806,,"<a href=""https://m.stock.naver.com/domestic/stock/267320/total"" target=""_blank"">Naver</a>"
162300,신스틸,22.162392418643513,0.0,53.02283038977105,70.04770265914445,38.03829110572604,,"<a href=""https://m.stock.naver.com/domestic/stock/162300/total"" target=""_blank"">Naver</a>"
065530,와이어블,22.118017790913772,0.0,51.53760355972482,82.33616900982567,20.0,,"<a href=""https://m.stock.naver.com/domestic/stock/065530/total"" target=""_blank"">Naver</a>"
408900,스튜디오미르,22.03524760176017,0.0,51.22074729127112,68.33657703838895,47.92806150206985,,"<a href=""https://m.stock.naver.com/domestic/stock/408900/total"" target=""_blank"">Naver</a>"
122350,삼기,22.030410422762188,15.216337402009934,17.471137125995977,44.77795458798107,81.10056482518243,,"<a href=""https://m.stock.naver.com/domestic/stock/122350/total"" target=""_blank"">Naver</a>"
304840,피플바이오,21.997734363516358,33.333333333333336,0.0,4.17011147900854,31.614464312310027,,"<a href=""https://m.stock.naver.com/domestic/stock/304840/total"" target=""_blank"">Naver</a>"
269620,시스웍,21.95333015391885,16.666666666666668,7.788272601923713,76.10435583050733,47.91652840774377,,"<a href=""https://m.stock.naver.com/domestic/stock/269620/total"" target=""_blank"">Naver</a>"
073640,테라사이언스,21.916896910803686,18.363645763027353,4.705342149021959,74.46978369282179,45.507910928992125,,"<a href=""https://m.stock.naver.com/domestic/stock/073640/total"" target=""_blank"">Naver</a>"
034940,조아제약,21.885315883223576,12.729475653707304,16.961268408029454,69.05955315970488,62.02716146042686,,"<a href=""https://m.stock.naver.com/domestic/stock/034940/total"" target=""_blank"">Naver</a>"
276040,스코넥,21.791192521252967,23.44326071706587,0.0,49.687481925209184,55.12975796985049,,"<a href=""https://m.stock.naver.com/domestic/stock/276040/total"" target=""_blank"">Naver</a>"
317850,대모,21.739461516060853,2.9628164826842838,38.79949539281881,73.8737367230422,57.490482118827146,,"<a href=""https://m.stock.naver.com/domestic/stock/317850/total"" target=""_blank"">Naver</a>"
419050,삼기에너지솔루션즈,21.730567732142966,0.0,50.47209309659788,80.10787798484624,22.03513319017744,,"<a href=""https://m.stock.naver.com/domestic/stock/419050/total"" target=""_blank"">Naver</a>"
290720,푸드나무,21.720591845460294,12.503431968156677,19.40558458094645,49.25094598080147,88.84083842499061,,"<a href=""https://m.stock.naver.com/domestic/stock/290720/total"" target=""_blank"">Naver</a>"
263700,케어랩스,21.50021480837917,18.000393273935465,0.0,70.06666103386826,73.86625481262125,,"<a href=""https://m.stock.naver.com/domestic/stock/263700/total"" target=""_blank"">Naver</a>"
228760,지노믹트리,21.374189881716735,8.896818037730537,20.053709285021075,74.82483620159783,70.80376235326719,,"<a href=""https://m.stock.naver.com/domestic/stock/228760/total"" target=""_blank"">Naver</a>"
131760,파인텍,21.321629874170995,0.0,44.93589097689389,58.927609858969014,83.89792288101236,,"<a href=""https://m.stock.naver.com/domestic/stock/131760/total"" target=""_blank"">Naver</a>"
333430,일승,21.31663603815071,0.0,43.10261712448852,69.62946159393829,71.56071195269496,,"<a href=""https://m.stock.naver.com/domestic/stock/333430/total"" target=""_blank"">Naver</a>"
064800,포니링크,21.304591530792877,15.551743772748722,8.89976058434198,74.37440628355276,46.223289854057455,,"<a href=""https://m.stock.naver.com/domestic/stock/064800/total"" target=""_blank"">Naver</a>"
099320,쎄트렉아이,21.014598487349264,18.56688654507296,0.0,62.054228626008545,73.38087395409269,,"<a href=""https://m.stock.naver.com/domestic/stock/099320/total"" target=""_blank"">Naver</a>"
033160,엠케이전자,21.00026068474011,0.0,47.37411283542113,57.68530589971844,67.76403771825959,,"<a href=""https://m.stock.naver.com/domestic/stock/033160/total"" target=""_blank"">Naver</a>"
348370,엔켐,20.987301772881047,3.365746487551044,44.323226717581406,46.851599083841414,64.03774585141849,,"<a href=""https://m.stock.naver.com/domestic/stock/348370/total"" target=""_blank"">Naver</a>"
239610,에이치엘사이언스,20.776075775332675,0.0,39.94802280182609,74.92573397662547,65.92993354427215,,"<a href=""https://m.stock.naver.com/domestic/stock/239610/total"" target=""_blank"">Naver</a>"
060310,3S,20.764110297554154,0.0,48.05552165031003,70.0022860951891,35.00002550915475,,"<a href=""https://m.stock.naver.com/domestic/stock/060310/total"" target=""_blank"">Naver</a>"
140670,알에스오토메이션,20.36204873951925,0.0,38.176783716617685,69.84673131828427,76.663593570728,,"<a href=""https://m.stock.naver.com/domestic/stock/140670/total"" target=""_blank"">Naver</a>"
304100,솔트룩스,20.330029026515206,16.22729652275488,0.0,71.61526590446533,68.64249044831485,,"<a href=""https://m.stock.naver.com/domestic/stock/304100/total"" target=""_blank"">Naver</a>"
056360,코위버,20.328551067264947,0.0,43.46116482622705,74.47089921442733,40.32339878530904,,"<a href=""https://m.stock.naver.com/domestic/stock/056360/total"" target=""_blank"">Naver</a>"
010170,대한광통신,19.629812838864847,13.78359850024073,12.501522226416705,56.06743717735481,52.55058928761504,,"<a href=""https://m.stock.naver.com/domestic/stock/010170/total"" target=""_blank"">Naver</a>"
074430,아미노로직스,19.566721669667952,0.0,30.423568771946933,99.70539836521586,39.805792803192695,,"<a href=""https://m.stock.naver.com/domestic/stock/074430/total"" target=""_blank"">Naver</a>"
284620,카이노스메드,19.431048786490067,22.521946598229693,0.0,49.178808275522485,20.0,,"<a href=""https://m.stock.naver.com/domestic/stock/284620/total"" target=""_blank"">Naver</a>"
220180,핸디소프트,19.394609656855597,0.0,33.50555951530793,74.75101155959575,70.86237244138073,,"<a href=""https://m.stock.naver.com/domestic/stock/220180/total"" target=""_blank"">Naver</a>"
331520,밸로프,19.147793486582636,0.0,41.508351005759614,68.29540287686139,38.823308949131835,,"<a href=""https://m.stock.naver.com/domestic/stock/331520/total"" target=""_blank"">Naver</a>"
290670,대보마그네틱,19.026861778608243,0.0,43.732596821902895,73.40545679447214,15.063337873706072,,"<a href=""https://m.stock.naver.com/domestic/stock/290670/total"" target=""_blank"">Naver</a>"
046070,코다코,18.96480059459418,12.855550200165252,18.27306552051647,27.5,78.66408188731828,,"<a href=""https://m.stock.naver.com/domestic/stock/046070/total"" target=""_blank"">Naver</a>"
218410,RFHIC,18.90239782765666,2.4587827364156665,34.14806868123862,72.72942910139457,32.34336210716299,,"<a href=""https://m.stock.naver.com/domestic/stock/218410/total"" target=""_blank"">Naver</a>"
200350,아티스트스튜디오,18.871351373021177,12.526628626890547,0.0,72.74324237910716,81.62099917952264,,"<a href=""https://m.stock.naver.com/domestic/stock/200350/total"" target=""_blank"">Naver</a>"
278650,HLB바이오스텝,18.78861687999053,0.0,33.05749157888263,69.23335063229305,72.01817844081131,,"<a href=""https://m.stock.naver.com/domestic/stock/278650/total"" target=""_blank"">Naver</a>"
084440,유비온,18.750815958872078,0.0,36.221272108710636,57.61739933896481,78.67515995595875,,"<a href=""https://m.stock.naver.com/domestic/stock/084440/total"" target=""_blank"">Naver</a>"
100590,머큐리,18.68031643709704,0.0,37.713004941120865,75.38748497161316,34.26633409311013,,"<a href=""https://m.stock.naver.com/domestic/stock/100590/total"" target=""_blank"">Naver</a>"
352770,셀레스트라,18.589946043673823,17.806973389969652,0.0,60.61015912456016,36.89492194472033,,"<a href=""https://m.stock.naver.com/domestic/stock/352770/total"" target=""_blank"">Naver</a>"
173940,에프엔씨엔터,18.580284780688977,14.553621210077068,0.0,56.68653175183672,83.58917758918133,,"<a href=""https://m.stock.naver.com/domestic/stock/173940/total"" target=""_blank"">Naver</a>"
096040,이트론,18.475516358681276,8.782558452907432,9.321584767911238,74.54421275968811,68.4232763798039,,"<a href=""https://m.stock.naver.com/domestic/stock/096040/total"" target=""_blank"">Naver</a>"
356890,싸이버원,18.415598564425835,0.0,33.965647425893174,69.43220154489968,59.619331069251466,,"<a href=""https://m.stock.naver.com/domestic/stock/356890/total"" target=""_blank"">Naver</a>"
161580,필옵틱스,18.095711916709675,0.0,33.789276837186726,70.44645688073226,52.07494038679536,,"<a href=""https://m.stock.naver.com/domestic/stock/161580/total"" target=""_blank"">Naver</a>"
092600,앤씨앤,17.995444538377523,12.830460259289316,0.0,72.5913772940232,60.76061306803223,,"<a href=""https://m.stock.naver.com/domestic/stock/092600/total"" target=""_blank"">Naver</a>"
035620,바른손이앤에이,17.85948612232466,17.35861234563919,0.0,46.19327267112347,56.499828956576,,"<a href=""https://m.stock.naver.com/domestic/stock/035620/total"" target=""_blank"">Naver</a>"
078150,HB테크놀러지,17.83530713090483,9.395695674022102,6.5682584522113165,70.19541449077636,70.72567328722207,,"<a href=""https://m.stock.naver.com/domestic/stock/078150/total"" target=""_blank"">Naver</a>"
187660,현대ADM,17.614027502939862,8.120339914257059,10.556631313180423,70.40605797782649,61.24119856615738,,"<a href=""https://m.stock.naver.com/domestic/stock/187660/total"" target=""_blank"">Naver</a>"
117730,티로보틱스,17.406616936973393,15.578054549116246,5.925783157251272,33.00136625743378,65.56403584894898,,"<a href=""https://m.stock.naver.com/domestic/stock/117730/total"" target=""_blank"">Naver</a>"
115570,스타플렉스,17.35716616692426,0.0,29.24645629141232,68.93228447620643,63.046472929010704,,"<a href=""https://m.stock.naver.com/domestic/stock/115570/total"" target=""_blank"">Naver</a>"
049120,파인디앤씨,17.319066199660732,14.9272104444593,2.6566346632656668,35.34076068914838,83.29010396507786,,"<a href=""https://m.stock.naver.com/domestic/stock/049120/total"" target=""_blank"">Naver</a>"
186230,그린플러스,17.253163427734904,3.7159564573761066,18.237080729723697,62.80419535725644,83.67799670305345,,"<a href=""https://m.stock.naver.com/domestic/stock/186230/total"" target=""_blank"">Naver</a>"
288620,에스퓨얼셀,17.13285966382185,0.0,37.137358120245274,68.14333210694502,20.68373846132056,,"<a href=""https://m.stock.naver.com/domestic/stock/288620/total"" target=""_blank"">Naver</a>"
250060,모비스,17.09747870433816,11.426541306776834,0.0,72.9040874800544,59.0229034453324,,"<a href=""https://m.stock.naver.com/domestic/stock/250060/total"" target=""_blank"">Naver</a>"
365900,브이씨,16.96925707068448,6.687368908917196,18.384781571823847,61.6095096802638,43.99378728703643,,"<a href=""https://m.stock.naver.com/domestic/stock/365900/total"" target=""_blank"">Naver</a>"
082660,코스나인,16.7735016501298,13.006906138167366,0.0,57.44276874711108,64.5016218503654,,"<a href=""https://m.stock.naver.com/domestic/stock/082660/total"" target=""_blank"">Naver</a>"
206650,유바이오로직스,16.695604562350358,12.669852210948706,0.0,68.32079019775247,45.23228432011775,,"<a href=""https://m.stock.naver.com/domestic/stock/206650/total"" target=""_blank"">Naver</a>"
407400,꿈비,16.678708035457984,0.0,30.641188159468424,73.93860358922969,32.491012733358154,,"<a href=""https://m.stock.naver.com/domestic/stock/407400/total"" target=""_blank"">Naver</a>"
417840,저스템,16.573997076778316,0.0,25.538476693681265,91.223503213288,21.340551640583982,,"<a href=""https://m.stock.naver.com/domestic/stock/417840/total"" target=""_blank"">Naver</a>"
317530,캐리소프트,16.56988847413601,11.951034322910841,0.0,53.72769284581121,80.52997191616768,,"<a href=""https://m.stock.naver.com/domestic/stock/317530/total"" target=""_blank"">Naver</a>"
067630,HLB생명과학,16.435280284189325,9.901359373520885,0.0,71.18035914577739,67.52857490998113,,"<a href=""https://m.stock.naver.com/domestic/stock/067630/total"" target=""_blank"">Naver</a>"
033560,블루콤,16.296670014556426,0.0,24.64547125375509,74.67526764584827,53.3555087306565,,"<a href=""https://m.stock.naver.com/domestic/stock/033560/total"" target=""_blank"">Naver</a>"
123330,제닉,16.213015701939305,10.242096730263148,0.0,59.74563969531238,81.8638738850036,,"<a href=""https://m.stock.naver.com/domestic/stock/123330/total"" target=""_blank"">Naver</a>"
347700,스피어,16.208486787553902,16.666666666666668,0.0,45.44556065580179,33.27861443947447,,"<a href=""https://m.stock.naver.com/domestic/stock/347700/total"" target=""_blank"">Naver</a>"
323280,태성,15.9182992049712,0.0,19.208266437360706,71.77060669812283,78.78343851637477,,"<a href=""https://m.stock.naver.com/domestic/stock/323280/total"" target=""_blank"">Naver</a>"
032980,바이온,15.836534767539595,10.79092193402616,0.0,64.09712524005914,59.0453816623597,,"<a href=""https://m.stock.naver.com/domestic/stock/032980/total"" target=""_blank"">Naver</a>"
046970,우리로,15.767181260524296,0.0,17.048027009237234,74.25596592766921,81.59155830896132,,"<a href=""https://m.stock.naver.com/domestic/stock/046970/total"" target=""_blank"">Naver</a>"
417500,제이아이테크,15.712947361262232,0.0,36.67875925662332,57.07596719269471,16.713216556738605,,"<a href=""https://m.stock.naver.com/domestic/stock/417500/total"" target=""_blank"">Naver</a>"
128660,피제이메탈,15.677418577791451,0.0,28.727938038888933,64.32018458936314,41.26831218265809,,"<a href=""https://m.stock.naver.com/domestic/stock/128660/total"" target=""_blank"">Naver</a>"
178320,서진시스템,15.532944867813333,3.9850242747187195,26.08005568365793,47.08369870634655,38.270930228659275,,"<a href=""https://m.stock.naver.com/domestic/stock/178320/total"" target=""_blank"">Naver</a>"
137080,나래나노텍,15.35554848157845,0.0,23.122378639421328,63.61260809997881,64.27386023450478,,"<a href=""https://m.stock.naver.com/domestic/stock/137080/total"" target=""_blank"">Naver</a>"
067390,아스트,15.151255295585848,18.028847197131263,0.0,23.374472586763584,39.929994372614686,,"<a href=""https://m.stock.naver.com/domestic/stock/067390/total"" target=""_blank"">Naver</a>"
032500,케이엠더블유,14.94351160829955,7.914163928216013,0.0,69.08538931676196,65.72948639387494,,"<a href=""https://m.stock.naver.com/domestic/stock/032500/total"" target=""_blank"">Naver</a>"
141080,리가켐바이오,14.83432194352288,10.817782987023966,0.0,51.593572732449466,63.68589756127106,,"<a href=""https://m.stock.naver.com/domestic/stock/141080/total"" target=""_blank"">Naver</a>"
137940,넥스트아이,14.732126998724222,7.943941449063893,0.0,73.72156171790833,51.87211914990106,,"<a href=""https://m.stock.naver.com/domestic/stock/137940/total"" target=""_blank"">Naver</a>"
106080,케이이엠텍,14.70754755455587,0.0,17.588912647303697,73.91179161516436,58.38280462427015,,"<a href=""https://m.stock.naver.com/domestic/stock/106080/total"" target=""_blank"">Naver</a>"
187420,HLB제넥스,14.63433425388267,15.90488239256259,0.0,28.867018234012395,44.09405989887755,,"<a href=""https://m.stock.naver.com/domestic/stock/187420/total"" target=""_blank"">Naver</a>"
052770,아이톡시,14.263426160030626,2.4465223664082854,6.050568706611055,69.06628564202947,87.52483998659889,,"<a href=""https://m.stock.naver.com/domestic/stock/052770/total"" target=""_blank"">Naver</a>"
094860,네오리진,14.074136683174785,3.1609213558682256,2.952226538344723,73.30936586800686,82.17181296533963,,"<a href=""https://m.stock.naver.com/domestic/stock/094860/total"" target=""_blank"">Naver</a>"
256630,포인트엔지니어링,14.030298201008591,1.1818155833536228,10.477043709535723,71.60613282217494,70.82669282789985,,"<a href=""https://m.stock.naver.com/domestic/stock/256630/total"" target=""_blank"">Naver</a>"
377220,프롬바이오,13.9039875199663,0.0,16.02974250065833,73.90231151218406,50.12641487166627,,"<a href=""https://m.stock.naver.com/domestic/stock/377220/total"" target=""_blank"">Naver</a>"
029480,광무,13.812660116277439,0.0,14.257068759941887,74.52378988180365,55.920278762232016,,"<a href=""https://m.stock.naver.com/domestic/stock/029480/total"" target=""_blank"">Naver</a>"
900100,애머릿지,13.234744311561988,0.0,8.105187375211324,74.90626723792298,74.3564148793372,,"<a href=""https://m.stock.naver.com/domestic/stock/900100/total"" target=""_blank"">Naver</a>"
194480,데브시스터즈,13.160421479418336,3.5322340949996285,0.0,70.27822066513113,80.26517911810889,,"<a href=""https://m.stock.naver.com/domestic/stock/194480/total"" target=""_blank"">Naver</a>"
102940,코오롱생명과학,13.031391228280842,0.0,23.250553321202982,56.790429507740235,30.794198944121494,,"<a href=""https://m.stock.naver.com/domestic/stock/102940/total"" target=""_blank"">Naver</a>"
082270,젬백스,12.95169042823435,2.6823354873682788,0.0,74.24810167368823,78.34957936889123,,"<a href=""https://m.stock.naver.com/domestic/stock/082270/total"" target=""_blank"">Naver</a>"
170920,엘티씨,12.928101442673922,0.0,22.094308707290725,42.764501907307135,62.561481502410565,,"<a href=""https://m.stock.naver.com/domestic/stock/170920/total"" target=""_blank"">Naver</a>"
121800,비덴트,12.75410799109752,10.140823066738422,0.0,54.54392613655704,24.304430747975225,,"<a href=""https://m.stock.naver.com/domestic/stock/121800/total"" target=""_blank"">Naver</a>"
066910,손오공,12.72121540367138,5.71154383030835,0.0,56.894923952155175,72.09593420541702,,"<a href=""https://m.stock.naver.com/domestic/stock/066910/total"" target=""_blank"">Naver</a>"
372170,윤성에프앤씨,12.675507591002978,0.0,31.39581136057303,40.765547508597194,15.0,,"<a href=""https://m.stock.naver.com/domestic/stock/372170/total"" target=""_blank"">Naver</a>"
099520,DGI,12.662100362734307,0.0,9.475738443998033,74.24871685127044,57.36588133215507,,"<a href=""https://m.stock.naver.com/domestic/stock/099520/total"" target=""_blank"">Naver</a>"
224060,더코디,12.141012497892474,8.948207589963149,0.0,56.88844232725927,21.664874223773154,,"<a href=""https://m.stock.naver.com/domestic/stock/224060/total"" target=""_blank"">Naver</a>"
095700,제넥신,12.095396428182312,10.622796472092984,0.0,45.725485469726706,22.983399959077023,,"<a href=""https://m.stock.naver.com/domestic/stock/095700/total"" target=""_blank"">Naver</a>"
043200,파루,11.983574354007152,4.927919875014013,3.873867151199343,52.94450324772605,55.27810632852606,,"<a href=""https://m.stock.naver.com/domestic/stock/043200/total"" target=""_blank"">Naver</a>"
134580,탑코미디어,11.979258522874963,3.684989527024253,1.3325987206046424,71.56643581401636,45.56943090215228,,"<a href=""https://m.stock.naver.com/domestic/stock/134580/total"" target=""_blank"">Naver</a>"
065370,위세아이텍,11.899653570224793,0.0,13.763715363467313,51.02324905038142,67.12799648639647,,"<a href=""https://m.stock.naver.com/domestic/stock/065370/total"" target=""_blank"">Naver</a>"
051780,큐로홀딩스,11.781804995442705,0.0,13.12275571596764,58.986780515203094,52.0487602986097,,"<a href=""https://m.stock.naver.com/domestic/stock/051780/total"" target=""_blank"">Naver</a>"
219750,한국비티비,11.72482520558732,16.752891862585372,0.0,4.997581215001418,23.46663933071914,,"<a href=""https://m.stock.naver.com/domestic/stock/219750/total"" target=""_blank"">Naver</a>"
351320,넥사다이내믹스,11.711049695786118,0.0,9.9306181730857,67.4356051133445,49.69669282360484,,"<a href=""https://m.stock.naver.com/domestic/stock/351320/total"" target=""_blank"">Naver</a>"
179900,유티아이,11.134508100346567,4.261098664535524,0.0,62.540208609961155,46.47656081258273,,"<a href=""https://m.stock.naver.com/domestic/stock/179900/total"" target=""_blank"">Naver</a>"
041520,이엘씨,11.130708846530577,0.0,1.786944273031575,74.63601844299015,64.40741867947335,,"<a href=""https://m.stock.naver.com/domestic/stock/041520/total"" target=""_blank"">Naver</a>"
069540,빛과전자,11.031778494903376,0.0,7.052442700810103,70.2875753693219,44.79820565537321,,"<a href=""https://m.stock.naver.com/domestic/stock/069540/total"" target=""_blank"">Naver</a>"
086040,바이오톡스텍,10.712627506243336,5.8396389437415515,0.9905906687483386,44.10434289999216,51.01524365624209,,"<a href=""https://m.stock.naver.com/domestic/stock/086040/total"" target=""_blank"">Naver</a>"
377030,비트맥스,10.486593143111607,5.419298629449784,0.0,42.35013965441736,60.0,,"<a href=""https://m.stock.naver.com/domestic/stock/377030/total"" target=""_blank"">Naver</a>"
300120,라온피플,10.3646155914434,0.0,7.116961581845961,62.92213757795338,45.863228763731406,,"<a href=""https://m.stock.naver.com/domestic/stock/300120/total"" target=""_blank"">Naver</a>"
318020,포인트모바일,10.269831211774283,0.0,2.0008205487600406,71.61888461849523,52.154752254695,,"<a href=""https://m.stock.naver.com/domestic/stock/318020/total"" target=""_blank"">Naver</a>"
049080,기가레인,10.227702798576491,0.0,0.0,72.8594843235881,58.835087324353594,,"<a href=""https://m.stock.naver.com/domestic/stock/049080/total"" target=""_blank"">Naver</a>"
204630,스튜디오산타클로스,10.122962909343865,0.0,0.0,71.22962909343866,60.0,,"<a href=""https://m.stock.naver.com/domestic/stock/204630/total"" target=""_blank"">Naver</a>"
127710,아시아경제,10.05863876289152,0.0,10.788221005221983,38.83019234693627,69.57128553784796,,"<a href=""https://m.stock.naver.com/domestic/stock/127710/total"" target=""_blank"">Naver</a>"
037370,EG,9.692022262541592,2.570934514349426,0.0,42.361446006133946,78.26633906637082,,"<a href=""https://m.stock.naver.com/domestic/stock/037370/total"" target=""_blank"">Naver</a>"
040910,아이씨디,9.478160273061103,0.0,0.0,72.48565001542278,44.59190543037651,,"<a href=""https://m.stock.naver.com/domestic/stock/040910/total"" target=""_blank"">Naver</a>"
289010,아이스크림에듀,9.371476134164116,0.0,1.2342703527534082,68.73270278738086,43.79276534475353,,"<a href=""https://m.stock.naver.com/domestic/stock/289010/total"" target=""_blank"">Naver</a>"
216080,제테마,9.149871039587794,0.0,16.973656129339926,32.54077004848999,33.04760004807624,,"<a href=""https://m.stock.naver.com/domestic/stock/216080/total"" target=""_blank"">Naver</a>"
138080,오이솔루션,9.062627969548018,0.0,0.0,69.46778628104354,42.31698682887328,,"<a href=""https://m.stock.naver.com/domestic/stock/138080/total"" target=""_blank"">Naver</a>"
166480,코아스템켐온,8.899881350251077,0.0,8.260336406575705,30.283473699154058,76.12899757383487,,"<a href=""https://m.stock.naver.com/domestic/stock/166480/total"" target=""_blank"">Naver</a>"
066900,디에이피,8.847891265936818,0.0,9.010369605353352,39.12451759847815,53.65694209501329,,"<a href=""https://m.stock.naver.com/domestic/stock/066900/total"" target=""_blank"">Naver</a>"
900300,오가닉티코스메틱,8.813101455900513,0.0,0.0,60.94278668328155,54.37645575144718,,"<a href=""https://m.stock.naver.com/domestic/stock/900300/total"" target=""_blank"">Naver</a>"
950200,소마젠,8.236805286630961,0.0,0.0,69.29311968039995,26.149866371819307,,"<a href=""https://m.stock.naver.com/domestic/stock/950200/total"" target=""_blank"">Naver</a>"
089230,THE E&M,8.169443698857522,0.48163598641136335,0.8394474969106742,45.24638167470963,62.919241306241446,,"<a href=""https://m.stock.naver.com/domestic/stock/089230/total"" target=""_blank"">Naver</a>"
388050,지투파워,8.12453501048225,0.0,1.4864981199491236,64.90626757965386,25.245674450591657,,"<a href=""https://m.stock.naver.com/domestic/stock/388050/total"" target=""_blank"">Naver</a>"
307180,아이엘,7.982704281613238,0.0,7.4447615629387345,32.00554737501992,58.419183067531236,,"<a href=""https://m.stock.naver.com/domestic/stock/307180/total"" target=""_blank"">Naver</a>"
373200,엑스플러스,7.917835793383539,0.0,3.204126518716888,35.254469207404966,71.8271448592764,,"<a href=""https://m.stock.naver.com/domestic/stock/373200/total"" target=""_blank"">Naver</a>"
086980,쇼박스,7.710029577651512,0.0,0.0,49.421675485726894,55.35724058157644,,"<a href=""https://m.stock.naver.com/domestic/stock/086980/total"" target=""_blank"">Naver</a>"
377460,위니아에이드,7.0767944195057,0.0,0.0,31.057497878266247,79.4208926335815,,"<a href=""https://m.stock.naver.com/domestic/stock/377460/total"" target=""_blank"">Naver</a>"
354200,엔젠바이오,6.375191101361114,0.0,0.0,39.801244982413095,47.90133206239609,,"<a href=""https://m.stock.naver.com/domestic/stock/354200/total"" target=""_blank"">Naver</a>"
054630,에이디칩스,6.18243837952979,0.0,0.0,30.330395004158866,62.98797758227807,,"<a href=""https://m.stock.naver.com/domestic/stock/054630/total"" target=""_blank"">Naver</a>"
198940,한주라이트메탈,6.028163353342533,0.0,0.0,31.990132735061124,56.583001596728415,,"<a href=""https://m.stock.naver.com/domestic/stock/198940/total"" target=""_blank"">Naver</a>"
273060,와이즈버즈,6.002303662144999,0.0,0.5781370038697923,48.57769411177551,20.0,,"<a href=""https://m.stock.naver.com/domestic/stock/273060/total"" target=""_blank"">Naver</a>"
310210,보로노이,5.959501016792741,0.0,0.0,49.595010167927406,20.0,,"<a href=""https://m.stock.naver.com/domestic/stock/310210/total"" target=""_blank"">Naver</a>"
246720,아스타,5.87876232419066,0.0,0.0,47.52490513791547,22.52543620798226,,"<a href=""https://m.stock.naver.com/domestic/stock/246720/total"" target=""_blank"">Naver</a>"
088800,에이스테크,5.446455535200924,0.0,0.0,31.94861309357922,45.03188451686003,,"<a href=""https://m.stock.naver.com/domestic/stock/088800/total"" target=""_blank"">Naver</a>"
054220,비츠로시스,4.661018816239472,0.0,0.0,34.9135224118538,23.393331501081832,,"<a href=""https://m.stock.naver.com/domestic/stock/054220/total"" target=""_blank"">Naver</a>"
180400,DXVX,4.611717233380169,0.0,0.0,30.441499814441077,31.35134503872122,,"<a href=""https://m.stock.naver.com/domestic/stock/180400/total"" target=""_blank"">Naver</a>"
298380,에이비엘바이오,4.587028497505393,0.0,0.0,35.45202125453203,20.836527441043803,,"<a href=""https://m.stock.naver.com/domestic/stock/298380/total"" target=""_blank"">Naver</a>"
286750,나노실리칸첨단소재,4.277035280309599,0.0,0.0,25.660625504653606,34.21945459688477,,"<a href=""https://m.stock.naver.com/domestic/stock/286750/total"" target=""_blank"">Naver</a>"
347850,디앤디파마텍,,,,,,annual FS not found,"<a href=""https://m.stock.naver.com/domestic/stock/347850/total"" target=""_blank"">Naver</a>"
160190,하이젠알앤엠,,,,,,annual FS not found,"<a href=""https://m.stock.naver.com/domestic/stock/160190/total"" target=""_blank"">Naver</a>"
041190,우리기술투자,,,,,,annual FS not found,"<a href=""https://m.stock.naver.com/domestic/stock/041190/total"" target=""_blank"">Naver</a>"
460930,현대힘스,,,,,,annual FS not found,"<a href=""https://m.stock.naver.com/domestic/stock/460930/total"" target=""_blank"">Naver</a>"
417200,LS머트리얼즈,,,,,,annual FS not found,"<a href=""https://m.stock.naver.com/domestic/stock/417200/total"" target=""_blank"">Naver</a>"
445680,큐리옥스바이오시스템즈,,,,,,annual FS not found,"<a href=""https://m.stock.naver.com/domestic/stock/445680/total"" target=""_blank"">Naver</a>"
440110,파두,,,,,,annual FS not found,"<a href=""https://m.stock.naver.com/domestic/stock/440110/total"" target=""_blank"">Naver</a>"
372320,큐로셀,,,,,,annual FS not found,"<a href=""https://m.stock.naver.com/domestic/stock/372320/total"" target=""_blank"">Naver</a>"
466100,클로봇,,,,,,annual FS not found,"<a href=""https://m.stock.naver.com/domestic/stock/466100/total"" target=""_blank"">Naver</a>"
475830,오름테라퓨틱,,,,,,annual FS not found,"<a href=""https://m.stock.naver.com/domestic/stock/475830/total"" target=""_blank"">Naver</a>"
295310,에이치브이엠,,,,,,annual FS not found,"<a href=""https://m.stock.naver.com/domestic/stock/295310/total"" target=""_blank"">Naver</a>"
389650,넥스트바이오메디컬,,,,,,annual FS not found,"<a href=""https://m.stock.naver.com/domestic/stock/389650/total"" target=""_blank"">Naver</a>"
448280,에코아이,,,,,,annual FS not found,"<a href=""https://m.stock.naver.com/domestic/stock/448280/total"" target=""_blank"">Naver</a>"
458870,씨어스테크놀로지,,,,,,annual FS not found,"<a href=""https://m.stock.naver.com/domestic/stock/458870/total"" target=""_blank"">Naver</a>"
098070,한텍,,,,,,annual FS not found,"<a href=""https://m.stock.naver.com/domestic/stock/098070/total"" target=""_blank"">Naver</a>"
424870,이뮨온시아,,,,,,annual FS not found,"<a href=""https://m.stock.naver.com/domestic/stock/424870/total"" target=""_blank"">Naver</a>"
450950,아스테라시스,,,,,,annual FS not found,"<a href=""https://m.stock.naver.com/domestic/stock/450950/total"" target=""_blank"">Naver</a>"
462860,더즌,,,,,,annual FS not found,"<a href=""https://m.stock.naver.com/domestic/stock/462860/total"" target=""_blank"">Naver</a>"
437730,삼현,,,,,,annual FS not found,"<a href=""https://m.stock.naver.com/domestic/stock/437730/total"" target=""_blank"">Naver</a>"
416180,신성에스티,,,,,,annual FS not found,"<a href=""https://m.stock.naver.com/domestic/stock/416180/total"" target=""_blank"">Naver</a>"
308430,셀비온,,,,,,annual FS not found,"<a href=""https://m.stock.naver.com/domestic/stock/308430/total"" target=""_blank"">Naver</a>"
287840,인투셀,,,,,,annual FS not found,"<a href=""https://m.stock.naver.com/domestic/stock/287840/total"" target=""_blank"">Naver</a>"
420770,기가비스,,,,,,annual FS not found,"<a href=""https://m.stock.naver.com/domestic/stock/420770/total"" target=""_blank"">Naver</a>"
100790,미래에셋벤처투자,,,,,,annual FS not found,"<a href=""https://m.stock.naver.com/domestic/stock/100790/total"" target=""_blank"">Naver</a>"
455900,엔젤로보틱스,,,,,,annual FS not found,"<a href=""https://m.stock.naver.com/domestic/stock/455900/total"" target=""_blank"">Naver</a>"
484120,도우인시스,,,,,,annual FS not found,"<a href=""https://m.stock.naver.com/domestic/stock/484120/total"" target=""_blank"">Naver</a>"
445090,에이직랜드,,,,,,annual FS not found,"<a href=""https://m.stock.naver.com/domestic/stock/445090/total"" target=""_blank"">Naver</a>"
472850,폰드그룹,,,,,,annual FS not found,"<a href=""https://m.stock.naver.com/domestic/stock/472850/total"" target=""_blank"">Naver</a>"
481070,에이유브랜즈,,,,,,annual FS not found,"<a href=""https://m.stock.naver.com/domestic/stock/481070/total"" target=""_blank"">Naver</a>"
473980,노머스,,,,,,annual FS not found,"<a href=""https://m.stock.naver.com/domestic/stock/473980/total"" target=""_blank"">Naver</a>"
475960,토모큐브,,,,,,annual FS not found,"<a href=""https://m.stock.naver.com/domestic/stock/475960/total"" target=""_blank"">Naver</a>"
176750,듀켐바이오,,,,,,annual FS not found,"<a href=""https://m.stock.naver.com/domestic/stock/176750/total"" target=""_blank"">Naver</a>"
452450,피아이이,,,,,,annual FS not found,"<a href=""https://m.stock.naver.com/domestic/stock/452450/total"" target=""_blank"">Naver</a>"
439090,마녀공장,,,,,,annual FS not found,"<a href=""https://m.stock.naver.com/domestic/stock/439090/total"" target=""_blank"">Naver</a>"
378340,필에너지,,,,,,annual FS not found,"<a href=""https://m.stock.naver.com/domestic/stock/378340/total"" target=""_blank"">Naver</a>"
461300,아이스크림미디어,,,,,,annual FS not found,"<a href=""https://m.stock.naver.com/domestic/stock/461300/total"" target=""_blank"">Naver</a>"
078020,LS증권,,,,,,annual FS not found,"<a href=""https://m.stock.naver.com/domestic/stock/078020/total"" target=""_blank"">Naver</a>"
027360,아주IB투자,,,,,,annual FS not found,"<a href=""https://m.stock.naver.com/domestic/stock/027360/total"" target=""_blank"">Naver</a>"
476060,온코닉테라퓨틱스,,,,,,annual FS not found,"<a href=""https://m.stock.naver.com/domestic/stock/476060/total"" target=""_blank"">Naver</a>"
489460,바이오비쥬,,,,,,annual FS not found,"<a href=""https://m.stock.naver.com/domestic/stock/489460/total"" target=""_blank"">Naver</a>"
463020,뉴엔AI,,,,,,annual FS not found,"<a href=""https://m.stock.naver.com/domestic/stock/463020/total"" target=""_blank"">Naver</a>"
298830,슈어소프트테크,,,,,,annual FS not found,"<a href=""https://m.stock.naver.com/domestic/stock/298830/total"" target=""_blank"">Naver</a>"
376900,로킷헬스케어,,,,,,annual FS not found,"<a href=""https://m.stock.naver.com/domestic/stock/376900/total"" target=""_blank"">Naver</a>"
101970,우양에이치씨,,,,,,annual FS not found,"<a href=""https://m.stock.naver.com/domestic/stock/101970/total"" target=""_blank"">Naver</a>"
457550,우진엔텍,,,,,,annual FS not found,"<a href=""https://m.stock.naver.com/domestic/stock/457550/total"" target=""_blank"">Naver</a>"
475400,씨메스,,,,,,annual FS not found,"<a href=""https://m.stock.naver.com/domestic/stock/475400/total"" target=""_blank"">Naver</a>"
023760,한국캐피탈,,,,,,annual FS not found,"<a href=""https://m.stock.naver.com/domestic/stock/023760/total"" target=""_blank"">Naver</a>"
459510,나우로보틱스,,,,,,annual FS not found,"<a href=""https://m.stock.naver.com/domestic/stock/459510/total"" target=""_blank"">Naver</a>"
240550,동방메디컬,,,,,,annual FS not found,"<a href=""https://m.stock.naver.com/domestic/stock/240550/total"" target=""_blank"">Naver</a>"
452430,사피엔반도체,,,,,,annual FS not found,"<a href=""https://m.stock.naver.com/domestic/stock/452430/total"" target=""_blank"">Naver</a>"
136150,원일티엔아이,,,,,,annual FS not found,"<a href=""https://m.stock.naver.com/domestic/stock/136150/total"" target=""_blank"">Naver</a>"
394800,쓰리빌리언,,,,,,annual FS not found,"<a href=""https://m.stock.naver.com/domestic/stock/394800/total"" target=""_blank"">Naver</a>"
234030,싸이닉솔루션,,,,,,annual FS not found,"<a href=""https://m.stock.naver.com/domestic/stock/234030/total"" target=""_blank"">Naver</a>"
458650,성우,,,,,,annual FS not found,"<a href=""https://m.stock.naver.com/domestic/stock/458650/total"" target=""_blank"">Naver</a>"
476040,오가노이드사이언스,,,,,,annual FS not found,"<a href=""https://m.stock.naver.com/domestic/stock/476040/total"" target=""_blank"">Naver</a>"
464080,에스오에스랩,,,,,,annual FS not found,"<a href=""https://m.stock.naver.com/domestic/stock/464080/total"" target=""_blank"">Naver</a>"
432720,퀄리타스반도체,,,,,,annual FS not found,"<a href=""https://m.stock.naver.com/domestic/stock/432720/total"" target=""_blank"">Naver</a>"
482630,삼양엔씨켐,,,,,,annual FS not found,"<a href=""https://m.stock.naver.com/domestic/stock/482630/total"" target=""_blank"">Naver</a>"
484810,티엑스알로보틱스,,,,,,annual FS not found,"<a href=""https://m.stock.naver.com/domestic/stock/484810/total"" target=""_blank"">Naver</a>"
340450,지씨지놈,,,,,,annual FS not found,"<a href=""https://m.stock.naver.com/domestic/stock/340450/total"" target=""_blank"">Naver</a>"
241520,DSC인베스트먼트,,,,,,annual FS not found,"<a href=""https://m.stock.naver.com/domestic/stock/241520/total"" target=""_blank"">Naver</a>"
331740,아우토크립트,,,,,,annual FS not found,"<a href=""https://m.stock.naver.com/domestic/stock/331740/total"" target=""_blank"">Naver</a>"
096250,와이즈넛,,,,,,annual FS not found,"<a href=""https://m.stock.naver.com/domestic/stock/096250/total"" target=""_blank"">Naver</a>"
125020,티씨머티리얼즈,,,,,,annual FS not found,"<a href=""https://m.stock.naver.com/domestic/stock/125020/total"" target=""_blank"">Naver</a>"
380550,뉴로핏,,,,,,annual FS not found,"<a href=""https://m.stock.naver.com/domestic/stock/380550/total"" target=""_blank"">Naver</a>"
453450,그리드위즈,,,,,,annual FS not found,"<a href=""https://m.stock.naver.com/domestic/stock/453450/total"" target=""_blank"">Naver</a>"
303810,동국생명과학,,,,,,annual FS not found,"<a href=""https://m.stock.naver.com/domestic/stock/303810/total"" target=""_blank"">Naver</a>"
456010,아이씨티케이,,,,,,annual FS not found,"<a href=""https://m.stock.naver.com/domestic/stock/456010/total"" target=""_blank"">Naver</a>"
443670,에스피소프트,,,,,,annual FS not found,"<a href=""https://m.stock.naver.com/domestic/stock/443670/total"" target=""_blank"">Naver</a>"
338840,와이바이오로직스,,,,,,annual FS not found,"<a href=""https://m.stock.naver.com/domestic/stock/338840/total"" target=""_blank"">Naver</a>"
462350,이노스페이스,,,,,,annual FS not found,"<a href=""https://m.stock.naver.com/domestic/stock/462350/total"" target=""_blank"">Naver</a>"
475230,엔알비,,,,,,annual FS not found,"<a href=""https://m.stock.naver.com/domestic/stock/475230/total"" target=""_blank"">Naver</a>"
336680,탑런토탈솔루션,,,,,,annual FS not found,"<a href=""https://m.stock.naver.com/domestic/stock/336680/total"" target=""_blank"">Naver</a>"
468530,프로티나,,,,,,annual FS not found,"<a href=""https://m.stock.naver.com/domestic/stock/468530/total"" target=""_blank"">Naver</a>"
439580,블루엠텍,,,,,,annual FS not found,"<a href=""https://m.stock.naver.com/domestic/stock/439580/total"" target=""_blank"">Naver</a>"
475580,에이럭스,,,,,,annual FS not found,"<a href=""https://m.stock.naver.com/domestic/stock/475580/total"" target=""_blank"">Naver</a>"
354320,알멕,,,,,,annual FS not found,"<a href=""https://m.stock.naver.com/domestic/stock/354320/total"" target=""_blank"">Naver</a>"
007330,푸른저축은행,,,,,,annual FS not found,"<a href=""https://m.stock.naver.com/domestic/stock/007330/total"" target=""_blank"">Naver</a>"
460870,에스엠씨지,,,,,,annual FS not found,"<a href=""https://m.stock.naver.com/domestic/stock/460870/total"" target=""_blank"">Naver</a>"
163280,에어레인,,,,,,annual FS not found,"<a href=""https://m.stock.naver.com/domestic/stock/163280/total"" target=""_blank"">Naver</a>"
451760,컨텍,,,,,,annual FS not found,"<a href=""https://m.stock.naver.com/domestic/stock/451760/total"" target=""_blank"">Naver</a>"
474170,루미르,,,,,,annual FS not found,"<a href=""https://m.stock.naver.com/domestic/stock/474170/total"" target=""_blank"">Naver</a>"
443250,레뷰코퍼레이션,,,,,,annual FS not found,"<a href=""https://m.stock.naver.com/domestic/stock/443250/total"" target=""_blank"">Naver</a>"
393970,대진첨단소재,,,,,,annual FS not found,"<a href=""https://m.stock.naver.com/domestic/stock/393970/total"" target=""_blank"">Naver</a>"
418470,KT밀리의서재,,,,,,annual FS not found,"<a href=""https://m.stock.naver.com/domestic/stock/418470/total"" target=""_blank"">Naver</a>"
396470,워트,,,,,,annual FS not found,"<a href=""https://m.stock.naver.com/domestic/stock/396470/total"" target=""_blank"">Naver</a>"
365330,에스와이스틸텍,,,,,,annual FS not found,"<a href=""https://m.stock.naver.com/domestic/stock/365330/total"" target=""_blank"">Naver</a>"
463480,모티브링크,,,,,,annual FS not found,"<a href=""https://m.stock.naver.com/domestic/stock/463480/total"" target=""_blank"">Naver</a>"
456070,이엔셀,,,,,,annual FS not found,"<a href=""https://m.stock.naver.com/domestic/stock/456070/total"" target=""_blank"">Naver</a>"
019550,SBI인베스트먼트,,,,,,annual FS not found,"<a href=""https://m.stock.naver.com/domestic/stock/019550/total"" target=""_blank"">Naver</a>"
293580,나우IB,,,,,,annual FS not found,"<a href=""https://m.stock.naver.com/domestic/stock/293580/total"" target=""_blank"">Naver</a>"
448710,코츠테크놀로지,,,,,,annual FS not found,"<a href=""https://m.stock.naver.com/domestic/stock/448710/total"" target=""_blank"">Naver</a>"
044990,에이치엔에스하이텍,,,,,,annual FS not found,"<a href=""https://m.stock.naver.com/domestic/stock/044990/total"" target=""_blank"">Naver</a>"
424960,스마트레이더시스템,,,,,,annual FS not found,"<a href=""https://m.stock.naver.com/domestic/stock/424960/total"" target=""_blank"">Naver</a>"
452280,한선엔지니어링,,,,,,annual FS not found,"<a href=""https://m.stock.naver.com/domestic/stock/452280/total"" target=""_blank"">Naver</a>"
474650,링크솔루션,,,,,,annual FS not found,"<a href=""https://m.stock.naver.com/domestic/stock/474650/total"" target=""_blank"">Naver</a>"
452400,이닉스,,,,,,annual FS not found,"<a href=""https://m.stock.naver.com/domestic/stock/452400/total"" target=""_blank"">Naver</a>"
402490,그린리소스,,,,,,annual FS not found,"<a href=""https://m.stock.naver.com/domestic/stock/402490/total"" target=""_blank"">Naver</a>"
435570,에르코스,,,,,,annual FS not found,"<a href=""https://m.stock.naver.com/domestic/stock/435570/total"" target=""_blank"">Naver</a>"
489500,엘케이켐,,,,,,annual FS not found,"<a href=""https://m.stock.naver.com/domestic/stock/489500/total"" target=""_blank"">Naver</a>"
289930,웨이비스,,,,,,annual FS not found,"<a href=""https://m.stock.naver.com/domestic/stock/289930/total"" target=""_blank"">Naver</a>"
307930,컴퍼니케이,,,,,,annual FS not found,"<a href=""https://m.stock.naver.com/domestic/stock/307930/total"" target=""_blank"">Naver</a>"
199430,케이엔알시스템,,,,,,annual FS not found,"<a href=""https://m.stock.naver.com/domestic/stock/199430/total"" target=""_blank"">Naver</a>"
382150,온코크로스,,,,,,annual FS not found,"<a href=""https://m.stock.naver.com/domestic/stock/382150/total"" target=""_blank"">Naver</a>"
451250,삐아,,,,,,annual FS not found,"<a href=""https://m.stock.naver.com/domestic/stock/451250/total"" target=""_blank"">Naver</a>"
309960,LB인베스트먼트,,,,,,annual FS not found,"<a href=""https://m.stock.naver.com/domestic/stock/309960/total"" target=""_blank"">Naver</a>"
019590,에스유앤피,,,,,,annual FS not found,"<a href=""https://m.stock.naver.com/domestic/stock/019590/total"" target=""_blank"">Naver</a>"
413640,비아이매트릭스,,,,,,annual FS not found,"<a href=""https://m.stock.naver.com/domestic/stock/413640/total"" target=""_blank"">Naver</a>"
461030,아이엠비디엑스,,,,,,annual FS not found,"<a href=""https://m.stock.naver.com/domestic/stock/461030/total"" target=""_blank"">Naver</a>"
352090,스톰테크,,,,,,annual FS not found,"<a href=""https://m.stock.naver.com/domestic/stock/352090/total"" target=""_blank"">Naver</a>"
445180,퓨릿,,,,,,annual FS not found,"<a href=""https://m.stock.naver.com/domestic/stock/445180/total"" target=""_blank"">Naver</a>"
452190,한빛레이저,,,,,,annual FS not found,"<a href=""https://m.stock.naver.com/domestic/stock/452190/total"" target=""_blank"">Naver</a>"
226590,엠디바이스,,,,,,annual FS not found,"<a href=""https://m.stock.naver.com/domestic/stock/226590/total"" target=""_blank"">Naver</a>"
417790,트루엔,,,,,,annual FS not found,"<a href=""https://m.stock.naver.com/domestic/stock/417790/total"" target=""_blank"">Naver</a>"
126730,코칩,,,,,,annual FS not found,"<a href=""https://m.stock.naver.com/domestic/stock/126730/total"" target=""_blank"">Naver</a>"
478560,블랙야크아이앤씨,,,,,,annual FS not found,"<a href=""https://m.stock.naver.com/domestic/stock/478560/total"" target=""_blank"">Naver</a>"
475430,키스트론,,,,,,annual FS not found,"<a href=""https://m.stock.naver.com/domestic/stock/475430/total"" target=""_blank"">Naver</a>"
027830,대성창투,,,,,,annual FS not found,"<a href=""https://m.stock.naver.com/domestic/stock/027830/total"" target=""_blank"">Naver</a>"
476080,M83,,,,,,annual FS not found,"<a href=""https://m.stock.naver.com/domestic/stock/476080/total"" target=""_blank"">Naver</a>"
209640,와이제이링크,,,,,,annual FS not found,"<a href=""https://m.stock.naver.com/domestic/stock/209640/total"" target=""_blank"">Naver</a>"
381620,제닉스,,,,,,annual FS not found,"<a href=""https://m.stock.naver.com/domestic/stock/381620/total"" target=""_blank"">Naver</a>"
212710,아이에스티이,,,,,,annual FS not found,"<a href=""https://m.stock.naver.com/domestic/stock/212710/total"" target=""_blank"">Naver</a>"
289080,SV인베스트먼트,,,,,,annual FS not found,"<a href=""https://m.stock.naver.com/domestic/stock/289080/total"" target=""_blank"">Naver</a>"
453860,에이에스텍,,,,,,annual FS not found,"<a href=""https://m.stock.naver.com/domestic/stock/453860/total"" target=""_blank"">Naver</a>"
432470,케이엔에스,,,,,,annual FS not found,"<a href=""https://m.stock.naver.com/domestic/stock/432470/total"" target=""_blank"">Naver</a>"
384470,코어라인소프트,,,,,,annual FS not found,"<a href=""https://m.stock.naver.com/domestic/stock/384470/total"" target=""_blank"">Naver</a>"
479960,위너스,,,,,,annual FS not found,"<a href=""https://m.stock.naver.com/domestic/stock/479960/total"" target=""_blank"">Naver</a>"
459100,위츠,,,,,,annual FS not found,"<a href=""https://m.stock.naver.com/domestic/stock/459100/total"" target=""_blank"">Naver</a>"
446540,메가터치,,,,,,annual FS not found,"<a href=""https://m.stock.naver.com/domestic/stock/446540/total"" target=""_blank"">Naver</a>"
432430,와이랩,,,,,,annual FS not found,"<a href=""https://m.stock.naver.com/domestic/stock/432430/total"" target=""_blank"">Naver</a>"
199550,레이저옵텍,,,,,,annual FS not found,"<a href=""https://m.stock.naver.com/domestic/stock/199550/total"" target=""_blank"">Naver</a>"
145170,노브랜드,,,,,,annual FS not found,"<a href=""https://m.stock.naver.com/domestic/stock/145170/total"" target=""_blank"">Naver</a>"
373160,데이원컴퍼니,,,,,,annual FS not found,"<a href=""https://m.stock.naver.com/domestic/stock/373160/total"" target=""_blank"">Naver</a>"
412540,제일엠앤에스,,,,,,annual FS not found,"<a href=""https://m.stock.naver.com/domestic/stock/412540/total"" target=""_blank"">Naver</a>"
355390,크라우드웍스,,,,,,annual FS not found,"<a href=""https://m.stock.naver.com/domestic/stock/355390/total"" target=""_blank"">Naver</a>"
442900,미래에셋드림스팩1호,,,,,,annual FS not found,"<a href=""https://m.stock.naver.com/domestic/stock/442900/total"" target=""_blank"">Naver</a>"
452200,민테크,,,,,,annual FS not found,"<a href=""https://m.stock.naver.com/domestic/stock/452200/total"" target=""_blank"">Naver</a>"
413390,엠오티,,,,,,annual FS not found,"<a href=""https://m.stock.naver.com/domestic/stock/413390/total"" target=""_blank"">Naver</a>"
088340,유라클,,,,,,annual FS not found,"<a href=""https://m.stock.naver.com/domestic/stock/088340/total"" target=""_blank"">Naver</a>"
460940,피앤에스로보틱스,,,,,,annual FS not found,"<a href=""https://m.stock.naver.com/domestic/stock/460940/total"" target=""_blank"">Naver</a>"
403490,우듬지팜,,,,,,annual FS not found,"<a href=""https://m.stock.naver.com/domestic/stock/403490/total"" target=""_blank"">Naver</a>"
452160,제이엔비,,,,,,annual FS not found,"<a href=""https://m.stock.naver.com/domestic/stock/452160/total"" target=""_blank"">Naver</a>"
451220,아이엠티,,,,,,annual FS not found,"<a href=""https://m.stock.naver.com/domestic/stock/451220/total"" target=""_blank"">Naver</a>"
081180,쎄크,,,,,,annual FS not found,"<a href=""https://m.stock.naver.com/domestic/stock/081180/total"" target=""_blank"">Naver</a>"
388610,지에프씨생명과학,,,,,,annual FS not found,"<a href=""https://m.stock.naver.com/domestic/stock/388610/total"" target=""_blank"">Naver</a>"
448900,한국피아이엠,,,,,,annual FS not found,"<a href=""https://m.stock.naver.com/domestic/stock/448900/total"" target=""_blank"">Naver</a>"
388870,파로스아이바이오,,,,,,annual FS not found,"<a href=""https://m.stock.naver.com/domestic/stock/388870/total"" target=""_blank"">Naver</a>"
351870,차이커뮤니케이션,,,,,,annual FS not found,"<a href=""https://m.stock.naver.com/domestic/stock/351870/total"" target=""_blank"">Naver</a>"
466410,사이냅소프트,,,,,,annual FS not found,"<a href=""https://m.stock.naver.com/domestic/stock/466410/total"" target=""_blank"">Naver</a>"
199480,뱅크웨어글로벌,,,,,,annual FS not found,"<a href=""https://m.stock.naver.com/domestic/stock/199480/total"" target=""_blank"">Naver</a>"
471820,셀로맥스사이언스,,,,,,annual FS not found,"<a href=""https://m.stock.naver.com/domestic/stock/471820/total"" target=""_blank"">Naver</a>"
444530,심플랫폼,,,,,,annual FS not found,"<a href=""https://m.stock.naver.com/domestic/stock/444530/total"" target=""_blank"">Naver</a>"
462310,뉴키즈온,,,,,,annual FS not found,"<a href=""https://m.stock.naver.com/domestic/stock/462310/total"" target=""_blank"">Naver</a>"
457370,한켐,,,,,,annual FS not found,"<a href=""https://m.stock.naver.com/domestic/stock/457370/total"" target=""_blank"">Naver</a>"
177900,쓰리에이로직스,,,,,,annual FS not found,"<a href=""https://m.stock.naver.com/domestic/stock/177900/total"" target=""_blank"">Naver</a>"
364950,에이아이코리아,,,,,,annual FS not found,"<a href=""https://m.stock.naver.com/domestic/stock/364950/total"" target=""_blank"">Naver</a>"
475460,미트박스,,,,,,annual FS not found,"<a href=""https://m.stock.naver.com/domestic/stock/475460/total"" target=""_blank"">Naver</a>"
105760,포스뱅크,,,,,,annual FS not found,"<a href=""https://m.stock.naver.com/domestic/stock/105760/total"" target=""_blank"">Naver</a>"
021880,메이슨캐피탈,,,,,,annual FS not found,"<a href=""https://m.stock.naver.com/domestic/stock/021880/total"" target=""_blank"">Naver</a>"
465480,인스피언,,,,,,annual FS not found,"<a href=""https://m.stock.naver.com/domestic/stock/465480/total"" target=""_blank"">Naver</a>"
455180,케이지에이,,,,,,annual FS not found,"<a href=""https://m.stock.naver.com/domestic/stock/455180/total"" target=""_blank"">Naver</a>"
188040,바이오포트,,,,,,annual FS not found,"<a href=""https://m.stock.naver.com/domestic/stock/188040/total"" target=""_blank"">Naver</a>"
246690,TS인베스트먼트,,,,,,annual FS not found,"<a href=""https://m.stock.naver.com/domestic/stock/246690/total"" target=""_blank"">Naver</a>"
464280,티디에스팜,,,,,,annual FS not found,"<a href=""https://m.stock.naver.com/domestic/stock/464280/total"" target=""_blank"">Naver</a>"
450330,하스,,,,,,annual FS not found,"<a href=""https://m.stock.naver.com/domestic/stock/450330/total"" target=""_blank"">Naver</a>"
440290,HB인베스트먼트,,,,,,annual FS not found,"<a href=""https://m.stock.naver.com/domestic/stock/440290/total"" target=""_blank"">Naver</a>"
462510,라메디텍,,,,,,annual FS not found,"<a href=""https://m.stock.naver.com/domestic/stock/462510/total"" target=""_blank"">Naver</a>"
413630,씨피시스템,,,,,,annual FS not found,"<a href=""https://m.stock.naver.com/domestic/stock/413630/total"" target=""_blank"">Naver</a>"
420570,제이투케이바이오,,,,,,annual FS not found,"<a href=""https://m.stock.naver.com/domestic/stock/420570/total"" target=""_blank"">Naver</a>"
450520,인스웨이브,,,,,,annual FS not found,"<a href=""https://m.stock.naver.com/domestic/stock/450520/total"" target=""_blank"">Naver</a>"
474610,RF시스템즈,,,,,,annual FS not found,"<a href=""https://m.stock.naver.com/domestic/stock/474610/total"" target=""_blank"">Naver</a>"
321370,센서뷰,,,,,,annual FS not found,"<a href=""https://m.stock.naver.com/domestic/stock/321370/total"" target=""_blank"">Naver</a>"
323350,다원넥스뷰,,,,,,annual FS not found,"<a href=""https://m.stock.naver.com/domestic/stock/323350/total"" target=""_blank"">Naver</a>"
430690,한싹,,,,,,annual FS not found,"<a href=""https://m.stock.naver.com/domestic/stock/430690/total"" target=""_blank"">Naver</a>"
360350,코셈,,,,,,annual FS not found,"<a href=""https://m.stock.naver.com/domestic/stock/360350/total"" target=""_blank"">Naver</a>"
303360,프로티아,,,,,,annual FS not found,"<a href=""https://m.stock.naver.com/domestic/stock/303360/total"" target=""_blank"">Naver</a>"
418620,E8,,,,,,annual FS not found,"<a href=""https://m.stock.naver.com/domestic/stock/418620/total"" target=""_blank"">Naver</a>"
016600,큐캐피탈,,,,,,annual FS not found,"<a href=""https://m.stock.naver.com/domestic/stock/016600/total"" target=""_blank"">Naver</a>"
460470,아이빔테크놀로지,,,,,,annual FS not found,"<a href=""https://m.stock.naver.com/domestic/stock/460470/total"" target=""_blank"">Naver</a>"
440320,오픈놀,,,,,,annual FS not found,"<a href=""https://m.stock.naver.com/domestic/stock/440320/total"" target=""_blank"">Naver</a>"
448740,삼성스팩8호,,,,,,annual FS not found,"<a href=""https://m.stock.naver.com/domestic/stock/448740/total"" target=""_blank"">Naver</a>"
438700,버넥트,,,,,,annual FS not found,"<a href=""https://m.stock.naver.com/domestic/stock/438700/total"" target=""_blank"">Naver</a>"
462980,아이지넷,,,,,,annual FS not found,"<a href=""https://m.stock.naver.com/domestic/stock/462980/total"" target=""_blank"">Naver</a>"
424980,마이크로투나노,,,,,,annual FS not found,"<a href=""https://m.stock.naver.com/domestic/stock/424980/total"" target=""_blank"">Naver</a>"
340810,시선AI,,,,,,annual FS not found,"<a href=""https://m.stock.naver.com/domestic/stock/340810/total"" target=""_blank"">Naver</a>"
434480,모니터랩,,,,,,annual FS not found,"<a href=""https://m.stock.naver.com/domestic/stock/434480/total"" target=""_blank"">Naver</a>"
464580,닷밀,,,,,,annual FS not found,"<a href=""https://m.stock.naver.com/domestic/stock/464580/total"" target=""_blank"">Naver</a>"
418250,시큐레터,,,,,,annual FS not found,"<a href=""https://m.stock.naver.com/domestic/stock/418250/total"" target=""_blank"">Naver</a>"
190650,코리아에셋투자증권,,,,,,annual FS not found,"<a href=""https://m.stock.naver.com/domestic/stock/190650/total"" target=""_blank"">Naver</a>"
464500,아이언디바이스,,,,,,annual FS not found,"<a href=""https://m.stock.naver.com/domestic/stock/464500/total"" target=""_blank"">Naver</a>"
452300,캡스톤파트너스,,,,,,annual FS not found,"<a href=""https://m.stock.naver.com/domestic/stock/452300/total"" target=""_blank"">Naver</a>"
140430,카티스,,,,,,annual FS not found,"<a href=""https://m.stock.naver.com/domestic/stock/140430/total"" target=""_blank"">Naver</a>"
274400,이노시뮬레이션,,,,,,annual FS not found,"<a href=""https://m.stock.naver.com/domestic/stock/274400/total"" target=""_blank"">Naver</a>"
109670,씨싸이트,,,,,,annual FS not found,"<a href=""https://m.stock.naver.com/domestic/stock/109670/total"" target=""_blank"">Naver</a>"
387570,파인메딕스,,,,,,annual FS not found,"<a href=""https://m.stock.naver.com/domestic/stock/387570/total"" target=""_blank"">Naver</a>"
406820,뷰티스킨,,,,,,annual FS not found,"<a href=""https://m.stock.naver.com/domestic/stock/406820/total"" target=""_blank"">Naver</a>"
457600,벡트,,,,,,annual FS not found,"<a href=""https://m.stock.naver.com/domestic/stock/457600/total"" target=""_blank"">Naver</a>"
088280,쏘닉스,,,,,,annual FS not found,"<a href=""https://m.stock.naver.com/domestic/stock/088280/total"" target=""_blank"">Naver</a>"
373170,엠아이큐브솔루션,,,,,,annual FS not found,"<a href=""https://m.stock.naver.com/domestic/stock/373170/total"" target=""_blank"">Naver</a>"
452980,신한제11호스팩,,,,,,annual FS not found,"<a href=""https://m.stock.naver.com/domestic/stock/452980/total"" target=""_blank"">Naver</a>"
475660,에스켐,,,,,,annual FS not found,"<a href=""https://m.stock.naver.com/domestic/stock/475660/total"" target=""_blank"">Naver</a>"
285800,진영,,,,,,annual FS not found,"<a href=""https://m.stock.naver.com/domestic/stock/285800/total"" target=""_blank"">Naver</a>"
405920,나라셀라,,,,,,annual FS not found,"<a href=""https://m.stock.naver.com/domestic/stock/405920/total"" target=""_blank"">Naver</a>"
398120,에스지헬스케어,,,,,,annual FS not found,"<a href=""https://m.stock.naver.com/domestic/stock/398120/total"" target=""_blank"">Naver</a>"
362990,드림인사이트,,,,,,annual FS not found,"<a href=""https://m.stock.naver.com/domestic/stock/362990/total"" target=""_blank"">Naver</a>"
221800,유투바이오,,,,,,annual FS not found,"<a href=""https://m.stock.naver.com/domestic/stock/221800/total"" target=""_blank"">Naver</a>"
373110,엑셀세라퓨틱스,,,,,,annual FS not found,"<a href=""https://m.stock.naver.com/domestic/stock/373110/total"" target=""_blank"">Naver</a>"
415380,스튜디오삼익,,,,,,annual FS not found,"<a href=""https://m.stock.naver.com/domestic/stock/415380/total"" target=""_blank"">Naver</a>"
469750,아이비젼웍스,,,,,,annual FS not found,"<a href=""https://m.stock.naver.com/domestic/stock/469750/total"" target=""_blank"">Naver</a>"
431190,케이쓰리아이,,,,,,annual FS not found,"<a href=""https://m.stock.naver.com/domestic/stock/431190/total"" target=""_blank"">Naver</a>"
432980,엠에프씨,,,,,,annual FS not found,"<a href=""https://m.stock.naver.com/domestic/stock/432980/total"" target=""_blank"">Naver</a>"
146060,율촌,,,,,,annual FS not found,"<a href=""https://m.stock.naver.com/domestic/stock/146060/total"" target=""_blank"">Naver</a>"
068100,케이웨더,,,,,,annual FS not found,"<a href=""https://m.stock.naver.com/domestic/stock/068100/total"" target=""_blank"">Naver</a>"
240600,유진테크놀로지,,,,,,annual FS not found,"<a href=""https://m.stock.naver.com/domestic/stock/240600/total"" target=""_blank"">Naver</a>"
451700,엔에이치스팩29호,,,,,,annual FS not found,"<a href=""https://m.stock.naver.com/domestic/stock/451700/total"" target=""_blank"">Naver</a>"
232830,아이티센피엔에스,,,,,,annual FS not found,"<a href=""https://m.stock.naver.com/domestic/stock/232830/total"" target=""_blank"">Naver</a>"
429270,시지트로닉스,,,,,,annual FS not found,"<a href=""https://m.stock.naver.com/domestic/stock/429270/total"" target=""_blank"">Naver</a>"
464680,KB제27호스팩,,,,,,annual FS not found,"<a href=""https://m.stock.naver.com/domestic/stock/464680/total"" target=""_blank"">Naver</a>"
290560,신시웨이,,,,,,annual FS not found,"<a href=""https://m.stock.naver.com/domestic/stock/290560/total"" target=""_blank"">Naver</a>"
389680,유디엠텍,,,,,,annual FS not found,"<a href=""https://m.stock.naver.com/domestic/stock/389680/total"" target=""_blank"">Naver</a>"
449020,유안타제13호스팩,,,,,,annual FS not found,"<a href=""https://m.stock.naver.com/domestic/stock/449020/total"" target=""_blank"">Naver</a>"
466910,엔에이치스팩30호,,,,,,annual FS not found,"<a href=""https://m.stock.naver.com/domestic/stock/466910/total"" target=""_blank"">Naver</a>"
188260,세니젠,,,,,,annual FS not found,"<a href=""https://m.stock.naver.com/domestic/stock/188260/total"" target=""_blank"">Naver</a>"
478780,대신밸런스제18호스팩,,,,,,annual FS not found,"<a href=""https://m.stock.naver.com/domestic/stock/478780/total"" target=""_blank"">Naver</a>"
454750,하나28호스팩,,,,,,annual FS not found,"<a href=""https://m.stock.naver.com/domestic/stock/454750/total"" target=""_blank"">Naver</a>"
424760,벨로크,,,,,,annual FS not found,"<a href=""https://m.stock.naver.com/domestic/stock/424760/total"" target=""_blank"">Naver</a>"
477380,미래에셋비전스팩4호,,,,,,annual FS not found,"<a href=""https://m.stock.naver.com/domestic/stock/477380/total"" target=""_blank"">Naver</a>"
482680,미래에셋비전스팩7호,,,,,,annual FS not found,"<a href=""https://m.stock.naver.com/domestic/stock/482680/total"" target=""_blank"">Naver</a>"
457630,대신밸런스제16호스팩,,,,,,annual FS not found,"<a href=""https://m.stock.naver.com/domestic/stock/457630/total"" target=""_blank"">Naver</a>"
430220,신영스팩8호,,,,,,annual FS not found,"<a href=""https://m.stock.naver.com/domestic/stock/430220/total"" target=""_blank"">Naver</a>"
469880,하나30호스팩,,,,,,annual FS not found,"<a href=""https://m.stock.naver.com/domestic/stock/469880/total"" target=""_blank"">Naver</a>"
477340,에이치엠씨제7호스팩,,,,,,annual FS not found,"<a href=""https://m.stock.naver.com/domestic/stock/477340/total"" target=""_blank"">Naver</a>"
479880,한국제15호스팩,,,,,,annual FS not found,"<a href=""https://m.stock.naver.com/domestic/stock/479880/total"" target=""_blank"">Naver</a>"
478440,미래에셋비전스팩6호,,,,,,annual FS not found,"<a href=""https://m.stock.naver.com/domestic/stock/478440/total"" target=""_blank"">Naver</a>"
473050,유안타제15호스팩,,,,,,annual FS not found,"<a href=""https://m.stock.naver.com/domestic/stock/473050/total"" target=""_blank"">Naver</a>"
446190,미래에셋비전스팩2호,,,,,,annual FS not found,"<a href=""https://m.stock.naver.com/domestic/stock/446190/total"" target=""_blank"">Naver</a>"
489480,키움제11호스팩,,,,,,annual FS not found,"<a href=""https://m.stock.naver.com/domestic/stock/489480/total"" target=""_blank"">Naver</a>"
471050,대신밸런스제17호스팩,,,,,,annual FS not found,"<a href=""https://m.stock.naver.com/domestic/stock/471050/total"" target=""_blank"">Naver</a>"
481890,엔에이치스팩31호,,,,,,annual FS not found,"<a href=""https://m.stock.naver.com/domestic/stock/481890/total"" target=""_blank"">Naver</a>"
478390,KB제29호스팩,,,,,,annual FS not found,"<a href=""https://m.stock.naver.com/domestic/stock/478390/total"" target=""_blank"">Naver</a>"
489730,디비금융제13호스팩,,,,,,annual FS not found,"<a href=""https://m.stock.naver.com/domestic/stock/489730/total"" target=""_blank"">Naver</a>"
446840,키움제8호스팩,,,,,,annual FS not found,"<a href=""https://m.stock.naver.com/domestic/stock/446840/total"" target=""_blank"">Naver</a>"
0037T0,KB제32호스팩,,,,,,annual FS not found,"<a href=""https://m.stock.naver.com/domestic/stock/0037T0/total"" target=""_blank"">Naver</a>"
492220,KB제31호스팩,,,,,,annual FS not found,"<a href=""https://m.stock.naver.com/domestic/stock/492220/total"" target=""_blank"">Naver</a>"
482520,교보16호스팩,,,,,,annual FS not found,"<a href=""https://m.stock.naver.com/domestic/stock/482520/total"" target=""_blank"">Naver</a>"
477760,DB금융스팩12호,,,,,,annual FS not found,"<a href=""https://m.stock.naver.com/domestic/stock/477760/total"" target=""_blank"">Naver</a>"
482690,대신밸런스제19호스팩,,,,,,annual FS not found,"<a href=""https://m.stock.naver.com/domestic/stock/482690/total"" target=""_blank"">Naver</a>"
477470,미래에셋비전스팩5호,,,,,,annual FS not found,"<a href=""https://m.stock.naver.com/domestic/stock/477470/total"" target=""_blank"">Naver</a>"
474660,신한제12호스팩,,,,,,annual FS not found,"<a href=""https://m.stock.naver.com/domestic/stock/474660/total"" target=""_blank"">Naver</a>"
469900,하나31호스팩,,,,,,annual FS not found,"<a href=""https://m.stock.naver.com/domestic/stock/469900/total"" target=""_blank"">Naver</a>"
487360,신한제14호스팩,,,,,,annual FS not found,"<a href=""https://m.stock.naver.com/domestic/stock/487360/total"" target=""_blank"">Naver</a>"
496070,신한제16호스팩,,,,,,annual FS not found,"<a href=""https://m.stock.naver.com/domestic/stock/496070/total"" target=""_blank"">Naver</a>"
454640,하나29호스팩,,,,,,annual FS not found,"<a href=""https://m.stock.naver.com/domestic/stock/454640/total"" target=""_blank"">Naver</a>"
474490,유안타제16호스팩,,,,,,annual FS not found,"<a href=""https://m.stock.naver.com/domestic/stock/474490/total"" target=""_blank"">Naver</a>"
446150,유안타제12호스팩,,,,,,annual FS not found,"<a href=""https://m.stock.naver.com/domestic/stock/446150/total"" target=""_blank"">Naver</a>"
486630,KB제30호스팩,,,,,,annual FS not found,"<a href=""https://m.stock.naver.com/domestic/stock/486630/total"" target=""_blank"">Naver</a>"
444920,유안타제11호스팩,,,,,,annual FS not found,"<a href=""https://m.stock.naver.com/domestic/stock/444920/total"" target=""_blank"">Naver</a>"
452670,상상인제4호스팩,,,,,,annual FS not found,"<a href=""https://m.stock.naver.com/domestic/stock/452670/total"" target=""_blank"">Naver</a>"
493790,유안타제17호스팩,,,,,,annual FS not found,"<a href=""https://m.stock.naver.com/domestic/stock/493790/total"" target=""_blank"">Naver</a>"
448830,미래에셋비전스팩3호,,,,,,annual FS not found,"<a href=""https://m.stock.naver.com/domestic/stock/448830/total"" target=""_blank"">Naver</a>"
489210,교보17호스팩,,,,,,annual FS not found,"<a href=""https://m.stock.naver.com/domestic/stock/489210/total"" target=""_blank"">Naver</a>"
0004Y0,디비금융제14호스팩,,,,,,annual FS not found,"<a href=""https://m.stock.naver.com/domestic/stock/0004Y0/total"" target=""_blank"">Naver</a>"
03481K,해성산업1우,,,,,,corp_code not found,"<a href=""https://m.stock.naver.com/domestic/stock/03481K/total"" target=""_blank"">Naver</a>"
455910,에스케이증권제9호스팩,,,,,,annual FS not found,"<a href=""https://m.stock.naver.com/domestic/stock/455910/total"" target=""_blank"">Naver</a>"
450050,하이제8호스팩,,,,,,annual FS not found,"<a href=""https://m.stock.naver.com/domestic/stock/450050/total"" target=""_blank"">Naver</a>"
455310,한화플러스제4호스팩,,,,,,annual FS not found,"<a href=""https://m.stock.naver.com/domestic/stock/455310/total"" target=""_blank"">Naver</a>"
472220,신영스팩10호,,,,,,annual FS not found,"<a href=""https://m.stock.naver.com/domestic/stock/472220/total"" target=""_blank"">Naver</a>"
478110,이베스트스팩6호,,,,,,annual FS not found,"<a href=""https://m.stock.naver.com/domestic/stock/478110/total"" target=""_blank"">Naver</a>"
448760,IBKS제22호스팩,,,,,,annual FS not found,"<a href=""https://m.stock.naver.com/domestic/stock/448760/total"" target=""_blank"">Naver</a>"
498390,한화플러스제5호스팩,,,,,,annual FS not found,"<a href=""https://m.stock.naver.com/domestic/stock/498390/total"" target=""_blank"">Naver</a>"
488060,유진스팩11호,,,,,,annual FS not found,"<a href=""https://m.stock.naver.com/domestic/stock/488060/total"" target=""_blank"">Naver</a>"
450940,유안타제14호스팩,,,,,,annual FS not found,"<a href=""https://m.stock.naver.com/domestic/stock/450940/total"" target=""_blank"">Naver</a>"
484130,하나34호스팩,,,,,,annual FS not found,"<a href=""https://m.stock.naver.com/domestic/stock/484130/total"" target=""_blank"">Naver</a>"
467930,IBKS제23호스팩,,,,,,annual FS not found,"<a href=""https://m.stock.naver.com/domestic/stock/467930/total"" target=""_blank"">Naver</a>"
442770,IBKS제21호스팩,,,,,,annual FS not found,"<a href=""https://m.stock.naver.com/domestic/stock/442770/total"" target=""_blank"">Naver</a>"
455250,KB제25호스팩,,,,,,annual FS not found,"<a href=""https://m.stock.naver.com/domestic/stock/455250/total"" target=""_blank"">Naver</a>"
458610,한국제12호스팩,,,,,,annual FS not found,"<a href=""https://m.stock.naver.com/domestic/stock/458610/total"" target=""_blank"">Naver</a>"
469480,IBKS제24호스팩,,,,,,annual FS not found,"<a href=""https://m.stock.naver.com/domestic/stock/469480/total"" target=""_blank"">Naver</a>"
464440,한국제13호스팩,,,,,,annual FS not found,"<a href=""https://m.stock.naver.com/domestic/stock/464440/total"" target=""_blank"">Naver</a>"
456490,교보14호스팩,,,,,,annual FS not found,"<a href=""https://m.stock.naver.com/domestic/stock/456490/total"" target=""_blank"">Naver</a>"
473950,에스케이증권제13호스팩,,,,,,annual FS not found,"<a href=""https://m.stock.naver.com/domestic/stock/473950/total"" target=""_blank"">Naver</a>"
468760,유진스팩10호,,,,,,annual FS not found,"<a href=""https://m.stock.naver.com/domestic/stock/468760/total"" target=""_blank"">Naver</a>"
487830,신한제15호스팩,,,,,,annual FS not found,"<a href=""https://m.stock.naver.com/domestic/stock/487830/total"" target=""_blank"">Naver</a>"
462020,에이치엠씨제6호스팩,,,,,,annual FS not found,"<a href=""https://m.stock.naver.com/domestic/stock/462020/total"" target=""_blank"">Naver</a>"
487720,키움제10호스팩,,,,,,annual FS not found,"<a href=""https://m.stock.naver.com/domestic/stock/487720/total"" target=""_blank"">Naver</a>"
473370,비엔케이제2호스팩,,,,,,annual FS not found,"<a href=""https://m.stock.naver.com/domestic/stock/473370/total"" target=""_blank"">Naver</a>"
472230,에스케이증권제11호스팩,,,,,,annual FS not found,"<a href=""https://m.stock.naver.com/domestic/stock/472230/total"" target=""_blank"">Naver</a>"
465320,교보15호스팩,,,,,,annual FS not found,"<a href=""https://m.stock.naver.com/domestic/stock/465320/total"" target=""_blank"">Naver</a>"
0041J0,엘에스스팩1호,,,,,,annual FS not found,"<a href=""https://m.stock.naver.com/domestic/stock/0041J0/total"" target=""_blank"">Naver</a>"
475250,하나33호스팩,,,,,,annual FS not found,"<a href=""https://m.stock.naver.com/domestic/stock/475250/total"" target=""_blank"">Naver</a>"
474930,신한제13호스팩,,,,,,annual FS not found,"<a href=""https://m.stock.naver.com/domestic/stock/474930/total"" target=""_blank"">Naver</a>"
457940,에스케이증권제10호스팩,,,,,,annual FS not found,"<a href=""https://m.stock.naver.com/domestic/stock/457940/total"" target=""_blank"">Naver</a>"
475240,하나32호스팩,,,,,,annual FS not found,"<a href=""https://m.stock.naver.com/domestic/stock/475240/total"" target=""_blank"">Naver</a>"
473000,에스케이증권제12호스팩,,,,,,annual FS not found,"<a href=""https://m.stock.naver.com/domestic/stock/473000/total"" target=""_blank"">Naver</a>"
032685,소프트센우,,,,,,corp_code not found,"<a href=""https://m.stock.naver.com/domestic/stock/032685/total"" target=""_blank"">Naver</a>"
021045,대호특수강우,,,,,,corp_code not found,"<a href=""https://m.stock.naver.com/domestic/stock/021045/total"" target=""_blank"">Naver</a>"
