Symbol,Name,TotalScore,Growth,Profitability,Stability,Activity,Error,Links
950130,엑세스바이오,99.04386661536851,100.0,100.0,93.24572743924841,94.38587742887348,,"<a href=""https://m.stock.naver.com/domestic/stock/950130/total"" target=""_blank"">Naver</a>"
205470,휴마시스,98.62293745902168,100.0,100.0,97.06695695292791,78.32483527457782,,"<a href=""https://m.stock.naver.com/domestic/stock/205470/total"" target=""_blank"">Naver</a>"
084650,랩지노믹스,98.02861119197588,99.14056865123744,100.0,99.12807305008931,72.6292539244899,,"<a href=""https://m.stock.naver.com/domestic/stock/084650/total"" target=""_blank"">Naver</a>"
253840,수젠텍,97.33598534819711,100.0,100.0,95.24508818191487,56.22953060011237,,"<a href=""https://m.stock.naver.com/domestic/stock/253840/total"" target=""_blank"">Naver</a>"
099430,바이오플러스,96.94954996091224,100.0,97.03314691109604,99.73524296928717,54.3547787241903,,"<a href=""https://m.stock.naver.com/domestic/stock/099430/total"" target=""_blank"">Naver</a>"
382840,원준,96.43127281330013,100.0,87.92756078062588,98.89724816557471,91.19315603172359,,"<a href=""https://m.stock.naver.com/domestic/stock/382840/total"" target=""_blank"">Naver</a>"
036220,오상헬스케어,96.3032284690706,100.0,100.0,74.49056435567645,77.08344067005932,,"<a href=""https://m.stock.naver.com/domestic/stock/036220/total"" target=""_blank"">Naver</a>"
046390,삼화네트웍스,95.00224151131248,99.3690092111611,92.68764953553341,86.0855631829052,72.00734564883861,,"<a href=""https://m.stock.naver.com/domestic/stock/046390/total"" target=""_blank"">Naver</a>"
144510,지씨셀,94.3530980801664,100.0,87.77237462101893,91.13073559523761,65.93861730775832,,"<a href=""https://m.stock.naver.com/domestic/stock/144510/total"" target=""_blank"">Naver</a>"
290380,대유,94.24118894866167,100.0,89.42043392800811,94.84818901557513,48.02523130204264,,"<a href=""https://m.stock.naver.com/domestic/stock/290380/total"" target=""_blank"">Naver</a>"
215000,골프존,94.08483329147101,93.54672998271705,96.29847880660293,94.3513633099478,88.9407853839055,,"<a href=""https://m.stock.naver.com/domestic/stock/215000/total"" target=""_blank"">Naver</a>"
013120,동원개발,93.82940864455244,100.0,87.74254149495023,99.17088496019497,39.533695495907864,,"<a href=""https://m.stock.naver.com/domestic/stock/013120/total"" target=""_blank"">Naver</a>"
089790,제이티,93.71154141113185,93.68032333608842,94.32117840788862,97.26812849940698,83.92479915131884,,"<a href=""https://m.stock.naver.com/domestic/stock/089790/total"" target=""_blank"">Naver</a>"
136410,아셈스,93.13190133313972,100.0,84.16279900864885,96.02566717172476,49.77269727610053,,"<a href=""https://m.stock.naver.com/domestic/stock/136410/total"" target=""_blank"">Naver</a>"
049950,미래컴퍼니,93.06621871174188,99.29266311716246,79.46088998964848,96.49849690050007,79.51097307964582,,"<a href=""https://m.stock.naver.com/domestic/stock/049950/total"" target=""_blank"">Naver</a>"
335890,비올,92.93855555418264,94.02091374817105,95.7633917874024,99.7569484746538,52.18929021928065,,"<a href=""https://m.stock.naver.com/domestic/stock/335890/total"" target=""_blank"">Naver</a>"
018310,삼목에스폼,92.859908246179,100.0,83.35703189822789,81.13572171726778,78.14156199790514,,"<a href=""https://m.stock.naver.com/domestic/stock/018310/total"" target=""_blank"">Naver</a>"
074430,아미노로직스,92.77993361873669,97.1421685987893,89.56944693548728,99.77484082793488,42.49573285595605,,"<a href=""https://m.stock.naver.com/domestic/stock/074430/total"" target=""_blank"">Naver</a>"
230240,에치에프알,92.7331159574043,96.38555081782472,86.05255657132994,93.8818389613686,80.00924855480211,,"<a href=""https://m.stock.naver.com/domestic/stock/230240/total"" target=""_blank"">Naver</a>"
124560,태웅로직스,92.39353070101987,99.92873796895576,76.74869233475239,84.40399254985135,96.17431161946365,,"<a href=""https://m.stock.naver.com/domestic/stock/124560/total"" target=""_blank"">Naver</a>"
035290,골드앤에스,92.224952455999,99.2462750996141,76.53404456633176,92.27313286100885,86.32725937093446,,"<a href=""https://m.stock.naver.com/domestic/stock/035290/total"" target=""_blank"">Naver</a>"
060850,영림원소프트랩,92.03024733997587,94.5958117201634,84.89915848512409,98.47779825306482,84.00381722580651,,"<a href=""https://m.stock.naver.com/domestic/stock/060850/total"" target=""_blank"">Naver</a>"
351330,이삭엔지니어링,91.97104289060299,100.0,76.4473247682868,86.9675575580388,83.24911885454817,,"<a href=""https://m.stock.naver.com/domestic/stock/351330/total"" target=""_blank"">Naver</a>"
101730,위메이드맥스,91.64010441205228,100.0,81.43955453093999,83.9975878136747,57.60913995899631,,"<a href=""https://m.stock.naver.com/domestic/stock/101730/total"" target=""_blank"">Naver</a>"
307280,원바이오젠,91.40878408110792,100.0,78.13015803271115,88.13751839437367,61.24985466985528,,"<a href=""https://m.stock.naver.com/domestic/stock/307280/total"" target=""_blank"">Naver</a>"
241820,피씨엘,91.19951889263362,100.0,97.15761829441514,42.43390271095143,53.33448095869397,,"<a href=""https://m.stock.naver.com/domestic/stock/241820/total"" target=""_blank"">Naver</a>"
253590,네오셈,90.99812105043695,95.95832568069152,87.5822414745682,93.38330219680614,43.78470107398749,,"<a href=""https://m.stock.naver.com/domestic/stock/253590/total"" target=""_blank"">Naver</a>"
281740,레이크머티리얼즈,90.78057560252108,93.00281033577438,97.50004358965153,81.3347819957687,49.40800608133398,,"<a href=""https://m.stock.naver.com/domestic/stock/281740/total"" target=""_blank"">Naver</a>"
357550,석경에이티,90.7063614316471,92.39330624301162,93.22247399525487,98.87667095954141,41.54184182144512,,"<a href=""https://m.stock.naver.com/domestic/stock/357550/total"" target=""_blank"">Naver</a>"
049070,인탑스,90.50513755220378,95.18401972537038,76.80345863423628,97.89223580731313,88.09274955382323,,"<a href=""https://m.stock.naver.com/domestic/stock/049070/total"" target=""_blank"">Naver</a>"
332370,아이디피,90.46566122278885,94.9210379946988,84.99964453441706,99.63611810788709,45.99030963153173,,"<a href=""https://m.stock.naver.com/domestic/stock/332370/total"" target=""_blank"">Naver</a>"
149980,하이로닉,90.43576735333141,93.23889210975699,90.29607136251762,99.6159134581794,39.13645802059759,,"<a href=""https://m.stock.naver.com/domestic/stock/149980/total"" target=""_blank"">Naver</a>"
297890,HB솔루션,90.43497566729316,100.0,75.05483692054536,95.50358081251044,42.418167118115456,,"<a href=""https://m.stock.naver.com/domestic/stock/297890/total"" target=""_blank"">Naver</a>"
085910,네오티스,90.38392434135585,98.2212745766574,79.49081884419805,88.52678953282847,54.515518620581275,,"<a href=""https://m.stock.naver.com/domestic/stock/085910/total"" target=""_blank"">Naver</a>"
078350,한양디지텍,90.28664336279189,94.85522800239006,79.95440734027198,87.26260200503694,93.1728905157234,,"<a href=""https://m.stock.naver.com/domestic/stock/078350/total"" target=""_blank"">Naver</a>"
222800,심텍,89.85732489029789,93.18782454371897,86.83449979287855,75.43875416858592,93.84259597976526,,"<a href=""https://m.stock.naver.com/domestic/stock/222800/total"" target=""_blank"">Naver</a>"
351320,넥사다이내믹스,89.84860176769278,100.0,68.25596394728122,93.18582159507227,69.32057242730508,,"<a href=""https://m.stock.naver.com/domestic/stock/351320/total"" target=""_blank"">Naver</a>"
036710,심텍홀딩스,89.69401312939007,93.13158570080846,85.84625088546174,77.00338675518495,93.06320624042148,,"<a href=""https://m.stock.naver.com/domestic/stock/036710/total"" target=""_blank"">Naver</a>"
348210,넥스틴,89.44012740414583,86.87405326489392,100.0,99.4109175360021,47.492073832185284,,"<a href=""https://m.stock.naver.com/domestic/stock/348210/total"" target=""_blank"">Naver</a>"
272290,이녹스첨단소재,89.4266052212093,87.09653137694018,93.9803595035353,98.38851153474639,76.69490731373455,,"<a href=""https://m.stock.naver.com/domestic/stock/272290/total"" target=""_blank"">Naver</a>"
102120,어보브반도체,89.39148240090543,93.80720844054632,75.50203986488216,98.6420176489043,87.34891210933378,,"<a href=""https://m.stock.naver.com/domestic/stock/102120/total"" target=""_blank"">Naver</a>"
205100,엑셈,89.05804075578132,87.55267923786357,91.95030815968956,99.70685198557393,71.36341949166783,,"<a href=""https://m.stock.naver.com/domestic/stock/205100/total"" target=""_blank"">Naver</a>"
109860,동일금속,89.0323318930021,94.80928057121339,76.08673943587456,99.59658591876013,63.30840198858809,,"<a href=""https://m.stock.naver.com/domestic/stock/109860/total"" target=""_blank"">Naver</a>"
352770,셀레스트라,88.88492930646815,86.46137898736657,99.37748503481755,95.31593075158632,52.6427516037037,,"<a href=""https://m.stock.naver.com/domestic/stock/352770/total"" target=""_blank"">Naver</a>"
071280,로체시스템즈,88.68078398090515,92.45842279359658,78.56122288729932,97.95562426933373,75.39724311977977,,"<a href=""https://m.stock.naver.com/domestic/stock/071280/total"" target=""_blank"">Naver</a>"
140520,대창스틸,88.61288605751521,94.64772329215414,77.56171837321206,84.12575850142537,80.42493277554358,,"<a href=""https://m.stock.naver.com/domestic/stock/140520/total"" target=""_blank"">Naver</a>"
094970,제이엠티,88.4009048285655,85.93874769056782,93.49710003598237,98.93835650121872,71.39091110214666,,"<a href=""https://m.stock.naver.com/domestic/stock/094970/total"" target=""_blank"">Naver</a>"
095340,ISC,88.36022475598897,86.42904219253403,93.20078234166039,99.39880801449334,65.25446107208226,,"<a href=""https://m.stock.naver.com/domestic/stock/095340/total"" target=""_blank"">Naver</a>"
009300,삼아제약,88.32465917796767,97.13708633974613,71.53399581245219,99.77912360621919,43.61992120770044,,"<a href=""https://m.stock.naver.com/domestic/stock/009300/total"" target=""_blank"">Naver</a>"
054210,이랜텍,88.04546556325019,97.65756604585646,71.25757529122617,72.5136503505413,87.70334155751286,,"<a href=""https://m.stock.naver.com/domestic/stock/054210/total"" target=""_blank"">Naver</a>"
290090,트윔,87.9815526668866,97.22463855946201,69.14950617594114,99.80429798086382,47.579263782754694,,"<a href=""https://m.stock.naver.com/domestic/stock/290090/total"" target=""_blank"">Naver</a>"
011560,세보엠이씨,87.8184662691006,100.0,56.02600341076843,91.47324032011667,93.29282768793627,,"<a href=""https://m.stock.naver.com/domestic/stock/011560/total"" target=""_blank"">Naver</a>"
035900,JYP Ent.,87.72134920012954,82.28556361486513,97.92710267636501,98.62539309530347,80.11392105177731,,"<a href=""https://m.stock.naver.com/domestic/stock/035900/total"" target=""_blank"">Naver</a>"
108860,셀바스AI,87.67444755887279,90.35060683027439,81.39396262546039,93.51620864109711,75.27943880466701,,"<a href=""https://m.stock.naver.com/domestic/stock/108860/total"" target=""_blank"">Naver</a>"
077360,덕산하이메탈,87.64392720812654,92.93538402404702,79.48313700913005,99.6013695282966,41.0355117717234,,"<a href=""https://m.stock.naver.com/domestic/stock/077360/total"" target=""_blank"">Naver</a>"
131290,티에스이,87.50734766502507,87.22323205381842,87.6147188925122,98.57951913629444,68.23553591953055,,"<a href=""https://m.stock.naver.com/domestic/stock/131290/total"" target=""_blank"">Naver</a>"
352480,씨앤씨인터내셔널,87.50031030841377,94.0722784384148,70.16433155372678,96.91936159820116,76.47848394226185,,"<a href=""https://m.stock.naver.com/domestic/stock/352480/total"" target=""_blank"">Naver</a>"
208370,셀바스헬스케어,87.42129792914855,90.3413979915731,86.15634815554593,90.1621824848943,53.22307693657524,,"<a href=""https://m.stock.naver.com/domestic/stock/208370/total"" target=""_blank"">Naver</a>"
155650,와이엠씨,87.38321696667002,92.39600012524092,69.55374486734438,99.12603593802321,92.89154161774131,,"<a href=""https://m.stock.naver.com/domestic/stock/155650/total"" target=""_blank"">Naver</a>"
282880,코윈테크,87.37784613863502,99.09829686441732,60.74362640646956,92.9577282309985,68.74377190534766,,"<a href=""https://m.stock.naver.com/domestic/stock/282880/total"" target=""_blank"">Naver</a>"
040160,누리플렉스,87.33293551961968,96.50523247917754,74.57232626821543,86.5437347583537,42.646819784478566,,"<a href=""https://m.stock.naver.com/domestic/stock/040160/total"" target=""_blank"">Naver</a>"
150900,파수,87.31839425868127,87.93219721783608,83.05340927164086,97.20194293630149,81.51058632878478,,"<a href=""https://m.stock.naver.com/domestic/stock/150900/total"" target=""_blank"">Naver</a>"
053080,케이엔솔,87.28584239100861,97.49370474291662,59.70952364857474,94.4104507384551,88.4238711853887,,"<a href=""https://m.stock.naver.com/domestic/stock/053080/total"" target=""_blank"">Naver</a>"
356860,티엘비,86.96783651895352,88.61607278945921,78.68879670758493,97.23110462581703,88.05766411600143,,"<a href=""https://m.stock.naver.com/domestic/stock/356860/total"" target=""_blank"">Naver</a>"
052900,KX하이텍,86.44546856745717,96.73227637524475,67.40538602009391,83.14582317396383,64.80347839780923,,"<a href=""https://m.stock.naver.com/domestic/stock/052900/total"" target=""_blank"">Naver</a>"
085670,뉴프렉스,86.27071458680004,98.07752046052555,67.30109666457513,63.6241840712672,84.73019474428403,,"<a href=""https://m.stock.naver.com/domestic/stock/085670/total"" target=""_blank"">Naver</a>"
064290,인텍플러스,86.24301897441826,84.41178532087535,95.15303989898088,91.4707337511329,53.21228864069073,,"<a href=""https://m.stock.naver.com/domestic/stock/064290/total"" target=""_blank"">Naver</a>"
214150,클래시스,86.11849276047198,82.36562070652418,99.0979317767655,96.77290388702397,44.94694007327378,,"<a href=""https://m.stock.naver.com/domestic/stock/214150/total"" target=""_blank"">Naver</a>"
089030,테크윙,86.09376530058348,93.97223083519634,78.35436956898349,79.52977665800515,43.37713482838567,,"<a href=""https://m.stock.naver.com/domestic/stock/089030/total"" target=""_blank"">Naver</a>"
067310,하나마이크론,85.89957921101791,90.37102659507777,83.06920424780954,69.99811850915741,78.19700682206259,,"<a href=""https://m.stock.naver.com/domestic/stock/067310/total"" target=""_blank"">Naver</a>"
143160,아이디스,85.8986992384571,91.33113696006204,74.68660729722187,99.26888733507238,50.02953009214338,,"<a href=""https://m.stock.naver.com/domestic/stock/143160/total"" target=""_blank"">Naver</a>"
247540,에코프로비엠,85.77821265714383,96.63861645711681,61.59012619027307,88.35498502359457,71.24025465892026,,"<a href=""https://m.stock.naver.com/domestic/stock/247540/total"" target=""_blank"">Naver</a>"
371950,풍원정밀,85.62759792962628,95.9227942790303,65.01496822951681,87.41476818298193,61.57404973061396,,"<a href=""https://m.stock.naver.com/domestic/stock/371950/total"" target=""_blank"">Naver</a>"
080220,제주반도체,85.60588473684338,85.0850669338152,87.11528027824941,98.97453724346977,57.571415652898466,,"<a href=""https://m.stock.naver.com/domestic/stock/080220/total"" target=""_blank"">Naver</a>"
228760,지노믹트리,85.51756342331831,100.0,70.08504563784776,48.95571810472062,62.014604067685994,,"<a href=""https://m.stock.naver.com/domestic/stock/228760/total"" target=""_blank"">Naver</a>"
159910,에코글로우,85.45830196058122,93.40009396774786,61.887237316334115,99.46172454372578,80.0052759295277,,"<a href=""https://m.stock.naver.com/domestic/stock/159910/total"" target=""_blank"">Naver</a>"
086520,에코프로,85.10029045294932,94.01366558615969,73.09500423078342,78.18199574107662,52.002809388999616,,"<a href=""https://m.stock.naver.com/domestic/stock/086520/total"" target=""_blank"">Naver</a>"
063170,서울옥션,84.87689379130876,83.81949129779163,91.78773665232929,95.9211146103791,40.92306777027079,,"<a href=""https://m.stock.naver.com/domestic/stock/063170/total"" target=""_blank"">Naver</a>"
093320,케이아이엔엑스,84.8631150936086,82.33089473070858,87.94138281733531,99.20159635693274,71.18145830312703,,"<a href=""https://m.stock.naver.com/domestic/stock/093320/total"" target=""_blank"">Naver</a>"
278280,천보,84.83894013785587,86.78861011784478,84.53866722620266,89.28868207356346,54.044781064839974,,"<a href=""https://m.stock.naver.com/domestic/stock/278280/total"" target=""_blank"">Naver</a>"
143240,사람인,84.69297730796427,78.61601157380142,96.42705421861517,93.26071994796729,81.81069628465782,,"<a href=""https://m.stock.naver.com/domestic/stock/143240/total"" target=""_blank"">Naver</a>"
093380,풍강,84.68424328547573,91.29035321894445,66.44049246322489,97.90039288841331,70.19737898923036,,"<a href=""https://m.stock.naver.com/domestic/stock/093380/total"" target=""_blank"">Naver</a>"
093920,서원인텍,84.66460905491103,90.774419775097,63.81093637462067,99.29809780403386,86.34826631588534,,"<a href=""https://m.stock.naver.com/domestic/stock/093920/total"" target=""_blank"">Naver</a>"
033540,파라텍,84.62741808370504,98.81402997955074,50.18822019592576,88.14272200391535,79.5534569320324,,"<a href=""https://m.stock.naver.com/domestic/stock/033540/total"" target=""_blank"">Naver</a>"
106240,파인테크닉스,84.4286833941278,83.30943977186796,81.35918751259021,95.8017051132252,90.46104283073889,,"<a href=""https://m.stock.naver.com/domestic/stock/106240/total"" target=""_blank"">Naver</a>"
333620,엔시스,84.41223356431944,84.16392752983721,83.0133661365838,97.33606303568817,68.53858417404706,,"<a href=""https://m.stock.naver.com/domestic/stock/333620/total"" target=""_blank"">Naver</a>"
041460,한국전자인증,84.36519005881085,84.67427797977263,80.77996414810872,95.19884513689075,76.91495440462043,,"<a href=""https://m.stock.naver.com/domestic/stock/041460/total"" target=""_blank"">Naver</a>"
025980,아난티,84.33684071242155,95.75374358064374,79.66289012033133,52.18872033952461,35.0,,"<a href=""https://m.stock.naver.com/domestic/stock/025980/total"" target=""_blank"">Naver</a>"
121440,골프존홀딩스,84.33168982041514,81.81778717475176,93.92670931328753,82.23810423459702,70.71059527565005,,"<a href=""https://m.stock.naver.com/domestic/stock/121440/total"" target=""_blank"">Naver</a>"
081580,성우전자,84.2289655165704,93.84100950907388,55.1734837909693,97.83887282579093,86.94203161609308,,"<a href=""https://m.stock.naver.com/domestic/stock/081580/total"" target=""_blank"">Naver</a>"
121600,나노신소재,84.04647787429651,88.8902291431486,74.66081558777337,99.40406746749221,42.134594894296,,"<a href=""https://m.stock.naver.com/domestic/stock/121600/total"" target=""_blank"">Naver</a>"
241840,에이스토리,83.92510664305102,79.85091875695807,88.48425102202094,96.32138607150222,85.22708052441418,,"<a href=""https://m.stock.naver.com/domestic/stock/241840/total"" target=""_blank"">Naver</a>"
036930,주성엔지니어링,83.91111366587224,78.11299905265803,99.54869672964226,91.21818675027001,60.68642753679717,,"<a href=""https://m.stock.naver.com/domestic/stock/036930/total"" target=""_blank"">Naver</a>"
171010,램테크놀러지,83.8417971700069,91.47447501821632,70.18296113146113,79.98907305120666,68.249291421823,,"<a href=""https://m.stock.naver.com/domestic/stock/171010/total"" target=""_blank"">Naver</a>"
037950,엘컴텍,83.81699088487818,86.43275486494213,72.20876321964236,99.60803746713921,78.88686828576785,,"<a href=""https://m.stock.naver.com/domestic/stock/037950/total"" target=""_blank"">Naver</a>"
043590,웰킵스하이텍,83.78639498530376,80.90555355722933,85.85300609160181,99.62908815692984,76.33805024745449,,"<a href=""https://m.stock.naver.com/domestic/stock/043590/total"" target=""_blank"">Naver</a>"
064240,홈캐스트,83.78249593114839,98.29136208828095,66.0587266297881,65.27953694597987,35.30086652269643,,"<a href=""https://m.stock.naver.com/domestic/stock/064240/total"" target=""_blank"">Naver</a>"
038540,상상인,83.77583896656495,91.8128794870023,89.47612625876867,45.69079709671405,35.0,,"<a href=""https://m.stock.naver.com/domestic/stock/038540/total"" target=""_blank"">Naver</a>"
003100,선광,83.77482020739842,85.63830722458333,83.1228927755936,79.91122752313535,72.3997985287299,,"<a href=""https://m.stock.naver.com/domestic/stock/003100/total"" target=""_blank"">Naver</a>"
060540,에스에이티,83.73213447013592,90.6275454228537,63.60371649282314,89.66617483471003,89.76121219493861,,"<a href=""https://m.stock.naver.com/domestic/stock/060540/total"" target=""_blank"">Naver</a>"
054450,텔레칩스,83.51980908217307,90.33992215639432,66.36095869631686,92.44809380266285,69.61613467981944,,"<a href=""https://m.stock.naver.com/domestic/stock/054450/total"" target=""_blank"">Naver</a>"
091580,상신이디피,83.50155874247939,86.33277659626732,75.95732789973898,85.74009798625168,82.77102022318155,,"<a href=""https://m.stock.naver.com/domestic/stock/091580/total"" target=""_blank"">Naver</a>"
045300,성우테크론,83.44181261310634,83.52623962108014,77.58869487508792,97.91209162969514,82.75371917433495,,"<a href=""https://m.stock.naver.com/domestic/stock/045300/total"" target=""_blank"">Naver</a>"
306040,에스제이그룹,83.33301560339878,80.42391967905347,89.61298780439893,98.34470069096773,56.81893551540421,,"<a href=""https://m.stock.naver.com/domestic/stock/306040/total"" target=""_blank"">Naver</a>"
189300,인텔리안테크,83.26527704701653,96.65491426526687,56.09926150311745,91.3979124550592,42.15443733142256,,"<a href=""https://m.stock.naver.com/domestic/stock/189300/total"" target=""_blank"">Naver</a>"
054950,제이브이엠,83.22118921542905,88.30802614953207,69.1815427059173,94.18038732450444,70.45898233560072,,"<a href=""https://m.stock.naver.com/domestic/stock/054950/total"" target=""_blank"">Naver</a>"
179900,유티아이,83.17191435745087,93.36237742625366,61.92428487835311,85.44465768269794,62.579018276812356,,"<a href=""https://m.stock.naver.com/domestic/stock/179900/total"" target=""_blank"">Naver</a>"
131220,대한과학,83.14712630445474,85.17716869007715,75.59602372315119,99.14052764449426,64.55532790342458,,"<a href=""https://m.stock.naver.com/domestic/stock/131220/total"" target=""_blank"">Naver</a>"
093520,매커스,83.11284527875915,78.65773076378932,93.68786265674275,81.81332974969693,86.29816362660374,,"<a href=""https://m.stock.naver.com/domestic/stock/093520/total"" target=""_blank"">Naver</a>"
043610,KT지니뮤직,83.09949875881449,92.97923937268024,57.11316074086803,92.31112523714566,76.05104852549553,,"<a href=""https://m.stock.naver.com/domestic/stock/043610/total"" target=""_blank"">Naver</a>"
102710,이엔에프테크놀로지,83.0541646243408,93.06637416792547,57.61476419245338,85.00464184094021,86.20369782756288,,"<a href=""https://m.stock.naver.com/domestic/stock/102710/total"" target=""_blank"">Naver</a>"
267320,나인테크,82.95461719837053,100.0,56.01824681537673,49.98599705943086,79.02911577166488,,"<a href=""https://m.stock.naver.com/domestic/stock/267320/total"" target=""_blank"">Naver</a>"
038460,바이오스마트,82.86282612477939,100.0,47.78453777186069,76.29174800334951,65.75033762958512,,"<a href=""https://m.stock.naver.com/domestic/stock/038460/total"" target=""_blank"">Naver</a>"
138070,신진에스엠,82.83407548767106,89.54301784844245,67.44045868935274,98.41006880733433,48.14286451067949,,"<a href=""https://m.stock.naver.com/domestic/stock/138070/total"" target=""_blank"">Naver</a>"
065510,휴비츠,82.76816708161623,86.51090233377357,77.86511408064119,89.50991459992242,48.887114023991195,,"<a href=""https://m.stock.naver.com/domestic/stock/065510/total"" target=""_blank"">Naver</a>"
285490,노바텍,82.74574355237719,74.0730964035315,98.46564200382302,99.62482078420494,74.45986261764085,,"<a href=""https://m.stock.naver.com/domestic/stock/285490/total"" target=""_blank"">Naver</a>"
025320,시노펙스,82.70321728038473,92.58262866701425,63.06117836839447,71.1851196565635,85.39667044842453,,"<a href=""https://m.stock.naver.com/domestic/stock/025320/total"" target=""_blank"">Naver</a>"
277810,레인보우로보틱스,82.66102910538827,100.0,56.49196960248104,71.54061062330992,27.67951284874011,,"<a href=""https://m.stock.naver.com/domestic/stock/277810/total"" target=""_blank"">Naver</a>"
263920,휴엠앤씨,82.65376200582405,90.31166461548207,68.7398814208666,74.49356822490205,76.64872117655933,,"<a href=""https://m.stock.naver.com/domestic/stock/263920/total"" target=""_blank"">Naver</a>"
068790,DMS,82.59700918778202,80.98792968570577,80.84951779214019,97.85754280435411,80.12235295776222,,"<a href=""https://m.stock.naver.com/domestic/stock/068790/total"" target=""_blank"">Naver</a>"
054800,아이디스홀딩스,82.58276835612112,96.68902641277111,51.084491398426565,94.6202958298157,46.724001517404886,,"<a href=""https://m.stock.naver.com/domestic/stock/054800/total"" target=""_blank"">Naver</a>"
092460,한라IMS,82.54789994350142,92.35117004143281,67.22565833963353,75.73894389176888,55.137778891129614,,"<a href=""https://m.stock.naver.com/domestic/stock/092460/total"" target=""_blank"">Naver</a>"
005290,동진쎄미켐,82.53452345041617,83.55087382361619,78.40674552694581,89.3586781657281,77.32889915874424,,"<a href=""https://m.stock.naver.com/domestic/stock/005290/total"" target=""_blank"">Naver</a>"
072020,중앙백신,82.48385761138358,81.92534763517314,85.23183694857609,96.82105726198688,46.771681338739874,,"<a href=""https://m.stock.naver.com/domestic/stock/072020/total"" target=""_blank"">Naver</a>"
072950,빛샘전자,82.40298495851775,89.65897318276696,58.20121332201639,99.41581514641373,82.31432407424234,,"<a href=""https://m.stock.naver.com/domestic/stock/072950/total"" target=""_blank"">Naver</a>"
290550,디케이티,82.40262248668682,91.14494994815375,62.39568558389632,76.83700881252662,88.66060481135672,,"<a href=""https://m.stock.naver.com/domestic/stock/290550/total"" target=""_blank"">Naver</a>"
057030,YBM넷,82.40044916948229,87.70257464894568,67.1413319463834,86.1607522998161,87.5499232707484,,"<a href=""https://m.stock.naver.com/domestic/stock/057030/total"" target=""_blank"">Naver</a>"
019990,에너토크,82.31689995841658,87.93742790867331,69.11360881544648,99.61804878222733,46.28472262256485,,"<a href=""https://m.stock.naver.com/domestic/stock/019990/total"" target=""_blank"">Naver</a>"
225190,LK삼양,82.30115864298882,74.82819593133398,95.05648903699966,97.44603626691375,77.9103039649428,,"<a href=""https://m.stock.naver.com/domestic/stock/225190/total"" target=""_blank"">Naver</a>"
067280,멀티캠퍼스,82.21986051184099,83.4840808405589,72.41278836416951,94.43106568140536,91.66216696645488,,"<a href=""https://m.stock.naver.com/domestic/stock/067280/total"" target=""_blank"">Naver</a>"
074600,원익QnC,82.01753613728336,82.41110682907488,80.55828891697574,88.2680239857304,72.08994824042927,,"<a href=""https://m.stock.naver.com/domestic/stock/074600/total"" target=""_blank"">Naver</a>"
277880,티에스아이,81.95422273980832,100.0,53.73059936070036,59.97903926437368,50.47337946391714,,"<a href=""https://m.stock.naver.com/domestic/stock/277880/total"" target=""_blank"">Naver</a>"
032540,TJ미디어,81.90218277962117,91.2852432479541,58.63878217003376,97.87313699670453,53.68055177339646,,"<a href=""https://m.stock.naver.com/domestic/stock/032540/total"" target=""_blank"">Naver</a>"
039440,에스티아이,81.89536954732745,84.6863664678446,68.54999341547045,97.227761613693,84.46550302767545,,"<a href=""https://m.stock.naver.com/domestic/stock/039440/total"" target=""_blank"">Naver</a>"
293490,카카오게임즈,81.67076235824497,80.39113696549047,89.02662664667609,79.98111597695186,63.62623839172954,,"<a href=""https://m.stock.naver.com/domestic/stock/293490/total"" target=""_blank"">Naver</a>"
104830,원익머트리얼즈,81.6438708781119,78.75901478270218,82.7082630067273,98.20694177059798,77.81404159497919,,"<a href=""https://m.stock.naver.com/domestic/stock/104830/total"" target=""_blank"">Naver</a>"
038070,서린바이오,81.63038213053927,79.52861713136146,83.67276462390721,93.73482315747788,72.43076759995604,,"<a href=""https://m.stock.naver.com/domestic/stock/038070/total"" target=""_blank"">Naver</a>"
250000,보라티알,81.60661403889529,77.11525605071854,89.68401731335335,99.25063547248101,59.82785065755439,,"<a href=""https://m.stock.naver.com/domestic/stock/250000/total"" target=""_blank"">Naver</a>"
321260,프로이천,81.52727725823148,81.05531793775289,75.67402379334722,99.42279389210071,80.66602316065729,,"<a href=""https://m.stock.naver.com/domestic/stock/321260/total"" target=""_blank"">Naver</a>"
042110,에스씨디,81.51170715737967,88.99105851353836,56.5964492293757,97.6921200999362,83.97495463838227,,"<a href=""https://m.stock.naver.com/domestic/stock/042110/total"" target=""_blank"">Naver</a>"
263690,디알젬,81.35244203122333,78.64116188771368,86.15868244979521,95.05154387450654,62.45839797391302,,"<a href=""https://m.stock.naver.com/domestic/stock/263690/total"" target=""_blank"">Naver</a>"
092070,디엔에프,81.30791889255171,84.81350729348536,71.05641184989132,95.78946052760931,61.53531002453478,,"<a href=""https://m.stock.naver.com/domestic/stock/092070/total"" target=""_blank"">Naver</a>"
232140,와이씨,81.24726565442732,77.63395628148135,86.94114458634401,99.15834672039352,60.31542133826315,,"<a href=""https://m.stock.naver.com/domestic/stock/232140/total"" target=""_blank"">Naver</a>"
094360,칩스앤미디어,81.21418639339667,74.20457139243629,94.44892253960775,99.11401603944705,63.356226381764984,,"<a href=""https://m.stock.naver.com/domestic/stock/094360/total"" target=""_blank"">Naver</a>"
218150,미래생명자원,81.12788154709935,93.15097905325608,48.19370276018463,88.45632538480648,86.8647177323779,,"<a href=""https://m.stock.naver.com/domestic/stock/218150/total"" target=""_blank"">Naver</a>"
215200,메가스터디교육,81.03460788286279,79.63434980599033,84.93182690806059,75.09555466243512,90.22971612019873,,"<a href=""https://m.stock.naver.com/domestic/stock/215200/total"" target=""_blank"">Naver</a>"
322780,코퍼스코리아,80.92820847725288,78.52246992914735,93.77911115180537,76.82525852021166,53.74845759583903,,"<a href=""https://m.stock.naver.com/domestic/stock/322780/total"" target=""_blank"">Naver</a>"
010280,아이티센엔텍,80.87772564177337,93.132818192246,51.09590416153688,74.29418128468643,95.89281115145822,,"<a href=""https://m.stock.naver.com/domestic/stock/010280/total"" target=""_blank"">Naver</a>"
026040,제이에스티나,80.83215624398908,78.80045577981802,83.10860142884137,99.27230129120127,56.950045795355656,,"<a href=""https://m.stock.naver.com/domestic/stock/026040/total"" target=""_blank"">Naver</a>"
298540,더네이쳐홀딩스,80.62741752116692,76.47590849831687,90.83255224334009,93.6240860564956,53.4265151138441,,"<a href=""https://m.stock.naver.com/domestic/stock/298540/total"" target=""_blank"">Naver</a>"
079940,가비아,80.51676219437286,77.10832129142136,80.53287314577067,98.4679038782864,85.43521490497497,,"<a href=""https://m.stock.naver.com/domestic/stock/079940/total"" target=""_blank"">Naver</a>"
049480,오픈베이스,80.41441267226617,86.44997450740247,57.77871184569771,96.01750276532185,89.95999459736129,,"<a href=""https://m.stock.naver.com/domestic/stock/049480/total"" target=""_blank"">Naver</a>"
039560,다산네트웍스,79.97339915931599,84.36355364085733,74.15282265927993,73.83727055571123,68.66668508820942,,"<a href=""https://m.stock.naver.com/domestic/stock/039560/total"" target=""_blank"">Naver</a>"
290120,DH오토리드,79.94514989089014,87.26699081353838,68.67823853535606,64.94063743241422,78.42664051373329,,"<a href=""https://m.stock.naver.com/domestic/stock/290120/total"" target=""_blank"">Naver</a>"
086060,진바이오텍,79.90404495765091,93.06003107765487,42.109196075123975,96.1783805966334,78.45778465227306,,"<a href=""https://m.stock.naver.com/domestic/stock/086060/total"" target=""_blank"">Naver</a>"
023160,태광,79.8885688405972,85.63034529671624,67.54165711022004,99.71677550061725,33.065396699014535,,"<a href=""https://m.stock.naver.com/domestic/stock/023160/total"" target=""_blank"">Naver</a>"
225530,HC보광산업,79.84315234742347,77.7325808413658,82.37587553694998,96.0415802224865,60.10953872235701,,"<a href=""https://m.stock.naver.com/domestic/stock/225530/total"" target=""_blank"">Naver</a>"
052400,코나아이,79.83823598910539,75.79895817692308,97.63142240625753,65.8666240105321,67.28686160667918,,"<a href=""https://m.stock.naver.com/domestic/stock/052400/total"" target=""_blank"">Naver</a>"
036010,아비코전자,79.78658459903858,88.50522848850989,53.044275950857106,92.24241223311375,83.96274589813973,,"<a href=""https://m.stock.naver.com/domestic/stock/036010/total"" target=""_blank"">Naver</a>"
048910,대원미디어,79.6956921375504,84.25792903732062,59.262604170389785,97.94271487280436,90.62024370560263,,"<a href=""https://m.stock.naver.com/domestic/stock/048910/total"" target=""_blank"">Naver</a>"
060720,KH바텍,79.66653560988111,78.6973262764516,73.85731433677171,95.20607153249759,89.26408213134928,,"<a href=""https://m.stock.naver.com/domestic/stock/060720/total"" target=""_blank"">Naver</a>"
042600,새로닉스,79.64772265274073,83.62627539850014,79.63777177527464,52.02491197179126,87.20046545285732,,"<a href=""https://m.stock.naver.com/domestic/stock/042600/total"" target=""_blank"">Naver</a>"
008370,원풍,79.61171960832765,84.14090795908794,61.369291889650526,99.4924954725457,76.71204626415381,,"<a href=""https://m.stock.naver.com/domestic/stock/008370/total"" target=""_blank"">Naver</a>"
036540,SFA반도체,79.49523401385002,78.15818531366735,73.52768233665046,98.52487754303692,87.31828974366633,,"<a href=""https://m.stock.naver.com/domestic/stock/036540/total"" target=""_blank"">Naver</a>"
086710,선진뷰티사이언스,79.32287993210262,90.03925069203633,58.122597595847424,78.4060566238658,58.561489110647855,,"<a href=""https://m.stock.naver.com/domestic/stock/086710/total"" target=""_blank"">Naver</a>"
091120,이엠텍,79.24275888234858,78.08758795474584,74.72808097766536,95.94287833365412,82.27796063438652,,"<a href=""https://m.stock.naver.com/domestic/stock/091120/total"" target=""_blank"">Naver</a>"
088390,이녹스,79.19895060170808,70.88485848618188,98.57066242333036,95.36918016691735,49.76903774949256,,"<a href=""https://m.stock.naver.com/domestic/stock/088390/total"" target=""_blank"">Naver</a>"
093190,빅솔론,79.09575705457493,76.48168778052569,85.12743156873215,94.74735629902055,49.00301728348873,,"<a href=""https://m.stock.naver.com/domestic/stock/093190/total"" target=""_blank"">Naver</a>"
060310,3S,79.08242642699632,96.16213147113605,45.73734861477152,64.26053235864453,70.49514309514714,,"<a href=""https://m.stock.naver.com/domestic/stock/060310/total"" target=""_blank"">Naver</a>"
025880,케이씨피드,79.01837265697831,84.11081263430735,63.78882707014333,91.24861117933726,69.59634381848696,,"<a href=""https://m.stock.naver.com/domestic/stock/025880/total"" target=""_blank"">Naver</a>"
016250,SGC E&C,78.93971767554848,79.26688704954407,73.69458880501811,82.12651436819225,94.86573615496559,,"<a href=""https://m.stock.naver.com/domestic/stock/016250/total"" target=""_blank"">Naver</a>"
041020,폴라리스오피스,78.9382623420129,87.69351900103315,61.9122813928852,74.36685420189713,68.1479034596399,,"<a href=""https://m.stock.naver.com/domestic/stock/041020/total"" target=""_blank"">Naver</a>"
053060,세동,78.86428599157207,86.03819423086338,70.57127938354508,49.02278709399209,93.92541795537139,,"<a href=""https://m.stock.naver.com/domestic/stock/053060/total"" target=""_blank"">Naver</a>"
083660,CSA 코스믹,78.74477062818326,88.97280879395255,55.610363793654585,75.24412092959649,78.68164620876847,,"<a href=""https://m.stock.naver.com/domestic/stock/083660/total"" target=""_blank"">Naver</a>"
040300,YTN,78.71766642734082,74.67088740245013,80.79392978316488,98.86023814764366,76.61255450630291,,"<a href=""https://m.stock.naver.com/domestic/stock/040300/total"" target=""_blank"">Naver</a>"
130500,GH신소재,78.64561009906801,89.1642927552577,54.3429733399283,77.55358075864129,76.11866070134363,,"<a href=""https://m.stock.naver.com/domestic/stock/130500/total"" target=""_blank"">Naver</a>"
099190,아이센스,78.57659631052958,78.44162080486724,76.74741655109325,98.68593317470913,49.12352744730023,,"<a href=""https://m.stock.naver.com/domestic/stock/099190/total"" target=""_blank"">Naver</a>"
052460,아이크래프트,78.4829036910632,84.73194236760838,62.38916495352171,79.04134465809922,82.84625132615632,,"<a href=""https://m.stock.naver.com/domestic/stock/052460/total"" target=""_blank"">Naver</a>"
038010,제일테크노스,78.39591911045048,93.40572122289466,46.08140865910872,70.34643828595327,75.9498076668238,,"<a href=""https://m.stock.naver.com/domestic/stock/038010/total"" target=""_blank"">Naver</a>"
357880,SKAI,78.25328562104447,83.74229649523906,65.46916425907119,91.82515035106503,49.162032480534876,,"<a href=""https://m.stock.naver.com/domestic/stock/357880/total"" target=""_blank"">Naver</a>"
100030,인지소프트,78.21909530925176,71.46115640479981,97.02582976607191,83.59120203985096,54.53647641737612,,"<a href=""https://m.stock.naver.com/domestic/stock/100030/total"" target=""_blank"">Naver</a>"
010470,오리콤,78.21588469739315,85.03775194973525,58.25063702592846,86.67581476001652,79.25985590136453,,"<a href=""https://m.stock.naver.com/domestic/stock/010470/total"" target=""_blank"">Naver</a>"
051160,지어소프트,78.20582647229323,87.51959231986099,52.32467862952469,78.70521589430132,94.84759667130672,,"<a href=""https://m.stock.naver.com/domestic/stock/051160/total"" target=""_blank"">Naver</a>"
113810,디젠스,78.20131226287107,80.20688523194364,75.74007445525825,70.47381142824506,81.89562734131643,,"<a href=""https://m.stock.naver.com/domestic/stock/113810/total"" target=""_blank"">Naver</a>"
237690,에스티팜,78.16859383053108,89.20228514661216,57.562130773132196,85.97017976183486,33.19344146194503,,"<a href=""https://m.stock.naver.com/domestic/stock/237690/total"" target=""_blank"">Naver</a>"
013990,아가방컴퍼니,78.04746346855559,80.76137162798886,69.06567967679965,99.02612214557875,48.432167160089776,,"<a href=""https://m.stock.naver.com/domestic/stock/013990/total"" target=""_blank"">Naver</a>"
359090,씨엔알리서치,78.03313242060682,78.25513772311625,75.7144497071911,81.8445234302599,79.33970033826586,,"<a href=""https://m.stock.naver.com/domestic/stock/359090/total"" target=""_blank"">Naver</a>"
302550,리메드,78.02872674165617,89.71398567044825,58.996799470162586,73.64099071360226,41.740728009726936,,"<a href=""https://m.stock.naver.com/domestic/stock/302550/total"" target=""_blank"">Naver</a>"
158430,아톤,77.97076540249519,78.68285897113653,75.23765136170964,91.96276857862154,55.10720643047425,,"<a href=""https://m.stock.naver.com/domestic/stock/158430/total"" target=""_blank"">Naver</a>"
136540,윈스테크넷,77.88929648049266,70.50651207271693,87.55355182602108,99.71272088785187,74.51458383144114,,"<a href=""https://m.stock.naver.com/domestic/stock/136540/total"" target=""_blank"">Naver</a>"
054940,엑사이엔씨,77.8558667943823,90.27318872168347,48.830928388189,73.89329427591775,81.89784073466365,,"<a href=""https://m.stock.naver.com/domestic/stock/054940/total"" target=""_blank"">Naver</a>"
033290,코웰패션,77.83643906517737,78.22837710478164,73.4767246855207,83.75608417063933,83.09246427728567,,"<a href=""https://m.stock.naver.com/domestic/stock/033290/total"" target=""_blank"">Naver</a>"
241770,메카로,77.77516433150717,81.31828067713153,63.996334998514726,99.69656921269498,60.30910508660122,,"<a href=""https://m.stock.naver.com/domestic/stock/241770/total"" target=""_blank"">Naver</a>"
036890,진성티이씨,77.75264633985678,84.75010825870457,62.357398258727166,80.24787592351798,65.76888455200888,,"<a href=""https://m.stock.naver.com/domestic/stock/036890/total"" target=""_blank"">Naver</a>"
090470,제이스텍,77.68590901304205,87.09523858716625,56.055990812244694,73.70535706302618,80.88464902757015,,"<a href=""https://m.stock.naver.com/domestic/stock/090470/total"" target=""_blank"">Naver</a>"
050890,쏠리드,77.64095992613943,81.05122586609404,69.3025977195041,79.6618947322321,74.36771006767545,,"<a href=""https://m.stock.naver.com/domestic/stock/050890/total"" target=""_blank"">Naver</a>"
039030,이오테크닉스,77.50629668584988,72.30779899238797,87.82019512128028,99.507302665537,44.316764870866265,,"<a href=""https://m.stock.naver.com/domestic/stock/039030/total"" target=""_blank"">Naver</a>"
058610,에스피지,77.13500153473528,81.16822434628659,64.64121709265031,90.99645598000454,63.482341116006,,"<a href=""https://m.stock.naver.com/domestic/stock/058610/total"" target=""_blank"">Naver</a>"
048830,엔피케이,77.08105897920052,83.32498834654228,57.55324705912226,84.8407748798846,84.27353437012277,,"<a href=""https://m.stock.naver.com/domestic/stock/048830/total"" target=""_blank"">Naver</a>"
060560,HC홈센타,77.06979322809406,83.80341935285291,58.678462115232385,79.82884343647956,82.70483487852506,,"<a href=""https://m.stock.naver.com/domestic/stock/060560/total"" target=""_blank"">Naver</a>"
041510,에스엠,77.04219623621947,70.14211695381233,83.92132997971113,97.01454371705555,85.50278394597458,,"<a href=""https://m.stock.naver.com/domestic/stock/041510/total"" target=""_blank"">Naver</a>"
000440,중앙에너비스,76.98467911659685,88.58472079709573,42.20596069079645,88.91110913654698,87.82491103971205,,"<a href=""https://m.stock.naver.com/domestic/stock/000440/total"" target=""_blank"">Naver</a>"
067160,SOOP,76.97983082212679,66.0262227913188,99.54909809870996,91.08270182004314,67.37104881307403,,"<a href=""https://m.stock.naver.com/domestic/stock/067160/total"" target=""_blank"">Naver</a>"
025550,한국선재,76.97080309461958,78.22126252226816,73.96588570091514,84.84145731674435,61.24856848710935,,"<a href=""https://m.stock.naver.com/domestic/stock/025550/total"" target=""_blank"">Naver</a>"
119610,인터로조,76.94336294759121,75.8502318643113,81.27073478312839,94.22141913450324,33.86796439544032,,"<a href=""https://m.stock.naver.com/domestic/stock/119610/total"" target=""_blank"">Naver</a>"
063760,이엘피,76.86823116029707,96.77010104107619,35.47922836223943,74.47944890717879,49.7683710874725,,"<a href=""https://m.stock.naver.com/domestic/stock/063760/total"" target=""_blank"">Naver</a>"
019210,와이지-원,76.7744919174533,85.58523500648498,65.95118271546691,68.5103665000928,41.69037169372612,,"<a href=""https://m.stock.naver.com/domestic/stock/019210/total"" target=""_blank"">Naver</a>"
037350,성도이엔지,76.73326133014666,81.51285501023851,56.277004795670784,93.22135715737546,88.68322818696603,,"<a href=""https://m.stock.naver.com/domestic/stock/037350/total"" target=""_blank"">Naver</a>"
024880,케이피에프,76.67001877309916,98.7433090526426,36.72299355176986,48.23108654092587,68.40352598957087,,"<a href=""https://m.stock.naver.com/domestic/stock/024880/total"" target=""_blank"">Naver</a>"
058630,엠게임,76.60891485329205,63.35860420480975,98.95002739843983,99.64443949092009,77.83603063408472,,"<a href=""https://m.stock.naver.com/domestic/stock/058630/total"" target=""_blank"">Naver</a>"
014620,성광벤드,76.4485316344977,90.09226640129494,53.34377542766283,74.70324409921285,31.738070537674975,,"<a href=""https://m.stock.naver.com/domestic/stock/014620/total"" target=""_blank"">Naver</a>"
067290,JW신약,76.41734969316836,84.22675138153448,50.837829946522845,90.45187252690279,82.53308249853364,,"<a href=""https://m.stock.naver.com/domestic/stock/067290/total"" target=""_blank"">Naver</a>"
006620,동구바이오제약,76.3998670520101,78.28727627926934,65.62188041281297,90.92094761956865,78.59872838576774,,"<a href=""https://m.stock.naver.com/domestic/stock/006620/total"" target=""_blank"">Naver</a>"
003310,대주산업,76.30784514303805,81.65396535778963,56.656375379462304,90.97840406933149,81.0706335313111,,"<a href=""https://m.stock.naver.com/domestic/stock/003310/total"" target=""_blank"">Naver</a>"
163730,핑거,76.27897431339227,75.44638338618759,64.98695569984369,98.858431736136,97.57124366210368,,"<a href=""https://m.stock.naver.com/domestic/stock/163730/total"" target=""_blank"">Naver</a>"
900270,헝셩그룹,76.06139945949793,88.33362580271769,46.50161068756506,88.93859935380239,50.83922741191664,,"<a href=""https://m.stock.naver.com/domestic/stock/900270/total"" target=""_blank"">Naver</a>"
122310,제노레이,76.04555666026741,68.41741134090704,90.27166243484201,99.22178866536873,50.10030760951636,,"<a href=""https://m.stock.naver.com/domestic/stock/122310/total"" target=""_blank"">Naver</a>"
049550,잉크테크,75.9048249313075,77.56045973118749,71.8456086745316,88.2528290553887,51.637280368464786,,"<a href=""https://m.stock.naver.com/domestic/stock/049550/total"" target=""_blank"">Naver</a>"
183300,코미코,75.78084104033589,64.86365856003087,92.26047877462243,93.60905062925154,88.73242295473193,,"<a href=""https://m.stock.naver.com/domestic/stock/183300/total"" target=""_blank"">Naver</a>"
238090,앤디포스,75.75363900474335,76.70660705976428,73.15450085225798,99.21579615331272,30.38939880978021,,"<a href=""https://m.stock.naver.com/domestic/stock/238090/total"" target=""_blank"">Naver</a>"
215480,토박스코리아,75.7456028750413,76.79512024954757,69.07133702285297,97.39505770090335,53.22381399018368,,"<a href=""https://m.stock.naver.com/domestic/stock/215480/total"" target=""_blank"">Naver</a>"
024840,KBI메탈,75.69959434067745,88.78753199536624,45.49505087979613,65.99313565516138,89.0799771598506,,"<a href=""https://m.stock.naver.com/domestic/stock/024840/total"" target=""_blank"">Naver</a>"
148150,세경하이테크,75.65375650117619,74.29862029385176,71.0213449801871,89.38403286359505,87.6168958691772,,"<a href=""https://m.stock.naver.com/domestic/stock/148150/total"" target=""_blank"">Naver</a>"
009780,엠에스씨,75.61840866957252,73.07153456864475,76.70532874079426,94.54908905238759,62.884936758966845,,"<a href=""https://m.stock.naver.com/domestic/stock/009780/total"" target=""_blank"">Naver</a>"
032790,엠젠솔루션,75.56136804470219,78.98159070682516,67.00787495542431,72.07268766919933,84.2635222966218,,"<a href=""https://m.stock.naver.com/domestic/stock/032790/total"" target=""_blank"">Naver</a>"
069330,유아이디,75.39802432555683,74.32807659075813,77.75969694726838,66.86473813931839,93.49560640706059,,"<a href=""https://m.stock.naver.com/domestic/stock/069330/total"" target=""_blank"">Naver</a>"
045510,정원엔시스,75.34994672294337,82.40332596161107,51.32936316703226,87.10647460027498,87.29925788382322,,"<a href=""https://m.stock.naver.com/domestic/stock/045510/total"" target=""_blank"">Naver</a>"
109960,AP헬스케어,75.33604142313251,90.13536191922452,48.39815221891052,74.05286216870174,35.0,,"<a href=""https://m.stock.naver.com/domestic/stock/109960/total"" target=""_blank"">Naver</a>"
187220,디티앤씨,75.33265999923758,89.27070413006707,47.92720179204505,59.840675782525835,76.08738989867,,"<a href=""https://m.stock.naver.com/domestic/stock/187220/total"" target=""_blank"">Naver</a>"
007680,대원,75.29758297144814,77.49723212772129,67.02941869355978,99.11749096578369,42.60279849694119,,"<a href=""https://m.stock.naver.com/domestic/stock/007680/total"" target=""_blank"">Naver</a>"
060590,씨티씨바이오,75.25207197465508,94.77482487905299,33.98925389757856,67.35575730836078,63.08575683985133,,"<a href=""https://m.stock.naver.com/domestic/stock/060590/total"" target=""_blank"">Naver</a>"
080010,이상네트웍스,75.2126392439337,71.82651707720787,77.30263417409185,98.97528444243176,57.87084019685676,,"<a href=""https://m.stock.naver.com/domestic/stock/080010/total"" target=""_blank"">Naver</a>"
038500,삼표시멘트,75.11952175096579,84.37343809478209,58.1785066025359,66.19224081091623,66.63216324741893,,"<a href=""https://m.stock.naver.com/domestic/stock/038500/total"" target=""_blank"">Naver</a>"
054920,한컴위드,75.04884404450839,82.09238473601276,67.23477051078649,65.70631362803839,48.28178424800542,,"<a href=""https://m.stock.naver.com/domestic/stock/054920/total"" target=""_blank"">Naver</a>"
108490,로보티즈,75.02827895761614,90.4590369527048,45.20294576944573,74.8022469865405,39.437912899555286,,"<a href=""https://m.stock.naver.com/domestic/stock/108490/total"" target=""_blank"">Naver</a>"
075970,동국알앤에스,74.97495677631215,84.47983620032413,51.1411678139925,87.89444474542215,54.24637256154691,,"<a href=""https://m.stock.naver.com/domestic/stock/075970/total"" target=""_blank"">Naver</a>"
043650,국순당,74.94846666617124,70.45542314744814,81.55780084256041,99.71692202995135,46.281407281342055,,"<a href=""https://m.stock.naver.com/domestic/stock/043650/total"" target=""_blank"">Naver</a>"
061970,LB세미콘,74.88252816096994,76.00335382650519,70.51940763713752,83.89417982925342,65.2249194571423,,"<a href=""https://m.stock.naver.com/domestic/stock/061970/total"" target=""_blank"">Naver</a>"
066670,디티씨,74.51947886826915,78.4768854032863,58.07779918435231,87.4439155266528,83.39012555088019,,"<a href=""https://m.stock.naver.com/domestic/stock/066670/total"" target=""_blank"">Naver</a>"
900290,GRT,74.50176022747702,72.15987898281864,73.11974250179027,95.89660201286434,66.72474022103673,,"<a href=""https://m.stock.naver.com/domestic/stock/900290/total"" target=""_blank"">Naver</a>"
101170,우림피티에스,74.35745267801256,78.83525937582185,56.926560119106824,99.58523552262159,57.32266940961192,,"<a href=""https://m.stock.naver.com/domestic/stock/101170/total"" target=""_blank"">Naver</a>"
009730,이렘,74.32005648608273,93.335418960951,27.143335016818412,75.00279220246466,80.65384270122146,,"<a href=""https://m.stock.naver.com/domestic/stock/009730/total"" target=""_blank"">Naver</a>"
033830,티비씨,74.31840122131047,74.27006115417313,67.49517834692763,99.83922165622849,57.97295552903662,,"<a href=""https://m.stock.naver.com/domestic/stock/033830/total"" target=""_blank"">Naver</a>"
192390,윈하이텍,74.30352792279389,87.91328086703295,46.48826146575551,72.15645042569577,54.35697987131334,,"<a href=""https://m.stock.naver.com/domestic/stock/192390/total"" target=""_blank"">Naver</a>"
011370,서한,74.21884158915105,72.77430413049042,70.62961394343829,90.0597849418092,77.81754261632601,,"<a href=""https://m.stock.naver.com/domestic/stock/011370/total"" target=""_blank"">Naver</a>"
054050,농우바이오,73.99439573974978,80.88243255082882,56.23193155940475,98.87091851127542,30.39722936547507,,"<a href=""https://m.stock.naver.com/domestic/stock/054050/total"" target=""_blank"">Naver</a>"
357780,솔브레인,73.9906936113421,62.90583132128152,88.2370047877925,99.1270563255091,85.50475978148306,,"<a href=""https://m.stock.naver.com/domestic/stock/357780/total"" target=""_blank"">Naver</a>"
080580,오킨스전자,73.92963873560593,82.02454454075955,53.51419842034462,76.85158019873022,73.0240877238204,,"<a href=""https://m.stock.naver.com/domestic/stock/080580/total"" target=""_blank"">Naver</a>"
900120,씨엑스아이,73.9111860617755,76.46462938565217,59.322959354921274,99.98116843916557,64.07103495474632,,"<a href=""https://m.stock.naver.com/domestic/stock/900120/total"" target=""_blank"">Naver</a>"
067080,대화제약,73.9042863269442,85.42297975585262,50.19994679094656,66.32560697378425,69.35902156635112,,"<a href=""https://m.stock.naver.com/domestic/stock/067080/total"" target=""_blank"">Naver</a>"
003380,하림지주,73.88072091609392,78.04421917309134,65.60172468002084,62.62824238814743,87.8186800683833,,"<a href=""https://m.stock.naver.com/domestic/stock/003380/total"" target=""_blank"">Naver</a>"
078140,대봉엘에스,73.65565375319365,70.95447937887533,72.18928899333578,99.39861477550993,61.91564799967011,,"<a href=""https://m.stock.naver.com/domestic/stock/078140/total"" target=""_blank"">Naver</a>"
340570,티앤엘,73.61416868209773,59.50599933085053,97.10719305427399,99.62661733951504,73.42218172134818,,"<a href=""https://m.stock.naver.com/domestic/stock/340570/total"" target=""_blank"">Naver</a>"
052330,코텍,73.57050384065634,97.69001515202301,21.434040434307587,74.11715806950943,43.72537667829418,,"<a href=""https://m.stock.naver.com/domestic/stock/052330/total"" target=""_blank"">Naver</a>"
236810,엔비티,73.56062850882351,76.66215248986677,56.328219404086276,89.77451927173277,90.07660473417226,,"<a href=""https://m.stock.naver.com/domestic/stock/236810/total"" target=""_blank"">Naver</a>"
101330,모베이스,73.5366235723626,83.78797896191861,49.1608283649073,69.33393058837041,80.80472090295129,,"<a href=""https://m.stock.naver.com/domestic/stock/101330/total"" target=""_blank"">Naver</a>"
114810,한솔아이원스,73.40181707651293,63.292038196791985,88.97486417823795,90.735636871999,82.18628853356714,,"<a href=""https://m.stock.naver.com/domestic/stock/114810/total"" target=""_blank"">Naver</a>"
153490,우리이앤엘,73.34731275652322,67.30520948979618,79.21998062628074,96.11952311268425,70.9447918961381,,"<a href=""https://m.stock.naver.com/domestic/stock/153490/total"" target=""_blank"">Naver</a>"
140070,서플러스글로벌,73.3293299113677,68.11320259721396,82.79218880050439,92.89974729381782,49.46772847062913,,"<a href=""https://m.stock.naver.com/domestic/stock/140070/total"" target=""_blank"">Naver</a>"
310200,애니플러스,73.28980771777991,58.195910359317814,98.95593164368518,96.19067891771445,80.28421398992957,,"<a href=""https://m.stock.naver.com/domestic/stock/310200/total"" target=""_blank"">Naver</a>"
056080,유진로봇,73.27613156055645,87.30946647050143,44.642899609981306,67.29867259254726,59.99719033011065,,"<a href=""https://m.stock.naver.com/domestic/stock/056080/total"" target=""_blank"">Naver</a>"
126600,BGF에코머티리얼즈,73.25750904852109,78.40901926326518,63.94936562064007,70.7586557456518,62.97781021673548,,"<a href=""https://m.stock.naver.com/domestic/stock/126600/total"" target=""_blank"">Naver</a>"
376980,원티드랩,73.23417475378938,66.66666666666667,75.9718412138115,98.32419261740768,88.1759037719145,,"<a href=""https://m.stock.naver.com/domestic/stock/376980/total"" target=""_blank"">Naver</a>"
069140,누리플랜,73.16848349351173,85.90063952885754,48.23928746616499,59.5566122755312,72.25233364205674,,"<a href=""https://m.stock.naver.com/domestic/stock/069140/total"" target=""_blank"">Naver</a>"
036640,HRS,73.11459650025387,62.3257577872913,92.91832767163463,99.4271257200494,50.936946759309635,,"<a href=""https://m.stock.naver.com/domestic/stock/036640/total"" target=""_blank"">Naver</a>"
123040,엠에스오토텍,73.10479880702599,83.62191143959717,54.12845823563799,50.774501043509076,86.44174560014568,,"<a href=""https://m.stock.naver.com/domestic/stock/123040/total"" target=""_blank"">Naver</a>"
078150,HB테크놀러지,73.05478503297263,83.81938711080709,45.8324987347767,73.13679034427619,79.82698096733186,,"<a href=""https://m.stock.naver.com/domestic/stock/078150/total"" target=""_blank"">Naver</a>"
049960,쎌바이오텍,73.04772162522431,64.53751166133789,83.00939123658135,99.77503124959932,71.90727388632621,,"<a href=""https://m.stock.naver.com/domestic/stock/049960/total"" target=""_blank"">Naver</a>"
096530,씨젠,72.94161632465364,58.55060429641204,100.0,99.33604363525616,57.55298766561605,,"<a href=""https://m.stock.naver.com/domestic/stock/096530/total"" target=""_blank"">Naver</a>"
051370,인터플렉스,72.89590454560911,77.508469565115,52.49514026636421,86.98329046143601,91.3741738761089,,"<a href=""https://m.stock.naver.com/domestic/stock/051370/total"" target=""_blank"">Naver</a>"
013310,아진산업,72.86158096412602,84.5511302928639,48.55006278022029,59.17072247675068,81.52629691355082,,"<a href=""https://m.stock.naver.com/domestic/stock/013310/total"" target=""_blank"">Naver</a>"
142210,유니트론텍,72.80946831321873,81.84534704650277,52.54438017496432,65.11047217082685,81.10235648986622,,"<a href=""https://m.stock.naver.com/domestic/stock/142210/total"" target=""_blank"">Naver</a>"
190510,나무가,72.76024832524763,75.55280260042599,67.60719684781446,58.30922371032238,93.91690364012373,,"<a href=""https://m.stock.naver.com/domestic/stock/190510/total"" target=""_blank"">Naver</a>"
073110,엘엠에스,72.75758402876171,87.77567707961953,47.437278013922025,60.28009657249812,44.096972405193725,,"<a href=""https://m.stock.naver.com/domestic/stock/073110/total"" target=""_blank"">Naver</a>"
038390,레드캡투어,72.58453327139433,77.95168735966449,65.91588489075053,57.31391739175095,72.06315787465829,,"<a href=""https://m.stock.naver.com/domestic/stock/038390/total"" target=""_blank"">Naver</a>"
177350,베셀,72.53740104545918,86.21665412919477,56.78729197374867,39.414057948215465,53.38359559367213,,"<a href=""https://m.stock.naver.com/domestic/stock/177350/total"" target=""_blank"">Naver</a>"
115530,씨엔플러스,72.38815186641848,76.17839081366121,57.0238183105669,86.11847689746746,76.26630221666568,,"<a href=""https://m.stock.naver.com/domestic/stock/115530/total"" target=""_blank"">Naver</a>"
018620,우진비앤지,72.29494404639226,88.89256289363023,36.01100952386529,69.40373931076597,60.325599963424416,,"<a href=""https://m.stock.naver.com/domestic/stock/018620/total"" target=""_blank"">Naver</a>"
065680,우주일렉트로,72.29363497031224,67.7920208485611,72.77909064094848,98.28022596065536,71.91254409745844,,"<a href=""https://m.stock.naver.com/domestic/stock/065680/total"" target=""_blank"">Naver</a>"
214680,디알텍,72.26457689850096,76.32450817594065,61.07310974645414,82.9797992760535,58.07229257435385,,"<a href=""https://m.stock.naver.com/domestic/stock/214680/total"" target=""_blank"">Naver</a>"
191420,테고사이언스,72.24185311793916,80.56272743767089,50.8499624639148,98.17842707328775,27.477666640583024,,"<a href=""https://m.stock.naver.com/domestic/stock/191420/total"" target=""_blank"">Naver</a>"
053610,프로텍,72.213559141134,60.367805186800695,94.37717534727147,99.61194548188467,48.747752880945,,"<a href=""https://m.stock.naver.com/domestic/stock/053610/total"" target=""_blank"">Naver</a>"
377220,프롬바이오,72.01930369664701,65.57996745475357,79.56994123856133,99.64901666462707,56.27872495383656,,"<a href=""https://m.stock.naver.com/domestic/stock/377220/total"" target=""_blank"">Naver</a>"
094820,일진파워,71.82861007951728,65.42571228623642,74.25196913290108,97.85852030809734,84.48676787480821,,"<a href=""https://m.stock.naver.com/domestic/stock/094820/total"" target=""_blank"">Naver</a>"
041590,플래스크,71.79039265998696,100.0,4.004485584354774,69.86752722021185,76.05037083754198,,"<a href=""https://m.stock.naver.com/domestic/stock/041590/total"" target=""_blank"">Naver</a>"
092300,현우산업,71.74128532779667,85.41282225921105,42.35653842783642,59.86049979072237,78.36814772477392,,"<a href=""https://m.stock.naver.com/domestic/stock/092300/total"" target=""_blank"">Naver</a>"
067990,도이치모터스,71.73467473162505,78.79954235674971,57.9389618309303,53.59325288151805,92.21767143381666,,"<a href=""https://m.stock.naver.com/domestic/stock/067990/total"" target=""_blank"">Naver</a>"
033560,블루콤,71.71069147117399,80.79062886922421,42.91724516986354,99.25338313544015,51.63329087259106,,"<a href=""https://m.stock.naver.com/domestic/stock/033560/total"" target=""_blank"">Naver</a>"
094480,갤럭시아머니트리,71.68007616267386,82.56219997213707,52.89432627313905,73.31948140547266,31.74452941119185,,"<a href=""https://m.stock.naver.com/domestic/stock/094480/total"" target=""_blank"">Naver</a>"
137400,피엔티,71.63293613579084,67.29098302741075,88.29899747897984,71.32767928892534,41.01658041413792,,"<a href=""https://m.stock.naver.com/domestic/stock/137400/total"" target=""_blank"">Naver</a>"
037440,희림,71.56622665722325,75.3264441341246,58.76015549979897,78.51393602695373,76.57855398206767,,"<a href=""https://m.stock.naver.com/domestic/stock/037440/total"" target=""_blank"">Naver</a>"
051360,토비스,71.43606148158975,85.8042946946673,44.17132882112325,64.24841520935232,49.71621877146637,,"<a href=""https://m.stock.naver.com/domestic/stock/051360/total"" target=""_blank"">Naver</a>"
031330,에스에이엠티,71.42724602760217,74.55869299981036,50.466321529684016,96.20419553848517,89.10060582892861,,"<a href=""https://m.stock.naver.com/domestic/stock/031330/total"" target=""_blank"">Naver</a>"
007530,와이엠,71.4139494743941,86.65428511911408,46.124147066052394,39.57047082827113,78.66589107170876,,"<a href=""https://m.stock.naver.com/domestic/stock/007530/total"" target=""_blank"">Naver</a>"
037460,삼지전자,71.30502397036365,72.46302416556902,60.67021248649072,82.26293720544535,88.66725257710034,,"<a href=""https://m.stock.naver.com/domestic/stock/037460/total"" target=""_blank"">Naver</a>"
111870,KH 미래물산,71.28954553379809,76.83824643207288,69.12399619918996,55.27560475996721,47.56076297520306,,"<a href=""https://m.stock.naver.com/domestic/stock/111870/total"" target=""_blank"">Naver</a>"
208140,정다운,71.28267273751585,65.64735651512638,73.8376559008951,89.75329651566712,89.19030403299077,,"<a href=""https://m.stock.naver.com/domestic/stock/208140/total"" target=""_blank"">Naver</a>"
078890,가온그룹,71.05961775729277,75.56217362696187,61.67961929910914,72.18782261961007,61.67252988754721,,"<a href=""https://m.stock.naver.com/domestic/stock/078890/total"" target=""_blank"">Naver</a>"
002800,신신제약,71.01840443986264,87.28726867913952,39.238668948105676,59.382927836569955,57.96166423391045,,"<a href=""https://m.stock.naver.com/domestic/stock/002800/total"" target=""_blank"">Naver</a>"
034810,해성산업,70.99409132953917,74.65454259615665,55.97163422633693,85.56837819314569,73.03238791892763,,"<a href=""https://m.stock.naver.com/domestic/stock/034810/total"" target=""_blank"">Naver</a>"
083470,이엠앤아이,70.9548810534313,94.51051817701614,17.499182526201924,55.34699430749852,86.78150169842544,,"<a href=""https://m.stock.naver.com/domestic/stock/083470/total"" target=""_blank"">Naver</a>"
376180,피코그램,70.95274413544244,63.71844697247973,82.11262821951316,86.52967699744895,70.8110239466286,,"<a href=""https://m.stock.naver.com/domestic/stock/376180/total"" target=""_blank"">Naver</a>"
238120,얼라인드,70.91221232925042,60.020474183643216,91.3949935873854,99.30928037463708,42.405027695088535,,"<a href=""https://m.stock.naver.com/domestic/stock/238120/total"" target=""_blank"">Naver</a>"
101160,월덱스,70.90224891208243,59.423205671337996,90.21952096124845,98.13525326450726,57.59839885033575,,"<a href=""https://m.stock.naver.com/domestic/stock/101160/total"" target=""_blank"">Naver</a>"
098120,마이크로컨텍솔,70.89114690189172,61.336706950028876,79.47906520610407,99.45600684298307,85.47511492100121,,"<a href=""https://m.stock.naver.com/domestic/stock/098120/total"" target=""_blank"">Naver</a>"
042510,라온시큐어,70.80426906835321,90.46472068498802,22.326163761066088,71.07461757890817,76.7286791840612,,"<a href=""https://m.stock.naver.com/domestic/stock/042510/total"" target=""_blank"">Naver</a>"
040420,정상제이엘에스,70.79969196595154,61.87775431887016,85.35558897352958,79.43770366429254,87.8074352963559,,"<a href=""https://m.stock.naver.com/domestic/stock/040420/total"" target=""_blank"">Naver</a>"
102370,케이옥션,70.78662745524917,59.74028748451129,89.12864574187002,99.47721001274878,54.25145055600012,,"<a href=""https://m.stock.naver.com/domestic/stock/102370/total"" target=""_blank"">Naver</a>"
053980,오상자이엘,70.69730479796394,67.79815001262973,66.51596425189649,94.11272048010414,79.56303358803115,,"<a href=""https://m.stock.naver.com/domestic/stock/053980/total"" target=""_blank"">Naver</a>"
041830,인바디,70.64390572413676,58.36807690688394,92.77440167118222,99.66470842627915,49.2597663916583,,"<a href=""https://m.stock.naver.com/domestic/stock/041830/total"" target=""_blank"">Naver</a>"
004590,한국가구,70.5359772719402,60.33779141319942,87.30718281422958,98.33722162835404,53.45569115255515,,"<a href=""https://m.stock.naver.com/domestic/stock/004590/total"" target=""_blank"">Naver</a>"
047080,한빛소프트,70.47238483347279,73.28292168473251,60.2553011491633,67.11603051760443,94.54406967164033,,"<a href=""https://m.stock.naver.com/domestic/stock/047080/total"" target=""_blank"">Naver</a>"
051500,CJ프레시웨이,70.43266104676542,80.83818516416257,45.82158866161537,57.79666050661759,93.89373464404532,,"<a href=""https://m.stock.naver.com/domestic/stock/051500/total"" target=""_blank"">Naver</a>"
115480,씨유메디칼,70.18062847451061,87.13672775868106,31.220589431678977,76.1599215382318,49.549046151180974,,"<a href=""https://m.stock.naver.com/domestic/stock/115480/total"" target=""_blank"">Naver</a>"
039830,오로라,70.13786898054205,77.24312020647999,63.10461855119868,56.361718937173414,47.59340650274072,,"<a href=""https://m.stock.naver.com/domestic/stock/039830/total"" target=""_blank"">Naver</a>"
264850,이랜시스,70.0941058916181,65.09552124056061,71.93205173263664,89.54820655965638,81.97919116313876,,"<a href=""https://m.stock.naver.com/domestic/stock/264850/total"" target=""_blank"">Naver</a>"
038530,케이바이오,70.02188697211146,99.08954489108368,7.947390064802206,49.50320089092345,72.61984864336709,,"<a href=""https://m.stock.naver.com/domestic/stock/038530/total"" target=""_blank"">Naver</a>"
110790,크리스에프앤씨,69.924902971243,57.66370674611949,92.5252892181803,97.7564099797419,48.39431242104069,,"<a href=""https://m.stock.naver.com/domestic/stock/110790/total"" target=""_blank"">Naver</a>"
052420,오성첨단소재,69.90437055325512,90.89594396041406,22.43490711443664,75.94377143158712,43.2740051047761,,"<a href=""https://m.stock.naver.com/domestic/stock/052420/total"" target=""_blank"">Naver</a>"
066700,테라젠이텍스,69.62650368833226,89.61011454722934,23.653819924425182,67.5044284963385,63.93074258509012,,"<a href=""https://m.stock.naver.com/domestic/stock/066700/total"" target=""_blank"">Naver</a>"
039420,케이엘넷,69.59732701182725,58.8407232113451,79.58265667687758,99.5686354073471,88.80730750132166,,"<a href=""https://m.stock.naver.com/domestic/stock/039420/total"" target=""_blank"">Naver</a>"
140860,파크시스템스,69.46317412995951,62.6009685930512,87.05122779250792,82.93554892913255,36.92462266177136,,"<a href=""https://m.stock.naver.com/domestic/stock/140860/total"" target=""_blank"">Naver</a>"
206650,유바이오로직스,69.42031151096421,92.22299053155517,21.832665532172054,65.9661038313931,40.63480851697548,,"<a href=""https://m.stock.naver.com/domestic/stock/206650/total"" target=""_blank"">Naver</a>"
124500,아이티센글로벌,69.33871957219178,78.76741363343916,41.16165875133645,71.15954740200938,93.43803928186463,,"<a href=""https://m.stock.naver.com/domestic/stock/124500/total"" target=""_blank"">Naver</a>"
043150,바텍,69.18778619869484,57.63577607248653,87.60560591994162,98.19177700097735,57.714827502395536,,"<a href=""https://m.stock.naver.com/domestic/stock/043150/total"" target=""_blank"">Naver</a>"
013720,THE CUBE&,69.06920597279417,96.84964454974698,0.0,70.01310748847816,79.16216988196311,,"<a href=""https://m.stock.naver.com/domestic/stock/013720/total"" target=""_blank"">Naver</a>"
203650,드림시큐리티,69.03589895553249,69.17846544096163,75.42924578523989,49.47260166834733,74.48496155621596,,"<a href=""https://m.stock.naver.com/domestic/stock/203650/total"" target=""_blank"">Naver</a>"
225220,제놀루션,68.98743815811625,50.0,100.0,99.61260178299511,80.52355959633472,,"<a href=""https://m.stock.naver.com/domestic/stock/225220/total"" target=""_blank"">Naver</a>"
071670,에이테크솔루션,68.95839244146974,74.5547316163394,53.200478678895905,68.25747122597528,81.99373358689192,,"<a href=""https://m.stock.naver.com/domestic/stock/071670/total"" target=""_blank"">Naver</a>"
025900,동화기업,68.84519790723596,68.31783417393463,64.62469167442306,79.14051201210697,75.68546566117443,,"<a href=""https://m.stock.naver.com/domestic/stock/025900/total"" target=""_blank"">Naver</a>"
054040,한국컴퓨터,68.82826771417261,63.77850232940597,64.8996724626854,98.74808603451271,89.22879194812813,,"<a href=""https://m.stock.naver.com/domestic/stock/054040/total"" target=""_blank"">Naver</a>"
098460,고영,68.69055543134822,59.69149669823986,82.66055559586509,99.09397191386711,46.022426441026354,,"<a href=""https://m.stock.naver.com/domestic/stock/098460/total"" target=""_blank"">Naver</a>"
187270,신화콘텍,68.68607188590785,71.72265003293295,60.95165250552002,76.508208079941,55.274958635479656,,"<a href=""https://m.stock.naver.com/domestic/stock/187270/total"" target=""_blank"">Naver</a>"
058110,멕아이씨에스,68.55255321575845,58.159336401820134,86.58961066039406,99.11859991823084,41.95377435489546,,"<a href=""https://m.stock.naver.com/domestic/stock/058110/total"" target=""_blank"">Naver</a>"
056190,에스에프에이,68.50765972955594,60.34645346276639,72.99725188597313,98.93758089044049,83.1343318271756,,"<a href=""https://m.stock.naver.com/domestic/stock/056190/total"" target=""_blank"">Naver</a>"
058970,엠로,68.49209812051863,61.71447360013534,71.46143079620346,92.80453839952098,86.35204842868916,,"<a href=""https://m.stock.naver.com/domestic/stock/058970/total"" target=""_blank"">Naver</a>"
058470,리노공업,68.40747733147676,50.0,98.2838578807558,99.70871752577148,77.31282217421293,,"<a href=""https://m.stock.naver.com/domestic/stock/058470/total"" target=""_blank"">Naver</a>"
068930,디지털대성,68.33099915694727,61.00668384127054,77.2503647381232,78.85854234290984,90.57086866726343,,"<a href=""https://m.stock.naver.com/domestic/stock/068930/total"" target=""_blank"">Naver</a>"
335810,프리시젼바이오,68.17730645770439,98.38904129765245,0.0,69.24781930041277,44.381994981432925,,"<a href=""https://m.stock.naver.com/domestic/stock/335810/total"" target=""_blank"">Naver</a>"
050110,캠시스,68.15639404547417,89.78002872965583,18.802315539839814,51.40914954355056,88.93765936731339,,"<a href=""https://m.stock.naver.com/domestic/stock/050110/total"" target=""_blank"">Naver</a>"
174880,장원테크,68.10766740052586,94.13204379348646,7.257337809832445,59.52917436103634,77.22378471744462,,"<a href=""https://m.stock.naver.com/domestic/stock/174880/total"" target=""_blank"">Naver</a>"
214450,파마리서치,68.10272212262238,54.64696189207922,91.75326576613021,99.20300784444194,49.118555227962105,,"<a href=""https://m.stock.naver.com/domestic/stock/214450/total"" target=""_blank"">Naver</a>"
366030,공구우먼,68.0700255381066,50.0,94.62189806576741,99.59142778282772,89.10816486763952,,"<a href=""https://m.stock.naver.com/domestic/stock/366030/total"" target=""_blank"">Naver</a>"
354200,엔젠바이오,67.91439520618343,98.81169982034243,0.0,49.20186119068743,74.1437838981848,,"<a href=""https://m.stock.naver.com/domestic/stock/354200/total"" target=""_blank"">Naver</a>"
064760,티씨케이,67.81659483176566,50.0,98.0400221707709,99.63039997513162,66.87098583119548,,"<a href=""https://m.stock.naver.com/domestic/stock/064760/total"" target=""_blank"">Naver</a>"
100120,뷰웍스,67.785511746134,57.24361703603957,85.7133521193551,96.43777725464244,47.34451538414484,,"<a href=""https://m.stock.naver.com/domestic/stock/100120/total"" target=""_blank"">Naver</a>"
000250,삼천당제약,67.77468768923376,84.68134175465934,26.46570293417412,73.87183467299428,59.2454687119039,,"<a href=""https://m.stock.naver.com/domestic/stock/000250/total"" target=""_blank"">Naver</a>"
151860,KG에코솔루션,67.63877015722285,64.83644267346347,67.95716433701836,76.94059546301459,81.07107845177451,,"<a href=""https://m.stock.naver.com/domestic/stock/151860/total"" target=""_blank"">Naver</a>"
277410,인산가,67.59752548029114,57.42801973033394,85.16069997370796,95.93368786195488,45.14339724936611,,"<a href=""https://m.stock.naver.com/domestic/stock/277410/total"" target=""_blank"">Naver</a>"
049520,유아이엘,67.57542719759101,85.45854481973673,18.382888229554847,72.95528245748528,88.18100005223482,,"<a href=""https://m.stock.naver.com/domestic/stock/049520/total"" target=""_blank"">Naver</a>"
330730,스톤브릿지벤처스,67.48179138913174,50.0,100.0,99.08989057918471,51.45604662426547,,"<a href=""https://m.stock.naver.com/domestic/stock/330730/total"" target=""_blank"">Naver</a>"
204020,그리티,67.41713694676436,89.01614454575717,15.662236191762005,74.08025621089561,53.67731100559976,,"<a href=""https://m.stock.naver.com/domestic/stock/204020/total"" target=""_blank"">Naver</a>"
021080,에이티넘인베스트,67.4085160674343,50.0,100.0,96.33604816091486,55.4982250268564,,"<a href=""https://m.stock.naver.com/domestic/stock/021080/total"" target=""_blank"">Naver</a>"
352910,오비고,67.3941384632472,100.0,0.0,53.040459891174436,41.80184948259527,,"<a href=""https://m.stock.naver.com/domestic/stock/352910/total"" target=""_blank"">Naver</a>"
089600,KT나스미디어,67.27823705478576,58.102538848679785,88.85450359715664,90.27417288355068,23.5134111586733,,"<a href=""https://m.stock.naver.com/domestic/stock/089600/total"" target=""_blank"">Naver</a>"
122350,삼기,67.27386841304951,83.5081943025321,34.68754332179768,44.24311933372604,81.45508135416453,,"<a href=""https://m.stock.naver.com/domestic/stock/122350/total"" target=""_blank"">Naver</a>"
239340,이스트에이드,67.19649729956151,56.56815966599089,81.93066499281456,90.49872987804801,74.4612452791709,,"<a href=""https://m.stock.naver.com/domestic/stock/239340/total"" target=""_blank"">Naver</a>"
101490,에스앤에스텍,67.18012442006669,60.57749138215712,71.06883217435914,99.57578493059263,62.17686108246745,,"<a href=""https://m.stock.naver.com/domestic/stock/101490/total"" target=""_blank"">Naver</a>"
126340,비나텍,67.04830029536656,59.80330721929939,77.43588090931735,82.58587371430232,70.97516730054718,,"<a href=""https://m.stock.naver.com/domestic/stock/126340/total"" target=""_blank"">Naver</a>"
003800,에이스침대,67.03303387810868,54.48133557472784,85.16451837185816,96.64301166232136,67.77603548150617,,"<a href=""https://m.stock.naver.com/domestic/stock/003800/total"" target=""_blank"">Naver</a>"
086450,동국제약,66.92391742896757,61.397269667273896,71.2776598029163,96.48235541454284,52.35810272839723,,"<a href=""https://m.stock.naver.com/domestic/stock/086450/total"" target=""_blank"">Naver</a>"
101670,하이드로리튬,66.86087943643598,74.52768910954792,44.49249350647583,89.74249736601095,40.93785714974351,,"<a href=""https://m.stock.naver.com/domestic/stock/101670/total"" target=""_blank"">Naver</a>"
084370,유진테크,66.85311156595577,52.168586331290896,90.23242710064837,99.42065718081048,61.035745478761875,,"<a href=""https://m.stock.naver.com/domestic/stock/084370/total"" target=""_blank"">Naver</a>"
264450,유비쿼스,66.80458674370523,50.0,93.613663264594,99.20628379580889,69.610850959517,,"<a href=""https://m.stock.naver.com/domestic/stock/264450/total"" target=""_blank"">Naver</a>"
118990,모트렉스,66.75332212130603,70.12621144180282,60.366195378070664,60.66001806178088,70.40089211057159,,"<a href=""https://m.stock.naver.com/domestic/stock/118990/total"" target=""_blank"">Naver</a>"
072870,메가스터디,66.70685934590585,55.09687493125552,79.65203493387976,98.72209965904133,77.2703137555695,,"<a href=""https://m.stock.naver.com/domestic/stock/072870/total"" target=""_blank"">Naver</a>"
045340,토탈소프트,66.64210121611154,50.0,91.46793454914386,97.38210541322894,80.73814075005345,,"<a href=""https://m.stock.naver.com/domestic/stock/045340/total"" target=""_blank"">Naver</a>"
067770,세진티에스,66.60574961106697,59.85042643863475,66.77969343590887,99.83877760237395,80.33385257343012,,"<a href=""https://m.stock.naver.com/domestic/stock/067770/total"" target=""_blank"">Naver</a>"
099390,브레인즈컴퍼니,66.59894703443183,50.0,91.12937461578856,99.72801290042621,76.87604180884125,,"<a href=""https://m.stock.naver.com/domestic/stock/099390/total"" target=""_blank"">Naver</a>"
234300,에스트래픽,66.5616285499274,85.59898993347456,22.78818953334205,54.60897132501975,80.88580148010367,,"<a href=""https://m.stock.naver.com/domestic/stock/234300/total"" target=""_blank"">Naver</a>"
059210,메타바이오메드,66.54969211931983,60.78600397742766,78.2514925689844,81.49503038347632,47.31427104538984,,"<a href=""https://m.stock.naver.com/domestic/stock/059210/total"" target=""_blank"">Naver</a>"
032850,비트컴퓨터,66.52863522497202,55.41367941360312,77.17599705316285,99.13978542116391,81.44899542806093,,"<a href=""https://m.stock.naver.com/domestic/stock/032850/total"" target=""_blank"">Naver</a>"
166090,하나머티리얼즈,66.47168608524268,50.0,97.74711669717625,87.83995117413384,65.01823587070484,,"<a href=""https://m.stock.naver.com/domestic/stock/166090/total"" target=""_blank"">Naver</a>"
035460,기산텔레콤,66.29203492847978,76.0447274696285,44.86645251564502,67.39757066658213,54.17656502266435,,"<a href=""https://m.stock.naver.com/domestic/stock/035460/total"" target=""_blank"">Naver</a>"
016100,리더스코스메틱,66.26579167575412,85.41319002851277,23.8149515360263,52.1335043999132,77.0157866929712,,"<a href=""https://m.stock.naver.com/domestic/stock/016100/total"" target=""_blank"">Naver</a>"
377450,리파인,66.12242276898357,49.393937703358375,92.59567317677234,99.78378025986275,67.17527653578375,,"<a href=""https://m.stock.naver.com/domestic/stock/377450/total"" target=""_blank"">Naver</a>"
214370,케어젠,66.10975061854674,51.81938019166708,91.57034661902537,99.60211209660343,43.306492782596166,,"<a href=""https://m.stock.naver.com/domestic/stock/214370/total"" target=""_blank"">Naver</a>"
042940,상지건설,66.07718437583652,99.24482574586095,0.0,53.087052632374885,24.431673301649116,,"<a href=""https://m.stock.naver.com/domestic/stock/042940/total"" target=""_blank"">Naver</a>"
117730,티로보틱스,65.95475354748541,97.85463888573543,1.8918468136738493,38.96718967783421,57.44579089684553,,"<a href=""https://m.stock.naver.com/domestic/stock/117730/total"" target=""_blank"">Naver</a>"
347740,피엔케이피부임상연구센타,65.89393749713552,50.0,91.04283322060108,99.84038044004129,62.983822959622344,,"<a href=""https://m.stock.naver.com/domestic/stock/347740/total"" target=""_blank"">Naver</a>"
170790,파이오링크,65.89133130288884,50.0,90.5000998422185,99.1167183148604,67.0926902169637,,"<a href=""https://m.stock.naver.com/domestic/stock/170790/total"" target=""_blank"">Naver</a>"
263860,지니언스,65.85029034749988,51.547819628354254,85.99063189440757,99.45383041709118,69.57115110352629,,"<a href=""https://m.stock.naver.com/domestic/stock/263860/total"" target=""_blank"">Naver</a>"
382800,지앤비에스 에코,65.83544305217576,50.0,90.66774518104944,99.4658406473328,64.43845384360235,,"<a href=""https://m.stock.naver.com/domestic/stock/382800/total"" target=""_blank"">Naver</a>"
068940,셀피글로벌,65.83223395819242,96.74836576127514,0.0,41.03189495634402,73.60050011585857,,"<a href=""https://m.stock.naver.com/domestic/stock/068940/total"" target=""_blank"">Naver</a>"
179290,엠아이텍,65.83052821408917,50.0,93.76084894221889,99.46865047598527,48.869018618718435,,"<a href=""https://m.stock.naver.com/domestic/stock/179290/total"" target=""_blank"">Naver</a>"
252990,샘씨엔에스,65.82215339838679,50.0,89.46933148874972,98.74066243565296,71.61508565268124,,"<a href=""https://m.stock.naver.com/domestic/stock/252990/total"" target=""_blank"">Naver</a>"
347890,엠투아이,65.81481065227165,50.0,92.51791932650154,99.69200272791885,54.32261095708729,,"<a href=""https://m.stock.naver.com/domestic/stock/347890/total"" target=""_blank"">Naver</a>"
251120,바이오에프디엔씨,65.7523510629672,50.0,93.32082563643469,92.4612775287139,63.520338019742816,,"<a href=""https://m.stock.naver.com/domestic/stock/251120/total"" target=""_blank"">Naver</a>"
086900,메디톡스,65.72234937277096,54.29229630881747,86.05484105584401,94.01429007091383,44.63664632856204,,"<a href=""https://m.stock.naver.com/domestic/stock/086900/total"" target=""_blank"">Naver</a>"
026150,특수건설,65.48892694269531,78.58800012682104,24.930374094439745,73.96455750554148,94.14155184877202,,"<a href=""https://m.stock.naver.com/domestic/stock/026150/total"" target=""_blank"">Naver</a>"
046210,HLB파나진,65.47096197411085,50.0,93.32868452938759,99.82694740594454,43.12192202338992,,"<a href=""https://m.stock.naver.com/domestic/stock/046210/total"" target=""_blank"">Naver</a>"
306620,네온테크,65.45770912298586,88.48686098010994,13.060627533724087,62.777417232097534,56.4538785655825,,"<a href=""https://m.stock.naver.com/domestic/stock/306620/total"" target=""_blank"">Naver</a>"
311320,지오엘리먼트,65.44893605579597,50.0,90.29674671802701,99.71163185587157,58.07172381404119,,"<a href=""https://m.stock.naver.com/domestic/stock/311320/total"" target=""_blank"">Naver</a>"
273640,와이엠텍,65.3617240178708,50.0,88.42584707590004,99.83641893216435,65.43240711358696,,"<a href=""https://m.stock.naver.com/domestic/stock/273640/total"" target=""_blank"">Naver</a>"
173940,에프엔씨엔터,65.31727259164512,84.24322688693292,15.745950078654351,67.19849662449022,82.29998554745538,,"<a href=""https://m.stock.naver.com/domestic/stock/173940/total"" target=""_blank"">Naver</a>"
270660,에브리봇,65.28823490664325,50.0,88.24894798459574,99.20199350351217,66.11597120286206,,"<a href=""https://m.stock.naver.com/domestic/stock/270660/total"" target=""_blank"">Naver</a>"
072990,에이치시티,65.2804187462296,52.3734990327067,83.71120082890009,89.9458015983281,78.67877919095488,,"<a href=""https://m.stock.naver.com/domestic/stock/072990/total"" target=""_blank"">Naver</a>"
194700,노바렉스,65.27553572369536,55.55227339975195,75.80462482039805,89.33321243636708,81.19388470215941,,"<a href=""https://m.stock.naver.com/domestic/stock/194700/total"" target=""_blank"">Naver</a>"
053580,웹케시,65.24848430602167,50.0,88.02165104030688,93.40405044142216,78.05333003605449,,"<a href=""https://m.stock.naver.com/domestic/stock/053580/total"" target=""_blank"">Naver</a>"
111710,남화산업,65.23631963292897,50.0,89.04475519596373,99.75130833938046,60.0,,"<a href=""https://m.stock.naver.com/domestic/stock/111710/total"" target=""_blank"">Naver</a>"
126880,제이엔케이글로벌,65.22145665646217,69.13373473139838,52.00615075873151,76.3898392373543,62.013884084096695,,"<a href=""https://m.stock.naver.com/domestic/stock/126880/total"" target=""_blank"">Naver</a>"
013030,하이록코리아,65.17118002119142,58.466550442987995,72.91628735291103,99.74038364061043,37.762791062196605,,"<a href=""https://m.stock.naver.com/domestic/stock/013030/total"" target=""_blank"">Naver</a>"
262840,아이퀘스트,65.13471158388977,50.0,84.83965744517918,98.91160602301089,80.67273240587758,,"<a href=""https://m.stock.naver.com/domestic/stock/262840/total"" target=""_blank"">Naver</a>"
089890,코세스,65.10580477550754,50.0,87.13614178010262,95.87832646056613,74.67873368850559,,"<a href=""https://m.stock.naver.com/domestic/stock/089890/total"" target=""_blank"">Naver</a>"
090850,현대이지웰,65.07989261729598,50.0,86.00259546138011,92.80289821590698,85.97907860720515,,"<a href=""https://m.stock.naver.com/domestic/stock/090850/total"" target=""_blank"">Naver</a>"
122450,KX,64.89178354515275,50.09338816380035,93.90497935730666,77.3691023654084,72.45191142010083,,"<a href=""https://m.stock.naver.com/domestic/stock/122450/total"" target=""_blank"">Naver</a>"
170920,엘티씨,64.86534616700331,93.08489076457936,7.535140639505657,51.320354687709276,39.971821592166954,,"<a href=""https://m.stock.naver.com/domestic/stock/170920/total"" target=""_blank"">Naver</a>"
106080,케이이엠텍,64.83962297788514,97.51413721574606,0.0,44.84549296890053,36.93182703094911,,"<a href=""https://m.stock.naver.com/domestic/stock/106080/total"" target=""_blank"">Naver</a>"
058450,한주에이알티,64.81070626623254,98.12258243472245,0.0,39.71553192050945,39.31207226696251,,"<a href=""https://m.stock.naver.com/domestic/stock/058450/total"" target=""_blank"">Naver</a>"
147830,제룡산업,64.78749176067008,50.0,84.58317907851936,99.77421172113677,73.28551637853118,,"<a href=""https://m.stock.naver.com/domestic/stock/147830/total"" target=""_blank"">Naver</a>"
065440,이루온,64.7768636023673,62.22915737032783,53.8312253814402,95.97583262521405,87.67959144578305,,"<a href=""https://m.stock.naver.com/domestic/stock/065440/total"" target=""_blank"">Naver</a>"
043200,파루,64.68837311634105,87.98523822005234,11.40883111115138,55.59441766279359,69.7116128048489,,"<a href=""https://m.stock.naver.com/domestic/stock/043200/total"" target=""_blank"">Naver</a>"
092130,이크레더블,64.62960317584152,45.50589180639704,100.0,86.9356150343647,72.65013177133662,,"<a href=""https://m.stock.naver.com/domestic/stock/092130/total"" target=""_blank"">Naver</a>"
065420,에스아이리소스,64.56909511513015,50.0,83.96722683103401,99.76704252363001,72.01168310017316,,"<a href=""https://m.stock.naver.com/domestic/stock/065420/total"" target=""_blank"">Naver</a>"
068330,일신바이오,64.5413147445082,50.0,90.13541340752904,99.68256964145309,40.78408856961258,,"<a href=""https://m.stock.naver.com/domestic/stock/068330/total"" target=""_blank"">Naver</a>"
330860,네패스아크,64.46867739622462,50.0,87.93768551280533,84.34626329272889,80.99259377500815,,"<a href=""https://m.stock.naver.com/domestic/stock/330860/total"" target=""_blank"">Naver</a>"
058400,KNN,64.39796313200772,55.565153368337086,72.62329037928907,99.8224437714879,58.41608278068812,,"<a href=""https://m.stock.naver.com/domestic/stock/058400/total"" target=""_blank"">Naver</a>"
232680,라온테크,64.30836795273336,50.0,88.43660830559169,93.93742886849284,56.10945978972317,,"<a href=""https://m.stock.naver.com/domestic/stock/232680/total"" target=""_blank"">Naver</a>"
079950,인베니아,64.29450396345548,53.39989660325248,85.73820086319665,77.055609617977,62.289096478142724,,"<a href=""https://m.stock.naver.com/domestic/stock/079950/total"" target=""_blank"">Naver</a>"
031980,피에스케이홀딩스,64.27799382477005,46.1005170881212,94.48904874883073,99.32650908149328,61.255409530806546,,"<a href=""https://m.stock.naver.com/domestic/stock/031980/total"" target=""_blank"">Naver</a>"
337930,젝시믹스,64.2162716442219,60.191049699790405,62.63414266356944,92.31491421810537,64.23229473289543,,"<a href=""https://m.stock.naver.com/domestic/stock/337930/total"" target=""_blank"">Naver</a>"
032820,우리기술,64.10144432740981,60.27844568168405,68.0655642444668,76.06609236604066,66.22753241357228,,"<a href=""https://m.stock.naver.com/domestic/stock/032820/total"" target=""_blank"">Naver</a>"
317530,캐리소프트,64.09347891272364,89.77320740438915,0.0,66.99678599064784,70.5975174205075,,"<a href=""https://m.stock.naver.com/domestic/stock/317530/total"" target=""_blank"">Naver</a>"
064850,에프앤가이드,64.04726950173874,54.133078245442825,87.07475302251724,66.79197584046233,62.39073429595,,"<a href=""https://m.stock.naver.com/domestic/stock/064850/total"" target=""_blank"">Naver</a>"
127710,아시아경제,64.03869718720286,50.0,84.04764533441858,93.32889796723163,73.87792113750105,,"<a href=""https://m.stock.naver.com/domestic/stock/127710/total"" target=""_blank"">Naver</a>"
104480,티케이케미칼,64.01172266444982,50.0,89.58578545289056,79.3847435723872,73.53603887976931,,"<a href=""https://m.stock.naver.com/domestic/stock/104480/total"" target=""_blank"">Naver</a>"
065710,서호전기,63.97851815024479,45.367139801827726,91.59925076766991,99.26909707505838,78.63023739449673,,"<a href=""https://m.stock.naver.com/domestic/stock/065710/total"" target=""_blank"">Naver</a>"
089850,유비벨록스,63.95475343258574,63.37663927986549,60.38263492434453,79.87438241156659,56.913457848473044,,"<a href=""https://m.stock.naver.com/domestic/stock/089850/total"" target=""_blank"">Naver</a>"
147760,피엠티,63.896422031070294,50.0,81.0174680449207,99.35247026814594,74.1361598605105,,"<a href=""https://m.stock.naver.com/domestic/stock/147760/total"" target=""_blank"">Naver</a>"
109080,옵티시스,63.86597757048227,50.0,86.0110422997215,99.69176721520107,47.880805480635786,,"<a href=""https://m.stock.naver.com/domestic/stock/109080/total"" target=""_blank"">Naver</a>"
222160,NPX,63.865257294846735,50.0,85.73663693938094,99.75188568481313,49.11818983040368,,"<a href=""https://m.stock.naver.com/domestic/stock/222160/total"" target=""_blank"">Naver</a>"
091700,파트론,63.84827912440371,55.307699891508975,66.80831915692293,94.57127049689515,90.08904701156135,,"<a href=""https://m.stock.naver.com/domestic/stock/091700/total"" target=""_blank"">Naver</a>"
131970,두산테스나,63.798674898094994,50.0,92.7842228264844,72.16949445374499,67.7133949219881,,"<a href=""https://m.stock.naver.com/domestic/stock/131970/total"" target=""_blank"">Naver</a>"
372800,아이티아이즈,63.78578581088047,50.0,77.21129813163704,98.21742298565478,93.2243795881146,,"<a href=""https://m.stock.naver.com/domestic/stock/372800/total"" target=""_blank"">Naver</a>"
128660,피제이메탈,63.75703684392529,50.0,78.85017874344662,98.55656476246233,83.77671363634799,,"<a href=""https://m.stock.naver.com/domestic/stock/128660/total"" target=""_blank"">Naver</a>"
096870,엘디티,63.74505360129282,50.0,84.72527724478375,99.70125199291667,51.872181816104344,,"<a href=""https://m.stock.naver.com/domestic/stock/096870/total"" target=""_blank"">Naver</a>"
037760,쎄니트,63.71466082186141,59.849510012899174,63.638545495294714,83.06444026340355,71.7774882791573,,"<a href=""https://m.stock.naver.com/domestic/stock/037760/total"" target=""_blank"">Naver</a>"
057540,옴니시스템,63.711513007794,84.03405464727723,9.086907479526976,73.86858223170682,72.64990252750464,,"<a href=""https://m.stock.naver.com/domestic/stock/057540/total"" target=""_blank"">Naver</a>"
332570,PS일렉트로닉스,63.681528099332525,84.13794828806569,15.281919359212075,72.40794677713184,42.74969217953826,,"<a href=""https://m.stock.naver.com/domestic/stock/332570/total"" target=""_blank"">Naver</a>"
297570,알로이스,63.62242167359505,50.0,88.27068793747115,88.44441895157675,54.20615588139172,,"<a href=""https://m.stock.naver.com/domestic/stock/297570/total"" target=""_blank"">Naver</a>"
099440,스맥,63.616674657455235,90.55841814564006,6.399043112870146,49.65387083776279,54.329518161547625,,"<a href=""https://m.stock.naver.com/domestic/stock/099440/total"" target=""_blank"">Naver</a>"
046970,우리로,63.50048074154121,50.86088510989447,76.84615323163969,93.14679627442175,89.15463480504869,,"<a href=""https://m.stock.naver.com/domestic/stock/046970/total"" target=""_blank"">Naver</a>"
363250,진시스템,63.498364167666615,50.0,82.27426972909704,99.62728913697077,59.34135643390541,,"<a href=""https://m.stock.naver.com/domestic/stock/363250/total"" target=""_blank"">Naver</a>"
196700,웹스,63.49026019437761,70.32136331746644,45.88876247854764,73.13153902250781,50.241953640201174,,"<a href=""https://m.stock.naver.com/domestic/stock/196700/total"" target=""_blank"">Naver</a>"
075130,플랜티넷,63.48730894867592,54.66325363323514,71.70872375356261,99.49369582638543,56.256124954112636,,"<a href=""https://m.stock.naver.com/domestic/stock/075130/total"" target=""_blank"">Naver</a>"
023910,대한약품,63.47330866327601,50.0,79.23518426272136,99.14039140458024,75.0094691427529,,"<a href=""https://m.stock.naver.com/domestic/stock/023910/total"" target=""_blank"">Naver</a>"
257720,실리콘투,63.44252641116576,56.694606866341324,62.25843842330712,99.61052219110563,78.00200932847244,,"<a href=""https://m.stock.naver.com/domestic/stock/257720/total"" target=""_blank"">Naver</a>"
153460,네이블,63.40323539071197,50.0,79.71932164569294,99.64859012988184,70.17091932601086,,"<a href=""https://m.stock.naver.com/domestic/stock/153460/total"" target=""_blank"">Naver</a>"
318000,KBG,63.396558407966126,50.0,83.80740656521296,99.1783314542519,50.53747242475393,,"<a href=""https://m.stock.naver.com/domestic/stock/318000/total"" target=""_blank"">Naver</a>"
014470,부방,63.37940805877084,81.55463369546374,20.550252649421438,46.171418948695106,93.83845568535465,,"<a href=""https://m.stock.naver.com/domestic/stock/014470/total"" target=""_blank"">Naver</a>"
260970,에스앤디,63.313713960664515,50.0,77.42370030272424,99.48336260167301,80.18905249632311,,"<a href=""https://m.stock.naver.com/domestic/stock/260970/total"" target=""_blank"">Naver</a>"
079370,제우스,63.29730269354168,64.28467514703576,57.190001758488286,79.83079622821825,48.918350857526534,,"<a href=""https://m.stock.naver.com/domestic/stock/079370/total"" target=""_blank"">Naver</a>"
066980,한성크린텍,63.28782900599309,66.66666666666667,53.20990209449143,56.719742302679144,86.26758504204633,,"<a href=""https://m.stock.naver.com/domestic/stock/066980/total"" target=""_blank"">Naver</a>"
131030,옵투스제약,63.19604385898895,50.0,79.80593916899342,99.74378928157115,65.40360277166972,,"<a href=""https://m.stock.naver.com/domestic/stock/131030/total"" target=""_blank"">Naver</a>"
014200,광림,63.120090960386264,78.3991008278347,21.00107548843616,67.99183980606675,80.62355221939453,,"<a href=""https://m.stock.naver.com/domestic/stock/014200/total"" target=""_blank"">Naver</a>"
123860,아나패스,62.901837148274076,50.0,92.1773357277425,86.66736557395285,23.815333178863394,,"<a href=""https://m.stock.naver.com/domestic/stock/123860/total"" target=""_blank"">Naver</a>"
054670,대한뉴팜,62.9001811743957,50.0,81.03282740683942,92.07126285611331,68.6969607414902,,"<a href=""https://m.stock.naver.com/domestic/stock/054670/total"" target=""_blank"">Naver</a>"
239890,피엔에이치테크,62.886532771284394,50.0,84.38064721403167,93.70972034733616,48.40797866085704,,"<a href=""https://m.stock.naver.com/domestic/stock/239890/total"" target=""_blank"">Naver</a>"
037070,파세코,62.85654716553593,50.0,75.7293377257957,97.80461380313061,82.87502707547893,,"<a href=""https://m.stock.naver.com/domestic/stock/037070/total"" target=""_blank"">Naver</a>"
309930,오하임앤컴퍼니,62.81839336173878,50.0,76.21804606827604,98.4699760722126,78.33768474897009,,"<a href=""https://m.stock.naver.com/domestic/stock/309930/total"" target=""_blank"">Naver</a>"
065370,위세아이텍,62.81307304735956,50.0,81.42824535611147,82.52725978102119,84.06571460459145,,"<a href=""https://m.stock.naver.com/domestic/stock/065370/total"" target=""_blank"">Naver</a>"
252500,세화피앤씨,62.76636276755091,50.0,77.94729456430264,99.66360997895481,66.26356257159543,,"<a href=""https://m.stock.naver.com/domestic/stock/252500/total"" target=""_blank"">Naver</a>"
001540,안국약품,62.765518752474215,69.528203154222,44.399291017349945,72.54403321863208,53.887415674806384,,"<a href=""https://m.stock.naver.com/domestic/stock/001540/total"" target=""_blank"">Naver</a>"
017650,대림제지,62.74829283370604,50.0,76.10545969147661,98.42553814373711,77.58748192926345,,"<a href=""https://m.stock.naver.com/domestic/stock/017650/total"" target=""_blank"">Naver</a>"
299030,하나기술,62.73898937426034,73.03498835246027,32.883834504637036,76.27862357834165,61.38350757581503,,"<a href=""https://m.stock.naver.com/domestic/stock/299030/total"" target=""_blank"">Naver</a>"
900340,윙입푸드,62.71557409719694,48.367127089919244,77.35370751140842,99.47617627756233,88.1850667527412,,"<a href=""https://m.stock.naver.com/domestic/stock/900340/total"" target=""_blank"">Naver</a>"
088130,동아엘텍,62.66732045375093,66.66666666666667,49.76545997587217,76.29557741999355,51.92795435567069,,"<a href=""https://m.stock.naver.com/domestic/stock/088130/total"" target=""_blank"">Naver</a>"
272110,케이엔제이,62.64946823311733,54.90774299793691,72.71421114067346,85.05017983878338,60.425033306169595,,"<a href=""https://m.stock.naver.com/domestic/stock/272110/total"" target=""_blank"">Naver</a>"
121890,에스디시스템,62.64250360764866,50.0,75.25545808231483,92.7962712765548,90.98023918828963,,"<a href=""https://m.stock.naver.com/domestic/stock/121890/total"" target=""_blank"">Naver</a>"
382480,지아이텍,62.61890911390658,50.0,84.096491798923,99.44805059583074,32.999622091855024,,"<a href=""https://m.stock.naver.com/domestic/stock/382480/total"" target=""_blank"">Naver</a>"
088910,동우팜투테이블,62.5765217886801,73.35250507581198,23.508124264758198,81.03735262327903,91.6850482935092,,"<a href=""https://m.stock.naver.com/domestic/stock/088910/total"" target=""_blank"">Naver</a>"
048470,대동스틸,62.491472835223,50.0,76.60194315267962,98.96833315939537,68.88307462227112,,"<a href=""https://m.stock.naver.com/domestic/stock/048470/total"" target=""_blank"">Naver</a>"
049180,셀루메드,62.478006941999524,54.00189801436746,72.35960423415374,78.05601187322421,83.62731775036393,,"<a href=""https://m.stock.naver.com/domestic/stock/049180/total"" target=""_blank"">Naver</a>"
036090,위지트,62.294708018826334,57.74665270340393,68.05399006317627,73.33475119846585,65.99487522286648,,"<a href=""https://m.stock.naver.com/domestic/stock/036090/total"" target=""_blank"">Naver</a>"
041440,현대에버다임,62.199056836973185,73.68855198319854,20.724010206991824,97.62622056535695,60.84602077540826,,"<a href=""https://m.stock.naver.com/domestic/stock/041440/total"" target=""_blank"">Naver</a>"
361390,제노코,62.194665823076136,50.0,78.74254666791384,91.67296923815417,66.83464464564506,,"<a href=""https://m.stock.naver.com/domestic/stock/361390/total"" target=""_blank"">Naver</a>"
189980,흥국에프엔비,62.15464328420241,56.29209292563027,65.60546238402713,88.76132941405984,62.03777982822953,,"<a href=""https://m.stock.naver.com/domestic/stock/189980/total"" target=""_blank"">Naver</a>"
275630,에스에스알,62.12010103381846,50.0,75.26395411342206,99.74356976453728,66.59511058018428,,"<a href=""https://m.stock.naver.com/domestic/stock/275630/total"" target=""_blank"">Naver</a>"
011040,경동제약,62.11504925111591,56.42383291907688,61.55309567234454,99.62192962687496,58.205652377923066,,"<a href=""https://m.stock.naver.com/domestic/stock/011040/total"" target=""_blank"">Naver</a>"
036670,삼양케이씨아이,62.11285406844846,50.0,78.3509009557166,99.55202478626573,51.398527017854704,,"<a href=""https://m.stock.naver.com/domestic/stock/036670/total"" target=""_blank"">Naver</a>"
036800,나이스정보통신,62.07881540973499,57.805785343928854,66.5285673314714,79.4727445584564,56.318558293283814,,"<a href=""https://m.stock.naver.com/domestic/stock/036800/total"" target=""_blank"">Naver</a>"
034950,한국기업평가,62.050496813978334,39.934694897617256,97.98276164918737,96.84270172397348,78.19438581427576,,"<a href=""https://m.stock.naver.com/domestic/stock/034950/total"" target=""_blank"">Naver</a>"
024830,세원물산,61.988840672355806,50.0,71.82669507156525,98.09622383821753,84.45089041285476,,"<a href=""https://m.stock.naver.com/domestic/stock/024830/total"" target=""_blank"">Naver</a>"
191410,육일씨엔에쓰,61.978950872433686,59.77617721969182,64.13031317315672,58.584323206877926,84.44467853283248,,"<a href=""https://m.stock.naver.com/domestic/stock/191410/total"" target=""_blank"">Naver</a>"
014570,고려제약,61.88958649909723,50.0,77.70869269025143,99.61133380728374,50.02559891611978,,"<a href=""https://m.stock.naver.com/domestic/stock/014570/total"" target=""_blank"">Naver</a>"
017480,삼현철강,61.85456743283922,50.0,72.33937879724341,99.4878474475141,76.4187597755392,,"<a href=""https://m.stock.naver.com/domestic/stock/017480/total"" target=""_blank"">Naver</a>"
012700,리드코프,61.72660176561651,56.31969597514419,71.64754885046106,62.5115709329123,75.43479749247014,,"<a href=""https://m.stock.naver.com/domestic/stock/012700/total"" target=""_blank"">Naver</a>"
234100,폴라리스세원,61.7055836930994,66.66666666666667,44.30043881677523,73.15043656520177,66.30860664770832,,"<a href=""https://m.stock.naver.com/domestic/stock/234100/total"" target=""_blank"">Naver</a>"
096690,에이루트,61.69680617078964,83.4696611080124,4.031189309466437,73.50017189955189,65.14389977320803,,"<a href=""https://m.stock.naver.com/domestic/stock/096690/total"" target=""_blank"">Naver</a>"
007370,진양제약,61.63636217006176,50.0,78.90768623677785,93.76988232727237,50.64904756280113,,"<a href=""https://m.stock.naver.com/domestic/stock/007370/total"" target=""_blank"">Naver</a>"
052860,아이앤씨,61.62863615856942,85.38996691225147,3.4345478178879194,67.51235245863798,55.695676217655354,,"<a href=""https://m.stock.naver.com/domestic/stock/052860/total"" target=""_blank"">Naver</a>"
115500,케이씨에스,61.48942651662543,50.0,70.28419109310211,97.24460530195438,83.87836426308941,,"<a href=""https://m.stock.naver.com/domestic/stock/115500/total"" target=""_blank"">Naver</a>"
367000,플래티어,61.48542492216412,50.0,71.10526528855807,99.49919444888245,75.18378310272715,,"<a href=""https://m.stock.naver.com/domestic/stock/367000/total"" target=""_blank"">Naver</a>"
290670,대보마그네틱,61.45046113471238,50.0,73.73558156358848,99.5481973298547,61.23492021659571,,"<a href=""https://m.stock.naver.com/domestic/stock/290670/total"" target=""_blank"">Naver</a>"
060900,DGP,61.356576316318204,80.93570479168918,20.893787049941,50.965355737380065,49.503422101628786,,"<a href=""https://m.stock.naver.com/domestic/stock/060900/total"" target=""_blank"">Naver</a>"
059120,아진엑스텍,61.31576902472838,50.0,73.08859128373548,99.62241155092681,61.62760097403655,,"<a href=""https://m.stock.naver.com/domestic/stock/059120/total"" target=""_blank"">Naver</a>"
038060,루멘스,61.27723618401985,68.50949535185883,37.05925007621777,76.13979146308138,65.8549461508393,,"<a href=""https://m.stock.naver.com/domestic/stock/038060/total"" target=""_blank"">Naver</a>"
049720,고려신용정보,61.27380254556125,48.7679365140828,76.14861011473526,80.34349495228501,98.83077226398515,,"<a href=""https://m.stock.naver.com/domestic/stock/049720/total"" target=""_blank"">Naver</a>"
042420,네오위즈홀딩스,61.179111455385,43.36599577698478,88.27639398614191,99.26798298271855,63.2723438877359,,"<a href=""https://m.stock.naver.com/domestic/stock/042420/total"" target=""_blank"">Naver</a>"
080470,성창오토텍,61.14276098383616,58.43642562676083,55.968731490556785,78.59512949069263,84.5841957214241,,"<a href=""https://m.stock.naver.com/domestic/stock/080470/total"" target=""_blank"">Naver</a>"
114190,강원에너지,61.133275047146746,50.0,73.41167268985079,91.9590819495242,71.68897359463263,,"<a href=""https://m.stock.naver.com/domestic/stock/114190/total"" target=""_blank"">Naver</a>"
290650,엘앤씨바이오,61.12404580820137,43.556534899766554,92.97443282323907,99.48388746631727,35.9625583179989,,"<a href=""https://m.stock.naver.com/domestic/stock/290650/total"" target=""_blank"">Naver</a>"
134060,이퓨쳐,61.08979612948673,50.0,75.91711621316753,99.58032357347437,43.0496943769481,,"<a href=""https://m.stock.naver.com/domestic/stock/134060/total"" target=""_blank"">Naver</a>"
230360,에코마케팅,61.087216343126315,45.92788398624834,79.09269758086113,96.97172060404634,81.202789915148,,"<a href=""https://m.stock.naver.com/domestic/stock/230360/total"" target=""_blank"">Naver</a>"
370090,퓨런티어,61.00765177354844,50.0,70.78010567536876,98.74130821137801,68.76989067136884,,"<a href=""https://m.stock.naver.com/domestic/stock/370090/total"" target=""_blank"">Naver</a>"
199820,제일일렉트릭,60.99962572771183,50.0,69.70940957785892,98.414150355627,74.61716595368785,,"<a href=""https://m.stock.naver.com/domestic/stock/199820/total"" target=""_blank"">Naver</a>"
060150,인선이엔티,60.93796799241742,48.77983399703462,73.43668729397405,92.86455641398338,80.48880258609587,,"<a href=""https://m.stock.naver.com/domestic/stock/060150/total"" target=""_blank"">Naver</a>"
294570,쿠콘,60.876632706777244,50.62608595939415,76.72567648510223,81.16896116151057,64.05331787428278,,"<a href=""https://m.stock.naver.com/domestic/stock/294570/total"" target=""_blank"">Naver</a>"
396300,세아메카닉스,60.85302999185864,50.0,65.71220399491314,97.79603803986251,92.90750378288226,,"<a href=""https://m.stock.naver.com/domestic/stock/396300/total"" target=""_blank"">Naver</a>"
039740,한국정보공학,60.78973212193614,54.47994098880084,57.337640297477016,91.88234252508232,91.58246403556299,,"<a href=""https://m.stock.naver.com/domestic/stock/039740/total"" target=""_blank"">Naver</a>"
256150,한독크린텍,60.78570716718854,50.0,68.47292774016204,99.67102278235396,74.00745907825265,,"<a href=""https://m.stock.naver.com/domestic/stock/256150/total"" target=""_blank"">Naver</a>"
051380,피씨디렉트,60.70001262619047,50.0,67.45474432725348,92.934527320808,90.857476245926,,"<a href=""https://m.stock.naver.com/domestic/stock/051380/total"" target=""_blank"">Naver</a>"
208710,포톤,60.673360834522924,80.61864609241813,11.532171439491199,55.1738266830631,78.03495301785874,,"<a href=""https://m.stock.naver.com/domestic/stock/208710/total"" target=""_blank"">Naver</a>"
067010,이씨에스,60.52991407747323,50.0,64.10005560640808,99.02957769582312,92.03884812577779,,"<a href=""https://m.stock.naver.com/domestic/stock/067010/total"" target=""_blank"">Naver</a>"
104200,NHN벅스,60.48514118274508,50.0,68.38860712784253,95.1717110641417,77.41636588740563,,"<a href=""https://m.stock.naver.com/domestic/stock/104200/total"" target=""_blank"">Naver</a>"
356890,싸이버원,60.47722345575393,50.0,65.3515631209966,99.6915719789643,83.40350955216691,,"<a href=""https://m.stock.naver.com/domestic/stock/356890/total"" target=""_blank"">Naver</a>"
265560,영화테크,60.47167941371742,54.464419487008485,57.91447579941549,99.36338428647487,67.56140686021942,,"<a href=""https://m.stock.naver.com/domestic/stock/265560/total"" target=""_blank"">Naver</a>"
263770,유에스티,60.4339616866553,50.0,70.48370104097692,97.17244398615344,61.915840555914514,,"<a href=""https://m.stock.naver.com/domestic/stock/263770/total"" target=""_blank"">Naver</a>"
237750,피앤씨테크,60.42462872264717,50.0,69.9408806584047,99.68569800557884,59.41677514976227,,"<a href=""https://m.stock.naver.com/domestic/stock/237750/total"" target=""_blank"">Naver</a>"
273060,와이즈버즈,60.38719473607694,50.0,78.50942446016487,97.38187003164187,20.43303235743084,,"<a href=""https://m.stock.naver.com/domestic/stock/273060/total"" target=""_blank"">Naver</a>"
099320,쎄트렉아이,60.36539535833144,74.54771521976097,16.114938364645553,77.79226744065792,76.5760978249535,,"<a href=""https://m.stock.naver.com/domestic/stock/099320/total"" target=""_blank"">Naver</a>"
024740,한일단조,60.35629105365146,78.01812611154551,17.891806907599797,51.89849369400538,77.65228580847315,,"<a href=""https://m.stock.naver.com/domestic/stock/024740/total"" target=""_blank"">Naver</a>"
044960,이글벳,60.325301788133764,50.0,69.65222115543405,99.27923819351624,59.68645359847247,,"<a href=""https://m.stock.naver.com/domestic/stock/044960/total"" target=""_blank"">Naver</a>"
078590,휴림에이텍,60.26748654088694,50.0,76.48050231591473,67.63267053324368,87.68187817167775,,"<a href=""https://m.stock.naver.com/domestic/stock/078590/total"" target=""_blank"">Naver</a>"
039010,현대에이치티,60.20101940452415,50.0,65.76970725740216,99.23259674078282,76.70665832190659,,"<a href=""https://m.stock.naver.com/domestic/stock/039010/total"" target=""_blank"">Naver</a>"
089010,켐트로닉스,60.18180976178166,53.68414701496142,68.32927756927229,69.84701276668366,78.0860176763673,,"<a href=""https://m.stock.naver.com/domestic/stock/089010/total"" target=""_blank"">Naver</a>"
120240,대정화금,60.14549166798631,50.0,66.21408882951827,99.46058436652206,72.91822047909068,,"<a href=""https://m.stock.naver.com/domestic/stock/120240/total"" target=""_blank"">Naver</a>"
033160,엠케이전자,60.12131928907384,51.65184258752245,74.64603611178967,68.50547287195724,72.36314842834446,,"<a href=""https://m.stock.naver.com/domestic/stock/033160/total"" target=""_blank"">Naver</a>"
094940,푸른기술,60.108437095858015,62.111731601777784,48.09794929859171,74.50098332142899,67.33624956001036,,"<a href=""https://m.stock.naver.com/domestic/stock/094940/total"" target=""_blank"">Naver</a>"
101930,인화정공,60.10473512694202,63.38994139739992,48.117501368918134,63.38646015589071,74.05497861366919,,"<a href=""https://m.stock.naver.com/domestic/stock/101930/total"" target=""_blank"">Naver</a>"
041920,메디아나,60.06778660798118,46.738141319921745,78.31583910513724,99.4849212117475,49.94899837138148,,"<a href=""https://m.stock.naver.com/domestic/stock/041920/total"" target=""_blank"">Naver</a>"
042500,링네트,59.9123553161014,50.69946147513334,62.35397690244781,96.34693423869848,85.38981563079192,,"<a href=""https://m.stock.naver.com/domestic/stock/042500/total"" target=""_blank"">Naver</a>"
196450,코아시아씨엠,59.887450720114934,74.17069719361365,10.595249834783578,83.96601768604177,86.7923635329335,,"<a href=""https://m.stock.naver.com/domestic/stock/196450/total"" target=""_blank"">Naver</a>"
017510,세명전기,59.82083934449369,50.0,68.99269406901266,99.58739439398676,52.27852775683701,,"<a href=""https://m.stock.naver.com/domestic/stock/017510/total"" target=""_blank"">Naver</a>"
054630,에이디칩스,59.63649752363949,66.66666666666667,51.58193880920026,36.79545540383923,61.22934561911006,,"<a href=""https://m.stock.naver.com/domestic/stock/054630/total"" target=""_blank"">Naver</a>"
082270,젬백스,59.635130630307046,59.70252980136386,55.10024519860776,66.66666666666667,67.43769566340268,,"<a href=""https://m.stock.naver.com/domestic/stock/082270/total"" target=""_blank"">Naver</a>"
121800,비덴트,59.634721804957074,50.0,84.36739878565167,71.18534867082698,28.486744829229014,,"<a href=""https://m.stock.naver.com/domestic/stock/121800/total"" target=""_blank"">Naver</a>"
066130,하츠,59.630161149528185,50.0,62.7067031007114,99.38766172758187,80.29438403184301,,"<a href=""https://m.stock.naver.com/domestic/stock/066130/total"" target=""_blank"">Naver</a>"
036560,KZ정밀,59.629257495859456,50.0,69.18557785303254,99.54304776120554,47.5711651296153,,"<a href=""https://m.stock.naver.com/domestic/stock/036560/total"" target=""_blank"">Naver</a>"
067730,로지시스,59.601439865410875,50.0,60.811994812067745,99.00723262203444,89.95435800380987,,"<a href=""https://m.stock.naver.com/domestic/stock/067730/total"" target=""_blank"">Naver</a>"
012790,신일제약,59.55649695932755,50.0,70.06043983560609,99.65154622459565,41.52464755932937,,"<a href=""https://m.stock.naver.com/domestic/stock/012790/total"" target=""_blank"">Naver</a>"
045100,한양이엔지,59.54506142583199,49.245082185833155,62.86286888389494,96.56560625259733,92.51468536197244,,"<a href=""https://m.stock.naver.com/domestic/stock/045100/total"" target=""_blank"">Naver</a>"
009520,포스코엠텍,59.474019693338526,50.0,61.42459922549728,98.40744105852494,85.54251562223429,,"<a href=""https://m.stock.naver.com/domestic/stock/009520/total"" target=""_blank"">Naver</a>"
045660,에이텍,59.4607394713783,50.0,61.50533544641695,99.70392783117946,82.2802565331223,,"<a href=""https://m.stock.naver.com/domestic/stock/045660/total"" target=""_blank"">Naver</a>"
022220,티케이지애강,59.45955407589102,50.0,63.12063131103031,99.60169118163725,74.38454259939427,,"<a href=""https://m.stock.naver.com/domestic/stock/022220/total"" target=""_blank"">Naver</a>"
200670,휴메딕스,59.442026540081535,50.0,70.58358531930871,88.93866588119552,58.04527244269602,,"<a href=""https://m.stock.naver.com/domestic/stock/200670/total"" target=""_blank"">Naver</a>"
253450,스튜디오드래곤,59.420988663767254,51.503698171691504,65.50095897596698,89.12814869826792,64.61430293867616,,"<a href=""https://m.stock.naver.com/domestic/stock/253450/total"" target=""_blank"">Naver</a>"
216080,제테마,59.41829248070294,50.0,83.49180584462927,62.888357683528895,45.13010502385463,,"<a href=""https://m.stock.naver.com/domestic/stock/216080/total"" target=""_blank"">Naver</a>"
290720,푸드나무,59.416916668248746,58.4673444817376,41.16335341612475,94.61620707873703,91.6810183460259,,"<a href=""https://m.stock.naver.com/domestic/stock/290720/total"" target=""_blank"">Naver</a>"
068760,셀트리온제약,59.409928887343696,50.0,71.71973457060376,88.32895801093159,52.94198887199202,,"<a href=""https://m.stock.naver.com/domestic/stock/068760/total"" target=""_blank"">Naver</a>"
114840,아이패밀리에스씨,59.34315479885402,50.0,62.53124998775926,99.3112671606838,75.58431171691657,,"<a href=""https://m.stock.naver.com/domestic/stock/114840/total"" target=""_blank"">Naver</a>"
018290,브이티,59.32618729599568,48.62337827358642,71.04162237210507,84.49362391780608,78.84784694073909,,"<a href=""https://m.stock.naver.com/domestic/stock/018290/total"" target=""_blank"">Naver</a>"
254120,자비스,59.18973623544329,87.56140570931514,0.0,42.2747384078685,48.50837938134714,,"<a href=""https://m.stock.naver.com/domestic/stock/254120/total"" target=""_blank"">Naver</a>"
067630,HLB생명과학,59.08917622177509,80.27870676460505,0.0,74.79293664195977,68.85316997632178,,"<a href=""https://m.stock.naver.com/domestic/stock/067630/total"" target=""_blank"">Naver</a>"
220260,켐트로스,59.06730140685693,50.0,66.61656202766473,93.72643975193657,60.81033849494183,,"<a href=""https://m.stock.naver.com/domestic/stock/220260/total"" target=""_blank"">Naver</a>"
064480,브리지텍,59.01132262285203,50.0,58.90504134641598,96.51878172957639,92.66368226580794,,"<a href=""https://m.stock.naver.com/domestic/stock/064480/total"" target=""_blank"">Naver</a>"
105330,케이엔더블유,58.94098503396423,55.77748816791575,54.621196680595396,80.19321450160257,75.9974302581135,,"<a href=""https://m.stock.naver.com/domestic/stock/105330/total"" target=""_blank"">Naver</a>"
054410,케이피티유,58.90467105419639,50.0,75.55260348616035,59.61821189015049,81.093979872825,,"<a href=""https://m.stock.naver.com/domestic/stock/054410/total"" target=""_blank"">Naver</a>"
006140,피제이전자,58.88769559295613,50.0,60.80697720329237,97.35763413600687,79.003757570647,,"<a href=""https://m.stock.naver.com/domestic/stock/006140/total"" target=""_blank"">Naver</a>"
300120,라온피플,58.886265874382474,82.76863530750985,0.0,71.74550609603875,41.010681605453684,,"<a href=""https://m.stock.naver.com/domestic/stock/300120/total"" target=""_blank"">Naver</a>"
171120,라이온켐텍,58.844604454234485,50.0,60.229293638726354,99.42107527300294,76.90347034505211,,"<a href=""https://m.stock.naver.com/domestic/stock/171120/total"" target=""_blank"">Naver</a>"
081150,티플랙스,58.739380445478034,50.0,62.49508441395986,97.43768018509238,67.43682646957664,,"<a href=""https://m.stock.naver.com/domestic/stock/081150/total"" target=""_blank"">Naver</a>"
083650,비에이치아이,58.65623866674783,85.22352337691271,0.9410394557458587,30.300990826579252,85.13531388011637,,"<a href=""https://m.stock.naver.com/domestic/stock/083650/total"" target=""_blank"">Naver</a>"
049120,파인디앤씨,58.523129477397234,84.41084981315959,0.0,38.83090414527652,79.8705834994766,,"<a href=""https://m.stock.naver.com/domestic/stock/049120/total"" target=""_blank"">Naver</a>"
290690,소룩스,58.52019136051612,50.0,62.819030488044916,89.20634792121528,77.89597892766722,,"<a href=""https://m.stock.naver.com/domestic/stock/290690/total"" target=""_blank"">Naver</a>"
060250,NHN KCP,58.50320383845309,48.13433881535288,65.08164852465798,84.83530335090558,97.3731616597261,,"<a href=""https://m.stock.naver.com/domestic/stock/060250/total"" target=""_blank"">Naver</a>"
093640,케이알엠,58.485576061138175,50.0,71.51565427028973,72.58325679837031,66.96673627457409,,"<a href=""https://m.stock.naver.com/domestic/stock/093640/total"" target=""_blank"">Naver</a>"
059100,아이컴포넌트,58.47409110290933,50.0,63.17110613902662,91.49753170472329,70.63122795360678,,"<a href=""https://m.stock.naver.com/domestic/stock/059100/total"" target=""_blank"">Naver</a>"
065450,빅텍,58.45680495270108,50.0,61.98652762960841,96.17205728440955,66.85934633716023,,"<a href=""https://m.stock.naver.com/domestic/stock/065450/total"" target=""_blank"">Naver</a>"
115610,이미지스,58.425080975475936,50.0,57.648888748483024,99.12288826583156,82.01139923544048,,"<a href=""https://m.stock.naver.com/domestic/stock/115610/total"" target=""_blank"">Naver</a>"
083450,GST,58.323417741486146,38.60991523334067,85.44883549963556,99.16990371103714,77.56538710938267,,"<a href=""https://m.stock.naver.com/domestic/stock/083450/total"" target=""_blank"">Naver</a>"
032300,한국파마,58.30123581300748,50.0,66.35862440322806,89.38394522389422,55.46370379622077,,"<a href=""https://m.stock.naver.com/domestic/stock/032300/total"" target=""_blank"">Naver</a>"
092730,네오팜,58.30115147473,38.5590566518907,88.35013309987664,99.63065633390534,62.30237150471763,,"<a href=""https://m.stock.naver.com/domestic/stock/092730/total"" target=""_blank"">Naver</a>"
101240,씨큐브,58.26975966352758,50.0,66.28875302840983,98.13674061574612,37.67794689701025,,"<a href=""https://m.stock.naver.com/domestic/stock/101240/total"" target=""_blank"">Naver</a>"
333430,일승,58.24682508082301,66.66666666666667,32.540355140464165,63.7764580477304,74.68180981867857,,"<a href=""https://m.stock.naver.com/domestic/stock/333430/total"" target=""_blank"">Naver</a>"
037030,파워넷,58.18603327876405,56.80408589735245,47.41122505229125,79.54852863793441,85.91845226972649,,"<a href=""https://m.stock.naver.com/domestic/stock/037030/total"" target=""_blank"">Naver</a>"
001000,신라섬유,58.18585875833947,50.0,73.1998140411971,58.947556280954124,79.82299239889572,,"<a href=""https://m.stock.naver.com/domestic/stock/001000/total"" target=""_blank"">Naver</a>"
002230,피에스텍,58.15301676070621,54.78661566402601,56.84433250726099,75.50902736439461,70.38122998071795,,"<a href=""https://m.stock.naver.com/domestic/stock/002230/total"" target=""_blank"">Naver</a>"
063570,NICE인프라,58.06720037591864,56.674389285953396,56.607459139358674,56.22602695840769,85.76198647332333,,"<a href=""https://m.stock.naver.com/domestic/stock/063570/total"" target=""_blank"">Naver</a>"
052600,한네트,58.06522459969416,50.0,57.623138514360534,96.01130794128132,81.16618353951795,,"<a href=""https://m.stock.naver.com/domestic/stock/052600/total"" target=""_blank"">Naver</a>"
054930,유신,58.06385740902607,50.0,60.32458273160173,85.49702720035009,88.66018012181264,,"<a href=""https://m.stock.naver.com/domestic/stock/054930/total"" target=""_blank"">Naver</a>"
228340,동양파일,58.04881090414239,50.0,57.204303161749,99.83061826693074,75.29346574024129,,"<a href=""https://m.stock.naver.com/domestic/stock/228340/total"" target=""_blank"">Naver</a>"
299170,더블유에스아이,57.949653459067335,37.65146730642872,92.55081463487858,94.90219913958735,54.61699005063457,,"<a href=""https://m.stock.naver.com/domestic/stock/299170/total"" target=""_blank"">Naver</a>"
222980,한국맥널티,57.93353858284471,58.237583902838026,49.91345699648051,72.25123838256063,65.75000307531425,,"<a href=""https://m.stock.naver.com/domestic/stock/222980/total"" target=""_blank"">Naver</a>"
237820,플레이디,57.90014148742285,50.0,63.60188287028183,94.42045331868977,51.1525087596683,,"<a href=""https://m.stock.naver.com/domestic/stock/237820/total"" target=""_blank"">Naver</a>"
010170,대한광통신,57.89386219875431,81.38023848437884,0.0,64.32236405605109,52.669654050438,,"<a href=""https://m.stock.naver.com/domestic/stock/010170/total"" target=""_blank"">Naver</a>"
198440,강동씨앤엘,57.83412161513088,50.0,57.830960689447444,99.36763956271047,68.79234972995962,,"<a href=""https://m.stock.naver.com/domestic/stock/198440/total"" target=""_blank"">Naver</a>"
388050,지투파워,57.81460792610558,50.0,52.628781221610915,98.23694148968748,96.67436943468205,,"<a href=""https://m.stock.naver.com/domestic/stock/388050/total"" target=""_blank"">Naver</a>"
002290,삼일기업공사,57.805644436687885,50.0,53.92474068864187,99.37673693383745,87.73571142287349,,"<a href=""https://m.stock.naver.com/domestic/stock/002290/total"" target=""_blank"">Naver</a>"
302430,이노메트리,57.781661826623896,48.73259915915969,61.118508232198074,95.83994017971088,73.56962510214956,,"<a href=""https://m.stock.naver.com/domestic/stock/302430/total"" target=""_blank"">Naver</a>"
070300,엑스큐어,57.78081408790097,50.0,60.76975458684714,89.20914190034756,73.34922502308854,,"<a href=""https://m.stock.naver.com/domestic/stock/070300/total"" target=""_blank"">Naver</a>"
119850,지엔씨에너지,57.78026595960503,53.58388733450979,50.599209970632124,88.03880670486525,83.52500791509198,,"<a href=""https://m.stock.naver.com/domestic/stock/119850/total"" target=""_blank"">Naver</a>"
006730,서부T&D,57.70976570301799,57.830672493296674,59.7520067765725,43.728920637177524,74.00936898358222,,"<a href=""https://m.stock.naver.com/domestic/stock/006730/total"" target=""_blank"">Naver</a>"
330350,위더스제약,57.69095220214124,50.0,62.442903779639664,98.823504690157,43.957515764312554,,"<a href=""https://m.stock.naver.com/domestic/stock/330350/total"" target=""_blank"">Naver</a>"
307750,국전약품,57.68100058256325,50.0,57.562913511412056,99.28327447116995,67.23889515186491,,"<a href=""https://m.stock.naver.com/domestic/stock/307750/total"" target=""_blank"">Naver</a>"
234690,녹십자웰빙,57.61991701558364,50.0,64.73097363463711,89.92040172574801,48.90266868699109,,"<a href=""https://m.stock.naver.com/domestic/stock/234690/total"" target=""_blank"">Naver</a>"
053350,이니텍,57.494725241155614,50.0,55.72243135616202,99.48796960698651,72.30640882832917,,"<a href=""https://m.stock.naver.com/domestic/stock/053350/total"" target=""_blank"">Naver</a>"
206400,베노티앤알,57.47191359923387,48.82734045335383,64.2397187841514,92.82813093865569,56.655330746363035,,"<a href=""https://m.stock.naver.com/domestic/stock/206400/total"" target=""_blank"">Naver</a>"
049470,SGA,57.46782355256723,50.0,61.972212721508676,75.77312728442959,87.94915287494209,,"<a href=""https://m.stock.naver.com/domestic/stock/049470/total"" target=""_blank"">Naver</a>"
263600,덕우전자,57.46426485388059,56.589497294645014,46.41264823829377,74.90317620009017,88.3417359502225,,"<a href=""https://m.stock.naver.com/domestic/stock/263600/total"" target=""_blank"">Naver</a>"
053300,한국정보인증,57.412266908350134,44.338273953397476,74.94879112496523,99.18800292606527,43.06608924927623,,"<a href=""https://m.stock.naver.com/domestic/stock/053300/total"" target=""_blank"">Naver</a>"
079170,한창산업,57.36828879296258,50.0,57.74135839987139,99.50664990482042,59.64568405025383,,"<a href=""https://m.stock.naver.com/domestic/stock/079170/total"" target=""_blank"">Naver</a>"
288980,모아데이타,57.312158380753104,50.0,64.56674214568774,87.48096093222857,48.4475350221663,,"<a href=""https://m.stock.naver.com/domestic/stock/288980/total"" target=""_blank"">Naver</a>"
087600,픽셀플러스,57.22551228460222,50.0,59.700741759162135,99.67192416142115,46.66268857339141,,"<a href=""https://m.stock.naver.com/domestic/stock/087600/total"" target=""_blank"">Naver</a>"
056700,신화인터텍,57.1603915177477,59.74455592702487,42.68111349156984,63.0238556813984,86.81988041000955,,"<a href=""https://m.stock.naver.com/domestic/stock/056700/total"" target=""_blank"">Naver</a>"
020710,시공테크,57.14876566769112,51.89173329864263,48.72447422392056,95.59106248095675,85.47001768859477,,"<a href=""https://m.stock.naver.com/domestic/stock/020710/total"" target=""_blank"">Naver</a>"
219130,타이거일렉,57.13653581134045,50.0,58.017044557456295,95.418053197192,61.809387045143424,,"<a href=""https://m.stock.naver.com/domestic/stock/219130/total"" target=""_blank"">Naver</a>"
071200,인피니트헬스케어,57.108245614322406,40.27303656398539,81.75890303779654,90.01540925987204,70.06313980989655,,"<a href=""https://m.stock.naver.com/domestic/stock/071200/total"" target=""_blank"">Naver</a>"
032580,피델릭스,57.07708136480846,50.0,56.41012490965053,92.59861127870468,74.293780190507,,"<a href=""https://m.stock.naver.com/domestic/stock/032580/total"" target=""_blank"">Naver</a>"
950170,JTC,57.04414083100438,41.57113849013963,100.0,53.514577369206,35.0,,"<a href=""https://m.stock.naver.com/domestic/stock/950170/total"" target=""_blank"">Naver</a>"
264660,씨앤지하이테크,57.04290997293921,50.0,59.39605921260476,90.60148205702185,62.67493928171679,,"<a href=""https://m.stock.naver.com/domestic/stock/264660/total"" target=""_blank"">Naver</a>"
212560,네오오토,57.023784992580694,50.0,54.31507991534008,91.90398297118946,85.0923343325345,,"<a href=""https://m.stock.naver.com/domestic/stock/212560/total"" target=""_blank"">Naver</a>"
004780,대륙제관,57.0213839715327,50.0,53.22515340575214,98.69748430711107,76.90694378767117,,"<a href=""https://m.stock.naver.com/domestic/stock/004780/total"" target=""_blank"">Naver</a>"
039310,세중,56.96205578652591,50.0,51.47669663034372,96.45018503487212,88.95726250905531,,"<a href=""https://m.stock.naver.com/domestic/stock/039310/total"" target=""_blank"">Naver</a>"
260660,알리코제약,56.91048602347963,50.0,53.60025708258454,97.56817336897676,75.07208831871637,,"<a href=""https://m.stock.naver.com/domestic/stock/260660/total"" target=""_blank"">Naver</a>"
065150,대산F&B,56.86171029464537,62.93889399602053,21.029734388959515,92.32443192508224,92.1699421456988,,"<a href=""https://m.stock.naver.com/domestic/stock/065150/total"" target=""_blank"">Naver</a>"
021320,KCC건설,56.76659213926203,50.0,56.81677330705846,80.75292798676432,89.74212027641957,,"<a href=""https://m.stock.naver.com/domestic/stock/021320/total"" target=""_blank"">Naver</a>"
066620,국보디자인,56.76091145047723,46.25020042931303,63.34385180009781,90.11891586620737,83.25873312488446,,"<a href=""https://m.stock.naver.com/domestic/stock/066620/total"" target=""_blank"">Naver</a>"
131180,딜리,56.741468921985074,47.4856330846755,58.8179071537409,98.64809108666043,73.61606348157014,,"<a href=""https://m.stock.naver.com/domestic/stock/131180/total"" target=""_blank"">Naver</a>"
043910,자연과환경,56.692844464639876,76.14228917702583,0.868936851077649,70.08368131969989,75.63737227369958,,"<a href=""https://m.stock.naver.com/domestic/stock/043910/total"" target=""_blank"">Naver</a>"
073010,케이에스피,56.65884760990074,50.0,59.2449425217845,84.73482309912555,67.4825933908412,,"<a href=""https://m.stock.naver.com/domestic/stock/073010/total"" target=""_blank"">Naver</a>"
054780,키이스트,56.52618280349487,55.74223808151319,49.041927680291785,68.47245344876761,79.46225379274497,,"<a href=""https://m.stock.naver.com/domestic/stock/054780/total"" target=""_blank"">Naver</a>"
119500,포메탈,56.45296441607646,50.0,51.45537117998206,94.29894271201235,83.18454699759424,,"<a href=""https://m.stock.naver.com/domestic/stock/119500/total"" target=""_blank"">Naver</a>"
352940,인바이오,56.43565288076286,50.0,69.1391162923827,79.55891639587679,23.89964336159008,,"<a href=""https://m.stock.naver.com/domestic/stock/352940/total"" target=""_blank"">Naver</a>"
080720,한국유니온제약,56.42995917396952,80.64463864059529,0.0,60.323536339735114,40.21644711277673,,"<a href=""https://m.stock.naver.com/domestic/stock/080720/total"" target=""_blank"">Naver</a>"
091340,S&K폴리텍,56.42932932446573,57.512724244730826,45.778060003085436,63.14314282770282,83.25730988171193,,"<a href=""https://m.stock.naver.com/domestic/stock/091340/total"" target=""_blank"">Naver</a>"
032080,아즈텍WB,56.397503506414175,50.0,68.90166468689472,74.23157689862111,34.978592896567676,,"<a href=""https://m.stock.naver.com/domestic/stock/032080/total"" target=""_blank"">Naver</a>"
100590,머큐리,56.39592879514539,50.0,56.59236636114202,88.26844856406717,68.41984696906339,,"<a href=""https://m.stock.naver.com/domestic/stock/100590/total"" target=""_blank"">Naver</a>"
053290,NE능률,56.37570120664363,50.0,58.11157021399538,98.92989873623813,39.09637559041954,,"<a href=""https://m.stock.naver.com/domestic/stock/053290/total"" target=""_blank"">Naver</a>"
115180,큐리언트,56.36697127987992,81.41134841272869,0.0,49.79375509984487,50.8157344451645,,"<a href=""https://m.stock.naver.com/domestic/stock/115180/total"" target=""_blank"">Naver</a>"
099410,동방선기,56.34737733278922,50.0,51.19987647590822,99.46965037059582,72.00886353505163,,"<a href=""https://m.stock.naver.com/domestic/stock/099410/total"" target=""_blank"">Naver</a>"
038290,마크로젠,56.311328690426876,50.846204657893225,53.53166842909588,91.27122374274973,65.87132828283997,,"<a href=""https://m.stock.naver.com/domestic/stock/038290/total"" target=""_blank"">Naver</a>"
317830,에스피시스템스,56.308535042557615,65.8075498354087,29.325852597820397,56.019697961703365,77.81144391373931,,"<a href=""https://m.stock.naver.com/domestic/stock/317830/total"" target=""_blank"">Naver</a>"
050860,아세아텍,56.283795693829916,50.0,55.44005855470764,99.45101957713341,49.57358194879328,,"<a href=""https://m.stock.naver.com/domestic/stock/050860/total"" target=""_blank"">Naver</a>"
039240,경남스틸,56.26903074260978,50.0,50.71636032493196,92.56358662058435,86.67163998636691,,"<a href=""https://m.stock.naver.com/domestic/stock/039240/total"" target=""_blank"">Naver</a>"
023770,플레이위드,56.25301515128863,50.0,64.23013531295261,72.63266209339194,58.64430227422571,,"<a href=""https://m.stock.naver.com/domestic/stock/023770/total"" target=""_blank"">Naver</a>"
115450,HLB테라퓨틱스,56.24324619425363,75.59951045209114,0.0,69.95628969321032,77.75821907355837,,"<a href=""https://m.stock.naver.com/domestic/stock/115450/total"" target=""_blank"">Naver</a>"
066790,씨씨에스,56.199829547004896,53.295427941826404,51.431950634557175,74.60699154073272,78.07771938392968,,"<a href=""https://m.stock.naver.com/domestic/stock/066790/total"" target=""_blank"">Naver</a>"
237880,클리오,56.128396374643344,49.169255866169465,54.77355050322413,85.48828104726329,87.69254248818612,,"<a href=""https://m.stock.naver.com/domestic/stock/237880/total"" target=""_blank"">Naver</a>"
320000,한울반도체,56.08042355735496,50.0,52.00597345620762,99.5840876072591,62.41042865154297,,"<a href=""https://m.stock.naver.com/domestic/stock/320000/total"" target=""_blank"">Naver</a>"
036000,예림당,56.04724220393028,66.66666666666667,26.331305061601796,74.64415938529828,40.0,,"<a href=""https://m.stock.naver.com/domestic/stock/036000/total"" target=""_blank"">Naver</a>"
137940,넥스트아이,56.03129462438747,77.02968649608921,0.0,73.56849918862926,49.13265615742032,,"<a href=""https://m.stock.naver.com/domestic/stock/137940/total"" target=""_blank"">Naver</a>"
126640,화신정공,56.025753536363304,50.0,48.87131584881393,92.23808561424113,91.68232025471414,,"<a href=""https://m.stock.naver.com/domestic/stock/126640/total"" target=""_blank"">Naver</a>"
079000,와토스코리아,55.974126018925645,50.0,52.223176096995644,99.84676757835618,58.67310473682244,,"<a href=""https://m.stock.naver.com/domestic/stock/079000/total"" target=""_blank"">Naver</a>"
223310,딥마인드,55.91829363942306,76.88856305438286,0.0,72.77850482110766,50.14610649365166,,"<a href=""https://m.stock.naver.com/domestic/stock/223310/total"" target=""_blank"">Naver</a>"
221980,케이디켐,55.85064579304137,40.39309992770436,74.48957212809542,99.38885236126069,61.070151365376645,,"<a href=""https://m.stock.naver.com/domestic/stock/221980/total"" target=""_blank"">Naver</a>"
068050,팬엔터테인먼트,55.81778424535233,50.0,64.19230375554478,72.42619842313987,50.54176928304279,,"<a href=""https://m.stock.naver.com/domestic/stock/068050/total"" target=""_blank"">Naver</a>"
078130,국일제지,55.81341376496307,73.7655624990669,9.825430544744638,58.521233512639384,64.91190556145659,,"<a href=""https://m.stock.naver.com/domestic/stock/078130/total"" target=""_blank"">Naver</a>"
035890,서희건설,55.806897140085326,37.95917414424516,79.29037395651356,86.06315546251975,92.04967236315721,,"<a href=""https://m.stock.naver.com/domestic/stock/035890/total"" target=""_blank"">Naver</a>"
214180,헥토이노베이션,55.71263776411295,38.07976132749839,78.1613498683894,95.64045760413948,75.20795480205231,,"<a href=""https://m.stock.naver.com/domestic/stock/214180/total"" target=""_blank"">Naver</a>"
100130,동국S&C,55.70821125426068,47.99217480279467,58.6711017448458,89.88098595279612,65.1406468218564,,"<a href=""https://m.stock.naver.com/domestic/stock/100130/total"" target=""_blank"">Naver</a>"
215790,이노인스트루먼트,55.64696181341226,40.79316306059746,80.27629811468962,96.41720396571385,29.20538103619986,,"<a href=""https://m.stock.naver.com/domestic/stock/215790/total"" target=""_blank"">Naver</a>"
089980,상아프론테크,55.63614835376569,49.86641228963699,57.78226518283082,80.18491220165892,65.04486928219808,,"<a href=""https://m.stock.naver.com/domestic/stock/089980/total"" target=""_blank"">Naver</a>"
049830,승일,55.58180985649217,50.0,48.3680749017278,96.9422997420901,75.91122313702421,,"<a href=""https://m.stock.naver.com/domestic/stock/049830/total"" target=""_blank"">Naver</a>"
066900,디에이피,55.50757752655511,50.0,52.71616428439015,80.23904497842616,86.09263915229914,,"<a href=""https://m.stock.naver.com/domestic/stock/066900/total"" target=""_blank"">Naver</a>"
214430,아이쓰리시스템,55.47684415996918,50.0,51.26660742302141,97.63276481213856,57.93831645999941,,"<a href=""https://m.stock.naver.com/domestic/stock/214430/total"" target=""_blank"">Naver</a>"
138360,협진,55.43688925200699,50.0,67.63559373455281,69.65760795723315,31.244600452909626,,"<a href=""https://m.stock.naver.com/domestic/stock/138360/total"" target=""_blank"">Naver</a>"
053050,지에스이,55.40275596307643,50.0,52.18722867162847,81.6191364603165,83.88070298275326,,"<a href=""https://m.stock.naver.com/domestic/stock/053050/total"" target=""_blank"">Naver</a>"
211270,AP위성,55.382614198380026,50.0,47.891136381315256,99.07269981414916,70.0512024327259,,"<a href=""https://m.stock.naver.com/domestic/stock/211270/total"" target=""_blank"">Naver</a>"
024060,흥구석유,55.375575751499554,50.0,42.97828907674227,99.84151818320147,92.93703327987676,,"<a href=""https://m.stock.naver.com/domestic/stock/024060/total"" target=""_blank"">Naver</a>"
048870,시너지이노베이션,55.3443088137243,45.011616493495694,74.82074606409996,67.47217275161444,57.698702528808795,,"<a href=""https://m.stock.naver.com/domestic/stock/048870/total"" target=""_blank"">Naver</a>"
026910,광진실업,55.30289266733232,50.0,48.970237907254216,93.98026678112817,73.24613024811906,,"<a href=""https://m.stock.naver.com/domestic/stock/026910/total"" target=""_blank"">Naver</a>"
243070,휴온스,55.295022578592516,44.18818093333625,68.0410554344269,87.43066421530176,60.57567476907751,,"<a href=""https://m.stock.naver.com/domestic/stock/243070/total"" target=""_blank"">Naver</a>"
069410,엔텔스,55.254594971473566,46.03531410079396,56.44832589514954,90.38305365737492,89.66039342944629,,"<a href=""https://m.stock.naver.com/domestic/stock/069410/total"" target=""_blank"">Naver</a>"
065060,지엔코,55.21049346103108,71.20195109817341,13.557369840741293,61.97219175064107,58.05522333755203,,"<a href=""https://m.stock.naver.com/domestic/stock/065060/total"" target=""_blank"">Naver</a>"
020180,대신정보통신,55.15178269553187,50.0,48.40353010065892,82.56983532458516,95.8783327581726,,"<a href=""https://m.stock.naver.com/domestic/stock/020180/total"" target=""_blank"">Naver</a>"
234340,헥토파이낸셜,55.131827250664074,36.97060115636571,81.95614337831239,89.45120987444263,70.30619449644576,,"<a href=""https://m.stock.naver.com/domestic/stock/234340/total"" target=""_blank"">Naver</a>"
030520,한글과컴퓨터,55.11133822117863,48.91741489074578,51.99616973254238,90.56284380770742,74.1112494564965,,"<a href=""https://m.stock.naver.com/domestic/stock/030520/total"" target=""_blank"">Naver</a>"
265520,AP시스템,55.08043337334335,34.89174044064702,83.72748745949626,90.19498647953104,83.88037192255925,,"<a href=""https://m.stock.naver.com/domestic/stock/265520/total"" target=""_blank"">Naver</a>"
083640,인콘,55.047160416001006,52.69221428986316,47.96869190732914,74.47304964325855,79.84707801849937,,"<a href=""https://m.stock.naver.com/domestic/stock/083640/total"" target=""_blank"">Naver</a>"
192440,슈피겐코리아,55.03612009350215,41.36049529907049,69.24765905625952,96.8768779685301,64.4044070628393,,"<a href=""https://m.stock.naver.com/domestic/stock/192440/total"" target=""_blank"">Naver</a>"
028300,HLB,55.02227429811348,81.02775203564075,0.0,39.62294351883479,48.866574496911085,,"<a href=""https://m.stock.naver.com/domestic/stock/028300/total"" target=""_blank"">Naver</a>"
115570,스타플렉스,54.99634002161244,56.05685071603765,48.15288648067732,64.81638943021963,56.84738057597117,,"<a href=""https://m.stock.naver.com/domestic/stock/115570/total"" target=""_blank"">Naver</a>"
048530,인트론바이오,54.981902086615875,35.52366097093153,85.85988677313634,94.32291680363004,55.408842608197226,,"<a href=""https://m.stock.naver.com/domestic/stock/048530/total"" target=""_blank"">Naver</a>"
036170,에이치엠넥스,54.93561603103553,44.43203323267495,63.09076061739728,95.65176439678439,58.77058994805613,,"<a href=""https://m.stock.naver.com/domestic/stock/036170/total"" target=""_blank"">Naver</a>"
178780,일월지엠엘,54.9244266718643,72.34795223899273,0.0,74.51569842404822,81.28170972127693,,"<a href=""https://m.stock.naver.com/domestic/stock/178780/total"" target=""_blank"">Naver</a>"
126700,하이비젼시스템,54.86573313676984,32.68988380487487,84.85751302280262,99.15125759988446,82.44597676311622,,"<a href=""https://m.stock.naver.com/domestic/stock/126700/total"" target=""_blank"">Naver</a>"
331380,포커스에이아이,54.824070241432324,50.0,48.27670617770357,92.37176370529858,70.35434652953136,,"<a href=""https://m.stock.naver.com/domestic/stock/331380/total"" target=""_blank"">Naver</a>"
078860,엔에스이엔엠,54.80276759409393,75.95007541840772,0.0,74.74334450569404,35.1677578495979,,"<a href=""https://m.stock.naver.com/domestic/stock/078860/total"" target=""_blank"">Naver</a>"
051980,중앙첨단소재,54.76893756253671,76.66286312751843,0.0,66.74670519453801,41.93098333143704,,"<a href=""https://m.stock.naver.com/domestic/stock/051980/total"" target=""_blank"">Naver</a>"
033200,모아텍,54.716297283633224,63.71345140849086,21.57753277319382,74.75792969845178,72.3610055079015,,"<a href=""https://m.stock.naver.com/domestic/stock/033200/total"" target=""_blank"">Naver</a>"
169330,엠브레인,54.68711223846766,35.506536793269476,78.9055872969366,94.51411093803031,84.10764488937582,,"<a href=""https://m.stock.naver.com/domestic/stock/169330/total"" target=""_blank"">Naver</a>"
061250,화일약품,54.677426257251796,50.0,48.64896766691698,99.8281253859566,50.64743603853786,,"<a href=""https://m.stock.naver.com/domestic/stock/061250/total"" target=""_blank"">Naver</a>"
900100,애머릿지,54.66958311964039,45.379834407451916,61.28878548906166,81.17798170824385,80.03375864158883,,"<a href=""https://m.stock.naver.com/domestic/stock/900100/total"" target=""_blank"">Naver</a>"
058820,CMG제약,54.66924032462908,50.0,49.41948467085543,99.80411608840872,46.67915096148691,,"<a href=""https://m.stock.naver.com/domestic/stock/058820/total"" target=""_blank"">Naver</a>"
086960,MDS테크,54.66139255068913,63.90110326998308,21.779555283404992,70.93188550452713,75.65306434790635,,"<a href=""https://m.stock.naver.com/domestic/stock/086960/total"" target=""_blank"">Naver</a>"
200470,에이팩트,54.66024586941635,50.0,58.85796462971225,64.28685290282998,70.34138843410568,,"<a href=""https://m.stock.naver.com/domestic/stock/200470/total"" target=""_blank"">Naver</a>"
025950,동신건설,54.62539247648115,50.0,43.76429460381391,99.27412523886566,75.13812603282213,,"<a href=""https://m.stock.naver.com/domestic/stock/025950/total"" target=""_blank"">Naver</a>"
060480,국일신동,54.60273368879225,50.0,48.80375203467213,99.71060952562476,48.61469455123486,,"<a href=""https://m.stock.naver.com/domestic/stock/060480/total"" target=""_blank"">Naver</a>"
115310,인포바인,54.596472332123284,34.2631597502536,85.31962294086736,99.90573348837074,54.36194795834403,,"<a href=""https://m.stock.naver.com/domestic/stock/115310/total"" target=""_blank"">Naver</a>"
180400,DXVX,54.563059492086985,78.66737130501396,0.0,40.089865239479174,67.07300370261396,,"<a href=""https://m.stock.naver.com/domestic/stock/180400/total"" target=""_blank"">Naver</a>"
100660,서암기계공업,54.562293786167714,50.0,46.6129384829479,99.43066795966264,59.31984738928949,,"<a href=""https://m.stock.naver.com/domestic/stock/100660/total"" target=""_blank"">Naver</a>"
039610,화성밸브,54.38106486761773,50.0,50.594671234223114,94.53984659484397,45.568247991551054,,"<a href=""https://m.stock.naver.com/domestic/stock/039610/total"" target=""_blank"">Naver</a>"
065530,와이어블,54.334916187117244,50.0,51.758723843438936,85.96703878548455,55.97062695418121,,"<a href=""https://m.stock.naver.com/domestic/stock/065530/total"" target=""_blank"">Naver</a>"
303030,지니틱스,54.23697184831033,50.0,42.83937836389183,98.89534720343292,72.75185073988162,,"<a href=""https://m.stock.naver.com/domestic/stock/303030/total"" target=""_blank"">Naver</a>"
214270,FSN,54.211779831615814,49.4425306113718,53.186413107116685,77.4165293696711,70.16010502092908,,"<a href=""https://m.stock.naver.com/domestic/stock/214270/total"" target=""_blank"">Naver</a>"
067390,아스트,54.14349255926791,78.98816748629046,3.77802799243006,42.49651963023989,31.128662127242656,,"<a href=""https://m.stock.naver.com/domestic/stock/067390/total"" target=""_blank"">Naver</a>"
036630,세종텔레콤,54.09979033479278,55.724124476375245,37.06715484790694,74.29486641830988,79.38080590319815,,"<a href=""https://m.stock.naver.com/domestic/stock/036630/total"" target=""_blank"">Naver</a>"
007720,소노스퀘어,54.09783429039562,70.60616417862927,0.0,74.01006531313891,86.66258503808342,,"<a href=""https://m.stock.naver.com/domestic/stock/007720/total"" target=""_blank"">Naver</a>"
151910,퓨처코어,54.03639803540804,70.19651584669292,10.964745172788392,57.41716543555654,68.71171381279085,,"<a href=""https://m.stock.naver.com/domestic/stock/151910/total"" target=""_blank"">Naver</a>"
119830,아이텍,53.913486510563814,64.03596472281214,18.194702359760488,74.22329180207365,70.4180581345808,,"<a href=""https://m.stock.naver.com/domestic/stock/119830/total"" target=""_blank"">Naver</a>"
148250,알엔투테크놀로지,53.83426679755501,50.0,58.02756990287569,70.88468307277978,44.77812029116221,,"<a href=""https://m.stock.naver.com/domestic/stock/148250/total"" target=""_blank"">Naver</a>"
039020,이건홀딩스,53.77719068476112,48.56711996106511,55.54640365032705,69.18494130893481,76.63647329293632,,"<a href=""https://m.stock.naver.com/domestic/stock/039020/total"" target=""_blank"">Naver</a>"
033100,제룡전기,53.75914502069365,50.0,45.030194235973575,87.39154888542754,75.24883146315003,,"<a href=""https://m.stock.naver.com/domestic/stock/033100/total"" target=""_blank"">Naver</a>"
033130,디지틀조선,53.65988538945313,43.73859990611629,57.84987011949968,99.71202072626375,59.66111686564115,,"<a href=""https://m.stock.naver.com/domestic/stock/033130/total"" target=""_blank"">Naver</a>"
240810,원익IPS,53.63287743936547,36.85334743108566,80.35709951300828,95.31529011009468,38.00130182905081,,"<a href=""https://m.stock.naver.com/domestic/stock/240810/total"" target=""_blank"">Naver</a>"
066590,우수AMS,53.63017366937125,66.31821256409651,22.1468968285068,36.299860807977694,93.45071685977742,,"<a href=""https://m.stock.naver.com/domestic/stock/066590/total"" target=""_blank"">Naver</a>"
008830,대동기어,53.49700466023946,50.0,53.31961636415184,64.17353976607505,74.99493185187993,,"<a href=""https://m.stock.naver.com/domestic/stock/008830/total"" target=""_blank"">Naver</a>"
067570,엔브이에이치코리아,53.48695772401566,51.28329495437007,51.50543968488606,53.80932367761454,89.19376924821307,,"<a href=""https://m.stock.naver.com/domestic/stock/067570/total"" target=""_blank"">Naver</a>"
024810,이화전기,53.45942207284833,47.37782690399042,64.3924654593971,68.1786504201277,42.33489047184062,,"<a href=""https://m.stock.naver.com/domestic/stock/024810/total"" target=""_blank"">Naver</a>"
054300,팬스타엔터프라이즈,53.36874381957872,50.0,51.74018937897455,69.79697748580914,69.0799745250832,,"<a href=""https://m.stock.naver.com/domestic/stock/054300/total"" target=""_blank"">Naver</a>"
036190,금화피에스시,53.34279443605902,36.481751659094726,70.1183495889275,99.6180564064855,79.24700805443543,,"<a href=""https://m.stock.naver.com/domestic/stock/036190/total"" target=""_blank"">Naver</a>"
020400,대동금속,53.27850090531813,50.0,50.06207320933762,64.55302480998886,86.15360243969671,,"<a href=""https://m.stock.naver.com/domestic/stock/020400/total"" target=""_blank"">Naver</a>"
052770,아이톡시,53.25239057510338,72.81214547350402,0.0,52.109949750504015,87.08216631901118,,"<a href=""https://m.stock.naver.com/domestic/stock/052770/total"" target=""_blank"">Naver</a>"
228670,레이,53.24525757442219,52.97704834800545,44.96725124491092,73.66529742016625,57.01372024749128,,"<a href=""https://m.stock.naver.com/domestic/stock/228670/total"" target=""_blank"">Naver</a>"
145020,휴젤,53.2274106751704,33.09012535490316,85.69885353830797,96.29470395463866,46.3830336437529,,"<a href=""https://m.stock.naver.com/domestic/stock/145020/total"" target=""_blank"">Naver</a>"
263800,데이타솔루션,53.132114294830075,50.0,46.62176968152878,70.29294162108755,88.94755424678252,,"<a href=""https://m.stock.naver.com/domestic/stock/263800/total"" target=""_blank"">Naver</a>"
008470,부스타,53.05972972859307,50.0,45.50801026736695,74.46719189489077,84.72015944524496,,"<a href=""https://m.stock.naver.com/domestic/stock/008470/total"" target=""_blank"">Naver</a>"
088800,에이스테크,53.046231959060755,78.4148531264292,0.0,38.81948676447252,42.30742813511976,,"<a href=""https://m.stock.naver.com/domestic/stock/088800/total"" target=""_blank"">Naver</a>"
265740,엔에프씨,53.02068511793898,33.53399615286574,81.02800267209591,93.16515373732247,66.53542768926629,,"<a href=""https://m.stock.naver.com/domestic/stock/265740/total"" target=""_blank"">Naver</a>"
012620,원일특강,52.92827215461342,41.175093425713065,63.17279683831696,87.80256414560276,72.99520950092118,,"<a href=""https://m.stock.naver.com/domestic/stock/012620/total"" target=""_blank"">Naver</a>"
228850,레이언스,52.927272145182194,38.06887641229141,71.88031183171364,98.43149028734437,45.454386222889994,,"<a href=""https://m.stock.naver.com/domestic/stock/228850/total"" target=""_blank"">Naver</a>"
017000,신원종합개발,52.909763771406084,50.0,50.924637136391844,80.81042763824024,41.95123446968198,,"<a href=""https://m.stock.naver.com/domestic/stock/017000/total"" target=""_blank"">Naver</a>"
033050,제이엠아이,52.903242481726174,48.46070844815525,50.325221011082874,78.97132028347619,66.96760263429374,,"<a href=""https://m.stock.naver.com/domestic/stock/033050/total"" target=""_blank"">Naver</a>"
263720,디앤씨미디어,52.90321511009566,26.330779585966628,92.31328195380995,99.43199884965858,81.66453970194678,,"<a href=""https://m.stock.naver.com/domestic/stock/263720/total"" target=""_blank"">Naver</a>"
222420,쎄노텍,52.826281991579414,50.0,56.66202220964298,69.28607808590459,34.64337261156422,,"<a href=""https://m.stock.naver.com/domestic/stock/222420/total"" target=""_blank"">Naver</a>"
059090,미코,52.805965527350594,39.647888092418476,66.5844478899474,86.60633132790724,74.2097513324387,,"<a href=""https://m.stock.naver.com/domestic/stock/059090/total"" target=""_blank"">Naver</a>"
090410,덕신이피씨,52.77733074742637,47.284957994791206,48.80278417118425,89.08087294596356,65.95145226318445,,"<a href=""https://m.stock.naver.com/domestic/stock/090410/total"" target=""_blank"">Naver</a>"
206640,바디텍메드,52.7352061475216,25.639074292801173,99.2377612445191,100.0,50.84642521422249,,"<a href=""https://m.stock.naver.com/domestic/stock/206640/total"" target=""_blank"">Naver</a>"
060380,동양에스텍,52.69486556144915,35.846269050591175,73.78573872746561,89.24334964322281,76.32668969811508,,"<a href=""https://m.stock.naver.com/domestic/stock/060380/total"" target=""_blank"">Naver</a>"
131090,시큐브,52.65946886875802,26.367785279513416,91.5687174424874,99.7024824619002,79.52740188476196,,"<a href=""https://m.stock.naver.com/domestic/stock/131090/total"" target=""_blank"">Naver</a>"
319660,피에스케이,52.60353252788638,27.860537916554325,90.36655690406944,98.92034246665182,68.07072610542497,,"<a href=""https://m.stock.naver.com/domestic/stock/319660/total"" target=""_blank"">Naver</a>"
319400,현대무벡스,52.58614422968315,40.4153908633316,57.60595625522967,96.08364189202786,86.54112917347976,,"<a href=""https://m.stock.naver.com/domestic/stock/319400/total"" target=""_blank"">Naver</a>"
104040,대성파인텍,52.568491396024186,50.0,48.38595384178543,79.6026965068865,50.23466569778354,,"<a href=""https://m.stock.naver.com/domestic/stock/104040/total"" target=""_blank"">Naver</a>"
035810,이지홀딩스,52.430473824635364,49.95237510294419,45.55368967311463,69.31737883529246,82.777769221219,,"<a href=""https://m.stock.naver.com/domestic/stock/035810/total"" target=""_blank"">Naver</a>"
246250,에스엘에스바이오,52.36220474236997,50.0,47.54518588121406,68.19336943255406,73.13142657622093,,"<a href=""https://m.stock.naver.com/domestic/stock/246250/total"" target=""_blank"">Naver</a>"
095500,미래나노텍,52.361684589921595,42.681056707363524,59.759579879492264,81.20315709536891,73.85679772187063,,"<a href=""https://m.stock.naver.com/domestic/stock/095500/total"" target=""_blank"">Naver</a>"
178320,서진시스템,52.35233029744541,44.33707034683609,64.3125655934004,76.61156562322148,40.215802573430125,,"<a href=""https://m.stock.naver.com/domestic/stock/178320/total"" target=""_blank"">Naver</a>"
005990,매일홀딩스,52.32206575029062,37.67394842959328,62.80321115515461,95.37997416432256,89.577929746275,,"<a href=""https://m.stock.naver.com/domestic/stock/005990/total"" target=""_blank"">Naver</a>"
217730,강스템바이오텍,52.27489100140644,65.23766672062673,0.0,97.3956367444772,67.85454589165359,,"<a href=""https://m.stock.naver.com/domestic/stock/217730/total"" target=""_blank"">Naver</a>"
278650,HLB바이오스텝,52.25007921068555,32.67084689843797,81.0120218953688,87.43827542953883,73.01476109653368,,"<a href=""https://m.stock.naver.com/domestic/stock/278650/total"" target=""_blank"">Naver</a>"
229000,젠큐릭스,52.22307908661501,75.95684443966998,0.0,35.96443511010855,61.050578236043364,,"<a href=""https://m.stock.naver.com/domestic/stock/229000/total"" target=""_blank"">Naver</a>"
080160,모두투어,52.136197174931986,49.30034255645874,62.35518474424095,37.824844007388904,63.69422108515233,,"<a href=""https://m.stock.naver.com/domestic/stock/080160/total"" target=""_blank"">Naver</a>"
125210,아모그린텍,52.07331732961054,50.0,50.40003275522187,57.09273600606594,75.28071080396955,,"<a href=""https://m.stock.naver.com/domestic/stock/125210/total"" target=""_blank"">Naver</a>"
263020,디케이앤디,52.01427130015165,57.301765187222976,25.73630484135153,74.8350114895897,74.31269657042009,,"<a href=""https://m.stock.naver.com/domestic/stock/263020/total"" target=""_blank"">Naver</a>"
086040,바이오톡스텍,51.91276559889611,35.08733151349676,81.34174554266407,67.37954785706032,75.73951038852019,,"<a href=""https://m.stock.naver.com/domestic/stock/086040/total"" target=""_blank"">Naver</a>"
066430,아이로보틱스,51.85619467903354,50.0,44.42084404492582,66.74098858554389,81.53769618495404,,"<a href=""https://m.stock.naver.com/domestic/stock/066430/total"" target=""_blank"">Naver</a>"
005710,대원산업,51.783006715577805,38.872795443366556,56.78710904620912,98.51084115958162,88.22936144094862,,"<a href=""https://m.stock.naver.com/domestic/stock/005710/total"" target=""_blank"">Naver</a>"
193250,링크드,51.696269756385604,57.581350356775,26.920455836232055,73.29689639837605,61.75311886849975,,"<a href=""https://m.stock.naver.com/domestic/stock/193250/total"" target=""_blank"">Naver</a>"
086670,비엠티,51.68417631478814,46.404216261139275,56.67670571206037,74.67965139173006,44.09009981832967,,"<a href=""https://m.stock.naver.com/domestic/stock/086670/total"" target=""_blank"">Naver</a>"
189690,포시에스,51.569976794685715,32.69286027309084,75.29488781186716,99.81984659809967,62.971080361089165,,"<a href=""https://m.stock.naver.com/domestic/stock/189690/total"" target=""_blank"">Naver</a>"
088290,이원컴포텍,51.517286395862946,51.820846095032614,40.31304749946216,61.90017099768811,83.12999528418061,,"<a href=""https://m.stock.naver.com/domestic/stock/088290/total"" target=""_blank"">Naver</a>"
369370,블리츠웨이엔터테인먼트,51.50284862176225,50.0,29.54895471920011,99.34760464599184,83.61698954726072,,"<a href=""https://m.stock.naver.com/domestic/stock/369370/total"" target=""_blank"">Naver</a>"
198080,캐프,51.499640250974366,47.22107910961389,44.863330715653326,75.92452905672455,87.17414401240497,,"<a href=""https://m.stock.naver.com/domestic/stock/198080/total"" target=""_blank"">Naver</a>"
007770,한일화학,51.42148892239848,38.053641878918505,73.39014255905539,70.48650139211627,63.862360321438146,,"<a href=""https://m.stock.naver.com/domestic/stock/007770/total"" target=""_blank"">Naver</a>"
025440,DH오토웨어,51.379837272229594,61.12268217791677,14.472756974983847,65.15107346618292,91.45862750230563,,"<a href=""https://m.stock.naver.com/domestic/stock/025440/total"" target=""_blank"">Naver</a>"
365590,하이딥,51.35483592233576,50.0,45.642240933537074,74.4427568895149,50.0,,"<a href=""https://m.stock.naver.com/domestic/stock/365590/total"" target=""_blank"">Naver</a>"
044490,태웅,51.3452541372929,50.0,45.663706064220044,80.13314169613196,38.32026903249391,,"<a href=""https://m.stock.naver.com/domestic/stock/044490/total"" target=""_blank"">Naver</a>"
279600,미디어젠,51.32266920462091,50.0,41.537813952830795,71.4058973204041,75.95251968745607,,"<a href=""https://m.stock.naver.com/domestic/stock/279600/total"" target=""_blank"">Naver</a>"
015750,성우하이텍,51.304698627443535,48.50318506183944,46.06490865661704,66.88377025111487,79.96366802148265,,"<a href=""https://m.stock.naver.com/domestic/stock/015750/total"" target=""_blank"">Naver</a>"
238200,비피도,51.280403405281525,55.56630100488875,31.003462846261808,74.85605154660368,54.08303872244917,,"<a href=""https://m.stock.naver.com/domestic/stock/238200/total"" target=""_blank"">Naver</a>"
065570,삼영이엔씨,51.219421412848135,50.0,45.48104959343288,83.58255235607096,29.818075577656387,,"<a href=""https://m.stock.naver.com/domestic/stock/065570/total"" target=""_blank"">Naver</a>"
053800,안랩,51.19701250266831,34.74064694216782,69.09184966583366,87.56620858058001,86.46082125702388,,"<a href=""https://m.stock.naver.com/domestic/stock/053800/total"" target=""_blank"">Naver</a>"
261200,덴티스,51.167699792939906,55.074715742159334,38.049346107611974,65.71518000004868,40.78031641472885,,"<a href=""https://m.stock.naver.com/domestic/stock/261200/total"" target=""_blank"">Naver</a>"
225430,케이엠제약,51.14720837540303,50.0,36.14144477618024,88.61620745790894,65.00452871134155,,"<a href=""https://m.stock.naver.com/domestic/stock/225430/total"" target=""_blank"">Naver</a>"
036620,감성코퍼레이션,51.08786986588425,50.0,44.00743808967715,72.85028757704647,56.0196317152064,,"<a href=""https://m.stock.naver.com/domestic/stock/036620/total"" target=""_blank"">Naver</a>"
025870,신라에스지,51.029499553406495,44.44368016334217,53.4394398619339,70.19735160775924,79.6739265828358,,"<a href=""https://m.stock.naver.com/domestic/stock/025870/total"" target=""_blank"">Naver</a>"
084110,휴온스글로벌,50.88282913512974,39.86488698843783,60.42000747427858,85.45107137880302,66.27575871234193,,"<a href=""https://m.stock.naver.com/domestic/stock/084110/total"" target=""_blank"">Naver</a>"
036480,대성미생물,50.84339009356775,50.0,48.421849834124515,64.60352502961557,45.55150264150131,,"<a href=""https://m.stock.naver.com/domestic/stock/036480/total"" target=""_blank"">Naver</a>"
007820,에스엠코어,50.813412862423704,53.587561988703776,31.04210032981724,73.52446806033848,70.95807561426564,,"<a href=""https://m.stock.naver.com/domestic/stock/007820/total"" target=""_blank"">Naver</a>"
019010,베뉴지,50.80494208727212,37.53188170396271,76.41872379139431,51.811321170459124,80.0,,"<a href=""https://m.stock.naver.com/domestic/stock/019010/total"" target=""_blank"">Naver</a>"
195500,마니커에프앤지,50.771552886102825,50.0,39.04078412654798,72.38070687911025,75.46572333109616,,"<a href=""https://m.stock.naver.com/domestic/stock/195500/total"" target=""_blank"">Naver</a>"
060230,소니드,50.71980222655599,66.66666666666667,13.38570649948042,54.50754094020007,38.45243015331761,,"<a href=""https://m.stock.naver.com/domestic/stock/060230/total"" target=""_blank"">Naver</a>"
035200,프럼파스트,50.718481181651946,37.04703003826922,61.25156830954868,99.7017839036559,64.14385381875306,,"<a href=""https://m.stock.naver.com/domestic/stock/035200/total"" target=""_blank"">Naver</a>"
035080,그래디언트,50.70396009198803,51.076143851348775,34.04901925820426,69.8015786558451,91.31722202086375,,"<a href=""https://m.stock.naver.com/domestic/stock/035080/total"" target=""_blank"">Naver</a>"
149950,아바텍,50.69265390764776,50.0,36.24032606500257,74.79035292949287,83.07074196895667,,"<a href=""https://m.stock.naver.com/domestic/stock/149950/total"" target=""_blank"">Naver</a>"
373200,엑스플러스,50.676091963444904,50.0,24.220552993162546,99.39552023907231,93.62803382494062,,"<a href=""https://m.stock.naver.com/domestic/stock/373200/total"" target=""_blank"">Naver</a>"
900310,컬러레이,50.67305430052787,26.68266707520935,90.3362884611724,99.79391197410901,41.99981485396526,,"<a href=""https://m.stock.naver.com/domestic/stock/900310/total"" target=""_blank"">Naver</a>"
258790,소프트캠프,50.66997862061663,50.43633639302724,37.81612664726206,74.77431822433212,69.53426601103125,,"<a href=""https://m.stock.naver.com/domestic/stock/258790/total"" target=""_blank"">Naver</a>"
307870,비투엔,50.65252835544403,50.0,26.232227576476205,97.82837252387009,86.23268417875954,,"<a href=""https://m.stock.naver.com/domestic/stock/307870/total"" target=""_blank"">Naver</a>"
006920,모헨즈,50.647907672526046,44.22561405632908,40.848250642198465,96.13861875588857,85.73229405180244,,"<a href=""https://m.stock.naver.com/domestic/stock/006920/total"" target=""_blank"">Naver</a>"
035600,KG이니시스,50.60231107963341,37.60488866027149,60.59233755273443,86.77131177694898,84.28324635184023,,"<a href=""https://m.stock.naver.com/domestic/stock/035600/total"" target=""_blank"">Naver</a>"
094840,슈프리마에이치큐,50.56992824422594,29.31190399035374,82.6831042450227,95.94092261050332,54.35835055415387,,"<a href=""https://m.stock.naver.com/domestic/stock/094840/total"" target=""_blank"">Naver</a>"
089150,케이씨티,50.56875721153941,50.0,45.565525328732484,56.82074388102359,69.90602982507863,,"<a href=""https://m.stock.naver.com/domestic/stock/089150/total"" target=""_blank"">Naver</a>"
131370,알서포트,50.54209866159055,20.13857840035894,99.01982246535397,99.62601528468736,74.82788953135905,,"<a href=""https://m.stock.naver.com/domestic/stock/131370/total"" target=""_blank"">Naver</a>"
046940,우원개발,50.45693329343257,47.90372095996265,42.05176940477096,67.99754298474966,88.04008135574554,,"<a href=""https://m.stock.naver.com/domestic/stock/046940/total"" target=""_blank"">Naver</a>"
023410,유진기업,50.432643506714555,42.84785586530131,62.89411150323608,51.107272374507964,77.79349748547898,,"<a href=""https://m.stock.naver.com/domestic/stock/023410/total"" target=""_blank"">Naver</a>"
213420,덕산네오룩스,50.35370005428552,23.842177261143025,93.00908590485994,99.60764594847095,56.70715253075246,,"<a href=""https://m.stock.naver.com/domestic/stock/213420/total"" target=""_blank"">Naver</a>"
016790,현대사료,50.300121205268454,50.0,38.19367071581528,73.06355955458297,68.90695141712689,,"<a href=""https://m.stock.naver.com/domestic/stock/016790/total"" target=""_blank"">Naver</a>"
267980,매일유업,50.253790338967704,34.37047595161414,62.70664287410985,95.0379892509091,89.02090248761695,,"<a href=""https://m.stock.naver.com/domestic/stock/267980/total"" target=""_blank"">Naver</a>"
035620,바른손이앤에이,50.17097279292654,47.96489123072075,56.202373360614864,48.00158316584077,50.82572795512604,,"<a href=""https://m.stock.naver.com/domestic/stock/035620/total"" target=""_blank"">Naver</a>"
065500,오리엔트정공,50.13310040896817,48.133520458029814,45.47767425851819,59.769129894967456,78.13313160047987,,"<a href=""https://m.stock.naver.com/domestic/stock/065500/total"" target=""_blank"">Naver</a>"
244460,올리패스,50.07049039871433,72.74021115177707,0.0,46.763637076480876,35.0,,"<a href=""https://m.stock.naver.com/domestic/stock/244460/total"" target=""_blank"">Naver</a>"
016920,카스,50.01478193736372,52.08391366466645,40.510402081651705,51.330877029926256,70.07491030316598,,"<a href=""https://m.stock.naver.com/domestic/stock/016920/total"" target=""_blank"">Naver</a>"
018700,바른손,49.95535170415809,39.013062032238885,62.10180725860831,74.36073451424569,71.71978437476233,,"<a href=""https://m.stock.naver.com/domestic/stock/018700/total"" target=""_blank"">Naver</a>"
103840,우양,49.90400071761195,50.0,45.622360561629186,45.69288157204407,78.582448400005,,"<a href=""https://m.stock.naver.com/domestic/stock/103840/total"" target=""_blank"">Naver</a>"
115160,휴맥스,49.79555180601298,65.15213106205653,9.434687376175043,54.381480204150265,58.149066086405625,,"<a href=""https://m.stock.naver.com/domestic/stock/115160/total"" target=""_blank"">Naver</a>"
052260,현대바이오랜드,49.70861624037447,53.35789880831677,23.5923683464535,91.5036061682542,52.908485038912204,,"<a href=""https://m.stock.naver.com/domestic/stock/052260/total"" target=""_blank"">Naver</a>"
030960,양지사,49.67073455483952,50.0,37.97278906858605,74.72930441316274,54.09213692753464,,"<a href=""https://m.stock.naver.com/domestic/stock/030960/total"" target=""_blank"">Naver</a>"
065350,신성델타테크,49.53637614493265,38.18699954504351,64.06093432048286,64.64352763143319,82.89180149285032,,"<a href=""https://m.stock.naver.com/domestic/stock/065350/total"" target=""_blank"">Naver</a>"
241790,티이엠씨씨엔에스,49.51619242308382,26.494518569478462,82.6925808190531,97.88378192334226,63.159157685984866,,"<a href=""https://m.stock.naver.com/domestic/stock/241790/total"" target=""_blank"">Naver</a>"
002680,한탑,49.47551427234497,64.12726861723333,14.504626082472257,41.90052702098283,63.658877585772615,,"<a href=""https://m.stock.naver.com/domestic/stock/002680/total"" target=""_blank"">Naver</a>"
123570,이엠넷,49.45685736879109,20.86967394868545,97.50966202459274,98.76693861348699,53.618872641658726,,"<a href=""https://m.stock.naver.com/domestic/stock/123570/total"" target=""_blank"">Naver</a>"
023440,제이스코홀딩스,49.41405215546207,50.0,39.88448898719938,66.97285467529872,54.91288882264716,,"<a href=""https://m.stock.naver.com/domestic/stock/023440/total"" target=""_blank"">Naver</a>"
363260,모비데이즈,49.38404415406442,50.0,37.81281038334071,74.61639350526015,,,"<a href=""https://m.stock.naver.com/domestic/stock/363260/total"" target=""_blank"">Naver</a>"
097780,에코볼트,49.311185411571856,64.90329831961064,0.0,71.24427180649215,64.8955847831251,,"<a href=""https://m.stock.naver.com/domestic/stock/097780/total"" target=""_blank"">Naver</a>"
036030,케이티알파,49.28379272205373,50.0,27.474534529625846,80.69560472647514,86.91197233999497,,"<a href=""https://m.stock.naver.com/domestic/stock/036030/total"" target=""_blank"">Naver</a>"
046440,KG모빌리언스,49.27995728845414,29.091820363463967,73.26064821951611,94.01471845646537,82.16462339700378,,"<a href=""https://m.stock.naver.com/domestic/stock/046440/total"" target=""_blank"">Naver</a>"
037400,우리엔터프라이즈,49.27308108553838,35.271427781495426,63.26152550844362,77.76639504021088,90.3640707101826,,"<a href=""https://m.stock.naver.com/domestic/stock/037400/total"" target=""_blank"">Naver</a>"
064090,인크레더블버즈,49.205541866729604,55.18148399900402,25.170389418659358,68.69808732936002,58.68490759452703,,"<a href=""https://m.stock.naver.com/domestic/stock/064090/total"" target=""_blank"">Naver</a>"
377330,이지트로닉스,49.20090234802426,50.0,40.8607896201423,67.47017242259278,44.77375401458798,,"<a href=""https://m.stock.naver.com/domestic/stock/377330/total"" target=""_blank"">Naver</a>"
336060,웨이버스,49.18550497375581,50.0,20.17508681996042,99.14985754588969,84.5349502835348,,"<a href=""https://m.stock.naver.com/domestic/stock/336060/total"" target=""_blank"">Naver</a>"
024800,유성티엔에스,49.180386351013524,39.16672856774617,66.00599835465347,50.50624737757139,82.56449767890624,,"<a href=""https://m.stock.naver.com/domestic/stock/024800/total"" target=""_blank"">Naver</a>"
136480,하림,49.14867324982094,54.074009784693715,26.875124037409776,54.825215023427404,90.05929734619053,,"<a href=""https://m.stock.naver.com/domestic/stock/136480/total"" target=""_blank"">Naver</a>"
090150,아이윈,49.139249813574594,44.706059437661615,44.41902951372603,82.42606979831481,59.36499585429281,,"<a href=""https://m.stock.naver.com/domestic/stock/090150/total"" target=""_blank"">Naver</a>"
177830,파버나인,49.13465187243574,37.26788734099963,58.63841045274139,81.4237651836971,79.43880672561824,,"<a href=""https://m.stock.naver.com/domestic/stock/177830/total"" target=""_blank"">Naver</a>"
303530,이노뎁,49.08877875522821,50.0,28.900649249368417,74.08593968657618,89.10044948456965,,"<a href=""https://m.stock.naver.com/domestic/stock/303530/total"" target=""_blank"">Naver</a>"
376300,디어유,49.061906609266885,50.0,33.333333333333336,74.79809235019243,64.97528081828604,,"<a href=""https://m.stock.naver.com/domestic/stock/376300/total"" target=""_blank"">Naver</a>"
109610,에스와이,49.00952721309848,42.192397897338275,49.02465025663415,75.94744121478769,76.86363578116406,,"<a href=""https://m.stock.naver.com/domestic/stock/109610/total"" target=""_blank"">Naver</a>"
106190,하이텍팜,48.984458442724524,50.0,33.54041989761823,71.35190609887309,69.28325716865311,,"<a href=""https://m.stock.naver.com/domestic/stock/106190/total"" target=""_blank"">Naver</a>"
161580,필옵틱스,48.97587315335005,59.61239312528999,21.519802051740566,49.71135156971273,57.14703216539295,,"<a href=""https://m.stock.naver.com/domestic/stock/161580/total"" target=""_blank"">Naver</a>"
044780,에이치케이,48.904139409170526,35.79353499276845,61.31379034060216,94.79571232971699,52.399991907744216,,"<a href=""https://m.stock.naver.com/domestic/stock/044780/total"" target=""_blank"">Naver</a>"
131100,티엔엔터테인먼트,48.77820986227466,68.64227727046672,0.0,36.178995109524685,79.49887978084318,,"<a href=""https://m.stock.naver.com/domestic/stock/131100/total"" target=""_blank"">Naver</a>"
082850,우리바이오,48.77641470814819,35.30854510754187,62.32053847202466,74.8947879026199,90.43348470709833,,"<a href=""https://m.stock.naver.com/domestic/stock/082850/total"" target=""_blank"">Naver</a>"
276730,한울앤제주,48.77216737182471,65.36345049596149,0.0,71.51475878110722,48.05242392274184,,"<a href=""https://m.stock.naver.com/domestic/stock/276730/total"" target=""_blank"">Naver</a>"
133750,메가엠디,48.764729550840784,29.955197521394535,68.88179632297712,91.12277457950262,89.17768998619042,,"<a href=""https://m.stock.naver.com/domestic/stock/133750/total"" target=""_blank"">Naver</a>"
318010,팜스빌,48.68860130624483,26.668593913134316,78.24035059583504,97.26124938011537,68.0246474278788,,"<a href=""https://m.stock.naver.com/domestic/stock/318010/total"" target=""_blank"">Naver</a>"
006910,보성파워텍,48.66362442941518,50.0,32.60332934063377,74.4555075365252,61.344826812084364,,"<a href=""https://m.stock.naver.com/domestic/stock/006910/total"" target=""_blank"">Naver</a>"
352700,씨앤투스,48.50980847103946,16.580133166329844,98.62905570908892,100.0,78.08929287938656,,"<a href=""https://m.stock.naver.com/domestic/stock/352700/total"" target=""_blank"">Naver</a>"
024850,HLB이노베이션,48.41546293175932,60.98061909882873,6.8525774292416495,62.42082598971265,77.43729032360821,,"<a href=""https://m.stock.naver.com/domestic/stock/024850/total"" target=""_blank"">Naver</a>"
060570,드림어스컴퍼니,48.383700872345266,50.197211234892784,24.78870936206663,77.00232170861125,87.35929240063632,,"<a href=""https://m.stock.naver.com/domestic/stock/060570/total"" target=""_blank"">Naver</a>"
340440,세림B&G,48.31495993744709,50.0,22.410655284474146,86.77850386098913,80.6889146045929,,"<a href=""https://m.stock.naver.com/domestic/stock/340440/total"" target=""_blank"">Naver</a>"
200780,비씨월드제약,48.28722904023625,57.85467046991861,25.689053180136597,52.20668361274819,38.62990203952238,,"<a href=""https://m.stock.naver.com/domestic/stock/200780/total"" target=""_blank"">Naver</a>"
080420,모다이노칩,48.20222710570401,44.04780889573362,53.66367664137306,60.31649666855887,46.5194588212938,,"<a href=""https://m.stock.naver.com/domestic/stock/080420/total"" target=""_blank"">Naver</a>"
225570,넥슨게임즈,48.12329085616261,59.80937348212793,8.645159279993704,73.81387373495656,53.89979146783543,,"<a href=""https://m.stock.naver.com/domestic/stock/225570/total"" target=""_blank"">Naver</a>"
130580,나이스디앤비,48.0990653537646,21.694063467723492,84.38578207379898,99.3161102492833,81.09141459504866,,"<a href=""https://m.stock.naver.com/domestic/stock/130580/total"" target=""_blank"">Naver</a>"
027580,상보,48.095310806660535,44.53191071560163,47.94856470466326,61.19355675946872,65.39335050373734,,"<a href=""https://m.stock.naver.com/domestic/stock/027580/total"" target=""_blank"">Naver</a>"
005670,푸드웰,48.03288057454436,35.9806397977862,54.03749662147999,92.3713890931168,73.95967262381915,,"<a href=""https://m.stock.naver.com/domestic/stock/005670/total"" target=""_blank"">Naver</a>"
141000,비아트론,47.8804427877503,24.617700812093613,78.0746347325463,99.19641035377938,73.43045163959233,,"<a href=""https://m.stock.naver.com/domestic/stock/141000/total"" target=""_blank"">Naver</a>"
183490,엔지켐생명과학,47.85345618383373,64.67731284512934,0.0,72.09283453989721,36.75570045532827,,"<a href=""https://m.stock.naver.com/domestic/stock/183490/total"" target=""_blank"">Naver</a>"
060260,뉴보텍,47.60418730433556,64.33467262174902,6.862657589924506,35.03985623206191,75.67467421197657,,"<a href=""https://m.stock.naver.com/domestic/stock/060260/total"" target=""_blank"">Naver</a>"
027710,팜스토리,47.50127420031965,45.34316430217791,44.05364618705314,51.77757543388783,82.08413057721671,,"<a href=""https://m.stock.naver.com/domestic/stock/027710/total"" target=""_blank"">Naver</a>"
100700,세운메디칼,47.47052470024991,22.938890387576805,85.55566833010766,99.7849647763299,46.79553815087836,,"<a href=""https://m.stock.naver.com/domestic/stock/100700/total"" target=""_blank"">Naver</a>"
061040,알에프텍,47.43865486015794,35.20042236139716,51.94222522023972,92.25796409729278,82.14097457060876,,"<a href=""https://m.stock.naver.com/domestic/stock/061040/total"" target=""_blank"">Naver</a>"
216050,인크로스,47.19565413576155,18.121651232582575,97.23748861519931,90.88993131211464,58.485962224014195,,"<a href=""https://m.stock.naver.com/domestic/stock/216050/total"" target=""_blank"">Naver</a>"
011320,유니크,47.17756353271233,39.86861876248111,47.968472678036555,71.38442665634435,82.51662880160166,,"<a href=""https://m.stock.naver.com/domestic/stock/011320/total"" target=""_blank"">Naver</a>"
313760,캐리,47.12307335255372,50.0,32.04266615071297,71.33362160408473,39.580893089340044,,"<a href=""https://m.stock.naver.com/domestic/stock/313760/total"" target=""_blank"">Naver</a>"
226400,오스테오닉,47.10109241161514,51.37108395539429,37.252942942877986,58.978034132608954,21.3480577879635,,"<a href=""https://m.stock.naver.com/domestic/stock/226400/total"" target=""_blank"">Naver</a>"
146320,비씨엔씨,47.092659472657864,29.72116386851488,64.0541349498295,96.63127662290492,71.66599503602137,,"<a href=""https://m.stock.naver.com/domestic/stock/146320/total"" target=""_blank"">Naver</a>"
067900,와이엔텍,47.03377455395001,22.766937968483997,87.63897928417343,76.2727834842598,76.73177206780552,,"<a href=""https://m.stock.naver.com/domestic/stock/067900/total"" target=""_blank"">Naver</a>"
123420,위메이드플레이,46.74914742346163,29.329577244115455,64.08383080265531,94.54261474694317,73.52363803268423,,"<a href=""https://m.stock.naver.com/domestic/stock/123420/total"" target=""_blank"">Naver</a>"
037330,인지디스플레,46.62086793686546,41.40500625921627,45.57990675763559,59.21220238702096,89.23334506449405,,"<a href=""https://m.stock.naver.com/domestic/stock/037330/total"" target=""_blank"">Naver</a>"
317770,엑스페릭스,46.46843557671566,23.882857085190093,80.24111535505205,99.89883306343862,41.771183609894706,,"<a href=""https://m.stock.naver.com/domestic/stock/317770/total"" target=""_blank"">Naver</a>"
328130,루닛,46.4480995495948,50.0,33.333333333333336,57.65270239787989,46.98991952946949,,"<a href=""https://m.stock.naver.com/domestic/stock/328130/total"" target=""_blank"">Naver</a>"
357230,에이치피오,46.43263005511288,22.981209443823833,74.11439104305964,99.58073663721416,83.14465928664512,,"<a href=""https://m.stock.naver.com/domestic/stock/357230/total"" target=""_blank"">Naver</a>"
045390,대아티아이,46.31132234898538,32.678381028843525,58.43594993571321,87.2454510386431,67.41522287773311,,"<a href=""https://m.stock.naver.com/domestic/stock/045390/total"" target=""_blank"">Naver</a>"
201490,미투온,46.25060935915121,17.368525334246545,89.37309795999745,98.2785966699354,73.16720003220765,,"<a href=""https://m.stock.naver.com/domestic/stock/201490/total"" target=""_blank"">Naver</a>"
270520,앱트뉴로사이언스,46.228214975555794,50.0,20.662435198705214,74.40919644933948,72.43373061891072,,"<a href=""https://m.stock.naver.com/domestic/stock/270520/total"" target=""_blank"">Naver</a>"
019770,서연탑메탈,46.19134367594642,32.8848887106567,51.97186033377284,92.62983523664889,84.08923684888596,,"<a href=""https://m.stock.naver.com/domestic/stock/019770/total"" target=""_blank"">Naver</a>"
105550,엣지파운드리,46.123252773731764,50.0,27.490827642305636,66.00194136469975,53.007034533707625,,"<a href=""https://m.stock.naver.com/domestic/stock/105550/total"" target=""_blank"">Naver</a>"
310870,디와이씨,46.11482125606806,50.0,29.581928362736903,59.178738885374656,56.02930553692748,,"<a href=""https://m.stock.naver.com/domestic/stock/310870/total"" target=""_blank"">Naver</a>"
052790,액토즈소프트,46.047879352550325,17.81666918331932,100.0,85.25841731922641,36.64072221272194,,"<a href=""https://m.stock.naver.com/domestic/stock/052790/total"" target=""_blank"">Naver</a>"
200710,에이디테크놀로지,46.04282167139886,30.07548912216713,56.342789956730485,94.54696499518535,89.14268418794859,,"<a href=""https://m.stock.naver.com/domestic/stock/200710/total"" target=""_blank"">Naver</a>"
053280,예스24,46.03712137944112,35.95092549819618,49.83521546481228,74.15600974142973,91.84322480354726,,"<a href=""https://m.stock.naver.com/domestic/stock/053280/total"" target=""_blank"">Naver</a>"
103230,에스앤더블류,46.03448400081478,50.0,24.147402749936223,74.0631440221578,51.82637822229887,,"<a href=""https://m.stock.naver.com/domestic/stock/103230/total"" target=""_blank"">Naver</a>"
039200,오스코텍,46.02239217983151,67.22728070031795,0.0,26.552216802390213,60.61604158803452,,"<a href=""https://m.stock.naver.com/domestic/stock/039200/total"" target=""_blank"">Naver</a>"
086890,이수앱지스,45.996034577672354,50.0,31.275897366393263,69.00064774543168,25.53990923061748,,"<a href=""https://m.stock.naver.com/domestic/stock/086890/total"" target=""_blank"">Naver</a>"
204620,글로벌텍스프리,45.91582072092882,59.61649989692827,0.0,73.40124431419684,56.115927027043426,,"<a href=""https://m.stock.naver.com/domestic/stock/204620/total"" target=""_blank"">Naver</a>"
215600,신라젠,45.88330096889765,58.29209625624329,0.0,99.08043215151677,20.0,,"<a href=""https://m.stock.naver.com/domestic/stock/215600/total"" target=""_blank"">Naver</a>"
032190,다우데이타,45.85057105518894,25.783491759976048,80.49597344173488,65.187759745605,74.75413328418168,,"<a href=""https://m.stock.naver.com/domestic/stock/032190/total"" target=""_blank"">Naver</a>"
046070,코다코,45.77973512204724,46.35996836839461,43.056844973655636,32.46190578736545,79.0670455772005,,"<a href=""https://m.stock.naver.com/domestic/stock/046070/total"" target=""_blank"">Naver</a>"
001840,이화공영,45.76911729552146,50.0,20.185602076696686,60.83498312184551,92.78436928325475,,"<a href=""https://m.stock.naver.com/domestic/stock/001840/total"" target=""_blank"">Naver</a>"
057680,티사이언티픽,45.76011535918855,50.0,32.79884179334666,62.71711180186844,25.7738746133007,,"<a href=""https://m.stock.naver.com/domestic/stock/057680/total"" target=""_blank"">Naver</a>"
084440,유비온,45.7091866724142,50.0,19.482047198015323,62.5869439694821,91.59960951924324,,"<a href=""https://m.stock.naver.com/domestic/stock/084440/total"" target=""_blank"">Naver</a>"
048550,SM C&C,45.70885816937193,50.0,19.190105813863983,74.78179051481423,68.66305328849012,,"<a href=""https://m.stock.naver.com/domestic/stock/048550/total"" target=""_blank"">Naver</a>"
347860,알체라,45.70203139823376,60.60995629551482,0.0,69.18876148116392,48.3436294561696,,"<a href=""https://m.stock.naver.com/domestic/stock/347860/total"" target=""_blank"">Naver</a>"
065650,하이퍼코퍼레이션,45.63762672795527,50.0,15.081678627054016,77.02313166097238,83.29787810189066,,"<a href=""https://m.stock.naver.com/domestic/stock/065650/total"" target=""_blank"">Naver</a>"
004650,창해에탄올,45.631158164131804,25.379993798214244,74.55909425360494,87.16162956508042,60.94450730587958,,"<a href=""https://m.stock.naver.com/domestic/stock/004650/total"" target=""_blank"">Naver</a>"
034940,조아제약,45.526836673974344,58.71426547552107,0.0,70.40554334556371,65.15446108210661,,"<a href=""https://m.stock.naver.com/domestic/stock/034940/total"" target=""_blank"">Naver</a>"
130740,티피씨글로벌,45.51030803437303,42.02467365643242,39.28560291029816,72.6205435481566,64.24097516246759,,"<a href=""https://m.stock.naver.com/domestic/stock/130740/total"" target=""_blank"">Naver</a>"
104540,코렌텍,45.509319944830644,39.61066871909996,49.89972222549839,78.46677930363535,28.426204532650736,,"<a href=""https://m.stock.naver.com/domestic/stock/104540/total"" target=""_blank"">Naver</a>"
052300,오션인더블유,45.470536947294015,33.333333333333336,65.59786502271753,66.33353987383103,48.754334084630486,,"<a href=""https://m.stock.naver.com/domestic/stock/052300/total"" target=""_blank"">Naver</a>"
028080,휴맥스홀딩스,45.44108247534993,66.66666666666667,5.918520418610029,29.335523619900584,20.558000174147303,,"<a href=""https://m.stock.naver.com/domestic/stock/028080/total"" target=""_blank"">Naver</a>"
243840,신흥에스이씨,45.439077363124206,28.539017605987933,62.296458818595134,84.87100720744056,85.08902748277212,,"<a href=""https://m.stock.naver.com/domestic/stock/243840/total"" target=""_blank"">Naver</a>"
105740,디케이락,45.4226243003883,29.843149043924612,64.83346889930088,83.21030884518794,59.74673529379046,,"<a href=""https://m.stock.naver.com/domestic/stock/105740/total"" target=""_blank"">Naver</a>"
187790,나노,45.41822555694937,60.13086540304914,0.0,58.047274550119496,70.69957720215876,,"<a href=""https://m.stock.naver.com/domestic/stock/187790/total"" target=""_blank"">Naver</a>"
348150,고바이오랩,45.37455810303542,54.14722769285158,0.0,99.18217773332715,59.36007427983512,,"<a href=""https://m.stock.naver.com/domestic/stock/348150/total"" target=""_blank"">Naver</a>"
134580,탑코미디어,45.22821806221421,63.6006883023837,0.0,53.386104683383095,34.58389224891367,,"<a href=""https://m.stock.naver.com/domestic/stock/134580/total"" target=""_blank"">Naver</a>"
047770,코데즈컴바인,45.18000857355863,22.45353008202316,77.85520820354397,93.56199433621788,57.75778079673915,,"<a href=""https://m.stock.naver.com/domestic/stock/047770/total"" target=""_blank"">Naver</a>"
137950,제이씨케미칼,45.17808432828297,24.18143575411977,76.18296859518713,75.92417754732902,80.62125944562854,,"<a href=""https://m.stock.naver.com/domestic/stock/137950/total"" target=""_blank"">Naver</a>"
072770,율호,45.17670645289978,33.472376940082604,48.35781451769464,87.31561709711627,85.44529899429857,,"<a href=""https://m.stock.naver.com/domestic/stock/072770/total"" target=""_blank"">Naver</a>"
353810,이지바이오,45.08791797130827,25.249675635816825,75.0915870395877,73.94242508332877,75.41946643176739,,"<a href=""https://m.stock.naver.com/domestic/stock/353810/total"" target=""_blank"">Naver</a>"
189860,서전기전,45.06471793691711,50.0,13.885679916688701,69.55745044867875,92.75105825754127,,"<a href=""https://m.stock.naver.com/domestic/stock/189860/total"" target=""_blank"">Naver</a>"
029480,광무,44.95648732820362,43.77629827442078,36.688750885550206,63.637714216075175,63.09498441112175,,"<a href=""https://m.stock.naver.com/domestic/stock/029480/total"" target=""_blank"">Naver</a>"
096240,크레버스,44.92820566267779,25.31266048241555,78.7317244558656,56.359621395774454,88.43432239369233,,"<a href=""https://m.stock.naver.com/domestic/stock/096240/total"" target=""_blank"">Naver</a>"
900110,이스트아시아홀딩스,44.92441174200674,31.624392538003363,55.28115536684811,99.86291645023753,42.86391464937884,,"<a href=""https://m.stock.naver.com/domestic/stock/900110/total"" target=""_blank"">Naver</a>"
076610,해성옵틱스,44.905469666000904,52.773744900388095,9.461022564392247,63.62760612294369,90.26412944751237,,"<a href=""https://m.stock.naver.com/domestic/stock/076610/total"" target=""_blank"">Naver</a>"
049630,재영솔루텍,44.883762061935144,55.16459841164129,17.502935994998634,37.31820787072675,73.54896458256069,,"<a href=""https://m.stock.naver.com/domestic/stock/049630/total"" target=""_blank"">Naver</a>"
236200,슈프리마,44.834886297880736,18.27871436936523,86.65340766244098,99.82911862681891,44.427877959389065,,"<a href=""https://m.stock.naver.com/domestic/stock/236200/total"" target=""_blank"">Naver</a>"
241690,유니테크노,44.82722573616398,22.982967672943534,71.442349892905,96.98425762811888,69.56863792719444,,"<a href=""https://m.stock.naver.com/domestic/stock/241690/total"" target=""_blank"">Naver</a>"
251970,펌텍코리아,44.81719842597661,23.779862937447575,66.61585687902318,98.64055926545458,80.62521034413624,,"<a href=""https://m.stock.naver.com/domestic/stock/251970/total"" target=""_blank"">Naver</a>"
195940,HK이노엔,44.76541943087249,37.54472139978493,49.75700414319502,67.40889643383875,61.16891823637814,,"<a href=""https://m.stock.naver.com/domestic/stock/195940/total"" target=""_blank"">Naver</a>"
037230,한국팩키지,44.758685378122905,50.0,32.083550022128726,49.74468982033805,35.266577811138404,,"<a href=""https://m.stock.naver.com/domestic/stock/037230/total"" target=""_blank"">Naver</a>"
114630,폴라리스우노,44.74122283985981,32.67403837412495,55.99117401969347,78.674284760937,65.43155668735548,,"<a href=""https://m.stock.naver.com/domestic/stock/114630/total"" target=""_blank"">Naver</a>"
032860,더라미,44.7352057212326,50.0,14.992774608555257,69.77768016376665,80.18488105434245,,"<a href=""https://m.stock.naver.com/domestic/stock/032860/total"" target=""_blank"">Naver</a>"
218410,RFHIC,44.70977582531809,37.76946011498464,51.9184303655511,73.83660586106134,33.696631576668,,"<a href=""https://m.stock.naver.com/domestic/stock/218410/total"" target=""_blank"">Naver</a>"
230980,비유테크놀러지,44.661101302929346,57.2661278675512,0.0,81.49178398319044,43.0449236815917,,"<a href=""https://m.stock.naver.com/domestic/stock/230980/total"" target=""_blank"">Naver</a>"
289010,아이스크림에듀,44.648885354090886,50.0,11.936620023912766,73.59491837823585,86.10477020578213,,"<a href=""https://m.stock.naver.com/domestic/stock/289010/total"" target=""_blank"">Naver</a>"
078070,유비쿼스홀딩스,44.490614274758265,16.56652452925442,85.8444021504631,99.60121877250302,62.58954284679079,,"<a href=""https://m.stock.naver.com/domestic/stock/078070/total"" target=""_blank"">Naver</a>"
036690,코맥스,44.43648151202226,56.94022944107496,2.6661158972105654,62.51575344866576,67.08479056416128,,"<a href=""https://m.stock.naver.com/domestic/stock/036690/total"" target=""_blank"">Naver</a>"
107640,한중엔시에스,44.38824852136638,50.0,25.78492042392837,37.26531293399914,84.3097424396873,,"<a href=""https://m.stock.naver.com/domestic/stock/107640/total"" target=""_blank"">Naver</a>"
042040,케이피엠테크,44.368719242361806,57.917660418869794,0.0,65.36480905810333,61.63284170459187,,"<a href=""https://m.stock.naver.com/domestic/stock/042040/total"" target=""_blank"">Naver</a>"
032280,삼일,44.29465472656775,50.0,19.884459364944423,49.89314806040484,86.68450158582321,,"<a href=""https://m.stock.naver.com/domestic/stock/032280/total"" target=""_blank"">Naver</a>"
039290,인포뱅크,44.29369502605148,24.41137447523268,60.80431877702563,96.6109699442585,95.69387304459241,,"<a href=""https://m.stock.naver.com/domestic/stock/039290/total"" target=""_blank"">Naver</a>"
340360,다보링크,44.12456036630122,50.0,13.714823623851991,65.73009799774337,82.4568932112775,,"<a href=""https://m.stock.naver.com/domestic/stock/340360/total"" target=""_blank"">Naver</a>"
017890,한국알콜,44.02577031555236,21.942106393779465,67.90438357775594,99.11889667184299,79.45041835322792,,"<a href=""https://m.stock.naver.com/domestic/stock/017890/total"" target=""_blank"">Naver</a>"
059270,해성에어로보틱스,43.95996702922435,50.0,13.053488916252975,74.44739218827772,65.03711162666673,,"<a href=""https://m.stock.naver.com/domestic/stock/059270/total"" target=""_blank"">Naver</a>"
023790,동일스틸럭스,43.948274981271865,50.0,25.10640358867536,56.44970837414249,40.53406493377557,,"<a href=""https://m.stock.naver.com/domestic/stock/023790/total"" target=""_blank"">Naver</a>"
096610,알에프세미,43.88660420677852,60.40670232127456,0.0,56.348928552127575,40.153799176020634,,"<a href=""https://m.stock.naver.com/domestic/stock/096610/total"" target=""_blank"">Naver</a>"
043360,디지아이,43.8837983050847,50.0,17.586811574992797,74.77460884420763,40.19269053831479,,"<a href=""https://m.stock.naver.com/domestic/stock/043360/total"" target=""_blank"">Naver</a>"
052670,제일바이오,43.863745181659915,50.0,15.961479364054346,74.87753248729302,47.71244183834036,,"<a href=""https://m.stock.naver.com/domestic/stock/052670/total"" target=""_blank"">Naver</a>"
045060,오공,43.83450234520173,24.591928622008723,59.80911364596337,98.38364116211903,85.77405288587491,,"<a href=""https://m.stock.naver.com/domestic/stock/045060/total"" target=""_blank"">Naver</a>"
291650,압타머사이언스,43.82763464843213,50.0,0.0,99.80924282522341,76.93420731819586,,"<a href=""https://m.stock.naver.com/domestic/stock/291650/total"" target=""_blank"">Naver</a>"
223250,드림씨아이에스,43.81663037136899,20.411822986687657,74.87270242962917,97.26004578962271,62.50712785973666,,"<a href=""https://m.stock.naver.com/domestic/stock/223250/total"" target=""_blank"">Naver</a>"
023600,삼보판지,43.80959677584866,19.812435305559422,72.58337862572172,98.21813838073136,79.0895419601888,,"<a href=""https://m.stock.naver.com/domestic/stock/023600/total"" target=""_blank"">Naver</a>"
032940,원익,43.772858293319054,22.484472713582324,76.80176133485509,76.56498157268652,68.50472348374471,,"<a href=""https://m.stock.naver.com/domestic/stock/032940/total"" target=""_blank"">Naver</a>"
106520,노블엠앤비,43.655971674916096,66.66666666666667,0.0,29.05971674916095,15.0,,"<a href=""https://m.stock.naver.com/domestic/stock/106520/total"" target=""_blank"">Naver</a>"
064550,바이오니아,43.620038121178524,21.838715883299923,76.31130543821924,87.66366513341096,53.452314366053315,,"<a href=""https://m.stock.naver.com/domestic/stock/064550/total"" target=""_blank"">Naver</a>"
092870,엑시콘,43.6091901684038,16.587360136255864,85.90585128871436,98.81584105702498,45.97454317538378,,"<a href=""https://m.stock.naver.com/domestic/stock/092870/total"" target=""_blank"">Naver</a>"
069080,웹젠,43.581702507064925,11.882847068821945,92.21171324015654,99.50368905733171,68.97394099998904,,"<a href=""https://m.stock.naver.com/domestic/stock/069080/total"" target=""_blank"">Naver</a>"
290270,휴네시온,43.51789636252888,13.190017159033774,87.07585584401632,99.56763038416995,77.56318135375082,,"<a href=""https://m.stock.naver.com/domestic/stock/290270/total"" target=""_blank"">Naver</a>"
046120,오르비텍,43.45355972776142,30.350847091988367,62.806376187946505,71.23844557075772,48.35225737012014,,"<a href=""https://m.stock.naver.com/domestic/stock/046120/total"" target=""_blank"">Naver</a>"
084730,팅크웨어,43.39572877719002,33.717641042352824,51.138734609419394,85.53008626487596,36.549037458717656,,"<a href=""https://m.stock.naver.com/domestic/stock/084730/total"" target=""_blank"">Naver</a>"
043090,더테크놀로지,43.37505470444016,50.0,19.398850741798757,69.754728320577,30.997383738655373,,"<a href=""https://m.stock.naver.com/domestic/stock/043090/total"" target=""_blank"">Naver</a>"
049430,코메론,43.2997306064438,18.02580926279657,82.33046016241643,96.29506214097789,45.44247588127928,,"<a href=""https://m.stock.naver.com/domestic/stock/049430/total"" target=""_blank"">Naver</a>"
018120,진로발효,43.293890596796466,20.048811533620494,70.03602210324698,99.43123359932045,76.2494958176076,,"<a href=""https://m.stock.naver.com/domestic/stock/018120/total"" target=""_blank"">Naver</a>"
065660,안트로젠,43.25536591819708,50.0,16.30770406692516,74.57570912819162,34.41737977293239,,"<a href=""https://m.stock.naver.com/domestic/stock/065660/total"" target=""_blank"">Naver</a>"
123840,뉴온,43.25159777366125,58.7180965966223,0.0,60.34216654495629,39.73046322384493,,"<a href=""https://m.stock.naver.com/domestic/stock/123840/total"" target=""_blank"">Naver</a>"
251630,브이원텍,43.237479009758964,24.68655556290237,69.49659416807428,84.03465789785415,52.9586268042711,,"<a href=""https://m.stock.naver.com/domestic/stock/251630/total"" target=""_blank"">Naver</a>"
082920,비츠로셀,43.191833555888806,19.188129356825822,76.6530938663915,99.34048908063872,51.632671342631326,,"<a href=""https://m.stock.naver.com/domestic/stock/082920/total"" target=""_blank"">Naver</a>"
053260,금강철강,43.17780576098783,24.900148858426714,55.78314687541958,97.46881969723522,90.90095514706763,,"<a href=""https://m.stock.naver.com/domestic/stock/053260/total"" target=""_blank"">Naver</a>"
154040,다산솔루에타,43.102660509374815,49.77843670353002,23.6980895796431,31.56831473348425,83.0848923799521,,"<a href=""https://m.stock.naver.com/domestic/stock/154040/total"" target=""_blank"">Naver</a>"
317330,덕산테코피아,42.97173997070404,19.360789560168726,75.3790841624167,96.22544440851232,57.75901506294801,,"<a href=""https://m.stock.naver.com/domestic/stock/317330/total"" target=""_blank"">Naver</a>"
142280,녹십자엠에스,42.955522304942455,56.9461210983791,0.0,49.603630576836366,76.54973176462715,,"<a href=""https://m.stock.naver.com/domestic/stock/142280/total"" target=""_blank"">Naver</a>"
043340,에쎈테크,42.948310814703476,50.0,18.984891610741798,48.54273545948537,66.95628732138981,,"<a href=""https://m.stock.naver.com/domestic/stock/043340/total"" target=""_blank"">Naver</a>"
258610,케일럼,42.889777962129486,52.442255900037445,0.0,73.07690134143851,82.33468575926344,,"<a href=""https://m.stock.naver.com/domestic/stock/258610/total"" target=""_blank"">Naver</a>"
091590,남화토건,42.8307836943267,20.322845541535024,68.47347684093423,99.31769638719027,71.73875040906202,,"<a href=""https://m.stock.naver.com/domestic/stock/091590/total"" target=""_blank"">Naver</a>"
095660,네오위즈,42.81778738313872,18.656613298897,74.4671208863192,94.61863709413375,70.90350945614682,,"<a href=""https://m.stock.naver.com/domestic/stock/095660/total"" target=""_blank"">Naver</a>"
060280,큐렉소,42.780700635791995,50.0,13.708864578767484,73.63054493860956,39.808599944783396,,"<a href=""https://m.stock.naver.com/domestic/stock/060280/total"" target=""_blank"">Naver</a>"
327260,RF머트리얼즈,42.56547757837597,38.888465891679886,36.13029881172749,71.6736257668806,60.64921527496216,,"<a href=""https://m.stock.naver.com/domestic/stock/327260/total"" target=""_blank"">Naver</a>"
224110,에이텍모빌리티,42.51002014088882,24.89353830107916,53.77447909018073,98.28117466000754,86.04319843390772,,"<a href=""https://m.stock.naver.com/domestic/stock/224110/total"" target=""_blank"">Naver</a>"
368770,파이버프로,42.47411478686495,50.0,13.365789895338613,74.06956326077538,34.514219739055164,,"<a href=""https://m.stock.naver.com/domestic/stock/368770/total"" target=""_blank"">Naver</a>"
066310,큐에스아이,42.41779782066816,27.871612251069852,57.792151677980705,91.05120570550041,42.833439599620704,,"<a href=""https://m.stock.naver.com/domestic/stock/066310/total"" target=""_blank"">Naver</a>"
060370,LS마린솔루션,42.416244983976426,50.0,4.816383644430318,74.7306616133701,74.78165823063678,,"<a href=""https://m.stock.naver.com/domestic/stock/060370/total"" target=""_blank"">Naver</a>"
256940,킵스파마,42.37736480164385,61.09627829229504,0.0,45.53412712653457,23.32370227226747,,"<a href=""https://m.stock.naver.com/domestic/stock/256940/total"" target=""_blank"">Naver</a>"
033170,시그네틱스,42.30965253080626,20.574845061339147,63.48353243760378,96.17326891161451,89.53070986880742,,"<a href=""https://m.stock.naver.com/domestic/stock/033170/total"" target=""_blank"">Naver</a>"
047920,HLB제약,42.26331470854749,50.0,14.106946582732215,64.09764075589145,46.53627974550589,,"<a href=""https://m.stock.naver.com/domestic/stock/047920/total"" target=""_blank"">Naver</a>"
036120,서울평가정보,42.17986432646878,11.700594248824439,82.66868426337291,99.2676148681501,91.31150449031753,,"<a href=""https://m.stock.naver.com/domestic/stock/036120/total"" target=""_blank"">Naver</a>"
078340,컴투스,42.17972870159922,19.64370391658498,67.39599877025354,98.07114219390054,74.74784879389574,,"<a href=""https://m.stock.naver.com/domestic/stock/078340/total"" target=""_blank"">Naver</a>"
122990,와이솔,42.130107624672675,25.08458077379906,57.57992121727725,88.74471176728423,76.19815358690995,,"<a href=""https://m.stock.naver.com/domestic/stock/122990/total"" target=""_blank"">Naver</a>"
255220,SG,42.09237948348924,50.0,11.2826764998231,73.86894656696136,37.69631403674657,,"<a href=""https://m.stock.naver.com/domestic/stock/255220/total"" target=""_blank"">Naver</a>"
144960,뉴파워프라즈마,42.08863294239214,26.090761303334258,63.512572932691626,78.6103675850016,53.89992337437033,,"<a href=""https://m.stock.naver.com/domestic/stock/144960/total"" target=""_blank"">Naver</a>"
064820,케이프,42.05095888951207,28.06863675067008,67.93016476565539,45.546884907582864,73.45094313875757,,"<a href=""https://m.stock.naver.com/domestic/stock/064820/total"" target=""_blank"">Naver</a>"
053270,구영테크,41.95791258689305,34.95516449769252,46.727682615402266,51.698087449489535,82.66168978956046,,"<a href=""https://m.stock.naver.com/domestic/stock/053270/total"" target=""_blank"">Naver</a>"
090710,휴림로봇,41.814133909649215,51.380346991701884,0.0,74.19502888676197,71.32845651903784,,"<a href=""https://m.stock.naver.com/domestic/stock/090710/total"" target=""_blank"">Naver</a>"
109820,진매트릭스,41.742433234244096,50.0,7.639784949903242,74.44221866558439,47.765302604196926,,"<a href=""https://m.stock.naver.com/domestic/stock/109820/total"" target=""_blank"">Naver</a>"
008290,원풍물산,41.68499022947087,50.0,7.751306589057656,62.95441245775157,69.03444672862584,,"<a href=""https://m.stock.naver.com/domestic/stock/008290/total"" target=""_blank"">Naver</a>"
073560,우리손에프앤지,41.663634497998856,17.663435145808652,72.59886679455458,87.19557292697081,83.92598838355879,,"<a href=""https://m.stock.naver.com/domestic/stock/073560/total"" target=""_blank"">Naver</a>"
041960,코미팜,41.656041498771785,55.358537281259736,0.0,68.51973883102895,31.778904938260954,,"<a href=""https://m.stock.naver.com/domestic/stock/041960/total"" target=""_blank"">Naver</a>"
361670,삼영에스앤씨,41.62890795533267,50.0,7.1413244628561925,74.70601997995459,47.45949683246339,,"<a href=""https://m.stock.naver.com/domestic/stock/361670/total"" target=""_blank"">Naver</a>"
347700,스피어,41.60140643912084,50.0,0.0,86.01406439120836,60.0,,"<a href=""https://m.stock.naver.com/domestic/stock/347700/total"" target=""_blank"">Naver</a>"
040350,크레오에스지,41.57228078160524,54.26099235461644,0.0,51.90007651933969,76.5135543380281,,"<a href=""https://m.stock.naver.com/domestic/stock/040350/total"" target=""_blank"">Naver</a>"
006050,국영지앤엠,41.55708973661792,50.0,1.5569180520098795,69.88400772933657,83.5891890136358,,"<a href=""https://m.stock.naver.com/domestic/stock/006050/total"" target=""_blank"">Naver</a>"
005160,동국산업,41.552246358493555,25.26528222652479,55.113308257673715,95.83903111419173,60.61693693482154,,"<a href=""https://m.stock.naver.com/domestic/stock/005160/total"" target=""_blank"">Naver</a>"
066360,체리부로,41.40734957411823,49.58486045727304,17.066897357256476,28.5151012525791,90.76397670364753,,"<a href=""https://m.stock.naver.com/domestic/stock/066360/total"" target=""_blank"">Naver</a>"
225590,패션플랫폼,41.382202109884496,28.94898999291202,47.92080242567939,93.43910337041626,53.77394341351619,,"<a href=""https://m.stock.naver.com/domestic/stock/225590/total"" target=""_blank"">Naver</a>"
064800,포니링크,41.34440008300324,20.971327411206396,75.27518742798681,74.28702596177531,50.282083662103325,,"<a href=""https://m.stock.naver.com/domestic/stock/064800/total"" target=""_blank"">Naver</a>"
199800,툴젠,41.33099871004795,50.0,0.0,74.91111786366287,76.79773847363325,,"<a href=""https://m.stock.naver.com/domestic/stock/199800/total"" target=""_blank"">Naver</a>"
153710,옵티팜,41.32384859538893,50.0,0.0,74.17516662557956,78.12663865661942,,"<a href=""https://m.stock.naver.com/domestic/stock/153710/total"" target=""_blank"">Naver</a>"
041910,폴라리스AI파마,41.2817453782919,25.125575150366057,59.488557366195884,87.83127381933855,51.02267129178886,,"<a href=""https://m.stock.naver.com/domestic/stock/041910/total"" target=""_blank"">Naver</a>"
376270,에이치이엠파마,41.18042782767221,50.0,0.0,74.32723817954385,74.95408019435658,,"<a href=""https://m.stock.naver.com/domestic/stock/376270/total"" target=""_blank"">Naver</a>"
331920,셀레믹스,41.11788307965798,50.0,0.0,74.6246069028431,73.10844778747334,,"<a href=""https://m.stock.naver.com/domestic/stock/331920/total"" target=""_blank"">Naver</a>"
221840,하이즈항공,41.045719811779286,53.81115143458518,0.0,59.17191007272341,56.83675887511667,,"<a href=""https://m.stock.naver.com/domestic/stock/221840/total"" target=""_blank"">Naver</a>"
114450,그린생명과학,41.00311119562303,50.0,0.0,71.28683484877105,77.48855421491834,,"<a href=""https://m.stock.naver.com/domestic/stock/114450/total"" target=""_blank"">Naver</a>"
089970,브이엠,40.935587640448794,5.0013694664021955,98.55904973484739,97.89927697675826,70.10151658439614,,"<a href=""https://m.stock.naver.com/domestic/stock/089970/total"" target=""_blank"">Naver</a>"
294140,레몬,40.90354448063756,50.0,0.0,67.07796554034041,83.9149585320703,,"<a href=""https://m.stock.naver.com/domestic/stock/294140/total"" target=""_blank"">Naver</a>"
039840,디오,40.8858265775045,17.053956024490994,81.07391773202873,90.43064372502454,26.838183146005278,,"<a href=""https://m.stock.naver.com/domestic/stock/039840/total"" target=""_blank"">Naver</a>"
950200,소마젠,40.8721780181328,50.0,0.0,73.54461030919795,70.35433974426006,,"<a href=""https://m.stock.naver.com/domestic/stock/950200/total"" target=""_blank"">Naver</a>"
123750,알톤,40.861183218625015,18.91159578902474,67.27113654096004,97.17809442250316,59.57264335439681,,"<a href=""https://m.stock.naver.com/domestic/stock/123750/total"" target=""_blank"">Naver</a>"
299660,셀리드,40.830354438018716,50.0,0.0,98.30354438018712,20.0,,"<a href=""https://m.stock.naver.com/domestic/stock/299660/total"" target=""_blank"">Naver</a>"
347770,핌스,40.82338630982278,22.245599553981013,60.69457820446967,82.89453158419371,80.2585773579477,,"<a href=""https://m.stock.naver.com/domestic/stock/347770/total"" target=""_blank"">Naver</a>"
376930,노을,40.770658474358285,50.0,0.0,98.29828918088121,18.816591125403193,,"<a href=""https://m.stock.naver.com/domestic/stock/376930/total"" target=""_blank"">Naver</a>"
950160,코오롱티슈진,40.74129982368542,50.0,0.0,72.69918188994725,69.42763269381385,,"<a href=""https://m.stock.naver.com/domestic/stock/950160/total"" target=""_blank"">Naver</a>"
032620,유비케어,40.722057568520775,19.327218586604904,59.13080075567774,99.43230944273537,87.9959056672972,,"<a href=""https://m.stock.naver.com/domestic/stock/032620/total"" target=""_blank"">Naver</a>"
048770,TPC,40.6511575195108,31.835207408048273,49.416471411327564,62.0456227082571,59.827059020484654,,"<a href=""https://m.stock.naver.com/domestic/stock/048770/total"" target=""_blank"">Naver</a>"
290660,네오펙트,40.623219135238635,57.04660511715417,0.0,34.35588466895487,59.19335196101291,,"<a href=""https://m.stock.naver.com/domestic/stock/290660/total"" target=""_blank"">Naver</a>"
196300,HLB펩,40.612852376004284,50.0,9.15943938986627,62.85763962364608,40.74457132346227,,"<a href=""https://m.stock.naver.com/domestic/stock/196300/total"" target=""_blank"">Naver</a>"
087010,펩트론,40.55463112298153,50.0,0.0,74.37437921867709,62.34386402227637,,"<a href=""https://m.stock.naver.com/domestic/stock/087010/total"" target=""_blank"">Naver</a>"
950140,잉글우드랩,40.53633122479183,14.973289019985506,75.05746705292732,97.72283756926107,60.31414585285171,,"<a href=""https://m.stock.naver.com/domestic/stock/950140/total"" target=""_blank"">Naver</a>"
123010,아이윈플러스,40.47352562344642,50.0,0.0,72.29760279778235,64.87530687336378,,"<a href=""https://m.stock.naver.com/domestic/stock/123010/total"" target=""_blank"">Naver</a>"
298380,에이비엘바이오,40.45755443369232,50.0,0.0,74.57554433692324,60.0,,"<a href=""https://m.stock.naver.com/domestic/stock/298380/total"" target=""_blank"">Naver</a>"
365270,큐라클,40.45223004209843,50.0,0.0,74.5223004209843,60.0,,"<a href=""https://m.stock.naver.com/domestic/stock/365270/total"" target=""_blank"">Naver</a>"
023900,풍국주정,40.434481412291994,21.396578257818813,55.31722397211877,98.4580499370111,78.42846941739808,,"<a href=""https://m.stock.naver.com/domestic/stock/023900/total"" target=""_blank"">Naver</a>"
277070,린드먼아시아,40.383123863516076,11.635186483321208,89.02989672338026,99.31092565358288,24.268904546399853,,"<a href=""https://m.stock.naver.com/domestic/stock/277070/total"" target=""_blank"">Naver</a>"
097800,윈팩,40.377250156294345,50.0,7.32993786147163,43.884995426928754,83.12532296467128,,"<a href=""https://m.stock.naver.com/domestic/stock/097800/total"" target=""_blank"">Naver</a>"
357580,아모센스,40.366446066394175,50.0,5.948185539258581,61.12336878233053,55.341256066929475,,"<a href=""https://m.stock.naver.com/domestic/stock/357580/total"" target=""_blank"">Naver</a>"
174900,앱클론,40.36593393598639,50.0,0.0,65.28121503619523,76.75624864733734,,"<a href=""https://m.stock.naver.com/domestic/stock/174900/total"" target=""_blank"">Naver</a>"
039860,나노엔텍,40.283065117944375,12.802182274622346,79.9622914345079,99.4971756728138,53.22930654525217,,"<a href=""https://m.stock.naver.com/domestic/stock/039860/total"" target=""_blank"">Naver</a>"
073490,이노와이어리스,40.2651641398221,12.366271155089597,76.03752922360172,99.63174490053237,77.45689301629346,,"<a href=""https://m.stock.naver.com/domestic/stock/073490/total"" target=""_blank"">Naver</a>"
189330,씨이랩,40.25396871577913,50.0,0.0,74.30392786094617,56.47151859369037,,"<a href=""https://m.stock.naver.com/domestic/stock/189330/total"" target=""_blank"">Naver</a>"
247660,나노씨엠에스,40.25358797275831,50.0,7.310751926241218,68.22066469456728,32.076670434825616,,"<a href=""https://m.stock.naver.com/domestic/stock/247660/total"" target=""_blank"">Naver</a>"
317870,엔바이오니아,40.24236075406376,51.717160718035835,3.030453261625164,59.020724039818916,51.04757207708151,,"<a href=""https://m.stock.naver.com/domestic/stock/317870/total"" target=""_blank"">Naver</a>"
108230,톱텍,40.06121934824557,50.29930313936185,0.0,73.91293896636758,49.806871359834105,,"<a href=""https://m.stock.naver.com/domestic/stock/108230/total"" target=""_blank"">Naver</a>"
269620,시스웍,40.0090383033362,55.98955940403837,0.0,45.67453242401137,36.956988370240836,,"<a href=""https://m.stock.naver.com/domestic/stock/269620/total"" target=""_blank"">Naver</a>"
377030,비트맥스,40.00311069536246,50.0,0.0,74.51282010250824,51.03657370223277,,"<a href=""https://m.stock.naver.com/domestic/stock/377030/total"" target=""_blank"">Naver</a>"
315640,딥노이드,39.972644890161945,50.0,0.0,74.11932886301119,51.21424007721661,,"<a href=""https://m.stock.naver.com/domestic/stock/315640/total"" target=""_blank"">Naver</a>"
141080,리가켐바이오,39.947904654263034,50.0,0.0,74.66709748609873,49.62389811306326,,"<a href=""https://m.stock.naver.com/domestic/stock/141080/total"" target=""_blank"">Naver</a>"
050090,비케이홀딩스,39.92267206294769,50.0,0.0,66.8707248949269,64.71199146909998,,"<a href=""https://m.stock.naver.com/domestic/stock/050090/total"" target=""_blank"">Naver</a>"
312610,에이에프더블류,39.916555761678445,50.0,0.0,74.935429147077,48.46025693941489,,"<a href=""https://m.stock.naver.com/domestic/stock/312610/total"" target=""_blank"">Naver</a>"
314930,바이오다인,39.891022687972544,50.0,0.0,74.52436890918766,48.77171594107557,,"<a href=""https://m.stock.naver.com/domestic/stock/314930/total"" target=""_blank"">Naver</a>"
033640,네패스,39.86296983372948,47.53646267385773,13.044820240424938,40.49323097319119,80.61128143978975,,"<a href=""https://m.stock.naver.com/domestic/stock/033640/total"" target=""_blank"">Naver</a>"
007390,네이처셀,39.85644757055315,50.0,0.0,74.6382285851165,47.85249424083001,,"<a href=""https://m.stock.naver.com/domestic/stock/007390/total"" target=""_blank"">Naver</a>"
086820,바이오솔루션,39.80934636376636,50.0,3.352322316194941,66.140110349569,47.14509499521442,,"<a href=""https://m.stock.naver.com/domestic/stock/086820/total"" target=""_blank"">Naver</a>"
073640,테라사이언스,39.79432177712545,53.70704593393208,0.0,57.74580477360702,35.91027478811003,,"<a href=""https://m.stock.naver.com/domestic/stock/073640/total"" target=""_blank"">Naver</a>"
031310,아이즈비전,39.785868368868506,21.574207214924215,63.65760805349518,78.5622911114258,61.41425830795194,,"<a href=""https://m.stock.naver.com/domestic/stock/031310/total"" target=""_blank"">Naver</a>"
170030,현대공업,39.733795247999296,18.308568587112223,58.32965937726721,97.30287367942327,88.71903766945657,,"<a href=""https://m.stock.naver.com/domestic/stock/170030/total"" target=""_blank"">Naver</a>"
298060,에스씨엠생명과학,39.69700114537745,50.0,0.0,73.63667812044109,46.666666666666664,,"<a href=""https://m.stock.naver.com/domestic/stock/298060/total"" target=""_blank"">Naver</a>"
053030,바이넥스,39.66707288171626,18.662225999906358,65.98034898974448,87.0533531506538,65.38629438541872,,"<a href=""https://m.stock.naver.com/domestic/stock/053030/total"" target=""_blank"">Naver</a>"
056730,CNT85,39.657767065740835,50.0,12.592106699577831,34.24457618933985,61.70565543824778,,"<a href=""https://m.stock.naver.com/domestic/stock/056730/total"" target=""_blank"">Naver</a>"
112040,위메이드,39.64636325631786,30.472084671446368,42.31076954590638,78.70299850434799,58.30240433077293,,"<a href=""https://m.stock.naver.com/domestic/stock/112040/total"" target=""_blank"">Naver</a>"
036830,솔브레인홀딩스,39.61239206063573,22.37797497990594,56.68607879519362,88.13733185199065,64.00708377389381,,"<a href=""https://m.stock.naver.com/domestic/stock/036830/total"" target=""_blank"">Naver</a>"
256840,한국비엔씨,39.56173912937438,50.0,0.0,62.31172963317236,66.61132332114293,,"<a href=""https://m.stock.naver.com/domestic/stock/256840/total"" target=""_blank"">Naver</a>"
389030,지니너스,39.46650015209651,50.0,0.0,74.70351954174593,39.92296395843829,,"<a href=""https://m.stock.naver.com/domestic/stock/389030/total"" target=""_blank"">Naver</a>"
073570,리튬포어스,39.464473078144295,50.0,0.0,69.99240980862807,49.30464194562967,,"<a href=""https://m.stock.naver.com/domestic/stock/073570/total"" target=""_blank"">Naver</a>"
308080,바이젠셀,39.44334779534011,50.0,0.0,74.71180405573102,,,"<a href=""https://m.stock.naver.com/domestic/stock/308080/total"" target=""_blank"">Naver</a>"
950190,고스트스튜디오,39.41573463896293,0.0,99.90659527611429,99.50498187898845,89.77175264071033,,"<a href=""https://m.stock.naver.com/domestic/stock/950190/total"" target=""_blank"">Naver</a>"
032750,삼진,39.36462938087523,24.15535851762786,55.011128436129546,74.33126837221656,73.71010648088935,,"<a href=""https://m.stock.naver.com/domestic/stock/032750/total"" target=""_blank"">Naver</a>"
251370,와이엠티,39.307020600709045,19.741426118067054,64.97520505695815,81.73825426450011,60.89076478358538,,"<a href=""https://m.stock.naver.com/domestic/stock/251370/total"" target=""_blank"">Naver</a>"
083310,엘오티베큠,39.28180892807953,17.56991471532125,62.30790035545135,97.00164911461836,69.25440197124198,,"<a href=""https://m.stock.naver.com/domestic/stock/083310/total"" target=""_blank"">Naver</a>"
192250,케이사인,39.18486734256293,12.638988182043235,72.74887051929896,99.61441871185085,69.05629864654328,,"<a href=""https://m.stock.naver.com/domestic/stock/192250/total"" target=""_blank"">Naver</a>"
210120,캔버스엔,39.16247235296087,50.0,7.248798636691942,27.658008551151948,91.68943677345379,,"<a href=""https://m.stock.naver.com/domestic/stock/210120/total"" target=""_blank"">Naver</a>"
032960,동일기연,39.084779191057414,18.77166171958803,68.28340519233386,87.54524672496794,39.92812377448666,,"<a href=""https://m.stock.naver.com/domestic/stock/032960/total"" target=""_blank"">Naver</a>"
217330,싸이토젠,39.054066586253626,50.0,0.0,65.86693687046699,49.34745798413859,,"<a href=""https://m.stock.naver.com/domestic/stock/217330/total"" target=""_blank"">Naver</a>"
263050,유틸렉스,39.05222838509748,54.028708277663156,0.0,44.24791702580849,44.20423431837478,,"<a href=""https://m.stock.naver.com/domestic/stock/263050/total"" target=""_blank"">Naver</a>"
079960,동양이엔피,39.04000538626696,21.9636872865313,51.12193885656921,87.19306770105722,87.24003060200323,,"<a href=""https://m.stock.naver.com/domestic/stock/079960/total"" target=""_blank"">Naver</a>"
234920,자이글,39.03514157115366,50.0,0.0,67.88224402368924,44.93834337569466,,"<a href=""https://m.stock.naver.com/domestic/stock/234920/total"" target=""_blank"">Naver</a>"
166480,코아스템켐온,38.98478369242793,45.106418656582285,0.0,83.21327730957408,71.99209535042294,,"<a href=""https://m.stock.naver.com/domestic/stock/166480/total"" target=""_blank"">Naver</a>"
014190,원익큐브,38.93146736121277,17.7971232518241,58.907889312960435,93.87728758730645,82.76984646295098,,"<a href=""https://m.stock.naver.com/domestic/stock/014190/total"" target=""_blank"">Naver</a>"
110020,전진바이오팜,38.91897488386001,50.0,0.0,58.570347826474446,61.238802024251314,,"<a href=""https://m.stock.naver.com/domestic/stock/110020/total"" target=""_blank"">Naver</a>"
246710,티앤알바이오팹,38.906341197320856,50.0,0.0,70.20733920414142,37.712145538134244,,"<a href=""https://m.stock.naver.com/domestic/stock/246710/total"" target=""_blank"">Naver</a>"
138610,나이벡,38.86125694227268,50.0,0.0,70.38703415172483,36.451070542003905,,"<a href=""https://m.stock.naver.com/domestic/stock/138610/total"" target=""_blank"">Naver</a>"
261780,차백신연구소,38.8564165177402,50.0,0.0,72.01400022115929,33.10032991248534,,"<a href=""https://m.stock.naver.com/domestic/stock/261780/total"" target=""_blank"">Naver</a>"
122640,예스티,38.85551133147365,51.06596485570554,0.0,48.14504836146344,68.02855163807978,,"<a href=""https://m.stock.naver.com/domestic/stock/122640/total"" target=""_blank"">Naver</a>"
085810,알티캐스트,38.73613134655564,33.333333333333336,25.035954938619778,95.08251171734663,59.37782880332066,,"<a href=""https://m.stock.naver.com/domestic/stock/085810/total"" target=""_blank"">Naver</a>"
101680,한국정밀기계,38.70687898846842,50.0,0.0,71.1812388866127,31.77510199614283,,"<a href=""https://m.stock.naver.com/domestic/stock/101680/total"" target=""_blank"">Naver</a>"
052220,iMBC,38.7054384030227,22.16459478558785,48.65107946748524,95.33775510157894,74.20272309281572,,"<a href=""https://m.stock.naver.com/domestic/stock/052220/total"" target=""_blank"">Naver</a>"
339950,아이비김영,38.682896852958,20.118087282658106,58.017261146527666,74.81297131235397,92.5286413099166,,"<a href=""https://m.stock.naver.com/domestic/stock/339950/total"" target=""_blank"">Naver</a>"
900250,크리스탈신소재,38.639133980555506,13.343531816061324,75.21793350148013,99.88932464540537,36.79198102016287,,"<a href=""https://m.stock.naver.com/domestic/stock/900250/total"" target=""_blank"">Naver</a>"
294630,서남,38.547728035020185,50.0,0.0,60.68467302877717,49.585214642849294,,"<a href=""https://m.stock.naver.com/domestic/stock/294630/total"" target=""_blank"">Naver</a>"
036200,유니셈,38.491503923658705,6.742317527012343,79.53453460255564,99.27468549347932,92.70022414928923,,"<a href=""https://m.stock.naver.com/domestic/stock/036200/total"" target=""_blank"">Naver</a>"
323990,박셀바이오,38.49006017200336,50.0,0.0,74.90060172003359,20.0,,"<a href=""https://m.stock.naver.com/domestic/stock/323990/total"" target=""_blank"">Naver</a>"
293780,압타바이오,38.48684198638385,50.0,0.0,74.86841986383854,20.0,,"<a href=""https://m.stock.naver.com/domestic/stock/293780/total"" target=""_blank"">Naver</a>"
094850,참좋은여행,38.48186672036501,50.0,0.0,74.81866720365011,20.0,,"<a href=""https://m.stock.naver.com/domestic/stock/094850/total"" target=""_blank"">Naver</a>"
215380,우정바이오,38.45314838646064,50.0,5.113542272628511,38.83088658426646,65.83348319753742,,"<a href=""https://m.stock.naver.com/domestic/stock/215380/total"" target=""_blank"">Naver</a>"
200130,콜마비앤에이치,38.41475813125694,7.427645416508408,79.49306056342954,97.68679105947136,86.32453269094735,,"<a href=""https://m.stock.naver.com/domestic/stock/200130/total"" target=""_blank"">Naver</a>"
064260,다날,38.41104634261877,18.523885398680765,64.14503976941472,79.71511764343273,65.77886793426705,,"<a href=""https://m.stock.naver.com/domestic/stock/064260/total"" target=""_blank"">Naver</a>"
047560,이스트소프트,38.40956403354731,19.96202508414346,53.357333995643735,94.12734872403263,73.60561223494078,,"<a href=""https://m.stock.naver.com/domestic/stock/047560/total"" target=""_blank"">Naver</a>"
044180,KD,38.38472994938782,54.09434388361702,0.0,41.7812361921761,35.0,,"<a href=""https://m.stock.naver.com/domestic/stock/044180/total"" target=""_blank"">Naver</a>"
039340,한국경제TV,38.369569779547135,5.154339516990482,85.96224679594248,99.2848009599831,77.15848548737817,,"<a href=""https://m.stock.naver.com/domestic/stock/039340/total"" target=""_blank"">Naver</a>"
222110,팬젠,38.3620741032888,50.0,0.0,64.98704858126302,37.26738490324995,,"<a href=""https://m.stock.naver.com/domestic/stock/222110/total"" target=""_blank"">Naver</a>"
096040,이트론,38.27493577222177,49.1249764870029,1.3812342542266876,57.30646186135232,54.479902606562476,,"<a href=""https://m.stock.naver.com/domestic/stock/096040/total"" target=""_blank"">Naver</a>"
083550,케이엠,38.26013787324733,19.964706011013003,53.918608431371005,97.9433862514852,60.14647067296528,,"<a href=""https://m.stock.naver.com/domestic/stock/083550/total"" target=""_blank"">Naver</a>"
185490,아이진,38.127599728487894,42.67703610750721,0.0,99.31291990162804,51.801721476415075,,"<a href=""https://m.stock.naver.com/domestic/stock/185490/total"" target=""_blank"">Naver</a>"
051490,나라엠앤디,38.104910682081055,26.866296526568192,48.3298579584169,71.28725410123457,55.478857328249084,,"<a href=""https://m.stock.naver.com/domestic/stock/051490/total"" target=""_blank"">Naver</a>"
214260,라파스,38.0859376221821,28.451584505731077,44.7190123336994,66.65410465449399,63.396467397384114,,"<a href=""https://m.stock.naver.com/domestic/stock/214260/total"" target=""_blank"">Naver</a>"
290740,액트로,38.03967178995812,27.946696871940503,37.710999874420644,72.86590265160886,91.14626866055538,,"<a href=""https://m.stock.naver.com/domestic/stock/290740/total"" target=""_blank"">Naver</a>"
219420,링크제니시스,37.977320880033936,7.777705507850475,77.04836062627699,99.56989439987048,81.83235957534703,,"<a href=""https://m.stock.naver.com/domestic/stock/219420/total"" target=""_blank"">Naver</a>"
038880,아이에이,37.89772911200799,17.112270420640332,59.9449658418392,90.15742479806246,72.56765838715485,,"<a href=""https://m.stock.naver.com/domestic/stock/038880/total"" target=""_blank"">Naver</a>"
086980,쇼박스,37.87988041794344,21.84294610126251,47.24064113556883,99.54921858932576,60.180612287222964,,"<a href=""https://m.stock.naver.com/domestic/stock/086980/total"" target=""_blank"">Naver</a>"
334970,프레스티지바이오로직스,37.87254674302592,50.0,0.0,68.72546743025922,20.0,,"<a href=""https://m.stock.naver.com/domestic/stock/334970/total"" target=""_blank"">Naver</a>"
094170,동운아나텍,37.734718139053705,50.0,0.0,55.12764581305279,44.43907115496859,,"<a href=""https://m.stock.naver.com/domestic/stock/094170/total"" target=""_blank"">Naver</a>"
035760,CJ ENM,37.72013158423949,21.321954519971335,54.983243782587635,76.11621519909306,71.39052813400946,,"<a href=""https://m.stock.naver.com/domestic/stock/035760/total"" target=""_blank"">Naver</a>"
033320,제이씨현시스템,37.715712304931415,13.909899851412447,61.03610124357275,98.49457205942085,85.22579754497349,,"<a href=""https://m.stock.naver.com/domestic/stock/033320/total"" target=""_blank"">Naver</a>"
305090,마이크로디지탈,37.665188043955844,50.0,0.0,61.64123793780424,30.02128500350834,,"<a href=""https://m.stock.naver.com/domestic/stock/305090/total"" target=""_blank"">Naver</a>"
203400,에이비온,37.64160994216436,52.20103367910378,0.0,49.08349607607541,28.25280254189095,,"<a href=""https://m.stock.naver.com/domestic/stock/203400/total"" target=""_blank"">Naver</a>"
033230,인성정보,37.5308987523546,29.31732334467905,38.025757902721935,66.66502923623084,75.35124692487219,,"<a href=""https://m.stock.naver.com/domestic/stock/033230/total"" target=""_blank"">Naver</a>"
054220,비츠로시스,37.495501525525654,50.0,0.0,35.59581770657592,78.71839509736115,,"<a href=""https://m.stock.naver.com/domestic/stock/054220/total"" target=""_blank"">Naver</a>"
065170,비엘팜텍,37.469548425306776,42.18357450448729,7.690247820342978,61.99877747481503,80.73928040094316,,"<a href=""https://m.stock.naver.com/domestic/stock/065170/total"" target=""_blank"">Naver</a>"
043710,서울리거,37.44515681977903,42.90038089441277,0.0,96.5689909812233,40.96058370018082,,"<a href=""https://m.stock.naver.com/domestic/stock/043710/total"" target=""_blank"">Naver</a>"
348350,위드텍,37.404378268436545,9.224292800478016,77.68707476148342,99.0432571296965,50.874163696184716,,"<a href=""https://m.stock.naver.com/domestic/stock/348350/total"" target=""_blank"">Naver</a>"
025770,한국정보통신,37.337206267406216,19.123476738574333,49.45457803043693,92.6747321776029,84.64004997784187,,"<a href=""https://m.stock.naver.com/domestic/stock/025770/total"" target=""_blank"">Naver</a>"
033500,동성화인텍,37.298666129337754,15.597296445806728,62.757572546016796,85.97583347859948,73.06623554979134,,"<a href=""https://m.stock.naver.com/domestic/stock/033500/total"" target=""_blank"">Naver</a>"
062970,한국첨단소재,37.29308174434665,50.0,0.0,41.77643912550103,62.30875663593097,,"<a href=""https://m.stock.naver.com/domestic/stock/062970/total"" target=""_blank"">Naver</a>"
263750,펄어비스,37.2357223902775,12.759685617104948,67.52085080820449,94.57836125921392,64.8372438408404,,"<a href=""https://m.stock.naver.com/domestic/stock/263750/total"" target=""_blank"">Naver</a>"
032680,소프트센,37.193732684405184,2.1135209265386266,86.98175013187847,98.15907918983416,87.28549353057949,,"<a href=""https://m.stock.naver.com/domestic/stock/032680/total"" target=""_blank"">Naver</a>"
217480,에스디생명공학,37.18923440889013,49.912924065636965,0.0,40.551280482715974,63.72703842472718,,"<a href=""https://m.stock.naver.com/domestic/stock/217480/total"" target=""_blank"">Naver</a>"
286750,나노실리칸첨단소재,37.120541232961536,50.0,0.0,54.975796909936705,32.459230839357204,,"<a href=""https://m.stock.naver.com/domestic/stock/286750/total"" target=""_blank"">Naver</a>"
950220,네오이뮨텍,37.09810399495261,42.17603978890403,0.0,99.37574921862557,,,"<a href=""https://m.stock.naver.com/domestic/stock/950220/total"" target=""_blank"">Naver</a>"
018680,서울제약,37.08543935757252,50.0,0.0,42.677252426796784,56.354282297856784,,"<a href=""https://m.stock.naver.com/domestic/stock/018680/total"" target=""_blank"">Naver</a>"
192410,오늘이엔엠,37.0573508397912,20.860356093800895,57.6378217376977,72.57436469949354,57.48490558273772,,"<a href=""https://m.stock.naver.com/domestic/stock/192410/total"" target=""_blank"">Naver</a>"
053160,프리엠스,36.98784161191453,20.36905568893509,45.65396008832628,99.71000643734224,67.63835065475381,,"<a href=""https://m.stock.naver.com/domestic/stock/053160/total"" target=""_blank"">Naver</a>"
038870,에코바이오,36.94500874235502,21.45876257002323,64.42422432575403,69.60278079416648,20.068340789718675,,"<a href=""https://m.stock.naver.com/domestic/stock/038870/total"" target=""_blank"">Naver</a>"
041930,동아화성,36.78592314236478,19.379059955846028,55.354366168114375,74.78500303174818,76.82790647307492,,"<a href=""https://m.stock.naver.com/domestic/stock/041930/total"" target=""_blank"">Naver</a>"
311390,네오크레마,36.731660733257016,19.39114034722386,50.05228975907378,96.7926279410546,58.09282582097575,,"<a href=""https://m.stock.naver.com/domestic/stock/311390/total"" target=""_blank"">Naver</a>"
010240,흥국,36.69796511966004,10.787877815276907,67.4345230073255,98.8158482448973,69.70045708345582,,"<a href=""https://m.stock.naver.com/domestic/stock/010240/total"" target=""_blank"">Naver</a>"
207760,미스터블루,36.66350988528318,11.131928441102653,65.61022235732308,97.53993724713621,76.55607013154389,,"<a href=""https://m.stock.naver.com/domestic/stock/207760/total"" target=""_blank"">Naver</a>"
078600,대주전자재료,36.65940442631196,11.782768009957579,73.89660846629378,77.20413122885968,67.90356761755999,,"<a href=""https://m.stock.naver.com/domestic/stock/078600/total"" target=""_blank"">Naver</a>"
257370,피엔티엠에스,36.653420000007785,50.0,0.0,49.11972154347357,34.82895691320857,,"<a href=""https://m.stock.naver.com/domestic/stock/257370/total"" target=""_blank"">Naver</a>"
317690,퀀타매트릭스,36.6200192750616,49.457674886152006,0.0,49.72601494586789,39.456256975672275,,"<a href=""https://m.stock.naver.com/domestic/stock/317690/total"" target=""_blank"">Naver</a>"
140670,알에스오토메이션,36.61668424014507,18.062303761706467,50.35155393666546,91.33907235751539,81.1501252640657,,"<a href=""https://m.stock.naver.com/domestic/stock/140670/total"" target=""_blank"">Naver</a>"
203450,유니온바이오메트릭스,36.572874156797745,23.155486023486088,52.69306808224644,72.28274431206498,45.56082181875971,,"<a href=""https://m.stock.naver.com/domestic/stock/203450/total"" target=""_blank"">Naver</a>"
084990,헬릭스미스,36.547049200858666,49.993140488471965,0.0,49.30494534728216,32.41340746094538,,"<a href=""https://m.stock.naver.com/domestic/stock/084990/total"" target=""_blank"">Naver</a>"
227610,아우딘퓨쳐스,36.52675280552939,46.927021603556,0.0,53.28425036628906,60.84229613533776,,"<a href=""https://m.stock.naver.com/domestic/stock/227610/total"" target=""_blank"">Naver</a>"
027050,코리아나,36.4975522808925,17.138754570827057,51.49168333560477,98.19651245260407,70.43454918469317,,"<a href=""https://m.stock.naver.com/domestic/stock/027050/total"" target=""_blank"">Naver</a>"
208340,파멥신,36.46858871930416,50.84351575323428,0.0,49.624792673635916,20.0,,"<a href=""https://m.stock.naver.com/domestic/stock/208340/total"" target=""_blank"">Naver</a>"
016670,디모아,36.465927205848374,17.76340364734032,59.83020479321329,76.84394259704987,63.318791188717356,,"<a href=""https://m.stock.naver.com/domestic/stock/016670/total"" target=""_blank"">Naver</a>"
089230,THE E&M,36.41689468721715,35.507984128224045,21.190433945089904,67.79671793143794,60.696478617329106,,"<a href=""https://m.stock.naver.com/domestic/stock/089230/total"" target=""_blank"">Naver</a>"
187870,디바이스,36.37153680397626,0.0,95.07213927776782,98.9326833275466,54.20467303559295,,"<a href=""https://m.stock.naver.com/domestic/stock/187870/total"" target=""_blank"">Naver</a>"
087260,모바일어플라이언스,36.300349870273806,20.309295334270676,53.480513940829375,68.55895817625125,77.77496733757857,,"<a href=""https://m.stock.naver.com/domestic/stock/087260/total"" target=""_blank"">Naver</a>"
096350,대창솔루션,36.29510821749554,48.84063255208883,0.0,34.05956865556304,71.69543641371875,,"<a href=""https://m.stock.naver.com/domestic/stock/096350/total"" target=""_blank"">Naver</a>"
019660,글로본,36.27264686602171,50.0,0.0,46.415793416679975,32.62135048707425,,"<a href=""https://m.stock.naver.com/domestic/stock/019660/total"" target=""_blank"">Naver</a>"
123410,코리아에프티,36.11417004480172,22.85353655565902,45.30335055571851,69.5019649515219,82.52027954648986,,"<a href=""https://m.stock.naver.com/domestic/stock/123410/total"" target=""_blank"">Naver</a>"
226330,신테카바이오,36.07023420794958,48.62843176893997,0.0,41.2807983549796,55.30190622175289,,"<a href=""https://m.stock.naver.com/domestic/stock/226330/total"" target=""_blank"">Naver</a>"
194480,데브시스터즈,36.05992135999918,0.0,86.41901413665244,98.08509618560885,92.93316414550377,,"<a href=""https://m.stock.naver.com/domestic/stock/194480/total"" target=""_blank"">Naver</a>"
900070,글로벌에스엠,35.968878902265715,16.107706946974208,51.596032932660556,98.9970606139236,70.11080879047383,,"<a href=""https://m.stock.naver.com/domestic/stock/900070/total"" target=""_blank"">Naver</a>"
318410,비비씨,35.96150723437579,19.453161567772053,49.41974758986913,97.16068071606097,44.3721064927835,,"<a href=""https://m.stock.naver.com/domestic/stock/318410/total"" target=""_blank"">Naver</a>"
317850,대모,35.9163858910964,18.060947506834772,58.9547315897602,72.0018035583673,62.81908267437522,,"<a href=""https://m.stock.naver.com/domestic/stock/317850/total"" target=""_blank"">Naver</a>"
348080,큐라티스,35.89320301799327,50.0,0.0,48.93203017993269,20.0,,"<a href=""https://m.stock.naver.com/domestic/stock/348080/total"" target=""_blank"">Naver</a>"
377480,마음AI,35.782318692017896,43.958444735620226,0.0,68.23174885714579,51.68153929862372,,"<a href=""https://m.stock.naver.com/domestic/stock/377480/total"" target=""_blank"">Naver</a>"
005860,한일사료,35.73222561111448,18.665260926025464,51.24461033989701,76.03387038906466,82.3705886323697,,"<a href=""https://m.stock.naver.com/domestic/stock/005860/total"" target=""_blank"">Naver</a>"
220180,핸디소프트,35.71945360722996,24.247518739046352,51.64914783107122,63.64855483794826,37.87599844479031,,"<a href=""https://m.stock.naver.com/domestic/stock/220180/total"" target=""_blank"">Naver</a>"
142760,모아라이프플러스,35.715182582845735,41.51656276276609,0.0,70.099993058872,75.90491238597758,,"<a href=""https://m.stock.naver.com/domestic/stock/142760/total"" target=""_blank"">Naver</a>"
095610,테스,35.68695916056641,0.0,87.6301760672862,99.59733881580141,76.39362524329437,,"<a href=""https://m.stock.naver.com/domestic/stock/095610/total"" target=""_blank"">Naver</a>"
182360,큐브엔터,35.673099424810566,28.490650206484716,21.550143976427574,88.02063745836895,87.78219121951891,,"<a href=""https://m.stock.naver.com/domestic/stock/182360/total"" target=""_blank"">Naver</a>"
021650,한국큐빅,35.66827155188069,14.308085716465824,56.544036564860825,88.86160692695779,81.22500576180424,,"<a href=""https://m.stock.naver.com/domestic/stock/021650/total"" target=""_blank"">Naver</a>"
263810,상신전자,35.655197502216915,20.17367207523534,46.79241258689066,81.51856500676521,74.02069219353041,,"<a href=""https://m.stock.naver.com/domestic/stock/263810/total"" target=""_blank"">Naver</a>"
270870,뉴트리,35.65404176057676,7.265399219034875,68.69270276252378,98.11116827258577,86.21019422532622,,"<a href=""https://m.stock.naver.com/domestic/stock/270870/total"" target=""_blank"">Naver</a>"
122870,와이지엔터테인먼트,35.5870208867685,11.939307060292494,63.88246296408061,82.60029372967554,83.8558307321059,,"<a href=""https://m.stock.naver.com/domestic/stock/122870/total"" target=""_blank"">Naver</a>"
050960,수산아이앤티,35.51946982983629,19.047477744538558,46.96617864138633,96.79025207728958,53.40826630075226,,"<a href=""https://m.stock.naver.com/domestic/stock/050960/total"" target=""_blank"">Naver</a>"
063440,SM Life Design,35.44433297426961,21.006007283355615,46.22884852557387,74.37651680230525,76.91729585264495,,"<a href=""https://m.stock.naver.com/domestic/stock/063440/total"" target=""_blank"">Naver</a>"
053620,태양,35.30580821908318,19.881572073007305,44.76530901195656,80.97221091365792,81.76633261847738,,"<a href=""https://m.stock.naver.com/domestic/stock/053620/total"" target=""_blank"">Naver</a>"
208640,썸에이지,35.27991411598501,33.333333333333336,15.532083827639573,74.81523482532268,78.30739353085701,,"<a href=""https://m.stock.naver.com/domestic/stock/208640/total"" target=""_blank"">Naver</a>"
009620,삼보산업,35.223204858515835,31.66555445140777,28.839969161287097,46.52164670994594,87.23430452709614,,"<a href=""https://m.stock.naver.com/domestic/stock/009620/total"" target=""_blank"">Naver</a>"
033310,엠투엔,35.1285086266054,42.19432598870304,0.0,66.81510258364025,62.60805550039105,,"<a href=""https://m.stock.naver.com/domestic/stock/033310/total"" target=""_blank"">Naver</a>"
215090,솔디펜스,35.12835366692136,50.0,0.0,31.3602308085904,39.846611721246475,,"<a href=""https://m.stock.naver.com/domestic/stock/215090/total"" target=""_blank"">Naver</a>"
084850,아이티엠반도체,35.11358376315924,26.409326715909383,41.33847476891365,50.49742262942416,77.67253556885558,,"<a href=""https://m.stock.naver.com/domestic/stock/084850/total"" target=""_blank"">Naver</a>"
065130,탑엔지니어링,35.078566905543944,31.58494377563834,21.60129641903735,64.15397039766005,86.23758991271193,,"<a href=""https://m.stock.naver.com/domestic/stock/065130/total"" target=""_blank"">Naver</a>"
121850,코이즈,34.981628088937654,46.28693526481542,0.0,29.278446511312932,85.6324455783422,,"<a href=""https://m.stock.naver.com/domestic/stock/121850/total"" target=""_blank"">Naver</a>"
117670,알파칩스,34.97551902675108,38.61764119781552,4.874754664697273,66.06345251760251,79.59800780254393,,"<a href=""https://m.stock.naver.com/domestic/stock/117670/total"" target=""_blank"">Naver</a>"
067920,이글루,34.932672024859016,12.299262447573051,54.769204333019445,94.76677380527593,87.68272185065462,,"<a href=""https://m.stock.naver.com/domestic/stock/067920/total"" target=""_blank"">Naver</a>"
080520,오디텍,34.8566754319957,14.922495418541425,54.004190466739026,99.64093489950756,48.760741484706564,,"<a href=""https://m.stock.naver.com/domestic/stock/080520/total"" target=""_blank"">Naver</a>"
079650,서산,34.82011123882172,10.720266690305818,61.75755430134785,99.75167817579903,59.46789663442714,,"<a href=""https://m.stock.naver.com/domestic/stock/079650/total"" target=""_blank"">Naver</a>"
241710,코스메카코리아,34.75006122877369,14.785386233789225,55.89619770450765,83.21904175021646,71.65751774703182,,"<a href=""https://m.stock.naver.com/domestic/stock/241710/total"" target=""_blank"">Naver</a>"
219550,디와이디,34.70767447287346,34.66092033538186,0.0,97.14677261891488,83.92890019505708,,"<a href=""https://m.stock.naver.com/domestic/stock/219550/total"" target=""_blank"">Naver</a>"
048410,현대바이오,34.6748153163556,43.463727889147926,0.0,74.60123846883167,22.729094719673583,,"<a href=""https://m.stock.naver.com/domestic/stock/048410/total"" target=""_blank"">Naver</a>"
024940,PN풍년,34.63799083624088,13.66479240898866,51.10648092203282,99.5637392068021,74.12242479318543,,"<a href=""https://m.stock.naver.com/domestic/stock/024940/total"" target=""_blank"">Naver</a>"
084180,수성웹툰,34.50117179553444,31.04839801415511,29.304068448800592,56.636440702745396,57.64943609133366,,"<a href=""https://m.stock.naver.com/domestic/stock/084180/total"" target=""_blank"">Naver</a>"
046310,백금T&A,34.45181888565503,8.674441216286747,63.363075417855605,98.28760452517704,71.55249697802748,,"<a href=""https://m.stock.naver.com/domestic/stock/046310/total"" target=""_blank"">Naver</a>"
256630,포인트엔지니어링,34.4311989056128,10.89021816860131,59.33114983761555,96.07248029382586,69.14065031331097,,"<a href=""https://m.stock.naver.com/domestic/stock/256630/total"" target=""_blank"">Naver</a>"
032800,판타지오,34.38778286508438,33.333333333333336,16.95957970304042,64.28691153000409,74.3839357264774,,"<a href=""https://m.stock.naver.com/domestic/stock/032800/total"" target=""_blank"">Naver</a>"
051390,YW,34.37940672907691,4.7614808557248,75.58405921072927,89.67870053865703,73.17266718188029,,"<a href=""https://m.stock.naver.com/domestic/stock/051390/total"" target=""_blank"">Naver</a>"
347000,센코,34.3770888345947,29.29585236558017,29.947379472629297,70.5288976858375,45.19685557011047,,"<a href=""https://m.stock.naver.com/domestic/stock/347000/total"" target=""_blank"">Naver</a>"
042370,비츠로테크,34.36438594968463,11.31797076061612,58.80728387026206,98.21451218519917,61.00662614459054,,"<a href=""https://m.stock.naver.com/domestic/stock/042370/total"" target=""_blank"">Naver</a>"
217820,원익피앤이,34.21722859840874,13.92721138544747,67.3817557857056,75.15760961551581,29.994037183245386,,"<a href=""https://m.stock.naver.com/domestic/stock/217820/total"" target=""_blank"">Naver</a>"
030530,원익홀딩스,34.1195587240988,5.8194936744621115,77.48065172688202,84.42683975135346,56.300312251313684,,"<a href=""https://m.stock.naver.com/domestic/stock/030530/total"" target=""_blank"">Naver</a>"
033790,피노,34.11518536573709,9.55933849871995,61.479268745253684,92.97574728552,74.24380703279401,,"<a href=""https://m.stock.naver.com/domestic/stock/033790/total"" target=""_blank"">Naver</a>"
037370,EG,33.98577583913914,12.855047254142034,56.691116305809125,80.01880720900024,81.96175378603229,,"<a href=""https://m.stock.naver.com/domestic/stock/037370/total"" target=""_blank"">Naver</a>"
208860,엔지스테크널러지,33.97000632051172,50.0,0.0,27.5,24.400126410234453,,"<a href=""https://m.stock.naver.com/domestic/stock/208860/total"" target=""_blank"">Naver</a>"
288620,에스퓨얼셀,33.78972552796965,14.412558113605911,61.7852918079873,83.92350587862192,26.070342398941715,,"<a href=""https://m.stock.naver.com/domestic/stock/288620/total"" target=""_blank"">Naver</a>"
108380,대양전기공업,33.77563534684287,14.51272053477504,47.87660500307592,99.62080899221934,62.73541751973856,,"<a href=""https://m.stock.naver.com/domestic/stock/108380/total"" target=""_blank"">Naver</a>"
052710,아모텍,33.690138046043586,36.12209682941974,14.331812147117214,59.333555436637795,50.011427358973236,,"<a href=""https://m.stock.naver.com/domestic/stock/052710/total"" target=""_blank"">Naver</a>"
122690,서진오토모티브,33.598463016377636,23.32786929345409,43.82886785464075,37.80301426752299,97.2844609978539,,"<a href=""https://m.stock.naver.com/domestic/stock/122690/total"" target=""_blank"">Naver</a>"
321550,티움바이오,33.58603287940879,46.08531304769329,0.0,49.34845050792812,20.0,,"<a href=""https://m.stock.naver.com/domestic/stock/321550/total"" target=""_blank"">Naver</a>"
001810,무림SP,33.5502094092074,19.246623327226988,46.04050142883467,72.50691263494205,64.82837584336671,,"<a href=""https://m.stock.naver.com/domestic/stock/001810/total"" target=""_blank"">Naver</a>"
054540,삼영엠텍,33.49611799223591,34.553973206862814,12.894472803603023,70.9091555541194,48.9840062361105,,"<a href=""https://m.stock.naver.com/domestic/stock/054540/total"" target=""_blank"">Naver</a>"
069920,엑시온그룹,33.472134734919045,11.076520733536158,66.66666666666667,67.22841385321657,68.7342848561805,,"<a href=""https://m.stock.naver.com/domestic/stock/069920/total"" target=""_blank"">Naver</a>"
036810,에프에스티,33.44419703929202,10.948465359109912,58.056326650834116,91.3431332661927,64.53445668996558,,"<a href=""https://m.stock.naver.com/domestic/stock/036810/total"" target=""_blank"">Naver</a>"
052020,에스티큐브,33.425017195907806,38.58490587851657,0.0,65.98803136692183,73.50541064211366,,"<a href=""https://m.stock.naver.com/domestic/stock/052020/total"" target=""_blank"">Naver</a>"
054090,삼진엘앤디,33.34122538883982,22.804892196967682,37.84766353312184,61.14712350243904,81.63323674269692,,"<a href=""https://m.stock.naver.com/domestic/stock/054090/total"" target=""_blank"">Naver</a>"
056360,코위버,33.27994610988571,15.176006106342976,54.90087454147457,81.32384841931423,46.33477937559708,,"<a href=""https://m.stock.naver.com/domestic/stock/056360/total"" target=""_blank"">Naver</a>"
186230,그린플러스,33.24776269026424,26.3544227301404,23.83028478540484,75.11262271089018,79.32551169479545,,"<a href=""https://m.stock.naver.com/domestic/stock/186230/total"" target=""_blank"">Naver</a>"
304100,솔트룩스,33.226594643270026,16.666666666666668,50.0,97.26594643270028,20.0,,"<a href=""https://m.stock.naver.com/domestic/stock/304100/total"" target=""_blank"">Naver</a>"
047310,파워로직스,33.21946343132644,27.931418644998274,22.722541102433883,61.941061137101315,91.71741710017744,,"<a href=""https://m.stock.naver.com/domestic/stock/047310/total"" target=""_blank"">Naver</a>"
063080,컴투스홀딩스,33.21017565224249,7.238801651670221,74.86037433005772,71.04471577474553,60.946590025027525,,"<a href=""https://m.stock.naver.com/domestic/stock/063080/total"" target=""_blank"">Naver</a>"
160980,싸이맥스,33.17415917330964,1.0266530485533767,74.67608877079913,95.50088971646886,86.781123596619,,"<a href=""https://m.stock.naver.com/domestic/stock/160980/total"" target=""_blank"">Naver</a>"
226360,KH 건설,33.037956110965666,33.333333333333336,21.270041353072486,46.98998452731403,60.428946399322776,,"<a href=""https://m.stock.naver.com/domestic/stock/226360/total"" target=""_blank"">Naver</a>"
021040,대호특수강,32.96718052794316,30.0825434135914,25.753161895596048,45.02107115236278,79.54513781306053,,"<a href=""https://m.stock.naver.com/domestic/stock/021040/total"" target=""_blank"">Naver</a>"
079190,케스피온,32.90359849092435,40.50172702348181,0.582739620590437,45.13966674444827,78.85821394485666,,"<a href=""https://m.stock.naver.com/domestic/stock/079190/total"" target=""_blank"">Naver</a>"
014970,삼륭물산,32.8424245196704,23.640942501885913,31.326882327620748,64.69079173837379,87.14118525592578,,"<a href=""https://m.stock.naver.com/domestic/stock/014970/total"" target=""_blank"">Naver</a>"
314130,지놈앤컴퍼니,32.81054840623434,44.11022512170073,0.0,49.54864015816346,27.79098634795119,,"<a href=""https://m.stock.naver.com/domestic/stock/314130/total"" target=""_blank"">Naver</a>"
304840,피플바이오,32.801002383656126,45.2302633394734,0.0,28.30274851283139,56.65139057377887,,"<a href=""https://m.stock.naver.com/domestic/stock/304840/total"" target=""_blank"">Naver</a>"
348370,엔켐,32.75545937546689,33.333333333333336,12.591559540113058,57.82402823966252,76.5033333294475,,"<a href=""https://m.stock.naver.com/domestic/stock/348370/total"" target=""_blank"">Naver</a>"
099520,DGI,32.73084915623778,37.11790936386671,0.0,78.4790887687238,52.24389322090752,,"<a href=""https://m.stock.naver.com/domestic/stock/099520/total"" target=""_blank"">Naver</a>"
019570,플루토스,32.73000219866884,12.017773989145242,52.89218579819098,95.46910864969507,54.98760981328896,,"<a href=""https://m.stock.naver.com/domestic/stock/019570/total"" target=""_blank"">Naver</a>"
222810,세토피아,32.63423926811548,32.81850608017258,10.6639965473673,58.149298432336394,89.24413279872937,,"<a href=""https://m.stock.naver.com/domestic/stock/222810/total"" target=""_blank"">Naver</a>"
024910,경창산업,32.579885661784395,21.32471790529097,45.23860338666844,41.856458432555605,85.79516457374285,,"<a href=""https://m.stock.naver.com/domestic/stock/024910/total"" target=""_blank"">Naver</a>"
015710,코콤,32.49772756962431,12.082394740820035,48.44359831711325,99.43247557175313,63.88287177357324,,"<a href=""https://m.stock.naver.com/domestic/stock/015710/total"" target=""_blank"">Naver</a>"
206560,덱스터,32.480111074363606,31.630264029054917,13.73820694593006,72.6403052751507,56.06740785866136,,"<a href=""https://m.stock.naver.com/domestic/stock/206560/total"" target=""_blank"">Naver</a>"
353190,휴럼,32.42659516428145,33.333333333333336,6.198548185563664,71.58748400023217,74.36419435734634,,"<a href=""https://m.stock.naver.com/domestic/stock/353190/total"" target=""_blank"">Naver</a>"
065950,웰크론,32.20093155378755,15.063580019469304,45.2831176570082,75.05230485056973,86.73547285593887,,"<a href=""https://m.stock.naver.com/domestic/stock/065950/total"" target=""_blank"">Naver</a>"
159580,제로투세븐,32.19477848551861,13.26157201784453,44.21415050048366,98.43456119077774,66.81683061226407,,"<a href=""https://m.stock.naver.com/domestic/stock/159580/total"" target=""_blank"">Naver</a>"
097870,효성오앤비,32.042772626485146,11.04555436103459,53.94950899233866,99.26472572136889,40.03180379285688,,"<a href=""https://m.stock.naver.com/domestic/stock/097870/total"" target=""_blank"">Naver</a>"
053700,삼보모터스,31.88697360517825,18.38224334949689,46.48997510471298,48.45381298167377,87.79505042268994,,"<a href=""https://m.stock.naver.com/domestic/stock/053700/total"" target=""_blank"">Naver</a>"
263700,케어랩스,31.760732871042944,18.241111139176095,35.908400675655294,81.53413019371793,73.71105998503339,,"<a href=""https://m.stock.naver.com/domestic/stock/263700/total"" target=""_blank"">Naver</a>"
196170,알테오젠,31.67612633096651,33.333333333333336,6.839730709642332,61.70786245480815,75.90814816150217,,"<a href=""https://m.stock.naver.com/domestic/stock/196170/total"" target=""_blank"">Naver</a>"
048430,유라테크,31.617060006975347,14.996607356006427,43.17254678943019,74.44468165458713,87.62981461110454,,"<a href=""https://m.stock.naver.com/domestic/stock/048430/total"" target=""_blank"">Naver</a>"
215100,로보로보,31.585161064682225,37.22776068959816,0.31632929425616424,74.87131667567357,33.64581319583858,,"<a href=""https://m.stock.naver.com/domestic/stock/215100/total"" target=""_blank"">Naver</a>"
211050,인카금융서비스,31.57873025309252,0.0,100.0,55.78730253092518,20.0,,"<a href=""https://m.stock.naver.com/domestic/stock/211050/total"" target=""_blank"">Naver</a>"
222040,코스맥스엔비티,31.574283426424,29.393954850686573,25.866595180214215,37.15320087271597,75.11883267373813,,"<a href=""https://m.stock.naver.com/domestic/stock/222040/total"" target=""_blank"">Naver</a>"
014940,오리엔탈정공,31.55039615230257,14.561795065556902,51.99471837488975,56.62473127260851,83.0433278397029,,"<a href=""https://m.stock.naver.com/domestic/stock/014940/total"" target=""_blank"">Naver</a>"
043370,피에이치에이,31.530701882733577,14.071587861369848,48.281827238171935,72.73675930868326,74.87232851000721,,"<a href=""https://m.stock.naver.com/domestic/stock/043370/total"" target=""_blank"">Naver</a>"
288330,브릿지바이오테라퓨틱스,31.529879118199737,33.333333333333336,0.0,99.5338516228975,,,"<a href=""https://m.stock.naver.com/domestic/stock/288330/total"" target=""_blank"">Naver</a>"
050760,에스폴리텍,31.496990664319586,10.754323254911903,50.648905088877775,85.31970810786862,77.00399256732274,,"<a href=""https://m.stock.naver.com/domestic/stock/050760/total"" target=""_blank"">Naver</a>"
067170,오텍,31.404147835871186,20.69354633048761,39.21574766253497,52.53552570752521,78.61061102384706,,"<a href=""https://m.stock.naver.com/domestic/stock/067170/total"" target=""_blank"">Naver</a>"
054620,APS,31.312235972262993,12.997384074740644,57.33294869201193,58.2963548518771,67.01865738455831,,"<a href=""https://m.stock.naver.com/domestic/stock/054620/total"" target=""_blank"">Naver</a>"
187660,현대ADM,31.25685922776203,11.878774004044155,48.45633065560327,89.00629486033115,62.297653508032056,,"<a href=""https://m.stock.naver.com/domestic/stock/187660/total"" target=""_blank"">Naver</a>"
226950,올릭스,31.234205911452353,44.82449415555585,0.0,15.493881288169238,55.80242578603835,,"<a href=""https://m.stock.naver.com/domestic/stock/226950/total"" target=""_blank"">Naver</a>"
235980,메드팩토,31.13728834398807,34.54150674189842,0.0,88.55519881649616,,,"<a href=""https://m.stock.naver.com/domestic/stock/235980/total"" target=""_blank"">Naver</a>"
046890,서울반도체,31.11202117012284,13.74092582546551,50.068670607950445,69.68674216094804,67.6324761352224,,"<a href=""https://m.stock.naver.com/domestic/stock/046890/total"" target=""_blank"">Naver</a>"
200230,텔콘RF제약,30.985117132577486,35.15246606345138,6.313098917733882,52.1623896662083,61.982475969047236,,"<a href=""https://m.stock.naver.com/domestic/stock/200230/total"" target=""_blank"">Naver</a>"
038110,에코플라스틱,30.87806564821584,18.95372062212654,43.236372455774564,38.36329187785408,97.20821946421734,,"<a href=""https://m.stock.naver.com/domestic/stock/038110/total"" target=""_blank"">Naver</a>"
101400,엔시트론,30.851358841109146,26.12552251122281,19.109202994601688,70.81190730947026,66.35107709556026,,"<a href=""https://m.stock.naver.com/domestic/stock/101400/total"" target=""_blank"">Naver</a>"
239610,에이치엘사이언스,30.625179562374957,0.0,67.8681337825252,99.79312726055207,73.57666781376896,,"<a href=""https://m.stock.naver.com/domestic/stock/239610/total"" target=""_blank"">Naver</a>"
053450,세코닉스,30.60841864613767,18.5768353531009,42.12919305238756,47.50263748860185,83.59510844640113,,"<a href=""https://m.stock.naver.com/domestic/stock/053450/total"" target=""_blank"">Naver</a>"
011080,형지I&C,30.45387216910865,34.24726772349689,9.80821603564132,49.202224470912725,50.66470158017818,,"<a href=""https://m.stock.naver.com/domestic/stock/011080/total"" target=""_blank"">Naver</a>"
182400,엔케이맥스,30.40573706164112,41.881304408016575,0.0,25.246890689522136,55.045306957579236,,"<a href=""https://m.stock.naver.com/domestic/stock/182400/total"" target=""_blank"">Naver</a>"
038950,파인디지털,30.27057660100118,10.603929418082528,40.98982638385846,94.95576534314935,83.3037163974423,,"<a href=""https://m.stock.naver.com/domestic/stock/038950/total"" target=""_blank"">Naver</a>"
091440,한울소재과학,30.259578490298505,38.63514554761023,0.0,46.13922825245229,49.291366729742776,,"<a href=""https://m.stock.naver.com/domestic/stock/091440/total"" target=""_blank"">Naver</a>"
049080,기가레인,30.194085625343764,10.382738753831319,49.41479025833005,81.40455930864331,69.40577755196252,,"<a href=""https://m.stock.naver.com/domestic/stock/049080/total"" target=""_blank"">Naver</a>"
033340,좋은사람들,30.1369901644118,34.60839742240008,0.0,65.62857394635805,56.18188632671886,,"<a href=""https://m.stock.naver.com/domestic/stock/033340/total"" target=""_blank"">Naver</a>"
044340,위닉스,30.046183243047686,10.48844527696332,55.154226776534365,69.00573073003972,61.279726194642606,,"<a href=""https://m.stock.naver.com/domestic/stock/044340/total"" target=""_blank"">Naver</a>"
200350,아티스트스튜디오,29.84914700029266,32.65642835711835,0.0,59.22095387467956,86.6638919710739,,"<a href=""https://m.stock.naver.com/domestic/stock/200350/total"" target=""_blank"">Naver</a>"
040610,SG&G,29.80202477045704,9.280510883773596,60.217416528173736,56.86247866112871,69.86232484073153,,"<a href=""https://m.stock.naver.com/domestic/stock/040610/total"" target=""_blank"">Naver</a>"
091970,나노캠텍,29.72413383373293,31.44639296256443,0.0,66.3309632150819,84.46403469372163,,"<a href=""https://m.stock.naver.com/domestic/stock/091970/total"" target=""_blank"">Naver</a>"
224060,더코디,29.49542570250538,34.68285785190385,0.0,69.8391426449064,34.03593453744865,,"<a href=""https://m.stock.naver.com/domestic/stock/224060/total"" target=""_blank"">Naver</a>"
054180,메디콕스,29.397612177018196,34.07890271699136,0.0,54.67948558597372,69.64643976452024,,"<a href=""https://m.stock.naver.com/domestic/stock/054180/total"" target=""_blank"">Naver</a>"
242040,나무기술,29.390491750018608,23.022595112514225,19.336764366156498,64.889355315005,85.07616118940892,,"<a href=""https://m.stock.naver.com/domestic/stock/242040/total"" target=""_blank"">Naver</a>"
047820,초록뱀미디어,29.37184782141596,26.378817981277773,13.665346215162295,67.11552147566599,68.33336662584247,,"<a href=""https://m.stock.naver.com/domestic/stock/047820/total"" target=""_blank"">Naver</a>"
043260,성호전자,29.257203727046168,15.617182879796653,44.033971707746474,67.03040889766329,43.50720364930456,,"<a href=""https://m.stock.naver.com/domestic/stock/043260/total"" target=""_blank"">Naver</a>"
066410,버킷스튜디오,29.207982040608684,33.333333333333336,0.8033666131937993,53.02927601303597,74.08425572013267,,"<a href=""https://m.stock.naver.com/domestic/stock/066410/total"" target=""_blank"">Naver</a>"
067000,조이시티,29.19742850147294,6.797448514821581,51.72266610881804,81.22475544661208,81.31634641428545,,"<a href=""https://m.stock.naver.com/domestic/stock/067000/total"" target=""_blank"">Naver</a>"
138080,오이솔루션,29.175502422900927,7.48049247518851,59.93342355331822,73.92159949840874,46.23382199234781,,"<a href=""https://m.stock.naver.com/domestic/stock/138080/total"" target=""_blank"">Naver</a>"
217500,러셀,29.04873727505375,0.0,67.20317830196898,95.13653027390498,54.68579344342011,,"<a href=""https://m.stock.naver.com/domestic/stock/217500/total"" target=""_blank"">Naver</a>"
012860,모베이스전자,28.989761944107315,15.668771980578592,44.59437793118763,47.026156044490094,74.7457733702849,,"<a href=""https://m.stock.naver.com/domestic/stock/012860/total"" target=""_blank"">Naver</a>"
299900,위지윅스튜디오,28.89210160699652,30.10222561454526,1.5150452029850545,70.13987098887596,68.76035677271007,,"<a href=""https://m.stock.naver.com/domestic/stock/299900/total"" target=""_blank"">Naver</a>"
044480,빌리언스,28.845310872724326,34.195199580294904,0.0,69.4542966067719,27.655229277403865,,"<a href=""https://m.stock.naver.com/domestic/stock/044480/total"" target=""_blank"">Naver</a>"
073540,에프알텍,28.666574900599578,24.35186232085594,20.48227026777772,50.48158866274284,77.73462149734596,,"<a href=""https://m.stock.naver.com/domestic/stock/073540/total"" target=""_blank"">Naver</a>"
098660,에스티오,28.507391397354507,17.753799603932677,37.595257213658435,59.1733238489308,50.77929893374424,,"<a href=""https://m.stock.naver.com/domestic/stock/098660/total"" target=""_blank"">Naver</a>"
095270,웨이브일렉트로,28.44112026920215,6.956993488044563,55.47875795231956,79.36786324244598,49.208967281018445,,"<a href=""https://m.stock.naver.com/domestic/stock/095270/total"" target=""_blank"">Naver</a>"
072470,우리산업홀딩스,28.424821774677127,18.11973111924269,30.640558012408945,63.9793208081293,69.89823038432692,,"<a href=""https://m.stock.naver.com/domestic/stock/072470/total"" target=""_blank"">Naver</a>"
101000,KS인더스트리,28.361771283640635,29.695532397796242,0.0,62.02291292758868,86.84321104408042,,"<a href=""https://m.stock.naver.com/domestic/stock/101000/total"" target=""_blank"">Naver</a>"
094860,네오리진,28.3591388693957,28.70191795790721,0.0,74.41694986410945,73.92586216480863,,"<a href=""https://m.stock.naver.com/domestic/stock/094860/total"" target=""_blank"">Naver</a>"
321820,아티스트컴퍼니,28.24148543171899,29.288121904884502,0.0,63.674677355963496,86.02289106383878,,"<a href=""https://m.stock.naver.com/domestic/stock/321820/total"" target=""_blank"">Naver</a>"
291230,엔피,27.961096072700826,33.75935453990902,0.0,43.658815050105126,66.79203687489805,,"<a href=""https://m.stock.naver.com/domestic/stock/291230/total"" target=""_blank"">Naver</a>"
083930,아바코,27.933155218579735,5.590427296277702,52.36765995868988,92.14139139171192,45.45689423938894,,"<a href=""https://m.stock.naver.com/domestic/stock/083930/total"" target=""_blank"">Naver</a>"
083500,에프엔에스테크,27.809015234411376,9.098754919492324,46.95710232151519,84.41514985031247,43.37943434611876,,"<a href=""https://m.stock.naver.com/domestic/stock/083500/total"" target=""_blank"">Naver</a>"
085660,차바이오텍,27.734707736800246,19.442010237019804,22.314814890659278,64.2447324008659,81.32649263673906,,"<a href=""https://m.stock.naver.com/domestic/stock/085660/total"" target=""_blank"">Naver</a>"
128540,에코캡,27.593292995760603,32.08196953763041,0.0,52.52755620751549,61.82711304861621,,"<a href=""https://m.stock.naver.com/domestic/stock/128540/total"" target=""_blank"">Naver</a>"
208350,지란지교시큐리티,27.567626381226784,21.47547023516178,13.039617617641794,72.92352985133036,82.60173701172471,,"<a href=""https://m.stock.naver.com/domestic/stock/208350/total"" target=""_blank"">Naver</a>"
160550,NEW,27.494183785111645,23.35660079697618,11.79511603621525,64.96440775435197,80.70007044873856,,"<a href=""https://m.stock.naver.com/domestic/stock/160550/total"" target=""_blank"">Naver</a>"
082800,비보존 제약,27.487088218738112,34.559519974021086,0.0,40.029098867085224,54.969326952338825,,"<a href=""https://m.stock.naver.com/domestic/stock/082800/total"" target=""_blank"">Naver</a>"
030350,드래곤플라이,27.452285866939754,29.196487570479515,0.0,74.31978351899276,50.04829945505536,,"<a href=""https://m.stock.naver.com/domestic/stock/030350/total"" target=""_blank"">Naver</a>"
066910,손오공,27.435395062436672,6.531632457633353,55.65183017217504,63.60041044441357,64.86834000743087,,"<a href=""https://m.stock.naver.com/domestic/stock/066910/total"" target=""_blank"">Naver</a>"
104620,노랑풍선,27.30881185839164,33.667278263361915,0.0,54.33324621842492,33.502405570639965,,"<a href=""https://m.stock.naver.com/domestic/stock/104620/total"" target=""_blank"">Naver</a>"
361570,알비더블유,27.122062129806782,0.0,62.250558822880784,76.56495838387738,78.0585317139769,,"<a href=""https://m.stock.naver.com/domestic/stock/361570/total"" target=""_blank"">Naver</a>"
045970,코아시아,27.08675600580677,21.23177340282069,17.370256743155796,58.05336811239553,83.9958193417171,,"<a href=""https://m.stock.naver.com/domestic/stock/045970/total"" target=""_blank"">Naver</a>"
217270,넵튠,26.926377873919215,24.099357232257248,0.0,97.97062317083005,53.394024349637206,,"<a href=""https://m.stock.naver.com/domestic/stock/217270/total"" target=""_blank"">Naver</a>"
219750,한국비티비,26.90746589584073,33.73935046342884,0.0,35.09651030040167,63.08409175486515,,"<a href=""https://m.stock.naver.com/domestic/stock/219750/total"" target=""_blank"">Naver</a>"
204630,스튜디오산타클로스,26.861109435138502,26.402134687718007,6.131299980882544,62.20261587115789,65.3348408034255,,"<a href=""https://m.stock.naver.com/domestic/stock/204630/total"" target=""_blank"">Naver</a>"
104460,디와이피엔에프,26.763119829455626,16.666666666666668,25.43706906306127,70.12228437885145,67.83248251610327,,"<a href=""https://m.stock.naver.com/domestic/stock/104460/total"" target=""_blank"">Naver</a>"
038620,위즈코프,26.748810973674455,19.749740110062955,13.751786242654312,74.67029311695123,79.87982070555967,,"<a href=""https://m.stock.naver.com/domestic/stock/038620/total"" target=""_blank"">Naver</a>"
095190,이엠코리아,26.746019421098374,18.90578717942814,22.26149845022209,61.49648816963446,73.75047367845048,,"<a href=""https://m.stock.naver.com/domestic/stock/095190/total"" target=""_blank"">Naver</a>"
078160,메디포스트,26.71565629734913,20.963754054820264,18.913580435483386,72.15944743485875,43.861280242005044,,"<a href=""https://m.stock.naver.com/domestic/stock/078160/total"" target=""_blank"">Naver</a>"
024120,KB오토시스,26.680138125998656,20.63099889649306,17.6011703742855,67.25490890129741,63.515106088034095,,"<a href=""https://m.stock.naver.com/domestic/stock/024120/total"" target=""_blank"">Naver</a>"
154030,아시아종묘,26.494154921625483,16.073472554283047,25.637711429183245,84.98739604032737,38.838078554542136,,"<a href=""https://m.stock.naver.com/domestic/stock/154030/total"" target=""_blank"">Naver</a>"
175250,아이큐어,26.488442194827115,32.31221056491406,0.0,47.28870367799567,47.44490976158217,,"<a href=""https://m.stock.naver.com/domestic/stock/175250/total"" target=""_blank"">Naver</a>"
348030,모비릭스,26.426306285766774,0.0,52.617009030446894,93.68024177772858,78.0805970076438,,"<a href=""https://m.stock.naver.com/domestic/stock/348030/total"" target=""_blank"">Naver</a>"
255440,야스,26.413669972013277,13.660147621855453,38.4266422705049,72.92025571594931,26.377905193576986,,"<a href=""https://m.stock.naver.com/domestic/stock/255440/total"" target=""_blank"">Naver</a>"
065690,파커스,26.411266852832945,3.444478342508536,55.4892870786035,69.4377157655874,70.56973002236418,,"<a href=""https://m.stock.naver.com/domestic/stock/065690/total"" target=""_blank"">Naver</a>"
083790,CG인바이츠,26.206719227015874,20.119243139601863,20.30296887804482,70.69841452969786,39.791793415475276,,"<a href=""https://m.stock.naver.com/domestic/stock/083790/total"" target=""_blank"">Naver</a>"
076080,웰크론한텍,26.176610053122282,15.726187565484722,23.739347868532263,64.11708687608669,87.88703718179423,,"<a href=""https://m.stock.naver.com/domestic/stock/076080/total"" target=""_blank"">Naver</a>"
294090,이오플로우,26.107869190039136,33.66629912147381,0.0,49.080897171548486,20.0,,"<a href=""https://m.stock.naver.com/domestic/stock/294090/total"" target=""_blank"">Naver</a>"
012340,뉴인텍,26.025423979735645,17.613503268657997,29.750299718881195,46.04031590773651,68.31430996093795,,"<a href=""https://m.stock.naver.com/domestic/stock/012340/total"" target=""_blank"">Naver</a>"
042520,한스바이오메드,25.991861388645482,32.49208467377307,0.0,44.178814084140576,41.57458351935159,,"<a href=""https://m.stock.naver.com/domestic/stock/042520/total"" target=""_blank"">Naver</a>"
069510,에스텍,25.83992292419513,25.798279075602963,0.0,63.55408068869876,80.1109481992695,,"<a href=""https://m.stock.naver.com/domestic/stock/069510/total"" target=""_blank"">Naver</a>"
150840,인트로메딕,25.837250945424113,29.02246022289165,0.0,74.38058824675275,19.71431974027701,,"<a href=""https://m.stock.naver.com/domestic/stock/150840/total"" target=""_blank"">Naver</a>"
073190,듀오백,25.58852604438646,19.218711270981625,0.608734505666462,97.67650017980912,82.74931274799911,,"<a href=""https://m.stock.naver.com/domestic/stock/073190/total"" target=""_blank"">Naver</a>"
184230,SGA솔루션즈,25.469592218261123,13.124711090863793,30.23467020214882,65.90910618056878,68.90374790297525,,"<a href=""https://m.stock.naver.com/domestic/stock/184230/total"" target=""_blank"">Naver</a>"
140410,메지온,25.44230740629462,26.88772344288635,0.0,74.03506196701883,38.123342877218505,,"<a href=""https://m.stock.naver.com/domestic/stock/140410/total"" target=""_blank"">Naver</a>"
246720,아스타,25.368805216736455,27.21586167502294,0.0,74.30456224223495,32.176639749983956,,"<a href=""https://m.stock.naver.com/domestic/stock/246720/total"" target=""_blank"">Naver</a>"
308100,형지글로벌,25.291671181839895,24.912046674284454,3.0918067373348848,71.00088939926906,49.42805106017185,,"<a href=""https://m.stock.naver.com/domestic/stock/308100/total"" target=""_blank"">Naver</a>"
318020,포인트모바일,25.019438580148105,17.404651242443606,19.554420767718927,71.29663202704506,51.167588800954036,,"<a href=""https://m.stock.naver.com/domestic/stock/318020/total"" target=""_blank"">Naver</a>"
082210,옵트론텍,24.988283560043005,20.063109109892057,22.391439303868832,39.221508882451324,68.60814759790864,,"<a href=""https://m.stock.naver.com/domestic/stock/082210/total"" target=""_blank"">Naver</a>"
267790,배럴,24.96080448873228,27.07846495013605,0.0,66.66666666666667,40.94117703967966,,"<a href=""https://m.stock.naver.com/domestic/stock/267790/total"" target=""_blank"">Naver</a>"
024950,삼천리자전거,24.948910902698756,4.814679380659404,37.63372729594698,90.63617354122394,71.76108192387942,,"<a href=""https://m.stock.naver.com/domestic/stock/024950/total"" target=""_blank"">Naver</a>"
284620,카이노스메드,24.776421332405544,32.67819839991743,0.0,24.086020764114448,55.218004320872865,,"<a href=""https://m.stock.naver.com/domestic/stock/284620/total"" target=""_blank"">Naver</a>"
383310,에코프로에이치엔,24.66894648336994,6.097974587385299,44.978979300046134,71.22633890746992,52.85566030360465,,"<a href=""https://m.stock.naver.com/domestic/stock/383310/total"" target=""_blank"">Naver</a>"
173130,오파스넷,24.66814311621218,0.0,53.73475843775369,76.1787836233727,72.33150288872969,,"<a href=""https://m.stock.naver.com/domestic/stock/173130/total"" target=""_blank"">Naver</a>"
027040,서울전자통신,24.599970817830112,13.635692937291688,30.521411362283857,56.509381228848376,62.74528183998599,,"<a href=""https://m.stock.naver.com/domestic/stock/027040/total"" target=""_blank"">Naver</a>"
376290,씨유테크,24.412048163730883,0.0,43.623031133988206,89.12090247262294,91.88400265943072,,"<a href=""https://m.stock.naver.com/domestic/stock/376290/total"" target=""_blank"">Naver</a>"
215360,우리산업,24.322228138207837,15.974846972436788,19.93071943125267,61.14509793546954,72.80260606771287,,"<a href=""https://m.stock.naver.com/domestic/stock/215360/total"" target=""_blank"">Naver</a>"
238490,힘스,24.22324590521423,16.183880386399895,14.865353357460284,74.58081638330867,66.76995391356714,,"<a href=""https://m.stock.naver.com/domestic/stock/238490/total"" target=""_blank"">Naver</a>"
245620,EDGC,24.212679973412648,26.745672097174616,0.0,43.434200675911605,76.43713295033433,,"<a href=""https://m.stock.naver.com/domestic/stock/245620/total"" target=""_blank"">Naver</a>"
086390,유니테스트,24.009616232642415,21.869568307082414,4.171684324598718,74.14380839409652,48.61146655667268,,"<a href=""https://m.stock.naver.com/domestic/stock/086390/total"" target=""_blank"">Naver</a>"
195990,에이비프로바이오,23.926155835194123,24.58798553712629,0.0,73.70169625665024,36.06389774506654,,"<a href=""https://m.stock.naver.com/domestic/stock/195990/total"" target=""_blank"">Naver</a>"
317120,라닉스,23.903495109723096,25.606300925173883,0.0,65.50083128867925,39.79262851501685,,"<a href=""https://m.stock.naver.com/domestic/stock/317120/total"" target=""_blank"">Naver</a>"
250930,예선테크,23.82031376000172,13.250743813606455,24.65243170401754,69.94140985383265,54.252371209003954,,"<a href=""https://m.stock.naver.com/domestic/stock/250930/total"" target=""_blank"">Naver</a>"
039980,폴라리스AI,23.742786382647086,8.322409715333976,34.99041793188537,73.8883007988372,52.25811981183276,,"<a href=""https://m.stock.naver.com/domestic/stock/039980/total"" target=""_blank"">Naver</a>"
090360,로보스타,23.70815215429154,4.868781907469834,40.9620204360727,71.51608727567356,67.89538346448218,,"<a href=""https://m.stock.naver.com/domestic/stock/090360/total"" target=""_blank"">Naver</a>"
227100,퀀텀온,23.682369557453296,26.748561319265207,0.0,49.47242013549389,53.71981504689562,,"<a href=""https://m.stock.naver.com/domestic/stock/227100/total"" target=""_blank"">Naver</a>"
092040,아미코젠,23.604264149583805,15.17916957180386,25.743212404012837,53.22170623999887,54.77577362996786,,"<a href=""https://m.stock.naver.com/domestic/stock/092040/total"" target=""_blank"">Naver</a>"
289220,자이언트스텝,23.457213080836816,20.270635467042766,4.819141457259413,74.72271487871389,52.35549896849834,,"<a href=""https://m.stock.naver.com/domestic/stock/289220/total"" target=""_blank"">Naver</a>"
102940,코오롱생명과학,23.41513438529343,13.566421352617269,26.100300448108715,56.42646751401091,62.15119420589603,,"<a href=""https://m.stock.naver.com/domestic/stock/102940/total"" target=""_blank"">Naver</a>"
051780,큐로홀딩스,23.247755730731566,13.657691036175649,20.16052230279684,70.59254272875,59.07512520903929,,"<a href=""https://m.stock.naver.com/domestic/stock/051780/total"" target=""_blank"">Naver</a>"
276040,스코넥,23.022932736359625,23.048837055032664,0.0,60.387381871867824,63.097846323064864,,"<a href=""https://m.stock.naver.com/domestic/stock/276040/total"" target=""_blank"">Naver</a>"
159010,아스플로,23.00172458252829,11.051168307792592,29.86313975133349,58.351674635144306,61.40142393009864,,"<a href=""https://m.stock.naver.com/domestic/stock/159010/total"" target=""_blank"">Naver</a>"
274090,켄코아에어로스페이스,22.996804819969594,27.728795935071602,0.0,34.46989130252513,58.250762573482376,,"<a href=""https://m.stock.naver.com/domestic/stock/274090/total"" target=""_blank"">Naver</a>"
172670,에이엘티,22.74854388388046,0.0,58.161250716389524,44.9651925331167,74.23423902942817,,"<a href=""https://m.stock.naver.com/domestic/stock/172670/total"" target=""_blank"">Naver</a>"
019540,일지테크,22.310923566981675,15.258139525375862,23.320213277747985,33.027374313500886,80.46498201938151,,"<a href=""https://m.stock.naver.com/domestic/stock/019540/total"" target=""_blank"">Naver</a>"
013810,스페코,22.18986834048827,0.575341299559796,42.34970380000316,85.6090583730875,53.92663546885704,,"<a href=""https://m.stock.naver.com/domestic/stock/013810/total"" target=""_blank"">Naver</a>"
014100,메디앙스,22.11297307066783,10.063278165360034,18.579923200409166,88.39338349237158,51.81374044224715,,"<a href=""https://m.stock.naver.com/domestic/stock/014100/total"" target=""_blank"">Naver</a>"
301300,바이브컴퍼니,22.03491147813747,21.0907261348425,0.0,56.189968458200845,75.22957902823768,,"<a href=""https://m.stock.naver.com/domestic/stock/301300/total"" target=""_blank"">Naver</a>"
171090,선익시스템,21.938465382692534,18.948912899219586,0.0,73.00131402099655,65.37972482122258,,"<a href=""https://m.stock.naver.com/domestic/stock/171090/total"" target=""_blank"">Naver</a>"
050120,ES큐브,21.860077609601248,7.6838270161231215,27.19591588812281,74.7024162390416,59.611216079850195,,"<a href=""https://m.stock.naver.com/domestic/stock/050120/total"" target=""_blank"">Naver</a>"
056090,시지메드텍,21.849724792642935,17.380433025688138,8.287525546278966,70.31091768708893,46.36983643902829,,"<a href=""https://m.stock.naver.com/domestic/stock/056090/total"" target=""_blank"">Naver</a>"
317240,TS트릴리온,21.632168439276427,25.77849008954224,0.0,27.601701068266568,68.09808557448854,,"<a href=""https://m.stock.naver.com/domestic/stock/317240/total"" target=""_blank"">Naver</a>"
064520,테크엘,21.282261221487282,1.0993893023783,42.69757118977301,72.70363044049392,53.55743597135316,,"<a href=""https://m.stock.naver.com/domestic/stock/064520/total"" target=""_blank"">Naver</a>"
127120,제이에스링크,21.27268176074826,17.512384825386054,0.0,74.22347991779813,66.85805747473628,,"<a href=""https://m.stock.naver.com/domestic/stock/127120/total"" target=""_blank"">Naver</a>"
099750,이지케어텍,21.187080279402693,14.830782957460952,2.864922340762144,68.94434676835313,93.55890485800543,,"<a href=""https://m.stock.naver.com/domestic/stock/099750/total"" target=""_blank"">Naver</a>"
307180,아이엘,21.075361013860345,16.765407461933016,17.47545594750939,33.29908795462078,66.34687508722226,,"<a href=""https://m.stock.naver.com/domestic/stock/307180/total"" target=""_blank"">Naver</a>"
038680,에스넷,20.967274603239222,10.59432883522628,21.517234235158288,49.557576239687236,85.51222238690322,,"<a href=""https://m.stock.naver.com/domestic/stock/038680/total"" target=""_blank"">Naver</a>"
196490,디에이테크놀로지,20.944442732679533,16.666666666666668,0.0,92.20320583516475,34.482442983261166,,"<a href=""https://m.stock.naver.com/domestic/stock/196490/total"" target=""_blank"">Naver</a>"
071850,캐스텍코리아,20.890734495577295,21.25337210772513,0.0,45.79009625726352,71.19403210431726,,"<a href=""https://m.stock.naver.com/domestic/stock/071850/total"" target=""_blank"">Naver</a>"
250060,모비스,20.815073171290383,17.354318221500012,0.0,74.06850803922273,59.91262868936205,,"<a href=""https://m.stock.naver.com/domestic/stock/250060/total"" target=""_blank"">Naver</a>"
101360,에코앤드림,20.770525363739207,0.0,47.34154490941962,70.15953723818278,38.38370825132054,,"<a href=""https://m.stock.naver.com/domestic/stock/101360/total"" target=""_blank"">Naver</a>"
043220,티에스넥스젠,20.64155715979141,21.770623531011136,0.0,61.070261849370866,29.443137124952866,,"<a href=""https://m.stock.naver.com/domestic/stock/043220/total"" target=""_blank"">Naver</a>"
042000,카페24,20.41889146770253,16.819554042895007,0.0,63.89406467402464,78.75505149126123,,"<a href=""https://m.stock.naver.com/domestic/stock/042000/total"" target=""_blank"">Naver</a>"
035610,솔본,19.902399574179206,0.0,42.017436172017064,63.550807637973215,60.8591953475523,,"<a href=""https://m.stock.naver.com/domestic/stock/035610/total"" target=""_blank"">Naver</a>"
092190,서울바이오시스,19.794327386581575,7.755747511675871,29.93789713003665,39.63985137512949,73.84838919107882,,"<a href=""https://m.stock.naver.com/domestic/stock/092190/total"" target=""_blank"">Naver</a>"
131760,파인텍,19.73984154199698,12.039164044397907,14.75856911751953,51.00506237985621,74.52389195985461,,"<a href=""https://m.stock.naver.com/domestic/stock/131760/total"" target=""_blank"">Naver</a>"
246960,SCL사이언스,19.732114065561905,16.666666666666668,0.0,74.85184798171422,44.93858534780969,,"<a href=""https://m.stock.naver.com/domestic/stock/246960/total"" target=""_blank"">Naver</a>"
332290,누보,19.718783643727367,16.666666666666668,1.026489389767532,55.42785540506354,78.38751511558254,,"<a href=""https://m.stock.naver.com/domestic/stock/332290/total"" target=""_blank"">Naver</a>"
388720,유일로보틱스,19.618879134249266,0.0,40.15344646582907,70.72159134668985,50.16716766246027,,"<a href=""https://m.stock.naver.com/domestic/stock/388720/total"" target=""_blank"">Naver</a>"
179530,애드바이오텍,19.509732990539273,18.921347343904,0.0,56.046362453014,51.04576677790951,,"<a href=""https://m.stock.naver.com/domestic/stock/179530/total"" target=""_blank"">Naver</a>"
099220,SDN,19.406868319696343,4.031142929152581,30.018248082999197,68.32948382962279,53.013443169854334,,"<a href=""https://m.stock.naver.com/domestic/stock/099220/total"" target=""_blank"">Naver</a>"
041520,이엘씨,19.00093410588538,4.426923167366023,22.68641906446545,74.28824542316465,64.8870179406588,,"<a href=""https://m.stock.naver.com/domestic/stock/041520/total"" target=""_blank"">Naver</a>"
036180,지더블유바이텍,18.977047487393907,9.391345683530824,7.129138536913506,73.27266217003695,84.65378452086681,,"<a href=""https://m.stock.naver.com/domestic/stock/036180/total"" target=""_blank"">Naver</a>"
322310,오로스테크놀로지,18.864382523544364,17.220191080702154,0.0,62.049050867294675,46.54725576787211,,"<a href=""https://m.stock.naver.com/domestic/stock/322310/total"" target=""_blank"">Naver</a>"
227950,엔투텍,18.780562196172518,13.690574664286336,0.0,72.43959893527222,66.44515008146988,,"<a href=""https://m.stock.naver.com/domestic/stock/227950/total"" target=""_blank"">Naver</a>"
031860,디에이치엑스컴퍼니,18.562030590537436,15.060552177124158,0.0,62.09676073956321,66.32046420613243,,"<a href=""https://m.stock.naver.com/domestic/stock/031860/total"" target=""_blank"">Naver</a>"
217190,제너셈,18.55555528120118,0.0,41.70812336032313,59.55986416747251,43.45076048746293,,"<a href=""https://m.stock.naver.com/domestic/stock/217190/total"" target=""_blank"">Naver</a>"
262260,에이프로,18.454203253585558,10.33958403124395,6.64256825841299,71.71769585578154,68.36082369315574,,"<a href=""https://m.stock.naver.com/domestic/stock/262260/total"" target=""_blank"">Naver</a>"
258830,세종메디칼,18.27500331798413,14.243109763427967,0.0,69.56374133464345,55.45526652926006,,"<a href=""https://m.stock.naver.com/domestic/stock/258830/total"" target=""_blank"">Naver</a>"
096630,에스코넥,18.173766322026708,13.822565234510137,5.943536787856645,40.87187724592144,86.14310519528642,,"<a href=""https://m.stock.naver.com/domestic/stock/096630/total"" target=""_blank"">Naver</a>"
043100,알파녹스,17.98535052892407,15.398691632125932,0.0,69.78544410531444,35.351822782341316,,"<a href=""https://m.stock.naver.com/domestic/stock/043100/total"" target=""_blank"">Naver</a>"
205500,넥써쓰,17.776216246825086,15.229559094112096,0.0,57.679930057992365,57.40975569117179,,"<a href=""https://m.stock.naver.com/domestic/stock/205500/total"" target=""_blank"">Naver</a>"
187420,HLB제넥스,17.638910931633944,18.803857712803076,0.0,39.47740516295684,48.17711575312827,,"<a href=""https://m.stock.naver.com/domestic/stock/187420/total"" target=""_blank"">Naver</a>"
079970,투비소프트,17.540235402207024,14.319724740530193,0.0,53.80084091432455,71.3663293291291,,"<a href=""https://m.stock.naver.com/domestic/stock/079970/total"" target=""_blank"">Naver</a>"
290520,신도기연,17.53607304278622,0.0,25.329704779065707,74.42720534823972,75.21852626391637,,"<a href=""https://m.stock.naver.com/domestic/stock/290520/total"" target=""_blank"">Naver</a>"
226340,본느,17.49210529320027,12.793997107367622,6.482211218744369,40.35894848563442,83.18518751060328,,"<a href=""https://m.stock.naver.com/domestic/stock/226340/total"" target=""_blank"">Naver</a>"
032980,바이온,17.48255261424779,14.06509142874927,0.0,69.01464478624462,42.840665567475355,,"<a href=""https://m.stock.naver.com/domestic/stock/032980/total"" target=""_blank"">Naver</a>"
115440,우리넷,17.353249648835103,0.0,31.376782811632193,72.57065703245863,45.03976485362385,,"<a href=""https://m.stock.naver.com/domestic/stock/115440/total"" target=""_blank"">Naver</a>"
197140,디지캡,16.853215501936145,1.215232810569386,22.174785729269896,73.5551239304529,64.497339804635,,"<a href=""https://m.stock.naver.com/domestic/stock/197140/total"" target=""_blank"">Naver</a>"
139670,키네마스터,16.676586575904032,8.830387200583031,0.0,71.0639689907688,85.43914712954663,,"<a href=""https://m.stock.naver.com/domestic/stock/139670/total"" target=""_blank"">Naver</a>"
053950,경남제약,16.643196985063984,11.469383283617281,0.0,72.95836636861662,49.31460756063903,,"<a href=""https://m.stock.naver.com/domestic/stock/053950/total"" target=""_blank"">Naver</a>"
092600,앤씨앤,16.642797573465092,11.447645838657875,0.0,68.15782992669195,59.168541552023456,,"<a href=""https://m.stock.naver.com/domestic/stock/092600/total"" target=""_blank"">Naver</a>"
044060,조광ILI,16.555898751172155,0.0,30.073449212888633,74.9652089435717,30.820311071856498,,"<a href=""https://m.stock.naver.com/domestic/stock/044060/total"" target=""_blank"">Naver</a>"
217620,선샤인푸드,16.555685848804636,15.753296728344921,0.0,27.5,87.0741562359537,,"<a href=""https://m.stock.naver.com/domestic/stock/217620/total"" target=""_blank"">Naver</a>"
322510,제이엘케이,16.440470478739556,14.49132775088431,0.0,47.973933278431055,58.965610007317316,,"<a href=""https://m.stock.naver.com/domestic/stock/322510/total"" target=""_blank"">Naver</a>"
143540,영우디에스피,16.429218384854046,0.0,27.910092653690146,63.81828403931257,61.39733635000499,,"<a href=""https://m.stock.naver.com/domestic/stock/143540/total"" target=""_blank"">Naver</a>"
017250,인터엠,16.17172433711104,15.555673583219919,0.0,45.87461331062062,45.017177122340556,,"<a href=""https://m.stock.naver.com/domestic/stock/017250/total"" target=""_blank"">Naver</a>"
080530,코디,16.103431347154572,8.264466533294753,0.0,70.47486425643459,81.9453000306852,,"<a href=""https://m.stock.naver.com/domestic/stock/080530/total"" target=""_blank"">Naver</a>"
156100,엘앤케이바이오,16.03248545418366,14.61110543512993,0.0,56.301787628096406,32.7128686059212,,"<a href=""https://m.stock.naver.com/domestic/stock/156100/total"" target=""_blank"">Naver</a>"
203690,아크솔루션스,15.994740133047308,14.773942940441602,0.0,32.03743192830641,78.53262351903413,,"<a href=""https://m.stock.naver.com/domestic/stock/203690/total"" target=""_blank"">Naver</a>"
220100,퓨쳐켐,15.92128726077398,6.388019916219164,0.0,86.46647457664965,68.8365570675503,,"<a href=""https://m.stock.naver.com/domestic/stock/220100/total"" target=""_blank"">Naver</a>"
900260,로스웰,15.243478211162186,8.42824451686934,5.949278391464881,72.5983822292201,28.78747360504704,,"<a href=""https://m.stock.naver.com/domestic/stock/900260/total"" target=""_blank"">Naver</a>"
089140,넥스턴바이오,14.977274173156813,0.0,25.0,56.221952685051924,62.1015780930324,,"<a href=""https://m.stock.naver.com/domestic/stock/089140/total"" target=""_blank"">Naver</a>"
060240,스타코링크,14.82989454844074,7.481848937550425,0.0,70.37419729956214,66.0673091190854,,"<a href=""https://m.stock.naver.com/domestic/stock/060240/total"" target=""_blank"">Naver</a>"
101390,아이엠,14.674204757511998,0.0,13.444644860916801,66.92482003807491,92.41123076950609,,"<a href=""https://m.stock.naver.com/domestic/stock/101390/total"" target=""_blank"">Naver</a>"
069540,빛과전자,14.50820668498666,7.573429843754518,0.0,71.78880855123113,55.70535847221673,,"<a href=""https://m.stock.naver.com/domestic/stock/069540/total"" target=""_blank"">Naver</a>"
040910,아이씨디,14.482788813615652,0.0,20.710290439031528,72.52936232620583,41.04559942474374,,"<a href=""https://m.stock.naver.com/domestic/stock/040910/total"" target=""_blank"">Naver</a>"
204840,지엘팜텍,14.405941789102693,10.179776146892605,0.0,61.13647371690574,43.688574585531114,,"<a href=""https://m.stock.naver.com/domestic/stock/204840/total"" target=""_blank"">Naver</a>"
900300,오가닉티코스메틱,13.966429455065796,0.0,13.572826951252532,72.44114506408063,66.58216421689198,,"<a href=""https://m.stock.naver.com/domestic/stock/900300/total"" target=""_blank"">Naver</a>"
018000,유니슨,13.910407262763608,5.606331054682634,17.77270908597576,34.59643723186858,52.87575270546459,,"<a href=""https://m.stock.naver.com/domestic/stock/018000/total"" target=""_blank"">Naver</a>"
065770,CS,13.648360808773884,0.0,7.998437139388936,72.4584769015618,88.05807667540941,,"<a href=""https://m.stock.naver.com/domestic/stock/065770/total"" target=""_blank"">Naver</a>"
079810,디이엔티,13.571001752140436,0.0,18.805975758990698,54.173281345213624,69.04359355742798,,"<a href=""https://m.stock.naver.com/domestic/stock/079810/total"" target=""_blank"">Naver</a>"
031510,오스템,13.516268124221831,4.17461129004162,8.99220527091506,55.5197542981373,64.22949205308728,,"<a href=""https://m.stock.naver.com/domestic/stock/031510/total"" target=""_blank"">Naver</a>"
131400,이브이첨단소재,13.303799741321516,2.2392817928778057,14.994600547526964,45.804583479104984,72.62244361605185,,"<a href=""https://m.stock.naver.com/domestic/stock/131400/total"" target=""_blank"">Naver</a>"
123330,제닉,12.403843341239632,5.559785872595891,0.0,52.44895241669576,76.46153152025043,,"<a href=""https://m.stock.naver.com/domestic/stock/123330/total"" target=""_blank"">Naver</a>"
045520,크린앤사이언스,11.561708196292177,0.0,8.256988830144204,55.73016377557156,78.4888922239794,,"<a href=""https://m.stock.naver.com/domestic/stock/045520/total"" target=""_blank"">Naver</a>"
260930,씨티케이,11.234822023766483,0.0,0.0,73.50866238708292,77.67911570116382,,"<a href=""https://m.stock.naver.com/domestic/stock/260930/total"" target=""_blank"">Naver</a>"
070590,한솔인티큐브,11.21254256306277,0.0,0.0,69.02471215585683,86.20142694954173,,"<a href=""https://m.stock.naver.com/domestic/stock/070590/total"" target=""_blank"">Naver</a>"
297090,씨에스베어링,10.966919804334314,0.0,14.168301931379462,45.305994194035975,57.88489804171698,,"<a href=""https://m.stock.naver.com/domestic/stock/297090/total"" target=""_blank"">Naver</a>"
068240,다원시스,10.143623663991434,4.4312699051164275,0.0,53.70537615754816,42.286482103335196,,"<a href=""https://m.stock.naver.com/domestic/stock/068240/total"" target=""_blank"">Naver</a>"
032500,케이엠더블유,9.978943113204199,0.0,0.0,70.48765790943338,58.60354644521719,,"<a href=""https://m.stock.naver.com/domestic/stock/032500/total"" target=""_blank"">Naver</a>"
204270,제이앤티씨,9.7519618138268,0.0,0.0,64.60154519225763,65.8361458920207,,"<a href=""https://m.stock.naver.com/domestic/stock/204270/total"" target=""_blank"">Naver</a>"
129890,앱코,9.55096729967319,0.0,0.0,70.76922359939621,49.48089879467136,,"<a href=""https://m.stock.naver.com/domestic/stock/129890/total"" target=""_blank"">Naver</a>"
095910,에스에너지,9.048007953144136,0.0,0.0,58.98097634997697,62.99820636292878,,"<a href=""https://m.stock.naver.com/domestic/stock/095910/total"" target=""_blank"">Naver</a>"
109740,디에스케이,8.73405627694191,0.0,0.0,70.16097162275848,34.35918229332125,,"<a href=""https://m.stock.naver.com/domestic/stock/109740/total"" target=""_blank"">Naver</a>"
311690,CJ 바이오사이언스,8.520548825672323,0.0,0.0,48.88806643724328,72.6348436389599,,"<a href=""https://m.stock.naver.com/domestic/stock/311690/total"" target=""_blank"">Naver</a>"
322180,LS티라유텍,8.256040450062237,0.0,0.0,41.49633505843989,82.12813888436493,,"<a href=""https://m.stock.naver.com/domestic/stock/322180/total"" target=""_blank"">Naver</a>"
139050,BF랩스,8.112674470681679,0.0,9.20634472543705,28.737712315160774,58.74634115612676,,"<a href=""https://m.stock.naver.com/domestic/stock/139050/total"" target=""_blank"">Naver</a>"
168330,내츄럴엔도텍,8.082897975873404,0.0,0.0,61.17708803069305,39.30378345608199,,"<a href=""https://m.stock.naver.com/domestic/stock/168330/total"" target=""_blank"">Naver</a>"
110990,디아이티,8.049827921609278,0.0,2.371220441913237,60.73537148469412,27.669713253231127,,"<a href=""https://m.stock.naver.com/domestic/stock/110990/total"" target=""_blank"">Naver</a>"
175140,휴먼테크놀로지,7.9547714845463116,0.21465038253721166,0.0,44.31528769302223,67.88904971443523,,"<a href=""https://m.stock.naver.com/domestic/stock/175140/total"" target=""_blank"">Naver</a>"
340930,유일에너테크,7.538909330317541,0.0,0.0,59.935880269129605,30.9064260680916,,"<a href=""https://m.stock.naver.com/domestic/stock/340930/total"" target=""_blank"">Naver</a>"
300080,플리토,7.5004590460421525,0.0,0.0,45.48403991218579,59.04110109647145,,"<a href=""https://m.stock.naver.com/domestic/stock/300080/total"" target=""_blank"">Naver</a>"
137080,나래나노텍,7.4314879460907335,0.0,0.0,43.39763835517324,61.83448221146817,,"<a href=""https://m.stock.naver.com/domestic/stock/137080/total"" target=""_blank"">Naver</a>"
353590,오토앤,7.426209421080671,0.0,0.0,49.2331260083195,50.057936404974406,,"<a href=""https://m.stock.naver.com/domestic/stock/353590/total"" target=""_blank"">Naver</a>"
365900,브이씨,7.296191780057306,0.0,0.0,48.46100838896576,49.0018188232146,,"<a href=""https://m.stock.naver.com/domestic/stock/365900/total"" target=""_blank"">Naver</a>"
214610,더바이오메드,7.148993652853132,0.0,0.0,57.58374562974013,27.81238179758239,,"<a href=""https://m.stock.naver.com/domestic/stock/214610/total"" target=""_blank"">Naver</a>"
082660,코스나인,6.75234566988425,0.0,0.0,30.518735276640534,74.00944284440394,,"<a href=""https://m.stock.naver.com/domestic/stock/082660/total"" target=""_blank"">Naver</a>"
057880,푸른소나무,6.650095136412387,0.0,0.0,49.79884912932371,33.4042044696003,,"<a href=""https://m.stock.naver.com/domestic/stock/057880/total"" target=""_blank"">Naver</a>"
095700,제넥신,6.386149631185255,0.0,0.0,45.1443147317688,37.434363160167486,,"<a href=""https://m.stock.naver.com/domestic/stock/095700/total"" target=""_blank"">Naver</a>"
338220,뷰노,5.657032496502853,0.0,0.0,46.57032496502853,20.0,,"<a href=""https://m.stock.naver.com/domestic/stock/338220/total"" target=""_blank"">Naver</a>"
259630,엠플러스,5.291321328645355,2.237361726626833,0.0,31.865604083306067,15.246877686772985,,"<a href=""https://m.stock.naver.com/domestic/stock/259630/total"" target=""_blank"">Naver</a>"
403870,HPSP,,,,,,annual FS not found,"<a href=""https://m.stock.naver.com/domestic/stock/403870/total"" target=""_blank"">Naver</a>"
310210,보로노이,,,,,,annual FS not found,"<a href=""https://m.stock.naver.com/domestic/stock/310210/total"" target=""_blank"">Naver</a>"
347850,디앤디파마텍,,,,,,annual FS not found,"<a href=""https://m.stock.naver.com/domestic/stock/347850/total"" target=""_blank"">Naver</a>"
336570,원텍,,,,,,annual FS not found,"<a href=""https://m.stock.naver.com/domestic/stock/336570/total"" target=""_blank"">Naver</a>"
358570,지아이이노베이션,,,,,,annual FS not found,"<a href=""https://m.stock.naver.com/domestic/stock/358570/total"" target=""_blank"">Naver</a>"
323280,태성,,,,,,annual FS not found,"<a href=""https://m.stock.naver.com/domestic/stock/323280/total"" target=""_blank"">Naver</a>"
160190,하이젠알앤엠,,,,,,annual FS not found,"<a href=""https://m.stock.naver.com/domestic/stock/160190/total"" target=""_blank"">Naver</a>"
041190,우리기술투자,,,,,,annual FS not found,"<a href=""https://m.stock.naver.com/domestic/stock/041190/total"" target=""_blank"">Naver</a>"
460930,현대힘스,,,,,,annual FS not found,"<a href=""https://m.stock.naver.com/domestic/stock/460930/total"" target=""_blank"">Naver</a>"
417200,LS머트리얼즈,,,,,,annual FS not found,"<a href=""https://m.stock.naver.com/domestic/stock/417200/total"" target=""_blank"">Naver</a>"
419530,SAMG엔터,,,,,,annual FS not found,"<a href=""https://m.stock.naver.com/domestic/stock/419530/total"" target=""_blank"">Naver</a>"
445680,큐리옥스바이오시스템즈,,,,,,annual FS not found,"<a href=""https://m.stock.naver.com/domestic/stock/445680/total"" target=""_blank"">Naver</a>"
440110,파두,,,,,,annual FS not found,"<a href=""https://m.stock.naver.com/domestic/stock/440110/total"" target=""_blank"">Naver</a>"
222080,씨아이에스,,,,,,"HTTPSConnectionPool(host='opendart.fss.or.kr', port=443): Max retries exceeded with url: /api/fnlttSinglAcntAll.json?crtfc_key=0603418e5f023daa013fb2d92b082ca56d30e6fd&corp_code=01090471&bsns_year=2021&reprt_code=11013&fs_div=CFS (Caused by ConnectTimeoutError(<urllib3.connection.HTTPSConnection object at 0x000002BF310B2050>, 'Connection to opendart.fss.or.kr timed out. (connect timeout=60)'))","<a href=""https://m.stock.naver.com/domestic/stock/222080/total"" target=""_blank"">Naver</a>"
399720,가온칩스,,,,,,annual FS not found,"<a href=""https://m.stock.naver.com/domestic/stock/399720/total"" target=""_blank"">Naver</a>"
372320,큐로셀,,,,,,annual FS not found,"<a href=""https://m.stock.naver.com/domestic/stock/372320/total"" target=""_blank"">Naver</a>"
466100,클로봇,,,,,,annual FS not found,"<a href=""https://m.stock.naver.com/domestic/stock/466100/total"" target=""_blank"">Naver</a>"
389260,대명에너지,,,,,,annual FS not found,"<a href=""https://m.stock.naver.com/domestic/stock/389260/total"" target=""_blank"">Naver</a>"
365340,성일하이텍,,,,,,annual FS not found,"<a href=""https://m.stock.naver.com/domestic/stock/365340/total"" target=""_blank"">Naver</a>"
475830,오름테라퓨틱,,,,,,annual FS not found,"<a href=""https://m.stock.naver.com/domestic/stock/475830/total"" target=""_blank"">Naver</a>"
397030,에이프릴바이오,,,,,,annual FS not found,"<a href=""https://m.stock.naver.com/domestic/stock/397030/total"" target=""_blank"">Naver</a>"
295310,에이치브이엠,,,,,,annual FS not found,"<a href=""https://m.stock.naver.com/domestic/stock/295310/total"" target=""_blank"">Naver</a>"
389650,넥스트바이오메디컬,,,,,,annual FS not found,"<a href=""https://m.stock.naver.com/domestic/stock/389650/total"" target=""_blank"">Naver</a>"
402030,코난테크놀로지,,,,,,annual FS not found,"<a href=""https://m.stock.naver.com/domestic/stock/402030/total"" target=""_blank"">Naver</a>"
448280,에코아이,,,,,,annual FS not found,"<a href=""https://m.stock.naver.com/domestic/stock/448280/total"" target=""_blank"">Naver</a>"
458870,씨어스테크놀로지,,,,,,annual FS not found,"<a href=""https://m.stock.naver.com/domestic/stock/458870/total"" target=""_blank"">Naver</a>"
441270,파인엠텍,,,,,,annual FS not found,"<a href=""https://m.stock.naver.com/domestic/stock/441270/total"" target=""_blank"">Naver</a>"
098070,한텍,,,,,,annual FS not found,"<a href=""https://m.stock.naver.com/domestic/stock/098070/total"" target=""_blank"">Naver</a>"
424870,이뮨온시아,,,,,,annual FS not found,"<a href=""https://m.stock.naver.com/domestic/stock/424870/total"" target=""_blank"">Naver</a>"
450950,아스테라시스,,,,,,annual FS not found,"<a href=""https://m.stock.naver.com/domestic/stock/450950/total"" target=""_blank"">Naver</a>"
462860,더즌,,,,,,annual FS not found,"<a href=""https://m.stock.naver.com/domestic/stock/462860/total"" target=""_blank"">Naver</a>"
437730,삼현,,,,,,annual FS not found,"<a href=""https://m.stock.naver.com/domestic/stock/437730/total"" target=""_blank"">Naver</a>"
425420,티에프이,,,,,,annual FS not found,"<a href=""https://m.stock.naver.com/domestic/stock/425420/total"" target=""_blank"">Naver</a>"
416180,신성에스티,,,,,,annual FS not found,"<a href=""https://m.stock.naver.com/domestic/stock/416180/total"" target=""_blank"">Naver</a>"
308430,셀비온,,,,,,annual FS not found,"<a href=""https://m.stock.naver.com/domestic/stock/308430/total"" target=""_blank"">Naver</a>"
287840,인투셀,,,,,,annual FS not found,"<a href=""https://m.stock.naver.com/domestic/stock/287840/total"" target=""_blank"">Naver</a>"
420770,기가비스,,,,,,annual FS not found,"<a href=""https://m.stock.naver.com/domestic/stock/420770/total"" target=""_blank"">Naver</a>"
100790,미래에셋벤처투자,,,,,,annual FS not found,"<a href=""https://m.stock.naver.com/domestic/stock/100790/total"" target=""_blank"">Naver</a>"
455900,엔젤로보틱스,,,,,,annual FS not found,"<a href=""https://m.stock.naver.com/domestic/stock/455900/total"" target=""_blank"">Naver</a>"
484120,도우인시스,,,,,,annual FS not found,"<a href=""https://m.stock.naver.com/domestic/stock/484120/total"" target=""_blank"">Naver</a>"
445090,에이직랜드,,,,,,annual FS not found,"<a href=""https://m.stock.naver.com/domestic/stock/445090/total"" target=""_blank"">Naver</a>"
472850,폰드그룹,,,,,,annual FS not found,"<a href=""https://m.stock.naver.com/domestic/stock/472850/total"" target=""_blank"">Naver</a>"
481070,에이유브랜즈,,,,,,annual FS not found,"<a href=""https://m.stock.naver.com/domestic/stock/481070/total"" target=""_blank"">Naver</a>"
389470,인벤티지랩,,,,,,annual FS not found,"<a href=""https://m.stock.naver.com/domestic/stock/389470/total"" target=""_blank"">Naver</a>"
473980,노머스,,,,,,annual FS not found,"<a href=""https://m.stock.naver.com/domestic/stock/473980/total"" target=""_blank"">Naver</a>"
475960,토모큐브,,,,,,annual FS not found,"<a href=""https://m.stock.naver.com/domestic/stock/475960/total"" target=""_blank"">Naver</a>"
176750,듀켐바이오,,,,,,annual FS not found,"<a href=""https://m.stock.naver.com/domestic/stock/176750/total"" target=""_blank"">Naver</a>"
452450,피아이이,,,,,,annual FS not found,"<a href=""https://m.stock.naver.com/domestic/stock/452450/total"" target=""_blank"">Naver</a>"
439090,마녀공장,,,,,,annual FS not found,"<a href=""https://m.stock.naver.com/domestic/stock/439090/total"" target=""_blank"">Naver</a>"
378340,필에너지,,,,,,annual FS not found,"<a href=""https://m.stock.naver.com/domestic/stock/378340/total"" target=""_blank"">Naver</a>"
461300,아이스크림미디어,,,,,,annual FS not found,"<a href=""https://m.stock.naver.com/domestic/stock/461300/total"" target=""_blank"">Naver</a>"
078020,LS증권,,,,,,annual FS not found,"<a href=""https://m.stock.naver.com/domestic/stock/078020/total"" target=""_blank"">Naver</a>"
394280,오픈엣지테크놀로지,,,,,,annual FS not found,"<a href=""https://m.stock.naver.com/domestic/stock/394280/total"" target=""_blank"">Naver</a>"
027360,아주IB투자,,,,,,annual FS not found,"<a href=""https://m.stock.naver.com/domestic/stock/027360/total"" target=""_blank"">Naver</a>"
418550,제이오,,,,,,annual FS not found,"<a href=""https://m.stock.naver.com/domestic/stock/418550/total"" target=""_blank"">Naver</a>"
476060,온코닉테라퓨틱스,,,,,,annual FS not found,"<a href=""https://m.stock.naver.com/domestic/stock/476060/total"" target=""_blank"">Naver</a>"
489460,바이오비쥬,,,,,,annual FS not found,"<a href=""https://m.stock.naver.com/domestic/stock/489460/total"" target=""_blank"">Naver</a>"
463020,뉴엔AI,,,,,,annual FS not found,"<a href=""https://m.stock.naver.com/domestic/stock/463020/total"" target=""_blank"">Naver</a>"
298830,슈어소프트테크,,,,,,annual FS not found,"<a href=""https://m.stock.naver.com/domestic/stock/298830/total"" target=""_blank"">Naver</a>"
254490,미래반도체,,,,,,annual FS not found,"<a href=""https://m.stock.naver.com/domestic/stock/254490/total"" target=""_blank"">Naver</a>"
348340,뉴로메카,,,,,,annual FS not found,"<a href=""https://m.stock.naver.com/domestic/stock/348340/total"" target=""_blank"">Naver</a>"
376900,로킷헬스케어,,,,,,annual FS not found,"<a href=""https://m.stock.naver.com/domestic/stock/376900/total"" target=""_blank"">Naver</a>"
101970,우양에이치씨,,,,,,annual FS not found,"<a href=""https://m.stock.naver.com/domestic/stock/101970/total"" target=""_blank"">Naver</a>"
389020,자람테크놀로지,,,,,,annual FS not found,"<a href=""https://m.stock.naver.com/domestic/stock/389020/total"" target=""_blank"">Naver</a>"
372170,윤성에프앤씨,,,,,,annual FS not found,"<a href=""https://m.stock.naver.com/domestic/stock/372170/total"" target=""_blank"">Naver</a>"
393890,더블유씨피,,,,,,annual FS not found,"<a href=""https://m.stock.naver.com/domestic/stock/393890/total"" target=""_blank"">Naver</a>"
457550,우진엔텍,,,,,,annual FS not found,"<a href=""https://m.stock.naver.com/domestic/stock/457550/total"" target=""_blank"">Naver</a>"
304360,에스바이오메딕스,,,,,,annual FS not found,"<a href=""https://m.stock.naver.com/domestic/stock/304360/total"" target=""_blank"">Naver</a>"
475400,씨메스,,,,,,annual FS not found,"<a href=""https://m.stock.naver.com/domestic/stock/475400/total"" target=""_blank"">Naver</a>"
023760,한국캐피탈,,,,,,annual FS not found,"<a href=""https://m.stock.naver.com/domestic/stock/023760/total"" target=""_blank"">Naver</a>"
459510,나우로보틱스,,,,,,annual FS not found,"<a href=""https://m.stock.naver.com/domestic/stock/459510/total"" target=""_blank"">Naver</a>"
168360,펨트론,,,,,,annual FS not found,"<a href=""https://m.stock.naver.com/domestic/stock/168360/total"" target=""_blank"">Naver</a>"
240550,동방메디컬,,,,,,annual FS not found,"<a href=""https://m.stock.naver.com/domestic/stock/240550/total"" target=""_blank"">Naver</a>"
452430,사피엔반도체,,,,,,annual FS not found,"<a href=""https://m.stock.naver.com/domestic/stock/452430/total"" target=""_blank"">Naver</a>"
136150,원일티엔아이,,,,,,annual FS not found,"<a href=""https://m.stock.naver.com/domestic/stock/136150/total"" target=""_blank"">Naver</a>"
394800,쓰리빌리언,,,,,,annual FS not found,"<a href=""https://m.stock.naver.com/domestic/stock/394800/total"" target=""_blank"">Naver</a>"
356680,엑스게이트,,,,,,annual FS not found,"<a href=""https://m.stock.naver.com/domestic/stock/356680/total"" target=""_blank"">Naver</a>"
234030,싸이닉솔루션,,,,,,annual FS not found,"<a href=""https://m.stock.naver.com/domestic/stock/234030/total"" target=""_blank"">Naver</a>"
458650,성우,,,,,,annual FS not found,"<a href=""https://m.stock.naver.com/domestic/stock/458650/total"" target=""_blank"">Naver</a>"
476040,오가노이드사이언스,,,,,,annual FS not found,"<a href=""https://m.stock.naver.com/domestic/stock/476040/total"" target=""_blank"">Naver</a>"
112290,와이씨켐,,,,,,annual FS not found,"<a href=""https://m.stock.naver.com/domestic/stock/112290/total"" target=""_blank"">Naver</a>"
464080,에스오에스랩,,,,,,annual FS not found,"<a href=""https://m.stock.naver.com/domestic/stock/464080/total"" target=""_blank"">Naver</a>"
360070,탑머티리얼,,,,,,annual FS not found,"<a href=""https://m.stock.naver.com/domestic/stock/360070/total"" target=""_blank"">Naver</a>"
362320,청담글로벌,,,,,,annual FS not found,"<a href=""https://m.stock.naver.com/domestic/stock/362320/total"" target=""_blank"">Naver</a>"
432720,퀄리타스반도체,,,,,,annual FS not found,"<a href=""https://m.stock.naver.com/domestic/stock/432720/total"" target=""_blank"">Naver</a>"
482630,삼양엔씨켐,,,,,,annual FS not found,"<a href=""https://m.stock.naver.com/domestic/stock/482630/total"" target=""_blank"">Naver</a>"
484810,티엑스알로보틱스,,,,,,annual FS not found,"<a href=""https://m.stock.naver.com/domestic/stock/484810/total"" target=""_blank"">Naver</a>"
389140,포바이포,,,,,,annual FS not found,"<a href=""https://m.stock.naver.com/domestic/stock/389140/total"" target=""_blank"">Naver</a>"
340450,지씨지놈,,,,,,annual FS not found,"<a href=""https://m.stock.naver.com/domestic/stock/340450/total"" target=""_blank"">Naver</a>"
241520,DSC인베스트먼트,,,,,,annual FS not found,"<a href=""https://m.stock.naver.com/domestic/stock/241520/total"" target=""_blank"">Naver</a>"
331740,아우토크립트,,,,,,annual FS not found,"<a href=""https://m.stock.naver.com/domestic/stock/331740/total"" target=""_blank"">Naver</a>"
096250,와이즈넛,,,,,,annual FS not found,"<a href=""https://m.stock.naver.com/domestic/stock/096250/total"" target=""_blank"">Naver</a>"
125020,티씨머티리얼즈,,,,,,annual FS not found,"<a href=""https://m.stock.naver.com/domestic/stock/125020/total"" target=""_blank"">Naver</a>"
418420,라온텍,,,,,,annual FS not found,"<a href=""https://m.stock.naver.com/domestic/stock/418420/total"" target=""_blank"">Naver</a>"
380550,뉴로핏,,,,,,annual FS not found,"<a href=""https://m.stock.naver.com/domestic/stock/380550/total"" target=""_blank"">Naver</a>"
453450,그리드위즈,,,,,,annual FS not found,"<a href=""https://m.stock.naver.com/domestic/stock/453450/total"" target=""_blank"">Naver</a>"
303810,동국생명과학,,,,,,annual FS not found,"<a href=""https://m.stock.naver.com/domestic/stock/303810/total"" target=""_blank"">Naver</a>"
456010,아이씨티케이,,,,,,annual FS not found,"<a href=""https://m.stock.naver.com/domestic/stock/456010/total"" target=""_blank"">Naver</a>"
443670,에스피소프트,,,,,,annual FS not found,"<a href=""https://m.stock.naver.com/domestic/stock/443670/total"" target=""_blank"">Naver</a>"
338840,와이바이오로직스,,,,,,annual FS not found,"<a href=""https://m.stock.naver.com/domestic/stock/338840/total"" target=""_blank"">Naver</a>"
405100,큐알티,,,,,,annual FS not found,"<a href=""https://m.stock.naver.com/domestic/stock/405100/total"" target=""_blank"">Naver</a>"
462350,이노스페이스,,,,,,annual FS not found,"<a href=""https://m.stock.naver.com/domestic/stock/462350/total"" target=""_blank"">Naver</a>"
382900,범한퓨얼셀,,,,,,annual FS not found,"<a href=""https://m.stock.naver.com/domestic/stock/382900/total"" target=""_blank"">Naver</a>"
475230,엔알비,,,,,,annual FS not found,"<a href=""https://m.stock.naver.com/domestic/stock/475230/total"" target=""_blank"">Naver</a>"
336680,탑런토탈솔루션,,,,,,annual FS not found,"<a href=""https://m.stock.naver.com/domestic/stock/336680/total"" target=""_blank"">Naver</a>"
468530,프로티나,,,,,,annual FS not found,"<a href=""https://m.stock.naver.com/domestic/stock/468530/total"" target=""_blank"">Naver</a>"
439580,블루엠텍,,,,,,annual FS not found,"<a href=""https://m.stock.naver.com/domestic/stock/439580/total"" target=""_blank"">Naver</a>"
475580,에이럭스,,,,,,annual FS not found,"<a href=""https://m.stock.naver.com/domestic/stock/475580/total"" target=""_blank"">Naver</a>"
354320,알멕,,,,,,annual FS not found,"<a href=""https://m.stock.naver.com/domestic/stock/354320/total"" target=""_blank"">Naver</a>"
007330,푸른저축은행,,,,,,annual FS not found,"<a href=""https://m.stock.naver.com/domestic/stock/007330/total"" target=""_blank"">Naver</a>"
460870,에스엠씨지,,,,,,annual FS not found,"<a href=""https://m.stock.naver.com/domestic/stock/460870/total"" target=""_blank"">Naver</a>"
425040,티이엠씨,,,,,,annual FS not found,"<a href=""https://m.stock.naver.com/domestic/stock/425040/total"" target=""_blank"">Naver</a>"
163280,에어레인,,,,,,annual FS not found,"<a href=""https://m.stock.naver.com/domestic/stock/163280/total"" target=""_blank"">Naver</a>"
451760,컨텍,,,,,,annual FS not found,"<a href=""https://m.stock.naver.com/domestic/stock/451760/total"" target=""_blank"">Naver</a>"
474170,루미르,,,,,,annual FS not found,"<a href=""https://m.stock.naver.com/domestic/stock/474170/total"" target=""_blank"">Naver</a>"
443250,레뷰코퍼레이션,,,,,,annual FS not found,"<a href=""https://m.stock.naver.com/domestic/stock/443250/total"" target=""_blank"">Naver</a>"
393970,대진첨단소재,,,,,,annual FS not found,"<a href=""https://m.stock.naver.com/domestic/stock/393970/total"" target=""_blank"">Naver</a>"
418470,KT밀리의서재,,,,,,annual FS not found,"<a href=""https://m.stock.naver.com/domestic/stock/418470/total"" target=""_blank"">Naver</a>"
396470,워트,,,,,,annual FS not found,"<a href=""https://m.stock.naver.com/domestic/stock/396470/total"" target=""_blank"">Naver</a>"
411080,샌즈랩,,,,,,annual FS not found,"<a href=""https://m.stock.naver.com/domestic/stock/411080/total"" target=""_blank"">Naver</a>"
408900,스튜디오미르,,,,,,annual FS not found,"<a href=""https://m.stock.naver.com/domestic/stock/408900/total"" target=""_blank"">Naver</a>"
419120,산돌,,,,,,annual FS not found,"<a href=""https://m.stock.naver.com/domestic/stock/419120/total"" target=""_blank"">Naver</a>"
389500,에스비비테크,,,,,,annual FS not found,"<a href=""https://m.stock.naver.com/domestic/stock/389500/total"" target=""_blank"">Naver</a>"
365330,에스와이스틸텍,,,,,,annual FS not found,"<a href=""https://m.stock.naver.com/domestic/stock/365330/total"" target=""_blank"">Naver</a>"
463480,모티브링크,,,,,,annual FS not found,"<a href=""https://m.stock.naver.com/domestic/stock/463480/total"" target=""_blank"">Naver</a>"
456070,이엔셀,,,,,,annual FS not found,"<a href=""https://m.stock.naver.com/domestic/stock/456070/total"" target=""_blank"">Naver</a>"
204610,티쓰리,,,,,,annual FS not found,"<a href=""https://m.stock.naver.com/domestic/stock/204610/total"" target=""_blank"">Naver</a>"
019550,SBI인베스트먼트,,,,,,annual FS not found,"<a href=""https://m.stock.naver.com/domestic/stock/019550/total"" target=""_blank"">Naver</a>"
293580,나우IB,,,,,,annual FS not found,"<a href=""https://m.stock.naver.com/domestic/stock/293580/total"" target=""_blank"">Naver</a>"
107600,새빗켐,,,,,,annual FS not found,"<a href=""https://m.stock.naver.com/domestic/stock/107600/total"" target=""_blank"">Naver</a>"
448710,코츠테크놀로지,,,,,,annual FS not found,"<a href=""https://m.stock.naver.com/domestic/stock/448710/total"" target=""_blank"">Naver</a>"
044990,에이치엔에스하이텍,,,,,,annual FS not found,"<a href=""https://m.stock.naver.com/domestic/stock/044990/total"" target=""_blank"">Naver</a>"
424960,스마트레이더시스템,,,,,,annual FS not found,"<a href=""https://m.stock.naver.com/domestic/stock/424960/total"" target=""_blank"">Naver</a>"
452280,한선엔지니어링,,,,,,annual FS not found,"<a href=""https://m.stock.naver.com/domestic/stock/452280/total"" target=""_blank"">Naver</a>"
474650,링크솔루션,,,,,,annual FS not found,"<a href=""https://m.stock.naver.com/domestic/stock/474650/total"" target=""_blank"">Naver</a>"
419050,삼기에너지솔루션즈,,,,,,annual FS not found,"<a href=""https://m.stock.naver.com/domestic/stock/419050/total"" target=""_blank"">Naver</a>"
282720,금양그린파워,,,,,,annual FS not found,"<a href=""https://m.stock.naver.com/domestic/stock/282720/total"" target=""_blank"">Naver</a>"
452400,이닉스,,,,,,annual FS not found,"<a href=""https://m.stock.naver.com/domestic/stock/452400/total"" target=""_blank"">Naver</a>"
402490,그린리소스,,,,,,annual FS not found,"<a href=""https://m.stock.naver.com/domestic/stock/402490/total"" target=""_blank"">Naver</a>"
435570,에르코스,,,,,,annual FS not found,"<a href=""https://m.stock.naver.com/domestic/stock/435570/total"" target=""_blank"">Naver</a>"
408920,메쎄이상,,,,,,annual FS not found,"<a href=""https://m.stock.naver.com/domestic/stock/408920/total"" target=""_blank"">Naver</a>"
489500,엘케이켐,,,,,,annual FS not found,"<a href=""https://m.stock.naver.com/domestic/stock/489500/total"" target=""_blank"">Naver</a>"
289930,웨이비스,,,,,,annual FS not found,"<a href=""https://m.stock.naver.com/domestic/stock/289930/total"" target=""_blank"">Naver</a>"
307930,컴퍼니케이,,,,,,annual FS not found,"<a href=""https://m.stock.naver.com/domestic/stock/307930/total"" target=""_blank"">Naver</a>"
199430,케이엔알시스템,,,,,,annual FS not found,"<a href=""https://m.stock.naver.com/domestic/stock/199430/total"" target=""_blank"">Naver</a>"
382150,온코크로스,,,,,,annual FS not found,"<a href=""https://m.stock.naver.com/domestic/stock/382150/total"" target=""_blank"">Naver</a>"
451250,삐아,,,,,,annual FS not found,"<a href=""https://m.stock.naver.com/domestic/stock/451250/total"" target=""_blank"">Naver</a>"
309960,LB인베스트먼트,,,,,,annual FS not found,"<a href=""https://m.stock.naver.com/domestic/stock/309960/total"" target=""_blank"">Naver</a>"
019590,에스유앤피,,,,,,annual FS not found,"<a href=""https://m.stock.naver.com/domestic/stock/019590/total"" target=""_blank"">Naver</a>"
417500,제이아이테크,,,,,,annual FS not found,"<a href=""https://m.stock.naver.com/domestic/stock/417500/total"" target=""_blank"">Naver</a>"
413640,비아이매트릭스,,,,,,annual FS not found,"<a href=""https://m.stock.naver.com/domestic/stock/413640/total"" target=""_blank"">Naver</a>"
393210,토마토시스템,,,,,,annual FS not found,"<a href=""https://m.stock.naver.com/domestic/stock/393210/total"" target=""_blank"">Naver</a>"
461030,아이엠비디엑스,,,,,,annual FS not found,"<a href=""https://m.stock.naver.com/domestic/stock/461030/total"" target=""_blank"">Naver</a>"
352090,스톰테크,,,,,,annual FS not found,"<a href=""https://m.stock.naver.com/domestic/stock/352090/total"" target=""_blank"">Naver</a>"
445180,퓨릿,,,,,,annual FS not found,"<a href=""https://m.stock.naver.com/domestic/stock/445180/total"" target=""_blank"">Naver</a>"
452190,한빛레이저,,,,,,annual FS not found,"<a href=""https://m.stock.naver.com/domestic/stock/452190/total"" target=""_blank"">Naver</a>"
417010,나노팀,,,,,,annual FS not found,"<a href=""https://m.stock.naver.com/domestic/stock/417010/total"" target=""_blank"">Naver</a>"
226590,엠디바이스,,,,,,annual FS not found,"<a href=""https://m.stock.naver.com/domestic/stock/226590/total"" target=""_blank"">Naver</a>"
417790,트루엔,,,,,,annual FS not found,"<a href=""https://m.stock.naver.com/domestic/stock/417790/total"" target=""_blank"">Naver</a>"
407400,꿈비,,,,,,annual FS not found,"<a href=""https://m.stock.naver.com/domestic/stock/407400/total"" target=""_blank"">Naver</a>"
126730,코칩,,,,,,annual FS not found,"<a href=""https://m.stock.naver.com/domestic/stock/126730/total"" target=""_blank"">Naver</a>"
478560,블랙야크아이앤씨,,,,,,annual FS not found,"<a href=""https://m.stock.naver.com/domestic/stock/478560/total"" target=""_blank"">Naver</a>"
475430,키스트론,,,,,,annual FS not found,"<a href=""https://m.stock.naver.com/domestic/stock/475430/total"" target=""_blank"">Naver</a>"
027830,대성창투,,,,,,annual FS not found,"<a href=""https://m.stock.naver.com/domestic/stock/027830/total"" target=""_blank"">Naver</a>"
476080,M83,,,,,,annual FS not found,"<a href=""https://m.stock.naver.com/domestic/stock/476080/total"" target=""_blank"">Naver</a>"
209640,와이제이링크,,,,,,annual FS not found,"<a href=""https://m.stock.naver.com/domestic/stock/209640/total"" target=""_blank"">Naver</a>"
381620,제닉스,,,,,,annual FS not found,"<a href=""https://m.stock.naver.com/domestic/stock/381620/total"" target=""_blank"">Naver</a>"
212710,아이에스티이,,,,,,annual FS not found,"<a href=""https://m.stock.naver.com/domestic/stock/212710/total"" target=""_blank"">Naver</a>"
289080,SV인베스트먼트,,,,,,annual FS not found,"<a href=""https://m.stock.naver.com/domestic/stock/289080/total"" target=""_blank"">Naver</a>"
453860,에이에스텍,,,,,,annual FS not found,"<a href=""https://m.stock.naver.com/domestic/stock/453860/total"" target=""_blank"">Naver</a>"
432470,케이엔에스,,,,,,annual FS not found,"<a href=""https://m.stock.naver.com/domestic/stock/432470/total"" target=""_blank"">Naver</a>"
162300,신스틸,,,,,,annual FS not found,"<a href=""https://m.stock.naver.com/domestic/stock/162300/total"" target=""_blank"">Naver</a>"
384470,코어라인소프트,,,,,,annual FS not found,"<a href=""https://m.stock.naver.com/domestic/stock/384470/total"" target=""_blank"">Naver</a>"
479960,위너스,,,,,,annual FS not found,"<a href=""https://m.stock.naver.com/domestic/stock/479960/total"" target=""_blank"">Naver</a>"
396270,넥스트칩,,,,,,annual FS not found,"<a href=""https://m.stock.naver.com/domestic/stock/396270/total"" target=""_blank"">Naver</a>"
459100,위츠,,,,,,annual FS not found,"<a href=""https://m.stock.naver.com/domestic/stock/459100/total"" target=""_blank"">Naver</a>"
067370,선바이오,,,,,,annual FS not found,"<a href=""https://m.stock.naver.com/domestic/stock/067370/total"" target=""_blank"">Naver</a>"
446540,메가터치,,,,,,annual FS not found,"<a href=""https://m.stock.naver.com/domestic/stock/446540/total"" target=""_blank"">Naver</a>"
380540,옵티코어,,,,,,annual FS not found,"<a href=""https://m.stock.naver.com/domestic/stock/380540/total"" target=""_blank"">Naver</a>"
432430,와이랩,,,,,,annual FS not found,"<a href=""https://m.stock.naver.com/domestic/stock/432430/total"" target=""_blank"">Naver</a>"
199550,레이저옵텍,,,,,,annual FS not found,"<a href=""https://m.stock.naver.com/domestic/stock/199550/total"" target=""_blank"">Naver</a>"
145170,노브랜드,,,,,,annual FS not found,"<a href=""https://m.stock.naver.com/domestic/stock/145170/total"" target=""_blank"">Naver</a>"
355150,코스텍시스,,,,,,annual FS not found,"<a href=""https://m.stock.naver.com/domestic/stock/355150/total"" target=""_blank"">Naver</a>"
373160,데이원컴퍼니,,,,,,annual FS not found,"<a href=""https://m.stock.naver.com/domestic/stock/373160/total"" target=""_blank"">Naver</a>"
412540,제일엠앤에스,,,,,,annual FS not found,"<a href=""https://m.stock.naver.com/domestic/stock/412540/total"" target=""_blank"">Naver</a>"
355390,크라우드웍스,,,,,,"HTTPSConnectionPool(host='opendart.fss.or.kr', port=443): Max retries exceeded with url: /api/fnlttSinglAcntAll.json?crtfc_key=0603418e5f023daa013fb2d92b082ca56d30e6fd&corp_code=01514005&bsns_year=2022&reprt_code=11013&fs_div=CFS (Caused by ConnectTimeoutError(<urllib3.connection.HTTPSConnection object at 0x000002BF2E9AC940>, 'Connection to opendart.fss.or.kr timed out. (connect timeout=60)'))","<a href=""https://m.stock.naver.com/domestic/stock/355390/total"" target=""_blank"">Naver</a>"
442900,미래에셋드림스팩1호,,,,,,annual FS not found,"<a href=""https://m.stock.naver.com/domestic/stock/442900/total"" target=""_blank"">Naver</a>"
452200,민테크,,,,,,annual FS not found,"<a href=""https://m.stock.naver.com/domestic/stock/452200/total"" target=""_blank"">Naver</a>"
413390,엠오티,,,,,,annual FS not found,"<a href=""https://m.stock.naver.com/domestic/stock/413390/total"" target=""_blank"">Naver</a>"
088340,유라클,,,,,,annual FS not found,"<a href=""https://m.stock.naver.com/domestic/stock/088340/total"" target=""_blank"">Naver</a>"
460940,피앤에스로보틱스,,,,,,annual FS not found,"<a href=""https://m.stock.naver.com/domestic/stock/460940/total"" target=""_blank"">Naver</a>"
403490,우듬지팜,,,,,,annual FS not found,"<a href=""https://m.stock.naver.com/domestic/stock/403490/total"" target=""_blank"">Naver</a>"
378800,샤페론,,,,,,annual FS not found,"<a href=""https://m.stock.naver.com/domestic/stock/378800/total"" target=""_blank"">Naver</a>"
452160,제이엔비,,,,,,annual FS not found,"<a href=""https://m.stock.naver.com/domestic/stock/452160/total"" target=""_blank"">Naver</a>"
451220,아이엠티,,,,,,annual FS not found,"<a href=""https://m.stock.naver.com/domestic/stock/451220/total"" target=""_blank"">Naver</a>"
081180,쎄크,,,,,,annual FS not found,"<a href=""https://m.stock.naver.com/domestic/stock/081180/total"" target=""_blank"">Naver</a>"
417840,저스템,,,,,,annual FS not found,"<a href=""https://m.stock.naver.com/domestic/stock/417840/total"" target=""_blank"">Naver</a>"
388610,지에프씨생명과학,,,,,,annual FS not found,"<a href=""https://m.stock.naver.com/domestic/stock/388610/total"" target=""_blank"">Naver</a>"
417860,오브젠,,,,,,annual FS not found,"<a href=""https://m.stock.naver.com/domestic/stock/417860/total"" target=""_blank"">Naver</a>"
448900,한국피아이엠,,,,,,annual FS not found,"<a href=""https://m.stock.naver.com/domestic/stock/448900/total"" target=""_blank"">Naver</a>"
388870,파로스아이바이오,,,,,,annual FS not found,"<a href=""https://m.stock.naver.com/domestic/stock/388870/total"" target=""_blank"">Naver</a>"
351870,차이커뮤니케이션,,,,,,annual FS not found,"<a href=""https://m.stock.naver.com/domestic/stock/351870/total"" target=""_blank"">Naver</a>"
466410,사이냅소프트,,,,,,annual FS not found,"<a href=""https://m.stock.naver.com/domestic/stock/466410/total"" target=""_blank"">Naver</a>"
148780,비큐AI,,,,,,annual FS not found,"<a href=""https://m.stock.naver.com/domestic/stock/148780/total"" target=""_blank"">Naver</a>"
199480,뱅크웨어글로벌,,,,,,annual FS not found,"<a href=""https://m.stock.naver.com/domestic/stock/199480/total"" target=""_blank"">Naver</a>"
388790,라이콤,,,,,,annual FS not found,"<a href=""https://m.stock.naver.com/domestic/stock/388790/total"" target=""_blank"">Naver</a>"
471820,셀로맥스사이언스,,,,,,annual FS not found,"<a href=""https://m.stock.naver.com/domestic/stock/471820/total"" target=""_blank"">Naver</a>"
444530,심플랫폼,,,,,,annual FS not found,"<a href=""https://m.stock.naver.com/domestic/stock/444530/total"" target=""_blank"">Naver</a>"
127980,화인써키트,,,,,,annual FS not found,"<a href=""https://m.stock.naver.com/domestic/stock/127980/total"" target=""_blank"">Naver</a>"
417970,모델솔루션,,,,,,annual FS not found,"<a href=""https://m.stock.naver.com/domestic/stock/417970/total"" target=""_blank"">Naver</a>"
462310,뉴키즈온,,,,,,annual FS not found,"<a href=""https://m.stock.naver.com/domestic/stock/462310/total"" target=""_blank"">Naver</a>"
457370,한켐,,,,,,annual FS not found,"<a href=""https://m.stock.naver.com/domestic/stock/457370/total"" target=""_blank"">Naver</a>"
177900,쓰리에이로직스,,,,,,annual FS not found,"<a href=""https://m.stock.naver.com/domestic/stock/177900/total"" target=""_blank"">Naver</a>"
364950,에이아이코리아,,,,,,annual FS not found,"<a href=""https://m.stock.naver.com/domestic/stock/364950/total"" target=""_blank"">Naver</a>"
391710,코닉오토메이션,,,,,,annual FS not found,"<a href=""https://m.stock.naver.com/domestic/stock/391710/total"" target=""_blank"">Naver</a>"
475460,미트박스,,,,,,annual FS not found,"<a href=""https://m.stock.naver.com/domestic/stock/475460/total"" target=""_blank"">Naver</a>"
419080,엔젯,,,,,,annual FS not found,"<a href=""https://m.stock.naver.com/domestic/stock/419080/total"" target=""_blank"">Naver</a>"
105760,포스뱅크,,,,,,annual FS not found,"<a href=""https://m.stock.naver.com/domestic/stock/105760/total"" target=""_blank"">Naver</a>"
021880,메이슨캐피탈,,,,,,annual FS not found,"<a href=""https://m.stock.naver.com/domestic/stock/021880/total"" target=""_blank"">Naver</a>"
465480,인스피언,,,,,,annual FS not found,"<a href=""https://m.stock.naver.com/domestic/stock/465480/total"" target=""_blank"">Naver</a>"
455180,케이지에이,,,,,,annual FS not found,"<a href=""https://m.stock.naver.com/domestic/stock/455180/total"" target=""_blank"">Naver</a>"
188040,바이오포트,,,,,,annual FS not found,"<a href=""https://m.stock.naver.com/domestic/stock/188040/total"" target=""_blank"">Naver</a>"
318160,셀바이오휴먼텍,,,,,,annual FS not found,"<a href=""https://m.stock.naver.com/domestic/stock/318160/total"" target=""_blank"">Naver</a>"
246690,TS인베스트먼트,,,,,,annual FS not found,"<a href=""https://m.stock.naver.com/domestic/stock/246690/total"" target=""_blank"">Naver</a>"
464280,티디에스팜,,,,,,annual FS not found,"<a href=""https://m.stock.naver.com/domestic/stock/464280/total"" target=""_blank"">Naver</a>"
129920,대성하이텍,,,,,,annual FS not found,"<a href=""https://m.stock.naver.com/domestic/stock/129920/total"" target=""_blank"">Naver</a>"
450330,하스,,,,,,annual FS not found,"<a href=""https://m.stock.naver.com/domestic/stock/450330/total"" target=""_blank"">Naver</a>"
440290,HB인베스트먼트,,,,,,annual FS not found,"<a href=""https://m.stock.naver.com/domestic/stock/440290/total"" target=""_blank"">Naver</a>"
462510,라메디텍,,,,,,annual FS not found,"<a href=""https://m.stock.naver.com/domestic/stock/462510/total"" target=""_blank"">Naver</a>"
413630,씨피시스템,,,,,,annual FS not found,"<a href=""https://m.stock.naver.com/domestic/stock/413630/total"" target=""_blank"">Naver</a>"
420570,제이투케이바이오,,,,,,annual FS not found,"<a href=""https://m.stock.naver.com/domestic/stock/420570/total"" target=""_blank"">Naver</a>"
450520,인스웨이브,,,,,,annual FS not found,"<a href=""https://m.stock.naver.com/domestic/stock/450520/total"" target=""_blank"">Naver</a>"
474610,RF시스템즈,,,,,,annual FS not found,"<a href=""https://m.stock.naver.com/domestic/stock/474610/total"" target=""_blank"">Naver</a>"
321370,센서뷰,,,,,,annual FS not found,"<a href=""https://m.stock.naver.com/domestic/stock/321370/total"" target=""_blank"">Naver</a>"
323350,다원넥스뷰,,,,,,annual FS not found,"<a href=""https://m.stock.naver.com/domestic/stock/323350/total"" target=""_blank"">Naver</a>"
271830,팸텍,,,,,,annual FS not found,"<a href=""https://m.stock.naver.com/domestic/stock/271830/total"" target=""_blank"">Naver</a>"
430690,한싹,,,,,,annual FS not found,"<a href=""https://m.stock.naver.com/domestic/stock/430690/total"" target=""_blank"">Naver</a>"
360350,코셈,,,,,,annual FS not found,"<a href=""https://m.stock.naver.com/domestic/stock/360350/total"" target=""_blank"">Naver</a>"
303360,프로티아,,,,,,annual FS not found,"<a href=""https://m.stock.naver.com/domestic/stock/303360/total"" target=""_blank"">Naver</a>"
314140,알피바이오,,,,,,annual FS not found,"<a href=""https://m.stock.naver.com/domestic/stock/314140/total"" target=""_blank"">Naver</a>"
418620,E8,,,,,,annual FS not found,"<a href=""https://m.stock.naver.com/domestic/stock/418620/total"" target=""_blank"">Naver</a>"
016600,큐캐피탈,,,,,,annual FS not found,"<a href=""https://m.stock.naver.com/domestic/stock/016600/total"" target=""_blank"">Naver</a>"
460470,아이빔테크놀로지,,,,,,annual FS not found,"<a href=""https://m.stock.naver.com/domestic/stock/460470/total"" target=""_blank"">Naver</a>"
440320,오픈놀,,,,,,annual FS not found,"<a href=""https://m.stock.naver.com/domestic/stock/440320/total"" target=""_blank"">Naver</a>"
448740,삼성스팩8호,,,,,,annual FS not found,"<a href=""https://m.stock.naver.com/domestic/stock/448740/total"" target=""_blank"">Naver</a>"
438700,버넥트,,,,,,annual FS not found,"<a href=""https://m.stock.naver.com/domestic/stock/438700/total"" target=""_blank"">Naver</a>"
462980,아이지넷,,,,,,annual FS not found,"<a href=""https://m.stock.naver.com/domestic/stock/462980/total"" target=""_blank"">Naver</a>"
424980,마이크로투나노,,,,,,annual FS not found,"<a href=""https://m.stock.naver.com/domestic/stock/424980/total"" target=""_blank"">Naver</a>"
340810,시선AI,,,,,,annual FS not found,"<a href=""https://m.stock.naver.com/domestic/stock/340810/total"" target=""_blank"">Naver</a>"
434480,모니터랩,,,,,,annual FS not found,"<a href=""https://m.stock.naver.com/domestic/stock/434480/total"" target=""_blank"">Naver</a>"
464580,닷밀,,,,,,annual FS not found,"<a href=""https://m.stock.naver.com/domestic/stock/464580/total"" target=""_blank"">Naver</a>"
368600,아이씨에이치,,,,,,annual FS not found,"<a href=""https://m.stock.naver.com/domestic/stock/368600/total"" target=""_blank"">Naver</a>"
418250,시큐레터,,,,,,annual FS not found,"<a href=""https://m.stock.naver.com/domestic/stock/418250/total"" target=""_blank"">Naver</a>"
190650,코리아에셋투자증권,,,,,,annual FS not found,"<a href=""https://m.stock.naver.com/domestic/stock/190650/total"" target=""_blank"">Naver</a>"
464500,아이언디바이스,,,,,,annual FS not found,"<a href=""https://m.stock.naver.com/domestic/stock/464500/total"" target=""_blank"">Naver</a>"
452300,캡스톤파트너스,,,,,,annual FS not found,"<a href=""https://m.stock.naver.com/domestic/stock/452300/total"" target=""_blank"">Naver</a>"
140430,카티스,,,,,,annual FS not found,"<a href=""https://m.stock.naver.com/domestic/stock/140430/total"" target=""_blank"">Naver</a>"
274400,이노시뮬레이션,,,,,,annual FS not found,"<a href=""https://m.stock.naver.com/domestic/stock/274400/total"" target=""_blank"">Naver</a>"
109670,씨싸이트,,,,,,annual FS not found,"<a href=""https://m.stock.naver.com/domestic/stock/109670/total"" target=""_blank"">Naver</a>"
383930,디티앤씨알오,,,,,,annual FS not found,"<a href=""https://m.stock.naver.com/domestic/stock/383930/total"" target=""_blank"">Naver</a>"
387570,파인메딕스,,,,,,annual FS not found,"<a href=""https://m.stock.naver.com/domestic/stock/387570/total"" target=""_blank"">Naver</a>"
417180,핑거스토리,,,,,,annual FS not found,"<a href=""https://m.stock.naver.com/domestic/stock/417180/total"" target=""_blank"">Naver</a>"
406820,뷰티스킨,,,,,,annual FS not found,"<a href=""https://m.stock.naver.com/domestic/stock/406820/total"" target=""_blank"">Naver</a>"
457600,벡트,,,,,,annual FS not found,"<a href=""https://m.stock.naver.com/domestic/stock/457600/total"" target=""_blank"">Naver</a>"
088280,쏘닉스,,,,,,annual FS not found,"<a href=""https://m.stock.naver.com/domestic/stock/088280/total"" target=""_blank"">Naver</a>"
373170,엠아이큐브솔루션,,,,,,annual FS not found,"<a href=""https://m.stock.naver.com/domestic/stock/373170/total"" target=""_blank"">Naver</a>"
148930,에이치와이티씨,,,,,,annual FS not found,"<a href=""https://m.stock.naver.com/domestic/stock/148930/total"" target=""_blank"">Naver</a>"
452980,신한제11호스팩,,,,,,annual FS not found,"<a href=""https://m.stock.naver.com/domestic/stock/452980/total"" target=""_blank"">Naver</a>"
475660,에스켐,,,,,,annual FS not found,"<a href=""https://m.stock.naver.com/domestic/stock/475660/total"" target=""_blank"">Naver</a>"
285800,진영,,,,,,annual FS not found,"<a href=""https://m.stock.naver.com/domestic/stock/285800/total"" target=""_blank"">Naver</a>"
296640,이노룰스,,,,,,annual FS not found,"<a href=""https://m.stock.naver.com/domestic/stock/296640/total"" target=""_blank"">Naver</a>"
328380,솔트웨어,,,,,,annual FS not found,"<a href=""https://m.stock.naver.com/domestic/stock/328380/total"" target=""_blank"">Naver</a>"
355690,에이텀,,,,,,annual FS not found,"<a href=""https://m.stock.naver.com/domestic/stock/355690/total"" target=""_blank"">Naver</a>"
405920,나라셀라,,,,,,annual FS not found,"<a href=""https://m.stock.naver.com/domestic/stock/405920/total"" target=""_blank"">Naver</a>"
398120,에스지헬스케어,,,,,,annual FS not found,"<a href=""https://m.stock.naver.com/domestic/stock/398120/total"" target=""_blank"">Naver</a>"
362990,드림인사이트,,,,,,annual FS not found,"<a href=""https://m.stock.naver.com/domestic/stock/362990/total"" target=""_blank"">Naver</a>"
221800,유투바이오,,,,,,annual FS not found,"<a href=""https://m.stock.naver.com/domestic/stock/221800/total"" target=""_blank"">Naver</a>"
373110,엑셀세라퓨틱스,,,,,,annual FS not found,"<a href=""https://m.stock.naver.com/domestic/stock/373110/total"" target=""_blank"">Naver</a>"
415380,스튜디오삼익,,,,,,annual FS not found,"<a href=""https://m.stock.naver.com/domestic/stock/415380/total"" target=""_blank"">Naver</a>"
469750,아이비젼웍스,,,,,,annual FS not found,"<a href=""https://m.stock.naver.com/domestic/stock/469750/total"" target=""_blank"">Naver</a>"
431190,케이쓰리아이,,,,,,annual FS not found,"<a href=""https://m.stock.naver.com/domestic/stock/431190/total"" target=""_blank"">Naver</a>"
432980,엠에프씨,,,,,,annual FS not found,"<a href=""https://m.stock.naver.com/domestic/stock/432980/total"" target=""_blank"">Naver</a>"
333050,모코엠시스,,,,,,annual FS not found,"<a href=""https://m.stock.naver.com/domestic/stock/333050/total"" target=""_blank"">Naver</a>"
146060,율촌,,,,,,annual FS not found,"<a href=""https://m.stock.naver.com/domestic/stock/146060/total"" target=""_blank"">Naver</a>"
419540,비스토스,,,,,,annual FS not found,"<a href=""https://m.stock.naver.com/domestic/stock/419540/total"" target=""_blank"">Naver</a>"
335870,윙스풋,,,,,,annual FS not found,"<a href=""https://m.stock.naver.com/domestic/stock/335870/total"" target=""_blank"">Naver</a>"
068100,케이웨더,,,,,,annual FS not found,"<a href=""https://m.stock.naver.com/domestic/stock/068100/total"" target=""_blank"">Naver</a>"
331520,밸로프,,,,,,annual FS not found,"<a href=""https://m.stock.naver.com/domestic/stock/331520/total"" target=""_blank"">Naver</a>"
198940,한주라이트메탈,,,,,,annual FS not found,"<a href=""https://m.stock.naver.com/domestic/stock/198940/total"" target=""_blank"">Naver</a>"
240600,유진테크놀로지,,,,,,annual FS not found,"<a href=""https://m.stock.naver.com/domestic/stock/240600/total"" target=""_blank"">Naver</a>"
405000,플라즈맵,,,,,,annual FS not found,"<a href=""https://m.stock.naver.com/domestic/stock/405000/total"" target=""_blank"">Naver</a>"
451700,엔에이치스팩29호,,,,,,annual FS not found,"<a href=""https://m.stock.naver.com/domestic/stock/451700/total"" target=""_blank"">Naver</a>"
412350,레이저쎌,,,,,,annual FS not found,"<a href=""https://m.stock.naver.com/domestic/stock/412350/total"" target=""_blank"">Naver</a>"
232830,아이티센피엔에스,,,,,,annual FS not found,"<a href=""https://m.stock.naver.com/domestic/stock/232830/total"" target=""_blank"">Naver</a>"
429270,시지트로닉스,,,,,,annual FS not found,"<a href=""https://m.stock.naver.com/domestic/stock/429270/total"" target=""_blank"">Naver</a>"
199730,바이오인프라,,,,,,annual FS not found,"<a href=""https://m.stock.naver.com/domestic/stock/199730/total"" target=""_blank"">Naver</a>"
464680,KB제27호스팩,,,,,,annual FS not found,"<a href=""https://m.stock.naver.com/domestic/stock/464680/total"" target=""_blank"">Naver</a>"
377460,위니아에이드,,,,,,annual FS not found,"<a href=""https://m.stock.naver.com/domestic/stock/377460/total"" target=""_blank"">Naver</a>"
291810,핀텔,,,,,,annual FS not found,"<a href=""https://m.stock.naver.com/domestic/stock/291810/total"" target=""_blank"">Naver</a>"
290560,신시웨이,,,,,,annual FS not found,"<a href=""https://m.stock.naver.com/domestic/stock/290560/total"" target=""_blank"">Naver</a>"
389680,유디엠텍,,,,,,annual FS not found,"<a href=""https://m.stock.naver.com/domestic/stock/389680/total"" target=""_blank"">Naver</a>"
368970,오에스피,,,,,,annual FS not found,"<a href=""https://m.stock.naver.com/domestic/stock/368970/total"" target=""_blank"">Naver</a>"
344860,이노진,,,,,,annual FS not found,"<a href=""https://m.stock.naver.com/domestic/stock/344860/total"" target=""_blank"">Naver</a>"
449020,유안타제13호스팩,,,,,,annual FS not found,"<a href=""https://m.stock.naver.com/domestic/stock/449020/total"" target=""_blank"">Naver</a>"
466910,엔에이치스팩30호,,,,,,annual FS not found,"<a href=""https://m.stock.naver.com/domestic/stock/466910/total"" target=""_blank"">Naver</a>"
188260,세니젠,,,,,,annual FS not found,"<a href=""https://m.stock.naver.com/domestic/stock/188260/total"" target=""_blank"">Naver</a>"
478780,대신밸런스제18호스팩,,,,,,annual FS not found,"<a href=""https://m.stock.naver.com/domestic/stock/478780/total"" target=""_blank"">Naver</a>"
454750,하나28호스팩,,,,,,annual FS not found,"<a href=""https://m.stock.naver.com/domestic/stock/454750/total"" target=""_blank"">Naver</a>"
424760,벨로크,,,,,,annual FS not found,"<a href=""https://m.stock.naver.com/domestic/stock/424760/total"" target=""_blank"">Naver</a>"
477380,미래에셋비전스팩4호,,,,,,annual FS not found,"<a href=""https://m.stock.naver.com/domestic/stock/477380/total"" target=""_blank"">Naver</a>"
482680,미래에셋비전스팩7호,,,,,,annual FS not found,"<a href=""https://m.stock.naver.com/domestic/stock/482680/total"" target=""_blank"">Naver</a>"
457630,대신밸런스제16호스팩,,,,,,annual FS not found,"<a href=""https://m.stock.naver.com/domestic/stock/457630/total"" target=""_blank"">Naver</a>"
430220,신영스팩8호,,,,,,annual FS not found,"<a href=""https://m.stock.naver.com/domestic/stock/430220/total"" target=""_blank"">Naver</a>"
469880,하나30호스팩,,,,,,annual FS not found,"<a href=""https://m.stock.naver.com/domestic/stock/469880/total"" target=""_blank"">Naver</a>"
477340,에이치엠씨제7호스팩,,,,,,annual FS not found,"<a href=""https://m.stock.naver.com/domestic/stock/477340/total"" target=""_blank"">Naver</a>"
479880,한국제15호스팩,,,,,,annual FS not found,"<a href=""https://m.stock.naver.com/domestic/stock/479880/total"" target=""_blank"">Naver</a>"
478440,미래에셋비전스팩6호,,,,,,annual FS not found,"<a href=""https://m.stock.naver.com/domestic/stock/478440/total"" target=""_blank"">Naver</a>"
473050,유안타제15호스팩,,,,,,annual FS not found,"<a href=""https://m.stock.naver.com/domestic/stock/473050/total"" target=""_blank"">Naver</a>"
446190,미래에셋비전스팩2호,,,,,,annual FS not found,"<a href=""https://m.stock.naver.com/domestic/stock/446190/total"" target=""_blank"">Naver</a>"
489480,키움제11호스팩,,,,,,annual FS not found,"<a href=""https://m.stock.naver.com/domestic/stock/489480/total"" target=""_blank"">Naver</a>"
471050,대신밸런스제17호스팩,,,,,,annual FS not found,"<a href=""https://m.stock.naver.com/domestic/stock/471050/total"" target=""_blank"">Naver</a>"
481890,엔에이치스팩31호,,,,,,annual FS not found,"<a href=""https://m.stock.naver.com/domestic/stock/481890/total"" target=""_blank"">Naver</a>"
478390,KB제29호스팩,,,,,,annual FS not found,"<a href=""https://m.stock.naver.com/domestic/stock/478390/total"" target=""_blank"">Naver</a>"
489730,디비금융제13호스팩,,,,,,annual FS not found,"<a href=""https://m.stock.naver.com/domestic/stock/489730/total"" target=""_blank"">Naver</a>"
446840,키움제8호스팩,,,,,,annual FS not found,"<a href=""https://m.stock.naver.com/domestic/stock/446840/total"" target=""_blank"">Naver</a>"
0037T0,KB제32호스팩,,,,,,annual FS not found,"<a href=""https://m.stock.naver.com/domestic/stock/0037T0/total"" target=""_blank"">Naver</a>"
446750,하나26호스팩,,,,,,annual FS not found,"<a href=""https://m.stock.naver.com/domestic/stock/446750/total"" target=""_blank"">Naver</a>"
492220,KB제31호스팩,,,,,,annual FS not found,"<a href=""https://m.stock.naver.com/domestic/stock/492220/total"" target=""_blank"">Naver</a>"
482520,교보16호스팩,,,,,,annual FS not found,"<a href=""https://m.stock.naver.com/domestic/stock/482520/total"" target=""_blank"">Naver</a>"
477760,DB금융스팩12호,,,,,,annual FS not found,"<a href=""https://m.stock.naver.com/domestic/stock/477760/total"" target=""_blank"">Naver</a>"
482690,대신밸런스제19호스팩,,,,,,annual FS not found,"<a href=""https://m.stock.naver.com/domestic/stock/482690/total"" target=""_blank"">Naver</a>"
448370,하나27호스팩,,,,,,annual FS not found,"<a href=""https://m.stock.naver.com/domestic/stock/448370/total"" target=""_blank"">Naver</a>"
477470,미래에셋비전스팩5호,,,,,,annual FS not found,"<a href=""https://m.stock.naver.com/domestic/stock/477470/total"" target=""_blank"">Naver</a>"
474660,신한제12호스팩,,,,,,annual FS not found,"<a href=""https://m.stock.naver.com/domestic/stock/474660/total"" target=""_blank"">Naver</a>"
469900,하나31호스팩,,,,,,annual FS not found,"<a href=""https://m.stock.naver.com/domestic/stock/469900/total"" target=""_blank"">Naver</a>"
487360,신한제14호스팩,,,,,,annual FS not found,"<a href=""https://m.stock.naver.com/domestic/stock/487360/total"" target=""_blank"">Naver</a>"
496070,신한제16호스팩,,,,,,annual FS not found,"<a href=""https://m.stock.naver.com/domestic/stock/496070/total"" target=""_blank"">Naver</a>"
454640,하나29호스팩,,,,,,annual FS not found,"<a href=""https://m.stock.naver.com/domestic/stock/454640/total"" target=""_blank"">Naver</a>"
474490,유안타제16호스팩,,,,,,annual FS not found,"<a href=""https://m.stock.naver.com/domestic/stock/474490/total"" target=""_blank"">Naver</a>"
446150,유안타제12호스팩,,,,,,annual FS not found,"<a href=""https://m.stock.naver.com/domestic/stock/446150/total"" target=""_blank"">Naver</a>"
486630,KB제30호스팩,,,,,,annual FS not found,"<a href=""https://m.stock.naver.com/domestic/stock/486630/total"" target=""_blank"">Naver</a>"
444920,유안타제11호스팩,,,,,,annual FS not found,"<a href=""https://m.stock.naver.com/domestic/stock/444920/total"" target=""_blank"">Naver</a>"
452670,상상인제4호스팩,,,,,,annual FS not found,"<a href=""https://m.stock.naver.com/domestic/stock/452670/total"" target=""_blank"">Naver</a>"
493790,유안타제17호스팩,,,,,,annual FS not found,"<a href=""https://m.stock.naver.com/domestic/stock/493790/total"" target=""_blank"">Naver</a>"
448830,미래에셋비전스팩3호,,,,,,annual FS not found,"<a href=""https://m.stock.naver.com/domestic/stock/448830/total"" target=""_blank"">Naver</a>"
489210,교보17호스팩,,,,,,annual FS not found,"<a href=""https://m.stock.naver.com/domestic/stock/489210/total"" target=""_blank"">Naver</a>"
0004Y0,디비금융제14호스팩,,,,,,annual FS not found,"<a href=""https://m.stock.naver.com/domestic/stock/0004Y0/total"" target=""_blank"">Naver</a>"
03481K,해성산업1우,,,,,,corp_code not found,"<a href=""https://m.stock.naver.com/domestic/stock/03481K/total"" target=""_blank"">Naver</a>"
455910,에스케이증권제9호스팩,,,,,,annual FS not found,"<a href=""https://m.stock.naver.com/domestic/stock/455910/total"" target=""_blank"">Naver</a>"
450050,하이제8호스팩,,,,,,annual FS not found,"<a href=""https://m.stock.naver.com/domestic/stock/450050/total"" target=""_blank"">Naver</a>"
455310,한화플러스제4호스팩,,,,,,annual FS not found,"<a href=""https://m.stock.naver.com/domestic/stock/455310/total"" target=""_blank"">Naver</a>"
472220,신영스팩10호,,,,,,annual FS not found,"<a href=""https://m.stock.naver.com/domestic/stock/472220/total"" target=""_blank"">Naver</a>"
478110,이베스트스팩6호,,,,,,annual FS not found,"<a href=""https://m.stock.naver.com/domestic/stock/478110/total"" target=""_blank"">Naver</a>"
448760,IBKS제22호스팩,,,,,,annual FS not found,"<a href=""https://m.stock.naver.com/domestic/stock/448760/total"" target=""_blank"">Naver</a>"
498390,한화플러스제5호스팩,,,,,,annual FS not found,"<a href=""https://m.stock.naver.com/domestic/stock/498390/total"" target=""_blank"">Naver</a>"
488060,유진스팩11호,,,,,,annual FS not found,"<a href=""https://m.stock.naver.com/domestic/stock/488060/total"" target=""_blank"">Naver</a>"
450940,유안타제14호스팩,,,,,,annual FS not found,"<a href=""https://m.stock.naver.com/domestic/stock/450940/total"" target=""_blank"">Naver</a>"
484130,하나34호스팩,,,,,,annual FS not found,"<a href=""https://m.stock.naver.com/domestic/stock/484130/total"" target=""_blank"">Naver</a>"
467930,IBKS제23호스팩,,,,,,annual FS not found,"<a href=""https://m.stock.naver.com/domestic/stock/467930/total"" target=""_blank"">Naver</a>"
442770,IBKS제21호스팩,,,,,,annual FS not found,"<a href=""https://m.stock.naver.com/domestic/stock/442770/total"" target=""_blank"">Naver</a>"
455250,KB제25호스팩,,,,,,annual FS not found,"<a href=""https://m.stock.naver.com/domestic/stock/455250/total"" target=""_blank"">Naver</a>"
458610,한국제12호스팩,,,,,,annual FS not found,"<a href=""https://m.stock.naver.com/domestic/stock/458610/total"" target=""_blank"">Naver</a>"
469480,IBKS제24호스팩,,,,,,annual FS not found,"<a href=""https://m.stock.naver.com/domestic/stock/469480/total"" target=""_blank"">Naver</a>"
464440,한국제13호스팩,,,,,,annual FS not found,"<a href=""https://m.stock.naver.com/domestic/stock/464440/total"" target=""_blank"">Naver</a>"
456490,교보14호스팩,,,,,,annual FS not found,"<a href=""https://m.stock.naver.com/domestic/stock/456490/total"" target=""_blank"">Naver</a>"
473950,에스케이증권제13호스팩,,,,,,annual FS not found,"<a href=""https://m.stock.naver.com/domestic/stock/473950/total"" target=""_blank"">Naver</a>"
468760,유진스팩10호,,,,,,annual FS not found,"<a href=""https://m.stock.naver.com/domestic/stock/468760/total"" target=""_blank"">Naver</a>"
487830,신한제15호스팩,,,,,,annual FS not found,"<a href=""https://m.stock.naver.com/domestic/stock/487830/total"" target=""_blank"">Naver</a>"
462020,에이치엠씨제6호스팩,,,,,,annual FS not found,"<a href=""https://m.stock.naver.com/domestic/stock/462020/total"" target=""_blank"">Naver</a>"
487720,키움제10호스팩,,,,,,annual FS not found,"<a href=""https://m.stock.naver.com/domestic/stock/487720/total"" target=""_blank"">Naver</a>"
473370,비엔케이제2호스팩,,,,,,annual FS not found,"<a href=""https://m.stock.naver.com/domestic/stock/473370/total"" target=""_blank"">Naver</a>"
472230,에스케이증권제11호스팩,,,,,,annual FS not found,"<a href=""https://m.stock.naver.com/domestic/stock/472230/total"" target=""_blank"">Naver</a>"
465320,교보15호스팩,,,,,,annual FS not found,"<a href=""https://m.stock.naver.com/domestic/stock/465320/total"" target=""_blank"">Naver</a>"
0041J0,엘에스스팩1호,,,,,,annual FS not found,"<a href=""https://m.stock.naver.com/domestic/stock/0041J0/total"" target=""_blank"">Naver</a>"
475250,하나33호스팩,,,,,,annual FS not found,"<a href=""https://m.stock.naver.com/domestic/stock/475250/total"" target=""_blank"">Naver</a>"
474930,신한제13호스팩,,,,,,annual FS not found,"<a href=""https://m.stock.naver.com/domestic/stock/474930/total"" target=""_blank"">Naver</a>"
457940,에스케이증권제10호스팩,,,,,,annual FS not found,"<a href=""https://m.stock.naver.com/domestic/stock/457940/total"" target=""_blank"">Naver</a>"
475240,하나32호스팩,,,,,,annual FS not found,"<a href=""https://m.stock.naver.com/domestic/stock/475240/total"" target=""_blank"">Naver</a>"
473000,에스케이증권제12호스팩,,,,,,annual FS not found,"<a href=""https://m.stock.naver.com/domestic/stock/473000/total"" target=""_blank"">Naver</a>"
032685,소프트센우,,,,,,corp_code not found,"<a href=""https://m.stock.naver.com/domestic/stock/032685/total"" target=""_blank"">Naver</a>"
021045,대호특수강우,,,,,,corp_code not found,"<a href=""https://m.stock.naver.com/domestic/stock/021045/total"" target=""_blank"">Naver</a>"
