Symbol,Name,TotalScore,Growth,Profitability,Stability,Activity,Error,Links
036220,오상헬스케어,98.08829057599445,100.0,100.0,90.64360031697235,80.47861088594436,,"<a href=""https://m.stock.naver.com/domestic/stock/036220/total"" target=""_blank"">Naver</a>"
336570,원텍,97.18842383504614,100.0,100.0,93.18400889725977,57.4004589064031,,"<a href=""https://m.stock.naver.com/domestic/stock/336570/total"" target=""_blank"">Naver</a>"
090850,현대이지웰,96.74661948264453,100.0,96.64672190159008,82.60108983748177,86.49660046997663,,"<a href=""https://m.stock.naver.com/domestic/stock/090850/total"" target=""_blank"">Naver</a>"
035900,JYP Ent.,96.32475115017677,96.3536818514034,97.82735415345051,98.31759447765228,84.47888106413734,,"<a href=""https://m.stock.naver.com/domestic/stock/035900/total"" target=""_blank"">Naver</a>"
148930,에이치와이티씨,95.22348589950711,99.40145703785284,90.50178630574415,94.18963768170237,70.76402664378256,,"<a href=""https://m.stock.naver.com/domestic/stock/148930/total"" target=""_blank"">Naver</a>"
383310,에코프로에이치엔,94.9903575528067,97.38297406388608,92.75993827885502,88.72624520454244,89.95928048614144,,"<a href=""https://m.stock.naver.com/domestic/stock/383310/total"" target=""_blank"">Naver</a>"
335890,비올,94.69721165629583,95.14390959631254,100.0,99.56144024781567,53.094437474535056,,"<a href=""https://m.stock.naver.com/domestic/stock/335890/total"" target=""_blank"">Naver</a>"
298380,에이비엘바이오,94.24968879320703,100.0,100.0,57.52402474429386,69.94572637555277,,"<a href=""https://m.stock.naver.com/domestic/stock/298380/total"" target=""_blank"">Naver</a>"
417010,나노팀,93.27919715953605,100.0,77.69135552303167,98.84576032972546,79.43564491611176,,"<a href=""https://m.stock.naver.com/domestic/stock/417010/total"" target=""_blank"">Naver</a>"
122870,와이지엔터테인먼트,93.15633490577997,98.6524786818291,81.39324177291208,93.38127359592136,85.56819787724712,,"<a href=""https://m.stock.naver.com/domestic/stock/122870/total"" target=""_blank"">Naver</a>"
340570,티앤엘,93.01689382212912,92.27397804423833,96.88142192670885,99.56949028142908,69.5040497153197,,"<a href=""https://m.stock.naver.com/domestic/stock/340570/total"" target=""_blank"">Naver</a>"
272110,케이엔제이,91.77291592908749,94.80858114328578,92.1938807642473,88.6379519055819,59.51003722991992,,"<a href=""https://m.stock.naver.com/domestic/stock/272110/total"" target=""_blank"">Naver</a>"
225570,넥슨게임즈,91.1555470445184,99.97867442754419,71.92893454534851,98.34973938032233,67.02269627245036,,"<a href=""https://m.stock.naver.com/domestic/stock/225570/total"" target=""_blank"">Naver</a>"
241790,티이엠씨씨엔에스,91.07978014946057,94.36351575914985,83.43078555806748,94.66948251589126,82.74052105729328,,"<a href=""https://m.stock.naver.com/domestic/stock/241790/total"" target=""_blank"">Naver</a>"
168360,펨트론,90.90007607057848,96.94291361320946,84.85638477986208,80.40818628053675,69.5882615926724,,"<a href=""https://m.stock.naver.com/domestic/stock/168360/total"" target=""_blank"">Naver</a>"
051390,YW,90.61566791523015,99.32590096096408,70.67442681701066,94.66561358121845,77.69918552554371,,"<a href=""https://m.stock.naver.com/domestic/stock/051390/total"" target=""_blank"">Naver</a>"
307750,국전약품,90.56235198839977,99.31768995238671,79.09916731702481,79.73587610736229,64.46717153950635,,"<a href=""https://m.stock.naver.com/domestic/stock/307750/total"" target=""_blank"">Naver</a>"
086520,에코프로,90.49005195168637,99.84544352521492,77.209550065111,75.95489177673896,73.69818285211554,,"<a href=""https://m.stock.naver.com/domestic/stock/086520/total"" target=""_blank"">Naver</a>"
352480,씨앤씨인터내셔널,90.18179284726719,95.92013726448238,79.54426200678773,90.5288769339798,73.81514586965709,,"<a href=""https://m.stock.naver.com/domestic/stock/352480/total"" target=""_blank"">Naver</a>"
214370,케어젠,90.16847930523781,90.93008044247263,93.89696487618677,99.54989910468746,43.623998204776,,"<a href=""https://m.stock.naver.com/domestic/stock/214370/total"" target=""_blank"">Naver</a>"
023160,태광,89.68958291153545,95.96919344530072,82.46046543709451,94.98998598395544,39.879037733717,,"<a href=""https://m.stock.naver.com/domestic/stock/023160/total"" target=""_blank"">Naver</a>"
172670,에이엘티,89.67087920205446,93.57683266444967,95.78087622923312,58.98482714709972,73.62155662732815,,"<a href=""https://m.stock.naver.com/domestic/stock/172670/total"" target=""_blank"">Naver</a>"
082920,비츠로셀,89.4114715585918,91.73184699089101,87.4925089287911,97.09025886032715,55.80420491653401,,"<a href=""https://m.stock.naver.com/domestic/stock/082920/total"" target=""_blank"">Naver</a>"
091590,남화토건,89.40339227502344,93.75921379355475,79.49206833841,99.46825008872845,66.56043810830495,,"<a href=""https://m.stock.naver.com/domestic/stock/091590/total"" target=""_blank"">Naver</a>"
257720,실리콘투,89.37871116528964,95.83156137484916,73.17121255076356,98.32816835935984,75.08308733506531,,"<a href=""https://m.stock.naver.com/domestic/stock/257720/total"" target=""_blank"">Naver</a>"
035460,기산텔레콤,89.01218971626594,96.90615295278457,75.96057839778878,91.77467226773983,54.01772236748018,,"<a href=""https://m.stock.naver.com/domestic/stock/035460/total"" target=""_blank"">Naver</a>"
050890,쏠리드,88.56907418629389,92.61730685640151,82.14646389219354,86.70247441115947,75.83653316577299,,"<a href=""https://m.stock.naver.com/domestic/stock/050890/total"" target=""_blank"">Naver</a>"
073490,이노와이어리스,88.55216311335653,93.34849597895573,75.72119998132708,99.35829091886235,73.53872877530199,,"<a href=""https://m.stock.naver.com/domestic/stock/073490/total"" target=""_blank"">Naver</a>"
393890,더블유씨피,88.47541914109439,92.62137349368832,84.86450656159535,96.14199513990809,41.445377809835165,,"<a href=""https://m.stock.naver.com/domestic/stock/393890/total"" target=""_blank"">Naver</a>"
263860,지니언스,88.3488002992809,87.58856507453616,89.29948128310967,99.48460165286826,70.44661536989912,,"<a href=""https://m.stock.naver.com/domestic/stock/263860/total"" target=""_blank"">Naver</a>"
094850,참좋은여행,88.12920222039432,100.0,73.29701395821304,72.63725362674865,50.82446736332412,,"<a href=""https://m.stock.naver.com/domestic/stock/094850/total"" target=""_blank"">Naver</a>"
052770,아이톡시,87.88981890591165,94.9423708002907,69.58855554098537,91.2626965845361,88.01975764074584,,"<a href=""https://m.stock.naver.com/domestic/stock/052770/total"" target=""_blank"">Naver</a>"
900290,GRT,87.50581579402225,97.28399293483734,72.23970699465018,78.8924037463805,63.72505819638521,,"<a href=""https://m.stock.naver.com/domestic/stock/900290/total"" target=""_blank"">Naver</a>"
101160,월덱스,87.47783086352095,86.25104153191558,91.50349443158609,99.02221447857688,58.982217772347816,,"<a href=""https://m.stock.naver.com/domestic/stock/101160/total"" target=""_blank"">Naver</a>"
159010,아스플로,87.39289792336464,92.39650925835436,83.00731239819673,86.16583714427604,51.73161108750486,,"<a href=""https://m.stock.naver.com/domestic/stock/159010/total"" target=""_blank"">Naver</a>"
043710,서울리거,87.08240554927953,83.33333333333333,100.0,99.09513282135896,43.45784534287267,,"<a href=""https://m.stock.naver.com/domestic/stock/043710/total"" target=""_blank"">Naver</a>"
262260,에이프로,86.94725666858427,100.0,63.88308138669302,82.84113375948485,53.84745891925087,,"<a href=""https://m.stock.naver.com/domestic/stock/262260/total"" target=""_blank"">Naver</a>"
060310,3S,86.93766469069338,99.28013500610943,57.2631812490161,93.41400963703772,74.24774822139864,,"<a href=""https://m.stock.naver.com/domestic/stock/060310/total"" target=""_blank"">Naver</a>"
039610,화성밸브,86.92617219126676,92.65876102671969,78.18362004706698,95.27748485195076,45.14524156546271,,"<a href=""https://m.stock.naver.com/domestic/stock/039610/total"" target=""_blank"">Naver</a>"
010280,아이티센엔텍,86.89890939247043,96.84122753154709,66.1828436186071,74.58771883420886,95.79380170939058,,"<a href=""https://m.stock.naver.com/domestic/stock/010280/total"" target=""_blank"">Naver</a>"
013310,아진산업,86.82911978405444,94.92052248076341,71.66328684502044,76.46598459057923,86.28772250566738,,"<a href=""https://m.stock.naver.com/domestic/stock/013310/total"" target=""_blank"">Naver</a>"
126700,하이비젼시스템,86.78703209243751,91.33922396713497,82.11011644717472,96.63273524529426,35.85390151666848,,"<a href=""https://m.stock.naver.com/domestic/stock/126700/total"" target=""_blank"">Naver</a>"
036190,금화피에스시,86.27692329865425,91.05607788174966,74.29277587955737,99.19542811902748,63.01079575624753,,"<a href=""https://m.stock.naver.com/domestic/stock/036190/total"" target=""_blank"">Naver</a>"
009300,삼아제약,86.21376709088311,88.27651609014684,83.36907144872517,99.69090096371528,48.72998956484372,,"<a href=""https://m.stock.naver.com/domestic/stock/009300/total"" target=""_blank"">Naver</a>"
006920,모헨즈,86.20924679909382,92.90466574448355,65.59667305931093,97.13917343967628,87.06723487216664,,"<a href=""https://m.stock.naver.com/domestic/stock/006920/total"" target=""_blank"">Naver</a>"
090410,덕신이피씨,86.15007929677806,90.20383709449789,74.24904144038459,93.92599888532762,81.45833582900843,,"<a href=""https://m.stock.naver.com/domestic/stock/090410/total"" target=""_blank"">Naver</a>"
247540,에코프로비엠,86.14668803277698,96.20256594421384,69.16953618002573,69.04753767387581,84.56021307709335,,"<a href=""https://m.stock.naver.com/domestic/stock/247540/total"" target=""_blank"">Naver</a>"
083310,엘오티베큠,85.9001984813735,92.35220546541403,68.91770773232412,95.18311160956924,74.8227421617427,,"<a href=""https://m.stock.naver.com/domestic/stock/083310/total"" target=""_blank"">Naver</a>"
101490,에스앤에스텍,85.88642605927589,87.78551656453328,80.10585362684238,99.58868493888434,64.59568439913808,,"<a href=""https://m.stock.naver.com/domestic/stock/101490/total"" target=""_blank"">Naver</a>"
110990,디아이티,85.3379513763736,97.06014604373628,61.71932565803977,88.37196524683101,56.696716218775364,,"<a href=""https://m.stock.naver.com/domestic/stock/110990/total"" target=""_blank"">Naver</a>"
265560,영화테크,85.20790821544969,93.9974952219189,67.02213242060553,85.66661479554685,69.74432995184557,,"<a href=""https://m.stock.naver.com/domestic/stock/265560/total"" target=""_blank"">Naver</a>"
013030,하이록코리아,85.09106014880825,85.50631643488522,87.26214584743116,99.69500408646601,40.0446683474546,,"<a href=""https://m.stock.naver.com/domestic/stock/013030/total"" target=""_blank"">Naver</a>"
052860,아이앤씨,84.5894159407207,96.47220739902076,60.33259934363286,92.24660302742784,47.965627253145165,,"<a href=""https://m.stock.naver.com/domestic/stock/052860/total"" target=""_blank"">Naver</a>"
053030,바이넥스,84.50219083296109,91.55980886685285,73.05576582862038,81.34116335141454,63.36495441105665,,"<a href=""https://m.stock.naver.com/domestic/stock/053030/total"" target=""_blank"">Naver</a>"
224110,에이텍모빌리티,84.49055556062564,91.59095428842227,64.00202312781464,92.03136176027694,86.64682059181837,,"<a href=""https://m.stock.naver.com/domestic/stock/224110/total"" target=""_blank"">Naver</a>"
348350,위드텍,84.38709463978776,82.53282966099874,87.41534648368194,99.32188043467356,61.62744357601345,,"<a href=""https://m.stock.naver.com/domestic/stock/348350/total"" target=""_blank"">Naver</a>"
950140,잉글우드랩,84.35992574101437,91.89397154870018,67.7346441244549,92.82257434580882,60.152486921993045,,"<a href=""https://m.stock.naver.com/domestic/stock/950140/total"" target=""_blank"">Naver</a>"
419530,SAMG엔터,84.20132446851133,99.36928076189402,48.337358096382445,86.62545355985266,76.65742262588097,,"<a href=""https://m.stock.naver.com/domestic/stock/419530/total"" target=""_blank"">Naver</a>"
331520,밸로프,83.61298743842175,85.72668479448068,75.84844009146053,93.64017331279157,77.01698415178117,,"<a href=""https://m.stock.naver.com/domestic/stock/331520/total"" target=""_blank"">Naver</a>"
036830,솔브레인홀딩스,83.58457648179781,89.51813192920758,72.33184616297748,87.14634212928983,61.522031411998185,,"<a href=""https://m.stock.naver.com/domestic/stock/036830/total"" target=""_blank"">Naver</a>"
161580,필옵틱스,83.5795021467176,100.0,56.84454656667909,62.17614130108223,63.01502749879194,,"<a href=""https://m.stock.naver.com/domestic/stock/161580/total"" target=""_blank"">Naver</a>"
059210,메타바이오메드,83.42831199395671,92.74256624139798,67.62583966745551,80.1819672665659,57.162312111949255,,"<a href=""https://m.stock.naver.com/domestic/stock/059210/total"" target=""_blank"">Naver</a>"
105740,디케이락,83.34541944513299,88.86323984021783,73.67266883494197,85.39646024462746,61.39324615608119,,"<a href=""https://m.stock.naver.com/domestic/stock/105740/total"" target=""_blank"">Naver</a>"
032190,다우데이타,83.13893958180024,92.60425215072972,71.88869672643891,58.501705223361824,75.08087174833,,"<a href=""https://m.stock.naver.com/domestic/stock/032190/total"" target=""_blank"">Naver</a>"
214450,파마리서치,82.65917426549761,79.72404316607846,91.52969552112073,96.52089778995588,45.80469413149523,,"<a href=""https://m.stock.naver.com/domestic/stock/214450/total"" target=""_blank"">Naver</a>"
094360,칩스앤미디어,82.54837826118288,75.14574451058773,98.842296038718,94.86447429954264,65.27820230392936,,"<a href=""https://m.stock.naver.com/domestic/stock/094360/total"" target=""_blank"">Naver</a>"
054950,제이브이엠,82.52427785231824,83.04228643699372,79.32763438169627,95.40115113469365,66.5376456245715,,"<a href=""https://m.stock.naver.com/domestic/stock/054950/total"" target=""_blank"">Naver</a>"
170030,현대공업,82.14509019872825,87.53057148947629,62.421067963604365,95.26364880602011,89.90230867078768,,"<a href=""https://m.stock.naver.com/domestic/stock/170030/total"" target=""_blank"">Naver</a>"
173130,오파스넷,82.07401507843525,90.5697259177387,66.27411411185913,74.30629151300613,74.66043697053304,,"<a href=""https://m.stock.naver.com/domestic/stock/173130/total"" target=""_blank"">Naver</a>"
038010,제일테크노스,82.0710634234675,88.2731743585663,71.04840271404322,78.91638766574978,69.06838726483912,,"<a href=""https://m.stock.naver.com/domestic/stock/038010/total"" target=""_blank"">Naver</a>"
310200,애니플러스,81.59355160942921,81.28634077116843,82.08978953084089,84.40255630557249,77.18088266921364,,"<a href=""https://m.stock.naver.com/domestic/stock/310200/total"" target=""_blank"">Naver</a>"
307280,원바이오젠,81.57438117059407,80.89414229854212,84.75445641916595,90.85857528406918,55.26848316540766,,"<a href=""https://m.stock.naver.com/domestic/stock/307280/total"" target=""_blank"">Naver</a>"
031980,피에스케이홀딩스,81.5468069790916,78.92707283702946,92.54005731932243,87.49180961026619,46.127359720333985,,"<a href=""https://m.stock.naver.com/domestic/stock/031980/total"" target=""_blank"">Naver</a>"
092870,엑시콘,81.43649728104272,82.76532664810681,77.01245219483332,97.8319366228026,54.81989162380073,,"<a href=""https://m.stock.naver.com/domestic/stock/092870/total"" target=""_blank"">Naver</a>"
347770,핌스,81.19453578871543,93.2538412439336,57.5884456744862,67.59389950334003,81.71459346799409,,"<a href=""https://m.stock.naver.com/domestic/stock/347770/total"" target=""_blank"">Naver</a>"
042370,비츠로테크,81.17622350533318,86.04559531396696,66.56759993826518,97.95863158195733,62.22206348381971,,"<a href=""https://m.stock.naver.com/domestic/stock/042370/total"" target=""_blank"">Naver</a>"
078150,HB테크놀러지,81.04463390704788,79.44537288814507,93.67932205669565,63.76645473459797,71.61868373054219,,"<a href=""https://m.stock.naver.com/domestic/stock/078150/total"" target=""_blank"">Naver</a>"
064820,케이프,81.00253014145282,96.54303534299045,51.46341093943931,64.49087709998459,75.2353698160052,,"<a href=""https://m.stock.naver.com/domestic/stock/064820/total"" target=""_blank"">Naver</a>"
086710,선진뷰티사이언스,80.84889491303517,79.65865769054842,89.34185787389947,78.6939394574213,56.97683768978217,,"<a href=""https://m.stock.naver.com/domestic/stock/086710/total"" target=""_blank"">Naver</a>"
096630,에스코넥,80.75994261278154,92.28022460281841,62.14060946632285,55.342676950093264,86.44775579000896,,"<a href=""https://m.stock.naver.com/domestic/stock/096630/total"" target=""_blank"">Naver</a>"
060560,HC홈센타,80.52986364242719,87.59413717915099,64.59553170912382,75.08139213443786,86.32718388423703,,"<a href=""https://m.stock.naver.com/domestic/stock/060560/total"" target=""_blank"">Naver</a>"
073540,에프알텍,80.33240344018361,91.54087870145577,60.934435693627734,67.46313898747711,68.55906794311001,,"<a href=""https://m.stock.naver.com/domestic/stock/073540/total"" target=""_blank"">Naver</a>"
211050,인카금융서비스,80.25727054678505,84.95248451828182,86.79322795917642,65.87472846021848,20.0,,"<a href=""https://m.stock.naver.com/domestic/stock/211050/total"" target=""_blank"">Naver</a>"
038620,위즈코프,79.98004542722177,86.1756314510825,57.611321255160334,97.85241743394674,81.73188998775028,,"<a href=""https://m.stock.naver.com/domestic/stock/038620/total"" target=""_blank"">Naver</a>"
086670,비엠티,79.93255087558046,83.18246282970694,80.07187876981082,77.71189435985876,44.67828098635426,,"<a href=""https://m.stock.naver.com/domestic/stock/086670/total"" target=""_blank"">Naver</a>"
033310,엠투엔,79.90218673960959,95.7949523249588,55.21637619331889,61.32774653832074,49.766932849450356,,"<a href=""https://m.stock.naver.com/domestic/stock/033310/total"" target=""_blank"">Naver</a>"
225530,HC보광산업,79.87252856098178,77.29223081955399,85.21134433561748,91.53260831077976,60.821863085340894,,"<a href=""https://m.stock.naver.com/domestic/stock/225530/total"" target=""_blank"">Naver</a>"
265740,엔에프씨,79.86306941075213,87.44326504540963,60.15902319988506,92.0239992350098,63.09909320068218,,"<a href=""https://m.stock.naver.com/domestic/stock/265740/total"" target=""_blank"">Naver</a>"
093520,매커스,79.77455854257796,79.48666077652372,85.27568965940894,69.03842836578133,77.19593650466709,,"<a href=""https://m.stock.naver.com/domestic/stock/093520/total"" target=""_blank"">Naver</a>"
010240,흥국,79.76612071947915,81.7302452407424,68.56168459415795,99.14143126660753,73.46818599666966,,"<a href=""https://m.stock.naver.com/domestic/stock/010240/total"" target=""_blank"">Naver</a>"
032850,비트컴퓨터,79.76604078490016,75.34992926675056,83.88330413907966,99.58002685473134,72.54509009213571,,"<a href=""https://m.stock.naver.com/domestic/stock/032850/total"" target=""_blank"">Naver</a>"
310870,디와이씨,79.61056627357792,88.34653747279613,64.91640642378987,73.04304132379775,61.38476103146023,,"<a href=""https://m.stock.naver.com/domestic/stock/310870/total"" target=""_blank"">Naver</a>"
189690,포시에스,79.50901461242428,72.86250562740524,88.41817297550324,99.83832848156453,74.06270287897743,,"<a href=""https://m.stock.naver.com/domestic/stock/189690/total"" target=""_blank"">Naver</a>"
094860,네오리진,79.30526007380915,96.88252080428656,38.171980308817616,73.75957299429412,85.13590429206789,,"<a href=""https://m.stock.naver.com/domestic/stock/094860/total"" target=""_blank"">Naver</a>"
053270,구영테크,79.17753226944552,93.48440262215418,55.319456821426506,49.15903413998125,86.82246153596545,,"<a href=""https://m.stock.naver.com/domestic/stock/053270/total"" target=""_blank"">Naver</a>"
241710,코스메카코리아,79.1716269120476,90.0772288336238,54.178738350703156,78.5819579594685,74.44818456501332,,"<a href=""https://m.stock.naver.com/domestic/stock/241710/total"" target=""_blank"">Naver</a>"
189980,흥국에프엔비,79.07111552520787,81.17898172879298,77.16982824161616,79.99216838047398,61.44105178961304,,"<a href=""https://m.stock.naver.com/domestic/stock/189980/total"" target=""_blank"">Naver</a>"
050960,수산아이앤티,79.03862490839782,82.60431910137179,69.41010416538869,94.54232613595113,53.385495852649306,,"<a href=""https://m.stock.naver.com/domestic/stock/050960/total"" target=""_blank"">Naver</a>"
148150,세경하이테크,79.02250285618351,81.97166739841555,64.05436804430168,94.55575537934023,87.40669736249463,,"<a href=""https://m.stock.naver.com/domestic/stock/148150/total"" target=""_blank"">Naver</a>"
046310,백금T&A,78.9904271861586,77.81066094782096,77.1417412543628,96.66123895533983,67.04942816682664,,"<a href=""https://m.stock.naver.com/domestic/stock/046310/total"" target=""_blank"">Naver</a>"
010170,대한광통신,78.98474758256765,95.95363332553995,46.73748529106538,70.52889497992248,53.50613532970159,,"<a href=""https://m.stock.naver.com/domestic/stock/010170/total"" target=""_blank"">Naver</a>"
900120,씨엑스아이,78.9573372152912,82.29796878461416,65.48478128754778,99.98239257878095,64.1824272951535,,"<a href=""https://m.stock.naver.com/domestic/stock/900120/total"" target=""_blank"">Naver</a>"
109960,AP헬스케어,78.93094330746342,93.06287109095145,55.6412976038078,74.88190633967317,33.894112359465765,,"<a href=""https://m.stock.naver.com/domestic/stock/109960/total"" target=""_blank"">Naver</a>"
140860,파크시스템스,78.92486393829881,71.64018449814935,95.64359466275124,98.77541262256177,43.04626622930444,,"<a href=""https://m.stock.naver.com/domestic/stock/140860/total"" target=""_blank"">Naver</a>"
100700,세운메디칼,78.911145064974,75.93279948190917,84.41291672727847,99.78329607772739,45.39813172472274,,"<a href=""https://m.stock.naver.com/domestic/stock/100700/total"" target=""_blank"">Naver</a>"
021650,한국큐빅,78.77686622723354,85.35423955632831,58.03264423420442,88.53700229360201,84.04922411050492,,"<a href=""https://m.stock.naver.com/domestic/stock/021650/total"" target=""_blank"">Naver</a>"
038110,에코플라스틱,78.76683259120772,89.87052156857267,61.06405881010867,47.27300591573042,97.02408711927802,,"<a href=""https://m.stock.naver.com/domestic/stock/038110/total"" target=""_blank"">Naver</a>"
024740,한일단조,78.75198691643386,85.06626061837024,65.93879137660268,74.88982196276297,74.77101009969512,,"<a href=""https://m.stock.naver.com/domestic/stock/024740/total"" target=""_blank"">Naver</a>"
044180,KD,78.64077329674231,100.0,45.27668604020361,52.06257126643992,42.30689320094834,,"<a href=""https://m.stock.naver.com/domestic/stock/044180/total"" target=""_blank"">Naver</a>"
204020,그리티,78.6358725608705,91.44663245409367,49.25093425524267,86.61298212895136,55.877226234169804,,"<a href=""https://m.stock.naver.com/domestic/stock/204020/total"" target=""_blank"">Naver</a>"
025770,한국정보통신,78.61177617098868,82.77579074788765,59.932857343137904,97.08192420026491,85.0978993289025,,"<a href=""https://m.stock.naver.com/domestic/stock/025770/total"" target=""_blank"">Naver</a>"
017250,인터엠,78.54438990054308,88.76713853656877,58.21226428944519,82.37021969539263,49.88037473402534,,"<a href=""https://m.stock.naver.com/domestic/stock/017250/total"" target=""_blank"">Naver</a>"
357230,에이치피오,78.52622777654909,78.98350647133428,68.5635824319462,99.60127197635093,80.70202176253798,,"<a href=""https://m.stock.naver.com/domestic/stock/357230/total"" target=""_blank"">Naver</a>"
137950,제이씨케미칼,78.29161218434822,80.74668907676677,68.93031267990588,82.25191196520115,87.71658743583144,,"<a href=""https://m.stock.naver.com/domestic/stock/137950/total"" target=""_blank"">Naver</a>"
318410,비비씨,78.20858046522396,85.81831358083964,56.07578066481136,99.55994952160404,54.853043967138774,,"<a href=""https://m.stock.naver.com/domestic/stock/318410/total"" target=""_blank"">Naver</a>"
348370,엔켐,78.15609071418997,89.50938505830875,61.41506376018692,58.09571829589838,65.74243819136282,,"<a href=""https://m.stock.naver.com/domestic/stock/348370/total"" target=""_blank"">Naver</a>"
043370,피에이치에이,78.09141315665066,86.51881594642254,53.815396346756735,87.3016448897645,79.92220026262987,,"<a href=""https://m.stock.naver.com/domestic/stock/043370/total"" target=""_blank"">Naver</a>"
214680,디알텍,78.05941256063412,84.59165672124671,67.067315025362,81.64365963718082,47.46447615654987,,"<a href=""https://m.stock.naver.com/domestic/stock/214680/total"" target=""_blank"">Naver</a>"
099440,스맥,78.02735738054945,84.6485988337699,69.41470506551252,74.18033162601179,49.32977302616416,,"<a href=""https://m.stock.naver.com/domestic/stock/099440/total"" target=""_blank"">Naver</a>"
001540,안국약품,77.94646153929905,85.76440069333161,55.55140514843695,97.48220146817286,57.03499378747136,,"<a href=""https://m.stock.naver.com/domestic/stock/001540/total"" target=""_blank"">Naver</a>"
109860,동일금속,77.94343745204446,75.74329128674775,75.76528403182841,99.56247929640921,71.99787484795567,,"<a href=""https://m.stock.naver.com/domestic/stock/109860/total"" target=""_blank"">Naver</a>"
076080,웰크론한텍,77.86842642389004,93.80108451707059,42.613454056276446,65.72748739532157,87.23326920092832,,"<a href=""https://m.stock.naver.com/domestic/stock/076080/total"" target=""_blank"">Naver</a>"
053160,프리엠스,77.7622398715146,84.04285948318791,56.15003954988407,99.77268232815402,66.43492122630875,,"<a href=""https://m.stock.naver.com/domestic/stock/053160/total"" target=""_blank"">Naver</a>"
049520,유아이엘,77.76066791987654,84.96774789473123,50.89168581194141,95.49417306593918,90.15360846917056,,"<a href=""https://m.stock.naver.com/domestic/stock/049520/total"" target=""_blank"">Naver</a>"
053620,태양,77.74965855193258,83.93874155372481,57.5979151127351,88.33547395285046,83.06774892457744,,"<a href=""https://m.stock.naver.com/domestic/stock/053620/total"" target=""_blank"">Naver</a>"
203450,유니온바이오메트릭스,77.56569823509392,87.16810615807519,57.8344515883333,82.02961689171188,52.06519907988593,,"<a href=""https://m.stock.naver.com/domestic/stock/203450/total"" target=""_blank"">Naver</a>"
053700,삼보모터스,77.40464165653319,89.60473842945629,55.65539045740379,52.23166764427905,90.09568440161141,,"<a href=""https://m.stock.naver.com/domestic/stock/053700/total"" target=""_blank"">Naver</a>"
032750,삼진,77.3617183691905,85.07857173790238,50.55390013316367,99.03270302458563,75.45659981399197,,"<a href=""https://m.stock.naver.com/domestic/stock/032750/total"" target=""_blank"">Naver</a>"
368770,파이버프로,77.35227945861071,77.19299448393588,75.9495658353106,99.15563534636343,42.67055549570374,,"<a href=""https://m.stock.naver.com/domestic/stock/368770/total"" target=""_blank"">Naver</a>"
122690,서진오토모티브,77.2085783318853,89.06890903849687,57.119436683795904,46.33102965113975,97.08541545448475,,"<a href=""https://m.stock.naver.com/domestic/stock/122690/total"" target=""_blank"">Naver</a>"
204840,지엘팜텍,77.1921275851464,96.8401705271156,47.14379050305812,51.105652513158304,43.830247835933335,,"<a href=""https://m.stock.naver.com/domestic/stock/204840/total"" target=""_blank"">Naver</a>"
011320,유니크,77.09381697563317,88.67995961888228,49.29972114937658,73.9499371053285,83.31834412853613,,"<a href=""https://m.stock.naver.com/domestic/stock/011320/total"" target=""_blank"">Naver</a>"
237880,클리오,77.00048574596366,80.46328315545726,60.97054709553421,89.27789011510548,91.04180134590415,,"<a href=""https://m.stock.naver.com/domestic/stock/237880/total"" target=""_blank"">Naver</a>"
218410,RFHIC,76.99435163012498,90.21125264502867,55.513349807081504,73.4086504796617,32.9679508674246,,"<a href=""https://m.stock.naver.com/domestic/stock/218410/total"" target=""_blank"">Naver</a>"
163730,핑거,76.98712304181335,79.56706347238308,57.98686122055894,99.00135088104524,97.00069130278482,,"<a href=""https://m.stock.naver.com/domestic/stock/163730/total"" target=""_blank"">Naver</a>"
123040,엠에스오토텍,76.97703642743974,80.29851314806774,72.82300263286557,62.26068974180643,87.32217812404105,,"<a href=""https://m.stock.naver.com/domestic/stock/123040/total"" target=""_blank"">Naver</a>"
353190,휴럼,76.79041779245966,90.73409380678812,45.301806808215794,70.81446823714799,78.86125965236087,,"<a href=""https://m.stock.naver.com/domestic/stock/353190/total"" target=""_blank"">Naver</a>"
033340,좋은사람들,76.7880739287076,83.77054427036553,65.4714292139818,75.6795474383282,51.7987063832004,,"<a href=""https://m.stock.naver.com/domestic/stock/033340/total"" target=""_blank"">Naver</a>"
203650,드림시큐리티,76.78785990685975,84.63788125716012,71.65773016980303,44.541268584735995,72.73143503278644,,"<a href=""https://m.stock.naver.com/domestic/stock/203650/total"" target=""_blank"">Naver</a>"
307180,아이엘,76.70332587373973,89.3023994437426,63.37465859717571,40.80680925585516,63.95081265229465,,"<a href=""https://m.stock.naver.com/domestic/stock/307180/total"" target=""_blank"">Naver</a>"
197140,디지캡,76.64392658429696,83.13655747904646,54.03858130113931,99.57512012255818,65.8966951865688,,"<a href=""https://m.stock.naver.com/domestic/stock/197140/total"" target=""_blank"">Naver</a>"
900250,크리스탈신소재,76.63437116262342,72.45874211774877,81.11037781715432,99.86236207933955,57.90590459503247,,"<a href=""https://m.stock.naver.com/domestic/stock/900250/total"" target=""_blank"">Naver</a>"
137080,나래나노텍,76.62572145350887,88.12787903251798,50.31739700972768,75.24256702340716,72.90776158450883,,"<a href=""https://m.stock.naver.com/domestic/stock/137080/total"" target=""_blank"">Naver</a>"
123410,코리아에프티,76.6010724594829,86.15149979990422,55.01705356508651,69.41874934123314,84.28068508290825,,"<a href=""https://m.stock.naver.com/domestic/stock/123410/total"" target=""_blank"">Naver</a>"
214150,클래시스,76.59246040404052,65.83643098913052,100.0,98.84321129117102,44.12561362890219,,"<a href=""https://m.stock.naver.com/domestic/stock/214150/total"" target=""_blank"">Naver</a>"
041020,폴라리스오피스,76.59146181370986,73.8841056516312,86.84838409003801,74.7153833677061,61.54728126902069,,"<a href=""https://m.stock.naver.com/domestic/stock/041020/total"" target=""_blank"">Naver</a>"
297890,HB솔루션,76.52448433283872,66.79836141522405,92.25877164617816,96.14817982664712,75.31913178990102,,"<a href=""https://m.stock.naver.com/domestic/stock/297890/total"" target=""_blank"">Naver</a>"
089140,넥스턴바이오,76.3691860283971,100.0,23.026333490558095,70.46728437505128,71.31748436504884,,"<a href=""https://m.stock.naver.com/domestic/stock/089140/total"" target=""_blank"">Naver</a>"
215100,로보로보,76.35041573902325,93.330047737242,42.97607075949753,74.76317077374817,42.6410465885768,,"<a href=""https://m.stock.naver.com/domestic/stock/215100/total"" target=""_blank"">Naver</a>"
054450,텔레칩스,76.19405995567962,71.27398062476676,85.64152177902629,85.26311174480408,69.85959923165152,,"<a href=""https://m.stock.naver.com/domestic/stock/054450/total"" target=""_blank"">Naver</a>"
096240,크레버스,76.15629348784137,81.23462084341547,70.58584478236536,52.503289526679026,90.37461667065682,,"<a href=""https://m.stock.naver.com/domestic/stock/096240/total"" target=""_blank"">Naver</a>"
234300,에스트래픽,76.08119047972544,69.97868848406847,87.97592176631912,78.94680647513255,84.10632600382635,,"<a href=""https://m.stock.naver.com/domestic/stock/234300/total"" target=""_blank"">Naver</a>"
225590,패션플랫폼,75.96557797507361,74.05026960164143,76.45131632096611,98.82661363833668,50.798515400271185,,"<a href=""https://m.stock.naver.com/domestic/stock/225590/total"" target=""_blank"">Naver</a>"
317850,대모,75.94243476721887,85.5511527726979,53.28145438465615,82.88677357372552,60.05404300127083,,"<a href=""https://m.stock.naver.com/domestic/stock/317850/total"" target=""_blank"">Naver</a>"
086980,쇼박스,75.8797196890318,94.15261844292417,36.66370280612471,74.31250947320456,55.819439488513474,,"<a href=""https://m.stock.naver.com/domestic/stock/086980/total"" target=""_blank"">Naver</a>"
057540,옴니시스템,75.74595688037144,84.71172030493811,45.04903151451973,99.31662214556484,74.50009208444288,,"<a href=""https://m.stock.naver.com/domestic/stock/057540/total"" target=""_blank"">Naver</a>"
019540,일지테크,75.70163579467805,96.16275609257839,36.569783488959914,45.61545760067983,85.99981013646129,,"<a href=""https://m.stock.naver.com/domestic/stock/019540/total"" target=""_blank"">Naver</a>"
128540,에코캡,75.62622056715682,92.23802158608697,40.7652049551757,68.4449466772751,64.9522341796644,,"<a href=""https://m.stock.naver.com/domestic/stock/128540/total"" target=""_blank"">Naver</a>"
065950,웰크론,75.61018181869365,90.6468677802669,42.853316477223736,61.55794910354506,87.05874241746139,,"<a href=""https://m.stock.naver.com/domestic/stock/065950/total"" target=""_blank"">Naver</a>"
333430,일승,75.57878832256313,80.35440944495492,60.91975076672296,86.0802035361056,70.56369220597745,,"<a href=""https://m.stock.naver.com/domestic/stock/333430/total"" target=""_blank"">Naver</a>"
033500,동성화인텍,75.55225795826705,84.16524370233765,54.21731416763936,79.12133166413838,71.73300057081556,,"<a href=""https://m.stock.naver.com/domestic/stock/033500/total"" target=""_blank"">Naver</a>"
223250,드림씨아이에스,75.46440229326723,71.9675445240752,78.11124318698707,88.46526077161339,78.19077409827986,,"<a href=""https://m.stock.naver.com/domestic/stock/223250/total"" target=""_blank"">Naver</a>"
282880,코윈테크,75.07170140782713,82.68888612948292,60.4371039880072,73.86472870148569,59.25241725974048,,"<a href=""https://m.stock.naver.com/domestic/stock/282880/total"" target=""_blank"">Naver</a>"
042520,한스바이오메드,74.91328518413222,83.72162028146336,64.70084735817478,64.43269869498585,41.23662612423861,,"<a href=""https://m.stock.naver.com/domestic/stock/042520/total"" target=""_blank"">Naver</a>"
092730,네오팜,74.87475402202449,65.80733413801237,89.33241811931366,99.67092395789572,61.80313227198155,,"<a href=""https://m.stock.naver.com/domestic/stock/092730/total"" target=""_blank"">Naver</a>"
036890,진성티이씨,74.73549829962484,71.13539602567683,80.7145694098516,85.75135937247552,66.0096478901657,,"<a href=""https://m.stock.naver.com/domestic/stock/036890/total"" target=""_blank"">Naver</a>"
005710,대원산업,74.56296961687792,75.39847891900116,60.75369819664143,98.74750201829039,85.2141502897563,,"<a href=""https://m.stock.naver.com/domestic/stock/005710/total"" target=""_blank"">Naver</a>"
109610,에스와이,74.52531570499461,84.45248254623898,51.62930470855952,69.53214992829206,79.86570014564272,,"<a href=""https://m.stock.naver.com/domestic/stock/109610/total"" target=""_blank"">Naver</a>"
043260,성호전자,74.43503490701085,89.54535080406033,47.75224606780214,63.37179505903155,48.65166803441916,,"<a href=""https://m.stock.naver.com/domestic/stock/043260/total"" target=""_blank"">Naver</a>"
069510,에스텍,74.42828106062298,74.50925558570884,63.39077889286134,95.93081092924453,85.63903786115776,,"<a href=""https://m.stock.naver.com/domestic/stock/069510/total"" target=""_blank"">Naver</a>"
006730,서부T&D,74.38639257121586,79.44995966579289,74.78945825636605,43.10034137165211,74.18036140966845,,"<a href=""https://m.stock.naver.com/domestic/stock/006730/total"" target=""_blank"">Naver</a>"
024120,KB오토시스,74.38145308336244,87.26908644081318,49.69338656950081,63.87694316535061,64.17920519928552,,"<a href=""https://m.stock.naver.com/domestic/stock/024120/total"" target=""_blank"">Naver</a>"
015750,성우하이텍,74.32797057628207,86.77363755063,47.85105922662992,62.638043883831706,80.74437701726833,,"<a href=""https://m.stock.naver.com/domestic/stock/015750/total"" target=""_blank"">Naver</a>"
086390,유니테스트,74.3064955019546,96.56402314791883,26.25897911350569,72.03559785417613,51.995540988185496,,"<a href=""https://m.stock.naver.com/domestic/stock/086390/total"" target=""_blank"">Naver</a>"
267790,배럴,74.28498203238365,96.25378017158839,27.41730189478959,71.6858050398356,50.1961590349933,,"<a href=""https://m.stock.naver.com/domestic/stock/267790/total"" target=""_blank"">Naver</a>"
058820,CMG제약,74.25979572072,77.22097563530183,61.82653194195433,99.37176557266797,50.668015935670496,,"<a href=""https://m.stock.naver.com/domestic/stock/058820/total"" target=""_blank"">Naver</a>"
058630,엠게임,74.24628824277112,59.844401558024366,98.22701928510644,99.25801053166944,77.14182867025876,,"<a href=""https://m.stock.naver.com/domestic/stock/058630/total"" target=""_blank"">Naver</a>"
048430,유라테크,74.24610555615719,86.24667268281716,42.47407959022292,74.41430180434716,88.76303736952916,,"<a href=""https://m.stock.naver.com/domestic/stock/048430/total"" target=""_blank"">Naver</a>"
041930,동아화성,74.17819187428475,78.47700121513931,62.24229008312801,74.6404335293596,81.34750542966407,,"<a href=""https://m.stock.naver.com/domestic/stock/041930/total"" target=""_blank"">Naver</a>"
063570,NICE인프라,74.12389727808049,83.09420619424857,56.64252582131204,56.965525661314466,88.20379080143788,,"<a href=""https://m.stock.naver.com/domestic/stock/063570/total"" target=""_blank"">Naver</a>"
012860,모베이스전자,74.12127102968493,84.55215549816127,54.05816886056592,57.58283774032155,82.34303483229104,,"<a href=""https://m.stock.naver.com/domestic/stock/012860/total"" target=""_blank"">Naver</a>"
011560,세보엠이씨,74.0288736818158,75.84235963257106,59.07147933571061,90.1068696919175,94.89802198307503,,"<a href=""https://m.stock.naver.com/domestic/stock/011560/total"" target=""_blank"">Naver</a>"
049430,코메론,74.01319432776775,68.59574107377873,85.06077813207143,90.82543126754106,50.160240474571154,,"<a href=""https://m.stock.naver.com/domestic/stock/049430/total"" target=""_blank"">Naver</a>"
086060,진바이오텍,73.93064307995142,82.16954644873557,49.15847604607442,86.6203208174062,73.5452823490172,,"<a href=""https://m.stock.naver.com/domestic/stock/086060/total"" target=""_blank"">Naver</a>"
013990,아가방컴퍼니,73.88913809528361,76.54306243947504,62.283487253804935,98.85989521748522,50.12878592797688,,"<a href=""https://m.stock.naver.com/domestic/stock/013990/total"" target=""_blank"">Naver</a>"
140670,알에스오토메이션,73.86098440288092,83.57533735190677,46.300960310045184,82.5120249274375,77.78678842963619,,"<a href=""https://m.stock.naver.com/domestic/stock/140670/total"" target=""_blank"">Naver</a>"
208140,정다운,73.82045135154472,68.8439123214983,75.72701449428497,91.20410486865762,89.2387969641745,,"<a href=""https://m.stock.naver.com/domestic/stock/208140/total"" target=""_blank"">Naver</a>"
348210,넥스틴,73.74550731101421,60.566992380768966,100.0,99.26773994288774,49.57075776528109,,"<a href=""https://m.stock.naver.com/domestic/stock/348210/total"" target=""_blank"">Naver</a>"
214180,헥토이노베이션,73.73477980844876,68.67376059745347,77.6371369540599,93.25515032882797,75.9144835715785,,"<a href=""https://m.stock.naver.com/domestic/stock/214180/total"" target=""_blank"">Naver</a>"
045100,한양이엔지,73.72508119633446,70.57530753512157,68.30608668366489,96.08524200489651,93.89701607711277,,"<a href=""https://m.stock.naver.com/domestic/stock/045100/total"" target=""_blank"">Naver</a>"
118990,모트렉스,73.57410660344797,73.03841587995134,76.92866487150184,68.13605639863226,74.10570435476998,,"<a href=""https://m.stock.naver.com/domestic/stock/118990/total"" target=""_blank"">Naver</a>"
051490,나라엠앤디,73.34090477455774,78.69547907522524,61.192033105499746,77.92885752258304,60.654466015787165,,"<a href=""https://m.stock.naver.com/domestic/stock/051490/total"" target=""_blank"">Naver</a>"
337930,젝시믹스,73.22443416165663,72.56084819021781,67.15312167136382,98.68434914761472,60.62419829847032,,"<a href=""https://m.stock.naver.com/domestic/stock/337930/total"" target=""_blank"">Naver</a>"
274090,켄코아에어로스페이스,73.22182707826006,71.84882579964213,78.6819927843491,82.62781145700257,43.585045133744984,,"<a href=""https://m.stock.naver.com/domestic/stock/274090/total"" target=""_blank"">Naver</a>"
014940,오리엔탈정공,73.03440872868994,74.0885513907376,66.79515615212135,76.54502727802726,84.55972256828618,,"<a href=""https://m.stock.naver.com/domestic/stock/014940/total"" target=""_blank"">Naver</a>"
208710,포톤,72.97944615326918,84.27258539164458,47.18376133053539,64.33347984035362,83.73213203226445,,"<a href=""https://m.stock.naver.com/domestic/stock/208710/total"" target=""_blank"">Naver</a>"
178320,서진시스템,72.97612049665109,87.29668411210862,47.978595432178906,64.96999459922216,42.12923422837945,,"<a href=""https://m.stock.naver.com/domestic/stock/178320/total"" target=""_blank"">Naver</a>"
353810,이지바이오,72.9348084750001,73.46486390622941,75.14289668739879,68.15884071313016,65.0856377619946,,"<a href=""https://m.stock.naver.com/domestic/stock/353810/total"" target=""_blank"">Naver</a>"
155650,와이엠씨,72.8542390049613,65.41322003425556,76.55943635360079,98.58633839630103,92.15628112755338,,"<a href=""https://m.stock.naver.com/domestic/stock/155650/total"" target=""_blank"">Naver</a>"
137400,피엔티,72.75230803395068,69.26830189463321,90.13500582223196,67.21398878151818,38.723531269218924,,"<a href=""https://m.stock.naver.com/domestic/stock/137400/total"" target=""_blank"">Naver</a>"
192440,슈피겐코리아,72.7418944177405,71.06806789813778,73.05771523917993,89.53980997123033,57.652877438796374,,"<a href=""https://m.stock.naver.com/domestic/stock/192440/total"" target=""_blank"">Naver</a>"
900260,로스웰,72.64478533969073,99.15098491127453,9.831762299006991,73.82218772323846,66.28070091700835,,"<a href=""https://m.stock.naver.com/domestic/stock/900260/total"" target=""_blank"">Naver</a>"
101170,우림피티에스,72.59802475881712,72.8711690233841,64.81079332733101,96.70521614386509,60.04206797134802,,"<a href=""https://m.stock.naver.com/domestic/stock/101170/total"" target=""_blank"">Naver</a>"
092300,현우산업,72.5598523028792,82.00633744264657,53.53790004640344,59.64567585182375,80.14014481016045,,"<a href=""https://m.stock.naver.com/domestic/stock/092300/total"" target=""_blank"">Naver</a>"
253450,스튜디오드래곤,72.52266797374655,73.68998280833723,64.33930170532513,85.57226564112267,73.332525966013,,"<a href=""https://m.stock.naver.com/domestic/stock/253450/total"" target=""_blank"">Naver</a>"
251970,펌텍코리아,72.47286760751004,68.52481753450992,69.96436464796706,98.87195790978575,79.59380267667493,,"<a href=""https://m.stock.naver.com/domestic/stock/251970/total"" target=""_blank"">Naver</a>"
217500,러셀,72.3610580815055,72.39561568620715,68.83590810227408,95.43673546980061,43.42076194465275,,"<a href=""https://m.stock.naver.com/domestic/stock/217500/total"" target=""_blank"">Naver</a>"
372170,윤성에프앤씨,72.26145004989765,66.66666666666667,78.15788117822956,86.84505122261467,80.74949266157583,,"<a href=""https://m.stock.naver.com/domestic/stock/372170/total"" target=""_blank"">Naver</a>"
052220,iMBC,72.24260427416408,73.89302888066574,57.30179132168983,98.60027145603196,74.42623939477991,,"<a href=""https://m.stock.naver.com/domestic/stock/052220/total"" target=""_blank"">Naver</a>"
204620,글로벌텍스프리,72.23980433971175,97.77953540797364,14.259953286904254,74.17942777435842,51.78303991531323,,"<a href=""https://m.stock.naver.com/domestic/stock/204620/total"" target=""_blank"">Naver</a>"
039440,에스티아이,72.232451338316,67.38281416714284,70.99309240125245,98.72832409762924,83.6331465590852,,"<a href=""https://m.stock.naver.com/domestic/stock/039440/total"" target=""_blank"">Naver</a>"
192390,윈하이텍,72.10789221088324,75.87314826550677,64.5867744343155,72.04678478422767,64.65262329155078,,"<a href=""https://m.stock.naver.com/domestic/stock/192390/total"" target=""_blank"">Naver</a>"
263810,상신전자,72.10225563299964,83.62130806282859,45.73052539811869,68.63353160324053,72.6697257089753,,"<a href=""https://m.stock.naver.com/domestic/stock/263810/total"" target=""_blank"">Naver</a>"
034940,조아제약,72.09711884345208,83.62234822666855,47.013988193489176,70.78792674731122,61.828403686950665,,"<a href=""https://m.stock.naver.com/domestic/stock/034940/total"" target=""_blank"">Naver</a>"
104460,디와이피엔에프,72.02973196129449,98.48788986872607,11.56869208970756,61.58237693148865,77.73174648966187,,"<a href=""https://m.stock.naver.com/domestic/stock/104460/total"" target=""_blank"">Naver</a>"
003310,대주산업,71.97846735867984,73.51161970034214,57.97547283278673,92.19086467539444,83.17081725476874,,"<a href=""https://m.stock.naver.com/domestic/stock/003310/total"" target=""_blank"">Naver</a>"
079960,동양이엔피,71.96092406261057,74.0113379238005,61.15528110715555,78.92214809857302,87.46172443368158,,"<a href=""https://m.stock.naver.com/domestic/stock/079960/total"" target=""_blank"">Naver</a>"
078070,유비쿼스홀딩스,71.90965485446003,65.13937179350174,81.9379129266294,99.62635377684157,47.57836338034952,,"<a href=""https://m.stock.naver.com/domestic/stock/078070/total"" target=""_blank"">Naver</a>"
236200,슈프리마,71.88918547387973,64.61327285017525,85.17675102400364,95.98520077787259,44.57027859972851,,"<a href=""https://m.stock.naver.com/domestic/stock/236200/total"" target=""_blank"">Naver</a>"
067900,와이엔텍,71.8393706029321,63.0692145409862,88.78717968429493,78.3511481851938,79.31864277494556,,"<a href=""https://m.stock.naver.com/domestic/stock/067900/total"" target=""_blank"">Naver</a>"
151860,KG에코솔루션,71.74513270338568,65.46534812120733,81.45340869378988,78.13821352204303,85.77500610019038,,"<a href=""https://m.stock.naver.com/domestic/stock/151860/total"" target=""_blank"">Naver</a>"
043910,자연과환경,71.52908404797546,83.47967667474005,41.88686015688695,70.55276559462129,78.28572888895141,,"<a href=""https://m.stock.naver.com/domestic/stock/043910/total"" target=""_blank"">Naver</a>"
099220,SDN,71.40556626578466,85.73316401587654,42.97460864493953,67.72051939352221,48.9992751134327,,"<a href=""https://m.stock.naver.com/domestic/stock/099220/total"" target=""_blank"">Naver</a>"
227950,엔투텍,71.40085085835358,78.96127012955456,54.672706738031614,74.66397845179246,57.79028501867377,,"<a href=""https://m.stock.naver.com/domestic/stock/227950/total"" target=""_blank"">Naver</a>"
066790,씨씨에스,71.34473557796554,74.63415370902864,53.06992013068543,94.62109518776606,76.69307602200783,,"<a href=""https://m.stock.naver.com/domestic/stock/066790/total"" target=""_blank"">Naver</a>"
093320,케이아이엔엑스,71.31973387465244,58.14753124338076,91.86372409611572,99.30542724237262,70.6948276071561,,"<a href=""https://m.stock.naver.com/domestic/stock/093320/total"" target=""_blank"">Naver</a>"
216050,인크로스,71.28285638683198,58.26536304853704,93.58766324969724,93.25684111363492,72.02077267843919,,"<a href=""https://m.stock.naver.com/domestic/stock/216050/total"" target=""_blank"">Naver</a>"
226340,본느,71.2744481089652,85.66721009283754,44.874193716920054,46.05096178891533,81.00954890282294,,"<a href=""https://m.stock.naver.com/domestic/stock/226340/total"" target=""_blank"">Naver</a>"
025320,시노펙스,71.22975040557745,74.36125009949822,58.251985307300004,77.78113318366164,85.43781401374716,,"<a href=""https://m.stock.naver.com/domestic/stock/025320/total"" target=""_blank"">Naver</a>"
039980,폴라리스AI,71.1889021778919,87.35135479706618,33.05835289868719,74.116217153544,62.037587192520206,,"<a href=""https://m.stock.naver.com/domestic/stock/039980/total"" target=""_blank"">Naver</a>"
192250,케이사인,71.18546240887704,65.41768486597643,77.68560379163115,93.62167324621129,63.02566433524568,,"<a href=""https://m.stock.naver.com/domestic/stock/192250/total"" target=""_blank"">Naver</a>"
256840,한국비엔씨,71.16934520500867,95.0335810392698,16.029365925772364,71.69705889338489,59.44298421330403,,"<a href=""https://m.stock.naver.com/domestic/stock/256840/total"" target=""_blank"">Naver</a>"
024940,PN풍년,71.15705713586856,74.90943078518902,50.45330254245544,99.52498851914743,72.9114835445307,,"<a href=""https://m.stock.naver.com/domestic/stock/024940/total"" target=""_blank"">Naver</a>"
353590,오토앤,71.13432878513495,93.28709867843766,21.09474288224349,69.44773083922517,58.87221547177938,,"<a href=""https://m.stock.naver.com/domestic/stock/353590/total"" target=""_blank"">Naver</a>"
243840,신흥에스이씨,70.61054446515685,74.02064134533357,61.01279566402434,72.17018120799997,74.55885242301267,,"<a href=""https://m.stock.naver.com/domestic/stock/243840/total"" target=""_blank"">Naver</a>"
099430,바이오플러스,70.58353951220508,57.623874090223545,96.003683489956,99.26017709625005,41.64552951913882,,"<a href=""https://m.stock.naver.com/domestic/stock/099430/total"" target=""_blank"">Naver</a>"
281740,레이크머티리얼즈,70.57147273041102,58.93163059636499,97.63609571722905,83.06392642073472,49.941556024225896,,"<a href=""https://m.stock.naver.com/domestic/stock/281740/total"" target=""_blank"">Naver</a>"
339950,아이비김영,70.54343533553818,84.91668355184582,31.13189539269113,71.86055839880984,92.48791032753854,,"<a href=""https://m.stock.naver.com/domestic/stock/339950/total"" target=""_blank"">Naver</a>"
079190,케스피온,70.51382681124075,97.15519145602327,10.453388424549559,52.72844358297909,86.69040946382968,,"<a href=""https://m.stock.naver.com/domestic/stock/079190/total"" target=""_blank"">Naver</a>"
142210,유니트론텍,70.48211790498284,73.24084245689431,63.29963907961752,64.75878752927363,84.73647816029037,,"<a href=""https://m.stock.naver.com/domestic/stock/142210/total"" target=""_blank"">Naver</a>"
095270,웨이브일렉트로,70.42829382451279,97.18881959204596,8.305998414153812,74.08574112308119,52.598567068772766,,"<a href=""https://m.stock.naver.com/domestic/stock/095270/total"" target=""_blank"">Naver</a>"
131100,티엔엔터테인먼트,70.3633232123455,81.8550042796051,47.64367410270814,52.23141973648917,82.32520290513021,,"<a href=""https://m.stock.naver.com/domestic/stock/131100/total"" target=""_blank"">Naver</a>"
098660,에스티오,70.2365795904388,78.22736433845866,53.65499271068859,72.35446928300223,53.01931762782459,,"<a href=""https://m.stock.naver.com/domestic/stock/098660/total"" target=""_blank"">Naver</a>"
101330,모베이스,70.15412879318271,74.53911151108848,55.458356060169194,73.43069597044328,84.4600654888597,,"<a href=""https://m.stock.naver.com/domestic/stock/101330/total"" target=""_blank"">Naver</a>"
237690,에스티팜,70.13796953642107,75.27545319526998,61.520255484490946,76.68128510135301,38.49010476002103,,"<a href=""https://m.stock.naver.com/domestic/stock/237690/total"" target=""_blank"">Naver</a>"
115310,인포바인,70.06810045456969,59.9116672481912,86.26845817174045,98.13347660501717,54.81275804436288,,"<a href=""https://m.stock.naver.com/domestic/stock/115310/total"" target=""_blank"">Naver</a>"
080010,이상네트웍스,69.97984414410477,61.48248698131069,80.13543088140896,98.7925630157832,63.54475866775593,,"<a href=""https://m.stock.naver.com/domestic/stock/080010/total"" target=""_blank"">Naver</a>"
038680,에스넷,69.90307142373936,85.46353582455674,35.15548316607151,56.591641383563875,83.538299982621,,"<a href=""https://m.stock.naver.com/domestic/stock/038680/total"" target=""_blank"">Naver</a>"
031310,아이즈비전,69.6926011386398,83.75336489815436,36.757888622062126,71.5976422505457,61.82691638354196,,"<a href=""https://m.stock.naver.com/domestic/stock/031310/total"" target=""_blank"">Naver</a>"
051360,토비스,69.67441338019864,85.81242104106302,37.79173640768172,59.63959647775668,55.50134011729462,,"<a href=""https://m.stock.naver.com/domestic/stock/051360/total"" target=""_blank"">Naver</a>"
060260,뉴보텍,69.63537869289787,91.12138174217318,26.001394123859978,43.28277845446222,82.678465423655,,"<a href=""https://m.stock.naver.com/domestic/stock/060260/total"" target=""_blank"">Naver</a>"
052330,코텍,69.39178700100193,69.66739248065238,65.16343950297592,86.13745139219367,53.734929952943304,,"<a href=""https://m.stock.naver.com/domestic/stock/052330/total"" target=""_blank"">Naver</a>"
035890,서희건설,69.34672866309613,61.836441737854024,76.43348582903353,87.38972800526786,87.95038725197105,,"<a href=""https://m.stock.naver.com/domestic/stock/035890/total"" target=""_blank"">Naver</a>"
053450,세코닉스,69.34530716467282,83.0936235811251,41.15567877380531,49.545960574928145,84.91234530107239,,"<a href=""https://m.stock.naver.com/domestic/stock/053450/total"" target=""_blank"">Naver</a>"
215360,우리산업,69.11770306528429,93.28420027504971,16.48211456259453,48.5476814343179,83.43772232348074,,"<a href=""https://m.stock.naver.com/domestic/stock/215360/total"" target=""_blank"">Naver</a>"
299900,위지윅스튜디오,69.07027837305043,91.5066907342786,14.995208937067012,67.46166681646693,73.42590033139638,,"<a href=""https://m.stock.naver.com/domestic/stock/299900/total"" target=""_blank"">Naver</a>"
318010,팜스빌,69.04722368894538,60.95079318928199,76.9908175265583,95.87896290703397,72.82294206066433,,"<a href=""https://m.stock.naver.com/domestic/stock/318010/total"" target=""_blank"">Naver</a>"
389260,대명에너지,69.02940916693484,62.44200353319882,82.19512636953583,79.35888080082155,61.59074749098878,,"<a href=""https://m.stock.naver.com/domestic/stock/389260/total"" target=""_blank"">Naver</a>"
290270,휴네시온,69.01375802646862,85.33301662688082,24.9587777860654,74.66722254689857,82.15062698267838,,"<a href=""https://m.stock.naver.com/domestic/stock/290270/total"" target=""_blank"">Naver</a>"
131090,시큐브,69.00509984395407,53.49575471752354,91.55940353106602,99.67314300510526,81.00963660325834,,"<a href=""https://m.stock.naver.com/domestic/stock/131090/total"" target=""_blank"">Naver</a>"
318020,포인트모바일,68.99532066133023,85.05154194557916,32.81976751303235,69.21364805223364,56.76177621002542,,"<a href=""https://m.stock.naver.com/domestic/stock/318020/total"" target=""_blank"">Naver</a>"
031510,오스템,68.65233905239779,90.53258229632628,17.820985301338798,63.48567636872452,70.57951424789749,,"<a href=""https://m.stock.naver.com/domestic/stock/031510/total"" target=""_blank"">Naver</a>"
053800,안랩,68.58204741851682,60.452279455139575,73.4166920788226,97.45914511411365,84.21184428632088,,"<a href=""https://m.stock.naver.com/domestic/stock/053800/total"" target=""_blank"">Naver</a>"
080720,한국유니온제약,68.49660102181382,85.53349483570719,39.20619429994313,53.62085926556975,40.257392376934945,,"<a href=""https://m.stock.naver.com/domestic/stock/080720/total"" target=""_blank"">Naver</a>"
015710,코콤,68.47762920359068,82.53521220758188,33.08030419395552,74.51814708323131,64.69222244459067,,"<a href=""https://m.stock.naver.com/domestic/stock/015710/total"" target=""_blank"">Naver</a>"
038950,파인디지털,68.44321855300127,82.59493887940668,29.886232921316648,74.66099204773546,78.97195580509138,,"<a href=""https://m.stock.naver.com/domestic/stock/038950/total"" target=""_blank"">Naver</a>"
072470,우리산업홀딩스,68.38347195495858,89.51424887355795,19.755262074771466,57.14129237188876,80.43955749884152,,"<a href=""https://m.stock.naver.com/domestic/stock/072470/total"" target=""_blank"">Naver</a>"
119610,인터로조,68.30680591206216,60.93912518046341,82.69228575403308,95.14076676572576,31.123653774065538,,"<a href=""https://m.stock.naver.com/domestic/stock/119610/total"" target=""_blank"">Naver</a>"
058470,리노공업,68.29055500674028,50.0,97.7296295138673,99.8058301820059,77.55129220145737,,"<a href=""https://m.stock.naver.com/domestic/stock/058470/total"" target=""_blank"">Naver</a>"
040420,정상제이엘에스,68.19726747501272,58.29007092177513,82.4123184522836,81.17283924605708,90.05722768542083,,"<a href=""https://m.stock.naver.com/domestic/stock/040420/total"" target=""_blank"">Naver</a>"
332570,PS일렉트로닉스,68.08859208504812,77.70596990380068,49.833461111799046,70.21296346215308,39.70697037205308,,"<a href=""https://m.stock.naver.com/domestic/stock/332570/total"" target=""_blank"">Naver</a>"
300080,플리토,67.84147252718473,98.320798713866,0.0,50.25894019686963,76.46198558356355,,"<a href=""https://m.stock.naver.com/domestic/stock/300080/total"" target=""_blank"">Naver</a>"
243070,휴온스,67.69067417976206,65.69159411154655,63.81593620912209,92.05355664997012,62.32755991113188,,"<a href=""https://m.stock.naver.com/domestic/stock/243070/total"" target=""_blank"">Naver</a>"
273640,와이엠텍,67.66541613292334,50.0,96.44288359570795,99.81994071815957,71.45402324360799,,"<a href=""https://m.stock.naver.com/domestic/stock/273640/total"" target=""_blank"">Naver</a>"
260930,씨티케이,67.60463361346662,94.42839180738967,0.0,71.32501155268537,76.30194747528556,,"<a href=""https://m.stock.naver.com/domestic/stock/260930/total"" target=""_blank"">Naver</a>"
096350,대창솔루션,67.59215455244686,95.84902679421613,15.497213537519471,29.55070762968128,65.0672865713836,,"<a href=""https://m.stock.naver.com/domestic/stock/096350/total"" target=""_blank"">Naver</a>"
328130,루닛,67.51099425054348,100.0,0.0,49.06671579261682,52.08645342563596,,"<a href=""https://m.stock.naver.com/domestic/stock/328130/total"" target=""_blank"">Naver</a>"
246250,에스엘에스바이오,67.5051991373948,50.0,96.89486333905717,96.81002970520277,72.00960664220472,,"<a href=""https://m.stock.naver.com/domestic/stock/246250/total"" target=""_blank"">Naver</a>"
080160,모두투어,67.46221239578902,100.0,5.409985535977392,22.600765652871306,76.99278893015088,,"<a href=""https://m.stock.naver.com/domestic/stock/080160/total"" target=""_blank"">Naver</a>"
064760,티씨케이,67.44409488444825,50.0,97.42625478941932,99.61817318668808,62.51427736849211,,"<a href=""https://m.stock.naver.com/domestic/stock/064760/total"" target=""_blank"">Naver</a>"
270520,앱트뉴로사이언스,67.42039440248224,66.66666666666667,66.66666666666667,73.24450726300006,68.58554019031133,,"<a href=""https://m.stock.naver.com/domestic/stock/270520/total"" target=""_blank"">Naver</a>"
282720,금양그린파워,67.40099715875873,61.54480636183012,63.547320494475684,98.07066745034481,95.60432946014495,,"<a href=""https://m.stock.naver.com/domestic/stock/282720/total"" target=""_blank"">Naver</a>"
302430,이노메트리,67.38156625255054,67.44128636718933,54.709053827374554,87.00627985685765,90.77805979415076,,"<a href=""https://m.stock.naver.com/domestic/stock/302430/total"" target=""_blank"">Naver</a>"
322180,LS티라유텍,67.36251117760202,88.20757466163612,14.781374785827635,63.69879830220228,87.45485707886405,,"<a href=""https://m.stock.naver.com/domestic/stock/322180/total"" target=""_blank"">Naver</a>"
403870,HPSP,67.29386724104226,50.0,100.0,99.16115599486803,47.55503283110912,,"<a href=""https://m.stock.naver.com/domestic/stock/403870/total"" target=""_blank"">Naver</a>"
098120,마이크로컨텍솔,67.24095576195263,56.204484854196714,78.22831375423213,99.46257150678986,80.29858520395182,,"<a href=""https://m.stock.naver.com/domestic/stock/098120/total"" target=""_blank"">Naver</a>"
033540,파라텍,67.23331565882611,84.1093617330397,23.836302643122846,64.65880566335625,86.85484783771912,,"<a href=""https://m.stock.naver.com/domestic/stock/033540/total"" target=""_blank"">Naver</a>"
032680,소프트센,67.22983129531829,49.99998431832953,92.92603812741555,96.6165171569368,86.73358913546011,,"<a href=""https://m.stock.naver.com/domestic/stock/032680/total"" target=""_blank"">Naver</a>"
056360,코위버,67.10378897145577,74.52372060304491,51.12186798185974,74.53734485797723,43.10710256732323,,"<a href=""https://m.stock.naver.com/domestic/stock/056360/total"" target=""_blank"">Naver</a>"
199730,바이오인프라,67.05215329054423,50.0,92.03891520558393,95.1255940943284,90.59730159430828,,"<a href=""https://m.stock.naver.com/domestic/stock/199730/total"" target=""_blank"">Naver</a>"
038500,삼표시멘트,66.99832213187157,69.15365273246992,59.42623774566055,71.34682042583856,70.29778026781247,,"<a href=""https://m.stock.naver.com/domestic/stock/038500/total"" target=""_blank"">Naver</a>"
366030,공구우먼,66.97152614178495,50.0,91.12899289070141,99.8355433706694,84.11447164085321,,"<a href=""https://m.stock.naver.com/domestic/stock/366030/total"" target=""_blank"">Naver</a>"
008470,부스타,66.89435092692362,78.87616257190767,31.820965633656584,74.37099350333962,83.52625250061843,,"<a href=""https://m.stock.naver.com/domestic/stock/008470/total"" target=""_blank"">Naver</a>"
019210,와이지-원,66.84955520116138,68.02792763012542,70.00383432141741,64.69928121549727,41.23823842364102,,"<a href=""https://m.stock.naver.com/domestic/stock/019210/total"" target=""_blank"">Naver</a>"
139050,BF랩스,66.84152457349711,66.66666666666667,64.07595399346741,74.53171938263971,67.3872827373259,,"<a href=""https://m.stock.naver.com/domestic/stock/139050/total"" target=""_blank"">Naver</a>"
100590,머큐리,66.81532380602167,72.2811474110883,51.25219708265874,72.99161499860946,66.68849177686135,,"<a href=""https://m.stock.naver.com/domestic/stock/100590/total"" target=""_blank"">Naver</a>"
265520,AP시스템,66.69930331857192,51.556764077230035,91.02753593538768,93.08136519653641,74.00448737466675,,"<a href=""https://m.stock.naver.com/domestic/stock/265520/total"" target=""_blank"">Naver</a>"
046940,우원개발,66.63348310814047,69.67684294765662,46.16287541797036,88.2368872095645,89.259395281949,,"<a href=""https://m.stock.naver.com/domestic/stock/046940/total"" target=""_blank"">Naver</a>"
179290,엠아이텍,66.6310817291415,50.0,97.63946660982532,99.68579236126345,45.05271681117645,,"<a href=""https://m.stock.naver.com/domestic/stock/179290/total"" target=""_blank"">Naver</a>"
297090,씨에스베어링,66.58386111813215,96.81353573188314,0.0,63.172552466004085,43.5696886480373,,"<a href=""https://m.stock.naver.com/domestic/stock/297090/total"" target=""_blank"">Naver</a>"
007720,소노스퀘어,66.57881250546768,87.4184555822166,9.425268167316739,73.54249008069735,88.34346212477607,,"<a href=""https://m.stock.naver.com/domestic/stock/007720/total"" target=""_blank"">Naver</a>"
033050,제이엠아이,66.50015155605001,65.72885853017057,58.03352438184692,88.30934947356073,74.4704079025972,,"<a href=""https://m.stock.naver.com/domestic/stock/033050/total"" target=""_blank"">Naver</a>"
153460,네이블,66.43038942134629,50.0,89.5049604707533,99.69360389918815,81.6957782747828,,"<a href=""https://m.stock.naver.com/domestic/stock/153460/total"" target=""_blank"">Naver</a>"
084110,휴온스글로벌,66.37906960259087,73.885577046936,39.79568857631335,85.73784853962009,70.50032752777855,,"<a href=""https://m.stock.naver.com/domestic/stock/084110/total"" target=""_blank"">Naver</a>"
101390,아이엠,66.2647439910404,85.57558373615673,13.32864658424758,68.92760357527925,93.88943491513093,,"<a href=""https://m.stock.naver.com/domestic/stock/101390/total"" target=""_blank"">Naver</a>"
252990,샘씨엔에스,66.25826356531722,50.0,92.25638119981188,96.58430055983298,70.71476418761894,,"<a href=""https://m.stock.naver.com/domestic/stock/252990/total"" target=""_blank"">Naver</a>"
005990,매일홀딩스,66.25711941900451,67.41055609087103,48.42455803780862,92.99344624661288,88.106032607369,,"<a href=""https://m.stock.naver.com/domestic/stock/005990/total"" target=""_blank"">Naver</a>"
377450,리파인,66.23265017707467,50.0,91.79009773006953,99.77056576807135,66.16138335500321,,"<a href=""https://m.stock.naver.com/domestic/stock/377450/total"" target=""_blank"">Naver</a>"
005290,동진쎄미켐,66.17577623758834,54.08352254333056,82.87328740137492,91.29485648949151,77.55710424594247,,"<a href=""https://m.stock.naver.com/domestic/stock/005290/total"" target=""_blank"">Naver</a>"
036000,예림당,66.1021024214161,86.9651914058154,18.323341273782134,74.67587250562146,37.491300178383725,,"<a href=""https://m.stock.naver.com/domestic/stock/036000/total"" target=""_blank"">Naver</a>"
376300,디어유,66.05452922925366,50.0,91.07328856539175,99.79968570021956,66.12477035767543,,"<a href=""https://m.stock.naver.com/domestic/stock/376300/total"" target=""_blank"">Naver</a>"
225220,제놀루션,66.04391989180516,50.0,93.61285386652985,99.47847979555456,53.857168912344946,,"<a href=""https://m.stock.naver.com/domestic/stock/225220/total"" target=""_blank"">Naver</a>"
021080,에이티넘인베스트,66.01793048411392,50.0,94.2502295590124,98.98493996468886,51.13758195783862,,"<a href=""https://m.stock.naver.com/domestic/stock/021080/total"" target=""_blank"">Naver</a>"
322510,제이엘케이,65.9312756974269,99.48012831983033,0.0,33.333333333333336,58.19730744390741,,"<a href=""https://m.stock.naver.com/domestic/stock/322510/total"" target=""_blank"">Naver</a>"
014620,성광벤드,65.90717741067044,59.41607750364699,72.74363572634638,99.7182492958674,41.99594094617837,,"<a href=""https://m.stock.naver.com/domestic/stock/014620/total"" target=""_blank"">Naver</a>"
368970,오에스피,65.90360472257309,66.66666666666667,51.868697023888664,89.95164325856018,78.8253228148981,,"<a href=""https://m.stock.naver.com/domestic/stock/368970/total"" target=""_blank"">Naver</a>"
234340,헥토파이낸셜,65.88014861063961,62.02659409269941,69.66356717219004,76.83267638800854,71.30065446343184,,"<a href=""https://m.stock.naver.com/domestic/stock/234340/total"" target=""_blank"">Naver</a>"
111710,남화산업,65.85400219907132,50.0,91.50005341674982,99.78988844883848,60.0,,"<a href=""https://m.stock.naver.com/domestic/stock/111710/total"" target=""_blank"">Naver</a>"
389140,포바이포,65.78697332167641,98.7768153575392,0.0,35.77215434627811,58.87337345050158,,"<a href=""https://m.stock.naver.com/domestic/stock/389140/total"" target=""_blank"">Naver</a>"
382800,지앤비에스 에코,65.68874706379577,50.0,93.03572284782808,96.07155115393718,56.45322472890069,,"<a href=""https://m.stock.naver.com/domestic/stock/382800/total"" target=""_blank"">Naver</a>"
263020,디케이앤디,65.68768136640536,58.74422675465119,70.28255147961103,87.36087464872068,82.68839957679643,,"<a href=""https://m.stock.naver.com/domestic/stock/263020/total"" target=""_blank"">Naver</a>"
099750,이지케어텍,65.68006357574771,77.58670378207977,24.44367565571639,82.25665921978577,95.82912941184367,,"<a href=""https://m.stock.naver.com/domestic/stock/099750/total"" target=""_blank"">Naver</a>"
032940,원익,65.62306840760253,59.358779306207104,79.84871687001834,69.73260641648933,61.44721929449495,,"<a href=""https://m.stock.naver.com/domestic/stock/032940/total"" target=""_blank"">Naver</a>"
065130,탑엔지니어링,65.55866976333915,82.14756942095306,21.67670316826882,65.32165476870506,86.37573683659224,,"<a href=""https://m.stock.naver.com/domestic/stock/065130/total"" target=""_blank"">Naver</a>"
314930,바이오다인,65.49134968923758,50.0,91.80476209516956,99.92892702483952,50.94532925922456,,"<a href=""https://m.stock.naver.com/domestic/stock/314930/total"" target=""_blank"">Naver</a>"
333620,엔시스,65.4325808038035,60.66762696251078,64.19834279012396,93.21845573716766,73.2114671009857,,"<a href=""https://m.stock.naver.com/domestic/stock/333620/total"" target=""_blank"">Naver</a>"
045340,토탈소프트,65.37247100526402,50.0,86.13371973471679,98.55439876283236,79.67202390603151,,"<a href=""https://m.stock.naver.com/domestic/stock/045340/total"" target=""_blank"">Naver</a>"
035080,그래디언트,65.31204830651814,56.98153286960394,71.74139672848291,85.82497640309418,92.10563524651249,,"<a href=""https://m.stock.naver.com/domestic/stock/035080/total"" target=""_blank"">Naver</a>"
049720,고려신용정보,65.31073059238548,54.60608634499193,76.5079298358897,84.9109734413361,98.57997964568595,,"<a href=""https://m.stock.naver.com/domestic/stock/049720/total"" target=""_blank"">Naver</a>"
347890,엠투아이,65.29394298875398,50.0,91.42638983862959,99.78571381108927,49.17548295975327,,"<a href=""https://m.stock.naver.com/domestic/stock/347890/total"" target=""_blank"">Naver</a>"
085660,차바이오텍,65.28279874707121,86.98753928974027,13.800380975955733,55.29809727385647,82.2074040370494,,"<a href=""https://m.stock.naver.com/domestic/stock/085660/total"" target=""_blank"">Naver</a>"
119850,지엔씨에너지,65.16837604344127,57.693143840715855,78.31219156849306,72.90064513991085,73.68754665794827,,"<a href=""https://m.stock.naver.com/domestic/stock/119850/total"" target=""_blank"">Naver</a>"
352910,오비고,65.13219895175217,91.76378182263632,0.920228056358539,74.72802525457791,47.4214063724591,,"<a href=""https://m.stock.naver.com/domestic/stock/352910/total"" target=""_blank"">Naver</a>"
187220,디티앤씨,65.12936221705654,68.28904730627694,55.64336996677135,68.07034506742826,68.76113669709409,,"<a href=""https://m.stock.naver.com/domestic/stock/187220/total"" target=""_blank"">Naver</a>"
067570,엔브이에이치코리아,65.10813831200815,71.75520771551625,49.36825446856835,52.37105903287133,89.5168832453836,,"<a href=""https://m.stock.naver.com/domestic/stock/067570/total"" target=""_blank"">Naver</a>"
109080,옵티시스,65.03830674552358,50.0,91.25589044840888,99.72278121828442,45.041120231858415,,"<a href=""https://m.stock.naver.com/domestic/stock/109080/total"" target=""_blank"">Naver</a>"
090150,아이윈,65.02766077737026,83.59388215948356,28.48245714453027,50.61052288113204,53.79329814868709,,"<a href=""https://m.stock.naver.com/domestic/stock/090150/total"" target=""_blank"">Naver</a>"
411080,샌즈랩,65.00986013863465,50.0,96.35175748439383,64.95095558824575,88.5365041742325,,"<a href=""https://m.stock.naver.com/domestic/stock/411080/total"" target=""_blank"">Naver</a>"
051500,CJ프레시웨이,64.99512967499389,67.28860648185908,59.29562005469986,51.01926009032971,93.92269526341,,"<a href=""https://m.stock.naver.com/domestic/stock/051500/total"" target=""_blank"">Naver</a>"
327260,RF머트리얼즈,64.9948981707532,64.07683042936829,60.68980056422154,79.23810550898519,69.05078442356651,,"<a href=""https://m.stock.naver.com/domestic/stock/327260/total"" target=""_blank"">Naver</a>"
332370,아이디피,64.97605135597941,48.25778504715969,95.05894013525555,99.6171241453752,45.89865758664365,,"<a href=""https://m.stock.naver.com/domestic/stock/332370/total"" target=""_blank"">Naver</a>"
377480,마음AI,64.97514000547629,94.89301683418205,0.0,53.47658497849743,53.83342814234631,,"<a href=""https://m.stock.naver.com/domestic/stock/377480/total"" target=""_blank"">Naver</a>"
083450,GST,64.95267162307648,49.37510966011738,87.05835997286398,99.37100874538908,72.51829918502308,,"<a href=""https://m.stock.naver.com/domestic/stock/083450/total"" target=""_blank"">Naver</a>"
136540,윈스테크넷,64.94540618961514,49.99157620849851,85.62139974134863,99.7306048100056,71.44100096356638,,"<a href=""https://m.stock.naver.com/domestic/stock/136540/total"" target=""_blank"">Naver</a>"
311320,지오엘리먼트,64.88554180415537,50.0,89.82757988708063,99.78338143235099,49.00617378300238,,"<a href=""https://m.stock.naver.com/domestic/stock/311320/total"" target=""_blank"">Naver</a>"
060250,NHN KCP,64.82927330009527,58.518478611123534,65.46825647887812,85.1868886024002,96.64866306923199,,"<a href=""https://m.stock.naver.com/domestic/stock/060250/total"" target=""_blank"">Naver</a>"
053980,오상자이엘,64.78710913059497,51.67426214205006,80.756418680169,95.66293618134918,80.54307114375527,,"<a href=""https://m.stock.naver.com/domestic/stock/053980/total"" target=""_blank"">Naver</a>"
170790,파이오링크,64.73417155553457,50.0,88.29781032642548,99.23596767944134,54.722444119681356,,"<a href=""https://m.stock.naver.com/domestic/stock/170790/total"" target=""_blank"">Naver</a>"
009780,엠에스씨,64.71898204267869,56.667521360008,73.84947854770499,93.10169561784849,58.918600559255815,,"<a href=""https://m.stock.naver.com/domestic/stock/009780/total"" target=""_blank"">Naver</a>"
360070,탑머티리얼,64.57401933181036,50.0,82.59135456962116,99.34952878541412,79.82455621727325,,"<a href=""https://m.stock.naver.com/domestic/stock/360070/total"" target=""_blank"">Naver</a>"
002800,신신제약,64.55660746171083,65.00616966094127,59.011194667885626,76.30580865245075,63.39052265859152,,"<a href=""https://m.stock.naver.com/domestic/stock/002800/total"" target=""_blank"">Naver</a>"
039840,디오,64.55203734689616,88.39124272242925,16.10452592877648,61.97678658830492,25.869631448279957,,"<a href=""https://m.stock.naver.com/domestic/stock/039840/total"" target=""_blank"">Naver</a>"
036670,삼양케이씨아이,64.49721600869171,50.0,87.90703395480541,99.3648844401051,51.679381519597115,,"<a href=""https://m.stock.naver.com/domestic/stock/036670/total"" target=""_blank"">Naver</a>"
232680,라온테크,64.46619930013901,50.0,85.61668236026065,97.18718783909733,66.86619852328226,,"<a href=""https://m.stock.naver.com/domestic/stock/232680/total"" target=""_blank"">Naver</a>"
038460,바이오스마트,64.40758038528647,71.13866541708218,40.39362659494431,73.57619956238572,85.36709060124997,,"<a href=""https://m.stock.naver.com/domestic/stock/038460/total"" target=""_blank"">Naver</a>"
251120,바이오에프디엔씨,64.40061843401747,50.0,87.74034307828414,99.71410297869984,49.88244733152924,,"<a href=""https://m.stock.naver.com/domestic/stock/251120/total"" target=""_blank"">Naver</a>"
219420,링크제니시스,64.34417653578357,51.42371106594579,77.83878404736998,99.79794925332527,81.0091791808216,,"<a href=""https://m.stock.naver.com/domestic/stock/219420/total"" target=""_blank"">Naver</a>"
041830,인바디,64.33386054911072,49.22226242015879,89.99045345089985,99.64223359423636,46.77332749733699,,"<a href=""https://m.stock.naver.com/domestic/stock/041830/total"" target=""_blank"">Naver</a>"
115440,우리넷,64.32197570143592,90.02406649040945,3.8519314661337263,71.2554642174989,44.380130378138546,,"<a href=""https://m.stock.naver.com/domestic/stock/115440/total"" target=""_blank"">Naver</a>"
065770,CS,64.27023220177858,86.09984353824011,4.743247889860152,71.46352925888614,85.56322360961741,,"<a href=""https://m.stock.naver.com/domestic/stock/065770/total"" target=""_blank"">Naver</a>"
241690,유니테크노,64.26837418950507,61.23491395971106,58.59434130931203,93.73431632740395,70.10817707220075,,"<a href=""https://m.stock.naver.com/domestic/stock/241690/total"" target=""_blank"">Naver</a>"
298540,더네이쳐홀딩스,64.25911604385496,52.87537115865598,84.90588030011077,87.82854153223704,50.49138240819953,,"<a href=""https://m.stock.naver.com/domestic/stock/298540/total"" target=""_blank"">Naver</a>"
147830,제룡산업,64.17366725159187,50.0,80.97493256611914,99.69102964169247,79.21662291785663,,"<a href=""https://m.stock.naver.com/domestic/stock/147830/total"" target=""_blank"">Naver</a>"
419080,엔젯,64.15203794846326,50.0,84.48963647392536,99.66207622025658,61.268424159125324,,"<a href=""https://m.stock.naver.com/domestic/stock/419080/total"" target=""_blank"">Naver</a>"
067280,멀티캠퍼스,64.12112343162153,51.27806516030811,76.051595842287,96.89183011767908,93.04404726194022,,"<a href=""https://m.stock.naver.com/domestic/stock/067280/total"" target=""_blank"">Naver</a>"
263770,유에스티,64.09884150653116,50.0,82.88920832301586,99.33553167428076,68.85972516698237,,"<a href=""https://m.stock.naver.com/domestic/stock/263770/total"" target=""_blank"">Naver</a>"
039310,세중,64.02350311527238,66.66666666666667,60.157603109261295,61.210655922222784,57.26073491469545,,"<a href=""https://m.stock.naver.com/domestic/stock/039310/total"" target=""_blank"">Naver</a>"
183490,엔지켐생명과학,64.00382853091803,91.42496401818026,0.0,65.15452857751205,52.66794524517343,,"<a href=""https://m.stock.naver.com/domestic/stock/183490/total"" target=""_blank"">Naver</a>"
054920,한컴위드,63.99045030119957,66.66666666666667,59.80775641169732,52.359221108943515,76.05178174761782,,"<a href=""https://m.stock.naver.com/domestic/stock/054920/total"" target=""_blank"">Naver</a>"
043150,바텍,63.97661160298899,48.052861169866084,91.31014639430862,98.5634376040079,49.2202908418279,,"<a href=""https://m.stock.naver.com/domestic/stock/043150/total"" target=""_blank"">Naver</a>"
344860,이노진,63.94591266350925,50.0,85.52625591988169,99.55330495408808,52.180363762600315,,"<a href=""https://m.stock.naver.com/domestic/stock/344860/total"" target=""_blank"">Naver</a>"
290520,신도기연,63.90693788484102,70.21819501695312,35.274953104940295,99.48568919491616,60.17427357884921,,"<a href=""https://m.stock.naver.com/domestic/stock/290520/total"" target=""_blank"">Naver</a>"
107600,새빗켐,63.90519865897319,50.0,84.19608325286401,98.95292906327467,59.21769878859439,,"<a href=""https://m.stock.naver.com/domestic/stock/107600/total"" target=""_blank"">Naver</a>"
063440,SM Life Design,63.90274070576758,59.523505804659976,57.906616518526505,99.68017982997978,74.87930220683974,,"<a href=""https://m.stock.naver.com/domestic/stock/063440/total"" target=""_blank"">Naver</a>"
104620,노랑풍선,63.839426790173334,98.09815222504437,0.0,16.838359142438986,65.93399081805629,,"<a href=""https://m.stock.naver.com/domestic/stock/104620/total"" target=""_blank"">Naver</a>"
053580,웹케시,63.7971663427917,50.0,82.3620459557616,91.84261657104602,80.44786393493376,,"<a href=""https://m.stock.naver.com/domestic/stock/053580/total"" target=""_blank"">Naver</a>"
417840,저스템,63.734393536454206,50.0,79.43744055195376,99.03170322229933,79.43726152471669,,"<a href=""https://m.stock.naver.com/domestic/stock/417840/total"" target=""_blank"">Naver</a>"
230360,에코마케팅,63.723281966409374,47.41496254042207,83.97884965206968,98.04178714774659,89.50826628728106,,"<a href=""https://m.stock.naver.com/domestic/stock/230360/total"" target=""_blank"">Naver</a>"
054670,대한뉴팜,63.708897414918845,50.0,83.68289163955232,94.52988122478318,66.70372765104884,,"<a href=""https://m.stock.naver.com/domestic/stock/054670/total"" target=""_blank"">Naver</a>"
036620,감성코퍼레이션,63.685286412243,50.0,86.00275991508978,95.45325526255138,52.78541814430835,,"<a href=""https://m.stock.naver.com/domestic/stock/036620/total"" target=""_blank"">Naver</a>"
033100,제룡전기,63.67762150740387,50.0,85.46186886022014,97.68480515517768,50.87347553662134,,"<a href=""https://m.stock.naver.com/domestic/stock/033100/total"" target=""_blank"">Naver</a>"
260970,에스앤디,63.665867369511155,50.0,78.97635290813967,99.51249570245488,79.41059144461494,,"<a href=""https://m.stock.naver.com/domestic/stock/260970/total"" target=""_blank"">Naver</a>"
065350,신성델타테크,63.64968641089225,65.83551407087911,58.44062763526716,54.13635094176209,82.49171930743569,,"<a href=""https://m.stock.naver.com/domestic/stock/065350/total"" target=""_blank"">Naver</a>"
023910,대한약품,63.6483017183358,50.0,80.00746925322687,99.42788081845788,74.07292646366585,,"<a href=""https://m.stock.naver.com/domestic/stock/023910/total"" target=""_blank"">Naver</a>"
066620,국보디자인,63.62175340482753,55.3668729894513,66.6927747300587,92.50317943914314,89.56235969455527,,"<a href=""https://m.stock.naver.com/domestic/stock/066620/total"" target=""_blank"">Naver</a>"
014970,삼륭물산,63.59232244126918,75.77915527685423,30.3147808042191,62.457689733448646,86.00730201514013,,"<a href=""https://m.stock.naver.com/domestic/stock/014970/total"" target=""_blank"">Naver</a>"
425420,티에프이,63.58599382841961,51.46018073408565,76.6518686861483,96.95287846585619,77.03260739691041,,"<a href=""https://m.stock.naver.com/domestic/stock/425420/total"" target=""_blank"">Naver</a>"
058970,엠로,63.560464872497285,52.25122425187403,74.27970871816353,95.65871147219273,81.47863989225408,,"<a href=""https://m.stock.naver.com/domestic/stock/058970/total"" target=""_blank"">Naver</a>"
290740,액트로,63.47711589857499,79.89558664926008,14.815733234813033,71.93028643440276,92.85603913750812,,"<a href=""https://m.stock.naver.com/domestic/stock/290740/total"" target=""_blank"">Naver</a>"
160550,NEW,63.47111327276404,73.22037336507752,28.904160810089138,82.8333603937125,80.59026023648003,,"<a href=""https://m.stock.naver.com/domestic/stock/160550/total"" target=""_blank"">Naver</a>"
134060,이퓨쳐,63.425189942177205,50.0,85.71029303774564,99.68238611437874,40.587561426058365,,"<a href=""https://m.stock.naver.com/domestic/stock/134060/total"" target=""_blank"">Naver</a>"
294570,쿠콘,63.3690201355812,45.84830819391425,99.97984247543233,76.75758565373889,63.78632070001363,,"<a href=""https://m.stock.naver.com/domestic/stock/294570/total"" target=""_blank"">Naver</a>"
156100,엘앤케이바이오,63.257219350012264,98.74021817521934,0.0,23.232950624584475,33.7958676484444,,"<a href=""https://m.stock.naver.com/domestic/stock/156100/total"" target=""_blank"">Naver</a>"
014570,고려제약,63.14181403713194,50.0,82.74581417960046,99.71067701004633,49.68585582454374,,"<a href=""https://m.stock.naver.com/domestic/stock/014570/total"" target=""_blank"">Naver</a>"
024910,경창산업,63.13921945238976,65.52630398543398,60.243330755792066,44.023904795015206,87.20427785359666,,"<a href=""https://m.stock.naver.com/domestic/stock/024910/total"" target=""_blank"">Naver</a>"
200670,휴메딕스,63.10432361763255,50.0,86.9681147536141,85.30819874525453,56.62950109407151,,"<a href=""https://m.stock.naver.com/domestic/stock/200670/total"" target=""_blank"">Naver</a>"
078590,휴림에이텍,63.10408557770576,50.0,84.02314102582393,74.97834328886547,92.00931984726462,,"<a href=""https://m.stock.naver.com/domestic/stock/078590/total"" target=""_blank"">Naver</a>"
054540,삼영엠텍,63.058479524859436,82.58299026477455,13.266752862662143,69.30625387361016,65.227435259363,,"<a href=""https://m.stock.naver.com/domestic/stock/054540/total"" target=""_blank"">Naver</a>"
005670,푸드웰,63.05783471297257,65.89959416423919,46.63240891730832,81.16352311995853,74.87247346212256,,"<a href=""https://m.stock.naver.com/domestic/stock/005670/total"" target=""_blank"">Naver</a>"
036690,코맥스,63.03063156931831,79.49062247955828,20.09717763975999,64.36039729039715,77.51847885207252,,"<a href=""https://m.stock.naver.com/domestic/stock/036690/total"" target=""_blank"">Naver</a>"
330730,스톤브릿지벤처스,63.000864005826124,50.0,86.11364881954601,99.64399158696105,30.161052844870255,,"<a href=""https://m.stock.naver.com/domestic/stock/330730/total"" target=""_blank"">Naver</a>"
275630,에스에스알,62.99211638717289,50.0,77.97833954333286,99.66867646865046,70.6132770894925,,"<a href=""https://m.stock.naver.com/domestic/stock/275630/total"" target=""_blank"">Naver</a>"
215200,메가스터디교육,62.98859575946069,50.68425537369424,84.17953131245581,70.88503142027744,88.89313130204886,,"<a href=""https://m.stock.naver.com/domestic/stock/215200/total"" target=""_blank"">Naver</a>"
187270,신화콘텍,62.96555113569566,59.35415519215363,69.21111917999063,73.41088869779732,54.18378711252205,,"<a href=""https://m.stock.naver.com/domestic/stock/187270/total"" target=""_blank"">Naver</a>"
382480,지아이텍,62.864718882795415,50.0,81.94705604995288,94.22611119191545,59.106875022313005,,"<a href=""https://m.stock.naver.com/domestic/stock/382480/total"" target=""_blank"">Naver</a>"
356680,엑스게이트,62.852184006157636,50.0,82.49654348210599,98.19945114529796,48.16206042202677,,"<a href=""https://m.stock.naver.com/domestic/stock/356680/total"" target=""_blank"">Naver</a>"
383930,디티앤씨알오,62.84093737519943,50.0,75.21148302652969,97.97826737383997,84.80479762366016,,"<a href=""https://m.stock.naver.com/domestic/stock/383930/total"" target=""_blank"">Naver</a>"
089890,코세스,62.80355504078892,50.0,75.44672002815679,99.04649317687286,80.7445143212487,,"<a href=""https://m.stock.naver.com/domestic/stock/089890/total"" target=""_blank"">Naver</a>"
362320,청담글로벌,62.75268674216161,57.58846217136,59.5178040783905,91.72808676453802,82.94699486588357,,"<a href=""https://m.stock.naver.com/domestic/stock/362320/total"" target=""_blank"">Naver</a>"
219750,한국비티비,62.65403486195354,100.0,0.0,3.4131822328989196,46.25433277327303,,"<a href=""https://m.stock.naver.com/domestic/stock/219750/total"" target=""_blank"">Naver</a>"
330860,네패스아크,62.614589235073616,50.0,79.24151856561065,90.82861144839032,74.42696897663853,,"<a href=""https://m.stock.naver.com/domestic/stock/330860/total"" target=""_blank"">Naver</a>"
035610,솔본,62.58314685932666,86.19727708075386,0.0,74.47098399409398,68.35364422929882,,"<a href=""https://m.stock.naver.com/domestic/stock/035610/total"" target=""_blank"">Naver</a>"
092040,아미코젠,62.57420715328104,88.3944893920192,10.50494716425161,45.535331405898276,47.154871728335976,,"<a href=""https://m.stock.naver.com/domestic/stock/092040/total"" target=""_blank"">Naver</a>"
196490,디에이테크놀로지,62.54336012207588,82.78808217660436,0.0,90.44194336148597,76.52632959929335,,"<a href=""https://m.stock.naver.com/domestic/stock/196490/total"" target=""_blank"">Naver</a>"
131970,두산테스나,62.53544131109834,50.0,90.22306712489207,67.74427017681865,64.10495024386921,,"<a href=""https://m.stock.naver.com/domestic/stock/131970/total"" target=""_blank"">Naver</a>"
096870,엘디티,62.4651190393818,50.0,79.65823193261004,99.71321195437133,51.58479721584313,,"<a href=""https://m.stock.naver.com/domestic/stock/096870/total"" target=""_blank"">Naver</a>"
068330,일신바이오,62.46440034425646,50.0,82.92053406227357,99.78484102041907,35.115654532923195,,"<a href=""https://m.stock.naver.com/domestic/stock/068330/total"" target=""_blank"">Naver</a>"
040160,누리플렉스,62.41923025598793,63.89214606834236,55.254688822398805,74.88595697969338,55.63349422826941,,"<a href=""https://m.stock.naver.com/domestic/stock/040160/total"" target=""_blank"">Naver</a>"
120240,대정화금,62.36541803954335,50.0,75.18798378707955,99.24259841501538,72.88324502543854,,"<a href=""https://m.stock.naver.com/domestic/stock/120240/total"" target=""_blank"">Naver</a>"
114840,아이패밀리에스씨,62.335292121867646,50.0,74.68356152338454,98.89802736346523,75.49198009349979,,"<a href=""https://m.stock.naver.com/domestic/stock/114840/total"" target=""_blank"">Naver</a>"
053060,세동,62.31157304499458,53.882997379322696,74.17152276659333,66.0900788537812,96.59772080749026,,"<a href=""https://m.stock.naver.com/domestic/stock/053060/total"" target=""_blank"">Naver</a>"
048910,대원미디어,62.31127953745426,59.0086099303878,53.117522768962225,91.9052477572163,88.72416222518792,,"<a href=""https://m.stock.naver.com/domestic/stock/048910/total"" target=""_blank"">Naver</a>"
239890,피엔에이치테크,62.27981863706279,50.0,89.93047552317823,74.36281797931166,47.21835916674119,,"<a href=""https://m.stock.naver.com/domestic/stock/239890/total"" target=""_blank"">Naver</a>"
108380,대양전기공업,62.25528335622552,77.1205754669778,21.515238393589225,74.40048929075876,63.28159097131319,,"<a href=""https://m.stock.naver.com/domestic/stock/108380/total"" target=""_blank"">Naver</a>"
049080,기가레인,62.248979922163564,86.19779007856182,0.31822966597546687,72.85653041880022,63.301908333051564,,"<a href=""https://m.stock.naver.com/domestic/stock/049080/total"" target=""_blank"">Naver</a>"
089850,유비벨록스,62.140663462973556,67.95502123000782,45.73184512928918,66.53567645588953,65.62243594115236,,"<a href=""https://m.stock.naver.com/domestic/stock/089850/total"" target=""_blank"">Naver</a>"
262840,아이퀘스트,62.12149016259661,55.74316131092967,60.33988835877845,93.28258921254518,85.24724730179355,,"<a href=""https://m.stock.naver.com/domestic/stock/262840/total"" target=""_blank"">Naver</a>"
297570,알로이스,62.10266480828474,50.0,88.14156266442644,79.09515913276073,43.155164578041244,,"<a href=""https://m.stock.naver.com/domestic/stock/297570/total"" target=""_blank"">Naver</a>"
012790,신일제약,62.10116231458962,50.0,79.70422047192534,99.60344783036841,44.295248271428875,,"<a href=""https://m.stock.naver.com/domestic/stock/012790/total"" target=""_blank"">Naver</a>"
091440,한울소재과학,62.097469015945265,92.54358033026126,0.0,41.96195074432808,47.50251486711399,,"<a href=""https://m.stock.naver.com/domestic/stock/091440/total"" target=""_blank"">Naver</a>"
336060,웨이버스,62.07749584785667,55.85082281638651,57.71884003316851,95.58139147542396,91.58306004380476,,"<a href=""https://m.stock.naver.com/domestic/stock/336060/total"" target=""_blank"">Naver</a>"
270660,에브리봇,62.07176150078913,50.0,75.62070429764508,99.01134356900563,65.30902138954593,,"<a href=""https://m.stock.naver.com/domestic/stock/270660/total"" target=""_blank"">Naver</a>"
215480,토박스코리아,62.067169845161374,52.975299845844695,70.52857537915484,99.21237204375619,54.572177769804384,,"<a href=""https://m.stock.naver.com/domestic/stock/215480/total"" target=""_blank"">Naver</a>"
206560,덱스터,61.972265505927155,79.7394857043795,12.276352050933179,73.99242940928315,73.20486259275688,,"<a href=""https://m.stock.naver.com/domestic/stock/206560/total"" target=""_blank"">Naver</a>"
007370,진양제약,61.9576900340966,50.0,82.7403966070569,89.34363524734009,46.76454715196748,,"<a href=""https://m.stock.naver.com/domestic/stock/007370/total"" target=""_blank"">Naver</a>"
023600,삼보판지,61.95330822870326,49.036889493027424,74.5903248570882,99.32661987188958,79.01862662851585,,"<a href=""https://m.stock.naver.com/domestic/stock/023600/total"" target=""_blank"">Naver</a>"
217270,넵튠,61.931109531285564,83.33333333333333,0.0,98.29027523957684,42.04164014655776,,"<a href=""https://m.stock.naver.com/domestic/stock/217270/total"" target=""_blank"">Naver</a>"
047310,파워로직스,61.68194024470621,78.1068942375267,16.02384212652819,62.394641448055715,91.44758051505133,,"<a href=""https://m.stock.naver.com/domestic/stock/047310/total"" target=""_blank"">Naver</a>"
057030,YBM넷,61.66557508636295,50.733707051943725,70.20611646133219,92.3936858832707,88.68906303073209,,"<a href=""https://m.stock.naver.com/domestic/stock/057030/total"" target=""_blank"">Naver</a>"
080530,코디,61.66446890916095,86.75239953070309,5.422134571261687,42.281783489990154,80.58634397849315,,"<a href=""https://m.stock.naver.com/domestic/stock/080530/total"" target=""_blank"">Naver</a>"
050120,ES큐브,61.66211663065748,46.21069675833701,86.26220362866711,95.77272686662351,55.85749963652285,,"<a href=""https://m.stock.naver.com/domestic/stock/050120/total"" target=""_blank"">Naver</a>"
208370,셀바스헬스케어,61.52329475171915,56.23105444303081,67.77230714067866,86.1781311274032,44.47544375981348,,"<a href=""https://m.stock.naver.com/domestic/stock/208370/total"" target=""_blank"">Naver</a>"
032580,피델릭스,61.485762956981254,50.0,75.77200404826488,96.67313800158905,57.508962895122494,,"<a href=""https://m.stock.naver.com/domestic/stock/032580/total"" target=""_blank"">Naver</a>"
200230,텔콘RF제약,61.35567287132554,62.97622137906294,57.24007272232395,64.33702789835246,56.524381469430764,,"<a href=""https://m.stock.naver.com/domestic/stock/200230/total"" target=""_blank"">Naver</a>"
041920,메디아나,61.35016694218579,48.58576617202953,78.70664199503267,99.49691886248685,51.44709707922425,,"<a href=""https://m.stock.naver.com/domestic/stock/041920/total"" target=""_blank"">Naver</a>"
419050,삼기에너지솔루션즈,61.29197169234165,50.0,76.52469921924504,90.0063243271997,63.20328909620832,,"<a href=""https://m.stock.naver.com/domestic/stock/419050/total"" target=""_blank"">Naver</a>"
086960,MDS테크,61.24407180371759,68.60805924851111,34.98217321564234,76.9861622983566,72.70153441729344,,"<a href=""https://m.stock.naver.com/domestic/stock/086960/total"" target=""_blank"">Naver</a>"
097870,효성오앤비,61.204546744075834,52.81761779212917,70.08364709096976,98.82254622778655,42.21619346554485,,"<a href=""https://m.stock.naver.com/domestic/stock/097870/total"" target=""_blank"">Naver</a>"
099520,DGI,61.07613018000625,51.981448347131696,68.52356535487564,99.63590153579669,55.8555935885731,,"<a href=""https://m.stock.naver.com/domestic/stock/099520/total"" target=""_blank"">Naver</a>"
318000,KBG,61.05053446874757,50.0,77.78809561880001,92.35864140354731,47.35292847385664,,"<a href=""https://m.stock.naver.com/domestic/stock/318000/total"" target=""_blank"">Naver</a>"
115610,이미지스,61.01585650693342,50.0,71.48371232713424,98.16454956319538,66.56946937660629,,"<a href=""https://m.stock.naver.com/domestic/stock/115610/total"" target=""_blank"">Naver</a>"
131400,이브이첨단소재,61.012049865072655,81.15725465562839,8.365995760108909,65.11668547440028,74.29059168456725,,"<a href=""https://m.stock.naver.com/domestic/stock/131400/total"" target=""_blank"">Naver</a>"
056080,유진로봇,60.92882255686634,50.0,69.3736248593958,99.02982953940534,73.64866776153708,,"<a href=""https://m.stock.naver.com/domestic/stock/056080/total"" target=""_blank"">Naver</a>"
068240,다원시스,60.91878941469285,93.23069636534996,0.0,29.231759206986276,41.14391349568502,,"<a href=""https://m.stock.naver.com/domestic/stock/068240/total"" target=""_blank"">Naver</a>"
047820,초록뱀미디어,60.90338546710936,77.16347541220648,17.354504228918973,66.98395542791624,71.36557239528206,,"<a href=""https://m.stock.naver.com/domestic/stock/047820/total"" target=""_blank"">Naver</a>"
033200,모아텍,60.89421140103218,72.05221905561517,25.95438339768107,74.78312997980015,73.91942240525589,,"<a href=""https://m.stock.naver.com/domestic/stock/033200/total"" target=""_blank"">Naver</a>"
254120,자비스,60.8059034941954,69.92024514841358,44.847773132506994,53.420757248537214,45.99474794333566,,"<a href=""https://m.stock.naver.com/domestic/stock/254120/total"" target=""_blank"">Naver</a>"
256150,한독크린텍,60.727518133364164,50.0,68.03972880350024,99.73524093492232,74.8812367799376,,"<a href=""https://m.stock.naver.com/domestic/stock/256150/total"" target=""_blank"">Naver</a>"
356890,싸이버원,60.704715042182656,50.0,66.17950632982308,99.66098632726457,83.87479654000859,,"<a href=""https://m.stock.naver.com/domestic/stock/356890/total"" target=""_blank"">Naver</a>"
250000,보라티알,60.68080579040108,50.502778649102474,73.3971672066757,89.76885737941072,61.05922122659191,,"<a href=""https://m.stock.naver.com/domestic/stock/250000/total"" target=""_blank"">Naver</a>"
054930,유신,60.66292027832848,50.0,68.37435458124834,90.71487370384763,89.95688525263267,,"<a href=""https://m.stock.naver.com/domestic/stock/054930/total"" target=""_blank"">Naver</a>"
052600,한네트,60.61575718640575,50.0,66.79889007455367,98.69571448031506,80.92926439471654,,"<a href=""https://m.stock.naver.com/domestic/stock/052600/total"" target=""_blank"">Naver</a>"
063080,컴투스홀딩스,60.46701133916968,88.44013210358901,0.0,43.99268705568315,60.073267428959156,,"<a href=""https://m.stock.naver.com/domestic/stock/063080/total"" target=""_blank"">Naver</a>"
067010,이씨에스,60.43861282823804,50.0,63.90461564907637,98.92776867853989,91.39364096229927,,"<a href=""https://m.stock.naver.com/domestic/stock/067010/total"" target=""_blank"">Naver</a>"
046210,HLB파나진,60.28061359268146,50.0,73.37282711751777,99.764574432193,39.21898740165433,,"<a href=""https://m.stock.naver.com/domestic/stock/046210/total"" target=""_blank"">Naver</a>"
101240,씨큐브,60.24397630835999,50.0,73.76122824106085,98.065584748526,39.94221546484347,,"<a href=""https://m.stock.naver.com/domestic/stock/101240/total"" target=""_blank"">Naver</a>"
024830,세원물산,60.24173190817706,50.0,66.54032157114187,98.9431708965977,74.24668851463639,,"<a href=""https://m.stock.naver.com/domestic/stock/024830/total"" target=""_blank"">Naver</a>"
114630,폴라리스우노,60.18442195168133,52.390046301275696,62.367119035809786,91.34361394244529,80.48506035437885,,"<a href=""https://m.stock.naver.com/domestic/stock/114630/total"" target=""_blank"">Naver</a>"
036560,KZ정밀,60.18321557758026,50.0,73.45619357298962,98.90130435596319,38.580734974730824,,"<a href=""https://m.stock.naver.com/domestic/stock/036560/total"" target=""_blank"">Naver</a>"
095910,에스에너지,60.182559043087394,81.93470301762524,11.112455525255742,53.242987965001404,58.38649109396357,,"<a href=""https://m.stock.naver.com/domestic/stock/095910/total"" target=""_blank"">Naver</a>"
050860,아세아텍,60.17702111342366,50.0,69.67012828034687,99.46379878141255,56.262183303913595,,"<a href=""https://m.stock.naver.com/domestic/stock/050860/total"" target=""_blank"">Naver</a>"
101400,엔시트론,60.00788115637744,65.30871104104854,39.116069880924705,74.48871688171519,71.89530746691234,,"<a href=""https://m.stock.naver.com/domestic/stock/101400/total"" target=""_blank"">Naver</a>"
066590,우수AMS,59.85542278813599,76.86817523893954,21.820551632607778,35.25130355356873,95.08498762526902,,"<a href=""https://m.stock.naver.com/domestic/stock/066590/total"" target=""_blank"">Naver</a>"
393210,토마토시스템,59.82929343858554,50.0,60.689758640152526,99.27423961102322,94.58859634890177,,"<a href=""https://m.stock.naver.com/domestic/stock/393210/total"" target=""_blank"">Naver</a>"
237750,피앤씨테크,59.79112801075141,50.0,68.77697658514087,99.6720575729876,52.59356214334875,,"<a href=""https://m.stock.naver.com/domestic/stock/237750/total"" target=""_blank"">Naver</a>"
059100,아이컴포넌트,59.77211546241897,50.0,68.34831872729085,92.687665778945,68.32538405403496,,"<a href=""https://m.stock.naver.com/domestic/stock/059100/total"" target=""_blank"">Naver</a>"
320000,한울반도체,59.62255286728113,50.0,66.87291227626918,99.33841636196173,59.40966324035309,,"<a href=""https://m.stock.naver.com/domestic/stock/320000/total"" target=""_blank"">Naver</a>"
367000,플래티어,59.589508828109814,50.0,64.04897812160105,97.43610128508304,76.67308338402478,,"<a href=""https://m.stock.naver.com/domestic/stock/367000/total"" target=""_blank"">Naver</a>"
127980,화인써키트,59.56477578566,50.0,63.88109816668731,95.28630532267326,81.31741423441682,,"<a href=""https://m.stock.naver.com/domestic/stock/127980/total"" target=""_blank"">Naver</a>"
081150,티플랙스,59.508521496285475,50.0,65.19358248089934,96.94720686938489,70.30810378244297,,"<a href=""https://m.stock.naver.com/domestic/stock/081150/total"" target=""_blank"">Naver</a>"
237820,플레이디,59.493325025359816,50.0,70.60463682632654,91.5952954549753,53.65272546561288,,"<a href=""https://m.stock.naver.com/domestic/stock/237820/total"" target=""_blank"">Naver</a>"
123330,제닉,59.49110628289402,75.35577101656418,19.344885906623283,53.889839006594734,81.04876591280443,,"<a href=""https://m.stock.naver.com/domestic/stock/123330/total"" target=""_blank"">Naver</a>"
041510,에스엠,59.450851529306256,47.08506086147548,69.73185911904106,95.11840724504535,85.10019016312332,,"<a href=""https://m.stock.naver.com/domestic/stock/041510/total"" target=""_blank"">Naver</a>"
079170,한창산업,59.44663016148497,50.0,64.25090947639104,99.46387311175064,68.75030962424296,,"<a href=""https://m.stock.naver.com/domestic/stock/079170/total"" target=""_blank"">Naver</a>"
267980,매일유업,59.444487659603396,56.2658108708653,47.97170266606205,93.65327062186515,86.53496816764378,,"<a href=""https://m.stock.naver.com/domestic/stock/267980/total"" target=""_blank"">Naver</a>"
079000,와토스코리아,59.428980741102734,50.0,67.0577521254918,98.06028186139685,57.17029047180211,,"<a href=""https://m.stock.naver.com/domestic/stock/079000/total"" target=""_blank"">Naver</a>"
052300,오션인더블유,59.28945035044455,74.97870173982338,17.092929072704397,66.80761943389345,66.96470189970161,,"<a href=""https://m.stock.naver.com/domestic/stock/052300/total"" target=""_blank"">Naver</a>"
076610,해성옵틱스,59.282456661837564,76.60408070527009,11.880440689008188,55.8859846819778,95.22599196451368,,"<a href=""https://m.stock.naver.com/domestic/stock/076610/total"" target=""_blank"">Naver</a>"
064480,브리지텍,59.26883680005852,50.0,59.87767463301946,98.73690961858807,88.514543598897,,"<a href=""https://m.stock.naver.com/domestic/stock/064480/total"" target=""_blank"">Naver</a>"
017510,세명전기,59.241762342241685,50.0,66.09635798563448,99.63145486726908,55.090547182123174,,"<a href=""https://m.stock.naver.com/domestic/stock/017510/total"" target=""_blank"">Naver</a>"
104480,티케이케미칼,59.22692519810362,50.0,79.74215233378413,53.775787101848714,78.27616808945433,,"<a href=""https://m.stock.naver.com/domestic/stock/104480/total"" target=""_blank"">Naver</a>"
074600,원익QnC,59.16714970255339,50.86343913799359,71.75385681163566,75.09726110196287,64.01791813304058,,"<a href=""https://m.stock.naver.com/domestic/stock/074600/total"" target=""_blank"">Naver</a>"
032540,TJ미디어,59.158614667638005,56.03158740880637,55.199261379230656,91.05141867710542,52.69410019671973,,"<a href=""https://m.stock.naver.com/domestic/stock/032540/total"" target=""_blank"">Naver</a>"
089980,상아프론테크,59.139648678130605,57.427809287761136,55.964361642021025,71.30487480611427,71.22770428714477,,"<a href=""https://m.stock.naver.com/domestic/stock/089980/total"" target=""_blank"">Naver</a>"
025950,동신건설,59.11946067093485,50.0,62.53483658566566,99.33830764630594,71.0384151977568,,"<a href=""https://m.stock.naver.com/domestic/stock/025950/total"" target=""_blank"">Naver</a>"
211270,AP위성,59.10734431687083,50.0,62.03589457119181,99.2985338425467,73.37034579636415,,"<a href=""https://m.stock.naver.com/domestic/stock/211270/total"" target=""_blank"">Naver</a>"
098460,고영,59.07646829667641,44.399490143462145,80.98930215534475,99.24624776617898,45.296477902900726,,"<a href=""https://m.stock.naver.com/domestic/stock/098460/total"" target=""_blank"">Naver</a>"
071850,캐스텍코리아,59.04086214280025,76.71434613778486,18.747555365830063,47.61207223502747,71.2831679033815,,"<a href=""https://m.stock.naver.com/domestic/stock/071850/total"" target=""_blank"">Naver</a>"
088910,동우팜투테이블,58.95294665419231,51.609518021581415,57.622032125196846,89.74518250201818,92.14419119484859,,"<a href=""https://m.stock.naver.com/domestic/stock/088910/total"" target=""_blank"">Naver</a>"
017480,삼현철강,58.9528250847866,50.0,59.554437113199846,99.53935255325851,82.20561102321585,,"<a href=""https://m.stock.naver.com/domestic/stock/017480/total"" target=""_blank"">Naver</a>"
333050,모코엠시스,58.94989793363584,50.0,60.008299601527376,98.92464679059917,81.10716708388152,,"<a href=""https://m.stock.naver.com/domestic/stock/333050/total"" target=""_blank"">Naver</a>"
104540,코렌텍,58.90561063516994,60.50589558700909,56.162688833415274,71.64629628837798,27.935428915457404,,"<a href=""https://m.stock.naver.com/domestic/stock/104540/total"" target=""_blank"">Naver</a>"
064520,테크엘,58.898883040020685,82.45892598729905,0.0,69.60402053201406,49.262507888797046,,"<a href=""https://m.stock.naver.com/domestic/stock/064520/total"" target=""_blank"">Naver</a>"
047770,코데즈컴바인,58.8823414428234,44.96090695911497,76.71459719898938,99.1570998737312,56.2287596046791,,"<a href=""https://m.stock.naver.com/domestic/stock/047770/total"" target=""_blank"">Naver</a>"
441270,파인엠텍,58.841886796534254,66.66666666666667,35.51617417459979,60.791643827044766,77.67357740359651,,"<a href=""https://m.stock.naver.com/domestic/stock/441270/total"" target=""_blank"">Naver</a>"
037070,파세코,58.82750704634383,50.0,61.84713266460499,97.95528511152737,71.4039073807969,,"<a href=""https://m.stock.naver.com/domestic/stock/037070/total"" target=""_blank"">Naver</a>"
023900,풍국주정,58.82070737340531,54.34230253240083,49.528467249793046,98.74590212995582,79.1723765704193,,"<a href=""https://m.stock.naver.com/domestic/stock/023900/total"" target=""_blank"">Naver</a>"
053260,금강철강,58.766185645270994,54.738339911809305,49.603109172576616,90.45787089226653,89.5323463162922,,"<a href=""https://m.stock.naver.com/domestic/stock/053260/total"" target=""_blank"">Naver</a>"
044060,조광ILI,58.75853824168973,67.47241020604694,33.118859166207955,81.67190600389803,36.563734522395436,,"<a href=""https://m.stock.naver.com/domestic/stock/044060/total"" target=""_blank"">Naver</a>"
125210,아모그린텍,58.667731235354815,50.0,72.3945658663959,67.85773980762761,75.66631575986153,,"<a href=""https://m.stock.naver.com/domestic/stock/125210/total"" target=""_blank"">Naver</a>"
131030,옵투스제약,58.667143730105295,50.0,62.9592886968008,99.76353654883155,59.01935802043886,,"<a href=""https://m.stock.naver.com/domestic/stock/131030/total"" target=""_blank"">Naver</a>"
230240,에치에프알,58.65367956659853,34.62873895209544,95.60540569915435,96.98960192081937,85.52249156941483,,"<a href=""https://m.stock.naver.com/domestic/stock/230240/total"" target=""_blank"">Naver</a>"
215000,골프존,58.64375703226001,36.2652353788388,92.15399062726279,95.29165396183375,86.33905503915321,,"<a href=""https://m.stock.naver.com/domestic/stock/215000/total"" target=""_blank"">Naver</a>"
299170,더블유에스아이,58.48583522191323,44.88065531274564,78.59900236479594,94.66149878397043,48.83083129339629,,"<a href=""https://m.stock.naver.com/domestic/stock/299170/total"" target=""_blank"">Naver</a>"
065150,대산F&B,58.473170218595214,71.17736460379075,18.039083778189724,66.84763269293944,91.4443448495878,,"<a href=""https://m.stock.naver.com/domestic/stock/065150/total"" target=""_blank"">Naver</a>"
046070,코다코,58.448058178938766,76.26012101702061,23.220933712613327,28.684402328622774,80.36623815421598,,"<a href=""https://m.stock.naver.com/domestic/stock/046070/total"" target=""_blank"">Naver</a>"
041440,현대에버다임,58.434541596832766,54.45698634831393,54.09098462693794,93.58706858101222,57.577935460173975,,"<a href=""https://m.stock.naver.com/domestic/stock/041440/total"" target=""_blank"">Naver</a>"
228340,동양파일,58.413502560774205,50.0,59.14282449584149,99.86782794638765,72.82027284350136,,"<a href=""https://m.stock.naver.com/domestic/stock/228340/total"" target=""_blank"">Naver</a>"
273060,와이즈버즈,58.37486118841051,50.0,74.61770993473795,86.96934278844176,20.469988517637013,,"<a href=""https://m.stock.naver.com/domestic/stock/273060/total"" target=""_blank"">Naver</a>"
004590,한국가구,58.35112763139563,46.293342442188255,72.68297006023737,99.03331442298767,50.02096417449138,,"<a href=""https://m.stock.naver.com/domestic/stock/004590/total"" target=""_blank"">Naver</a>"
093190,빅솔론,58.336861271633104,48.64935017744767,71.87029346261859,89.6956950126447,44.202165964907564,,"<a href=""https://m.stock.naver.com/domestic/stock/093190/total"" target=""_blank"">Naver</a>"
365340,성일하이텍,58.18147243246446,43.95147847475047,75.25414944182624,92.80011038989164,74.34073896336896,,"<a href=""https://m.stock.naver.com/domestic/stock/365340/total"" target=""_blank"">Naver</a>"
331380,포커스에이아이,58.16645298969974,50.0,61.31465634837903,91.14263840932098,74.47050123345771,,"<a href=""https://m.stock.naver.com/domestic/stock/331380/total"" target=""_blank"">Naver</a>"
022220,티케이지애강,58.13869055500176,50.0,57.82461497659525,99.57930387646593,74.49212846412703,,"<a href=""https://m.stock.naver.com/domestic/stock/022220/total"" target=""_blank"">Naver</a>"
214430,아이쓰리시스템,58.12684395463258,50.0,63.24686226546846,98.05558042495127,50.191406915406674,,"<a href=""https://m.stock.naver.com/domestic/stock/214430/total"" target=""_blank"">Naver</a>"
317120,라닉스,58.110807127363955,86.77533106138269,0.0,38.67007718262288,43.5720154454411,,"<a href=""https://m.stock.naver.com/domestic/stock/317120/total"" target=""_blank"">Naver</a>"
226400,오스테오닉,58.10455366580991,61.03614928313821,50.6476791381509,73.81659233941619,28.78570154895292,,"<a href=""https://m.stock.naver.com/domestic/stock/226400/total"" target=""_blank"">Naver</a>"
037440,희림,58.10041109376101,54.2038383777552,59.102811404525404,72.04034230085509,71.96741971782055,,"<a href=""https://m.stock.naver.com/domestic/stock/037440/total"" target=""_blank"">Naver</a>"
073010,케이에스피,58.06004284716895,50.0,63.83015259732423,88.04421608758517,65.9616617815875,,"<a href=""https://m.stock.naver.com/domestic/stock/073010/total"" target=""_blank"">Naver</a>"
064850,에프앤가이드,58.056915716920734,41.46855518756339,88.99187420526543,78.12997210070237,62.296336859922086,,"<a href=""https://m.stock.naver.com/domestic/stock/064850/total"" target=""_blank"">Naver</a>"
370090,퓨런티어,58.03798182456805,50.0,63.7242891510137,99.07984853311517,43.978493670062235,,"<a href=""https://m.stock.naver.com/domestic/stock/370090/total"" target=""_blank"">Naver</a>"
340440,세림B&G,58.0283835957369,50.0,57.533201971440114,95.07752685341657,82.74660835070415,,"<a href=""https://m.stock.naver.com/domestic/stock/340440/total"" target=""_blank"">Naver</a>"
318160,셀바이오휴먼텍,58.01543139606913,50.0,71.97532103928972,79.13237751326055,42.167267698412886,,"<a href=""https://m.stock.naver.com/domestic/stock/318160/total"" target=""_blank"">Naver</a>"
044960,이글벳,57.98350183506281,50.0,61.40239537639593,99.30669531343872,54.04466919239915,,"<a href=""https://m.stock.naver.com/domestic/stock/044960/total"" target=""_blank"">Naver</a>"
259630,엠플러스,57.97090197277126,85.2322239498754,4.459015619908022,41.75052209753285,30.835229762314462,,"<a href=""https://m.stock.naver.com/domestic/stock/259630/total"" target=""_blank"">Naver</a>"
322780,코퍼스코리아,57.96796643170451,63.763577113385004,50.096871599593754,48.4858998573315,46.740245560838495,,"<a href=""https://m.stock.naver.com/domestic/stock/322780/total"" target=""_blank"">Naver</a>"
212560,네오오토,57.95981497899537,50.0,58.54776439074319,89.555971180314,87.34553526556343,,"<a href=""https://m.stock.naver.com/domestic/stock/212560/total"" target=""_blank"">Naver</a>"
361390,제노코,57.858884624111354,50.0,60.49401712442411,90.64945058501397,73.4087056900785,,"<a href=""https://m.stock.naver.com/domestic/stock/361390/total"" target=""_blank"">Naver</a>"
045660,에이텍,57.78078866161175,50.0,53.82851036193072,99.72226851883653,87.02868438490833,,"<a href=""https://m.stock.naver.com/domestic/stock/045660/total"" target=""_blank"">Naver</a>"
103230,에스앤더블류,57.692896829066356,50.0,59.93960714134173,98.68218547716563,56.795529920287215,,"<a href=""https://m.stock.naver.com/domestic/stock/103230/total"" target=""_blank"">Naver</a>"
168330,내츄럴엔도텍,57.66744221422565,78.654030211357,0.0,74.08281334027483,61.334855067679335,,"<a href=""https://m.stock.naver.com/domestic/stock/168330/total"" target=""_blank"">Naver</a>"
260660,알리코제약,57.648364063894725,50.0,60.54218021511567,88.86224328235427,72.53189363760754,,"<a href=""https://m.stock.naver.com/domestic/stock/260660/total"" target=""_blank"">Naver</a>"
004780,대륙제관,57.63571979999005,50.0,55.043132507531084,98.88560880674763,79.72751584865041,,"<a href=""https://m.stock.naver.com/domestic/stock/004780/total"" target=""_blank"">Naver</a>"
039240,경남스틸,57.6186284972753,50.0,54.78916006189903,95.2914371750091,87.8438952859928,,"<a href=""https://m.stock.naver.com/domestic/stock/039240/total"" target=""_blank"">Naver</a>"
068760,셀트리온제약,57.59316735377842,50.0,65.00898868529019,89.77832227204584,47.26175910502556,,"<a href=""https://m.stock.naver.com/domestic/stock/068760/total"" target=""_blank"">Naver</a>"
234690,녹십자웰빙,57.584515687623615,50.0,64.47861044641543,88.96451762056967,51.36822627925581,,"<a href=""https://m.stock.naver.com/domestic/stock/234690/total"" target=""_blank"">Naver</a>"
338220,뷰노,57.55142553438832,84.48505094408273,0.0,39.8195849570206,57.56872944473264,,"<a href=""https://m.stock.naver.com/domestic/stock/338220/total"" target=""_blank"">Naver</a>"
035600,KG이니시스,57.548581310296996,55.015006174266055,51.816805943069234,73.41177777144031,84.88396685652054,,"<a href=""https://m.stock.naver.com/domestic/stock/035600/total"" target=""_blank"">Naver</a>"
042500,링네트,57.54470506405109,48.88626861628244,60.41289867274431,95.63996645179733,70.91445161831616,,"<a href=""https://m.stock.naver.com/domestic/stock/042500/total"" target=""_blank"">Naver</a>"
150840,인트로메딕,57.536469844926245,83.51438194854578,0.0,56.73476203903784,35.08728943790001,,"<a href=""https://m.stock.naver.com/domestic/stock/150840/total"" target=""_blank"">Naver</a>"
219130,타이거일렉,57.51576367470113,50.0,59.050545918895466,93.94851450605935,67.16551488742648,,"<a href=""https://m.stock.naver.com/domestic/stock/219130/total"" target=""_blank"">Naver</a>"
094820,일진파워,57.49026267006782,43.955287292454706,68.3684806373788,98.19791684796186,84.10356900908222,,"<a href=""https://m.stock.naver.com/domestic/stock/094820/total"" target=""_blank"">Naver</a>"
038530,케이바이오,57.34697366701138,72.0328489666155,12.779275456631742,71.74323267339078,75.16244311090131,,"<a href=""https://m.stock.naver.com/domestic/stock/038530/total"" target=""_blank"">Naver</a>"
106190,하이텍팜,57.31193895985139,50.0,57.318379238332966,95.2404833567645,69.1659162918338,,"<a href=""https://m.stock.naver.com/domestic/stock/106190/total"" target=""_blank"">Naver</a>"
200350,아티스트스튜디오,57.28761194193587,73.9980936561944,7.433287439558552,70.55488664417179,79.49890447824838,,"<a href=""https://m.stock.naver.com/domestic/stock/200350/total"" target=""_blank"">Naver</a>"
122990,와이솔,57.26527740340907,68.39830879613442,19.810867947062743,74.52830985751784,76.414883064219,,"<a href=""https://m.stock.naver.com/domestic/stock/122990/total"" target=""_blank"">Naver</a>"
071200,인피니트헬스케어,57.26336797046163,50.547724330190256,62.65634251773068,75.18029343929189,75.0523679797124,,"<a href=""https://m.stock.naver.com/domestic/stock/071200/total"" target=""_blank"">Naver</a>"
002290,삼일기업공사,57.21814398473477,50.0,51.94083862440493,99.4195417570462,85.81960305857828,,"<a href=""https://m.stock.naver.com/domestic/stock/002290/total"" target=""_blank"">Naver</a>"
094840,슈프리마에이치큐,57.207659914712316,41.95620274522816,83.25258846765404,90.67326871324194,43.06928558675432,,"<a href=""https://m.stock.naver.com/domestic/stock/094840/total"" target=""_blank"">Naver</a>"
199820,제일일렉트릭,57.178615087633204,50.0,58.273718117821225,97.83516931339902,56.53337253675981,,"<a href=""https://m.stock.naver.com/domestic/stock/199820/total"" target=""_blank"">Naver</a>"
128660,피제이메탈,57.17522216729033,50.0,55.833307923950144,89.87608667582303,84.58573037440968,,"<a href=""https://m.stock.naver.com/domestic/stock/128660/total"" target=""_blank"">Naver</a>"
245620,EDGC,57.15863497996335,83.36196140195253,3.032718723098902,27.506040114942294,72.6534889304577,,"<a href=""https://m.stock.naver.com/domestic/stock/245620/total"" target=""_blank"">Naver</a>"
006140,피제이전자,57.13288327431497,50.0,54.77331936715177,93.78569318347853,81.21968228358347,,"<a href=""https://m.stock.naver.com/domestic/stock/006140/total"" target=""_blank"">Naver</a>"
220260,켐트로스,57.12139696108485,50.0,62.05244238221508,85.30342906433705,61.558869181947486,,"<a href=""https://m.stock.naver.com/domestic/stock/220260/total"" target=""_blank"">Naver</a>"
065060,지엔코,57.1174880025998,74.06394774575723,17.046570923232114,57.79534038201601,52.758851722716514,,"<a href=""https://m.stock.naver.com/domestic/stock/065060/total"" target=""_blank"">Naver</a>"
053290,NE능률,57.110954463254934,50.0,60.359312902251496,99.21044506486726,42.00163462410653,,"<a href=""https://m.stock.naver.com/domestic/stock/053290/total"" target=""_blank"">Naver</a>"
309930,오하임앤컴퍼니,57.006715134674494,50.0,55.67289231259551,94.30006213763167,73.16971685524886,,"<a href=""https://m.stock.naver.com/domestic/stock/309930/total"" target=""_blank"">Naver</a>"
009730,이렘,56.97739915595561,50.0,58.385372459513256,84.63801300403844,78.34509481346895,,"<a href=""https://m.stock.naver.com/domestic/stock/009730/total"" target=""_blank"">Naver</a>"
145020,휴젤,56.954753189205114,40.76593728116802,86.13670152244943,88.98220908511877,41.25589062760147,,"<a href=""https://m.stock.naver.com/domestic/stock/145020/total"" target=""_blank"">Naver</a>"
126640,화신정공,56.94319178377703,50.0,52.48280911903623,91.44115633601444,93.5674774083306,,"<a href=""https://m.stock.naver.com/domestic/stock/126640/total"" target=""_blank"">Naver</a>"
210120,캔버스엔,56.89720601704706,50.0,60.54719898981347,72.7380200953917,89.73208520109051,,"<a href=""https://m.stock.naver.com/domestic/stock/210120/total"" target=""_blank"">Naver</a>"
396300,세아메카닉스,56.82901301028052,50.0,51.50080009321805,95.65761404624386,87.76103164703237,,"<a href=""https://m.stock.naver.com/domestic/stock/396300/total"" target=""_blank"">Naver</a>"
078340,컴투스,56.76882301298272,58.278802612953484,42.95465857801969,72.06224814243149,77.1330397292512,,"<a href=""https://m.stock.naver.com/domestic/stock/078340/total"" target=""_blank"">Naver</a>"
094940,푸른기술,56.74354078501214,55.90801935101407,49.67507574764242,74.53904984033665,66.52110506918865,,"<a href=""https://m.stock.naver.com/domestic/stock/094940/total"" target=""_blank"">Naver</a>"
025440,DH오토웨어,56.73932787152049,63.262135883726216,22.494743639046153,85.39946684639062,92.36827493768322,,"<a href=""https://m.stock.naver.com/domestic/stock/025440/total"" target=""_blank"">Naver</a>"
109740,디에스케이,56.68105582654848,79.55311764039017,0.0,73.19012139226066,32.603462061766244,,"<a href=""https://m.stock.naver.com/domestic/stock/109740/total"" target=""_blank"">Naver</a>"
357780,솔브레인,56.640311266296905,34.054606133807965,87.9313059333582,99.60776658028072,85.27888889289001,,"<a href=""https://m.stock.naver.com/domestic/stock/357780/total"" target=""_blank"">Naver</a>"
290120,DH오토리드,56.59210713282468,42.69974263214775,78.75787335419852,70.44787049402913,84.76012331166973,,"<a href=""https://m.stock.naver.com/domestic/stock/290120/total"" target=""_blank"">Naver</a>"
277070,린드먼아시아,56.5541484693337,40.08580340420908,86.27951348436642,99.3278805571664,20.0,,"<a href=""https://m.stock.naver.com/domestic/stock/277070/total"" target=""_blank"">Naver</a>"
083650,비에이치아이,56.54911737619938,72.59159741327412,22.688337337957606,29.72339638822592,86.99469909845861,,"<a href=""https://m.stock.naver.com/domestic/stock/083650/total"" target=""_blank"">Naver</a>"
006050,국영지앤엠,56.53769533048745,50.0,50.612326897053755,97.26206507228616,83.16814197990801,,"<a href=""https://m.stock.naver.com/domestic/stock/006050/total"" target=""_blank"">Naver</a>"
314140,알피바이오,56.51839008729951,50.0,57.99352539053796,85.981589906263,68.4369949807743,,"<a href=""https://m.stock.naver.com/domestic/stock/314140/total"" target=""_blank"">Naver</a>"
086900,메디톡스,56.51023998657232,41.214567017586425,83.03900674763955,92.5425796271033,35.34980252800513,,"<a href=""https://m.stock.naver.com/domestic/stock/086900/total"" target=""_blank"">Naver</a>"
066130,하츠,56.502996842001814,50.0,53.49487037145655,92.25804877481531,78.0694874331229,,"<a href=""https://m.stock.naver.com/domestic/stock/066130/total"" target=""_blank"">Naver</a>"
112290,와이씨켐,56.485058872858644,50.0,58.519191821392475,80.2887423335788,76.5277336830529,,"<a href=""https://m.stock.naver.com/domestic/stock/112290/total"" target=""_blank"">Naver</a>"
054800,아이디스홀딩스,56.394669154604465,44.255197380233234,73.08971397912207,89.80417704820678,51.77409053726669,,"<a href=""https://m.stock.naver.com/domestic/stock/054800/total"" target=""_blank"">Naver</a>"
018310,삼목에스폼,56.39342514823627,38.14662530218617,82.88562149400856,93.62736128967111,68.42616928910635,,"<a href=""https://m.stock.naver.com/domestic/stock/018310/total"" target=""_blank"">Naver</a>"
079970,투비소프트,56.38442145827071,78.76705776951577,5.005396414533453,60.36095394816622,36.73484596222521,,"<a href=""https://m.stock.naver.com/domestic/stock/079970/total"" target=""_blank"">Naver</a>"
053300,한국정보인증,56.25139555738922,45.949509434772814,67.64290855911707,94.65122137637078,46.11681238218366,,"<a href=""https://m.stock.naver.com/domestic/stock/053300/total"" target=""_blank"">Naver</a>"
204270,제이앤티씨,56.18553623952203,78.6168858661266,0.0,56.96128574581882,66.38552290528379,,"<a href=""https://m.stock.naver.com/domestic/stock/204270/total"" target=""_blank"">Naver</a>"
040300,YTN,56.14588238266255,50.0,49.87635820447357,98.97340550839648,75.58904561409015,,"<a href=""https://m.stock.naver.com/domestic/stock/040300/total"" target=""_blank"">Naver</a>"
036030,케이티알파,56.11762986028122,50.0,51.53817259298381,88.29822954471382,88.06527515127772,,"<a href=""https://m.stock.naver.com/domestic/stock/036030/total"" target=""_blank"">Naver</a>"
215090,솔디펜스,56.09112632557047,50.0,66.66666666666667,73.99827747720413,40.49263822366769,,"<a href=""https://m.stock.naver.com/domestic/stock/215090/total"" target=""_blank"">Naver</a>"
009520,포스코엠텍,56.066531153340975,50.0,47.713213542830026,98.82108603057792,85.1223832915135,,"<a href=""https://m.stock.naver.com/domestic/stock/009520/total"" target=""_blank"">Naver</a>"
220100,퓨쳐켐,56.00019160026503,71.31140690687748,0.0,97.61350271398395,69.03994369480321,,"<a href=""https://m.stock.naver.com/domestic/stock/220100/total"" target=""_blank"">Naver</a>"
126880,제이엔케이글로벌,55.9710256523459,50.0,54.418177736721425,86.12601655186653,75.07759125957784,,"<a href=""https://m.stock.naver.com/domestic/stock/126880/total"" target=""_blank"">Naver</a>"
119500,포메탈,55.959526468491376,50.0,49.3722662395306,94.55080840374961,83.2275813646753,,"<a href=""https://m.stock.naver.com/domestic/stock/119500/total"" target=""_blank"">Naver</a>"
099410,동방선기,55.95276040241766,50.0,55.862352397866324,88.59979581940932,62.54385442020296,,"<a href=""https://m.stock.naver.com/domestic/stock/099410/total"" target=""_blank"">Naver</a>"
024060,흥구석유,55.95115549686838,50.0,46.35762779168822,97.21106429423162,92.81284239046335,,"<a href=""https://m.stock.naver.com/domestic/stock/024060/total"" target=""_blank"">Naver</a>"
036630,세종텔레콤,55.90826256552745,67.15633432404753,16.311505012973203,74.19422661182048,82.3432611334716,,"<a href=""https://m.stock.naver.com/domestic/stock/036630/total"" target=""_blank"">Naver</a>"
053050,지에스이,55.90537991933307,50.0,53.329006088736854,83.04754706698516,85.36747380900677,,"<a href=""https://m.stock.naver.com/domestic/stock/053050/total"" target=""_blank"">Naver</a>"
382900,범한퓨얼셀,55.84955235333016,50.0,49.90688719595524,98.3140546353172,70.82850181619256,,"<a href=""https://m.stock.naver.com/domestic/stock/382900/total"" target=""_blank"">Naver</a>"
100660,서암기계공업,55.835608302974464,50.0,51.62842846961894,99.40156957112355,59.7668845691475,,"<a href=""https://m.stock.naver.com/domestic/stock/100660/total"" target=""_blank"">Naver</a>"
091580,상신이디피,55.78408196788188,39.5587334752712,76.22641135528794,87.616574579419,84.61163171910555,,"<a href=""https://m.stock.naver.com/domestic/stock/091580/total"" target=""_blank"">Naver</a>"
105330,케이엔더블유,55.779911240508845,38.82643639616194,81.03844115965559,83.33268723024794,77.82340779745985,,"<a href=""https://m.stock.naver.com/domestic/stock/105330/total"" target=""_blank"">Naver</a>"
306040,에스제이그룹,55.75818309145617,36.525909400247734,85.40714200140694,98.0264434821591,53.76415205479769,,"<a href=""https://m.stock.naver.com/domestic/stock/306040/total"" target=""_blank"">Naver</a>"
052260,현대바이오랜드,55.74316169063428,50.021996349550015,58.80803200833096,86.4329083835207,47.69330080938916,,"<a href=""https://m.stock.naver.com/domestic/stock/052260/total"" target=""_blank"">Naver</a>"
252500,세화피앤씨,55.73544977245726,50.0,49.79242249098508,99.11696270867455,67.51295757687073,,"<a href=""https://m.stock.naver.com/domestic/stock/252500/total"" target=""_blank"">Naver</a>"
347000,센코,55.688881253693005,54.460603287289054,53.00250984046659,71.23530594422436,52.76722453560992,,"<a href=""https://m.stock.naver.com/domestic/stock/347000/total"" target=""_blank"">Naver</a>"
013720,THE CUBE&,55.666189480522206,69.23236607906662,16.28242061202282,62.87903664667408,75.36522030818254,,"<a href=""https://m.stock.naver.com/domestic/stock/013720/total"" target=""_blank"">Naver</a>"
082660,코스나인,55.66057029007645,79.18177505401378,0.0,47.57526429188512,67.87957656959357,,"<a href=""https://m.stock.naver.com/domestic/stock/082660/total"" target=""_blank"">Naver</a>"
084730,팅크웨어,55.62325311576969,58.04628909711823,46.40589419475058,67.74610470118083,48.387912773860535,,"<a href=""https://m.stock.naver.com/domestic/stock/084730/total"" target=""_blank"">Naver</a>"
263800,데이타솔루션,55.55188998745382,50.0,53.155918659030334,76.2965461938556,92.66511406621345,,"<a href=""https://m.stock.naver.com/domestic/stock/263800/total"" target=""_blank"">Naver</a>"
104200,NHN벅스,55.3791331844203,50.0,51.0626689717198,86.88714883559766,78.49502115861162,,"<a href=""https://m.stock.naver.com/domestic/stock/104200/total"" target=""_blank"">Naver</a>"
059120,아진엑스텍,55.36949307868864,50.0,54.83330981158715,94.39989998443599,44.42351254696507,,"<a href=""https://m.stock.naver.com/domestic/stock/059120/total"" target=""_blank"">Naver</a>"
039010,현대에이치티,55.20676085977134,50.0,45.62813104601909,98.03869140084676,79.91717916363784,,"<a href=""https://m.stock.naver.com/domestic/stock/039010/total"" target=""_blank"">Naver</a>"
039290,인포뱅크,55.183769778340405,48.32228642913869,57.02940271368541,72.11569337297212,94.42955810277252,,"<a href=""https://m.stock.naver.com/domestic/stock/039290/total"" target=""_blank"">Naver</a>"
330350,위더스제약,55.1661625858422,50.0,54.99867930000507,89.33213860235354,49.66557801211152,,"<a href=""https://m.stock.naver.com/domestic/stock/330350/total"" target=""_blank"">Naver</a>"
130580,나이스디앤비,55.150568392620386,33.62499829322331,83.31735414263107,99.44177671966084,84.04106418125079,,"<a href=""https://m.stock.naver.com/domestic/stock/130580/total"" target=""_blank"">Naver</a>"
020180,대신정보통신,55.1388905461994,50.0,49.65306515524926,79.07157942420706,96.36932629932755,,"<a href=""https://m.stock.naver.com/domestic/stock/020180/total"" target=""_blank"">Naver</a>"
115500,케이씨에스,55.09815850309393,50.0,48.16229136797531,87.58529178196076,85.98112965808035,,"<a href=""https://m.stock.naver.com/domestic/stock/115500/total"" target=""_blank"">Naver</a>"
215790,이노인스트루먼트,55.0936499600421,48.021277296721344,63.70556118165359,89.09394928361351,28.90196716469095,,"<a href=""https://m.stock.naver.com/domestic/stock/215790/total"" target=""_blank"">Naver</a>"
418420,라온텍,55.03778982177516,50.0,57.03289829176257,80.86978662869583,53.851731719298776,,"<a href=""https://m.stock.naver.com/domestic/stock/418420/total"" target=""_blank"">Naver</a>"
200470,에이팩트,55.03474355136976,50.0,53.81413807632623,74.76889571070531,82.08638922435344,,"<a href=""https://m.stock.naver.com/domestic/stock/200470/total"" target=""_blank"">Naver</a>"
066310,큐에스아이,55.01316326125287,43.74857278408259,74.74889762022657,82.20369709846302,37.12850951800749,,"<a href=""https://m.stock.naver.com/domestic/stock/066310/total"" target=""_blank"">Naver</a>"
086450,동국제약,54.99241054191259,43.45613101500106,69.68768314587102,88.53765925462059,52.860904419642935,,"<a href=""https://m.stock.naver.com/domestic/stock/086450/total"" target=""_blank"">Naver</a>"
234100,폴라리스세원,54.987658454619506,49.377682271362126,53.93115030378465,82.0038748619026,73.55748059331613,,"<a href=""https://m.stock.naver.com/domestic/stock/234100/total"" target=""_blank"">Naver</a>"
388050,지투파워,54.97744069412075,50.0,45.238216859352065,98.75706436335165,75.84360085895136,,"<a href=""https://m.stock.naver.com/domestic/stock/388050/total"" target=""_blank"">Naver</a>"
060480,국일신동,54.95888082940283,50.0,47.89970690767374,99.77809512400827,60.12289180167134,,"<a href=""https://m.stock.naver.com/domestic/stock/060480/total"" target=""_blank"">Naver</a>"
159580,제로투세븐,54.93389315337603,44.29117683420745,62.718771534854056,94.5298585340326,64.53016631469585,,"<a href=""https://m.stock.naver.com/domestic/stock/159580/total"" target=""_blank"">Naver</a>"
263920,휴엠앤씨,54.913871771129806,50.0,50.210129399218,91.09001816187072,65.04675210276459,,"<a href=""https://m.stock.naver.com/domestic/stock/263920/total"" target=""_blank"">Naver</a>"
408920,메쎄이상,54.90619764557572,50.0,41.59664181349508,99.3632233874983,91.41429706904246,,"<a href=""https://m.stock.naver.com/domestic/stock/408920/total"" target=""_blank"">Naver</a>"
083640,인콘,54.89633775694936,50.0,52.71198109114329,76.79116849730306,80.78451268866463,,"<a href=""https://m.stock.naver.com/domestic/stock/083640/total"" target=""_blank"">Naver</a>"
019770,서연탑메탈,54.88871871432016,51.17547483320311,46.376531762573656,85.22599824098707,81.33402099312357,,"<a href=""https://m.stock.naver.com/domestic/stock/019770/total"" target=""_blank"">Naver</a>"
060720,KH바텍,54.87393872297227,38.67454869051068,71.16168909949498,93.58604742059927,90.40364983464366,,"<a href=""https://m.stock.naver.com/domestic/stock/060720/total"" target=""_blank"">Naver</a>"
139670,키네마스터,54.817375306375624,72.1227803580837,0.0,69.67518631896553,91.5237691925771,,"<a href=""https://m.stock.naver.com/domestic/stock/139670/total"" target=""_blank"">Naver</a>"
195940,HK이노엔,54.726949266027155,50.0,54.73603185179314,78.4966835155541,63.86545903046925,,"<a href=""https://m.stock.naver.com/domestic/stock/195940/total"" target=""_blank"">Naver</a>"
070300,엑스큐어,54.68856625004563,50.0,56.90163265927902,74.84845945597431,59.56624279256897,,"<a href=""https://m.stock.naver.com/domestic/stock/070300/total"" target=""_blank"">Naver</a>"
363260,모비데이즈,54.65340375814896,46.166721216759036,73.06911791956578,76.86091548202094,20.0,,"<a href=""https://m.stock.naver.com/domestic/stock/363260/total"" target=""_blank"">Naver</a>"
065530,와이어블,54.553696570802764,50.0,52.93706094944267,87.09270787888263,52.203210911076575,,"<a href=""https://m.stock.naver.com/domestic/stock/065530/total"" target=""_blank"">Naver</a>"
067160,SOOP,54.44022040950017,30.60620040978863,94.7175882796244,92.11985565931599,63.70235055578594,,"<a href=""https://m.stock.naver.com/domestic/stock/067160/total"" target=""_blank"">Naver</a>"
073570,리튬포어스,54.227578832320226,50.0,66.66666666666667,55.45183137446311,40.31458056414475,,"<a href=""https://m.stock.naver.com/domestic/stock/073570/total"" target=""_blank"">Naver</a>"
136480,하림,54.19026520504505,50.991069391389395,54.33731680644573,54.33924000429632,91.547407363407,,"<a href=""https://m.stock.naver.com/domestic/stock/136480/total"" target=""_blank"">Naver</a>"
023410,유진기업,54.16631981505168,53.20962122160017,47.31407232360029,64.80332843438526,78.63392315505968,,"<a href=""https://m.stock.naver.com/domestic/stock/023410/total"" target=""_blank"">Naver</a>"
024810,이화전기,54.085860810931706,72.30535784580599,8.10299345790866,65.99333524163785,41.55128429614338,,"<a href=""https://m.stock.naver.com/domestic/stock/024810/total"" target=""_blank"">Naver</a>"
303530,이노뎁,54.07900565115522,50.0,42.834329807013034,87.9134783606354,91.58150726676854,,"<a href=""https://m.stock.naver.com/domestic/stock/303530/total"" target=""_blank"">Naver</a>"
043360,디지아이,54.02214158154406,50.0,47.90676695247654,97.64366247813523,45.62167191222808,,"<a href=""https://m.stock.naver.com/domestic/stock/043360/total"" target=""_blank"">Naver</a>"
101000,KS인더스트리,54.02131313122975,77.47368427583979,0.0,30.215635642863056,90.31078002879161,,"<a href=""https://m.stock.naver.com/domestic/stock/101000/total"" target=""_blank"">Naver</a>"
032620,유비케어,54.00017415972859,44.86696692909644,51.29613960199615,98.79797668630725,87.52322866281932,,"<a href=""https://m.stock.naver.com/domestic/stock/032620/total"" target=""_blank"">Naver</a>"
089150,케이씨티,53.99897105856086,50.0,54.87933635849211,64.52810189162422,76.52653559550829,,"<a href=""https://m.stock.naver.com/domestic/stock/089150/total"" target=""_blank"">Naver</a>"
036170,에이치엠넥스,53.99022316993109,50.0,53.09719622426394,74.9400659644808,64.4383503483405,,"<a href=""https://m.stock.naver.com/domestic/stock/036170/total"" target=""_blank"">Naver</a>"
042000,카페24,53.964249581818294,74.82992006616834,2.3068723274782768,43.17706492422777,83.43745935649878,,"<a href=""https://m.stock.naver.com/domestic/stock/042000/total"" target=""_blank"">Naver</a>"
348150,고바이오랩,53.91461183814466,67.73024141142577,0.0,98.92343101923075,67.6824777873224,,"<a href=""https://m.stock.naver.com/domestic/stock/348150/total"" target=""_blank"">Naver</a>"
219550,디와이디,53.8872238100766,50.0,49.524073424151595,90.61681083750975,48.89048740575447,,"<a href=""https://m.stock.naver.com/domestic/stock/219550/total"" target=""_blank"">Naver</a>"
067730,로지시스,53.878725716366155,50.0,42.34070366344665,89.827715251364,86.21556550736182,,"<a href=""https://m.stock.naver.com/domestic/stock/067730/total"" target=""_blank"">Naver</a>"
425040,티이엠씨,53.86925060653,31.628260611961792,84.95690200966597,95.54416477892059,81.9730451808874,,"<a href=""https://m.stock.naver.com/domestic/stock/425040/total"" target=""_blank"">Naver</a>"
087600,픽셀플러스,53.85375373159633,50.0,45.37417315658323,99.6981367968206,50.80793525536916,,"<a href=""https://m.stock.naver.com/domestic/stock/087600/total"" target=""_blank"">Naver</a>"
012620,원일특강,53.781139197773754,46.74026126410232,54.21672274826498,85.04181998487459,73.57239507517312,,"<a href=""https://m.stock.naver.com/domestic/stock/012620/total"" target=""_blank"">Naver</a>"
031860,디에이치엑스컴퍼니,53.778413309748665,75.96191171524441,0.0,67.38046732345155,29.26439096513726,,"<a href=""https://m.stock.naver.com/domestic/stock/031860/total"" target=""_blank"">Naver</a>"
053950,경남제약,53.7158695895144,68.06723945971343,14.652749487298335,69.36545366421903,45.51586350879707,,"<a href=""https://m.stock.naver.com/domestic/stock/053950/total"" target=""_blank"">Naver</a>"
026040,제이에스티나,53.64695982648048,50.0,48.082693679414014,86.76577633975566,58.994175453028305,,"<a href=""https://m.stock.naver.com/domestic/stock/026040/total"" target=""_blank"">Naver</a>"
042940,상지건설,53.62965757537335,66.66666666666667,25.547733426372236,52.95082130028494,38.95284177503589,,"<a href=""https://m.stock.naver.com/domestic/stock/042940/total"" target=""_blank"">Naver</a>"
121600,나노신소재,53.62726846436289,33.99298481689701,85.20458665647017,99.81200897755866,38.98260024702546,,"<a href=""https://m.stock.naver.com/domestic/stock/121600/total"" target=""_blank"">Naver</a>"
025880,케이씨피드,53.62597367307175,44.90337760102252,57.81258017497792,86.74866933968931,71.11870269489644,,"<a href=""https://m.stock.naver.com/domestic/stock/025880/total"" target=""_blank"">Naver</a>"
045520,크린앤사이언스,53.58132717237868,75.58692532837901,0.0,45.25610966833689,74.07122017035171,,"<a href=""https://m.stock.naver.com/domestic/stock/045520/total"" target=""_blank"">Naver</a>"
067370,선바이오,53.52206643903319,50.0,59.02962730933384,72.37509204879794,30.543008136398647,,"<a href=""https://m.stock.naver.com/domestic/stock/067370/total"" target=""_blank"">Naver</a>"
002230,피에스텍,53.46948096189611,58.398629926682396,30.668910848591167,74.49908526381469,66.26333534714819,,"<a href=""https://m.stock.naver.com/domestic/stock/002230/total"" target=""_blank"">Naver</a>"
246960,SCL사이언스,53.45809408565823,71.2950777237566,0.0,94.0421746543946,25.5365997192962,,"<a href=""https://m.stock.naver.com/domestic/stock/246960/total"" target=""_blank"">Naver</a>"
060570,드림어스컴퍼니,53.45068168433215,47.29302696670401,53.14910113636353,72.7360812168192,90.27964197073887,,"<a href=""https://m.stock.naver.com/domestic/stock/060570/total"" target=""_blank"">Naver</a>"
033790,피노,53.42969004910941,35.43584841633248,76.08262712710668,99.82954348810995,63.291397374445076,,"<a href=""https://m.stock.naver.com/domestic/stock/033790/total"" target=""_blank"">Naver</a>"
056730,CNT85,53.374567692243886,50.0,56.55686237324638,56.539062668712205,71.6289166412213,,"<a href=""https://m.stock.naver.com/domestic/stock/056730/total"" target=""_blank"">Naver</a>"
018000,유니슨,53.371423277176596,67.01557947664718,22.140622426689017,32.71063317338687,87.11713334354698,,"<a href=""https://m.stock.naver.com/domestic/stock/018000/total"" target=""_blank"">Naver</a>"
110790,크리스에프앤씨,53.35444660776021,40.46666643726136,73.04181654291754,85.93752613717034,44.40479991913948,,"<a href=""https://m.stock.naver.com/domestic/stock/110790/total"" target=""_blank"">Naver</a>"
051160,지어소프트,53.33580809734955,54.423850978269606,34.48794611122781,73.22425764515978,94.74170436129715,,"<a href=""https://m.stock.naver.com/domestic/stock/051160/total"" target=""_blank"">Naver</a>"
140520,대창스틸,53.307596501047676,40.72603648815218,63.56386125241138,92.4961520335601,74.6278818339504,,"<a href=""https://m.stock.naver.com/domestic/stock/140520/total"" target=""_blank"">Naver</a>"
032960,동일기연,53.30465426725863,47.18344153481471,52.099051004549096,99.81228742636279,39.771957051924815,,"<a href=""https://m.stock.naver.com/domestic/stock/032960/total"" target=""_blank"">Naver</a>"
062970,한국첨단소재,53.203451891370925,50.0,57.02435002918319,56.39401992624883,66.15924782900494,,"<a href=""https://m.stock.naver.com/domestic/stock/062970/total"" target=""_blank"">Naver</a>"
024800,유성티엔에스,53.12815428344268,42.097806895333484,74.48046225148956,51.58091663638592,81.8252583946323,,"<a href=""https://m.stock.naver.com/domestic/stock/024800/total"" target=""_blank"">Naver</a>"
127120,제이에스링크,53.063664874219775,71.42833778732388,0.0,69.29125930994421,65.55072541662037,,"<a href=""https://m.stock.naver.com/domestic/stock/127120/total"" target=""_blank"">Naver</a>"
020400,대동금속,53.05543338187906,50.0,47.98037199758113,66.02393826351631,89.15893112264297,,"<a href=""https://m.stock.naver.com/domestic/stock/020400/total"" target=""_blank"">Naver</a>"
214260,라파스,53.016120335299014,74.16856218817149,0.0,56.40862083727899,57.482418773364415,,"<a href=""https://m.stock.naver.com/domestic/stock/214260/total"" target=""_blank"">Naver</a>"
054410,케이피티유,52.995232474947805,50.0,55.20444831127353,51.03270744970747,81.81699304317348,,"<a href=""https://m.stock.naver.com/domestic/stock/054410/total"" target=""_blank"">Naver</a>"
079940,가비아,52.9884202399868,30.889005959486614,81.85559711139719,98.9103236040946,82.00170052072147,,"<a href=""https://m.stock.naver.com/domestic/stock/079940/total"" target=""_blank"">Naver</a>"
184230,SGA솔루션즈,52.98525662181576,45.19414598818432,63.0941616552254,64.29534791616948,73.31387646963735,,"<a href=""https://m.stock.naver.com/domestic/stock/184230/total"" target=""_blank"">Naver</a>"
049830,승일,52.971702802884614,50.0,42.674678062959856,85.26603322748608,75.52859928792085,,"<a href=""https://m.stock.naver.com/domestic/stock/049830/total"" target=""_blank"">Naver</a>"
066700,테라젠이텍스,52.937794551619355,44.27870373840971,55.01761086939411,92.08379401579433,68.15580379291129,,"<a href=""https://m.stock.naver.com/domestic/stock/066700/total"" target=""_blank"">Naver</a>"
095190,이엠코리아,52.79437327353072,67.82829746306952,11.654128944397236,55.14438728548635,73.38847662082134,,"<a href=""https://m.stock.naver.com/domestic/stock/095190/total"" target=""_blank"">Naver</a>"
009620,삼보산업,52.785626337039766,63.9356928253189,25.612240841248738,35.54986304875155,89.32328253322167,,"<a href=""https://m.stock.naver.com/domestic/stock/009620/total"" target=""_blank"">Naver</a>"
030530,원익홀딩스,52.781093007017994,38.869530813657974,73.69435913883991,75.067215788042,70.58126310618054,,"<a href=""https://m.stock.naver.com/domestic/stock/030530/total"" target=""_blank"">Naver</a>"
018680,서울제약,52.664313324070505,50.0,47.880507280328686,79.05833450141233,55.76706107694205,,"<a href=""https://m.stock.naver.com/domestic/stock/018680/total"" target=""_blank"">Naver</a>"
376980,원티드랩,52.662477994302634,27.433184920726248,87.80799783193963,99.25523058707493,86.50089050348957,,"<a href=""https://m.stock.naver.com/domestic/stock/376980/total"" target=""_blank"">Naver</a>"
053350,이니텍,52.46230725883827,50.0,34.405737322808456,99.82118857988712,77.57508140294888,,"<a href=""https://m.stock.naver.com/domestic/stock/053350/total"" target=""_blank"">Naver</a>"
340930,유일에너테크,52.44196754719703,48.702678401217376,65.05961103938513,47.990029953489135,43.12909502542803,,"<a href=""https://m.stock.naver.com/domestic/stock/340930/total"" target=""_blank"">Naver</a>"
950190,고스트스튜디오,52.34317727990963,24.31812175094174,94.845131701808,99.77951984733531,81.26138638318128,,"<a href=""https://m.stock.naver.com/domestic/stock/950190/total"" target=""_blank"">Naver</a>"
020710,시공테크,52.24932798362017,51.90430340900273,39.573097091047025,70.18336798244374,83.90269734424805,,"<a href=""https://m.stock.naver.com/domestic/stock/020710/total"" target=""_blank"">Naver</a>"
042040,케이피엠테크,52.23944360406085,48.826750517767515,55.500520493426734,62.4116889242047,56.54188555246397,,"<a href=""https://m.stock.naver.com/domestic/stock/042040/total"" target=""_blank"">Naver</a>"
079370,제우스,52.21829358629397,39.83269208494497,68.63077315110336,86.2671276981228,50.68544555477726,,"<a href=""https://m.stock.naver.com/domestic/stock/079370/total"" target=""_blank"">Naver</a>"
389020,자람테크놀로지,52.17703738327001,50.0,49.00750222746408,76.89975467116282,44.703727185754175,,"<a href=""https://m.stock.naver.com/domestic/stock/389020/total"" target=""_blank"">Naver</a>"
040350,크레오에스지,52.168000682694284,72.55575690137302,0.0,48.55893408966092,75.5730626580876,,"<a href=""https://m.stock.naver.com/domestic/stock/040350/total"" target=""_blank"">Naver</a>"
158430,아톤,52.15523756080549,31.015689207323828,89.8509108266531,76.08584209024608,69.49024241446621,,"<a href=""https://m.stock.naver.com/domestic/stock/158430/total"" target=""_blank"">Naver</a>"
054040,한국컴퓨터,52.08061387076863,37.13232132353607,60.93330530076734,99.49677812410084,92.36433878090139,,"<a href=""https://m.stock.naver.com/domestic/stock/054040/total"" target=""_blank"">Naver</a>"
032280,삼일,52.037487633642144,50.0,45.56618586895951,63.35236435771861,86.21409461260808,,"<a href=""https://m.stock.naver.com/domestic/stock/032280/total"" target=""_blank"">Naver</a>"
066430,아이로보틱스,52.022731618073394,50.0,43.91143589764071,71.57660992526067,77.74423302274299,,"<a href=""https://m.stock.naver.com/domestic/stock/066430/total"" target=""_blank"">Naver</a>"
008830,대동기어,51.94435147698152,50.0,50.85806327311163,55.68257470438677,73.23156376529865,,"<a href=""https://m.stock.naver.com/domestic/stock/008830/total"" target=""_blank"">Naver</a>"
052400,코나아이,51.8844119653671,30.174801150380304,86.3840303056218,85.29678368157042,73.07690661152844,,"<a href=""https://m.stock.naver.com/domestic/stock/052400/total"" target=""_blank"">Naver</a>"
095340,ISC,51.70774414271061,25.76758251091593,91.352548655389,97.8006790997357,72.57979124680469,,"<a href=""https://m.stock.naver.com/domestic/stock/095340/total"" target=""_blank"">Naver</a>"
001840,이화공영,51.69639842721104,50.0,41.632666028040944,66.7045612335029,92.35551593701021,,"<a href=""https://m.stock.naver.com/domestic/stock/001840/total"" target=""_blank"">Naver</a>"
056090,시지메드텍,51.67243600396671,64.19321026234225,15.671176268459902,71.0844956127364,42.605324363455054,,"<a href=""https://m.stock.naver.com/domestic/stock/056090/total"" target=""_blank"">Naver</a>"
040610,SG&G,51.59754421642101,37.32879902875755,78.82351369661795,60.01704026896315,69.8536469623136,,"<a href=""https://m.stock.naver.com/domestic/stock/040610/total"" target=""_blank"">Naver</a>"
205100,엑셈,51.51049923614536,30.781847506021833,80.34307192430707,91.21213943504583,76.68817615901803,,"<a href=""https://m.stock.naver.com/domestic/stock/205100/total"" target=""_blank"">Naver</a>"
024880,케이피에프,51.50513207389263,46.599900188780204,56.608385033061886,56.81313033837389,74.23565337043306,,"<a href=""https://m.stock.naver.com/domestic/stock/024880/total"" target=""_blank"">Naver</a>"
092460,한라IMS,51.37099876669232,40.21785812887678,62.71076436467562,81.55174386556958,68.1483682328077,,"<a href=""https://m.stock.naver.com/domestic/stock/092460/total"" target=""_blank"">Naver</a>"
065450,빅텍,51.32556665503412,50.0,40.79492340489424,74.73953484316922,73.05764638987279,,"<a href=""https://m.stock.naver.com/domestic/stock/065450/total"" target=""_blank"">Naver</a>"
171120,라이온켐텍,51.31286461504176,34.30915563718334,68.65362728099544,98.41929577793883,74.44069669378038,,"<a href=""https://m.stock.naver.com/domestic/stock/171120/total"" target=""_blank"">Naver</a>"
247660,나노씨엠에스,51.28663871609366,50.0,51.40470366823525,66.85462799034848,35.0,,"<a href=""https://m.stock.naver.com/domestic/stock/247660/total"" target=""_blank"">Naver</a>"
201490,미투온,51.28585309513447,27.54756850257446,84.54960999291903,99.54792615922294,73.30233758875482,,"<a href=""https://m.stock.naver.com/domestic/stock/201490/total"" target=""_blank"">Naver</a>"
290650,엘앤씨바이오,51.27176993788605,41.67937331404284,68.57759763991493,76.76230811330747,28.870314563017256,,"<a href=""https://m.stock.naver.com/domestic/stock/290650/total"" target=""_blank"">Naver</a>"
054300,팬스타엔터프라이즈,51.18214387952454,50.0,44.97420337251952,62.13876080504707,74.49433911779907,,"<a href=""https://m.stock.naver.com/domestic/stock/054300/total"" target=""_blank"">Naver</a>"
261200,덴티스,51.17730593001894,52.28890662295751,46.77334883083452,62.22189072734189,37.76871351603236,,"<a href=""https://m.stock.naver.com/domestic/stock/261200/total"" target=""_blank"">Naver</a>"
001000,신라섬유,51.120252985581466,50.0,48.62515508251685,49.63964214952254,80.0,,"<a href=""https://m.stock.naver.com/domestic/stock/001000/total"" target=""_blank"">Naver</a>"
215600,신라젠,51.09792946893019,64.797578314076,0.0,98.93754532085835,46.51255896797509,,"<a href=""https://m.stock.naver.com/domestic/stock/215600/total"" target=""_blank"">Naver</a>"
264450,유비쿼스,50.987105552624584,29.356314056658572,83.50399701325668,99.24598922361422,51.45437885907682,,"<a href=""https://m.stock.naver.com/domestic/stock/264450/total"" target=""_blank"">Naver</a>"
115480,씨유메디칼,50.76806878720269,29.43767842471024,85.6084967930882,93.63705338266112,46.79264391676761,,"<a href=""https://m.stock.naver.com/domestic/stock/115480/total"" target=""_blank"">Naver</a>"
017000,신원종합개발,50.7505830460677,50.0,48.564270992094016,62.0656740814441,48.05895779799578,,"<a href=""https://m.stock.naver.com/domestic/stock/017000/total"" target=""_blank"">Naver</a>"
067920,이글루,50.61518588722734,32.75848893097558,65.83716794275061,98.76013644516317,92.4957379687603,,"<a href=""https://m.stock.naver.com/domestic/stock/067920/total"" target=""_blank"">Naver</a>"
032300,한국파마,50.58662678773416,50.0,40.80534582617328,75.01380713684935,57.67819235011814,,"<a href=""https://m.stock.naver.com/domestic/stock/032300/total"" target=""_blank"">Naver</a>"
101670,하이드로리튬,50.53707422017983,72.04000749775157,0.0,63.6167052071924,19.027984016192907,,"<a href=""https://m.stock.naver.com/domestic/stock/101670/total"" target=""_blank"">Naver</a>"
042510,라온시큐어,50.526094348502546,30.978883757000535,79.43906865763277,77.5107091213846,86.55852035511145,,"<a href=""https://m.stock.naver.com/domestic/stock/042510/total"" target=""_blank"">Naver</a>"
021320,KCC건설,50.426731973284404,50.0,41.18143966132233,56.80316406945057,89.02111302017548,,"<a href=""https://m.stock.naver.com/domestic/stock/021320/total"" target=""_blank"">Naver</a>"
092070,디엔에프,50.37573243798053,39.160864798702754,59.84189184813635,93.69416882639732,50.98647428170118,,"<a href=""https://m.stock.naver.com/domestic/stock/092070/total"" target=""_blank"">Naver</a>"
043610,KT지니뮤직,50.263953676815426,37.975425824297766,62.019712490293536,81.1986939687064,77.07801325585484,,"<a href=""https://m.stock.naver.com/domestic/stock/043610/total"" target=""_blank"">Naver</a>"
028080,휴맥스홀딩스,50.25770879018672,63.02152965862382,16.90306214201995,50.191951624816255,63.996605940516105,,"<a href=""https://m.stock.naver.com/domestic/stock/028080/total"" target=""_blank"">Naver</a>"
134580,탑코미디어,50.245605295648765,62.0922775113215,12.90035889626843,74.03195758256174,47.239066130651736,,"<a href=""https://m.stock.naver.com/domestic/stock/134580/total"" target=""_blank"">Naver</a>"
221840,하이즈항공,50.21375047276013,70.30856392768712,0.0,57.753643217806925,45.06495588734337,,"<a href=""https://m.stock.naver.com/domestic/stock/221840/total"" target=""_blank"">Naver</a>"
043340,에쎈테크,50.18560785021923,50.0,45.3799770199282,50.94286479457311,74.92654231559737,,"<a href=""https://m.stock.naver.com/domestic/stock/043340/total"" target=""_blank"">Naver</a>"
101680,한국정밀기계,50.17884264061881,50.0,46.05504265357643,71.39135872108234,30.518922102329423,,"<a href=""https://m.stock.naver.com/domestic/stock/101680/total"" target=""_blank"">Naver</a>"
067630,HLB생명과학,50.1712853825721,65.469941096453,0.0,72.19111423139753,73.40418603121114,,"<a href=""https://m.stock.naver.com/domestic/stock/067630/total"" target=""_blank"">Naver</a>"
228850,레이언스,50.115411165151095,31.822682732951066,76.98642138068637,95.07954054008445,45.34484252400846,,"<a href=""https://m.stock.naver.com/domestic/stock/228850/total"" target=""_blank"">Naver</a>"
043090,더테크놀로지,50.04792757373227,63.921773879255205,23.53385529228832,47.12118648815422,21.98561548583306,,"<a href=""https://m.stock.naver.com/domestic/stock/043090/total"" target=""_blank"">Naver</a>"
200780,비씨월드제약,50.03021144036373,54.59007656806529,41.12490214180219,45.13349792265193,49.631803436176206,,"<a href=""https://m.stock.naver.com/domestic/stock/200780/total"" target=""_blank"">Naver</a>"
321260,프로이천,50.010286788704406,29.822591874095313,72.22240512339388,99.40918772463756,82.40423221869968,,"<a href=""https://m.stock.naver.com/domestic/stock/321260/total"" target=""_blank"">Naver</a>"
391710,코닉오토메이션,49.94684197839293,50.0,24.09887348039089,98.98878591283236,80.46490034023944,,"<a href=""https://m.stock.naver.com/domestic/stock/391710/total"" target=""_blank"">Naver</a>"
175140,휴먼테크놀로지,49.94252369459499,67.36465781446016,0.0,73.4622506783816,43.55007876161466,,"<a href=""https://m.stock.naver.com/domestic/stock/175140/total"" target=""_blank"">Naver</a>"
169330,엠브레인,49.894268621875604,25.784631283194614,81.45968233711199,97.99919875356596,85.17298784648474,,"<a href=""https://m.stock.naver.com/domestic/stock/169330/total"" target=""_blank"">Naver</a>"
049960,쎌바이오텍,49.86904158137083,31.739472731863458,73.01774828583784,91.46416116443233,68.49009508700124,,"<a href=""https://m.stock.naver.com/domestic/stock/049960/total"" target=""_blank"">Naver</a>"
036200,유니셈,49.79005120005798,30.034676061011893,69.59177292618766,99.553647126199,88.31875238568057,,"<a href=""https://m.stock.naver.com/domestic/stock/036200/total"" target=""_blank"">Naver</a>"
216080,제테마,49.78910825237437,50.0,54.955213880671494,36.48649664235815,48.03310235941369,,"<a href=""https://m.stock.naver.com/domestic/stock/216080/total"" target=""_blank"">Naver</a>"
090470,제이스텍,49.77835390260322,21.698486910101042,92.03052937553353,95.8207813226481,83.39102560788803,,"<a href=""https://m.stock.naver.com/domestic/stock/090470/total"" target=""_blank"">Naver</a>"
061250,화일약품,49.743960669555534,50.0,27.61595089956491,99.85727118473014,57.08491652382584,,"<a href=""https://m.stock.naver.com/domestic/stock/061250/total"" target=""_blank"">Naver</a>"
039830,오로라,49.71998966215669,48.41985839638651,55.4037847315037,46.77480479618726,42.79295923660275,,"<a href=""https://m.stock.naver.com/domestic/stock/039830/total"" target=""_blank"">Naver</a>"
044490,태웅,49.71736258559525,50.0,41.019322248425276,73.17643588236962,42.8977687050393,,"<a href=""https://m.stock.naver.com/domestic/stock/044490/total"" target=""_blank"">Naver</a>"
253590,네오셈,49.702279550751,35.112488519352205,74.21189508205633,76.65888118523469,48.31849100204245,,"<a href=""https://m.stock.naver.com/domestic/stock/253590/total"" target=""_blank"">Naver</a>"
065500,오리엔트정공,49.618713714088315,59.11608744936569,17.643505067861224,56.16877428968414,82.42615097070363,,"<a href=""https://m.stock.naver.com/domestic/stock/065500/total"" target=""_blank"">Naver</a>"
115160,휴맥스,49.607057967422676,62.3949506124679,16.316117063777615,50.60652581182497,60.60811505630065,,"<a href=""https://m.stock.naver.com/domestic/stock/115160/total"" target=""_blank"">Naver</a>"
036480,대성미생물,49.59400968292621,50.0,49.119727566328365,50.0,46.28155582688232,,"<a href=""https://m.stock.naver.com/domestic/stock/036480/total"" target=""_blank"">Naver</a>"
073640,테라사이언스,49.377663813873156,35.45288529148133,73.124816161493,74.36008921984664,47.774393532528904,,"<a href=""https://m.stock.naver.com/domestic/stock/073640/total"" target=""_blank"">Naver</a>"
019010,베뉴지,49.351723690837986,53.20548144036434,33.97349455386368,54.63264664494531,69.43593047317856,,"<a href=""https://m.stock.naver.com/domestic/stock/019010/total"" target=""_blank"">Naver</a>"
005860,한일사료,49.34435408210897,59.777295729346314,19.646002002228695,42.96705532766211,85.39541222355597,,"<a href=""https://m.stock.naver.com/domestic/stock/005860/total"" target=""_blank"">Naver</a>"
179530,애드바이오텍,49.29402423207543,43.09931408449591,64.41736027488064,54.627232064747126,37.347450123660245,,"<a href=""https://m.stock.naver.com/domestic/stock/179530/total"" target=""_blank"">Naver</a>"
950170,JTC,49.15252998341385,67.90696922335492,0.0,66.58348449400894,35.0,,"<a href=""https://m.stock.naver.com/domestic/stock/950170/total"" target=""_blank"">Naver</a>"
037950,엘컴텍,49.10760064122876,28.54562461311592,72.36216272966873,99.60880836456943,78.57608708970157,,"<a href=""https://m.stock.naver.com/domestic/stock/037950/total"" target=""_blank"">Naver</a>"
317830,에스피시스템스,49.075035766708694,35.878226117370104,58.21073918387736,89.70480368753034,80.49869863128512,,"<a href=""https://m.stock.naver.com/domestic/stock/317830/total"" target=""_blank"">Naver</a>"
317240,TS트릴리온,49.05092038016501,66.95208422370719,7.656194880387543,30.86511571001491,77.58219109684634,,"<a href=""https://m.stock.naver.com/domestic/stock/317240/total"" target=""_blank"">Naver</a>"
448370,하나27호스팩,49.04642436029928,50.0,36.522070479337835,74.63585522449857,,,"<a href=""https://m.stock.naver.com/domestic/stock/448370/total"" target=""_blank"">Naver</a>"
417180,핑거스토리,49.04465982784259,50.0,19.001856394123003,99.18393321623546,87.51604815376577,,"<a href=""https://m.stock.naver.com/domestic/stock/417180/total"" target=""_blank"">Naver</a>"
195500,마니커에프앤지,48.92399808551575,50.0,35.95951962815263,68.92778268487805,60.82679819979569,,"<a href=""https://m.stock.naver.com/domestic/stock/195500/total"" target=""_blank"">Naver</a>"
121850,코이즈,48.85181390836974,65.14330993881835,0.0,62.372449499934085,70.57165990170643,,"<a href=""https://m.stock.naver.com/domestic/stock/121850/total"" target=""_blank"">Naver</a>"
003100,선광,48.81574062563749,34.1733900457731,66.33021315475979,80.44970641627927,73.68365335711522,,"<a href=""https://m.stock.naver.com/domestic/stock/003100/total"" target=""_blank"">Naver</a>"
227610,아우딘퓨쳐스,48.72432315558343,69.16526208784494,0.0,40.90243538232923,62.69844729287083,,"<a href=""https://m.stock.naver.com/domestic/stock/227610/total"" target=""_blank"">Naver</a>"
025870,신라에스지,48.68095030198309,42.728058579046916,50.9394359348316,66.01162301438762,74.16187738816558,,"<a href=""https://m.stock.naver.com/domestic/stock/025870/total"" target=""_blank"">Naver</a>"
032080,아즈텍WB,48.6779965662146,50.0,37.11562096845782,73.82608408293822,40.329658316126384,,"<a href=""https://m.stock.naver.com/domestic/stock/032080/total"" target=""_blank"">Naver</a>"
284620,카이노스메드,48.624473215104764,71.2986008606518,0.0,48.453126987136855,20.0,,"<a href=""https://m.stock.naver.com/domestic/stock/284620/total"" target=""_blank"">Naver</a>"
027580,상보,48.56310953395846,42.06372069955833,55.34939744625673,69.89939860200556,49.95175784917449,,"<a href=""https://m.stock.naver.com/domestic/stock/027580/total"" target=""_blank"">Naver</a>"
388790,라이콤,48.275317982562804,50.0,33.64769567621562,74.49628164380752,,,"<a href=""https://m.stock.naver.com/domestic/stock/388790/total"" target=""_blank"">Naver</a>"
084180,수성웹툰,48.259386219941305,54.11897662865363,27.619387051569422,59.796234709244125,58.070600178647354,,"<a href=""https://m.stock.naver.com/domestic/stock/084180/total"" target=""_blank"">Naver</a>"
142760,모아라이프플러스,48.25154964913517,64.8254842628378,0.0,57.742520070693274,71.64014168726328,,"<a href=""https://m.stock.naver.com/domestic/stock/142760/total"" target=""_blank"">Naver</a>"
044480,빌리언스,48.248090086659815,65.69666499650174,0.0,64.22992412715558,48.14197352086428,,"<a href=""https://m.stock.naver.com/domestic/stock/044480/total"" target=""_blank"">Naver</a>"
078160,메디포스트,48.16841112063987,53.76039548253632,32.15569645560365,56.15253471219155,45.15992491996012,,"<a href=""https://m.stock.naver.com/domestic/stock/078160/total"" target=""_blank"">Naver</a>"
024850,HLB이노베이션,48.05311332342552,50.0,26.11959384386439,73.04670760490063,84.37088203938734,,"<a href=""https://m.stock.naver.com/domestic/stock/024850/total"" target=""_blank"">Naver</a>"
065710,서호전기,48.00551358549504,21.77231715129885,86.5191620629169,98.49750991247579,69.25163575477833,,"<a href=""https://m.stock.naver.com/domestic/stock/065710/total"" target=""_blank"">Naver</a>"
380540,옵티코어,47.972939885492075,63.96247259693374,0.0,72.46629634626447,46.976533854107544,,"<a href=""https://m.stock.naver.com/domestic/stock/380540/total"" target=""_blank"">Naver</a>"
026910,광진실업,47.96286223919709,51.180644794695944,35.56808140156665,42.33487218290193,82.57935587395339,,"<a href=""https://m.stock.naver.com/domestic/stock/026910/total"" target=""_blank"">Naver</a>"
222420,쎄노텍,47.908066939231475,50.0,42.45522903654421,55.872453519879144,34.14028656215004,,"<a href=""https://m.stock.naver.com/domestic/stock/222420/total"" target=""_blank"">Naver</a>"
419540,비스토스,47.890137608587395,50.0,17.142881043150997,99.28201025687562,73.5243264422417,,"<a href=""https://m.stock.naver.com/domestic/stock/419540/total"" target=""_blank"">Naver</a>"
136410,아셈스,47.8675471344787,28.94224860406206,78.68109470980903,86.44031090120839,43.757864089367295,,"<a href=""https://m.stock.naver.com/domestic/stock/136410/total"" target=""_blank"">Naver</a>"
206650,유바이오로직스,47.85106432873908,57.111016514156624,16.863880918455447,70.961036934335,45.44760994395494,,"<a href=""https://m.stock.naver.com/domestic/stock/206650/total"" target=""_blank"">Naver</a>"
068050,팬엔터테인먼트,47.763893068434164,50.0,38.090945561906935,63.62262418310375,37.57788519294094,,"<a href=""https://m.stock.naver.com/domestic/stock/068050/total"" target=""_blank"">Naver</a>"
032800,판타지오,47.747567825088076,58.683446745654585,19.8942473080851,61.12278660827648,29.03318579692805,,"<a href=""https://m.stock.naver.com/domestic/stock/032800/total"" target=""_blank"">Naver</a>"
073560,우리손에프앤지,47.70261306095125,30.52351884993132,68.11303211087095,81.42638748033522,84.352099504824,,"<a href=""https://m.stock.naver.com/domestic/stock/073560/total"" target=""_blank"">Naver</a>"
285490,노바텍,47.66397393491135,21.22773565938402,83.67701939781699,99.73539264052849,80.69076851547679,,"<a href=""https://m.stock.naver.com/domestic/stock/285490/total"" target=""_blank"">Naver</a>"
359090,씨엔알리서치,47.645962573709824,30.378050154649504,67.39040658382355,85.23964200514729,80.95133268899018,,"<a href=""https://m.stock.naver.com/domestic/stock/359090/total"" target=""_blank"">Naver</a>"
060150,인선이엔티,47.57781341657235,30.853704482095605,67.89870269858936,91.08613801991616,59.646025013520656,,"<a href=""https://m.stock.naver.com/domestic/stock/060150/total"" target=""_blank"">Naver</a>"
060380,동양에스텍,47.557744985493066,36.212273723011926,53.600429674934,85.75096358484672,77.10353948935477,,"<a href=""https://m.stock.naver.com/domestic/stock/060380/total"" target=""_blank"">Naver</a>"
051380,피씨디렉트,47.48488658421946,50.0,25.155082703098884,67.26061675656834,89.40108465575803,,"<a href=""https://m.stock.naver.com/domestic/stock/051380/total"" target=""_blank"">Naver</a>"
039200,오스코텍,47.46551756842862,65.22987433566045,0.0,53.888922252305434,58.77401483603613,,"<a href=""https://m.stock.naver.com/domestic/stock/039200/total"" target=""_blank"">Naver</a>"
090710,휴림로봇,47.44123022028453,60.31266403297366,0.0,70.57049255839738,83.93165089321198,,"<a href=""https://m.stock.naver.com/domestic/stock/090710/total"" target=""_blank"">Naver</a>"
030350,드래곤플라이,47.41722403131725,64.91151487706527,0.0,74.70315105078089,20.0,,"<a href=""https://m.stock.naver.com/domestic/stock/030350/total"" target=""_blank"">Naver</a>"
068790,DMS,47.40894588080628,24.06735047326036,75.65969297084415,99.41126237040419,82.24972234197207,,"<a href=""https://m.stock.naver.com/domestic/stock/068790/total"" target=""_blank"">Naver</a>"
097800,윈팩,47.330838970177524,50.0,34.38485117777795,44.05447173955866,86.58358003554346,,"<a href=""https://m.stock.naver.com/domestic/stock/097800/total"" target=""_blank"">Naver</a>"
304360,에스바이오메딕스,47.318264532350696,50.0,33.333333333333336,56.76068020704744,66.1772635662523,,"<a href=""https://m.stock.naver.com/domestic/stock/304360/total"" target=""_blank"">Naver</a>"
223310,딥마인드,47.27733681513272,50.0,17.0290678712843,99.61943260732532,61.16253173158231,,"<a href=""https://m.stock.naver.com/domestic/stock/223310/total"" target=""_blank"">Naver</a>"
950200,소마젠,47.23771637957596,50.0,24.5601526453602,73.95989657260775,74.03377121950261,,"<a href=""https://m.stock.naver.com/domestic/stock/950200/total"" target=""_blank"">Naver</a>"
308100,형지글로벌,47.22659775391846,64.83506241847977,0.0,62.96524255086815,40.580720954875716,,"<a href=""https://m.stock.naver.com/domestic/stock/308100/total"" target=""_blank"">Naver</a>"
357580,아모센스,47.10644567720866,50.0,33.019094653607446,64.630367046034,47.77270618406798,,"<a href=""https://m.stock.naver.com/domestic/stock/357580/total"" target=""_blank"">Naver</a>"
065510,휴비츠,47.035596492108574,26.192384014251292,80.20371033398271,89.8947710731702,45.59522785490202,,"<a href=""https://m.stock.naver.com/domestic/stock/065510/total"" target=""_blank"">Naver</a>"
361570,알비더블유,46.95333629245654,40.761013151717954,46.071826408071225,68.6836315049932,82.20817297817287,,"<a href=""https://m.stock.naver.com/domestic/stock/361570/total"" target=""_blank"">Naver</a>"
319660,피에스케이,46.892580736212636,20.803747961342594,88.27208216072644,94.04038039564986,58.765467593209564,,"<a href=""https://m.stock.naver.com/domestic/stock/319660/total"" target=""_blank"">Naver</a>"
082800,비보존 제약,46.88696816546759,64.29581008699581,0.0,51.997458950291616,62.19472436481901,,"<a href=""https://m.stock.naver.com/domestic/stock/082800/total"" target=""_blank"">Naver</a>"
226360,KH 건설,46.864456750856206,54.64363831410133,20.188152835420556,53.723220082286176,73.17827090623291,,"<a href=""https://m.stock.naver.com/domestic/stock/226360/total"" target=""_blank"">Naver</a>"
104830,원익머트리얼즈,46.815135158220215,24.951689860911944,73.2323567792615,97.096725605502,76.52718972614946,,"<a href=""https://m.stock.naver.com/domestic/stock/104830/total"" target=""_blank"">Naver</a>"
079810,디이엔티,46.795751337832286,62.0937390897894,8.124315747593332,34.31753117272784,81.5335165957506,,"<a href=""https://m.stock.naver.com/domestic/stock/079810/total"" target=""_blank"">Naver</a>"
121890,에스디시스템,46.792693331954766,50.0,18.768187404359878,72.88371911225653,96.24549139278291,,"<a href=""https://m.stock.naver.com/domestic/stock/121890/total"" target=""_blank"">Naver</a>"
123750,알톤,46.76802101837594,42.80868617090156,36.47380195454447,87.80337583062538,63.68042488272694,,"<a href=""https://m.stock.naver.com/domestic/stock/123750/total"" target=""_blank"">Naver</a>"
054780,키이스트,46.7223882494303,50.0,23.729042934577397,67.03201504281195,81.73852023009519,,"<a href=""https://m.stock.naver.com/domestic/stock/054780/total"" target=""_blank"">Naver</a>"
263750,펄어비스,46.6813063877096,55.90192379987216,0.0,98.77284470487538,65.25735274597535,,"<a href=""https://m.stock.naver.com/domestic/stock/263750/total"" target=""_blank"">Naver</a>"
058400,KNN,46.6598977221661,30.15590030889132,64.68457412512753,98.0030238383658,51.89823243425694,,"<a href=""https://m.stock.naver.com/domestic/stock/058400/total"" target=""_blank"">Naver</a>"
067000,조이시티,46.57843761579937,41.45298520897305,49.57763063195886,54.37698092270726,77.49081480310215,,"<a href=""https://m.stock.naver.com/domestic/stock/067000/total"" target=""_blank"">Naver</a>"
328380,솔트웨어,46.55940786013896,51.74015351612649,14.792156834966145,73.09791584748943,90.14969913945174,,"<a href=""https://m.stock.naver.com/domestic/stock/328380/total"" target=""_blank"">Naver</a>"
122310,제노레이,46.527380289305455,22.62523071225084,82.64487788499834,97.88853026390218,50.04338728630293,,"<a href=""https://m.stock.naver.com/domestic/stock/122310/total"" target=""_blank"">Naver</a>"
038070,서린바이오,46.4620396457136,27.311470635779795,69.99761833449385,89.63994477561789,72.23516406120937,,"<a href=""https://m.stock.naver.com/domestic/stock/038070/total"" target=""_blank"">Naver</a>"
335870,윙스풋,46.4393823283433,50.0,20.154994977575267,84.89210070275495,58.2284702734797,,"<a href=""https://m.stock.naver.com/domestic/stock/335870/total"" target=""_blank"">Naver</a>"
048470,대동스틸,46.405016052729415,50.0,18.866582133621023,74.16063034985564,85.446149686772,,"<a href=""https://m.stock.naver.com/domestic/stock/048470/total"" target=""_blank"">Naver</a>"
348030,모비릭스,46.37702919257677,31.3164062922552,55.997012226370536,91.79797148487012,88.1627042428801,,"<a href=""https://m.stock.naver.com/domestic/stock/348030/total"" target=""_blank"">Naver</a>"
311390,네오크레마,46.36618640454918,50.048521028145196,22.814238544216632,67.23288347396118,78.20451608423585,,"<a href=""https://m.stock.naver.com/domestic/stock/311390/total"" target=""_blank"">Naver</a>"
075130,플랜티넷,46.35850741315714,43.09978430488216,29.919690428531663,99.4985739149984,61.37713663190178,,"<a href=""https://m.stock.naver.com/domestic/stock/075130/total"" target=""_blank"">Naver</a>"
131370,알서포트,46.3431532631019,28.505879558688864,67.21320293910908,88.67084848635409,71.38479888951801,,"<a href=""https://m.stock.naver.com/domestic/stock/131370/total"" target=""_blank"">Naver</a>"
029480,광무,46.33800334360406,51.58013373445586,19.636008057708175,74.34070600636409,60.937009757341805,,"<a href=""https://m.stock.naver.com/domestic/stock/029480/total"" target=""_blank"">Naver</a>"
019570,플루토스,46.332816021677694,64.48920885201629,0.0,66.39290710467915,20.0,,"<a href=""https://m.stock.naver.com/domestic/stock/019570/total"" target=""_blank"">Naver</a>"
217190,제너셈,46.26527273672286,20.749687139877096,90.02111930659147,85.86681961425737,54.4699732944598,,"<a href=""https://m.stock.naver.com/domestic/stock/217190/total"" target=""_blank"">Naver</a>"
045390,대아티아이,46.214146619752576,28.78920154103976,65.3171647537712,86.07607475825789,80.07454061720273,,"<a href=""https://m.stock.naver.com/domestic/stock/045390/total"" target=""_blank"">Naver</a>"
092600,앤씨앤,46.075838546427384,60.112938568645575,0.0,72.98512123951264,54.19126562577561,,"<a href=""https://m.stock.naver.com/domestic/stock/092600/total"" target=""_blank"">Naver</a>"
221980,케이디켐,46.041409986436705,26.653476419808857,70.06828962183927,97.8694591113085,54.906116359214316,,"<a href=""https://m.stock.naver.com/domestic/stock/221980/total"" target=""_blank"">Naver</a>"
041910,폴라리스AI파마,45.97868000248442,50.0,18.42992520827787,90.68083270921184,46.06230858987531,,"<a href=""https://m.stock.naver.com/domestic/stock/041910/total"" target=""_blank"">Naver</a>"
060280,큐렉소,45.94710047588282,50.0,25.54266613210029,74.48833188726603,42.25201508262283,,"<a href=""https://m.stock.naver.com/domestic/stock/060280/total"" target=""_blank"">Naver</a>"
950220,네오이뮨텍,45.69574516471316,55.75888944590542,0.0,99.55624238934247,,,"<a href=""https://m.stock.naver.com/domestic/stock/950220/total"" target=""_blank"">Naver</a>"
227100,퀀텀온,45.68608451297728,69.37160489544208,0.0,16.168759279706794,48.92491295482711,,"<a href=""https://m.stock.naver.com/domestic/stock/227100/total"" target=""_blank"">Naver</a>"
078140,대봉엘에스,45.67030104066354,26.06224834993604,68.0093158686813,99.38579353605779,61.84087419851605,,"<a href=""https://m.stock.naver.com/domestic/stock/078140/total"" target=""_blank"">Naver</a>"
208640,썸에이지,45.61121574198284,58.41988005418214,0.0,74.00952352181639,63.16670714583838,,"<a href=""https://m.stock.naver.com/domestic/stock/208640/total"" target=""_blank"">Naver</a>"
263690,디알젬,45.5442844901966,23.745252461908844,81.14543795772833,82.67285758288989,54.86975530660447,,"<a href=""https://m.stock.naver.com/domestic/stock/263690/total"" target=""_blank"">Naver</a>"
014200,광림,45.511841389160445,46.36955047576226,22.727717273898367,80.0385705118268,80.08649468091639,,"<a href=""https://m.stock.naver.com/domestic/stock/014200/total"" target=""_blank"">Naver</a>"
122450,KX,45.47071006309059,25.716180730850827,77.04403478173326,71.7057809681725,72.18829664659064,,"<a href=""https://m.stock.naver.com/domestic/stock/122450/total"" target=""_blank"">Naver</a>"
016670,디모아,45.377714933918874,49.25879412512233,20.57283394437535,74.20719682347729,65.17020580807826,,"<a href=""https://m.stock.naver.com/domestic/stock/016670/total"" target=""_blank"">Naver</a>"
043220,티에스넥스젠,45.29544250048907,59.687580305104895,0.9917291700120049,73.21330491605825,38.27263066634598,,"<a href=""https://m.stock.naver.com/domestic/stock/043220/total"" target=""_blank"">Naver</a>"
162300,신스틸,45.26536998529889,33.333333333333336,58.332779884535114,66.09112640115778,81.46124748098653,,"<a href=""https://m.stock.naver.com/domestic/stock/162300/total"" target=""_blank"">Naver</a>"
189300,인텔리안테크,45.239854365731205,33.750063858806506,59.789211971170715,78.86855612467156,43.11314890374935,,"<a href=""https://m.stock.naver.com/domestic/stock/189300/total"" target=""_blank"">Naver</a>"
126600,BGF에코머티리얼즈,45.23955369109351,31.71661972062161,59.79922104282681,80.98381934340279,63.22789327347125,,"<a href=""https://m.stock.naver.com/domestic/stock/126600/total"" target=""_blank"">Naver</a>"
299030,하나기술,45.17299278455414,40.371739193070205,42.58340839941098,69.02825513093183,68.02543311532179,,"<a href=""https://m.stock.naver.com/domestic/stock/299030/total"" target=""_blank"">Naver</a>"
016790,현대사료,44.9470527520107,60.216668056208825,10.03916577600758,27.5,71.14520948567022,,"<a href=""https://m.stock.naver.com/domestic/stock/016790/total"" target=""_blank"">Naver</a>"
149950,아바텍,44.94471087216797,50.0,13.954434049693262,74.75998056730627,79.6020860602805,,"<a href=""https://m.stock.naver.com/domestic/stock/149950/total"" target=""_blank"">Naver</a>"
222810,세토피아,44.88387128114923,56.683344680715116,0.7556762340713249,61.9197836266725,89.8593410307017,,"<a href=""https://m.stock.naver.com/domestic/stock/222810/total"" target=""_blank"">Naver</a>"
030960,양지사,44.74688366289615,50.0,20.183190047551022,74.86433437406485,44.293054272038106,,"<a href=""https://m.stock.naver.com/domestic/stock/030960/total"" target=""_blank"">Naver</a>"
900340,윙입푸드,44.681839279653374,22.963655795737882,66.72553123239841,99.40231868537035,85.64062251148013,,"<a href=""https://m.stock.naver.com/domestic/stock/900340/total"" target=""_blank"">Naver</a>"
263050,유틸렉스,44.633907819600225,62.103192556064045,0.0,49.66952768192977,48.100790355376574,,"<a href=""https://m.stock.naver.com/domestic/stock/263050/total"" target=""_blank"">Naver</a>"
348080,큐라티스,44.583333333333336,50.0,33.333333333333336,52.5,20.0,,"<a href=""https://m.stock.naver.com/domestic/stock/348080/total"" target=""_blank"">Naver</a>"
140410,메지온,44.505197859582694,59.873226786976794,0.0,63.76522555524574,44.094784637440895,,"<a href=""https://m.stock.naver.com/domestic/stock/140410/total"" target=""_blank"">Naver</a>"
064260,다날,44.46049850191509,52.748357362754014,13.155690918234697,62.12445644231671,66.2023142094468,,"<a href=""https://m.stock.naver.com/domestic/stock/064260/total"" target=""_blank"">Naver</a>"
138360,협진,44.41053180138605,50.0,19.34349146334949,74.19298176722053,43.10721517653246,,"<a href=""https://m.stock.naver.com/domestic/stock/138360/total"" target=""_blank"">Naver</a>"
048410,현대바이오,44.345261103652234,61.44379375830073,0.0,54.31042054904341,40.95885587534925,,"<a href=""https://m.stock.naver.com/domestic/stock/048410/total"" target=""_blank"">Naver</a>"
361670,삼영에스앤씨,44.33882106186953,50.0,7.806052957502837,99.57995843108675,48.58623958770275,,"<a href=""https://m.stock.naver.com/domestic/stock/361670/total"" target=""_blank"">Naver</a>"
446750,하나26호스팩,44.19987464127621,50.0,23.74535812049472,60.53541379088714,,,"<a href=""https://m.stock.naver.com/domestic/stock/446750/total"" target=""_blank"">Naver</a>"
418550,제이오,44.17176326096633,50.0,10.994328814706288,73.89638745643283,80.67084623292962,,"<a href=""https://m.stock.naver.com/domestic/stock/418550/total"" target=""_blank"">Naver</a>"
032860,더라미,44.11770872107883,50.0,7.943424452700718,74.70146946402122,93.23411323003047,,"<a href=""https://m.stock.naver.com/domestic/stock/032860/total"" target=""_blank"">Naver</a>"
035290,골드앤에스,44.05692882906292,50.0,0.0,99.04490002667775,83.04877652790286,,"<a href=""https://m.stock.naver.com/domestic/stock/035290/total"" target=""_blank"">Naver</a>"
033290,코웰패션,43.95980906947154,24.93153585034385,65.09399173830789,82.6795861392173,89.18862021533056,,"<a href=""https://m.stock.naver.com/domestic/stock/033290/total"" target=""_blank"">Naver</a>"
105550,엣지파운드리,43.91572996239471,57.85048971246717,4.137778465390333,53.8649233389943,55.68998369334774,,"<a href=""https://m.stock.naver.com/domestic/stock/105550/total"" target=""_blank"">Naver</a>"
051370,인터플렉스,43.911827981998925,25.86228973856294,58.65165943607043,92.49223617659156,89.64631324368791,,"<a href=""https://m.stock.naver.com/domestic/stock/051370/total"" target=""_blank"">Naver</a>"
323280,태성,43.90793584040812,33.333333333333336,48.21057341950338,82.9598449420863,71.1861598264729,,"<a href=""https://m.stock.naver.com/domestic/stock/323280/total"" target=""_blank"">Naver</a>"
039420,케이엘넷,43.889654544329616,17.150192807454992,77.46388239704062,99.58363722100518,85.50409076991889,,"<a href=""https://m.stock.naver.com/domestic/stock/039420/total"" target=""_blank"">Naver</a>"
189860,서전기전,43.87544414568606,50.0,10.618836625644649,66.46603738012851,91.48262502524095,,"<a href=""https://m.stock.naver.com/domestic/stock/189860/total"" target=""_blank"">Naver</a>"
092130,이크레더블,43.83088150283884,8.762876940784855,99.54038115614871,95.47217325065404,82.81685448530698,,"<a href=""https://m.stock.naver.com/domestic/stock/092130/total"" target=""_blank"">Naver</a>"
103840,우양,43.80268346643884,50.0,24.278528785053254,38.18782795129813,78.28536950091436,,"<a href=""https://m.stock.naver.com/domestic/stock/103840/total"" target=""_blank"">Naver</a>"
033830,티비씨,43.74249851416396,24.54406822331357,64.57102671190042,99.874526103612,57.71696583679032,,"<a href=""https://m.stock.naver.com/domestic/stock/033830/total"" target=""_blank"">Naver</a>"
060240,스타코링크,43.702139180206,54.30944718259595,0.0,74.59941128506065,73.13059484284727,,"<a href=""https://m.stock.naver.com/domestic/stock/060240/total"" target=""_blank"">Naver</a>"
355150,코스텍시스,43.699891308604634,50.0,26.666666666666668,54.988325046298876,30.687842746161614,,"<a href=""https://m.stock.naver.com/domestic/stock/355150/total"" target=""_blank"">Naver</a>"
264850,이랜시스,43.63859858075273,24.29517141282072,65.40274874584186,85.72214055608094,82.77188981983473,,"<a href=""https://m.stock.naver.com/domestic/stock/264850/total"" target=""_blank"">Naver</a>"
256940,킵스파마,43.629884384125894,62.17623320646235,0.0,36.32411926777274,53.83465066942418,,"<a href=""https://m.stock.naver.com/domestic/stock/256940/total"" target=""_blank"">Naver</a>"
034950,한국기업평가,43.612794676858464,10.717920308717288,94.23909472578627,97.16455217549492,78.11627185264057,,"<a href=""https://m.stock.naver.com/domestic/stock/034950/total"" target=""_blank"">Naver</a>"
900310,컬러레이,43.59173169847687,19.25624484415484,80.78717836682277,99.85620389306719,37.11139621943125,,"<a href=""https://m.stock.naver.com/domestic/stock/900310/total"" target=""_blank"">Naver</a>"
037230,한국팩키지,43.588097776974664,50.0,20.4311238083512,43.44020921820404,82.72591806132925,,"<a href=""https://m.stock.naver.com/domestic/stock/037230/total"" target=""_blank"">Naver</a>"
206400,베노티앤알,43.51010610440564,50.0,0.0,98.68825446736223,72.82561315338828,,"<a href=""https://m.stock.naver.com/domestic/stock/206400/total"" target=""_blank"">Naver</a>"
088290,이원컴포텍,43.43251149895058,50.0,16.90032025695475,49.0603649570382,86.02789878016138,,"<a href=""https://m.stock.naver.com/domestic/stock/088290/total"" target=""_blank"">Naver</a>"
059270,해성에어로보틱스,43.344862002168135,50.0,11.256195431532866,74.77317783123405,61.06990722323032,,"<a href=""https://m.stock.naver.com/domestic/stock/059270/total"" target=""_blank"">Naver</a>"
041460,한국전자인증,43.28423953864258,22.96494607953589,67.08811217913893,88.83838875554837,76.98809941162943,,"<a href=""https://m.stock.naver.com/domestic/stock/041460/total"" target=""_blank"">Naver</a>"
049470,SGA,43.206415094189424,50.0,7.970496795321687,71.91729167287667,80.44123456142668,,"<a href=""https://m.stock.naver.com/domestic/stock/049470/total"" target=""_blank"">Naver</a>"
025550,한국선재,43.117996378419605,32.98335346807057,52.301240393293206,74.60142573867894,55.85063250772125,,"<a href=""https://m.stock.naver.com/domestic/stock/025550/total"" target=""_blank"">Naver</a>"
138610,나이벡,42.97648999773496,50.0,16.312826114730953,68.53433373782624,40.89700190539194,,"<a href=""https://m.stock.naver.com/domestic/stock/138610/total"" target=""_blank"">Naver</a>"
222040,코스맥스엔비티,42.97108790233375,50.55421283491006,21.40312290680082,31.951323997324558,81.85294149910101,,"<a href=""https://m.stock.naver.com/domestic/stock/222040/total"" target=""_blank"">Naver</a>"
190510,나무가,42.967674882534936,18.412243031486337,71.49671332432278,92.66483841282347,95.59333782560178,,"<a href=""https://m.stock.naver.com/domestic/stock/190510/total"" target=""_blank"">Naver</a>"
340360,다보링크,42.91834476623055,50.0,7.99616958328383,67.19140086092139,84.00324568634895,,"<a href=""https://m.stock.naver.com/domestic/stock/340360/total"" target=""_blank"">Naver</a>"
093640,케이알엠,42.9112807108238,50.0,14.765721822797095,74.12393923018394,36.149126642122695,,"<a href=""https://m.stock.naver.com/domestic/stock/093640/total"" target=""_blank"">Naver</a>"
100120,뷰웍스,42.879271684711846,20.716390978342943,77.22079200770094,88.27619263039871,46.33239665481949,,"<a href=""https://m.stock.naver.com/domestic/stock/100120/total"" target=""_blank"">Naver</a>"
008290,원풍물산,42.83165080449721,50.0,13.964508214823978,56.97872566560591,72.85302368461244,,"<a href=""https://m.stock.naver.com/domestic/stock/008290/total"" target=""_blank"">Naver</a>"
080470,성창오토텍,42.65411627127643,30.241516781836737,49.75604075654608,76.62995349776534,88.14401326522659,,"<a href=""https://m.stock.naver.com/domestic/stock/080470/total"" target=""_blank"">Naver</a>"
078350,한양디지텍,42.589248339908636,18.547952102017152,75.03616343154285,81.37687854902617,91.27496731820032,,"<a href=""https://m.stock.naver.com/domestic/stock/078350/total"" target=""_blank"">Naver</a>"
114810,한솔아이원스,42.536818841373275,12.458516647787048,86.04063112609022,94.02449641465499,82.98202859425992,,"<a href=""https://m.stock.naver.com/domestic/stock/114810/total"" target=""_blank"">Naver</a>"
376180,피코그램,42.51432403866562,21.167920011800692,70.35020863324992,85.61350085743848,73.29339575057766,,"<a href=""https://m.stock.naver.com/domestic/stock/376180/total"" target=""_blank"">Naver</a>"
388720,유일로보틱스,42.51038984387102,50.0,8.021953818083846,73.57746961351761,62.94308855996593,,"<a href=""https://m.stock.naver.com/domestic/stock/388720/total"" target=""_blank"">Naver</a>"
036800,나이스정보통신,42.50179987435879,27.247762103232706,60.92039037651102,81.37072385645948,55.719452652909254,,"<a href=""https://m.stock.naver.com/domestic/stock/036800/total"" target=""_blank"">Naver</a>"
288620,에스퓨얼셀,42.49440339805601,38.860575190619834,45.031841153159434,67.09754876221736,24.206862383450243,,"<a href=""https://m.stock.naver.com/domestic/stock/288620/total"" target=""_blank"">Naver</a>"
182360,큐브엔터,42.437463151115494,24.17620765451932,63.31237110591613,75.53074501549412,91.01142560750914,,"<a href=""https://m.stock.naver.com/domestic/stock/182360/total"" target=""_blank"">Naver</a>"
143240,사람인,42.41068152888375,11.479081710133253,87.3332495582156,96.4522945463494,80.89381317229905,,"<a href=""https://m.stock.naver.com/domestic/stock/143240/total"" target=""_blank"">Naver</a>"
900070,글로벌에스엠,42.39649514865684,23.610348332160573,60.029958594415895,99.1808019020236,66.09432621108328,,"<a href=""https://m.stock.naver.com/domestic/stock/900070/total"" target=""_blank"">Naver</a>"
091700,파트론,42.3887470617453,23.25854858153312,56.85390886834193,97.58272400378542,89.23736590722797,,"<a href=""https://m.stock.naver.com/domestic/stock/091700/total"" target=""_blank"">Naver</a>"
199800,툴젠,42.3646925778231,58.269515168530255,0.0,49.89601982394446,48.26762988620998,,"<a href=""https://m.stock.naver.com/domestic/stock/199800/total"" target=""_blank"">Naver</a>"
417860,오브젠,42.35367610665539,50.0,4.9865145952882965,61.07047457833315,100.0,,"<a href=""https://m.stock.naver.com/domestic/stock/417860/total"" target=""_blank"">Naver</a>"
288330,브릿지바이오테라퓨틱스,42.33993069138781,50.48852472716313,0.0,99.29819320520541,,,"<a href=""https://m.stock.naver.com/domestic/stock/288330/total"" target=""_blank"">Naver</a>"
241770,메카로,42.32710154124128,16.639797863563327,80.92704320943962,99.58944567988064,43.050349055106295,,"<a href=""https://m.stock.naver.com/domestic/stock/241770/total"" target=""_blank"">Naver</a>"
066410,버킷스튜디오,42.313055808689604,57.27547908123595,0.0,45.42607750699882,68.1032121849631,,"<a href=""https://m.stock.naver.com/domestic/stock/066410/total"" target=""_blank"">Naver</a>"
141000,비아트론,42.174373761553476,14.389384825985255,81.1456110108172,94.98691661022153,75.11296904471729,,"<a href=""https://m.stock.naver.com/domestic/stock/141000/total"" target=""_blank"">Naver</a>"
319400,현대무벡스,42.09652042561527,24.310160628709735,54.95194234524073,95.07953950123071,85.28969023912333,,"<a href=""https://m.stock.naver.com/domestic/stock/319400/total"" target=""_blank"">Naver</a>"
290690,소룩스,42.057044936433236,50.0,6.026636824380977,65.59118351647719,79.82534757380546,,"<a href=""https://m.stock.naver.com/domestic/stock/290690/total"" target=""_blank"">Naver</a>"
045060,오공,42.05160549573109,22.778689089862684,56.74290603060533,99.30321228299755,85.3668861172479,,"<a href=""https://m.stock.naver.com/domestic/stock/045060/total"" target=""_blank"">Naver</a>"
008370,원풍,42.02652870699077,19.394240179170172,68.94279009003183,93.04475622781626,76.99622908398149,,"<a href=""https://m.stock.naver.com/domestic/stock/008370/total"" target=""_blank"">Naver</a>"
238120,얼라인드,41.90924885668764,17.694716209042976,77.46887915456864,99.29848872230767,39.90700940777852,,"<a href=""https://m.stock.naver.com/domestic/stock/238120/total"" target=""_blank"">Naver</a>"
006620,동구바이오제약,41.891174693697494,24.80087936254056,57.363739804365,89.73539131171171,73.92345987821469,,"<a href=""https://m.stock.naver.com/domestic/stock/006620/total"" target=""_blank"">Naver</a>"
089600,KT나스미디어,41.835052555917336,17.590229737735488,83.08735510568489,92.39210135238525,25.397316032325907,,"<a href=""https://m.stock.naver.com/domestic/stock/089600/total"" target=""_blank"">Naver</a>"
035620,바른손이앤에이,41.81403748522889,55.94819154409267,0.0,52.04512859087468,60.812193993716214,,"<a href=""https://m.stock.naver.com/domestic/stock/035620/total"" target=""_blank"">Naver</a>"
080520,오디텍,41.71425737562005,50.0,6.779446474763302,74.75517342040565,50.87756829777323,,"<a href=""https://m.stock.naver.com/domestic/stock/080520/total"" target=""_blank"">Naver</a>"
114450,그린생명과학,41.6979546479165,50.0,0.456278025254897,74.28771476153536,83.1022733089847,,"<a href=""https://m.stock.naver.com/domestic/stock/114450/total"" target=""_blank"">Naver</a>"
332290,누보,41.65688367486542,50.24605517188789,13.67467083612753,53.372968442947595,55.06572036812083,,"<a href=""https://m.stock.naver.com/domestic/stock/332290/total"" target=""_blank"">Naver</a>"
003800,에이스침대,41.65219203749204,14.904937983129022,78.56269812438346,98.59216943923883,64.18675545189751,,"<a href=""https://m.stock.naver.com/domestic/stock/003800/total"" target=""_blank"">Naver</a>"
173940,에프엔씨엔터,41.56779641738058,52.3384846439889,0.0,58.97183273446789,85.350447150809,,"<a href=""https://m.stock.naver.com/domestic/stock/173940/total"" target=""_blank"">Naver</a>"
043200,파루,41.55538626435319,53.505617017772416,6.058627792798291,51.016893028590985,56.713396052621405,,"<a href=""https://m.stock.naver.com/domestic/stock/043200/total"" target=""_blank"">Naver</a>"
018700,바른손,41.519273783298345,51.010570410740335,1.349108568281382,66.52188867964446,78.46931053638707,,"<a href=""https://m.stock.naver.com/domestic/stock/018700/total"" target=""_blank"">Naver</a>"
307870,비투엔,41.50695700654087,50.0,4.988189484545913,63.44409834346894,78.30999602115006,,"<a href=""https://m.stock.naver.com/domestic/stock/307870/total"" target=""_blank"">Naver</a>"
100030,인지소프트,41.503970373802176,39.10232276066256,30.258787586483475,74.46607664668477,60.6254431223059,,"<a href=""https://m.stock.naver.com/domestic/stock/100030/total"" target=""_blank"">Naver</a>"
065650,하이퍼코퍼레이션,41.46562188446156,50.0,1.385733692733787,71.55093613544608,79.2818969546701,,"<a href=""https://m.stock.naver.com/domestic/stock/065650/total"" target=""_blank"">Naver</a>"
027710,팜스토리,41.450444998054245,42.073942587776266,30.48549771937698,43.20651521300512,85.28106988487454,,"<a href=""https://m.stock.naver.com/domestic/stock/027710/total"" target=""_blank"">Naver</a>"
084990,헬릭스미스,41.35938366362943,54.95395210673494,0.0,62.07361274012114,43.59302251152717,,"<a href=""https://m.stock.naver.com/domestic/stock/084990/total"" target=""_blank"">Naver</a>"
007820,에스엠코어,41.339742780761746,30.411162046797724,43.55492210409434,80.89577429144786,82.29475195029485,,"<a href=""https://m.stock.naver.com/domestic/stock/007820/total"" target=""_blank"">Naver</a>"
114190,강원에너지,41.33820403224801,44.43116931050764,22.236301118879428,53.43846357531224,75.53161617384673,,"<a href=""https://m.stock.naver.com/domestic/stock/114190/total"" target=""_blank"">Naver</a>"
183300,코미코,41.324199601447155,12.883820586739818,79.17293383650366,93.23431216543933,89.54485147466823,,"<a href=""https://m.stock.naver.com/domestic/stock/183300/total"" target=""_blank"">Naver</a>"
217330,싸이토젠,41.3088632125782,63.12262588372738,0.0,2.5,63.70575364683545,,"<a href=""https://m.stock.naver.com/domestic/stock/217330/total"" target=""_blank"">Naver</a>"
291650,압타머사이언스,41.25292185897398,50.0,0.0,97.71358132892378,29.631274521631866,,"<a href=""https://m.stock.naver.com/domestic/stock/291650/total"" target=""_blank"">Naver</a>"
174900,앱클론,41.218468761984155,50.0,0.0,73.62741089624102,77.11455344720113,,"<a href=""https://m.stock.naver.com/domestic/stock/174900/total"" target=""_blank"">Naver</a>"
072020,중앙백신,41.19373030428891,21.840476073881728,64.7799506894425,99.51568618444225,38.85776738310037,,"<a href=""https://m.stock.naver.com/domestic/stock/072020/total"" target=""_blank"">Naver</a>"
950160,코오롱티슈진,41.18636366785349,50.0,0.0,74.49717402310648,74.73292531085687,,"<a href=""https://m.stock.naver.com/domestic/stock/950160/total"" target=""_blank"">Naver</a>"
108230,톱텍,41.17928925482971,29.371946049831873,43.47081470523494,91.74718810133875,70.2739827697596,,"<a href=""https://m.stock.naver.com/domestic/stock/108230/total"" target=""_blank"">Naver</a>"
215380,우정바이오,41.16918995582307,50.0,14.158254336075819,36.0264770659079,80.53957330426654,,"<a href=""https://m.stock.naver.com/domestic/stock/215380/total"" target=""_blank"">Naver</a>"
060370,LS마린솔루션,41.117365605634326,50.0,0.0,74.82458756896484,72.69813697475689,,"<a href=""https://m.stock.naver.com/domestic/stock/060370/total"" target=""_blank"">Naver</a>"
050090,비케이홀딩스,41.10405445024179,50.0,0.0,74.24566644925217,73.58975610633135,,"<a href=""https://m.stock.naver.com/domestic/stock/050090/total"" target=""_blank"">Naver</a>"
094970,제이엠티,41.09803541783416,6.899303648473011,94.01583671837285,99.31017047754591,70.46954002805089,,"<a href=""https://m.stock.naver.com/domestic/stock/094970/total"" target=""_blank"">Naver</a>"
153710,옵티팜,41.063022361185816,50.0,0.0,73.10877072202715,75.04290577966205,,"<a href=""https://m.stock.naver.com/domestic/stock/153710/total"" target=""_blank"">Naver</a>"
140070,서플러스글로벌,41.0526457798076,19.56084844573618,72.87482387339438,87.13509533883442,47.678424202677135,,"<a href=""https://m.stock.naver.com/domestic/stock/140070/total"" target=""_blank"">Naver</a>"
331920,셀레믹스,41.05213098371489,50.0,0.0,74.5128641178381,72.0168914386216,,"<a href=""https://m.stock.naver.com/domestic/stock/331920/total"" target=""_blank"">Naver</a>"
037760,쎄니트,41.00928860184678,23.23595020118749,61.38506663995903,78.40867786910067,77.6116806846892,,"<a href=""https://m.stock.naver.com/domestic/stock/037760/total"" target=""_blank"">Naver</a>"
023770,플레이위드,41.006114282940615,50.0,0.0,74.37424711457993,71.37379142965246,,"<a href=""https://m.stock.naver.com/domestic/stock/023770/total"" target=""_blank"">Naver</a>"
389470,인벤티지랩,40.9173146271488,50.0,0.0,74.63634585450647,69.07360083396291,,"<a href=""https://m.stock.naver.com/domestic/stock/389470/total"" target=""_blank"">Naver</a>"
279600,미디어젠,40.892068104753164,50.0,0.0,71.07584301076147,75.68967607354044,,"<a href=""https://m.stock.naver.com/domestic/stock/279600/total"" target=""_blank"">Naver</a>"
313760,캐리,40.83993391821738,50.0,0.0,72.13654544658047,72.52558747118675,,"<a href=""https://m.stock.naver.com/domestic/stock/313760/total"" target=""_blank"">Naver</a>"
052670,제일바이오,40.81273195744981,50.0,0.4288017859442883,74.90171886154104,64.30719249619277,,"<a href=""https://m.stock.naver.com/domestic/stock/052670/total"" target=""_blank"">Naver</a>"
014470,부방,40.78325075555621,24.790169037398545,65.37139998258722,51.320092259213695,88.68580223097811,,"<a href=""https://m.stock.naver.com/domestic/stock/014470/total"" target=""_blank"">Naver</a>"
147760,피엠티,40.781500804569696,50.0,0.0,74.07558815494846,67.47883978149704,,"<a href=""https://m.stock.naver.com/domestic/stock/147760/total"" target=""_blank"">Naver</a>"
312610,에이에프더블류,40.744094547370715,50.0,0.0,74.94463694648067,64.99261705445288,,"<a href=""https://m.stock.naver.com/domestic/stock/312610/total"" target=""_blank"">Naver</a>"
094480,갤럭시아머니트리,40.661686179306415,30.46271642108916,55.69775895643244,67.84255346101278,33.507224828870804,,"<a href=""https://m.stock.naver.com/domestic/stock/094480/total"" target=""_blank"">Naver</a>"
047920,HLB제약,40.644363392598805,50.0,5.348968929304267,63.931712435721394,58.2789983340121,,"<a href=""https://m.stock.naver.com/domestic/stock/047920/total"" target=""_blank"">Naver</a>"
007530,와이엠,40.57840133166919,31.769615479676904,49.87207923038533,49.19299386042054,82.58625700449319,,"<a href=""https://m.stock.naver.com/domestic/stock/007530/total"" target=""_blank"">Naver</a>"
121440,골프존홀딩스,40.53419943419974,13.806280865067997,83.1623128995708,82.8692035818308,63.45864664166325,,"<a href=""https://m.stock.naver.com/domestic/stock/121440/total"" target=""_blank"">Naver</a>"
277880,티에스아이,40.501675001553146,33.333333333333336,45.047267482977986,62.070495349235614,60.65617191770172,,"<a href=""https://m.stock.naver.com/domestic/stock/277880/total"" target=""_blank"">Naver</a>"
402030,코난테크놀로지,40.4965806874891,50.0,0.0,74.42974277083519,61.072128208111494,,"<a href=""https://m.stock.naver.com/domestic/stock/402030/total"" target=""_blank"">Naver</a>"
068930,디지털대성,40.48847385733674,16.735921663908307,71.78584705200053,79.576025694089,90.85713053165446,,"<a href=""https://m.stock.naver.com/domestic/stock/068930/total"" target=""_blank"">Naver</a>"
057880,푸른소나무,40.46309157394228,56.724911304610345,0.0,44.28144791176076,40.0,,"<a href=""https://m.stock.naver.com/domestic/stock/057880/total"" target=""_blank"">Naver</a>"
044780,에이치케이,40.46114119989755,22.02980180866427,59.1698412348343,97.59433457746111,53.82732696488587,,"<a href=""https://m.stock.naver.com/domestic/stock/044780/total"" target=""_blank"">Naver</a>"
101730,위메이드맥스,40.4577823225446,6.357334192401999,92.51574079826072,96.45988642576302,77.36915929923839,,"<a href=""https://m.stock.naver.com/domestic/stock/101730/total"" target=""_blank"">Naver</a>"
198440,강동씨앤엘,40.44960798761518,50.0,0.0,74.36367719915094,60.264805354001744,,"<a href=""https://m.stock.naver.com/domestic/stock/198440/total"" target=""_blank"">Naver</a>"
087010,펩트론,40.446857569316975,50.0,0.0,73.23798439615852,62.4611825940224,,"<a href=""https://m.stock.naver.com/domestic/stock/087010/total"" target=""_blank"">Naver</a>"
129890,앱코,40.42391481640516,50.0,0.0,71.67675747566707,65.12478137676901,,"<a href=""https://m.stock.naver.com/domestic/stock/129890/total"" target=""_blank"">Naver</a>"
006910,보성파워텍,40.419035388000225,50.0,2.2804009214669,74.85512143069406,47.26846029128181,,"<a href=""https://m.stock.naver.com/domestic/stock/006910/total"" target=""_blank"">Naver</a>"
061040,알에프텍,40.405900070546224,24.26135932424457,53.745555205098604,83.78534424420945,80.68322500607759,,"<a href=""https://m.stock.naver.com/domestic/stock/061040/total"" target=""_blank"">Naver</a>"
007390,네이처셀,40.39733390953207,52.13416329287907,0.0,68.89635126295899,44.54401615017455,,"<a href=""https://m.stock.naver.com/domestic/stock/007390/total"" target=""_blank"">Naver</a>"
191410,육일씨엔에쓰,40.36604360309733,44.683624577889645,15.740040814329374,57.674545655895635,77.0680817438328,,"<a href=""https://m.stock.naver.com/domestic/stock/191410/total"" target=""_blank"">Naver</a>"
294140,레몬,40.36206451829008,50.0,0.0,56.57609751550712,94.08909533478753,,"<a href=""https://m.stock.naver.com/domestic/stock/294140/total"" target=""_blank"">Naver</a>"
291810,핀텔,40.34530775025306,50.0,0.0,74.22712200516084,58.45191099473951,,"<a href=""https://m.stock.naver.com/domestic/stock/291810/total"" target=""_blank"">Naver</a>"
023790,동일스틸럭스,40.34443676346592,50.0,16.13172999385494,41.4993056752885,43.23147394946679,,"<a href=""https://m.stock.naver.com/domestic/stock/023790/total"" target=""_blank"">Naver</a>"
356860,티엘비,40.340960200035404,8.883189098172746,83.2497724610807,98.1157346193161,87.7406032785994,,"<a href=""https://m.stock.naver.com/domestic/stock/356860/total"" target=""_blank"">Naver</a>"
079650,서산,40.33331356071801,32.09687515119303,42.69854897590253,74.82937756786842,58.35226938479417,,"<a href=""https://m.stock.naver.com/domestic/stock/079650/total"" target=""_blank"">Naver</a>"
108860,셀바스AI,40.32867079751133,17.3172734466064,70.97008838662035,86.98754552659803,69.94060160465196,,"<a href=""https://m.stock.naver.com/domestic/stock/108860/total"" target=""_blank"">Naver</a>"
315640,딥노이드,40.29010176302689,50.0,0.0,73.85591166785312,58.09021192483158,,"<a href=""https://m.stock.naver.com/domestic/stock/315640/total"" target=""_blank"">Naver</a>"
101930,인화정공,40.270589833821575,40.61984186865713,24.861672432552012,58.28716530355588,77.09100148267413,,"<a href=""https://m.stock.naver.com/domestic/stock/101930/total"" target=""_blank"">Naver</a>"
303030,지니틱스,40.251082661771584,50.0,0.0,73.9637866186185,57.09407999819462,,"<a href=""https://m.stock.naver.com/domestic/stock/303030/total"" target=""_blank"">Naver</a>"
352940,인바이오,40.21666800768059,50.0,0.0,90.30404357900414,23.725272995603397,,"<a href=""https://m.stock.naver.com/domestic/stock/352940/total"" target=""_blank"">Naver</a>"
298060,에스씨엠생명과학,40.18266569314517,50.0,0.0,73.13291693909409,57.38747998471524,,"<a href=""https://m.stock.naver.com/domestic/stock/298060/total"" target=""_blank"">Naver</a>"
046390,삼화네트웍스,40.15918776297945,14.413389189238737,74.14545172564503,86.10934550736897,87.27713534576094,,"<a href=""https://m.stock.naver.com/domestic/stock/046390/total"" target=""_blank"">Naver</a>"
036640,HRS,40.132261118383106,15.254432855038589,73.23821734522214,99.67148936525737,54.05796265057364,,"<a href=""https://m.stock.naver.com/domestic/stock/036640/total"" target=""_blank"">Naver</a>"
049480,오픈베이스,40.08512326271344,21.66904681667147,53.167636090136966,92.41599122766246,91.00374054820138,,"<a href=""https://m.stock.naver.com/domestic/stock/049480/total"" target=""_blank"">Naver</a>"
036090,위지트,40.070573778747146,18.259762418650023,74.58323798392786,71.7103751049786,65.95738642154608,,"<a href=""https://m.stock.naver.com/domestic/stock/036090/total"" target=""_blank"">Naver</a>"
016250,SGC E&C,40.0220545675856,25.375070828174533,55.09599629757857,64.2151229067712,92.03001411218239,,"<a href=""https://m.stock.naver.com/domestic/stock/016250/total"" target=""_blank"">Naver</a>"
376270,에이치이엠파마,39.96315376585869,50.0,0.0,68.59243401083549,62.07820729550289,,"<a href=""https://m.stock.naver.com/domestic/stock/376270/total"" target=""_blank"">Naver</a>"
365270,큐라클,39.951587954344724,50.0,0.0,74.48632248437785,50.05911411813866,,"<a href=""https://m.stock.naver.com/domestic/stock/365270/total"" target=""_blank"">Naver</a>"
377330,이지트로닉스,39.87842361464317,50.0,3.204062085550223,74.61835439552402,32.31145307406426,,"<a href=""https://m.stock.naver.com/domestic/stock/377330/total"" target=""_blank"">Naver</a>"
131220,대한과학,39.867435125676224,16.767670773024225,66.94252522552061,99.0240261052112,63.37597489920821,,"<a href=""https://m.stock.naver.com/domestic/stock/131220/total"" target=""_blank"">Naver</a>"
046440,KG모빌리언스,39.74629907101116,14.422260637446508,69.15440058064786,97.36175169927944,81.36334746906682,,"<a href=""https://m.stock.naver.com/domestic/stock/046440/total"" target=""_blank"">Naver</a>"
060850,영림원소프트랩,39.73051226549834,12.725418514483467,71.69746634528546,99.15338930234938,85.11111280503917,,"<a href=""https://m.stock.naver.com/domestic/stock/060850/total"" target=""_blank"">Naver</a>"
150900,파수,39.72378350358729,13.73676396717172,70.66082415807593,98.04438239376708,80.24161688777137,,"<a href=""https://m.stock.naver.com/domestic/stock/150900/total"" target=""_blank"">Naver</a>"
069920,엑시온그룹,39.718971825190145,50.0,0.0,74.79573874759099,44.78795900862097,,"<a href=""https://m.stock.naver.com/domestic/stock/069920/total"" target=""_blank"">Naver</a>"
109820,진매트릭스,39.62581481952023,50.0,0.0,74.20235764560726,44.111581099189934,,"<a href=""https://m.stock.naver.com/domestic/stock/109820/total"" target=""_blank"">Naver</a>"
038390,레드캡투어,39.6143624401727,23.658649250161186,67.31573547391186,50.22304546119402,71.35868950957241,,"<a href=""https://m.stock.naver.com/domestic/stock/038390/total"" target=""_blank"">Naver</a>"
246710,티앤알바이오팹,39.61026267581678,50.0,0.0,66.31410107250072,59.57705137133399,,"<a href=""https://m.stock.naver.com/domestic/stock/246710/total"" target=""_blank"">Naver</a>"
389500,에스비비테크,39.59271299893188,50.0,0.0,73.26258272066049,45.32909453731665,,"<a href=""https://m.stock.naver.com/domestic/stock/389500/total"" target=""_blank"">Naver</a>"
304100,솔트룩스,39.587457537695045,43.7557517633989,0.0,98.65772904795102,69.36467149721211,,"<a href=""https://m.stock.naver.com/domestic/stock/304100/total"" target=""_blank"">Naver</a>"
389030,지니너스,39.55196812862277,50.0,0.0,74.85211409642227,41.33513437961082,,"<a href=""https://m.stock.naver.com/domestic/stock/389030/total"" target=""_blank"">Naver</a>"
039030,이오테크닉스,39.533442571578554,11.221174626666432,83.79519887115859,95.07403682126889,46.89068791324313,,"<a href=""https://m.stock.naver.com/domestic/stock/039030/total"" target=""_blank"">Naver</a>"
146320,비씨엔씨,39.43731601607232,14.733344972746869,73.54058922629281,89.69965256294583,64.8439293911284,,"<a href=""https://m.stock.naver.com/domestic/stock/146320/total"" target=""_blank"">Naver</a>"
014100,메디앙스,39.383889261934605,43.28185882093118,13.903057972240093,68.14895172553615,62.4822860752453,,"<a href=""https://m.stock.naver.com/domestic/stock/014100/total"" target=""_blank"">Naver</a>"
023440,제이스코홀딩스,39.32571970925382,50.0,3.5222802272724043,47.13308970757693,74.63681363356042,,"<a href=""https://m.stock.naver.com/domestic/stock/023440/total"" target=""_blank"">Naver</a>"
357550,석경에이티,39.28700837762434,7.571933338109094,90.91878826165764,98.62823608732589,43.02655401223754,,"<a href=""https://m.stock.naver.com/domestic/stock/357550/total"" target=""_blank"">Naver</a>"
054220,비츠로시스,39.27420239322073,50.0,0.0,59.98916314030194,65.50572158381068,,"<a href=""https://m.stock.naver.com/domestic/stock/054220/total"" target=""_blank"">Naver</a>"
222110,팬젠,39.24028466214009,50.0,0.0,74.498503451177,35.80868634044779,,"<a href=""https://m.stock.naver.com/domestic/stock/222110/total"" target=""_blank"">Naver</a>"
065420,에스아이리소스,39.219719492112134,50.0,0.0,74.66154577381992,35.07129829460287,,"<a href=""https://m.stock.naver.com/domestic/stock/065420/total"" target=""_blank"">Naver</a>"
208340,파멥신,39.19612785578451,55.82903988175684,0.0,46.98703926730407,20.0,,"<a href=""https://m.stock.naver.com/domestic/stock/208340/total"" target=""_blank"">Naver</a>"
299660,셀리드,39.194285241646064,50.0,0.0,79.70259267620088,24.48051948051948,,"<a href=""https://m.stock.naver.com/domestic/stock/299660/total"" target=""_blank"">Naver</a>"
363250,진시스템,39.163569002961786,50.0,0.0,74.56760280535909,34.136174448517494,,"<a href=""https://m.stock.naver.com/domestic/stock/363250/total"" target=""_blank"">Naver</a>"
142280,녹십자엠에스,39.151395856919166,33.333333333333336,39.937922299683315,54.35748412652071,74.62333738692536,,"<a href=""https://m.stock.naver.com/domestic/stock/142280/total"" target=""_blank"">Naver</a>"
365590,하이딥,39.141595696553196,50.0,0.0,69.0486858155123,44.73454230003931,,"<a href=""https://m.stock.naver.com/domestic/stock/365590/total"" target=""_blank"">Naver</a>"
115530,씨엔플러스,39.12772908595191,24.646614939403516,57.02070506203455,60.642027422229035,80.40762229156522,,"<a href=""https://m.stock.naver.com/domestic/stock/115530/total"" target=""_blank"">Naver</a>"
396270,넥스트칩,39.12141930263512,50.0,0.0,74.69129303043403,33.04579999183429,,"<a href=""https://m.stock.naver.com/domestic/stock/396270/total"" target=""_blank"">Naver</a>"
217730,강스템바이오텍,39.098788907704474,44.59344005942223,0.0,93.0240393530516,60.80641873491953,,"<a href=""https://m.stock.naver.com/domestic/stock/217730/total"" target=""_blank"">Naver</a>"
013120,동원개발,39.090608060503676,18.089565545309952,66.17869108050608,99.05135133360379,35.741216596615956,,"<a href=""https://m.stock.naver.com/domestic/stock/013120/total"" target=""_blank"">Naver</a>"
049630,재영솔루텍,39.065218990246386,42.54876721143109,23.64516432064143,38.112401316262805,76.26854903202188,,"<a href=""https://m.stock.naver.com/domestic/stock/049630/total"" target=""_blank"">Naver</a>"
226950,올릭스,39.005588018912455,50.77123449576269,0.0,61.86653582222615,47.12387478464468,,"<a href=""https://m.stock.naver.com/domestic/stock/226950/total"" target=""_blank"">Naver</a>"
080420,모다이노칩,38.995280916036684,33.28323556969969,44.600372526384405,50.07715749481908,57.35061386277716,,"<a href=""https://m.stock.naver.com/domestic/stock/080420/total"" target=""_blank"">Naver</a>"
065660,안트로젠,38.96458623812793,50.0,0.0,74.59403728430436,30.103650193949846,,"<a href=""https://m.stock.naver.com/domestic/stock/065660/total"" target=""_blank"">Naver</a>"
019660,글로본,38.94978582404382,50.0,0.0,50.948595149586566,77.09852618170333,,"<a href=""https://m.stock.naver.com/domestic/stock/019660/total"" target=""_blank"">Naver</a>"
104040,대성파인텍,38.922081788222805,50.0,1.971148402588522,63.656307090771364,41.27327956997078,,"<a href=""https://m.stock.naver.com/domestic/stock/104040/total"" target=""_blank"">Naver</a>"
175250,아이큐어,38.90205068991323,51.97422391945242,0.0,46.79847049473415,60.753385775367306,,"<a href=""https://m.stock.naver.com/domestic/stock/175250/total"" target=""_blank"">Naver</a>"
052900,KX하이텍,38.896519505506824,18.50686664676159,64.97463717439001,80.27123602849119,70.43233242006488,,"<a href=""https://m.stock.naver.com/domestic/stock/052900/total"" target=""_blank"">Naver</a>"
376930,노을,38.8896699072635,50.0,0.0,78.86172681141815,20.06994452243371,,"<a href=""https://m.stock.naver.com/domestic/stock/376930/total"" target=""_blank"">Naver</a>"
033130,디지틀조선,38.80374865140124,19.051050422368146,57.92049512512188,99.71228936660948,58.43531360077877,,"<a href=""https://m.stock.naver.com/domestic/stock/033130/total"" target=""_blank"">Naver</a>"
138070,신진에스엠,38.73175659290574,18.470094930180366,62.699846279667575,96.06225461433667,47.3702520689392,,"<a href=""https://m.stock.naver.com/domestic/stock/138070/total"" target=""_blank"">Naver</a>"
246720,아스타,38.67966902962889,50.0,0.0,73.66707937032699,26.25922185192382,,"<a href=""https://m.stock.naver.com/domestic/stock/246720/total"" target=""_blank"">Naver</a>"
200130,콜마비앤에이치,38.615609986787675,15.744141270930363,64.81092255257578,88.81141325511396,81.70506521148246,,"<a href=""https://m.stock.naver.com/domestic/stock/200130/total"" target=""_blank"">Naver</a>"
225430,케이엠제약,38.61495880880434,50.0,2.7006020457258804,51.59928008771562,55.59760577202611,,"<a href=""https://m.stock.naver.com/domestic/stock/225430/total"" target=""_blank"">Naver</a>"
088800,에이스테크,38.55977058349555,53.77602315761254,1.6505991946569007,37.834427224017986,41.961283357240035,,"<a href=""https://m.stock.naver.com/domestic/stock/088800/total"" target=""_blank"">Naver</a>"
121800,비덴트,38.52493056849059,33.333333333333336,48.113448059081556,52.06841888759905,25.794533299206037,,"<a href=""https://m.stock.naver.com/domestic/stock/121800/total"" target=""_blank"">Naver</a>"
067290,JW신약,38.52096691827059,24.92346423818258,47.01911197123986,74.92533009544113,86.39154746013928,,"<a href=""https://m.stock.naver.com/domestic/stock/067290/total"" target=""_blank"">Naver</a>"
397030,에이프릴바이오,38.49312102802823,50.0,0.0,74.93121028028224,20.0,,"<a href=""https://m.stock.naver.com/domestic/stock/397030/total"" target=""_blank"">Naver</a>"
323990,박셀바이오,38.49104290888405,50.0,0.0,74.91042908884049,20.0,,"<a href=""https://m.stock.naver.com/domestic/stock/323990/total"" target=""_blank"">Naver</a>"
293780,압타바이오,38.482125897782964,50.0,0.0,74.82125897782963,20.0,,"<a href=""https://m.stock.naver.com/domestic/stock/293780/total"" target=""_blank"">Naver</a>"
321820,아티스트컴퍼니,38.47986975059727,49.075428503946625,0.0,50.0,80.69225296458582,,"<a href=""https://m.stock.naver.com/domestic/stock/321820/total"" target=""_blank"">Naver</a>"
358570,지아이이노베이션,38.47206255836292,50.0,0.0,74.72062558362924,20.0,,"<a href=""https://m.stock.naver.com/domestic/stock/358570/total"" target=""_blank"">Naver</a>"
378800,샤페론,38.44986739748401,50.0,0.0,74.4986739748401,20.0,,"<a href=""https://m.stock.naver.com/domestic/stock/378800/total"" target=""_blank"">Naver</a>"
065570,삼영이엔씨,38.435695159824725,50.0,0.0,68.0937114094664,32.52648037756174,,"<a href=""https://m.stock.naver.com/domestic/stock/065570/total"" target=""_blank"">Naver</a>"
086820,바이오솔루션,38.39568885050313,50.0,0.0,65.74286839796574,36.4280402141311,,"<a href=""https://m.stock.naver.com/domestic/stock/086820/total"" target=""_blank"">Naver</a>"
123420,위메이드플레이,38.3889597000981,28.651096779820296,33.708147395655864,94.66067706274038,66.1039415403583,,"<a href=""https://m.stock.naver.com/domestic/stock/123420/total"" target=""_blank"">Naver</a>"
051780,큐로홀딩스,38.38413638301288,40.25227186286022,19.00692918575432,65.4897042392017,58.64141089876006,,"<a href=""https://m.stock.naver.com/domestic/stock/051780/total"" target=""_blank"">Naver</a>"
290660,네오펙트,38.33632452693375,53.8035189620016,0.0,30.237376152356205,60.609510689943555,,"<a href=""https://m.stock.naver.com/domestic/stock/290660/total"" target=""_blank"">Naver</a>"
294630,서남,38.31863003284664,50.0,0.0,57.959597930225236,50.45340479648236,,"<a href=""https://m.stock.naver.com/domestic/stock/294630/total"" target=""_blank"">Naver</a>"
054620,APS,38.293232434152465,31.160150244002484,43.473999889921195,57.79287896383793,58.987088377737734,,"<a href=""https://m.stock.naver.com/domestic/stock/054620/total"" target=""_blank"">Naver</a>"
148250,알엔투테크놀로지,38.29251345350903,33.333333333333336,37.04538788896828,71.24883819185598,38.125653241627276,,"<a href=""https://m.stock.naver.com/domestic/stock/148250/total"" target=""_blank"">Naver</a>"
302550,리메드,38.244482040648705,17.9878368642752,73.23445968456669,60.54937377364203,61.76455247155412,,"<a href=""https://m.stock.naver.com/domestic/stock/302550/total"" target=""_blank"">Naver</a>"
036810,에프에스티,38.24235217854713,18.00246159462699,70.12021702557671,67.69338660417031,62.829646099194406,,"<a href=""https://m.stock.naver.com/domestic/stock/036810/total"" target=""_blank"">Naver</a>"
037330,인지디스플레,38.22684524445339,26.930934638841517,46.38364077515854,60.1566812336948,89.1341228797875,,"<a href=""https://m.stock.naver.com/domestic/stock/037330/total"" target=""_blank"">Naver</a>"
086890,이수앱지스,38.16434748671807,50.0,0.0,60.02637592090732,43.23419789254671,,"<a href=""https://m.stock.naver.com/domestic/stock/086890/total"" target=""_blank"">Naver</a>"
261780,차백신연구소,38.02719203347742,50.0,0.0,70.27192033477417,20.0,,"<a href=""https://m.stock.naver.com/domestic/stock/261780/total"" target=""_blank"">Naver</a>"
107640,한중엔시에스,38.02178954026019,50.0,0.0,36.580479734341395,87.27483133652106,,"<a href=""https://m.stock.naver.com/domestic/stock/107640/total"" target=""_blank"">Naver</a>"
110020,전진바이오팜,37.99681730086391,50.0,0.0,49.927764198432975,60.08081762041223,,"<a href=""https://m.stock.naver.com/domestic/stock/110020/total"" target=""_blank"">Naver</a>"
094170,동운아나텍,37.98045953307232,50.0,0.0,57.47094475426462,44.667301152917105,,"<a href=""https://m.stock.naver.com/domestic/stock/094170/total"" target=""_blank"">Naver</a>"
217620,선샤인푸드,37.87739434388254,50.0,1.719504641153539,33.098403142429035,82.7535573870251,,"<a href=""https://m.stock.naver.com/domestic/stock/217620/total"" target=""_blank"">Naver</a>"
123860,아나패스,37.78007613875055,50.0,0.0,57.557083598430935,40.487355578149064,,"<a href=""https://m.stock.naver.com/domestic/stock/123860/total"" target=""_blank"">Naver</a>"
355690,에이텀,37.619406199320636,50.0,0.0,29.69106751951572,93.0059889473813,,"<a href=""https://m.stock.naver.com/domestic/stock/355690/total"" target=""_blank"">Naver</a>"
036930,주성엔지니어링,37.595025491670086,2.0968541412214097,96.37362008269403,99.07424652990944,46.72166666545582,,"<a href=""https://m.stock.naver.com/domestic/stock/036930/total"" target=""_blank"">Naver</a>"
069080,웹젠,37.574707401573534,2.7796071567273013,90.96395950600561,99.64758904465553,64.02388653140387,,"<a href=""https://m.stock.naver.com/domestic/stock/069080/total"" target=""_blank"">Naver</a>"
334970,프레스티지바이오로직스,37.49272562232861,50.0,0.0,54.92725622328602,40.0,,"<a href=""https://m.stock.naver.com/domestic/stock/334970/total"" target=""_blank"">Naver</a>"
399720,가온칩스,37.47658520733048,30.613414023534805,33.90322237438817,67.90487869956749,76.84486659311614,,"<a href=""https://m.stock.naver.com/domestic/stock/399720/total"" target=""_blank"">Naver</a>"
208350,지란지교시큐리티,37.42740984437473,20.35221744364456,49.20214570269905,89.03321231268814,80.2444344248883,,"<a href=""https://m.stock.naver.com/domestic/stock/208350/total"" target=""_blank"">Naver</a>"
038290,마크로젠,37.3871317705577,35.74662502312245,15.701309656628725,86.31660601935297,67.64337481183499,,"<a href=""https://m.stock.naver.com/domestic/stock/038290/total"" target=""_blank"">Naver</a>"
143160,아이디스,37.38643089441707,17.206271066666115,58.203002685639206,95.39406805023013,59.45021555969159,,"<a href=""https://m.stock.naver.com/domestic/stock/143160/total"" target=""_blank"">Naver</a>"
234920,자이글,37.283382283367274,50.0,0.0,53.825297992718504,38.01704968190841,,"<a href=""https://m.stock.naver.com/domestic/stock/234920/total"" target=""_blank"">Naver</a>"
196300,HLB펩,37.183036350862075,50.0,0.0,51.69474800360288,40.27123101003564,,"<a href=""https://m.stock.naver.com/domestic/stock/196300/total"" target=""_blank"">Naver</a>"
007680,대원,37.12204130730312,21.854979053597138,49.92218366722178,91.4529730147789,47.66421313723005,,"<a href=""https://m.stock.naver.com/domestic/stock/007680/total"" target=""_blank"">Naver</a>"
263720,디앤씨미디어,36.95221161780886,12.927421986574744,61.533751000888024,99.38986129463797,77.46669092356413,,"<a href=""https://m.stock.naver.com/domestic/stock/263720/total"" target=""_blank"">Naver</a>"
066900,디에이피,36.8602987552699,31.242884715306094,33.79094997636909,52.12007147982621,89.0964656802269,,"<a href=""https://m.stock.naver.com/domestic/stock/066900/total"" target=""_blank"">Naver</a>"
195990,에이비프로바이오,36.848337387919344,46.41683943160414,0.0,73.49907679008243,32.96652099897244,,"<a href=""https://m.stock.naver.com/domestic/stock/195990/total"" target=""_blank"">Naver</a>"
039560,다산네트웍스,36.8459249706584,33.333333333333336,33.333333333333336,65.12591637325069,40.0,,"<a href=""https://m.stock.naver.com/domestic/stock/039560/total"" target=""_blank"">Naver</a>"
305090,마이크로디지탈,36.84436132987066,50.0,0.0,41.16444978309898,54.5583270312151,,"<a href=""https://m.stock.naver.com/domestic/stock/305090/total"" target=""_blank"">Naver</a>"
317690,퀀타매트릭스,36.81336863922188,47.34499980065964,0.0,62.11192931753154,43.903516541458735,,"<a href=""https://m.stock.naver.com/domestic/stock/317690/total"" target=""_blank"">Naver</a>"
052710,아모텍,36.78936939340146,38.84878630776396,20.26935680768311,60.55661197258334,47.141944191279535,,"<a href=""https://m.stock.naver.com/domestic/stock/052710/total"" target=""_blank"">Naver</a>"
207760,미스터블루,36.741361483994964,21.230595923064126,54.89892165761927,64.17816939221606,77.20913153060118,,"<a href=""https://m.stock.naver.com/domestic/stock/207760/total"" target=""_blank"">Naver</a>"
177830,파버나인,36.73790989645625,16.921640179671297,61.444500356975915,79.37830756385996,65.71939886046997,,"<a href=""https://m.stock.naver.com/domestic/stock/177830/total"" target=""_blank"">Naver</a>"
019990,에너토크,36.72476815247566,26.717437758245694,41.460462911205205,74.58804345235629,57.40770848982631,,"<a href=""https://m.stock.naver.com/domestic/stock/019990/total"" target=""_blank"">Naver</a>"
417500,제이아이테크,36.71362835269,6.798698410802097,81.37943263660769,93.88840225544669,58.01421843024302,,"<a href=""https://m.stock.naver.com/domestic/stock/417500/total"" target=""_blank"">Naver</a>"
213420,덕산네오룩스,36.655440926411806,4.230274889584686,84.13710668817163,97.32283147772608,67.01432345690966,,"<a href=""https://m.stock.naver.com/domestic/stock/213420/total"" target=""_blank"">Naver</a>"
317770,엑스페릭스,36.576076911098106,9.187990462509644,76.94082612963422,99.92982200110308,36.701878021469156,,"<a href=""https://m.stock.naver.com/domestic/stock/317770/total"" target=""_blank"">Naver</a>"
080580,오킨스전자,36.57064494076839,21.52739552528618,57.73999454562738,58.8040610200987,66.77605774359935,,"<a href=""https://m.stock.naver.com/domestic/stock/080580/total"" target=""_blank"">Naver</a>"
010470,오리콤,36.56554586367649,13.629955530404308,60.01266512334272,91.36414739911667,84.95983049373109,,"<a href=""https://m.stock.naver.com/domestic/stock/010470/total"" target=""_blank"">Naver</a>"
052790,액토즈소프트,36.53089853262097,17.383207601447396,70.70780625103566,66.69700184563526,35.08644448860174,,"<a href=""https://m.stock.naver.com/domestic/stock/052790/total"" target=""_blank"">Naver</a>"
187790,나노,36.48411043645908,43.27957012391639,0.0,66.14447177864491,78.03842368489515,,"<a href=""https://m.stock.naver.com/domestic/stock/187790/total"" target=""_blank"">Naver</a>"
093920,서원인텍,36.42850822741474,9.139842727253955,66.66868839312694,99.52489400131826,86.49882185297612,,"<a href=""https://m.stock.naver.com/domestic/stock/093920/total"" target=""_blank"">Naver</a>"
067310,하나마이크론,36.42362218584857,19.152160270277324,61.29772430803789,59.76524664754659,72.62740563836095,,"<a href=""https://m.stock.naver.com/domestic/stock/067310/total"" target=""_blank"">Naver</a>"
056190,에스에프에이,36.31327268670347,13.28938593173111,59.34626978529881,97.01601201936073,76.02944958808065,,"<a href=""https://m.stock.naver.com/domestic/stock/056190/total"" target=""_blank"">Naver</a>"
206640,바디텍메드,36.254318380148526,5.573264542343456,84.54404781602103,96.66447938680344,42.157995241137115,,"<a href=""https://m.stock.naver.com/domestic/stock/206640/total"" target=""_blank"">Naver</a>"
242040,나무기술,36.125519839324895,22.679902800557304,42.84148917542861,75.88350036603424,84.37711657059859,,"<a href=""https://m.stock.naver.com/domestic/stock/242040/total"" target=""_blank"">Naver</a>"
037030,파워넷,36.03685320836919,24.07935303996425,37.851318575820024,78.14458678257029,86.2390612435721,,"<a href=""https://m.stock.naver.com/domestic/stock/037030/total"" target=""_blank"">Naver</a>"
289220,자이언트스텝,35.97490707938381,38.48977123242937,0.0,99.31778068587981,58.98532542676419,,"<a href=""https://m.stock.naver.com/domestic/stock/289220/total"" target=""_blank"">Naver</a>"
194700,노바렉스,35.96442901756423,11.297036797967808,64.35577673675458,92.96064706053444,76.0239609708292,,"<a href=""https://m.stock.naver.com/domestic/stock/194700/total"" target=""_blank"">Naver</a>"
228670,레이,35.87827546850748,18.52551951876084,59.09303252230907,77.63331869015678,44.52747515316055,,"<a href=""https://m.stock.naver.com/domestic/stock/228670/total"" target=""_blank"">Naver</a>"
066670,디티씨,35.83290145561171,18.78228532099991,52.82228653440627,74.8305405012705,77.49809158566296,,"<a href=""https://m.stock.naver.com/domestic/stock/066670/total"" target=""_blank"">Naver</a>"
123570,이엠넷,35.81938539848245,6.579903094601884,75.91487211244215,99.14615313388538,59.56220400444492,,"<a href=""https://m.stock.naver.com/domestic/stock/123570/total"" target=""_blank"">Naver</a>"
042600,새로닉스,35.77714882508406,12.269654933331452,75.23987640499452,53.366509010258326,85.37471725621462,,"<a href=""https://m.stock.naver.com/domestic/stock/042600/total"" target=""_blank"">Naver</a>"
000250,삼천당제약,35.75375664476417,17.984614981573813,53.024274467401746,89.18855542471536,55.761269929958054,,"<a href=""https://m.stock.naver.com/domestic/stock/000250/total"" target=""_blank"">Naver</a>"
034810,해성산업,35.68200174095331,16.664164901162646,57.54776400204472,77.06370444777565,71.80382709933957,,"<a href=""https://m.stock.naver.com/domestic/stock/034810/total"" target=""_blank"">Naver</a>"
049950,미래컴퍼니,35.62644913724427,2.3843643082712744,81.65437529453449,99.33512415558954,76.97448626177862,,"<a href=""https://m.stock.naver.com/domestic/stock/049950/total"" target=""_blank"">Naver</a>"
257370,피엔티엠에스,35.58888813692518,50.0,0.0,42.93693102953042,25.9039006794427,,"<a href=""https://m.stock.naver.com/domestic/stock/257370/total"" target=""_blank"">Naver</a>"
089790,제이티,35.577044339979295,0.0,88.38360781134445,97.17186126996329,75.27912520293718,,"<a href=""https://m.stock.naver.com/domestic/stock/089790/total"" target=""_blank"">Naver</a>"
088390,이녹스,35.539949980600426,8.5325260984319,75.51818648484169,88.00986479087015,54.79802442487693,,"<a href=""https://m.stock.naver.com/domestic/stock/088390/total"" target=""_blank"">Naver</a>"
311690,CJ 바이오사이언스,35.48972574651078,46.41010389549018,0.0,38.110131167008745,76.6530058503159,,"<a href=""https://m.stock.naver.com/domestic/stock/311690/total"" target=""_blank"">Naver</a>"
258830,세종메디칼,35.414190402738434,50.0,0.0,28.52233188140839,51.239144291952,,"<a href=""https://m.stock.naver.com/domestic/stock/258830/total"" target=""_blank"">Naver</a>"
053610,프로텍,35.38585875151259,2.1155351059545664,87.82173142521515,99.62383190737296,43.97443281797541,,"<a href=""https://m.stock.naver.com/domestic/stock/053610/total"" target=""_blank"">Naver</a>"
052420,오성첨단소재,35.35079370456468,17.284671586977172,52.55723321184485,87.16259280482987,62.488463378683505,,"<a href=""https://m.stock.naver.com/domestic/stock/052420/total"" target=""_blank"">Naver</a>"
054050,농우바이오,35.3439969050329,16.596260929207872,56.71536644927368,96.58404670387164,30.9798812960518,,"<a href=""https://m.stock.naver.com/domestic/stock/054050/total"" target=""_blank"">Naver</a>"
083930,아바코,35.280504447508925,12.981951166308905,64.18095537871763,91.53755550275507,45.84678705537339,,"<a href=""https://m.stock.naver.com/domestic/stock/083930/total"" target=""_blank"">Naver</a>"
102710,이엔에프테크놀로지,35.216329994979354,10.646645858858554,65.25308075939869,83.63768223329957,83.02608132969188,,"<a href=""https://m.stock.naver.com/domestic/stock/102710/total"" target=""_blank"">Naver</a>"
102940,코오롱생명과학,35.203192861461496,29.19430445840427,31.68573793079463,80.02644831520067,35.25061744400412,,"<a href=""https://m.stock.naver.com/domestic/stock/102940/total"" target=""_blank"">Naver</a>"
277410,인산가,35.11095400318018,11.422289146776533,68.57694633454447,91.50218329694773,39.26251203566757,,"<a href=""https://m.stock.naver.com/domestic/stock/277410/total"" target=""_blank"">Naver</a>"
115450,HLB테라퓨틱스,35.02526189130699,41.3204047335137,0.0,69.9445135630834,64.7713538978086,,"<a href=""https://m.stock.naver.com/domestic/stock/115450/total"" target=""_blank"">Naver</a>"
032820,우리기술,34.99762809946287,20.65076091287918,51.1394907169798,67.6172960561188,61.21138533757063,,"<a href=""https://m.stock.naver.com/domestic/stock/032820/total"" target=""_blank"">Naver</a>"
119830,아이텍,34.9457216073104,15.308858836953606,64.49589446771289,74.44357935186233,43.84149506047561,,"<a href=""https://m.stock.naver.com/domestic/stock/119830/total"" target=""_blank"">Naver</a>"
149980,하이로닉,34.92590895471801,15.2543058000067,60.1560123917364,87.29060659096629,40.10523435366517,,"<a href=""https://m.stock.naver.com/domestic/stock/149980/total"" target=""_blank"">Naver</a>"
218150,미래생명자원,34.88028473951511,17.842151158482178,45.24955134270697,86.60217660213246,84.04777097071624,,"<a href=""https://m.stock.naver.com/domestic/stock/218150/total"" target=""_blank"">Naver</a>"
085810,알티캐스트,34.85628614432245,48.04407823514445,0.0,50.298392032357874,20.0,,"<a href=""https://m.stock.naver.com/domestic/stock/085810/total"" target=""_blank"">Naver</a>"
205500,넥써쓰,34.813344448988616,42.650886735669985,0.0,62.2281240758663,60.0,,"<a href=""https://m.stock.naver.com/domestic/stock/205500/total"" target=""_blank"">Naver</a>"
232140,와이씨,34.67313829956392,10.298677578101067,64.18125631809386,98.93953567713848,51.093282109319276,,"<a href=""https://m.stock.naver.com/domestic/stock/232140/total"" target=""_blank"">Naver</a>"
419120,산돌,34.666256788972035,0.0,87.79825300093451,92.2343572841216,69.865156206525,,"<a href=""https://m.stock.naver.com/domestic/stock/419120/total"" target=""_blank"">Naver</a>"
372800,아이티아이즈,34.58799722269112,34.6732615247134,0.0,91.05401694619071,93.57277226488014,,"<a href=""https://m.stock.naver.com/domestic/stock/372800/total"" target=""_blank"">Naver</a>"
018120,진로발효,34.54347542150072,14.452067687223776,48.66376202641349,99.30754640968411,75.51079323189356,,"<a href=""https://m.stock.naver.com/domestic/stock/018120/total"" target=""_blank"">Naver</a>"
065690,파커스,34.47553622248492,41.55804288912544,0.0,64.2842884577003,62.24563286479255,,"<a href=""https://m.stock.naver.com/domestic/stock/065690/total"" target=""_blank"">Naver</a>"
272290,이녹스첨단소재,34.416281787396585,0.0,84.08710323637618,99.35193549412072,69.18624857780932,,"<a href=""https://m.stock.naver.com/domestic/stock/272290/total"" target=""_blank"">Naver</a>"
071280,로체시스템즈,34.40713313149162,0.0,84.22595899528248,99.36785452481098,68.2771586037979,,"<a href=""https://m.stock.naver.com/domestic/stock/071280/total"" target=""_blank"">Naver</a>"
017650,대림제지,34.38014820595138,3.3903129027054213,76.75516164168813,99.49695661289037,64.1494878523411,,"<a href=""https://m.stock.naver.com/domestic/stock/017650/total"" target=""_blank"">Naver</a>"
222800,심텍,34.32312343343676,0.0,85.63048313323524,83.31982095271721,91.67041109712463,,"<a href=""https://m.stock.naver.com/domestic/stock/222800/total"" target=""_blank"">Naver</a>"
126340,비나텍,34.32135594431338,7.054045209670331,79.66228540088663,72.41596829182564,58.63521278213922,,"<a href=""https://m.stock.naver.com/domestic/stock/126340/total"" target=""_blank"">Naver</a>"
093380,풍강,34.22444546823888,15.983458463816014,46.98171446242259,93.26902928916489,71.24077690854281,,"<a href=""https://m.stock.naver.com/domestic/stock/093380/total"" target=""_blank"">Naver</a>"
166480,코아스템켐온,34.22367219703733,37.23798540115347,6.047522463682128,64.27988406077789,78.82023868693847,,"<a href=""https://m.stock.naver.com/domestic/stock/166480/total"" target=""_blank"">Naver</a>"
166090,하나머티리얼즈,34.210865265493254,0.0,90.38088051204204,88.84686901583655,54.619164717981825,,"<a href=""https://m.stock.naver.com/domestic/stock/166090/total"" target=""_blank"">Naver</a>"
950130,엑세스바이오,34.08915530115943,0.0,89.30754215812748,87.17236248661091,60.900670259329424,,"<a href=""https://m.stock.naver.com/domestic/stock/950130/total"" target=""_blank"">Naver</a>"
308080,바이젠셀,34.06790935661993,37.34029788935244,0.0,99.60335155177462,,,"<a href=""https://m.stock.naver.com/domestic/stock/308080/total"" target=""_blank"">Naver</a>"
003380,하림지주,33.98994817692177,14.289018738140578,60.64770991093255,58.65588641862071,87.78041628884438,,"<a href=""https://m.stock.naver.com/domestic/stock/003380/total"" target=""_blank"">Naver</a>"
208860,엔지스테크널러지,33.962318718332945,50.0,0.0,28.66908130490962,21.90821175683969,,"<a href=""https://m.stock.naver.com/domestic/stock/208860/total"" target=""_blank"">Naver</a>"
049550,잉크테크,33.92664505231356,13.14556945644167,59.0372789960501,87.82085123753292,49.957970113654795,,"<a href=""https://m.stock.naver.com/domestic/stock/049550/total"" target=""_blank"">Naver</a>"
087260,모바일어플라이언스,33.87459757036327,20.385404842426208,43.54708408804251,71.33550716890865,72.46065852012109,,"<a href=""https://m.stock.naver.com/domestic/stock/087260/total"" target=""_blank"">Naver</a>"
035200,프럼파스트,33.80432729494558,13.226143504325941,50.75336433338078,99.7149070370678,64.17618810596082,,"<a href=""https://m.stock.naver.com/domestic/stock/035200/total"" target=""_blank"">Naver</a>"
191420,테고사이언스,33.77220409559262,23.48756308757608,43.111243053844134,74.82737444051976,28.38236071067924,,"<a href=""https://m.stock.naver.com/domestic/stock/191420/total"" target=""_blank"">Naver</a>"
122640,예스티,33.728340170349455,41.965254645669475,2.575446991531235,45.90171355243105,66.30308559643714,,"<a href=""https://m.stock.naver.com/domestic/stock/122640/total"" target=""_blank"">Naver</a>"
130500,GH신소재,33.67665782901271,17.86548677207555,49.03687248032179,70.18766648766788,73.5876199384029,,"<a href=""https://m.stock.naver.com/domestic/stock/130500/total"" target=""_blank"">Naver</a>"
035810,이지홀딩스,33.49178587310945,20.335303013691966,45.015240922902024,57.336191359227676,86.06349396491987,,"<a href=""https://m.stock.naver.com/domestic/stock/035810/total"" target=""_blank"">Naver</a>"
267320,나인테크,33.454245099445245,24.94105543673623,45.365437162010515,41.428478786705725,60.10809336460616,,"<a href=""https://m.stock.naver.com/domestic/stock/267320/total"" target=""_blank"">Naver</a>"
072990,에이치시티,33.426574859809136,13.867930166078311,54.60819312692049,75.69163548959374,77.69209858945305,,"<a href=""https://m.stock.naver.com/domestic/stock/072990/total"" target=""_blank"">Naver</a>"
373200,엑스플러스,33.4256500771881,37.87945475082007,9.387799108450489,44.521616374077865,77.97731624351307,,"<a href=""https://m.stock.naver.com/domestic/stock/373200/total"" target=""_blank"">Naver</a>"
225190,LK삼양,33.42546102068348,1.483928858904864,79.85879172070096,92.90627480563873,65.59556589202892,,"<a href=""https://m.stock.naver.com/domestic/stock/225190/total"" target=""_blank"">Naver</a>"
900110,이스트아시아홀딩스,33.409555195400465,14.120171074780737,51.46228633643799,99.87166099747522,41.69429733350009,,"<a href=""https://m.stock.naver.com/domestic/stock/900110/total"" target=""_blank"">Naver</a>"
171090,선익시스템,33.15171503801981,28.974387532485206,17.690363832037395,70.08986407726033,86.710103055866,,"<a href=""https://m.stock.naver.com/domestic/stock/171090/total"" target=""_blank"">Naver</a>"
014190,원익큐브,33.105025712569386,16.348935828316247,47.17553896097897,73.96840415153821,82.09878120362148,,"<a href=""https://m.stock.naver.com/domestic/stock/014190/total"" target=""_blank"">Naver</a>"
276040,스코넥,33.06507675637437,38.06627953125445,0.0,74.54461386230085,55.41695302783224,,"<a href=""https://m.stock.naver.com/domestic/stock/276040/total"" target=""_blank"">Naver</a>"
203690,아크솔루션스,33.04147186282803,44.12155513788618,0.0,27.79944041536153,75.77189477120339,,"<a href=""https://m.stock.naver.com/domestic/stock/203690/total"" target=""_blank"">Naver</a>"
066360,체리부로,33.03718600513479,16.90196256891358,52.431614903432795,51.61905124146008,92.52399227564885,,"<a href=""https://m.stock.naver.com/domestic/stock/066360/total"" target=""_blank"">Naver</a>"
045300,성우테크론,33.02143806156623,4.983299736901693,66.3339492385267,94.22819243391064,80.50303332804953,,"<a href=""https://m.stock.naver.com/domestic/stock/045300/total"" target=""_blank"">Naver</a>"
351330,이삭엔지니어링,32.98535525294828,21.52631386183363,40.37355190469406,73.6786652104009,52.16624877269004,,"<a href=""https://m.stock.naver.com/domestic/stock/351330/total"" target=""_blank"">Naver</a>"
017890,한국알콜,32.965816021009104,8.176110534547425,56.79618107856472,99.07129517650759,79.07949825977417,,"<a href=""https://m.stock.naver.com/domestic/stock/017890/total"" target=""_blank"">Naver</a>"
032790,엠젠솔루션,32.94654325638602,18.441677433066676,35.12536376764658,87.21153876007327,87.5808395725409,,"<a href=""https://m.stock.naver.com/domestic/stock/032790/total"" target=""_blank"">Naver</a>"
263600,덕우전자,32.91101762417159,10.318167070510997,62.219922394065,69.2380160317103,84.82670360355422,,"<a href=""https://m.stock.naver.com/domestic/stock/263600/total"" target=""_blank"">Naver</a>"
222080,씨아이에스,32.90733556451865,18.31137123649144,54.23458350065017,64.16198342495045,38.91337209932391,,"<a href=""https://m.stock.naver.com/domestic/stock/222080/total"" target=""_blank"">Naver</a>"
039340,한국경제TV,32.77347344946016,3.363158436953326,69.0197077970395,99.55832130236311,70.89638615583968,,"<a href=""https://m.stock.naver.com/domestic/stock/039340/total"" target=""_blank"">Naver</a>"
185490,아이진,32.763304592872,32.04141379428783,0.0,99.38672234456699,71.99568163685203,,"<a href=""https://m.stock.naver.com/domestic/stock/185490/total"" target=""_blank"">Naver</a>"
067990,도이치모터스,32.75667324306035,17.772014781505224,50.77473853953984,48.002234920947814,91.99112494354944,,"<a href=""https://m.stock.naver.com/domestic/stock/067990/total"" target=""_blank"">Naver</a>"
065170,비엘팜텍,32.749767649940765,37.211446716438175,7.98692166102835,46.24554442570279,76.03229524500992,,"<a href=""https://m.stock.naver.com/domestic/stock/065170/total"" target=""_blank"">Naver</a>"
124560,태웅로직스,32.707301391956406,0.0,75.8705528013379,87.3966319162193,100.0,,"<a href=""https://m.stock.naver.com/domestic/stock/124560/total"" target=""_blank"">Naver</a>"
352700,씨앤투스,32.68480481237878,0.0,78.46557451762482,93.84202522408391,73.68417321128359,,"<a href=""https://m.stock.naver.com/domestic/stock/352700/total"" target=""_blank"">Naver</a>"
082210,옵트론텍,32.678797184127745,43.35618643743197,0.0,27.5,78.30170643337124,,"<a href=""https://m.stock.naver.com/domestic/stock/082210/total"" target=""_blank"">Naver</a>"
376290,씨유테크,32.67192006414874,11.093407263688212,47.58103132908692,95.39240722798024,91.62754301732122,,"<a href=""https://m.stock.naver.com/domestic/stock/376290/total"" target=""_blank"">Naver</a>"
102120,어보브반도체,32.61649525679879,19.076117896681637,43.31438971889727,70.99167294408426,64.86119589314141,,"<a href=""https://m.stock.naver.com/domestic/stock/102120/total"" target=""_blank"">Naver</a>"
117670,알파칩스,32.60407288911203,33.28621614383694,6.794158221945705,66.43878045200351,85.79851204246185,,"<a href=""https://m.stock.naver.com/domestic/stock/117670/total"" target=""_blank"">Naver</a>"
027050,코리아나,32.600389280209505,17.21789283036427,43.59676479044978,78.44292703065148,70.523393626267,,"<a href=""https://m.stock.naver.com/domestic/stock/027050/total"" target=""_blank"">Naver</a>"
032500,케이엠더블유,32.562590015820625,36.59846185480711,0.0,73.17260753572366,65.72504298727988,,"<a href=""https://m.stock.naver.com/domestic/stock/032500/total"" target=""_blank"">Naver</a>"
018290,브이티,32.53830470923563,10.131682858276207,57.893467709709135,79.28506915227862,81.14842303229521,,"<a href=""https://m.stock.naver.com/domestic/stock/018290/total"" target=""_blank"">Naver</a>"
058610,에스피지,32.371866769496656,9.305343126036837,58.09624815784945,91.85868902594986,61.57459903634412,,"<a href=""https://m.stock.naver.com/domestic/stock/058610/total"" target=""_blank"">Naver</a>"
238200,비피도,32.370881833523654,13.294791307554883,47.34456837706966,96.50782250218447,58.141654090097106,,"<a href=""https://m.stock.naver.com/domestic/stock/238200/total"" target=""_blank"">Naver</a>"
106240,파인테크닉스,32.22632696944876,14.494177807299282,65.22073959471722,52.24635386389894,40.0,,"<a href=""https://m.stock.naver.com/domestic/stock/106240/total"" target=""_blank"">Naver</a>"
244460,올리패스,32.20830059893364,46.50265709247501,0.0,14.574527654923102,56.98507155912646,,"<a href=""https://m.stock.naver.com/domestic/stock/244460/total"" target=""_blank"">Naver</a>"
347860,알체라,32.19530809516776,34.05077253915886,0.0,93.21256578190211,48.87175986964479,,"<a href=""https://m.stock.naver.com/domestic/stock/347860/total"" target=""_blank"">Naver</a>"
004650,창해에탄올,32.15131425678161,16.77352808686955,46.48775722183275,72.8845414410357,63.536079101962414,,"<a href=""https://m.stock.naver.com/domestic/stock/004650/total"" target=""_blank"">Naver</a>"
144960,뉴파워프라즈마,32.12645452645186,16.031708060374132,54.66127568489123,57.41813538786603,62.00594460435943,,"<a href=""https://m.stock.naver.com/domestic/stock/144960/total"" target=""_blank"">Naver</a>"
083790,CG인바이츠,32.12445939250349,38.75810706239763,0.0,61.98021428816377,53.43147452497069,,"<a href=""https://m.stock.naver.com/domestic/stock/083790/total"" target=""_blank"">Naver</a>"
347740,피엔케이피부임상연구센타,32.109471739965414,0.0,80.93433359775945,91.27602898274469,54.96570884502169,,"<a href=""https://m.stock.naver.com/domestic/stock/347740/total"" target=""_blank"">Naver</a>"
240810,원익IPS,32.072552470606716,7.060210946170972,61.69444901687827,97.78037349097956,52.695525991732104,,"<a href=""https://m.stock.naver.com/domestic/stock/240810/total"" target=""_blank"">Naver</a>"
095610,테스,32.06581906942027,0.0,74.08938387960274,99.79351882919815,71.28242433199539,,"<a href=""https://m.stock.naver.com/domestic/stock/095610/total"" target=""_blank"">Naver</a>"
357880,SKAI,32.05655603468201,27.869692915751955,25.371381386526103,69.30513944558828,41.22761988080971,,"<a href=""https://m.stock.naver.com/domestic/stock/357880/total"" target=""_blank"">Naver</a>"
026150,특수건설,32.045961863109646,17.463269364504367,40.30820937976337,67.00804488988148,95.80286820956074,,"<a href=""https://m.stock.naver.com/domestic/stock/026150/total"" target=""_blank"">Naver</a>"
143540,영우디에스피,31.98724874092318,37.212389041827706,0.0,62.54976471608472,68.09677688436172,,"<a href=""https://m.stock.naver.com/domestic/stock/143540/total"" target=""_blank"">Naver</a>"
012700,리드코프,31.899336771289796,7.522324834377855,66.19887320403132,62.034107813363995,92.65625576637699,,"<a href=""https://m.stock.naver.com/domestic/stock/012700/total"" target=""_blank"">Naver</a>"
255220,SG,31.86892786632491,36.862786755887704,0.0,71.52368093317055,51.97775438950469,,"<a href=""https://m.stock.naver.com/domestic/stock/255220/total"" target=""_blank"">Naver</a>"
054180,메디콕스,31.86782021185627,37.697872903875286,0.0,60.13858203471874,64.70476532118454,,"<a href=""https://m.stock.naver.com/domestic/stock/054180/total"" target=""_blank"">Naver</a>"
314130,지놈앤컴퍼니,31.79317027525978,38.267376754254634,0.0,61.7972483420229,53.0603877700942,,"<a href=""https://m.stock.naver.com/domestic/stock/314130/total"" target=""_blank"">Naver</a>"
220180,핸디소프트,31.78391076316673,18.397423324776355,32.81184445570292,88.02862556353517,74.7926619604334,,"<a href=""https://m.stock.naver.com/domestic/stock/220180/total"" target=""_blank"">Naver</a>"
294090,이오플로우,31.77913529086824,41.15161007894513,0.0,59.13355937547132,23.496266119080474,,"<a href=""https://m.stock.naver.com/domestic/stock/294090/total"" target=""_blank"">Naver</a>"
085670,뉴프렉스,31.772051964936118,8.501252038976729,61.385104911728796,69.0876334549201,88.32522336251749,,"<a href=""https://m.stock.naver.com/domestic/stock/085670/total"" target=""_blank"">Naver</a>"
036010,아비코전자,31.770767348437072,8.46729083105628,55.08206405819917,88.13125638343223,82.13502393820576,,"<a href=""https://m.stock.naver.com/domestic/stock/036010/total"" target=""_blank"">Naver</a>"
065440,이루온,31.756021824487547,14.289956673048318,45.65842810418085,74.10198970475287,87.14483648276118,,"<a href=""https://m.stock.naver.com/domestic/stock/065440/total"" target=""_blank"">Naver</a>"
317330,덕산테코피아,31.739635515702734,8.74663155118285,63.85456192516685,81.13893377570848,48.282454522609214,,"<a href=""https://m.stock.naver.com/domestic/stock/317330/total"" target=""_blank"">Naver</a>"
171010,램테크놀러지,31.70863336110035,9.38532728116193,59.36469344242354,79.6565740836265,65.41212446869325,,"<a href=""https://m.stock.naver.com/domestic/stock/171010/total"" target=""_blank"">Naver</a>"
047080,한빛소프트,31.62098585934894,10.549424431155552,55.18710749493939,68.8986412601891,92.09380401803706,,"<a href=""https://m.stock.naver.com/domestic/stock/047080/total"" target=""_blank"">Naver</a>"
080220,제주반도체,31.569572212913442,1.2134156752681378,73.92131782980614,99.43503115910617,48.35380468780811,,"<a href=""https://m.stock.naver.com/domestic/stock/080220/total"" target=""_blank"">Naver</a>"
018620,우진비앤지,31.52060488568212,19.3552284889729,40.949937853330724,68.4314696970867,56.536727185140606,,"<a href=""https://m.stock.naver.com/domestic/stock/018620/total"" target=""_blank"">Naver</a>"
053280,예스24,31.515588862893903,16.358159202206387,40.28276069424601,68.94826280500959,94.70353775015217,,"<a href=""https://m.stock.naver.com/domestic/stock/053280/total"" target=""_blank"">Naver</a>"
290550,디케이티,31.41674142868706,5.173601742827258,63.474214581332035,78.97632381481257,90.92788712352876,,"<a href=""https://m.stock.naver.com/domestic/stock/290550/total"" target=""_blank"">Naver</a>"
066980,한성크린텍,31.399289253615063,23.89311678047429,26.989034757345824,56.4488970138093,93.42541589226208,,"<a href=""https://m.stock.naver.com/domestic/stock/066980/total"" target=""_blank"">Naver</a>"
160980,싸이맥스,31.35556190751808,7.3519442829088115,56.97710976221799,85.69373929176314,82.61487936083965,,"<a href=""https://m.stock.naver.com/domestic/stock/160980/total"" target=""_blank"">Naver</a>"
123840,뉴온,31.28937124839428,43.12488596390139,0.0,36.3063140557155,35.67616528963791,,"<a href=""https://m.stock.naver.com/domestic/stock/123840/total"" target=""_blank"">Naver</a>"
258790,소프트캠프,31.27853059255765,16.846706100478997,44.71145532064279,64.95772168524564,69.93741867169983,,"<a href=""https://m.stock.naver.com/domestic/stock/258790/total"" target=""_blank"">Naver</a>"
067080,대화제약,31.231198799733875,17.617000100381713,45.99295779807494,57.804746885521496,67.6456920286792,,"<a href=""https://m.stock.naver.com/domestic/stock/067080/total"" target=""_blank"">Naver</a>"
235980,메드팩토,31.197060895914927,33.333333333333336,0.0,96.37207851119179,,,"<a href=""https://m.stock.naver.com/domestic/stock/235980/total"" target=""_blank"">Naver</a>"
054210,이랜텍,31.188947864663927,5.36293546490726,67.41388751649923,67.04469298380153,88.26490816429218,,"<a href=""https://m.stock.naver.com/domestic/stock/054210/total"" target=""_blank"">Naver</a>"
204610,티쓰리,31.018103361564744,0.0,72.94205479685387,94.35327834442464,66.94523655817625,,"<a href=""https://m.stock.naver.com/domestic/stock/204610/total"" target=""_blank"">Naver</a>"
049070,인탑스,30.988724825649296,0.0,68.3683653995236,94.8225356762004,88.28759816296719,,"<a href=""https://m.stock.naver.com/domestic/stock/049070/total"" target=""_blank"">Naver</a>"
095500,미래나노텍,30.893746242256288,24.11659602631097,24.832269383890544,65.30209448055037,73.71023664884069,,"<a href=""https://m.stock.naver.com/domestic/stock/095500/total"" target=""_blank"">Naver</a>"
154040,다산솔루에타,30.886982868421434,17.662399103080222,50.19094272562854,33.72540974634518,87.38533501063303,,"<a href=""https://m.stock.naver.com/domestic/stock/154040/total"" target=""_blank"">Naver</a>"
075970,동국알앤에스,30.872120138705732,12.000998205368525,48.906114196895686,86.40047047028006,56.09891238465378,,"<a href=""https://m.stock.naver.com/domestic/stock/075970/total"" target=""_blank"">Naver</a>"
263700,케어랩스,30.822667657536677,32.70792071797212,2.704950399570368,68.43686109145813,73.55983035430003,,"<a href=""https://m.stock.naver.com/domestic/stock/263700/total"" target=""_blank"">Naver</a>"
089970,브이엠,30.808283132438767,0.0,77.77313463194675,92.33980441156436,42.62038066591285,,"<a href=""https://m.stock.naver.com/domestic/stock/089970/total"" target=""_blank"">Naver</a>"
052020,에스티큐브,30.76984115948865,33.14631812116191,0.0,70.1491245824976,77.34275657083484,,"<a href=""https://m.stock.naver.com/domestic/stock/052020/total"" target=""_blank"">Naver</a>"
151910,퓨처코어,30.740326947717513,29.651911595782877,15.901803267166981,55.89378267627272,67.6870181165754,,"<a href=""https://m.stock.naver.com/domestic/stock/151910/total"" target=""_blank"">Naver</a>"
084650,랩지노믹스,30.66397457622361,0.0,79.51854649099185,78.28685045870702,59.11305815209889,,"<a href=""https://m.stock.naver.com/domestic/stock/084650/total"" target=""_blank"">Naver</a>"
099190,아이센스,30.6331846385733,11.521298956528355,51.19702971406059,86.04074803909506,46.34146064463272,,"<a href=""https://m.stock.naver.com/domestic/stock/099190/total"" target=""_blank"">Naver</a>"
264660,씨앤지하이테크,30.630869359929775,0.0,78.58018173866306,86.64585270874902,46.424773087782185,,"<a href=""https://m.stock.naver.com/domestic/stock/264660/total"" target=""_blank"">Naver</a>"
051980,중앙첨단소재,30.63013594543041,35.2560623347882,0.0,63.96183869116717,61.60629350881553,,"<a href=""https://m.stock.naver.com/domestic/stock/051980/total"" target=""_blank"">Naver</a>"
011370,서한,30.569953381541186,8.952930878998144,60.05022128471487,79.82459519762833,44.06360026401495,,"<a href=""https://m.stock.naver.com/domestic/stock/011370/total"" target=""_blank"">Naver</a>"
083550,케이엠,30.37064620268656,9.156229985586817,52.70393613807875,86.82548263069634,60.36751827490296,,"<a href=""https://m.stock.naver.com/domestic/stock/083550/total"" target=""_blank"">Naver</a>"
042420,네오위즈홀딩스,30.245428931563406,28.345305436206747,0.0,99.02643055205446,66.71205229267821,,"<a href=""https://m.stock.naver.com/domestic/stock/042420/total"" target=""_blank"">Naver</a>"
036540,SFA반도체,30.23840513185277,3.0623970468082415,56.64041799449688,99.06174167146452,86.69376475994305,,"<a href=""https://m.stock.naver.com/domestic/stock/036540/total"" target=""_blank"">Naver</a>"
036710,심텍홀딩스,30.229107007829814,0.0,71.37728730967774,78.45435342979528,90.78699674861701,,"<a href=""https://m.stock.naver.com/domestic/stock/036710/total"" target=""_blank"">Naver</a>"
193250,링크드,30.167720470306975,12.666477671652581,46.54182794254694,74.65763774113726,69.33226215129937,,"<a href=""https://m.stock.naver.com/domestic/stock/193250/total"" target=""_blank"">Naver</a>"
083500,에프엔에스테크,30.10877303288093,9.863706112444843,46.933248681830634,83.20938901482069,82.72596586948596,,"<a href=""https://m.stock.naver.com/domestic/stock/083500/total"" target=""_blank"">Naver</a>"
224060,더코디,30.005868859925314,36.94463691852335,0.0,66.19470528981405,24.39232359659801,,"<a href=""https://m.stock.naver.com/domestic/stock/224060/total"" target=""_blank"">Naver</a>"
291230,엔피,29.999751076385618,27.061003990549594,17.17110499202586,52.81496217361919,83.77752433374955,,"<a href=""https://m.stock.naver.com/domestic/stock/291230/total"" target=""_blank"">Naver</a>"
084370,유진테크,29.986895715360326,0.0,71.03812406195938,99.27316041244586,46.000973172517845,,"<a href=""https://m.stock.naver.com/domestic/stock/084370/total"" target=""_blank"">Naver</a>"
095660,네오위즈,29.944713984568065,12.11069837028617,46.11380435153823,74.42338016047947,74.15011716927714,,"<a href=""https://m.stock.naver.com/domestic/stock/095660/total"" target=""_blank"">Naver</a>"
044340,위닉스,29.805310906730696,17.517143091314974,41.149098350391164,60.23232373396992,59.690361818938555,,"<a href=""https://m.stock.naver.com/domestic/stock/044340/total"" target=""_blank"">Naver</a>"
180400,DXVX,29.753949371016006,27.166132798199524,17.28055009135426,57.396193642068226,67.8902561010181,,"<a href=""https://m.stock.naver.com/domestic/stock/180400/total"" target=""_blank"">Naver</a>"
131290,티에스이,29.73077050052092,0.0,70.24534888144181,89.57266874702806,64.24332810915318,,"<a href=""https://m.stock.naver.com/domestic/stock/131290/total"" target=""_blank"">Naver</a>"
382840,원준,29.662730295375376,0.20349714468149058,66.52927829458862,90.60806393573989,76.95012082690667,,"<a href=""https://m.stock.naver.com/domestic/stock/382840/total"" target=""_blank"">Naver</a>"
033170,시그네틱스,29.65208644709916,8.931954182534769,43.367550159997954,89.96464563686462,89.09123667784692,,"<a href=""https://m.stock.naver.com/domestic/stock/033170/total"" target=""_blank"">Naver</a>"
088130,동아엘텍,29.572298381451,22.681815931292785,21.281084834119817,70.69334349310347,71.4720652967006,,"<a href=""https://m.stock.naver.com/domestic/stock/088130/total"" target=""_blank"">Naver</a>"
007770,한일화학,29.52614043397876,12.438683338058537,44.027258029548996,73.29709025819997,74.52813795872783,,"<a href=""https://m.stock.naver.com/domestic/stock/007770/total"" target=""_blank"">Naver</a>"
031330,에스에이엠티,29.514149641010768,2.317118287173463,56.74793992871193,95.00601743677845,88.72583885701725,,"<a href=""https://m.stock.naver.com/domestic/stock/031330/total"" target=""_blank"">Naver</a>"
123010,아이윈플러스,29.467548920992108,33.333333333333336,0.0,57.95941300896283,73.43215240191657,,"<a href=""https://m.stock.naver.com/domestic/stock/123010/total"" target=""_blank"">Naver</a>"
072870,메가스터디,29.41389686639258,2.3789845198285837,65.12271344196483,79.23896843368328,75.63861901271787,,"<a href=""https://m.stock.naver.com/domestic/stock/072870/total"" target=""_blank"">Naver</a>"
130740,티피씨글로벌,29.34884416108411,15.305988112988208,39.31827595933008,71.17614273786927,64.36136059343472,,"<a href=""https://m.stock.naver.com/domestic/stock/130740/total"" target=""_blank"">Naver</a>"
038540,상상인,29.348669226684088,23.532105122553762,36.46074093493677,43.642209194176374,35.0,,"<a href=""https://m.stock.naver.com/domestic/stock/038540/total"" target=""_blank"">Naver</a>"
016920,카스,29.311261398018402,17.354490674854365,39.92535554656855,53.91633275586099,70.51189661755097,,"<a href=""https://m.stock.naver.com/domestic/stock/016920/total"" target=""_blank"">Naver</a>"
091120,이엠텍,29.150815597575928,2.394572447513903,59.168344967717985,90.08135369639695,78.27701034996791,,"<a href=""https://m.stock.naver.com/domestic/stock/091120/total"" target=""_blank"">Naver</a>"
037400,우리엔터프라이즈,29.140538867219675,6.954151694906083,49.104122258346415,81.72068480149498,90.39897611079847,,"<a href=""https://m.stock.naver.com/domestic/stock/037400/total"" target=""_blank"">Naver</a>"
061970,LB세미콘,29.130349890350832,4.603873620819548,59.9449332380554,72.4480119328704,82.73982430116426,,"<a href=""https://m.stock.naver.com/domestic/stock/061970/total"" target=""_blank"">Naver</a>"
033640,네패스,29.090647434314462,10.105167161813352,59.88930691455463,41.053001713671065,78.99840474441376,,"<a href=""https://m.stock.naver.com/domestic/stock/033640/total"" target=""_blank"">Naver</a>"
082850,우리바이오,29.04132072546456,6.563088577626206,50.61244902627252,79.20874902240719,90.58960840159968,,"<a href=""https://m.stock.naver.com/domestic/stock/082850/total"" target=""_blank"">Naver</a>"
037460,삼지전자,29.026944686156796,4.765260649238772,57.44173719001029,73.6449164270548,88.85724712810952,,"<a href=""https://m.stock.naver.com/domestic/stock/037460/total"" target=""_blank"">Naver</a>"
064550,바이오니아,29.00830064858249,12.527062927154981,46.6054355345571,74.37453319167417,48.0650137896562,,"<a href=""https://m.stock.naver.com/domestic/stock/064550/total"" target=""_blank"">Naver</a>"
045510,정원엔시스,28.996544738074952,17.702655853280316,30.800628103520154,62.93681065724779,87.62226269003888,,"<a href=""https://m.stock.naver.com/domestic/stock/045510/total"" target=""_blank"">Naver</a>"
236810,엔비티,28.98070601126151,17.51995861612296,28.847610259901796,65.0163353082045,95.10389491583662,,"<a href=""https://m.stock.naver.com/domestic/stock/236810/total"" target=""_blank"">Naver</a>"
053080,케이엔솔,28.933935749943522,4.119380153185234,53.45394110655193,86.39381447837405,89.18881867113983,,"<a href=""https://m.stock.naver.com/domestic/stock/053080/total"" target=""_blank"">Naver</a>"
042110,에스씨디,28.791847588305615,3.1292757237759012,52.12102229183021,98.3315765966083,81.01737842843386,,"<a href=""https://m.stock.naver.com/domestic/stock/042110/total"" target=""_blank"">Naver</a>"
068940,셀피글로벌,28.719066564183727,1.3510275135825192,73.25466640559127,65.3373677082667,61.220933676194534,,"<a href=""https://m.stock.naver.com/domestic/stock/068940/total"" target=""_blank"">Naver</a>"
000440,중앙에너비스,28.702710945880007,10.822419119066973,40.75304667804699,75.72121203415918,88.97753203024315,,"<a href=""https://m.stock.naver.com/domestic/stock/000440/total"" target=""_blank"">Naver</a>"
037350,성도이엔지,28.698046803765834,16.731317894600178,30.653239905120056,66.10072752072112,87.71746677307198,,"<a href=""https://m.stock.naver.com/domestic/stock/037350/total"" target=""_blank"">Naver</a>"
054940,엑사이엔씨,28.674924392318957,5.455949258369512,53.14803115269425,78.65233597292858,84.98226903661659,,"<a href=""https://m.stock.naver.com/domestic/stock/054940/total"" target=""_blank"">Naver</a>"
057680,티사이언티픽,28.621832634646506,33.333333333333336,0.0,51.20387160559497,70.02890948174021,,"<a href=""https://m.stock.naver.com/domestic/stock/057680/total"" target=""_blank"">Naver</a>"
065680,우주일렉트로,28.60847408500598,4.834666261151925,57.4496738250878,78.12591270392154,70.65329203301445,,"<a href=""https://m.stock.naver.com/domestic/stock/065680/total"" target=""_blank"">Naver</a>"
081580,성우전자,28.590836176982798,11.090343772088696,41.60783114342778,72.87898617673116,84.93547020399038,,"<a href=""https://m.stock.naver.com/domestic/stock/081580/total"" target=""_blank"">Naver</a>"
024840,KBI메탈,28.58464441449115,14.038197091927147,36.59850553437054,65.30328315897424,89.6354291968961,,"<a href=""https://m.stock.naver.com/domestic/stock/024840/total"" target=""_blank"">Naver</a>"
278280,천보,28.514754486723255,0.0,74.27839053065723,77.27523776425423,44.35266155267044,,"<a href=""https://m.stock.naver.com/domestic/stock/278280/total"" target=""_blank"">Naver</a>"
059090,미코,28.492828174549043,17.439347495892495,27.30786335548218,76.3816854421593,71.28170587854144,,"<a href=""https://m.stock.naver.com/domestic/stock/059090/total"" target=""_blank"">Naver</a>"
050110,캠시스,28.43937232321391,10.436137707823315,47.27111318993088,57.14531160587215,92.90760480899975,,"<a href=""https://m.stock.naver.com/domestic/stock/050110/total"" target=""_blank"">Naver</a>"
250060,모비스,28.409604931701022,30.586399409509273,0.0,69.56784798530707,62.019609749295,,"<a href=""https://m.stock.naver.com/domestic/stock/250060/total"" target=""_blank"">Naver</a>"
900300,오가닉티코스메틱,28.343310959687592,30.379351201369772,0.0,69.0147837545431,64.28443726822843,,"<a href=""https://m.stock.naver.com/domestic/stock/900300/total"" target=""_blank"">Naver</a>"
077360,덕산하이메탈,28.177348435183813,16.097021534971244,33.45842092930753,73.17380364067995,56.7429983561238,,"<a href=""https://m.stock.naver.com/domestic/stock/077360/total"" target=""_blank"">Naver</a>"
064800,포니링크,28.15836052979719,19.959988684871856,25.444776098590737,74.49592745149525,47.431610981537446,,"<a href=""https://m.stock.naver.com/domestic/stock/064800/total"" target=""_blank"">Naver</a>"
269620,시스웍,28.065524268265325,33.333333333333336,0.0,58.57958765751718,44.151310050272116,,"<a href=""https://m.stock.naver.com/domestic/stock/269620/total"" target=""_blank"">Naver</a>"
084440,유비온,28.061423312831927,20.58122158898285,22.499667265378193,54.08317774362638,93.58911537470065,,"<a href=""https://m.stock.naver.com/domestic/stock/084440/total"" target=""_blank"">Naver</a>"
039740,한국정보공학,28.050119277233577,6.182538230378348,49.069627625844284,81.51416355873133,78.43546153344735,,"<a href=""https://m.stock.naver.com/domestic/stock/039740/total"" target=""_blank"">Naver</a>"
033160,엠케이전자,28.030093109336132,13.684050488791309,38.81933390618465,64.19275183134842,73.91108312760686,,"<a href=""https://m.stock.naver.com/domestic/stock/033160/total"" target=""_blank"">Naver</a>"
072950,빛샘전자,28.027754770559923,3.5876967144197422,47.79480984442994,97.25682969886049,84.01502621829084,,"<a href=""https://m.stock.naver.com/domestic/stock/072950/total"" target=""_blank"">Naver</a>"
187870,디바이스,27.98254594860091,0.0,62.20899390264137,93.60953824713108,61.386872964549234,,"<a href=""https://m.stock.naver.com/domestic/stock/187870/total"" target=""_blank"">Naver</a>"
038060,루멘스,27.923305105456116,10.760163680307564,42.13890127528169,74.21327404136727,70.22308348628854,,"<a href=""https://m.stock.naver.com/domestic/stock/038060/total"" target=""_blank"">Naver</a>"
106520,노블엠앤비,27.903401337233,27.66128741891789,0.0,84.99697591653931,56.138625884566665,,"<a href=""https://m.stock.naver.com/domestic/stock/106520/total"" target=""_blank"">Naver</a>"
196450,코아시아씨엠,27.808937941527816,19.344594215015636,14.894588647017859,78.52450408478471,92.52167684570996,,"<a href=""https://m.stock.naver.com/domestic/stock/196450/total"" target=""_blank"">Naver</a>"
060540,에스에이티,27.800155268734212,4.122166292664602,51.70869312133027,81.13697094963086,85.71970235679592,,"<a href=""https://m.stock.naver.com/domestic/stock/060540/total"" target=""_blank"">Naver</a>"
043650,국순당,27.78011041478479,12.994655479335227,32.61695306831107,99.78276791116058,37.01604137979656,,"<a href=""https://m.stock.naver.com/domestic/stock/043650/total"" target=""_blank"">Naver</a>"
417970,모델솔루션,27.735473980612596,1.4384518849124515,56.086040953730055,92.08126851331326,72.8553151980257,,"<a href=""https://m.stock.naver.com/domestic/stock/417970/total"" target=""_blank"">Naver</a>"
089030,테크윙,27.733095427265095,0.0,71.82393577056702,77.08397269248337,41.37428430750008,,"<a href=""https://m.stock.naver.com/domestic/stock/089030/total"" target=""_blank"">Naver</a>"
033230,인성정보,27.72467024122622,18.07766872048288,32.77539241244573,52.636193030751464,68.41203205499832,,"<a href=""https://m.stock.naver.com/domestic/stock/033230/total"" target=""_blank"">Naver</a>"
113810,디젠스,27.62625785249763,23.222877452581262,18.622724723998388,48.2876292559878,84.16174548700991,,"<a href=""https://m.stock.naver.com/domestic/stock/113810/total"" target=""_blank"">Naver</a>"
124500,아이티센글로벌,27.622055110928713,10.229861800664978,43.451255175337224,60.70180514911541,91.02287443567764,,"<a href=""https://m.stock.naver.com/domestic/stock/124500/total"" target=""_blank"">Naver</a>"
371950,풍원정밀,27.414293682194113,17.390192050143266,33.73062921477379,60.52507152408318,49.9002799201278,,"<a href=""https://m.stock.naver.com/domestic/stock/371950/total"" target=""_blank"">Naver</a>"
048830,엔피케이,27.378103749297555,9.956625585416068,38.728664054132814,74.65047211811986,85.13830345405442,,"<a href=""https://m.stock.naver.com/domestic/stock/048830/total"" target=""_blank"">Naver</a>"
170920,엘티씨,27.329921481525364,16.19487114099448,35.488069674525065,54.34863776884134,66.12235202826545,,"<a href=""https://m.stock.naver.com/domestic/stock/170920/total"" target=""_blank"">Naver</a>"
039860,나노엔텍,27.30118707319406,0.0,60.5945949267034,99.7997987365714,43.45116935722138,,"<a href=""https://m.stock.naver.com/domestic/stock/039860/total"" target=""_blank"">Naver</a>"
335810,프리시젼바이오,27.2406178376169,32.03648846026574,0.0,60.23549626693125,39.90350269528664,,"<a href=""https://m.stock.naver.com/domestic/stock/335810/total"" target=""_blank"">Naver</a>"
108490,로보티즈,27.238374837618604,20.69210749962029,22.457210025807015,74.30259025433192,35.57097611922971,,"<a href=""https://m.stock.naver.com/domestic/stock/108490/total"" target=""_blank"">Naver</a>"
011080,형지I&C,27.146663106322084,17.99848153100189,30.45528311343462,62.29983501495998,50.075398157325914,,"<a href=""https://m.stock.naver.com/domestic/stock/011080/total"" target=""_blank"">Naver</a>"
064290,인텍플러스,27.05370348802565,0.0,69.52796588477213,75.0093656065054,43.41550912364156,,"<a href=""https://m.stock.naver.com/domestic/stock/064290/total"" target=""_blank"">Naver</a>"
071670,에이테크솔루션,27.052828753689777,10.45760032442837,46.211114839299704,54.19403451267428,76.12172795880802,,"<a href=""https://m.stock.naver.com/domestic/stock/071670/total"" target=""_blank"">Naver</a>"
251370,와이엠티,27.013091268117066,10.983797302760598,42.4280548468458,66.27622025864866,63.763542977687855,,"<a href=""https://m.stock.naver.com/domestic/stock/251370/total"" target=""_blank"">Naver</a>"
021040,대호특수강,26.723166287368315,20.70807411205812,22.63766359212981,42.524186036433235,87.72974636915328,,"<a href=""https://m.stock.naver.com/domestic/stock/021040/total"" target=""_blank"">Naver</a>"
196170,알테오젠,26.71071608101658,27.594006996682783,0.0,64.44428673321286,74.19766419371248,,"<a href=""https://m.stock.naver.com/domestic/stock/196170/total"" target=""_blank"">Naver</a>"
011040,경동제약,26.707129372879685,7.901545356297691,47.74445053552207,72.9468465296341,54.70809744514287,,"<a href=""https://m.stock.naver.com/domestic/stock/011040/total"" target=""_blank"">Naver</a>"
368600,아이씨에이치,26.683341709401024,30.54434117730004,0.0,60.31658429574793,46.50157146892414,,"<a href=""https://m.stock.naver.com/domestic/stock/368600/total"" target=""_blank"">Naver</a>"
258610,케일럼,26.645510086943336,27.06072613469647,5.3760897391284175,48.98333984078842,83.33435974529019,,"<a href=""https://m.stock.naver.com/domestic/stock/258610/total"" target=""_blank"">Naver</a>"
131180,딜리,26.59598921787243,0.0,54.47750749435864,97.89973545492956,63.73277597579632,,"<a href=""https://m.stock.naver.com/domestic/stock/131180/total"" target=""_blank"">Naver</a>"
039020,이건홀딩스,26.29854952732527,11.283831987155217,40.79954501448151,55.66668669043959,75.23390824735607,,"<a href=""https://m.stock.naver.com/domestic/stock/039020/total"" target=""_blank"">Naver</a>"
032980,바이온,26.291555362198316,26.524183376624887,0.0,73.633844963216,60.27321679803573,,"<a href=""https://m.stock.naver.com/domestic/stock/032980/total"" target=""_blank"">Naver</a>"
405100,큐알티,26.2767888823142,0.0,58.29475143163094,81.63820111460711,70.78561825891501,,"<a href=""https://m.stock.naver.com/domestic/stock/405100/total"" target=""_blank"">Naver</a>"
030520,한글과컴퓨터,26.276288471574876,0.0,60.32911380944328,90.15027962016124,43.57964114395864,,"<a href=""https://m.stock.naver.com/domestic/stock/030520/total"" target=""_blank"">Naver</a>"
078600,대주전자재료,26.15723379709735,15.907632245485049,37.00151378872241,41.215663997321386,64.81419205787162,,"<a href=""https://m.stock.naver.com/domestic/stock/078600/total"" target=""_blank"">Naver</a>"
182400,엔케이맥스,26.115238692849612,36.149818654490225,0.0,18.58196048436616,51.343029034377224,,"<a href=""https://m.stock.naver.com/domestic/stock/182400/total"" target=""_blank"">Naver</a>"
115570,스타플렉스,26.10705179704542,0.7040836312953389,57.065145751393636,81.9732342498114,64.41983510877327,,"<a href=""https://m.stock.naver.com/domestic/stock/115570/total"" target=""_blank"">Naver</a>"
131760,파인텍,26.05007549092702,0.0,63.85086698510208,60.15479630433186,81.43758228436634,,"<a href=""https://m.stock.naver.com/domestic/stock/131760/total"" target=""_blank"">Naver</a>"
097780,에코볼트,25.94892722306982,22.649413406563053,5.146741436683713,73.25805016007492,74.93577607907135,,"<a href=""https://m.stock.naver.com/domestic/stock/097780/total"" target=""_blank"">Naver</a>"
276730,한울앤제주,25.903347743963966,27.180978263227654,0.0,67.05562753046982,57.78396065960786,,"<a href=""https://m.stock.naver.com/domestic/stock/276730/total"" target=""_blank"">Naver</a>"
037370,EG,25.8708808751741,27.648301785017903,0.0,52.43047850964642,80.77703906397427,,"<a href=""https://m.stock.naver.com/domestic/stock/037370/total"" target=""_blank"">Naver</a>"
085910,네오티스,25.857858687226603,0.0,62.17449742760317,81.59436275457576,43.0959610973647,,"<a href=""https://m.stock.naver.com/domestic/stock/085910/total"" target=""_blank"">Naver</a>"
052460,아이크래프트,25.7581223617897,15.925738248545692,24.725438876366336,62.25146219394933,75.92346948351535,,"<a href=""https://m.stock.naver.com/domestic/stock/052460/total"" target=""_blank"">Naver</a>"
306620,네온테크,25.703717956001316,26.319978098733355,2.586903223644636,62.684827053350666,59.93045171030153,,"<a href=""https://m.stock.naver.com/domestic/stock/306620/total"" target=""_blank"">Naver</a>"
241840,에이스토리,25.689704589741638,0.0,57.90674244964942,84.82468056908857,54.61101840840851,,"<a href=""https://m.stock.naver.com/domestic/stock/241840/total"" target=""_blank"">Naver</a>"
069410,엔텔스,25.64344247143491,11.108049386887423,28.52376097939336,74.5864516782681,87.78054853254616,,"<a href=""https://m.stock.naver.com/domestic/stock/069410/total"" target=""_blank"">Naver</a>"
036120,서울평가정보,25.5883012631609,0.48196172957767436,43.78218667592063,99.0625898486569,88.94637143136893,,"<a href=""https://m.stock.naver.com/domestic/stock/036120/total"" target=""_blank"">Naver</a>"
102370,케이옥션,25.38539123069317,0.0,65.29336148452792,73.1205085956119,35.0,,"<a href=""https://m.stock.naver.com/domestic/stock/102370/total"" target=""_blank"">Naver</a>"
290720,푸드나무,25.319939393516414,17.80281479200926,18.846343678412463,53.87542301417233,90.78244594581017,,"<a href=""https://m.stock.naver.com/domestic/stock/290720/total"" target=""_blank"">Naver</a>"
293490,카카오게임즈,25.23410198989861,15.166808216042483,25.221331397587445,65.98271236067777,64.60825949616958,,"<a href=""https://m.stock.naver.com/domestic/stock/293490/total"" target=""_blank"">Naver</a>"
317870,엔바이오니아,25.222079071147945,19.31850704441155,17.148548545631233,66.51938914019425,53.83797588147564,,"<a href=""https://m.stock.naver.com/domestic/stock/317870/total"" target=""_blank"">Naver</a>"
012340,뉴인텍,25.135816689873472,30.18841373303199,0.0,32.50832110017789,75.43872680072977,,"<a href=""https://m.stock.naver.com/domestic/stock/012340/total"" target=""_blank"">Naver</a>"
025900,동화기업,25.123013907992664,7.727190913490875,44.77774345829649,57.51746947581088,70.81033095485857,,"<a href=""https://m.stock.naver.com/domestic/stock/025900/total"" target=""_blank"">Naver</a>"
048870,시너지이노베이션,25.060404384225013,0.0,60.5509735709423,69.39385039580883,59.66551903817113,,"<a href=""https://m.stock.naver.com/domestic/stock/048870/total"" target=""_blank"">Naver</a>"
048530,인트론바이오,24.793868568645813,6.744127420993215,51.7939470869596,54.245011429841725,47.4880840265163,,"<a href=""https://m.stock.naver.com/domestic/stock/048530/total"" target=""_blank"">Naver</a>"
005160,동국산업,24.775102442916033,10.617287686748766,33.91951632032956,65.70457732579922,67.08786036408925,,"<a href=""https://m.stock.naver.com/domestic/stock/005160/total"" target=""_blank"">Naver</a>"
072770,율호,24.670211035021886,10.882352686322987,27.916973351057916,71.62827889551714,79.97456391823805,,"<a href=""https://m.stock.naver.com/domestic/stock/072770/total"" target=""_blank"">Naver</a>"
229000,젠큐릭스,24.431696180797555,19.786724240795618,33.333333333333336,27.5,29.526566059737036,,"<a href=""https://m.stock.naver.com/domestic/stock/229000/total"" target=""_blank"">Naver</a>"
365900,브이씨,24.374745557257523,9.469895754018339,40.44543134035399,64.04798547841757,43.53303443832532,,"<a href=""https://m.stock.naver.com/domestic/stock/365900/total"" target=""_blank"">Naver</a>"
217820,원익피앤이,24.287122228918978,21.490201003440536,21.168755891888097,38.24228704951952,45.53167897861354,,"<a href=""https://m.stock.naver.com/domestic/stock/217820/total"" target=""_blank"">Naver</a>"
099320,쎄트렉아이,24.254168982888224,23.12488128508713,0.0,66.33418202770554,74.91644018130786,,"<a href=""https://m.stock.naver.com/domestic/stock/099320/total"" target=""_blank"">Naver</a>"
096610,알에프세미,24.093253025068034,26.29633941631435,0.0,62.299244333636594,41.7104988383153,,"<a href=""https://m.stock.naver.com/domestic/stock/096610/total"" target=""_blank"">Naver</a>"
254490,미래반도체,23.87643112591535,0.0,49.72525765277163,72.3259431123665,84.25044802971581,,"<a href=""https://m.stock.naver.com/domestic/stock/254490/total"" target=""_blank"">Naver</a>"
270870,뉴트리,23.86373806827277,4.564654530124376,38.50897638823296,73.59599908266783,82.76202689746242,,"<a href=""https://m.stock.naver.com/domestic/stock/270870/total"" target=""_blank"">Naver</a>"
277810,레인보우로보틱스,23.846650264725934,11.167976169229144,50.0,33.333333333333336,26.25062459710228,,"<a href=""https://m.stock.naver.com/domestic/stock/277810/total"" target=""_blank"">Naver</a>"
278650,HLB바이오스텝,23.831047676576,8.698933380987691,30.76849625184222,72.06450858870728,74.26225452304202,,"<a href=""https://m.stock.naver.com/domestic/stock/278650/total"" target=""_blank"">Naver</a>"
198940,한주라이트메탈,23.766364732821504,18.803618812680394,16.41285808355043,38.16921224141559,91.28115400368202,,"<a href=""https://m.stock.naver.com/domestic/stock/198940/total"" target=""_blank"">Naver</a>"
086040,바이오톡스텍,23.733557918644625,13.599690400034618,32.02235934057114,42.49966018651692,66.36375649658751,,"<a href=""https://m.stock.naver.com/domestic/stock/086040/total"" target=""_blank"">Naver</a>"
089230,THE E&M,23.70997803949404,25.223054941668057,1.0487234514654036,50.97553661669413,64.32821099914884,,"<a href=""https://m.stock.naver.com/domestic/stock/089230/total"" target=""_blank"">Naver</a>"
046120,오르비텍,23.679117248651817,24.551439652908726,0.0,66.06685140152607,46.83136633507951,,"<a href=""https://m.stock.naver.com/domestic/stock/046120/total"" target=""_blank"">Naver</a>"
033320,제이씨현시스템,23.561297911370005,8.541510338137533,29.852857808881463,73.75558900094278,71.95236712345684,,"<a href=""https://m.stock.naver.com/domestic/stock/033320/total"" target=""_blank"">Naver</a>"
027040,서울전자통신,23.378780430284642,24.613859201797606,0.0,52.90656818043183,66.39616182325793,,"<a href=""https://m.stock.naver.com/domestic/stock/027040/total"" target=""_blank"">Naver</a>"
058450,한주에이알티,23.32856266675403,0.0,66.66666666666667,46.618960000873614,40.0,,"<a href=""https://m.stock.naver.com/domestic/stock/058450/total"" target=""_blank"">Naver</a>"
049120,파인디앤씨,23.272755583048724,26.07704254219868,0.4648525941337504,33.728375693485745,82.74958679695008,,"<a href=""https://m.stock.naver.com/domestic/stock/049120/total"" target=""_blank"">Naver</a>"
035760,CJ ENM,23.197108866665065,16.37867157307936,19.997474175654762,47.698241897503635,72.01426378306789,,"<a href=""https://m.stock.naver.com/domestic/stock/035760/total"" target=""_blank"">Naver</a>"
096040,이트론,23.174164436106583,20.876024450900548,9.871294400947823,47.49662143907787,68.62128042843027,,"<a href=""https://m.stock.naver.com/domestic/stock/096040/total"" target=""_blank"">Naver</a>"
101360,에코앤드림,23.132446766545698,16.323337325717116,14.018461159187495,74.11699800427728,48.44258561781655,,"<a href=""https://m.stock.naver.com/domestic/stock/101360/total"" target=""_blank"">Naver</a>"
222980,한국맥널티,23.095727805746535,16.903123318083562,13.933843521981636,63.34997225574501,62.70791417652972,,"<a href=""https://m.stock.naver.com/domestic/stock/222980/total"" target=""_blank"">Naver</a>"
115180,큐리언트,23.07175910203412,22.14968118291367,0.0,60.863769636677056,73.91146857236426,,"<a href=""https://m.stock.naver.com/domestic/stock/115180/total"" target=""_blank"">Naver</a>"
090360,로보스타,22.983035082404008,2.1040890996818358,44.90440961575998,73.51576663449505,62.85805110410813,,"<a href=""https://m.stock.naver.com/domestic/stock/090360/total"" target=""_blank"">Naver</a>"
286750,나노실리칸첨단소재,22.920504006620295,30.593745831682813,0.0,30.570503936932205,30.144122278347723,,"<a href=""https://m.stock.naver.com/domestic/stock/286750/total"" target=""_blank"">Naver</a>"
377460,위니아에이드,22.91050642771114,0.0,50.297361102822435,72.04161922188784,62.640084596334944,,"<a href=""https://m.stock.naver.com/domestic/stock/377460/total"" target=""_blank"">Naver</a>"
002680,한탑,22.888949847110915,19.33997002100935,15.701451808569075,40.236700263793566,66.71869711967364,,"<a href=""https://m.stock.naver.com/domestic/stock/002680/total"" target=""_blank"">Naver</a>"
106080,케이이엠텍,22.69945633754626,0.8744826707750054,45.359296593173745,74.53871121013098,67.62142931549442,,"<a href=""https://m.stock.naver.com/domestic/stock/106080/total"" target=""_blank"">Naver</a>"
187660,현대ADM,22.568937964466897,18.09813751783655,8.037887384438736,66.20484232795805,61.60198749718961,,"<a href=""https://m.stock.naver.com/domestic/stock/187660/total"" target=""_blank"">Naver</a>"
186230,그린플러스,22.50662583481609,9.180131575245817,22.650757053812644,71.31918878899938,84.07877494631009,,"<a href=""https://m.stock.naver.com/domestic/stock/186230/total"" target=""_blank"">Naver</a>"
096690,에이루트,22.487134587908372,4.108376630644122,43.41203453622385,74.52492039911466,34.33215871108944,,"<a href=""https://m.stock.naver.com/domestic/stock/096690/total"" target=""_blank"">Naver</a>"
054090,삼진엘앤디,22.336442084747617,9.286550944536161,26.370280738420735,61.16641458846328,81.10599749148821,,"<a href=""https://m.stock.naver.com/domestic/stock/054090/total"" target=""_blank"">Naver</a>"
078860,엔에스이엔엠,22.330511100426666,23.81311685102196,0.0,54.08459615132382,52.683627493622204,,"<a href=""https://m.stock.naver.com/domestic/stock/078860/total"" target=""_blank"">Naver</a>"
214610,더바이오메드,22.300406749906784,31.78391007146982,0.0,20.882343788779202,22.836526562939476,,"<a href=""https://m.stock.naver.com/domestic/stock/214610/total"" target=""_blank"">Naver</a>"
001810,무림SP,22.28718086455776,17.75562850932967,8.623289775164178,61.745399550135424,66.06882720310743,,"<a href=""https://m.stock.naver.com/domestic/stock/001810/total"" target=""_blank"">Naver</a>"
122350,삼기,22.234642940020887,13.752854021026183,19.606592832799404,50.92591390122947,79.77381858164753,,"<a href=""https://m.stock.naver.com/domestic/stock/122350/total"" target=""_blank"">Naver</a>"
048770,TPC,22.16529211358287,8.96275810798375,33.85940747375682,54.981275557645986,56.49315649177628,,"<a href=""https://m.stock.naver.com/domestic/stock/048770/total"" target=""_blank"">Naver</a>"
092190,서울바이오시스,22.06425781439029,24.963019025866345,0.0,31.382895022991846,78.96313793142605,,"<a href=""https://m.stock.naver.com/domestic/stock/092190/total"" target=""_blank"">Naver</a>"
060230,소니드,21.993584704644732,17.204930795683097,6.811309357781127,70.37271386455255,58.610550026686745,,"<a href=""https://m.stock.naver.com/domestic/stock/060230/total"" target=""_blank"">Naver</a>"
174880,장원테크,21.966534948273676,16.87659943674328,4.494927698850143,69.94919383755013,74.4384795552032,,"<a href=""https://m.stock.naver.com/domestic/stock/174880/total"" target=""_blank"">Naver</a>"
091970,나노캠텍,21.810556395401342,14.830910384816157,5.080024664502026,74.42686544730304,83.98634907311676,,"<a href=""https://m.stock.naver.com/domestic/stock/091970/total"" target=""_blank"">Naver</a>"
222160,NPX,21.766938586125985,0.0,38.91522864697052,99.8213516023921,41.11992528288292,,"<a href=""https://m.stock.naver.com/domestic/stock/222160/total"" target=""_blank"">Naver</a>"
046970,우리로,21.63676901656984,6.591300724891673,21.591591670660847,81.10570931411824,83.47039465115598,,"<a href=""https://m.stock.naver.com/domestic/stock/046970/total"" target=""_blank"">Naver</a>"
205470,휴마시스,21.473793635427967,0.0,52.72223780210976,49.148580075284436,67.56752354744165,,"<a href=""https://m.stock.naver.com/domestic/stock/205470/total"" target=""_blank"">Naver</a>"
144510,지씨셀,21.463428190614923,0.0,43.20605500086509,70.7201508504767,71.79798710701961,,"<a href=""https://m.stock.naver.com/domestic/stock/144510/total"" target=""_blank"">Naver</a>"
317530,캐리소프트,21.344545117328693,18.557400778384494,0.0,61.799037065556064,80.60401887484778,,"<a href=""https://m.stock.naver.com/domestic/stock/317530/total"" target=""_blank"">Naver</a>"
013810,스페코,21.287894883947004,7.233741614030773,30.288983709704564,70.5783952832243,46.3512891955994,,"<a href=""https://m.stock.naver.com/domestic/stock/013810/total"" target=""_blank"">Naver</a>"
301300,바이브컴퍼니,21.27419578506041,24.552000402868867,0.0,31.423452696322975,68.0130054741358,,"<a href=""https://m.stock.naver.com/domestic/stock/301300/total"" target=""_blank"">Naver</a>"
214270,FSN,21.23161005868967,13.892392939079997,10.282282500441442,71.02570868306196,64.4606560365023,,"<a href=""https://m.stock.naver.com/domestic/stock/214270/total"" target=""_blank"">Naver</a>"
024950,삼천리자전거,21.187674442868833,10.748881554882155,19.581710195892416,65.95322478466947,64.95190964998972,,"<a href=""https://m.stock.naver.com/domestic/stock/024950/total"" target=""_blank"">Naver</a>"
321550,티움바이오,20.95603119669684,20.820138283644955,0.0,55.75151289256168,57.77593874507402,,"<a href=""https://m.stock.naver.com/domestic/stock/321550/total"" target=""_blank"">Naver</a>"
251630,브이원텍,20.94720250717979,17.580552387760964,8.775523208974947,63.52045631039516,37.05889282479918,,"<a href=""https://m.stock.naver.com/domestic/stock/251630/total"" target=""_blank"">Naver</a>"
153490,우리이앤엘,20.926265538603314,0.0,40.26798216484733,73.56820713060506,70.04898568661947,,"<a href=""https://m.stock.naver.com/domestic/stock/153490/total"" target=""_blank"">Naver</a>"
256630,포인트엔지니어링,20.909363650165343,5.114125918203579,28.12715709715862,73.15746123840017,69.86705402227044,,"<a href=""https://m.stock.naver.com/domestic/stock/256630/total"" target=""_blank"">Naver</a>"
127710,아시아경제,20.71437475601515,23.696289206534942,0.0,28.92303282042445,72.08595900103481,,"<a href=""https://m.stock.naver.com/domestic/stock/127710/total"" target=""_blank"">Naver</a>"
038870,에코바이오,20.690396673360794,18.25992948975032,6.933747488047586,70.01002107498708,20.0,,"<a href=""https://m.stock.naver.com/domestic/stock/038870/total"" target=""_blank"">Naver</a>"
407400,꿈비,20.50619476128949,17.641190827142633,0.0,60.361899278641246,77.70580674279566,,"<a href=""https://m.stock.naver.com/domestic/stock/407400/total"" target=""_blank"">Naver</a>"
096530,씨젠,20.483890029041508,0.0,50.61023566656543,58.842157799074755,38.942306649853535,,"<a href=""https://m.stock.naver.com/domestic/stock/096530/total"" target=""_blank"">Naver</a>"
196700,웹스,20.339748183722833,16.5192979270164,5.874785092373979,64.51798984318177,50.15348340202638,,"<a href=""https://m.stock.naver.com/domestic/stock/196700/total"" target=""_blank"">Naver</a>"
040910,아이씨디,20.310266763222735,14.566552406696266,5.380463954648505,73.09765757514454,58.309071460567836,,"<a href=""https://m.stock.naver.com/domestic/stock/040910/total"" target=""_blank"">Naver</a>"
089010,켐트로닉스,20.22507503968305,8.550638487915728,26.601088111986623,43.657782839024954,81.57283270068919,,"<a href=""https://m.stock.naver.com/domestic/stock/089010/total"" target=""_blank"">Naver</a>"
100130,동국S&C,19.9856505318038,9.855354076978355,17.232676307104516,60.91419014575861,73.45699988529586,,"<a href=""https://m.stock.naver.com/domestic/stock/100130/total"" target=""_blank"">Naver</a>"
036180,지더블유바이텍,19.95342997712415,16.777436725307265,0.0,61.9093045054692,73.92074982785736,,"<a href=""https://m.stock.naver.com/domestic/stock/036180/total"" target=""_blank"">Naver</a>"
016100,리더스코스메틱,19.89493758047684,7.712704944294125,24.78953996484036,51.08947980312667,79.21963284755213,,"<a href=""https://m.stock.naver.com/domestic/stock/016100/total"" target=""_blank"">Naver</a>"
043100,알파녹스,19.837458467358275,18.685876192790776,0.0,68.31926326849141,35.8801284966933,,"<a href=""https://m.stock.naver.com/domestic/stock/043100/total"" target=""_blank"">Naver</a>"
900270,헝셩그룹,19.586717893054402,2.8621425865610575,31.79632820728604,74.57600633118784,49.25499312354941,,"<a href=""https://m.stock.naver.com/domestic/stock/900270/total"" target=""_blank"">Naver</a>"
304840,피플바이오,19.56459903253985,27.83620213387778,0.0,10.520938887512116,36.21567726923945,,"<a href=""https://m.stock.naver.com/domestic/stock/304840/total"" target=""_blank"">Naver</a>"
347700,스피어,19.425058216460734,16.666666666666668,0.0,68.67618912850108,51.1487860722125,,"<a href=""https://m.stock.naver.com/domestic/stock/347700/total"" target=""_blank"">Naver</a>"
198080,캐프,19.109933064978314,0.0,34.28130029841305,61.38463980926596,88.0228801889691,,"<a href=""https://m.stock.naver.com/domestic/stock/198080/total"" target=""_blank"">Naver</a>"
204630,스튜디오산타클로스,19.08885011311021,19.16224071852967,0.0,45.91505681992409,60.0,,"<a href=""https://m.stock.naver.com/domestic/stock/204630/total"" target=""_blank"">Naver</a>"
084850,아이티엠반도체,19.055009851700024,12.962382168693297,14.67737918717287,36.62876241803218,78.90719023775223,,"<a href=""https://m.stock.naver.com/domestic/stock/084850/total"" target=""_blank"">Naver</a>"
083470,이엠앤아이,18.902347589946253,0.0,27.70145186638347,73.83147531044177,91.87674184612418,,"<a href=""https://m.stock.naver.com/domestic/stock/083470/total"" target=""_blank"">Naver</a>"
129920,대성하이텍,18.742764693890148,0.0,44.00333385720768,60.15075015027405,34.53712429121644,,"<a href=""https://m.stock.naver.com/domestic/stock/129920/total"" target=""_blank"">Naver</a>"
200710,에이디테크놀로지,18.69701177097254,0.0,30.743891652812284,72.61951123490952,74.98175468557034,,"<a href=""https://m.stock.naver.com/domestic/stock/200710/total"" target=""_blank"">Naver</a>"
074430,아미노로직스,18.292287889580813,0.0,27.273016153970726,93.89425849315306,41.692160035456496,,"<a href=""https://m.stock.naver.com/domestic/stock/074430/total"" target=""_blank"">Naver</a>"
069330,유아이디,18.21772650720151,0.0,32.6946875913985,54.80317530387302,91.27474157929169,,"<a href=""https://m.stock.naver.com/domestic/stock/069330/total"" target=""_blank"">Naver</a>"
078130,국일제지,18.205866822796086,16.873164649964217,0.0,44.974959835894936,71.68944098456123,,"<a href=""https://m.stock.naver.com/domestic/stock/078130/total"" target=""_blank"">Naver</a>"
060590,씨티씨바이오,18.180113776799793,1.536885137576961,31.994207613168687,62.32854955295515,60.53151671331854,,"<a href=""https://m.stock.naver.com/domestic/stock/060590/total"" target=""_blank"">Naver</a>"
046890,서울반도체,18.16917257625142,7.195990046050524,13.247984880870371,69.11595159517202,72.5597433777262,,"<a href=""https://m.stock.naver.com/domestic/stock/046890/total"" target=""_blank"">Naver</a>"
041960,코미팜,18.080652914153404,16.96005159304931,0.0,61.97555492196578,34.141329322544735,,"<a href=""https://m.stock.naver.com/domestic/stock/041960/total"" target=""_blank"">Naver</a>"
083660,CSA 코스믹,17.97047016840384,17.804918247063846,0.0,33.22657991109475,79.29722458112116,,"<a href=""https://m.stock.naver.com/domestic/stock/083660/total"" target=""_blank"">Naver</a>"
070590,한솔인티큐브,17.727345813102126,9.532963154912258,1.3071210651671883,71.67102216667169,90.27370874391607,,"<a href=""https://m.stock.naver.com/domestic/stock/070590/total"" target=""_blank"">Naver</a>"
310210,보로노이,17.637349228897275,16.666666666666668,0.0,67.5548176745241,,,"<a href=""https://m.stock.naver.com/domestic/stock/310210/total"" target=""_blank"">Naver</a>"
154030,아시아종묘,17.38919969986898,10.126987774456422,12.669529685464624,62.626189045741626,37.66011418509608,,"<a href=""https://m.stock.naver.com/domestic/stock/154030/total"" target=""_blank"">Naver</a>"
187420,HLB제넥스,17.36505007674835,20.26068456568629,0.0,29.788465686493055,44.59585537374542,,"<a href=""https://m.stock.naver.com/domestic/stock/187420/total"" target=""_blank"">Naver</a>"
067170,오텍,17.345663490878366,8.2717929592176,17.00935865007033,42.5695630947488,77.46583486710686,,"<a href=""https://m.stock.naver.com/domestic/stock/067170/total"" target=""_blank"">Naver</a>"
091340,S&K폴리텍,17.262829441552416,0.0,27.735155845610198,61.25872524685343,84.06335910929046,,"<a href=""https://m.stock.naver.com/domestic/stock/091340/total"" target=""_blank"">Naver</a>"
041520,이엘씨,17.241851869383808,6.2478159448135555,11.388288760549841,74.55120680184474,63.81938864347478,,"<a href=""https://m.stock.naver.com/domestic/stock/041520/total"" target=""_blank"">Naver</a>"
078890,가온그룹,17.155018748480714,3.75892423312219,23.93732308209029,59.614296522200455,59.078075717295604,,"<a href=""https://m.stock.naver.com/domestic/stock/078890/total"" target=""_blank"">Naver</a>"
239610,에이치엘사이언스,17.095271316652045,0.0,24.92249615559163,74.90921887405034,67.4745078069821,,"<a href=""https://m.stock.naver.com/domestic/stock/239610/total"" target=""_blank"">Naver</a>"
082270,젬백스,17.046093642761647,11.116022358963347,0.33050492834158507,66.66666666666667,72.54374657263146,,"<a href=""https://m.stock.naver.com/domestic/stock/082270/total"" target=""_blank"">Naver</a>"
217480,에스디생명공학,16.969116444809814,16.94558668654894,0.0,28.305494808453876,79.42429904070123,,"<a href=""https://m.stock.naver.com/domestic/stock/217480/total"" target=""_blank"">Naver</a>"
067390,아스트,16.933323091851808,17.51501978880169,0.0,44.578063316182636,39.33009773905057,,"<a href=""https://m.stock.naver.com/domestic/stock/067390/total"" target=""_blank"">Naver</a>"
069540,빛과전자,16.91670124463333,5.317550170977889,16.3789028465645,72.78058430631498,47.06773999547951,,"<a href=""https://m.stock.naver.com/domestic/stock/069540/total"" target=""_blank"">Naver</a>"
377030,비트맥스,16.88655685275109,18.147836104360326,0.0,44.31023910600602,31.33662559068585,,"<a href=""https://m.stock.naver.com/domestic/stock/377030/total"" target=""_blank"">Naver</a>"
138080,오이솔루션,16.70395873568989,12.052156554745714,0.0,73.63028399737965,42.19272806208997,,"<a href=""https://m.stock.naver.com/domestic/stock/138080/total"" target=""_blank"">Naver</a>"
194480,데브시스터즈,16.699105414671884,8.602059551045004,1.3049215221298316,71.96394508740542,80.30489589543764,,"<a href=""https://m.stock.naver.com/domestic/stock/194480/total"" target=""_blank"">Naver</a>"
250930,예선테크,16.56258670173081,11.226947691709734,0.0,68.1089689120891,60.310423909921205,,"<a href=""https://m.stock.naver.com/domestic/stock/250930/total"" target=""_blank"">Naver</a>"
033560,블루콤,16.435884783836055,0.0,25.169428835935644,74.7679499255982,53.334651645846456,,"<a href=""https://m.stock.naver.com/domestic/stock/033560/total"" target=""_blank"">Naver</a>"
025980,아난티,16.421375869629173,0.0,40.82956172595303,44.639854381409144,35.0,,"<a href=""https://m.stock.naver.com/domestic/stock/025980/total"" target=""_blank"">Naver</a>"
045970,코아시아,16.325812631975268,8.128148745387813,7.7147367190476075,51.408339476782764,87.58810514604801,,"<a href=""https://m.stock.naver.com/domestic/stock/045970/total"" target=""_blank"">Naver</a>"
412350,레이저쎌,16.018601434689185,16.800108363827277,0.0,49.86951051090618,19.031707306044012,,"<a href=""https://m.stock.naver.com/domestic/stock/412350/total"" target=""_blank"">Naver</a>"
133750,메가엠디,15.951979722987755,0.0,17.411138599957805,72.58671442044093,86.81047261908417,,"<a href=""https://m.stock.naver.com/domestic/stock/133750/total"" target=""_blank"">Naver</a>"
054630,에이디칩스,15.835868146524753,13.19122996304114,4.1789975735433975,35.6144690191353,66.29867746801378,,"<a href=""https://m.stock.naver.com/domestic/stock/054630/total"" target=""_blank"">Naver</a>"
900100,애머릿지,15.530428246282613,0.9756259348964597,14.83359947306422,74.47902665463155,75.77500303231051,,"<a href=""https://m.stock.naver.com/domestic/stock/900100/total"" target=""_blank"">Naver</a>"
226330,신테카바이오,15.525998829531364,14.053364975555631,0.0,40.939798441979846,60.0,,"<a href=""https://m.stock.naver.com/domestic/stock/226330/total"" target=""_blank"">Naver</a>"
047560,이스트소프트,15.317648169079703,8.574817686049123,0.0,66.33093861327231,70.79327392245995,,"<a href=""https://m.stock.naver.com/domestic/stock/047560/total"" target=""_blank"">Naver</a>"
296640,이노룰스,14.832975282806814,5.829623730046774,6.657230892538564,61.841439138865226,69.73498815515171,,"<a href=""https://m.stock.naver.com/domestic/stock/296640/total"" target=""_blank"">Naver</a>"
049180,셀루메드,14.747709794605804,4.185433764627364,4.6986375075397975,68.71769021527246,83.8004227483438,,"<a href=""https://m.stock.naver.com/domestic/stock/049180/total"" target=""_blank"">Naver</a>"
043590,웰킵스하이텍,14.707663788969265,0.0,16.570019992604355,74.75930059383971,61.78457462868411,,"<a href=""https://m.stock.naver.com/domestic/stock/043590/total"" target=""_blank"">Naver</a>"
028300,HLB,14.676513214731406,9.820943090738599,0.0,53.642109121357954,68.39472896304902,,"<a href=""https://m.stock.naver.com/domestic/stock/028300/total"" target=""_blank"">Naver</a>"
066910,손오공,14.508007299895779,9.334828638673375,0.0,53.72413770618178,70.6939269214715,,"<a href=""https://m.stock.naver.com/domestic/stock/066910/total"" target=""_blank"">Naver</a>"
290380,대유,14.406901234979827,0.34713909474069765,17.80210685728836,81.61848152534421,31.724858225577904,,"<a href=""https://m.stock.naver.com/domestic/stock/290380/total"" target=""_blank"">Naver</a>"
060900,DGP,14.19753093093832,10.06740076469587,0.0,58.87368456771357,45.39444030698882,,"<a href=""https://m.stock.naver.com/domestic/stock/060900/total"" target=""_blank"">Naver</a>"
238090,앤디포스,14.158732233722048,4.2990341994657895,7.23771012872222,74.48976549346185,46.418152650316706,,"<a href=""https://m.stock.naver.com/domestic/stock/238090/total"" target=""_blank"">Naver</a>"
290090,트윔,14.039120776127737,8.27505212906103,0.0,72.62508237400502,36.23162522581231,,"<a href=""https://m.stock.naver.com/domestic/stock/290090/total"" target=""_blank"">Naver</a>"
255440,야스,13.999653249697666,4.414734568830167,9.781074830603842,72.5785249295477,32.9538261558767,,"<a href=""https://m.stock.naver.com/domestic/stock/255440/total"" target=""_blank"">Naver</a>"
069140,누리플랜,13.90317465736104,9.20358717940732,6.239837364839377,37.235126042667254,61.95100808480154,,"<a href=""https://m.stock.naver.com/domestic/stock/069140/total"" target=""_blank"">Naver</a>"
073190,듀오백,13.848790199681314,4.724684034651117,0.0,68.59914295765483,83.08130966250322,,"<a href=""https://m.stock.naver.com/domestic/stock/073190/total"" target=""_blank"">Naver</a>"
038880,아이에이,13.683718425767651,2.7058343462381167,11.088323303382007,62.00063438873195,61.76147106612169,,"<a href=""https://m.stock.naver.com/domestic/stock/038880/total"" target=""_blank"">Naver</a>"
064240,홈캐스트,13.64422064909329,0.0,12.395074854007802,74.93083647208827,61.04736576765025,,"<a href=""https://m.stock.naver.com/domestic/stock/064240/total"" target=""_blank"">Naver</a>"
063170,서울옥션,13.499528193734339,0.0,20.77358408758064,65.1463188188661,35.83000579905132,,"<a href=""https://m.stock.naver.com/domestic/stock/063170/total"" target=""_blank"">Naver</a>"
289010,아이스크림에듀,13.497927968178674,6.637402582189279,0.0,52.35105202314584,85.60762433101043,,"<a href=""https://m.stock.naver.com/domestic/stock/289010/total"" target=""_blank"">Naver</a>"
073110,엘엠에스,13.371820447334615,0.0,20.811405266858795,60.487908053019666,42.403566506359,,"<a href=""https://m.stock.naver.com/domestic/stock/073110/total"" target=""_blank"">Naver</a>"
050760,에스폴리텍,13.355238624379465,0.0,13.36003470505463,64.48354580141296,71.33750735949026,,"<a href=""https://m.stock.naver.com/domestic/stock/050760/total"" target=""_blank"">Naver</a>"
056700,신화인터텍,12.779818532309339,1.4611880173703529,9.683668251760873,53.703488265182195,82.23679664857377,,"<a href=""https://m.stock.naver.com/domestic/stock/056700/total"" target=""_blank"">Naver</a>"
377220,프롬바이오,12.11878881494721,0.0,8.918987853093464,73.89480268125325,49.99123167097038,,"<a href=""https://m.stock.naver.com/domestic/stock/377220/total"" target=""_blank"">Naver</a>"
192410,오늘이엔엠,11.990625493320078,3.428179204493412,0.0,66.16834277155989,66.33767386936083,,"<a href=""https://m.stock.naver.com/domestic/stock/192410/total"" target=""_blank"">Naver</a>"
148780,비큐AI,11.171060623069422,0.0,0.0,70.13559261930435,83.15002722277973,,"<a href=""https://m.stock.naver.com/domestic/stock/148780/total"" target=""_blank"">Naver</a>"
322310,오로스테크놀로지,10.9026355537395,2.515946164710741,0.0,74.58494006593459,38.69147696639193,,"<a href=""https://m.stock.naver.com/domestic/stock/322310/total"" target=""_blank"">Naver</a>"
064090,인크레더블버즈,10.784003600601853,0.0,0.0,63.85331287335876,87.97344626531952,,"<a href=""https://m.stock.naver.com/domestic/stock/064090/total"" target=""_blank"">Naver</a>"
239340,이스트에이드,10.477277184080235,0.0,0.0,71.02523317864757,67.49507732430953,,"<a href=""https://m.stock.naver.com/domestic/stock/239340/total"" target=""_blank"">Naver</a>"
159910,에코글로우,10.374883733666703,0.0,0.0,69.66155367554664,68.17456732224075,,"<a href=""https://m.stock.naver.com/domestic/stock/159910/total"" target=""_blank"">Naver</a>"
351320,넥사다이내믹스,10.173640314568479,0.0,4.865100683316612,70.28655671390293,38.57418944698065,,"<a href=""https://m.stock.naver.com/domestic/stock/351320/total"" target=""_blank"">Naver</a>"
067770,세진티에스,9.956764635094343,0.0,0.0,63.570052771656606,71.99518715857363,,"<a href=""https://m.stock.naver.com/domestic/stock/067770/total"" target=""_blank"">Naver</a>"
178780,일월지엠엘,9.795537022591517,0.0,0.0,60.184834405812985,75.54107164020436,,"<a href=""https://m.stock.naver.com/domestic/stock/178780/total"" target=""_blank"">Naver</a>"
141080,리가켐바이오,9.563055446446793,2.7998971444704917,0.0,49.57351031714456,58.51532256100082,,"<a href=""https://m.stock.naver.com/domestic/stock/141080/total"" target=""_blank"">Naver</a>"
300120,라온피플,9.530831215347876,0.0,4.43459887402098,63.71010570946599,41.02341851792061,,"<a href=""https://m.stock.naver.com/domestic/stock/300120/total"" target=""_blank"">Naver</a>"
137940,넥스트아이,9.423758244740421,0.0,0.0,70.06445413760596,48.346256619596495,,"<a href=""https://m.stock.naver.com/domestic/stock/137940/total"" target=""_blank"">Naver</a>"
348340,뉴로메카,9.281056104241637,5.715300485527163,0.0,49.755571165203804,17.52637392809915,,"<a href=""https://m.stock.naver.com/domestic/stock/348340/total"" target=""_blank"">Naver</a>"
063760,이엘피,8.818437207171385,0.0,0.0,67.37019883170282,41.628346480022046,,"<a href=""https://m.stock.naver.com/domestic/stock/063760/total"" target=""_blank"">Naver</a>"
408900,스튜디오미르,8.642498314764033,0.0,0.0,49.587998045990076,73.67397020330048,,"<a href=""https://m.stock.naver.com/domestic/stock/408900/total"" target=""_blank"">Naver</a>"
099390,브레인즈컴퍼니,8.452849285321946,0.0,0.0,49.66270198549001,69.73158173545892,,"<a href=""https://m.stock.naver.com/domestic/stock/099390/total"" target=""_blank"">Naver</a>"
058110,멕아이씨에스,8.42567075741821,0.0,0.0,65.90293655820531,36.707542031953565,,"<a href=""https://m.stock.naver.com/domestic/stock/058110/total"" target=""_blank"">Naver</a>"
253840,수젠텍,8.302747561557194,0.0,0.0,49.30086259485041,67.45322604144305,,"<a href=""https://m.stock.naver.com/domestic/stock/253840/total"" target=""_blank"">Naver</a>"
290670,대보마그네틱,8.28688161817889,0.0,5.289503282581183,48.83674727983847,41.61662139099495,,"<a href=""https://m.stock.naver.com/domestic/stock/290670/total"" target=""_blank"">Naver</a>"
048550,SM C&C,8.268757401242782,0.0,1.3394361910728014,48.26256328590081,62.15284049768999,,"<a href=""https://m.stock.naver.com/domestic/stock/048550/total"" target=""_blank"">Naver</a>"
041590,플래스크,8.213625463904322,0.0,0.0,42.263479206236,79.74555086561442,,"<a href=""https://m.stock.naver.com/domestic/stock/041590/total"" target=""_blank"">Naver</a>"
112040,위메이드,8.189487567732133,3.314389278309983,0.0,32.40647465296157,59.204130708999735,,"<a href=""https://m.stock.naver.com/domestic/stock/112040/total"" target=""_blank"">Naver</a>"
065370,위세아이텍,8.082696317474646,0.0,0.0,41.70544216274247,78.24304202400796,,"<a href=""https://m.stock.naver.com/domestic/stock/065370/total"" target=""_blank"">Naver</a>"
238490,힘스,7.983835978581232,0.0,0.0,59.61506208380501,40.446595404014616,,"<a href=""https://m.stock.naver.com/domestic/stock/238490/total"" target=""_blank"">Naver</a>"
117730,티로보틱스,7.762209220588478,0.0,0.0,46.89787720617629,61.44842999941696,,"<a href=""https://m.stock.naver.com/domestic/stock/117730/total"" target=""_blank"">Naver</a>"
203400,에이비온,7.757223267254242,4.856593021981331,0.0,29.218301695346383,38.42874569061611,,"<a href=""https://m.stock.naver.com/domestic/stock/203400/total"" target=""_blank"">Naver</a>"
228760,지노믹트리,7.5614616183863035,0.0,0.0,47.82167239983922,55.58588756804762,,"<a href=""https://m.stock.naver.com/domestic/stock/228760/total"" target=""_blank"">Naver</a>"
177350,베셀,7.070764287201156,0.0,0.0,49.82882530206233,41.757635139898454,,"<a href=""https://m.stock.naver.com/domestic/stock/177350/total"" target=""_blank"">Naver</a>"
369370,블리츠웨이엔터테인먼트,6.74656573679292,0.0,0.0,47.331077729180464,40.269159277497465,,"<a href=""https://m.stock.naver.com/domestic/stock/369370/total"" target=""_blank"">Naver</a>"
179900,유티아이,6.402348072619631,0.0,0.0,43.96936446559164,40.10823252120933,,"<a href=""https://m.stock.naver.com/domestic/stock/179900/total"" target=""_blank"">Naver</a>"
111870,KH 미래물산,6.376653593345987,0.0,0.0,45.74638380279755,36.04030426132462,,"<a href=""https://m.stock.naver.com/domestic/stock/111870/total"" target=""_blank"">Naver</a>"
079950,인베니아,6.128038834523385,0.0,0.0,41.937432677494485,38.685911335478714,,"<a href=""https://m.stock.naver.com/domestic/stock/079950/total"" target=""_blank"">Naver</a>"
288980,모아데이타,6.02579449995919,0.0,0.0,45.400368192064846,29.715153615054106,,"<a href=""https://m.stock.naver.com/domestic/stock/288980/total"" target=""_blank"">Naver</a>"
189330,씨이랩,5.957414236555074,0.0,0.0,49.57414236555074,20.0,,"<a href=""https://m.stock.naver.com/domestic/stock/189330/total"" target=""_blank"">Naver</a>"
230980,비유테크놀러지,5.744125520397035,0.0,0.0,35.99382130967375,42.8948677885932,,"<a href=""https://m.stock.naver.com/domestic/stock/230980/total"" target=""_blank"">Naver</a>"
394280,오픈엣지테크놀로지,5.6774836426889435,0.0,0.0,45.11430056761108,23.321071718556702,,"<a href=""https://m.stock.naver.com/domestic/stock/394280/total"" target=""_blank"">Naver</a>"
095700,제넥신,5.6122337468667824,0.0,0.0,46.12233746866782,20.0,,"<a href=""https://m.stock.naver.com/domestic/stock/095700/total"" target=""_blank"">Naver</a>"
354200,엔젠바이오,5.488707193041157,0.0,0.0,36.25490001025314,37.264343840316855,,"<a href=""https://m.stock.naver.com/domestic/stock/354200/total"" target=""_blank"">Naver</a>"
271830,팸텍,5.411119651049465,0.0,0.0,42.33590307613326,23.55058686872277,,"<a href=""https://m.stock.naver.com/domestic/stock/271830/total"" target=""_blank"">Naver</a>"
241820,피씨엘,5.185542165719448,0.0,0.0,35.62091049967965,32.46902231502964,,"<a href=""https://m.stock.naver.com/domestic/stock/241820/total"" target=""_blank"">Naver</a>"
352770,셀레스트라,5.048378949055538,0.0,0.0,35.521871704050135,29.92383557301048,,"<a href=""https://m.stock.naver.com/domestic/stock/352770/total"" target=""_blank"">Naver</a>"
405000,플라즈맵,3.324009816998953,0.0,0.0,24.660038358120502,17.16011962373805,,"<a href=""https://m.stock.naver.com/domestic/stock/405000/total"" target=""_blank"">Naver</a>"
347850,디앤디파마텍,,,,,,annual FS not found,"<a href=""https://m.stock.naver.com/domestic/stock/347850/total"" target=""_blank"">Naver</a>"
160190,하이젠알앤엠,,,,,,annual FS not found,"<a href=""https://m.stock.naver.com/domestic/stock/160190/total"" target=""_blank"">Naver</a>"
041190,우리기술투자,,,,,,annual FS not found,"<a href=""https://m.stock.naver.com/domestic/stock/041190/total"" target=""_blank"">Naver</a>"
460930,현대힘스,,,,,,annual FS not found,"<a href=""https://m.stock.naver.com/domestic/stock/460930/total"" target=""_blank"">Naver</a>"
417200,LS머트리얼즈,,,,,,annual FS not found,"<a href=""https://m.stock.naver.com/domestic/stock/417200/total"" target=""_blank"">Naver</a>"
445680,큐리옥스바이오시스템즈,,,,,,annual FS not found,"<a href=""https://m.stock.naver.com/domestic/stock/445680/total"" target=""_blank"">Naver</a>"
440110,파두,,,,,,annual FS not found,"<a href=""https://m.stock.naver.com/domestic/stock/440110/total"" target=""_blank"">Naver</a>"
372320,큐로셀,,,,,,annual FS not found,"<a href=""https://m.stock.naver.com/domestic/stock/372320/total"" target=""_blank"">Naver</a>"
466100,클로봇,,,,,,annual FS not found,"<a href=""https://m.stock.naver.com/domestic/stock/466100/total"" target=""_blank"">Naver</a>"
475830,오름테라퓨틱,,,,,,annual FS not found,"<a href=""https://m.stock.naver.com/domestic/stock/475830/total"" target=""_blank"">Naver</a>"
295310,에이치브이엠,,,,,,annual FS not found,"<a href=""https://m.stock.naver.com/domestic/stock/295310/total"" target=""_blank"">Naver</a>"
389650,넥스트바이오메디컬,,,,,,annual FS not found,"<a href=""https://m.stock.naver.com/domestic/stock/389650/total"" target=""_blank"">Naver</a>"
448280,에코아이,,,,,,annual FS not found,"<a href=""https://m.stock.naver.com/domestic/stock/448280/total"" target=""_blank"">Naver</a>"
458870,씨어스테크놀로지,,,,,,annual FS not found,"<a href=""https://m.stock.naver.com/domestic/stock/458870/total"" target=""_blank"">Naver</a>"
098070,한텍,,,,,,annual FS not found,"<a href=""https://m.stock.naver.com/domestic/stock/098070/total"" target=""_blank"">Naver</a>"
424870,이뮨온시아,,,,,,annual FS not found,"<a href=""https://m.stock.naver.com/domestic/stock/424870/total"" target=""_blank"">Naver</a>"
450950,아스테라시스,,,,,,annual FS not found,"<a href=""https://m.stock.naver.com/domestic/stock/450950/total"" target=""_blank"">Naver</a>"
462860,더즌,,,,,,annual FS not found,"<a href=""https://m.stock.naver.com/domestic/stock/462860/total"" target=""_blank"">Naver</a>"
437730,삼현,,,,,,annual FS not found,"<a href=""https://m.stock.naver.com/domestic/stock/437730/total"" target=""_blank"">Naver</a>"
416180,신성에스티,,,,,,annual FS not found,"<a href=""https://m.stock.naver.com/domestic/stock/416180/total"" target=""_blank"">Naver</a>"
308430,셀비온,,,,,,annual FS not found,"<a href=""https://m.stock.naver.com/domestic/stock/308430/total"" target=""_blank"">Naver</a>"
287840,인투셀,,,,,,annual FS not found,"<a href=""https://m.stock.naver.com/domestic/stock/287840/total"" target=""_blank"">Naver</a>"
420770,기가비스,,,,,,annual FS not found,"<a href=""https://m.stock.naver.com/domestic/stock/420770/total"" target=""_blank"">Naver</a>"
100790,미래에셋벤처투자,,,,,,annual FS not found,"<a href=""https://m.stock.naver.com/domestic/stock/100790/total"" target=""_blank"">Naver</a>"
455900,엔젤로보틱스,,,,,,annual FS not found,"<a href=""https://m.stock.naver.com/domestic/stock/455900/total"" target=""_blank"">Naver</a>"
484120,도우인시스,,,,,,annual FS not found,"<a href=""https://m.stock.naver.com/domestic/stock/484120/total"" target=""_blank"">Naver</a>"
445090,에이직랜드,,,,,,annual FS not found,"<a href=""https://m.stock.naver.com/domestic/stock/445090/total"" target=""_blank"">Naver</a>"
472850,폰드그룹,,,,,,annual FS not found,"<a href=""https://m.stock.naver.com/domestic/stock/472850/total"" target=""_blank"">Naver</a>"
481070,에이유브랜즈,,,,,,annual FS not found,"<a href=""https://m.stock.naver.com/domestic/stock/481070/total"" target=""_blank"">Naver</a>"
473980,노머스,,,,,,annual FS not found,"<a href=""https://m.stock.naver.com/domestic/stock/473980/total"" target=""_blank"">Naver</a>"
475960,토모큐브,,,,,,annual FS not found,"<a href=""https://m.stock.naver.com/domestic/stock/475960/total"" target=""_blank"">Naver</a>"
176750,듀켐바이오,,,,,,annual FS not found,"<a href=""https://m.stock.naver.com/domestic/stock/176750/total"" target=""_blank"">Naver</a>"
452450,피아이이,,,,,,annual FS not found,"<a href=""https://m.stock.naver.com/domestic/stock/452450/total"" target=""_blank"">Naver</a>"
439090,마녀공장,,,,,,annual FS not found,"<a href=""https://m.stock.naver.com/domestic/stock/439090/total"" target=""_blank"">Naver</a>"
378340,필에너지,,,,,,annual FS not found,"<a href=""https://m.stock.naver.com/domestic/stock/378340/total"" target=""_blank"">Naver</a>"
461300,아이스크림미디어,,,,,,annual FS not found,"<a href=""https://m.stock.naver.com/domestic/stock/461300/total"" target=""_blank"">Naver</a>"
078020,LS증권,,,,,,annual FS not found,"<a href=""https://m.stock.naver.com/domestic/stock/078020/total"" target=""_blank"">Naver</a>"
027360,아주IB투자,,,,,,annual FS not found,"<a href=""https://m.stock.naver.com/domestic/stock/027360/total"" target=""_blank"">Naver</a>"
476060,온코닉테라퓨틱스,,,,,,annual FS not found,"<a href=""https://m.stock.naver.com/domestic/stock/476060/total"" target=""_blank"">Naver</a>"
489460,바이오비쥬,,,,,,annual FS not found,"<a href=""https://m.stock.naver.com/domestic/stock/489460/total"" target=""_blank"">Naver</a>"
463020,뉴엔AI,,,,,,annual FS not found,"<a href=""https://m.stock.naver.com/domestic/stock/463020/total"" target=""_blank"">Naver</a>"
298830,슈어소프트테크,,,,,,annual FS not found,"<a href=""https://m.stock.naver.com/domestic/stock/298830/total"" target=""_blank"">Naver</a>"
376900,로킷헬스케어,,,,,,annual FS not found,"<a href=""https://m.stock.naver.com/domestic/stock/376900/total"" target=""_blank"">Naver</a>"
101970,우양에이치씨,,,,,,annual FS not found,"<a href=""https://m.stock.naver.com/domestic/stock/101970/total"" target=""_blank"">Naver</a>"
457550,우진엔텍,,,,,,annual FS not found,"<a href=""https://m.stock.naver.com/domestic/stock/457550/total"" target=""_blank"">Naver</a>"
475400,씨메스,,,,,,annual FS not found,"<a href=""https://m.stock.naver.com/domestic/stock/475400/total"" target=""_blank"">Naver</a>"
023760,한국캐피탈,,,,,,annual FS not found,"<a href=""https://m.stock.naver.com/domestic/stock/023760/total"" target=""_blank"">Naver</a>"
459510,나우로보틱스,,,,,,annual FS not found,"<a href=""https://m.stock.naver.com/domestic/stock/459510/total"" target=""_blank"">Naver</a>"
240550,동방메디컬,,,,,,annual FS not found,"<a href=""https://m.stock.naver.com/domestic/stock/240550/total"" target=""_blank"">Naver</a>"
452430,사피엔반도체,,,,,,annual FS not found,"<a href=""https://m.stock.naver.com/domestic/stock/452430/total"" target=""_blank"">Naver</a>"
136150,원일티엔아이,,,,,,annual FS not found,"<a href=""https://m.stock.naver.com/domestic/stock/136150/total"" target=""_blank"">Naver</a>"
394800,쓰리빌리언,,,,,,annual FS not found,"<a href=""https://m.stock.naver.com/domestic/stock/394800/total"" target=""_blank"">Naver</a>"
234030,싸이닉솔루션,,,,,,annual FS not found,"<a href=""https://m.stock.naver.com/domestic/stock/234030/total"" target=""_blank"">Naver</a>"
458650,성우,,,,,,annual FS not found,"<a href=""https://m.stock.naver.com/domestic/stock/458650/total"" target=""_blank"">Naver</a>"
476040,오가노이드사이언스,,,,,,annual FS not found,"<a href=""https://m.stock.naver.com/domestic/stock/476040/total"" target=""_blank"">Naver</a>"
464080,에스오에스랩,,,,,,annual FS not found,"<a href=""https://m.stock.naver.com/domestic/stock/464080/total"" target=""_blank"">Naver</a>"
432720,퀄리타스반도체,,,,,,annual FS not found,"<a href=""https://m.stock.naver.com/domestic/stock/432720/total"" target=""_blank"">Naver</a>"
482630,삼양엔씨켐,,,,,,annual FS not found,"<a href=""https://m.stock.naver.com/domestic/stock/482630/total"" target=""_blank"">Naver</a>"
484810,티엑스알로보틱스,,,,,,annual FS not found,"<a href=""https://m.stock.naver.com/domestic/stock/484810/total"" target=""_blank"">Naver</a>"
340450,지씨지놈,,,,,,annual FS not found,"<a href=""https://m.stock.naver.com/domestic/stock/340450/total"" target=""_blank"">Naver</a>"
241520,DSC인베스트먼트,,,,,,annual FS not found,"<a href=""https://m.stock.naver.com/domestic/stock/241520/total"" target=""_blank"">Naver</a>"
331740,아우토크립트,,,,,,annual FS not found,"<a href=""https://m.stock.naver.com/domestic/stock/331740/total"" target=""_blank"">Naver</a>"
096250,와이즈넛,,,,,,annual FS not found,"<a href=""https://m.stock.naver.com/domestic/stock/096250/total"" target=""_blank"">Naver</a>"
125020,티씨머티리얼즈,,,,,,annual FS not found,"<a href=""https://m.stock.naver.com/domestic/stock/125020/total"" target=""_blank"">Naver</a>"
380550,뉴로핏,,,,,,annual FS not found,"<a href=""https://m.stock.naver.com/domestic/stock/380550/total"" target=""_blank"">Naver</a>"
453450,그리드위즈,,,,,,annual FS not found,"<a href=""https://m.stock.naver.com/domestic/stock/453450/total"" target=""_blank"">Naver</a>"
303810,동국생명과학,,,,,,annual FS not found,"<a href=""https://m.stock.naver.com/domestic/stock/303810/total"" target=""_blank"">Naver</a>"
456010,아이씨티케이,,,,,,annual FS not found,"<a href=""https://m.stock.naver.com/domestic/stock/456010/total"" target=""_blank"">Naver</a>"
443670,에스피소프트,,,,,,annual FS not found,"<a href=""https://m.stock.naver.com/domestic/stock/443670/total"" target=""_blank"">Naver</a>"
338840,와이바이오로직스,,,,,,annual FS not found,"<a href=""https://m.stock.naver.com/domestic/stock/338840/total"" target=""_blank"">Naver</a>"
462350,이노스페이스,,,,,,annual FS not found,"<a href=""https://m.stock.naver.com/domestic/stock/462350/total"" target=""_blank"">Naver</a>"
475230,엔알비,,,,,,annual FS not found,"<a href=""https://m.stock.naver.com/domestic/stock/475230/total"" target=""_blank"">Naver</a>"
336680,탑런토탈솔루션,,,,,,annual FS not found,"<a href=""https://m.stock.naver.com/domestic/stock/336680/total"" target=""_blank"">Naver</a>"
468530,프로티나,,,,,,annual FS not found,"<a href=""https://m.stock.naver.com/domestic/stock/468530/total"" target=""_blank"">Naver</a>"
439580,블루엠텍,,,,,,annual FS not found,"<a href=""https://m.stock.naver.com/domestic/stock/439580/total"" target=""_blank"">Naver</a>"
475580,에이럭스,,,,,,annual FS not found,"<a href=""https://m.stock.naver.com/domestic/stock/475580/total"" target=""_blank"">Naver</a>"
354320,알멕,,,,,,annual FS not found,"<a href=""https://m.stock.naver.com/domestic/stock/354320/total"" target=""_blank"">Naver</a>"
007330,푸른저축은행,,,,,,annual FS not found,"<a href=""https://m.stock.naver.com/domestic/stock/007330/total"" target=""_blank"">Naver</a>"
460870,에스엠씨지,,,,,,annual FS not found,"<a href=""https://m.stock.naver.com/domestic/stock/460870/total"" target=""_blank"">Naver</a>"
163280,에어레인,,,,,,annual FS not found,"<a href=""https://m.stock.naver.com/domestic/stock/163280/total"" target=""_blank"">Naver</a>"
451760,컨텍,,,,,,annual FS not found,"<a href=""https://m.stock.naver.com/domestic/stock/451760/total"" target=""_blank"">Naver</a>"
474170,루미르,,,,,,annual FS not found,"<a href=""https://m.stock.naver.com/domestic/stock/474170/total"" target=""_blank"">Naver</a>"
443250,레뷰코퍼레이션,,,,,,annual FS not found,"<a href=""https://m.stock.naver.com/domestic/stock/443250/total"" target=""_blank"">Naver</a>"
393970,대진첨단소재,,,,,,annual FS not found,"<a href=""https://m.stock.naver.com/domestic/stock/393970/total"" target=""_blank"">Naver</a>"
418470,KT밀리의서재,,,,,,annual FS not found,"<a href=""https://m.stock.naver.com/domestic/stock/418470/total"" target=""_blank"">Naver</a>"
396470,워트,,,,,,annual FS not found,"<a href=""https://m.stock.naver.com/domestic/stock/396470/total"" target=""_blank"">Naver</a>"
365330,에스와이스틸텍,,,,,,annual FS not found,"<a href=""https://m.stock.naver.com/domestic/stock/365330/total"" target=""_blank"">Naver</a>"
463480,모티브링크,,,,,,annual FS not found,"<a href=""https://m.stock.naver.com/domestic/stock/463480/total"" target=""_blank"">Naver</a>"
456070,이엔셀,,,,,,annual FS not found,"<a href=""https://m.stock.naver.com/domestic/stock/456070/total"" target=""_blank"">Naver</a>"
019550,SBI인베스트먼트,,,,,,annual FS not found,"<a href=""https://m.stock.naver.com/domestic/stock/019550/total"" target=""_blank"">Naver</a>"
293580,나우IB,,,,,,annual FS not found,"<a href=""https://m.stock.naver.com/domestic/stock/293580/total"" target=""_blank"">Naver</a>"
448710,코츠테크놀로지,,,,,,annual FS not found,"<a href=""https://m.stock.naver.com/domestic/stock/448710/total"" target=""_blank"">Naver</a>"
044990,에이치엔에스하이텍,,,,,,annual FS not found,"<a href=""https://m.stock.naver.com/domestic/stock/044990/total"" target=""_blank"">Naver</a>"
424960,스마트레이더시스템,,,,,,annual FS not found,"<a href=""https://m.stock.naver.com/domestic/stock/424960/total"" target=""_blank"">Naver</a>"
452280,한선엔지니어링,,,,,,annual FS not found,"<a href=""https://m.stock.naver.com/domestic/stock/452280/total"" target=""_blank"">Naver</a>"
474650,링크솔루션,,,,,,annual FS not found,"<a href=""https://m.stock.naver.com/domestic/stock/474650/total"" target=""_blank"">Naver</a>"
452400,이닉스,,,,,,annual FS not found,"<a href=""https://m.stock.naver.com/domestic/stock/452400/total"" target=""_blank"">Naver</a>"
402490,그린리소스,,,,,,annual FS not found,"<a href=""https://m.stock.naver.com/domestic/stock/402490/total"" target=""_blank"">Naver</a>"
435570,에르코스,,,,,,annual FS not found,"<a href=""https://m.stock.naver.com/domestic/stock/435570/total"" target=""_blank"">Naver</a>"
489500,엘케이켐,,,,,,annual FS not found,"<a href=""https://m.stock.naver.com/domestic/stock/489500/total"" target=""_blank"">Naver</a>"
289930,웨이비스,,,,,,annual FS not found,"<a href=""https://m.stock.naver.com/domestic/stock/289930/total"" target=""_blank"">Naver</a>"
307930,컴퍼니케이,,,,,,annual FS not found,"<a href=""https://m.stock.naver.com/domestic/stock/307930/total"" target=""_blank"">Naver</a>"
199430,케이엔알시스템,,,,,,annual FS not found,"<a href=""https://m.stock.naver.com/domestic/stock/199430/total"" target=""_blank"">Naver</a>"
382150,온코크로스,,,,,,annual FS not found,"<a href=""https://m.stock.naver.com/domestic/stock/382150/total"" target=""_blank"">Naver</a>"
451250,삐아,,,,,,annual FS not found,"<a href=""https://m.stock.naver.com/domestic/stock/451250/total"" target=""_blank"">Naver</a>"
309960,LB인베스트먼트,,,,,,annual FS not found,"<a href=""https://m.stock.naver.com/domestic/stock/309960/total"" target=""_blank"">Naver</a>"
019590,에스유앤피,,,,,,annual FS not found,"<a href=""https://m.stock.naver.com/domestic/stock/019590/total"" target=""_blank"">Naver</a>"
413640,비아이매트릭스,,,,,,annual FS not found,"<a href=""https://m.stock.naver.com/domestic/stock/413640/total"" target=""_blank"">Naver</a>"
461030,아이엠비디엑스,,,,,,annual FS not found,"<a href=""https://m.stock.naver.com/domestic/stock/461030/total"" target=""_blank"">Naver</a>"
352090,스톰테크,,,,,,annual FS not found,"<a href=""https://m.stock.naver.com/domestic/stock/352090/total"" target=""_blank"">Naver</a>"
445180,퓨릿,,,,,,annual FS not found,"<a href=""https://m.stock.naver.com/domestic/stock/445180/total"" target=""_blank"">Naver</a>"
452190,한빛레이저,,,,,,annual FS not found,"<a href=""https://m.stock.naver.com/domestic/stock/452190/total"" target=""_blank"">Naver</a>"
226590,엠디바이스,,,,,,annual FS not found,"<a href=""https://m.stock.naver.com/domestic/stock/226590/total"" target=""_blank"">Naver</a>"
417790,트루엔,,,,,,annual FS not found,"<a href=""https://m.stock.naver.com/domestic/stock/417790/total"" target=""_blank"">Naver</a>"
126730,코칩,,,,,,annual FS not found,"<a href=""https://m.stock.naver.com/domestic/stock/126730/total"" target=""_blank"">Naver</a>"
478560,블랙야크아이앤씨,,,,,,annual FS not found,"<a href=""https://m.stock.naver.com/domestic/stock/478560/total"" target=""_blank"">Naver</a>"
475430,키스트론,,,,,,annual FS not found,"<a href=""https://m.stock.naver.com/domestic/stock/475430/total"" target=""_blank"">Naver</a>"
027830,대성창투,,,,,,annual FS not found,"<a href=""https://m.stock.naver.com/domestic/stock/027830/total"" target=""_blank"">Naver</a>"
476080,M83,,,,,,annual FS not found,"<a href=""https://m.stock.naver.com/domestic/stock/476080/total"" target=""_blank"">Naver</a>"
209640,와이제이링크,,,,,,annual FS not found,"<a href=""https://m.stock.naver.com/domestic/stock/209640/total"" target=""_blank"">Naver</a>"
381620,제닉스,,,,,,annual FS not found,"<a href=""https://m.stock.naver.com/domestic/stock/381620/total"" target=""_blank"">Naver</a>"
212710,아이에스티이,,,,,,annual FS not found,"<a href=""https://m.stock.naver.com/domestic/stock/212710/total"" target=""_blank"">Naver</a>"
289080,SV인베스트먼트,,,,,,annual FS not found,"<a href=""https://m.stock.naver.com/domestic/stock/289080/total"" target=""_blank"">Naver</a>"
453860,에이에스텍,,,,,,annual FS not found,"<a href=""https://m.stock.naver.com/domestic/stock/453860/total"" target=""_blank"">Naver</a>"
432470,케이엔에스,,,,,,annual FS not found,"<a href=""https://m.stock.naver.com/domestic/stock/432470/total"" target=""_blank"">Naver</a>"
384470,코어라인소프트,,,,,,annual FS not found,"<a href=""https://m.stock.naver.com/domestic/stock/384470/total"" target=""_blank"">Naver</a>"
479960,위너스,,,,,,annual FS not found,"<a href=""https://m.stock.naver.com/domestic/stock/479960/total"" target=""_blank"">Naver</a>"
459100,위츠,,,,,,annual FS not found,"<a href=""https://m.stock.naver.com/domestic/stock/459100/total"" target=""_blank"">Naver</a>"
446540,메가터치,,,,,,annual FS not found,"<a href=""https://m.stock.naver.com/domestic/stock/446540/total"" target=""_blank"">Naver</a>"
432430,와이랩,,,,,,annual FS not found,"<a href=""https://m.stock.naver.com/domestic/stock/432430/total"" target=""_blank"">Naver</a>"
199550,레이저옵텍,,,,,,annual FS not found,"<a href=""https://m.stock.naver.com/domestic/stock/199550/total"" target=""_blank"">Naver</a>"
145170,노브랜드,,,,,,annual FS not found,"<a href=""https://m.stock.naver.com/domestic/stock/145170/total"" target=""_blank"">Naver</a>"
373160,데이원컴퍼니,,,,,,annual FS not found,"<a href=""https://m.stock.naver.com/domestic/stock/373160/total"" target=""_blank"">Naver</a>"
412540,제일엠앤에스,,,,,,annual FS not found,"<a href=""https://m.stock.naver.com/domestic/stock/412540/total"" target=""_blank"">Naver</a>"
355390,크라우드웍스,,,,,,annual FS not found,"<a href=""https://m.stock.naver.com/domestic/stock/355390/total"" target=""_blank"">Naver</a>"
442900,미래에셋드림스팩1호,,,,,,annual FS not found,"<a href=""https://m.stock.naver.com/domestic/stock/442900/total"" target=""_blank"">Naver</a>"
452200,민테크,,,,,,annual FS not found,"<a href=""https://m.stock.naver.com/domestic/stock/452200/total"" target=""_blank"">Naver</a>"
413390,엠오티,,,,,,annual FS not found,"<a href=""https://m.stock.naver.com/domestic/stock/413390/total"" target=""_blank"">Naver</a>"
088340,유라클,,,,,,annual FS not found,"<a href=""https://m.stock.naver.com/domestic/stock/088340/total"" target=""_blank"">Naver</a>"
460940,피앤에스로보틱스,,,,,,annual FS not found,"<a href=""https://m.stock.naver.com/domestic/stock/460940/total"" target=""_blank"">Naver</a>"
403490,우듬지팜,,,,,,annual FS not found,"<a href=""https://m.stock.naver.com/domestic/stock/403490/total"" target=""_blank"">Naver</a>"
452160,제이엔비,,,,,,annual FS not found,"<a href=""https://m.stock.naver.com/domestic/stock/452160/total"" target=""_blank"">Naver</a>"
451220,아이엠티,,,,,,annual FS not found,"<a href=""https://m.stock.naver.com/domestic/stock/451220/total"" target=""_blank"">Naver</a>"
081180,쎄크,,,,,,annual FS not found,"<a href=""https://m.stock.naver.com/domestic/stock/081180/total"" target=""_blank"">Naver</a>"
388610,지에프씨생명과학,,,,,,annual FS not found,"<a href=""https://m.stock.naver.com/domestic/stock/388610/total"" target=""_blank"">Naver</a>"
448900,한국피아이엠,,,,,,annual FS not found,"<a href=""https://m.stock.naver.com/domestic/stock/448900/total"" target=""_blank"">Naver</a>"
388870,파로스아이바이오,,,,,,annual FS not found,"<a href=""https://m.stock.naver.com/domestic/stock/388870/total"" target=""_blank"">Naver</a>"
351870,차이커뮤니케이션,,,,,,annual FS not found,"<a href=""https://m.stock.naver.com/domestic/stock/351870/total"" target=""_blank"">Naver</a>"
466410,사이냅소프트,,,,,,annual FS not found,"<a href=""https://m.stock.naver.com/domestic/stock/466410/total"" target=""_blank"">Naver</a>"
199480,뱅크웨어글로벌,,,,,,annual FS not found,"<a href=""https://m.stock.naver.com/domestic/stock/199480/total"" target=""_blank"">Naver</a>"
471820,셀로맥스사이언스,,,,,,annual FS not found,"<a href=""https://m.stock.naver.com/domestic/stock/471820/total"" target=""_blank"">Naver</a>"
444530,심플랫폼,,,,,,annual FS not found,"<a href=""https://m.stock.naver.com/domestic/stock/444530/total"" target=""_blank"">Naver</a>"
462310,뉴키즈온,,,,,,annual FS not found,"<a href=""https://m.stock.naver.com/domestic/stock/462310/total"" target=""_blank"">Naver</a>"
457370,한켐,,,,,,annual FS not found,"<a href=""https://m.stock.naver.com/domestic/stock/457370/total"" target=""_blank"">Naver</a>"
177900,쓰리에이로직스,,,,,,annual FS not found,"<a href=""https://m.stock.naver.com/domestic/stock/177900/total"" target=""_blank"">Naver</a>"
364950,에이아이코리아,,,,,,annual FS not found,"<a href=""https://m.stock.naver.com/domestic/stock/364950/total"" target=""_blank"">Naver</a>"
475460,미트박스,,,,,,annual FS not found,"<a href=""https://m.stock.naver.com/domestic/stock/475460/total"" target=""_blank"">Naver</a>"
105760,포스뱅크,,,,,,annual FS not found,"<a href=""https://m.stock.naver.com/domestic/stock/105760/total"" target=""_blank"">Naver</a>"
021880,메이슨캐피탈,,,,,,annual FS not found,"<a href=""https://m.stock.naver.com/domestic/stock/021880/total"" target=""_blank"">Naver</a>"
465480,인스피언,,,,,,annual FS not found,"<a href=""https://m.stock.naver.com/domestic/stock/465480/total"" target=""_blank"">Naver</a>"
455180,케이지에이,,,,,,annual FS not found,"<a href=""https://m.stock.naver.com/domestic/stock/455180/total"" target=""_blank"">Naver</a>"
188040,바이오포트,,,,,,annual FS not found,"<a href=""https://m.stock.naver.com/domestic/stock/188040/total"" target=""_blank"">Naver</a>"
246690,TS인베스트먼트,,,,,,annual FS not found,"<a href=""https://m.stock.naver.com/domestic/stock/246690/total"" target=""_blank"">Naver</a>"
464280,티디에스팜,,,,,,annual FS not found,"<a href=""https://m.stock.naver.com/domestic/stock/464280/total"" target=""_blank"">Naver</a>"
450330,하스,,,,,,annual FS not found,"<a href=""https://m.stock.naver.com/domestic/stock/450330/total"" target=""_blank"">Naver</a>"
440290,HB인베스트먼트,,,,,,annual FS not found,"<a href=""https://m.stock.naver.com/domestic/stock/440290/total"" target=""_blank"">Naver</a>"
462510,라메디텍,,,,,,annual FS not found,"<a href=""https://m.stock.naver.com/domestic/stock/462510/total"" target=""_blank"">Naver</a>"
413630,씨피시스템,,,,,,annual FS not found,"<a href=""https://m.stock.naver.com/domestic/stock/413630/total"" target=""_blank"">Naver</a>"
420570,제이투케이바이오,,,,,,annual FS not found,"<a href=""https://m.stock.naver.com/domestic/stock/420570/total"" target=""_blank"">Naver</a>"
450520,인스웨이브,,,,,,annual FS not found,"<a href=""https://m.stock.naver.com/domestic/stock/450520/total"" target=""_blank"">Naver</a>"
474610,RF시스템즈,,,,,,annual FS not found,"<a href=""https://m.stock.naver.com/domestic/stock/474610/total"" target=""_blank"">Naver</a>"
321370,센서뷰,,,,,,annual FS not found,"<a href=""https://m.stock.naver.com/domestic/stock/321370/total"" target=""_blank"">Naver</a>"
323350,다원넥스뷰,,,,,,annual FS not found,"<a href=""https://m.stock.naver.com/domestic/stock/323350/total"" target=""_blank"">Naver</a>"
430690,한싹,,,,,,annual FS not found,"<a href=""https://m.stock.naver.com/domestic/stock/430690/total"" target=""_blank"">Naver</a>"
360350,코셈,,,,,,annual FS not found,"<a href=""https://m.stock.naver.com/domestic/stock/360350/total"" target=""_blank"">Naver</a>"
303360,프로티아,,,,,,annual FS not found,"<a href=""https://m.stock.naver.com/domestic/stock/303360/total"" target=""_blank"">Naver</a>"
418620,E8,,,,,,annual FS not found,"<a href=""https://m.stock.naver.com/domestic/stock/418620/total"" target=""_blank"">Naver</a>"
016600,큐캐피탈,,,,,,annual FS not found,"<a href=""https://m.stock.naver.com/domestic/stock/016600/total"" target=""_blank"">Naver</a>"
460470,아이빔테크놀로지,,,,,,annual FS not found,"<a href=""https://m.stock.naver.com/domestic/stock/460470/total"" target=""_blank"">Naver</a>"
440320,오픈놀,,,,,,annual FS not found,"<a href=""https://m.stock.naver.com/domestic/stock/440320/total"" target=""_blank"">Naver</a>"
448740,삼성스팩8호,,,,,,annual FS not found,"<a href=""https://m.stock.naver.com/domestic/stock/448740/total"" target=""_blank"">Naver</a>"
438700,버넥트,,,,,,annual FS not found,"<a href=""https://m.stock.naver.com/domestic/stock/438700/total"" target=""_blank"">Naver</a>"
462980,아이지넷,,,,,,annual FS not found,"<a href=""https://m.stock.naver.com/domestic/stock/462980/total"" target=""_blank"">Naver</a>"
424980,마이크로투나노,,,,,,annual FS not found,"<a href=""https://m.stock.naver.com/domestic/stock/424980/total"" target=""_blank"">Naver</a>"
340810,시선AI,,,,,,annual FS not found,"<a href=""https://m.stock.naver.com/domestic/stock/340810/total"" target=""_blank"">Naver</a>"
434480,모니터랩,,,,,,annual FS not found,"<a href=""https://m.stock.naver.com/domestic/stock/434480/total"" target=""_blank"">Naver</a>"
464580,닷밀,,,,,,annual FS not found,"<a href=""https://m.stock.naver.com/domestic/stock/464580/total"" target=""_blank"">Naver</a>"
418250,시큐레터,,,,,,annual FS not found,"<a href=""https://m.stock.naver.com/domestic/stock/418250/total"" target=""_blank"">Naver</a>"
190650,코리아에셋투자증권,,,,,,annual FS not found,"<a href=""https://m.stock.naver.com/domestic/stock/190650/total"" target=""_blank"">Naver</a>"
464500,아이언디바이스,,,,,,annual FS not found,"<a href=""https://m.stock.naver.com/domestic/stock/464500/total"" target=""_blank"">Naver</a>"
452300,캡스톤파트너스,,,,,,annual FS not found,"<a href=""https://m.stock.naver.com/domestic/stock/452300/total"" target=""_blank"">Naver</a>"
140430,카티스,,,,,,annual FS not found,"<a href=""https://m.stock.naver.com/domestic/stock/140430/total"" target=""_blank"">Naver</a>"
274400,이노시뮬레이션,,,,,,annual FS not found,"<a href=""https://m.stock.naver.com/domestic/stock/274400/total"" target=""_blank"">Naver</a>"
109670,씨싸이트,,,,,,annual FS not found,"<a href=""https://m.stock.naver.com/domestic/stock/109670/total"" target=""_blank"">Naver</a>"
387570,파인메딕스,,,,,,annual FS not found,"<a href=""https://m.stock.naver.com/domestic/stock/387570/total"" target=""_blank"">Naver</a>"
406820,뷰티스킨,,,,,,annual FS not found,"<a href=""https://m.stock.naver.com/domestic/stock/406820/total"" target=""_blank"">Naver</a>"
457600,벡트,,,,,,annual FS not found,"<a href=""https://m.stock.naver.com/domestic/stock/457600/total"" target=""_blank"">Naver</a>"
088280,쏘닉스,,,,,,annual FS not found,"<a href=""https://m.stock.naver.com/domestic/stock/088280/total"" target=""_blank"">Naver</a>"
373170,엠아이큐브솔루션,,,,,,annual FS not found,"<a href=""https://m.stock.naver.com/domestic/stock/373170/total"" target=""_blank"">Naver</a>"
452980,신한제11호스팩,,,,,,annual FS not found,"<a href=""https://m.stock.naver.com/domestic/stock/452980/total"" target=""_blank"">Naver</a>"
475660,에스켐,,,,,,annual FS not found,"<a href=""https://m.stock.naver.com/domestic/stock/475660/total"" target=""_blank"">Naver</a>"
285800,진영,,,,,,annual FS not found,"<a href=""https://m.stock.naver.com/domestic/stock/285800/total"" target=""_blank"">Naver</a>"
405920,나라셀라,,,,,,annual FS not found,"<a href=""https://m.stock.naver.com/domestic/stock/405920/total"" target=""_blank"">Naver</a>"
398120,에스지헬스케어,,,,,,annual FS not found,"<a href=""https://m.stock.naver.com/domestic/stock/398120/total"" target=""_blank"">Naver</a>"
362990,드림인사이트,,,,,,annual FS not found,"<a href=""https://m.stock.naver.com/domestic/stock/362990/total"" target=""_blank"">Naver</a>"
221800,유투바이오,,,,,,annual FS not found,"<a href=""https://m.stock.naver.com/domestic/stock/221800/total"" target=""_blank"">Naver</a>"
373110,엑셀세라퓨틱스,,,,,,annual FS not found,"<a href=""https://m.stock.naver.com/domestic/stock/373110/total"" target=""_blank"">Naver</a>"
415380,스튜디오삼익,,,,,,annual FS not found,"<a href=""https://m.stock.naver.com/domestic/stock/415380/total"" target=""_blank"">Naver</a>"
469750,아이비젼웍스,,,,,,annual FS not found,"<a href=""https://m.stock.naver.com/domestic/stock/469750/total"" target=""_blank"">Naver</a>"
431190,케이쓰리아이,,,,,,annual FS not found,"<a href=""https://m.stock.naver.com/domestic/stock/431190/total"" target=""_blank"">Naver</a>"
432980,엠에프씨,,,,,,annual FS not found,"<a href=""https://m.stock.naver.com/domestic/stock/432980/total"" target=""_blank"">Naver</a>"
146060,율촌,,,,,,annual FS not found,"<a href=""https://m.stock.naver.com/domestic/stock/146060/total"" target=""_blank"">Naver</a>"
068100,케이웨더,,,,,,annual FS not found,"<a href=""https://m.stock.naver.com/domestic/stock/068100/total"" target=""_blank"">Naver</a>"
240600,유진테크놀로지,,,,,,annual FS not found,"<a href=""https://m.stock.naver.com/domestic/stock/240600/total"" target=""_blank"">Naver</a>"
451700,엔에이치스팩29호,,,,,,annual FS not found,"<a href=""https://m.stock.naver.com/domestic/stock/451700/total"" target=""_blank"">Naver</a>"
232830,아이티센피엔에스,,,,,,annual FS not found,"<a href=""https://m.stock.naver.com/domestic/stock/232830/total"" target=""_blank"">Naver</a>"
429270,시지트로닉스,,,,,,annual FS not found,"<a href=""https://m.stock.naver.com/domestic/stock/429270/total"" target=""_blank"">Naver</a>"
464680,KB제27호스팩,,,,,,annual FS not found,"<a href=""https://m.stock.naver.com/domestic/stock/464680/total"" target=""_blank"">Naver</a>"
290560,신시웨이,,,,,,annual FS not found,"<a href=""https://m.stock.naver.com/domestic/stock/290560/total"" target=""_blank"">Naver</a>"
389680,유디엠텍,,,,,,annual FS not found,"<a href=""https://m.stock.naver.com/domestic/stock/389680/total"" target=""_blank"">Naver</a>"
449020,유안타제13호스팩,,,,,,annual FS not found,"<a href=""https://m.stock.naver.com/domestic/stock/449020/total"" target=""_blank"">Naver</a>"
466910,엔에이치스팩30호,,,,,,annual FS not found,"<a href=""https://m.stock.naver.com/domestic/stock/466910/total"" target=""_blank"">Naver</a>"
188260,세니젠,,,,,,annual FS not found,"<a href=""https://m.stock.naver.com/domestic/stock/188260/total"" target=""_blank"">Naver</a>"
478780,대신밸런스제18호스팩,,,,,,annual FS not found,"<a href=""https://m.stock.naver.com/domestic/stock/478780/total"" target=""_blank"">Naver</a>"
454750,하나28호스팩,,,,,,annual FS not found,"<a href=""https://m.stock.naver.com/domestic/stock/454750/total"" target=""_blank"">Naver</a>"
424760,벨로크,,,,,,annual FS not found,"<a href=""https://m.stock.naver.com/domestic/stock/424760/total"" target=""_blank"">Naver</a>"
477380,미래에셋비전스팩4호,,,,,,annual FS not found,"<a href=""https://m.stock.naver.com/domestic/stock/477380/total"" target=""_blank"">Naver</a>"
482680,미래에셋비전스팩7호,,,,,,annual FS not found,"<a href=""https://m.stock.naver.com/domestic/stock/482680/total"" target=""_blank"">Naver</a>"
457630,대신밸런스제16호스팩,,,,,,annual FS not found,"<a href=""https://m.stock.naver.com/domestic/stock/457630/total"" target=""_blank"">Naver</a>"
430220,신영스팩8호,,,,,,annual FS not found,"<a href=""https://m.stock.naver.com/domestic/stock/430220/total"" target=""_blank"">Naver</a>"
469880,하나30호스팩,,,,,,annual FS not found,"<a href=""https://m.stock.naver.com/domestic/stock/469880/total"" target=""_blank"">Naver</a>"
477340,에이치엠씨제7호스팩,,,,,,annual FS not found,"<a href=""https://m.stock.naver.com/domestic/stock/477340/total"" target=""_blank"">Naver</a>"
479880,한국제15호스팩,,,,,,annual FS not found,"<a href=""https://m.stock.naver.com/domestic/stock/479880/total"" target=""_blank"">Naver</a>"
478440,미래에셋비전스팩6호,,,,,,annual FS not found,"<a href=""https://m.stock.naver.com/domestic/stock/478440/total"" target=""_blank"">Naver</a>"
473050,유안타제15호스팩,,,,,,annual FS not found,"<a href=""https://m.stock.naver.com/domestic/stock/473050/total"" target=""_blank"">Naver</a>"
446190,미래에셋비전스팩2호,,,,,,annual FS not found,"<a href=""https://m.stock.naver.com/domestic/stock/446190/total"" target=""_blank"">Naver</a>"
489480,키움제11호스팩,,,,,,annual FS not found,"<a href=""https://m.stock.naver.com/domestic/stock/489480/total"" target=""_blank"">Naver</a>"
471050,대신밸런스제17호스팩,,,,,,annual FS not found,"<a href=""https://m.stock.naver.com/domestic/stock/471050/total"" target=""_blank"">Naver</a>"
481890,엔에이치스팩31호,,,,,,annual FS not found,"<a href=""https://m.stock.naver.com/domestic/stock/481890/total"" target=""_blank"">Naver</a>"
478390,KB제29호스팩,,,,,,annual FS not found,"<a href=""https://m.stock.naver.com/domestic/stock/478390/total"" target=""_blank"">Naver</a>"
489730,디비금융제13호스팩,,,,,,annual FS not found,"<a href=""https://m.stock.naver.com/domestic/stock/489730/total"" target=""_blank"">Naver</a>"
446840,키움제8호스팩,,,,,,annual FS not found,"<a href=""https://m.stock.naver.com/domestic/stock/446840/total"" target=""_blank"">Naver</a>"
0037T0,KB제32호스팩,,,,,,annual FS not found,"<a href=""https://m.stock.naver.com/domestic/stock/0037T0/total"" target=""_blank"">Naver</a>"
492220,KB제31호스팩,,,,,,annual FS not found,"<a href=""https://m.stock.naver.com/domestic/stock/492220/total"" target=""_blank"">Naver</a>"
482520,교보16호스팩,,,,,,annual FS not found,"<a href=""https://m.stock.naver.com/domestic/stock/482520/total"" target=""_blank"">Naver</a>"
477760,DB금융스팩12호,,,,,,annual FS not found,"<a href=""https://m.stock.naver.com/domestic/stock/477760/total"" target=""_blank"">Naver</a>"
482690,대신밸런스제19호스팩,,,,,,annual FS not found,"<a href=""https://m.stock.naver.com/domestic/stock/482690/total"" target=""_blank"">Naver</a>"
477470,미래에셋비전스팩5호,,,,,,annual FS not found,"<a href=""https://m.stock.naver.com/domestic/stock/477470/total"" target=""_blank"">Naver</a>"
474660,신한제12호스팩,,,,,,annual FS not found,"<a href=""https://m.stock.naver.com/domestic/stock/474660/total"" target=""_blank"">Naver</a>"
469900,하나31호스팩,,,,,,annual FS not found,"<a href=""https://m.stock.naver.com/domestic/stock/469900/total"" target=""_blank"">Naver</a>"
487360,신한제14호스팩,,,,,,annual FS not found,"<a href=""https://m.stock.naver.com/domestic/stock/487360/total"" target=""_blank"">Naver</a>"
496070,신한제16호스팩,,,,,,annual FS not found,"<a href=""https://m.stock.naver.com/domestic/stock/496070/total"" target=""_blank"">Naver</a>"
454640,하나29호스팩,,,,,,annual FS not found,"<a href=""https://m.stock.naver.com/domestic/stock/454640/total"" target=""_blank"">Naver</a>"
474490,유안타제16호스팩,,,,,,annual FS not found,"<a href=""https://m.stock.naver.com/domestic/stock/474490/total"" target=""_blank"">Naver</a>"
446150,유안타제12호스팩,,,,,,annual FS not found,"<a href=""https://m.stock.naver.com/domestic/stock/446150/total"" target=""_blank"">Naver</a>"
486630,KB제30호스팩,,,,,,annual FS not found,"<a href=""https://m.stock.naver.com/domestic/stock/486630/total"" target=""_blank"">Naver</a>"
444920,유안타제11호스팩,,,,,,annual FS not found,"<a href=""https://m.stock.naver.com/domestic/stock/444920/total"" target=""_blank"">Naver</a>"
452670,상상인제4호스팩,,,,,,annual FS not found,"<a href=""https://m.stock.naver.com/domestic/stock/452670/total"" target=""_blank"">Naver</a>"
493790,유안타제17호스팩,,,,,,annual FS not found,"<a href=""https://m.stock.naver.com/domestic/stock/493790/total"" target=""_blank"">Naver</a>"
448830,미래에셋비전스팩3호,,,,,,annual FS not found,"<a href=""https://m.stock.naver.com/domestic/stock/448830/total"" target=""_blank"">Naver</a>"
489210,교보17호스팩,,,,,,annual FS not found,"<a href=""https://m.stock.naver.com/domestic/stock/489210/total"" target=""_blank"">Naver</a>"
0004Y0,디비금융제14호스팩,,,,,,annual FS not found,"<a href=""https://m.stock.naver.com/domestic/stock/0004Y0/total"" target=""_blank"">Naver</a>"
03481K,해성산업1우,,,,,,corp_code not found,"<a href=""https://m.stock.naver.com/domestic/stock/03481K/total"" target=""_blank"">Naver</a>"
455910,에스케이증권제9호스팩,,,,,,annual FS not found,"<a href=""https://m.stock.naver.com/domestic/stock/455910/total"" target=""_blank"">Naver</a>"
450050,하이제8호스팩,,,,,,annual FS not found,"<a href=""https://m.stock.naver.com/domestic/stock/450050/total"" target=""_blank"">Naver</a>"
455310,한화플러스제4호스팩,,,,,,annual FS not found,"<a href=""https://m.stock.naver.com/domestic/stock/455310/total"" target=""_blank"">Naver</a>"
472220,신영스팩10호,,,,,,annual FS not found,"<a href=""https://m.stock.naver.com/domestic/stock/472220/total"" target=""_blank"">Naver</a>"
478110,이베스트스팩6호,,,,,,annual FS not found,"<a href=""https://m.stock.naver.com/domestic/stock/478110/total"" target=""_blank"">Naver</a>"
448760,IBKS제22호스팩,,,,,,annual FS not found,"<a href=""https://m.stock.naver.com/domestic/stock/448760/total"" target=""_blank"">Naver</a>"
498390,한화플러스제5호스팩,,,,,,annual FS not found,"<a href=""https://m.stock.naver.com/domestic/stock/498390/total"" target=""_blank"">Naver</a>"
488060,유진스팩11호,,,,,,annual FS not found,"<a href=""https://m.stock.naver.com/domestic/stock/488060/total"" target=""_blank"">Naver</a>"
450940,유안타제14호스팩,,,,,,annual FS not found,"<a href=""https://m.stock.naver.com/domestic/stock/450940/total"" target=""_blank"">Naver</a>"
484130,하나34호스팩,,,,,,annual FS not found,"<a href=""https://m.stock.naver.com/domestic/stock/484130/total"" target=""_blank"">Naver</a>"
467930,IBKS제23호스팩,,,,,,annual FS not found,"<a href=""https://m.stock.naver.com/domestic/stock/467930/total"" target=""_blank"">Naver</a>"
442770,IBKS제21호스팩,,,,,,annual FS not found,"<a href=""https://m.stock.naver.com/domestic/stock/442770/total"" target=""_blank"">Naver</a>"
455250,KB제25호스팩,,,,,,annual FS not found,"<a href=""https://m.stock.naver.com/domestic/stock/455250/total"" target=""_blank"">Naver</a>"
458610,한국제12호스팩,,,,,,annual FS not found,"<a href=""https://m.stock.naver.com/domestic/stock/458610/total"" target=""_blank"">Naver</a>"
469480,IBKS제24호스팩,,,,,,annual FS not found,"<a href=""https://m.stock.naver.com/domestic/stock/469480/total"" target=""_blank"">Naver</a>"
464440,한국제13호스팩,,,,,,annual FS not found,"<a href=""https://m.stock.naver.com/domestic/stock/464440/total"" target=""_blank"">Naver</a>"
456490,교보14호스팩,,,,,,annual FS not found,"<a href=""https://m.stock.naver.com/domestic/stock/456490/total"" target=""_blank"">Naver</a>"
473950,에스케이증권제13호스팩,,,,,,annual FS not found,"<a href=""https://m.stock.naver.com/domestic/stock/473950/total"" target=""_blank"">Naver</a>"
468760,유진스팩10호,,,,,,annual FS not found,"<a href=""https://m.stock.naver.com/domestic/stock/468760/total"" target=""_blank"">Naver</a>"
487830,신한제15호스팩,,,,,,annual FS not found,"<a href=""https://m.stock.naver.com/domestic/stock/487830/total"" target=""_blank"">Naver</a>"
462020,에이치엠씨제6호스팩,,,,,,annual FS not found,"<a href=""https://m.stock.naver.com/domestic/stock/462020/total"" target=""_blank"">Naver</a>"
487720,키움제10호스팩,,,,,,annual FS not found,"<a href=""https://m.stock.naver.com/domestic/stock/487720/total"" target=""_blank"">Naver</a>"
473370,비엔케이제2호스팩,,,,,,annual FS not found,"<a href=""https://m.stock.naver.com/domestic/stock/473370/total"" target=""_blank"">Naver</a>"
472230,에스케이증권제11호스팩,,,,,,annual FS not found,"<a href=""https://m.stock.naver.com/domestic/stock/472230/total"" target=""_blank"">Naver</a>"
465320,교보15호스팩,,,,,,annual FS not found,"<a href=""https://m.stock.naver.com/domestic/stock/465320/total"" target=""_blank"">Naver</a>"
0041J0,엘에스스팩1호,,,,,,annual FS not found,"<a href=""https://m.stock.naver.com/domestic/stock/0041J0/total"" target=""_blank"">Naver</a>"
475250,하나33호스팩,,,,,,annual FS not found,"<a href=""https://m.stock.naver.com/domestic/stock/475250/total"" target=""_blank"">Naver</a>"
474930,신한제13호스팩,,,,,,annual FS not found,"<a href=""https://m.stock.naver.com/domestic/stock/474930/total"" target=""_blank"">Naver</a>"
457940,에스케이증권제10호스팩,,,,,,annual FS not found,"<a href=""https://m.stock.naver.com/domestic/stock/457940/total"" target=""_blank"">Naver</a>"
475240,하나32호스팩,,,,,,annual FS not found,"<a href=""https://m.stock.naver.com/domestic/stock/475240/total"" target=""_blank"">Naver</a>"
473000,에스케이증권제12호스팩,,,,,,annual FS not found,"<a href=""https://m.stock.naver.com/domestic/stock/473000/total"" target=""_blank"">Naver</a>"
032685,소프트센우,,,,,,corp_code not found,"<a href=""https://m.stock.naver.com/domestic/stock/032685/total"" target=""_blank"">Naver</a>"
021045,대호특수강우,,,,,,corp_code not found,"<a href=""https://m.stock.naver.com/domestic/stock/021045/total"" target=""_blank"">Naver</a>"
