Symbol,Name,TotalScore,Growth,Profitability,Stability,Activity,Error,Links
196170,알테오젠,97.10768274177977,100.0,100.0,84.74954755540243,72.65455972479057,,"<a href=""https://m.stock.naver.com/domestic/stock/196170/total"" target=""_blank"">Naver</a>"
123330,제닉,96.19361565231144,99.32369197513064,92.3076378983378,93.76624671403414,82.91732642490368,,"<a href=""https://m.stock.naver.com/domestic/stock/123330/total"" target=""_blank"">Naver</a>"
340570,티앤엘,95.55095250933456,94.48221005472679,99.5649028006303,99.57463499031591,80.2587455461865,,"<a href=""https://m.stock.naver.com/domestic/stock/340570/total"" target=""_blank"">Naver</a>"
141000,비아트론,94.17412227544104,100.0,86.37394853782769,97.35044759906935,56.91180762154345,,"<a href=""https://m.stock.naver.com/domestic/stock/141000/total"" target=""_blank"">Naver</a>"
140860,파크시스템스,93.91799977477022,96.04152013034825,97.24344115668511,98.2479382549514,43.14867163789731,,"<a href=""https://m.stock.naver.com/domestic/stock/140860/total"" target=""_blank"">Naver</a>"
065710,서호전기,93.30302749674692,100.0,86.35937582213093,88.67977108541139,56.90412865346099,,"<a href=""https://m.stock.naver.com/domestic/stock/065710/total"" target=""_blank"">Naver</a>"
473980,노머스,93.28986768719994,94.08077692104331,94.07208624399054,95.14869780324395,76.17020386503879,,"<a href=""https://m.stock.naver.com/domestic/stock/473980/total"" target=""_blank"">Naver</a>"
293580,나우IB,93.10361335538877,100.0,93.19432064939383,85.48079206345854,25.139079733889325,,"<a href=""https://m.stock.naver.com/domestic/stock/293580/total"" target=""_blank"">Naver</a>"
357550,석경에이티,92.87403052230444,97.41075051397392,91.13658966155407,95.93145625145516,41.00574346772143,,"<a href=""https://m.stock.naver.com/domestic/stock/357550/total"" target=""_blank"">Naver</a>"
336570,원텍,92.79993360156365,93.67699125673636,98.19916624899268,98.95610241011266,42.96674088524804,,"<a href=""https://m.stock.naver.com/domestic/stock/336570/total"" target=""_blank"">Naver</a>"
119850,지엔씨에너지,92.72263690788938,93.49665806712086,92.36881352933977,92.97882216512403,84.69112937539063,,"<a href=""https://m.stock.naver.com/domestic/stock/119850/total"" target=""_blank"">Naver</a>"
095610,테스,92.66103760485645,96.04512438047423,86.43625704461567,96.92108675455565,74.65580079924865,,"<a href=""https://m.stock.naver.com/domestic/stock/095610/total"" target=""_blank"">Naver</a>"
098120,마이크로컨텍솔,92.55626332438459,95.54736658170783,85.89155154664111,99.51681876378096,76.06547224643018,,"<a href=""https://m.stock.naver.com/domestic/stock/098120/total"" target=""_blank"">Naver</a>"
322310,오로스테크놀로지,92.00304798027972,98.75817578370493,82.5508920898224,98.29294292742394,45.62250389717548,,"<a href=""https://m.stock.naver.com/domestic/stock/322310/total"" target=""_blank"">Naver</a>"
412540,제일엠앤에스,91.05078905287127,100.0,94.72463068622785,36.61994082786886,74.1527459705482,,"<a href=""https://m.stock.naver.com/domestic/stock/412540/total"" target=""_blank"">Naver</a>"
099430,바이오플러스,90.85316378035195,98.27008223913367,92.60248079840892,67.4192594166547,39.97136591208084,,"<a href=""https://m.stock.naver.com/domestic/stock/099430/total"" target=""_blank"">Naver</a>"
419120,산돌,90.73747382114254,93.14241144153105,88.99192974230328,91.64215907656538,68.79657225983125,,"<a href=""https://m.stock.naver.com/domestic/stock/419120/total"" target=""_blank"">Naver</a>"
036930,주성엔지니어링,90.39659315485994,90.67842451126232,94.69423664793567,97.24564647949869,51.828292763375465,,"<a href=""https://m.stock.naver.com/domestic/stock/036930/total"" target=""_blank"">Naver</a>"
102710,이엔에프테크놀로지,89.99848767642119,100.0,88.33406234043512,58.194622182902016,41.91019746044423,,"<a href=""https://m.stock.naver.com/domestic/stock/102710/total"" target=""_blank"">Naver</a>"
104460,디와이피엔에프,89.8242117559636,97.8182459151156,73.84023252608365,85.20202192535727,83.0600776567519,,"<a href=""https://m.stock.naver.com/domestic/stock/104460/total"" target=""_blank"">Naver</a>"
214450,파마리서치,89.56908143408465,90.16236571297425,94.83514969549424,93.89367519542999,47.470141257670555,,"<a href=""https://m.stock.naver.com/domestic/stock/214450/total"" target=""_blank"">Naver</a>"
020710,시공테크,89.2014433012392,92.29876794384641,82.28105905494282,89.49642000701023,86.04551540989252,,"<a href=""https://m.stock.naver.com/domestic/stock/020710/total"" target=""_blank"">Naver</a>"
264660,씨앤지하이테크,88.8489931521009,100.0,62.57180652925475,94.90253122502703,74.31576794569023,,"<a href=""https://m.stock.naver.com/domestic/stock/264660/total"" target=""_blank"">Naver</a>"
257720,실리콘투,88.26680559690246,86.36128967906346,92.87738956145019,96.46696861168557,71.67975075866535,,"<a href=""https://m.stock.naver.com/domestic/stock/257720/total"" target=""_blank"">Naver</a>"
347740,피엔케이피부임상연구센타,88.11025443993118,92.6981395085797,84.68427550217088,90.73076161191845,44.94451396097588,,"<a href=""https://m.stock.naver.com/domestic/stock/347740/total"" target=""_blank"">Naver</a>"
058630,엠게임,87.9386990777,88.02961014412075,85.53495926189134,99.48670165741841,75.77046020025708,,"<a href=""https://m.stock.naver.com/domestic/stock/058630/total"" target=""_blank"">Naver</a>"
241770,메카로,87.0125573205664,95.80873821467652,70.67304752645664,95.15571401558647,46.86962217175356,,"<a href=""https://m.stock.naver.com/domestic/stock/241770/total"" target=""_blank"">Naver</a>"
440110,파두,86.90744525459779,83.33333333333333,100.0,98.78547427769502,40.57795653656579,,"<a href=""https://m.stock.naver.com/domestic/stock/440110/total"" target=""_blank"">Naver</a>"
272110,케이엔제이,86.3304974280928,89.10780769764831,89.5347975724181,83.30186496557077,43.038538396844224,,"<a href=""https://m.stock.naver.com/domestic/stock/272110/total"" target=""_blank"">Naver</a>"
005710,대원산업,86.17481742089728,89.0378383695808,73.92531973031309,98.9132806823265,87.58912796675753,,"<a href=""https://m.stock.naver.com/domestic/stock/005710/total"" target=""_blank"">Naver</a>"
069410,엔텔스,85.88125826212021,96.14057867181539,58.45740352324568,94.08553571880014,83.480132126791,,"<a href=""https://m.stock.naver.com/domestic/stock/069410/total"" target=""_blank"">Naver</a>"
041510,에스엠,85.81888224110135,84.24068135594273,86.09773203023146,95.39993125316371,84.20094589322957,,"<a href=""https://m.stock.naver.com/domestic/stock/041510/total"" target=""_blank"">Naver</a>"
093520,매커스,85.58593083119483,89.28997925313253,81.13964137557298,78.37224215962695,77.79617438918743,,"<a href=""https://m.stock.naver.com/domestic/stock/093520/total"" target=""_blank"">Naver</a>"
101490,에스앤에스텍,85.38818697880058,85.4624499429948,84.46915790006027,99.44432960629167,60.97989154718928,,"<a href=""https://m.stock.naver.com/domestic/stock/101490/total"" target=""_blank"">Naver</a>"
094840,슈프리마에이치큐,85.25431224632814,86.12861410372663,80.74971654008189,98.15212292249915,71.49004713643554,,"<a href=""https://m.stock.naver.com/domestic/stock/094840/total"" target=""_blank"">Naver</a>"
318160,셀바이오휴먼텍,85.07312895259149,87.81339294857277,80.36908255637871,91.29294659482335,63.27055769741611,,"<a href=""https://m.stock.naver.com/domestic/stock/318160/total"" target=""_blank"">Naver</a>"
396470,워트,84.8156601086897,86.21252469162799,81.20437254056831,99.89268500555347,55.95567316030984,,"<a href=""https://m.stock.naver.com/domestic/stock/396470/total"" target=""_blank"">Naver</a>"
059090,미코,84.76068194507589,89.66610270791068,83.15148449005092,69.69407290751757,64.0748381412998,,"<a href=""https://m.stock.naver.com/domestic/stock/059090/total"" target=""_blank"">Naver</a>"
194700,노바렉스,84.75273742122091,89.68306053532173,69.43738487090712,97.95734746304677,75.75640271992866,,"<a href=""https://m.stock.naver.com/domestic/stock/194700/total"" target=""_blank"">Naver</a>"
060280,큐렉소,84.68106222553655,100.0,55.3672922983412,85.86469735991943,45.05538829918612,,"<a href=""https://m.stock.naver.com/domestic/stock/060280/total"" target=""_blank"">Naver</a>"
145170,노브랜드,84.64565644643827,98.16981204693506,60.5198737021016,66.55001493921921,79.17598597659843,,"<a href=""https://m.stock.naver.com/domestic/stock/145170/total"" target=""_blank"">Naver</a>"
170920,엘티씨,84.59902749583793,92.78910311323334,68.41055778720188,82.19436545467927,72.06979271259047,,"<a href=""https://m.stock.naver.com/domestic/stock/170920/total"" target=""_blank"">Naver</a>"
114810,한솔아이원스,84.4857810706439,81.40108228867071,88.28592623696663,98.32697222268469,74.81905831862684,,"<a href=""https://m.stock.naver.com/domestic/stock/114810/total"" target=""_blank"">Naver</a>"
083500,에프엔에스테크,84.30189784667738,83.24510467964005,83.49983163746107,95.46472865090529,78.66808528875073,,"<a href=""https://m.stock.naver.com/domestic/stock/083500/total"" target=""_blank"">Naver</a>"
256840,한국비엔씨,84.17781251060009,89.88713702166221,74.65271961548505,88.1044981480907,55.4380115784485,,"<a href=""https://m.stock.naver.com/domestic/stock/256840/total"" target=""_blank"">Naver</a>"
311390,네오크레마,84.16188230229736,100.0,58.55714307804298,74.35181787573133,41.748294904269514,,"<a href=""https://m.stock.naver.com/domestic/stock/311390/total"" target=""_blank"">Naver</a>"
234690,녹십자웰빙,84.1424558254909,87.23420997158428,83.60951412120932,84.43179005868225,49.12744612739556,,"<a href=""https://m.stock.naver.com/domestic/stock/234690/total"" target=""_blank"">Naver</a>"
402490,그린리소스,84.07448636119874,99.4840874370464,64.17712044701959,51.92674090495464,62.94159393441086,,"<a href=""https://m.stock.naver.com/domestic/stock/402490/total"" target=""_blank"">Naver</a>"
124500,아이티센글로벌,84.07028336748012,96.41919948977606,58.41580467498793,69.13967259878473,94.01690489978049,,"<a href=""https://m.stock.naver.com/domestic/stock/124500/total"" target=""_blank"">Naver</a>"
045660,에이텍,83.59192696990222,92.09272626198731,64.5167052064812,92.37564690622042,59.39100440934996,,"<a href=""https://m.stock.naver.com/domestic/stock/045660/total"" target=""_blank"">Naver</a>"
136410,아셈스,83.50428230702478,88.54351123413716,79.60556080030075,82.4281714660026,44.6793643973407,,"<a href=""https://m.stock.naver.com/domestic/stock/136410/total"" target=""_blank"">Naver</a>"
262840,아이퀘스트,83.43676681894675,84.4046915718,77.62332291027144,91.08937827092609,85.58366642412584,,"<a href=""https://m.stock.naver.com/domestic/stock/262840/total"" target=""_blank"">Naver</a>"
128660,피제이메탈,83.27205698678536,95.16417266420622,54.12435194847486,84.76233089760464,83.32464622764886,,"<a href=""https://m.stock.naver.com/domestic/stock/128660/total"" target=""_blank"">Naver</a>"
203450,유니온바이오메트릭스,83.21745368351016,87.28244292670472,72.20312129075447,98.50706225154113,58.93002759289193,,"<a href=""https://m.stock.naver.com/domestic/stock/203450/total"" target=""_blank"">Naver</a>"
240550,동방메디컬,82.76410626732643,85.10659889313055,76.96606133421858,97.94864825722244,53.27533544342411,,"<a href=""https://m.stock.naver.com/domestic/stock/240550/total"" target=""_blank"">Naver</a>"
263050,유틸렉스,82.59238070883924,81.03034677788229,90.5040847984292,85.32839878211023,56.30623128583106,,"<a href=""https://m.stock.naver.com/domestic/stock/263050/total"" target=""_blank"">Naver</a>"
321260,프로이천,82.45886630339132,81.91207576029035,76.67963076087214,99.69520701021113,83.44384911955913,,"<a href=""https://m.stock.naver.com/domestic/stock/321260/total"" target=""_blank"">Naver</a>"
389260,대명에너지,82.28553047035362,89.70912285097256,78.78050088735675,60.999305042630155,53.300020673357665,,"<a href=""https://m.stock.naver.com/domestic/stock/389260/total"" target=""_blank"">Naver</a>"
072950,빛샘전자,82.26446671817973,90.17691794126155,60.75038153031635,97.91549171549553,63.583427985883404,,"<a href=""https://m.stock.naver.com/domestic/stock/072950/total"" target=""_blank"">Naver</a>"
234300,에스트래픽,82.25460908132489,89.99622763309294,62.546860081771634,82.89661542792356,86.60991876467692,,"<a href=""https://m.stock.naver.com/domestic/stock/234300/total"" target=""_blank"">Naver</a>"
004590,한국가구,82.2499284420313,84.39214500181414,77.27637085437954,98.51775689763522,48.875460751688166,,"<a href=""https://m.stock.naver.com/domestic/stock/004590/total"" target=""_blank"">Naver</a>"
105760,포스뱅크,82.15410798365025,90.27332003677908,63.162656609856604,90.8344504642661,62.320135253841116,,"<a href=""https://m.stock.naver.com/domestic/stock/105760/total"" target=""_blank"">Naver</a>"
214150,클래시스,82.14068030894572,76.07340966024249,97.22565854199145,99.11541434550232,45.57356885504273,,"<a href=""https://m.stock.naver.com/domestic/stock/214150/total"" target=""_blank"">Naver</a>"
440320,오픈놀,82.12714965913926,98.87985522020335,48.29760562903024,66.65029022066683,81.19612195386013,,"<a href=""https://m.stock.naver.com/domestic/stock/440320/total"" target=""_blank"">Naver</a>"
443250,레뷰코퍼레이션,82.07536906802949,79.67575732544536,83.52175618006352,94.89027141835564,78.00896971821652,,"<a href=""https://m.stock.naver.com/domestic/stock/443250/total"" target=""_blank"">Naver</a>"
417840,저스템,82.0409903175207,97.31094639994842,58.564634612521125,52.53562424327933,75.19402800186862,,"<a href=""https://m.stock.naver.com/domestic/stock/417840/total"" target=""_blank"">Naver</a>"
067390,아스트,82.03489103706667,97.05230576582771,55.75970738096449,81.74937266331649,33.772869319945585,,"<a href=""https://m.stock.naver.com/domestic/stock/067390/total"" target=""_blank"">Naver</a>"
457600,벡트,81.94028874231569,100.0,39.22615290190067,80.96796529828745,80.73907974023541,,"<a href=""https://m.stock.naver.com/domestic/stock/457600/total"" target=""_blank"">Naver</a>"
008470,부스타,81.87745979979711,91.81016130913876,50.822345808798836,98.92676073018639,83.8620097819103,,"<a href=""https://m.stock.naver.com/domestic/stock/008470/total"" target=""_blank"">Naver</a>"
141080,리가켐바이오,81.70029040447717,97.09955724431995,49.39515677051052,73.30274105222449,75.22985520070245,,"<a href=""https://m.stock.naver.com/domestic/stock/141080/total"" target=""_blank"">Naver</a>"
084180,수성웹툰,81.68817576886796,99.04413127834317,55.1589806894512,44.779916127403354,79.87920433517854,,"<a href=""https://m.stock.naver.com/domestic/stock/084180/total"" target=""_blank"">Naver</a>"
068790,DMS,81.63947072739313,78.99966101770285,87.39884495554783,96.11211953064857,55.575018496392374,,"<a href=""https://m.stock.naver.com/domestic/stock/068790/total"" target=""_blank"">Naver</a>"
010280,아이티센엔텍,81.54738112420495,91.82798641438201,60.20908840692158,66.76473696465138,94.43686954760425,,"<a href=""https://m.stock.naver.com/domestic/stock/010280/total"" target=""_blank"">Naver</a>"
060850,영림원소프트랩,81.50092797116886,87.68285882452984,59.578753734205776,97.51938429790349,84.891716262183,,"<a href=""https://m.stock.naver.com/domestic/stock/060850/total"" target=""_blank"">Naver</a>"
204620,글로벌텍스프리,81.38018732430159,81.69177150942762,76.5464556900529,99.16755204620077,66.23510583023432,,"<a href=""https://m.stock.naver.com/domestic/stock/204620/total"" target=""_blank"">Naver</a>"
297090,씨에스베어링,81.33711516138709,94.70217924901449,56.44498908360771,71.822894902837,64.4454170158554,,"<a href=""https://m.stock.naver.com/domestic/stock/297090/total"" target=""_blank"">Naver</a>"
067920,이글루,81.26417573923325,84.19976050147278,64.6782104502041,99.27825262230661,92.93883127135808,,"<a href=""https://m.stock.naver.com/domestic/stock/067920/total"" target=""_blank"">Naver</a>"
014940,오리엔탈정공,81.25977460235514,78.97198633199726,84.7818501535544,81.69841143495432,90.22558242545509,,"<a href=""https://m.stock.naver.com/domestic/stock/014940/total"" target=""_blank"">Naver</a>"
108380,대양전기공업,81.1589456651868,84.17120685373074,69.54228464006005,99.39535466471987,66.62229852922711,,"<a href=""https://m.stock.naver.com/domestic/stock/108380/total"" target=""_blank"">Naver</a>"
236200,슈프리마,81.13154786983743,76.9366655527012,90.16229122112782,99.79568070509775,48.98815324849984,,"<a href=""https://m.stock.naver.com/domestic/stock/236200/total"" target=""_blank"">Naver</a>"
041460,한국전자인증,80.99661343471485,82.10307817856055,75.66299458478427,91.92234575679115,72.53566611406694,,"<a href=""https://m.stock.naver.com/domestic/stock/041460/total"" target=""_blank"">Naver</a>"
139670,키네마스터,80.916212904269,78.86383071171649,83.47616506286943,89.68372289406487,75.21001844230503,,"<a href=""https://m.stock.naver.com/domestic/stock/139670/total"" target=""_blank"">Naver</a>"
204610,티쓰리,80.87563020655577,76.18542730144979,86.73930742360456,99.64287602259368,70.3051873505076,,"<a href=""https://m.stock.naver.com/domestic/stock/204610/total"" target=""_blank"">Naver</a>"
452160,제이엔비,80.87049675263401,81.5879353115783,79.27098349268609,84.97350088922721,72.05279207185572,,"<a href=""https://m.stock.naver.com/domestic/stock/452160/total"" target=""_blank"">Naver</a>"
053610,프로텍,80.65860987521765,86.27461182687357,67.4970408760084,98.50561721378385,43.380416774260425,,"<a href=""https://m.stock.naver.com/domestic/stock/053610/total"" target=""_blank"">Naver</a>"
216050,인크로스,80.50727197034108,76.90056147219023,85.05560747125577,93.93181452591129,74.19703533243735,,"<a href=""https://m.stock.naver.com/domestic/stock/216050/total"" target=""_blank"">Naver</a>"
066670,디티씨,80.45237107897916,96.59895023545063,51.754242201095195,69.065171243976,52.95846526074768,,"<a href=""https://m.stock.naver.com/domestic/stock/066670/total"" target=""_blank"">Naver</a>"
052400,코나아이,80.41084963767042,79.59335320716862,84.43573592126411,85.24703461407017,60.42400543292426,,"<a href=""https://m.stock.naver.com/domestic/stock/052400/total"" target=""_blank"">Naver</a>"
080470,성창오토텍,80.34309079105934,89.69000756958808,61.46184077191133,69.59398774797305,84.0845456306273,,"<a href=""https://m.stock.naver.com/domestic/stock/080470/total"" target=""_blank"">Naver</a>"
035460,기산텔레콤,80.19872647996277,85.04944974720507,71.47432497414911,83.91206358644128,58.185380589166726,,"<a href=""https://m.stock.naver.com/domestic/stock/035460/total"" target=""_blank"">Naver</a>"
328380,솔트웨어,80.13644910424831,96.45811786425004,42.69303805618022,67.9787281989791,95.80892103510666,,"<a href=""https://m.stock.naver.com/domestic/stock/328380/total"" target=""_blank"">Naver</a>"
078140,대봉엘에스,80.00042786737461,83.8717279100361,70.91952487674472,87.1370045274902,64.67618898835508,,"<a href=""https://m.stock.naver.com/domestic/stock/078140/total"" target=""_blank"">Naver</a>"
083650,비에이치아이,79.85592041687684,91.98829079583085,67.4367509648078,33.807187976092095,88.46078801134354,,"<a href=""https://m.stock.naver.com/domestic/stock/083650/total"" target=""_blank"">Naver</a>"
086900,메디톡스,79.54793119073534,87.41375425263436,65.55682725307906,85.98794973728195,42.233537043135314,,"<a href=""https://m.stock.naver.com/domestic/stock/086900/total"" target=""_blank"">Naver</a>"
071280,로체시스템즈,79.35242171999838,80.59075886647796,72.31611530947221,88.84670526109849,80.68534093267391,,"<a href=""https://m.stock.naver.com/domestic/stock/071280/total"" target=""_blank"">Naver</a>"
042000,카페24,79.31958660689118,78.71051306552393,73.61844003416653,94.80382921379191,84.16571675312018,,"<a href=""https://m.stock.naver.com/domestic/stock/042000/total"" target=""_blank"">Naver</a>"
036120,서울평가정보,79.26549888044231,76.34436412174034,76.27401973949152,99.42942316672796,88.94866311704845,,"<a href=""https://m.stock.naver.com/domestic/stock/036120/total"" target=""_blank"">Naver</a>"
018120,진로발효,79.20220379943235,77.30330256277841,77.44747895277858,99.36019818524596,70.44665410092138,,"<a href=""https://m.stock.naver.com/domestic/stock/018120/total"" target=""_blank"">Naver</a>"
058970,엠로,78.91972719214026,71.87993588761067,86.5062236844568,99.49540718613292,84.31338039692726,,"<a href=""https://m.stock.naver.com/domestic/stock/058970/total"" target=""_blank"">Naver</a>"
082920,비츠로셀,78.77151656379681,70.94792138241972,92.72112225446472,99.63980409953604,61.17005521550387,,"<a href=""https://m.stock.naver.com/domestic/stock/082920/total"" target=""_blank"">Naver</a>"
064850,에프앤가이드,78.69095479381798,77.91705311087513,79.71544067571881,85.6684735426411,68.90030808198188,,"<a href=""https://m.stock.naver.com/domestic/stock/064850/total"" target=""_blank"">Naver</a>"
068930,디지털대성,78.60876979533938,82.17563724553901,71.79157231525954,69.31629046700532,88.47730645001121,,"<a href=""https://m.stock.naver.com/domestic/stock/068930/total"" target=""_blank"">Naver</a>"
425420,티에프이,78.60298590415488,89.6542774517015,54.21712329522547,74.50291243861213,76.11694730932788,,"<a href=""https://m.stock.naver.com/domestic/stock/425420/total"" target=""_blank"">Naver</a>"
054920,한컴위드,78.60200078045168,97.69493545736846,36.38670185204771,61.39669344661966,94.97389396713396,,"<a href=""https://m.stock.naver.com/domestic/stock/054920/total"" target=""_blank"">Naver</a>"
080530,코디,78.52839935638102,89.98123285262723,53.10577488541052,71.0570629123726,83.15019264429584,,"<a href=""https://m.stock.naver.com/domestic/stock/080530/total"" target=""_blank"">Naver</a>"
900310,컬러레이,78.45256784360029,91.40613950724685,49.926583827586775,87.03728627551882,48.47019109607208,,"<a href=""https://m.stock.naver.com/domestic/stock/900310/total"" target=""_blank"">Naver</a>"
087260,모바일어플라이언스,78.37902550789005,87.48178969161556,59.71141620168286,73.47308876314546,72.29577532370908,,"<a href=""https://m.stock.naver.com/domestic/stock/087260/total"" target=""_blank"">Naver</a>"
272290,이녹스첨단소재,78.31859273455328,72.65146930732438,87.78168952333233,91.00974406064537,73.62628726522061,,"<a href=""https://m.stock.naver.com/domestic/stock/272290/total"" target=""_blank"">Naver</a>"
052420,오성첨단소재,78.29712347710614,78.59551401901778,69.77837135346697,99.4953012124476,74.91384212167918,,"<a href=""https://m.stock.naver.com/domestic/stock/052420/total"" target=""_blank"">Naver</a>"
145020,휴젤,78.26509947943191,70.38646738234326,94.81777911494278,99.73027418122999,47.11493706334514,,"<a href=""https://m.stock.naver.com/domestic/stock/145020/total"" target=""_blank"">Naver</a>"
146060,율촌,78.20196037022785,84.18315425272773,63.385005248616466,81.43357659937645,74.04917692998896,,"<a href=""https://m.stock.naver.com/domestic/stock/146060/total"" target=""_blank"">Naver</a>"
256630,포인트엔지니어링,78.13094579362905,91.69899141853573,49.12504343673775,74.15853210011254,68.28873746623856,,"<a href=""https://m.stock.naver.com/domestic/stock/256630/total"" target=""_blank"">Naver</a>"
039560,다산네트웍스,78.04999361695349,99.88235302047933,32.92534294321528,65.20996472558758,67.36499192606591,,"<a href=""https://m.stock.naver.com/domestic/stock/039560/total"" target=""_blank"">Naver</a>"
095500,미래나노텍,78.00161889973884,85.85387258010455,61.02057799145922,73.9470340998134,76.78894887659963,,"<a href=""https://m.stock.naver.com/domestic/stock/095500/total"" target=""_blank"">Naver</a>"
382900,범한퓨얼셀,77.99062749333703,93.5306750341593,53.529207790574766,73.16587747733152,23.466655549292234,,"<a href=""https://m.stock.naver.com/domestic/stock/382900/total"" target=""_blank"">Naver</a>"
045390,대아티아이,77.94634171599108,82.02920461373229,69.11361877549636,73.81801469787817,81.37225568179608,,"<a href=""https://m.stock.naver.com/domestic/stock/045390/total"" target=""_blank"">Naver</a>"
044990,에이치엔에스하이텍,77.94258023778525,72.0872984040076,86.78652734131867,99.761544011685,60.348299177650574,,"<a href=""https://m.stock.naver.com/domestic/stock/044990/total"" target=""_blank"">Naver</a>"
472850,폰드그룹,77.83442782135006,80.40125425787902,71.41471898254089,91.48053198446766,51.838846450813534,,"<a href=""https://m.stock.naver.com/domestic/stock/472850/total"" target=""_blank"">Naver</a>"
099320,쎄트렉아이,77.81072867493941,88.19166018260991,52.74618470159754,78.7308597544491,76.72200829058373,,"<a href=""https://m.stock.naver.com/domestic/stock/099320/total"" target=""_blank"">Naver</a>"
039030,이오테크닉스,77.69369739577722,79.75773563361236,73.34224202237807,93.56274136911122,42.94442746208327,,"<a href=""https://m.stock.naver.com/domestic/stock/039030/total"" target=""_blank"">Naver</a>"
052330,코텍,77.59904687752893,80.98909542060568,68.47739326176601,94.02106754808752,49.6826910983054,,"<a href=""https://m.stock.naver.com/domestic/stock/052330/total"" target=""_blank"">Naver</a>"
115570,스타플렉스,77.45869636873495,85.73854308893381,57.94676584542816,85.70036391490548,59.17685325054142,,"<a href=""https://m.stock.naver.com/domestic/stock/115570/total"" target=""_blank"">Naver</a>"
056090,시지메드텍,77.43775242266254,93.17564518982124,47.51219522217425,74.43806699875653,44.210196067011886,,"<a href=""https://m.stock.naver.com/domestic/stock/056090/total"" target=""_blank"">Naver</a>"
223250,드림씨아이에스,77.1471419431821,79.54381124719602,68.87476229393381,85.66699251075451,72.70930740611185,,"<a href=""https://m.stock.naver.com/domestic/stock/223250/total"" target=""_blank"">Naver</a>"
437730,삼현,77.124522502111,76.79550469961298,68.49808252436803,99.29680211964445,79.86037678573547,,"<a href=""https://m.stock.naver.com/domestic/stock/437730/total"" target=""_blank"">Naver</a>"
122870,와이지엔터테인먼트,76.79090263710862,86.8440687254005,52.68233403477789,74.04028743506103,82.19698299335471,,"<a href=""https://m.stock.naver.com/domestic/stock/122870/total"" target=""_blank"">Naver</a>"
009780,엠에스씨,76.75539811464381,74.47605173302948,79.94552152145768,94.75754898786346,52.1526359135073,,"<a href=""https://m.stock.naver.com/domestic/stock/009780/total"" target=""_blank"">Naver</a>"
163730,핑거,76.74032193231098,89.40196821323379,44.29179740289362,74.01653759107029,92.49075789080545,,"<a href=""https://m.stock.naver.com/domestic/stock/163730/total"" target=""_blank"">Naver</a>"
089970,브이엠,76.64799659916889,95.8485578548818,39.917249262896824,71.25139465889478,40.688202092522516,,"<a href=""https://m.stock.naver.com/domestic/stock/089970/total"" target=""_blank"">Naver</a>"
053980,오상자이엘,76.59409355599692,79.1778150005539,61.73703302491153,95.43322617419103,82.19647364035171,,"<a href=""https://m.stock.naver.com/domestic/stock/053980/total"" target=""_blank"">Naver</a>"
131290,티에스이,76.4204241510693,75.18210271785993,76.11792634690455,95.72301916409765,54.18758034434855,,"<a href=""https://m.stock.naver.com/domestic/stock/131290/total"" target=""_blank"">Naver</a>"
302550,리메드,76.4134282943616,76.0525551626112,82.22771289232537,79.00878687655535,46.48176572116011,,"<a href=""https://m.stock.naver.com/domestic/stock/302550/total"" target=""_blank"">Naver</a>"
039420,케이엘넷,76.0566827118232,64.76842768111584,94.03332329588794,99.63154901267279,74.48280755828857,,"<a href=""https://m.stock.naver.com/domestic/stock/039420/total"" target=""_blank"">Naver</a>"
036810,에프에스티,76.05074949338784,91.28603655762731,48.56488389010095,64.21161071628507,54.33491029315422,,"<a href=""https://m.stock.naver.com/domestic/stock/036810/total"" target=""_blank"">Naver</a>"
112040,위메이드,75.92580565649808,76.77647570051852,83.48477521246132,57.15302098768794,65.46848668605715,,"<a href=""https://m.stock.naver.com/domestic/stock/112040/total"" target=""_blank"">Naver</a>"
353810,이지바이오,75.89435353629227,78.81566441101991,71.44443306882283,64.13558164993704,86.6057691496185,,"<a href=""https://m.stock.naver.com/domestic/stock/353810/total"" target=""_blank"">Naver</a>"
263600,덕우전자,75.7796259898335,88.9724883127803,50.90635511026782,55.134408561117695,83.12206736973185,,"<a href=""https://m.stock.naver.com/domestic/stock/263600/total"" target=""_blank"">Naver</a>"
356860,티엘비,75.76172886253906,85.60276630808232,49.37162032314225,80.53963008061397,80.06401977685428,,"<a href=""https://m.stock.naver.com/domestic/stock/356860/total"" target=""_blank"">Naver</a>"
263860,지니언스,75.71663018201302,64.92171121077803,92.15362501594036,99.44784316399488,75.60825770323244,,"<a href=""https://m.stock.naver.com/domestic/stock/263860/total"" target=""_blank"">Naver</a>"
363260,모비데이즈,75.68726037802408,94.45658994846833,40.319564538985155,57.59020879608589,63.48788789176398,,"<a href=""https://m.stock.naver.com/domestic/stock/363260/total"" target=""_blank"">Naver</a>"
081580,성우전자,75.51655382594618,92.6321572477774,34.880408387412324,68.97905122167533,86.38504516518267,,"<a href=""https://m.stock.naver.com/domestic/stock/081580/total"" target=""_blank"">Naver</a>"
251970,펌텍코리아,75.51178264069277,70.22825221445618,77.71813373402314,98.53986466186568,81.82622824653434,,"<a href=""https://m.stock.naver.com/domestic/stock/251970/total"" target=""_blank"">Naver</a>"
092460,한라IMS,75.47038773913243,72.32968421663941,77.00249811022955,99.27260717663972,57.89383927854861,,"<a href=""https://m.stock.naver.com/domestic/stock/092460/total"" target=""_blank"">Naver</a>"
211050,인카금융서비스,75.3599145156084,75.01756191383105,75.5088737294909,68.06125432455434,93.32067004963218,,"<a href=""https://m.stock.naver.com/domestic/stock/211050/total"" target=""_blank"">Naver</a>"
226400,오스테오닉,75.30048263198677,72.36044629768706,83.74547685787496,94.93953562758438,29.077841522947168,,"<a href=""https://m.stock.naver.com/domestic/stock/226400/total"" target=""_blank"">Naver</a>"
023900,풍국주정,75.27240658288646,75.53778372990266,64.18144168907497,99.2893419448525,79.50883456381742,,"<a href=""https://m.stock.naver.com/domestic/stock/023900/total"" target=""_blank"">Naver</a>"
273060,와이즈버즈,75.24574158103994,91.336956002131,62.638962685285925,37.755391071434744,20.16576402592759,,"<a href=""https://m.stock.naver.com/domestic/stock/273060/total"" target=""_blank"">Naver</a>"
054050,농우바이오,75.2197334718177,79.90210334668619,63.240624357308,99.36299243460141,30.6403226203771,,"<a href=""https://m.stock.naver.com/domestic/stock/054050/total"" target=""_blank"">Naver</a>"
432470,케이엔에스,75.2136121156931,83.13474088400727,54.96314027457469,94.84942948917772,42.14079135454562,,"<a href=""https://m.stock.naver.com/domestic/stock/432470/total"" target=""_blank"">Naver</a>"
194480,데브시스터즈,75.20342413153693,69.32550828834925,77.73429143549465,97.49137714917472,88.50817169472461,,"<a href=""https://m.stock.naver.com/domestic/stock/194480/total"" target=""_blank"">Naver</a>"
096530,씨젠,75.19933267002392,89.62187064504143,46.770744151784136,77.60443020782714,39.46162448540647,,"<a href=""https://m.stock.naver.com/domestic/stock/096530/total"" target=""_blank"">Naver</a>"
110990,디아이티,75.1642540958936,65.16001533719759,89.46211160774915,99.6112719561847,74.83179592038569,,"<a href=""https://m.stock.naver.com/domestic/stock/110990/total"" target=""_blank"">Naver</a>"
065680,우주일렉트로,75.16077825617712,73.97117290126697,73.34055658553946,89.74188950348085,69.3749283736802,,"<a href=""https://m.stock.naver.com/domestic/stock/065680/total"" target=""_blank"">Naver</a>"
090710,휴림로봇,75.04744848377962,99.1639957935085,25.880035043107593,69.6173680605197,42.34610881691313,,"<a href=""https://m.stock.naver.com/domestic/stock/090710/total"" target=""_blank"">Naver</a>"
318410,비비씨,75.03326804112082,74.3665943037965,74.3191850952093,89.83610141951584,56.99810086178013,,"<a href=""https://m.stock.naver.com/domestic/stock/318410/total"" target=""_blank"">Naver</a>"
038390,레드캡투어,74.91443909311968,80.47336541358199,71.6410745044377,49.097563901251135,76.20789657471904,,"<a href=""https://m.stock.naver.com/domestic/stock/038390/total"" target=""_blank"">Naver</a>"
130500,GH신소재,74.88085651829147,80.0870511358934,67.62461726039307,69.49907102729645,59.451288378550416,,"<a href=""https://m.stock.naver.com/domestic/stock/130500/total"" target=""_blank"">Naver</a>"
056700,신화인터텍,74.76476735304657,86.8594084937248,48.49821600187628,63.04799432153022,84.39537648379202,,"<a href=""https://m.stock.naver.com/domestic/stock/056700/total"" target=""_blank"">Naver</a>"
101360,에코앤드림,74.72434893185451,85.48627189818002,61.34250209759686,56.78009203186649,48.379021307212724,,"<a href=""https://m.stock.naver.com/domestic/stock/101360/total"" target=""_blank"">Naver</a>"
070590,한솔인티큐브,74.53149620162809,96.75953109452625,22.55472543991624,60.86395201803174,95.01401966260198,,"<a href=""https://m.stock.naver.com/domestic/stock/070590/total"" target=""_blank"">Naver</a>"
178780,일월지엠엘,74.48111372841781,65.9719440386997,84.28859354360957,95.99973266620881,84.51651305349418,,"<a href=""https://m.stock.naver.com/domestic/stock/178780/total"" target=""_blank"">Naver</a>"
333430,일승,74.29623231126187,70.51254655554713,76.30535176049223,93.04648493651644,72.15435888317793,,"<a href=""https://m.stock.naver.com/domestic/stock/333430/total"" target=""_blank"">Naver</a>"
125210,아모그린텍,74.27135453104364,86.47854858746022,51.91720568012437,60.8471197736484,66.40423962343174,,"<a href=""https://m.stock.naver.com/domestic/stock/125210/total"" target=""_blank"">Naver</a>"
084370,유진테크,74.25815723791402,66.91943458733424,87.08912289583641,99.2768948625728,48.130525505941925,,"<a href=""https://m.stock.naver.com/domestic/stock/084370/total"" target=""_blank"">Naver</a>"
452400,이닉스,74.17536061820934,87.44757137809154,42.83207755024636,74.59314735333906,70.78967336917833,,"<a href=""https://m.stock.naver.com/domestic/stock/452400/total"" target=""_blank"">Naver</a>"
159580,제로투세븐,74.09332830236774,86.62691463763095,46.78868671265579,77.95160421797314,52.49694839655809,,"<a href=""https://m.stock.naver.com/domestic/stock/159580/total"" target=""_blank"">Naver</a>"
030530,원익홀딩스,74.09323447366873,91.73153879416377,35.97477378446425,64.52291992158933,72.16651517790942,,"<a href=""https://m.stock.naver.com/domestic/stock/030530/total"" target=""_blank"">Naver</a>"
013810,스페코,74.04448311749509,98.56453855593965,23.522951165990445,68.6213613836469,43.25772108138007,,"<a href=""https://m.stock.naver.com/domestic/stock/013810/total"" target=""_blank"">Naver</a>"
033320,제이씨현시스템,73.90869178463402,83.08774307244896,46.802880590943886,79.76774310030223,87.57102966796883,,"<a href=""https://m.stock.naver.com/domestic/stock/033320/total"" target=""_blank"">Naver</a>"
038680,에스넷,73.88978026931626,80.40514635617741,51.94479717609622,81.80534639329639,89.59917044512254,,"<a href=""https://m.stock.naver.com/domestic/stock/038680/total"" target=""_blank"">Naver</a>"
018290,브이티,73.84322250483203,59.57839135043822,98.20164946640308,98.05504968447856,74.80540719040962,,"<a href=""https://m.stock.naver.com/domestic/stock/018290/total"" target=""_blank"">Naver</a>"
258790,소프트캠프,73.73187932431647,88.60878473079576,49.40303345469795,49.18897354354137,65.93905535620772,,"<a href=""https://m.stock.naver.com/domestic/stock/258790/total"" target=""_blank"">Naver</a>"
258610,케일럼,73.68017362901927,77.75433888369814,66.55501846274068,61.55853160261138,84.6592504570815,,"<a href=""https://m.stock.naver.com/domestic/stock/258610/total"" target=""_blank"">Naver</a>"
089890,코세스,73.64538631203386,86.0338185744347,41.84158151800326,74.50849894019363,82.27699787705754,,"<a href=""https://m.stock.naver.com/domestic/stock/089890/total"" target=""_blank"">Naver</a>"
032750,삼진,73.60666208506503,73.56113907346527,61.646765095224175,99.56441875809283,82.03690982741075,,"<a href=""https://m.stock.naver.com/domestic/stock/032750/total"" target=""_blank"">Naver</a>"
206640,바디텍메드,73.6016897188693,66.70875764396762,85.9005098655948,99.64418343898765,42.737786443825016,,"<a href=""https://m.stock.naver.com/domestic/stock/206640/total"" target=""_blank"">Naver</a>"
265560,영화테크,73.59714708215925,65.66037545975925,83.48007060068012,95.44306672352688,75.73194967561967,,"<a href=""https://m.stock.naver.com/domestic/stock/265560/total"" target=""_blank"">Naver</a>"
053280,예스24,73.4621882090632,84.6201211919718,48.56636685795437,58.32688098327329,94.31671362128422,,"<a href=""https://m.stock.naver.com/domestic/stock/053280/total"" target=""_blank"">Naver</a>"
034950,한국기업평가,73.3911810255995,58.66076981904757,98.1515863310418,97.95223123161176,77.2319885649863,,"<a href=""https://m.stock.naver.com/domestic/stock/034950/total"" target=""_blank"">Naver</a>"
123410,코리아에프티,73.24605093533204,73.39862745381569,65.91838981993094,84.32242504457813,85.90069007204127,,"<a href=""https://m.stock.naver.com/domestic/stock/123410/total"" target=""_blank"">Naver</a>"
123420,위메이드플레이,73.24033590756434,65.27226053348394,84.3980607307995,97.30450425117056,64.94027959314099,,"<a href=""https://m.stock.naver.com/domestic/stock/123420/total"" target=""_blank"">Naver</a>"
307280,원바이오젠,73.0852976706,64.24244063248427,86.93951315294726,99.65299222107632,56.79311561529971,,"<a href=""https://m.stock.naver.com/domestic/stock/307280/total"" target=""_blank"">Naver</a>"
128540,에코캡,73.08031755223637,67.74767157707164,85.12404242695803,88.20519590190166,46.60368818127397,,"<a href=""https://m.stock.naver.com/domestic/stock/128540/total"" target=""_blank"">Naver</a>"
251370,와이엠티,72.82747488262133,87.30295569365772,42.40542061513451,65.67583222955193,65.5352617937574,,"<a href=""https://m.stock.naver.com/domestic/stock/251370/total"" target=""_blank"">Naver</a>"
092730,네오팜,72.82253116716467,61.972660084060315,87.63218433733759,99.62374688351247,75.37028688085687,,"<a href=""https://m.stock.naver.com/domestic/stock/092730/total"" target=""_blank"">Naver</a>"
108490,로보티즈,72.80830448164201,89.61054399421771,38.616131798886826,74.92320832673471,37.912486054324226,,"<a href=""https://m.stock.naver.com/domestic/stock/108490/total"" target=""_blank"">Naver</a>"
033830,티비씨,72.70535686427316,75.79129908047769,59.55072966227474,99.84039093793149,47.177118132494186,,"<a href=""https://m.stock.naver.com/domestic/stock/033830/total"" target=""_blank"">Naver</a>"
024120,KB오토시스,72.70040236544207,84.94417245498958,48.79943648534501,64.16248572126264,62.35582397971591,,"<a href=""https://m.stock.naver.com/domestic/stock/024120/total"" target=""_blank"">Naver</a>"
198080,캐프,72.66771881152368,69.78897152443038,69.10869244418906,91.17401503294603,87.99522565047181,,"<a href=""https://m.stock.naver.com/domestic/stock/198080/total"" target=""_blank"">Naver</a>"
067160,SOOP,72.66293928383391,59.709738761644225,97.17363242264283,93.8703529267039,63.13305257032567,,"<a href=""https://m.stock.naver.com/domestic/stock/067160/total"" target=""_blank"">Naver</a>"
303530,이노뎁,72.50165204671909,81.83109613102026,44.38666023510078,77.43544537239016,91.25569544185466,,"<a href=""https://m.stock.naver.com/domestic/stock/303530/total"" target=""_blank"">Naver</a>"
069510,에스텍,72.3495653343671,65.97860952798214,77.28462495685305,94.68078723755649,79.46329309217788,,"<a href=""https://m.stock.naver.com/domestic/stock/069510/total"" target=""_blank"">Naver</a>"
104830,원익머트리얼즈,72.3001025207709,67.73067406565555,74.59412360026016,93.08143594118872,74.1004717438733,,"<a href=""https://m.stock.naver.com/domestic/stock/104830/total"" target=""_blank"">Naver</a>"
339950,아이비김영,72.24499204697861,64.9475936381989,85.19990591148498,73.70415592873564,92.12087586628911,,"<a href=""https://m.stock.naver.com/domestic/stock/339950/total"" target=""_blank"">Naver</a>"
220180,핸디소프트,71.91960982908105,86.13772446198824,38.250072517735845,74.55288213205328,64.3833761849766,,"<a href=""https://m.stock.naver.com/domestic/stock/220180/total"" target=""_blank"">Naver</a>"
092130,이크레더블,71.88216913963035,56.238874099058854,99.71315024582464,91.67104413751859,80.86905409974045,,"<a href=""https://m.stock.naver.com/domestic/stock/092130/total"" target=""_blank"">Naver</a>"
099190,아이센스,71.86261273462829,86.03487305056785,42.12275548526907,73.44560529997068,47.32879005946495,,"<a href=""https://m.stock.naver.com/domestic/stock/099190/total"" target=""_blank"">Naver</a>"
118990,모트렉스,71.73915925265636,80.71753094222116,58.345669432948235,53.224721522449855,67.99502353683248,,"<a href=""https://m.stock.naver.com/domestic/stock/118990/total"" target=""_blank"">Naver</a>"
225590,패션플랫폼,71.67230982773793,80.42126635959109,45.75499264812159,93.64249227383358,52.331052451390455,,"<a href=""https://m.stock.naver.com/domestic/stock/225590/total"" target=""_blank"">Naver</a>"
218150,미래생명자원,71.62454199697237,83.7421383164766,40.02808586079407,75.16408318399058,77.1165844697766,,"<a href=""https://m.stock.naver.com/domestic/stock/218150/total"" target=""_blank"">Naver</a>"
088910,동우팜투테이블,71.61143528736086,83.24427064727496,38.72691376078476,74.16863698992988,91.3256151961342,,"<a href=""https://m.stock.naver.com/domestic/stock/088910/total"" target=""_blank"">Naver</a>"
208350,지란지교시큐리티,71.53609395355662,83.49470870417815,34.180322546555544,92.79662497300427,72.29051194220834,,"<a href=""https://m.stock.naver.com/domestic/stock/208350/total"" target=""_blank"">Naver</a>"
419530,SAMG엔터,71.5279917886247,92.25502967732803,23.936142937029476,56.69381793680353,90.43112908580338,,"<a href=""https://m.stock.naver.com/domestic/stock/419530/total"" target=""_blank"">Naver</a>"
067080,대화제약,71.49163946572797,84.45644389971564,49.47884943622336,50.23505067206737,68.49111399272024,,"<a href=""https://m.stock.naver.com/domestic/stock/067080/total"" target=""_blank"">Naver</a>"
051980,중앙첨단소재,71.48291257103847,77.20855137776921,66.66666666666667,69.26403046665206,31.29424062090138,,"<a href=""https://m.stock.naver.com/domestic/stock/051980/total"" target=""_blank"">Naver</a>"
041930,동아화성,71.41828323282981,74.61535122729059,60.96163413480647,74.66205084103825,78.84917757300042,,"<a href=""https://m.stock.naver.com/domestic/stock/041930/total"" target=""_blank"">Naver</a>"
277410,인산가,71.35014535943115,82.38227908557691,48.89920214202417,77.94591236861211,38.02772271435505,,"<a href=""https://m.stock.naver.com/domestic/stock/277410/total"" target=""_blank"">Naver</a>"
160980,싸이맥스,71.3137336846742,69.12277270706859,74.15489983493337,82.94007644715498,60.146749139684225,,"<a href=""https://m.stock.naver.com/domestic/stock/160980/total"" target=""_blank"">Naver</a>"
008370,원풍,71.28236300031035,69.48627163730805,64.60798380539973,98.79616963493382,71.17974206164412,,"<a href=""https://m.stock.naver.com/domestic/stock/008370/total"" target=""_blank"">Naver</a>"
090850,현대이지웰,71.23047151100579,66.00676660676868,76.24758339305487,86.71652299254167,77.8572679885341,,"<a href=""https://m.stock.naver.com/domestic/stock/090850/total"" target=""_blank"">Naver</a>"
104540,코렌텍,71.21112136637606,84.62603467079312,49.30320121910652,65.65518815968645,30.88362886309814,,"<a href=""https://m.stock.naver.com/domestic/stock/104540/total"" target=""_blank"">Naver</a>"
067570,엔브이에이치코리아,71.16428641254168,79.30632827458436,57.035755848944035,49.937205210555575,86.55659928999007,,"<a href=""https://m.stock.naver.com/domestic/stock/067570/total"" target=""_blank"">Naver</a>"
368770,파이버프로,71.1595665246706,59.91823560759127,92.02743441459332,99.08655037645777,45.862230376434674,,"<a href=""https://m.stock.naver.com/domestic/stock/368770/total"" target=""_blank"">Naver</a>"
041190,우리기술투자,70.96581885646827,59.52037343741583,96.28926307702666,99.32281758596717,24.979945323308016,,"<a href=""https://m.stock.naver.com/domestic/stock/041190/total"" target=""_blank"">Naver</a>"
039830,오로라,70.89758098663337,83.41593820946882,56.46410924062223,44.243318743007904,46.15317752991477,,"<a href=""https://m.stock.naver.com/domestic/stock/039830/total"" target=""_blank"">Naver</a>"
238120,얼라인드,70.75293190520834,64.2950368693339,86.00568089394135,88.09713540914504,37.29552038416337,,"<a href=""https://m.stock.naver.com/domestic/stock/238120/total"" target=""_blank"">Naver</a>"
037330,인지디스플레,70.59156707602398,85.2734479186707,39.65628127340245,50.02423629256752,90.22008754428403,,"<a href=""https://m.stock.naver.com/domestic/stock/037330/total"" target=""_blank"">Naver</a>"
212710,아이에스티이,70.50203735269916,82.00650292332958,47.64065801265588,60.100983888830335,67.55745413308836,,"<a href=""https://m.stock.naver.com/domestic/stock/212710/total"" target=""_blank"">Naver</a>"
347000,센코,70.45898910879349,72.78581177334779,65.41222525435876,81.94478671876468,44.79934118637327,,"<a href=""https://m.stock.naver.com/domestic/stock/347000/total"" target=""_blank"">Naver</a>"
299170,더블유에스아이,70.4239126516001,79.45550262547356,56.23010221764692,56.57362597837622,60.714458481332315,,"<a href=""https://m.stock.naver.com/domestic/stock/299170/total"" target=""_blank"">Naver</a>"
003100,선광,70.20059535648026,62.7230384526868,79.94393946899147,88.82433097493535,73.9670864025357,,"<a href=""https://m.stock.naver.com/domestic/stock/003100/total"" target=""_blank"">Naver</a>"
214180,헥토이노베이션,70.16872833123493,64.15286193040896,77.00639546897378,87.31378124189541,73.88068363113149,,"<a href=""https://m.stock.naver.com/domestic/stock/214180/total"" target=""_blank"">Naver</a>"
059210,메타바이오메드,69.96720383491292,60.64019054892878,91.5949062759342,79.0557196784228,55.57581937459652,,"<a href=""https://m.stock.naver.com/domestic/stock/059210/total"" target=""_blank"">Naver</a>"
460930,현대힘스,69.9544845454453,65.93680008818517,66.76612404927221,95.17811248607248,83.66124463217812,,"<a href=""https://m.stock.naver.com/domestic/stock/460930/total"" target=""_blank"">Naver</a>"
296640,이노룰스,69.9265883493793,63.421223809639834,73.678839867859,98.53119973165371,72.02048246930545,,"<a href=""https://m.stock.naver.com/domestic/stock/296640/total"" target=""_blank"">Naver</a>"
263700,케어랩스,69.89399498490286,80.0247579199499,41.955554990290466,73.85112650731833,80.10277669256934,,"<a href=""https://m.stock.naver.com/domestic/stock/263700/total"" target=""_blank"">Naver</a>"
204840,지엘팜텍,69.78328453832358,91.02941830824462,26.69951490418109,61.68757805282127,46.43994044098824,,"<a href=""https://m.stock.naver.com/domestic/stock/204840/total"" target=""_blank"">Naver</a>"
238090,앤디포스,69.6841664464702,85.77031672794213,24.023862559744142,99.4026324247898,45.51495054579811,,"<a href=""https://m.stock.naver.com/domestic/stock/238090/total"" target=""_blank"">Naver</a>"
036890,진성티이씨,69.67784871414179,71.08003521284392,62.3963454710316,82.20671703925112,64.20139029504871,,"<a href=""https://m.stock.naver.com/domestic/stock/036890/total"" target=""_blank"">Naver</a>"
408920,메쎄이상,69.632649805851,53.6769558070989,93.41834833455245,99.09247813210378,83.25282849486365,,"<a href=""https://m.stock.naver.com/domestic/stock/408920/total"" target=""_blank"">Naver</a>"
019540,일지테크,69.5975171060519,73.56366251120552,60.81926519917133,57.788165371401426,89.51373524791222,,"<a href=""https://m.stock.naver.com/domestic/stock/019540/total"" target=""_blank"">Naver</a>"
354320,알멕,69.57488539650366,87.37048994115618,34.36897977544133,60.031377083235,51.144175592522366,,"<a href=""https://m.stock.naver.com/domestic/stock/354320/total"" target=""_blank"">Naver</a>"
002800,신신제약,69.56327969556676,73.32452688513706,61.24052211293406,72.81384258909654,59.5409755468272,,"<a href=""https://m.stock.naver.com/domestic/stock/002800/total"" target=""_blank"">Naver</a>"
143540,영우디에스피,69.51662998012263,87.50959405213291,32.18414178719356,50.089686984070966,79.11738807274799,,"<a href=""https://m.stock.naver.com/domestic/stock/143540/total"" target=""_blank"">Naver</a>"
175250,아이큐어,69.46572099888134,87.15484468892446,34.60668726546393,50.54957130005023,69.32370478311319,,"<a href=""https://m.stock.naver.com/domestic/stock/175250/total"" target=""_blank"">Naver</a>"
158430,아톤,69.37744907480321,59.95519490934466,87.35023460962475,81.75887937143163,67.81771079294123,,"<a href=""https://m.stock.naver.com/domestic/stock/158430/total"" target=""_blank"">Naver</a>"
183300,코미코,69.34218206757018,57.72133596560828,91.66966274149502,81.53846261890999,72.762370818809,,"<a href=""https://m.stock.naver.com/domestic/stock/183300/total"" target=""_blank"">Naver</a>"
054800,아이디스홀딩스,69.27738774444781,68.1946272783742,65.83793473561535,92.8783938536748,52.265766163039636,,"<a href=""https://m.stock.naver.com/domestic/stock/054800/total"" target=""_blank"">Naver</a>"
053800,안랩,69.25607265826136,62.42479082170461,73.46824196321218,98.22073250135051,72.24128848600984,,"<a href=""https://m.stock.naver.com/domestic/stock/053800/total"" target=""_blank"">Naver</a>"
311320,지오엘리먼트,69.23758243864548,64.31041553899426,69.82119373782685,95.88905054413311,72.14259252757786,,"<a href=""https://m.stock.naver.com/domestic/stock/311320/total"" target=""_blank"">Naver</a>"
046940,우원개발,69.18566882419358,76.45708040030094,42.035738826341095,83.55354967663742,88.94261819528022,,"<a href=""https://m.stock.naver.com/domestic/stock/046940/total"" target=""_blank"">Naver</a>"
417500,제이아이테크,69.10027986090815,62.56730740011517,81.198976553845,82.14523316866061,60.91255931023483,,"<a href=""https://m.stock.naver.com/domestic/stock/417500/total"" target=""_blank"">Naver</a>"
032620,유비케어,68.99396328452015,74.06599148497351,44.51725849966317,90.29090303351917,87.91926930536683,,"<a href=""https://m.stock.naver.com/domestic/stock/032620/total"" target=""_blank"">Naver</a>"
309960,LB인베스트먼트,68.98426197062042,59.894849382208555,87.6880481241745,99.66068014289174,23.185445919250025,,"<a href=""https://m.stock.naver.com/domestic/stock/309960/total"" target=""_blank"">Naver</a>"
003380,하림지주,68.97346713404588,77.25446445792802,53.86788096901838,49.44741313671999,84.18153806724953,,"<a href=""https://m.stock.naver.com/domestic/stock/003380/total"" target=""_blank"">Naver</a>"
017890,한국알콜,68.86422341859783,60.408095486985445,85.80376193827571,94.18425641837649,35.0,,"<a href=""https://m.stock.naver.com/domestic/stock/017890/total"" target=""_blank"">Naver</a>"
079960,동양이엔피,68.85608165432461,60.53600124468739,76.29973239517193,91.28610998121621,86.6187362119517,,"<a href=""https://m.stock.naver.com/domestic/stock/079960/total"" target=""_blank"">Naver</a>"
417970,모델솔루션,68.65604890426316,64.75707883609105,63.9530626071678,97.34559165921925,81.579535697893,,"<a href=""https://m.stock.naver.com/domestic/stock/417970/total"" target=""_blank"">Naver</a>"
199820,제일일렉트릭,68.617953596355,69.65143617167513,57.21853377149611,91.34907493912424,67.75101913126927,,"<a href=""https://m.stock.naver.com/domestic/stock/199820/total"" target=""_blank"">Naver</a>"
053700,삼보모터스,68.49706908917074,72.56849648192666,58.939544501788724,56.86490497581395,90.69189153972324,,"<a href=""https://m.stock.naver.com/domestic/stock/053700/total"" target=""_blank"">Naver</a>"
041520,이엘씨,68.49217097438688,88.03803847790142,29.413740791697588,73.75071383739066,18.816826119651054,,"<a href=""https://m.stock.naver.com/domestic/stock/041520/total"" target=""_blank"">Naver</a>"
080010,이상네트웍스,68.48746422178161,56.649740244514554,84.50400229054576,99.21016359996389,69.01206284880081,,"<a href=""https://m.stock.naver.com/domestic/stock/080010/total"" target=""_blank"">Naver</a>"
005160,동국산업,68.45959666650212,84.65171079556525,36.698836700231865,56.170214552565234,57.53679117696982,,"<a href=""https://m.stock.naver.com/domestic/stock/005160/total"" target=""_blank"">Naver</a>"
190510,나무가,68.45200746548714,63.22027134146963,64.74447406818206,95.66624782181005,95.34202722757692,,"<a href=""https://m.stock.naver.com/domestic/stock/190510/total"" target=""_blank"">Naver</a>"
217820,원익피앤이,68.44734903236069,100.0,10.41940950018264,34.11669993684797,48.61653327260459,,"<a href=""https://m.stock.naver.com/domestic/stock/217820/total"" target=""_blank"">Naver</a>"
033100,제룡전기,68.42379914523411,50.0,100.0,99.42711481292999,69.62175327882228,,"<a href=""https://m.stock.naver.com/domestic/stock/033100/total"" target=""_blank"">Naver</a>"
319660,피에스케이,68.31068881184025,56.42970932183527,88.34893241197562,97.76057210021513,51.79145811447335,,"<a href=""https://m.stock.naver.com/domestic/stock/319660/total"" target=""_blank"">Naver</a>"
950170,JTC,68.30618877413963,61.38164273188104,79.20176844760474,95.46778026739639,42.599659927403664,,"<a href=""https://m.stock.naver.com/domestic/stock/950170/total"" target=""_blank"">Naver</a>"
039440,에스티아이,68.13185451313768,61.96073437636378,67.31727609692463,98.84214480616009,84.83760764944502,,"<a href=""https://m.stock.naver.com/domestic/stock/039440/total"" target=""_blank"">Naver</a>"
173130,오파스넷,68.09926604295484,64.27379577473693,66.8376209190988,85.61460911516639,85.28244873642696,,"<a href=""https://m.stock.naver.com/domestic/stock/173130/total"" target=""_blank"">Naver</a>"
003310,대주산업,68.00598458432228,61.08125205614052,69.59626545728803,98.07339052723171,83.01655867185573,,"<a href=""https://m.stock.naver.com/domestic/stock/003310/total"" target=""_blank"">Naver</a>"
071200,인피니트헬스케어,67.91294637499779,53.198273407991884,91.88810342004133,91.32009344681165,77.79894261022312,,"<a href=""https://m.stock.naver.com/domestic/stock/071200/total"" target=""_blank"">Naver</a>"
054540,삼영엠텍,67.83991435074716,66.8319577992962,65.83369010003963,82.13178545828916,61.3827720066125,,"<a href=""https://m.stock.naver.com/domestic/stock/054540/total"" target=""_blank"">Naver</a>"
187790,나노,67.81443376022203,51.19560118494036,99.74276656699443,83.10431659043577,77.01899496931257,,"<a href=""https://m.stock.naver.com/domestic/stock/187790/total"" target=""_blank"">Naver</a>"
035900,JYP Ent.,67.70603402745314,50.70742813654348,93.05512784928528,97.9976852818468,84.36053310042108,,"<a href=""https://m.stock.naver.com/domestic/stock/035900/total"" target=""_blank"">Naver</a>"
332370,아이디피,67.66228193871963,53.44101423904785,92.95302053772025,99.71090256616336,47.76656008489026,,"<a href=""https://m.stock.naver.com/domestic/stock/332370/total"" target=""_blank"">Naver</a>"
094480,갤럭시아머니트리,67.65926105733124,76.0319539807853,54.621468489007604,66.08488408588948,35.52466276038429,,"<a href=""https://m.stock.naver.com/domestic/stock/094480/total"" target=""_blank"">Naver</a>"
403870,HPSP,67.63020428987782,50.0,100.0,99.62231135765082,53.359463082254756,,"<a href=""https://m.stock.naver.com/domestic/stock/403870/total"" target=""_blank"">Naver</a>"
040160,누리플렉스,67.62724038865618,86.43798624495075,25.584254963016225,64.01900530148093,59.3296874156714,,"<a href=""https://m.stock.naver.com/domestic/stock/040160/total"" target=""_blank"">Naver</a>"
260930,씨티케이,67.62126315141376,80.02159240837231,30.899942660132,84.55980706904077,68.54682668906575,,"<a href=""https://m.stock.naver.com/domestic/stock/260930/total"" target=""_blank"">Naver</a>"
039020,이건홀딩스,67.50562338578096,85.27330412056894,30.379423298607673,50.28978889103144,74.35612399369096,,"<a href=""https://m.stock.naver.com/domestic/stock/039020/total"" target=""_blank"">Naver</a>"
187270,신화콘텍,67.37950690891209,59.54153477753033,81.15835825175532,86.13220759659949,55.035514395902375,,"<a href=""https://m.stock.naver.com/domestic/stock/187270/total"" target=""_blank"">Naver</a>"
335890,비올,67.28358250718023,50.0,100.0,99.73991912876616,46.1918118860724,,"<a href=""https://m.stock.naver.com/domestic/stock/335890/total"" target=""_blank"">Naver</a>"
058470,리노공업,67.26900677284887,50.0,95.46244243055828,99.86021104734384,68.34750120949826,,"<a href=""https://m.stock.naver.com/domestic/stock/058470/total"" target=""_blank"">Naver</a>"
033050,제이엠아이,67.20314527583132,65.52361406060191,57.55214778439745,95.07641226785962,79.86597333169685,,"<a href=""https://m.stock.naver.com/domestic/stock/033050/total"" target=""_blank"">Naver</a>"
051160,지어소프트,67.17524059716276,60.956951244617585,63.99156189526146,98.37865226150242,95.30628300853193,,"<a href=""https://m.stock.naver.com/domestic/stock/051160/total"" target=""_blank"">Naver</a>"
461300,아이스크림미디어,67.17380728955906,50.0,93.0410827673435,99.45969775612176,79.35133644222034,,"<a href=""https://m.stock.naver.com/domestic/stock/461300/total"" target=""_blank"">Naver</a>"
054950,제이브이엠,67.10673383973544,54.75212383650891,85.8426000280515,98.14391139486739,59.60836782660954,,"<a href=""https://m.stock.naver.com/domestic/stock/054950/total"" target=""_blank"">Naver</a>"
078130,국일제지,67.08578103424375,84.29770029830827,15.945851043647222,99.701995645797,51.00997059534575,,"<a href=""https://m.stock.naver.com/domestic/stock/078130/total"" target=""_blank"">Naver</a>"
036220,오상헬스케어,67.073613276769,94.99067754522999,5.71050272294701,68.62522342065876,35.78117453656739,,"<a href=""https://m.stock.naver.com/domestic/stock/036220/total"" target=""_blank"">Naver</a>"
199480,뱅크웨어글로벌,66.96488942318992,95.60266176792054,0.0,53.20758481936626,85.65067761001933,,"<a href=""https://m.stock.naver.com/domestic/stock/199480/total"" target=""_blank"">Naver</a>"
044480,빌리언스,66.96151799509443,63.24975468941295,81.99427675532137,47.89197483970338,74.4779701729195,,"<a href=""https://m.stock.naver.com/domestic/stock/044480/total"" target=""_blank"">Naver</a>"
215200,메가스터디교육,66.93824131270661,62.359498956509896,70.55171338910422,74.57037741777663,88.55151699493895,,"<a href=""https://m.stock.naver.com/domestic/stock/215200/total"" target=""_blank"">Naver</a>"
060720,KH바텍,66.82672463302833,62.46513599237115,64.25276333871938,90.24985875309928,85.18932655231741,,"<a href=""https://m.stock.naver.com/domestic/stock/060720/total"" target=""_blank"">Naver</a>"
005290,동진쎄미켐,66.82156825462295,58.35214833731906,77.50833223425273,90.39520113268843,67.8735216079895,,"<a href=""https://m.stock.naver.com/domestic/stock/005290/total"" target=""_blank"">Naver</a>"
240810,원익IPS,66.81734607559395,68.05206983742154,55.464323324853524,97.96334197042658,46.47378289769959,,"<a href=""https://m.stock.naver.com/domestic/stock/240810/total"" target=""_blank"">Naver</a>"
405100,큐알티,66.81440400174573,66.7142788037956,56.43555126903044,89.91884392328207,73.70129019765089,,"<a href=""https://m.stock.naver.com/domestic/stock/405100/total"" target=""_blank"">Naver</a>"
036010,아비코전자,66.77800491797099,83.46403067632882,21.207900096587924,74.16324221680547,79.62574532692351,,"<a href=""https://m.stock.naver.com/domestic/stock/036010/total"" target=""_blank"">Naver</a>"
243070,휴온스,66.75866314348806,64.54031197878574,62.260622193605,90.84614353449413,67.69412108731913,,"<a href=""https://m.stock.naver.com/domestic/stock/243070/total"" target=""_blank"">Naver</a>"
011040,경동제약,66.70719660027785,73.2535597758063,48.69989336914923,81.12020340303104,49.361341044073185,,"<a href=""https://m.stock.naver.com/domestic/stock/011040/total"" target=""_blank"">Naver</a>"
085910,네오티스,66.70697593389332,68.09992823164625,66.8311730920495,69.03871141132569,44.70709161521259,,"<a href=""https://m.stock.naver.com/domestic/stock/085910/total"" target=""_blank"">Naver</a>"
054040,한국컴퓨터,66.69009907786094,63.19173938211092,56.8787778832798,99.37822839105377,92.35076277338109,,"<a href=""https://m.stock.naver.com/domestic/stock/054040/total"" target=""_blank"">Naver</a>"
052860,아이앤씨,66.67519485483209,96.87570021215099,0.0,55.94180691186586,59.11188072709824,,"<a href=""https://m.stock.naver.com/domestic/stock/052860/total"" target=""_blank"">Naver</a>"
105740,디케이락,66.50727845941329,77.27843944553926,46.19454551583246,68.76926099734322,34.293046267945805,,"<a href=""https://m.stock.naver.com/domestic/stock/105740/total"" target=""_blank"">Naver</a>"
042370,비츠로테크,66.47902870013684,58.92913793299552,72.48231039168128,98.94709132092726,62.12518420652937,,"<a href=""https://m.stock.naver.com/domestic/stock/042370/total"" target=""_blank"">Naver</a>"
214270,FSN,66.40418842934338,90.62389168537341,15.610298298090955,43.96176745875654,74.6220419544187,,"<a href=""https://m.stock.naver.com/domestic/stock/214270/total"" target=""_blank"">Naver</a>"
238200,비피도,66.37167709611484,95.17380986834799,0.0,65.19607462808077,54.955674245959344,,"<a href=""https://m.stock.naver.com/domestic/stock/238200/total"" target=""_blank"">Naver</a>"
024940,PN풍년,66.27661486582414,67.41201198141704,48.574932616562705,99.56006833982835,74.59335377700815,,"<a href=""https://m.stock.naver.com/domestic/stock/024940/total"" target=""_blank"">Naver</a>"
377450,리파인,66.26698259133344,50.0,91.39821452348319,99.83574901342737,68.67708118239811,,"<a href=""https://m.stock.naver.com/domestic/stock/377450/total"" target=""_blank"">Naver</a>"
083790,CG인바이츠,66.25847127799365,86.09758102268391,46.18466875863202,22.228506399117446,16.618096696271156,,"<a href=""https://m.stock.naver.com/domestic/stock/083790/total"" target=""_blank"">Naver</a>"
417790,트루엔,66.23538529172433,50.0,92.07342033051741,99.83891149744812,64.66278118700328,,"<a href=""https://m.stock.naver.com/domestic/stock/417790/total"" target=""_blank"">Naver</a>"
045340,토탈소프트,66.18469893903656,50.0,97.41152112629366,98.31330723947248,40.009758670317886,,"<a href=""https://m.stock.naver.com/domestic/stock/045340/total"" target=""_blank"">Naver</a>"
000440,중앙에너비스,66.17678886269363,78.18535198932511,29.89038997329013,74.7698777119321,86.31984809165651,,"<a href=""https://m.stock.naver.com/domestic/stock/000440/total"" target=""_blank"">Naver</a>"
260970,에스앤디,66.07463624214606,50.0,87.9982269700965,99.08325846009606,83.33507307224652,,"<a href=""https://m.stock.naver.com/domestic/stock/260970/total"" target=""_blank"">Naver</a>"
007820,에스엠코어,66.0470561424696,59.805956565661596,65.29623097025711,93.79320456105407,89.20208008805938,,"<a href=""https://m.stock.naver.com/domestic/stock/007820/total"" target=""_blank"">Naver</a>"
115310,인포바인,66.0387458719781,51.59198455264673,89.5116577235071,99.71413498734547,54.684544215574746,,"<a href=""https://m.stock.naver.com/domestic/stock/115310/total"" target=""_blank"">Naver</a>"
015750,성우하이텍,66.01420671525793,68.17206937847412,56.992098858473845,71.11658715044601,75.02563317020781,,"<a href=""https://m.stock.naver.com/domestic/stock/015750/total"" target=""_blank"">Naver</a>"
317850,대모,66.00029669662693,75.19946132814945,44.537072975376965,73.66031707791879,47.60639896202289,,"<a href=""https://m.stock.naver.com/domestic/stock/317850/total"" target=""_blank"">Naver</a>"
200670,휴메딕스,65.98664033895751,50.0,94.78594808890598,99.76787259107759,46.26732115246528,,"<a href=""https://m.stock.naver.com/domestic/stock/200670/total"" target=""_blank"">Naver</a>"
310870,디와이씨,65.87454488950269,71.85190724960319,52.35857202239577,68.58960035245248,56.29594997793187,,"<a href=""https://m.stock.naver.com/domestic/stock/310870/total"" target=""_blank"">Naver</a>"
091340,S&K폴리텍,65.85260287116293,64.58869402179276,61.86531506368495,73.80101110150449,85.05913164031173,,"<a href=""https://m.stock.naver.com/domestic/stock/091340/total"" target=""_blank"">Naver</a>"
179290,엠아이텍,65.85071616901834,50.0,94.53654285094301,99.77728530235163,44.77703852094838,,"<a href=""https://m.stock.naver.com/domestic/stock/179290/total"" target=""_blank"">Naver</a>"
067990,도이치모터스,65.79541866390643,81.7619557273851,36.69252033042627,30.78996994725637,89.72236300286346,,"<a href=""https://m.stock.naver.com/domestic/stock/067990/total"" target=""_blank"">Naver</a>"
075130,플랜티넷,65.61698568478063,63.51544635137346,56.94474740869746,99.26289808523146,66.90482426518098,,"<a href=""https://m.stock.naver.com/domestic/stock/075130/total"" target=""_blank"">Naver</a>"
166090,하나머티리얼즈,65.61139231226572,58.31459557963036,77.8611778855742,85.72343854468355,51.699932772512206,,"<a href=""https://m.stock.naver.com/domestic/stock/166090/total"" target=""_blank"">Naver</a>"
024840,KBI메탈,65.57835906279908,72.53582038125025,44.8057995320083,63.87827903960438,89.35178094172846,,"<a href=""https://m.stock.naver.com/domestic/stock/024840/total"" target=""_blank"">Naver</a>"
102120,어보브반도체,65.50993363124708,83.4826251140894,20.47093368992643,62.23737174652586,81.57775931318484,,"<a href=""https://m.stock.naver.com/domestic/stock/102120/total"" target=""_blank"">Naver</a>"
083450,GST,65.47958858013843,51.692457821964666,83.45098937985306,99.33562727935693,73.35607628121336,,"<a href=""https://m.stock.naver.com/domestic/stock/083450/total"" target=""_blank"">Naver</a>"
211270,AP위성,65.42409225668975,50.0,89.57045579635985,99.28871546425269,62.0521352234902,,"<a href=""https://m.stock.naver.com/domestic/stock/211270/total"" target=""_blank"">Naver</a>"
443670,에스피소프트,65.4054309349146,64.91313852915228,51.91086733340895,99.27547014563831,71.04567939014339,,"<a href=""https://m.stock.naver.com/domestic/stock/443670/total"" target=""_blank"">Naver</a>"
397030,에이프릴바이오,65.37524963842012,50.0,97.32888387505746,96.61784119329663,27.624891006521658,,"<a href=""https://m.stock.naver.com/domestic/stock/397030/total"" target=""_blank"">Naver</a>"
277070,린드먼아시아,65.35542172689544,54.82930160925944,86.06566588933886,99.41424289005067,20.0,,"<a href=""https://m.stock.naver.com/domestic/stock/277070/total"" target=""_blank"">Naver</a>"
064760,티씨케이,65.32615591748252,50.0,91.74399985483997,99.77111657612177,48.26088592320707,,"<a href=""https://m.stock.naver.com/domestic/stock/064760/total"" target=""_blank"">Naver</a>"
094170,동운아나텍,65.25359230295403,50.0,88.68413556321116,91.08133607315567,79.48849609671352,,"<a href=""https://m.stock.naver.com/domestic/stock/094170/total"" target=""_blank"">Naver</a>"
004650,창해에탄올,65.23856711479911,57.71006198595365,72.62575825018843,91.3578507915787,66.40610563043889,,"<a href=""https://m.stock.naver.com/domestic/stock/004650/total"" target=""_blank"">Naver</a>"
189980,흥국에프엔비,65.21997771619263,65.9800905636007,62.887308108977415,73.06588403992659,52.07015893590419,,"<a href=""https://m.stock.naver.com/domestic/stock/189980/total"" target=""_blank"">Naver</a>"
300080,플리토,65.19719674275575,66.86815297538656,52.68538890005491,74.89696584237146,88.30522296545868,,"<a href=""https://m.stock.naver.com/domestic/stock/300080/total"" target=""_blank"">Naver</a>"
049720,고려신용정보,65.19196783400098,53.087189635646325,76.56785123555646,92.63291019105083,98.68800449237965,,"<a href=""https://m.stock.naver.com/domestic/stock/049720/total"" target=""_blank"">Naver</a>"
093320,케이아이엔엑스,65.11922588458157,55.45364454354678,75.7956826862074,96.40410973544824,65.15415026713654,,"<a href=""https://m.stock.naver.com/domestic/stock/093320/total"" target=""_blank"">Naver</a>"
131090,시큐브,65.10683768493065,50.0,85.21721508646324,99.85651658899543,76.33764508830608,,"<a href=""https://m.stock.naver.com/domestic/stock/131090/total"" target=""_blank"">Naver</a>"
453860,에이에스텍,65.03189202211378,50.0,90.0572780766372,94.37330941188316,61.60483123532319,,"<a href=""https://m.stock.naver.com/domestic/stock/453860/total"" target=""_blank"">Naver</a>"
290560,신시웨이,65.02456236853489,50.0,86.02280316640814,99.68760112723488,71.00202928418719,,"<a href=""https://m.stock.naver.com/domestic/stock/290560/total"" target=""_blank"">Naver</a>"
466410,사이냅소프트,65.00699669630632,50.0,89.35634627152628,99.77989072008296,53.79842112832903,,"<a href=""https://m.stock.naver.com/domestic/stock/466410/total"" target=""_blank"">Naver</a>"
006730,서부T&D,64.93508939656402,59.04326445159386,84.04793041033467,48.02570966996352,73.89154312055365,,"<a href=""https://m.stock.naver.com/domestic/stock/006730/total"" target=""_blank"">Naver</a>"
024950,삼천리자전거,64.92922711347154,72.65959679918501,44.7682173823496,73.66082216276183,55.50664944193885,,"<a href=""https://m.stock.naver.com/domestic/stock/024950/total"" target=""_blank"">Naver</a>"
124560,태웅로직스,64.90460714644718,63.41265881633216,58.4847011122715,73.58326740283476,97.55019676593068,,"<a href=""https://m.stock.naver.com/domestic/stock/124560/total"" target=""_blank"">Naver</a>"
053160,프리엠스,64.81436603317306,81.84197826273392,21.966730246601287,74.7328954727705,54.88413933210671,,"<a href=""https://m.stock.naver.com/domestic/stock/053160/total"" target=""_blank"">Naver</a>"
025980,아난티,64.80484778967102,83.30093327229328,28.8914550823948,49.88743200837075,52.253617097185476,,"<a href=""https://m.stock.naver.com/domestic/stock/025980/total"" target=""_blank"">Naver</a>"
206650,유바이오로직스,64.70335002426975,50.0,91.25669317077147,96.75750738173295,44.268519868071714,,"<a href=""https://m.stock.naver.com/domestic/stock/206650/total"" target=""_blank"">Naver</a>"
418470,KT밀리의서재,64.67311912909248,50.0,83.21982650221118,99.369383058894,78.6244839530058,,"<a href=""https://m.stock.naver.com/domestic/stock/418470/total"" target=""_blank"">Naver</a>"
123860,아나패스,64.66805443059746,50.0,81.24639490037747,97.15435496783891,92.8204041743841,,"<a href=""https://m.stock.naver.com/domestic/stock/123860/total"" target=""_blank"">Naver</a>"
033500,동성화인텍,64.55291193160961,56.717737369166606,74.5515621453376,80.81890712352991,76.0497652284453,,"<a href=""https://m.stock.naver.com/domestic/stock/033500/total"" target=""_blank"">Naver</a>"
065350,신성델타테크,64.54486815980452,69.18274009938581,46.57308097565456,73.19672176051208,81.44563360416393,,"<a href=""https://m.stock.naver.com/domestic/stock/065350/total"" target=""_blank"">Naver</a>"
023910,대한약품,64.52607019511902,50.0,83.27581287250828,99.56142465554026,75.01949022875849,,"<a href=""https://m.stock.naver.com/domestic/stock/023910/total"" target=""_blank"">Naver</a>"
111710,남화산업,64.44877148552204,50.0,85.86816220789547,99.81730933548181,60.0,,"<a href=""https://m.stock.naver.com/domestic/stock/111710/total"" target=""_blank"">Naver</a>"
047080,한빛소프트,64.41766646513862,65.12686127504185,53.664985162576535,73.16102920180514,92.18400978577736,,"<a href=""https://m.stock.naver.com/domestic/stock/047080/total"" target=""_blank"">Naver</a>"
088390,이녹스,64.28103329217176,77.80598486562376,27.778069836180933,76.52924913752268,60.0,,"<a href=""https://m.stock.naver.com/domestic/stock/088390/total"" target=""_blank"">Naver</a>"
030520,한글과컴퓨터,64.18006914865386,61.57326080719298,60.878674925132344,91.57766210130069,57.17355445849831,,"<a href=""https://m.stock.naver.com/domestic/stock/030520/total"" target=""_blank"">Naver</a>"
036620,감성코퍼레이션,64.17460693625918,50.0,86.76307205769444,99.0692551475833,51.538268141544876,,"<a href=""https://m.stock.naver.com/domestic/stock/036620/total"" target=""_blank"">Naver</a>"
027830,대성창투,64.16520700516642,50.0,92.67805122147756,99.9569419979703,20.0,,"<a href=""https://m.stock.naver.com/domestic/stock/027830/total"" target=""_blank"">Naver</a>"
900110,이스트아시아홀딩스,64.14464697097083,60.67872676439407,61.35182824665937,99.87069110968241,48.247694794025804,,"<a href=""https://m.stock.naver.com/domestic/stock/900110/total"" target=""_blank"">Naver</a>"
215090,솔디펜스,64.14121369793023,50.0,91.56433818495941,89.3718899637876,46.258803106232435,,"<a href=""https://m.stock.naver.com/domestic/stock/215090/total"" target=""_blank"">Naver</a>"
086670,비엠티,64.14069731744877,70.19532128817455,53.129687219415594,65.67981958243192,43.46201562893883,,"<a href=""https://m.stock.naver.com/domestic/stock/086670/total"" target=""_blank"">Naver</a>"
066620,국보디자인,64.11706183231205,53.29048957454123,74.61896424048307,92.92920175097554,83.90213704737985,,"<a href=""https://m.stock.naver.com/domestic/stock/066620/total"" target=""_blank"">Naver</a>"
110020,전진바이오팜,64.0391413218105,50.0,82.97093117692437,90.73083532615762,84.46649989927322,,"<a href=""https://m.stock.naver.com/domestic/stock/110020/total"" target=""_blank"">Naver</a>"
900120,씨엑스아이,64.02080129535571,50.0,85.36439019503113,99.98584689196913,53.6223811480202,,"<a href=""https://m.stock.naver.com/domestic/stock/900120/total"" target=""_blank"">Naver</a>"
101970,우양에이치씨,63.94607376285148,50.0,83.51719552865045,90.15013417220317,81.035229269371,,"<a href=""https://m.stock.naver.com/domestic/stock/101970/total"" target=""_blank"">Naver</a>"
214370,케어젠,63.914773758520994,48.50578678185204,93.15661222669486,99.55084531966278,31.341282015395727,,"<a href=""https://m.stock.naver.com/domestic/stock/214370/total"" target=""_blank"">Naver</a>"
067310,하나마이크론,63.89788093143876,71.08863223997501,49.94356433468226,51.39382143894082,72.38856719778205,,"<a href=""https://m.stock.naver.com/domestic/stock/067310/total"" target=""_blank"">Naver</a>"
039860,나노엔텍,63.86546546224896,62.434040940350684,59.155700221406505,99.82765658332146,32.667003687095715,,"<a href=""https://m.stock.naver.com/domestic/stock/039860/total"" target=""_blank"">Naver</a>"
462860,더즌,63.81280882888963,50.0,82.97486325055792,93.41619117675823,74.54947797148645,,"<a href=""https://m.stock.naver.com/domestic/stock/462860/total"" target=""_blank"">Naver</a>"
445180,퓨릿,63.78409712768752,50.0,75.34931324190124,99.71495499587591,99.5054663524923,,"<a href=""https://m.stock.naver.com/domestic/stock/445180/total"" target=""_blank"">Naver</a>"
122690,서진오토모티브,63.76165371986504,71.86849348451518,47.59942216496179,39.08414560077959,96.64575055675044,,"<a href=""https://m.stock.naver.com/domestic/stock/122690/total"" target=""_blank"">Naver</a>"
294570,쿠콘,63.72219136260663,50.0,86.66825007592341,89.47150943561263,62.15955800129021,,"<a href=""https://m.stock.naver.com/domestic/stock/294570/total"" target=""_blank"">Naver</a>"
021880,메이슨캐피탈,63.712737425371955,50.0,83.25624206318865,97.698259636661,62.57701891817372,,"<a href=""https://m.stock.naver.com/domestic/stock/021880/total"" target=""_blank"">Naver</a>"
465480,인스피언,63.62018275716155,50.0,83.26730461203518,99.54990658253826,56.967318917978695,,"<a href=""https://m.stock.naver.com/domestic/stock/465480/total"" target=""_blank"">Naver</a>"
053030,바이넥스,63.61054700263293,90.72701912203848,0.0,61.06990713345205,61.34689632129271,,"<a href=""https://m.stock.naver.com/domestic/stock/053030/total"" target=""_blank"">Naver</a>"
025770,한국정보통신,63.60241294855177,55.44302177405208,64.73906101440342,94.72451056150479,93.58767148738394,,"<a href=""https://m.stock.naver.com/domestic/stock/025770/total"" target=""_blank"">Naver</a>"
278280,천보,63.58355872879628,78.50998214617486,42.64543881097628,33.81028943839975,48.703615890146345,,"<a href=""https://m.stock.naver.com/domestic/stock/278280/total"" target=""_blank"">Naver</a>"
053950,경남제약,63.536923880573575,63.08861399025204,64.28205907614132,70.92922273451379,50.40636887871284,,"<a href=""https://m.stock.naver.com/domestic/stock/053950/total"" target=""_blank"">Naver</a>"
251120,바이오에프디엔씨,63.53464721534765,50.0,86.79851874217337,94.91607607575858,46.868198444568975,,"<a href=""https://m.stock.naver.com/domestic/stock/251120/total"" target=""_blank"">Naver</a>"
037460,삼지전자,63.52187901886387,60.40586159087627,60.15956532172398,78.39915338461624,87.9711079089098,,"<a href=""https://m.stock.naver.com/domestic/stock/037460/total"" target=""_blank"">Naver</a>"
060590,씨티씨바이오,63.489096897918586,81.09614784574465,21.184689445449393,60.05665257798765,70.59141142621378,,"<a href=""https://m.stock.naver.com/domestic/stock/060590/total"" target=""_blank"">Naver</a>"
007370,진양제약,63.43732206940614,50.0,87.844336640191,89.77790468991266,49.968948807342656,,"<a href=""https://m.stock.naver.com/domestic/stock/007370/total"" target=""_blank"">Naver</a>"
099410,동방선기,63.41242583655026,50.0,80.19875921665705,97.87849091320314,71.4977388213139,,"<a href=""https://m.stock.naver.com/domestic/stock/099410/total"" target=""_blank"">Naver</a>"
457550,우진엔텍,63.37856651152701,50.0,75.54095441845884,99.77199598255112,90.32256617314376,,"<a href=""https://m.stock.naver.com/domestic/stock/457550/total"" target=""_blank"">Naver</a>"
430690,한싹,63.317394141368716,77.81472267697569,28.36631891540182,59.15825891954914,72.42309828755867,,"<a href=""https://m.stock.naver.com/domestic/stock/430690/total"" target=""_blank"">Naver</a>"
290120,DH오토리드,63.30658624671304,67.23772569238804,49.25362754076739,66.33991385978916,80.33105120218903,,"<a href=""https://m.stock.naver.com/domestic/stock/290120/total"" target=""_blank"">Naver</a>"
032680,소프트센,63.22868175239796,76.63362822683236,23.374408827433754,73.53055074582304,81.03695069715633,,"<a href=""https://m.stock.naver.com/domestic/stock/032680/total"" target=""_blank"">Naver</a>"
106190,하이텍팜,63.19862475660431,50.0,84.44859042867141,99.57507800781087,42.57938697310739,,"<a href=""https://m.stock.naver.com/domestic/stock/106190/total"" target=""_blank"">Naver</a>"
096610,알에프세미,63.16735695432667,81.46762177609054,17.341241647500663,70.29858023911194,58.43230905771969,,"<a href=""https://m.stock.naver.com/domestic/stock/096610/total"" target=""_blank"">Naver</a>"
101160,월덱스,63.12567104809356,45.96298803182418,92.03071737618681,99.38005859484954,52.043860509347894,,"<a href=""https://m.stock.naver.com/domestic/stock/101160/total"" target=""_blank"">Naver</a>"
457370,한켐,63.115565547384286,50.0,80.99339592694449,99.64268851580093,58.05895428136141,,"<a href=""https://m.stock.naver.com/domestic/stock/457370/total"" target=""_blank"">Naver</a>"
052600,한네트,63.08222935003683,50.0,77.10476471295281,98.42520635881652,79.27035071833936,,"<a href=""https://m.stock.naver.com/domestic/stock/052600/total"" target=""_blank"">Naver</a>"
019550,SBI인베스트먼트,63.075226896966896,50.0,88.28506739336228,99.92224641152103,20.234708149484423,,"<a href=""https://m.stock.naver.com/domestic/stock/019550/total"" target=""_blank"">Naver</a>"
303360,프로티아,62.975448765465345,50.0,81.04534566206911,99.84247948656107,54.59728802583923,,"<a href=""https://m.stock.naver.com/domestic/stock/303360/total"" target=""_blank"">Naver</a>"
147830,제룡산업,62.94788451810489,50.0,79.11821998247352,99.81406480929573,63.738460831138795,,"<a href=""https://m.stock.naver.com/domestic/stock/147830/total"" target=""_blank"">Naver</a>"
033640,네패스,62.94568121187784,84.39638959073078,16.353056728796094,41.207070276372704,81.97752495206147,,"<a href=""https://m.stock.naver.com/domestic/stock/033640/total"" target=""_blank"">Naver</a>"
093190,빅솔론,62.937956217986596,57.22807448924866,67.63478510192205,95.18370310480374,43.48089876953021,,"<a href=""https://m.stock.naver.com/domestic/stock/093190/total"" target=""_blank"">Naver</a>"
448710,코츠테크놀로지,62.915533888020924,50.0,81.67209549107325,98.79996286322341,52.35027457860536,,"<a href=""https://m.stock.naver.com/domestic/stock/448710/total"" target=""_blank"">Naver</a>"
016790,현대사료,62.84720690881019,50.0,80.75745429535448,89.81688825027665,73.52309019887814,,"<a href=""https://m.stock.naver.com/domestic/stock/016790/total"" target=""_blank"">Naver</a>"
900290,GRT,62.815770288852924,50.0,80.25010079471063,95.28730968489246,64.49028243372032,,"<a href=""https://m.stock.naver.com/domestic/stock/900290/total"" target=""_blank"">Naver</a>"
064800,포니링크,62.8110244246276,66.66666666666667,54.22181999691876,74.28095113019575,36.54948624756667,,"<a href=""https://m.stock.naver.com/domestic/stock/064800/total"" target=""_blank"">Naver</a>"
044960,이글벳,62.72800491171394,50.0,87.62561864499133,95.99572027176454,24.440564465793003,,"<a href=""https://m.stock.naver.com/domestic/stock/044960/total"" target=""_blank"">Naver</a>"
066360,체리부로,62.696753850881564,79.24831516857826,25.41261929900793,42.999380408907726,89.8934376818371,,"<a href=""https://m.stock.naver.com/domestic/stock/066360/total"" target=""_blank"">Naver</a>"
074430,아미노로직스,62.66558417079896,80.84153194252166,19.14880275857276,74.78907113948043,37.891144033894555,,"<a href=""https://m.stock.naver.com/domestic/stock/074430/total"" target=""_blank"">Naver</a>"
298540,더네이쳐홀딩스,62.631860307837435,64.13445525061131,55.69113561367252,78.78164139793216,47.004782285186,,"<a href=""https://m.stock.naver.com/domestic/stock/298540/total"" target=""_blank"">Naver</a>"
460940,피앤에스로보틱스,62.6216137535688,50.0,83.3972746315701,99.91394045693926,35.618020999647115,,"<a href=""https://m.stock.naver.com/domestic/stock/460940/total"" target=""_blank"">Naver</a>"
462980,아이지넷,62.60321656007778,66.66666666666667,42.273433743324084,75.50806866780263,89.68102514932997,,"<a href=""https://m.stock.naver.com/domestic/stock/462980/total"" target=""_blank"">Naver</a>"
038110,에코플라스틱,62.596420066410396,69.73425388638935,46.75424267996319,43.91498998456507,93.51616132258951,,"<a href=""https://m.stock.naver.com/domestic/stock/038110/total"" target=""_blank"">Naver</a>"
198940,한주라이트메탈,62.57204928098581,83.34873163994835,20.479346928521583,32.68096860581301,83.49753408610191,,"<a href=""https://m.stock.naver.com/domestic/stock/198940/total"" target=""_blank"">Naver</a>"
051780,큐로홀딩스,62.55228238857458,88.61846534789106,10.58582208954661,38.93827909077686,56.818394967512155,,"<a href=""https://m.stock.naver.com/domestic/stock/051780/total"" target=""_blank"">Naver</a>"
036670,삼양케이씨아이,62.54648082786922,50.0,77.93597861634207,99.626763202501,61.996197070671926,,"<a href=""https://m.stock.naver.com/domestic/stock/036670/total"" target=""_blank"">Naver</a>"
273640,와이엠텍,62.53673529831236,50.0,77.00225305122376,99.83795819657726,66.04752431697372,,"<a href=""https://m.stock.naver.com/domestic/stock/273640/total"" target=""_blank"">Naver</a>"
050960,수산아이앤티,62.479987572483864,50.0,78.23327246093952,99.87806168903359,58.67726576691242,,"<a href=""https://m.stock.naver.com/domestic/stock/050960/total"" target=""_blank"">Naver</a>"
026150,특수건설,62.45851107419676,52.49984060579397,70.97769196514359,86.55680178772386,91.17007081324184,,"<a href=""https://m.stock.naver.com/domestic/stock/026150/total"" target=""_blank"">Naver</a>"
057880,푸른소나무,62.42717212506403,96.42783948885084,0.20243954002931996,13.792440758029443,62.81228941886505,,"<a href=""https://m.stock.naver.com/domestic/stock/057880/total"" target=""_blank"">Naver</a>"
068330,일신바이오,62.38998036378262,50.0,83.27597333542379,99.80753778769667,31.804665023140153,,"<a href=""https://m.stock.naver.com/domestic/stock/068330/total"" target=""_blank"">Naver</a>"
464280,티디에스팜,62.3761261547597,50.0,76.03105855975375,99.30810651922502,68.7510172579752,,"<a href=""https://m.stock.naver.com/domestic/stock/464280/total"" target=""_blank"">Naver</a>"
012790,신일제약,62.328566022062425,50.0,80.09969454190316,99.66971145912592,46.73342481348088,,"<a href=""https://m.stock.naver.com/domestic/stock/012790/total"" target=""_blank"">Naver</a>"
207760,미스터블루,62.30388248086567,85.24137832766925,0.0,70.30314471188584,82.57482026151072,,"<a href=""https://m.stock.naver.com/domestic/stock/207760/total"" target=""_blank"">Naver</a>"
060570,드림어스컴퍼니,62.2880080274318,76.4182141491944,18.556295393315335,72.07687284562036,91.80636810048576,,"<a href=""https://m.stock.naver.com/domestic/stock/060570/total"" target=""_blank"">Naver</a>"
086390,유니테스트,62.252342021406776,88.08476540964894,0.0,70.55372573339855,46.92220404555109,,"<a href=""https://m.stock.naver.com/domestic/stock/086390/total"" target=""_blank"">Naver</a>"
189690,포시에스,62.229681861133564,50.0,74.3732185351797,99.85577143381167,73.0160016791494,,"<a href=""https://m.stock.naver.com/domestic/stock/189690/total"" target=""_blank"">Naver</a>"
205500,넥써쓰,62.22395034283916,83.33333333333333,0.0,95.23157620478298,54.01585444721731,,"<a href=""https://m.stock.naver.com/domestic/stock/205500/total"" target=""_blank"">Naver</a>"
058610,에스피지,62.17574299778256,61.59641003117306,52.9843134864526,92.96939968461767,53.49757278007601,,"<a href=""https://m.stock.naver.com/domestic/stock/058610/total"" target=""_blank"">Naver</a>"
205100,엑셈,62.1554055015041,49.17070174614412,76.44035312830529,99.80217026895559,71.25358289691499,,"<a href=""https://m.stock.naver.com/domestic/stock/205100/total"" target=""_blank"">Naver</a>"
078600,대주전자재료,62.0802498256239,55.51143762726565,81.9032615579454,57.18289388904972,51.58564941746397,,"<a href=""https://m.stock.naver.com/domestic/stock/078600/total"" target=""_blank"">Naver</a>"
072770,율호,62.05983401966379,80.479285500935,11.86995020951563,66.60390301997424,82.88769729452915,,"<a href=""https://m.stock.naver.com/domestic/stock/072770/total"" target=""_blank"">Naver</a>"
086890,이수앱지스,62.05796626623658,50.0,89.54561263948968,81.68826128687036,30.05473955354257,,"<a href=""https://m.stock.naver.com/domestic/stock/086890/total"" target=""_blank"">Naver</a>"
347890,엠투아이,62.00879842480678,50.0,78.8838605984876,99.8279554224399,46.100754658817614,,"<a href=""https://m.stock.naver.com/domestic/stock/347890/total"" target=""_blank"">Naver</a>"
011370,서한,61.98920738325725,66.66637697612983,51.82394594789944,69.45572554585817,41.75644312037366,,"<a href=""https://m.stock.naver.com/domestic/stock/011370/total"" target=""_blank"">Naver</a>"
084110,휴온스글로벌,61.95216196136023,53.2627864867736,68.52304823963095,93.26295359925139,70.74865298926395,,"<a href=""https://m.stock.naver.com/domestic/stock/084110/total"" target=""_blank"">Naver</a>"
021080,에이티넘인베스트,61.86249136012731,50.0,83.13418080641664,98.86299238977419,23.852938390914645,,"<a href=""https://m.stock.naver.com/domestic/stock/021080/total"" target=""_blank"">Naver</a>"
208860,엔지스테크널러지,61.84786378360615,50.0,80.02400419871097,88.14028745029057,60.55667977798707,,"<a href=""https://m.stock.naver.com/domestic/stock/208860/total"" target=""_blank"">Naver</a>"
101240,씨큐브,61.83595652910688,50.0,80.23879496109919,96.03531347845178,43.45452881973809,,"<a href=""https://m.stock.naver.com/domestic/stock/101240/total"" target=""_blank"">Naver</a>"
479960,위너스,61.773655971960544,50.0,71.56327257581245,98.5474850516543,80.56178645683995,,"<a href=""https://m.stock.naver.com/domestic/stock/479960/total"" target=""_blank"">Naver</a>"
037350,성도이엔지,61.72303428843567,60.326285805426515,51.74558535187364,80.62768248664969,90.56196437092753,,"<a href=""https://m.stock.naver.com/domestic/stock/037350/total"" target=""_blank"">Naver</a>"
222080,씨아이에스,61.70591919501359,51.39145002462206,74.22758103909405,98.10032385121042,50.08243070691613,,"<a href=""https://m.stock.naver.com/domestic/stock/222080/total"" target=""_blank"">Naver</a>"
307930,컴퍼니케이,61.68836255012462,50.0,82.80329174973242,99.87539612691516,20.0,,"<a href=""https://m.stock.naver.com/domestic/stock/307930/total"" target=""_blank"">Naver</a>"
036560,KZ정밀,61.66375355167082,50.0,78.91639336773922,99.3673405975373,39.95842299964574,,"<a href=""https://m.stock.naver.com/domestic/stock/036560/total"" target=""_blank"">Naver</a>"
080580,오킨스전자,61.65682591232873,81.14606998749291,22.127065780800113,41.47341695206292,65.80151558853329,,"<a href=""https://m.stock.naver.com/domestic/stock/080580/total"" target=""_blank"">Naver</a>"
053580,웹케시,61.59922466836156,49.57937094758466,72.26155653100652,98.63076496045394,78.4627294202749,,"<a href=""https://m.stock.naver.com/domestic/stock/053580/total"" target=""_blank"">Naver</a>"
007680,대원,61.55520267507599,66.66666666666667,43.65431759967206,75.48293899776816,61.86658750762314,,"<a href=""https://m.stock.naver.com/domestic/stock/007680/total"" target=""_blank"">Naver</a>"
086450,동국제약,61.551646123712395,54.163498909871386,67.02216574014263,95.19867889302222,55.56274906903364,,"<a href=""https://m.stock.naver.com/domestic/stock/086450/total"" target=""_blank"">Naver</a>"
109080,옵티시스,61.52445075195128,50.0,77.73218270999831,98.36565435245272,45.09679278412854,,"<a href=""https://m.stock.naver.com/domestic/stock/109080/total"" target=""_blank"">Naver</a>"
085810,알티캐스트,61.509150526693816,90.00298115252093,0.0,64.28556046477577,21.576115774073557,,"<a href=""https://m.stock.naver.com/domestic/stock/085810/total"" target=""_blank"">Naver</a>"
011320,유니크,61.50465163602139,61.57066962700535,51.016800006105406,75.44645985266462,85.2680774605073,,"<a href=""https://m.stock.naver.com/domestic/stock/011320/total"" target=""_blank"">Naver</a>"
131220,대한과학,61.49806545029426,56.23149313888305,59.70914619629486,99.29441492134293,58.04883051512846,,"<a href=""https://m.stock.naver.com/domestic/stock/131220/total"" target=""_blank"">Naver</a>"
013720,THE CUBE&,61.47930137977699,62.917071705963814,59.19788248465286,66.71217636935441,45.167401962001016,,"<a href=""https://m.stock.naver.com/domestic/stock/013720/total"" target=""_blank"">Naver</a>"
452300,캡스톤파트너스,61.366384483965184,50.0,80.82268350550189,98.57173354103409,26.070805069726127,,"<a href=""https://m.stock.naver.com/domestic/stock/452300/total"" target=""_blank"">Naver</a>"
039010,현대에이치티,61.26691083263484,50.0,68.81934205465457,98.09515458259929,85.05119721422545,,"<a href=""https://m.stock.naver.com/domestic/stock/039010/total"" target=""_blank"">Naver</a>"
347700,스피어,61.26290379579869,83.33333333333333,0.0,89.4785337468541,46.30100842226583,,"<a href=""https://m.stock.naver.com/domestic/stock/347700/total"" target=""_blank"">Naver</a>"
131030,옵투스제약,61.23913294834662,50.0,70.88580206981625,99.60398496334597,71.14567869115926,,"<a href=""https://m.stock.naver.com/domestic/stock/131030/total"" target=""_blank"">Naver</a>"
014970,삼륭물산,61.15057252001329,72.51594442837431,25.233270015178093,74.43971030577411,77.77434657233543,,"<a href=""https://m.stock.naver.com/domestic/stock/014970/total"" target=""_blank"">Naver</a>"
177900,쓰리에이로직스,60.996082597664405,50.0,84.55694150680613,82.37424237881874,32.38845966161986,,"<a href=""https://m.stock.naver.com/domestic/stock/177900/total"" target=""_blank"">Naver</a>"
258830,세종메디칼,60.93465352559445,77.88748955367355,19.42081541605449,68.4556994427621,50.02771990200972,,"<a href=""https://m.stock.naver.com/domestic/stock/258830/total"" target=""_blank"">Naver</a>"
214430,아이쓰리시스템,60.93361554089688,50.0,77.52723218802856,98.70228367536491,33.631582527064964,,"<a href=""https://m.stock.naver.com/domestic/stock/214430/total"" target=""_blank"">Naver</a>"
459100,위츠,60.9163367539561,66.66666666666667,44.14870617472476,58.27506493668555,81.03307433212707,,"<a href=""https://m.stock.naver.com/domestic/stock/459100/total"" target=""_blank"">Naver</a>"
304840,피플바이오,60.91485443702294,68.35600357346505,66.66666666666667,23.29699719832292,18.097718128899206,,"<a href=""https://m.stock.naver.com/domestic/stock/304840/total"" target=""_blank"">Naver</a>"
025440,DH오토웨어,60.90044563827735,65.32789152712105,37.71666352738471,78.11242044874345,89.26605590568384,,"<a href=""https://m.stock.naver.com/domestic/stock/025440/total"" target=""_blank"">Naver</a>"
002230,피에스텍,60.88058012767811,60.42295450817611,54.92462648901926,74.01157749726335,69.88986101582582,,"<a href=""https://m.stock.naver.com/domestic/stock/002230/total"" target=""_blank"">Naver</a>"
333050,모코엠시스,60.858385609285804,50.0,67.87679464676899,98.92201953852144,79.93969987482822,,"<a href=""https://m.stock.naver.com/domestic/stock/333050/total"" target=""_blank"">Naver</a>"
142210,유니트론텍,60.83679424057321,56.32737156524757,61.903570322224255,72.96659368550957,85.35638704635302,,"<a href=""https://m.stock.naver.com/domestic/stock/142210/total"" target=""_blank"">Naver</a>"
230240,에치에프알,60.81137672317763,78.54704976354348,7.156993515245106,91.38947613357028,55.09901745766454,,"<a href=""https://m.stock.naver.com/domestic/stock/230240/total"" target=""_blank"">Naver</a>"
413640,비아이매트릭스,60.775960436241014,50.0,69.28114882011326,100.0,69.11346462425394,,"<a href=""https://m.stock.naver.com/domestic/stock/413640/total"" target=""_blank"">Naver</a>"
032940,원익,60.76875450684419,51.79811937879817,74.24842319296236,77.90807515102783,66.73939132443826,,"<a href=""https://m.stock.naver.com/domestic/stock/032940/total"" target=""_blank"">Naver</a>"
115530,씨엔플러스,60.73043397709701,78.63334061520895,21.65861824246512,41.09643900639138,80.52262293432446,,"<a href=""https://m.stock.naver.com/domestic/stock/115530/total"" target=""_blank"">Naver</a>"
017510,세명전기,60.71195557246801,50.0,82.96019019384018,80.54952729813404,38.33910588389123,,"<a href=""https://m.stock.naver.com/domestic/stock/017510/total"" target=""_blank"">Naver</a>"
024810,이화전기,60.641869928916655,74.0615256054574,27.073434188376098,74.19932131982536,40.33327773131299,,"<a href=""https://m.stock.naver.com/domestic/stock/024810/total"" target=""_blank"">Naver</a>"
115500,케이씨에스,60.61660015248208,50.0,65.0025666195516,99.03870600353497,89.24175794481363,,"<a href=""https://m.stock.naver.com/domestic/stock/115500/total"" target=""_blank"">Naver</a>"
900070,글로벌에스엠,60.61258077948556,59.695717189516934,50.04211258628708,88.0045808168336,69.68328475040533,,"<a href=""https://m.stock.naver.com/domestic/stock/900070/total"" target=""_blank"">Naver</a>"
134060,이퓨쳐,60.598030281470784,50.0,75.52288153171644,99.5269212610157,35.29235544880204,,"<a href=""https://m.stock.naver.com/domestic/stock/134060/total"" target=""_blank"">Naver</a>"
451250,삐아,60.49171161783676,57.455511641775274,52.64086227680021,99.37120578857326,58.42136969428438,,"<a href=""https://m.stock.naver.com/domestic/stock/451250/total"" target=""_blank"">Naver</a>"
021650,한국큐빅,60.47472203948864,53.78245069722277,59.35560350489846,91.39199896854632,84.54301696151464,,"<a href=""https://m.stock.naver.com/domestic/stock/021650/total"" target=""_blank"">Naver</a>"
227610,아우딘퓨쳐스,60.40957057863185,83.86793879264793,7.260817026681498,56.212309741701034,53.04744144405216,,"<a href=""https://m.stock.naver.com/domestic/stock/227610/total"" target=""_blank"">Naver</a>"
083660,CSA 코스믹,60.40939909864407,81.69246556963479,4.322083910508508,65.19860317122969,75.87076924226216,,"<a href=""https://m.stock.naver.com/domestic/stock/083660/total"" target=""_blank"">Naver</a>"
010470,오리콤,60.38681367837919,52.83835076388414,59.227505700530905,94.87705783240841,87.78442023350277,,"<a href=""https://m.stock.naver.com/domestic/stock/010470/total"" target=""_blank"">Naver</a>"
072020,중앙백신,60.35726955068054,50.0,73.36418819420813,99.53286194891709,41.258726144736094,,"<a href=""https://m.stock.naver.com/domestic/stock/072020/total"" target=""_blank"">Naver</a>"
212560,네오오토,60.29621591895279,50.0,68.09231788527978,88.93738437247671,87.58796020770347,,"<a href=""https://m.stock.naver.com/domestic/stock/212560/total"" target=""_blank"">Naver</a>"
067730,로지시스,60.26948933040704,50.0,64.0731939853437,97.27432906318069,90.47515855506083,,"<a href=""https://m.stock.naver.com/domestic/stock/067730/total"" target=""_blank"">Naver</a>"
049430,코메론,60.24401804147929,43.9514412068904,89.91777529309208,92.39254944526994,43.0890909909007,,"<a href=""https://m.stock.naver.com/domestic/stock/049430/total"" target=""_blank"">Naver</a>"
376180,피코그램,60.2075865008683,50.0,81.88221738158788,69.415872339616,55.908898430194675,,"<a href=""https://m.stock.naver.com/domestic/stock/376180/total"" target=""_blank"">Naver</a>"
131180,딜리,60.20274000805067,50.0,67.05479426390188,99.6612733861525,69.4582820691989,,"<a href=""https://m.stock.naver.com/domestic/stock/131180/total"" target=""_blank"">Naver</a>"
097870,효성오앤비,60.18281289297232,50.0,74.95004334367,97.99676706922024,32.91250700265582,,"<a href=""https://m.stock.naver.com/domestic/stock/097870/total"" target=""_blank"">Naver</a>"
149950,아바텍,60.11842393204875,50.0,64.99890194954521,99.8370667398591,77.69983541353079,,"<a href=""https://m.stock.naver.com/domestic/stock/149950/total"" target=""_blank"">Naver</a>"
120240,대정화금,60.090995430194766,50.0,66.77379426271669,98.15572457832732,71.63948813365722,,"<a href=""https://m.stock.naver.com/domestic/stock/120240/total"" target=""_blank"">Naver</a>"
037030,파워넷,60.08579289924154,60.56774226407092,48.10962391951156,78.82309750855995,76.70863620130203,,"<a href=""https://m.stock.naver.com/domestic/stock/037030/total"" target=""_blank"">Naver</a>"
330730,스톤브릿지벤처스,60.083834775249166,50.0,76.4186194772765,99.79179905930044,20.0,,"<a href=""https://m.stock.naver.com/domestic/stock/330730/total"" target=""_blank"">Naver</a>"
019010,베뉴지,59.95673847775494,58.958829110129194,58.89965656814787,58.56526869640457,80.0,,"<a href=""https://m.stock.naver.com/domestic/stock/019010/total"" target=""_blank"">Naver</a>"
188040,바이오포트,59.951254237715396,50.0,66.57884219069756,88.53321182111671,89.06445015858664,,"<a href=""https://m.stock.naver.com/domestic/stock/188040/total"" target=""_blank"">Naver</a>"
381620,제닉스,59.92523930723078,50.0,68.27182776529399,98.61457238479412,59.916502548557375,,"<a href=""https://m.stock.naver.com/domestic/stock/381620/total"" target=""_blank"">Naver</a>"
289080,SV인베스트먼트,59.92473063591249,50.0,77.438825475702,89.93406484843752,31.432355642864707,,"<a href=""https://m.stock.naver.com/domestic/stock/289080/total"" target=""_blank"">Naver</a>"
356680,엑스게이트,59.83226135059223,50.0,67.86502225612541,97.58942391560595,62.14126790000556,,"<a href=""https://m.stock.naver.com/domestic/stock/356680/total"" target=""_blank"">Naver</a>"
039740,한국정보공학,59.762688076805105,60.64423388247354,48.65114685372426,67.41577879596386,89.43566308587049,,"<a href=""https://m.stock.naver.com/domestic/stock/039740/total"" target=""_blank"">Naver</a>"
420570,제이투케이바이오,59.73474674960566,47.277720102088836,69.13481464335382,99.60072740402404,82.48676574223015,,"<a href=""https://m.stock.naver.com/domestic/stock/420570/total"" target=""_blank"">Naver</a>"
440290,HB인베스트먼트,59.71032829686253,50.0,86.91098155697392,69.82582907619047,20.0,,"<a href=""https://m.stock.naver.com/domestic/stock/440290/total"" target=""_blank"">Naver</a>"
171010,램테크놀러지,59.696559334168164,77.34280321337917,19.370541288301585,59.8229657567712,49.31891016776302,,"<a href=""https://m.stock.naver.com/domestic/stock/171010/total"" target=""_blank"">Naver</a>"
310200,애니플러스,59.66422380305606,45.71756173984983,81.72341486223593,75.61295512770216,84.83075061633934,,"<a href=""https://m.stock.naver.com/domestic/stock/310200/total"" target=""_blank"">Naver</a>"
123010,아이윈플러스,59.644921427133866,82.57867559588986,0.0,65.48893403918504,70.97645331362882,,"<a href=""https://m.stock.naver.com/domestic/stock/123010/total"" target=""_blank"">Naver</a>"
226590,엠디바이스,59.62966275755782,50.0,69.32983963595642,90.52851922165226,64.88701852806975,,"<a href=""https://m.stock.naver.com/domestic/stock/226590/total"" target=""_blank"">Naver</a>"
365330,에스와이스틸텍,59.60613216171026,50.0,64.44141937452439,95.05635547788353,79.80283540581621,,"<a href=""https://m.stock.naver.com/domestic/stock/365330/total"" target=""_blank"">Naver</a>"
446540,메가터치,59.59196604960309,50.0,67.78075766587058,93.00612614867808,66.92328036535274,,"<a href=""https://m.stock.naver.com/domestic/stock/446540/total"" target=""_blank"">Naver</a>"
103230,에스앤더블류,59.587609089641106,50.0,68.63094248725729,95.01749899667695,58.56247136318178,,"<a href=""https://m.stock.naver.com/domestic/stock/103230/total"" target=""_blank"">Naver</a>"
051360,토비스,59.57556284220863,47.84668770221142,77.19454623611615,78.34774217149752,74.68278889405974,,"<a href=""https://m.stock.naver.com/domestic/stock/051360/total"" target=""_blank"">Naver</a>"
014620,성광벤드,59.46668902691388,46.56614229926762,79.03098734588845,99.78192380792564,35.82128860177276,,"<a href=""https://m.stock.naver.com/domestic/stock/014620/total"" target=""_blank"">Naver</a>"
002290,삼일기업공사,59.43954091922165,50.0,59.55103964760042,99.17092950680774,92.69376113281544,,"<a href=""https://m.stock.naver.com/domestic/stock/002290/total"" target=""_blank"">Naver</a>"
032980,바이온,59.41053944190024,84.72468967843697,4.401799722926092,36.146348765224715,77.21281655168126,,"<a href=""https://m.stock.naver.com/domestic/stock/032980/total"" target=""_blank"">Naver</a>"
482630,삼양엔씨켐,59.30738260657946,50.0,69.6700172467079,88.86974599287203,60.058073912305616,,"<a href=""https://m.stock.naver.com/domestic/stock/482630/total"" target=""_blank"">Naver</a>"
046310,백금T&A,59.299186963532804,45.083282330088956,75.28714431281986,98.00914944181879,72.5303308618515,,"<a href=""https://m.stock.naver.com/domestic/stock/046310/total"" target=""_blank"">Naver</a>"
079940,가비아,59.29226143006426,48.036824219396244,70.26079433226792,88.06694458271694,81.9654771417568,,"<a href=""https://m.stock.naver.com/domestic/stock/079940/total"" target=""_blank"">Naver</a>"
327260,RF머트리얼즈,59.28456117832276,77.33378757314988,12.296739153062367,72.81514774918844,50.5717814249679,,"<a href=""https://m.stock.naver.com/domestic/stock/327260/total"" target=""_blank"">Naver</a>"
054670,대한뉴팜,59.24402820421304,50.0,69.71107208121576,89.05548430136787,58.214235075446084,,"<a href=""https://m.stock.naver.com/domestic/stock/054670/total"" target=""_blank"">Naver</a>"
073540,에프알텍,59.21738131636494,66.66666666666667,33.333333333333336,91.3402381640506,35.00048333253095,,"<a href=""https://m.stock.naver.com/domestic/stock/073540/total"" target=""_blank"">Naver</a>"
079170,한창산업,59.21225205878956,50.0,67.74927531180379,91.72704373321947,62.04457715033334,,"<a href=""https://m.stock.naver.com/domestic/stock/079170/total"" target=""_blank"">Naver</a>"
419050,삼기에너지솔루션즈,59.12803891046541,77.91452153910713,18.673193707034304,52.285854394118324,49.6488424166147,,"<a href=""https://m.stock.naver.com/domestic/stock/419050/total"" target=""_blank"">Naver</a>"
196700,웹스,59.11491246261913,57.74773652983106,57.74736217887869,79.8363837818969,40.91583243622274,,"<a href=""https://m.stock.naver.com/domestic/stock/196700/total"" target=""_blank"">Naver</a>"
125020,티씨머티리얼즈,59.10337705039504,50.0,58.39843578793066,99.25952886025276,91.55630434774196,,"<a href=""https://m.stock.naver.com/domestic/stock/125020/total"" target=""_blank"">Naver</a>"
415380,스튜디오삼익,59.09452449187567,50.0,57.92534669597652,98.66709590081521,94.92956455600032,,"<a href=""https://m.stock.naver.com/domestic/stock/415380/total"" target=""_blank"">Naver</a>"
252500,세화피앤씨,59.083458940002515,50.0,63.062760832705514,99.74454576296316,66.86628311059641,,"<a href=""https://m.stock.naver.com/domestic/stock/252500/total"" target=""_blank"">Naver</a>"
199800,툴젠,59.082276820342486,61.37916285351531,58.328396892882715,49.05948193095008,55.33463383835222,,"<a href=""https://m.stock.naver.com/domestic/stock/199800/total"" target=""_blank"">Naver</a>"
222040,코스맥스엔비티,59.052658302546,70.41826072413589,36.99828742318936,34.55399419123579,81.934611862871,,"<a href=""https://m.stock.naver.com/domestic/stock/222040/total"" target=""_blank"">Naver</a>"
067290,JW신약,59.04544744043761,42.59333792999802,82.75281848197723,84.35710502907963,87.3105911807307,,"<a href=""https://m.stock.naver.com/domestic/stock/067290/total"" target=""_blank"">Naver</a>"
237820,플레이디,59.04402169513986,50.0,67.68547325228946,97.53456566025937,47.38393632083121,,"<a href=""https://m.stock.naver.com/domestic/stock/237820/total"" target=""_blank"">Naver</a>"
059100,아이컴포넌트,59.040775243604365,50.0,65.74214024972856,91.58134142390617,68.94212077563225,,"<a href=""https://m.stock.naver.com/domestic/stock/059100/total"" target=""_blank"">Naver</a>"
241820,피씨엘,59.00425594275635,90.73427725914443,0.0,28.136895872696904,35.0,,"<a href=""https://m.stock.naver.com/domestic/stock/241820/total"" target=""_blank"">Naver</a>"
452280,한선엔지니어링,58.99179468139179,50.0,67.14178791928374,99.15002324570551,45.82690754000612,,"<a href=""https://m.stock.naver.com/domestic/stock/452280/total"" target=""_blank"">Naver</a>"
479880,한국제15호스팩,58.89442453612776,50.0,71.7420206433007,99.58919375302582,20.0,,"<a href=""https://m.stock.naver.com/domestic/stock/479880/total"" target=""_blank"">Naver</a>"
041440,현대에버다임,58.86495256258595,58.60737101118972,49.10197830984193,81.43762051241382,65.62546654340514,,"<a href=""https://m.stock.naver.com/domestic/stock/041440/total"" target=""_blank"">Naver</a>"
226360,KH 건설,58.84112309205774,75.56895919084249,9.810745991251821,73.55546523280599,73.83029112917382,,"<a href=""https://m.stock.naver.com/domestic/stock/226360/total"" target=""_blank"">Naver</a>"
080160,모두투어,58.831283271395485,57.59445067355688,48.587675321753146,78.90274498859114,84.74839075927923,,"<a href=""https://m.stock.naver.com/domestic/stock/080160/total"" target=""_blank"">Naver</a>"
356890,싸이버원,58.810084470285176,34.608924604046095,94.75721675496855,99.66496447454617,87.77858143321538,,"<a href=""https://m.stock.naver.com/domestic/stock/356890/total"" target=""_blank"">Naver</a>"
036030,케이티알파,58.79934633650854,50.0,59.78005434115665,95.490887177466,86.10488066945567,,"<a href=""https://m.stock.naver.com/domestic/stock/036030/total"" target=""_blank"">Naver</a>"
019770,서연탑메탈,58.77681221029804,50.0,61.09476329375724,93.33001678784981,83.40239416147496,,"<a href=""https://m.stock.naver.com/domestic/stock/019770/total"" target=""_blank"">Naver</a>"
246690,TS인베스트먼트,58.769884380281034,67.30717480280903,43.33962065532982,65.50674334763167,20.0,,"<a href=""https://m.stock.naver.com/domestic/stock/246690/total"" target=""_blank"">Naver</a>"
020180,대신정보통신,58.66545816890308,50.0,62.492471312278155,83.51086418908037,93.82507843851005,,"<a href=""https://m.stock.naver.com/domestic/stock/020180/total"" target=""_blank"">Naver</a>"
405920,나라셀라,58.61779797620899,76.65175115144734,15.005581117809436,66.98751718038169,43.532005757001194,,"<a href=""https://m.stock.naver.com/domestic/stock/405920/total"" target=""_blank"">Naver</a>"
344860,이노진,58.60298528221871,50.0,64.78269927030418,99.85963724575988,48.426934801333424,,"<a href=""https://m.stock.naver.com/domestic/stock/344860/total"" target=""_blank"">Naver</a>"
365900,브이씨,58.57396979961128,84.27566194571257,4.407725870802137,45.550292361173966,47.032238567316085,,"<a href=""https://m.stock.naver.com/domestic/stock/365900/total"" target=""_blank"">Naver</a>"
340440,세림B&G,58.53628193359325,50.0,57.29355673449107,98.79233557183726,86.67318385573529,,"<a href=""https://m.stock.naver.com/domestic/stock/340440/total"" target=""_blank"">Naver</a>"
150840,인트로메딕,58.50988276059749,79.2283773432285,7.199316887813059,68.83243030441899,45.79568204530463,,"<a href=""https://m.stock.naver.com/domestic/stock/150840/total"" target=""_blank"">Naver</a>"
038950,파인디지털,58.47855644929482,67.83995564555791,25.48062717045828,74.69877880076882,78.69096778537244,,"<a href=""https://m.stock.naver.com/domestic/stock/038950/total"" target=""_blank"">Naver</a>"
054930,유신,58.44090587974179,50.0,64.45776513963206,78.71417192204339,89.10094805258873,,"<a href=""https://m.stock.naver.com/domestic/stock/054930/total"" target=""_blank"">Naver</a>"
114630,폴라리스우노,58.43514836048584,52.21887906641385,54.81940014309074,99.65440792721986,68.67060184285725,,"<a href=""https://m.stock.naver.com/domestic/stock/114630/total"" target=""_blank"">Naver</a>"
052710,아모텍,58.4268061577219,79.86138610830649,5.931843600430372,58.66394796344569,63.21237592571681,,"<a href=""https://m.stock.naver.com/domestic/stock/052710/total"" target=""_blank"">Naver</a>"
053080,케이엔솔,58.42173668994065,52.656112698962026,55.71308314245919,83.79655974371454,90.40284621154368,,"<a href=""https://m.stock.naver.com/domestic/stock/053080/total"" target=""_blank"">Naver</a>"
078070,유비쿼스홀딩스,58.38970195270112,46.78179064895648,71.41212362861967,99.81796052198726,49.71601207947171,,"<a href=""https://m.stock.naver.com/domestic/stock/078070/total"" target=""_blank"">Naver</a>"
219420,링크제니시스,58.38398755517236,65.33127487924106,30.90167375929327,96.507738910521,36.18060593504609,,"<a href=""https://m.stock.naver.com/domestic/stock/219420/total"" target=""_blank"">Naver</a>"
066130,하츠,58.37663507294893,50.0,59.37075464044657,93.38987193813031,83.89918438048504,,"<a href=""https://m.stock.naver.com/domestic/stock/066130/total"" target=""_blank"">Naver</a>"
019570,플루토스,58.31049838567917,61.951513567196436,39.79584420667103,99.41167523969982,24.989233394471263,,"<a href=""https://m.stock.naver.com/domestic/stock/019570/total"" target=""_blank"">Naver</a>"
004780,대륙제관,58.2538214784051,50.0,58.28418447063623,99.09311041956572,75.46928637578938,,"<a href=""https://m.stock.naver.com/domestic/stock/004780/total"" target=""_blank"">Naver</a>"
065650,하이퍼코퍼레이션,58.241024163217084,66.66666666666667,40.03107043686693,39.58366020708914,85.49781066582872,,"<a href=""https://m.stock.naver.com/domestic/stock/065650/total"" target=""_blank"">Naver</a>"
263770,유에스티,58.16909976625307,50.0,64.57846208531616,90.12058680764815,60.24851128318413,,"<a href=""https://m.stock.naver.com/domestic/stock/263770/total"" target=""_blank"">Naver</a>"
321370,센서뷰,58.12685213654708,81.87746334198455,0.0,54.64310286884683,70.72127688943338,,"<a href=""https://m.stock.naver.com/domestic/stock/321370/total"" target=""_blank"">Naver</a>"
192440,슈피겐코리아,58.102076861155396,53.484043610071666,56.9516851338322,90.88459262802391,53.70540297703911,,"<a href=""https://m.stock.naver.com/domestic/stock/192440/total"" target=""_blank"">Naver</a>"
096630,에스코넥,58.09419304807803,71.97756694532512,19.783667798649713,55.43299867632783,88.36872127175508,,"<a href=""https://m.stock.naver.com/domestic/stock/096630/total"" target=""_blank"">Naver</a>"
024830,세원물산,58.08556344527273,50.0,57.44243178512776,99.17832781910705,76.14245434160186,,"<a href=""https://m.stock.naver.com/domestic/stock/024830/total"" target=""_blank"">Naver</a>"
131970,두산테스나,58.05758252714298,50.0,70.014011722353,66.32138194110382,78.43882804888695,,"<a href=""https://m.stock.naver.com/domestic/stock/131970/total"" target=""_blank"">Naver</a>"
078590,휴림에이텍,58.03777157585287,50.0,62.886837589559654,77.97124684452567,90.37874988020768,,"<a href=""https://m.stock.naver.com/domestic/stock/078590/total"" target=""_blank"">Naver</a>"
256150,한독크린텍,58.02261047401584,50.0,57.69045423538403,99.7288752371876,72.54218782902139,,"<a href=""https://m.stock.naver.com/domestic/stock/256150/total"" target=""_blank"">Naver</a>"
129890,앱코,58.010732741427354,50.0,59.34249159024804,96.01819429435098,71.46580828860489,,"<a href=""https://m.stock.naver.com/domestic/stock/129890/total"" target=""_blank"">Naver</a>"
010240,흥국,57.98652723032559,47.68178945760629,65.998932516018,92.44514131385307,72.66412590744022,,"<a href=""https://m.stock.naver.com/domestic/stock/010240/total"" target=""_blank"">Naver</a>"
006910,보성파워텍,57.98084850746495,50.0,61.86545083011813,99.80892462911345,50.67186674048127,,"<a href=""https://m.stock.naver.com/domestic/stock/006910/total"" target=""_blank"">Naver</a>"
417180,핑거스토리,57.91634053376419,50.0,65.35771620205607,78.22959047929434,75.0790487064148,,"<a href=""https://m.stock.naver.com/domestic/stock/417180/total"" target=""_blank"">Naver</a>"
006140,피제이전자,57.88506533401397,50.0,59.67163412927835,95.00961178289427,69.32391246809917,,"<a href=""https://m.stock.naver.com/domestic/stock/006140/total"" target=""_blank"">Naver</a>"
094360,칩스앤미디어,57.84436446843491,39.31522679151133,87.41867017808663,99.69927202871558,48.612672922698,,"<a href=""https://m.stock.naver.com/domestic/stock/094360/total"" target=""_blank"">Naver</a>"
153460,네이블,57.82035073982734,50.0,56.436362482816136,100.0,74.22520238246602,,"<a href=""https://m.stock.naver.com/domestic/stock/153460/total"" target=""_blank"">Naver</a>"
086710,선진뷰티사이언스,57.81964767778057,46.462105094674904,76.62842413634809,80.18854294385136,55.32848585006944,,"<a href=""https://m.stock.naver.com/domestic/stock/086710/total"" target=""_blank"">Naver</a>"
024880,케이피에프,57.683029349481835,54.609953664398454,57.913145195535684,68.77829913409884,71.21881877097917,,"<a href=""https://m.stock.naver.com/domestic/stock/024880/total"" target=""_blank"">Naver</a>"
446190,미래에셋비전스팩2호,57.65283222185889,50.0,72.33094658007714,85.70095576839604,20.0,,"<a href=""https://m.stock.naver.com/domestic/stock/446190/total"" target=""_blank"">Naver</a>"
072990,에이치시티,57.64808928561308,49.648449948610995,62.454698127122164,82.50483547454496,79.897224744229,,"<a href=""https://m.stock.naver.com/domestic/stock/072990/total"" target=""_blank"">Naver</a>"
137940,넥스트아이,57.62109735572332,77.43186731930227,6.282958377917552,73.15609486278937,45.51255766767277,,"<a href=""https://m.stock.naver.com/domestic/stock/137940/total"" target=""_blank"">Naver</a>"
089150,케이씨티,57.537036999762144,50.0,63.8687906472438,78.23349785812326,74.92979104277742,,"<a href=""https://m.stock.naver.com/domestic/stock/089150/total"" target=""_blank"">Naver</a>"
228670,레이,57.48031324143,84.61358816202683,0.0,52.118346185451514,30.006514513374917,,"<a href=""https://m.stock.naver.com/domestic/stock/228670/total"" target=""_blank"">Naver</a>"
014570,고려제약,57.3492121169277,50.0,60.300063966050864,99.65491448817852,46.17409353194283,,"<a href=""https://m.stock.naver.com/domestic/stock/014570/total"" target=""_blank"">Naver</a>"
037370,EG,57.34224695972008,80.94947189229788,9.05709777824295,27.5,75.16578759561223,,"<a href=""https://m.stock.naver.com/domestic/stock/037370/total"" target=""_blank"">Naver</a>"
036170,에이치엠넥스,57.28588500094219,50.0,66.54426761368067,76.11534178783288,60.76567837477449,,"<a href=""https://m.stock.naver.com/domestic/stock/036170/total"" target=""_blank"">Naver</a>"
169330,엠브레인,57.27959069353882,50.0,53.45885762826199,96.85334186120235,84.59084200706178,,"<a href=""https://m.stock.naver.com/domestic/stock/169330/total"" target=""_blank"">Naver</a>"
001540,안국약품,57.24349648167987,53.69305965790701,55.9405324274671,83.54969576448278,53.751160072412304,,"<a href=""https://m.stock.naver.com/domestic/stock/001540/total"" target=""_blank"">Naver</a>"
084990,헬릭스미스,57.24171360149401,82.72253126078738,0.0,49.8807050468878,52.402486806656164,,"<a href=""https://m.stock.naver.com/domestic/stock/084990/total"" target=""_blank"">Naver</a>"
038530,케이바이오,57.18283298526227,69.77044013035167,15.54993273074775,74.69766823683003,79.2663780136266,,"<a href=""https://m.stock.naver.com/domestic/stock/038530/total"" target=""_blank"">Naver</a>"
239890,피엔에이치테크,57.12485176372957,50.0,65.74943107816483,83.7395781615484,46.270723560670504,,"<a href=""https://m.stock.naver.com/domestic/stock/239890/total"" target=""_blank"">Naver</a>"
264850,이랜시스,57.124319991334914,45.50151103343139,65.83494089308137,93.0854221380657,81.12271868398335,,"<a href=""https://m.stock.naver.com/domestic/stock/264850/total"" target=""_blank"">Naver</a>"
190650,코리아에셋투자증권,57.10370686693573,50.0,86.24339525588123,45.42858052965419,20.0,,"<a href=""https://m.stock.naver.com/domestic/stock/190650/total"" target=""_blank"">Naver</a>"
036190,금화피에스시,57.08525764666617,42.35188821441292,71.95407274510569,99.30277127265104,75.10658808953788,,"<a href=""https://m.stock.naver.com/domestic/stock/036190/total"" target=""_blank"">Naver</a>"
122640,예스티,57.0706703667902,48.144896501528244,71.70023029650775,71.91092453791029,61.351648759105814,,"<a href=""https://m.stock.naver.com/domestic/stock/122640/total"" target=""_blank"">Naver</a>"
032860,더라미,57.05137934612851,50.0,50.83471943869355,99.77097324036575,87.31204324837088,,"<a href=""https://m.stock.naver.com/domestic/stock/032860/total"" target=""_blank"">Naver</a>"
026910,광진실업,57.03595784956646,62.589720277375505,46.58430351001753,37.75489231884184,81.21121147505184,,"<a href=""https://m.stock.naver.com/domestic/stock/026910/total"" target=""_blank"">Naver</a>"
252990,샘씨엔에스,57.034079364485436,50.0,59.31975036193592,89.69199424810188,64.69884698382546,,"<a href=""https://m.stock.naver.com/domestic/stock/252990/total"" target=""_blank"">Naver</a>"
220260,켐트로스,57.000058561377905,50.0,67.06017468512805,76.40133112976838,51.897635542381,,"<a href=""https://m.stock.naver.com/domestic/stock/220260/total"" target=""_blank"">Naver</a>"
372320,큐로셀,56.97408336634646,83.18160032301058,0.0,42.16419004222788,,,"<a href=""https://m.stock.naver.com/domestic/stock/372320/total"" target=""_blank"">Naver</a>"
078890,가온그룹,56.97189088008016,79.41084315674298,4.604482713948034,48.71848570803431,66.04831473487866,,"<a href=""https://m.stock.naver.com/domestic/stock/078890/total"" target=""_blank"">Naver</a>"
067010,이씨에스,56.86712429948273,50.0,49.73458862278775,97.75164626856476,93.16625033858645,,"<a href=""https://m.stock.naver.com/domestic/stock/067010/total"" target=""_blank"">Naver</a>"
263810,상신전자,56.86428784396656,56.003206611089375,48.706382140818015,72.76266422347356,76.19003839522148,,"<a href=""https://m.stock.naver.com/domestic/stock/263810/total"" target=""_blank"">Naver</a>"
378800,샤페론,56.82931417201476,84.80459156095185,0.0,49.46559235443647,20.0,,"<a href=""https://m.stock.naver.com/domestic/stock/378800/total"" target=""_blank"">Naver</a>"
032500,케이엠더블유,56.7944998661629,80.18337620937976,0.0,55.70394364567353,62.28159551935382,,"<a href=""https://m.stock.naver.com/domestic/stock/032500/total"" target=""_blank"">Naver</a>"
163280,에어레인,56.778207453584,50.0,60.13411969029829,94.02940246152403,46.83474569714049,,"<a href=""https://m.stock.naver.com/domestic/stock/163280/total"" target=""_blank"">Naver</a>"
031860,디에이치엑스컴퍼니,56.768865514071045,81.11986488749127,0.0,62.466803728851836,37.00532417382208,,"<a href=""https://m.stock.naver.com/domestic/stock/031860/total"" target=""_blank"">Naver</a>"
159910,에코글로우,56.74990778852726,77.88974550613119,0.0,62.002943357266716,76.31532298243737,,"<a href=""https://m.stock.naver.com/domestic/stock/159910/total"" target=""_blank"">Naver</a>"
060310,3S,56.73612720635566,50.0,55.0195579371041,89.46877668983365,80.68720106192526,,"<a href=""https://m.stock.naver.com/domestic/stock/060310/total"" target=""_blank"">Naver</a>"
208340,파멥신,56.618938600162785,83.91680902162288,0.0,49.25919727517469,26.858669193431883,,"<a href=""https://m.stock.naver.com/domestic/stock/208340/total"" target=""_blank"">Naver</a>"
039240,경남스틸,56.57407692796818,50.0,51.231047340185086,94.56132922605462,86.20364340632895,,"<a href=""https://m.stock.naver.com/domestic/stock/039240/total"" target=""_blank"">Naver</a>"
015710,코콤,56.54970490429912,50.0,60.0,99.48698218769218,32.02013371059802,,"<a href=""https://m.stock.naver.com/domestic/stock/015710/total"" target=""_blank"">Naver</a>"
237750,피앤씨테크,56.54074808522935,50.0,55.96569978158632,88.30876054329677,74.36894171006192,,"<a href=""https://m.stock.naver.com/domestic/stock/237750/total"" target=""_blank"">Naver</a>"
054220,비츠로시스,56.52258284608279,81.09704450765408,0.0,42.68218959200246,71.92274364580204,,"<a href=""https://m.stock.naver.com/domestic/stock/054220/total"" target=""_blank"">Naver</a>"
079970,투비소프트,56.380427795465486,70.3933370065077,11.558162708322458,71.06787184124013,82.96195460712448,,"<a href=""https://m.stock.naver.com/domestic/stock/079970/total"" target=""_blank"">Naver</a>"
217330,싸이토젠,56.37161664001089,80.35903506915672,0.0,52.19830403722854,58.72730389588017,,"<a href=""https://m.stock.naver.com/domestic/stock/217330/total"" target=""_blank"">Naver</a>"
195940,HK이노엔,56.36138335560077,50.0,62.76298667766074,78.93048976101807,55.55175420167553,,"<a href=""https://m.stock.naver.com/domestic/stock/195940/total"" target=""_blank"">Naver</a>"
234340,헥토파이낸셜,56.34198493615993,51.732470899869305,59.90169056250932,69.13182115277309,68.27795280667411,,"<a href=""https://m.stock.naver.com/domestic/stock/234340/total"" target=""_blank"">Naver</a>"
032300,한국파마,56.17488200956254,50.0,58.238733528697075,87.54102860988786,57.22191532798956,,"<a href=""https://m.stock.naver.com/domestic/stock/032300/total"" target=""_blank"">Naver</a>"
097780,에코볼트,56.1719118112798,73.294091927372,4.768128813709748,74.5496650874132,70.96915885375695,,"<a href=""https://m.stock.naver.com/domestic/stock/097780/total"" target=""_blank"">Naver</a>"
419540,비스토스,56.16389781456701,50.0,50.78463596946067,99.400286401194,70.5542036416488,,"<a href=""https://m.stock.naver.com/domestic/stock/419540/total"" target=""_blank"">Naver</a>"
119500,포메탈,56.094603444536986,50.0,48.23115217148818,97.78036934619304,85.17556934091267,,"<a href=""https://m.stock.naver.com/domestic/stock/119500/total"" target=""_blank"">Naver</a>"
025950,동신건설,56.08169398935273,50.0,48.96693261407355,99.64747984316418,77.5042570303585,,"<a href=""https://m.stock.naver.com/domestic/stock/025950/total"" target=""_blank"">Naver</a>"
187420,HLB제넥스,56.056713832349224,77.76074789843246,11.164401486129096,39.252845928013215,53.677602579123274,,"<a href=""https://m.stock.naver.com/domestic/stock/187420/total"" target=""_blank"">Naver</a>"
017000,신원종합개발,56.00475585218462,50.0,53.42811790939616,89.25052477911854,74.45347793847466,,"<a href=""https://m.stock.naver.com/domestic/stock/017000/total"" target=""_blank"">Naver</a>"
213420,덕산네오룩스,55.98006758333307,35.8626675229006,88.26682765558462,98.72195374750937,50.471295618912194,,"<a href=""https://m.stock.naver.com/domestic/stock/213420/total"" target=""_blank"">Naver</a>"
068760,셀트리온제약,55.95092529356699,50.0,58.68720610867556,89.1503496540026,47.281776019956844,,"<a href=""https://m.stock.naver.com/domestic/stock/068760/total"" target=""_blank"">Naver</a>"
006050,국영지앤엠,55.938251031865185,50.0,50.24487113044953,89.76838986544274,88.00388525417068,,"<a href=""https://m.stock.naver.com/domestic/stock/006050/total"" target=""_blank"">Naver</a>"
241690,유니테크노,55.87907773080287,47.78581747477651,66.08755720589544,71.89985824435078,69.91424240056058,,"<a href=""https://m.stock.naver.com/domestic/stock/241690/total"" target=""_blank"">Naver</a>"
475660,에스켐,55.84319435100299,50.0,53.03450203523645,87.84938830209275,75.99260023969201,,"<a href=""https://m.stock.naver.com/domestic/stock/475660/total"" target=""_blank"">Naver</a>"
265520,AP시스템,55.83280643781332,40.1615557744207,70.87256575975219,98.01457769391429,84.32547527662852,,"<a href=""https://m.stock.naver.com/domestic/stock/265520/total"" target=""_blank"">Naver</a>"
250060,모비스,55.82668042129862,50.0,65.42915445560182,73.92640032615088,41.53503549566158,,"<a href=""https://m.stock.naver.com/domestic/stock/250060/total"" target=""_blank"">Naver</a>"
330350,위더스제약,55.81929151296366,50.0,56.08334932546566,91.51252692764237,52.94402977666007,,"<a href=""https://m.stock.naver.com/domestic/stock/330350/total"" target=""_blank"">Naver</a>"
053270,구영테크,55.81908287639506,49.38627743482261,65.07377635640067,59.0740999770422,80.2292465739421,,"<a href=""https://m.stock.naver.com/domestic/stock/053270/total"" target=""_blank"">Naver</a>"
016600,큐캐피탈,55.80795196724204,50.0,65.8271946734832,83.5115329887124,20.0,,"<a href=""https://m.stock.naver.com/domestic/stock/016600/total"" target=""_blank"">Naver</a>"
083470,이엠앤아이,55.80480537076643,50.0,56.95907561257521,71.16437863257997,88.9719720872926,,"<a href=""https://m.stock.naver.com/domestic/stock/083470/total"" target=""_blank"">Naver</a>"
016250,SGC E&C,55.792821367371836,68.59372799556486,23.05645980609378,47.35425324053853,82.74088588911255,,"<a href=""https://m.stock.naver.com/domestic/stock/016250/total"" target=""_blank"">Naver</a>"
182400,엔케이맥스,55.773776056872556,69.13643142828715,33.333333333333336,27.5,64.17167733133871,,"<a href=""https://m.stock.naver.com/domestic/stock/182400/total"" target=""_blank"">Naver</a>"
053350,이니텍,55.72900031166738,50.0,49.720560436963844,99.78030689960389,66.41659024932054,,"<a href=""https://m.stock.naver.com/domestic/stock/053350/total"" target=""_blank"">Naver</a>"
049960,쎌바이오텍,55.721836086063995,35.823034955504255,83.8521670089875,99.64562237749323,66.00822245530489,,"<a href=""https://m.stock.naver.com/domestic/stock/049960/total"" target=""_blank"">Naver</a>"
018700,바른손,55.61071043629507,68.5527264672573,0.0,95.95147084851037,97.67854942179312,,"<a href=""https://m.stock.naver.com/domestic/stock/018700/total"" target=""_blank"">Naver</a>"
017480,삼현철강,55.59497256832279,50.0,47.28681129723126,99.72240346754754,76.02058794520438,,"<a href=""https://m.stock.naver.com/domestic/stock/017480/total"" target=""_blank"">Naver</a>"
246250,에스엘에스바이오,55.56945591370818,50.0,50.79542560517536,92.2843959603893,72.84319832750828,,"<a href=""https://m.stock.naver.com/domestic/stock/246250/total"" target=""_blank"">Naver</a>"
254490,미래반도체,55.56680050954486,50.0,50.5895482685541,80.01700358107684,98.35426168597309,,"<a href=""https://m.stock.naver.com/domestic/stock/254490/total"" target=""_blank"">Naver</a>"
033160,엠케이전자,55.546325921886464,65.33187527173389,33.2094288665159,49.07433360610356,62.74820363213599,,"<a href=""https://m.stock.naver.com/domestic/stock/033160/total"" target=""_blank"">Naver</a>"
044490,태웅,55.53109517381515,50.0,57.4446823701904,90.89986487733604,41.598761870678885,,"<a href=""https://m.stock.naver.com/domestic/stock/044490/total"" target=""_blank"">Naver</a>"
221840,하이즈항공,55.52072305226444,71.56416285166667,13.23636402649123,61.75389910753891,61.95488847775477,,"<a href=""https://m.stock.naver.com/domestic/stock/221840/total"" target=""_blank"">Naver</a>"
288980,모아데이타,55.46606478248576,76.53769194555889,12.527579478372203,44.753474468630664,38.72414597388628,,"<a href=""https://m.stock.naver.com/domestic/stock/288980/total"" target=""_blank"">Naver</a>"
319400,현대무벡스,55.43213132039584,43.07403932022202,67.61501039024364,82.48850443662157,88.70209374079126,,"<a href=""https://m.stock.naver.com/domestic/stock/319400/total"" target=""_blank"">Naver</a>"
184230,SGA솔루션즈,55.39142599096526,75.8208070383624,4.070701837882383,49.932340642775515,77.76064488399349,,"<a href=""https://m.stock.naver.com/domestic/stock/184230/total"" target=""_blank"">Naver</a>"
049830,승일,55.377271854063814,50.0,47.00241382757374,99.53293863300763,73.46749067739222,,"<a href=""https://m.stock.naver.com/domestic/stock/049830/total"" target=""_blank"">Naver</a>"
030960,양지사,55.329734705519385,50.0,51.54896463422036,99.89132854810782,49.06721384307021,,"<a href=""https://m.stock.naver.com/domestic/stock/030960/total"" target=""_blank"">Naver</a>"
195500,마니커에프앤지,55.305589065095006,50.0,50.68186759425341,85.56526005555666,81.57192321951973,,"<a href=""https://m.stock.naver.com/domestic/stock/195500/total"" target=""_blank"">Naver</a>"
087600,픽셀플러스,55.30327719871084,50.0,53.1239557179829,93.08719572410556,54.27137393609104,,"<a href=""https://m.stock.naver.com/domestic/stock/087600/total"" target=""_blank"">Naver</a>"
464580,닷밀,55.288815111924336,50.0,51.96097651493881,82.38584940172566,81.19972086034136,,"<a href=""https://m.stock.naver.com/domestic/stock/464580/total"" target=""_blank"">Naver</a>"
267790,배럴,55.280779626627734,43.81929173536738,72.36620845231512,84.75911934267178,48.43481076122693,,"<a href=""https://m.stock.naver.com/domestic/stock/267790/total"" target=""_blank"">Naver</a>"
060370,LS마린솔루션,55.27236300836495,45.75974943205977,59.03043126940593,91.54211181245157,78.0938870106489,,"<a href=""https://m.stock.naver.com/domestic/stock/060370/total"" target=""_blank"">Naver</a>"
007330,푸른저축은행,55.25645766869613,50.0,82.5027912035704,36.307598678035326,20.0,,"<a href=""https://m.stock.naver.com/domestic/stock/007330/total"" target=""_blank"">Naver</a>"
098460,고영,55.17290961721516,48.43565150658327,57.37472036148472,99.44094044503184,36.4748915678168,,"<a href=""https://m.stock.naver.com/domestic/stock/098460/total"" target=""_blank"">Naver</a>"
160550,NEW,55.081240216486336,74.5751625924615,0.0,56.978814742124705,92.76522373593927,,"<a href=""https://m.stock.naver.com/domestic/stock/160550/total"" target=""_blank"">Naver</a>"
036090,위지트,55.05316240818025,56.64139427899993,40.82874865928154,71.57504377272528,74.0726859737475,,"<a href=""https://m.stock.naver.com/domestic/stock/036090/total"" target=""_blank"">Naver</a>"
018000,유니슨,55.0429420306103,83.3559830328769,0.0,26.400859935999016,47.785324345685,,"<a href=""https://m.stock.naver.com/domestic/stock/018000/total"" target=""_blank"">Naver</a>"
179530,애드바이오텍,55.035587100993766,81.9234688231823,0.0,32.508507950036254,52.61310024161533,,"<a href=""https://m.stock.naver.com/domestic/stock/179530/total"" target=""_blank"">Naver</a>"
032850,비트컴퓨터,54.984553357961644,34.09362200797823,83.49263036146147,99.70045184929353,73.70354755759975,,"<a href=""https://m.stock.naver.com/domestic/stock/032850/total"" target=""_blank"">Naver</a>"
047820,초록뱀미디어,54.94917521783611,52.180115011475834,49.66112280076166,70.91398559227771,82.68853903064856,,"<a href=""https://m.stock.naver.com/domestic/stock/047820/total"" target=""_blank"">Naver</a>"
129920,대성하이텍,54.76915288652407,79.69629595510195,0.0,49.197288390330634,40.63292948859676,,"<a href=""https://m.stock.naver.com/domestic/stock/129920/total"" target=""_blank"">Naver</a>"
050860,아세아텍,54.76176095724675,50.0,53.00825324289752,96.45490674662915,37.28413943718906,,"<a href=""https://m.stock.naver.com/domestic/stock/050860/total"" target=""_blank"">Naver</a>"
032190,다우데이타,54.68375853855438,48.91604481092045,68.15127550704288,45.37902770249655,75.16820009983476,,"<a href=""https://m.stock.naver.com/domestic/stock/032190/total"" target=""_blank"">Naver</a>"
050110,캠시스,54.64030638600326,68.89389914006101,17.040610544992074,45.68429732121656,89.50769067193954,,"<a href=""https://m.stock.naver.com/domestic/stock/050110/total"" target=""_blank"">Naver</a>"
352910,오비고,54.603642197964476,73.598323354481,1.971861980669291,74.68063173506118,49.67239033204873,,"<a href=""https://m.stock.naver.com/domestic/stock/352910/total"" target=""_blank"">Naver</a>"
056360,코위버,54.55986671456402,72.52394366039584,6.9655654926584845,74.53059446118698,37.02099398086405,,"<a href=""https://m.stock.naver.com/domestic/stock/056360/total"" target=""_blank"">Naver</a>"
017250,인터엠,54.530837413912266,50.0,57.49782783511602,77.39968679715616,48.32823550835286,,"<a href=""https://m.stock.naver.com/domestic/stock/017250/total"" target=""_blank"">Naver</a>"
051370,인터플렉스,54.530189288662555,33.79669512529559,79.79425277444878,99.01860890682595,88.03496258380815,,"<a href=""https://m.stock.naver.com/domestic/stock/051370/total"" target=""_blank"">Naver</a>"
138360,협진,54.50693737298268,50.0,60.140520501837955,74.11709809849,41.201948753483734,,"<a href=""https://m.stock.naver.com/domestic/stock/138360/total"" target=""_blank"">Naver</a>"
065150,대산F&B,54.500586783919054,69.54877049064585,13.944063020733255,49.099413314539234,87.50734805788609,,"<a href=""https://m.stock.naver.com/domestic/stock/065150/total"" target=""_blank"">Naver</a>"
377330,이지트로닉스,54.471768221161284,66.66666666666667,17.69774814488682,74.34777461246549,52.25107447386059,,"<a href=""https://m.stock.naver.com/domestic/stock/377330/total"" target=""_blank"">Naver</a>"
094850,참좋은여행,54.470611985411,50.0,50.586062814322,92.46837295945396,51.545179717702055,,"<a href=""https://m.stock.naver.com/domestic/stock/094850/total"" target=""_blank"">Naver</a>"
041920,메디아나,54.45540628172153,46.75676029425684,56.43309462231735,99.72856563617822,46.40439771940527,,"<a href=""https://m.stock.naver.com/domestic/stock/041920/total"" target=""_blank"">Naver</a>"
009520,포스코엠텍,54.43033683414794,50.0,41.109008268030244,98.67673973906682,85.70821586467387,,"<a href=""https://m.stock.naver.com/domestic/stock/009520/total"" target=""_blank"">Naver</a>"
051500,CJ프레시웨이,54.41924047938634,53.20750844970152,50.57620388462437,51.388792829204334,94.2361031097781,,"<a href=""https://m.stock.naver.com/domestic/stock/051500/total"" target=""_blank"">Naver</a>"
001810,무림SP,54.394065898874565,56.47690398655964,44.247392323187015,60.452701157483546,68.01610620787345,,"<a href=""https://m.stock.naver.com/domestic/stock/001810/total"" target=""_blank"">Naver</a>"
110790,크리스에프앤씨,54.36669219979663,63.58102700227173,33.47671355743565,57.3005326899344,42.376886801624835,,"<a href=""https://m.stock.naver.com/domestic/stock/110790/total"" target=""_blank"">Naver</a>"
336060,웨이버스,54.3478737601662,43.01206304280959,59.561566507895925,91.28650070003397,90.43188475006151,,"<a href=""https://m.stock.naver.com/domestic/stock/336060/total"" target=""_blank"">Naver</a>"
130580,나이스디앤비,54.336090533079826,33.72147134502064,81.21199418290145,99.4158924415431,77.17239872375544,,"<a href=""https://m.stock.naver.com/domestic/stock/130580/total"" target=""_blank"">Naver</a>"
218410,RFHIC,54.318244855036816,55.49347540172638,46.47471078956246,77.6263385652694,32.81696120166875,,"<a href=""https://m.stock.naver.com/domestic/stock/218410/total"" target=""_blank"">Naver</a>"
222110,팬젠,54.258212626637516,50.0,58.24492461505196,75.81647309047736,42.30668327653569,,"<a href=""https://m.stock.naver.com/domestic/stock/222110/total"" target=""_blank"">Naver</a>"
131100,티엔엔터테인먼트,54.24484288506663,50.0,51.86087695404782,65.88947493576305,93.8135230595674,,"<a href=""https://m.stock.naver.com/domestic/stock/131100/total"" target=""_blank"">Naver</a>"
019660,글로본,54.2220591886467,50.0,50.09832560300203,84.4931859465506,64.96318386482267,,"<a href=""https://m.stock.naver.com/domestic/stock/019660/total"" target=""_blank"">Naver</a>"
041020,폴라리스오피스,54.200937318419804,49.81789241621817,51.628101856148795,77.27937863611449,73.50477082080495,,"<a href=""https://m.stock.naver.com/domestic/stock/041020/total"" target=""_blank"">Naver</a>"
058400,KNN,54.150881401422296,44.43164711549637,62.68084278259161,89.99438253787142,56.44488365378873,,"<a href=""https://m.stock.naver.com/domestic/stock/058400/total"" target=""_blank"">Naver</a>"
123750,알톤,54.144418425054724,73.05538994346301,0.0,71.18774276479405,63.84820364995014,,"<a href=""https://m.stock.naver.com/domestic/stock/123750/total"" target=""_blank"">Naver</a>"
054410,케이피티유,54.14413239163723,50.0,60.73264747949401,50.01270132574444,79.19400778378555,,"<a href=""https://m.stock.naver.com/domestic/stock/054410/total"" target=""_blank"">Naver</a>"
114450,그린생명과학,54.13571375474724,50.0,53.215475228687204,73.91116874222159,68.81456146706572,,"<a href=""https://m.stock.naver.com/domestic/stock/114450/total"" target=""_blank"">Naver</a>"
335870,윙스풋,54.13287559619226,50.0,50.91391149707573,87.38954328492599,53.30886786861458,,"<a href=""https://m.stock.naver.com/domestic/stock/335870/total"" target=""_blank"">Naver</a>"
033560,블루콤,54.11700355890298,51.757590220681635,55.4321090982078,52.04422151942048,80.0,,"<a href=""https://m.stock.naver.com/domestic/stock/033560/total"" target=""_blank"">Naver</a>"
448900,한국피아이엠,54.102881138918065,50.0,52.34340056499463,78.14115238590172,64.05831518158465,,"<a href=""https://m.stock.naver.com/domestic/stock/448900/total"" target=""_blank"">Naver</a>"
314130,지놈앤컴퍼니,54.09652244785732,75.54857927473971,0.0,66.43783578231732,42.47182609563523,,"<a href=""https://m.stock.naver.com/domestic/stock/314130/total"" target=""_blank"">Naver</a>"
041910,폴라리스AI파마,54.030599714070895,50.0,51.09312224443401,89.09988485061413,46.94661335801969,,"<a href=""https://m.stock.naver.com/domestic/stock/041910/total"" target=""_blank"">Naver</a>"
297890,HB솔루션,54.02003254512333,55.64182265049967,27.578531800007497,98.2057242787067,78.3946715390195,,"<a href=""https://m.stock.naver.com/domestic/stock/297890/total"" target=""_blank"">Naver</a>"
257370,피엔티엠에스,53.99039232153851,50.0,56.03305632297948,80.01634544087815,39.60987393411648,,"<a href=""https://m.stock.naver.com/domestic/stock/257370/total"" target=""_blank"">Naver</a>"
389020,자람테크놀로지,53.95942803915788,50.0,56.75116300872022,65.33835576100961,64.75603421753719,,"<a href=""https://m.stock.naver.com/domestic/stock/389020/total"" target=""_blank"">Naver</a>"
418620,E8,53.91648305796811,78.69865592709141,0.0,45.660804363400146,42.624181307464916,,"<a href=""https://m.stock.naver.com/domestic/stock/418620/total"" target=""_blank"">Naver</a>"
061250,화일약품,53.91472151306547,50.0,50.130652152995566,87.93236694746672,51.776435601398205,,"<a href=""https://m.stock.naver.com/domestic/stock/061250/total"" target=""_blank"">Naver</a>"
079000,와토스코리아,53.88408995981771,50.0,53.60589469764992,74.84565835903962,59.961008990025235,,"<a href=""https://m.stock.naver.com/domestic/stock/079000/total"" target=""_blank"">Naver</a>"
016670,디모아,53.8719204178617,46.53562696580681,67.58911256283336,79.06430439938288,22.936713154619667,,"<a href=""https://m.stock.naver.com/domestic/stock/016670/total"" target=""_blank"">Naver</a>"
060250,NHN KCP,53.77374463653683,40.585695532412586,62.40433251050123,91.57477055847004,93.27534267233942,,"<a href=""https://m.stock.naver.com/domestic/stock/060250/total"" target=""_blank"">Naver</a>"
303030,지니틱스,53.756881115139436,50.0,45.785033074499516,77.62606473782083,90.96032745464932,,"<a href=""https://m.stock.naver.com/domestic/stock/303030/total"" target=""_blank"">Naver</a>"
031980,피에스케이홀딩스,53.73451667033711,27.736762392515057,97.14058291946766,99.43243997588901,57.28139014744515,,"<a href=""https://m.stock.naver.com/domestic/stock/031980/total"" target=""_blank"">Naver</a>"
100030,인지소프트,53.70506155777231,45.76195363892098,64.34552366930768,74.65993820451482,53.91029273282662,,"<a href=""https://m.stock.naver.com/domestic/stock/100030/total"" target=""_blank"">Naver</a>"
018680,서울제약,53.7021571448249,50.0,50.77835565843327,85.93996769243293,48.271429219465844,,"<a href=""https://m.stock.naver.com/domestic/stock/018680/total"" target=""_blank"">Naver</a>"
099750,이지케어텍,53.686256940752656,50.0,45.89519851081479,76.12850573449313,91.99213479199284,,"<a href=""https://m.stock.naver.com/domestic/stock/099750/total"" target=""_blank"">Naver</a>"
196450,코아시아씨엠,53.639530406312126,66.31142635552133,13.62841222387838,59.553075158993025,89.80528042260872,,"<a href=""https://m.stock.naver.com/domestic/stock/196450/total"" target=""_blank"">Naver</a>"
049950,미래컴퍼니,53.637041633836866,72.10234251458873,0.4902297047400121,74.58428075006734,55.89301247783783,,"<a href=""https://m.stock.naver.com/domestic/stock/049950/total"" target=""_blank"">Naver</a>"
214260,라파스,53.545052809210134,75.99842696113696,0.0,49.60050715621281,59.71891833813351,,"<a href=""https://m.stock.naver.com/domestic/stock/214260/total"" target=""_blank"">Naver</a>"
122450,KX,53.540002740171644,32.75893679434123,89.37416315872618,75.27678077279545,80.26843593211623,,"<a href=""https://m.stock.naver.com/domestic/stock/122450/total"" target=""_blank"">Naver</a>"
126640,화신정공,53.52698478892211,50.0,43.839486626895756,79.00087862019838,93.34050540356655,,"<a href=""https://m.stock.naver.com/domestic/stock/126640/total"" target=""_blank"">Naver</a>"
303810,동국생명과학,53.52667441521621,50.0,53.159960607169104,81.26097347682433,42.211738314830185,,"<a href=""https://m.stock.naver.com/domestic/stock/303810/total"" target=""_blank"">Naver</a>"
151910,퓨처코어,53.51640977774133,66.25587052926397,18.579441789454496,54.39731942156679,73.56590141325277,,"<a href=""https://m.stock.naver.com/domestic/stock/151910/total"" target=""_blank"">Naver</a>"
049520,유아이엘,53.50813042328364,37.93055068315805,66.31402524452237,97.98810818865488,87.44965766785458,,"<a href=""https://m.stock.naver.com/domestic/stock/049520/total"" target=""_blank"">Naver</a>"
297570,알로이스,53.44480767098077,50.0,49.2864813527684,87.60541202788266,47.25292260000819,,"<a href=""https://m.stock.naver.com/domestic/stock/297570/total"" target=""_blank"">Naver</a>"
238490,힘스,53.444557324350605,50.0,49.271978610818714,70.11490096418942,82.30145150453964,,"<a href=""https://m.stock.naver.com/domestic/stock/238490/total"" target=""_blank"">Naver</a>"
035290,골드앤에스,53.39368843445185,50.0,41.82773409501681,99.2578221242457,60.2194539654616,,"<a href=""https://m.stock.naver.com/domestic/stock/035290/total"" target=""_blank"">Naver</a>"
054300,팬스타엔터프라이즈,53.33495624860271,50.0,53.64429066837329,65.69044804045356,67.09677554928066,,"<a href=""https://m.stock.naver.com/domestic/stock/054300/total"" target=""_blank"">Naver</a>"
377220,프롬바이오,53.30064979212471,74.79624078807895,0.0,58.50093194514736,51.45624249525218,,"<a href=""https://m.stock.naver.com/domestic/stock/377220/total"" target=""_blank"">Naver</a>"
121440,골프존홀딩스,53.251733324548,41.05399224098493,70.03015802596532,83.2531315601934,55.72970634892745,,"<a href=""https://m.stock.naver.com/domestic/stock/121440/total"" target=""_blank"">Naver</a>"
021320,KCC건설,53.228403650169696,50.0,47.69334375471207,70.5999385410076,84.90147714781848,,"<a href=""https://m.stock.naver.com/domestic/stock/021320/total"" target=""_blank"">Naver</a>"
039310,세중,53.19523001036182,50.0,48.499590406612036,74.62846811237108,72.14971194943406,,"<a href=""https://m.stock.naver.com/domestic/stock/039310/total"" target=""_blank"">Naver</a>"
380540,옵티코어,53.09728816554507,70.70756265927317,0.0,72.61774642511843,68.21951854938662,,"<a href=""https://m.stock.naver.com/domestic/stock/380540/total"" target=""_blank"">Naver</a>"
376900,로킷헬스케어,53.08244434719265,56.345394874719574,34.401421940172234,70.0,73.497038746357,,"<a href=""https://m.stock.naver.com/domestic/stock/376900/total"" target=""_blank"">Naver</a>"
069540,빛과전자,53.06973379466921,69.38422844911103,0.0,98.00121956754113,32.781495368969665,,"<a href=""https://m.stock.naver.com/domestic/stock/069540/total"" target=""_blank"">Naver</a>"
391710,코닉오토메이션,53.069658388415334,50.0,46.15512035478963,73.36727047725294,83.88302503985265,,"<a href=""https://m.stock.naver.com/domestic/stock/391710/total"" target=""_blank"">Naver</a>"
047770,코데즈컴바인,53.006922864938744,46.86178252604996,53.40633365485676,90.67523826091963,49.41492219005228,,"<a href=""https://m.stock.naver.com/domestic/stock/047770/total"" target=""_blank"">Naver</a>"
081150,티플랙스,52.991766316043716,50.0,43.9354627827016,88.41572386297227,63.326564681421814,,"<a href=""https://m.stock.naver.com/domestic/stock/081150/total"" target=""_blank"">Naver</a>"
009620,삼보산업,52.91316800012689,67.50309050075164,20.295332715489554,31.194758702082797,84.36009301190462,,"<a href=""https://m.stock.naver.com/domestic/stock/009620/total"" target=""_blank"">Naver</a>"
101680,한국정밀기계,52.8775441254227,50.0,49.60653846772906,79.57302054365098,50.37214908250678,,"<a href=""https://m.stock.naver.com/domestic/stock/101680/total"" target=""_blank"">Naver</a>"
053050,지에스이,52.83285439482072,50.0,49.59968824130352,62.98065097281825,82.6973447442603,,"<a href=""https://m.stock.naver.com/domestic/stock/053050/total"" target=""_blank"">Naver</a>"
189860,서전기전,52.806490950709836,50.0,46.404012650154506,73.20111909645652,77.70751757051116,,"<a href=""https://m.stock.naver.com/domestic/stock/189860/total"" target=""_blank"">Naver</a>"
035600,KG이니시스,52.75423565655293,46.393181465732376,57.03739628185233,65.37745731042288,82.42463951216264,,"<a href=""https://m.stock.naver.com/domestic/stock/035600/total"" target=""_blank"">Naver</a>"
091590,남화토건,52.74753403535222,43.74912532140282,56.18656502893935,92.93462572407934,63.15910025735503,,"<a href=""https://m.stock.naver.com/domestic/stock/091590/total"" target=""_blank"">Naver</a>"
168330,내츄럴엔도텍,52.730091470016035,70.74608627819644,0.0,68.61720711092242,68.41437984011867,,"<a href=""https://m.stock.naver.com/domestic/stock/168330/total"" target=""_blank"">Naver</a>"
060900,DGP,52.71826491560411,74.0488916180306,0.0,63.122021342355744,39.53455621100366,,"<a href=""https://m.stock.naver.com/domestic/stock/060900/total"" target=""_blank"">Naver</a>"
488060,유진스팩11호,52.65612440094127,50.0,40.30862784106977,99.46161220626766,,,"<a href=""https://m.stock.naver.com/domestic/stock/488060/total"" target=""_blank"">Naver</a>"
298830,슈어소프트테크,52.641815156812974,38.768429317830154,70.07479247241821,82.67546019269173,71.89026857482318,,"<a href=""https://m.stock.naver.com/domestic/stock/298830/total"" target=""_blank"">Naver</a>"
003800,에이스침대,52.62454155779404,31.136818506436928,82.87518973671145,98.6952314703368,67.08259745440671,,"<a href=""https://m.stock.naver.com/domestic/stock/003800/total"" target=""_blank"">Naver</a>"
413630,씨피시스템,52.57264055733239,38.65973473696696,68.27523768830399,99.7148246115735,46.73015663837725,,"<a href=""https://m.stock.naver.com/domestic/stock/413630/total"" target=""_blank"">Naver</a>"
288330,브릿지바이오테라퓨틱스,52.563790198834845,69.39849160229413,0.0,99.24695237458366,20.0,,"<a href=""https://m.stock.naver.com/domestic/stock/288330/total"" target=""_blank"">Naver</a>"
352940,인바이오,52.46518900413177,50.0,45.50963301111812,93.72271370741056,34.3101876122236,,"<a href=""https://m.stock.naver.com/domestic/stock/352940/total"" target=""_blank"">Naver</a>"
142280,녹십자엠에스,52.42299923212065,51.63216330794676,47.4385737288257,57.91160707227198,75.85794215837953,,"<a href=""https://m.stock.naver.com/domestic/stock/142280/total"" target=""_blank"">Naver</a>"
389650,넥스트바이오메디컬,52.39204995712629,50.0,52.988685490132184,74.244711982719,34.408147726426826,,"<a href=""https://m.stock.naver.com/domestic/stock/389650/total"" target=""_blank"">Naver</a>"
061970,LB세미콘,52.38103494573488,69.43111938929721,15.689203778193423,45.01890244361456,45.963442464935085,,"<a href=""https://m.stock.naver.com/domestic/stock/061970/total"" target=""_blank"">Naver</a>"
023760,한국캐피탈,52.31622530995974,46.58520962480682,91.19747258875735,5.65731387886311,20.0,,"<a href=""https://m.stock.naver.com/domestic/stock/023760/total"" target=""_blank"">Naver</a>"
221980,케이디켐,52.30122137778406,38.97610063565161,65.87239733982382,96.6799849196007,55.589263389541344,,"<a href=""https://m.stock.naver.com/domestic/stock/221980/total"" target=""_blank"">Naver</a>"
950220,네오이뮨텍,52.26331457093974,67.38838875602427,0.0,88.30281317325182,60.0,,"<a href=""https://m.stock.naver.com/domestic/stock/950220/total"" target=""_blank"">Naver</a>"
362320,청담글로벌,52.178017319122894,48.12836968777095,46.15135978832368,82.24864376185172,70.76582366388462,,"<a href=""https://m.stock.naver.com/domestic/stock/362320/total"" target=""_blank"">Naver</a>"
102370,케이옥션,52.174151505023524,71.8841972111323,0.0,67.10299845010806,46.666666666666664,,"<a href=""https://m.stock.naver.com/domestic/stock/102370/total"" target=""_blank"">Naver</a>"
032280,삼일,52.11038870168153,50.0,45.6773542873653,63.04995814618877,87.72108630442662,,"<a href=""https://m.stock.naver.com/domestic/stock/032280/total"" target=""_blank"">Naver</a>"
464680,KB제27호스팩,52.07710410927443,50.0,48.048893085346265,74.61025632474141,,,"<a href=""https://m.stock.naver.com/domestic/stock/464680/total"" target=""_blank"">Naver</a>"
322510,제이엘케이,52.058571002968314,74.39910340786905,0.0,46.68137213403846,55.01943489686086,,"<a href=""https://m.stock.naver.com/domestic/stock/322510/total"" target=""_blank"">Naver</a>"
215600,신라젠,52.03465082701651,65.94152269621755,0.0,99.52415609282876,50.34643200006216,,"<a href=""https://m.stock.naver.com/domestic/stock/215600/total"" target=""_blank"">Naver</a>"
113810,디젠스,51.96917241450673,38.09167029172557,67.7733768327616,79.67204751979237,84.07242558603505,,"<a href=""https://m.stock.naver.com/domestic/stock/113810/total"" target=""_blank"">Naver</a>"
449020,유안타제13호스팩,51.95863510739967,50.0,47.530151507162664,74.7816547523902,,,"<a href=""https://m.stock.naver.com/domestic/stock/449020/total"" target=""_blank"">Naver</a>"
241710,코스메카코리아,51.95557943648761,33.382735740886154,77.22330300866722,88.8660224760275,74.6701998437273,,"<a href=""https://m.stock.naver.com/domestic/stock/241710/total"" target=""_blank"">Naver</a>"
237880,클리오,51.94353800704589,44.30229253437935,44.24855291309876,98.87068878516192,88.25910759254813,,"<a href=""https://m.stock.naver.com/domestic/stock/237880/total"" target=""_blank"">Naver</a>"
053620,태양,51.93383785576209,42.33812503349969,53.54371554267717,91.39880095756868,80.10307708472229,,"<a href=""https://m.stock.naver.com/domestic/stock/053620/total"" target=""_blank"">Naver</a>"
469880,하나30호스팩,51.90487335218843,50.0,47.4220598689005,74.54114717353885,,,"<a href=""https://m.stock.naver.com/domestic/stock/469880/total"" target=""_blank"">Naver</a>"
448740,삼성스팩8호,51.87590939852319,50.0,47.22638331430229,74.75518100021449,,,"<a href=""https://m.stock.naver.com/domestic/stock/448740/total"" target=""_blank"">Naver</a>"
100660,서암기계공업,51.86364173884917,50.0,37.62160569269232,99.57538367538393,50.014038962753844,,"<a href=""https://m.stock.naver.com/domestic/stock/100660/total"" target=""_blank"">Naver</a>"
444920,유안타제11호스팩,51.84372590390159,50.0,47.15712301571996,74.62258854776519,,,"<a href=""https://m.stock.naver.com/domestic/stock/444920/total"" target=""_blank"">Naver</a>"
093380,풍강,51.83778227692234,50.0,36.48749209451284,89.51499666550544,75.28819173487172,,"<a href=""https://m.stock.naver.com/domestic/stock/093380/total"" target=""_blank"">Naver</a>"
466910,엔에이치스팩30호,51.82623284092823,50.0,47.08348003843026,74.6405118927425,,,"<a href=""https://m.stock.naver.com/domestic/stock/466910/total"" target=""_blank"">Naver</a>"
462020,에이치엠씨제6호스팩,51.817973308451876,50.0,47.01930694492543,74.72247906797922,,,"<a href=""https://m.stock.naver.com/domestic/stock/462020/total"" target=""_blank"">Naver</a>"
196490,디에이테크놀로지,51.79837098191749,48.20289894460433,50.0,70.83722353493305,65.8581852332319,,"<a href=""https://m.stock.naver.com/domestic/stock/196490/total"" target=""_blank"">Naver</a>"
450050,하이제8호스팩,51.795826951269994,50.0,46.93368394173289,74.72614618273269,,,"<a href=""https://m.stock.naver.com/domestic/stock/450050/total"" target=""_blank"">Naver</a>"
442900,미래에셋드림스팩1호,51.768270125184586,50.0,46.859918543483516,74.64876983054478,,,"<a href=""https://m.stock.naver.com/domestic/stock/442900/total"" target=""_blank"">Naver</a>"
047920,HLB제약,51.765552580192875,50.0,44.52940584405594,71.46472109013516,69.73458020330759,,"<a href=""https://m.stock.naver.com/domestic/stock/047920/total"" target=""_blank"">Naver</a>"
452980,신한제11호스팩,51.76096678768252,50.0,46.821297775249874,74.67594004485915,,,"<a href=""https://m.stock.naver.com/domestic/stock/452980/total"" target=""_blank"">Naver</a>"
430220,신영스팩8호,51.72263517695113,50.0,46.68702192941775,74.64747935749128,,,"<a href=""https://m.stock.naver.com/domestic/stock/430220/total"" target=""_blank"">Naver</a>"
446150,유안타제12호스팩,51.71362457840772,50.0,46.620537982779325,74.72808853792498,,,"<a href=""https://m.stock.naver.com/domestic/stock/446150/total"" target=""_blank"">Naver</a>"
454750,하나28호스팩,51.69933533801976,50.0,46.64400880507504,74.53366369850008,,,"<a href=""https://m.stock.naver.com/domestic/stock/454750/total"" target=""_blank"">Naver</a>"
235980,메드팩토,51.68261362054532,66.56574781611666,0.0,99.93164930875321,35.0,,"<a href=""https://m.stock.naver.com/domestic/stock/235980/total"" target=""_blank"">Naver</a>"
285490,노바텍,51.66036661117117,28.258258226562116,83.77341035413296,99.5514174186491,76.13834689671502,,"<a href=""https://m.stock.naver.com/domestic/stock/285490/total"" target=""_blank"">Naver</a>"
446750,하나26호스팩,51.65527592797436,50.0,46.44147666059308,74.62142966427363,,,"<a href=""https://m.stock.naver.com/domestic/stock/446750/total"" target=""_blank"">Naver</a>"
442770,IBKS제21호스팩,51.642854049140595,50.0,46.42932034613367,74.53381260150147,,,"<a href=""https://m.stock.naver.com/domestic/stock/442770/total"" target=""_blank"">Naver</a>"
455310,한화플러스제4호스팩,51.63570275588922,50.0,46.41124122278289,74.51107312399031,,,"<a href=""https://m.stock.naver.com/domestic/stock/455310/total"" target=""_blank"">Naver</a>"
451700,엔에이치스팩29호,51.59565846476505,50.0,46.156881751982525,74.76655103531162,,,"<a href=""https://m.stock.naver.com/domestic/stock/451700/total"" target=""_blank"">Naver</a>"
446840,키움제8호스팩,51.59078624112051,50.0,46.13706399661152,74.76980929911605,,,"<a href=""https://m.stock.naver.com/domestic/stock/446840/total"" target=""_blank"">Naver</a>"
092600,앤씨앤,51.57991661286875,73.03416544773384,0.0,38.99280292360058,77.20274103736766,,"<a href=""https://m.stock.naver.com/domestic/stock/092600/total"" target=""_blank"">Naver</a>"
174880,장원테크,51.552700693190815,37.22047841639537,61.388629924834106,99.52432839317348,78.41646645655449,,"<a href=""https://m.stock.naver.com/domestic/stock/174880/total"" target=""_blank"">Naver</a>"
448830,미래에셋비전스팩3호,51.550682515714335,50.0,46.12433088015757,74.42065669889222,,,"<a href=""https://m.stock.naver.com/domestic/stock/448830/total"" target=""_blank"">Naver</a>"
106520,노블엠앤비,51.513014058928306,73.88727390278713,0.0,36.666666666666664,70.27966101178734,,"<a href=""https://m.stock.naver.com/domestic/stock/106520/total"" target=""_blank"">Naver</a>"
454640,하나29호스팩,51.50146895152621,50.0,45.831383384870875,74.68549657732174,,,"<a href=""https://m.stock.naver.com/domestic/stock/454640/total"" target=""_blank"">Naver</a>"
037950,엘컴텍,51.49525858865334,36.78450701116463,61.524751431588165,99.63272923401688,81.60187201311676,,"<a href=""https://m.stock.naver.com/domestic/stock/037950/total"" target=""_blank"">Naver</a>"
455250,KB제25호스팩,51.494082878605006,50.0,45.839284656003265,74.59557570673934,,,"<a href=""https://m.stock.naver.com/domestic/stock/455250/total"" target=""_blank"">Naver</a>"
037230,한국팩키지,51.491479614956766,50.0,44.80908839625053,62.831532547449946,80.12108522298277,,"<a href=""https://m.stock.naver.com/domestic/stock/037230/total"" target=""_blank"">Naver</a>"
049070,인탑스,51.47227473834975,45.44913205488095,50.84448687609872,74.11186890970627,81.60973790851762,,"<a href=""https://m.stock.naver.com/domestic/stock/049070/total"" target=""_blank"">Naver</a>"
065370,위세아이텍,51.45655704246649,50.14321674708007,47.149124101781034,59.34313797611637,72.9806434232312,,"<a href=""https://m.stock.naver.com/domestic/stock/065370/total"" target=""_blank"">Naver</a>"
416180,신성에스티,51.455997029514165,38.400678042896665,59.76231821951913,94.32582446448198,80.84856404896371,,"<a href=""https://m.stock.naver.com/domestic/stock/416180/total"" target=""_blank"">Naver</a>"
048470,대동스틸,51.45002185880699,50.0,39.15649039264948,74.18820127637882,84.84158266013473,,"<a href=""https://m.stock.naver.com/domestic/stock/048470/total"" target=""_blank"">Naver</a>"
473370,비엔케이제2호스팩,51.40546119959722,50.0,45.51240408076214,74.5708711942682,,,"<a href=""https://m.stock.naver.com/domestic/stock/473370/total"" target=""_blank"">Naver</a>"
250930,예선테크,51.40435940471357,71.1426826592148,5.721357096029608,37.52227112905459,70.72366844543647,,"<a href=""https://m.stock.naver.com/domestic/stock/250930/total"" target=""_blank"">Naver</a>"
104040,대성파인텍,51.39963019708783,50.0,45.648637678374115,72.89936870144334,53.95067814699932,,"<a href=""https://m.stock.naver.com/domestic/stock/104040/total"" target=""_blank"">Naver</a>"
473050,유안타제15호스팩,51.306963072584054,50.0,45.08448834475574,74.7049283276591,,,"<a href=""https://m.stock.naver.com/domestic/stock/473050/total"" target=""_blank"">Naver</a>"
263800,데이타솔루션,51.282346812810545,50.0,40.99547789618621,63.681517567794856,93.30651163969009,,"<a href=""https://m.stock.naver.com/domestic/stock/263800/total"" target=""_blank"">Naver</a>"
448760,IBKS제22호스팩,51.280238015316904,50.0,45.02101244380205,74.60973003600544,,,"<a href=""https://m.stock.naver.com/domestic/stock/448760/total"" target=""_blank"">Naver</a>"
082270,젬백스,51.27149051545139,76.96072395714815,0.0,16.601031764218547,68.69905929481288,,"<a href=""https://m.stock.naver.com/domestic/stock/082270/total"" target=""_blank"">Naver</a>"
456490,교보14호스팩,51.25241982597225,50.0,44.97023198332823,74.47240838841573,,,"<a href=""https://m.stock.naver.com/domestic/stock/456490/total"" target=""_blank"">Naver</a>"
225570,넥슨게임즈,51.2139813098332,31.867942315026472,74.62891833640494,97.47091732810239,73.77789207811695,,"<a href=""https://m.stock.naver.com/domestic/stock/225570/total"" target=""_blank"">Naver</a>"
472220,신영스팩10호,51.196059940988924,50.0,44.70724118337236,74.59446648096389,,,"<a href=""https://m.stock.naver.com/domestic/stock/472220/total"" target=""_blank"">Naver</a>"
448370,하나27호스팩,51.18563627092027,50.0,50.02624091622232,74.63085819683829,24.319804443617272,,"<a href=""https://m.stock.naver.com/domestic/stock/448370/total"" target=""_blank"">Naver</a>"
474490,유안타제16호스팩,51.1805933085168,50.0,44.63783319703387,74.62105343832488,,,"<a href=""https://m.stock.naver.com/domestic/stock/474490/total"" target=""_blank"">Naver</a>"
468760,유진스팩10호,51.1574796152517,50.0,44.57515727375416,74.55816316050577,,,"<a href=""https://m.stock.naver.com/domestic/stock/468760/total"" target=""_blank"">Naver</a>"
467930,IBKS제23호스팩,51.0867063699581,50.0,44.31142487249355,74.54514833336809,,,"<a href=""https://m.stock.naver.com/domestic/stock/467930/total"" target=""_blank"">Naver</a>"
475240,하나32호스팩,51.07891153378019,50.0,44.2481909732513,74.62918213778359,,,"<a href=""https://m.stock.naver.com/domestic/stock/475240/total"" target=""_blank"">Naver</a>"
219750,한국비티비,51.06656831319631,50.0,41.050058697133885,69.64459182716391,76.79188912392907,,"<a href=""https://m.stock.naver.com/domestic/stock/219750/total"" target=""_blank"">Naver</a>"
100130,동국S&C,51.06522834526961,64.70604067814348,14.70091610139288,63.851807324623685,43.623883611458645,,"<a href=""https://m.stock.naver.com/domestic/stock/100130/total"" target=""_blank"">Naver</a>"
036200,유니셈,51.0176323233409,38.317194591932875,57.57243109952426,99.58569285369157,73.51277015861893,,"<a href=""https://m.stock.naver.com/domestic/stock/036200/total"" target=""_blank"">Naver</a>"
475250,하나33호스팩,50.9977022855175,50.0,43.9456745549698,74.61398532499172,,,"<a href=""https://m.stock.naver.com/domestic/stock/475250/total"" target=""_blank"">Naver</a>"
255220,SG,50.94734716107612,65.22524340419929,0.0,76.14827294450937,83.94747648211208,,"<a href=""https://m.stock.naver.com/domestic/stock/255220/total"" target=""_blank"">Naver</a>"
037440,희림,50.92889232632762,38.550642217709964,64.52406278522376,80.41529416398855,72.5192376599368,,"<a href=""https://m.stock.naver.com/domestic/stock/037440/total"" target=""_blank"">Naver</a>"
361570,알비더블유,50.914126153285665,71.17486389724765,0.0,43.00685077509365,78.17045474855426,,"<a href=""https://m.stock.naver.com/domestic/stock/361570/total"" target=""_blank"">Naver</a>"
396300,세아메카닉스,50.90085627308858,50.0,42.926591969393805,61.433102543810705,80.51796052718113,,"<a href=""https://m.stock.naver.com/domestic/stock/396300/total"" target=""_blank"">Naver</a>"
191420,테고사이언스,50.85192013497393,47.82213474553939,53.44286872282972,74.85673787729482,26.244966384267794,,"<a href=""https://m.stock.naver.com/domestic/stock/191420/total"" target=""_blank"">Naver</a>"
217270,넵튠,50.83478936487814,54.36603669257776,31.310675188888695,74.37313805338124,59.00369493542383,,"<a href=""https://m.stock.naver.com/domestic/stock/217270/total"" target=""_blank"">Naver</a>"
086060,진바이오텍,50.747710074028475,41.558552082627614,53.767665494491204,88.39826228923454,70.61672443811298,,"<a href=""https://m.stock.naver.com/domestic/stock/086060/total"" target=""_blank"">Naver</a>"
477340,에이치엠씨제7호스팩,50.72776234705849,50.0,42.85172371675135,74.78443300517722,,,"<a href=""https://m.stock.naver.com/domestic/stock/477340/total"" target=""_blank"">Naver</a>"
478390,KB제29호스팩,50.724758639567725,50.0,42.92621320747366,74.56967405720916,,,"<a href=""https://m.stock.naver.com/domestic/stock/478390/total"" target=""_blank"">Naver</a>"
038620,위즈코프,50.71765974732549,44.615008401445515,44.91098477108841,83.0851499868491,88.24787030002321,,"<a href=""https://m.stock.naver.com/domestic/stock/038620/total"" target=""_blank"">Naver</a>"
477760,DB금융스팩12호,50.714108816744464,50.0,42.80026614330569,74.78336840080811,,,"<a href=""https://m.stock.naver.com/domestic/stock/477760/total"" target=""_blank"">Naver</a>"
304360,에스바이오메딕스,50.711742031816556,69.1467992731575,0.0,63.70694933554679,57.05935068734754,,"<a href=""https://m.stock.naver.com/domestic/stock/304360/total"" target=""_blank"">Naver</a>"
478440,미래에셋비전스팩6호,50.678154985942506,50.0,42.74924581264442,74.56935783484276,,,"<a href=""https://m.stock.naver.com/domestic/stock/478440/total"" target=""_blank"">Naver</a>"
036640,HRS,50.66729422450365,28.327438499622875,83.71635667177729,99.63629127334247,55.5622565890272,,"<a href=""https://m.stock.naver.com/domestic/stock/036640/total"" target=""_blank"">Naver</a>"
481890,엔에이치스팩31호,50.66484494156403,50.0,42.713641698953744,74.53192269747382,,,"<a href=""https://m.stock.naver.com/domestic/stock/481890/total"" target=""_blank"">Naver</a>"
450940,유안타제14호스팩,50.64800981725638,50.0,48.83240804727462,74.39907805437728,20.0,,"<a href=""https://m.stock.naver.com/domestic/stock/450940/total"" target=""_blank"">Naver</a>"
053450,세코닉스,50.63670783452324,42.995718448491935,53.50185651906054,72.32793860083429,84.62037551159045,,"<a href=""https://m.stock.naver.com/domestic/stock/053450/total"" target=""_blank"">Naver</a>"
455910,에스케이증권제9호스팩,50.63602093954262,50.0,48.643029401335376,74.7526358920877,20.0,,"<a href=""https://m.stock.naver.com/domestic/stock/455910/total"" target=""_blank"">Naver</a>"
043590,웰킵스하이텍,50.633538929238654,66.50626542252697,0.0,72.15440481846625,70.2867838775169,,"<a href=""https://m.stock.naver.com/domestic/stock/043590/total"" target=""_blank"">Naver</a>"
464440,한국제13호스팩,50.600532999272886,50.0,48.57613919787385,74.56498199804423,20.0,,"<a href=""https://m.stock.naver.com/domestic/stock/464440/total"" target=""_blank"">Naver</a>"
469900,하나31호스팩,50.57019152750769,50.0,48.423327442777655,74.62609494534505,20.035003445575402,,"<a href=""https://m.stock.naver.com/domestic/stock/469900/total"" target=""_blank"">Naver</a>"
465320,교보15호스팩,50.55860888427269,50.0,45.71246926810879,66.02561123031846,,,"<a href=""https://m.stock.naver.com/domestic/stock/465320/total"" target=""_blank"">Naver</a>"
457630,대신밸런스제16호스팩,50.55318858511498,50.0,48.29488922631663,74.79466278535826,20.0,,"<a href=""https://m.stock.naver.com/domestic/stock/457630/total"" target=""_blank"">Naver</a>"
469480,IBKS제24호스팩,50.500789087012855,50.0,48.18035831735304,74.55699507674592,20.0,,"<a href=""https://m.stock.naver.com/domestic/stock/469480/total"" target=""_blank"">Naver</a>"
068100,케이웨더,50.48913611786428,65.72777254001655,0.0,73.69062717871638,73.6681975196544,,"<a href=""https://m.stock.naver.com/domestic/stock/068100/total"" target=""_blank"">Naver</a>"
471050,대신밸런스제17호스팩,50.47355137677544,50.0,47.99469932502092,74.74876545520212,20.0,,"<a href=""https://m.stock.naver.com/domestic/stock/471050/total"" target=""_blank"">Naver</a>"
458610,한국제12호스팩,50.468805338541884,50.0,48.116164581247745,74.39764193229948,20.0,,"<a href=""https://m.stock.naver.com/domestic/stock/458610/total"" target=""_blank"">Naver</a>"
457940,에스케이증권제10호스팩,50.461722371593005,50.0,48.08311459777219,74.4094372214996,20.0,,"<a href=""https://m.stock.naver.com/domestic/stock/457940/total"" target=""_blank"">Naver</a>"
477380,미래에셋비전스팩4호,50.44956820446553,50.0,47.93263993423205,74.66408220907515,20.0,,"<a href=""https://m.stock.naver.com/domestic/stock/477380/total"" target=""_blank"">Naver</a>"
474930,신한제13호스팩,50.41822307943601,50.0,47.75286645459238,74.80006465787915,20.0,,"<a href=""https://m.stock.naver.com/domestic/stock/474930/total"" target=""_blank"">Naver</a>"
083640,인콘,50.40066499011687,50.0,25.399367857898834,99.83236369621227,81.35173312041887,,"<a href=""https://m.stock.naver.com/domestic/stock/083640/total"" target=""_blank"">Naver</a>"
472230,에스케이증권제11호스팩,50.38841463384661,50.0,47.749017092216484,74.51160360792488,20.0,,"<a href=""https://m.stock.naver.com/domestic/stock/472230/total"" target=""_blank"">Naver</a>"
043370,피에이치에이,50.37808339440737,38.78538019530795,55.30261644277381,92.75175146649211,80.12052039759868,,"<a href=""https://m.stock.naver.com/domestic/stock/043370/total"" target=""_blank"">Naver</a>"
478110,이베스트스팩6호,50.37773875662445,50.0,41.53357172409086,74.75458887770513,,,"<a href=""https://m.stock.naver.com/domestic/stock/478110/total"" target=""_blank"">Naver</a>"
452670,상상인제4호스팩,50.375123103204196,50.0,49.241627153161595,70.64716314913795,20.0,,"<a href=""https://m.stock.naver.com/domestic/stock/452670/total"" target=""_blank"">Naver</a>"
478780,대신밸런스제18호스팩,50.361581750965264,50.0,41.429134355570994,74.86219074524247,,,"<a href=""https://m.stock.naver.com/domestic/stock/478780/total"" target=""_blank"">Naver</a>"
477470,미래에셋비전스팩5호,50.35507840080493,50.0,47.57150442981225,74.62202293351862,20.0,,"<a href=""https://m.stock.naver.com/domestic/stock/477470/total"" target=""_blank"">Naver</a>"
473000,에스케이증권제12호스팩,50.33670646991417,50.0,47.56802325910053,74.44700655139039,20.0,,"<a href=""https://m.stock.naver.com/domestic/stock/473000/total"" target=""_blank"">Naver</a>"
222980,한국맥널티,50.317267137007676,52.58075673989564,37.33209609413372,60.886020986192705,66.94373941835198,,"<a href=""https://m.stock.naver.com/domestic/stock/222980/total"" target=""_blank"">Naver</a>"
262260,에이프로,50.28632661955778,55.68093130214694,44.42546599881692,36.786988697693346,41.85404937592095,,"<a href=""https://m.stock.naver.com/domestic/stock/262260/total"" target=""_blank"">Naver</a>"
041830,인바디,50.28230671617721,30.21643248643618,79.51364098701846,99.66867186586087,46.143395819496135,,"<a href=""https://m.stock.naver.com/domestic/stock/041830/total"" target=""_blank"">Naver</a>"
486630,KB제30호스팩,50.2766136619682,50.0,41.1968917008556,74.63560053655891,,,"<a href=""https://m.stock.naver.com/domestic/stock/486630/total"" target=""_blank"">Naver</a>"
024060,흥구석유,50.253977944345195,50.0,41.082867338345544,54.22769401112451,91.20983417292706,,"<a href=""https://m.stock.naver.com/domestic/stock/024060/total"" target=""_blank"">Naver</a>"
042110,에스씨디,50.234927514300765,37.427302883189164,54.58957151313908,99.14005270155315,84.34295271894366,,"<a href=""https://m.stock.naver.com/domestic/stock/042110/total"" target=""_blank"">Naver</a>"
263750,펄어비스,50.228936044977125,32.47879737363946,70.52531820057214,98.63644809031354,64.93366523238122,,"<a href=""https://m.stock.naver.com/domestic/stock/263750/total"" target=""_blank"">Naver</a>"
348210,넥스틴,50.185611702062616,30.54453779050661,94.67227149793705,74.40821153274382,15.0,,"<a href=""https://m.stock.naver.com/domestic/stock/348210/total"" target=""_blank"">Naver</a>"
197140,디지캡,50.163052863320104,50.0,35.81595009499902,73.8122339324733,76.55683892646033,,"<a href=""https://m.stock.naver.com/domestic/stock/197140/total"" target=""_blank"">Naver</a>"
482680,미래에셋비전스팩7호,50.156529542804414,50.0,40.8001798036675,74.4865811474732,,,"<a href=""https://m.stock.naver.com/domestic/stock/482680/total"" target=""_blank"">Naver</a>"
012620,원일특강,50.12766173857405,42.24761454691137,49.20659718144873,87.05490009430474,75.43907411269129,,"<a href=""https://m.stock.naver.com/domestic/stock/012620/total"" target=""_blank"">Naver</a>"
420770,기가비스,50.122586074840804,50.0,46.245886649686504,74.7086330051262,21.80502223813115,,"<a href=""https://m.stock.naver.com/domestic/stock/420770/total"" target=""_blank"">Naver</a>"
013030,하이록코리아,50.100410865703694,27.558374240841598,87.48017569517907,99.6950912338541,34.5166654803711,,"<a href=""https://m.stock.naver.com/domestic/stock/013030/total"" target=""_blank"">Naver</a>"
036800,나이스정보통신,50.07799190495898,42.305022948673006,57.042873828942554,77.2115310115037,54.26213154738336,,"<a href=""https://m.stock.naver.com/domestic/stock/036800/total"" target=""_blank"">Naver</a>"
139050,BF랩스,50.06532586907075,70.02126904329866,0.0,45.39390093607893,70.26348698967325,,"<a href=""https://m.stock.naver.com/domestic/stock/139050/total"" target=""_blank"">Naver</a>"
482520,교보16호스팩,50.05350492317441,50.0,40.42546148303431,74.44464306257103,,,"<a href=""https://m.stock.naver.com/domestic/stock/482520/total"" target=""_blank"">Naver</a>"
227950,엔투텍,50.031894962810625,66.66666666666667,0.0,74.74179984005157,51.1542995761092,,"<a href=""https://m.stock.naver.com/domestic/stock/227950/total"" target=""_blank"">Naver</a>"
208370,셀바스헬스케어,50.02885687823918,38.72243961149907,64.27498734075624,86.34905530277047,41.8348149174727,,"<a href=""https://m.stock.naver.com/domestic/stock/208370/total"" target=""_blank"">Naver</a>"
101930,인화정공,50.02379324846254,54.625988228024305,24.549396586098354,73.68248750983727,74.85204828279277,,"<a href=""https://m.stock.naver.com/domestic/stock/101930/total"" target=""_blank"">Naver</a>"
305090,마이크로디지탈,50.019286312601835,50.0,48.51722073940625,71.04580418907003,15.708014176865387,,"<a href=""https://m.stock.naver.com/domestic/stock/305090/total"" target=""_blank"">Naver</a>"
041590,플래스크,49.98037725616645,66.66666666666667,0.9873702954417493,69.02490945026508,56.62087474559023,,"<a href=""https://m.stock.naver.com/domestic/stock/041590/total"" target=""_blank"">Naver</a>"
007720,소노스퀘어,49.966353205291526,57.82295697253313,16.431801792245366,69.21178657101284,84.8689983321803,,"<a href=""https://m.stock.naver.com/domestic/stock/007720/total"" target=""_blank"">Naver</a>"
064550,바이오니아,49.964914196783695,61.52687123377401,12.576451066591426,71.79376062304283,54.50605255134299,,"<a href=""https://m.stock.naver.com/domestic/stock/064550/total"" target=""_blank"">Naver</a>"
185490,아이진,49.90582524686987,61.594767871708676,0.0,98.89746945586866,61.18435156515595,,"<a href=""https://m.stock.naver.com/domestic/stock/185490/total"" target=""_blank"">Naver</a>"
043150,바텍,49.88106577701793,31.546794389804177,75.89556239200311,99.0728126472191,41.436345608254776,,"<a href=""https://m.stock.naver.com/domestic/stock/043150/total"" target=""_blank"">Naver</a>"
373170,엠아이큐브솔루션,49.84761486992698,50.0,32.827061185911965,74.05419291144575,84.70860564608832,,"<a href=""https://m.stock.naver.com/domestic/stock/373170/total"" target=""_blank"">Naver</a>"
489480,키움제11호스팩,49.83376261435838,50.0,39.4371127535018,74.82796295265007,,,"<a href=""https://m.stock.naver.com/domestic/stock/489480/total"" target=""_blank"">Naver</a>"
492220,KB제31호스팩,49.81760704985943,50.0,39.47997160034945,74.56733797279098,,,"<a href=""https://m.stock.naver.com/domestic/stock/492220/total"" target=""_blank"">Naver</a>"
489730,디비금융제13호스팩,49.75417455073008,50.0,39.20560867341999,74.65063654838572,,,"<a href=""https://m.stock.naver.com/domestic/stock/489730/total"" target=""_blank"">Naver</a>"
092070,디엔에프,49.716445609598324,50.0,39.57005397121145,74.85691622334237,46.764809889224516,,"<a href=""https://m.stock.naver.com/domestic/stock/092070/total"" target=""_blank"">Naver</a>"
394280,오픈엣지테크놀로지,49.70947385446063,68.43275463372147,0.0,59.46435759841728,54.06770628772057,,"<a href=""https://m.stock.naver.com/domestic/stock/394280/total"" target=""_blank"">Naver</a>"
046070,코다코,49.6883108997768,44.60651217667455,64.00354934607019,27.5,83.47032514509048,,"<a href=""https://m.stock.naver.com/domestic/stock/046070/total"" target=""_blank"">Naver</a>"
008830,대동기어,49.68385417995914,50.0,43.63249831808918,50.15779705547409,75.19899789778876,,"<a href=""https://m.stock.naver.com/domestic/stock/008830/total"" target=""_blank"">Naver</a>"
051380,피씨디렉트,49.6567091064969,50.0,35.655215778175744,63.05527330987783,88.74755661930357,,"<a href=""https://m.stock.naver.com/domestic/stock/051380/total"" target=""_blank"">Naver</a>"
101670,하이드로리튬,49.59533988487809,50.0,33.333333333333336,99.68471869019233,25.870693650510546,,"<a href=""https://m.stock.naver.com/domestic/stock/101670/total"" target=""_blank"">Naver</a>"
012340,뉴인텍,49.56389685333437,34.507888728782994,76.22223602333304,58.459924118304116,79.15224396801814,,"<a href=""https://m.stock.naver.com/domestic/stock/012340/total"" target=""_blank"">Naver</a>"
487830,신한제15호스팩,49.526649601841584,50.0,38.38482286459751,74.54111405600125,,,"<a href=""https://m.stock.naver.com/domestic/stock/487830/total"" target=""_blank"">Naver</a>"
039290,인포뱅크,49.50378522351794,55.34499160497874,19.002817302932733,68.8308576759198,93.26000334411076,,"<a href=""https://m.stock.naver.com/domestic/stock/039290/total"" target=""_blank"">Naver</a>"
072470,우리산업홀딩스,49.497944914512814,48.749138463964705,42.10483247270245,55.68722104801571,83.07063226313613,,"<a href=""https://m.stock.naver.com/domestic/stock/072470/total"" target=""_blank"">Naver</a>"
484130,하나34호스팩,49.47869366777448,50.0,38.17615583380594,74.60720025934262,,,"<a href=""https://m.stock.naver.com/domestic/stock/484130/total"" target=""_blank"">Naver</a>"
214610,더바이오메드,49.40125229537311,74.85101179820602,0.0,33.60676211154484,22.599380105900266,,"<a href=""https://m.stock.naver.com/domestic/stock/214610/total"" target=""_blank"">Naver</a>"
099220,SDN,49.36287390299763,67.42303093767997,3.689253990111952,51.513042018991015,56.708752819251195,,"<a href=""https://m.stock.naver.com/domestic/stock/099220/total"" target=""_blank"">Naver</a>"
094860,네오리진,49.34783054497664,63.96493180392761,0.0,68.02454080176585,83.32834764886971,,"<a href=""https://m.stock.naver.com/domestic/stock/094860/total"" target=""_blank"">Naver</a>"
046120,오르비텍,49.346475969070205,41.74982525835757,59.35007350840107,68.38458829823084,52.41207214264636,,"<a href=""https://m.stock.naver.com/domestic/stock/046120/total"" target=""_blank"">Naver</a>"
473950,에스케이증권제13호스팩,49.34370605285083,50.0,46.91949152609855,66.13833171326193,20.0,,"<a href=""https://m.stock.naver.com/domestic/stock/473950/total"" target=""_blank"">Naver</a>"
138080,오이솔루션,49.33125353798707,70.02043309181151,0.0,54.785283719439306,36.80930621912465,,"<a href=""https://m.stock.naver.com/domestic/stock/138080/total"" target=""_blank"">Naver</a>"
067280,멀티캠퍼스,49.3256568276049,27.778164914674083,73.10262279961357,98.8369794568116,89.98808466431797,,"<a href=""https://m.stock.naver.com/domestic/stock/067280/total"" target=""_blank"">Naver</a>"
088800,에이스테크,49.308344890635624,69.94134798290891,0.0,44.03116376644264,58.80839448492047,,"<a href=""https://m.stock.naver.com/domestic/stock/088800/total"" target=""_blank"">Naver</a>"
136480,하림,49.302669207899605,51.30060316137797,39.83355525937477,40.07137846756501,91.13561298945254,,"<a href=""https://m.stock.naver.com/domestic/stock/136480/total"" target=""_blank"">Naver</a>"
086040,바이오톡스텍,49.295893009412566,72.72006616937301,0.0,32.74881913437237,47.77942788703063,,"<a href=""https://m.stock.naver.com/domestic/stock/086040/total"" target=""_blank"">Naver</a>"
274090,켄코아에어로스페이스,49.29431816599203,58.03921175841244,11.626623626331511,98.40744835025173,34.46780738673043,,"<a href=""https://m.stock.naver.com/domestic/stock/274090/total"" target=""_blank"">Naver</a>"
219130,타이거일렉,49.26671824723445,50.0,36.90332485359919,69.30245382514958,62.21283302639381,,"<a href=""https://m.stock.naver.com/domestic/stock/219130/total"" target=""_blank"">Naver</a>"
041960,코미팜,49.25579803678336,30.14418896134353,85.35076659934391,77.21879213499275,42.194275932839716,,"<a href=""https://m.stock.naver.com/domestic/stock/041960/total"" target=""_blank"">Naver</a>"
338220,뷰노,49.25046475182983,66.48064804048131,0.0,69.75667642142754,47.72816570796576,,"<a href=""https://m.stock.naver.com/domestic/stock/338220/total"" target=""_blank"">Naver</a>"
149980,하이로닉,49.23153734115725,66.47622710175273,0.0,74.61813248215732,37.67975663779761,,"<a href=""https://m.stock.naver.com/domestic/stock/149980/total"" target=""_blank"">Naver</a>"
314140,알피바이오,49.230113602484884,50.0,35.91374335596592,65.24860579333937,74.53634368318924,,"<a href=""https://m.stock.naver.com/domestic/stock/314140/total"" target=""_blank"">Naver</a>"
189330,씨이랩,49.2078543321872,63.43258195203837,0.0,74.32344819080274,74.31920683767808,,"<a href=""https://m.stock.naver.com/domestic/stock/189330/total"" target=""_blank"">Naver</a>"
300120,라온피플,49.20617017976257,54.947902948662296,32.050810340531264,37.832361916224244,88.82979267619912,,"<a href=""https://m.stock.naver.com/domestic/stock/300120/total"" target=""_blank"">Naver</a>"
095340,ISC,49.19807212965123,24.267244060610597,85.75906448804507,95.22356706766975,73.5120572901326,,"<a href=""https://m.stock.naver.com/domestic/stock/095340/total"" target=""_blank"">Naver</a>"
487720,키움제10호스팩,49.18696935010733,50.0,37.11347496271194,74.4925214192398,,,"<a href=""https://m.stock.naver.com/domestic/stock/487720/total"" target=""_blank"">Naver</a>"
039980,폴라리스AI,49.177245389263206,50.0,35.106549332976456,74.4694299599028,59.07330120057618,,"<a href=""https://m.stock.naver.com/domestic/stock/039980/total"" target=""_blank"">Naver</a>"
361670,삼영에스앤씨,49.150126087871065,64.4880552948718,2.3982703641700813,74.54420678452297,48.066092829063386,,"<a href=""https://m.stock.naver.com/domestic/stock/361670/total"" target=""_blank"">Naver</a>"
259630,엠플러스,49.120687335072645,41.163334221372395,68.73895287926628,54.27886676052058,36.20123812761161,,"<a href=""https://m.stock.naver.com/domestic/stock/259630/total"" target=""_blank"">Naver</a>"
044340,위닉스,49.062945246330116,49.297367128373786,37.14069499325885,65.84765971357625,72.29170499267008,,"<a href=""https://m.stock.naver.com/domestic/stock/044340/total"" target=""_blank"">Naver</a>"
013990,아가방컴퍼니,49.04346604514092,36.258704418358946,60.11740964524133,98.84522801936696,47.48736361757038,,"<a href=""https://m.stock.naver.com/domestic/stock/013990/total"" target=""_blank"">Naver</a>"
482690,대신밸런스제19호스팩,49.03903278969362,50.0,36.51078447845403,74.59385030595432,,,"<a href=""https://m.stock.naver.com/domestic/stock/482690/total"" target=""_blank"">Naver</a>"
102940,코오롱생명과학,48.91523239619435,67.34862002273032,4.388859951247458,47.565252813815626,53.04640226725454,,"<a href=""https://m.stock.naver.com/domestic/stock/102940/total"" target=""_blank"">Naver</a>"
215380,우정바이오,48.894855246872574,50.0,45.50651652060204,38.08157668584019,74.2013689627609,,"<a href=""https://m.stock.naver.com/domestic/stock/215380/total"" target=""_blank"">Naver</a>"
033200,모아텍,48.79765744849587,50.0,30.8927868433256,74.7551370996575,71.9789405539743,,"<a href=""https://m.stock.naver.com/domestic/stock/033200/total"" target=""_blank"">Naver</a>"
434480,모니터랩,48.764458890782436,41.131988802898235,52.41716880213431,74.53026781776718,70.5589325346639,,"<a href=""https://m.stock.naver.com/domestic/stock/434480/total"" target=""_blank"">Naver</a>"
078340,컴투스,48.762855913326945,59.06321874769268,14.276612146306517,63.403347699088926,68.30873716451627,,"<a href=""https://m.stock.naver.com/domestic/stock/078340/total"" target=""_blank"">Naver</a>"
043610,KT지니뮤직,48.759972032289994,51.143130136054175,24.70754538729629,81.2004187861321,75.54331450440434,,"<a href=""https://m.stock.naver.com/domestic/stock/043610/total"" target=""_blank"">Naver</a>"
389030,지니너스,48.750194392636665,70.3073622491001,0.0,50.978614971637874,29.358310920256514,,"<a href=""https://m.stock.naver.com/domestic/stock/389030/total"" target=""_blank"">Naver</a>"
489210,교보17호스팩,48.734267943609595,50.0,38.729253418538136,66.15241191794581,,,"<a href=""https://m.stock.naver.com/domestic/stock/489210/total"" target=""_blank"">Naver</a>"
469750,아이비젼웍스,48.686310085758734,50.0,20.1146620396687,95.03969227680668,83.07350696321771,,"<a href=""https://m.stock.naver.com/domestic/stock/469750/total"" target=""_blank"">Naver</a>"
049470,SGA,48.665813639286085,50.0,28.175658894494035,73.31938386219268,85.79921058886606,,"<a href=""https://m.stock.naver.com/domestic/stock/049470/total"" target=""_blank"">Naver</a>"
005670,푸드웰,48.59431910877255,37.55857337202261,56.69755557317206,78.57281948933176,80.55008486665581,,"<a href=""https://m.stock.naver.com/domestic/stock/005670/total"" target=""_blank"">Naver</a>"
025880,케이씨피드,48.58769445553355,32.78800608624743,64.62731770839866,90.49401824169232,74.17319105032402,,"<a href=""https://m.stock.naver.com/domestic/stock/025880/total"" target=""_blank"">Naver</a>"
140670,알에스오토메이션,48.55497315806535,61.09301157969744,7.434747477874967,59.36143591705304,82.08671498145694,,"<a href=""https://m.stock.naver.com/domestic/stock/140670/total"" target=""_blank"">Naver</a>"
140520,대창스틸,48.49079754116019,45.868740027330574,41.53428475682768,69.35724741233025,73.00515188643796,,"<a href=""https://m.stock.naver.com/domestic/stock/140520/total"" target=""_blank"">Naver</a>"
291810,핀텔,48.4805421373747,50.0,27.716276425846036,74.75065381667594,81.52815298491194,,"<a href=""https://m.stock.naver.com/domestic/stock/291810/total"" target=""_blank"">Naver</a>"
950200,소마젠,48.35594975459172,63.40869703278596,0.0,64.47928574041913,77.25605921756457,,"<a href=""https://m.stock.naver.com/domestic/stock/950200/total"" target=""_blank"">Naver</a>"
217620,선샤인푸드,48.2648331797507,50.0,33.333333333333336,52.5,93.62999692834728,,"<a href=""https://m.stock.naver.com/domestic/stock/217620/total"" target=""_blank"">Naver</a>"
048430,유라테크,48.26042903839312,31.70644053057876,61.650447189839326,97.12715754002126,82.22474337167822,,"<a href=""https://m.stock.naver.com/domestic/stock/048430/total"" target=""_blank"">Naver</a>"
439090,마녀공장,48.2474419631036,26.17325765728422,78.22221977178215,99.69809183322184,60.36246484930679,,"<a href=""https://m.stock.naver.com/domestic/stock/439090/total"" target=""_blank"">Naver</a>"
432980,엠에프씨,48.24723552715875,50.0,28.304537869960082,88.77735481897656,45.86731155542142,,"<a href=""https://m.stock.naver.com/domestic/stock/432980/total"" target=""_blank"">Naver</a>"
215790,이노인스트루먼트,48.24618396185355,66.29356113717547,0.0,62.951289116621055,43.498367357723254,,"<a href=""https://m.stock.naver.com/domestic/stock/215790/total"" target=""_blank"">Naver</a>"
035890,서희건설,48.22571629876025,25.60257289281051,74.55521147286078,97.20912280271472,90.0891482917456,,"<a href=""https://m.stock.naver.com/domestic/stock/035890/total"" target=""_blank"">Naver</a>"
067900,와이엔텍,48.15123327422665,22.37688575703024,86.95183971657299,92.52094455361475,74.70094871007562,,"<a href=""https://m.stock.naver.com/domestic/stock/067900/total"" target=""_blank"">Naver</a>"
270520,앱트뉴로사이언스,48.11376589913338,66.60409120422494,0.0,46.27068797180451,70.48484758835926,,"<a href=""https://m.stock.naver.com/domestic/stock/270520/total"" target=""_blank"">Naver</a>"
066430,아이로보틱스,48.097259273685765,50.0,27.590277570878538,73.68486158761445,76.62407444409385,,"<a href=""https://m.stock.naver.com/domestic/stock/066430/total"" target=""_blank"">Naver</a>"
052790,액토즈소프트,48.08472301269113,35.60026103311761,65.72248045460265,90.19426531210983,25.49039495917838,,"<a href=""https://m.stock.naver.com/domestic/stock/052790/total"" target=""_blank"">Naver</a>"
056730,CNT85,48.05293989618549,50.0,29.462727711843957,74.35284808222679,65.03946320003648,,"<a href=""https://m.stock.naver.com/domestic/stock/056730/total"" target=""_blank"">Naver</a>"
048870,시너지이노베이션,47.98172378197094,33.62507695172436,71.417079876328,74.95099501152498,49.1461628140365,,"<a href=""https://m.stock.naver.com/domestic/stock/048870/total"" target=""_blank"">Naver</a>"
058110,멕아이씨에스,47.967413058558265,64.93179163330315,0.0,66.7550889534021,46.656583664723456,,"<a href=""https://m.stock.naver.com/domestic/stock/058110/total"" target=""_blank"">Naver</a>"
230360,에코마케팅,47.94321846168875,29.134132507421374,73.04777597274254,98.41835272120406,47.17919383859786,,"<a href=""https://m.stock.naver.com/domestic/stock/230360/total"" target=""_blank"">Naver</a>"
162300,신스틸,47.93389497949752,41.777473930340115,52.83510996539608,55.426823830945054,82.31901493699847,,"<a href=""https://m.stock.naver.com/domestic/stock/162300/total"" target=""_blank"">Naver</a>"
264450,유비쿼스,47.900413757948016,25.673581743839904,79.08260549300188,99.6729155367514,55.16643569436919,,"<a href=""https://m.stock.naver.com/domestic/stock/264450/total"" target=""_blank"">Naver</a>"
419080,엔젯,47.8638120870793,66.66666666666667,0.0,49.612753406614715,58.05073492835655,,"<a href=""https://m.stock.naver.com/domestic/stock/419080/total"" target=""_blank"">Naver</a>"
331920,셀레믹스,47.836295214895,35.021414678714486,66.66666666666667,74.7290424687498,53.67750988249331,,"<a href=""https://m.stock.naver.com/domestic/stock/331920/total"" target=""_blank"">Naver</a>"
372800,아이티아이즈,47.833018465806546,39.237727824589236,51.78112082110122,65.04152913864154,96.81897303827097,,"<a href=""https://m.stock.naver.com/domestic/stock/372800/total"" target=""_blank"">Naver</a>"
313760,캐리,47.79464481523668,55.84227814052676,26.652452437696184,44.438760724462234,63.64577498100709,,"<a href=""https://m.stock.naver.com/domestic/stock/313760/total"" target=""_blank"">Naver</a>"
263720,디앤씨미디어,47.77751212826333,25.26580731015494,75.51374555209608,99.17891211041405,76.43400286209886,,"<a href=""https://m.stock.naver.com/domestic/stock/263720/total"" target=""_blank"">Naver</a>"
052260,현대바이오랜드,47.746007416981726,43.27648280462412,38.43815752216571,99.3981352051403,44.61529666303588,,"<a href=""https://m.stock.naver.com/domestic/stock/052260/total"" target=""_blank"">Naver</a>"
031330,에스에이엠티,47.691857831456204,35.317180277999455,55.4570539583346,82.77985730683427,87.1860088877892,,"<a href=""https://m.stock.naver.com/domestic/stock/031330/total"" target=""_blank"">Naver</a>"
143160,아이디스,47.620191591053384,36.89690128307201,52.94457151694416,90.90441928856526,63.10932026235214,,"<a href=""https://m.stock.naver.com/domestic/stock/143160/total"" target=""_blank"">Naver</a>"
014200,광림,47.60566562875162,50.0,19.889244634123333,91.19558633144551,70.27591674152481,,"<a href=""https://m.stock.naver.com/domestic/stock/014200/total"" target=""_blank"">Naver</a>"
290270,휴네시온,47.590839304370725,29.832771963135226,63.50697405695247,97.75522206762923,80.77820810977097,,"<a href=""https://m.stock.naver.com/domestic/stock/290270/total"" target=""_blank"">Naver</a>"
040610,SG&G,47.537375273237544,30.134914339115884,74.73562569735584,72.60453424989183,70.24133640879747,,"<a href=""https://m.stock.naver.com/domestic/stock/040610/total"" target=""_blank"">Naver</a>"
314930,바이오다인,47.480802259033986,50.0,26.929964929493725,74.93358271285618,65.09905510749871,,"<a href=""https://m.stock.naver.com/domestic/stock/314930/total"" target=""_blank"">Naver</a>"
357780,솔브레인,47.465774417044955,23.172816716041183,78.66465502372445,99.45099808032313,79.01641646913647,,"<a href=""https://m.stock.naver.com/domestic/stock/357780/total"" target=""_blank"">Naver</a>"
332570,PS일렉트로닉스,47.424486407317545,52.37027861026217,25.510354705253903,66.27004303266156,59.9545252316123,,"<a href=""https://m.stock.naver.com/domestic/stock/332570/total"" target=""_blank"">Naver</a>"
370090,퓨런티어,47.391223347676764,50.0,27.087087820240907,74.8222160045899,62.744595843150925,,"<a href=""https://m.stock.naver.com/domestic/stock/370090/total"" target=""_blank"">Naver</a>"
214680,디알텍,47.30484374800685,65.59790166973008,0.0,61.06512751111507,36.79179990114595,,"<a href=""https://m.stock.naver.com/domestic/stock/214680/total"" target=""_blank"">Naver</a>"
215000,골프존,47.30274089361929,26.948837180810642,72.11020500281245,97.76592668890515,66.5858933107856,,"<a href=""https://m.stock.naver.com/domestic/stock/215000/total"" target=""_blank"">Naver</a>"
001000,신라섬유,47.27359484569514,50.0,34.353915263989016,46.851160296978904,80.0,,"<a href=""https://m.stock.naver.com/domestic/stock/001000/total"" target=""_blank"">Naver</a>"
308080,바이젠셀,47.14070867000838,60.324757945973886,0.0,99.45853902424047,20.0,,"<a href=""https://m.stock.naver.com/domestic/stock/308080/total"" target=""_blank"">Naver</a>"
002680,한탑,47.08298467978571,55.29857454477624,25.13433640552101,41.00738895431445,70.3903391221653,,"<a href=""https://m.stock.naver.com/domestic/stock/002680/total"" target=""_blank"">Naver</a>"
127710,아시아경제,47.04756998857734,66.86965711051106,0.0,33.72043317064379,71.07464810412644,,"<a href=""https://m.stock.naver.com/domestic/stock/127710/total"" target=""_blank"">Naver</a>"
025320,시노펙스,46.99178324945365,24.39679364642392,74.15755024878699,96.43424915374757,83.4178916805558,,"<a href=""https://m.stock.naver.com/domestic/stock/025320/total"" target=""_blank"">Naver</a>"
030350,드래곤플라이,46.98896384335701,63.78875077747205,0.0,49.27959153276116,75.75508447195313,,"<a href=""https://m.stock.naver.com/domestic/stock/030350/total"" target=""_blank"">Naver</a>"
474610,RF시스템즈,46.97924672599893,50.0,18.492842694666525,93.28743009939294,60.54586084785995,,"<a href=""https://m.stock.naver.com/domestic/stock/474610/total"" target=""_blank"">Naver</a>"
060380,동양에스텍,46.94476372314558,39.084551215155656,46.117529531968756,84.55677516840612,70.17946188438762,,"<a href=""https://m.stock.naver.com/domestic/stock/060380/total"" target=""_blank"">Naver</a>"
059270,해성에어로보틱스,46.859467027904046,50.0,25.333134957111003,74.82493100294253,60.87380376664066,,"<a href=""https://m.stock.naver.com/domestic/stock/059270/total"" target=""_blank"">Naver</a>"
340930,유일에너테크,46.83931955853846,68.4390985022355,0.0,32.67935773532256,50.15849367329821,,"<a href=""https://m.stock.naver.com/domestic/stock/340930/total"" target=""_blank"">Naver</a>"
042600,새로닉스,46.835825460450515,53.015974635531755,16.857384292307703,63.18095912467061,89.87597387174938,,"<a href=""https://m.stock.naver.com/domestic/stock/042600/total"" target=""_blank"">Naver</a>"
471820,셀로맥스사이언스,46.747868135917834,26.031038832836987,73.22890077516787,96.15324650473347,64.1338998390066,,"<a href=""https://m.stock.naver.com/domestic/stock/471820/total"" target=""_blank"">Naver</a>"
215360,우리산업,46.70683248334042,38.451003501280596,56.00960940009529,55.43701295004817,81.80253475086838,,"<a href=""https://m.stock.naver.com/domestic/stock/215360/total"" target=""_blank"">Naver</a>"
053260,금강철강,46.699230592343824,38.31396600320224,41.69611633248354,91.36670375653779,83.00303063295647,,"<a href=""https://m.stock.naver.com/domestic/stock/053260/total"" target=""_blank"">Naver</a>"
065510,휴비츠,46.688853166724925,33.827783876534255,63.778376208777026,84.84317072254471,39.265434327113056,,"<a href=""https://m.stock.naver.com/domestic/stock/065510/total"" target=""_blank"">Naver</a>"
032080,아즈텍WB,46.67477358441139,50.0,28.706560146761035,74.72414240594523,40.514386142532125,,"<a href=""https://m.stock.naver.com/domestic/stock/032080/total"" target=""_blank"">Naver</a>"
475460,미트박스,46.58071845101722,38.35388238561451,45.13285373847895,73.0347405426256,99.63403061532436,,"<a href=""https://m.stock.naver.com/domestic/stock/475460/total"" target=""_blank"">Naver</a>"
137080,나래나노텍,46.47664730795364,66.41862787574846,0.0,44.35971774844671,43.78997615319787,,"<a href=""https://m.stock.naver.com/domestic/stock/137080/total"" target=""_blank"">Naver</a>"
045970,코아시아,46.36005298954714,58.09973808860997,0.0,74.37972154253929,81.24475964254476,,"<a href=""https://m.stock.naver.com/domestic/stock/045970/total"" target=""_blank"">Naver</a>"
438700,버넥트,46.35565034744115,55.89261033508206,0.0,98.42678393296377,59.54811506191058,,"<a href=""https://m.stock.naver.com/domestic/stock/438700/total"" target=""_blank"">Naver</a>"
065690,파커스,46.22190794647353,40.64272806364232,48.23460369162865,64.07760024638202,67.39720321485545,,"<a href=""https://m.stock.naver.com/domestic/stock/065690/total"" target=""_blank"">Naver</a>"
460870,에스엠씨지,46.171697176324756,50.0,29.78311243963196,54.101926900425624,66.31452752748399,,"<a href=""https://m.stock.naver.com/domestic/stock/460870/total"" target=""_blank"">Naver</a>"
026040,제이에스티나,46.12053455738299,50.0,22.771668021432987,74.36008708081742,59.832176878859926,,"<a href=""https://m.stock.naver.com/domestic/stock/026040/total"" target=""_blank"">Naver</a>"
290650,엘앤씨바이오,46.06800672929097,32.017600795657664,80.60717165687876,56.28828783371594,21.536491086101652,,"<a href=""https://m.stock.naver.com/domestic/stock/290650/total"" target=""_blank"">Naver</a>"
122350,삼기,45.870269130079,50.36137713332638,32.49316634771907,35.68783399901977,79.22735726502867,,"<a href=""https://m.stock.naver.com/domestic/stock/122350/total"" target=""_blank"">Naver</a>"
086520,에코프로,45.86431851812157,60.978155583286856,2.6255796657029893,60.11903514286193,52.18253474875031,,"<a href=""https://m.stock.naver.com/domestic/stock/086520/total"" target=""_blank"">Naver</a>"
051390,YW,45.833330734318174,19.99474901385428,83.83723196925855,96.1272248030409,65.28901706773746,,"<a href=""https://m.stock.naver.com/domestic/stock/051390/total"" target=""_blank"">Naver</a>"
045300,성우테크론,45.82035505004336,34.754378344297095,51.740893551998774,80.75986246192886,79.13036818545044,,"<a href=""https://m.stock.naver.com/domestic/stock/045300/total"" target=""_blank"">Naver</a>"
205470,휴마시스,45.80979680195946,55.516604547587285,8.431637477912494,72.5072229474953,62.82404818358871,,"<a href=""https://m.stock.naver.com/domestic/stock/205470/total"" target=""_blank"">Naver</a>"
354200,엔젠바이오,45.739787607281635,67.6084254541656,0.0,26.627454068250845,50.23973855914375,,"<a href=""https://m.stock.naver.com/domestic/stock/354200/total"" target=""_blank"">Naver</a>"
067170,오텍,45.72219471830644,54.24318636110564,20.1865524174882,39.76935873198702,83.05417848144594,,"<a href=""https://m.stock.naver.com/domestic/stock/067170/total"" target=""_blank"">Naver</a>"
063570,NICE인프라,45.632698594364726,41.41026953379745,47.10132424634562,46.825861364567984,86.57239352086103,,"<a href=""https://m.stock.naver.com/domestic/stock/063570/total"" target=""_blank"">Naver</a>"
012860,모베이스전자,45.63088427095168,38.28491317927563,51.41937951090063,59.0183850144849,78.06505968425326,,"<a href=""https://m.stock.naver.com/domestic/stock/012860/total"" target=""_blank"">Naver</a>"
099440,스맥,45.54775474674424,27.46007008008051,75.45155117424666,84.07309831508698,36.03030147251143,,"<a href=""https://m.stock.naver.com/domestic/stock/099440/total"" target=""_blank"">Naver</a>"
142760,모아라이프플러스,45.54413236696259,60.88978051069032,0.0,72.4108510195575,35.3835791718531,,"<a href=""https://m.stock.naver.com/domestic/stock/142760/total"" target=""_blank"">Naver</a>"
066910,손오공,45.540097526655885,59.436829308304,0.0,64.90524542734084,67.74950797878803,,"<a href=""https://m.stock.naver.com/domestic/stock/066910/total"" target=""_blank"">Naver</a>"
103840,우양,45.503711354486576,50.0,31.317991217360014,38.44843239088888,76.58740622115369,,"<a href=""https://m.stock.naver.com/domestic/stock/103840/total"" target=""_blank"">Naver</a>"
108860,셀바스AI,45.50266605001974,43.89307156569805,35.22704382591422,74.50434285991571,58.192557362615815,,"<a href=""https://m.stock.naver.com/domestic/stock/108860/total"" target=""_blank"">Naver</a>"
357580,아모센스,45.44621747187672,38.10470988406248,53.47943949611918,62.48455386237049,59.30152562344782,,"<a href=""https://m.stock.naver.com/domestic/stock/357580/total"" target=""_blank"">Naver</a>"
036830,솔브레인홀딩스,45.42296501220321,30.162696501253958,67.33065386392204,73.33990941797269,63.1738540734611,,"<a href=""https://m.stock.naver.com/domestic/stock/036830/total"" target=""_blank"">Naver</a>"
093640,케이알엠,45.35657503234153,61.34040779195775,0.0,69.60286199747466,31.840883148388357,,"<a href=""https://m.stock.naver.com/domestic/stock/093640/total"" target=""_blank"">Naver</a>"
049120,파인디앤씨,45.355009376055456,53.99136261547765,19.04681542914199,41.45160686599646,81.06654525767452,,"<a href=""https://m.stock.naver.com/domestic/stock/049120/total"" target=""_blank"">Naver</a>"
052670,제일바이오,45.3479948747865,50.0,22.279432220658546,74.68716460826202,46.188407175913284,,"<a href=""https://m.stock.naver.com/domestic/stock/052670/total"" target=""_blank"">Naver</a>"
100700,세운메디칼,45.343908250991575,21.817514446674526,80.50908714331901,99.83179019838012,42.85897554638201,,"<a href=""https://m.stock.naver.com/domestic/stock/100700/total"" target=""_blank"">Naver</a>"
054180,메디콕스,45.32415160189943,60.14705618837619,0.0,55.259071169736536,74.2002154380012,,"<a href=""https://m.stock.naver.com/domestic/stock/054180/total"" target=""_blank"">Naver</a>"
140430,카티스,45.285228943348514,50.0,18.36628204768422,81.34672722211744,51.17971418431428,,"<a href=""https://m.stock.naver.com/domestic/stock/140430/total"" target=""_blank"">Naver</a>"
277880,티에스아이,45.21794633518303,28.741630669183138,72.83185340409655,70.90545058571892,53.48919048154248,,"<a href=""https://m.stock.naver.com/domestic/stock/277880/total"" target=""_blank"">Naver</a>"
137950,제이씨케미칼,45.2160887447822,39.34778722038129,45.72350654197717,61.22319068791556,81.08441416535155,,"<a href=""https://m.stock.naver.com/domestic/stock/137950/total"" target=""_blank"">Naver</a>"
217480,에스디생명공학,45.15901167537198,58.75200276716893,0.0,64.08932853658041,69.97754322825156,,"<a href=""https://m.stock.naver.com/domestic/stock/217480/total"" target=""_blank"">Naver</a>"
299900,위지윅스튜디오,45.067677200517515,60.60290799514664,0.0,54.51604733190496,65.08655340478086,,"<a href=""https://m.stock.naver.com/domestic/stock/299900/total"" target=""_blank"">Naver</a>"
253840,수젠텍,45.04100781332186,60.3508457032087,0.0,72.38535126625914,31.83930529541468,,"<a href=""https://m.stock.naver.com/domestic/stock/253840/total"" target=""_blank"">Naver</a>"
096870,엘디티,45.00220687737046,50.0,20.527846909378606,74.62639392385029,48.15211515281567,,"<a href=""https://m.stock.naver.com/domestic/stock/096870/total"" target=""_blank"">Naver</a>"
054630,에이디칩스,44.99076935703835,66.66666666666667,0.0,16.68401448113662,66.4473581784938,,"<a href=""https://m.stock.naver.com/domestic/stock/054630/total"" target=""_blank"">Naver</a>"
388610,지에프씨생명과학,44.98627653227861,50.0,23.429140280335787,49.94715922543806,82.68551079301714,,"<a href=""https://m.stock.naver.com/domestic/stock/388610/total"" target=""_blank"">Naver</a>"
290090,트윔,44.97536624885998,37.6257190690086,50.41448492272332,74.77408443591202,46.37810266365579,,"<a href=""https://m.stock.naver.com/domestic/stock/290090/total"" target=""_blank"">Naver</a>"
439580,블루엠텍,44.88446473707695,52.561569232956295,16.36769538392318,48.43394486750574,88.24409729143602,,"<a href=""https://m.stock.naver.com/domestic/stock/439580/total"" target=""_blank"">Naver</a>"
036480,대성미생물,44.81955638881555,50.0,10.26771967589788,100.0,45.05252939682172,,"<a href=""https://m.stock.naver.com/domestic/stock/036480/total"" target=""_blank"">Naver</a>"
198440,강동씨앤엘,44.78220870791595,50.0,24.475780096298198,48.434976548881735,76.39532057906445,,"<a href=""https://m.stock.naver.com/domestic/stock/198440/total"" target=""_blank"">Naver</a>"
054620,APS,44.780291014364465,60.31583032288811,0.0,50.503679380235674,70.80849765216053,,"<a href=""https://m.stock.naver.com/domestic/stock/054620/total"" target=""_blank"">Naver</a>"
067370,선바이오,44.72349221400934,50.0,29.180694336157114,48.60735818740933,51.3516562245826,,"<a href=""https://m.stock.naver.com/domestic/stock/067370/total"" target=""_blank"">Naver</a>"
054780,키이스트,44.630282611690085,50.0,14.196110516599356,66.50745315359998,88.6101933436049,,"<a href=""https://m.stock.naver.com/domestic/stock/054780/total"" target=""_blank"">Naver</a>"
130740,티피씨글로벌,44.583287485960994,38.864037416985944,41.899437279449295,74.48109829303436,66.83791773207332,,"<a href=""https://m.stock.naver.com/domestic/stock/130740/total"" target=""_blank"">Naver</a>"
095190,이엠코리아,44.51234940391942,50.0,23.61270901016901,51.048675906757325,70.08609121402878,,"<a href=""https://m.stock.naver.com/domestic/stock/095190/total"" target=""_blank"">Naver</a>"
104200,NHN벅스,44.50807275705988,50.0,14.01975446957424,71.18279745800086,77.69708787732462,,"<a href=""https://m.stock.naver.com/domestic/stock/104200/total"" target=""_blank"">Naver</a>"
151860,KG에코솔루션,44.4459513955201,33.46384979432639,52.46131569806757,70.1640399825491,84.71817192304923,,"<a href=""https://m.stock.naver.com/domestic/stock/151860/total"" target=""_blank"">Naver</a>"
053060,세동,44.404841204411305,40.28207713948573,37.18670613203397,62.317814325761375,94.1427391027047,,"<a href=""https://m.stock.naver.com/domestic/stock/053060/total"" target=""_blank"">Naver</a>"
290380,대유,44.3893109317041,50.0,19.914757720533263,72.43713179806184,43.33816643529205,,"<a href=""https://m.stock.naver.com/domestic/stock/290380/total"" target=""_blank"">Naver</a>"
154030,아시아종묘,44.35876982540471,50.0,23.031397469552733,66.54086187904132,38.936685402247804,,"<a href=""https://m.stock.naver.com/domestic/stock/154030/total"" target=""_blank"">Naver</a>"
424760,벨로크,44.29101722841407,50.0,13.502393717219626,70.4204466360527,77.46748271007776,,"<a href=""https://m.stock.naver.com/domestic/stock/424760/total"" target=""_blank"">Naver</a>"
260660,알리코제약,44.236537457497896,50.0,19.303147277597777,59.71629230728135,68.78242814740626,,"<a href=""https://m.stock.naver.com/domestic/stock/260660/total"" target=""_blank"">Naver</a>"
148150,세경하이테크,44.15671130218528,19.784278688437137,73.9850680318941,95.24420913786346,85.30912334726239,,"<a href=""https://m.stock.naver.com/domestic/stock/148150/total"" target=""_blank"">Naver</a>"
040420,정상제이엘에스,44.155205409621246,24.39584122553663,65.88181041942951,85.87613954626137,89.19268229631506,,"<a href=""https://m.stock.naver.com/domestic/stock/040420/total"" target=""_blank"">Naver</a>"
043090,더테크놀로지,44.140119528524494,58.45495108291234,0.0,74.18090394615439,32.981169683232935,,"<a href=""https://m.stock.naver.com/domestic/stock/043090/total"" target=""_blank"">Naver</a>"
033790,피노,44.12385197796718,50.0,17.576100651812702,69.26308638685367,56.07036352657259,,"<a href=""https://m.stock.naver.com/domestic/stock/033790/total"" target=""_blank"">Naver</a>"
036710,심텍홀딩스,44.10711926875487,60.29159303370176,3.099645729730266,27.5,88.14504032202512,,"<a href=""https://m.stock.naver.com/domestic/stock/036710/total"" target=""_blank"">Naver</a>"
317690,퀀타매트릭스,44.09302689910957,63.92135307810967,0.0,36.53014690400468,41.744007236866025,,"<a href=""https://m.stock.naver.com/domestic/stock/317690/total"" target=""_blank"">Naver</a>"
304100,솔트룩스,44.08608439032378,50.58958738348874,0.0,98.99214530273314,76.66234859914447,,"<a href=""https://m.stock.naver.com/domestic/stock/304100/total"" target=""_blank"">Naver</a>"
109960,AP헬스케어,43.96991456412625,49.33331956064177,20.423746834604128,74.86223043251454,35.555261516773925,,"<a href=""https://m.stock.naver.com/domestic/stock/109960/total"" target=""_blank"">Naver</a>"
088290,이원컴포텍,43.93825908032738,50.0,18.041904433770032,48.53476327647483,91.48613288474758,,"<a href=""https://m.stock.naver.com/domestic/stock/088290/total"" target=""_blank"">Naver</a>"
328130,루닛,43.88625595730213,63.091525064066786,0.0,37.04053500792469,46.5457483613919,,"<a href=""https://m.stock.naver.com/domestic/stock/328130/total"" target=""_blank"">Naver</a>"
290720,푸드나무,43.8786957865852,61.225507458602316,0.0,27.5,87.8678262284762,,"<a href=""https://m.stock.naver.com/domestic/stock/290720/total"" target=""_blank"">Naver</a>"
105550,엣지파운드리,43.868884921428176,50.294704737771646,19.131947806585273,66.12073643704149,45.940029668294294,,"<a href=""https://m.stock.naver.com/domestic/stock/105550/total"" target=""_blank"">Naver</a>"
027710,팜스토리,43.851928069925115,36.31215040291671,52.441270986669224,47.43657765598842,84.21324631817878,,"<a href=""https://m.stock.naver.com/domestic/stock/027710/total"" target=""_blank"">Naver</a>"
382840,원준,43.83703059701297,33.333333333333336,46.96374243623063,85.11691712155053,71.68806551600517,,"<a href=""https://m.stock.naver.com/domestic/stock/382840/total"" target=""_blank"">Naver</a>"
032800,판타지오,43.82714536408479,50.0,11.972318017386598,70.49251463951762,75.69628791572751,,"<a href=""https://m.stock.naver.com/domestic/stock/032800/total"" target=""_blank"">Naver</a>"
237690,에스티팜,43.80632078245087,28.446766945048577,65.25844736035822,85.72758196329906,37.017811580045176,,"<a href=""https://m.stock.naver.com/domestic/stock/237690/total"" target=""_blank"">Naver</a>"
042510,라온시큐어,43.80580278573653,27.231028526018818,58.63511336024885,86.1116165634734,83.94491347431378,,"<a href=""https://m.stock.naver.com/domestic/stock/042510/total"" target=""_blank"">Naver</a>"
263020,디케이앤디,43.76241412046563,24.24350314913964,60.64596809983353,98.20469886746233,84.68700638554448,,"<a href=""https://m.stock.naver.com/domestic/stock/263020/total"" target=""_blank"">Naver</a>"
291650,압타머사이언스,43.72667134906192,50.0,0.0,99.14234878665326,76.24872940793179,,"<a href=""https://m.stock.naver.com/domestic/stock/291650/total"" target=""_blank"">Naver</a>"
144960,뉴파워프라즈마,43.69239036046189,33.73884060882353,56.429085482222746,62.136956522541475,62.56237944715893,,"<a href=""https://m.stock.naver.com/domestic/stock/144960/total"" target=""_blank"">Naver</a>"
080520,오디텍,43.67846118790187,55.59212528039034,0.0,74.75548629618525,56.95274780098278,,"<a href=""https://m.stock.naver.com/domestic/stock/080520/total"" target=""_blank"">Naver</a>"
204020,그리티,43.65191679462564,26.11839509467821,62.11267677206049,96.95672001630118,55.14077086346948,,"<a href=""https://m.stock.naver.com/domestic/stock/204020/total"" target=""_blank"">Naver</a>"
035610,솔본,43.63340033496497,15.203580336470758,86.79402469182891,90.99902301891927,74.25687316466713,,"<a href=""https://m.stock.naver.com/domestic/stock/035610/total"" target=""_blank"">Naver</a>"
064480,브리지텍,43.59204405572169,50.0,8.245759291360978,72.70650487595012,85.1990749057288,,"<a href=""https://m.stock.naver.com/domestic/stock/064480/total"" target=""_blank"">Naver</a>"
474170,루미르,43.480177995682205,50.0,13.078852391228716,74.54759831623853,55.11410132502353,,"<a href=""https://m.stock.naver.com/domestic/stock/474170/total"" target=""_blank"">Naver</a>"
222810,세토피아,43.46805787809755,60.6858734399915,0.0,27.904815197034733,85.32104588798344,,"<a href=""https://m.stock.naver.com/domestic/stock/222810/total"" target=""_blank"">Naver</a>"
033310,엠투엔,43.41956289001391,30.17275928299988,50.915361716534456,90.09672413108339,71.54788955944063,,"<a href=""https://m.stock.naver.com/domestic/stock/033310/total"" target=""_blank"">Naver</a>"
064260,다날,43.413146314191216,39.55459182376327,43.14152500635882,58.84782968312274,60.20454000062561,,"<a href=""https://m.stock.naver.com/domestic/stock/064260/total"" target=""_blank"">Naver</a>"
053290,NE능률,43.365848595719335,50.0,15.344784593393127,74.43274143657328,41.727566074274556,,"<a href=""https://m.stock.naver.com/domestic/stock/053290/total"" target=""_blank"">Naver</a>"
154040,다산솔루에타,43.29590926514323,50.0,18.963885343923263,46.11043581909572,78.8778869450569,,"<a href=""https://m.stock.naver.com/domestic/stock/154040/total"" target=""_blank"">Naver</a>"
388720,유일로보틱스,43.27612615027523,50.0,14.456555872087419,73.51342438496607,46.21289487513537,,"<a href=""https://m.stock.naver.com/domestic/stock/388720/total"" target=""_blank"">Naver</a>"
073490,이노와이어리스,43.27464320549701,31.103675963919358,44.6203249243451,98.8185454471607,71.51003702686097,,"<a href=""https://m.stock.naver.com/domestic/stock/073490/total"" target=""_blank"">Naver</a>"
096040,이트론,43.25115560836887,34.58526482190549,56.96661890697276,63.84331174654885,37.48021627655002,,"<a href=""https://m.stock.naver.com/domestic/stock/096040/total"" target=""_blank"">Naver</a>"
043340,에쎈테크,43.25088204028903,50.0,18.51929535385965,52.87812901332914,66.66490600982394,,"<a href=""https://m.stock.naver.com/domestic/stock/043340/total"" target=""_blank"">Naver</a>"
299660,셀리드,43.18016463073658,50.0,0.0,97.2409063227007,69.12147996933014,,"<a href=""https://m.stock.naver.com/domestic/stock/299660/total"" target=""_blank"">Naver</a>"
044060,조광ILI,43.16952773425799,50.0,17.19650636779654,65.49736621169873,46.413290422779745,,"<a href=""https://m.stock.naver.com/domestic/stock/044060/total"" target=""_blank"">Naver</a>"
311690,CJ 바이오사이언스,43.133220697981066,53.51755358958659,0.0,72.63753840301632,75.17869407854958,,"<a href=""https://m.stock.naver.com/domestic/stock/311690/total"" target=""_blank"">Naver</a>"
338840,와이바이오로직스,43.10186238887425,50.0,0.0,99.38776654598706,63.26171468551102,,"<a href=""https://m.stock.naver.com/domestic/stock/338840/total"" target=""_blank"">Naver</a>"
016920,카스,43.100736011577055,38.54579238681935,44.54842782797663,55.64652397385838,65.4300245021091,,"<a href=""https://m.stock.naver.com/domestic/stock/016920/total"" target=""_blank"">Naver</a>"
340360,다보링크,43.03046553839261,50.0,11.92274719048931,57.823189412628324,85.3491959901491,,"<a href=""https://m.stock.naver.com/domestic/stock/340360/total"" target=""_blank"">Naver</a>"
089140,넥스턴바이오,43.02393328494973,49.854662674943604,9.65760122526291,72.19473905350868,69.54522936633931,,"<a href=""https://m.stock.naver.com/domestic/stock/089140/total"" target=""_blank"">Naver</a>"
042940,상지건설,42.983472056751204,63.57553902595771,0.0,40.881486411765785,15.0,,"<a href=""https://m.stock.naver.com/domestic/stock/042940/total"" target=""_blank"">Naver</a>"
278650,HLB바이오스텝,42.88433308662631,54.05170957165027,0.0,73.7096904216714,61.646766029380274,,"<a href=""https://m.stock.naver.com/domestic/stock/278650/total"" target=""_blank"">Naver</a>"
361390,제노코,42.87618652594694,50.0,14.328200920115966,60.465896600625,64.95093271710903,,"<a href=""https://m.stock.naver.com/domestic/stock/361390/total"" target=""_blank"">Naver</a>"
201490,미투온,42.851493107789906,24.509618702206,57.693520730774985,97.66226661092789,79.12230085359533,,"<a href=""https://m.stock.naver.com/domestic/stock/201490/total"" target=""_blank"">Naver</a>"
318010,팜스빌,42.78993782441602,32.61304715554414,49.89760749008656,74.88962400665432,65.17490515804934,,"<a href=""https://m.stock.naver.com/domestic/stock/318010/total"" target=""_blank"">Naver</a>"
333620,엔시스,42.747493283773075,16.307676698552974,79.87927843408232,93.31608511409217,73.2291828942299,,"<a href=""https://m.stock.naver.com/domestic/stock/333620/total"" target=""_blank"">Naver</a>"
066790,씨씨에스,42.72347112528725,26.634136909196513,60.41617388530403,74.76334807460523,83.25221401965614,,"<a href=""https://m.stock.naver.com/domestic/stock/066790/total"" target=""_blank"">Naver</a>"
065170,비엘팜텍,42.72056237961564,57.35929127421745,0.0,56.46560923760065,53.16853382650228,,"<a href=""https://m.stock.naver.com/domestic/stock/065170/total"" target=""_blank"">Naver</a>"
032790,엠젠솔루션,42.64637283541649,36.21486522258663,44.31515159130191,69.30308440753315,58.167147265714306,,"<a href=""https://m.stock.naver.com/domestic/stock/032790/total"" target=""_blank"">Naver</a>"
114840,아이패밀리에스씨,42.63090906241835,14.212058706987575,84.61106860163262,98.86032542153127,61.29748291329034,,"<a href=""https://m.stock.naver.com/domestic/stock/114840/total"" target=""_blank"">Naver</a>"
203650,드림시큐리티,42.60763439120672,33.1599568536319,60.16320025081968,40.36701116144868,72.68318200355597,,"<a href=""https://m.stock.naver.com/domestic/stock/203650/total"" target=""_blank"">Naver</a>"
063440,SM Life Design,42.588011452154305,19.356351647207294,67.82021565814823,99.86151466859899,80.65990164865936,,"<a href=""https://m.stock.naver.com/domestic/stock/063440/total"" target=""_blank"">Naver</a>"
021040,대호특수강,42.578037014158795,45.769244397143005,26.356538451996744,41.59638048406227,87.35435428935148,,"<a href=""https://m.stock.naver.com/domestic/stock/021040/total"" target=""_blank"">Naver</a>"
323350,다원넥스뷰,42.519459103501234,50.0,0.0,91.89431495622237,66.60055215757993,,"<a href=""https://m.stock.naver.com/domestic/stock/323350/total"" target=""_blank"">Naver</a>"
330860,네패스아크,42.4739615126964,50.0,10.388654395242291,65.82332569474946,65.88930688821743,,"<a href=""https://m.stock.naver.com/domestic/stock/330860/total"" target=""_blank"">Naver</a>"
048830,엔피케이,42.41941575254075,38.593869837901636,31.90735864415194,70.60566244830694,84.51375887862184,,"<a href=""https://m.stock.naver.com/domestic/stock/048830/total"" target=""_blank"">Naver</a>"
418550,제이오,42.40830972054403,50.0,4.625265935854207,74.3813734266776,76.27711787825451,,"<a href=""https://m.stock.naver.com/domestic/stock/418550/total"" target=""_blank"">Naver</a>"
317530,캐리소프트,42.40695845952215,56.498936081972886,0.0,52.028569507726985,66.09479719131446,,"<a href=""https://m.stock.naver.com/domestic/stock/317530/total"" target=""_blank"">Naver</a>"
228340,동양파일,42.329362159804894,50.0,5.710904928821463,74.88495155444667,68.26281544309722,,"<a href=""https://m.stock.naver.com/domestic/stock/228340/total"" target=""_blank"">Naver</a>"
013310,아진산업,42.303135764698,35.62900169755693,48.36745578712939,47.47370538384822,81.73000521993337,,"<a href=""https://m.stock.naver.com/domestic/stock/013310/total"" target=""_blank"">Naver</a>"
048910,대원미디어,42.25759758070407,37.641634683414104,36.82949997270203,65.32759203607044,78.64965147746113,,"<a href=""https://m.stock.naver.com/domestic/stock/048910/total"" target=""_blank"">Naver</a>"
073560,우리손에프앤지,42.125280635537976,25.78332113653811,58.02296088306909,80.10461951782932,82.78171562129816,,"<a href=""https://m.stock.naver.com/domestic/stock/073560/total"" target=""_blank"">Naver</a>"
012700,리드코프,42.051075806612715,31.411140284433547,49.66224150798546,67.39781652954552,80.98099212003328,,"<a href=""https://m.stock.naver.com/domestic/stock/012700/total"" target=""_blank"">Naver</a>"
444530,심플랫폼,42.03093142416029,50.0,10.69650182147855,60.36113293935388,66.41385349710536,,"<a href=""https://m.stock.naver.com/domestic/stock/444530/total"" target=""_blank"">Naver</a>"
317240,TS트릴리온,42.024179672657716,50.99332553963773,14.632281405353304,44.45948068714429,66.48331857644651,,"<a href=""https://m.stock.naver.com/domestic/stock/317240/total"" target=""_blank"">Naver</a>"
186230,그린플러스,41.975883740057206,35.181510611597155,39.481293434450535,66.48698857587088,86.95910313798393,,"<a href=""https://m.stock.naver.com/domestic/stock/186230/total"" target=""_blank"">Naver</a>"
042520,한스바이오메드,41.90886030540493,50.0,14.620432481772292,61.11154296149499,42.851957776247104,,"<a href=""https://m.stock.naver.com/domestic/stock/042520/total"" target=""_blank"">Naver</a>"
217730,강스템바이오텍,41.899334344499245,50.0,0.0,99.01161855396447,39.96344978205602,,"<a href=""https://m.stock.naver.com/domestic/stock/217730/total"" target=""_blank"">Naver</a>"
222420,쎄노텍,41.85154136283722,50.0,19.020484147122847,55.75365701006625,30.421092500997496,,"<a href=""https://m.stock.naver.com/domestic/stock/222420/total"" target=""_blank"">Naver</a>"
250000,보라티알,41.828305081993584,23.809053162785506,66.81836813631553,83.74137921694346,49.28286457098091,,"<a href=""https://m.stock.naver.com/domestic/stock/250000/total"" target=""_blank"">Naver</a>"
073010,케이에스피,41.742705378498634,18.67810116202821,73.57554181594385,90.58836719462872,61.66245015665753,,"<a href=""https://m.stock.naver.com/domestic/stock/073010/total"" target=""_blank"">Naver</a>"
131370,알서포트,41.729467788140354,26.60251575044514,54.42375535979153,88.83963768881836,65.56111458087102,,"<a href=""https://m.stock.naver.com/domestic/stock/131370/total"" target=""_blank"">Naver</a>"
376930,노을,41.727029604390864,60.085205166645686,0.0,43.309090514012766,26.899949060043507,,"<a href=""https://m.stock.naver.com/domestic/stock/376930/total"" target=""_blank"">Naver</a>"
032580,피델릭스,41.72068645573252,50.0,7.7286878772698335,74.51998753313914,46.73031466202295,,"<a href=""https://m.stock.naver.com/domestic/stock/032580/total"" target=""_blank"">Naver</a>"
020400,대동금속,41.69720274182961,50.0,10.150861118452875,49.87862554859937,83.43249814712904,,"<a href=""https://m.stock.naver.com/domestic/stock/020400/total"" target=""_blank"">Naver</a>"
220100,퓨쳐켐,41.64393233510551,51.558317839802946,0.0,73.10383898031942,67.97115466383607,,"<a href=""https://m.stock.naver.com/domestic/stock/220100/total"" target=""_blank"">Naver</a>"
038460,바이오스마트,41.641568857656985,31.128194343818034,37.11566795681764,92.34286464203505,89.02897595916502,,"<a href=""https://m.stock.naver.com/domestic/stock/038460/total"" target=""_blank"">Naver</a>"
417860,오브젠,41.63323192807794,50.0,0.0,79.2413094197548,74.18201972204929,,"<a href=""https://m.stock.naver.com/domestic/stock/417860/total"" target=""_blank"">Naver</a>"
487360,신한제14호스팩,41.60412228627554,50.0,12.528090525176383,74.72099654981437,20.0,,"<a href=""https://m.stock.naver.com/domestic/stock/487360/total"" target=""_blank"">Naver</a>"
121890,에스디시스템,41.587706710764515,50.0,0.0,70.46859676932304,90.8169406766441,,"<a href=""https://m.stock.naver.com/domestic/stock/121890/total"" target=""_blank"">Naver</a>"
317120,라닉스,41.48999090410487,57.922880232793375,0.0,44.033483930176295,46.658287428224426,,"<a href=""https://m.stock.naver.com/domestic/stock/317120/total"" target=""_blank"">Naver</a>"
065660,안트로젠,41.471230175487335,50.0,7.785616909796603,74.86691852041243,40.762681919938686,,"<a href=""https://m.stock.naver.com/domestic/stock/065660/total"" target=""_blank"">Naver</a>"
388870,파로스아이바이오,41.44237258439988,53.14851989953933,0.0,74.81142015456287,,,"<a href=""https://m.stock.naver.com/domestic/stock/388870/total"" target=""_blank"">Naver</a>"
360070,탑머티리얼,41.41693457940714,50.0,7.353349523175016,73.82699195757432,43.91796005711911,,"<a href=""https://m.stock.naver.com/domestic/stock/360070/total"" target=""_blank"">Naver</a>"
037070,파세코,41.412850165925995,50.0,0.0,72.65444150666386,82.9481203051922,,"<a href=""https://m.stock.naver.com/domestic/stock/037070/total"" target=""_blank"">Naver</a>"
188260,세니젠,41.41252445825921,50.0,0.0,72.75851232644797,82.7334645122883,,"<a href=""https://m.stock.naver.com/domestic/stock/188260/total"" target=""_blank"">Naver</a>"
171090,선익시스템,41.29592719905469,48.855065997420695,19.85025067638828,40.26151460524068,59.88346941962256,,"<a href=""https://m.stock.naver.com/domestic/stock/171090/total"" target=""_blank"">Naver</a>"
092870,엑시콘,41.28466624937746,40.20114428159595,34.48734162828328,69.08154775879122,32.679789949398895,,"<a href=""https://m.stock.naver.com/domestic/stock/092870/total"" target=""_blank"">Naver</a>"
050090,비케이홀딩스,41.26161910618069,50.0,0.0,74.36057502981363,76.51123206398645,,"<a href=""https://m.stock.naver.com/domestic/stock/050090/total"" target=""_blank"">Naver</a>"
166480,코아스템켐온,41.2345214410781,53.477217195691814,0.0,57.785231037089716,67.39336039908086,,"<a href=""https://m.stock.naver.com/domestic/stock/166480/total"" target=""_blank"">Naver</a>"
389680,유디엠텍,41.21344822018125,50.0,0.0,74.01723936876421,76.23448566609649,,"<a href=""https://m.stock.naver.com/domestic/stock/389680/total"" target=""_blank"">Naver</a>"
087010,펩트론,41.185269640005146,50.0,0.0,74.71682269813621,74.27174740383059,,"<a href=""https://m.stock.naver.com/domestic/stock/087010/total"" target=""_blank"">Naver</a>"
066700,테라젠이텍스,41.16128586587211,42.830564900508456,18.502360406579726,76.15812914216419,64.43087819411379,,"<a href=""https://m.stock.naver.com/domestic/stock/066700/total"" target=""_blank"">Naver</a>"
070300,엑스큐어,41.13978162662615,50.0,0.0,74.60154143568055,73.59254966116201,,"<a href=""https://m.stock.naver.com/domestic/stock/070300/total"" target=""_blank"">Naver</a>"
284620,카이노스메드,41.135754438699806,58.69928375220625,0.0,47.81529901813495,22.693085711251335,,"<a href=""https://m.stock.naver.com/domestic/stock/284620/total"" target=""_blank"">Naver</a>"
312610,에이에프더블류,41.13227367292502,50.0,0.0,73.31644664669543,76.01258016510954,,"<a href=""https://m.stock.naver.com/domestic/stock/312610/total"" target=""_blank"">Naver</a>"
060230,소니드,41.12310862505274,55.565799309741784,0.0,46.131556592353625,63.40946759944618,,"<a href=""https://m.stock.naver.com/domestic/stock/060230/total"" target=""_blank"">Naver</a>"
009730,이렘,41.117842711848965,50.0,0.0,77.32005521455595,67.71674380786739,,"<a href=""https://m.stock.naver.com/domestic/stock/009730/total"" target=""_blank"">Naver</a>"
337930,젝시믹스,41.082714201567946,17.709714608688575,71.55697023732334,96.62490032184682,58.10305689678552,,"<a href=""https://m.stock.naver.com/domestic/stock/337930/total"" target=""_blank"">Naver</a>"
221800,유투바이오,40.98775446696881,50.0,0.0,74.2335039960737,71.2880813472288,,"<a href=""https://m.stock.naver.com/domestic/stock/221800/total"" target=""_blank"">Naver</a>"
040300,YTN,40.97997223100895,50.0,0.0,73.17758621328872,73.24427219360162,,"<a href=""https://m.stock.naver.com/domestic/stock/040300/total"" target=""_blank"">Naver</a>"
474660,신한제12호스팩,40.97446021747791,50.0,12.110001252244503,69.46959904416784,20.0,,"<a href=""https://m.stock.naver.com/domestic/stock/474660/total"" target=""_blank"">Naver</a>"
219550,디와이디,40.97226411862423,50.0,13.156390676815127,37.48445398771679,78.69442101297531,,"<a href=""https://m.stock.naver.com/domestic/stock/219550/total"" target=""_blank"">Naver</a>"
035810,이지홀딩스,40.95624304959816,31.018179314841092,47.36410632789813,61.84176153388598,86.40265450660739,,"<a href=""https://m.stock.naver.com/domestic/stock/035810/total"" target=""_blank"">Naver</a>"
950190,고스트스튜디오,40.94346401053316,15.14688881613233,71.20652014288102,98.8105641062655,83.45288549013918,,"<a href=""https://m.stock.naver.com/domestic/stock/950190/total"" target=""_blank"">Naver</a>"
322780,코퍼스코리아,40.92281429056841,55.300692426414024,0.0,42.566674587939914,69.71462751852012,,"<a href=""https://m.stock.naver.com/domestic/stock/322780/total"" target=""_blank"">Naver</a>"
115450,HLB테라퓨틱스,40.92139837775066,51.06184059627606,0.0,68.1134189617498,69.45904247620093,,"<a href=""https://m.stock.naver.com/domestic/stock/115450/total"" target=""_blank"">Naver</a>"
052900,KX하이텍,40.89935676705078,22.961765140065697,62.56872628714479,84.40474001953646,60.79284218543037,,"<a href=""https://m.stock.naver.com/domestic/stock/052900/total"" target=""_blank"">Naver</a>"
089010,켐트로닉스,40.86169179575941,28.849052918631035,58.38366326883753,50.43213668594908,78.26261117553007,,"<a href=""https://m.stock.naver.com/domestic/stock/089010/total"" target=""_blank"">Naver</a>"
043710,서울리거,40.84236460640154,31.35247978672778,45.100536617815585,73.12464257825259,68.86556644171424,,"<a href=""https://m.stock.naver.com/domestic/stock/043710/total"" target=""_blank"">Naver</a>"
199730,바이오인프라,40.81151589788513,50.0,0.0,69.53286019479773,77.16459756810708,,"<a href=""https://m.stock.naver.com/domestic/stock/199730/total"" target=""_blank"">Naver</a>"
084440,유비온,40.792878461637294,50.0,7.352058450424053,42.466732530648734,94.16381191932817,,"<a href=""https://m.stock.naver.com/domestic/stock/084440/total"" target=""_blank"">Naver</a>"
153710,옵티팜,40.7679013341527,50.0,0.0,67.78036446274528,79.7972977575634,,"<a href=""https://m.stock.naver.com/domestic/stock/153710/total"" target=""_blank"">Naver</a>"
107600,새빗켐,40.72388019147153,50.0,0.0,71.68033746358208,71.11692890226652,,"<a href=""https://m.stock.naver.com/domestic/stock/107600/total"" target=""_blank"">Naver</a>"
088280,쏘닉스,40.69710185684908,50.0,0.0,73.84271385122594,66.25660943452965,,"<a href=""https://m.stock.naver.com/domestic/stock/088280/total"" target=""_blank"">Naver</a>"
114190,강원에너지,40.63658386925342,33.333333333333336,43.41531022585949,61.48045373563926,72.69421878449253,,"<a href=""https://m.stock.naver.com/domestic/stock/114190/total"" target=""_blank"">Naver</a>"
332290,누보,40.612645907076526,28.162172383620504,57.694281027265525,60.40954322597482,65.01635794980724,,"<a href=""https://m.stock.naver.com/domestic/stock/332290/total"" target=""_blank"">Naver</a>"
265740,엔에프씨,40.58470782703094,50.0,0.0,71.83688659753132,68.02038334555616,,"<a href=""https://m.stock.naver.com/domestic/stock/265740/total"" target=""_blank"">Naver</a>"
187220,디티앤씨,40.5240604027369,38.77079007370014,36.478922947671684,45.50972572440121,71.81766098317539,,"<a href=""https://m.stock.naver.com/domestic/stock/187220/total"" target=""_blank"">Naver</a>"
394800,쓰리빌리언,40.48280050615778,50.0,0.0,74.82800506157778,60.0,,"<a href=""https://m.stock.naver.com/domestic/stock/394800/total"" target=""_blank"">Naver</a>"
089030,테크윙,40.424672914073355,44.83198450502152,25.89671805113772,52.27550204276447,36.475049879991275,,"<a href=""https://m.stock.naver.com/domestic/stock/089030/total"" target=""_blank"">Naver</a>"
289220,자이언트스텝,40.406883610785364,49.09011921316387,0.0,74.28231387976773,70.4916138982055,,"<a href=""https://m.stock.naver.com/domestic/stock/289220/total"" target=""_blank"">Naver</a>"
069920,엑시온그룹,40.38503897218582,53.093991207650184,0.0,47.937008440868695,74.69886807017674,,"<a href=""https://m.stock.naver.com/domestic/stock/069920/total"" target=""_blank"">Naver</a>"
027360,아주IB투자,40.3698711157952,23.122312486378743,81.52571791386539,51.1505414550161,20.0,,"<a href=""https://m.stock.naver.com/domestic/stock/027360/total"" target=""_blank"">Naver</a>"
080220,제주반도체,40.34245052512394,20.270270767427903,65.07298714984645,99.4000440291664,39.440737485778854,,"<a href=""https://m.stock.naver.com/domestic/stock/080220/total"" target=""_blank"">Naver</a>"
123570,이엠넷,40.29780384859872,16.257796962045685,71.13294133882341,99.15562824882295,56.88655023566328,,"<a href=""https://m.stock.naver.com/domestic/stock/123570/total"" target=""_blank"">Naver</a>"
335810,프리시젼바이오,40.29154075098932,55.32634578232549,0.0,49.70306401339501,42.50853760509061,,"<a href=""https://m.stock.naver.com/domestic/stock/335810/total"" target=""_blank"">Naver</a>"
247660,나노씨엠에스,40.28921776563608,50.0,0.0,67.86043755586854,70.06348020098461,,"<a href=""https://m.stock.naver.com/domestic/stock/247660/total"" target=""_blank"">Naver</a>"
461030,아이엠비디엑스,40.28446874356178,50.0,0.0,74.87726824778743,55.93483837566065,,"<a href=""https://m.stock.naver.com/domestic/stock/461030/total"" target=""_blank"">Naver</a>"
099390,브레인즈컴퍼니,40.220297431784886,12.181374468893585,75.48214520125946,99.75459135732274,81.30954628803195,,"<a href=""https://m.stock.naver.com/domestic/stock/099390/total"" target=""_blank"">Naver</a>"
174900,앱클론,40.20761600043211,50.0,0.0,65.53708533687997,73.07814933488228,,"<a href=""https://m.stock.naver.com/domestic/stock/174900/total"" target=""_blank"">Naver</a>"
367000,플래티어,40.199270920510806,50.0,0.0,70.99693025500996,61.99155790019611,,"<a href=""https://m.stock.naver.com/domestic/stock/367000/total"" target=""_blank"">Naver</a>"
043360,디지아이,40.19464422809124,50.0,1.8530990896473902,74.74437301025128,45.13864309308529,,"<a href=""https://m.stock.naver.com/domestic/stock/043360/total"" target=""_blank"">Naver</a>"
377030,비트맥스,40.19325659553326,54.377064031342854,0.0,35.21537289335035,80.9096177478503,,"<a href=""https://m.stock.naver.com/domestic/stock/377030/total"" target=""_blank"">Naver</a>"
073570,리튬포어스,40.187150316846214,50.0,0.0,74.89867379086786,53.945658755188575,,"<a href=""https://m.stock.naver.com/domestic/stock/073570/total"" target=""_blank"">Naver</a>"
315640,딥노이드,40.14984565234789,50.0,0.0,72.4061829963917,58.184547054174395,,"<a href=""https://m.stock.naver.com/domestic/stock/315640/total"" target=""_blank"">Naver</a>"
023770,플레이위드,40.08696579527205,50.0,0.0,57.85990966266503,86.019496580111,,"<a href=""https://m.stock.naver.com/domestic/stock/023770/total"" target=""_blank"">Naver</a>"
150900,파수,40.04693294851988,17.301483093843974,62.91039206031443,98.40470451278765,81.95949251712244,,"<a href=""https://m.stock.naver.com/domestic/stock/150900/total"" target=""_blank"">Naver</a>"
452200,민테크,39.98183560611555,50.0,0.0,63.83060941397774,71.97549329435554,,"<a href=""https://m.stock.naver.com/domestic/stock/452200/total"" target=""_blank"">Naver</a>"
005860,한일사료,39.974817857492056,26.42180968745993,43.84166669559571,87.08594439787805,89.0544186265873,,"<a href=""https://m.stock.naver.com/domestic/stock/005860/total"" target=""_blank"">Naver</a>"
402030,코난테크놀로지,39.963433361453234,50.0,0.0,60.740217671880345,77.78823188530399,,"<a href=""https://m.stock.naver.com/domestic/stock/402030/total"" target=""_blank"">Naver</a>"
388790,라이콤,39.94241357781395,50.0,0.0,74.13138616657456,50.585499223129865,,"<a href=""https://m.stock.naver.com/domestic/stock/388790/total"" target=""_blank"">Naver</a>"
900340,윙입푸드,39.93067617947396,17.329366889810853,61.43653176182941,99.39736786680152,84.68372636899898,,"<a href=""https://m.stock.naver.com/domestic/stock/900340/total"" target=""_blank"">Naver</a>"
323990,박셀바이오,39.899136820339436,50.0,0.0,74.82811444585349,48.32650751508176,,"<a href=""https://m.stock.naver.com/domestic/stock/323990/total"" target=""_blank"">Naver</a>"
079190,케스피온,39.89227024901542,49.062445077235985,0.0,62.02129614907798,85.05347175532069,,"<a href=""https://m.stock.naver.com/domestic/stock/079190/total"" target=""_blank"">Naver</a>"
452450,피아이이,39.812984958826746,50.0,0.0,70.89866830500777,54.46236256651923,,"<a href=""https://m.stock.naver.com/domestic/stock/452450/total"" target=""_blank"">Naver</a>"
308430,셀비온,39.79653508725865,50.0,0.0,74.591482163758,46.7477374176569,,"<a href=""https://m.stock.naver.com/domestic/stock/308430/total"" target=""_blank"">Naver</a>"
126600,BGF에코머티리얼즈,39.779565680719145,26.7822475450327,50.07807007655057,82.00603862647561,59.801915438286336,,"<a href=""https://m.stock.naver.com/domestic/stock/126600/total"" target=""_blank"">Naver</a>"
089850,유비벨록스,39.76553340299492,25.019390731947315,54.03882863422219,75.8895276157446,73.10478087393054,,"<a href=""https://m.stock.naver.com/domestic/stock/089850/total"" target=""_blank"">Naver</a>"
200710,에이디테크놀로지,39.7593583129961,48.44044485279506,0.0,67.44785065825721,79.00612670986689,,"<a href=""https://m.stock.naver.com/domestic/stock/200710/total"" target=""_blank"">Naver</a>"
383930,디티앤씨알오,39.75422586978722,50.0,5.923017126866937,40.26323456079771,84.94296263981433,,"<a href=""https://m.stock.naver.com/domestic/stock/383930/total"" target=""_blank"">Naver</a>"
456070,이엔셀,39.74780083858189,50.0,0.0,74.60675019340798,45.742516384821855,,"<a href=""https://m.stock.naver.com/domestic/stock/456070/total"" target=""_blank"">Naver</a>"
432720,퀄리타스반도체,39.72874479402734,50.0,0.0,74.34094167622526,45.89301252809627,,"<a href=""https://m.stock.naver.com/domestic/stock/432720/total"" target=""_blank"">Naver</a>"
057030,YBM넷,39.70501256962434,20.216992348601664,56.238250709694,91.05201000570202,88.20106964939274,,"<a href=""https://m.stock.naver.com/domestic/stock/057030/total"" target=""_blank"">Naver</a>"
032540,TJ미디어,39.695284338798025,23.213513432895848,55.85540143873353,87.76795590942768,60.530606568687375,,"<a href=""https://m.stock.naver.com/domestic/stock/032540/total"" target=""_blank"">Naver</a>"
093920,서원인텍,39.66822872219447,17.601750860977344,59.29821409356259,99.54708927364585,86.55831509705669,,"<a href=""https://m.stock.naver.com/domestic/stock/093920/total"" target=""_blank"">Naver</a>"
073190,듀오백,39.64789008808948,50.0,0.0,55.92102798802226,81.11574578574498,,"<a href=""https://m.stock.naver.com/domestic/stock/073190/total"" target=""_blank"">Naver</a>"
033290,코웰패션,39.64368704059433,28.303530477932423,50.75777351023513,55.17719039402104,89.08812673747987,,"<a href=""https://m.stock.naver.com/domestic/stock/033290/total"" target=""_blank"">Naver</a>"
294090,이오플로우,39.62249803265088,42.08708969297865,33.333333333333336,27.5,65.73821767060726,,"<a href=""https://m.stock.naver.com/domestic/stock/294090/total"" target=""_blank"">Naver</a>"
351870,차이커뮤니케이션,39.60176503644712,33.333333333333336,46.57978204929599,59.72210065552236,39.692189171417766,,"<a href=""https://m.stock.naver.com/domestic/stock/351870/total"" target=""_blank"">Naver</a>"
376300,디어유,39.55713712685129,6.247369524788589,90.34128667246209,99.63038936996963,65.20709613731303,,"<a href=""https://m.stock.naver.com/domestic/stock/376300/total"" target=""_blank"">Naver</a>"
059120,아진엑스텍,39.54627428879697,50.0,0.0,74.69830281763772,41.52888014066389,,"<a href=""https://m.stock.naver.com/domestic/stock/059120/total"" target=""_blank"">Naver</a>"
294140,레몬,39.5370230166827,50.0,0.0,57.167550193372094,76.40535994690981,,"<a href=""https://m.stock.naver.com/domestic/stock/294140/total"" target=""_blank"">Naver</a>"
036630,세종텔레콤,39.528387258446244,43.709199436258565,10.06592146292743,64.09103236241498,87.54567989435502,,"<a href=""https://m.stock.naver.com/domestic/stock/036630/total"" target=""_blank"">Naver</a>"
281740,레이크머티리얼즈,39.507405247894624,17.90598239984412,79.5630601706665,68.87469473649787,39.71162583343478,,"<a href=""https://m.stock.naver.com/domestic/stock/281740/total"" target=""_blank"">Naver</a>"
111870,KH 미래물산,39.486194247738275,50.08686439355117,0.0,74.52581007505098,39.62989208204941,,"<a href=""https://m.stock.naver.com/domestic/stock/111870/total"" target=""_blank"">Naver</a>"
290690,소룩스,39.48197106259131,50.0,0.0,62.14648271659233,65.3464558186416,,"<a href=""https://m.stock.naver.com/domestic/stock/290690/total"" target=""_blank"">Naver</a>"
094970,제이엠티,39.47364058412235,21.374580849256734,54.15943705365667,98.56884323409136,65.04296975490006,,"<a href=""https://m.stock.naver.com/domestic/stock/094970/total"" target=""_blank"">Naver</a>"
084730,팅크웨어,39.46439586968696,26.111844663790677,51.93158104933544,81.26133818868291,53.76519980420804,,"<a href=""https://m.stock.naver.com/domestic/stock/084730/total"" target=""_blank"">Naver</a>"
429270,시지트로닉스,39.462714639934504,50.0,0.0,72.68441432066152,43.88546415736696,,"<a href=""https://m.stock.naver.com/domestic/stock/429270/total"" target=""_blank"">Naver</a>"
056080,유진로봇,39.454386468705145,50.0,0.0,72.58904864246949,43.90963208916384,,"<a href=""https://m.stock.naver.com/domestic/stock/056080/total"" target=""_blank"">Naver</a>"
462510,라메디텍,39.408221272136025,50.0,0.0,74.58340707786333,38.997611286993816,,"<a href=""https://m.stock.naver.com/domestic/stock/462510/total"" target=""_blank"">Naver</a>"
331380,포커스에이아이,39.39890692356689,50.0,1.6730264421150443,52.6581950609915,74.2966161387796,,"<a href=""https://m.stock.naver.com/domestic/stock/331380/total"" target=""_blank"">Naver</a>"
365590,하이딥,39.38511872586567,50.0,0.0,55.97838184485582,75.74561082760165,,"<a href=""https://m.stock.naver.com/domestic/stock/365590/total"" target=""_blank"">Naver</a>"
228760,지노믹트리,39.37329784882564,48.61843678960014,0.0,67.99644490451372,68.05182569228371,,"<a href=""https://m.stock.naver.com/domestic/stock/228760/total"" target=""_blank"">Naver</a>"
418250,시큐레터,39.36355439723868,50.0,0.0,71.89281730879736,43.4854533271789,,"<a href=""https://m.stock.naver.com/domestic/stock/418250/total"" target=""_blank"">Naver</a>"
458870,씨어스테크놀로지,39.33728142461182,50.0,0.0,74.21901624561228,38.307596001011675,,"<a href=""https://m.stock.naver.com/domestic/stock/458870/total"" target=""_blank"">Naver</a>"
279600,미디어젠,39.33628849256351,50.0,0.0,54.186548030587026,78.3526737900962,,"<a href=""https://m.stock.naver.com/domestic/stock/279600/total"" target=""_blank"">Naver</a>"
320000,한울반도체,39.32906724588098,50.0,0.0,74.07447137215688,38.43240217330574,,"<a href=""https://m.stock.naver.com/domestic/stock/320000/total"" target=""_blank"">Naver</a>"
452430,사피엔반도체,39.31971753016142,50.0,0.0,70.73246692548014,44.92941675226818,,"<a href=""https://m.stock.naver.com/domestic/stock/452430/total"" target=""_blank"">Naver</a>"
136540,윈스테크넷,39.30562278071336,7.722470579109895,83.2777092455376,99.6136054086231,77.82705162001425,,"<a href=""https://m.stock.naver.com/domestic/stock/136540/total"" target=""_blank"">Naver</a>"
476060,온코닉테라퓨틱스,39.30519116105053,50.0,0.0,74.78156618881614,36.54069084337836,,"<a href=""https://m.stock.naver.com/domestic/stock/476060/total"" target=""_blank"">Naver</a>"
043100,알파녹스,39.297460884185035,51.33687108070433,0.0,64.86235383998866,40.18205703527148,,"<a href=""https://m.stock.naver.com/domestic/stock/043100/total"" target=""_blank"">Naver</a>"
389140,포바이포,39.29099028908475,46.94158546381406,0.0,73.58511068965824,75.3505588366099,,"<a href=""https://m.stock.naver.com/domestic/stock/389140/total"" target=""_blank"">Naver</a>"
274400,이노시뮬레이션,39.28186647578495,50.0,0.0,59.198533574292306,67.24026236711431,,"<a href=""https://m.stock.naver.com/domestic/stock/274400/total"" target=""_blank"">Naver</a>"
455900,엔젤로보틱스,39.27726036790448,50.0,0.0,74.78003974616895,35.98512786575165,,"<a href=""https://m.stock.naver.com/domestic/stock/455900/total"" target=""_blank"">Naver</a>"
014100,메디앙스,39.255903581537076,51.45633024795459,0.0,56.64882263467427,54.34446338593786,,"<a href=""https://m.stock.naver.com/domestic/stock/014100/total"" target=""_blank"">Naver</a>"
109820,진매트릭스,39.25476716564215,50.0,0.0,73.79976032112863,37.49582267058565,,"<a href=""https://m.stock.naver.com/domestic/stock/109820/total"" target=""_blank"">Naver</a>"
317770,엑스페릭스,39.254436862350055,52.190499374088866,0.0,53.1521090674124,52.49852662310989,,"<a href=""https://m.stock.naver.com/domestic/stock/317770/total"" target=""_blank"">Naver</a>"
065440,이루온,39.220652673821306,15.231507426083931,63.02293668037853,98.33723145996447,89.84581804159751,,"<a href=""https://m.stock.naver.com/domestic/stock/065440/total"" target=""_blank"">Naver</a>"
424980,마이크로투나노,39.17714965467292,50.0,0.0,71.93391971387042,39.67515366571752,,"<a href=""https://m.stock.naver.com/domestic/stock/424980/total"" target=""_blank"">Naver</a>"
115610,이미지스,39.10394272547522,50.0,0.0,53.44167117764583,75.19551215421274,,"<a href=""https://m.stock.naver.com/domestic/stock/115610/total"" target=""_blank"">Naver</a>"
175140,휴먼테크놀로지,39.08549612355204,47.668142470176036,0.0,72.10992763172928,65.47235756546985,,"<a href=""https://m.stock.naver.com/domestic/stock/175140/total"" target=""_blank"">Naver</a>"
359090,씨엔알리서치,39.083026040769646,20.547428262465065,56.41597094398677,88.43917467829095,76.13317758929637,,"<a href=""https://m.stock.naver.com/domestic/stock/359090/total"" target=""_blank"">Naver</a>"
065420,에스아이리소스,39.06552530351313,50.0,0.0,53.607628205920264,74.09524965842199,,"<a href=""https://m.stock.naver.com/domestic/stock/065420/total"" target=""_blank"">Naver</a>"
418420,라온텍,38.978826259115856,50.0,0.0,71.90906603899813,35.75839310432087,,"<a href=""https://m.stock.naver.com/domestic/stock/418420/total"" target=""_blank"">Naver</a>"
060240,스타코링크,38.90279462484895,53.75796829132138,0.0,27.289415221229923,78.38144255866261,,"<a href=""https://m.stock.naver.com/domestic/stock/060240/total"" target=""_blank"">Naver</a>"
060480,국일신동,38.8999224560951,50.0,0.0,74.70220222760494,28.59404466669198,,"<a href=""https://m.stock.naver.com/domestic/stock/060480/total"" target=""_blank"">Naver</a>"
355150,코스텍시스,38.888025953788215,50.0,0.0,70.68401445477842,36.39249016620744,,"<a href=""https://m.stock.naver.com/domestic/stock/355150/total"" target=""_blank"">Naver</a>"
289930,웨이비스,38.86952220468274,50.0,0.0,66.22746142630974,44.93552124103524,,"<a href=""https://m.stock.naver.com/domestic/stock/289930/total"" target=""_blank"">Naver</a>"
464080,에스오에스랩,38.859329518704556,50.0,0.0,74.44516794243677,28.296254489217645,,"<a href=""https://m.stock.naver.com/domestic/stock/464080/total"" target=""_blank"">Naver</a>"
253590,네오셈,38.83758674375615,6.9106589702451116,85.62794710643631,99.54622696029168,66.59163777941671,,"<a href=""https://m.stock.naver.com/domestic/stock/253590/total"" target=""_blank"">Naver</a>"
090150,아이윈,38.837359309340634,38.452254090837556,28.05833954278513,55.46213317890976,64.1041730250169,,"<a href=""https://m.stock.naver.com/domestic/stock/090150/total"" target=""_blank"">Naver</a>"
010170,대한광통신,38.75952755806272,53.634290484134006,0.0,35.330206016969804,60.9186533177068,,"<a href=""https://m.stock.naver.com/domestic/stock/010170/total"" target=""_blank"">Naver</a>"
388050,지투파워,38.70714921913631,17.215647650144778,61.51404663271787,94.67078572040774,70.64340797658404,,"<a href=""https://m.stock.naver.com/domestic/stock/388050/total"" target=""_blank"">Naver</a>"
057540,옴니시스템,38.649898016890006,20.569750645960863,50.869156146781116,99.1824536247579,73.45026460284835,,"<a href=""https://m.stock.naver.com/domestic/stock/057540/total"" target=""_blank"">Naver</a>"
295310,에이치브이엠,38.64779862416286,50.0,0.0,67.80352723696603,37.34891800932522,,"<a href=""https://m.stock.naver.com/domestic/stock/295310/total"" target=""_blank"">Naver</a>"
267980,매일유업,38.64125563124985,18.75838224096882,53.06085475754367,96.68504278526947,89.05016637511379,,"<a href=""https://m.stock.naver.com/domestic/stock/267980/total"" target=""_blank"">Naver</a>"
187870,디바이스,38.589368569768524,18.09277968703204,64.61641356568506,97.93256684642242,35.72681362971586,,"<a href=""https://m.stock.naver.com/domestic/stock/187870/total"" target=""_blank"">Naver</a>"
079370,제우스,38.58395100259833,16.021999249766875,68.08592262804085,94.9286411005598,49.12813371344028,,"<a href=""https://m.stock.naver.com/domestic/stock/079370/total"" target=""_blank"">Naver</a>"
001840,이화공영,38.57566844432844,50.0,0.0,37.82560114842933,95.86216658971033,,"<a href=""https://m.stock.naver.com/domestic/stock/001840/total"" target=""_blank"">Naver</a>"
097800,윈팩,38.5726102940446,50.0,0.0,45.86882247639272,79.71456092810656,,"<a href=""https://m.stock.naver.com/domestic/stock/097800/total"" target=""_blank"">Naver</a>"
112290,와이씨켐,38.55516700545878,50.0,0.0,48.66388243269472,73.7755752437862,,"<a href=""https://m.stock.naver.com/domestic/stock/112290/total"" target=""_blank"">Naver</a>"
138610,나이벡,38.55492680715947,50.0,0.0,65.55419091851203,39.99015430616528,,"<a href=""https://m.stock.naver.com/domestic/stock/138610/total"" target=""_blank"">Naver</a>"
035620,바른손이앤에이,38.54449719473804,30.94658394807723,65.7707706592361,25.33854161082679,20.0,,"<a href=""https://m.stock.naver.com/domestic/stock/035620/total"" target=""_blank"">Naver</a>"
460470,아이빔테크놀로지,38.478591293422866,50.0,0.0,74.7112472734755,20.14933132150626,,"<a href=""https://m.stock.naver.com/domestic/stock/460470/total"" target=""_blank"">Naver</a>"
203400,에이비온,38.477600903666115,60.039386233822306,0.0,14.539691633727328,20.0,,"<a href=""https://m.stock.naver.com/domestic/stock/203400/total"" target=""_blank"">Naver</a>"
377460,위니아에이드,38.441169368627875,51.20157276816932,0.0,36.666666666666664,81.07118082119239,,"<a href=""https://m.stock.naver.com/domestic/stock/377460/total"" target=""_blank"">Naver</a>"
143240,사람인,38.42388471714502,13.123031669226592,67.4439600962336,98.60015389819081,76.58120603463179,,"<a href=""https://m.stock.naver.com/domestic/stock/143240/total"" target=""_blank"">Naver</a>"
177350,베셀,38.40736515331346,48.58139203248044,0.0,55.29300923987876,74.58458019674637,,"<a href=""https://m.stock.naver.com/domestic/stock/177350/total"" target=""_blank"">Naver</a>"
263920,휴엠앤씨,38.38333960871431,17.796983540264304,60.69972689423029,92.21936143683243,66.16563234629817,,"<a href=""https://m.stock.naver.com/domestic/stock/263920/total"" target=""_blank"">Naver</a>"
432430,와이랩,38.362601131116804,44.73954695492815,0.0,73.34780801624612,83.68184313070603,,"<a href=""https://m.stock.naver.com/domestic/stock/432430/total"" target=""_blank"">Naver</a>"
193250,링크드,38.32392301929566,42.8782364575468,0.0,99.06973862181151,53.8001456517287,,"<a href=""https://m.stock.naver.com/domestic/stock/193250/total"" target=""_blank"">Naver</a>"
358570,지아이이노베이션,38.31832704742409,50.0,0.0,73.18327047424093,20.0,,"<a href=""https://m.stock.naver.com/domestic/stock/358570/total"" target=""_blank"">Naver</a>"
072870,메가스터디,38.29421621258658,16.587117951353687,70.86523192690579,69.20020692630368,74.11233534835121,,"<a href=""https://m.stock.naver.com/domestic/stock/072870/total"" target=""_blank"">Naver</a>"
352480,씨앤씨인터내셔널,38.28837599582901,13.03246590808814,71.21650237223045,86.96660037711746,79.36221640413531,,"<a href=""https://m.stock.naver.com/domestic/stock/352480/total"" target=""_blank"">Naver</a>"
363250,진시스템,38.27574869905994,44.26986037975961,0.0,98.64517445010158,36.98630052388026,,"<a href=""https://m.stock.naver.com/domestic/stock/363250/total"" target=""_blank"">Naver</a>"
246720,아스타,38.263394566259194,50.0,0.0,69.36317586785498,26.54153958947396,,"<a href=""https://m.stock.naver.com/domestic/stock/246720/total"" target=""_blank"">Naver</a>"
261780,차백신연구소,38.22175133278024,50.0,0.0,72.21751332780238,20.0,,"<a href=""https://m.stock.naver.com/domestic/stock/261780/total"" target=""_blank"">Naver</a>"
104480,티케이케미칼,38.191620050741136,50.0,0.0,53.79483927186851,56.24272247108565,,"<a href=""https://m.stock.naver.com/domestic/stock/104480/total"" target=""_blank"">Naver</a>"
200470,에이팩트,38.19098006057586,50.0,0.0,38.083075298938176,87.6534506136409,,"<a href=""https://m.stock.naver.com/domestic/stock/200470/total"" target=""_blank"">Naver</a>"
294630,서남,38.162248767822405,50.0,0.0,65.4516220192792,32.34173131788967,,"<a href=""https://m.stock.naver.com/domestic/stock/294630/total"" target=""_blank"">Naver</a>"
204630,스튜디오산타클로스,38.15933784875574,52.603141153058196,0.0,40.226570547644116,51.49592204312821,,"<a href=""https://m.stock.naver.com/domestic/stock/204630/total"" target=""_blank"">Naver</a>"
035200,프럼파스트,38.14818902045368,17.975660276278496,57.782019501201326,99.5857419613134,59.17427566509811,,"<a href=""https://m.stock.naver.com/domestic/stock/035200/total"" target=""_blank"">Naver</a>"
117670,알파칩스,38.14741259850139,39.892613628584996,10.422166355382778,71.02353726226848,90.0789821255569,,"<a href=""https://m.stock.naver.com/domestic/stock/117670/total"" target=""_blank"">Naver</a>"
147760,피엠티,38.09573542010526,50.0,0.0,57.39831338769666,47.11808162671173,,"<a href=""https://m.stock.naver.com/domestic/stock/147760/total"" target=""_blank"">Naver</a>"
225430,케이엠제약,38.02211206049839,50.0,0.0,51.34370287734555,57.75483545527659,,"<a href=""https://m.stock.naver.com/domestic/stock/225430/total"" target=""_blank"">Naver</a>"
484810,티엑스알로보틱스,38.01041263884107,50.0,0.0,70.07031740675275,20.067617963315847,,"<a href=""https://m.stock.naver.com/domestic/stock/484810/total"" target=""_blank"">Naver</a>"
101730,위메이드맥스,37.931829366706225,43.82280052603585,6.456434769059989,74.55041476267269,51.37997765104899,,"<a href=""https://m.stock.naver.com/domestic/stock/101730/total"" target=""_blank"">Naver</a>"
365270,큐라클,37.91129087585753,50.0,0.0,65.48989176254395,27.24603399206267,,"<a href=""https://m.stock.naver.com/domestic/stock/365270/total"" target=""_blank"">Naver</a>"
287840,인투셀,37.88212745085525,50.0,0.0,48.82127450855252,60.0,,"<a href=""https://m.stock.naver.com/domestic/stock/287840/total"" target=""_blank"">Naver</a>"
017650,대림제지,37.8694387691261,17.342210218686855,57.40674183322374,99.59138438541697,63.065774821327146,,"<a href=""https://m.stock.naver.com/domestic/stock/017650/total"" target=""_blank"">Naver</a>"
950160,코오롱티슈진,37.820180700633,50.0,0.0,51.073551061610964,54.256511889438215,,"<a href=""https://m.stock.naver.com/domestic/stock/950160/total"" target=""_blank"">Naver</a>"
348080,큐라티스,37.81550273478805,50.0,0.0,44.71983705039294,66.87038059497507,,"<a href=""https://m.stock.naver.com/domestic/stock/348080/total"" target=""_blank"">Naver</a>"
234100,폴라리스세원,37.81064377500584,24.344522348929114,49.422629979123144,74.4347118276342,68.0960337620835,,"<a href=""https://m.stock.naver.com/domestic/stock/234100/total"" target=""_blank"">Naver</a>"
210120,캔버스엔,37.789702783589306,50.0,0.0,54.22494133314622,47.34417300549374,,"<a href=""https://m.stock.naver.com/domestic/stock/210120/total"" target=""_blank"">Naver</a>"
464500,아이언디바이스,37.77538436465923,50.97014513226017,0.0,49.581136010925576,44.703673684211566,,"<a href=""https://m.stock.naver.com/domestic/stock/464500/total"" target=""_blank"">Naver</a>"
229000,젠큐릭스,37.58838638361746,50.0,0.0,50.344461859483374,51.078803953382405,,"<a href=""https://m.stock.naver.com/domestic/stock/229000/total"" target=""_blank"">Naver</a>"
009300,삼아제약,37.58184178044041,7.15494059428455,84.65645820971474,99.60885379783247,43.27754983315506,,"<a href=""https://m.stock.naver.com/domestic/stock/009300/total"" target=""_blank"">Naver</a>"
045060,오공,37.564117850905866,15.980216970715299,55.02651780285154,99.52273200311663,85.34170034904284,,"<a href=""https://m.stock.naver.com/domestic/stock/045060/total"" target=""_blank"">Naver</a>"
389500,에스비비테크,37.55944152913539,50.0,0.0,51.445981661253875,48.29686726019995,,"<a href=""https://m.stock.naver.com/domestic/stock/389500/total"" target=""_blank"">Naver</a>"
008290,원풍물산,37.55555063828565,50.0,0.0,43.19917724622636,64.71265827326042,,"<a href=""https://m.stock.naver.com/domestic/stock/008290/total"" target=""_blank"">Naver</a>"
170030,현대공업,37.523750376767474,17.343391627381248,52.65812041124584,93.76528627069864,91.53313340914808,,"<a href=""https://m.stock.naver.com/domestic/stock/170030/total"" target=""_blank"">Naver</a>"
463480,모티브링크,37.48297215213431,26.65446323727238,40.90441982999847,69.2318699964794,86.82004505246658,,"<a href=""https://m.stock.naver.com/domestic/stock/463480/total"" target=""_blank"">Naver</a>"
067770,세진티에스,37.45229859803135,12.214811230333359,66.28691729051144,99.92497160427726,71.18370753551486,,"<a href=""https://m.stock.naver.com/domestic/stock/067770/total"" target=""_blank"">Naver</a>"
234920,자이글,37.405487993232036,50.0,0.0,45.26938670420899,57.57098645622282,,"<a href=""https://m.stock.naver.com/domestic/stock/234920/total"" target=""_blank"">Naver</a>"
298060,에스씨엠생명과학,37.35775318249906,50.0,0.0,50.244198491657265,46.666666666666664,,"<a href=""https://m.stock.naver.com/domestic/stock/298060/total"" target=""_blank"">Naver</a>"
498390,한화플러스제5호스팩,37.355169225601585,50.0,4.970527023052738,51.125374698384036,20.0,,"<a href=""https://m.stock.naver.com/domestic/stock/498390/total"" target=""_blank"">Naver</a>"
050120,ES큐브,37.324725065402106,32.54018202416176,38.687539141331655,65.48506151675831,31.60449827792611,,"<a href=""https://m.stock.naver.com/domestic/stock/050120/total"" target=""_blank"">Naver</a>"
075970,동국알앤에스,37.310528114187825,27.33930263326239,43.43318988536674,72.2342550925593,56.50447107265555,,"<a href=""https://m.stock.naver.com/domestic/stock/075970/total"" target=""_blank"">Naver</a>"
065060,지엔코,37.285721839081695,42.95042159829986,13.829243010910327,52.15295708462272,56.857248378238445,,"<a href=""https://m.stock.naver.com/domestic/stock/065060/total"" target=""_blank"">Naver</a>"
307180,아이엘,37.26099305497738,38.52015201845209,30.65241975767492,28.52554918098581,72.66483972777624,,"<a href=""https://m.stock.naver.com/domestic/stock/307180/total"" target=""_blank"">Naver</a>"
393210,토마토시스템,37.25496887013908,42.47089345290731,0.0,73.5257510867141,88.39715379446568,,"<a href=""https://m.stock.naver.com/domestic/stock/393210/total"" target=""_blank"">Naver</a>"
900300,오가닉티코스메틱,37.23480978994958,44.81734560664796,0.0,74.37686941778392,58.13430968364829,,"<a href=""https://m.stock.naver.com/domestic/stock/900300/total"" target=""_blank"">Naver</a>"
126730,코칩,37.10995301491689,19.20901253541462,56.182947813250415,91.52737217082384,47.72142646546263,,"<a href=""https://m.stock.naver.com/domestic/stock/126730/total"" target=""_blank"">Naver</a>"
089600,KT나스미디어,37.06264814476305,30.038561311893773,42.80285249418613,71.52903276513321,23.7178991513387,,"<a href=""https://m.stock.naver.com/domestic/stock/089600/total"" target=""_blank"">Naver</a>"
065570,삼영이엔씨,37.061120617659256,50.0,0.0,49.111482236773604,42.99944787963796,,"<a href=""https://m.stock.naver.com/domestic/stock/065570/total"" target=""_blank"">Naver</a>"
023600,삼보판지,36.974611800416966,14.549723414311083,57.907483934774916,99.29987578272531,76.75838379728104,,"<a href=""https://m.stock.naver.com/domestic/stock/023600/total"" target=""_blank"">Naver</a>"
095700,제넥신,36.930273152671816,50.0,0.0,59.302731526718176,20.0,,"<a href=""https://m.stock.naver.com/domestic/stock/095700/total"" target=""_blank"">Naver</a>"
199430,케이엔알시스템,36.899262476337185,46.52840892927548,0.0,63.398333411843275,52.84767555175132,,"<a href=""https://m.stock.naver.com/domestic/stock/199430/total"" target=""_blank"">Naver</a>"
071850,캐스텍코리아,36.865203495601044,42.72958743035068,9.874697897920797,50.325437291748386,74.52465667471189,,"<a href=""https://m.stock.naver.com/domestic/stock/071850/total"" target=""_blank"">Naver</a>"
177830,파버나인,36.854031729395935,21.660439975628947,57.2142829205201,60.7014153342653,69.6811096092402,,"<a href=""https://m.stock.naver.com/domestic/stock/177830/total"" target=""_blank"">Naver</a>"
045100,한양이엔지,36.83097480353763,11.17611772262184,63.07877519353884,97.44046462605746,92.2312781794814,,"<a href=""https://m.stock.naver.com/domestic/stock/045100/total"" target=""_blank"">Naver</a>"
396270,넥스트칩,36.82490742756356,50.0,0.0,40.55366707294083,55.39081440538946,,"<a href=""https://m.stock.naver.com/domestic/stock/396270/total"" target=""_blank"">Naver</a>"
138070,신진에스엠,36.78600785084374,25.358103628896504,44.66338979437032,81.42918969527354,45.247585107718045,,"<a href=""https://m.stock.naver.com/domestic/stock/138070/total"" target=""_blank"">Naver</a>"
074600,원익QnC,36.693958138853624,18.351254788666186,64.73233672845335,65.97935395731542,58.043713756180566,,"<a href=""https://m.stock.naver.com/domestic/stock/074600/total"" target=""_blank"">Naver</a>"
007770,한일화학,36.68303767244868,34.284651129934,22.282728324452787,70.92293906144873,68.98542014460416,,"<a href=""https://m.stock.naver.com/domestic/stock/007770/total"" target=""_blank"">Naver</a>"
086820,바이오솔루션,36.67162959076646,50.0,0.0,48.05895521142793,37.314681392473304,,"<a href=""https://m.stock.naver.com/domestic/stock/086820/total"" target=""_blank"">Naver</a>"
900250,크리스탈신소재,36.658253806639664,17.13732997340928,53.7496118198242,99.64301909250399,59.48301916775285,,"<a href=""https://m.stock.naver.com/domestic/stock/900250/total"" target=""_blank"">Naver</a>"
172670,에이엘티,36.61764601677804,47.48068968238752,0.0,46.20687185182035,70.17090044326974,,"<a href=""https://m.stock.naver.com/domestic/stock/172670/total"" target=""_blank"">Naver</a>"
033130,디지틀조선,36.61675464355594,15.452811000732558,56.98733402940451,99.48172915696586,63.001232401373976,,"<a href=""https://m.stock.naver.com/domestic/stock/033130/total"" target=""_blank"">Naver</a>"
049180,셀루메드,36.6094166545927,44.159174746601,5.788633599234598,40.07325993017926,93.18854827611048,,"<a href=""https://m.stock.naver.com/domestic/stock/049180/total"" target=""_blank"">Naver</a>"
005990,매일홀딩스,36.52117455481781,16.698103895533247,51.188807689073656,92.21917181022783,89.66386228413324,,"<a href=""https://m.stock.naver.com/domestic/stock/005990/total"" target=""_blank"">Naver</a>"
244460,올리패스,36.48865624282567,50.0,0.0,45.33685457338461,39.09941570974411,,"<a href=""https://m.stock.naver.com/domestic/stock/244460/total"" target=""_blank"">Naver</a>"
196300,HLB펩,36.41630291422453,50.0,0.0,40.47860860360448,47.36884107728166,,"<a href=""https://m.stock.naver.com/domestic/stock/196300/total"" target=""_blank"">Naver</a>"
215100,로보로보,36.40712096438146,35.530124838103234,22.902320473014573,74.82159301541152,37.6261328344945,,"<a href=""https://m.stock.naver.com/domestic/stock/215100/total"" target=""_blank"">Naver</a>"
493790,유안타제17호스팩,36.39363624908188,50.0,0.6789109340027984,52.23908515581179,20.0,,"<a href=""https://m.stock.naver.com/domestic/stock/493790/total"" target=""_blank"">Naver</a>"
038060,루멘스,36.31095786046833,21.669800076194917,48.24990289479208,72.5637981277161,79.804445565635,,"<a href=""https://m.stock.naver.com/domestic/stock/038060/total"" target=""_blank"">Naver</a>"
049480,오픈베이스,36.2916442749972,17.28890247717995,52.37483213519359,82.78419178137447,90.92351153506777,,"<a href=""https://m.stock.naver.com/domestic/stock/049480/total"" target=""_blank"">Naver</a>"
348150,고바이오랩,36.227692529157245,36.82722772753696,4.843021592500876,94.76119165594595,68.88962657830518,,"<a href=""https://m.stock.naver.com/domestic/stock/348150/total"" target=""_blank"">Naver</a>"
028300,HLB,36.19946039549692,42.8893242012777,0.0,72.3654866971874,64.58634410023129,,"<a href=""https://m.stock.naver.com/domestic/stock/028300/total"" target=""_blank"">Naver</a>"
156100,엘앤케이바이오,36.15659262356426,15.591404469720372,76.07440012654553,63.15215996824027,29.35867826543249,,"<a href=""https://m.stock.naver.com/domestic/stock/156100/total"" target=""_blank"">Naver</a>"
038290,마크로젠,36.145349917909506,40.197933809270864,7.732264012095356,73.48937789843299,54.89171678959693,,"<a href=""https://m.stock.naver.com/domestic/stock/038290/total"" target=""_blank"">Naver</a>"
226330,신테카바이오,36.13462491720208,52.06557416127441,0.0,18.952804204374353,60.0,,"<a href=""https://m.stock.naver.com/domestic/stock/226330/total"" target=""_blank"">Naver</a>"
081180,쎄크,36.017003847010045,50.0,0.0,43.386277060632786,33.56752281893538,,"<a href=""https://m.stock.naver.com/domestic/stock/081180/total"" target=""_blank"">Naver</a>"
023160,태광,35.991832725408436,9.963557194227631,74.09854939916667,95.69152477464101,38.39817163232186,,"<a href=""https://m.stock.naver.com/domestic/stock/023160/total"" target=""_blank"">Naver</a>"
293780,압타바이오,35.98371765417907,45.06617134090874,0.0,53.232581520902926,72.41513395087065,,"<a href=""https://m.stock.naver.com/domestic/stock/293780/total"" target=""_blank"">Naver</a>"
382800,지앤비에스 에코,35.89897207376546,22.37022668236165,53.28028763687015,67.75241141737342,47.630460267871655,,"<a href=""https://m.stock.naver.com/domestic/stock/382800/total"" target=""_blank"">Naver</a>"
155650,와이엠씨,35.85966529253623,19.324430070853865,50.08671163607306,74.58710845065515,85.69236991880263,,"<a href=""https://m.stock.naver.com/domestic/stock/155650/total"" target=""_blank"">Naver</a>"
094820,일진파워,35.80023098517459,20.541432377963048,46.3313721446811,82.4532417184302,72.94408700766931,,"<a href=""https://m.stock.naver.com/domestic/stock/094820/total"" target=""_blank"">Naver</a>"
050760,에스폴리텍,35.67387181442541,29.21882636553353,33.59611144435638,64.01393249772023,66.84309768488353,,"<a href=""https://m.stock.naver.com/domestic/stock/050760/total"" target=""_blank"">Naver</a>"
321820,아티스트컴퍼니,35.653731818884644,43.50773088930964,0.0,63.13303678349426,64.71579213898869,,"<a href=""https://m.stock.naver.com/domestic/stock/321820/total"" target=""_blank"">Naver</a>"
208140,정다운,35.61428939747689,11.950915287454349,61.56939711722793,87.59090917398358,85.84600056597876,,"<a href=""https://m.stock.naver.com/domestic/stock/208140/total"" target=""_blank"">Naver</a>"
086960,MDS테크,35.601730722680585,21.650358560328456,47.56397634857416,74.27685046067734,65.85672906544475,,"<a href=""https://m.stock.naver.com/domestic/stock/086960/total"" target=""_blank"">Naver</a>"
062970,한국첨단소재,35.546995143267885,50.0,0.0,33.0332555825681,44.87339170022147,,"<a href=""https://m.stock.naver.com/domestic/stock/062970/total"" target=""_blank"">Naver</a>"
137400,피엔티,35.54647999919383,8.187535276663999,81.71233744591082,81.33596792094284,41.445553592468826,,"<a href=""https://m.stock.naver.com/domestic/stock/137400/total"" target=""_blank"">Naver</a>"
230980,비유테크놀러지,35.490528105562504,50.0,0.0,36.666666666666664,36.477228777916764,,"<a href=""https://m.stock.naver.com/domestic/stock/230980/total"" target=""_blank"">Naver</a>"
091700,파트론,35.464214588183985,11.8810260451774,56.288186881626075,97.83898827247391,89.59306826847263,,"<a href=""https://m.stock.naver.com/domestic/stock/091700/total"" target=""_blank"">Naver</a>"
036180,지더블유바이텍,35.459630013666995,44.10423497203325,0.0,50.34062470629664,79.26053119634761,,"<a href=""https://m.stock.naver.com/domestic/stock/036180/total"" target=""_blank"">Naver</a>"
348370,엔켐,35.435890869204066,45.48478603227782,0.0,53.82479948643359,55.25078602388036,,"<a href=""https://m.stock.naver.com/domestic/stock/348370/total"" target=""_blank"">Naver</a>"
127980,화인써키트,35.43254583136076,21.64460729089836,47.916085979622466,68.50287322932618,72.3294527796703,,"<a href=""https://m.stock.naver.com/domestic/stock/127980/total"" target=""_blank"">Naver</a>"
101330,모베이스,35.40902504452972,18.875767244193746,51.50601683346395,71.4320710426542,81.27706770764131,,"<a href=""https://m.stock.naver.com/domestic/stock/101330/total"" target=""_blank"">Naver</a>"
117730,티로보틱스,35.3792939886898,42.53387588325568,8.84633304472791,49.523351554650525,53.90100084178725,,"<a href=""https://m.stock.naver.com/domestic/stock/117730/total"" target=""_blank"">Naver</a>"
285800,진영,35.37264484372833,33.333333333333336,22.48580136765877,67.1820372223777,60.659815591517386,,"<a href=""https://m.stock.naver.com/domestic/stock/285800/total"" target=""_blank"">Naver</a>"
066310,큐에스아이,35.3677995377938,19.795615995023343,55.99693560781005,74.83701256084389,40.14989565485786,,"<a href=""https://m.stock.naver.com/domestic/stock/066310/total"" target=""_blank"">Naver</a>"
133750,메가엠디,35.35082812148888,15.161408488038601,56.57155305894565,78.93507028319958,84.351754712187,,"<a href=""https://m.stock.naver.com/domestic/stock/133750/total"" target=""_blank"">Naver</a>"
347770,핌스,35.29352382936197,40.82039906166598,3.008527974740801,62.76188385827974,75.45928025698424,,"<a href=""https://m.stock.naver.com/domestic/stock/347770/total"" target=""_blank"">Naver</a>"
187660,현대ADM,35.28867511318865,50.0,0.0,30.46924492283418,44.83501241810478,,"<a href=""https://m.stock.naver.com/domestic/stock/187660/total"" target=""_blank"">Naver</a>"
417200,LS머트리얼즈,35.211125929603845,18.567392675057196,46.404795644112994,93.85624663545782,61.67733499990986,,"<a href=""https://m.stock.naver.com/domestic/stock/417200/total"" target=""_blank"">Naver</a>"
079810,디이엔티,35.14554573125065,10.661474294685894,66.0309810364818,93.6969762232803,57.42436545981264,,"<a href=""https://m.stock.naver.com/domestic/stock/079810/total"" target=""_blank"">Naver</a>"
078350,한양디지텍,35.13570394640649,11.603064765139118,61.672958989013644,81.10748163047663,92.89754354043892,,"<a href=""https://m.stock.naver.com/domestic/stock/078350/total"" target=""_blank"">Naver</a>"
308100,형지글로벌,35.13324014425365,45.95898171255548,0.0,56.97115788430415,37.214706565799005,,"<a href=""https://m.stock.naver.com/domestic/stock/308100/total"" target=""_blank"">Naver</a>"
126880,제이엔케이글로벌,35.070697131114684,22.301835537571918,45.96509245980627,64.37808011051857,75.21029365136218,,"<a href=""https://m.stock.naver.com/domestic/stock/126880/total"" target=""_blank"">Naver</a>"
318000,KBG,35.040195248692775,12.819088602726035,62.43494931549009,97.88000305960378,39.04008904448497,,"<a href=""https://m.stock.naver.com/domestic/stock/318000/total"" target=""_blank"">Naver</a>"
014190,원익큐브,34.9816226041629,20.427354968211855,43.89085867216347,75.05030530689038,84.94928849011768,,"<a href=""https://m.stock.naver.com/domestic/stock/014190/total"" target=""_blank"">Naver</a>"
351320,넥사다이내믹스,34.92973002398318,51.00993631030993,0.0,20.704319791286956,45.06672517337058,,"<a href=""https://m.stock.naver.com/domestic/stock/351320/total"" target=""_blank"">Naver</a>"
092190,서울바이오시스,34.924070533447846,23.655094053397566,54.67073297439134,27.5,86.26661715622949,,"<a href=""https://m.stock.naver.com/domestic/stock/092190/total"" target=""_blank"">Naver</a>"
050890,쏠리드,34.81648638502346,7.006278071545602,69.92869817722504,91.0896207146212,80.43165852655432,,"<a href=""https://m.stock.naver.com/domestic/stock/050890/total"" target=""_blank"">Naver</a>"
023790,동일스틸럭스,34.80726026170867,50.0,0.0,29.73537083316657,36.674463567840206,,"<a href=""https://m.stock.naver.com/domestic/stock/023790/total"" target=""_blank"">Naver</a>"
276730,한울앤제주,34.78468752143038,47.464242671673055,0.0,38.63298705826186,48.85686425200714,,"<a href=""https://m.stock.naver.com/domestic/stock/276730/total"" target=""_blank"">Naver</a>"
060260,뉴보텍,34.708523611988156,17.720451723998803,50.78619246944198,71.10152557270743,85.39103805915278,,"<a href=""https://m.stock.naver.com/domestic/stock/060260/total"" target=""_blank"">Naver</a>"
088130,동아엘텍,34.68728409075492,38.32963467030396,20.824744996812075,47.2905157187742,35.08530934984226,,"<a href=""https://m.stock.naver.com/domestic/stock/088130/total"" target=""_blank"">Naver</a>"
369370,블리츠웨이엔터테인먼트,34.59186328656993,41.81818642688367,0.0,53.61241756765728,82.79419347348008,,"<a href=""https://m.stock.naver.com/domestic/stock/369370/total"" target=""_blank"">Naver</a>"
052020,에스티큐브,34.54834800785002,40.6675262233473,0.0,67.87556112463459,67.20552322756349,,"<a href=""https://m.stock.naver.com/domestic/stock/052020/total"" target=""_blank"">Naver</a>"
322180,LS티라유텍,34.52574385487935,36.44856811422208,9.761793426939652,62.08227032663939,80.15855193894515,,"<a href=""https://m.stock.naver.com/domestic/stock/322180/total"" target=""_blank"">Naver</a>"
153490,우리이앤엘,34.40429610394428,14.072348494289699,50.00678552249658,98.77453669810549,71.63473913871545,,"<a href=""https://m.stock.naver.com/domestic/stock/153490/total"" target=""_blank"">Naver</a>"
171120,라이온켐텍,34.34763077189471,15.098383098583048,52.517760873476696,82.03053738759647,79.12213911232115,,"<a href=""https://m.stock.naver.com/domestic/stock/171120/total"" target=""_blank"">Naver</a>"
148250,알엔투테크놀로지,34.32018166848356,41.747907718364154,0.0,72.88143481583165,39.665871117638126,,"<a href=""https://m.stock.naver.com/domestic/stock/148250/total"" target=""_blank"">Naver</a>"
045510,정원엔시스,34.314204830387,18.891307852764086,42.35061436259878,80.2278602107731,87.37961014003082,,"<a href=""https://m.stock.naver.com/domestic/stock/045510/total"" target=""_blank"">Naver</a>"
085660,차바이오텍,34.223219205128984,50.10847984882505,3.552897113794167,15.199070173854112,35.0,,"<a href=""https://m.stock.naver.com/domestic/stock/085660/total"" target=""_blank"">Naver</a>"
182360,큐브엔터,34.17019747825491,10.380274988909795,60.116499317314606,87.82950063567738,82.59915184025293,,"<a href=""https://m.stock.naver.com/domestic/stock/182360/total"" target=""_blank"">Naver</a>"
042500,링네트,34.16147336972648,5.3363082249636244,67.39716812623665,98.6401685566228,84.9275909505373,,"<a href=""https://m.stock.naver.com/domestic/stock/042500/total"" target=""_blank"">Naver</a>"
054940,엑사이엔씨,34.14510098104179,14.940363206248145,53.942018353185865,74.3481677337279,85.21123391247295,,"<a href=""https://m.stock.naver.com/domestic/stock/054940/total"" target=""_blank"">Naver</a>"
241520,DSC인베스트먼트,34.12678098228768,4.668120587437749,84.89958247000463,89.67269312792124,22.67487399063486,,"<a href=""https://m.stock.naver.com/domestic/stock/241520/total"" target=""_blank"">Naver</a>"
334970,프레스티지바이오로직스,34.01528490163832,50.0,0.0,31.665345407352707,16.975007218060995,,"<a href=""https://m.stock.naver.com/domestic/stock/334970/total"" target=""_blank"">Naver</a>"
232140,와이씨,33.98304610026229,19.03674937461978,52.70872755154085,74.07389592887814,39.52849989434798,,"<a href=""https://m.stock.naver.com/domestic/stock/232140/total"" target=""_blank"">Naver</a>"
191410,육일씨엔에쓰,33.972067435585316,34.07327532285425,20.97751087535404,48.31191541238149,69.05065963592216,,"<a href=""https://m.stock.naver.com/domestic/stock/191410/total"" target=""_blank"">Naver</a>"
038070,서린바이오,33.924016993144136,17.535906314463954,48.17216193653453,85.79527768191844,55.598099042805764,,"<a href=""https://m.stock.naver.com/domestic/stock/038070/total"" target=""_blank"">Naver</a>"
007530,와이엠,33.87602908631713,17.142887285190593,53.186846322917454,61.5703624333365,82.73097782279527,,"<a href=""https://m.stock.naver.com/domestic/stock/007530/total"" target=""_blank"">Naver</a>"
039610,화성밸브,33.84954670017137,10.674716539651614,62.147750594030065,96.83560066751703,44.48438122242365,,"<a href=""https://m.stock.naver.com/domestic/stock/039610/total"" target=""_blank"">Naver</a>"
069080,웹젠,33.82993895660254,0.0,84.57994457975518,99.64204271731722,54.41497079864036,,"<a href=""https://m.stock.naver.com/domestic/stock/069080/total"" target=""_blank"">Naver</a>"
078020,LS증권,33.729889090780276,20.585913998337816,81.51336276711034,0.0,20.0,,"<a href=""https://m.stock.naver.com/domestic/stock/078020/total"" target=""_blank"">Naver</a>"
131400,이브이첨단소재,33.560866997315976,31.15715964652303,16.34880742901291,68.27231115635695,79.0427647302648,,"<a href=""https://m.stock.naver.com/domestic/stock/131400/total"" target=""_blank"">Naver</a>"
900100,애머릿지,33.439092631022014,38.84455825632836,0.0,64.19705162293346,74.25305029863304,,"<a href=""https://m.stock.naver.com/domestic/stock/900100/total"" target=""_blank"">Naver</a>"
038540,상상인,33.28364137365247,45.611700508928884,0.0,41.66621068295142,35.0,,"<a href=""https://m.stock.naver.com/domestic/stock/038540/total"" target=""_blank"">Naver</a>"
018310,삼목에스폼,33.23229908323308,2.725792743383512,73.40574618608265,99.42510688685566,66.05752403993495,,"<a href=""https://m.stock.naver.com/domestic/stock/018310/total"" target=""_blank"">Naver</a>"
357230,에이치피오,33.175860501525264,14.593135600617927,47.05361736498478,87.61494949573283,77.90159700670061,,"<a href=""https://m.stock.naver.com/domestic/stock/357230/total"" target=""_blank"">Naver</a>"
100120,뷰웍스,33.13973869234066,12.066788757887734,62.64324605912318,80.33169134496111,44.113695766622264,,"<a href=""https://m.stock.naver.com/domestic/stock/100120/total"" target=""_blank"">Naver</a>"
038500,삼표시멘트,33.08653013163073,8.86310113821069,67.02430803746218,73.8555631730533,72.54072244066894,,"<a href=""https://m.stock.naver.com/domestic/stock/038500/total"" target=""_blank"">Naver</a>"
183490,엔지켐생명과학,33.07027851625297,36.61619337787521,0.0,74.69899887025699,72.61325205004285,,"<a href=""https://m.stock.naver.com/domestic/stock/183490/total"" target=""_blank"">Naver</a>"
140070,서플러스글로벌,33.03271013511255,21.26233608982017,46.631190716569925,63.63250186387857,45.08521231380215,,"<a href=""https://m.stock.naver.com/domestic/stock/140070/total"" target=""_blank"">Naver</a>"
065500,오리엔트정공,33.02771513900804,23.309181162244244,34.95135788191689,57.410196013698915,91.26694739624755,,"<a href=""https://m.stock.naver.com/domestic/stock/065500/total"" target=""_blank"">Naver</a>"
321550,티움바이오,33.007378910416456,40.778840958075136,0.0,59.74601737465062,51.309451962126246,,"<a href=""https://m.stock.naver.com/domestic/stock/321550/total"" target=""_blank"">Naver</a>"
084650,랩지노믹스,32.97711996052101,38.263970584033444,0.0,72.92686866935836,54.52101486330214,,"<a href=""https://m.stock.naver.com/domestic/stock/084650/total"" target=""_blank"">Naver</a>"
089230,THE E&M,32.9479737748017,44.03780125522932,0.0,42.117787058254166,46.270286316773934,,"<a href=""https://m.stock.naver.com/domestic/stock/089230/total"" target=""_blank"">Naver</a>"
383310,에코프로에이치엔,32.93380656599894,4.533391091240888,65.70301640580779,98.76686292434395,78.22663034736132,,"<a href=""https://m.stock.naver.com/domestic/stock/383310/total"" target=""_blank"">Naver</a>"
403490,우듬지팜,32.915345198499736,12.39101085380216,52.41490098479138,80.54831603962762,86.44363672115675,,"<a href=""https://m.stock.naver.com/domestic/stock/403490/total"" target=""_blank"">Naver</a>"
245620,EDGC,32.889776304080456,45.068564899404045,0.0,36.666666666666664,43.6394139554272,,"<a href=""https://m.stock.naver.com/domestic/stock/245620/total"" target=""_blank"">Naver</a>"
232830,아이티센피엔에스,32.889667140833865,33.333333333333336,19.00074533224055,40.50144986531906,81.78671642483631,,"<a href=""https://m.stock.naver.com/domestic/stock/232830/total"" target=""_blank"">Naver</a>"
291230,엔피,32.874986321680645,30.116514846645057,14.801551960268492,72.56508411479699,76.96362024293575,,"<a href=""https://m.stock.naver.com/domestic/stock/291230/total"" target=""_blank"">Naver</a>"
096240,크레버스,32.85316893539141,15.965178023293118,57.88388928085615,42.13954055412346,91.78271491578313,,"<a href=""https://m.stock.naver.com/domestic/stock/096240/total"" target=""_blank"">Naver</a>"
200780,비씨월드제약,32.834328503026356,36.137488191445435,10.983103009721928,58.52311536952951,51.07496597551314,,"<a href=""https://m.stock.naver.com/domestic/stock/200780/total"" target=""_blank"">Naver</a>"
014470,부방,32.789464030279206,14.947287519896255,49.452162489351814,68.70765925067354,91.74569941872295,,"<a href=""https://m.stock.naver.com/domestic/stock/014470/total"" target=""_blank"">Naver</a>"
083550,케이엠,32.74885721471034,26.5872620908178,25.87915648734941,70.93217728499559,64.66986219765504,,"<a href=""https://m.stock.naver.com/domestic/stock/083550/total"" target=""_blank"">Naver</a>"
011560,세보엠이씨,32.68779770436541,6.543599203753922,57.604699619972386,96.84511116431759,93.51904321376392,,"<a href=""https://m.stock.naver.com/domestic/stock/011560/total"" target=""_blank"">Naver</a>"
049550,잉크테크,32.685582946602004,17.606906615692523,46.623193742004325,77.717423541206,53.87796375129615,,"<a href=""https://m.stock.naver.com/domestic/stock/049550/total"" target=""_blank"">Naver</a>"
126700,하이비젼시스템,32.642134244312444,3.097152641330874,70.76708748809612,99.29787421132738,63.245667327142954,,"<a href=""https://m.stock.naver.com/domestic/stock/126700/total"" target=""_blank"">Naver</a>"
263690,디알젬,32.57135207238355,7.839564395287126,65.19381228346957,89.22185088552942,52.939505515818645,,"<a href=""https://m.stock.naver.com/domestic/stock/263690/total"" target=""_blank"">Naver</a>"
225220,제놀루션,32.52657906948121,38.41092749074332,0.0,72.43929976704494,44.72185196661439,,"<a href=""https://m.stock.naver.com/domestic/stock/225220/total"" target=""_blank"">Naver</a>"
348350,위드텍,32.504485873202896,16.499533547672513,50.82193546514,74.4632818307393,49.059073904809125,,"<a href=""https://m.stock.naver.com/domestic/stock/348350/total"" target=""_blank"">Naver</a>"
950140,잉글우드랩,32.43814853868546,3.8094195923525596,71.89724568851351,95.74933440291905,52.06503841707283,,"<a href=""https://m.stock.naver.com/domestic/stock/950140/total"" target=""_blank"">Naver</a>"
046970,우리로,32.38009259682957,35.057950839889855,5.106564173184338,73.00949747335586,55.35462604527978,,"<a href=""https://m.stock.naver.com/domestic/stock/046970/total"" target=""_blank"">Naver</a>"
033230,인성정보,32.36433788680036,27.922939485823193,20.850576882710737,62.14452671448127,83.66954606361247,,"<a href=""https://m.stock.naver.com/domestic/stock/033230/total"" target=""_blank"">Naver</a>"
080720,한국유니온제약,32.36358436528831,42.781952852477794,0.0,34.001756209400334,65.88474065723206,,"<a href=""https://m.stock.naver.com/domestic/stock/080720/total"" target=""_blank"">Naver</a>"
019210,와이지-원,32.35657341338676,18.243783137424646,54.60482330064013,57.721586714469396,39.73878068650015,,"<a href=""https://m.stock.naver.com/domestic/stock/019210/total"" target=""_blank"">Naver</a>"
078860,엔에스이엔엠,32.35211888741792,37.68694118398979,0.0,71.45488592715782,51.889311686165286,,"<a href=""https://m.stock.naver.com/domestic/stock/078860/total"" target=""_blank"">Naver</a>"
071670,에이테크솔루션,32.34847245152259,22.751691430123483,40.6705447206995,46.55756136788274,77.48130552970699,,"<a href=""https://m.stock.naver.com/domestic/stock/071670/total"" target=""_blank"">Naver</a>"
038010,제일테크노스,32.29699503682291,1.0836533967620345,71.32939584675127,95.42056188799195,85.44795696557362,,"<a href=""https://m.stock.naver.com/domestic/stock/038010/total"" target=""_blank"">Naver</a>"
217190,제너셈,32.27607538569581,8.078023996274224,63.616152056710575,85.2823371173123,59.93978524044807,,"<a href=""https://m.stock.naver.com/domestic/stock/217190/total"" target=""_blank"">Naver</a>"
052220,iMBC,32.23460046625422,12.046829711603687,48.10430851612179,92.45688930396742,74.69473159729641,,"<a href=""https://m.stock.naver.com/domestic/stock/052220/total"" target=""_blank"">Naver</a>"
301300,바이브컴퍼니,32.23308710042994,36.620856040928885,0.0,64.02210231054102,77.1672648963702,,"<a href=""https://m.stock.naver.com/domestic/stock/301300/total"" target=""_blank"">Naver</a>"
047560,이스트소프트,32.159969581001256,37.73392900304208,0.0,59.733131813264436,70.92597995699131,,"<a href=""https://m.stock.naver.com/domestic/stock/047560/total"" target=""_blank"">Naver</a>"
037400,우리엔터프라이즈,32.12410938515496,17.060357775826233,42.53082799960578,68.94772002634181,87.20831434247185,,"<a href=""https://m.stock.naver.com/domestic/stock/037400/total"" target=""_blank"">Naver</a>"
038880,아이에이,32.04949141677986,39.61434528082783,0.0,49.38989593576823,66.83789309412674,,"<a href=""https://m.stock.naver.com/domestic/stock/038880/total"" target=""_blank"">Naver</a>"
082850,우리바이오,31.95209389233175,17.161761848038296,42.863291341292985,65.54071970505287,87.70283955360478,,"<a href=""https://m.stock.naver.com/domestic/stock/082850/total"" target=""_blank"">Naver</a>"
053300,한국정보인증,31.930126052145702,35.92549288390314,18.29738765121105,48.00483409001057,20.0,,"<a href=""https://m.stock.naver.com/domestic/stock/053300/total"" target=""_blank"">Naver</a>"
340810,시선AI,31.87674162989502,41.49199588563808,0.0,29.254473373759296,81.12193522272486,,"<a href=""https://m.stock.naver.com/domestic/stock/340810/total"" target=""_blank"">Naver</a>"
040910,아이씨디,31.743386320255823,38.43695930257518,0.0,61.15112353993601,51.32196769434226,,"<a href=""https://m.stock.naver.com/domestic/stock/040910/total"" target=""_blank"">Naver</a>"
067630,HLB생명과학,31.546865929183525,34.875362792537295,0.0,73.01454817352138,66.40386872618025,,"<a href=""https://m.stock.naver.com/domestic/stock/067630/total"" target=""_blank"">Naver</a>"
049630,재영솔루텍,31.495744936971658,18.190333713666487,48.37255473099074,45.85297930590156,78.06216190867848,,"<a href=""https://m.stock.naver.com/domestic/stock/049630/total"" target=""_blank"">Naver</a>"
036000,예림당,31.477258192047042,39.68419049956711,0.0,57.33698553633451,38.6609067734665,,"<a href=""https://m.stock.naver.com/domestic/stock/036000/total"" target=""_blank"">Naver</a>"
366030,공구우먼,31.43787896085452,0.0,73.65190725771272,99.75191105299241,60.9942208225419,,"<a href=""https://m.stock.naver.com/domestic/stock/366030/total"" target=""_blank"">Naver</a>"
352090,스톰테크,31.43505373002908,0.0,71.85379274142944,98.97813827544805,71.47583434253823,,"<a href=""https://m.stock.naver.com/domestic/stock/352090/total"" target=""_blank"">Naver</a>"
105330,케이엔더블유,31.423191638242574,18.874212949309882,44.02890779671256,54.042012185110586,73.74471401934895,,"<a href=""https://m.stock.naver.com/domestic/stock/105330/total"" target=""_blank"">Naver</a>"
176750,듀켐바이오,31.251258391900713,8.411383829726324,56.60809989001125,86.75270018959114,67.54266205205982,,"<a href=""https://m.stock.naver.com/domestic/stock/176750/total"" target=""_blank"">Naver</a>"
085670,뉴프렉스,31.24593826727009,3.112753421245733,65.18001694800363,89.46432245898419,82.73699463246639,,"<a href=""https://m.stock.naver.com/domestic/stock/085670/total"" target=""_blank"">Naver</a>"
384470,코어라인소프트,31.137490139154316,40.069902850398286,0.0,50.0,41.91096857830695,,"<a href=""https://m.stock.naver.com/domestic/stock/384470/total"" target=""_blank"">Naver</a>"
115180,큐리언트,31.08460129905071,34.79749894575624,0.0,65.5966418195907,72.9287549927579,,"<a href=""https://m.stock.naver.com/domestic/stock/115180/total"" target=""_blank"">Naver</a>"
226950,올릭스,31.06625974177213,43.98208127033061,0.0,19.781095703613904,53.97802818424746,,"<a href=""https://m.stock.naver.com/domestic/stock/226950/total"" target=""_blank"">Naver</a>"
290550,디케이티,31.023064039790267,4.543517624067873,61.863329333334974,85.44994469312275,85.72253325407046,,"<a href=""https://m.stock.naver.com/domestic/stock/290550/total"" target=""_blank"">Naver</a>"
290660,네오펙트,30.843405532466818,36.26048942231813,0.0,64.43697349811868,52.86829058528148,,"<a href=""https://m.stock.naver.com/domestic/stock/290660/total"" target=""_blank"">Naver</a>"
398120,에스지헬스케어,30.767747976061663,35.02027703359948,2.791451305770204,73.91819677586554,33.31798503745747,,"<a href=""https://m.stock.naver.com/domestic/stock/398120/total"" target=""_blank"">Naver</a>"
299030,하나기술,30.765009062545484,36.7182479304853,0.0,68.73671619932985,37.20777368642642,,"<a href=""https://m.stock.naver.com/domestic/stock/299030/total"" target=""_blank"">Naver</a>"
376290,씨유테크,30.738712578610837,4.157098004864047,55.200740252435686,99.14707012119118,90.59123400928739,,"<a href=""https://m.stock.naver.com/domestic/stock/376290/total"" target=""_blank"">Naver</a>"
353190,휴럼,30.66436734941837,14.28817995453926,44.879381174213904,69.15666179500306,79.11895807282062,,"<a href=""https://m.stock.naver.com/domestic/stock/353190/total"" target=""_blank"">Naver</a>"
064820,케이프,30.59635886441861,14.602111261394642,53.57658594669787,47.34703160733879,74.12484920346965,,"<a href=""https://m.stock.naver.com/domestic/stock/064820/total"" target=""_blank"">Naver</a>"
098660,에스티오,30.532760204303763,26.53712881000178,27.854597941309418,52.07909010205943,48.778488455387915,,"<a href=""https://m.stock.naver.com/domestic/stock/098660/total"" target=""_blank"">Naver</a>"
080420,모다이노칩,30.525503156757747,15.222000904616621,53.24817022786143,54.04713842789022,53.51092428466791,,"<a href=""https://m.stock.naver.com/domestic/stock/080420/total"" target=""_blank"">Naver</a>"
064090,인크레더블버즈,30.486682756680423,33.333333333333336,7.896197949131309,74.88281998962161,20.487025408708718,,"<a href=""https://m.stock.naver.com/domestic/stock/064090/total"" target=""_blank"">Naver</a>"
000250,삼천당제약,30.485435350039737,17.691060761442547,32.138372403098096,89.86538872992824,56.99333838813725,,"<a href=""https://m.stock.naver.com/domestic/stock/000250/total"" target=""_blank"">Naver</a>"
121800,비덴트,30.458695721387784,16.03526770920335,54.179048291469535,61.739012147283155,22.377436165401406,,"<a href=""https://m.stock.naver.com/domestic/stock/121800/total"" target=""_blank"">Naver</a>"
224110,에이텍모빌리티,30.438539451169923,0.0,75.71826610224748,77.38238119573256,75.41469612069592,,"<a href=""https://m.stock.naver.com/domestic/stock/224110/total"" target=""_blank"">Naver</a>"
092300,현우산업,30.413067607840183,11.967718945676225,49.99269243691767,66.12456178681742,82.43613905046568,,"<a href=""https://m.stock.naver.com/domestic/stock/092300/total"" target=""_blank"">Naver</a>"
277810,레인보우로보틱스,30.39595376702597,22.54055103341774,31.82007321091561,74.86577574928657,28.600545386355385,,"<a href=""https://m.stock.naver.com/domestic/stock/277810/total"" target=""_blank"">Naver</a>"
256940,킵스파마,30.389702231664547,23.67222123377108,28.574954873561623,53.533931810703216,73.78475183882338,,"<a href=""https://m.stock.naver.com/domestic/stock/256940/total"" target=""_blank"">Naver</a>"
352700,씨앤투스,30.37437157640274,14.629704102601359,42.88685627146583,74.83623117499766,67.82423858951398,,"<a href=""https://m.stock.naver.com/domestic/stock/352700/total"" target=""_blank"">Naver</a>"
066590,우수AMS,30.34665982321585,16.73284849402258,46.661061389713126,39.250107417331485,94.3334927528175,,"<a href=""https://m.stock.naver.com/domestic/stock/066590/total"" target=""_blank"">Naver</a>"
066900,디에이피,30.166773226530005,35.39757458352231,6.461776057724454,27.690672749719635,90.87434374027086,,"<a href=""https://m.stock.naver.com/domestic/stock/066900/total"" target=""_blank"">Naver</a>"
024910,경창산업,30.052252044559545,18.57438557799344,43.55341955849008,36.271303806387365,87.84270855004456,,"<a href=""https://m.stock.naver.com/domestic/stock/024910/total"" target=""_blank"">Naver</a>"
054210,이랜텍,30.021332710733535,16.41278956033035,42.743178585300846,54.19592712770119,81.36543230879995,,"<a href=""https://m.stock.naver.com/domestic/stock/054210/total"" target=""_blank"">Naver</a>"
024800,유성티엔에스,29.98144365074673,3.902114725185003,73.59285040007705,56.533374429493506,71.77249545334226,,"<a href=""https://m.stock.naver.com/domestic/stock/024800/total"" target=""_blank"">Naver</a>"
060540,에스에이티,29.905488228688355,19.538501881721828,41.92005794738834,61.46261412925972,31.12222399764402,,"<a href=""https://m.stock.naver.com/domestic/stock/060540/total"" target=""_blank"">Naver</a>"
115440,우리넷,29.861666226250343,0.0,69.44497167001894,97.6852285168026,54.63800914130695,,"<a href=""https://m.stock.naver.com/domestic/stock/115440/total"" target=""_blank"">Naver</a>"
372170,윤성에프앤씨,29.81799127588127,0.0,74.8113822164687,89.9438333359095,42.41524776346283,,"<a href=""https://m.stock.naver.com/domestic/stock/372170/total"" target=""_blank"">Naver</a>"
140410,메지온,29.794442631515984,33.84548381397187,0.0,65.99835612342596,57.74633461580531,,"<a href=""https://m.stock.naver.com/domestic/stock/140410/total"" target=""_blank"">Naver</a>"
178320,서진시스템,29.734868363805866,10.569885780494156,57.60460296885497,69.69653486946017,40.44265332699223,,"<a href=""https://m.stock.naver.com/domestic/stock/178320/total"" target=""_blank"">Naver</a>"
027040,서울전자통신,29.722786178421295,37.04862437633683,0.0,39.62160869826882,70.62901365584631,,"<a href=""https://m.stock.naver.com/domestic/stock/027040/total"" target=""_blank"">Naver</a>"
451220,아이엠티,29.656376450330214,33.333333333333336,0.0,70.24532894230371,52.636871121996805,,"<a href=""https://m.stock.naver.com/domestic/stock/451220/total"" target=""_blank"">Naver</a>"
123040,엠에스오토텍,29.654446151347493,11.005342410282951,50.416429320387685,61.96122338326959,85.02022073507689,,"<a href=""https://m.stock.naver.com/domestic/stock/123040/total"" target=""_blank"">Naver</a>"
078150,HB테크놀러지,29.54579866167726,31.93669270375086,0.0,67.8372381731313,72.00118444227232,,"<a href=""https://m.stock.naver.com/domestic/stock/078150/total"" target=""_blank"">Naver</a>"
034810,해성산업,29.528670683783478,15.638466507957475,36.22622949957919,76.37208244151424,69.03650319925539,,"<a href=""https://m.stock.naver.com/domestic/stock/034810/total"" target=""_blank"">Naver</a>"
083930,아바코,29.485545744410455,5.624873613642616,63.73202268949802,82.58406081511309,38.384196446781445,,"<a href=""https://m.stock.naver.com/domestic/stock/083930/total"" target=""_blank"">Naver</a>"
399720,가온칩스,29.397214930047834,11.944463089904659,43.21756014888488,72.66284107123344,83.19725863520948,,"<a href=""https://m.stock.naver.com/domestic/stock/399720/total"" target=""_blank"">Naver</a>"
200130,콜마비앤에이치,29.389510202907633,10.306065025841345,48.57584687293927,68.60249263033353,84.03320412269309,,"<a href=""https://m.stock.naver.com/domestic/stock/200130/total"" target=""_blank"">Naver</a>"
038870,에코바이오,29.298007775164695,35.41595232200492,0.2950814790609472,53.30258346845115,52.888153307027835,,"<a href=""https://m.stock.naver.com/domestic/stock/038870/total"" target=""_blank"">Naver</a>"
039340,한국경제TV,29.27285008972879,8.751145764976176,52.40317605266739,73.44051656041034,71.54633923070408,,"<a href=""https://m.stock.naver.com/domestic/stock/039340/total"" target=""_blank"">Naver</a>"
027580,상보,29.26320726210886,33.27145713277974,0.0,63.56342615422393,58.879807340372494,,"<a href=""https://m.stock.naver.com/domestic/stock/027580/total"" target=""_blank"">Naver</a>"
148930,에이치와이티씨,29.236839809177308,10.745482030123751,49.27020625668704,74.55997589983491,60.320028738956125,,"<a href=""https://m.stock.naver.com/domestic/stock/148930/total"" target=""_blank"">Naver</a>"
024740,한일단조,29.231038302555746,10.456161534713932,54.86907241246729,68.39112294629905,48.01921967961323,,"<a href=""https://m.stock.naver.com/domestic/stock/024740/total"" target=""_blank"">Naver</a>"
025550,한국선재,29.205123632910908,16.83747045449792,38.80199218715295,67.3618186047558,53.319229058966755,,"<a href=""https://m.stock.naver.com/domestic/stock/025550/total"" target=""_blank"">Naver</a>"
047310,파워로직스,29.183291522647806,13.094356136816165,41.6665378180501,65.87362917567722,86.45360936955716,,"<a href=""https://m.stock.naver.com/domestic/stock/047310/total"" target=""_blank"">Naver</a>"
336680,탑런토탈솔루션,29.130208144966414,12.701392359911805,46.6591817665824,57.52372362768963,81.84409849209537,,"<a href=""https://m.stock.naver.com/domestic/stock/336680/total"" target=""_blank"">Naver</a>"
450950,아스테라시스,29.10752507283681,4.676347279539588,63.7903394557228,82.56658410404526,41.94946861555664,,"<a href=""https://m.stock.naver.com/domestic/stock/450950/total"" target=""_blank"">Naver</a>"
192250,케이사인,29.069363208153433,14.905377399318505,43.003328617843145,63.12783959528924,61.25041309145241,,"<a href=""https://m.stock.naver.com/domestic/stock/192250/total"" target=""_blank"">Naver</a>"
222800,심텍,29.067884891100647,29.191305464581315,15.926486364697311,35.78250084915188,79.86459872524686,,"<a href=""https://m.stock.naver.com/domestic/stock/222800/total"" target=""_blank"">Naver</a>"
290740,액트로,29.03515107914321,14.927932855380876,34.27331166031673,68.09603544687974,94.00919812295052,,"<a href=""https://m.stock.naver.com/domestic/stock/290740/total"" target=""_blank"">Naver</a>"
095660,네오위즈,28.983552510233174,13.016378349496192,34.54845946339657,87.82249272011947,75.0872272534875,,"<a href=""https://m.stock.naver.com/domestic/stock/095660/total"" target=""_blank"">Naver</a>"
348340,뉴로메카,28.940332025482363,38.784407459905616,0.0,38.91989465678511,35.5539616772097,,"<a href=""https://m.stock.naver.com/domestic/stock/348340/total"" target=""_blank"">Naver</a>"
405000,플라즈맵,28.938515376169413,44.269438172583286,0.0,5.947707906211605,35.64163363996565,,"<a href=""https://m.stock.naver.com/domestic/stock/405000/total"" target=""_blank"">Naver</a>"
034940,조아제약,28.867466978777827,32.645398265942916,0.0,54.94557806385302,75.71340425653548,,"<a href=""https://m.stock.naver.com/domestic/stock/034940/total"" target=""_blank"">Naver</a>"
900260,로스웰,28.79768121051089,11.688816202059215,47.45584621929765,66.63251228534803,65.14357411832292,,"<a href=""https://m.stock.naver.com/domestic/stock/900260/total"" target=""_blank"">Naver</a>"
200350,아티스트스튜디오,28.783127981340662,29.654423626297405,0.0,74.75083828836456,70.30779953451527,,"<a href=""https://m.stock.naver.com/domestic/stock/200350/total"" target=""_blank"">Naver</a>"
109670,씨싸이트,28.765953739923916,14.761319075567698,36.740511666586464,69.75009178329992,74.9805039921338,,"<a href=""https://m.stock.naver.com/domestic/stock/109670/total"" target=""_blank"">Naver</a>"
086980,쇼박스,28.750539885104917,0.0,66.8997229252935,89.16062593042925,62.190931214772384,,"<a href=""https://m.stock.naver.com/domestic/stock/086980/total"" target=""_blank"">Naver</a>"
246960,SCL사이언스,28.71868002618394,32.978133192122804,0.0,67.43382806372318,43.76834609075871,,"<a href=""https://m.stock.naver.com/domestic/stock/246960/total"" target=""_blank"">Naver</a>"
089980,상아프론테크,28.657125226820057,13.673986283201437,49.05082186053996,58.7886529900217,46.22325385524063,,"<a href=""https://m.stock.naver.com/domestic/stock/089980/total"" target=""_blank"">Naver</a>"
307750,국전약품,28.620906131566933,15.413839739142142,39.48461961281719,61.820648956135415,66.38764978527618,,"<a href=""https://m.stock.naver.com/domestic/stock/307750/total"" target=""_blank"">Naver</a>"
331520,밸로프,28.50866683176702,15.952487009919453,31.423607860093085,73.83927051277847,73.94691219028456,,"<a href=""https://m.stock.naver.com/domestic/stock/331520/total"" target=""_blank"">Naver</a>"
065130,탑엔지니어링,28.502352707989818,16.547167384741403,31.37863615749697,67.86750191375182,78.85286092791098,,"<a href=""https://m.stock.naver.com/domestic/stock/065130/total"" target=""_blank"">Naver</a>"
232680,라온테크,28.457814611497426,14.943923377817862,36.57011621549605,70.15686057737425,66.66490946390535,,"<a href=""https://m.stock.naver.com/domestic/stock/232680/total"" target=""_blank"">Naver</a>"
006920,모헨즈,28.411256279709164,7.0886091749407205,40.34723075808448,98.30481380289704,84.81603409867816,,"<a href=""https://m.stock.naver.com/domestic/stock/006920/total"" target=""_blank"">Naver</a>"
027050,코리아나,28.374144253799585,12.498697727734546,40.24616020337206,73.24418027638247,69.77935077355195,,"<a href=""https://m.stock.naver.com/domestic/stock/027050/total"" target=""_blank"">Naver</a>"
109610,에스와이,28.358871660372348,10.226086923091426,42.85892518464226,75.4016451921913,79.36647382275595,,"<a href=""https://m.stock.naver.com/domestic/stock/109610/total"" target=""_blank"">Naver</a>"
060150,인선이엔티,28.33413140954859,16.703415362470675,23.75572071027723,83.92266199722272,79.61771629549212,,"<a href=""https://m.stock.naver.com/domestic/stock/060150/total"" target=""_blank"">Naver</a>"
393970,대진첨단소재,28.277606719823577,12.349221302637092,42.7012389753622,80.78956717340705,42.276149541201285,,"<a href=""https://m.stock.naver.com/domestic/stock/393970/total"" target=""_blank"">Naver</a>"
045520,크린앤사이언스,28.270795622102526,28.244764163891475,13.165040105513633,43.17273621837141,74.30806951104178,,"<a href=""https://m.stock.naver.com/domestic/stock/045520/total"" target=""_blank"">Naver</a>"
032960,동일기연,28.230314906488694,14.674025900681938,40.116405938195335,74.83799064969583,38.25997633122224,,"<a href=""https://m.stock.naver.com/domestic/stock/032960/total"" target=""_blank"">Naver</a>"
355390,크라우드웍스,28.217963490152243,35.852590381790435,0.0,36.69955580065276,60.729073620254134,,"<a href=""https://m.stock.naver.com/domestic/stock/355390/total"" target=""_blank"">Naver</a>"
090410,덕신이피씨,28.21240531313255,0.0,62.00011447560633,87.76420505065036,78.71912378331857,,"<a href=""https://m.stock.naver.com/domestic/stock/090410/total"" target=""_blank"">Naver</a>"
065530,와이어블,28.158646810576528,9.338214581901399,51.25891275518549,69.55204919786111,55.71569905706407,,"<a href=""https://m.stock.naver.com/domestic/stock/065530/total"" target=""_blank"">Naver</a>"
109860,동일금속,28.157810044458117,7.106597486781243,52.88088275879827,73.6733991431779,66.12581896744035,,"<a href=""https://m.stock.naver.com/domestic/stock/109860/total"" target=""_blank"">Naver</a>"
373110,엑셀세라퓨틱스,28.153211566077754,28.495396141586337,0.0,84.71614323050403,51.68719116151102,,"<a href=""https://m.stock.naver.com/domestic/stock/373110/total"" target=""_blank"">Naver</a>"
203690,아크솔루션스,28.085654184027234,31.859838896381714,0.0,51.69750718295373,76.00000255805666,,"<a href=""https://m.stock.naver.com/domestic/stock/203690/total"" target=""_blank"">Naver</a>"
900270,헝셩그룹,28.08403587256355,8.303705016508369,47.741196773166706,89.85555512460363,43.61916313812978,,"<a href=""https://m.stock.naver.com/domestic/stock/900270/total"" target=""_blank"">Naver</a>"
412350,레이저쎌,28.006893582948337,33.81330800351511,0.0,59.689087808392706,35.0,,"<a href=""https://m.stock.naver.com/domestic/stock/412350/total"" target=""_blank"">Naver</a>"
362990,드림인사이트,27.845824866920967,27.93144604552786,11.357342691332846,62.173206546513825,40.60601824239321,,"<a href=""https://m.stock.naver.com/domestic/stock/362990/total"" target=""_blank"">Naver</a>"
096690,에이루트,27.825756128643782,33.333333333333336,0.0,60.197322468383305,36.120477636109065,,"<a href=""https://m.stock.naver.com/domestic/stock/096690/total"" target=""_blank"">Naver</a>"
481070,에이유브랜즈,27.732107862082056,0.0,66.07909881986902,89.34484676872009,45.55696960485581,,"<a href=""https://m.stock.naver.com/domestic/stock/481070/total"" target=""_blank"">Naver</a>"
052300,오션인더블유,27.661756142556534,4.645181840412021,66.66666666666667,72.07980371642657,20.0,,"<a href=""https://m.stock.naver.com/domestic/stock/052300/total"" target=""_blank"">Naver</a>"
489500,엘케이켐,27.632704361307532,0.0,69.50669456949021,82.81741154604197,39.48579128661562,,"<a href=""https://m.stock.naver.com/domestic/stock/489500/total"" target=""_blank"">Naver</a>"
054450,텔레칩스,27.592992515644376,23.63296161069327,33.333333333333336,37.99362149008715,25.610401337727367,,"<a href=""https://m.stock.naver.com/domestic/stock/054450/total"" target=""_blank"">Naver</a>"
019590,에스유앤피,27.570041238783197,32.87203953209054,0.0,48.46817519528874,60.0,,"<a href=""https://m.stock.naver.com/domestic/stock/019590/total"" target=""_blank"">Naver</a>"
043260,성호전자,27.558534173678034,13.64703460094047,45.31654674755118,55.07338152829117,50.67677146793673,,"<a href=""https://m.stock.naver.com/domestic/stock/043260/total"" target=""_blank"">Naver</a>"
122310,제노레이,27.4359401613836,16.772282053577253,24.92219711630628,85.87675952319802,51.08691395681748,,"<a href=""https://m.stock.naver.com/domestic/stock/122310/total"" target=""_blank"">Naver</a>"
121600,나노신소재,27.305811669604083,16.624681399886715,35.890613221750016,66.50250214022057,34.1619862042498,,"<a href=""https://m.stock.naver.com/domestic/stock/121600/total"" target=""_blank"">Naver</a>"
096250,와이즈넛,27.27638957928683,7.7154649488927705,45.72609320048641,74.76485664166796,74.78203291325542,,"<a href=""https://m.stock.naver.com/domestic/stock/096250/total"" target=""_blank"">Naver</a>"
451760,컨텍,27.270839182845194,29.3105775567504,0.0,72.33193583231301,49.02598131127304,,"<a href=""https://m.stock.naver.com/domestic/stock/451760/total"" target=""_blank"">Naver</a>"
161580,필옵틱스,27.22517318250799,3.9807311634763862,50.571187704097326,84.09245639946073,75.69383836903503,,"<a href=""https://m.stock.naver.com/domestic/stock/161580/total"" target=""_blank"">Naver</a>"
206560,덱스터,27.17002356483558,28.599665305386676,0.0,64.7683760049357,70.66773562220013,,"<a href=""https://m.stock.naver.com/domestic/stock/206560/total"" target=""_blank"">Naver</a>"
052460,아이크래프트,27.141610003021086,20.63260182974195,15.572543729693583,67.05037330066067,83.27751285372906,,"<a href=""https://m.stock.naver.com/domestic/stock/052460/total"" target=""_blank"">Naver</a>"
024850,HLB이노베이션,27.132772664711723,31.36613536348726,0.0,49.489194544299465,67.28343984378839,,"<a href=""https://m.stock.naver.com/domestic/stock/024850/total"" target=""_blank"">Naver</a>"
365340,성일하이텍,27.126692076028963,35.535686256874264,0.0,34.59069944690562,46.924207544276854,,"<a href=""https://m.stock.naver.com/domestic/stock/365340/total"" target=""_blank"">Naver</a>"
377480,마음AI,27.099032462885535,30.57013481636854,0.0,58.34027124963842,58.45848896201139,,"<a href=""https://m.stock.naver.com/domestic/stock/377480/total"" target=""_blank"">Naver</a>"
006620,동구바이오제약,26.95521083940945,12.968010153784723,34.36605965534339,71.85217908377012,67.95343849851514,,"<a href=""https://m.stock.naver.com/domestic/stock/006620/total"" target=""_blank"">Naver</a>"
373200,엑스플러스,26.86147612572242,33.333333333333336,0.0,36.355360097185155,64.51880232007805,,"<a href=""https://m.stock.naver.com/domestic/stock/373200/total"" target=""_blank"">Naver</a>"
123840,뉴온,26.820498808922633,33.333333333333336,0.0,52.89196135304195,30.626053472368746,,"<a href=""https://m.stock.naver.com/domestic/stock/123840/total"" target=""_blank"">Naver</a>"
261200,덴티스,26.78587571101518,20.087319891829317,32.7012800937808,46.4084082797676,38.346458489912564,,"<a href=""https://m.stock.naver.com/domestic/stock/261200/total"" target=""_blank"">Naver</a>"
355690,에이텀,26.680494729165012,32.96881679088824,0.0,47.02269596255097,43.93870116753945,,"<a href=""https://m.stock.naver.com/domestic/stock/355690/total"" target=""_blank"">Naver</a>"
407400,꿈비,26.637608726092235,23.89636647910413,17.23003067892419,55.22316261369773,49.39929815057874,,"<a href=""https://m.stock.naver.com/domestic/stock/407400/total"" target=""_blank"">Naver</a>"
046890,서울반도체,26.63088995486656,16.301113593630404,26.336243515728167,64.41508237318575,76.49305364875404,,"<a href=""https://m.stock.naver.com/domestic/stock/046890/total"" target=""_blank"">Naver</a>"
269620,시스웍,26.63004799803583,18.82544166230387,33.333333333333336,49.26886360571699,41.49126613496951,,"<a href=""https://m.stock.naver.com/domestic/stock/269620/total"" target=""_blank"">Naver</a>"
040350,크레오에스지,26.51391948284881,26.533137839160116,0.0,68.34850910092648,75.18371738520185,,"<a href=""https://m.stock.naver.com/domestic/stock/040350/total"" target=""_blank"">Naver</a>"
051490,나라엠앤디,26.415302639526004,10.84926816727237,42.90597558250119,65.29214314999317,53.00067057075936,,"<a href=""https://m.stock.naver.com/domestic/stock/051490/total"" target=""_blank"">Naver</a>"
378340,필에너지,26.349033516101194,0.0,52.23442874797673,92.1214734984742,81.56557958519183,,"<a href=""https://m.stock.naver.com/domestic/stock/378340/total"" target=""_blank"">Naver</a>"
046440,KG모빌리언스,26.325286586641543,3.614209359289323,46.308206669520956,86.39452726465447,78.80513154444522,,"<a href=""https://m.stock.naver.com/domestic/stock/046440/total"" target=""_blank"">Naver</a>"
066410,버킷스튜디오,26.243508686420142,26.484680419366455,9.553292814963337,51.31484100541623,56.65786261035619,,"<a href=""https://m.stock.naver.com/domestic/stock/066410/total"" target=""_blank"">Naver</a>"
066980,한성크린텍,26.2357196367169,28.843382584917254,0.0,46.64177657655805,85.31024856221484,,"<a href=""https://m.stock.naver.com/domestic/stock/066980/total"" target=""_blank"">Naver</a>"
425040,티이엠씨,26.190631050326264,0.3658814359234994,56.26195494586292,88.42446462865598,61.26333978881666,,"<a href=""https://m.stock.naver.com/domestic/stock/425040/total"" target=""_blank"">Naver</a>"
037760,쎄니트,26.10834460747837,14.014512346473424,32.161407620603846,59.70829348086985,73.76911892712732,,"<a href=""https://m.stock.naver.com/domestic/stock/037760/total"" target=""_blank"">Naver</a>"
042040,케이피엠테크,26.064799728598974,33.333333333333336,0.0,43.09863135400751,35.098731863964474,,"<a href=""https://m.stock.naver.com/domestic/stock/042040/total"" target=""_blank"">Naver</a>"
323280,태성,25.983785043783172,0.0,52.24845088549986,94.8952334575489,68.64297953306635,,"<a href=""https://m.stock.naver.com/domestic/stock/323280/total"" target=""_blank"">Naver</a>"
057680,티사이언티픽,25.900350201663148,25.620886232731976,0.0,71.33867158114451,67.87902607819021,,"<a href=""https://m.stock.naver.com/domestic/stock/057680/total"" target=""_blank"">Naver</a>"
069330,유아이디,25.82113836445689,8.359642513210533,41.84275384232263,59.55797377472571,87.77734036954685,,"<a href=""https://m.stock.naver.com/domestic/stock/069330/total"" target=""_blank"">Naver</a>"
192410,오늘이엔엠,25.738186492066973,29.86991016226682,0.0,48.54773141371962,59.2293450666984,,"<a href=""https://m.stock.naver.com/domestic/stock/192410/total"" target=""_blank"">Naver</a>"
246710,티앤알바이오팹,25.690404926798152,37.18636653116427,0.0,4.2767494649604085,59.01820123207105,,"<a href=""https://m.stock.naver.com/domestic/stock/246710/total"" target=""_blank"">Naver</a>"
241790,티이엠씨씨엔에스,25.632201423879188,0.0,50.97281816852211,85.61054021187257,86.55885721122803,,"<a href=""https://m.stock.naver.com/domestic/stock/241790/total"" target=""_blank"">Naver</a>"
084850,아이티엠반도체,25.609374265545995,16.561359726067153,31.218373512165005,37.185431121996544,82.98843879329593,,"<a href=""https://m.stock.naver.com/domestic/stock/084850/total"" target=""_blank"">Naver</a>"
023440,제이스코홀딩스,25.570252594052775,29.071485929714033,0.0,50.99966154985866,60.54789762476983,,"<a href=""https://m.stock.naver.com/domestic/stock/023440/total"" target=""_blank"">Naver</a>"
458650,성우,25.568380933330307,0.0,54.289332681362005,89.91338538559295,60.0941844886102,,"<a href=""https://m.stock.naver.com/domestic/stock/458650/total"" target=""_blank"">Naver</a>"
347860,알체라,25.555348290030757,23.871995212282282,0.0,72.9085076501479,78.82600795293199,,"<a href=""https://m.stock.naver.com/domestic/stock/347860/total"" target=""_blank"">Naver</a>"
060560,HC홈센타,25.271977036891457,7.3343684234211715,43.8784929414957,58.92328640412491,80.18808214104673,,"<a href=""https://m.stock.naver.com/domestic/stock/060560/total"" target=""_blank"">Naver</a>"
215480,토박스코리아,25.222117856296993,13.161775185547826,26.873310689583565,80.87017603951307,50.39414937242191,,"<a href=""https://m.stock.naver.com/domestic/stock/215480/total"" target=""_blank"">Naver</a>"
217500,러셀,25.119298812560366,3.5942890395398304,54.4748206050787,74.18329899838614,38.51380675456358,,"<a href=""https://m.stock.naver.com/domestic/stock/217500/total"" target=""_blank"">Naver</a>"
131760,파인텍,25.059811830957173,7.480121259197137,42.84747647867376,56.915086976613665,83.36722516218163,,"<a href=""https://m.stock.naver.com/domestic/stock/131760/total"" target=""_blank"">Naver</a>"
253450,스튜디오드래곤,24.98702423744746,0.0,49.72665706396899,91.84418656542019,67.41882629826384,,"<a href=""https://m.stock.naver.com/domestic/stock/253450/total"" target=""_blank"">Naver</a>"
462350,이노스페이스,24.916087235554333,33.333333333333336,0.0,39.160872355543326,20.0,,"<a href=""https://m.stock.naver.com/domestic/stock/462350/total"" target=""_blank"">Naver</a>"
082210,옵트론텍,24.860632620153332,0.0,66.78128878397378,40.239079627779184,82.82804922763933,,"<a href=""https://m.stock.naver.com/domestic/stock/082210/total"" target=""_blank"">Naver</a>"
195990,에이비프로바이오,24.484315812416412,25.403491039834694,0.0,73.14480856052602,38.554806649259945,,"<a href=""https://m.stock.naver.com/domestic/stock/195990/total"" target=""_blank"">Naver</a>"
101400,엔시트론,24.408143157283096,19.064143917037807,6.236674017915898,74.56175496937007,79.0862561128886,,"<a href=""https://m.stock.naver.com/domestic/stock/101400/total"" target=""_blank"">Naver</a>"
039200,오스코텍,24.374308148573686,19.237980723197506,12.01584957155348,74.22611188940652,48.09892265652316,,"<a href=""https://m.stock.naver.com/domestic/stock/039200/total"" target=""_blank"">Naver</a>"
046210,HLB파나진,24.365567154008538,23.939767816677854,5.318567962112665,70.5975262282924,32.24623701288834,,"<a href=""https://m.stock.naver.com/domestic/stock/046210/total"" target=""_blank"">Naver</a>"
228850,레이언스,24.310550570290598,5.414312074587984,45.86678587976789,74.71721420639955,42.470908699117565,,"<a href=""https://m.stock.naver.com/domestic/stock/228850/total"" target=""_blank"">Naver</a>"
144510,지씨셀,24.281550656708927,28.24345744682463,0.0,37.75609929449015,71.19732518330267,,"<a href=""https://m.stock.naver.com/domestic/stock/144510/total"" target=""_blank"">Naver</a>"
042420,네오위즈홀딩스,24.27032889792938,12.97125398262054,22.2328865754112,74.47866295410157,69.62977138188202,,"<a href=""https://m.stock.naver.com/domestic/stock/042420/total"" target=""_blank"">Naver</a>"
290670,대보마그네틱,24.214999653564455,25.95792126002903,0.0,66.98374759687714,38.83744275718647,,"<a href=""https://m.stock.naver.com/domestic/stock/290670/total"" target=""_blank"">Naver</a>"
192390,윈하이텍,24.183726008212773,0.0,55.21941914332626,77.71838400623545,52.140656435153254,,"<a href=""https://m.stock.naver.com/domestic/stock/192390/total"" target=""_blank"">Naver</a>"
236810,엔비티,24.006107373062733,18.394230032323076,12.181056187527872,51.20693798738737,96.07223016096366,,"<a href=""https://m.stock.naver.com/domestic/stock/236810/total"" target=""_blank"">Naver</a>"
290520,신도기연,23.88867149178514,16.666666666666668,4.424128654833079,99.21487338685769,57.22303978782201,,"<a href=""https://m.stock.naver.com/domestic/stock/290520/total"" target=""_blank"">Naver</a>"
089790,제이티,23.83147990569631,0.0,51.70268637992907,73.41897214245708,71.2782219293667,,"<a href=""https://m.stock.naver.com/domestic/stock/089790/total"" target=""_blank"">Naver</a>"
200230,텔콘RF제약,23.76578842516749,21.810144606362826,11.298499555430539,47.09855305059417,62.90442934865486,,"<a href=""https://m.stock.naver.com/domestic/stock/200230/total"" target=""_blank"">Naver</a>"
242040,나무기술,23.756421254479584,17.75801239149239,13.845891091947289,55.84768741595244,81.10744610004167,,"<a href=""https://m.stock.naver.com/domestic/stock/242040/total"" target=""_blank"">Naver</a>"
032820,우리기술,23.704360250467957,20.967806744038523,9.664581966660146,55.14132279737103,63.867968652854074,,"<a href=""https://m.stock.naver.com/domestic/stock/032820/total"" target=""_blank"">Naver</a>"
413390,엠오티,23.66529209052827,0.0,46.71584333504569,78.08603166768032,83.55456179997628,,"<a href=""https://m.stock.naver.com/domestic/stock/413390/total"" target=""_blank"">Naver</a>"
146320,비씨엔씨,23.648994507560325,19.39152009469879,15.66195432625495,56.69849824296531,48.574880897615564,,"<a href=""https://m.stock.naver.com/domestic/stock/146320/total"" target=""_blank"">Naver</a>"
094940,푸른기술,23.564359224812822,0.0,52.768750423894964,76.82504329626309,53.7933457842554,,"<a href=""https://m.stock.naver.com/domestic/stock/094940/total"" target=""_blank"">Naver</a>"
119830,아이텍,23.53916555403083,0.0,52.87857016574596,73.58495538952495,59.220549472836936,,"<a href=""https://m.stock.naver.com/domestic/stock/119830/total"" target=""_blank"">Naver</a>"
035760,CJ ENM,23.499558884441065,19.232072467431777,15.113597665656087,44.54066395675405,74.55699183785141,,"<a href=""https://m.stock.naver.com/domestic/stock/035760/total"" target=""_blank"">Naver</a>"
019990,에너토크,23.332641364460176,2.8217829442504923,42.03887798734748,87.92706334161534,46.74291533822954,,"<a href=""https://m.stock.naver.com/domestic/stock/019990/total"" target=""_blank"">Naver</a>"
043650,국순당,23.221110634640585,15.865187749692758,17.156426329549102,74.77776864738124,38.702290753990596,,"<a href=""https://m.stock.naver.com/domestic/stock/043650/total"" target=""_blank"">Naver</a>"
239610,에이치엘사이언스,23.174191974610377,21.470368720475147,0.0,74.90468378977526,56.030047266955236,,"<a href=""https://m.stock.naver.com/domestic/stock/239610/total"" target=""_blank"">Naver</a>"
351330,이삭엔지니어링,23.00011298937217,19.68863158525217,2.318866541008302,69.63900311933169,72.86634182071236,,"<a href=""https://m.stock.naver.com/domestic/stock/351330/total"" target=""_blank"">Naver</a>"
431190,케이쓰리아이,22.990501672145452,19.97266665651919,0.0,68.77570025266802,82.58663305934272,,"<a href=""https://m.stock.naver.com/domestic/stock/431190/total"" target=""_blank"">Naver</a>"
077360,덕산하이메탈,22.976542651591036,4.896942011560994,42.49852460418843,71.44305354677638,45.388818778593865,,"<a href=""https://m.stock.naver.com/domestic/stock/077360/total"" target=""_blank"">Naver</a>"
276040,스코넥,22.64390121360988,27.791344102320576,0.0,49.69094752217535,20.0,,"<a href=""https://m.stock.naver.com/domestic/stock/276040/total"" target=""_blank"">Naver</a>"
376980,원티드랩,22.54650021318304,12.293440545272025,14.781884564588196,74.00519891632662,81.48889706480225,,"<a href=""https://m.stock.naver.com/domestic/stock/376980/total"" target=""_blank"">Naver</a>"
025900,동화기업,22.53151698739351,11.740839619842147,30.542482858428215,42.73507090199847,71.55770821362641,,"<a href=""https://m.stock.naver.com/domestic/stock/025900/total"" target=""_blank"">Naver</a>"
067000,조이시티,22.43143092781582,9.769982974794962,24.570048552161893,66.17952728445822,76.179525529051,,"<a href=""https://m.stock.naver.com/domestic/stock/067000/total"" target=""_blank"">Naver</a>"
317830,에스피시스템스,22.401450252714568,12.983153621227949,13.210165209036083,72.78961014445173,80.60111526547212,,"<a href=""https://m.stock.naver.com/domestic/stock/317830/total"" target=""_blank"">Naver</a>"
035080,그래디언트,22.30200579463676,8.986448106041882,25.918363763184246,58.97924815973549,90.6524234848404,,"<a href=""https://m.stock.naver.com/domestic/stock/035080/total"" target=""_blank"">Naver</a>"
065770,CS,22.197573745762543,0.0,43.433052898489734,74.65872925338343,77.46875191603533,,"<a href=""https://m.stock.naver.com/domestic/stock/065770/total"" target=""_blank"">Naver</a>"
225530,HC보광산업,22.04631461673931,0.0,53.49146353261481,71.89319242441945,29.68258982287321,,"<a href=""https://m.stock.naver.com/domestic/stock/225530/total"" target=""_blank"">Naver</a>"
270870,뉴트리,22.04629299747791,1.4486357082629102,41.29788434922809,74.43857703613666,68.17565563198946,,"<a href=""https://m.stock.naver.com/domestic/stock/270870/total"" target=""_blank"">Naver</a>"
073640,테라사이언스,21.954908682912066,21.18076563698911,0.0,70.68771833966457,43.55354933504289,,"<a href=""https://m.stock.naver.com/domestic/stock/073640/total"" target=""_blank"">Naver</a>"
090360,로보스타,21.81472725144913,4.047796274618085,35.94639784095056,74.52286214709467,58.943276234623454,,"<a href=""https://m.stock.naver.com/domestic/stock/090360/total"" target=""_blank"">Naver</a>"
122990,와이솔,21.810556377521213,5.3539457788494245,29.540402608997493,74.60887400329545,75.04401715265271,,"<a href=""https://m.stock.naver.com/domestic/stock/122990/total"" target=""_blank"">Naver</a>"
352770,셀레스트라,21.8067010323129,13.033563074587661,33.333333333333336,27.5,58.06459708453939,,"<a href=""https://m.stock.naver.com/domestic/stock/352770/total"" target=""_blank"">Naver</a>"
282880,코윈테크,21.669442341613273,0.0,48.249069144138275,72.25981459981764,47.62387191193881,,"<a href=""https://m.stock.naver.com/domestic/stock/282880/total"" target=""_blank"">Naver</a>"
424960,스마트레이더시스템,21.62314317127155,23.407690424853758,0.0,61.82341702622816,27.923744274729657,,"<a href=""https://m.stock.naver.com/domestic/stock/424960/total"" target=""_blank"">Naver</a>"
016100,리더스코스메틱,21.61037432038069,16.997008512659807,10.132745727818994,48.5823004433059,80.41505472998936,,"<a href=""https://m.stock.naver.com/domestic/stock/016100/total"" target=""_blank"">Naver</a>"
115480,씨유메디칼,21.567421218280224,7.661294055392754,28.814981279815754,73.54914062978432,48.239708042244025,,"<a href=""https://m.stock.naver.com/domestic/stock/115480/total"" target=""_blank"">Naver</a>"
013120,동원개발,21.418146302411554,0.0,41.108141285126315,94.60698686072804,33.608245901143405,,"<a href=""https://m.stock.naver.com/domestic/stock/013120/total"" target=""_blank"">Naver</a>"
239340,이스트에이드,21.2381274466168,18.51336982445543,0.0,66.5640350994685,69.47404083993382,,"<a href=""https://m.stock.naver.com/domestic/stock/239340/total"" target=""_blank"">Naver</a>"
450520,인스웨이브,21.213356022806707,17.085256313334742,0.0,74.26640687814056,70.71123093983607,,"<a href=""https://m.stock.naver.com/domestic/stock/450520/total"" target=""_blank"">Naver</a>"
306040,에스제이그룹,21.1982195959468,13.215371386268773,14.888323205612144,71.35987244515414,48.21857436534164,,"<a href=""https://m.stock.naver.com/domestic/stock/306040/total"" target=""_blank"">Naver</a>"
134580,탑코미디어,21.14658295775652,16.98001453256345,0.0,74.52430525242026,70.12287425952846,,"<a href=""https://m.stock.naver.com/domestic/stock/134580/total"" target=""_blank"">Naver</a>"
289010,아이스크림에듀,20.983946341169972,11.80232367876642,14.280448203206427,61.36587886959138,83.91704392298746,,"<a href=""https://m.stock.naver.com/domestic/stock/289010/total"" target=""_blank"">Naver</a>"
068940,셀피글로벌,20.90987662003895,15.88114553170269,2.1904155075400316,69.90005656584836,76.87159535094982,,"<a href=""https://m.stock.naver.com/domestic/stock/068940/total"" target=""_blank"">Naver</a>"
033540,파라텍,20.884029362679236,3.6201316348320147,33.636712566517296,61.45271396044353,83.15001688212698,,"<a href=""https://m.stock.naver.com/domestic/stock/033540/total"" target=""_blank"">Naver</a>"
368970,오에스피,20.83884266425417,0.0,44.84345994237305,66.42741201127707,59.70472955066399,,"<a href=""https://m.stock.naver.com/domestic/stock/368970/total"" target=""_blank"">Naver</a>"
254120,자비스,20.724786203127774,0.0,42.73397256691259,74.13326446114597,52.55933230570058,,"<a href=""https://m.stock.naver.com/domestic/stock/254120/total"" target=""_blank"">Naver</a>"
033340,좋은사람들,20.5762733892265,9.391976301829496,19.771481234821092,73.70989990644173,52.54454617558717,,"<a href=""https://m.stock.naver.com/domestic/stock/033340/total"" target=""_blank"">Naver</a>"
088340,유라클,20.499373245528982,13.031637064215325,5.578420492883417,68.40593433238263,88.90384901081337,,"<a href=""https://m.stock.naver.com/domestic/stock/088340/total"" target=""_blank"">Naver</a>"
227100,퀀텀온,20.486964101849235,9.784826317332064,33.333333333333336,29.73271133845477,66.18927688542375,,"<a href=""https://m.stock.naver.com/domestic/stock/227100/total"" target=""_blank"">Naver</a>"
018620,우진비앤지,20.231885272156312,11.437575746319006,16.29939679854012,63.8031548080055,58.28350287858653,,"<a href=""https://m.stock.naver.com/domestic/stock/018620/total"" target=""_blank"">Naver</a>"
083310,엘오티베큠,20.214950763744252,6.01957749772381,23.098884178813318,73.77089356514992,69.02787727783289,,"<a href=""https://m.stock.naver.com/domestic/stock/083310/total"" target=""_blank"">Naver</a>"
069140,누리플랜,20.19731494937927,5.012478724864789,39.68119802248882,36.65306318049671,72.0844378157704,,"<a href=""https://m.stock.naver.com/domestic/stock/069140/total"" target=""_blank"">Naver</a>"
189300,인텔리안테크,20.192698827221985,14.502268044496228,8.800229760916046,70.80496765478725,44.215675896330225,,"<a href=""https://m.stock.naver.com/domestic/stock/189300/total"" target=""_blank"">Naver</a>"
061040,알에프텍,20.181512997910524,11.663604730414301,12.251551008867294,61.109693410814735,80.18986132727295,,"<a href=""https://m.stock.naver.com/domestic/stock/061040/total"" target=""_blank"">Naver</a>"
082800,비보존 제약,20.133871287894,14.25406538370241,12.775829885232554,50.38387907433669,66.9817335786149,,"<a href=""https://m.stock.naver.com/domestic/stock/082800/total"" target=""_blank"">Naver</a>"
318020,포인트모바일,20.06906566883274,7.760105616528332,20.783891355360165,72.54517579510576,59.250237611302396,,"<a href=""https://m.stock.naver.com/domestic/stock/318020/total"" target=""_blank"">Naver</a>"
208640,썸에이지,20.01526073516313,17.71067272047469,0.0,58.344323376460096,71.08849530464613,,"<a href=""https://m.stock.naver.com/domestic/stock/208640/total"" target=""_blank"">Naver</a>"
406820,뷰티스킨,19.9916339127804,14.650790640448443,7.63849303097696,53.24532702712741,79.34007136108701,,"<a href=""https://m.stock.naver.com/domestic/stock/406820/total"" target=""_blank"">Naver</a>"
095270,웨이브일렉트로,19.991430692090837,12.04733035776812,13.583174113642189,69.35426695326657,48.636245073855264,,"<a href=""https://m.stock.naver.com/domestic/stock/095270/total"" target=""_blank"">Naver</a>"
036540,SFA반도체,19.88945419408983,0.0,34.07186687298732,73.66315079861295,80.10344791963408,,"<a href=""https://m.stock.naver.com/domestic/stock/036540/total"" target=""_blank"">Naver</a>"
159010,아스플로,19.864962606566593,16.597203876368468,7.401579397267938,57.46327900711454,46.19835061434145,,"<a href=""https://m.stock.naver.com/domestic/stock/159010/total"" target=""_blank"">Naver</a>"
031310,아이즈비전,19.78879666604042,8.561650739577713,15.618450449739086,73.42811656654385,68.08763906409264,,"<a href=""https://m.stock.naver.com/domestic/stock/031310/total"" target=""_blank"">Naver</a>"
099520,DGI,19.763337619934788,4.263528573415762,26.27999205623534,73.12300049939907,66.45844823773172,,"<a href=""https://m.stock.naver.com/domestic/stock/099520/total"" target=""_blank"">Naver</a>"
180400,DXVX,19.757272443558385,21.799665761226496,0.0,36.82668600949577,59.89608771745819,,"<a href=""https://m.stock.naver.com/domestic/stock/180400/total"" target=""_blank"">Naver</a>"
025870,신라에스지,19.64903228202377,2.421606111409111,34.94793241470977,53.821920206983364,81.53786981605049,,"<a href=""https://m.stock.naver.com/domestic/stock/025870/total"" target=""_blank"">Naver</a>"
023410,유진기업,19.630087908996316,11.42340255668478,16.17163894036543,48.64392853156078,77.37487573476025,,"<a href=""https://m.stock.naver.com/domestic/stock/023410/total"" target=""_blank"">Naver</a>"
106080,케이이엠텍,19.59669767969073,16.776151756347897,0.0,72.00171764920492,46.61669721922999,,"<a href=""https://m.stock.naver.com/domestic/stock/106080/total"" target=""_blank"">Naver</a>"
243840,신흥에스이씨,19.53147387949701,0.0,45.25922635834681,45.72806767914223,72.8772104399217,,"<a href=""https://m.stock.naver.com/domestic/stock/243840/total"" target=""_blank"">Naver</a>"
126340,비나텍,19.43131249954074,20.46340207811971,0.0,49.43660529615222,44.19221446107385,,"<a href=""https://m.stock.naver.com/domestic/stock/126340/total"" target=""_blank"">Naver</a>"
408900,스튜디오미르,19.413495443413566,6.637751576440592,18.123324054818934,74.78925058418483,68.42176850851995,,"<a href=""https://m.stock.naver.com/domestic/stock/408900/total"" target=""_blank"">Naver</a>"
078160,메디포스트,19.38288742681721,18.356629605095158,0.0,64.81493457131432,37.74832413257365,,"<a href=""https://m.stock.naver.com/domestic/stock/078160/total"" target=""_blank"">Naver</a>"
478560,블랙야크아이앤씨,19.148862352281988,0.0,27.28287432122214,99.03303265841778,48.496810122693496,,"<a href=""https://m.stock.naver.com/domestic/stock/478560/total"" target=""_blank"">Naver</a>"
052770,아이톡시,18.916734905119117,16.341883730412132,0.0,58.479969186991326,65.2721549634541,,"<a href=""https://m.stock.naver.com/domestic/stock/052770/total"" target=""_blank"">Naver</a>"
119610,인터로조,18.901860138958927,1.547767572447109,36.16674558130356,72.40342660251682,33.823410798261804,,"<a href=""https://m.stock.naver.com/domestic/stock/119610/total"" target=""_blank"">Naver</a>"
031510,오스템,18.89707238989534,10.66815122806807,7.651785870758644,68.01305881026654,75.63858608676362,,"<a href=""https://m.stock.naver.com/domestic/stock/031510/total"" target=""_blank"">Naver</a>"
101000,KS인더스트리,18.840466337124298,19.016422373975566,0.0,50.018452158141216,48.57535393849677,,"<a href=""https://m.stock.naver.com/domestic/stock/101000/total"" target=""_blank"">Naver</a>"
039840,디오,18.81468774395244,17.538108668396024,0.0,68.40680832911859,29.02283420005927,,"<a href=""https://m.stock.naver.com/domestic/stock/039840/total"" target=""_blank"">Naver</a>"
092040,아미코젠,18.765627984509514,15.357158180154249,5.863023939920214,49.03920476834593,63.63313229204634,,"<a href=""https://m.stock.naver.com/domestic/stock/092040/total"" target=""_blank"">Naver</a>"
048770,TPC,18.65516577997843,13.312828523813623,9.671146669961063,52.11479315900792,60.764053645983935,,"<a href=""https://m.stock.naver.com/domestic/stock/048770/total"" target=""_blank"">Naver</a>"
216080,제테마,18.61500641622185,13.278412583595602,19.498265924717668,35.65469877486598,44.15845014796946,,"<a href=""https://m.stock.naver.com/domestic/stock/216080/total"" target=""_blank"">Naver</a>"
029480,광무,18.477996101972057,13.714776429835501,0.0,72.98621929036507,59.01016630068498,,"<a href=""https://m.stock.naver.com/domestic/stock/029480/total"" target=""_blank"">Naver</a>"
224060,더코디,18.439708134140822,20.67365657365995,0.0,44.77351267186698,31.163258455163078,,"<a href=""https://m.stock.naver.com/domestic/stock/224060/total"" target=""_blank"">Naver</a>"
310210,보로노이,18.377276191017863,16.666666666666668,0.0,74.58412381466968,,,"<a href=""https://m.stock.naver.com/domestic/stock/310210/total"" target=""_blank"">Naver</a>"
109740,디에스케이,18.299251366322537,15.975163347320674,0.0,70.96496785233285,32.35313145393698,,"<a href=""https://m.stock.naver.com/domestic/stock/109740/total"" target=""_blank"">Naver</a>"
007390,네이처셀,18.197878351315282,0.0,32.59259657728952,74.71224799770064,51.57008814445673,,"<a href=""https://m.stock.naver.com/domestic/stock/007390/total"" target=""_blank"">Naver</a>"
058820,CMG제약,18.03622158073741,0.0,38.66713910367591,66.16702376955938,35.05468855724992,,"<a href=""https://m.stock.naver.com/domestic/stock/058820/total"" target=""_blank"">Naver</a>"
382150,온코크로스,18.030404783428146,16.860412792480954,0.0,49.83964821291848,58.60384573295455,,"<a href=""https://m.stock.naver.com/domestic/stock/382150/total"" target=""_blank"">Naver</a>"
108230,톱텍,18.004904151756172,0.0,33.41670174468312,71.88979258630582,49.2349891390962,,"<a href=""https://m.stock.naver.com/domestic/stock/108230/total"" target=""_blank"">Naver</a>"
448280,에코아이,17.93617880061289,6.360994676713143,21.98094699839378,71.53446247281539,29.417979954100375,,"<a href=""https://m.stock.naver.com/domestic/stock/448280/total"" target=""_blank"">Naver</a>"
371950,풍원정밀,17.933690114813498,20.10727316860648,0.0,26.161771994696643,65.06298028359893,,"<a href=""https://m.stock.naver.com/domestic/stock/371950/total"" target=""_blank"">Naver</a>"
309930,오하임앤컴퍼니,17.59395557652616,10.04530584601053,2.790210042186455,68.17105971229265,81.04227174287925,,"<a href=""https://m.stock.naver.com/domestic/stock/309930/total"" target=""_blank"">Naver</a>"
048550,SM C&C,17.453453953739867,7.189713573338146,13.825863336772121,60.620960676911054,72.42127815705686,,"<a href=""https://m.stock.naver.com/domestic/stock/048550/total"" target=""_blank"">Naver</a>"
445680,큐리옥스바이오시스템즈,17.208578377942114,18.72714367802698,0.0,43.379742211543025,32.68635899943246,,"<a href=""https://m.stock.naver.com/domestic/stock/445680/total"" target=""_blank"">Naver</a>"
068240,다원시스,17.119692784562023,11.039820057577147,14.208125810328736,49.82182204438893,39.23174185989319,,"<a href=""https://m.stock.naver.com/domestic/stock/068240/total"" target=""_blank"">Naver</a>"
056190,에스에프에이,16.967209731088865,2.4419486966205337,20.06579269443128,70.14414053576193,69.42356571865065,,"<a href=""https://m.stock.naver.com/domestic/stock/056190/total"" target=""_blank"">Naver</a>"
095910,에스에너지,16.86650964516017,15.646310060462445,0.0,46.64030334185515,56.29386549394377,,"<a href=""https://m.stock.naver.com/domestic/stock/095910/total"" target=""_blank"">Naver</a>"
082660,코스나인,16.84552170300974,12.127933724570648,0.0,60.36343433944292,70.64836068646122,,"<a href=""https://m.stock.naver.com/domestic/stock/082660/total"" target=""_blank"">Naver</a>"
091970,나노캠텍,16.802280176005194,7.022879524319278,15.815429291198308,43.56881672703083,85.55626931821931,,"<a href=""https://m.stock.naver.com/domestic/stock/091970/total"" target=""_blank"">Naver</a>"
206400,베노티앤알,16.79838615046756,9.270280180946804,0.0,74.81193252768392,75.10049578262173,,"<a href=""https://m.stock.naver.com/domestic/stock/206400/total"" target=""_blank"">Naver</a>"
282720,금양그린파워,16.61010730300991,5.794154879175373,6.940754648725195,66.94617412896412,94.07616600853959,,"<a href=""https://m.stock.naver.com/domestic/stock/282720/total"" target=""_blank"">Naver</a>"
417010,나노팀,16.5383757132355,10.827848921507366,0.0,67.40466333038954,66.02400054584251,,"<a href=""https://m.stock.naver.com/domestic/stock/417010/total"" target=""_blank"">Naver</a>"
044180,KD,16.490399411819514,0.0,41.71257968163784,40.39258830594705,40.459913216306944,,"<a href=""https://m.stock.naver.com/domestic/stock/044180/total"" target=""_blank"">Naver</a>"
091120,이엠텍,16.235671212151008,11.496332253605978,0.0,64.51041968712745,57.736597825493504,,"<a href=""https://m.stock.naver.com/domestic/stock/091120/total"" target=""_blank"">Naver</a>"
065950,웰크론,16.21139277613388,4.877909724892368,19.662409272696813,47.25029706795889,72.88029832456738,,"<a href=""https://m.stock.naver.com/domestic/stock/065950/total"" target=""_blank"">Naver</a>"
441270,파인엠텍,16.174497149849426,5.340239404501813,13.80776064959297,50.507295565753545,89.3536757634948,,"<a href=""https://m.stock.naver.com/domestic/stock/441270/total"" target=""_blank"">Naver</a>"
076610,해성옵틱스,16.071781302580128,14.989617398303258,0.0,27.75467467576685,86.05086792042977,,"<a href=""https://m.stock.naver.com/domestic/stock/076610/total"" target=""_blank"">Naver</a>"
101390,아이엠,15.944935777373745,11.355753974944387,6.064852619041207,27.5,97.30540475293623,,"<a href=""https://m.stock.naver.com/domestic/stock/101390/total"" target=""_blank"">Naver</a>"
107640,한중엔시에스,15.871448881286678,0.0,20.79529263909703,64.90106902083366,83.6503763885811,,"<a href=""https://m.stock.naver.com/domestic/stock/107640/total"" target=""_blank"">Naver</a>"
160190,하이젠알앤엠,15.848142735296614,9.622231619230485,0.0,66.89356107496988,67.70895312522673,,"<a href=""https://m.stock.naver.com/domestic/stock/160190/total"" target=""_blank"">Naver</a>"
043220,티에스넥스젠,15.836177754929263,15.519876133077966,0.0,47.12083888093677,36.24336373977611,,"<a href=""https://m.stock.naver.com/domestic/stock/043220/total"" target=""_blank"">Naver</a>"
168360,펨트론,15.786691780609413,11.549603038195487,6.58885942928038,40.90713837791321,62.380025251614086,,"<a href=""https://m.stock.naver.com/domestic/stock/168360/total"" target=""_blank"">Naver</a>"
091580,상신이디피,15.741032050507837,5.715075586232248,12.56584439231701,51.03879484818809,81.33292231740853,,"<a href=""https://m.stock.naver.com/domestic/stock/091580/total"" target=""_blank"">Naver</a>"
065450,빅텍,15.681417945358197,0.0,27.472526731547404,58.45613172730091,59.353461794825115,,"<a href=""https://m.stock.naver.com/domestic/stock/065450/total"" target=""_blank"">Naver</a>"
046390,삼화네트웍스,15.667856897534378,0.0,19.91792043026875,71.89383187001938,69.97987205930504,,"<a href=""https://m.stock.naver.com/domestic/stock/046390/total"" target=""_blank"">Naver</a>"
373160,데이원컴퍼니,15.47788692252518,0.0,14.508953555251784,69.52745934346359,97.9580519873175,,"<a href=""https://m.stock.naver.com/domestic/stock/373160/total"" target=""_blank"">Naver</a>"
079650,서산,15.471359697084818,7.785711088812953,2.7773935608051175,74.8634040258562,52.38488502020297,,"<a href=""https://m.stock.naver.com/domestic/stock/079650/total"" target=""_blank"">Naver</a>"
064240,홈캐스트,15.44377451099459,0.0,15.277704326986267,74.51826468715127,83.45043921065793,,"<a href=""https://m.stock.naver.com/domestic/stock/064240/total"" target=""_blank"">Naver</a>"
247540,에코프로비엠,15.30587720126448,0.0,24.53400246109518,57.685383230029075,68.07676525975553,,"<a href=""https://m.stock.naver.com/domestic/stock/247540/total"" target=""_blank"">Naver</a>"
267320,나인테크,15.298805406624574,0.0,20.956565401155014,64.46819384762036,72.25689343147569,,"<a href=""https://m.stock.naver.com/domestic/stock/267320/total"" target=""_blank"">Naver</a>"
076080,웰크론한텍,15.07503859659497,0.0,22.461475401436363,54.60496908758915,79.98345674953927,,"<a href=""https://m.stock.naver.com/domestic/stock/076080/total"" target=""_blank"">Naver</a>"
100590,머큐리,15.041919930825628,0.0,16.441748318047733,74.25872690102624,70.1122032242214,,"<a href=""https://m.stock.naver.com/domestic/stock/100590/total"" target=""_blank"">Naver</a>"
104620,노랑풍선,14.962567547345405,7.9084427784142415,7.248750768773881,41.03126012375162,86.04376351456452,,"<a href=""https://m.stock.naver.com/domestic/stock/104620/total"" target=""_blank"">Naver</a>"
044780,에이치케이,14.95564245617163,4.1792330186524405,10.437200838051133,74.20170110990045,48.372646489546725,,"<a href=""https://m.stock.naver.com/domestic/stock/044780/total"" target=""_blank"">Naver</a>"
100790,미래에셋벤처투자,13.827189135008698,15.653400847774895,8.556630451446326,12.959910134821792,20.0,,"<a href=""https://m.stock.naver.com/domestic/stock/100790/total"" target=""_blank"">Naver</a>"
435570,에르코스,13.616712884209722,0.0,18.214805273039065,51.96420417709752,77.33182296480408,,"<a href=""https://m.stock.naver.com/domestic/stock/435570/total"" target=""_blank"">Naver</a>"
121850,코이즈,13.452288728615747,8.468295164975386,0.0,47.266228732949436,72.8937751267114,,"<a href=""https://m.stock.naver.com/domestic/stock/121850/total"" target=""_blank"">Naver</a>"
271830,팸텍,13.42237638736306,0.0,9.68059366681657,73.59744234175977,72.8496747296588,,"<a href=""https://m.stock.naver.com/domestic/stock/271830/total"" target=""_blank"">Naver</a>"
445090,에이직랜드,13.285454289066358,6.229296419791923,0.0,55.11266681408655,80.732195115651,,"<a href=""https://m.stock.naver.com/domestic/stock/445090/total"" target=""_blank"">Naver</a>"
208710,포톤,13.017098711660376,0.0,9.547668483050156,64.28613268417885,84.03136644959903,,"<a href=""https://m.stock.naver.com/domestic/stock/208710/total"" target=""_blank"">Naver</a>"
226340,본느,12.855000838334714,0.0,7.072349979496575,69.71705761458779,82.3041516400358,,"<a href=""https://m.stock.naver.com/domestic/stock/226340/total"" target=""_blank"">Naver</a>"
376270,에이치이엠파마,12.676575434032225,5.245713470527292,0.0,63.87649238826417,62.82996225778865,,"<a href=""https://m.stock.naver.com/domestic/stock/376270/total"" target=""_blank"">Naver</a>"
101170,우림피티에스,12.542616254773154,0.0,7.527479335502757,74.52291625210628,64.16909591373675,,"<a href=""https://m.stock.naver.com/domestic/stock/101170/total"" target=""_blank"">Naver</a>"
950130,엑세스바이오,12.25554597851935,0.0,8.8373139084265,71.32038738205178,58.28357526415091,,"<a href=""https://m.stock.naver.com/domestic/stock/950130/total"" target=""_blank"">Naver</a>"
036690,코맥스,12.203771189216214,7.716771245169697,0.0,30.972137326300597,89.52989418968673,,"<a href=""https://m.stock.naver.com/domestic/stock/036690/total"" target=""_blank"">Naver</a>"
106240,파인테크닉스,12.111422246821245,5.108453616287668,6.488887732629727,52.29018197745931,43.90219892290565,,"<a href=""https://m.stock.naver.com/domestic/stock/106240/total"" target=""_blank"">Naver</a>"
079950,인베니아,11.988098672585819,10.692182750127772,0.0,36.56522310033873,38.32533424950564,,"<a href=""https://m.stock.naver.com/domestic/stock/079950/total"" target=""_blank"">Naver</a>"
307870,비투엔,11.729001162327577,4.496441275295218,0.0,54.90940779840012,70.80391234620868,,"<a href=""https://m.stock.naver.com/domestic/stock/307870/total"" target=""_blank"">Naver</a>"
063760,이엘피,11.7205866663419,1.1077662340766061,4.109799401931942,70.98310502421226,58.603331459834465,,"<a href=""https://m.stock.naver.com/domestic/stock/063760/total"" target=""_blank"">Naver</a>"
170790,파이오링크,11.677875195919073,0.0,10.71331865502412,65.97922605033466,48.03245854259151,,"<a href=""https://m.stock.naver.com/domestic/stock/170790/total"" target=""_blank"">Naver</a>"
348030,모비릭스,11.660471359095453,0.0,0.0,74.78015058132061,83.64912601926784,,"<a href=""https://m.stock.naver.com/domestic/stock/348030/total"" target=""_blank"">Naver</a>"
043200,파루,11.6323588707679,0.0,13.882874615186461,52.767945041940635,57.6969142555444,,"<a href=""https://m.stock.naver.com/domestic/stock/043200/total"" target=""_blank"">Naver</a>"
064290,인텍플러스,11.580492443759484,7.742608358900324,0.0,50.19948710011407,38.29957436815765,,"<a href=""https://m.stock.naver.com/domestic/stock/064290/total"" target=""_blank"">Naver</a>"
068050,팬엔터테인먼트,11.56974094653091,2.2849763325632906,9.47042354612965,50.87681163579433,54.86936193762181,,"<a href=""https://m.stock.naver.com/domestic/stock/068050/total"" target=""_blank"">Naver</a>"
064520,테크엘,11.541165096999546,0.0,6.847573344170617,63.876218539370974,68.83299814039584,,"<a href=""https://m.stock.naver.com/domestic/stock/064520/total"" target=""_blank"">Naver</a>"
033170,시그네틱스,11.529000998519184,3.335851350088815,0.0,51.181374354798294,88.18705505972127,,"<a href=""https://m.stock.naver.com/domestic/stock/033170/total"" target=""_blank"">Naver</a>"
357880,SKAI,11.511201489037004,12.10866786682746,0.0,11.120739746708619,62.67853588539335,,"<a href=""https://m.stock.naver.com/domestic/stock/357880/total"" target=""_blank"">Naver</a>"
317330,덕산테코피아,11.392121245290793,7.4408409605509815,0.0,34.01001934006728,70.53229469906951,,"<a href=""https://m.stock.naver.com/domestic/stock/317330/total"" target=""_blank"">Naver</a>"
453450,그리드위즈,11.333307905622533,0.0,0.0,70.23492660219668,86.19630490805727,,"<a href=""https://m.stock.naver.com/domestic/stock/453450/total"" target=""_blank"">Naver</a>"
302430,이노메트리,11.21589244026811,0.0,0.0,73.61943831633567,77.07897217269085,,"<a href=""https://m.stock.naver.com/domestic/stock/302430/total"" target=""_blank"">Naver</a>"
148780,비큐AI,10.960218108127645,0.0,0.0,66.3364946377928,86.53137288696729,,"<a href=""https://m.stock.naver.com/domestic/stock/148780/total"" target=""_blank"">Naver</a>"
173940,에프엔씨엔터,10.933023467716641,3.0417867238376517,2.4261817107950168,42.65417830596769,84.71976350237054,,"<a href=""https://m.stock.naver.com/domestic/stock/173940/total"" target=""_blank"">Naver</a>"
179900,유티아이,10.8732385564565,8.983471114321503,0.0,39.75667451924969,30.149768718772552,,"<a href=""https://m.stock.naver.com/domestic/stock/179900/total"" target=""_blank"">Naver</a>"
049080,기가레인,10.15036960771386,0.0,0.0,66.60904136302159,69.78930942823399,,"<a href=""https://m.stock.naver.com/domestic/stock/049080/total"" target=""_blank"">Naver</a>"
452190,한빛레이저,10.11233976220311,0.0,0.0,73.89135667749241,54.46408188907738,,"<a href=""https://m.stock.naver.com/domestic/stock/452190/total"" target=""_blank"">Naver</a>"
475580,에이럭스,10.060668771414559,0.0,0.0,62.83866052517188,75.53605437794741,,"<a href=""https://m.stock.naver.com/domestic/stock/475580/total"" target=""_blank"">Naver</a>"
054090,삼진엘앤디,10.025475692874405,0.5781825068501417,4.18033346794748,44.421616233297506,83.82642396895397,,"<a href=""https://m.stock.naver.com/domestic/stock/054090/total"" target=""_blank"">Naver</a>"
028080,휴맥스홀딩스,9.953835035422246,0.0,11.214983011469497,35.5722057488976,71.85737415330223,,"<a href=""https://m.stock.naver.com/domestic/stock/028080/total"" target=""_blank"">Naver</a>"
115160,휴맥스,9.90123214845257,0.0,11.111640364668498,36.075035122778296,70.31637090015231,,"<a href=""https://m.stock.naver.com/domestic/stock/115160/total"" target=""_blank"">Naver</a>"
223310,딥마인드,9.871216606243959,3.7044702251457715,0.0,44.622652327000246,63.72538476912942,,"<a href=""https://m.stock.naver.com/domestic/stock/223310/total"" target=""_blank"">Naver</a>"
360350,코셈,9.839724968276128,0.0,2.4893682433221467,73.1645883477659,38.01848145338001,,"<a href=""https://m.stock.naver.com/domestic/stock/360350/total"" target=""_blank"">Naver</a>"
043910,자연과환경,9.76688235882613,0.0,1.1761708028171558,71.32449158788918,46.807809986658455,,"<a href=""https://m.stock.naver.com/domestic/stock/043910/total"" target=""_blank"">Naver</a>"
306620,네온테크,9.486739482142314,0.0,6.432613730069104,53.24004405354262,51.09163288541551,,"<a href=""https://m.stock.naver.com/domestic/stock/306620/total"" target=""_blank"">Naver</a>"
048530,인트론바이오,9.33532257768142,0.0,0.0,61.159141186397974,64.38816918083243,,"<a href=""https://m.stock.naver.com/domestic/stock/048530/total"" target=""_blank"">Naver</a>"
240600,유진테크놀로지,9.065054113468221,0.0,0.0,62.37537179493404,56.55033867949631,,"<a href=""https://m.stock.naver.com/domestic/stock/240600/total"" target=""_blank"">Naver</a>"
222160,NPX,9.019198558615683,3.2212424729710087,0.0,61.497451738334235,18.734158019993075,,"<a href=""https://m.stock.naver.com/domestic/stock/222160/total"" target=""_blank"">Naver</a>"
275630,에스에스알,8.995809558801179,0.0,0.0,58.0436110194525,63.82896913711858,,"<a href=""https://m.stock.naver.com/domestic/stock/275630/total"" target=""_blank"">Naver</a>"
096350,대창솔루션,8.77910034886529,0.0,10.566202562431018,30.61003413703566,61.530925891079384,,"<a href=""https://m.stock.naver.com/domestic/stock/096350/total"" target=""_blank"">Naver</a>"
255440,야스,8.651495756509044,0.4818354242287353,0.0,71.9380421696633,23.37180570010942,,"<a href=""https://m.stock.naver.com/domestic/stock/255440/total"" target=""_blank"">Naver</a>"
251630,브이원텍,8.519265394403108,0.0,0.0,67.33697962218707,35.71134864368801,,"<a href=""https://m.stock.naver.com/domestic/stock/251630/total"" target=""_blank"">Naver</a>"
022220,티케이지애강,8.492152434113489,0.0,0.0,64.98802596785188,39.866996746565995,,"<a href=""https://m.stock.naver.com/domestic/stock/022220/total"" target=""_blank"">Naver</a>"
225190,LK삼양,8.435555836499372,0.0,0.0,61.177022866971,46.35707099604544,,"<a href=""https://m.stock.naver.com/domestic/stock/225190/total"" target=""_blank"">Naver</a>"
011080,형지I&C,8.326031065667909,0.0,0.0,60.088449494624356,46.34372232410946,,"<a href=""https://m.stock.naver.com/domestic/stock/011080/total"" target=""_blank"">Naver</a>"
209640,와이제이링크,8.248816720174439,0.0,0.0,66.83686812408712,31.302598155314538,,"<a href=""https://m.stock.naver.com/domestic/stock/209640/total"" target=""_blank"">Naver</a>"
090470,제이스텍,7.987411816595992,0.0,0.0,67.58684994939932,24.574536433121196,,"<a href=""https://m.stock.naver.com/domestic/stock/090470/total"" target=""_blank"">Naver</a>"
466100,클로봇,7.905215419255109,0.0,0.0,49.39261566397301,59.31907705715614,,"<a href=""https://m.stock.naver.com/domestic/stock/466100/total"" target=""_blank"">Naver</a>"
317870,엔바이오니아,7.856468755550749,0.0,0.0,49.87759744660251,57.37418021780995,,"<a href=""https://m.stock.naver.com/domestic/stock/317870/total"" target=""_blank"">Naver</a>"
048410,현대바이오,7.8126841194822605,0.0,0.0,49.471237324899434,57.31120773984633,,"<a href=""https://m.stock.naver.com/domestic/stock/048410/total"" target=""_blank"">Naver</a>"
450330,하스,7.7068737094534745,0.0,0.0,57.37030175191681,39.396870685235854,,"<a href=""https://m.stock.naver.com/domestic/stock/450330/total"" target=""_blank"">Naver</a>"
288620,에스퓨얼셀,7.70684289028184,0.0,0.0,64.40987884191205,25.317100121812693,,"<a href=""https://m.stock.naver.com/domestic/stock/288620/total"" target=""_blank"">Naver</a>"
382480,지아이텍,7.602226244694783,0.0,4.7665300627323,53.413345024803654,21.38518453062683,,"<a href=""https://m.stock.naver.com/domestic/stock/382480/total"" target=""_blank"">Naver</a>"
411080,샌즈랩,7.552513099714021,0.0,0.0,49.79530927541474,51.459643443450936,,"<a href=""https://m.stock.naver.com/domestic/stock/411080/total"" target=""_blank"">Naver</a>"
475830,오름테라퓨틱,7.487058306250383,0.0,0.0,49.54065237429804,50.659861376411556,,"<a href=""https://m.stock.naver.com/domestic/stock/475830/total"" target=""_blank"">Naver</a>"
073110,엘엠에스,6.975407393808019,0.0,0.0,50.42124822671495,38.66565142273046,,"<a href=""https://m.stock.naver.com/domestic/stock/073110/total"" target=""_blank"">Naver</a>"
063080,컴투스홀딩스,6.972631204572178,0.0,0.0,38.76914603648334,61.914332018476856,,"<a href=""https://m.stock.naver.com/domestic/stock/063080/total"" target=""_blank"">Naver</a>"
368600,아이씨에이치,6.920399540607235,0.0,0.0,38.13639791386915,62.1351949844064,,"<a href=""https://m.stock.naver.com/domestic/stock/368600/total"" target=""_blank"">Naver</a>"
241840,에이스토리,6.669626392257655,0.0,0.0,49.19626392257655,35.0,,"<a href=""https://m.stock.naver.com/domestic/stock/241840/total"" target=""_blank"">Naver</a>"
127120,제이에스링크,6.614613563886507,0.0,0.0,34.378774305513915,63.534722666702294,,"<a href=""https://m.stock.naver.com/domestic/stock/127120/total"" target=""_blank"">Naver</a>"
389470,인벤티지랩,6.4087286346688,0.0,0.0,44.087286346688,40.0,,"<a href=""https://m.stock.naver.com/domestic/stock/389470/total"" target=""_blank"">Naver</a>"
199550,레이저옵텍,6.36846673134125,0.0,0.0,48.887096655507364,29.59514131581027,,"<a href=""https://m.stock.naver.com/domestic/stock/199550/total"" target=""_blank"">Naver</a>"
058450,한주에이알티,6.354783421027944,1.3434573627503823,0.0,37.98709003377715,35.0,,"<a href=""https://m.stock.naver.com/domestic/stock/058450/total"" target=""_blank"">Naver</a>"
387570,파인메딕스,6.334769451453812,0.0,0.0,49.34729284102334,28.000803347029546,,"<a href=""https://m.stock.naver.com/domestic/stock/387570/total"" target=""_blank"">Naver</a>"
063170,서울옥션,6.243362796299657,0.0,0.0,44.93362796299657,35.0,,"<a href=""https://m.stock.naver.com/domestic/stock/063170/total"" target=""_blank"">Naver</a>"
347850,디앤디파마텍,6.107824712343267,0.0,0.0,48.99689525781944,24.162703731226447,,"<a href=""https://m.stock.naver.com/domestic/stock/347850/total"" target=""_blank"">Naver</a>"
475960,토모큐브,6.053916390454559,0.0,0.0,49.82938906042488,21.419549688241425,,"<a href=""https://m.stock.naver.com/domestic/stock/475960/total"" target=""_blank"">Naver</a>"
475400,씨메스,5.901193170899116,0.0,0.0,49.78652644619525,18.450810525591812,,"<a href=""https://m.stock.naver.com/domestic/stock/475400/total"" target=""_blank"">Naver</a>"
476080,M83,5.868722687781011,0.0,0.0,48.687226877810104,20.0,,"<a href=""https://m.stock.naver.com/domestic/stock/476080/total"" target=""_blank"">Naver</a>"
270660,에브리봇,5.854369413796705,0.0,0.0,42.17743026081678,32.73252775430054,,"<a href=""https://m.stock.naver.com/domestic/stock/270660/total"" target=""_blank"">Naver</a>"
456010,아이씨티케이,5.775679157696004,0.0,0.0,49.82257874462014,15.86842566467979,,"<a href=""https://m.stock.naver.com/domestic/stock/456010/total"" target=""_blank"">Naver</a>"
474650,링크솔루션,5.617191238066331,0.0,0.0,37.86695319343837,36.60991837444989,,"<a href=""https://m.stock.naver.com/domestic/stock/474650/total"" target=""_blank"">Naver</a>"
393890,더블유씨피,5.559348325905237,0.0,0.0,33.00331480740503,45.18033690329466,,"<a href=""https://m.stock.naver.com/domestic/stock/393890/total"" target=""_blank"">Naver</a>"
298380,에이비엘바이오,5.534619627126829,0.0,0.0,45.34619627126828,20.0,,"<a href=""https://m.stock.naver.com/domestic/stock/298380/total"" target=""_blank"">Naver</a>"
204270,제이앤티씨,5.4329557067334004,0.0,0.0,32.56410276586999,43.53090860292802,,"<a href=""https://m.stock.naver.com/domestic/stock/204270/total"" target=""_blank"">Naver</a>"
353590,오토앤,4.345031889085823,0.0,0.0,30.11831765444154,26.66400247283338,,"<a href=""https://m.stock.naver.com/domestic/stock/353590/total"" target=""_blank"">Naver</a>"
091440,한울소재과학,4.224082972977954,0.0,0.0,34.74082972977954,15.0,,"<a href=""https://m.stock.naver.com/domestic/stock/091440/total"" target=""_blank"">Naver</a>"
286750,나노실리칸첨단소재,4.091126028423504,0.0,0.0,24.608788786548047,32.604942995373975,,"<a href=""https://m.stock.naver.com/domestic/stock/286750/total"" target=""_blank"">Naver</a>"
293490,카카오게임즈,,,,,,"""None of [Index([2024], dtype='int32', name='year')] are in the [index]""","<a href=""https://m.stock.naver.com/domestic/stock/293490/total"" target=""_blank"">Naver</a>"
098070,한텍,,,,,,annual FS not found,"<a href=""https://m.stock.naver.com/domestic/stock/098070/total"" target=""_blank"">Naver</a>"
424870,이뮨온시아,,,,,,annual FS not found,"<a href=""https://m.stock.naver.com/domestic/stock/424870/total"" target=""_blank"">Naver</a>"
484120,도우인시스,,,,,,annual FS not found,"<a href=""https://m.stock.naver.com/domestic/stock/484120/total"" target=""_blank"">Naver</a>"
489460,바이오비쥬,,,,,,annual FS not found,"<a href=""https://m.stock.naver.com/domestic/stock/489460/total"" target=""_blank"">Naver</a>"
463020,뉴엔AI,,,,,,annual FS not found,"<a href=""https://m.stock.naver.com/domestic/stock/463020/total"" target=""_blank"">Naver</a>"
459510,나우로보틱스,,,,,,annual FS not found,"<a href=""https://m.stock.naver.com/domestic/stock/459510/total"" target=""_blank"">Naver</a>"
136150,원일티엔아이,,,,,,annual FS not found,"<a href=""https://m.stock.naver.com/domestic/stock/136150/total"" target=""_blank"">Naver</a>"
234030,싸이닉솔루션,,,,,,annual FS not found,"<a href=""https://m.stock.naver.com/domestic/stock/234030/total"" target=""_blank"">Naver</a>"
476040,오가노이드사이언스,,,,,,annual FS not found,"<a href=""https://m.stock.naver.com/domestic/stock/476040/total"" target=""_blank"">Naver</a>"
340450,지씨지놈,,,,,,annual FS not found,"<a href=""https://m.stock.naver.com/domestic/stock/340450/total"" target=""_blank"">Naver</a>"
331740,아우토크립트,,,,,,annual FS not found,"<a href=""https://m.stock.naver.com/domestic/stock/331740/total"" target=""_blank"">Naver</a>"
380550,뉴로핏,,,,,,annual FS not found,"<a href=""https://m.stock.naver.com/domestic/stock/380550/total"" target=""_blank"">Naver</a>"
475230,엔알비,,,,,,annual FS not found,"<a href=""https://m.stock.naver.com/domestic/stock/475230/total"" target=""_blank"">Naver</a>"
468530,프로티나,,,,,,annual FS not found,"<a href=""https://m.stock.naver.com/domestic/stock/468530/total"" target=""_blank"">Naver</a>"
475430,키스트론,,,,,,annual FS not found,"<a href=""https://m.stock.naver.com/domestic/stock/475430/total"" target=""_blank"">Naver</a>"
462310,뉴키즈온,,,,,,annual FS not found,"<a href=""https://m.stock.naver.com/domestic/stock/462310/total"" target=""_blank"">Naver</a>"
364950,에이아이코리아,,,,,,annual FS not found,"<a href=""https://m.stock.naver.com/domestic/stock/364950/total"" target=""_blank"">Naver</a>"
455180,케이지에이,,,,,,annual FS not found,"<a href=""https://m.stock.naver.com/domestic/stock/455180/total"" target=""_blank"">Naver</a>"
0037T0,KB제32호스팩,,,,,,annual FS not found,"<a href=""https://m.stock.naver.com/domestic/stock/0037T0/total"" target=""_blank"">Naver</a>"
496070,신한제16호스팩,,,,,,annual FS not found,"<a href=""https://m.stock.naver.com/domestic/stock/496070/total"" target=""_blank"">Naver</a>"
0004Y0,디비금융제14호스팩,,,,,,annual FS not found,"<a href=""https://m.stock.naver.com/domestic/stock/0004Y0/total"" target=""_blank"">Naver</a>"
03481K,해성산업1우,,,,,,corp_code not found,"<a href=""https://m.stock.naver.com/domestic/stock/03481K/total"" target=""_blank"">Naver</a>"
0041J0,엘에스스팩1호,,,,,,annual FS not found,"<a href=""https://m.stock.naver.com/domestic/stock/0041J0/total"" target=""_blank"">Naver</a>"
032685,소프트센우,,,,,,corp_code not found,"<a href=""https://m.stock.naver.com/domestic/stock/032685/total"" target=""_blank"">Naver</a>"
021045,대호특수강우,,,,,,corp_code not found,"<a href=""https://m.stock.naver.com/domestic/stock/021045/total"" target=""_blank"">Naver</a>"
