Symbol,Name,TotalScore,Growth,Profitability,Stability,Activity,Error,Links
039490,키움증권,68.42105263157895,50.0,100.0,100.0,,,"<a href=""https://m.stock.naver.com/domestic/stock/039490/total"" target=""_blank"">Naver</a>"
092790,넥스틸,67.51199547892065,50.0,96.66820337051854,97.61073927493632,71.6774141759477,,"<a href=""https://m.stock.naver.com/domestic/stock/092790/total"" target=""_blank"">Naver</a>"
192080,더블유게임즈,67.07861519098851,50.0,94.07902705244283,99.8097403119784,71.55768793359948,,"<a href=""https://m.stock.naver.com/domestic/stock/192080/total"" target=""_blank"">Naver</a>"
383220,F&F,66.7580157726734,50.0,97.87753068580798,93.82416847027683,58.12432508387435,,"<a href=""https://m.stock.naver.com/domestic/stock/383220/total"" target=""_blank"">Naver</a>"
278470,에이피알,66.69679443937345,50.0,91.97294835159175,98.43406215523893,77.20302271903228,,"<a href=""https://m.stock.naver.com/domestic/stock/278470/total"" target=""_blank"">Naver</a>"
000990,DB하이텍,66.37867350590216,50.0,89.93344148014961,99.56425016165082,78.77776239399326,,"<a href=""https://m.stock.naver.com/domestic/stock/000990/total"" target=""_blank"">Naver</a>"
035250,강원랜드,66.07034282580115,50.0,88.94608520242393,98.1063332674872,80.46376396892882,,"<a href=""https://m.stock.naver.com/domestic/stock/035250/total"" target=""_blank"">Naver</a>"
042700,한미반도체,65.75345592416957,50.0,97.24728653388637,99.33580676741329,30.161072279133087,,"<a href=""https://m.stock.naver.com/domestic/stock/042700/total"" target=""_blank"">Naver</a>"
006890,태경케미컬,65.50047325442345,50.0,87.99864867567912,99.67741721089763,70.66138728827815,,"<a href=""https://m.stock.naver.com/domestic/stock/006890/total"" target=""_blank"">Naver</a>"
002960,한국쉘석유,65.28879262302024,50.0,84.78413220399808,98.3240353940266,85.20712065236117,,"<a href=""https://m.stock.naver.com/domestic/stock/002960/total"" target=""_blank"">Naver</a>"
037710,광주신세계,65.02074240935505,50.0,85.36963575589338,99.64826089007468,74.27014762748485,,"<a href=""https://m.stock.naver.com/domestic/stock/037710/total"" target=""_blank"">Naver</a>"
145720,덴티움,64.84066840223085,50.0,96.02781918026848,91.58221128814378,33.50984956698698,,"<a href=""https://m.stock.naver.com/domestic/stock/145720/total"" target=""_blank"">Naver</a>"
259960,크래프톤,64.83938465332817,50.0,90.45787039283067,99.60349664264757,45.29134781711481,,"<a href=""https://m.stock.naver.com/domestic/stock/259960/total"" target=""_blank"">Naver</a>"
003280,흥아해운,64.80650950088392,50.0,88.56366331187662,84.76332142976281,83.7852305987698,,"<a href=""https://m.stock.naver.com/domestic/stock/003280/total"" target=""_blank"">Naver</a>"
010060,OCI홀딩스,64.66908828952418,50.0,91.8975910606947,98.2896652225655,37.314480041879236,,"<a href=""https://m.stock.naver.com/domestic/stock/010060/total"" target=""_blank"">Naver</a>"
000400,롯데손해보험,64.62954428519407,50.0,100.0,63.980670709343656,,,"<a href=""https://m.stock.naver.com/domestic/stock/000400/total"" target=""_blank"">Naver</a>"
185750,종근당,64.56113542665351,50.0,85.44068578193078,94.73454671151968,74.55018620037683,,"<a href=""https://m.stock.naver.com/domestic/stock/185750/total"" target=""_blank"">Naver</a>"
007700,F&F홀딩스,64.26955344719866,50.0,88.38903691278274,95.98225751438137,51.48136935129679,,"<a href=""https://m.stock.naver.com/domestic/stock/007700/total"" target=""_blank"">Naver</a>"
026890,스틱인베스트먼트,64.24305823491214,50.0,90.51615939215996,99.68277896751408,32.91480980241464,,"<a href=""https://m.stock.naver.com/domestic/stock/026890/total"" target=""_blank"">Naver</a>"
271560,오리온,64.17932701238388,50.0,80.43461227093646,99.52130553867215,82.37086781565098,,"<a href=""https://m.stock.naver.com/domestic/stock/271560/total"" target=""_blank"">Naver</a>"
033270,유나이티드제약,64.13712031181856,50.0,84.83036176771165,99.4046482202039,59.78130095740519,,"<a href=""https://m.stock.naver.com/domestic/stock/033270/total"" target=""_blank"">Naver</a>"
009970,영원무역홀딩스,63.972221484652586,50.0,86.47483290247926,99.01774894576317,49.03476728912905,,"<a href=""https://m.stock.naver.com/domestic/stock/009970/total"" target=""_blank"">Naver</a>"
002840,미원상사,63.94807605328683,50.0,82.72056149566617,99.53964966312239,66.27941426116098,,"<a href=""https://m.stock.naver.com/domestic/stock/002840/total"" target=""_blank"">Naver</a>"
195870,해성디에스,63.910370479499704,50.0,81.13329122788592,98.67011600344611,75.2007214436722,,"<a href=""https://m.stock.naver.com/domestic/stock/195870/total"" target=""_blank"">Naver</a>"
009900,명신산업,63.90228481365895,50.0,81.06195381610087,90.99844223540734,90.73904272186003,,"<a href=""https://m.stock.naver.com/domestic/stock/009900/total"" target=""_blank"">Naver</a>"
069260,TKG휴켐스,63.86091809232329,50.0,78.57005718911608,98.65680659922896,87.05446270242744,,"<a href=""https://m.stock.naver.com/domestic/stock/069260/total"" target=""_blank"">Naver</a>"
033920,무학,63.84644328142322,50.0,82.10079873287806,97.15302450186962,72.11882296033488,,"<a href=""https://m.stock.naver.com/domestic/stock/033920/total"" target=""_blank"">Naver</a>"
030190,NICE평가정보,63.82814348745215,50.0,78.43555592791832,98.17936612399413,88.02635786146323,,"<a href=""https://m.stock.naver.com/domestic/stock/030190/total"" target=""_blank"">Naver</a>"
338100,NH프라임리츠,63.7640182469911,50.0,91.05956881834175,99.99126042405663,20.0,,"<a href=""https://m.stock.naver.com/domestic/stock/338100/total"" target=""_blank"">Naver</a>"
021240,코웨이,63.726621081845735,50.0,83.77791355759354,86.75456399932,82.13372585030699,,"<a href=""https://m.stock.naver.com/domestic/stock/021240/total"" target=""_blank"">Naver</a>"
016800,퍼시스,63.64956094892547,50.0,78.73681485712542,99.68426089580494,79.93862290127245,,"<a href=""https://m.stock.naver.com/domestic/stock/016800/total"" target=""_blank"">Naver</a>"
001560,제일연마,63.615805538117726,50.0,90.92880020416241,95.64498807625387,26.382133589034723,,"<a href=""https://m.stock.naver.com/domestic/stock/001560/total"" target=""_blank"">Naver</a>"
126720,수산인더스트리,63.61106651727498,50.0,78.3577073639612,99.47741543676695,81.47796265215955,,"<a href=""https://m.stock.naver.com/domestic/stock/126720/total"" target=""_blank"">Naver</a>"
008260,NI스틸,63.59071870510186,50.0,86.52401507979626,79.92587294275711,79.3425528175418,,"<a href=""https://m.stock.naver.com/domestic/stock/008260/total"" target=""_blank"">Naver</a>"
123890,한국자산신탁,63.44169427964776,50.0,91.68349183920326,95.20821319846947,20.0,,"<a href=""https://m.stock.naver.com/domestic/stock/123890/total"" target=""_blank"">Naver</a>"
284740,쿠쿠홈시스,63.39571853421807,50.0,79.24859998083912,98.13482726010794,75.40171625994981,,"<a href=""https://m.stock.naver.com/domestic/stock/284740/total"" target=""_blank"">Naver</a>"
192400,쿠쿠홀딩스,63.34925438627231,50.0,78.42745565331676,99.60479286764728,75.63822372356769,,"<a href=""https://m.stock.naver.com/domestic/stock/192400/total"" target=""_blank"">Naver</a>"
111770,영원무역,63.16620259486598,50.0,83.21581299144255,98.78357750027345,49.677831939559915,,"<a href=""https://m.stock.naver.com/domestic/stock/111770/total"" target=""_blank"">Naver</a>"
003230,삼양식품,63.15942395287989,50.0,80.96769483438399,86.95057016600184,84.44886455367431,,"<a href=""https://m.stock.naver.com/domestic/stock/003230/total"" target=""_blank"">Naver</a>"
004080,신흥,63.14480877229095,50.0,88.10470406895529,98.17299014974117,26.026674801560205,,"<a href=""https://m.stock.naver.com/domestic/stock/004080/total"" target=""_blank"">Naver</a>"
026960,동서,63.00813376580595,50.0,77.92900209008718,99.8904026931428,70.73685947939748,,"<a href=""https://m.stock.naver.com/domestic/stock/026960/total"" target=""_blank"">Naver</a>"
003550,LG,62.989266463484576,50.0,85.23479568348056,99.30567542614432,35.0,,"<a href=""https://m.stock.naver.com/domestic/stock/003550/total"" target=""_blank"">Naver</a>"
000270,기아,62.97049812843927,50.0,77.24948911627952,91.60480932106562,89.95289834525656,,"<a href=""https://m.stock.naver.com/domestic/stock/000270/total"" target=""_blank"">Naver</a>"
035150,백산,62.913431882977505,50.0,79.42524803307262,90.37349980433267,80.39539788552169,,"<a href=""https://m.stock.naver.com/domestic/stock/035150/total"" target=""_blank"">Naver</a>"
306200,세아제강,62.875905468743476,50.0,79.36340621027641,91.64939808947838,77.40228214453069,,"<a href=""https://m.stock.naver.com/domestic/stock/306200/total"" target=""_blank"">Naver</a>"
014680,한솔케미칼,62.824738410391824,50.0,79.47861023697408,93.73869358967053,71.62432984362496,,"<a href=""https://m.stock.naver.com/domestic/stock/014680/total"" target=""_blank"">Naver</a>"
017800,현대엘리베이터,62.809768326514934,50.0,85.7032653640716,72.41779412176918,82.8434514664024,,"<a href=""https://m.stock.naver.com/domestic/stock/017800/total"" target=""_blank"">Naver</a>"
134380,미원화학,62.79321231561768,50.0,74.81237675641223,99.64907094124953,82.50422064779347,,"<a href=""https://m.stock.naver.com/domestic/stock/134380/total"" target=""_blank"">Naver</a>"
210980,SK디앤디,62.78890137903046,50.0,90.93453557032758,71.46982613744395,58.16569745408339,,"<a href=""https://m.stock.naver.com/domestic/stock/210980/total"" target=""_blank"">Naver</a>"
014580,태경비케이,62.758740031992495,50.0,76.30953067512361,98.43754977433636,76.7520477155592,,"<a href=""https://m.stock.naver.com/domestic/stock/014580/total"" target=""_blank"">Naver</a>"
234080,JW생명과학,62.683064767048606,50.0,82.45429956784022,86.09571876516485,69.1983599714414,,"<a href=""https://m.stock.naver.com/domestic/stock/234080/total"" target=""_blank"">Naver</a>"
114090,GKL,62.66889645081857,50.0,74.70797026987752,97.04790976091572,85.74225814515233,,"<a href=""https://m.stock.naver.com/domestic/stock/114090/total"" target=""_blank"">Naver</a>"
003650,미창석유,62.580606988287215,50.0,75.95211810124277,99.64794262442717,72.55566401067608,,"<a href=""https://m.stock.naver.com/domestic/stock/003650/total"" target=""_blank"">Naver</a>"
005810,풍산홀딩스,62.570623795879904,50.0,81.01360297065368,97.06466790089446,52.215125262540745,,"<a href=""https://m.stock.naver.com/domestic/stock/005810/total"" target=""_blank"">Naver</a>"
241560,두산밥캣,62.56505017886563,50.0,77.36758946119795,91.18486078265599,82.09333470601088,,"<a href=""https://m.stock.naver.com/domestic/stock/241560/total"" target=""_blank"">Naver</a>"
120030,조선선재,62.46501135663764,50.0,80.83091115610581,91.47436282925369,62.19694569371642,,"<a href=""https://m.stock.naver.com/domestic/stock/120030/total"" target=""_blank"">Naver</a>"
003030,세아제강지주,62.44470720612842,50.0,80.14471231983471,91.39209019528519,65.38640213282446,,"<a href=""https://m.stock.naver.com/domestic/stock/003030/total"" target=""_blank"">Naver</a>"
012320,경동인베스트,62.38600443395101,50.0,84.33644950744925,99.23303247640209,27.571776188969835,,"<a href=""https://m.stock.naver.com/domestic/stock/012320/total"" target=""_blank"">Naver</a>"
227840,현대코퍼레이션홀딩스,62.374800508012214,50.0,75.5619844363235,99.3300363789227,71.02601522078142,,"<a href=""https://m.stock.naver.com/domestic/stock/227840/total"" target=""_blank"">Naver</a>"
037270,YG PLUS,62.31486453751283,50.0,73.3522888420817,95.56567094282669,88.40450465419482,,"<a href=""https://m.stock.naver.com/domestic/stock/037270/total"" target=""_blank"">Naver</a>"
145270,케이탑리츠,62.31467847307012,50.0,90.95496677152197,65.75936780189619,60.0,,"<a href=""https://m.stock.naver.com/domestic/stock/145270/total"" target=""_blank"">Naver</a>"
383800,LX홀딩스,62.179981724126314,50.0,84.74138345777847,99.94635859681702,20.0,,"<a href=""https://m.stock.naver.com/domestic/stock/383800/total"" target=""_blank"">Naver</a>"
033780,KT&G,62.17941376755387,50.0,82.01959448427361,98.31681664659017,36.85666963652886,,"<a href=""https://m.stock.naver.com/domestic/stock/033780/total"" target=""_blank"">Naver</a>"
207940,삼성바이오로직스,62.16453925991074,50.0,87.59393795558223,86.60821867169172,32.104658076919996,,"<a href=""https://m.stock.naver.com/domestic/stock/207940/total"" target=""_blank"">Naver</a>"
000540,흥국화재,62.10288092307127,50.0,97.7448570256184,66.66666666666667,20.0,,"<a href=""https://m.stock.naver.com/domestic/stock/000540/total"" target=""_blank"">Naver</a>"
052690,한전기술,62.0883583307471,50.0,84.62016949009505,95.58515683997004,27.496005484526634,,"<a href=""https://m.stock.naver.com/domestic/stock/052690/total"" target=""_blank"">Naver</a>"
003780,진양산업,61.95258973123744,50.0,73.39318339790175,92.22841941309959,87.62903880904096,,"<a href=""https://m.stock.naver.com/domestic/stock/003780/total"" target=""_blank"">Naver</a>"
015230,대창단조,61.78860284905143,50.0,73.91342795888308,99.42931773173126,67.34628172315067,,"<a href=""https://m.stock.naver.com/domestic/stock/015230/total"" target=""_blank"">Naver</a>"
003090,대웅,61.74282447323339,50.0,74.77494770078816,90.1672041623949,80.6473426359371,,"<a href=""https://m.stock.naver.com/domestic/stock/003090/total"" target=""_blank"">Naver</a>"
001380,SG글로벌,61.710754620404956,50.0,78.19101299722257,84.71686354018028,73.82630034162563,,"<a href=""https://m.stock.naver.com/domestic/stock/001380/total"" target=""_blank"">Naver</a>"
000240,한국앤컴퍼니,61.70216163545334,50.0,78.96490277712745,92.70043302770395,53.81785276802162,,"<a href=""https://m.stock.naver.com/domestic/stock/000240/total"" target=""_blank"">Naver</a>"
051600,한전KPS,61.70157481394712,50.0,75.92489428031008,99.36205787461779,55.68290912815635,,"<a href=""https://m.stock.naver.com/domestic/stock/051600/total"" target=""_blank"">Naver</a>"
003720,삼영,61.69424104772581,50.0,79.58423816665831,77.46982430317587,81.023981514873,,"<a href=""https://m.stock.naver.com/domestic/stock/003720/total"" target=""_blank"">Naver</a>"
005850,에스엘,61.689197123155026,50.0,71.32459554798471,95.5873753132469,85.9862140966833,,"<a href=""https://m.stock.naver.com/domestic/stock/005850/total"" target=""_blank"">Naver</a>"
068270,셀트리온,61.58776190273584,50.0,82.26220893328973,98.37697138700024,23.69025061426766,,"<a href=""https://m.stock.naver.com/domestic/stock/068270/total"" target=""_blank"">Naver</a>"
001800,오리온홀딩스,61.558002489942986,50.0,70.67780719126074,99.52631801941772,78.71837780372061,,"<a href=""https://m.stock.naver.com/domestic/stock/001800/total"" target=""_blank"">Naver</a>"
272450,진에어,61.51461016313006,50.0,84.828777547547,65.10923246470921,75.92985059544762,,"<a href=""https://m.stock.naver.com/domestic/stock/272450/total"" target=""_blank"">Naver</a>"
012750,에스원,61.41361388280448,50.0,67.78586773402837,98.26112385719622,92.8206912715552,,"<a href=""https://m.stock.naver.com/domestic/stock/012750/total"" target=""_blank"">Naver</a>"
018250,애경산업,61.394978823974206,50.0,69.43061973148306,99.35077908564848,82.04491965077183,,"<a href=""https://m.stock.naver.com/domestic/stock/018250/total"" target=""_blank"">Naver</a>"
039130,하나투어,61.36875434814473,50.0,82.83699960085788,69.51947858598675,74.15113178663171,,"<a href=""https://m.stock.naver.com/domestic/stock/039130/total"" target=""_blank"">Naver</a>"
005830,DB손해보험,61.34718386044533,50.0,94.60676735821096,66.95492020892584,20.0,,"<a href=""https://m.stock.naver.com/domestic/stock/005830/total"" target=""_blank"">Naver</a>"
248070,솔루엠,61.33713064467979,50.0,75.01169365137982,81.09084416524534,89.50245630620601,,"<a href=""https://m.stock.naver.com/domestic/stock/248070/total"" target=""_blank"">Naver</a>"
298690,에어부산,61.315118905612614,50.0,88.09131450841873,49.24093567047852,87.36393422920145,,"<a href=""https://m.stock.naver.com/domestic/stock/298690/total"" target=""_blank"">Naver</a>"
300720,한일시멘트,61.27704624048218,50.0,73.39488218607308,93.22704707114056,72.11241973699721,,"<a href=""https://m.stock.naver.com/domestic/stock/300720/total"" target=""_blank"">Naver</a>"
022100,포스코DX,61.19541134595084,50.0,71.3179408631962,91.0683517329016,85.18181913723237,,"<a href=""https://m.stock.naver.com/domestic/stock/022100/total"" target=""_blank"">Naver</a>"
005180,빙그레,61.19417722821597,50.0,67.55642332006697,97.9905741382961,90.12027968739235,,"<a href=""https://m.stock.naver.com/domestic/stock/005180/total"" target=""_blank"">Naver</a>"
003350,한국화장품제조,61.19408508039837,50.0,70.49127971520441,93.19923421039373,85.0268346111576,,"<a href=""https://m.stock.naver.com/domestic/stock/003350/total"" target=""_blank"">Naver</a>"
002310,아세아제지,61.18778098303179,50.0,69.59097738383754,98.9614512826907,77.8778301760669,,"<a href=""https://m.stock.naver.com/domestic/stock/002310/total"" target=""_blank"">Naver</a>"
027410,BGF,61.11298148746945,50.0,72.98336157363518,99.64403748000339,58.05474692120627,,"<a href=""https://m.stock.naver.com/domestic/stock/027410/total"" target=""_blank"">Naver</a>"
028050,삼성E&A,61.003598153967694,50.0,74.01515704223152,81.29308378076915,87.41001030665797,,"<a href=""https://m.stock.naver.com/domestic/stock/028050/total"" target=""_blank"">Naver</a>"
001940,KISCO홀딩스,60.945000999058415,50.0,67.67598914017303,99.68171761994144,81.1566390404202,,"<a href=""https://m.stock.naver.com/domestic/stock/001940/total"" target=""_blank"">Naver</a>"
064400,LG씨엔에스,60.925284452134576,50.0,70.3891573081613,91.88379818720037,82.79230612748415,,"<a href=""https://m.stock.naver.com/domestic/stock/064400/total"" target=""_blank"">Naver</a>"
005010,휴스틸,60.88793541110473,50.0,72.25539924603976,95.52084862528918,65.4400147413175,,"<a href=""https://m.stock.naver.com/domestic/stock/005010/total"" target=""_blank"">Naver</a>"
064960,SNT모티브,60.8772792232455,50.0,68.32721690031657,99.29013630094933,77.32922736142848,,"<a href=""https://m.stock.naver.com/domestic/stock/064960/total"" target=""_blank"">Naver</a>"
105630,한세실업,60.84831920208167,50.0,72.43085863604334,86.99100882877927,80.83007320385802,,"<a href=""https://m.stock.naver.com/domestic/stock/105630/total"" target=""_blank"">Naver</a>"
001460,BYC,60.79166014897767,50.0,73.01280854765845,98.33264141977766,54.10387740170594,,"<a href=""https://m.stock.naver.com/domestic/stock/001460/total"" target=""_blank"">Naver</a>"
111380,동인기연,60.72955693725437,50.0,76.87963236683335,84.52277833719138,61.14742023653809,,"<a href=""https://m.stock.naver.com/domestic/stock/111380/total"" target=""_blank"">Naver</a>"
104700,한국철강,60.69836129278901,50.0,66.35578269208617,99.5275720889149,83.13316821751954,,"<a href=""https://m.stock.naver.com/domestic/stock/104700/total"" target=""_blank"">Naver</a>"
016580,환인제약,60.651311863679155,50.0,73.99093314876212,99.6997609275137,43.67204967474527,,"<a href=""https://m.stock.naver.com/domestic/stock/016580/total"" target=""_blank"">Naver</a>"
036530,SNT홀딩스,60.64757034691173,50.0,67.96660319017197,99.00772828071887,75.1029344259371,,"<a href=""https://m.stock.naver.com/domestic/stock/036530/total"" target=""_blank"">Naver</a>"
105840,우진,60.60832074127304,50.0,70.54178541596092,96.13907277339916,67.17934219885777,,"<a href=""https://m.stock.naver.com/domestic/stock/105840/total"" target=""_blank"">Naver</a>"
334890,이지스밸류플러스리츠,60.603488723203405,50.0,88.4739533066096,74.8500039655101,20.0,,"<a href=""https://m.stock.naver.com/domestic/stock/334890/total"" target=""_blank"">Naver</a>"
002780,진흥기업,60.600289712699585,50.0,68.38117709406505,92.4699915494397,85.15992568478704,,"<a href=""https://m.stock.naver.com/domestic/stock/002780/total"" target=""_blank"">Naver</a>"
029460,케이씨,60.59663902199383,50.0,66.09557609540639,99.42945149002652,82.59599698279166,,"<a href=""https://m.stock.naver.com/domestic/stock/029460/total"" target=""_blank"">Naver</a>"
138490,코오롱ENP,60.59405855543894,50.0,66.91198221894548,98.77531291234976,79.77063418935202,,"<a href=""https://m.stock.naver.com/domestic/stock/138490/total"" target=""_blank"">Naver</a>"
015590,DKME,60.57389240029979,50.0,70.29106287444351,92.2526840901348,75.51716545350854,,"<a href=""https://m.stock.naver.com/domestic/stock/015590/total"" target=""_blank"">Naver</a>"
357120,코람코라이프인프라리츠,60.55421120910834,50.0,82.35419657983262,71.1925909118996,56.92805945920459,,"<a href=""https://m.stock.naver.com/domestic/stock/357120/total"" target=""_blank"">Naver</a>"
210540,디와이파워,60.503867929232285,50.0,66.18405877782739,99.1478127114398,80.8614392726293,,"<a href=""https://m.stock.naver.com/domestic/stock/210540/total"" target=""_blank"">Naver</a>"
003690,코리안리,60.47225240201669,50.0,88.7266498833618,72.90589931176244,20.0,,"<a href=""https://m.stock.naver.com/domestic/stock/003690/total"" target=""_blank"">Naver</a>"
007340,DN오토모티브,60.419073078022414,50.0,80.22418687007159,68.64788181296635,69.96476358415765,,"<a href=""https://m.stock.naver.com/domestic/stock/007340/total"" target=""_blank"">Naver</a>"
128940,한미약품,60.36933833666062,50.0,78.94991309235644,87.10053132446846,38.43613862249332,,"<a href=""https://m.stock.naver.com/domestic/stock/128940/total"" target=""_blank"">Naver</a>"
161390,한국타이어앤테크놀로지,60.32523930523904,50.0,70.31582045404882,97.48591610125884,59.95385163201884,,"<a href=""https://m.stock.naver.com/domestic/stock/161390/total"" target=""_blank"">Naver</a>"
085310,엔케이,60.31370966622241,50.0,78.39171660232248,74.14790464584125,66.01980102115331,,"<a href=""https://m.stock.naver.com/domestic/stock/085310/total"" target=""_blank"">Naver</a>"
002030,아세아,60.28546659133902,50.0,69.45833040561324,91.54173143535749,75.3342169279992,,"<a href=""https://m.stock.naver.com/domestic/stock/002030/total"" target=""_blank"">Naver</a>"
396690,미래에셋글로벌리츠,60.281290526563936,50.0,79.8201819483079,78.10896638082897,50.30696802808131,,"<a href=""https://m.stock.naver.com/domestic/stock/396690/total"" target=""_blank"">Naver</a>"
417310,코람코더원리츠,60.27295544309548,50.0,81.39774953880837,76.24259695521351,45.985167257440736,,"<a href=""https://m.stock.naver.com/domestic/stock/417310/total"" target=""_blank"">Naver</a>"
003010,혜인,60.228054000237414,50.0,86.44918878619633,74.03459159016388,24.245952893438787,,"<a href=""https://m.stock.naver.com/domestic/stock/003010/total"" target=""_blank"">Naver</a>"
012690,모나리자,60.22036153294831,50.0,64.05269109758069,99.51525848540088,85.11325820026107,,"<a href=""https://m.stock.naver.com/domestic/stock/012690/total"" target=""_blank"">Naver</a>"
281820,케이씨텍,60.21552978509061,50.0,70.30230294131748,99.73853060276969,53.32201978968561,,"<a href=""https://m.stock.naver.com/domestic/stock/281820/total"" target=""_blank"">Naver</a>"
130660,한전산업,60.17188189658495,50.0,65.50627988572286,91.07102002232003,93.76419845844468,,"<a href=""https://m.stock.naver.com/domestic/stock/130660/total"" target=""_blank"">Naver</a>"
009680,모토닉,60.153285705908935,50.0,64.84682087477775,99.81500859364942,79.20159255699124,,"<a href=""https://m.stock.naver.com/domestic/stock/009680/total"" target=""_blank"">Naver</a>"
357250,미래에셋맵스리츠,60.13138308193526,50.0,86.12838851921106,75.99285952132496,20.0,,"<a href=""https://m.stock.naver.com/domestic/stock/357250/total"" target=""_blank"">Naver</a>"
005440,현대지에프홀딩스,60.11049169210577,50.0,79.4405094267255,67.74346862086276,69.52034946676228,,"<a href=""https://m.stock.naver.com/domestic/stock/005440/total"" target=""_blank"">Naver</a>"
267260,HD현대일렉트릭,60.09109099488704,50.0,80.48976933504433,72.22510536059033,54.92276250133836,,"<a href=""https://m.stock.naver.com/domestic/stock/267260/total"" target=""_blank"">Naver</a>"
003300,한일홀딩스,60.07616650086567,50.0,67.83351607120544,94.09737815649324,74.16099334829961,,"<a href=""https://m.stock.naver.com/domestic/stock/003300/total"" target=""_blank"">Naver</a>"
000810,삼성화재,60.05207562920924,50.0,90.85550629302595,63.38199055952754,20.0,,"<a href=""https://m.stock.naver.com/domestic/stock/000810/total"" target=""_blank"">Naver</a>"
084010,대한제강,60.03671598171434,50.0,62.93099241129093,98.69506291310091,88.68923175163013,,"<a href=""https://m.stock.naver.com/domestic/stock/084010/total"" target=""_blank"">Naver</a>"
002810,삼영무역,59.94183783409117,50.0,66.21264718271372,95.99171286094224,75.79009504637013,,"<a href=""https://m.stock.naver.com/domestic/stock/002810/total"" target=""_blank"">Naver</a>"
003960,사조대림,59.90573016662026,50.0,65.67651249558084,89.79666411389266,90.13871262671566,,"<a href=""https://m.stock.naver.com/domestic/stock/003960/total"" target=""_blank"">Naver</a>"
010640,진양폴리,59.891337428924395,50.0,66.01988198330774,90.90297770803184,85.92138324588551,,"<a href=""https://m.stock.naver.com/domestic/stock/010640/total"" target=""_blank"">Naver</a>"
004000,롯데정밀화학,59.88660925080253,50.0,68.25098229289317,93.54758282576529,69.38210790005414,,"<a href=""https://m.stock.naver.com/domestic/stock/004000/total"" target=""_blank"">Naver</a>"
016590,신대양제지,59.874914581902615,50.0,65.79487976844295,94.5398285069928,79.44423578185186,,"<a href=""https://m.stock.naver.com/domestic/stock/016590/total"" target=""_blank"">Naver</a>"
005430,한국공항,59.87217255289002,50.0,61.98316986536793,98.87000338539261,89.78759496017558,,"<a href=""https://m.stock.naver.com/domestic/stock/005430/total"" target=""_blank"">Naver</a>"
036570,엔씨소프트,59.84506721133335,50.0,67.30165581698184,95.06957637093741,70.25391239988296,,"<a href=""https://m.stock.naver.com/domestic/stock/036570/total"" target=""_blank"">Naver</a>"
004490,세방전지,59.83182485765194,50.0,64.73081580780314,98.0850060121589,76.81240608970526,,"<a href=""https://m.stock.naver.com/domestic/stock/004490/total"" target=""_blank"">Naver</a>"
001230,동국홀딩스,59.82382089862985,50.0,68.66749101099278,87.36490443833111,78.40915404097088,,"<a href=""https://m.stock.naver.com/domestic/stock/001230/total"" target=""_blank"">Naver</a>"
086280,현대글로비스,59.810494881258975,50.0,63.40999002468879,94.28734112375105,90.58526525423339,,"<a href=""https://m.stock.naver.com/domestic/stock/086280/total"" target=""_blank"">Naver</a>"
016380,KG스틸,59.77792911179922,50.0,67.80460347643898,86.19908137075626,84.13740211227687,,"<a href=""https://m.stock.naver.com/domestic/stock/016380/total"" target=""_blank"">Naver</a>"
078000,텔코웨어,59.765029229798,50.0,65.981564105548,99.68501662308803,66.02273082204402,,"<a href=""https://m.stock.naver.com/domestic/stock/078000/total"" target=""_blank"">Naver</a>"
293480,하나제약,59.73841150633949,50.0,71.00381631430629,96.80306010543916,46.14302834438014,,"<a href=""https://m.stock.naver.com/domestic/stock/293480/total"" target=""_blank"">Naver</a>"
001820,삼화콘덴서,59.728435968922426,50.0,65.66718147670693,94.63442672562857,76.9639585436568,,"<a href=""https://m.stock.naver.com/domestic/stock/001820/total"" target=""_blank"">Naver</a>"
180640,한진칼,59.72726249122198,50.0,86.0968748737065,54.417360638238605,55.22615417942987,,"<a href=""https://m.stock.naver.com/domestic/stock/180640/total"" target=""_blank"">Naver</a>"
078930,GS,59.60915626415728,50.0,68.93126593862218,80.72426975373608,86.07825608256243,,"<a href=""https://m.stock.naver.com/domestic/stock/078930/total"" target=""_blank"">Naver</a>"
012510,더존비즈온,59.59449874372814,50.0,75.39305064386565,68.58711182907066,77.75049799709322,,"<a href=""https://m.stock.naver.com/domestic/stock/012510/total"" target=""_blank"">Naver</a>"
003570,SNT다이내믹스,59.589376527082706,50.0,67.42315116365451,97.97159449870888,58.72858572596378,,"<a href=""https://m.stock.naver.com/domestic/stock/003570/total"" target=""_blank"">Naver</a>"
348950,제이알글로벌리츠,59.588710374760076,50.0,82.70306749373368,61.29798944509176,55.66289113634965,,"<a href=""https://m.stock.naver.com/domestic/stock/348950/total"" target=""_blank"">Naver</a>"
000590,CS홀딩스,59.58863165462209,50.0,70.71255071711066,91.15972276706597,55.89043397275638,,"<a href=""https://m.stock.naver.com/domestic/stock/000590/total"" target=""_blank"">Naver</a>"
001060,JW중외제약,59.54394118890072,50.0,71.24186010216303,78.89437945137989,76.88076436443929,,"<a href=""https://m.stock.naver.com/domestic/stock/001060/total"" target=""_blank"">Naver</a>"
272210,한화시스템,59.53771273891628,50.0,72.06096060192647,79.53764774655944,71.37415627557434,,"<a href=""https://m.stock.naver.com/domestic/stock/272210/total"" target=""_blank"">Naver</a>"
016710,대성홀딩스,59.53769121865119,50.0,74.05861321583934,66.7320784262311,86.99660144136492,,"<a href=""https://m.stock.naver.com/domestic/stock/016710/total"" target=""_blank"">Naver</a>"
005380,현대차,59.52413672923217,50.0,69.47098167640577,81.1217937534633,80.88423869568793,,"<a href=""https://m.stock.naver.com/domestic/stock/005380/total"" target=""_blank"">Naver</a>"
005820,원림,59.51984379276635,50.0,65.60962732630871,99.62064368259797,63.10745185858748,,"<a href=""https://m.stock.naver.com/domestic/stock/005820/total"" target=""_blank"">Naver</a>"
005390,신성통상,59.5170986074575,50.0,72.05362122989494,73.95280065539666,82.16826468888203,,"<a href=""https://m.stock.naver.com/domestic/stock/005390/total"" target=""_blank"">Naver</a>"
091810,티웨이항공,59.513242915820825,50.0,78.7990674846624,52.41218496944097,91.44515095422254,,"<a href=""https://m.stock.naver.com/domestic/stock/091810/total"" target=""_blank"">Naver</a>"
264900,크라운제과,59.50100811798671,50.0,63.80359844131101,90.37243209779433,90.25730595759049,,"<a href=""https://m.stock.naver.com/domestic/stock/264900/total"" target=""_blank"">Naver</a>"
067830,세이브존I&C,59.4372310576499,50.0,64.12649056304691,97.14831705771799,73.81553422232759,,"<a href=""https://m.stock.naver.com/domestic/stock/067830/total"" target=""_blank"">Naver</a>"
194370,제이에스코퍼레이션,59.40503564719421,50.0,69.16036496405802,80.79084413361906,80.71719985635603,,"<a href=""https://m.stock.naver.com/domestic/stock/194370/total"" target=""_blank"">Naver</a>"
006660,삼성공조,59.34955361617235,50.0,61.97024861136125,99.61042210094348,77.91898506475373,,"<a href=""https://m.stock.naver.com/domestic/stock/006660/total"" target=""_blank"">Naver</a>"
092230,KPX홀딩스,59.33874637479326,50.0,67.39716946817083,86.66330847396449,76.46246320708207,,"<a href=""https://m.stock.naver.com/domestic/stock/092230/total"" target=""_blank"">Naver</a>"
018260,삼성에스디에스,59.32315841726476,50.0,60.063950247892,99.06817812310234,88.00706085963041,,"<a href=""https://m.stock.naver.com/domestic/stock/018260/total"" target=""_blank"">Naver</a>"
108320,LX세미콘,59.288842739613756,50.0,63.23645674380461,95.86805639604503,77.85845828116199,,"<a href=""https://m.stock.naver.com/domestic/stock/108320/total"" target=""_blank"">Naver</a>"
009140,경인전자,59.27074709525297,50.0,69.64083152274283,99.83906539868954,37.532653493966265,,"<a href=""https://m.stock.naver.com/domestic/stock/009140/total"" target=""_blank"">Naver</a>"
007860,서연,59.25633356359403,50.0,67.4536667177428,78.04079085606735,91.7767559710319,,"<a href=""https://m.stock.naver.com/domestic/stock/007860/total"" target=""_blank"">Naver</a>"
069730,DSR제강,59.2362817814722,50.0,64.4109742151913,97.83512365362601,67.00051724623555,,"<a href=""https://m.stock.naver.com/domestic/stock/069730/total"" target=""_blank"">Naver</a>"
025000,KPX케미칼,59.21442678456725,50.0,64.94656690547056,89.4666610981761,80.62237896763999,,"<a href=""https://m.stock.naver.com/domestic/stock/025000/total"" target=""_blank"">Naver</a>"
002200,한국수출포장,59.172072486581186,50.0,60.8787683369272,99.48192448895836,80.0837590690709,,"<a href=""https://m.stock.naver.com/domestic/stock/002200/total"" target=""_blank"">Naver</a>"
090460,비에이치,59.16025885068403,50.0,63.57355458866346,87.79608823726616,89.74522759583095,,"<a href=""https://m.stock.naver.com/domestic/stock/090460/total"" target=""_blank"">Naver</a>"
009450,경동나비엔,59.16021760283154,50.0,69.6647540374109,83.81062277239253,67.25933632479124,,"<a href=""https://m.stock.naver.com/domestic/stock/009450/total"" target=""_blank"">Naver</a>"
102260,동성케미컬,59.14204971398435,50.0,64.21508781639247,88.67743822785188,84.41067874202088,,"<a href=""https://m.stock.naver.com/domestic/stock/102260/total"" target=""_blank"">Naver</a>"
404990,신한서부티엔디리츠,59.132516125304335,50.0,82.04654921055437,56.98952052620582,58.438535400903255,,"<a href=""https://m.stock.naver.com/domestic/stock/404990/total"" target=""_blank"">Naver</a>"
030000,제일기획,59.10603326768983,50.0,65.89107089624551,87.56549126313425,77.5343283463006,,"<a href=""https://m.stock.naver.com/domestic/stock/030000/total"" target=""_blank"">Naver</a>"
183190,아세아시멘트,59.10181825350444,50.0,68.70720394604093,81.85815109938966,74.78404314110489,,"<a href=""https://m.stock.naver.com/domestic/stock/183190/total"" target=""_blank"">Naver</a>"
072710,농심홀딩스,59.0881774885675,50.0,65.96795061502678,89.57387393731076,72.77604882159467,,"<a href=""https://m.stock.naver.com/domestic/stock/072710/total"" target=""_blank"">Naver</a>"
000640,동아쏘시오홀딩스,59.08080121160064,50.0,85.43780141243322,67.21350858492335,20.0,,"<a href=""https://m.stock.naver.com/domestic/stock/000640/total"" target=""_blank"">Naver</a>"
317400,자이에스앤디,59.06449932411933,50.0,61.312639194043605,93.40765835391876,87.91147380433107,,"<a href=""https://m.stock.naver.com/domestic/stock/317400/total"" target=""_blank"">Naver</a>"
035510,신세계 I&C,59.05946138675523,50.0,60.15814182931914,95.90342215367487,88.5916742811593,,"<a href=""https://m.stock.naver.com/domestic/stock/035510/total"" target=""_blank"">Naver</a>"
089590,제주항공,59.01540202738193,50.0,78.93893675577678,47.978836817942394,89.65568313286997,,"<a href=""https://m.stock.naver.com/domestic/stock/089590/total"" target=""_blank"">Naver</a>"
011420,갤럭시아에스엠,59.00925869215809,50.0,65.65059521528036,99.44113367598874,53.04993041478249,,"<a href=""https://m.stock.naver.com/domestic/stock/011420/total"" target=""_blank"">Naver</a>"
004370,농심,58.97762447015726,50.0,59.10853768144224,97.98494474592081,88.03991150409227,,"<a href=""https://m.stock.naver.com/domestic/stock/004370/total"" target=""_blank"">Naver</a>"
016090,대현,58.9224172157297,50.0,65.35666512606474,99.529685150348,52.60564838357439,,"<a href=""https://m.stock.naver.com/domestic/stock/016090/total"" target=""_blank"">Naver</a>"
069620,대웅제약,58.92167053628617,50.0,71.19605095717769,75.55573234450762,71.34169125081972,,"<a href=""https://m.stock.naver.com/domestic/stock/069620/total"" target=""_blank"">Naver</a>"
025540,한국단자,58.913434988854206,50.0,62.98904657138936,96.50601058942028,70.31144574129667,,"<a href=""https://m.stock.naver.com/domestic/stock/025540/total"" target=""_blank"">Naver</a>"
008930,한미사이언스,58.871251437427674,50.0,73.81601704386243,79.03951916517372,50.265905198893954,,"<a href=""https://m.stock.naver.com/domestic/stock/008930/total"" target=""_blank"">Naver</a>"
007210,벽산,58.81356143088197,50.0,64.72213256944103,84.81029786725756,83.03997003591904,,"<a href=""https://m.stock.naver.com/domestic/stock/007210/total"" target=""_blank"">Naver</a>"
019180,티에이치엔,58.81238668478246,50.0,70.60421162955932,68.37824254364033,86.4701904605719,,"<a href=""https://m.stock.naver.com/domestic/stock/019180/total"" target=""_blank"">Naver</a>"
006390,한일현대시멘트,58.808234753309506,50.0,66.58523101698152,84.85001366631019,73.53851264866204,,"<a href=""https://m.stock.naver.com/domestic/stock/006390/total"" target=""_blank"">Naver</a>"
123690,한국화장품,58.75966858227866,50.0,61.79265416109962,90.93360809324071,84.36288465359368,,"<a href=""https://m.stock.naver.com/domestic/stock/123690/total"" target=""_blank"">Naver</a>"
123700,SJM,58.72678273512346,50.0,65.15661665097947,99.33773685765517,50.07709773226154,,"<a href=""https://m.stock.naver.com/domestic/stock/123700/total"" target=""_blank"">Naver</a>"
100840,SNT에너지,58.71094441639813,50.0,62.92332355018517,85.57696183774067,88.44834690155531,,"<a href=""https://m.stock.naver.com/domestic/stock/100840/total"" target=""_blank"">Naver</a>"
120110,코오롱인더,58.710092474388674,50.0,81.73323126774103,69.32699634444188,26.881700460184575,,"<a href=""https://m.stock.naver.com/domestic/stock/120110/total"" target=""_blank"">Naver</a>"
004770,써니전자,58.689730264838644,50.0,71.83760838894902,78.96784099701601,56.670881357995555,,"<a href=""https://m.stock.naver.com/domestic/stock/004770/total"" target=""_blank"">Naver</a>"
007660,이수페타시스,58.65609585766711,50.0,72.70916703624566,72.58479571273519,64.40649054664351,,"<a href=""https://m.stock.naver.com/domestic/stock/007660/total"" target=""_blank"">Naver</a>"
025530,SJM홀딩스,58.64637678401421,50.0,65.39233431024645,99.41623412371968,47.13339588161261,,"<a href=""https://m.stock.naver.com/domestic/stock/025530/total"" target=""_blank"">Naver</a>"
015890,태경산업,58.63483703709883,50.0,61.19635579729521,93.05941535193304,80.59613105163444,,"<a href=""https://m.stock.naver.com/domestic/stock/015890/total"" target=""_blank"">Naver</a>"
094280,효성ITX,58.62049098730182,50.0,64.10706150203174,79.5871969666063,92.70011830266506,,"<a href=""https://m.stock.naver.com/domestic/stock/094280/total"" target=""_blank"">Naver</a>"
350520,이지스레지던스리츠,58.61451884620246,50.0,83.08081981383616,68.44313892743416,20.0,,"<a href=""https://m.stock.naver.com/domestic/stock/350520/total"" target=""_blank"">Naver</a>"
462520,조선내화,58.59587751227731,50.0,71.6390411611413,82.00784412669836,49.70665618644316,,"<a href=""https://m.stock.naver.com/domestic/stock/462520/total"" target=""_blank"">Naver</a>"
079550,LIG넥스원,58.58255524523494,50.0,71.33240503501452,68.68197330575597,77.62513311811425,,"<a href=""https://m.stock.naver.com/domestic/stock/079550/total"" target=""_blank"">Naver</a>"
000700,유수홀딩스,58.57079597660054,50.0,59.29903159349291,99.61854561401796,75.68367033651025,,"<a href=""https://m.stock.naver.com/domestic/stock/000700/total"" target=""_blank"">Naver</a>"
005870,휴니드,58.544969291944895,50.0,67.40880758650474,92.70038890344819,48.45457009947786,,"<a href=""https://m.stock.naver.com/domestic/stock/005870/total"" target=""_blank"">Naver</a>"
009180,한솔로지스틱스,58.54148285642824,50.0,60.35746791410302,86.91107060847858,95.22017634109244,,"<a href=""https://m.stock.naver.com/domestic/stock/009180/total"" target=""_blank"">Naver</a>"
017550,수산세보틱스,58.4790379953732,50.0,65.54213719129918,91.98230545030559,57.905463050356836,,"<a href=""https://m.stock.naver.com/domestic/stock/017550/total"" target=""_blank"">Naver</a>"
002900,TYM,58.475636082158054,50.0,71.42955797860411,78.83906350557756,54.686804738985245,,"<a href=""https://m.stock.naver.com/domestic/stock/002900/total"" target=""_blank"">Naver</a>"
013000,세우글로벌,58.45581647531641,50.0,60.078145503400414,94.52082102600097,79.68395993732435,,"<a href=""https://m.stock.naver.com/domestic/stock/013000/total"" target=""_blank"">Naver</a>"
032560,황금에스티,58.44106017264088,50.0,65.4435001081063,90.32313898945449,60.95742493337714,,"<a href=""https://m.stock.naver.com/domestic/stock/032560/total"" target=""_blank"">Naver</a>"
053690,한미글로벌,58.438922927170196,50.0,60.10526391173585,92.9040235651344,82.4440918544559,,"<a href=""https://m.stock.naver.com/domestic/stock/053690/total"" target=""_blank"">Naver</a>"
000020,동화약품,58.33423944965772,50.0,61.25920174500822,98.07966535155732,64.22944956499863,,"<a href=""https://m.stock.naver.com/domestic/stock/000020/total"" target=""_blank"">Naver</a>"
006090,사조오양,58.2679740982622,50.0,62.862783236323125,86.57814238662719,77.8892810103739,,"<a href=""https://m.stock.naver.com/domestic/stock/006090/total"" target=""_blank"">Naver</a>"
029530,신도리코,58.2674382448429,50.0,66.20817884647708,82.15159225597299,70.00468615252663,,"<a href=""https://m.stock.naver.com/domestic/stock/029530/total"" target=""_blank"">Naver</a>"
007310,오뚜기,58.250874423506204,50.0,60.67392941605767,89.14813443595943,83.35157251791684,,"<a href=""https://m.stock.naver.com/domestic/stock/007310/total"" target=""_blank"">Naver</a>"
011780,금호석유화학,58.22603417263134,50.0,59.52885521793886,93.11758592525639,80.64123551241966,,"<a href=""https://m.stock.naver.com/domestic/stock/011780/total"" target=""_blank"">Naver</a>"
071970,HD현대마린엔진,58.2189841572625,50.0,73.61786474707314,71.00004869636503,54.29026201715399,,"<a href=""https://m.stock.naver.com/domestic/stock/071970/total"" target=""_blank"">Naver</a>"
200880,서연이화,58.198344106898865,50.0,65.90570010033527,71.27043933692069,91.89750296245957,,"<a href=""https://m.stock.naver.com/domestic/stock/200880/total"" target=""_blank"">Naver</a>"
034230,파라다이스,58.190520139864915,50.0,67.00836063303989,76.4220704591823,75.92445871373427,,"<a href=""https://m.stock.naver.com/domestic/stock/034230/total"" target=""_blank"">Naver</a>"
006400,삼성SDI,58.1834513871531,50.0,68.05963600550136,72.6253618499052,78.12012401574464,,"<a href=""https://m.stock.naver.com/domestic/stock/006400/total"" target=""_blank"">Naver</a>"
010120,LS ELECTRIC,58.182017685213154,50.0,58.969886946748765,96.14247491491547,76.50596914068832,,"<a href=""https://m.stock.naver.com/domestic/stock/010120/total"" target=""_blank"">Naver</a>"
008110,대동전자,58.17368290379799,50.0,68.10072930959099,75.84667091909265,71.27666968981951,,"<a href=""https://m.stock.naver.com/domestic/stock/008110/total"" target=""_blank"">Naver</a>"
035420,NAVER,58.140279316503104,50.0,69.45120935124841,79.50138953877783,56.54676049626443,,"<a href=""https://m.stock.naver.com/domestic/stock/035420/total"" target=""_blank"">Naver</a>"
012330,현대모비스,58.12149371985435,50.0,59.03413536948395,92.17588598098237,82.90742558770252,,"<a href=""https://m.stock.naver.com/domestic/stock/012330/total"" target=""_blank"">Naver</a>"
007590,동방아그로,58.12009161542921,50.0,64.51145095218702,96.5033620557691,46.837853436110805,,"<a href=""https://m.stock.naver.com/domestic/stock/007590/total"" target=""_blank"">Naver</a>"
028260,삼성물산,58.105501457752254,50.0,61.23793843377041,90.42744152068619,75.0654539448206,,"<a href=""https://m.stock.naver.com/domestic/stock/028260/total"" target=""_blank"">Naver</a>"
307950,현대오토에버,58.098949327049546,50.0,56.88955630292167,98.2008644057771,81.12947621482833,,"<a href=""https://m.stock.naver.com/domestic/stock/307950/total"" target=""_blank"">Naver</a>"
010780,아이에스동서,58.045650359895724,50.0,72.7748125344845,78.70159137373341,39.63576177802511,,"<a href=""https://m.stock.naver.com/domestic/stock/010780/total"" target=""_blank"">Naver</a>"
023450,동남합성,58.02666528129579,50.0,59.99035945553738,84.64121000867807,91.29908833087278,,"<a href=""https://m.stock.naver.com/domestic/stock/023450/total"" target=""_blank"">Naver</a>"
001130,대한제분,58.015953912057704,50.0,58.55492118310023,92.93756419362921,81.66934393839458,,"<a href=""https://m.stock.naver.com/domestic/stock/001130/total"" target=""_blank"">Naver</a>"
003490,대한항공,58.013533529188365,50.0,69.91864269633247,64.13591841511678,82.40562027187146,,"<a href=""https://m.stock.naver.com/domestic/stock/003490/total"" target=""_blank"">Naver</a>"
014440,영보화학,58.00093978459982,50.0,59.03967544537701,99.76853335363232,65.28335175784682,,"<a href=""https://m.stock.naver.com/domestic/stock/014440/total"" target=""_blank"">Naver</a>"
023000,삼원강재,57.9896809265861,50.0,56.842179317388236,99.36885831305422,76.84500531867226,,"<a href=""https://m.stock.naver.com/domestic/stock/023000/total"" target=""_blank"">Naver</a>"
009150,삼성전기,57.93563235272039,50.0,59.613776631489884,96.29055041820664,68.06266306054508,,"<a href=""https://m.stock.naver.com/domestic/stock/009150/total"" target=""_blank"">Naver</a>"
010100,한국무브넥스,57.92644753667369,50.0,61.8535465684752,80.50991043309708,88.24139702490365,,"<a href=""https://m.stock.naver.com/domestic/stock/010100/total"" target=""_blank"">Naver</a>"
025890,한국주강,57.85154322625651,50.0,57.470199958595316,94.91956572453174,79.8407332830901,,"<a href=""https://m.stock.naver.com/domestic/stock/025890/total"" target=""_blank"">Naver</a>"
226320,잇츠한불,57.837309247121375,50.0,62.846530940666845,90.5191809802048,61.47516827868378,,"<a href=""https://m.stock.naver.com/domestic/stock/226320/total"" target=""_blank"">Naver</a>"
100090,SK오션플랜트,57.83127428307878,50.0,63.65278774845717,76.25511069449942,85.85132553029086,,"<a href=""https://m.stock.naver.com/domestic/stock/100090/total"" target=""_blank"">Naver</a>"
352820,하이브,57.75954610471949,50.0,68.10746396895077,70.5355973948423,73.58240745995153,,"<a href=""https://m.stock.naver.com/domestic/stock/352820/total"" target=""_blank"">Naver</a>"
016740,두올,57.73152404272992,50.0,58.743847106816325,88.38098386968663,84.14927758114361,,"<a href=""https://m.stock.naver.com/domestic/stock/016740/total"" target=""_blank"">Naver</a>"
010960,삼호개발,57.69512889321789,50.0,54.42805173229926,98.005903730721,85.75051174141959,,"<a href=""https://m.stock.naver.com/domestic/stock/010960/total"" target=""_blank"">Naver</a>"
111110,호전실업,57.579846130211145,50.0,63.38467474496928,78.04940424434993,78.57474039067652,,"<a href=""https://m.stock.naver.com/domestic/stock/111110/total"" target=""_blank"">Naver</a>"
034120,SBS,57.54126935488998,50.0,56.73608201362443,97.31595280080127,72.51307142807472,,"<a href=""https://m.stock.naver.com/domestic/stock/034120/total"" target=""_blank"">Naver</a>"
016450,한세예스24홀딩스,57.52142800922564,50.0,62.54222194574789,77.67345921864208,82.37053201848917,,"<a href=""https://m.stock.naver.com/domestic/stock/016450/total"" target=""_blank"">Naver</a>"
286940,롯데이노베이트,57.513644239960655,50.0,57.756462220906904,86.0666895753071,89.35719454406446,,"<a href=""https://m.stock.naver.com/domestic/stock/286940/total"" target=""_blank"">Naver</a>"
004830,덕성,57.5048798831311,50.0,57.375013588600204,92.1634894743143,78.89555077099251,,"<a href=""https://m.stock.naver.com/domestic/stock/004830/total"" target=""_blank"">Naver</a>"
003850,보령,57.504232067766374,50.0,60.72055883344908,92.54583270558832,61.390181776905386,,"<a href=""https://m.stock.naver.com/domestic/stock/003850/total"" target=""_blank"">Naver</a>"
004250,NPC,57.45496256866164,50.0,59.269487700734395,85.8780483489112,80.9957161717384,,"<a href=""https://m.stock.naver.com/domestic/stock/004250/total"" target=""_blank"">Naver</a>"
011200,HMM,57.44331247714119,50.0,64.16587129060458,76.28176245902237,75.47336817175614,,"<a href=""https://m.stock.naver.com/domestic/stock/011200/total"" target=""_blank"">Naver</a>"
002170,삼양통상,57.433274505618265,50.0,67.923480576277,82.99859631484588,43.05089460128861,,"<a href=""https://m.stock.naver.com/domestic/stock/002170/total"" target=""_blank"">Naver</a>"
028670,팬오션,57.42206655516941,50.0,60.602170790283566,81.45318287169096,82.52411140858842,,"<a href=""https://m.stock.naver.com/domestic/stock/028670/total"" target=""_blank"">Naver</a>"
055490,테이팩스,57.40969311107955,50.0,56.33014621376643,95.21811260792751,76.10690593690377,,"<a href=""https://m.stock.naver.com/domestic/stock/055490/total"" target=""_blank"">Naver</a>"
090350,노루페인트,57.40777702161934,50.0,56.97683133925648,89.5096541410936,84.2520754539172,,"<a href=""https://m.stock.naver.com/domestic/stock/090350/total"" target=""_blank"">Naver</a>"
010690,화신,57.39959316423593,50.0,64.55244420648526,68.02353968836188,89.1825628755686,,"<a href=""https://m.stock.naver.com/domestic/stock/010690/total"" target=""_blank"">Naver</a>"
000320,노루홀딩스,57.39177251825216,50.0,57.96479704859337,88.6882936882164,80.63487774564351,,"<a href=""https://m.stock.naver.com/domestic/stock/000320/total"" target=""_blank"">Naver</a>"
010130,고려아연,57.385036562070965,50.0,58.60734806027815,91.84311575493082,70.9777594301669,,"<a href=""https://m.stock.naver.com/domestic/stock/010130/total"" target=""_blank"">Naver</a>"
088260,이리츠코크렙,57.36156776272069,50.0,84.21360923747909,53.08165453350914,20.0,,"<a href=""https://m.stock.naver.com/domestic/stock/088260/total"" target=""_blank"">Naver</a>"
214320,이노션,57.341183286704826,50.0,65.30774212972813,81.94806238780991,56.388830309836116,,"<a href=""https://m.stock.naver.com/domestic/stock/214320/total"" target=""_blank"">Naver</a>"
047040,대우건설,57.33110911080054,50.0,62.80332896255402,78.52512312044315,75.55529116235432,,"<a href=""https://m.stock.naver.com/domestic/stock/047040/total"" target=""_blank"">Naver</a>"
339770,교촌에프앤비,57.32469602888343,50.0,55.83712279864949,87.85025062700373,91.60780533041374,,"<a href=""https://m.stock.naver.com/domestic/stock/339770/total"" target=""_blank"">Naver</a>"
267850,아시아나IDT,57.323040056506294,50.0,58.27428039694197,89.80777946265349,75.47384022010903,,"<a href=""https://m.stock.naver.com/domestic/stock/267850/total"" target=""_blank"">Naver</a>"
042670,HD현대인프라코어,57.31852277446991,50.0,66.56843420748407,77.01907231252963,59.490139826918664,,"<a href=""https://m.stock.naver.com/domestic/stock/042670/total"" target=""_blank"">Naver</a>"
001270,부국증권,57.30802113949221,50.0,81.71679726653115,58.78821822859418,20.0,,"<a href=""https://m.stock.naver.com/domestic/stock/001270/total"" target=""_blank"">Naver</a>"
000970,한국주철관,57.27296314827916,50.0,53.76572302880294,99.48155069031553,77.66754644093736,,"<a href=""https://m.stock.naver.com/domestic/stock/000970/total"" target=""_blank"">Naver</a>"
453340,현대그린푸드,57.218862465152384,50.0,52.31758992713157,95.3871080627749,92.01508354183997,,"<a href=""https://m.stock.naver.com/domestic/stock/453340/total"" target=""_blank"">Naver</a>"
005500,삼진제약,57.2160197636155,50.0,65.54662806297516,83.59002433533936,49.407206286755354,,"<a href=""https://m.stock.naver.com/domestic/stock/005500/total"" target=""_blank"">Naver</a>"
000100,유한양행,57.19253990597742,50.0,57.842052304958976,98.09574140348265,58.44905378778813,,"<a href=""https://m.stock.naver.com/domestic/stock/000100/total"" target=""_blank"">Naver</a>"
175330,JB금융지주,57.183638346030484,50.0,91.20315223304893,33.828502877682546,20.0,,"<a href=""https://m.stock.naver.com/domestic/stock/175330/total"" target=""_blank"">Naver</a>"
155660,DSR,57.15241468579402,50.0,63.41143320713638,80.85953707577072,64.27205352865701,,"<a href=""https://m.stock.naver.com/domestic/stock/155660/total"" target=""_blank"">Naver</a>"
460860,동국제강,57.12432803326739,50.0,63.50769562553034,80.04461068516994,64.85886116735608,,"<a href=""https://m.stock.naver.com/domestic/stock/460860/total"" target=""_blank"">Naver</a>"
011070,LG이노텍,57.06257115667812,50.0,58.557829852133075,78.29036151353472,91.88155084582759,,"<a href=""https://m.stock.naver.com/domestic/stock/011070/total"" target=""_blank"">Naver</a>"
017040,광명전기,57.05915196036632,50.0,54.33863404070363,97.23506291899902,75.0197431658103,,"<a href=""https://m.stock.naver.com/domestic/stock/017040/total"" target=""_blank"">Naver</a>"
448730,삼성FN리츠,57.053811919454844,50.0,65.88549027828817,75.82439349882807,60.0,,"<a href=""https://m.stock.naver.com/domestic/stock/448730/total"" target=""_blank"">Naver</a>"
451800,한화리츠,57.018229532393626,50.0,73.77342784015406,55.74872572355114,60.0,,"<a href=""https://m.stock.naver.com/domestic/stock/451800/total"" target=""_blank"">Naver</a>"
014160,대영포장,57.010965810005835,50.0,52.89507362107434,95.16914931749471,85.4056494597556,,"<a href=""https://m.stock.naver.com/domestic/stock/014160/total"" target=""_blank"">Naver</a>"
020000,한섬,57.00278318291182,50.0,58.56232335094981,99.40845390640969,48.427139090668064,,"<a href=""https://m.stock.naver.com/domestic/stock/020000/total"" target=""_blank"">Naver</a>"
268280,미원에스씨,56.98314618298459,50.0,55.09340006081908,99.4093919780085,65.37713939957938,,"<a href=""https://m.stock.naver.com/domestic/stock/268280/total"" target=""_blank"">Naver</a>"
017860,DS단석,56.95962510893955,50.0,64.00918688372339,69.87425904527015,79.39804966963375,,"<a href=""https://m.stock.naver.com/domestic/stock/017860/total"" target=""_blank"">Naver</a>"
381970,케이카,56.955234515057896,50.0,55.881566939938885,83.953262464235,91.7903306729934,,"<a href=""https://m.stock.naver.com/domestic/stock/381970/total"" target=""_blank"">Naver</a>"
004360,세방,56.93099843394302,50.0,56.268579925289906,87.45842664914457,82.36021575412163,,"<a href=""https://m.stock.naver.com/domestic/stock/004360/total"" target=""_blank"">Naver</a>"
001390,KG케미칼,56.858075007786,50.0,59.1796328577128,77.79750125032271,85.66833336651062,,"<a href=""https://m.stock.naver.com/domestic/stock/001390/total"" target=""_blank"">Naver</a>"
058730,다스코,56.83622713605485,50.0,59.71426079718327,82.50577784912595,73.14168303692875,,"<a href=""https://m.stock.naver.com/domestic/stock/058730/total"" target=""_blank"">Naver</a>"
100250,진양홀딩스,56.824824949673356,50.0,64.63916946940748,69.07538422810333,75.14988319022315,,"<a href=""https://m.stock.naver.com/domestic/stock/100250/total"" target=""_blank"">Naver</a>"
272550,삼양패키징,56.78553480254165,50.0,61.52761417269977,75.63689331677716,76.79883855377983,,"<a href=""https://m.stock.naver.com/domestic/stock/272550/total"" target=""_blank"">Naver</a>"
016360,삼성증권,56.76072459423998,50.0,88.26558551471089,36.943282155622576,20.0,,"<a href=""https://m.stock.naver.com/domestic/stock/016360/total"" target=""_blank"">Naver</a>"
029780,삼성카드,56.704377387531835,50.0,79.3802839838185,58.5930639157721,20.0,,"<a href=""https://m.stock.naver.com/domestic/stock/029780/total"" target=""_blank"">Naver</a>"
097520,엠씨넥스,56.697748827824505,50.0,54.07671972094817,87.59849359423268,88.37439076328381,,"<a href=""https://m.stock.naver.com/domestic/stock/097520/total"" target=""_blank"">Naver</a>"
057050,현대홈쇼핑,56.69071103844351,50.0,55.87642258128394,91.1226211637087,72.18686553503296,,"<a href=""https://m.stock.naver.com/domestic/stock/057050/total"" target=""_blank"">Naver</a>"
051900,LG생활건강,56.68023002881836,50.0,52.90691533905962,98.28408181854678,72.50186024397553,,"<a href=""https://m.stock.naver.com/domestic/stock/051900/total"" target=""_blank"">Naver</a>"
005940,NH투자증권,56.672535765174814,50.0,87.30866568909563,38.45369342900912,20.0,,"<a href=""https://m.stock.naver.com/domestic/stock/005940/total"" target=""_blank"">Naver</a>"
103140,풍산,56.67021433576754,50.0,57.92411405942746,89.49799466343597,64.78772709134152,,"<a href=""https://m.stock.naver.com/domestic/stock/103140/total"" target=""_blank"">Naver</a>"
282330,BGF리테일,56.63758728867408,50.0,61.36276720529441,64.95789859135756,96.02211256429439,,"<a href=""https://m.stock.naver.com/domestic/stock/282330/total"" target=""_blank"">Naver</a>"
344820,KCC글라스,56.61822864567429,50.0,56.82192062811438,86.13272539385946,75.98951898519502,,"<a href=""https://m.stock.naver.com/domestic/stock/344820/total"" target=""_blank"">Naver</a>"
007280,한국특강,56.59229605408832,50.0,61.261216914439586,70.28336495154224,84.97310660648394,,"<a href=""https://m.stock.naver.com/domestic/stock/007280/total"" target=""_blank"">Naver</a>"
293940,신한알파리츠,56.565953174066856,50.0,78.15322188581418,60.27647702613315,20.0,,"<a href=""https://m.stock.naver.com/domestic/stock/293940/total"" target=""_blank"">Naver</a>"
373220,LG에너지솔루션,56.56166342812181,50.0,58.79372264771114,82.13967333866337,72.9853086465538,,"<a href=""https://m.stock.naver.com/domestic/stock/373220/total"" target=""_blank"">Naver</a>"
003220,대원제약,56.55989859197062,50.0,60.19028466050539,83.15871824919452,63.929112038496285,,"<a href=""https://m.stock.naver.com/domestic/stock/003220/total"" target=""_blank"">Naver</a>"
039570,HDC랩스,56.538589551813494,50.0,49.35882670932737,98.3701527102987,87.23735206903567,,"<a href=""https://m.stock.naver.com/domestic/stock/039570/total"" target=""_blank"">Naver</a>"
365550,ESR켄달스퀘어리츠,56.52895398386124,50.0,79.79134524650426,55.81117672235181,20.0,,"<a href=""https://m.stock.naver.com/domestic/stock/365550/total"" target=""_blank"">Naver</a>"
075580,세진중공업,56.52513568869518,50.0,65.42257772537921,59.81042345647414,83.76897823405926,,"<a href=""https://m.stock.naver.com/domestic/stock/075580/total"" target=""_blank"">Naver</a>"
058850,KTcs,56.52039618440262,50.0,51.489121541996205,89.18295933453851,94.59639730899445,,"<a href=""https://m.stock.naver.com/domestic/stock/058850/total"" target=""_blank"">Naver</a>"
086790,하나금융지주,56.49125256809376,50.0,88.6316769390417,33.333333333333336,20.0,,"<a href=""https://m.stock.naver.com/domestic/stock/086790/total"" target=""_blank"">Naver</a>"
002920,유성기업,56.4866710018444,50.0,51.83147127074111,95.88308094075393,78.80990180167464,,"<a href=""https://m.stock.naver.com/domestic/stock/002920/total"" target=""_blank"">Naver</a>"
009770,삼정펄프,56.47561212553888,50.0,59.513475191749855,76.56237444271554,78.82011766659734,,"<a href=""https://m.stock.naver.com/domestic/stock/009770/total"" target=""_blank"">Naver</a>"
001430,세아베스틸지주,56.458275721466805,50.0,54.59527470236028,93.00489050190673,70.17935991372124,,"<a href=""https://m.stock.naver.com/domestic/stock/001430/total"" target=""_blank"">Naver</a>"
077500,유니퀘스트,56.44334610551138,50.0,55.61476587522812,86.70046326951126,77.39216619506442,,"<a href=""https://m.stock.naver.com/domestic/stock/077500/total"" target=""_blank"">Naver</a>"
024110,기업은행,56.43536062643209,50.0,88.40810917239502,33.333333333333336,20.0,,"<a href=""https://m.stock.naver.com/domestic/stock/024110/total"" target=""_blank"">Naver</a>"
064350,현대로템,56.36077871181865,50.0,61.92680778054511,66.86172443676566,83.85808646011603,,"<a href=""https://m.stock.naver.com/domestic/stock/064350/total"" target=""_blank"">Naver</a>"
005680,삼영전자,56.35388366874835,50.0,55.359335205956874,99.93194882077827,50.41709970362611,,"<a href=""https://m.stock.naver.com/domestic/stock/005680/total"" target=""_blank"">Naver</a>"
005300,롯데칠성,56.34477556376933,50.0,63.064014394620244,66.30611199591745,78.96321531045042,,"<a href=""https://m.stock.naver.com/domestic/stock/005300/total"" target=""_blank"">Naver</a>"
004980,성신양회,56.32614881160958,50.0,65.23341596209052,61.04435174355591,78.26719293462698,,"<a href=""https://m.stock.naver.com/domestic/stock/004980/total"" target=""_blank"">Naver</a>"
316140,우리금융지주,56.29971913058936,50.0,87.86554318902408,33.333333333333336,20.0,,"<a href=""https://m.stock.naver.com/domestic/stock/316140/total"" target=""_blank"">Naver</a>"
105560,KB금융,56.27115159087652,50.0,87.75127303017275,33.333333333333336,20.0,,"<a href=""https://m.stock.naver.com/domestic/stock/105560/total"" target=""_blank"">Naver</a>"
015860,일진홀딩스,56.26896542409517,50.0,52.79568530188347,90.12207737693085,81.15672721862438,,"<a href=""https://m.stock.naver.com/domestic/stock/015860/total"" target=""_blank"">Naver</a>"
005070,코스모신소재,56.24280144426927,50.0,55.79126832388581,85.41030974510093,75.0790677757544,,"<a href=""https://m.stock.naver.com/domestic/stock/005070/total"" target=""_blank"">Naver</a>"
267270,HD현대건설기계,56.22817045022808,50.0,57.80872973783758,85.06963988429627,65.38048054678109,,"<a href=""https://m.stock.naver.com/domestic/stock/267270/total"" target=""_blank"">Naver</a>"
084870,TBH글로벌,56.22210161451576,50.0,58.43337639915393,86.67733484920228,58.92048059614102,,"<a href=""https://m.stock.naver.com/domestic/stock/084870/total"" target=""_blank"">Naver</a>"
058430,포스코스틸리온,56.204945714618056,50.0,52.17949887089957,87.81035231973203,87.58071529839907,,"<a href=""https://m.stock.naver.com/domestic/stock/058430/total"" target=""_blank"">Naver</a>"
009470,삼화전기,56.20206562511582,50.0,53.37636530761989,85.3521293273592,86.45522730949857,,"<a href=""https://m.stock.naver.com/domestic/stock/009470/total"" target=""_blank"">Naver</a>"
012030,DB,56.19636592611706,50.0,58.376704931746964,73.97242156055043,84.09895074250554,,"<a href=""https://m.stock.naver.com/domestic/stock/012030/total"" target=""_blank"">Naver</a>"
073240,금호타이어,56.161514706209616,50.0,66.59631120013262,61.86173655751274,66.52526500850378,,"<a href=""https://m.stock.naver.com/domestic/stock/073240/total"" target=""_blank"">Naver</a>"
013570,디와이,56.14436336140612,50.0,53.77791821163466,86.27612795758932,81.4454202547704,,"<a href=""https://m.stock.naver.com/domestic/stock/013570/total"" target=""_blank"">Naver</a>"
014820,동원시스템즈,56.14085248936575,50.0,60.5272027426243,78.79634039546978,62.58835528325394,,"<a href=""https://m.stock.naver.com/domestic/stock/014820/total"" target=""_blank"">Naver</a>"
010950,S-Oil,56.128879133384906,50.0,57.22262870537791,72.67384169020849,91.11675576039161,,"<a href=""https://m.stock.naver.com/domestic/stock/010950/total"" target=""_blank"">Naver</a>"
000070,삼양홀딩스,56.11347163014922,50.0,59.318833371282665,75.67590080940732,74.32346412775637,,"<a href=""https://m.stock.naver.com/domestic/stock/000070/total"" target=""_blank"">Naver</a>"
018670,SK가스,56.111909687764424,50.0,61.09921879109192,65.00163977313335,86.73882025356218,,"<a href=""https://m.stock.naver.com/domestic/stock/018670/total"" target=""_blank"">Naver</a>"
008040,사조동아원,56.10520310808474,50.0,57.08335770800271,77.25275204639149,82.18176952889814,,"<a href=""https://m.stock.naver.com/domestic/stock/008040/total"" target=""_blank"">Naver</a>"
244920,에이플러스에셋,56.0886163169542,50.0,52.15973778595525,86.74044827213463,87.49274086503846,,"<a href=""https://m.stock.naver.com/domestic/stock/244920/total"" target=""_blank"">Naver</a>"
005740,크라운해태홀딩스,56.076794782831676,50.0,59.10902392978604,69.0736978652861,87.84338027713103,,"<a href=""https://m.stock.naver.com/domestic/stock/005740/total"" target=""_blank"">Naver</a>"
032640,LG유플러스,56.05834638181409,50.0,59.25698881224836,72.8896699000205,79.10264377499894,,"<a href=""https://m.stock.naver.com/domestic/stock/032640/total"" target=""_blank"">Naver</a>"
002790,아모레퍼시픽홀딩스,56.05423766095905,50.0,54.1864605859197,97.26294493817132,55.6265604132399,,"<a href=""https://m.stock.naver.com/domestic/stock/002790/total"" target=""_blank"">Naver</a>"
034590,인천도시가스,56.02502404127578,50.0,53.01235666794948,90.48799196701154,74.46271355174505,,"<a href=""https://m.stock.naver.com/domestic/stock/034590/total"" target=""_blank"">Naver</a>"
204210,스타에스엠리츠,56.00546928233386,50.0,66.81356217920865,63.44295733512084,59.155660080392344,,"<a href=""https://m.stock.naver.com/domestic/stock/204210/total"" target=""_blank"">Naver</a>"
006340,대원전선,56.00369090898171,50.0,54.305126202767816,81.63473051137154,85.27872614305208,,"<a href=""https://m.stock.naver.com/domestic/stock/006340/total"" target=""_blank"">Naver</a>"
088790,진도,55.97800072717196,50.0,59.84379510137287,91.49888123827276,37.34327656002931,,"<a href=""https://m.stock.naver.com/domestic/stock/088790/total"" target=""_blank"">Naver</a>"
107590,미원홀딩스,55.95519891627677,50.0,54.30914093060999,81.91910799868185,83.72005767512181,,"<a href=""https://m.stock.naver.com/domestic/stock/107590/total"" target=""_blank"">Naver</a>"
378850,화승알앤에이,55.93299671781485,50.0,65.99077109947103,49.70046463492885,89.30514958908424,,"<a href=""https://m.stock.naver.com/domestic/stock/378850/total"" target=""_blank"">Naver</a>"
009070,KCTC,55.92924112055555,50.0,58.6258848561678,68.70520844215108,88.04498124596995,,"<a href=""https://m.stock.naver.com/domestic/stock/009070/total"" target=""_blank"">Naver</a>"
138930,BNK금융지주,55.92346780388228,50.0,86.3605378821958,33.333333333333336,20.0,,"<a href=""https://m.stock.naver.com/domestic/stock/138930/total"" target=""_blank"">Naver</a>"
001020,페이퍼코리아,55.91469544539941,50.0,58.6740723882231,81.41597794674016,62.09159107339234,,"<a href=""https://m.stock.naver.com/domestic/stock/001020/total"" target=""_blank"">Naver</a>"
033250,체시스,55.91258600732999,50.0,67.08270947162148,60.53285611658498,61.77246055532234,,"<a href=""https://m.stock.naver.com/domestic/stock/033250/total"" target=""_blank"">Naver</a>"
002150,도화엔지니어링,55.903855226833095,50.0,55.57710531050126,82.57998007456452,75.0316178350266,,"<a href=""https://m.stock.naver.com/domestic/stock/002150/total"" target=""_blank"">Naver</a>"
377190,디앤디플랫폼리츠,55.90061325348948,50.0,77.33503173283589,47.25499211211268,36.82712218138472,,"<a href=""https://m.stock.naver.com/domestic/stock/377190/total"" target=""_blank"">Naver</a>"
139130,iM금융지주,55.87640323825918,50.0,86.17227961970337,33.333333333333336,20.0,,"<a href=""https://m.stock.naver.com/domestic/stock/139130/total"" target=""_blank"">Naver</a>"
006840,AK홀딩스,55.87161802152188,50.0,68.52371401332536,44.98332392445399,84.84714251490283,,"<a href=""https://m.stock.naver.com/domestic/stock/006840/total"" target=""_blank"">Naver</a>"
014280,금강공업,55.86197675377325,50.0,63.24793322272061,67.28242885870748,66.43501124444704,,"<a href=""https://m.stock.naver.com/domestic/stock/014280/total"" target=""_blank"">Naver</a>"
000430,대원강업,55.85846302494278,50.0,53.53165977978538,84.27040146733191,80.97015866526492,,"<a href=""https://m.stock.naver.com/domestic/stock/000430/total"" target=""_blank"">Naver</a>"
267290,경동도시가스,55.834365926198814,50.0,50.8321819669549,84.85666444161583,92.81307980597003,,"<a href=""https://m.stock.naver.com/domestic/stock/267290/total"" target=""_blank"">Naver</a>"
004690,삼천리,55.82198324762134,50.0,54.74309822095059,75.59782951215062,91.52851482337249,,"<a href=""https://m.stock.naver.com/domestic/stock/004690/total"" target=""_blank"">Naver</a>"
103590,일진전기,55.814930521318225,50.0,57.4118789514097,72.48684626741684,84.26552313448221,,"<a href=""https://m.stock.naver.com/domestic/stock/103590/total"" target=""_blank"">Naver</a>"
129260,인터지스,55.814096427224236,50.0,51.72547257669262,86.29485878810881,85.064848084804,,"<a href=""https://m.stock.naver.com/domestic/stock/129260/total"" target=""_blank"">Naver</a>"
081660,미스토홀딩스,55.80646307673716,50.0,58.02457964879897,83.82572195975645,58.354919371235376,,"<a href=""https://m.stock.naver.com/domestic/stock/081660/total"" target=""_blank"">Naver</a>"
323410,카카오뱅크,55.801398110590796,50.0,85.80140163924511,33.51047700779518,20.0,,"<a href=""https://m.stock.naver.com/domestic/stock/323410/total"" target=""_blank"">Naver</a>"
000720,현대건설,55.72444195609449,50.0,47.83484125195349,92.24471940445454,90.82519405321317,,"<a href=""https://m.stock.naver.com/domestic/stock/000720/total"" target=""_blank"">Naver</a>"
400760,NH올원리츠,55.71865867964436,50.0,72.40561573528774,50.18027733591381,51.984540244621016,,"<a href=""https://m.stock.naver.com/domestic/stock/400760/total"" target=""_blank"">Naver</a>"
090430,아모레퍼시픽,55.68950921618945,50.0,52.03421606224802,95.7851926046792,62.04871880319047,,"<a href=""https://m.stock.naver.com/domestic/stock/090430/total"" target=""_blank"">Naver</a>"
018500,동원금속,55.66701790248119,50.0,67.29000630435509,46.521631459222505,83.8470636094034,,"<a href=""https://m.stock.naver.com/domestic/stock/018500/total"" target=""_blank"">Naver</a>"
001440,대한전선,55.65985929906486,50.0,53.29466611514931,81.69421272927238,83.33542994700596,,"<a href=""https://m.stock.naver.com/domestic/stock/001440/total"" target=""_blank"">Naver</a>"
004970,신라교역,55.652323715405295,50.0,50.83059823597075,90.26244298941246,78.36859714942723,,"<a href=""https://m.stock.naver.com/domestic/stock/004970/total"" target=""_blank"">Naver</a>"
375500,DL이앤씨,55.602329116152674,50.0,51.32890350789402,87.1475127070177,81.10703936954808,,"<a href=""https://m.stock.naver.com/domestic/stock/375500/total"" target=""_blank"">Naver</a>"
145990,삼양사,55.596849498272796,50.0,54.45606767476932,78.96123852371535,81.73417454417863,,"<a href=""https://m.stock.naver.com/domestic/stock/145990/total"" target=""_blank"">Naver</a>"
082640,동양생명,55.59607599423447,50.0,76.68261848990706,54.2542137175771,20.0,,"<a href=""https://m.stock.naver.com/domestic/stock/082640/total"" target=""_blank"">Naver</a>"
078520,에이블씨엔씨,55.54188792474727,50.0,53.80428495296346,80.75768092685543,80.30097187641722,,"<a href=""https://m.stock.naver.com/domestic/stock/078520/total"" target=""_blank"">Naver</a>"
089470,HDC현대EP,55.52214349347722,50.0,50.738599501436475,87.68335069312093,81.38317097612016,,"<a href=""https://m.stock.naver.com/domestic/stock/089470/total"" target=""_blank"">Naver</a>"
096760,JW홀딩스,55.47560749501942,50.0,66.53838313671828,58.26748594644991,60.28526232389721,,"<a href=""https://m.stock.naver.com/domestic/stock/096760/total"" target=""_blank"">Naver</a>"
101530,해태제과식품,55.47528311694724,50.0,59.45889592546897,61.851484922297026,88.50821286700601,,"<a href=""https://m.stock.naver.com/domestic/stock/101530/total"" target=""_blank"">Naver</a>"
008420,문배철강,55.454761133215634,50.0,59.82183767415782,67.52337268948254,74.93928891455849,,"<a href=""https://m.stock.naver.com/domestic/stock/008420/total"" target=""_blank"">Naver</a>"
010580,에스엠벡셀,55.41236443650036,50.0,46.101249211261326,91.90028117740121,93.94048031889821,,"<a href=""https://m.stock.naver.com/domestic/stock/010580/total"" target=""_blank"">Naver</a>"
002100,경농,55.411290357576775,50.0,57.97066379623416,85.58942603346307,47.193636103438514,,"<a href=""https://m.stock.naver.com/domestic/stock/002100/total"" target=""_blank"">Naver</a>"
058860,KTis,55.3965112914724,50.0,53.022011060526864,75.05916187967838,92.70184676745687,,"<a href=""https://m.stock.naver.com/domestic/stock/058860/total"" target=""_blank"">Naver</a>"
004700,조광피혁,55.361304958968326,50.0,55.43159916636555,93.44434332599184,43.179416695555105,,"<a href=""https://m.stock.naver.com/domestic/stock/004700/total"" target=""_blank"">Naver</a>"
003470,유안타증권,55.33907391092993,50.0,84.02296231038638,33.333333333333336,20.0,,"<a href=""https://m.stock.naver.com/domestic/stock/003470/total"" target=""_blank"">Naver</a>"
009290,광동제약,55.31687912568911,50.0,52.50625030172076,79.82184378050553,84.16264344416734,,"<a href=""https://m.stock.naver.com/domestic/stock/009290/total"" target=""_blank"">Naver</a>"
011390,부산산업,55.29636647777049,50.0,52.752326906721635,87.3134969736604,67.53870107448083,,"<a href=""https://m.stock.naver.com/domestic/stock/011390/total"" target=""_blank"">Naver</a>"
034020,두산에너빌리티,55.251087346395636,50.0,56.54786683943903,70.41885872052929,81.44469528965895,,"<a href=""https://m.stock.naver.com/domestic/stock/034020/total"" target=""_blank"">Naver</a>"
028100,동아지질,55.2466330944099,50.0,50.15870865150844,86.20243814718168,81.73424233629248,,"<a href=""https://m.stock.naver.com/domestic/stock/028100/total"" target=""_blank"">Naver</a>"
030610,교보증권,55.23302031250248,50.0,83.59874791667657,33.333333333333336,20.0,,"<a href=""https://m.stock.naver.com/domestic/stock/030610/total"" target=""_blank"">Naver</a>"
014530,극동유화,55.21287395625617,50.0,50.98229239939575,78.66836708026327,92.009282967618,,"<a href=""https://m.stock.naver.com/domestic/stock/014530/total"" target=""_blank"">Naver</a>"
035000,HS애드,55.171135300154056,50.0,57.133495503415794,79.15337128553706,59.44848591492804,,"<a href=""https://m.stock.naver.com/domestic/stock/035000/total"" target=""_blank"">Naver</a>"
069460,대호에이엘,55.135958184530715,50.0,50.52320169491568,84.87624467386509,80.35066586830571,,"<a href=""https://m.stock.naver.com/domestic/stock/069460/total"" target=""_blank"">Naver</a>"
005610,SPC삼립,55.10810104872647,50.0,55.703571723368874,65.46360864398561,92.7169450697138,,"<a href=""https://m.stock.naver.com/domestic/stock/005610/total"" target=""_blank"">Naver</a>"
008700,아남전자,55.10355444749779,50.0,51.82226589236168,80.92393772413783,81.11188403987173,,"<a href=""https://m.stock.naver.com/domestic/stock/008700/total"" target=""_blank"">Naver</a>"
020560,아시아나항공,55.09919356181937,50.0,68.32093327885487,39.29539341934955,81.788418003414,,"<a href=""https://m.stock.naver.com/domestic/stock/020560/total"" target=""_blank"">Naver</a>"
001790,대한제당,55.09592758996066,50.0,52.251151919862785,79.99788890184935,80.66701439620053,,"<a href=""https://m.stock.naver.com/domestic/stock/001790/total"" target=""_blank"">Naver</a>"
000860,강남제비스코,55.09440927413103,50.0,50.73400305164913,88.12251037480473,71.97314947476555,,"<a href=""https://m.stock.naver.com/domestic/stock/000860/total"" target=""_blank"">Naver</a>"
007110,일신석재,55.089092469193425,50.0,49.384032425480996,87.45239284652834,79.9569015634068,,"<a href=""https://m.stock.naver.com/domestic/stock/007110/total"" target=""_blank"">Naver</a>"
026940,부국철강,55.08486491254927,50.0,46.20779658943727,99.55389414076147,71.55052702227616,,"<a href=""https://m.stock.naver.com/domestic/stock/026940/total"" target=""_blank"">Naver</a>"
004090,한국석유,55.05153575012197,50.0,53.089931985859344,74.55056723697984,86.47992059918292,,"<a href=""https://m.stock.naver.com/domestic/stock/004090/total"" target=""_blank"">Naver</a>"
000500,가온전선,55.03007173352765,50.0,49.71793435519257,82.63581877177447,86.74012535104112,,"<a href=""https://m.stock.naver.com/domestic/stock/000500/total"" target=""_blank"">Naver</a>"
000390,삼화페인트,54.99934119490057,50.0,52.29053906292447,81.77359873492316,74.9869311135428,,"<a href=""https://m.stock.naver.com/domestic/stock/000390/total"" target=""_blank"">Naver</a>"
003830,대한화섬,54.9781675448269,50.0,52.28576349848043,87.1399849633965,63.85456347734292,,"<a href=""https://m.stock.naver.com/domestic/stock/003830/total"" target=""_blank"">Naver</a>"
004170,신세계,54.97569397687543,50.0,60.688644825929174,61.21805064818513,73.63455411149243,,"<a href=""https://m.stock.naver.com/domestic/stock/004170/total"" target=""_blank"">Naver</a>"
051910,LG화학,54.90005270405342,50.0,53.92972179748886,77.43405913848653,73.48432681665098,,"<a href=""https://m.stock.naver.com/domestic/stock/051910/total"" target=""_blank"">Naver</a>"
294870,HDC현대산업개발,54.890142568077266,50.0,56.804118097372445,82.67999103225911,48.4222788101648,,"<a href=""https://m.stock.naver.com/domestic/stock/294870/total"" target=""_blank"">Naver</a>"
004710,한솔테크닉스,54.87934765789239,50.0,55.45760398257995,64.93596325468683,90.42700673557437,,"<a href=""https://m.stock.naver.com/domestic/stock/004710/total"" target=""_blank"">Naver</a>"
047810,한국항공우주,54.8179366880844,50.0,65.68824434784501,59.1058811662665,49.7057496899301,,"<a href=""https://m.stock.naver.com/domestic/stock/047810/total"" target=""_blank"">Naver</a>"
353200,대덕전자,54.80474217018857,50.0,48.78630984796312,85.58808383180606,80.98712650034366,,"<a href=""https://m.stock.naver.com/domestic/stock/353200/total"" target=""_blank"">Naver</a>"
004310,현대약품,54.785742260959026,50.0,55.013992792764604,83.27935108913812,54.08617907708124,,"<a href=""https://m.stock.naver.com/domestic/stock/004310/total"" target=""_blank"">Naver</a>"
030200,KT,54.768050175647645,50.0,55.95484854928919,74.73531039839196,66.11613996972304,,"<a href=""https://m.stock.naver.com/domestic/stock/030200/total"" target=""_blank"">Naver</a>"
000850,화천기공,54.754411940616556,50.0,50.53684825056403,91.92207957610626,58.55983840729852,,"<a href=""https://m.stock.naver.com/domestic/stock/000850/total"" target=""_blank"">Naver</a>"
003560,IHQ,54.72088573235733,50.0,66.66666666666667,51.64807670714595,57.78822789952134,,"<a href=""https://m.stock.naver.com/domestic/stock/003560/total"" target=""_blank"">Naver</a>"
092440,기신정기,54.71948571573063,50.0,49.72369670827727,99.86063954222718,46.04995168877197,,"<a href=""https://m.stock.naver.com/domestic/stock/092440/total"" target=""_blank"">Naver</a>"
192650,드림텍,54.712509949565906,50.0,51.66141655215929,73.63244740932065,88.67822141188026,,"<a href=""https://m.stock.naver.com/domestic/stock/192650/total"" target=""_blank"">Naver</a>"
004430,송원산업,54.69742358769531,50.0,54.56259651019101,78.05329349263019,65.02890221769076,,"<a href=""https://m.stock.naver.com/domestic/stock/004430/total"" target=""_blank"">Naver</a>"
248170,샘표식품,54.663152212522036,50.0,50.15100124049632,83.39749910857212,75.71303983081485,,"<a href=""https://m.stock.naver.com/domestic/stock/248170/total"" target=""_blank"">Naver</a>"
071320,지역난방공사,54.66084686003598,50.0,63.368867176172756,50.15589522305676,76.06081087374241,,"<a href=""https://m.stock.naver.com/domestic/stock/071320/total"" target=""_blank"">Naver</a>"
161000,애경케미칼,54.65001947903065,50.0,49.134926549829856,80.48944709051598,86.34686265043166,,"<a href=""https://m.stock.naver.com/domestic/stock/161000/total"" target=""_blank"">Naver</a>"
012280,영화금속,54.62541378098343,50.0,56.995173573163214,62.89897718790975,81.73445337803298,,"<a href=""https://m.stock.naver.com/domestic/stock/012280/total"" target=""_blank"">Naver</a>"
006260,LS,54.59044973465492,50.0,54.846809982397126,70.63233147931061,76.31028182249159,,"<a href=""https://m.stock.naver.com/domestic/stock/006260/total"" target=""_blank"">Naver</a>"
280360,롯데웰푸드,54.5816824294973,50.0,49.46057002392831,80.3887801026426,83.55323826501916,,"<a href=""https://m.stock.naver.com/domestic/stock/280360/total"" target=""_blank"">Naver</a>"
192820,코스맥스,54.57977371212349,50.0,59.35079608934752,55.66646193602763,83.50856992367692,,"<a href=""https://m.stock.naver.com/domestic/stock/192820/total"" target=""_blank"">Naver</a>"
003240,태광산업,54.56009387859866,50.0,43.63987284134788,99.41366328653653,74.17518679216055,,"<a href=""https://m.stock.naver.com/domestic/stock/003240/total"" target=""_blank"">Naver</a>"
047050,포스코인터내셔널,54.548545614671355,50.0,56.08689840826688,60.185309222600154,90.16580180689238,,"<a href=""https://m.stock.naver.com/domestic/stock/047050/total"" target=""_blank"">Naver</a>"
000120,CJ대한통운,54.51749628524069,50.0,52.495938665154334,69.20150102020023,89.4672303386416,,"<a href=""https://m.stock.naver.com/domestic/stock/000120/total"" target=""_blank"">Naver</a>"
015360,INVENI,54.507477104254185,50.0,53.56580824162336,67.14461004678377,88.03128078339935,,"<a href=""https://m.stock.naver.com/domestic/stock/015360/total"" target=""_blank"">Naver</a>"
023350,한국종합기술,54.50249489809585,50.0,53.70525271377264,65.92952786260527,89.66457866784329,,"<a href=""https://m.stock.naver.com/domestic/stock/023350/total"" target=""_blank"">Naver</a>"
058650,세아홀딩스,54.48907426342148,50.0,49.76596332962695,83.60105382793991,73.74956096441507,,"<a href=""https://m.stock.naver.com/domestic/stock/058650/total"" target=""_blank"">Naver</a>"
330590,롯데리츠,54.45278396100399,50.0,66.5411165251917,51.70943113102254,52.93123433207619,,"<a href=""https://m.stock.naver.com/domestic/stock/330590/total"" target=""_blank"">Naver</a>"
001340,PKC,54.45086206879897,50.0,55.0748506322079,63.2926526338167,87.05768294730653,,"<a href=""https://m.stock.naver.com/domestic/stock/001340/total"" target=""_blank"">Naver</a>"
017940,E1,54.43981957663396,50.0,56.135544975896046,58.87121099447735,90.37624466424413,,"<a href=""https://m.stock.naver.com/domestic/stock/017940/total"" target=""_blank"">Naver</a>"
006040,동원산업,54.42994727000065,50.0,53.11302090533484,82.61474253154388,57.80435581025106,,"<a href=""https://m.stock.naver.com/domestic/stock/006040/total"" target=""_blank"">Naver</a>"
465770,STX그린로지스,54.42341680513649,50.0,57.168724074064095,72.58673008980637,57.451255552796546,,"<a href=""https://m.stock.naver.com/domestic/stock/465770/total"" target=""_blank"">Naver</a>"
068290,삼성출판사,54.3921801344973,50.0,59.574967470905456,74.54188593515914,40.884993465100486,,"<a href=""https://m.stock.naver.com/domestic/stock/068290/total"" target=""_blank"">Naver</a>"
001290,상상인증권,54.38535565388053,50.0,80.20808928218877,33.333333333333336,20.0,,"<a href=""https://m.stock.naver.com/domestic/stock/001290/total"" target=""_blank"">Naver</a>"
031430,신세계인터내셔날,54.38385443738018,50.0,51.66910659399381,86.06054735263157,57.21046107237138,,"<a href=""https://m.stock.naver.com/domestic/stock/031430/total"" target=""_blank"">Naver</a>"
002240,고려제강,54.370350653730135,50.0,50.95084519519556,86.02244774159061,60.607891615443584,,"<a href=""https://m.stock.naver.com/domestic/stock/002240/total"" target=""_blank"">Naver</a>"
013580,계룡건설,54.360764395676206,50.0,51.467997039635605,69.48592644820654,90.90344981893298,,"<a href=""https://m.stock.naver.com/domestic/stock/013580/total"" target=""_blank"">Naver</a>"
001680,대상,54.34761670829165,50.0,50.061862497727,75.97359499319577,84.69583169080654,,"<a href=""https://m.stock.naver.com/domestic/stock/001680/total"" target=""_blank"">Naver</a>"
005880,대한해운,54.3327416440662,50.0,61.638600143983616,55.22573068678671,68.01037078783251,,"<a href=""https://m.stock.naver.com/domestic/stock/005880/total"" target=""_blank"">Naver</a>"
066570,LG전자,54.329457425470736,50.0,50.703934263711325,72.39149163426595,88.28649392232614,,"<a href=""https://m.stock.naver.com/domestic/stock/066570/total"" target=""_blank"">Naver</a>"
204320,HL만도,54.30155657148613,50.0,52.037996967328674,70.51192946883614,84.81728765540691,,"<a href=""https://m.stock.naver.com/domestic/stock/204320/total"" target=""_blank"">Naver</a>"
000370,한화손해보험,54.24578428123727,50.0,59.07688895045394,67.64272829561916,,,"<a href=""https://m.stock.naver.com/domestic/stock/000370/total"" target=""_blank"">Naver</a>"
011500,한농화성,54.22509307961401,50.0,52.913401272554694,73.84994544994201,72.23496432962274,,"<a href=""https://m.stock.naver.com/domestic/stock/011500/total"" target=""_blank"">Naver</a>"
007540,샘표,54.15720701878528,50.0,48.573977167957956,84.27458828546084,71.72507796499406,,"<a href=""https://m.stock.naver.com/domestic/stock/007540/total"" target=""_blank"">Naver</a>"
060980,HL홀딩스,54.14252943093847,50.0,54.92745937458152,64.5581152121685,79.09706132152466,,"<a href=""https://m.stock.naver.com/domestic/stock/060980/total"" target=""_blank"">Naver</a>"
108670,LX하우시스,54.141616821703764,50.0,52.576710498200576,66.3101004503327,87.32858304240693,,"<a href=""https://m.stock.naver.com/domestic/stock/108670/total"" target=""_blank"">Naver</a>"
023810,인팩,54.13306537513555,50.0,57.69998351114865,56.162562831290614,81.83626428438656,,"<a href=""https://m.stock.naver.com/domestic/stock/023810/total"" target=""_blank"">Naver</a>"
005720,넥센,54.11688924576276,50.0,55.64157093483083,71.59748232527335,60.93496559055433,,"<a href=""https://m.stock.naver.com/domestic/stock/005720/total"" target=""_blank"">Naver</a>"
093050,LF,54.10599847561258,50.0,52.60431576807482,83.81842210759203,51.46154645669334,,"<a href=""https://m.stock.naver.com/domestic/stock/093050/total"" target=""_blank"">Naver</a>"
361610,SK아이이테크놀로지,54.046233673611454,50.0,61.7694069639561,64.75712131544002,42.56339602156859,,"<a href=""https://m.stock.naver.com/domestic/stock/361610/total"" target=""_blank"">Naver</a>"
011210,현대위아,54.00187080511433,50.0,44.77701834807123,86.30300457539583,83.54631521113873,,"<a href=""https://m.stock.naver.com/domestic/stock/011210/total"" target=""_blank"">Naver</a>"
214420,토니모리,53.97709120877935,50.0,51.61988781331013,71.90643660931812,77.62951189040007,,"<a href=""https://m.stock.naver.com/domestic/stock/214420/total"" target=""_blank"">Naver</a>"
004720,팜젠사이언스,53.93433628309332,50.0,51.987208965492755,82.97887033443672,52.792940165529224,,"<a href=""https://m.stock.naver.com/domestic/stock/004720/total"" target=""_blank"">Naver</a>"
008060,대덕,53.920985316079545,50.0,48.129561467123985,79.45792873921093,78.85604150754915,,"<a href=""https://m.stock.naver.com/domestic/stock/008060/total"" target=""_blank"">Naver</a>"
005930,삼성전자,53.86473137452731,50.0,53.77251917695293,74.04370542173126,60.344620762319,,"<a href=""https://m.stock.naver.com/domestic/stock/005930/total"" target=""_blank"">Naver</a>"
011760,현대코퍼레이션,53.825318782950355,50.0,55.895343686229204,52.67631721363492,91.67702280059117,,"<a href=""https://m.stock.naver.com/domestic/stock/011760/total"" target=""_blank"">Naver</a>"
456040,OCI,53.80013470312992,50.0,54.49109719675797,71.03510888805607,61.47699030269631,,"<a href=""https://m.stock.naver.com/domestic/stock/456040/total"" target=""_blank"">Naver</a>"
092200,디아이씨,53.78775901680841,50.0,60.37562769845429,44.75471181496969,84.36761821395734,,"<a href=""https://m.stock.naver.com/domestic/stock/092200/total"" target=""_blank"">Naver</a>"
089860,롯데렌탈,53.78514753445664,50.0,64.04737919519017,42.49096340530737,70.48412790256728,,"<a href=""https://m.stock.naver.com/domestic/stock/089860/total"" target=""_blank"">Naver</a>"
012630,HDC,53.76151430118095,50.0,53.74289987245553,78.89641625359366,48.72295415415404,,"<a href=""https://m.stock.naver.com/domestic/stock/012630/total"" target=""_blank"">Naver</a>"
023150,MH에탄올,53.757094838955034,50.0,66.32042247600755,41.97813676587718,59.58351086730853,,"<a href=""https://m.stock.naver.com/domestic/stock/023150/total"" target=""_blank"">Naver</a>"
002760,보락,53.735424298447384,50.0,44.979160961709276,95.16388151942462,59.484918121551935,,"<a href=""https://m.stock.naver.com/domestic/stock/002760/total"" target=""_blank"">Naver</a>"
002460,HS화성,53.73010722745696,50.0,50.4480906641636,72.42782031861921,77.50605059108275,,"<a href=""https://m.stock.naver.com/domestic/stock/002460/total"" target=""_blank"">Naver</a>"
002350,넥센타이어,53.71213852166577,50.0,57.422208705784875,65.60950254351924,55.912721817352576,,"<a href=""https://m.stock.naver.com/domestic/stock/002350/total"" target=""_blank"">Naver</a>"
001520,동양,53.70315947157128,50.0,47.82214142912746,78.768370974488,77.41574033681238,,"<a href=""https://m.stock.naver.com/domestic/stock/001520/total"" target=""_blank"">Naver</a>"
005490,POSCO홀딩스,53.68461537677547,50.0,50.464574917514064,74.60523000604084,72.1589729358574,,"<a href=""https://m.stock.naver.com/domestic/stock/005490/total"" target=""_blank"">Naver</a>"
006220,제주은행,53.637545705860404,50.0,70.5501828234416,50.0,20.0,,"<a href=""https://m.stock.naver.com/domestic/stock/006220/total"" target=""_blank"">Naver</a>"
005690,파미셀,53.609578950520955,50.0,54.179306732886374,75.96664885808852,49.3617476298101,,"<a href=""https://m.stock.naver.com/domestic/stock/005690/total"" target=""_blank"">Naver</a>"
001120,LX인터내셔널,53.60131940044418,50.0,50.82641530843455,62.66036462433371,92.5735822180435,,"<a href=""https://m.stock.naver.com/domestic/stock/001120/total"" target=""_blank"">Naver</a>"
097950,CJ제일제당,53.58068825726793,50.0,51.448296851063276,64.29958177775521,85.77311733453189,,"<a href=""https://m.stock.naver.com/domestic/stock/097950/total"" target=""_blank"">Naver</a>"
017670,SK텔레콤,53.57810269314094,50.0,50.73116743786803,71.15252143105987,75.60117381135892,,"<a href=""https://m.stock.naver.com/domestic/stock/017670/total"" target=""_blank"">Naver</a>"
044450,KSS해운,53.544764245547924,50.0,64.05774141656252,37.5010699423174,75.60443794351109,,"<a href=""https://m.stock.naver.com/domestic/stock/044450/total"" target=""_blank"">Naver</a>"
006880,신송홀딩스,53.52043203960129,50.0,58.18888453790279,47.922227146055114,83.6197638104017,,"<a href=""https://m.stock.naver.com/domestic/stock/006880/total"" target=""_blank"">Naver</a>"
041650,상신브레이크,53.51033370263744,50.0,54.35081432138441,67.90586186483675,62.64087871615315,,"<a href=""https://m.stock.naver.com/domestic/stock/041650/total"" target=""_blank"">Naver</a>"
004140,동방,53.499681545761696,50.0,57.19218159679875,48.55338564777419,86.92595163569185,,"<a href=""https://m.stock.naver.com/domestic/stock/004140/total"" target=""_blank"">Naver</a>"
011150,CJ씨푸드,53.45379694167928,50.0,51.96115887707035,68.84494207541249,71.58026029740883,,"<a href=""https://m.stock.naver.com/domestic/stock/011150/total"" target=""_blank"">Naver</a>"
117580,대성에너지,53.4359679385297,50.0,48.45732691482519,68.53455262420097,89.36361894806615,,"<a href=""https://m.stock.naver.com/domestic/stock/117580/total"" target=""_blank"">Naver</a>"
005800,신영와코루,53.404846943405346,50.0,45.31520829019005,98.2322385518199,45.05642031351687,,"<a href=""https://m.stock.naver.com/domestic/stock/005800/total"" target=""_blank"">Naver</a>"
000150,두산,53.37793569212327,50.0,51.59488563381684,65.01020812456508,79.56386942425105,,"<a href=""https://m.stock.naver.com/domestic/stock/000150/total"" target=""_blank"">Naver</a>"
017370,우신시스템,53.35550299741924,50.0,56.41130688944804,52.27248419164485,80.50855711785482,,"<a href=""https://m.stock.naver.com/domestic/stock/017370/total"" target=""_blank"">Naver</a>"
001250,GS글로벌,53.350421396426974,50.0,48.55189209342237,66.40568191202425,91.43760363737913,,"<a href=""https://m.stock.naver.com/domestic/stock/001250/total"" target=""_blank"">Naver</a>"
009420,한올바이오파마,53.311894023002864,50.0,46.5574314060074,89.51843126639139,54.41386089723743,,"<a href=""https://m.stock.naver.com/domestic/stock/009420/total"" target=""_blank"">Naver</a>"
006120,SK디스커버리,53.265186235103165,50.0,50.18901984337257,66.85016149723953,80.65830249072131,,"<a href=""https://m.stock.naver.com/domestic/stock/006120/total"" target=""_blank"">Naver</a>"
138040,메리츠금융지주,53.230908893755554,50.0,64.87922441001324,42.92771227641608,54.366631272212686,,"<a href=""https://m.stock.naver.com/domestic/stock/138040/total"" target=""_blank"">Naver</a>"
013520,화승코퍼레이션,53.18050615244706,50.0,58.674460383209556,42.3468116278025,85.54419787728852,,"<a href=""https://m.stock.naver.com/domestic/stock/013520/total"" target=""_blank"">Naver</a>"
285130,SK케미칼,53.172922883039085,50.0,49.74270614775501,74.56073704189741,65.62345283821185,,"<a href=""https://m.stock.naver.com/domestic/stock/285130/total"" target=""_blank"">Naver</a>"
004840,DRB동일,53.13833292330078,50.0,52.70217722829717,66.50133458128553,66.25310316195878,,"<a href=""https://m.stock.naver.com/domestic/stock/004840/total"" target=""_blank"">Naver</a>"
011280,태림포장,53.1354340326483,50.0,47.55498506364799,68.77844312516463,87.37686908439674,,"<a href=""https://m.stock.naver.com/domestic/stock/011280/total"" target=""_blank"">Naver</a>"
163560,동일고무벨트,53.111706371791875,50.0,50.306927781344314,70.55010938631429,69.59926975648742,,"<a href=""https://m.stock.naver.com/domestic/stock/163560/total"" target=""_blank"">Naver</a>"
084690,대상홀딩스,53.09289491466164,50.0,47.77046565843468,69.11468286318629,84.77620427468673,,"<a href=""https://m.stock.naver.com/domestic/stock/084690/total"" target=""_blank"">Naver</a>"
122900,아이마켓코리아,53.09042034265941,50.0,48.389063318405796,64.05521889710904,91.75265246694107,,"<a href=""https://m.stock.naver.com/domestic/stock/122900/total"" target=""_blank"">Naver</a>"
083420,그린케미칼,53.08625635721869,50.0,45.92108451820028,72.82192028250253,86.47586398836715,,"<a href=""https://m.stock.naver.com/domestic/stock/083420/total"" target=""_blank"">Naver</a>"
298040,효성중공업,53.079325008952324,50.0,60.09193226637776,40.881054028784206,79.3647307895892,,"<a href=""https://m.stock.naver.com/domestic/stock/298040/total"" target=""_blank"">Naver</a>"
008350,남선알미늄,53.063820308795215,50.0,41.73076161183923,88.14534313679374,76.33191184312071,,"<a href=""https://m.stock.naver.com/domestic/stock/008350/total"" target=""_blank"">Naver</a>"
092780,DYP,53.016291432425604,50.0,51.55964991133535,60.887905262064855,80.75176856770554,,"<a href=""https://m.stock.naver.com/domestic/stock/092780/total"" target=""_blank"">Naver</a>"
013870,지엠비코리아,53.009288629323166,50.0,48.81406575673776,71.89502161877593,72.32540056522265,,"<a href=""https://m.stock.naver.com/domestic/stock/013870/total"" target=""_blank"">Naver</a>"
001260,남광토건,53.002420065478475,50.0,47.3675241836595,64.12996180868787,94.9508567738963,,"<a href=""https://m.stock.naver.com/domestic/stock/001260/total"" target=""_blank"">Naver</a>"
395400,SK리츠,52.99821167903994,50.0,70.94721561878312,42.61407774344167,20.0,,"<a href=""https://m.stock.naver.com/domestic/stock/395400/total"" target=""_blank"">Naver</a>"
003200,일신방직,52.99222009669673,50.0,56.68083753497126,74.49333327430895,27.45354771046041,,"<a href=""https://m.stock.naver.com/domestic/stock/003200/total"" target=""_blank"">Naver</a>"
101140,인바이오젠,52.967376675498144,50.0,54.59499485705803,74.95421302589378,36.46413317288516,,"<a href=""https://m.stock.naver.com/domestic/stock/101140/total"" target=""_blank"">Naver</a>"
004020,현대제철,52.89538473495499,50.0,47.34704109675786,74.83179574344894,71.50889772841252,,"<a href=""https://m.stock.naver.com/domestic/stock/004020/total"" target=""_blank"">Naver</a>"
161890,한국콜마,52.88011003066219,50.0,49.44820572815382,66.6827391426852,76.99569368710428,,"<a href=""https://m.stock.naver.com/domestic/stock/161890/total"" target=""_blank"">Naver</a>"
001780,알루코,52.87887062084427,50.0,56.10564765944874,56.395309470200864,64.25855517923989,,"<a href=""https://m.stock.naver.com/domestic/stock/001780/total"" target=""_blank"">Naver</a>"
014830,유니드,52.87883493128144,50.0,46.30339459097209,76.08867381564158,73.88237803948512,,"<a href=""https://m.stock.naver.com/domestic/stock/014830/total"" target=""_blank"">Naver</a>"
336370,솔루스첨단소재,52.870220463342555,50.0,57.90695980189903,62.65739646088146,42.554817335593086,,"<a href=""https://m.stock.naver.com/domestic/stock/336370/total"" target=""_blank"">Naver</a>"
229640,LS에코에너지,52.837058060241574,50.0,47.46864278471978,71.12937965638648,77.13918796845957,,"<a href=""https://m.stock.naver.com/domestic/stock/229640/total"" target=""_blank"">Naver</a>"
049800,우진플라임,52.82171897407973,50.0,53.28414882580174,59.02503520752562,71.96356493753464,,"<a href=""https://m.stock.naver.com/domestic/stock/049800/total"" target=""_blank"">Naver</a>"
004150,한솔홀딩스,52.799556189516316,50.0,43.074516021381385,80.87698155417715,78.86458057506522,,"<a href=""https://m.stock.naver.com/domestic/stock/004150/total"" target=""_blank"">Naver</a>"
006980,우성,52.76630466460628,50.0,48.983895975575514,61.319350362738255,87.76791268877164,,"<a href=""https://m.stock.naver.com/domestic/stock/006980/total"" target=""_blank"">Naver</a>"
134790,시디즈,52.737501776184594,50.0,43.91260960402756,72.58332081983262,90.02034586388893,,"<a href=""https://m.stock.naver.com/domestic/stock/134790/total"" target=""_blank"">Naver</a>"
298020,효성티앤씨,52.70676069783414,50.0,50.65706078490968,55.30744058185345,90.23502886842742,,"<a href=""https://m.stock.naver.com/domestic/stock/298020/total"" target=""_blank"">Naver</a>"
070960,모나용평,52.66627082821584,50.0,58.18245582078117,55.919906066055354,50.573325328300285,,"<a href=""https://m.stock.naver.com/domestic/stock/070960/total"" target=""_blank"">Naver</a>"
023800,인지컨트롤스,52.602933851518905,50.0,52.21982250529576,53.857272278791214,83.24501994631683,,"<a href=""https://m.stock.naver.com/domestic/stock/023800/total"" target=""_blank"">Naver</a>"
001040,CJ,52.58575329189286,50.0,49.34340271275579,60.367857104248706,84.26233806558066,,"<a href=""https://m.stock.naver.com/domestic/stock/001040/total"" target=""_blank"">Naver</a>"
013700,까뮤이앤씨,52.56725546251752,50.0,46.46364872612562,66.71510558203241,85.59665445565741,,"<a href=""https://m.stock.naver.com/domestic/stock/013700/total"" target=""_blank"">Naver</a>"
011930,신성이엔지,52.565673076571144,50.0,50.65378011529446,56.78608886778301,84.4723832193846,,"<a href=""https://m.stock.naver.com/domestic/stock/011930/total"" target=""_blank"">Naver</a>"
009270,신원,52.56414296427474,50.0,46.413643417232,73.50035065185739,72.21394089561977,,"<a href=""https://m.stock.naver.com/domestic/stock/009270/total"" target=""_blank"">Naver</a>"
023590,다우기술,52.4473005332729,50.0,61.12200002967347,34.17526748262258,74.98547555184544,,"<a href=""https://m.stock.naver.com/domestic/stock/023590/total"" target=""_blank"">Naver</a>"
372910,한컴라이프케어,52.43060180532802,50.0,43.20446921217587,90.40117587744933,51.78733829078242,,"<a href=""https://m.stock.naver.com/domestic/stock/372910/total"" target=""_blank"">Naver</a>"
014790,HL D&I,52.41474634838251,50.0,52.233360518733996,52.893157473805196,81.34180942636976,,"<a href=""https://m.stock.naver.com/domestic/stock/014790/total"" target=""_blank"">Naver</a>"
006110,삼아알미늄,52.41454095786152,50.0,44.2253316922349,84.99116145317183,57.18183778971221,,"<a href=""https://m.stock.naver.com/domestic/stock/006110/total"" target=""_blank"">Naver</a>"
024900,디와이덕양,52.403702183844665,50.0,46.64201747405807,60.50376399150569,93.85642832359149,,"<a href=""https://m.stock.naver.com/domestic/stock/024900/total"" target=""_blank"">Naver</a>"
003160,디아이,52.36533633087794,50.0,45.143857295212314,81.30613909913838,58.97516194322036,,"<a href=""https://m.stock.naver.com/domestic/stock/003160/total"" target=""_blank"">Naver</a>"
002700,신일전자,52.32930435361177,50.0,43.04467657661835,73.97843662863889,83.40583093186585,,"<a href=""https://m.stock.naver.com/domestic/stock/002700/total"" target=""_blank"">Naver</a>"
017390,서울가스,52.261394621543204,50.0,43.06833639137856,71.59745213765576,86.69130619865982,,"<a href=""https://m.stock.naver.com/domestic/stock/017390/total"" target=""_blank"">Naver</a>"
033530,SJG세종,52.22786406821077,50.0,44.229294777664485,68.0610607033766,87.28868606913974,,"<a href=""https://m.stock.naver.com/domestic/stock/033530/total"" target=""_blank"">Naver</a>"
042660,한화오션,52.194129202486984,50.0,49.34775964461849,67.47085878642736,62.202068253792476,,"<a href=""https://m.stock.naver.com/domestic/stock/042660/total"" target=""_blank"">Naver</a>"
007980,TP,52.172355791563874,50.0,48.06697159552578,61.49608587832325,80.12008609700203,,"<a href=""https://m.stock.naver.com/domestic/stock/007980/total"" target=""_blank"">Naver</a>"
031820,아이티센씨티에스,52.13849250098172,50.0,43.77491557542447,68.75494232812125,86.38538748626962,,"<a href=""https://m.stock.naver.com/domestic/stock/031820/total"" target=""_blank"">Naver</a>"
025860,남해화학,52.137250962207446,50.0,43.53659660156529,70.4784974387239,84.1050413588746,,"<a href=""https://m.stock.naver.com/domestic/stock/025860/total"" target=""_blank"">Naver</a>"
000480,CR홀딩스,52.12991976576573,50.0,51.90949263429449,56.68450096604144,69.68193021175921,,"<a href=""https://m.stock.naver.com/domestic/stock/000480/total"" target=""_blank"">Naver</a>"
093240,형지엘리트,52.127310614138906,50.0,47.95386609807108,72.11630115506306,58.54427948229666,,"<a href=""https://m.stock.naver.com/domestic/stock/093240/total"" target=""_blank"">Naver</a>"
008490,서흥,52.10774086705065,50.0,50.83712826587925,70.13695987075279,47.69525627011124,,"<a href=""https://m.stock.naver.com/domestic/stock/008490/total"" target=""_blank"">Naver</a>"
004440,삼일씨엔에스,52.10539372907084,50.0,44.28931710269709,78.22516657255531,64.21095592282079,,"<a href=""https://m.stock.naver.com/domestic/stock/004440/total"" target=""_blank"">Naver</a>"
090080,평화산업,52.10450138857132,50.0,50.88946706540079,48.37089998887624,90.90089246666997,,"<a href=""https://m.stock.naver.com/domestic/stock/090080/total"" target=""_blank"">Naver</a>"
011690,와이투솔루션,51.98692262320873,50.0,40.153688452016446,91.15375106394848,56.662508076195394,,"<a href=""https://m.stock.naver.com/domestic/stock/011690/total"" target=""_blank"">Naver</a>"
007070,GS리테일,51.97325844667233,50.0,44.114526961978335,63.22121011649449,92.45011389056604,,"<a href=""https://m.stock.naver.com/domestic/stock/007070/total"" target=""_blank"">Naver</a>"
024720,콜마홀딩스,51.94611368550634,50.0,44.49591579268121,69.29644979200323,77.84979516271417,,"<a href=""https://m.stock.naver.com/domestic/stock/024720/total"" target=""_blank"">Naver</a>"
450080,에코프로머티,51.90989191451048,50.0,42.17030043317887,72.9891237783621,81.36808856759109,,"<a href=""https://m.stock.naver.com/domestic/stock/450080/total"" target=""_blank"">Naver</a>"
000880,한화,51.906590769581335,50.0,53.05673924599773,51.66972211766015,69.50867492631772,,"<a href=""https://m.stock.naver.com/domestic/stock/000880/total"" target=""_blank"">Naver</a>"
088350,한화생명,51.8947924229356,50.0,56.01246087063465,52.9693758413016,,,"<a href=""https://m.stock.naver.com/domestic/stock/088350/total"" target=""_blank"">Naver</a>"
055550,신한지주,51.89092801002352,50.0,63.852193104756026,33.333333333333336,,,"<a href=""https://m.stock.naver.com/domestic/stock/055550/total"" target=""_blank"">Naver</a>"
072130,유엔젤,51.76003422067138,50.0,40.72433015306232,74.62982277834057,82.3193880914348,,"<a href=""https://m.stock.naver.com/domestic/stock/072130/total"" target=""_blank"">Naver</a>"
007570,일양약품,51.659491824380915,50.0,42.77692428315877,76.00580532078436,67.29360443025574,,"<a href=""https://m.stock.naver.com/domestic/stock/007570/total"" target=""_blank"">Naver</a>"
010400,우진아이엔에스,51.59187270550819,50.0,39.86506663148536,74.53276792031457,83.44658511210761,,"<a href=""https://m.stock.naver.com/domestic/stock/010400/total"" target=""_blank"">Naver</a>"
450140,코오롱모빌리티그룹,51.58492016750707,50.0,48.85933044076612,47.15830378580026,93.08514357471036,,"<a href=""https://m.stock.naver.com/domestic/stock/450140/total"" target=""_blank"">Naver</a>"
034310,NICE,51.57800538984874,50.0,45.6690039212815,66.92840941256502,69.35826936543727,,"<a href=""https://m.stock.naver.com/domestic/stock/034310/total"" target=""_blank"">Naver</a>"
004990,롯데지주,51.57292652729822,50.0,46.208026158477885,59.01610154110255,82.3861966713699,,"<a href=""https://m.stock.naver.com/domestic/stock/004990/total"" target=""_blank"">Naver</a>"
298050,HS효성첨단소재,51.57169024458522,50.0,53.40429483914138,42.809868333237,78.79259402952349,,"<a href=""https://m.stock.naver.com/domestic/stock/298050/total"" target=""_blank"">Naver</a>"
081000,일진다이아,51.56584627437007,50.0,46.194424195784656,74.70771879041509,50.92936692764796,,"<a href=""https://m.stock.naver.com/domestic/stock/081000/total"" target=""_blank"">Naver</a>"
031440,신세계푸드,51.490287970351204,50.0,45.32417451555985,56.42898813679223,90.32691055564038,,"<a href=""https://m.stock.naver.com/domestic/stock/031440/total"" target=""_blank"">Naver</a>"
322000,HD현대에너지솔루션,51.479453421315334,50.0,40.457659883076666,81.14621922278437,65.00833056535461,,"<a href=""https://m.stock.naver.com/domestic/stock/322000/total"" target=""_blank"">Naver</a>"
136490,선진,51.44479435133267,50.0,48.11666645488577,50.28971445770492,87.73312583681454,,"<a href=""https://m.stock.naver.com/domestic/stock/136490/total"" target=""_blank"">Naver</a>"
002140,고려산업,51.431601074055244,50.0,46.583457759813,57.13633178722407,81.44206910759164,,"<a href=""https://m.stock.naver.com/domestic/stock/002140/total"" target=""_blank"">Naver</a>"
181710,NHN,51.43122279974812,50.0,37.997947413724894,84.06194829588247,70.51082233457302,,"<a href=""https://m.stock.naver.com/domestic/stock/181710/total"" target=""_blank"">Naver</a>"
102460,이연제약,51.42261110498912,50.0,46.87860571054929,77.30965808942351,39.43987736818894,,"<a href=""https://m.stock.naver.com/domestic/stock/102460/total"" target=""_blank"">Naver</a>"
302440,SK바이오사이언스,51.39948958314585,50.0,44.03067592274754,74.78198873126148,58.272434586656395,,"<a href=""https://m.stock.naver.com/domestic/stock/302440/total"" target=""_blank"">Naver</a>"
267250,HD현대,51.39788366314686,50.0,48.189846538293416,51.98175890425142,83.04492276296727,,"<a href=""https://m.stock.naver.com/domestic/stock/267250/total"" target=""_blank"">Naver</a>"
069960,현대백화점,51.390969061590035,50.0,44.26292622463887,73.2598316224641,59.98508686367818,,"<a href=""https://m.stock.naver.com/domestic/stock/069960/total"" target=""_blank"">Naver</a>"
000080,하이트진로,51.38837636188194,50.0,49.74337495256634,55.31787523513567,68.41490200453569,,"<a href=""https://m.stock.naver.com/domestic/stock/000080/total"" target=""_blank"">Naver</a>"
001630,종근당홀딩스,51.36553765515074,50.0,52.240838956406435,55.47458421581615,55.15738988935033,,"<a href=""https://m.stock.naver.com/domestic/stock/001630/total"" target=""_blank"">Naver</a>"
003460,유화증권,51.30892416859,50.0,55.582496817298875,64.13299964265286,20.0,,"<a href=""https://m.stock.naver.com/domestic/stock/003460/total"" target=""_blank"">Naver</a>"
004870,티웨이홀딩스,51.29398407216977,50.0,49.40448475915354,63.815075265481596,51.22710711666444,,"<a href=""https://m.stock.naver.com/domestic/stock/004870/total"" target=""_blank"">Naver</a>"
001080,만호제강,51.29014262096538,50.0,43.75347530268677,74.78337997782597,57.46871595022185,,"<a href=""https://m.stock.naver.com/domestic/stock/001080/total"" target=""_blank"">Naver</a>"
012450,한화에어로스페이스,51.26751555559642,50.0,50.187315224098704,60.07406667620083,54.26560163903313,,"<a href=""https://m.stock.naver.com/domestic/stock/012450/total"" target=""_blank"">Naver</a>"
010660,화천기계,51.26670911107965,50.0,38.60996670177138,74.0954362193706,84.09347627399482,,"<a href=""https://m.stock.naver.com/domestic/stock/010660/total"" target=""_blank"">Naver</a>"
010770,평화홀딩스,51.263166978725486,50.0,52.224247557102956,38.39322712593906,87.35564753711687,,"<a href=""https://m.stock.naver.com/domestic/stock/010770/total"" target=""_blank"">Naver</a>"
007690,국도화학,51.25015050788932,50.0,43.010441211035065,68.74344852843194,72.46390704574716,,"<a href=""https://m.stock.naver.com/domestic/stock/007690/total"" target=""_blank"">Naver</a>"
460850,동국씨엠,51.10563610540526,50.0,44.09147194548721,66.6469942261905,68.36137392828817,,"<a href=""https://m.stock.naver.com/domestic/stock/460850/total"" target=""_blank"">Naver</a>"
126560,현대퓨처넷,51.07516943289947,50.0,45.149191009253386,71.33546311573235,53.08650738025769,,"<a href=""https://m.stock.naver.com/domestic/stock/126560/total"" target=""_blank"">Naver</a>"
018880,한온시스템,51.03589910490814,50.0,45.966792408075804,54.237919116174666,82.40818182543445,,"<a href=""https://m.stock.naver.com/domestic/stock/018880/total"" target=""_blank"">Naver</a>"
112610,씨에스윈드,51.01876517348462,50.0,50.34355717313762,55.086919012447254,58.48367957910982,,"<a href=""https://m.stock.naver.com/domestic/stock/112610/total"" target=""_blank"">Naver</a>"
271980,제일약품,51.00364020216271,50.0,45.349071603327126,55.753933257297376,81.81957951202361,,"<a href=""https://m.stock.naver.com/domestic/stock/271980/total"" target=""_blank"">Naver</a>"
096770,SK이노베이션,50.97561203157274,50.0,45.14937857303948,54.39265565202107,84.98003646221517,,"<a href=""https://m.stock.naver.com/domestic/stock/096770/total"" target=""_blank"">Naver</a>"
002450,삼익악기,50.96562256780177,50.0,45.49498429557147,66.32840949158494,59.180710895008346,,"<a href=""https://m.stock.naver.com/domestic/stock/002450/total"" target=""_blank"">Naver</a>"
071090,하이스틸,50.93527135864128,50.0,42.78925943100748,63.89182766680775,76.9754746841727,,"<a href=""https://m.stock.naver.com/domestic/stock/071090/total"" target=""_blank"">Naver</a>"
214390,경보제약,50.90253686476791,50.0,46.226770786162014,68.57444247899153,49.76799840656507,,"<a href=""https://m.stock.naver.com/domestic/stock/214390/total"" target=""_blank"">Naver</a>"
005960,동부건설,50.87856915668646,50.0,39.016804678290875,66.16559121288104,90.15617731651274,,"<a href=""https://m.stock.naver.com/domestic/stock/005960/total"" target=""_blank"">Naver</a>"
001770,SHD,50.86449916356233,50.0,40.96915896231666,72.87318538532696,66.69781768900931,,"<a href=""https://m.stock.naver.com/domestic/stock/001770/total"" target=""_blank"">Naver</a>"
004910,조광페인트,50.79845587957147,50.0,46.3784441534383,58.42392684156641,67.22904314110505,,"<a href=""https://m.stock.naver.com/domestic/stock/004910/total"" target=""_blank"">Naver</a>"
095570,AJ네트웍스,50.77971517119189,50.0,53.399328048649295,35.95715078274921,76.68336161509293,,"<a href=""https://m.stock.naver.com/domestic/stock/095570/total"" target=""_blank"">Naver</a>"
002320,한진,50.77413160922962,50.0,47.14489049530082,47.77200347310355,84.21417276188126,,"<a href=""https://m.stock.naver.com/domestic/stock/002320/total"" target=""_blank"">Naver</a>"
013360,일성건설,50.72350013389241,50.0,45.24236505036547,52.90626675695248,82.44564391211586,,"<a href=""https://m.stock.naver.com/domestic/stock/013360/total"" target=""_blank"">Naver</a>"
013890,지누스,50.71287288739835,50.0,43.42159882935653,69.9404838474939,57.26849590619656,,"<a href=""https://m.stock.naver.com/domestic/stock/013890/total"" target=""_blank"">Naver</a>"
001530,DI동일,50.646730420546106,50.0,42.93777190161136,63.50217897270718,71.24139095745097,,"<a href=""https://m.stock.naver.com/domestic/stock/001530/total"" target=""_blank"">Naver</a>"
032830,삼성생명,50.64450202810132,50.0,65.24467477907193,33.333333333333336,20.0,,"<a href=""https://m.stock.naver.com/domestic/stock/032830/total"" target=""_blank"">Naver</a>"
446070,유니드비티플러스,50.61869300752996,50.0,37.82811061526576,74.63529100063889,73.96272507299267,,"<a href=""https://m.stock.naver.com/domestic/stock/446070/total"" target=""_blank"">Naver</a>"
010820,퍼스텍,50.61733523471004,50.0,51.97434879757956,44.377519678612074,63.7199213490788,,"<a href=""https://m.stock.naver.com/domestic/stock/010820/total"" target=""_blank"">Naver</a>"
024090,디씨엠,50.606080765440566,50.0,26.567841842153484,99.64802317495989,79.98635974812416,,"<a href=""https://m.stock.naver.com/domestic/stock/024090/total"" target=""_blank"">Naver</a>"
002600,조흥,50.57706047805219,50.0,44.194272405237,64.63367962789124,61.30248827907627,,"<a href=""https://m.stock.naver.com/domestic/stock/002600/total"" target=""_blank"">Naver</a>"
003620,KG모빌리티,50.56661291189035,50.0,41.438740948671715,58.52505573292649,87.08844202859542,,"<a href=""https://m.stock.naver.com/domestic/stock/003620/total"" target=""_blank"">Naver</a>"
003680,한성기업,50.54454862493755,50.0,45.337039438987375,48.3431871791727,87.5194009454687,,"<a href=""https://m.stock.naver.com/domestic/stock/003680/total"" target=""_blank"">Naver</a>"
085620,미래에셋생명,50.52279125851368,50.0,51.42449836738802,66.66666666666667,20.0,,"<a href=""https://m.stock.naver.com/domestic/stock/085620/total"" target=""_blank"">Naver</a>"
009540,HD한국조선해양,50.460895112816175,50.0,43.29099053665245,54.07067850173499,84.62159256959123,,"<a href=""https://m.stock.naver.com/domestic/stock/009540/total"" target=""_blank"">Naver</a>"
004060,SG세계물산,50.41525168388224,50.0,39.19895519870551,83.12620516114124,46.057847361834796,,"<a href=""https://m.stock.naver.com/domestic/stock/004060/total"" target=""_blank"">Naver</a>"
004890,동일산업,50.40283031995978,50.0,37.69432763280673,74.59727761819772,70.39041299876656,,"<a href=""https://m.stock.naver.com/domestic/stock/004890/total"" target=""_blank"">Naver</a>"
005090,SGC에너지,50.382354911676046,50.0,46.17110046415444,45.30977978931415,86.1720363341203,,"<a href=""https://m.stock.naver.com/domestic/stock/005090/total"" target=""_blank"">Naver</a>"
075180,새론오토모티브,50.2612422523412,50.0,36.97384432449452,74.70398287793498,70.94765766848141,,"<a href=""https://m.stock.naver.com/domestic/stock/075180/total"" target=""_blank"">Naver</a>"
003080,SB성보,50.2517942361579,50.0,43.36687391956963,74.37535807469563,39.45079897591849,,"<a href=""https://m.stock.naver.com/domestic/stock/003080/total"" target=""_blank"">Naver</a>"
002990,금호건설,50.24896943897121,50.0,41.181326142315136,57.75110660861652,83.57054485061549,,"<a href=""https://m.stock.naver.com/domestic/stock/002990/total"" target=""_blank"">Naver</a>"
213500,한솔제지,50.22545519571898,50.0,43.37027635107535,56.24214216424624,75.1734378305104,,"<a href=""https://m.stock.naver.com/domestic/stock/213500/total"" target=""_blank"">Naver</a>"
004800,효성,50.17039260924473,50.0,42.686773036303315,61.59029944142689,66.79338812052426,,"<a href=""https://m.stock.naver.com/domestic/stock/004800/total"" target=""_blank"">Naver</a>"
001620,케이비아이동국실업,50.09747682058476,50.0,46.26219451034461,41.72814632979399,87.18227120038415,,"<a href=""https://m.stock.naver.com/domestic/stock/001620/total"" target=""_blank"">Naver</a>"
009160,SIMPAC,50.09262253865686,50.0,38.498945053994454,66.2375429631232,76.88263957691858,,"<a href=""https://m.stock.naver.com/domestic/stock/009160/total"" target=""_blank"">Naver</a>"
004100,태양금속,50.08388592403178,50.0,43.67184044869102,48.484237377026204,86.35004148312802,,"<a href=""https://m.stock.naver.com/domestic/stock/004100/total"" target=""_blank"">Naver</a>"
002380,KCC,50.07589250154036,50.0,42.382494266034804,64.78769556124848,60.02998757813609,,"<a href=""https://m.stock.naver.com/domestic/stock/002380/total"" target=""_blank"">Naver</a>"
025820,이구산업,50.02168735049639,50.0,43.05457931209374,59.047502974974854,67.06584449950932,,"<a href=""https://m.stock.naver.com/domestic/stock/025820/total"" target=""_blank"">Naver</a>"
018470,조일알미늄,50.008819637729125,50.0,46.47953054766,68.61476663027383,30.549206755734875,,"<a href=""https://m.stock.naver.com/domestic/stock/018470/total"" target=""_blank"">Naver</a>"
024070,WISCOM,49.9859108881044,50.0,34.9034592690644,74.72775867420054,75.74540406836492,,"<a href=""https://m.stock.naver.com/domestic/stock/024070/total"" target=""_blank"">Naver</a>"
170900,동아에스티,49.979386231146556,50.0,42.334551080775746,65.93960106166,56.035767095732346,,"<a href=""https://m.stock.naver.com/domestic/stock/170900/total"" target=""_blank"">Naver</a>"
128820,대성산업,49.94950641466237,50.0,39.75579159550205,56.65054890428141,86.91007250717442,,"<a href=""https://m.stock.naver.com/domestic/stock/128820/total"" target=""_blank"">Naver</a>"
017810,풀무원,49.941182879258655,50.0,45.2281563909836,40.34199988622655,91.99887585780198,,"<a href=""https://m.stock.naver.com/domestic/stock/017810/total"" target=""_blank"">Naver</a>"
003670,포스코퓨처엠,49.93883003295361,50.0,41.03239350116718,62.447183575355254,68.72026600252576,,"<a href=""https://m.stock.naver.com/domestic/stock/003670/total"" target=""_blank"">Naver</a>"
000140,하이트진로홀딩스,49.93837392216786,50.0,48.017526729269456,46.281921265932105,66.11600226514562,,"<a href=""https://m.stock.naver.com/domestic/stock/000140/total"" target=""_blank"">Naver</a>"
023530,롯데쇼핑,49.906713926823336,50.0,46.409997080701395,41.26376827719024,83.55675657857935,,"<a href=""https://m.stock.naver.com/domestic/stock/023530/total"" target=""_blank"">Naver</a>"
002220,한일철강,49.87074203608528,50.0,42.72725569849465,55.50401692534896,72.77052837853445,,"<a href=""https://m.stock.naver.com/domestic/stock/002220/total"" target=""_blank"">Naver</a>"
034730,SK,49.84775581374256,50.0,42.048443591700455,53.40434336202175,79.90421159230539,,"<a href=""https://m.stock.naver.com/domestic/stock/034730/total"" target=""_blank"">Naver</a>"
011170,롯데케미칼,49.8402963134767,50.0,36.89620300627186,67.62411577787788,77.0766796824189,,"<a href=""https://m.stock.naver.com/domestic/stock/011170/total"" target=""_blank"">Naver</a>"
002360,SH에너지화학,49.76536104313016,50.0,34.01407009090088,74.14954159777777,76.93778721254331,,"<a href=""https://m.stock.naver.com/domestic/stock/002360/total"" target=""_blank"">Naver</a>"
019440,세아특수강,49.707184828058026,50.0,38.35828577287449,65.08429179502428,72.18368410673952,,"<a href=""https://m.stock.naver.com/domestic/stock/019440/total"" target=""_blank"">Naver</a>"
001750,한양증권,49.630591221192475,50.0,51.27060901478912,40.98179372461576,54.2951919006723,,"<a href=""https://m.stock.naver.com/domestic/stock/001750/total"" target=""_blank"">Naver</a>"
003480,한진중공업홀딩스,49.58805416487783,50.0,46.05946785841862,37.94480363439031,85.57413673668289,,"<a href=""https://m.stock.naver.com/domestic/stock/003480/total"" target=""_blank"">Naver</a>"
008770,호텔신라,49.55762222727607,50.0,44.76978919339645,57.24998603072717,52.803526517084855,,"<a href=""https://m.stock.naver.com/domestic/stock/008770/total"" target=""_blank"">Naver</a>"
012200,계양전기,49.55479589607076,50.0,35.39598505815716,64.77102699619276,84.57393863824389,,"<a href=""https://m.stock.naver.com/domestic/stock/012200/total"" target=""_blank"">Naver</a>"
021050,서원,49.340526058563185,50.0,40.58275370348295,55.60878826397441,72.67917612590017,,"<a href=""https://m.stock.naver.com/domestic/stock/021050/total"" target=""_blank"">Naver</a>"
007120,미래아이앤지,49.28288311448804,50.0,31.605657509503036,83.8146873711228,60.0,,"<a href=""https://m.stock.naver.com/domestic/stock/007120/total"" target=""_blank"">Naver</a>"
009830,한화솔루션,49.26630735395008,50.0,38.39654921352054,65.92985836751616,61.48368427636675,,"<a href=""https://m.stock.naver.com/domestic/stock/009830/total"" target=""_blank"">Naver</a>"
006650,대한유화,49.240174398614585,50.0,30.883424133923373,71.3043355978985,87.77769610687791,,"<a href=""https://m.stock.naver.com/domestic/stock/006650/total"" target=""_blank"">Naver</a>"
003540,대신증권,49.19797392842689,50.0,52.79189571370756,50.0,20.0,,"<a href=""https://m.stock.naver.com/domestic/stock/003540/total"" target=""_blank"">Naver</a>"
009200,무림페이퍼,49.189684822992554,50.0,45.380677441655564,47.1235035435779,62.643302164417534,,"<a href=""https://m.stock.naver.com/domestic/stock/009200/total"" target=""_blank"">Naver</a>"
009580,무림P&P,49.108352820332854,50.0,42.334836456242265,53.501961946345176,63.48895023275533,,"<a href=""https://m.stock.naver.com/domestic/stock/009580/total"" target=""_blank"">Naver</a>"
002020,코오롱,49.07831165292111,50.0,43.22491857566062,36.79469976599152,91.85224064813609,,"<a href=""https://m.stock.naver.com/domestic/stock/002020/total"" target=""_blank"">Naver</a>"
000680,LS네트웍스,49.056268088638404,50.0,48.248234134844274,44.85178144602082,50.18062820650507,,"<a href=""https://m.stock.naver.com/domestic/stock/000680/total"" target=""_blank"">Naver</a>"
000520,삼일제약,49.04496936171998,50.0,45.585583580620636,42.250418886940615,68.4706315574153,,"<a href=""https://m.stock.naver.com/domestic/stock/000520/total"" target=""_blank"">Naver</a>"
329180,HD현대중공업,49.04343100696956,50.0,42.20802703290809,43.504579811460445,82.81932535192996,,"<a href=""https://m.stock.naver.com/domestic/stock/329180/total"" target=""_blank"">Naver</a>"
004380,삼익THK,48.985778577134134,50.0,43.047340346264605,57.74730789670309,48.98425401795346,,"<a href=""https://m.stock.naver.com/domestic/stock/004380/total"" target=""_blank"">Naver</a>"
009320,아진전자부품,48.91508855628511,50.0,42.85651252344363,40.30507746064358,83.40905358719701,,"<a href=""https://m.stock.naver.com/domestic/stock/009320/total"" target=""_blank"">Naver</a>"
000490,대동,48.90356406751857,50.0,47.59856115566621,48.086849872103514,43.90477582783352,,"<a href=""https://m.stock.naver.com/domestic/stock/000490/total"" target=""_blank"">Naver</a>"
017900,광전자,48.859521463628354,50.0,32.97482710190723,74.78775995646389,62.74077385010311,,"<a href=""https://m.stock.naver.com/domestic/stock/017900/total"" target=""_blank"">Naver</a>"
010620,HD현대미포,48.785087277420175,50.0,35.0666235166958,55.873881003496045,88.62086595793235,,"<a href=""https://m.stock.naver.com/domestic/stock/010620/total"" target=""_blank"">Naver</a>"
000210,DL,48.669735838891036,50.0,39.68289490815624,48.446286892154525,78.08766845273037,,"<a href=""https://m.stock.naver.com/domestic/stock/000210/total"" target=""_blank"">Naver</a>"
178920,PI첨단소재,48.66683246851588,50.0,34.96687897060796,67.23235092169617,64.03755267388543,,"<a href=""https://m.stock.naver.com/domestic/stock/178920/total"" target=""_blank"">Naver</a>"
001740,SK네트웍스,48.65841630437106,50.0,42.92078398072298,34.60395396029324,89.35649826321978,,"<a href=""https://m.stock.naver.com/domestic/stock/001740/total"" target=""_blank"">Naver</a>"
044820,코스맥스비티아이,48.65265137125151,50.0,44.668530117121,35.52076677809232,78.66884328324042,,"<a href=""https://m.stock.naver.com/domestic/stock/044820/total"" target=""_blank"">Naver</a>"
007160,사조산업,48.618672287289876,50.0,38.12567757875811,51.456568095649374,78.8319216607081,,"<a href=""https://m.stock.naver.com/domestic/stock/007160/total"" target=""_blank"">Naver</a>"
006280,녹십자,48.58371112944272,50.0,37.06293032176395,70.18832405044769,45.982922879139274,,"<a href=""https://m.stock.naver.com/domestic/stock/006280/total"" target=""_blank"">Naver</a>"
003070,코오롱글로벌,48.548889785398295,50.0,40.417887557922576,42.084781678088746,84.71879456217553,,"<a href=""https://m.stock.naver.com/domestic/stock/003070/total"" target=""_blank"">Naver</a>"
002690,동일제강,48.53845632336306,50.0,30.02338768182224,74.57587873815132,71.50043058184723,,"<a href=""https://m.stock.naver.com/domestic/stock/002690/total"" target=""_blank"">Naver</a>"
071050,한국금융지주,48.488837337295585,50.0,56.26474545180597,33.333333333333336,21.786352820215154,,"<a href=""https://m.stock.naver.com/domestic/stock/071050/total"" target=""_blank"">Naver</a>"
077970,STX엔진,48.467442511197426,50.0,46.23489844103236,42.30582193907408,53.56271414063859,,"<a href=""https://m.stock.naver.com/domestic/stock/077970/total"" target=""_blank"">Naver</a>"
034830,한국토지신탁,48.435724278284134,50.0,45.23431146777198,61.27146411341136,20.0,,"<a href=""https://m.stock.naver.com/domestic/stock/034830/total"" target=""_blank"">Naver</a>"
004960,한신공영,48.40350846083985,50.0,46.38029062344132,52.864470881628655,30.43977433633321,,"<a href=""https://m.stock.naver.com/domestic/stock/004960/total"" target=""_blank"">Naver</a>"
001450,현대해상,48.33831639986357,50.0,56.01993226612094,33.333333333333336,20.0,,"<a href=""https://m.stock.naver.com/domestic/stock/001450/total"" target=""_blank"">Naver</a>"
002620,제일파마홀딩스,48.32386063366522,50.0,31.614486919439088,66.30157268674364,75.80163270262162,,"<a href=""https://m.stock.naver.com/domestic/stock/002620/total"" target=""_blank"">Naver</a>"
008970,동양철관,48.30043671713361,50.0,35.265611420402855,57.57933177141469,74.52201369782853,,"<a href=""https://m.stock.naver.com/domestic/stock/008970/total"" target=""_blank"">Naver</a>"
037560,LG헬로비전,48.16149511837796,50.0,25.564549691939295,77.27081183378073,80.86553024030115,,"<a href=""https://m.stock.naver.com/domestic/stock/037560/total"" target=""_blank"">Naver</a>"
021820,세원정공,48.14487039490133,50.0,20.894862331959562,99.6005139610939,59.22206831604095,,"<a href=""https://m.stock.naver.com/domestic/stock/021820/total"" target=""_blank"">Naver</a>"
271940,일진하이솔루스,48.07648539190952,50.0,29.201143816888347,74.82234468564046,65.87929938246769,,"<a href=""https://m.stock.naver.com/domestic/stock/271940/total"" target=""_blank"">Naver</a>"
004450,삼화왕관,48.013415846432196,50.0,25.448478517147652,77.89457435256679,77.23677563777203,,"<a href=""https://m.stock.naver.com/domestic/stock/004450/total"" target=""_blank"">Naver</a>"
000050,경방,47.95320280373618,50.0,34.63954893922186,60.11141421460604,65.64348294940221,,"<a href=""https://m.stock.naver.com/domestic/stock/000050/total"" target=""_blank"">Naver</a>"
071840,롯데하이마트,47.814784831452165,50.0,30.961707462500687,57.93974225114616,85.60767481424747,,"<a href=""https://m.stock.naver.com/domestic/stock/071840/total"" target=""_blank"">Naver</a>"
017960,한국카본,47.78054000602886,50.0,31.86478398909003,69.65446391679141,56.97795234154406,,"<a href=""https://m.stock.naver.com/domestic/stock/017960/total"" target=""_blank"">Naver</a>"
139480,이마트,47.76739138966223,50.0,35.32598535287695,45.25458910034772,88.2087228281644,,"<a href=""https://m.stock.naver.com/domestic/stock/139480/total"" target=""_blank"">Naver</a>"
000670,영풍,47.74801809809419,50.0,25.835076028558152,72.92860477151896,79.92777227605518,,"<a href=""https://m.stock.naver.com/domestic/stock/000670/total"" target=""_blank"">Naver</a>"
000300,DH오토넥스,47.66111124811757,50.0,33.333333333333336,52.5,81.55555829568468,,"<a href=""https://m.stock.naver.com/domestic/stock/000300/total"" target=""_blank"">Naver</a>"
001070,대한방직,47.59226828553494,50.0,27.629081385336814,73.02647717861043,67.647004426794,,"<a href=""https://m.stock.naver.com/domestic/stock/001070/total"" target=""_blank"">Naver</a>"
006380,카프로,47.553809146859415,50.0,33.333333333333336,52.5,79.40951627052158,,"<a href=""https://m.stock.naver.com/domestic/stock/006380/total"" target=""_blank"">Naver</a>"
009410,태영건설,47.4379645246834,50.0,33.333333333333336,52.62863271654578,76.83535839390966,,"<a href=""https://m.stock.naver.com/domestic/stock/009410/total"" target=""_blank"">Naver</a>"
082740,한화엔진,47.43565643796639,50.0,40.447758296812026,42.02331380065964,62.42770967394836,,"<a href=""https://m.stock.naver.com/domestic/stock/082740/total"" target=""_blank"">Naver</a>"
001500,현대차증권,47.39645968945145,50.0,52.25250542447244,33.333333333333336,20.0,,"<a href=""https://m.stock.naver.com/domestic/stock/001500/total"" target=""_blank"">Naver</a>"
214330,금호에이치티,47.260599756498955,50.0,22.220076979976373,85.070861118744,63.96988799260928,,"<a href=""https://m.stock.naver.com/domestic/stock/214330/total"" target=""_blank"">Naver</a>"
002710,TCC스틸,47.24159962330647,50.0,30.62235230037561,56.634504807528614,78.45122134919409,,"<a href=""https://m.stock.naver.com/domestic/stock/002710/total"" target=""_blank"">Naver</a>"
008250,이건산업,47.154013875175025,50.0,32.77340504723988,55.41011445755008,68.39302335220083,,"<a href=""https://m.stock.naver.com/domestic/stock/008250/total"" target=""_blank"">Naver</a>"
001420,태원물산,47.03857327068231,50.0,26.30996050319195,74.27261799719432,60.676426903297866,,"<a href=""https://m.stock.naver.com/domestic/stock/001420/total"" target=""_blank"">Naver</a>"
004410,서울식품,46.983468174727975,50.0,34.013471265496385,44.53152374925594,80.53895966856565,,"<a href=""https://m.stock.naver.com/domestic/stock/004410/total"" target=""_blank"">Naver</a>"
005750,대림바스,46.94626568019967,50.0,29.53736019848664,60.96524914044379,69.30801433067276,,"<a href=""https://m.stock.naver.com/domestic/stock/005750/total"" target=""_blank"">Naver</a>"
003610,방림,46.768382672262646,50.0,25.811112614430012,74.0692478372257,58.17359469865136,,"<a href=""https://m.stock.naver.com/domestic/stock/003610/total"" target=""_blank"">Naver</a>"
005420,코스모화학,46.711051998219176,50.0,27.029117040910904,63.97468786008175,71.12607903966544,,"<a href=""https://m.stock.naver.com/domestic/stock/005420/total"" target=""_blank"">Naver</a>"
003520,영진약품,46.571028977642484,50.0,27.597105694604895,67.38057799654601,58.67389508673308,,"<a href=""https://m.stock.naver.com/domestic/stock/003520/total"" target=""_blank"">Naver</a>"
020150,롯데에너지머티리얼즈,46.49492943441017,50.0,27.902341314302816,74.45771843598123,41.47144524472678,,"<a href=""https://m.stock.naver.com/domestic/stock/020150/total"" target=""_blank"">Naver</a>"
336260,두산퓨얼셀,46.426555844652796,50.0,31.863589929724792,68.18067188227558,32.85182347988077,,"<a href=""https://m.stock.naver.com/domestic/stock/336260/total"" target=""_blank"">Naver</a>"
000910,유니온,46.406000275431225,50.0,33.41696794478803,55.04165840088929,50.95184898290566,,"<a href=""https://m.stock.naver.com/domestic/stock/000910/total"" target=""_blank"">Naver</a>"
007810,코리아써키트,46.27364539804402,50.0,23.340149177480242,70.87660379655814,67.01895448036278,,"<a href=""https://m.stock.naver.com/domestic/stock/007810/total"" target=""_blank"">Naver</a>"
006800,미래에셋증권,46.20867919116461,50.0,47.5013834313251,33.333333333333336,20.0,,"<a href=""https://m.stock.naver.com/domestic/stock/006800/total"" target=""_blank"">Naver</a>"
023960,에쓰씨엔지니어링,46.18505237570982,50.0,25.070952437873192,54.44795907308489,89.45036717866076,,"<a href=""https://m.stock.naver.com/domestic/stock/023960/total"" target=""_blank"">Naver</a>"
027740,마니커,46.11437178000217,50.0,29.6712845578631,39.68643870049675,94.55813540973458,,"<a href=""https://m.stock.naver.com/domestic/stock/027740/total"" target=""_blank"">Naver</a>"
010420,한솔PNS,46.0932044629821,50.0,24.080781393555046,55.47982917049103,90.50052395088471,,"<a href=""https://m.stock.naver.com/domestic/stock/010420/total"" target=""_blank"">Naver</a>"
001200,유진투자증권,46.04536974336948,50.0,46.848145640144566,33.333333333333336,20.0,,"<a href=""https://m.stock.naver.com/domestic/stock/001200/total"" target=""_blank"">Naver</a>"
012160,영흥,45.97035935865595,50.0,28.12797349950279,56.82095853940099,65.12540259680304,,"<a href=""https://m.stock.naver.com/domestic/stock/012160/total"" target=""_blank"">Naver</a>"
008870,금비,45.90628184191791,50.0,24.512220654639737,61.17127468409773,73.22198419696394,,"<a href=""https://m.stock.naver.com/domestic/stock/008870/total"" target=""_blank"">Naver</a>"
014910,성문전자,45.878642536538514,50.0,24.51170508451335,65.16438903930037,64.68554722960276,,"<a href=""https://m.stock.naver.com/domestic/stock/014910/total"" target=""_blank"">Naver</a>"
005320,온타이드,45.84205313232213,50.0,19.486141633534864,70.53107445091183,78.34820557694451,,"<a href=""https://m.stock.naver.com/domestic/stock/005320/total"" target=""_blank"">Naver</a>"
035720,카카오,45.808747484793194,50.0,19.431755174105337,77.00509735827023,65.00597910879667,,"<a href=""https://m.stock.naver.com/domestic/stock/035720/total"" target=""_blank"">Naver</a>"
079430,현대리바트,45.7595697060359,50.0,22.127137274654462,58.919719788584146,86.71626817027732,,"<a href=""https://m.stock.naver.com/domestic/stock/079430/total"" target=""_blank"">Naver</a>"
000760,이화산업,45.71405655866097,50.0,26.22907646148808,69.20890706116384,44.71793474345131,,"<a href=""https://m.stock.naver.com/domestic/stock/000760/total"" target=""_blank"">Naver</a>"
010040,한국내화,45.71063227633624,50.0,19.456556954195484,67.19622910373688,82.53740254827358,,"<a href=""https://m.stock.naver.com/domestic/stock/010040/total"" target=""_blank"">Naver</a>"
004560,현대비앤지스틸,45.678713334448844,50.0,18.321035313673832,71.95294230473823,78.0632055111312,,"<a href=""https://m.stock.naver.com/domestic/stock/004560/total"" target=""_blank"">Naver</a>"
095720,웅진씽크빅,45.53476257965961,50.0,22.4691495907841,57.56464802665894,83.22020758595383,,"<a href=""https://m.stock.naver.com/domestic/stock/095720/total"" target=""_blank"">Naver</a>"
011330,유니켐,45.53370073619823,50.0,25.22554752599328,71.2720129864962,42.00225112100581,,"<a href=""https://m.stock.naver.com/domestic/stock/011330/total"" target=""_blank"">Naver</a>"
053210,스카이라이프,45.46158102581968,50.0,14.704975412975173,77.23277828436792,81.24118688278199,,"<a href=""https://m.stock.naver.com/domestic/stock/053210/total"" target=""_blank"">Naver</a>"
011700,한신기계,45.433664248028926,50.0,21.693088204639377,74.36546553047297,51.476912876435705,,"<a href=""https://m.stock.naver.com/domestic/stock/011700/total"" target=""_blank"">Naver</a>"
950210,프레스티지바이오파마,45.404072397158146,50.0,17.92132347612958,97.65637510242114,23.162080357672753,,"<a href=""https://m.stock.naver.com/domestic/stock/950210/total"" target=""_blank"">Naver</a>"
016610,DB증권,45.34390767640058,50.0,44.04229737226899,33.333333333333336,20.0,,"<a href=""https://m.stock.naver.com/domestic/stock/016610/total"" target=""_blank"">Naver</a>"
000220,유유제약,45.31088400745333,50.0,22.605602410676372,71.43943648038243,50.31079513491984,,"<a href=""https://m.stock.naver.com/domestic/stock/000220/total"" target=""_blank"">Naver</a>"
241590,화승엔터프라이즈,45.26791208284725,50.0,26.237759688589396,51.909339799176465,70.35076361564519,,"<a href=""https://m.stock.naver.com/domestic/stock/241590/total"" target=""_blank"">Naver</a>"
027970,한국제지,45.05947737928974,50.0,16.08590444829097,76.9989923604019,66.7620406235362,,"<a href=""https://m.stock.naver.com/domestic/stock/027970/total"" target=""_blank"">Naver</a>"
001510,SK증권,45.046764100740866,50.0,42.85372306963012,33.333333333333336,20.0,,"<a href=""https://m.stock.naver.com/domestic/stock/001510/total"" target=""_blank"">Naver</a>"
003530,한화투자증권,45.01818436230346,50.0,42.73940411588048,33.333333333333336,20.0,,"<a href=""https://m.stock.naver.com/domestic/stock/003530/total"" target=""_blank"">Naver</a>"
012800,대창,44.93098192998928,50.0,23.204385897772813,50.68875131983305,81.22020647125542,,"<a href=""https://m.stock.naver.com/domestic/stock/012800/total"" target=""_blank"">Naver</a>"
066970,엘앤에프,44.846514317859814,50.0,22.03227290438791,55.028588111099545,76.71174561305757,,"<a href=""https://m.stock.naver.com/domestic/stock/066970/total"" target=""_blank"">Naver</a>"
015760,한국전력,44.805071905035945,50.0,33.5620877720068,27.5,73.29099924068493,,"<a href=""https://m.stock.naver.com/domestic/stock/015760/total"" target=""_blank"">Naver</a>"
377300,카카오페이,44.74835257815621,50.0,19.617973263662034,68.43859262240697,60.0,,"<a href=""https://m.stock.naver.com/domestic/stock/377300/total"" target=""_blank"">Naver</a>"
006060,화승인더,44.72792146905947,50.0,25.399266621590794,46.53443675515878,74.49322276291784,,"<a href=""https://m.stock.naver.com/domestic/stock/006060/total"" target=""_blank"">Naver</a>"
002630,오리엔트바이오,44.69317056749419,50.0,18.374471493307304,74.66180337134709,52.66744714065317,,"<a href=""https://m.stock.naver.com/domestic/stock/002630/total"" target=""_blank"">Naver</a>"
012610,경인양행,44.623829063827806,50.0,25.04969752707066,59.76207505215156,47.703943536899686,,"<a href=""https://m.stock.naver.com/domestic/stock/012610/total"" target=""_blank"">Naver</a>"
084680,이월드,44.57967898145428,50.0,25.247727743286944,56.209692860477446,52.93555519169604,,"<a href=""https://m.stock.naver.com/domestic/stock/084680/total"" target=""_blank"">Naver</a>"
036460,한국가스공사,44.543338570258605,50.0,27.91643641436997,36.52380203970692,78.2369852539084,,"<a href=""https://m.stock.naver.com/domestic/stock/036460/total"" target=""_blank"">Naver</a>"
010140,삼성중공업,44.506212096081065,50.0,28.156272723119315,38.20928316525251,72.92431197551977,,"<a href=""https://m.stock.naver.com/domestic/stock/010140/total"" target=""_blank"">Naver</a>"
009240,한샘,44.449192525350064,50.0,22.552319316895563,40.3836432043166,95.45496751389021,,"<a href=""https://m.stock.naver.com/domestic/stock/009240/total"" target=""_blank"">Naver</a>"
006740,영풍제지,44.442252342664645,50.0,14.422829094469241,72.2967542765092,72.13739282792835,,"<a href=""https://m.stock.naver.com/domestic/stock/006740/total"" target=""_blank"">Naver</a>"
002070,비비안,44.31449240684795,50.0,24.055030227887503,53.58619150143498,58.84231399465143,,"<a href=""https://m.stock.naver.com/domestic/stock/002070/total"" target=""_blank"">Naver</a>"
025750,한솔홈데코,44.283102206623354,50.0,19.384967282113298,54.69967255513222,79.33786261163624,,"<a href=""https://m.stock.naver.com/domestic/stock/025750/total"" target=""_blank"">Naver</a>"
009190,대양금속,44.22755184674272,50.0,11.674550574640136,71.70862639351024,82.76103127463313,,"<a href=""https://m.stock.naver.com/domestic/stock/009190/total"" target=""_blank"">Naver</a>"
036580,팜스코,44.20420272416432,50.0,25.919805124977085,33.70436288895839,87.0763030804843,,"<a href=""https://m.stock.naver.com/domestic/stock/036580/total"" target=""_blank"">Naver</a>"
016880,웅진,44.15699885950157,50.0,25.62143834200232,34.561984274209635,85.90881693160051,,"<a href=""https://m.stock.naver.com/domestic/stock/016880/total"" target=""_blank"">Naver</a>"
005250,녹십자홀딩스,44.118724992085205,50.0,23.901767665705027,56.33527197965725,50.19511755386453,,"<a href=""https://m.stock.naver.com/domestic/stock/005250/total"" target=""_blank"">Naver</a>"
005950,이수화학,44.05874128603562,50.0,21.047802183659815,43.496099273549504,88.94361625531434,,"<a href=""https://m.stock.naver.com/domestic/stock/005950/total"" target=""_blank"">Naver</a>"
002390,한독,44.05034150052333,50.0,21.691277526023416,56.02943206269722,60.491578254955165,,"<a href=""https://m.stock.naver.com/domestic/stock/002390/total"" target=""_blank"">Naver</a>"
002210,동성제약,43.8734973422834,50.0,24.21862284149688,54.67538955338516,47.0260535314132,,"<a href=""https://m.stock.naver.com/domestic/stock/002210/total"" target=""_blank"">Naver</a>"
014990,인디에프,43.76923874028933,50.0,24.279852889411185,42.49883297845918,68.98784440181227,,"<a href=""https://m.stock.naver.com/domestic/stock/014990/total"" target=""_blank"">Naver</a>"
014130,한익스프레스,43.76702728291949,50.0,24.859413526937388,30.245845026464394,90.55178797077411,,"<a href=""https://m.stock.naver.com/domestic/stock/014130/total"" target=""_blank"">Naver</a>"
009810,플레이그램,43.763513810474855,50.0,11.721783411941738,70.9010923417265,74.85917446633542,,"<a href=""https://m.stock.naver.com/domestic/stock/009810/total"" target=""_blank"">Naver</a>"
308170,씨티알모빌리티,43.69629105103613,50.0,21.70845346926482,38.15641264692066,89.07072838055707,,"<a href=""https://m.stock.naver.com/domestic/stock/308170/total"" target=""_blank"">Naver</a>"
033240,자화전자,43.640802306750494,50.0,15.863583016242904,64.9270820144642,63.643967024867024,,"<a href=""https://m.stock.naver.com/domestic/stock/033240/total"" target=""_blank"">Naver</a>"
452260,한화갤러리아,43.54641400362932,50.0,23.335694563589545,47.18659349334525,59.87662026794817,,"<a href=""https://m.stock.naver.com/domestic/stock/452260/total"" target=""_blank"">Naver</a>"
005360,모나미,43.53602312390913,50.0,19.134472136713015,60.74411862671097,53.55986454119557,,"<a href=""https://m.stock.naver.com/domestic/stock/005360/total"" target=""_blank"">Naver</a>"
000890,보해양조,43.52221011350764,50.0,19.043616943817423,58.80643870248197,57.61324014610163,,"<a href=""https://m.stock.naver.com/domestic/stock/000890/total"" target=""_blank"">Naver</a>"
003920,남양유업,43.31048753053357,50.0,8.01237437962199,74.58551173241068,76.97685524773999,,"<a href=""https://m.stock.naver.com/domestic/stock/003920/total"" target=""_blank"">Naver</a>"
006490,인스코비,43.275123556160175,50.0,13.780982026534685,51.76061671231132,93.07632756590753,,"<a href=""https://m.stock.naver.com/domestic/stock/006490/total"" target=""_blank"">Naver</a>"
002420,세기상사,43.129968388935104,50.0,16.55936043631755,48.362640597405445,83.07728440230345,,"<a href=""https://m.stock.naver.com/domestic/stock/002420/total"" target=""_blank"">Naver</a>"
102280,쌍방울,43.08032886936385,50.0,13.72094189279463,74.33372727842519,44.33441336645366,,"<a href=""https://m.stock.naver.com/domestic/stock/102280/total"" target=""_blank"">Naver</a>"
002720,국제약품,43.07925771969626,50.0,16.419369910561237,57.716088530937185,64.0561277792446,,"<a href=""https://m.stock.naver.com/domestic/stock/002720/total"" target=""_blank"">Naver</a>"
454910,두산로보틱스,43.0748488528625,50.0,5.530313788842097,99.8661982569908,34.11301159905805,,"<a href=""https://m.stock.naver.com/domestic/stock/454910/total"" target=""_blank"">Naver</a>"
017180,명문제약,43.07382706201476,50.0,23.402344503938767,44.17775833335462,56.10930205389209,,"<a href=""https://m.stock.naver.com/domestic/stock/017180/total"" target=""_blank"">Naver</a>"
109070,주성코퍼레이션,43.018156814577715,50.0,5.897748151369357,73.50029119785759,83.87381313899245,,"<a href=""https://m.stock.naver.com/domestic/stock/109070/total"" target=""_blank"">Naver</a>"
020120,키다리스튜디오,42.93821652189112,50.0,8.855019401192187,67.36611201065347,79.7570094105546,,"<a href=""https://m.stock.naver.com/domestic/stock/020120/total"" target=""_blank"">Naver</a>"
006360,GS건설,42.91365843692506,50.0,18.65431390067227,46.094320779054854,72.81295767703011,,"<a href=""https://m.stock.naver.com/domestic/stock/006360/total"" target=""_blank"">Naver</a>"
005030,부산주공,42.87288569002444,50.0,21.05101081294143,31.353313040029875,89.49603365572187,,"<a href=""https://m.stock.naver.com/domestic/stock/005030/total"" target=""_blank"">Naver</a>"
069640,한세엠케이,42.8014004750772,50.0,22.1858295455275,43.85400935503499,57.39084306383662,,"<a href=""https://m.stock.naver.com/domestic/stock/069640/total"" target=""_blank"">Naver</a>"
002880,대유에이텍,42.69225846327482,50.0,19.70027382325568,28.715807820065827,97.91218450908625,,"<a href=""https://m.stock.naver.com/domestic/stock/002880/total"" target=""_blank"">Naver</a>"
008730,율촌화학,42.572905862294306,50.0,15.316008154981276,55.957934410203485,62.96220765057288,,"<a href=""https://m.stock.naver.com/domestic/stock/008730/total"" target=""_blank"">Naver</a>"
015260,에이엔피,42.51488439516271,50.0,15.453826134358648,40.765256225377215,91.49804478070646,,"<a href=""https://m.stock.naver.com/domestic/stock/015260/total"" target=""_blank"">Naver</a>"
377740,바이오노트,42.17082135418551,50.0,9.821946211013833,74.94175290322187,44.423190222197306,,"<a href=""https://m.stock.naver.com/domestic/stock/377740/total"" target=""_blank"">Naver</a>"
100220,비상교육,41.99185101585417,50.0,17.06706463481301,52.43606427914921,49.629568584719784,,"<a href=""https://m.stock.naver.com/domestic/stock/100220/total"" target=""_blank"">Naver</a>"
006570,대림통상,41.971371606423624,50.0,14.874136564780043,55.58783982560489,53.881069653362424,,"<a href=""https://m.stock.naver.com/domestic/stock/006570/total"" target=""_blank"">Naver</a>"
024890,대원화성,41.82310275085922,50.0,9.00812107463036,53.81651128825597,83.78842706752067,,"<a href=""https://m.stock.naver.com/domestic/stock/024890/total"" target=""_blank"">Naver</a>"
051630,진양화학,41.65928453229602,50.0,6.309778341439414,59.170040924809655,83.29671708910395,,"<a href=""https://m.stock.naver.com/domestic/stock/051630/total"" target=""_blank"">Naver</a>"
006200,한국전자홀딩스,41.56616704716282,50.0,1.0012413278776038,74.07365468605546,78.16982493175746,,"<a href=""https://m.stock.naver.com/domestic/stock/006200/total"" target=""_blank"">Naver</a>"
004540,깨끗한나라,41.52373142259493,50.0,13.78043064923927,39.00693799806541,83.5585992095715,,"<a href=""https://m.stock.naver.com/domestic/stock/004540/total"" target=""_blank"">Naver</a>"
008600,윌비스,41.42618496765184,50.0,14.554318247073928,54.03792587661265,47.67625636444194,,"<a href=""https://m.stock.naver.com/domestic/stock/008600/total"" target=""_blank"">Naver</a>"
019680,대교,41.32850508267508,50.0,7.719173934028945,49.44948862489349,89.07525473356976,,"<a href=""https://m.stock.naver.com/domestic/stock/019680/total"" target=""_blank"">Naver</a>"
011810,STX,41.2806457416022,50.0,17.022346343989415,36.04420770319115,68.41276770571451,,"<a href=""https://m.stock.naver.com/domestic/stock/011810/total"" target=""_blank"">Naver</a>"
457190,이수스페셜티케미컬,41.27763060203576,50.0,9.439923581770744,65.14559079566307,48.0618125405351,,"<a href=""https://m.stock.naver.com/domestic/stock/457190/total"" target=""_blank"">Naver</a>"
001550,조비,41.24417529883685,50.0,9.675304446179101,59.79037206621554,56.92623961341045,,"<a href=""https://m.stock.naver.com/domestic/stock/001550/total"" target=""_blank"">Naver</a>"
009460,한창제지,41.216379841362304,50.0,12.673527919781877,41.83535671871044,77.28924379091582,,"<a href=""https://m.stock.naver.com/domestic/stock/009460/total"" target=""_blank"">Naver</a>"
093230,이아이디,41.20772935386232,50.0,10.043043834355025,50.435660351084266,73.06804720330277,,"<a href=""https://m.stock.naver.com/domestic/stock/093230/total"" target=""_blank"">Naver</a>"
079160,CJ CGV,41.18654407147432,50.0,19.20111686800409,27.5,72.72529708946608,,"<a href=""https://m.stock.naver.com/domestic/stock/079160/total"" target=""_blank"">Naver</a>"
003000,부광약품,41.10936659332301,50.0,0.0,94.3629539988247,33.461423868810805,,"<a href=""https://m.stock.naver.com/domestic/stock/003000/total"" target=""_blank"">Naver</a>"
011090,에넥스,41.09750879118725,50.0,11.217306214369474,37.10327786935298,91.65708901319178,,"<a href=""https://m.stock.naver.com/domestic/stock/011090/total"" target=""_blank"">Naver</a>"
044380,주연테크,41.00389267646915,50.0,0.0,74.39861999507923,71.2806135392245,,"<a href=""https://m.stock.naver.com/domestic/stock/044380/total"" target=""_blank"">Naver</a>"
139990,아주스틸,40.98399597302948,50.0,14.873098542920156,32.29457070872799,80.72528532853288,,"<a href=""https://m.stock.naver.com/domestic/stock/139990/total"" target=""_blank"">Naver</a>"
009440,KC그린홀딩스,40.94133768364782,50.0,10.22235998366915,44.30773647748916,79.0994807996323,,"<a href=""https://m.stock.naver.com/domestic/stock/009440/total"" target=""_blank"">Naver</a>"
091090,세원이앤씨,40.91555509948636,50.0,7.133590270241126,62.78876989827112,57.06561084197931,,"<a href=""https://m.stock.naver.com/domestic/stock/091090/total"" target=""_blank"">Naver</a>"
097230,HJ중공업,40.83899508500919,50.0,12.907895956026154,32.972411470257704,86.29559897953757,,"<a href=""https://m.stock.naver.com/domestic/stock/097230/total"" target=""_blank"">Naver</a>"
143210,핸즈코퍼레이션,40.801520511740634,50.0,10.951804300929918,47.32587908366105,66.61963056284101,,"<a href=""https://m.stock.naver.com/domestic/stock/143210/total"" target=""_blank"">Naver</a>"
010600,웰바이오텍,40.74416152634598,50.0,0.0,63.83673224587168,87.20976603517612,,"<a href=""https://m.stock.naver.com/domestic/stock/010600/total"" target=""_blank"">Naver</a>"
025620,제이준코스메틱,40.67542485018203,50.0,0.0,73.56194189560082,66.38461321243899,,"<a href=""https://m.stock.naver.com/domestic/stock/025620/total"" target=""_blank"">Naver</a>"
900140,엘브이엠씨홀딩스,40.35678264548747,50.0,5.3433711298352655,64.63069412785082,51.15740900487147,,"<a href=""https://m.stock.naver.com/domestic/stock/900140/total"" target=""_blank"">Naver</a>"
403550,쏘카,40.25947073752158,50.0,10.090916620844448,38.564953917344255,77.60492381152085,,"<a href=""https://m.stock.naver.com/domestic/stock/403550/total"" target=""_blank"">Naver</a>"
030210,다올투자증권,40.16214599175915,50.0,23.315250633703254,33.333333333333336,20.0,,"<a href=""https://m.stock.naver.com/domestic/stock/030210/total"" target=""_blank"">Naver</a>"
008500,일정실업,40.15646428681663,50.0,11.324311329498988,28.241782038150635,90.02416501253633,,"<a href=""https://m.stock.naver.com/domestic/stock/008500/total"" target=""_blank"">Naver</a>"
005110,한창,40.05945363671518,50.0,13.692679338808334,31.131082287595,70.46351146507195,,"<a href=""https://m.stock.naver.com/domestic/stock/005110/total"" target=""_blank"">Naver</a>"
119650,KC코트렐,40.04281227932052,50.0,6.8929206060435435,42.36774592766681,81.656150700859,,"<a href=""https://m.stock.naver.com/domestic/stock/119650/total"" target=""_blank"">Naver</a>"
402340,SK스퀘어,40.00873953212614,50.0,0.0,70.84178824878498,58.49121414495292,,"<a href=""https://m.stock.naver.com/domestic/stock/402340/total"" target=""_blank"">Naver</a>"
002870,신풍,39.9142266024008,50.0,0.0,73.49449556819329,51.295540911629416,,"<a href=""https://m.stock.naver.com/domestic/stock/002870/total"" target=""_blank"">Naver</a>"
000650,천일고속,39.87876809339154,50.0,0.0,53.43165616681063,90.71204953420963,,"<a href=""https://m.stock.naver.com/domestic/stock/000650/total"" target=""_blank"">Naver</a>"
145210,다이나믹디자인,39.874196892137974,50.0,0.0,62.19257580174728,73.09878623926501,,"<a href=""https://m.stock.naver.com/domestic/stock/145210/total"" target=""_blank"">Naver</a>"
001360,삼성제약,39.767399418458325,50.0,0.0,73.61005142486556,48.127885519435345,,"<a href=""https://m.stock.naver.com/domestic/stock/001360/total"" target=""_blank"">Naver</a>"
011000,진원생명과학,39.72313891817481,50.0,0.0,69.20294574726628,56.056886868963694,,"<a href=""https://m.stock.naver.com/domestic/stock/011000/total"" target=""_blank"">Naver</a>"
030720,동원수산,39.553969864602884,50.0,0.0,60.520365487383266,70.03866631729113,,"<a href=""https://m.stock.naver.com/domestic/stock/030720/total"" target=""_blank"">Naver</a>"
071950,코아스,39.54999848056323,50.0,9.083695763837385,28.162112281565072,89.2572662289475,,"<a href=""https://m.stock.naver.com/domestic/stock/071950/total"" target=""_blank"">Naver</a>"
025560,미래산업,39.52654182772015,50.0,0.0,73.13949724140588,44.25184207159141,,"<a href=""https://m.stock.naver.com/domestic/stock/025560/total"" target=""_blank"">Naver</a>"
079980,휴비스,39.48693460385366,50.0,3.0383127878771474,44.31937487255756,85.9083783925723,,"<a href=""https://m.stock.naver.com/domestic/stock/079980/total"" target=""_blank"">Naver</a>"
019170,신풍제약,39.483050110457704,50.0,0.0,73.77332314854799,42.11435591205807,,"<a href=""https://m.stock.naver.com/domestic/stock/019170/total"" target=""_blank"">Naver</a>"
137310,에스디바이오센서,39.45437764064178,50.0,0.0,74.15480402575906,40.7779447613174,,"<a href=""https://m.stock.naver.com/domestic/stock/137310/total"" target=""_blank"">Naver</a>"
090370,메타랩스,39.40671555384809,50.0,0.0,69.7165740004488,48.701163076064056,,"<a href=""https://m.stock.naver.com/domestic/stock/090370/total"" target=""_blank"">Naver</a>"
000950,전방,39.35867147509625,50.0,0.0,74.37888802325062,38.41565345542374,,"<a href=""https://m.stock.naver.com/domestic/stock/000950/total"" target=""_blank"">Naver</a>"
033180,KH 필룩스,39.31717979029637,50.0,2.737893200415531,61.98225557341509,48.68961865701967,,"<a href=""https://m.stock.naver.com/domestic/stock/033180/total"" target=""_blank"">Naver</a>"
014710,사조씨푸드,39.17383240719199,50.0,0.0,54.23116708685415,75.01431397013155,,"<a href=""https://m.stock.naver.com/domestic/stock/014710/total"" target=""_blank"">Naver</a>"
002410,범양건영,39.151531846672746,50.0,5.08727343628661,40.140927717102926,77.312414317816,,"<a href=""https://m.stock.naver.com/domestic/stock/002410/total"" target=""_blank"">Naver</a>"
004920,씨아이테크,39.11735307508027,50.0,0.0,65.33556278856838,51.675935924468604,,"<a href=""https://m.stock.naver.com/domestic/stock/004920/total"" target=""_blank"">Naver</a>"
118000,메타케어,39.08682334119263,50.0,0.0,74.68046940482456,32.37552801420342,,"<a href=""https://m.stock.naver.com/domestic/stock/118000/total"" target=""_blank"">Naver</a>"
002820,SUN&L,39.06951165007686,50.0,4.208266020812446,40.93998487184086,78.46893315379326,,"<a href=""https://m.stock.naver.com/domestic/stock/002820/total"" target=""_blank"">Naver</a>"
000180,성창기업지주,39.03653505128593,50.0,2.1594860876974487,52.123217133848314,65.68683631953475,,"<a href=""https://m.stock.naver.com/domestic/stock/000180/total"" target=""_blank"">Naver</a>"
003120,일성아이에스,38.983023965172194,50.0,0.0,74.76201241574265,30.136454471958597,,"<a href=""https://m.stock.naver.com/domestic/stock/003120/total"" target=""_blank"">Naver</a>"
047400,유니온머티리얼,38.88787832005357,50.0,7.989554361127351,47.42164574231183,42.96650311081095,,"<a href=""https://m.stock.naver.com/domestic/stock/047400/total"" target=""_blank"">Naver</a>"
093370,후성,38.83917971584506,50.0,1.5834682445187747,46.12232111237191,76.62161086956353,,"<a href=""https://m.stock.naver.com/domestic/stock/093370/total"" target=""_blank"">Naver</a>"
357430,마스턴프리미어리츠,38.786564930062355,50.0,1.50719053461875,74.09767296407668,20.0,,"<a href=""https://m.stock.naver.com/domestic/stock/357430/total"" target=""_blank"">Naver</a>"
140910,에이리츠,38.77290262267922,50.0,3.3809086455834394,61.77675461283357,35.0,,"<a href=""https://m.stock.naver.com/domestic/stock/140910/total"" target=""_blank"">Naver</a>"
000660,SK하이닉스,38.71050061048256,50.0,0.0,65.43923514667821,43.33154191629473,,"<a href=""https://m.stock.naver.com/domestic/stock/000660/total"" target=""_blank"">Naver</a>"
092220,KEC,38.67762163669387,50.0,0.0,74.36193486541842,24.828563003040706,,"<a href=""https://m.stock.naver.com/domestic/stock/092220/total"" target=""_blank"">Naver</a>"
007460,에이프로젠,38.45386046676126,50.0,0.0,65.41991408485508,38.23738116551514,,"<a href=""https://m.stock.naver.com/domestic/stock/007460/total"" target=""_blank"">Naver</a>"
011790,SKC,38.42406809380894,50.0,0.0,53.419888370846614,61.641585134485624,,"<a href=""https://m.stock.naver.com/domestic/stock/011790/total"" target=""_blank"">Naver</a>"
003580,HLB글로벌,38.37503393027294,50.0,0.0,50.722543300465446,66.05559200452794,,"<a href=""https://m.stock.naver.com/domestic/stock/003580/total"" target=""_blank"">Naver</a>"
326030,SK바이오팜,38.34783156025391,50.0,0.04120209030730552,66.24627242759195,34.258075898357674,,"<a href=""https://m.stock.naver.com/domestic/stock/326030/total"" target=""_blank"">Naver</a>"
249420,일동제약,38.212410296256564,50.0,1.3609841490351844,37.85983926414356,81.7236066516682,,"<a href=""https://m.stock.naver.com/domestic/stock/249420/total"" target=""_blank"">Naver</a>"
298000,효성화학,38.18236733364191,50.0,4.314170592419369,27.5,87.07649371074139,,"<a href=""https://m.stock.naver.com/domestic/stock/298000/total"" target=""_blank"">Naver</a>"
063160,종근당바이오,38.10116704523779,50.0,0.0,57.45327397370921,47.1167929573373,,"<a href=""https://m.stock.naver.com/domestic/stock/063160/total"" target=""_blank"">Naver</a>"
011230,삼화전자,37.99569363394622,50.0,0.0,42.350675003576974,75.21252267177033,,"<a href=""https://m.stock.naver.com/domestic/stock/011230/total"" target=""_blank"">Naver</a>"
001470,삼부토건,37.91613673193167,50.0,0.0,42.71883094749572,72.885072743642,,"<a href=""https://m.stock.naver.com/domestic/stock/001470/total"" target=""_blank"">Naver</a>"
012170,아센디오,37.89538069136324,50.0,0.0,54.930855324829075,48.04590317760669,,"<a href=""https://m.stock.naver.com/domestic/stock/012170/total"" target=""_blank"">Naver</a>"
074610,이엔플러스,37.76571593627194,50.0,0.0,50.80468712536209,53.70494447471458,,"<a href=""https://m.stock.naver.com/domestic/stock/074610/total"" target=""_blank"">Naver</a>"
432320,KB스타리츠,37.727982007500884,50.0,0.0,67.27982007500881,20.0,,"<a href=""https://m.stock.naver.com/domestic/stock/432320/total"" target=""_blank"">Naver</a>"
001140,국보,37.708868158208254,50.0,0.0,36.655459217361745,80.86644472944153,,"<a href=""https://m.stock.naver.com/domestic/stock/001140/total"" target=""_blank"">Naver</a>"
036420,콘텐트리중앙,37.580547697574495,50.0,4.186045430635786,28.98898551268805,72.70275577293492,,"<a href=""https://m.stock.naver.com/domestic/stock/036420/total"" target=""_blank"">Naver</a>"
004270,남성,37.39207490360652,50.0,1.7018373654149377,47.39010764722125,44.552095950613165,,"<a href=""https://m.stock.naver.com/domestic/stock/004270/total"" target=""_blank"">Naver</a>"
006370,대구백화점,37.34818881268442,50.0,0.0,43.82547834997875,59.31281955373089,,"<a href=""https://m.stock.naver.com/domestic/stock/006370/total"" target=""_blank"">Naver</a>"
001570,금양,37.310293377749616,50.0,0.5216058114378549,38.96585328864393,65.66613192051513,,"<a href=""https://m.stock.naver.com/domestic/stock/001570/total"" target=""_blank"">Naver</a>"
015020,이스타코,37.27893269058043,50.0,0.0,49.45599357247095,46.666666666666664,,"<a href=""https://m.stock.naver.com/domestic/stock/015020/total"" target=""_blank"">Naver</a>"
034220,LG디스플레이,37.25824618943053,50.0,0.0,32.977155697265104,79.2106123940803,,"<a href=""https://m.stock.naver.com/domestic/stock/034220/total"" target=""_blank"">Naver</a>"
133820,화인베스틸,37.1427542880714,50.0,0.0,40.03120838913356,62.79266898316088,,"<a href=""https://m.stock.naver.com/domestic/stock/133820/total"" target=""_blank"">Naver</a>"
001210,금호전기,36.97331762023013,50.0,0.0,30.75920350274795,77.94794539910666,,"<a href=""https://m.stock.naver.com/domestic/stock/001210/total"" target=""_blank"">Naver</a>"
003060,에이프로젠바이오로직스,36.94980208823645,50.0,0.0,51.131718573570254,36.73260461758862,,"<a href=""https://m.stock.naver.com/domestic/stock/003060/total"" target=""_blank"">Naver</a>"
007610,선도전기,36.93823885628051,50.0,0.0,29.972984909224124,78.81880730716205,,"<a href=""https://m.stock.naver.com/domestic/stock/007610/total"" target=""_blank"">Naver</a>"
009310,참엔지니어링,36.86234114974976,50.0,0.0,33.341343019997645,70.5641369549999,,"<a href=""https://m.stock.naver.com/domestic/stock/009310/total"" target=""_blank"">Naver</a>"
000230,일동홀딩스,36.775688220112315,50.0,0.0,28.670577635014197,78.17260913221784,,"<a href=""https://m.stock.naver.com/domestic/stock/000230/total"" target=""_blank"">Naver</a>"
020760,일진디스플,36.633662234394954,50.0,0.0,29.515235054465528,73.64277457896804,,"<a href=""https://m.stock.naver.com/domestic/stock/020760/total"" target=""_blank"">Naver</a>"
000040,KR모터스,36.62231461782117,50.0,0.0,27.5,77.44629235642336,,"<a href=""https://m.stock.naver.com/domestic/stock/000040/total"" target=""_blank"">Naver</a>"
363280,티와이홀딩스,36.592971518763235,50.0,0.0,48.429715187632375,35.0,,"<a href=""https://m.stock.naver.com/domestic/stock/363280/total"" target=""_blank"">Naver</a>"
019490,엑시큐어하이트론,36.46239620832776,50.0,0.0,44.20924587967076,40.829432407213694,,"<a href=""https://m.stock.naver.com/domestic/stock/019490/total"" target=""_blank"">Naver</a>"
084670,동양고속,36.409035369535694,50.0,1.38905500180125,43.117716190853784,35.0,,"<a href=""https://m.stock.naver.com/domestic/stock/084670/total"" target=""_blank"">Naver</a>"
251270,넷마블,36.36521548313,50.0,0.0,50.81099293440286,25.682323793794193,,"<a href=""https://m.stock.naver.com/domestic/stock/251270/total"" target=""_blank"">Naver</a>"
011300,성안머티리얼스,36.13792818530287,50.0,0.0,29.55197835346956,63.65460699911822,,"<a href=""https://m.stock.naver.com/domestic/stock/011300/total"" target=""_blank"">Naver</a>"
032350,롯데관광개발,35.75,50.0,0.0,27.5,60.0,,"<a href=""https://m.stock.naver.com/domestic/stock/032350/total"" target=""_blank"">Naver</a>"
005935,삼성전자우,,,,,,corp_code not found,"<a href=""https://m.stock.naver.com/domestic/stock/005935/total"" target=""_blank"">Naver</a>"
443060,HD현대마린솔루션,,,,,,annual FS not found,"<a href=""https://m.stock.naver.com/domestic/stock/443060/total"" target=""_blank"">Naver</a>"
005387,현대차2우B,,,,,,corp_code not found,"<a href=""https://m.stock.naver.com/domestic/stock/005387/total"" target=""_blank"">Naver</a>"
088980,맥쿼리인프라,,,,,,annual FS not found,"<a href=""https://m.stock.naver.com/domestic/stock/088980/total"" target=""_blank"">Naver</a>"
005385,현대차우,,,,,,corp_code not found,"<a href=""https://m.stock.naver.com/domestic/stock/005385/total"" target=""_blank"">Naver</a>"
062040,산일전기,,,,,,annual FS not found,"<a href=""https://m.stock.naver.com/domestic/stock/062040/total"" target=""_blank"">Naver</a>"
439260,대한조선,,,,,,annual FS not found,"<a href=""https://m.stock.naver.com/domestic/stock/439260/total"" target=""_blank"">Naver</a>"
489790,한화비전,,,,,,annual FS not found,"<a href=""https://m.stock.naver.com/domestic/stock/489790/total"" target=""_blank"">Naver</a>"
031210,서울보증보험,,,,,,annual FS not found,"<a href=""https://m.stock.naver.com/domestic/stock/031210/total"" target=""_blank"">Naver</a>"
462870,시프트업,,,,,,annual FS not found,"<a href=""https://m.stock.naver.com/domestic/stock/462870/total"" target=""_blank"">Naver</a>"
483650,달바글로벌,,,,,,annual FS not found,"<a href=""https://m.stock.naver.com/domestic/stock/483650/total"" target=""_blank"">Naver</a>"
001720,신영증권,,,,,,annual FS not found,"<a href=""https://m.stock.naver.com/domestic/stock/001720/total"" target=""_blank"">Naver</a>"
000155,두산우,,,,,,corp_code not found,"<a href=""https://m.stock.naver.com/domestic/stock/000155/total"" target=""_blank"">Naver</a>"
484870,엠앤씨솔루션,,,,,,annual FS not found,"<a href=""https://m.stock.naver.com/domestic/stock/484870/total"" target=""_blank"">Naver</a>"
610063,메리츠 KIS CD금리투자 ETN,,,,,,corp_code not found,"<a href=""https://m.stock.naver.com/domestic/stock/610063/total"" target=""_blank"">Naver</a>"
051915,LG화학우,,,,,,corp_code not found,"<a href=""https://m.stock.naver.com/domestic/stock/051915/total"" target=""_blank"">Naver</a>"
00680K,미래에셋증권2우B,,,,,,corp_code not found,"<a href=""https://m.stock.naver.com/domestic/stock/00680K/total"" target=""_blank"">Naver</a>"
415640,KB발해인프라,,,,,,annual FS not found,"<a href=""https://m.stock.naver.com/domestic/stock/415640/total"" target=""_blank"">Naver</a>"
000815,삼성화재우,,,,,,corp_code not found,"<a href=""https://m.stock.naver.com/domestic/stock/000815/total"" target=""_blank"">Naver</a>"
700026,하나 CD금리투자 ETN,,,,,,corp_code not found,"<a href=""https://m.stock.naver.com/domestic/stock/700026/total"" target=""_blank"">Naver</a>"
475150,SK이터닉스,,,,,,annual FS not found,"<a href=""https://m.stock.naver.com/domestic/stock/475150/total"" target=""_blank"">Naver</a>"
550082,N2 KIS CD금리투자 ETN,,,,,,corp_code not found,"<a href=""https://m.stock.naver.com/domestic/stock/550082/total"" target=""_blank"">Naver</a>"
00088K,한화3우B,,,,,,corp_code not found,"<a href=""https://m.stock.naver.com/domestic/stock/00088K/total"" target=""_blank"">Naver</a>"
499790,GS피앤엘,,,,,,annual FS not found,"<a href=""https://m.stock.naver.com/domestic/stock/499790/total"" target=""_blank"">Naver</a>"
079900,전진건설로봇,,,,,,annual FS not found,"<a href=""https://m.stock.naver.com/domestic/stock/079900/total"" target=""_blank"">Naver</a>"
760009,키움 CD금리투자 ETN,,,,,,corp_code not found,"<a href=""https://m.stock.naver.com/domestic/stock/760009/total"" target=""_blank"">Naver</a>"
066575,LG전자우,,,,,,corp_code not found,"<a href=""https://m.stock.naver.com/domestic/stock/066575/total"" target=""_blank"">Naver</a>"
530031,삼성 레버리지 WTI원유 선물 ETN,,,,,,corp_code not found,"<a href=""https://m.stock.naver.com/domestic/stock/530031/total"" target=""_blank"">Naver</a>"
580058,KB KIS CD금리투자 ETN,,,,,,corp_code not found,"<a href=""https://m.stock.naver.com/domestic/stock/580058/total"" target=""_blank"">Naver</a>"
00104K,CJ4우(전환),,,,,,corp_code not found,"<a href=""https://m.stock.naver.com/domestic/stock/00104K/total"" target=""_blank"">Naver</a>"
071055,한국금융지주우,,,,,,corp_code not found,"<a href=""https://m.stock.naver.com/domestic/stock/071055/total"" target=""_blank"">Naver</a>"
500019,신한 레버리지 WTI원유 선물 ETN(H),,,,,,corp_code not found,"<a href=""https://m.stock.naver.com/domestic/stock/500019/total"" target=""_blank"">Naver</a>"
003545,대신증권우,,,,,,corp_code not found,"<a href=""https://m.stock.naver.com/domestic/stock/003545/total"" target=""_blank"">Naver</a>"
090435,아모레퍼시픽우,,,,,,corp_code not found,"<a href=""https://m.stock.naver.com/domestic/stock/090435/total"" target=""_blank"">Naver</a>"
094800,맵스리얼티1,,,,,,annual FS not found,"<a href=""https://m.stock.naver.com/domestic/stock/094800/total"" target=""_blank"">Naver</a>"
475560,더본코리아,,,,,,annual FS not found,"<a href=""https://m.stock.naver.com/domestic/stock/475560/total"" target=""_blank"">Naver</a>"
005389,현대차3우B,,,,,,corp_code not found,"<a href=""https://m.stock.naver.com/domestic/stock/005389/total"" target=""_blank"">Naver</a>"
000157,두산2우B,,,,,,corp_code not found,"<a href=""https://m.stock.naver.com/domestic/stock/000157/total"" target=""_blank"">Naver</a>"
570090,한투 KIS CD금리투자 ETN,,,,,,corp_code not found,"<a href=""https://m.stock.naver.com/domestic/stock/570090/total"" target=""_blank"">Naver</a>"
520009,미래에셋 레버리지 원유선물혼합 ETN(H),,,,,,corp_code not found,"<a href=""https://m.stock.naver.com/domestic/stock/520009/total"" target=""_blank"">Naver</a>"
005945,NH투자증권우,,,,,,corp_code not found,"<a href=""https://m.stock.naver.com/domestic/stock/005945/total"" target=""_blank"">Naver</a>"
0030R0,대신밸류리츠,,,,,,annual FS not found,"<a href=""https://m.stock.naver.com/domestic/stock/0030R0/total"" target=""_blank"">Naver</a>"
051905,LG생활건강우,,,,,,corp_code not found,"<a href=""https://m.stock.naver.com/domestic/stock/051905/total"" target=""_blank"">Naver</a>"
530107,삼성 인버스 2X 코스닥150 선물 ETN,,,,,,corp_code not found,"<a href=""https://m.stock.naver.com/domestic/stock/530107/total"" target=""_blank"">Naver</a>"
487570,HS효성,,,,,,annual FS not found,"<a href=""https://m.stock.naver.com/domestic/stock/487570/total"" target=""_blank"">Naver</a>"
570022,한투 레버리지 S&P500 선물 ETN(H),,,,,,corp_code not found,"<a href=""https://m.stock.naver.com/domestic/stock/570022/total"" target=""_blank"">Naver</a>"
006405,삼성SDI우,,,,,,corp_code not found,"<a href=""https://m.stock.naver.com/domestic/stock/006405/total"" target=""_blank"">Naver</a>"
009155,삼성전기우,,,,,,corp_code not found,"<a href=""https://m.stock.naver.com/domestic/stock/009155/total"" target=""_blank"">Naver</a>"
097955,CJ제일제당 우,,,,,,corp_code not found,"<a href=""https://m.stock.naver.com/domestic/stock/097955/total"" target=""_blank"">Naver</a>"
001045,CJ우,,,,,,corp_code not found,"<a href=""https://m.stock.naver.com/domestic/stock/001045/total"" target=""_blank"">Naver</a>"
003555,LG우,,,,,,corp_code not found,"<a href=""https://m.stock.naver.com/domestic/stock/003555/total"" target=""_blank"">Naver</a>"
011785,금호석유화학우,,,,,,corp_code not found,"<a href=""https://m.stock.naver.com/domestic/stock/011785/total"" target=""_blank"">Naver</a>"
500077,신한 인버스0.5X S&P500 VIX S/T선물 ETN,,,,,,corp_code not found,"<a href=""https://m.stock.naver.com/domestic/stock/500077/total"" target=""_blank"">Naver</a>"
003547,대신증권2우B,,,,,,corp_code not found,"<a href=""https://m.stock.naver.com/domestic/stock/003547/total"" target=""_blank"">Naver</a>"
02826K,삼성물산우B,,,,,,corp_code not found,"<a href=""https://m.stock.naver.com/domestic/stock/02826K/total"" target=""_blank"">Naver</a>"
010955,S-Oil우,,,,,,corp_code not found,"<a href=""https://m.stock.naver.com/domestic/stock/010955/total"" target=""_blank"">Naver</a>"
00279K,아모레퍼시픽홀딩스3우C,,,,,,corp_code not found,"<a href=""https://m.stock.naver.com/domestic/stock/00279K/total"" target=""_blank"">Naver</a>"
530111,삼성 레버리지 천연가스 선물 ETN C,,,,,,corp_code not found,"<a href=""https://m.stock.naver.com/domestic/stock/530111/total"" target=""_blank"">Naver</a>"
610061,메리츠 3X 레버리지 국채30년 ETN,,,,,,corp_code not found,"<a href=""https://m.stock.naver.com/domestic/stock/610061/total"" target=""_blank"">Naver</a>"
570019,한투 코스피 양매도 5% OTM ETN,,,,,,corp_code not found,"<a href=""https://m.stock.naver.com/domestic/stock/570019/total"" target=""_blank"">Naver</a>"
500096,신한 인버스2X 천연가스 선물 ETN B,,,,,,corp_code not found,"<a href=""https://m.stock.naver.com/domestic/stock/500096/total"" target=""_blank"">Naver</a>"
500029,신한 레버리지 은 선물 ETN(H),,,,,,corp_code not found,"<a href=""https://m.stock.naver.com/domestic/stock/500029/total"" target=""_blank"">Naver</a>"
570051,한투 나스닥 100 ETN,,,,,,corp_code not found,"<a href=""https://m.stock.naver.com/domestic/stock/570051/total"" target=""_blank"">Naver</a>"
000105,유한양행우,,,,,,corp_code not found,"<a href=""https://m.stock.naver.com/domestic/stock/000105/total"" target=""_blank"">Naver</a>"
006805,미래에셋증권우,,,,,,corp_code not found,"<a href=""https://m.stock.naver.com/domestic/stock/006805/total"" target=""_blank"">Naver</a>"
480370,씨케이솔루션,,,,,,annual FS not found,"<a href=""https://m.stock.naver.com/domestic/stock/480370/total"" target=""_blank"">Naver</a>"
570084,한투 블룸버그 인버스 2X 천연가스선물 ETN,,,,,,corp_code not found,"<a href=""https://m.stock.naver.com/domestic/stock/570084/total"" target=""_blank"">Naver</a>"
700023,하나 Solactive 2X US Tech Top 10 ETN(H),,,,,,corp_code not found,"<a href=""https://m.stock.naver.com/domestic/stock/700023/total"" target=""_blank"">Naver</a>"
550092,N2 월간 레버리지 방위산업 Top5 ETN,,,,,,corp_code not found,"<a href=""https://m.stock.naver.com/domestic/stock/550092/total"" target=""_blank"">Naver</a>"
570050,한투 S&P500 선물 ETN,,,,,,corp_code not found,"<a href=""https://m.stock.naver.com/domestic/stock/570050/total"" target=""_blank"">Naver</a>"
570082,한투 인버스 2X 코스닥150선물 ETN,,,,,,corp_code not found,"<a href=""https://m.stock.naver.com/domestic/stock/570082/total"" target=""_blank"">Naver</a>"
530036,삼성 인버스 2X WTI원유 선물 ETN,,,,,,corp_code not found,"<a href=""https://m.stock.naver.com/domestic/stock/530036/total"" target=""_blank"">Naver</a>"
500095,신한 S&P500 VIX S/T 선물 ETN E,,,,,,corp_code not found,"<a href=""https://m.stock.naver.com/domestic/stock/500095/total"" target=""_blank"">Naver</a>"
550044,N2 레버리지 S&P500 ETN,,,,,,corp_code not found,"<a href=""https://m.stock.naver.com/domestic/stock/550044/total"" target=""_blank"">Naver</a>"
500037,신한 레버리지 금 선물 ETN,,,,,,corp_code not found,"<a href=""https://m.stock.naver.com/domestic/stock/500037/total"" target=""_blank"">Naver</a>"
530136,삼성 인버스 2X 천연가스 선물 ETN D,,,,,,corp_code not found,"<a href=""https://m.stock.naver.com/domestic/stock/530136/total"" target=""_blank"">Naver</a>"
580015,KB 레버리지 나스닥 100 ETN,,,,,,corp_code not found,"<a href=""https://m.stock.naver.com/domestic/stock/580015/total"" target=""_blank"">Naver</a>"
096775,SK이노베이션우,,,,,,corp_code not found,"<a href=""https://m.stock.naver.com/domestic/stock/096775/total"" target=""_blank"">Naver</a>"
03473K,SK우,,,,,,corp_code not found,"<a href=""https://m.stock.naver.com/domestic/stock/03473K/total"" target=""_blank"">Naver</a>"
520057,미래에셋 인버스 2X 코스닥150 선물 ETN,,,,,,corp_code not found,"<a href=""https://m.stock.naver.com/domestic/stock/520057/total"" target=""_blank"">Naver</a>"
500015,신한 WTI원유 선물 ETN(H),,,,,,corp_code not found,"<a href=""https://m.stock.naver.com/domestic/stock/500015/total"" target=""_blank"">Naver</a>"
520054,미래에셋 레버리지 코스피200 선물 ETN,,,,,,corp_code not found,"<a href=""https://m.stock.naver.com/domestic/stock/520054/total"" target=""_blank"">Naver</a>"
500050,신한 레버리지 S&P500 선물 ETN,,,,,,corp_code not found,"<a href=""https://m.stock.naver.com/domestic/stock/500050/total"" target=""_blank"">Naver</a>"
33626K,두산퓨얼셀1우,,,,,,corp_code not found,"<a href=""https://m.stock.naver.com/domestic/stock/33626K/total"" target=""_blank"">Naver</a>"
580016,KB 레버리지 S&P 500 선물 ETN(H),,,,,,corp_code not found,"<a href=""https://m.stock.naver.com/domestic/stock/580016/total"" target=""_blank"">Naver</a>"
078935,GS우,,,,,,corp_code not found,"<a href=""https://m.stock.naver.com/domestic/stock/078935/total"" target=""_blank"">Naver</a>"
003925,남양유업우,,,,,,corp_code not found,"<a href=""https://m.stock.naver.com/domestic/stock/003925/total"" target=""_blank"">Naver</a>"
002795,아모레퍼시픽홀딩스우,,,,,,corp_code not found,"<a href=""https://m.stock.naver.com/domestic/stock/002795/total"" target=""_blank"">Naver</a>"
001275,부국증권우,,,,,,corp_code not found,"<a href=""https://m.stock.naver.com/domestic/stock/001275/total"" target=""_blank"">Naver</a>"
580046,KB 블룸버그 인버스2X 천연가스선물 ETN(H),,,,,,corp_code not found,"<a href=""https://m.stock.naver.com/domestic/stock/580046/total"" target=""_blank"">Naver</a>"
530055,삼성 레버리지 금 선물 ETN(H),,,,,,corp_code not found,"<a href=""https://m.stock.naver.com/domestic/stock/530055/total"" target=""_blank"">Naver</a>"
530019,삼성 미국 대형 성장주 ETN,,,,,,corp_code not found,"<a href=""https://m.stock.naver.com/domestic/stock/530019/total"" target=""_blank"">Naver</a>"
570103,한투 인버스2X 나스닥100 ETN B,,,,,,corp_code not found,"<a href=""https://m.stock.naver.com/domestic/stock/570103/total"" target=""_blank"">Naver</a>"
500071,신한 레버리지 코스닥 150 선물 ETN,,,,,,corp_code not found,"<a href=""https://m.stock.naver.com/domestic/stock/500071/total"" target=""_blank"">Naver</a>"
580010,KB Wise 분할매매 ETN,,,,,,corp_code not found,"<a href=""https://m.stock.naver.com/domestic/stock/580010/total"" target=""_blank"">Naver</a>"
37550L,DL이앤씨2우(전환),,,,,,corp_code not found,"<a href=""https://m.stock.naver.com/domestic/stock/37550L/total"" target=""_blank"">Naver</a>"
610066,메리츠 KAP 통안채 3개월 ETN,,,,,,corp_code not found,"<a href=""https://m.stock.naver.com/domestic/stock/610066/total"" target=""_blank"">Naver</a>"
530061,삼성 레버리지 은 선물 ETN(H),,,,,,corp_code not found,"<a href=""https://m.stock.naver.com/domestic/stock/530061/total"" target=""_blank"">Naver</a>"
481850,신한글로벌액티브리츠,,,,,,annual FS not found,"<a href=""https://m.stock.naver.com/domestic/stock/481850/total"" target=""_blank"">Naver</a>"
120115,코오롱인더우,,,,,,corp_code not found,"<a href=""https://m.stock.naver.com/domestic/stock/120115/total"" target=""_blank"">Naver</a>"
760016,키움 레버리지 조선TOP10 ETN,,,,,,corp_code not found,"<a href=""https://m.stock.naver.com/domestic/stock/760016/total"" target=""_blank"">Naver</a>"
009835,한화솔루션우,,,,,,corp_code not found,"<a href=""https://m.stock.naver.com/domestic/stock/009835/total"" target=""_blank"">Naver</a>"
500082,신한 블룸버그 2X 천연가스 선물 ETN,,,,,,corp_code not found,"<a href=""https://m.stock.naver.com/domestic/stock/500082/total"" target=""_blank"">Naver</a>"
550091,N2 방위산업 Top5 ETN,,,,,,corp_code not found,"<a href=""https://m.stock.naver.com/domestic/stock/550091/total"" target=""_blank"">Naver</a>"
000725,현대건설우,,,,,,corp_code not found,"<a href=""https://m.stock.naver.com/domestic/stock/000725/total"" target=""_blank"">Naver</a>"
760018,키움 미국달러선물 ETN B,,,,,,corp_code not found,"<a href=""https://m.stock.naver.com/domestic/stock/760018/total"" target=""_blank"">Naver</a>"
570059,한투 레버리지 금 선물 ETN,,,,,,corp_code not found,"<a href=""https://m.stock.naver.com/domestic/stock/570059/total"" target=""_blank"">Naver</a>"
520070,미래에셋 0.5X 코스피200 선물 ETN,,,,,,corp_code not found,"<a href=""https://m.stock.naver.com/domestic/stock/520070/total"" target=""_blank"">Naver</a>"
580021,KB 인버스 천연가스 선물 ETN,,,,,,corp_code not found,"<a href=""https://m.stock.naver.com/domestic/stock/580021/total"" target=""_blank"">Naver</a>"
530015,삼성 미국 대형 성장주 ETN(H),,,,,,corp_code not found,"<a href=""https://m.stock.naver.com/domestic/stock/530015/total"" target=""_blank"">Naver</a>"
005305,롯데칠성우,,,,,,corp_code not found,"<a href=""https://m.stock.naver.com/domestic/stock/005305/total"" target=""_blank"">Naver</a>"
28513K,SK케미칼우,,,,,,corp_code not found,"<a href=""https://m.stock.naver.com/domestic/stock/28513K/total"" target=""_blank"">Naver</a>"
530130,삼성 S&P500 VIX S/T 선물 ETN B,,,,,,corp_code not found,"<a href=""https://m.stock.naver.com/domestic/stock/530130/total"" target=""_blank"">Naver</a>"
500072,신한 인버스 2X 코스닥 150 선물 ETN,,,,,,corp_code not found,"<a href=""https://m.stock.naver.com/domestic/stock/500072/total"" target=""_blank"">Naver</a>"
001465,BYC우,,,,,,corp_code not found,"<a href=""https://m.stock.naver.com/domestic/stock/001465/total"" target=""_blank"">Naver</a>"
520056,미래에셋 레버리지 코스닥150 선물 ETN,,,,,,corp_code not found,"<a href=""https://m.stock.naver.com/domestic/stock/520056/total"" target=""_blank"">Naver</a>"
700022,하나 Solactive US Tech Top 10 ETN(H),,,,,,corp_code not found,"<a href=""https://m.stock.naver.com/domestic/stock/700022/total"" target=""_blank"">Naver</a>"
570106,한투 레버리지일본니케이225선물 ETN(H),,,,,,corp_code not found,"<a href=""https://m.stock.naver.com/domestic/stock/570106/total"" target=""_blank"">Naver</a>"
520071,미래에셋 0.5X 코스닥150 선물 ETN,,,,,,corp_code not found,"<a href=""https://m.stock.naver.com/domestic/stock/520071/total"" target=""_blank"">Naver</a>"
520066,미래에셋 KRX금현물 Auto-KO-C 2810-01 ETN,,,,,,corp_code not found,"<a href=""https://m.stock.naver.com/domestic/stock/520066/total"" target=""_blank"">Naver</a>"
610037,메리츠 미국채30년 ETN(H),,,,,,corp_code not found,"<a href=""https://m.stock.naver.com/domestic/stock/610037/total"" target=""_blank"">Naver</a>"
610078,메리츠 3X 레버리지 미국채30년 ETN,,,,,,corp_code not found,"<a href=""https://m.stock.naver.com/domestic/stock/610078/total"" target=""_blank"">Naver</a>"
570116,한투 블룸버그레버리지WTI원유선물 ETN B,,,,,,corp_code not found,"<a href=""https://m.stock.naver.com/domestic/stock/570116/total"" target=""_blank"">Naver</a>"
530067,삼성 KRX 금현물 ETN,,,,,,corp_code not found,"<a href=""https://m.stock.naver.com/domestic/stock/530067/total"" target=""_blank"">Naver</a>"
760007,키움 코스피 200 TR ETN,,,,,,corp_code not found,"<a href=""https://m.stock.naver.com/domestic/stock/760007/total"" target=""_blank"">Naver</a>"
520089,미래에셋 CAPE 실러 US Core Sector ETN,,,,,,corp_code not found,"<a href=""https://m.stock.naver.com/domestic/stock/520089/total"" target=""_blank"">Naver</a>"
530134,삼성 블룸버그 인버스2X WTI원유선물 ETN B,,,,,,corp_code not found,"<a href=""https://m.stock.naver.com/domestic/stock/530134/total"" target=""_blank"">Naver</a>"
530131,삼성 인버스0.5X S&P500 VIX S/T선물 ETN B,,,,,,corp_code not found,"<a href=""https://m.stock.naver.com/domestic/stock/530131/total"" target=""_blank"">Naver</a>"
530020,삼성 미국 대형 가치주 ETN,,,,,,corp_code not found,"<a href=""https://m.stock.naver.com/domestic/stock/530020/total"" target=""_blank"">Naver</a>"
550062,N2 레버리지 금 선물 ETN(H),,,,,,corp_code not found,"<a href=""https://m.stock.naver.com/domestic/stock/550062/total"" target=""_blank"">Naver</a>"
500020,신한 레버리지 다우존스지수 선물 ETN(H),,,,,,corp_code not found,"<a href=""https://m.stock.naver.com/domestic/stock/500020/total"" target=""_blank"">Naver</a>"
610012,메리츠 레버리지 금 선물 ETN(H),,,,,,corp_code not found,"<a href=""https://m.stock.naver.com/domestic/stock/610012/total"" target=""_blank"">Naver</a>"
006125,SK디스커버리우,,,,,,corp_code not found,"<a href=""https://m.stock.naver.com/domestic/stock/006125/total"" target=""_blank"">Naver</a>"
500016,신한 금 선물 ETN(H),,,,,,corp_code not found,"<a href=""https://m.stock.naver.com/domestic/stock/500016/total"" target=""_blank"">Naver</a>"
003465,유화증권우,,,,,,corp_code not found,"<a href=""https://m.stock.naver.com/domestic/stock/003465/total"" target=""_blank"">Naver</a>"
520080,미래에셋 미국 테크&반도체 TOP3 ETN,,,,,,corp_code not found,"<a href=""https://m.stock.naver.com/domestic/stock/520080/total"" target=""_blank"">Naver</a>"
37550K,DL이앤씨우,,,,,,corp_code not found,"<a href=""https://m.stock.naver.com/domestic/stock/37550K/total"" target=""_blank"">Naver</a>"
610007,메리츠 국채30년 ETN,,,,,,corp_code not found,"<a href=""https://m.stock.naver.com/domestic/stock/610007/total"" target=""_blank"">Naver</a>"
520072,미래에셋 미국 AI TOP3 ETN,,,,,,corp_code not found,"<a href=""https://m.stock.naver.com/domestic/stock/520072/total"" target=""_blank"">Naver</a>"
019175,신풍제약우,,,,,,corp_code not found,"<a href=""https://m.stock.naver.com/domestic/stock/019175/total"" target=""_blank"">Naver</a>"
520091,미래에셋 인버스 천연가스 선물 ETN B,,,,,,corp_code not found,"<a href=""https://m.stock.naver.com/domestic/stock/520091/total"" target=""_blank"">Naver</a>"
610038,메리츠 레버리지 미국채30년 ETN(H),,,,,,corp_code not found,"<a href=""https://m.stock.naver.com/domestic/stock/610038/total"" target=""_blank"">Naver</a>"
530115,삼성 레버리지 나스닥 100 ETN,,,,,,corp_code not found,"<a href=""https://m.stock.naver.com/domestic/stock/530115/total"" target=""_blank"">Naver</a>"
003475,유안타증권우,,,,,,corp_code not found,"<a href=""https://m.stock.naver.com/domestic/stock/003475/total"" target=""_blank"">Naver</a>"
520086,미래에셋-0.5X S&P500 VIX S/T선물 ETN(H)B,,,,,,corp_code not found,"<a href=""https://m.stock.naver.com/domestic/stock/520086/total"" target=""_blank"">Naver</a>"
520087,미래에셋 레버리지 KRX 금현물 ETN,,,,,,corp_code not found,"<a href=""https://m.stock.naver.com/domestic/stock/520087/total"" target=""_blank"">Naver</a>"
520077,미래에셋 -1.5X 천연가스 선물 ETN,,,,,,corp_code not found,"<a href=""https://m.stock.naver.com/domestic/stock/520077/total"" target=""_blank"">Naver</a>"
000215,DL우,,,,,,corp_code not found,"<a href=""https://m.stock.naver.com/domestic/stock/000215/total"" target=""_blank"">Naver</a>"
570093,한투 레버리지 천연가스 선물 ETN B,,,,,,corp_code not found,"<a href=""https://m.stock.naver.com/domestic/stock/570093/total"" target=""_blank"">Naver</a>"
520081,미래에셋 2X 미국 테크&반도체 TOP3 ETN,,,,,,corp_code not found,"<a href=""https://m.stock.naver.com/domestic/stock/520081/total"" target=""_blank"">Naver</a>"
580020,KB 천연가스 선물 ETN(H),,,,,,corp_code not found,"<a href=""https://m.stock.naver.com/domestic/stock/580020/total"" target=""_blank"">Naver</a>"
530016,삼성 미국 대형 가치주 ETN(H),,,,,,corp_code not found,"<a href=""https://m.stock.naver.com/domestic/stock/530016/total"" target=""_blank"">Naver</a>"
570029,한투 코스피 양매도 3% OTM ETN,,,,,,corp_code not found,"<a href=""https://m.stock.naver.com/domestic/stock/570029/total"" target=""_blank"">Naver</a>"
500018,신한 구리 선물 ETN(H),,,,,,corp_code not found,"<a href=""https://m.stock.naver.com/domestic/stock/500018/total"" target=""_blank"">Naver</a>"
530113,삼성 레버리지 S&P500 선물 ETN,,,,,,corp_code not found,"<a href=""https://m.stock.naver.com/domestic/stock/530113/total"" target=""_blank"">Naver</a>"
530104,삼성 레버리지 코스피200 선물 ETN,,,,,,corp_code not found,"<a href=""https://m.stock.naver.com/domestic/stock/530104/total"" target=""_blank"">Naver</a>"
520068,미래에셋 2X 홍콩H 선물 ETN,,,,,,corp_code not found,"<a href=""https://m.stock.naver.com/domestic/stock/520068/total"" target=""_blank"">Naver</a>"
500069,신한 레버리지 코스피 200 선물 ETN,,,,,,corp_code not found,"<a href=""https://m.stock.naver.com/domestic/stock/500069/total"" target=""_blank"">Naver</a>"
530116,삼성 인버스 2X 나스닥 100 ETN,,,,,,corp_code not found,"<a href=""https://m.stock.naver.com/domestic/stock/530116/total"" target=""_blank"">Naver</a>"
520074,미래에셋 미국 방위산업 TOP3 ETN,,,,,,corp_code not found,"<a href=""https://m.stock.naver.com/domestic/stock/520074/total"" target=""_blank"">Naver</a>"
500017,신한 은 선물 ETN(H),,,,,,corp_code not found,"<a href=""https://m.stock.naver.com/domestic/stock/500017/total"" target=""_blank"">Naver</a>"
520073,미래에셋 레버리지 미국 AI TOP3 ETN,,,,,,corp_code not found,"<a href=""https://m.stock.naver.com/domestic/stock/520073/total"" target=""_blank"">Naver</a>"
530023,삼성 레버리지 China A50 선물 ETN(H),,,,,,corp_code not found,"<a href=""https://m.stock.naver.com/domestic/stock/530023/total"" target=""_blank"">Naver</a>"
500027,신한 인버스 2X WTI원유 선물 ETN(H),,,,,,corp_code not found,"<a href=""https://m.stock.naver.com/domestic/stock/500027/total"" target=""_blank"">Naver</a>"
520090,미래에셋 천연가스 선물 ETN B,,,,,,corp_code not found,"<a href=""https://m.stock.naver.com/domestic/stock/520090/total"" target=""_blank"">Naver</a>"
530119,삼성 레버리지 항셍테크 ETN(H) B,,,,,,corp_code not found,"<a href=""https://m.stock.naver.com/domestic/stock/530119/total"" target=""_blank"">Naver</a>"
580034,KB 레버리지 FANG 플러스 ETN(H),,,,,,corp_code not found,"<a href=""https://m.stock.naver.com/domestic/stock/580034/total"" target=""_blank"">Naver</a>"
550041,N2 미국 IT TOP5 ETN(H),,,,,,corp_code not found,"<a href=""https://m.stock.naver.com/domestic/stock/550041/total"" target=""_blank"">Naver</a>"
003535,한화투자증권우,,,,,,corp_code not found,"<a href=""https://m.stock.naver.com/domestic/stock/003535/total"" target=""_blank"">Naver</a>"
530014,삼성 China A50 선물 ETN(H),,,,,,corp_code not found,"<a href=""https://m.stock.naver.com/domestic/stock/530014/total"" target=""_blank"">Naver</a>"
700028,하나 레버리지 반도체 ETN,,,,,,corp_code not found,"<a href=""https://m.stock.naver.com/domestic/stock/700028/total"" target=""_blank"">Naver</a>"
550093,N2 전력인프라 Top5 ETN,,,,,,corp_code not found,"<a href=""https://m.stock.naver.com/domestic/stock/550093/total"" target=""_blank"">Naver</a>"
004365,세방우,,,,,,corp_code not found,"<a href=""https://m.stock.naver.com/domestic/stock/004365/total"" target=""_blank"">Naver</a>"
580056,KB 일본 로보틱스 TOP 10 ETN,,,,,,corp_code not found,"<a href=""https://m.stock.naver.com/domestic/stock/580056/total"" target=""_blank"">Naver</a>"
570107,한투 인버스2X일본니케이225선물 ETN(H),,,,,,corp_code not found,"<a href=""https://m.stock.naver.com/domestic/stock/570107/total"" target=""_blank"">Naver</a>"
008775,호텔신라우,,,,,,corp_code not found,"<a href=""https://m.stock.naver.com/domestic/stock/008775/total"" target=""_blank"">Naver</a>"
520088,미래에셋 S&P500 VIX S/T 선물 ETN(H),,,,,,corp_code not found,"<a href=""https://m.stock.naver.com/domestic/stock/520088/total"" target=""_blank"">Naver</a>"
570104,한투 일본니케이225선물 ETN(H),,,,,,corp_code not found,"<a href=""https://m.stock.naver.com/domestic/stock/570104/total"" target=""_blank"">Naver</a>"
610075,메리츠 3X 레버리지 미국채10년 ETN,,,,,,corp_code not found,"<a href=""https://m.stock.naver.com/domestic/stock/610075/total"" target=""_blank"">Naver</a>"
610064,메리츠 KAP 통안채 6개월 ETN,,,,,,corp_code not found,"<a href=""https://m.stock.naver.com/domestic/stock/610064/total"" target=""_blank"">Naver</a>"
520047,미래에셋 인버스 2X 옥수수 선물 ETN,,,,,,corp_code not found,"<a href=""https://m.stock.naver.com/domestic/stock/520047/total"" target=""_blank"">Naver</a>"
520082,미래에셋 미국 자율주행대표기업 ETN,,,,,,corp_code not found,"<a href=""https://m.stock.naver.com/domestic/stock/520082/total"" target=""_blank"">Naver</a>"
33626L,두산퓨얼셀2우B,,,,,,corp_code not found,"<a href=""https://m.stock.naver.com/domestic/stock/33626L/total"" target=""_blank"">Naver</a>"
500035,신한 레버리지 미국달러 선물 ETN,,,,,,corp_code not found,"<a href=""https://m.stock.naver.com/domestic/stock/500035/total"" target=""_blank"">Naver</a>"
570061,한투 레버리지 은 선물 ETN,,,,,,corp_code not found,"<a href=""https://m.stock.naver.com/domestic/stock/570061/total"" target=""_blank"">Naver</a>"
33637K,솔루스첨단소재1우,,,,,,corp_code not found,"<a href=""https://m.stock.naver.com/domestic/stock/33637K/total"" target=""_blank"">Naver</a>"
530140,삼성 iSelect 레버리지 조선 TOP10 TR ETN,,,,,,corp_code not found,"<a href=""https://m.stock.naver.com/domestic/stock/530140/total"" target=""_blank"">Naver</a>"
700020,하나 블룸버그 -2X 천연가스 선물 ETN(H),,,,,,corp_code not found,"<a href=""https://m.stock.naver.com/domestic/stock/700020/total"" target=""_blank"">Naver</a>"
610054,메리츠 블룸버그 -2X 천연가스 선물 ETN(H),,,,,,corp_code not found,"<a href=""https://m.stock.naver.com/domestic/stock/610054/total"" target=""_blank"">Naver</a>"
610069,메리츠 KAP 레버리지 일본 엔화 ETN,,,,,,corp_code not found,"<a href=""https://m.stock.naver.com/domestic/stock/610069/total"" target=""_blank"">Naver</a>"
760005,키움 INDXX 미국테크탑10 ETN,,,,,,corp_code not found,"<a href=""https://m.stock.naver.com/domestic/stock/760005/total"" target=""_blank"">Naver</a>"
530118,삼성 코스닥 150 TR ETN,,,,,,corp_code not found,"<a href=""https://m.stock.naver.com/domestic/stock/530118/total"" target=""_blank"">Naver</a>"
520075,미래에셋 레버리지 미국 방위산업 TOP3 ETN,,,,,,corp_code not found,"<a href=""https://m.stock.naver.com/domestic/stock/520075/total"" target=""_blank"">Naver</a>"
510029,대신 S&P 인버스 2X 천연가스 선물 ETN,,,,,,corp_code not found,"<a href=""https://m.stock.naver.com/domestic/stock/510029/total"" target=""_blank"">Naver</a>"
700017,하나 레버리지 코스닥150 선물 ETN,,,,,,corp_code not found,"<a href=""https://m.stock.naver.com/domestic/stock/700017/total"" target=""_blank"">Naver</a>"
610008,메리츠 레버리지 국채30년 ETN,,,,,,corp_code not found,"<a href=""https://m.stock.naver.com/domestic/stock/610008/total"" target=""_blank"">Naver</a>"
610036,메리츠 인버스 2X 대표 농산물 선물 ETN(H),,,,,,corp_code not found,"<a href=""https://m.stock.naver.com/domestic/stock/610036/total"" target=""_blank"">Naver</a>"
700012,하나 인버스 2X 옥수수 선물 ETN(H),,,,,,corp_code not found,"<a href=""https://m.stock.naver.com/domestic/stock/700012/total"" target=""_blank"">Naver</a>"
570081,한투 레버리지 코스닥150선물 ETN,,,,,,corp_code not found,"<a href=""https://m.stock.naver.com/domestic/stock/570081/total"" target=""_blank"">Naver</a>"
520065,미래에셋 -2X 미국채울트라30년 선물 ETN,,,,,,corp_code not found,"<a href=""https://m.stock.naver.com/domestic/stock/520065/total"" target=""_blank"">Naver</a>"
530106,삼성 레버리지 코스닥150 선물 ETN,,,,,,corp_code not found,"<a href=""https://m.stock.naver.com/domestic/stock/530106/total"" target=""_blank"">Naver</a>"
580057,KB 일본 컨슈머 TOP 10 ETN,,,,,,corp_code not found,"<a href=""https://m.stock.naver.com/domestic/stock/580057/total"" target=""_blank"">Naver</a>"
003495,대한항공우,,,,,,corp_code not found,"<a href=""https://m.stock.naver.com/domestic/stock/003495/total"" target=""_blank"">Naver</a>"
570069,한투 레버리지 플래티넘 선물 ETN,,,,,,corp_code not found,"<a href=""https://m.stock.naver.com/domestic/stock/570069/total"" target=""_blank"">Naver</a>"
550089,N2 월간 레버리지 코스피 200 선물 ETN,,,,,,corp_code not found,"<a href=""https://m.stock.naver.com/domestic/stock/550089/total"" target=""_blank"">Naver</a>"
520078,미래에셋 미국 제약 TOP3 ETN,,,,,,corp_code not found,"<a href=""https://m.stock.naver.com/domestic/stock/520078/total"" target=""_blank"">Naver</a>"
610088,메리츠 솔랙티브 2X WTI원유 선물 ETN(H),,,,,,corp_code not found,"<a href=""https://m.stock.naver.com/domestic/stock/610088/total"" target=""_blank"">Naver</a>"
500093,신한 블룸버그 레버리지 WTI원유선물 ETN B,,,,,,corp_code not found,"<a href=""https://m.stock.naver.com/domestic/stock/500093/total"" target=""_blank"">Naver</a>"
550084,N2 코스피 200 TR ETN,,,,,,corp_code not found,"<a href=""https://m.stock.naver.com/domestic/stock/550084/total"" target=""_blank"">Naver</a>"
580068,KB S&P 레버리지 WTI원유 선물 ETN B,,,,,,corp_code not found,"<a href=""https://m.stock.naver.com/domestic/stock/580068/total"" target=""_blank"">Naver</a>"
700029,하나 S&P 레버리지 WTI원유 선물 ETN B,,,,,,corp_code not found,"<a href=""https://m.stock.naver.com/domestic/stock/700029/total"" target=""_blank"">Naver</a>"
530133,삼성 블룸버그 레버리지 WTI원유선물 ETN B,,,,,,corp_code not found,"<a href=""https://m.stock.naver.com/domestic/stock/530133/total"" target=""_blank"">Naver</a>"
570105,한투 인버스일본니케이225선물 ETN(H),,,,,,corp_code not found,"<a href=""https://m.stock.naver.com/domestic/stock/570105/total"" target=""_blank"">Naver</a>"
570117,한투 블룸버그인버스2XWTI원유선물 ETN B,,,,,,corp_code not found,"<a href=""https://m.stock.naver.com/domestic/stock/570117/total"" target=""_blank"">Naver</a>"
610016,메리츠 레버리지 은 선물 ETN(H),,,,,,corp_code not found,"<a href=""https://m.stock.naver.com/domestic/stock/610016/total"" target=""_blank"">Naver</a>"
550064,N2 레버리지 은 선물 ETN(H),,,,,,corp_code not found,"<a href=""https://m.stock.naver.com/domestic/stock/550064/total"" target=""_blank"">Naver</a>"
520076,미래에셋 1.5X 천연가스 선물 ETN,,,,,,corp_code not found,"<a href=""https://m.stock.naver.com/domestic/stock/520076/total"" target=""_blank"">Naver</a>"
610022,메리츠 미국채10년 ETN(H),,,,,,corp_code not found,"<a href=""https://m.stock.naver.com/domestic/stock/610022/total"" target=""_blank"">Naver</a>"
019685,대교우B,,,,,,corp_code not found,"<a href=""https://m.stock.naver.com/domestic/stock/019685/total"" target=""_blank"">Naver</a>"
530126,삼성 코리아 밸류업 TR ETN,,,,,,corp_code not found,"<a href=""https://m.stock.naver.com/domestic/stock/530126/total"" target=""_blank"">Naver</a>"
610001,메리츠 인플레이션 국채 ETN,,,,,,corp_code not found,"<a href=""https://m.stock.naver.com/domestic/stock/610001/total"" target=""_blank"">Naver</a>"
00499K,롯데지주우,,,,,,corp_code not found,"<a href=""https://m.stock.naver.com/domestic/stock/00499K/total"" target=""_blank"">Naver</a>"
570102,한투 레버리지 나스닥100 ETN B,,,,,,corp_code not found,"<a href=""https://m.stock.naver.com/domestic/stock/570102/total"" target=""_blank"">Naver</a>"
610085,메리츠 레버리지 미국채30년 스트립 ETN(H),,,,,,corp_code not found,"<a href=""https://m.stock.naver.com/domestic/stock/610085/total"" target=""_blank"">Naver</a>"
002025,코오롱우,,,,,,corp_code not found,"<a href=""https://m.stock.naver.com/domestic/stock/002025/total"" target=""_blank"">Naver</a>"
530064,삼성 인버스 2X 구리 선물 ETN(H),,,,,,corp_code not found,"<a href=""https://m.stock.naver.com/domestic/stock/530064/total"" target=""_blank"">Naver</a>"
580022,KB 레버리지 금 선물 ETN(H),,,,,,corp_code not found,"<a href=""https://m.stock.naver.com/domestic/stock/580022/total"" target=""_blank"">Naver</a>"
005257,녹십자홀딩스2우,,,,,,corp_code not found,"<a href=""https://m.stock.naver.com/domestic/stock/005257/total"" target=""_blank"">Naver</a>"
520050,미래에셋 인버스 2X 원유선물혼합 ETN(H),,,,,,corp_code not found,"<a href=""https://m.stock.naver.com/domestic/stock/520050/total"" target=""_blank"">Naver</a>"
580067,KB 인디아 디지털 Select 5 ETN,,,,,,corp_code not found,"<a href=""https://m.stock.naver.com/domestic/stock/580067/total"" target=""_blank"">Naver</a>"
530105,삼성 인버스 2X 코스피200 선물 ETN,,,,,,corp_code not found,"<a href=""https://m.stock.naver.com/domestic/stock/530105/total"" target=""_blank"">Naver</a>"
550086,N2 미국달러 SOFR금리 플러스 ETN,,,,,,corp_code not found,"<a href=""https://m.stock.naver.com/domestic/stock/550086/total"" target=""_blank"">Naver</a>"
001685,대상우,,,,,,corp_code not found,"<a href=""https://m.stock.naver.com/domestic/stock/001685/total"" target=""_blank"">Naver</a>"
500023,신한 콩 선물 ETN(H),,,,,,corp_code not found,"<a href=""https://m.stock.naver.com/domestic/stock/500023/total"" target=""_blank"">Naver</a>"
610044,메리츠 인버스 천연가스 선물 ETN(H),,,,,,corp_code not found,"<a href=""https://m.stock.naver.com/domestic/stock/610044/total"" target=""_blank"">Naver</a>"
520053,미래에셋 인버스 천연가스 선물 ETN(H),,,,,,corp_code not found,"<a href=""https://m.stock.naver.com/domestic/stock/520053/total"" target=""_blank"">Naver</a>"
570065,한투 레버리지 베트남 VN30 선물 ETN(H),,,,,,corp_code not found,"<a href=""https://m.stock.naver.com/domestic/stock/570065/total"" target=""_blank"">Naver</a>"
570047,한투 FTSE100 ETN,,,,,,corp_code not found,"<a href=""https://m.stock.naver.com/domestic/stock/570047/total"" target=""_blank"">Naver</a>"
760013,키움 레버리지 반도체TOP10 ETN,,,,,,corp_code not found,"<a href=""https://m.stock.naver.com/domestic/stock/760013/total"" target=""_blank"">Naver</a>"
500091,신한 33-12 국고채 플러스 ETN,,,,,,corp_code not found,"<a href=""https://m.stock.naver.com/domestic/stock/500091/total"" target=""_blank"">Naver</a>"
610018,메리츠 국채10년 ETN,,,,,,corp_code not found,"<a href=""https://m.stock.naver.com/domestic/stock/610018/total"" target=""_blank"">Naver</a>"
530124,삼성 레버리지 일본니케이225선물 ETN(H),,,,,,corp_code not found,"<a href=""https://m.stock.naver.com/domestic/stock/530124/total"" target=""_blank"">Naver</a>"
520037,미래에셋 코스피200 선물 ETN,,,,,,corp_code not found,"<a href=""https://m.stock.naver.com/domestic/stock/520037/total"" target=""_blank"">Naver</a>"
500014,신한 인버스 옥수수 선물 ETN(H),,,,,,corp_code not found,"<a href=""https://m.stock.naver.com/domestic/stock/500014/total"" target=""_blank"">Naver</a>"
580048,KB CSI 300 ETN,,,,,,corp_code not found,"<a href=""https://m.stock.naver.com/domestic/stock/580048/total"" target=""_blank"">Naver</a>"
570055,한투 금 선물 ETN,,,,,,corp_code not found,"<a href=""https://m.stock.naver.com/domestic/stock/570055/total"" target=""_blank"">Naver</a>"
500090,신한 2X 26-05 공사채(AAA) ETN,,,,,,corp_code not found,"<a href=""https://m.stock.naver.com/domestic/stock/500090/total"" target=""_blank"">Naver</a>"
500088,신한 2X 26-05 은행채(AAA) ETN,,,,,,corp_code not found,"<a href=""https://m.stock.naver.com/domestic/stock/500088/total"" target=""_blank"">Naver</a>"
500089,신한 26-05 공사채(AAA) ETN,,,,,,corp_code not found,"<a href=""https://m.stock.naver.com/domestic/stock/500089/total"" target=""_blank"">Naver</a>"
500087,신한 26-05 은행채(AAA) ETN,,,,,,corp_code not found,"<a href=""https://m.stock.naver.com/domestic/stock/500087/total"" target=""_blank"">Naver</a>"
580066,KB 인디아 대형 성장주 Select 5 ETN,,,,,,corp_code not found,"<a href=""https://m.stock.naver.com/domestic/stock/580066/total"" target=""_blank"">Naver</a>"
002355,넥센타이어1우B,,,,,,corp_code not found,"<a href=""https://m.stock.naver.com/domestic/stock/002355/total"" target=""_blank"">Naver</a>"
610047,메리츠 인버스 국채3년 ETN,,,,,,corp_code not found,"<a href=""https://m.stock.naver.com/domestic/stock/610047/total"" target=""_blank"">Naver</a>"
580049,KB CSI 500 ETN,,,,,,corp_code not found,"<a href=""https://m.stock.naver.com/domestic/stock/580049/total"" target=""_blank"">Naver</a>"
580052,KB 인버스 2X 밀 선물 ETN,,,,,,corp_code not found,"<a href=""https://m.stock.naver.com/domestic/stock/580052/total"" target=""_blank"">Naver</a>"
550097,N2 레버리지 코스닥150 선물 ETN,,,,,,corp_code not found,"<a href=""https://m.stock.naver.com/domestic/stock/550097/total"" target=""_blank"">Naver</a>"
580070,KB 레버리지 2차전지 TOP 10 TR ETN,,,,,,corp_code not found,"<a href=""https://m.stock.naver.com/domestic/stock/580070/total"" target=""_blank"">Naver</a>"
530138,삼성 KRX 레버리지 2차전지 TOP10 TR ETN,,,,,,corp_code not found,"<a href=""https://m.stock.naver.com/domestic/stock/530138/total"" target=""_blank"">Naver</a>"
550098,N2 인버스 2X 코스닥150 선물 ETN,,,,,,corp_code not found,"<a href=""https://m.stock.naver.com/domestic/stock/550098/total"" target=""_blank"">Naver</a>"
520083,미래에셋 2X 미국 자율주행대표기업 ETN,,,,,,corp_code not found,"<a href=""https://m.stock.naver.com/domestic/stock/520083/total"" target=""_blank"">Naver</a>"
570114,한투 S&P500 VIX S/T선물 ETN(H) B,,,,,,corp_code not found,"<a href=""https://m.stock.naver.com/domestic/stock/570114/total"" target=""_blank"">Naver</a>"
580039,KB 레버리지 KOSPI 200 선물 ETN,,,,,,corp_code not found,"<a href=""https://m.stock.naver.com/domestic/stock/580039/total"" target=""_blank"">Naver</a>"
580047,KB 레버리지 항셍테크 선물 ETN(H) B,,,,,,corp_code not found,"<a href=""https://m.stock.naver.com/domestic/stock/580047/total"" target=""_blank"">Naver</a>"
550087,N2 선진국 1등주 ETN,,,,,,corp_code not found,"<a href=""https://m.stock.naver.com/domestic/stock/550087/total"" target=""_blank"">Naver</a>"
570054,한투 레버리지 유로스탁스50 ETN(H) B,,,,,,corp_code not found,"<a href=""https://m.stock.naver.com/domestic/stock/570054/total"" target=""_blank"">Naver</a>"
760004,키움 인버스 미국달러선물 ETN,,,,,,corp_code not found,"<a href=""https://m.stock.naver.com/domestic/stock/760004/total"" target=""_blank"">Naver</a>"
550085,N2 코스닥 150 TR ETN,,,,,,corp_code not found,"<a href=""https://m.stock.naver.com/domestic/stock/550085/total"" target=""_blank"">Naver</a>"
530129,삼성 인버스 2X 미국다우존스 선물 ETN,,,,,,corp_code not found,"<a href=""https://m.stock.naver.com/domestic/stock/530129/total"" target=""_blank"">Naver</a>"
108675,LX하우시스우,,,,,,corp_code not found,"<a href=""https://m.stock.naver.com/domestic/stock/108675/total"" target=""_blank"">Naver</a>"
520039,미래에셋 코스닥150 선물 ETN,,,,,,corp_code not found,"<a href=""https://m.stock.naver.com/domestic/stock/520039/total"" target=""_blank"">Naver</a>"
530128,삼성 레버리지 미국다우존스 선물 ETN,,,,,,corp_code not found,"<a href=""https://m.stock.naver.com/domestic/stock/530128/total"" target=""_blank"">Naver</a>"
760008,키움 코스닥 150 TR ETN,,,,,,corp_code not found,"<a href=""https://m.stock.naver.com/domestic/stock/760008/total"" target=""_blank"">Naver</a>"
700013,하나 레버리지 콩 선물 ETN(H),,,,,,corp_code not found,"<a href=""https://m.stock.naver.com/domestic/stock/700013/total"" target=""_blank"">Naver</a>"
610003,메리츠 미국 인플레이션 국채 ETN(H),,,,,,corp_code not found,"<a href=""https://m.stock.naver.com/domestic/stock/610003/total"" target=""_blank"">Naver</a>"
18064K,한진칼우,,,,,,corp_code not found,"<a href=""https://m.stock.naver.com/domestic/stock/18064K/total"" target=""_blank"">Naver</a>"
007815,코리아써우,,,,,,corp_code not found,"<a href=""https://m.stock.naver.com/domestic/stock/007815/total"" target=""_blank"">Naver</a>"
500040,신한 레버리지 구리 선물 ETN,,,,,,corp_code not found,"<a href=""https://m.stock.naver.com/domestic/stock/500040/total"" target=""_blank"">Naver</a>"
35320K,대덕전자1우,,,,,,corp_code not found,"<a href=""https://m.stock.naver.com/domestic/stock/35320K/total"" target=""_blank"">Naver</a>"
520038,미래에셋 인버스 코스피200 선물 ETN,,,,,,corp_code not found,"<a href=""https://m.stock.naver.com/domestic/stock/520038/total"" target=""_blank"">Naver</a>"
000087,하이트진로2우B,,,,,,corp_code not found,"<a href=""https://m.stock.naver.com/domestic/stock/000087/total"" target=""_blank"">Naver</a>"
500061,신한 인버스 코스피 200 선물 ETN,,,,,,corp_code not found,"<a href=""https://m.stock.naver.com/domestic/stock/500061/total"" target=""_blank"">Naver</a>"
152550,한국ANKOR유전,,,,,,annual FS not found,"<a href=""https://m.stock.naver.com/domestic/stock/152550/total"" target=""_blank"">Naver</a>"
530083,삼성 금 선물 ETN(H),,,,,,corp_code not found,"<a href=""https://m.stock.naver.com/domestic/stock/530083/total"" target=""_blank"">Naver</a>"
580054,KB 인버스 2X 콩 선물 ETN,,,,,,corp_code not found,"<a href=""https://m.stock.naver.com/domestic/stock/580054/total"" target=""_blank"">Naver</a>"
570115,한투 인버스0.5X S&P500 VIX S/T선물 ETN B,,,,,,corp_code not found,"<a href=""https://m.stock.naver.com/domestic/stock/570115/total"" target=""_blank"">Naver</a>"
550088,N2 월간 레버리지 선진국 1등주 ETN,,,,,,corp_code not found,"<a href=""https://m.stock.naver.com/domestic/stock/550088/total"" target=""_blank"">Naver</a>"
610040,메리츠 인버스 2X 미국채30년 ETN(H),,,,,,corp_code not found,"<a href=""https://m.stock.naver.com/domestic/stock/610040/total"" target=""_blank"">Naver</a>"
500024,신한 인버스 콩 선물 ETN(H),,,,,,corp_code not found,"<a href=""https://m.stock.naver.com/domestic/stock/500024/total"" target=""_blank"">Naver</a>"
510027,대신 인버스 2X 코스닥 150 선물 ETN,,,,,,corp_code not found,"<a href=""https://m.stock.naver.com/domestic/stock/510027/total"" target=""_blank"">Naver</a>"
580044,KB 인버스 2X KOSDAQ 150 선물 ETN,,,,,,corp_code not found,"<a href=""https://m.stock.naver.com/domestic/stock/580044/total"" target=""_blank"">Naver</a>"
570072,한투 레버리지 구리 선물 ETN,,,,,,corp_code not found,"<a href=""https://m.stock.naver.com/domestic/stock/570072/total"" target=""_blank"">Naver</a>"
500063,신한 인버스 코스닥 150 선물 ETN,,,,,,corp_code not found,"<a href=""https://m.stock.naver.com/domestic/stock/500063/total"" target=""_blank"">Naver</a>"
530112,삼성 S&P500 ETN,,,,,,corp_code not found,"<a href=""https://m.stock.naver.com/domestic/stock/530112/total"" target=""_blank"">Naver</a>"
520040,미래에셋 인버스 코스닥150 선물 ETN,,,,,,corp_code not found,"<a href=""https://m.stock.naver.com/domestic/stock/520040/total"" target=""_blank"">Naver</a>"
005725,넥센우,,,,,,corp_code not found,"<a href=""https://m.stock.naver.com/domestic/stock/005725/total"" target=""_blank"">Naver</a>"
760017,키움 조선TOP10 ETN,,,,,,corp_code not found,"<a href=""https://m.stock.naver.com/domestic/stock/760017/total"" target=""_blank"">Naver</a>"
570057,한투 은 선물 ETN,,,,,,corp_code not found,"<a href=""https://m.stock.naver.com/domestic/stock/570057/total"" target=""_blank"">Naver</a>"
610025,메리츠 인버스 2X 미국채10년 ETN(H),,,,,,corp_code not found,"<a href=""https://m.stock.naver.com/domestic/stock/610025/total"" target=""_blank"">Naver</a>"
001795,대한제당우,,,,,,corp_code not found,"<a href=""https://m.stock.naver.com/domestic/stock/001795/total"" target=""_blank"">Naver</a>"
520055,미래에셋 인버스 2X 코스피200 선물 ETN,,,,,,corp_code not found,"<a href=""https://m.stock.naver.com/domestic/stock/520055/total"" target=""_blank"">Naver</a>"
700014,하나 인버스 2X 콩 선물 ETN(H),,,,,,corp_code not found,"<a href=""https://m.stock.naver.com/domestic/stock/700014/total"" target=""_blank"">Naver</a>"
33637L,솔루스첨단소재2우B,,,,,,corp_code not found,"<a href=""https://m.stock.naver.com/domestic/stock/33637L/total"" target=""_blank"">Naver</a>"
500013,신한 옥수수 선물 ETN(H),,,,,,corp_code not found,"<a href=""https://m.stock.naver.com/domestic/stock/500013/total"" target=""_blank"">Naver</a>"
530125,삼성 인버스 2X 일본니케이225선물 ETN(H),,,,,,corp_code not found,"<a href=""https://m.stock.naver.com/domestic/stock/530125/total"" target=""_blank"">Naver</a>"
530121,삼성 항셍테크 ETN(H) B,,,,,,corp_code not found,"<a href=""https://m.stock.naver.com/domestic/stock/530121/total"" target=""_blank"">Naver</a>"
530089,삼성 은 선물 ETN(H),,,,,,corp_code not found,"<a href=""https://m.stock.naver.com/domestic/stock/530089/total"" target=""_blank"">Naver</a>"
570100,한투 일본종합상사TOP5 ETN,,,,,,corp_code not found,"<a href=""https://m.stock.naver.com/domestic/stock/570100/total"" target=""_blank"">Naver</a>"
610039,메리츠 인버스 미국채30년 ETN(H),,,,,,corp_code not found,"<a href=""https://m.stock.naver.com/domestic/stock/610039/total"" target=""_blank"">Naver</a>"
570073,한투 인버스 2X 구리 선물 ETN,,,,,,corp_code not found,"<a href=""https://m.stock.naver.com/domestic/stock/570073/total"" target=""_blank"">Naver</a>"
610028,메리츠 레버리지 구리 선물 ETN(H),,,,,,corp_code not found,"<a href=""https://m.stock.naver.com/domestic/stock/610028/total"" target=""_blank"">Naver</a>"
530056,삼성 인버스 2X 금 선물 ETN(H),,,,,,corp_code not found,"<a href=""https://m.stock.naver.com/domestic/stock/530056/total"" target=""_blank"">Naver</a>"
520064,미래에셋 2X 미국채울트라30년 선물 ETN,,,,,,corp_code not found,"<a href=""https://m.stock.naver.com/domestic/stock/520064/total"" target=""_blank"">Naver</a>"
550069,N2 레버리지 구리 선물 ETN(H),,,,,,corp_code not found,"<a href=""https://m.stock.naver.com/domestic/stock/550069/total"" target=""_blank"">Naver</a>"
610089,메리츠 솔랙티브 -2X WTI원유 선물 ETN(H),,,,,,corp_code not found,"<a href=""https://m.stock.naver.com/domestic/stock/610089/total"" target=""_blank"">Naver</a>"
580043,KB 레버리지 KOSDAQ 150 선물 ETN,,,,,,corp_code not found,"<a href=""https://m.stock.naver.com/domestic/stock/580043/total"" target=""_blank"">Naver</a>"
500028,신한 인버스 2X 다우존스지수 선물 ETN(H),,,,,,corp_code not found,"<a href=""https://m.stock.naver.com/domestic/stock/500028/total"" target=""_blank"">Naver</a>"
520084,미래에셋 -2X 미국 자율주행대표기업 ETN,,,,,,corp_code not found,"<a href=""https://m.stock.naver.com/domestic/stock/520084/total"" target=""_blank"">Naver</a>"
530063,삼성 레버리지 구리 선물 ETN(H),,,,,,corp_code not found,"<a href=""https://m.stock.naver.com/domestic/stock/530063/total"" target=""_blank"">Naver</a>"
001067,JW중외제약2우B,,,,,,corp_code not found,"<a href=""https://m.stock.naver.com/domestic/stock/001067/total"" target=""_blank"">Naver</a>"
004255,NPC우,,,,,,corp_code not found,"<a href=""https://m.stock.naver.com/domestic/stock/004255/total"" target=""_blank"">Naver</a>"
610024,메리츠 인버스 미국채10년 ETN(H),,,,,,corp_code not found,"<a href=""https://m.stock.naver.com/domestic/stock/610024/total"" target=""_blank"">Naver</a>"
520079,미래에셋 레버리지 미국 제약 TOP3 ETN,,,,,,corp_code not found,"<a href=""https://m.stock.naver.com/domestic/stock/520079/total"" target=""_blank"">Naver</a>"
500085,신한 코스피 200 TR ETN,,,,,,corp_code not found,"<a href=""https://m.stock.naver.com/domestic/stock/500085/total"" target=""_blank"">Naver</a>"
530117,삼성 코스피 200 TR ETN,,,,,,corp_code not found,"<a href=""https://m.stock.naver.com/domestic/stock/530117/total"" target=""_blank"">Naver</a>"
38380K,LX홀딩스1우,,,,,,corp_code not found,"<a href=""https://m.stock.naver.com/domestic/stock/38380K/total"" target=""_blank"">Naver</a>"
580026,KB 레버리지 은 선물 ETN(H),,,,,,corp_code not found,"<a href=""https://m.stock.naver.com/domestic/stock/580026/total"" target=""_blank"">Naver</a>"
145995,삼양사우,,,,,,corp_code not found,"<a href=""https://m.stock.naver.com/domestic/stock/145995/total"" target=""_blank"">Naver</a>"
580069,KB S&P 인버스 2X WTI원유 선물 ETN B,,,,,,corp_code not found,"<a href=""https://m.stock.naver.com/domestic/stock/580069/total"" target=""_blank"">Naver</a>"
520043,미래에셋 S&P 유럽탄소배출권 선물 ETN,,,,,,corp_code not found,"<a href=""https://m.stock.naver.com/domestic/stock/520043/total"" target=""_blank"">Naver</a>"
500094,신한 블룸버그 인버스2X WTI원유선물 ETN B,,,,,,corp_code not found,"<a href=""https://m.stock.naver.com/domestic/stock/500094/total"" target=""_blank"">Naver</a>"
570099,한투 S&P 인버스 2X 엔달러 선물 ETN(H),,,,,,corp_code not found,"<a href=""https://m.stock.naver.com/domestic/stock/570099/total"" target=""_blank"">Naver</a>"
700030,하나 S&P 인버스 2X WTI원유 선물 ETN B,,,,,,corp_code not found,"<a href=""https://m.stock.naver.com/domestic/stock/700030/total"" target=""_blank"">Naver</a>"
530120,삼성 나스닥 100 ETN,,,,,,corp_code not found,"<a href=""https://m.stock.naver.com/domestic/stock/530120/total"" target=""_blank"">Naver</a>"
000075,삼양홀딩스우,,,,,,corp_code not found,"<a href=""https://m.stock.naver.com/domestic/stock/000075/total"" target=""_blank"">Naver</a>"
570052,한투 플래티넘 선물 ETN,,,,,,corp_code not found,"<a href=""https://m.stock.naver.com/domestic/stock/570052/total"" target=""_blank"">Naver</a>"
610081,메리츠 레버리지 멕시코 페소화 ETN,,,,,,corp_code not found,"<a href=""https://m.stock.naver.com/domestic/stock/610081/total"" target=""_blank"">Naver</a>"
570071,한투 구리 선물 ETN,,,,,,corp_code not found,"<a href=""https://m.stock.naver.com/domestic/stock/570071/total"" target=""_blank"">Naver</a>"
500056,신한 레버리지 Russell 2000 ETN,,,,,,corp_code not found,"<a href=""https://m.stock.naver.com/domestic/stock/500056/total"" target=""_blank"">Naver</a>"
530139,삼성 iSelect 조선 TOP10 TR ETN,,,,,,corp_code not found,"<a href=""https://m.stock.naver.com/domestic/stock/530139/total"" target=""_blank"">Naver</a>"
520061,미래에셋 인도네시아 Top5 ETN,,,,,,corp_code not found,"<a href=""https://m.stock.naver.com/domestic/stock/520061/total"" target=""_blank"">Naver</a>"
570063,한투 베트남 VN30 선물 ETN(H),,,,,,corp_code not found,"<a href=""https://m.stock.naver.com/domestic/stock/570063/total"" target=""_blank"">Naver</a>"
520085,미래에셋 -2X 미국 AI TOP3 ETN,,,,,,corp_code not found,"<a href=""https://m.stock.naver.com/domestic/stock/520085/total"" target=""_blank"">Naver</a>"
510016,대신 천연가스 선물 ETN(H),,,,,,corp_code not found,"<a href=""https://m.stock.naver.com/domestic/stock/510016/total"" target=""_blank"">Naver</a>"
550074,N2 블룸버그 2X 천연가스 선물 ETN(H),,,,,,corp_code not found,"<a href=""https://m.stock.naver.com/domestic/stock/550074/total"" target=""_blank"">Naver</a>"
084695,대상홀딩스우,,,,,,corp_code not found,"<a href=""https://m.stock.naver.com/domestic/stock/084695/total"" target=""_blank"">Naver</a>"
610072,메리츠 KAP 레버리지 중국 위안화 ETN,,,,,,corp_code not found,"<a href=""https://m.stock.naver.com/domestic/stock/610072/total"" target=""_blank"">Naver</a>"
530114,삼성 인버스 2X S&P500 선물 ETN,,,,,,corp_code not found,"<a href=""https://m.stock.naver.com/domestic/stock/530114/total"" target=""_blank"">Naver</a>"
610059,메리츠 3X 레버리지 국채10년 ETN,,,,,,corp_code not found,"<a href=""https://m.stock.naver.com/domestic/stock/610059/total"" target=""_blank"">Naver</a>"
610049,메리츠 국채5년 ETN,,,,,,corp_code not found,"<a href=""https://m.stock.naver.com/domestic/stock/610049/total"" target=""_blank"">Naver</a>"
610029,메리츠 인버스 2X 구리 선물 ETN(H),,,,,,corp_code not found,"<a href=""https://m.stock.naver.com/domestic/stock/610029/total"" target=""_blank"">Naver</a>"
610057,메리츠 3X 레버리지 국채5년 ETN,,,,,,corp_code not found,"<a href=""https://m.stock.naver.com/domestic/stock/610057/total"" target=""_blank"">Naver</a>"
610009,메리츠 인버스 국채30년 ETN,,,,,,corp_code not found,"<a href=""https://m.stock.naver.com/domestic/stock/610009/total"" target=""_blank"">Naver</a>"
570085,한투 블룸버그 인도네시아 대표원자재 ETN,,,,,,corp_code not found,"<a href=""https://m.stock.naver.com/domestic/stock/570085/total"" target=""_blank"">Naver</a>"
610087,메리츠 솔랙티브 WTI원유 선물 ETN(H),,,,,,corp_code not found,"<a href=""https://m.stock.naver.com/domestic/stock/610087/total"" target=""_blank"">Naver</a>"
550070,N2 인버스 레버리지 구리 선물 ETN(H),,,,,,corp_code not found,"<a href=""https://m.stock.naver.com/domestic/stock/550070/total"" target=""_blank"">Naver</a>"
530132,삼성 블룸버그 WTI원유 선물 ETN B,,,,,,corp_code not found,"<a href=""https://m.stock.naver.com/domestic/stock/530132/total"" target=""_blank"">Naver</a>"
610067,메리츠 블룸버그 2X 천연가스선물 ETN(H) B,,,,,,corp_code not found,"<a href=""https://m.stock.naver.com/domestic/stock/610067/total"" target=""_blank"">Naver</a>"
610080,메리츠 멕시코 페소화 ETN,,,,,,corp_code not found,"<a href=""https://m.stock.naver.com/domestic/stock/610080/total"" target=""_blank"">Naver</a>"
500080,신한 S&P 레버리지 유로 선물 ETN(H),,,,,,corp_code not found,"<a href=""https://m.stock.naver.com/domestic/stock/500080/total"" target=""_blank"">Naver</a>"
610055,메리츠 3X 레버리지 국채3년 ETN,,,,,,corp_code not found,"<a href=""https://m.stock.naver.com/domestic/stock/610055/total"" target=""_blank"">Naver</a>"
700027,하나 반도체 ETN,,,,,,corp_code not found,"<a href=""https://m.stock.naver.com/domestic/stock/700027/total"" target=""_blank"">Naver</a>"
610045,메리츠 국채3년 ETN,,,,,,corp_code not found,"<a href=""https://m.stock.naver.com/domestic/stock/610045/total"" target=""_blank"">Naver</a>"
610071,메리츠 KAP 중국 위안화 ETN,,,,,,corp_code not found,"<a href=""https://m.stock.naver.com/domestic/stock/610071/total"" target=""_blank"">Naver</a>"
500078,신한 S&P 유로 선물 ETN(H),,,,,,corp_code not found,"<a href=""https://m.stock.naver.com/domestic/stock/500078/total"" target=""_blank"">Naver</a>"
760006,키움 KPOP ETN,,,,,,corp_code not found,"<a href=""https://m.stock.naver.com/domestic/stock/760006/total"" target=""_blank"">Naver</a>"
510015,대신 밀 선물 ETN(H),,,,,,corp_code not found,"<a href=""https://m.stock.naver.com/domestic/stock/510015/total"" target=""_blank"">Naver</a>"
004835,덕성우,,,,,,corp_code not found,"<a href=""https://m.stock.naver.com/domestic/stock/004835/total"" target=""_blank"">Naver</a>"
570074,한투 S&P 유럽탄소배출권 선물 ETN(H),,,,,,corp_code not found,"<a href=""https://m.stock.naver.com/domestic/stock/570074/total"" target=""_blank"">Naver</a>"
610074,메리츠 미국채10년 ETN,,,,,,corp_code not found,"<a href=""https://m.stock.naver.com/domestic/stock/610074/total"" target=""_blank"">Naver</a>"
550096,N2 레버리지 국채30년 ETN,,,,,,corp_code not found,"<a href=""https://m.stock.naver.com/domestic/stock/550096/total"" target=""_blank"">Naver</a>"
610030,메리츠 S&P 유럽탄소배출권 선물 ETN(H),,,,,,corp_code not found,"<a href=""https://m.stock.naver.com/domestic/stock/610030/total"" target=""_blank"">Naver</a>"
003075,코오롱글로벌우,,,,,,corp_code not found,"<a href=""https://m.stock.naver.com/domestic/stock/003075/total"" target=""_blank"">Naver</a>"
570108,한투 레버리지국채30년 ETN,,,,,,corp_code not found,"<a href=""https://m.stock.naver.com/domestic/stock/570108/total"" target=""_blank"">Naver</a>"
580019,KB 인버스 2X 항셍테크 선물 ETN,,,,,,corp_code not found,"<a href=""https://m.stock.naver.com/domestic/stock/580019/total"" target=""_blank"">Naver</a>"
000225,유유제약1우,,,,,,corp_code not found,"<a href=""https://m.stock.naver.com/domestic/stock/000225/total"" target=""_blank"">Naver</a>"
610020,메리츠 인버스 국채10년 ETN,,,,,,corp_code not found,"<a href=""https://m.stock.naver.com/domestic/stock/610020/total"" target=""_blank"">Naver</a>"
530123,삼성 일본니케이225선물 ETN(H),,,,,,corp_code not found,"<a href=""https://m.stock.naver.com/domestic/stock/530123/total"" target=""_blank"">Naver</a>"
500079,신한 S&P 인버스 유로 선물 ETN(H),,,,,,corp_code not found,"<a href=""https://m.stock.naver.com/domestic/stock/500079/total"" target=""_blank"">Naver</a>"
580059,KB 미국채 10년 ETN,,,,,,corp_code not found,"<a href=""https://m.stock.naver.com/domestic/stock/580059/total"" target=""_blank"">Naver</a>"
004105,태양금속우,,,,,,corp_code not found,"<a href=""https://m.stock.naver.com/domestic/stock/004105/total"" target=""_blank"">Naver</a>"
570092,한투 인버스 2X 유로스탁스50 ETN(H) B,,,,,,corp_code not found,"<a href=""https://m.stock.naver.com/domestic/stock/570092/total"" target=""_blank"">Naver</a>"
570096,한투 인버스 2X 일본 엔선물 ETN,,,,,,corp_code not found,"<a href=""https://m.stock.naver.com/domestic/stock/570096/total"" target=""_blank"">Naver</a>"
550095,N2 레버리지 국채10년 ETN,,,,,,corp_code not found,"<a href=""https://m.stock.naver.com/domestic/stock/550095/total"" target=""_blank"">Naver</a>"
610086,메리츠 인버스2X 미국채30년 스트립 ETN(H),,,,,,corp_code not found,"<a href=""https://m.stock.naver.com/domestic/stock/610086/total"" target=""_blank"">Naver</a>"
610077,메리츠 미국채30년 ETN,,,,,,corp_code not found,"<a href=""https://m.stock.naver.com/domestic/stock/610077/total"" target=""_blank"">Naver</a>"
610082,메리츠 인도 루피화 ETN,,,,,,corp_code not found,"<a href=""https://m.stock.naver.com/domestic/stock/610082/total"" target=""_blank"">Naver</a>"
530095,삼성 구리 선물 ETN(H),,,,,,corp_code not found,"<a href=""https://m.stock.naver.com/domestic/stock/530095/total"" target=""_blank"">Naver</a>"
520046,미래에셋 레버리지 옥수수 선물 ETN,,,,,,corp_code not found,"<a href=""https://m.stock.naver.com/domestic/stock/520046/total"" target=""_blank"">Naver</a>"
610068,메리츠 KAP 일본 엔화 ETN,,,,,,corp_code not found,"<a href=""https://m.stock.naver.com/domestic/stock/610068/total"" target=""_blank"">Naver</a>"
610070,메리츠 KAP 인버스 2X 일본 엔화 ETN,,,,,,corp_code not found,"<a href=""https://m.stock.naver.com/domestic/stock/610070/total"" target=""_blank"">Naver</a>"
00806K,대덕1우,,,,,,corp_code not found,"<a href=""https://m.stock.naver.com/domestic/stock/00806K/total"" target=""_blank"">Naver</a>"
610083,메리츠 레버리지 인도 루피화 ETN,,,,,,corp_code not found,"<a href=""https://m.stock.naver.com/domestic/stock/610083/total"" target=""_blank"">Naver</a>"
580051,KB 레버리지 밀 선물 ETN,,,,,,corp_code not found,"<a href=""https://m.stock.naver.com/domestic/stock/580051/total"" target=""_blank"">Naver</a>"
580060,KB 레버리지 미국채 10년 ETN,,,,,,corp_code not found,"<a href=""https://m.stock.naver.com/domestic/stock/580060/total"" target=""_blank"">Naver</a>"
001065,JW중외제약우,,,,,,corp_code not found,"<a href=""https://m.stock.naver.com/domestic/stock/001065/total"" target=""_blank"">Naver</a>"
520052,미래에셋 천연가스 선물 ETN(H),,,,,,corp_code not found,"<a href=""https://m.stock.naver.com/domestic/stock/520052/total"" target=""_blank"">Naver</a>"
500081,신한 S&P 인버스 2X 유로 선물 ETN(H),,,,,,corp_code not found,"<a href=""https://m.stock.naver.com/domestic/stock/500081/total"" target=""_blank"">Naver</a>"
45014K,코오롱모빌리티그룹우,,,,,,corp_code not found,"<a href=""https://m.stock.naver.com/domestic/stock/45014K/total"" target=""_blank"">Naver</a>"
530137,삼성 KRX 2차전지 TOP10 TR ETN,,,,,,corp_code not found,"<a href=""https://m.stock.naver.com/domestic/stock/530137/total"" target=""_blank"">Naver</a>"
760019,키움 리츠부동산인프라 ETN,,,,,,corp_code not found,"<a href=""https://m.stock.naver.com/domestic/stock/760019/total"" target=""_blank"">Naver</a>"
760015,키움 레버리지 바이오TOP10 ETN,,,,,,corp_code not found,"<a href=""https://m.stock.naver.com/domestic/stock/760015/total"" target=""_blank"">Naver</a>"
500086,신한 코스닥 150 TR ETN,,,,,,corp_code not found,"<a href=""https://m.stock.naver.com/domestic/stock/500086/total"" target=""_blank"">Naver</a>"
580063,KB 레버리지 미국채 10년 선물 ETN,,,,,,corp_code not found,"<a href=""https://m.stock.naver.com/domestic/stock/580063/total"" target=""_blank"">Naver</a>"
610051,메리츠 인버스 국채5년 ETN,,,,,,corp_code not found,"<a href=""https://m.stock.naver.com/domestic/stock/610051/total"" target=""_blank"">Naver</a>"
610079,메리츠 인버스 3X 미국채30년 ETN,,,,,,corp_code not found,"<a href=""https://m.stock.naver.com/domestic/stock/610079/total"" target=""_blank"">Naver</a>"
760020,키움 레버리지 리츠부동산인프라 ETN,,,,,,corp_code not found,"<a href=""https://m.stock.naver.com/domestic/stock/760020/total"" target=""_blank"">Naver</a>"
610091,메리츠 3X 레버리지 일본 국채 10년 ETN,,,,,,corp_code not found,"<a href=""https://m.stock.naver.com/domestic/stock/610091/total"" target=""_blank"">Naver</a>"
580065,KB 코스닥 150 TR ETN,,,,,,corp_code not found,"<a href=""https://m.stock.naver.com/domestic/stock/580065/total"" target=""_blank"">Naver</a>"
580064,KB 인버스 2X 미국채 10년 선물 ETN,,,,,,corp_code not found,"<a href=""https://m.stock.naver.com/domestic/stock/580064/total"" target=""_blank"">Naver</a>"
530127,삼성 미국다우존스 ETN,,,,,,corp_code not found,"<a href=""https://m.stock.naver.com/domestic/stock/530127/total"" target=""_blank"">Naver</a>"
610090,메리츠 일본 국채 10년 ETN,,,,,,corp_code not found,"<a href=""https://m.stock.naver.com/domestic/stock/610090/total"" target=""_blank"">Naver</a>"
570053,한투 인버스 플래티넘 선물 ETN,,,,,,corp_code not found,"<a href=""https://m.stock.naver.com/domestic/stock/570053/total"" target=""_blank"">Naver</a>"
610092,메리츠 인버스 일본 국채 10년 ETN,,,,,,corp_code not found,"<a href=""https://m.stock.naver.com/domestic/stock/610092/total"" target=""_blank"">Naver</a>"
500055,신한 인버스 Russell 2000 ETN,,,,,,corp_code not found,"<a href=""https://m.stock.naver.com/domestic/stock/500055/total"" target=""_blank"">Naver</a>"
570110,한투 3X레버리지국채30년 ETN,,,,,,corp_code not found,"<a href=""https://m.stock.naver.com/domestic/stock/570110/total"" target=""_blank"">Naver</a>"
610093,메리츠 인버스 3X 일본 국채 10년 ETN,,,,,,corp_code not found,"<a href=""https://m.stock.naver.com/domestic/stock/610093/total"" target=""_blank"">Naver</a>"
580061,KB 미국채 30년 ETN,,,,,,corp_code not found,"<a href=""https://m.stock.naver.com/domestic/stock/580061/total"" target=""_blank"">Naver</a>"
610056,메리츠 인버스 3X 국채3년 ETN,,,,,,corp_code not found,"<a href=""https://m.stock.naver.com/domestic/stock/610056/total"" target=""_blank"">Naver</a>"
580014,KB 인버스 2X 나스닥 100 ETN,,,,,,corp_code not found,"<a href=""https://m.stock.naver.com/domestic/stock/580014/total"" target=""_blank"">Naver</a>"
610076,메리츠 인버스 3X 미국채10년 ETN,,,,,,corp_code not found,"<a href=""https://m.stock.naver.com/domestic/stock/610076/total"" target=""_blank"">Naver</a>"
530135,삼성 인버스 China A50 선물 ETN(H) B,,,,,,corp_code not found,"<a href=""https://m.stock.naver.com/domestic/stock/530135/total"" target=""_blank"">Naver</a>"
570094,한투 일본 엔선물 ETN C,,,,,,corp_code not found,"<a href=""https://m.stock.naver.com/domestic/stock/570094/total"" target=""_blank"">Naver</a>"
580050,KB STAR 50 ETN,,,,,,corp_code not found,"<a href=""https://m.stock.naver.com/domestic/stock/580050/total"" target=""_blank"">Naver</a>"
610035,메리츠 레버리지 대표 농산물 선물 ETN(H),,,,,,corp_code not found,"<a href=""https://m.stock.naver.com/domestic/stock/610035/total"" target=""_blank"">Naver</a>"
610032,메리츠 CSI 300 ETN,,,,,,corp_code not found,"<a href=""https://m.stock.naver.com/domestic/stock/610032/total"" target=""_blank"">Naver</a>"
006345,대원전선우,,,,,,corp_code not found,"<a href=""https://m.stock.naver.com/domestic/stock/006345/total"" target=""_blank"">Naver</a>"
570066,한투 인버스 2X 베트남 VN30 선물 ETN(H),,,,,,corp_code not found,"<a href=""https://m.stock.naver.com/domestic/stock/570066/total"" target=""_blank"">Naver</a>"
500041,신한 인버스 2X 구리 선물 ETN,,,,,,corp_code not found,"<a href=""https://m.stock.naver.com/domestic/stock/500041/total"" target=""_blank"">Naver</a>"
530096,삼성 인버스 구리 선물 ETN(H),,,,,,corp_code not found,"<a href=""https://m.stock.naver.com/domestic/stock/530096/total"" target=""_blank"">Naver</a>"
610084,메리츠 미국채30년 스트립 ETN(H),,,,,,corp_code not found,"<a href=""https://m.stock.naver.com/domestic/stock/610084/total"" target=""_blank"">Naver</a>"
610058,메리츠 인버스 3X 국채5년 ETN,,,,,,corp_code not found,"<a href=""https://m.stock.naver.com/domestic/stock/610058/total"" target=""_blank"">Naver</a>"
610073,메리츠 KAP 인버스 2X 중국 위안화 ETN,,,,,,corp_code not found,"<a href=""https://m.stock.naver.com/domestic/stock/610073/total"" target=""_blank"">Naver</a>"
570060,한투 인버스 2X 금 선물 ETN,,,,,,corp_code not found,"<a href=""https://m.stock.naver.com/domestic/stock/570060/total"" target=""_blank"">Naver</a>"
530092,삼성 인버스 코스피 200 선물 ETN,,,,,,corp_code not found,"<a href=""https://m.stock.naver.com/domestic/stock/530092/total"" target=""_blank"">Naver</a>"
580055,KB 블룸버그 레버리지 천연가스 선물 ETN,,,,,,corp_code not found,"<a href=""https://m.stock.naver.com/domestic/stock/580055/total"" target=""_blank"">Naver</a>"
570101,한투 인버스 나스닥100 ETN B,,,,,,corp_code not found,"<a href=""https://m.stock.naver.com/domestic/stock/570101/total"" target=""_blank"">Naver</a>"
570058,한투 인버스 은 선물 ETN,,,,,,corp_code not found,"<a href=""https://m.stock.naver.com/domestic/stock/570058/total"" target=""_blank"">Naver</a>"
700011,하나 레버리지 옥수수 선물 ETN(H),,,,,,corp_code not found,"<a href=""https://m.stock.naver.com/domestic/stock/700011/total"" target=""_blank"">Naver</a>"
580062,KB 레버리지 미국채 30년 ETN,,,,,,corp_code not found,"<a href=""https://m.stock.naver.com/domestic/stock/580062/total"" target=""_blank"">Naver</a>"
004985,성신양회우,,,,,,corp_code not found,"<a href=""https://m.stock.naver.com/domestic/stock/004985/total"" target=""_blank"">Naver</a>"
001515,SK증권우,,,,,,corp_code not found,"<a href=""https://m.stock.naver.com/domestic/stock/001515/total"" target=""_blank"">Naver</a>"
570097,한투 S&P 엔달러 선물 ETN(H),,,,,,corp_code not found,"<a href=""https://m.stock.naver.com/domestic/stock/570097/total"" target=""_blank"">Naver</a>"
001755,한양증권우,,,,,,corp_code not found,"<a href=""https://m.stock.naver.com/domestic/stock/001755/total"" target=""_blank"">Naver</a>"
530060,삼성 코스피 양매도 5% OTM ETN,,,,,,corp_code not found,"<a href=""https://m.stock.naver.com/domestic/stock/530060/total"" target=""_blank"">Naver</a>"
570056,한투 인버스 금 선물 ETN,,,,,,corp_code not found,"<a href=""https://m.stock.naver.com/domestic/stock/570056/total"" target=""_blank"">Naver</a>"
500036,신한 인버스 2X 미국달러 선물 ETN,,,,,,corp_code not found,"<a href=""https://m.stock.naver.com/domestic/stock/500036/total"" target=""_blank"">Naver</a>"
610060,메리츠 인버스 3X 국채10년 ETN,,,,,,corp_code not found,"<a href=""https://m.stock.naver.com/domestic/stock/610060/total"" target=""_blank"">Naver</a>"
570111,한투 3X레버리지미국채30년 ETN,,,,,,corp_code not found,"<a href=""https://m.stock.naver.com/domestic/stock/570111/total"" target=""_blank"">Naver</a>"
570109,한투 레버리지미국채30년 ETN,,,,,,corp_code not found,"<a href=""https://m.stock.naver.com/domestic/stock/570109/total"" target=""_blank"">Naver</a>"
570095,한투 레버리지 일본 엔선물 ETN C,,,,,,corp_code not found,"<a href=""https://m.stock.naver.com/domestic/stock/570095/total"" target=""_blank"">Naver</a>"
580035,KB S&P 유럽탄소배출권 선물 ETN(H),,,,,,corp_code not found,"<a href=""https://m.stock.naver.com/domestic/stock/580035/total"" target=""_blank"">Naver</a>"
530062,삼성 인버스 2X 은 선물 ETN(H),,,,,,corp_code not found,"<a href=""https://m.stock.naver.com/domestic/stock/530062/total"" target=""_blank"">Naver</a>"
530094,삼성 인버스 코스닥 150 선물 ETN,,,,,,corp_code not found,"<a href=""https://m.stock.naver.com/domestic/stock/530094/total"" target=""_blank"">Naver</a>"
500067,신한 레버리지 10년 국채선물 ETN,,,,,,corp_code not found,"<a href=""https://m.stock.naver.com/domestic/stock/500067/total"" target=""_blank"">Naver</a>"
610034,메리츠 대표 농산물 선물 ETN(H),,,,,,corp_code not found,"<a href=""https://m.stock.naver.com/domestic/stock/610034/total"" target=""_blank"">Naver</a>"
550043,N2 인버스 레버리지 WTI원유 선물 ETN(H),,,,,,corp_code not found,"<a href=""https://m.stock.naver.com/domestic/stock/550043/total"" target=""_blank"">Naver</a>"
500070,신한 인버스 2X 코스피 200 선물 ETN,,,,,,corp_code not found,"<a href=""https://m.stock.naver.com/domestic/stock/500070/total"" target=""_blank"">Naver</a>"
570064,한투 인버스 베트남 VN30 선물 ETN(H),,,,,,corp_code not found,"<a href=""https://m.stock.naver.com/domestic/stock/570064/total"" target=""_blank"">Naver</a>"
570091,한투 인버스 유로스탁스50 ETN(H) C,,,,,,corp_code not found,"<a href=""https://m.stock.naver.com/domestic/stock/570091/total"" target=""_blank"">Naver</a>"
000325,노루홀딩스우,,,,,,corp_code not found,"<a href=""https://m.stock.naver.com/domestic/stock/000325/total"" target=""_blank"">Naver</a>"
26490K,크라운제과우,,,,,,corp_code not found,"<a href=""https://m.stock.naver.com/domestic/stock/26490K/total"" target=""_blank"">Naver</a>"
610033,메리츠 STAR 50 ETN,,,,,,corp_code not found,"<a href=""https://m.stock.naver.com/domestic/stock/610033/total"" target=""_blank"">Naver</a>"
760014,키움 바이오TOP10 ETN,,,,,,corp_code not found,"<a href=""https://m.stock.naver.com/domestic/stock/760014/total"" target=""_blank"">Naver</a>"
610013,메리츠 인버스 2X 금 선물 ETN(H),,,,,,corp_code not found,"<a href=""https://m.stock.naver.com/domestic/stock/610013/total"" target=""_blank"">Naver</a>"
760021,키움 코스피200 선물 달러노출 ETN,,,,,,corp_code not found,"<a href=""https://m.stock.naver.com/domestic/stock/760021/total"" target=""_blank"">Naver</a>"
570070,한투 인버스 2X 플래티넘 선물 ETN,,,,,,corp_code not found,"<a href=""https://m.stock.naver.com/domestic/stock/570070/total"" target=""_blank"">Naver</a>"
510043,대신 인버스 천연가스 선물 ETN(H) B,,,,,,corp_code not found,"<a href=""https://m.stock.naver.com/domestic/stock/510043/total"" target=""_blank"">Naver</a>"
570098,한투 S&P 레버리지 엔달러 선물 ETN(H),,,,,,corp_code not found,"<a href=""https://m.stock.naver.com/domestic/stock/570098/total"" target=""_blank"">Naver</a>"
550063,N2 인버스 레버리지 금 선물 ETN(H),,,,,,corp_code not found,"<a href=""https://m.stock.naver.com/domestic/stock/550063/total"" target=""_blank"">Naver</a>"
500068,신한 인버스 2X 10년 국채선물 ETN,,,,,,corp_code not found,"<a href=""https://m.stock.naver.com/domestic/stock/500068/total"" target=""_blank"">Naver</a>"
580032,KB 레버리지 구리 선물 ETN(H),,,,,,corp_code not found,"<a href=""https://m.stock.naver.com/domestic/stock/580032/total"" target=""_blank"">Naver</a>"
36328K,티와이홀딩스우,,,,,,corp_code not found,"<a href=""https://m.stock.naver.com/domestic/stock/36328K/total"" target=""_blank"">Naver</a>"
530084,삼성 인버스 금 선물 ETN(H),,,,,,corp_code not found,"<a href=""https://m.stock.naver.com/domestic/stock/530084/total"" target=""_blank"">Naver</a>"
520069,미래에셋 -2X 홍콩H 선물 ETN(H),,,,,,corp_code not found,"<a href=""https://m.stock.naver.com/domestic/stock/520069/total"" target=""_blank"">Naver</a>"
760012,키움 반도체TOP10 ETN,,,,,,corp_code not found,"<a href=""https://m.stock.naver.com/domestic/stock/760012/total"" target=""_blank"">Naver</a>"
000545,흥국화재우,,,,,,corp_code not found,"<a href=""https://m.stock.naver.com/domestic/stock/000545/total"" target=""_blank"">Naver</a>"
530090,삼성 인버스 은 선물 ETN(H),,,,,,corp_code not found,"<a href=""https://m.stock.naver.com/domestic/stock/530090/total"" target=""_blank"">Naver</a>"
45226K,한화갤러리아우,,,,,,corp_code not found,"<a href=""https://m.stock.naver.com/domestic/stock/45226K/total"" target=""_blank"">Naver</a>"
570062,한투 인버스 2X 은 선물 ETN,,,,,,corp_code not found,"<a href=""https://m.stock.naver.com/domestic/stock/570062/total"" target=""_blank"">Naver</a>"
090355,노루페인트우,,,,,,corp_code not found,"<a href=""https://m.stock.naver.com/domestic/stock/090355/total"" target=""_blank"">Naver</a>"
610023,메리츠 레버리지 미국채10년 ETN(H),,,,,,corp_code not found,"<a href=""https://m.stock.naver.com/domestic/stock/610023/total"" target=""_blank"">Naver</a>"
007575,일양약품우,,,,,,corp_code not found,"<a href=""https://m.stock.naver.com/domestic/stock/007575/total"" target=""_blank"">Naver</a>"
580053,KB 레버리지 콩 선물 ETN,,,,,,corp_code not found,"<a href=""https://m.stock.naver.com/domestic/stock/580053/total"" target=""_blank"">Naver</a>"
000145,하이트진로홀딩스우,,,,,,corp_code not found,"<a href=""https://m.stock.naver.com/domestic/stock/000145/total"" target=""_blank"">Naver</a>"
580033,KB 인버스 2X 구리 선물 ETN(H),,,,,,corp_code not found,"<a href=""https://m.stock.naver.com/domestic/stock/580033/total"" target=""_blank"">Naver</a>"
530122,삼성 인버스 2X 항셍테크 ETN(H) B,,,,,,corp_code not found,"<a href=""https://m.stock.naver.com/domestic/stock/530122/total"" target=""_blank"">Naver</a>"
610062,메리츠 인버스 3X 국채30년 ETN,,,,,,corp_code not found,"<a href=""https://m.stock.naver.com/domestic/stock/610062/total"" target=""_blank"">Naver</a>"
700018,하나 인버스 2X 코스닥150 선물 ETN,,,,,,corp_code not found,"<a href=""https://m.stock.naver.com/domestic/stock/700018/total"" target=""_blank"">Naver</a>"
610017,메리츠 인버스 2X 은 선물 ETN(H),,,,,,corp_code not found,"<a href=""https://m.stock.naver.com/domestic/stock/610017/total"" target=""_blank"">Naver</a>"
550065,N2 인버스 레버리지 은 선물 ETN(H),,,,,,corp_code not found,"<a href=""https://m.stock.naver.com/domestic/stock/550065/total"" target=""_blank"">Naver</a>"
005745,크라운해태홀딩스우,,,,,,corp_code not found,"<a href=""https://m.stock.naver.com/domestic/stock/005745/total"" target=""_blank"">Naver</a>"
500057,신한 인버스 2X Russell 2000 ETN,,,,,,corp_code not found,"<a href=""https://m.stock.naver.com/domestic/stock/500057/total"" target=""_blank"">Naver</a>"
610043,메리츠 천연가스 선물 ETN(H),,,,,,corp_code not found,"<a href=""https://m.stock.naver.com/domestic/stock/610043/total"" target=""_blank"">Naver</a>"
580017,KB 인버스 2X S&P 500 선물 ETN,,,,,,corp_code not found,"<a href=""https://m.stock.naver.com/domestic/stock/580017/total"" target=""_blank"">Naver</a>"
760010,키움 2차전지산업 ETN,,,,,,corp_code not found,"<a href=""https://m.stock.naver.com/domestic/stock/760010/total"" target=""_blank"">Naver</a>"
570023,한투 인버스 2X S&P500 선물 ETN(H),,,,,,corp_code not found,"<a href=""https://m.stock.naver.com/domestic/stock/570023/total"" target=""_blank"">Naver</a>"
014825,동원시스템즈우,,,,,,corp_code not found,"<a href=""https://m.stock.naver.com/domestic/stock/014825/total"" target=""_blank"">Naver</a>"
00781K,코리아써키트2우B,,,,,,corp_code not found,"<a href=""https://m.stock.naver.com/domestic/stock/00781K/total"" target=""_blank"">Naver</a>"
004545,깨끗한나라우,,,,,,corp_code not found,"<a href=""https://m.stock.naver.com/domestic/stock/004545/total"" target=""_blank"">Naver</a>"
005965,동부건설우,,,,,,corp_code not found,"<a href=""https://m.stock.naver.com/domestic/stock/005965/total"" target=""_blank"">Naver</a>"
012205,계양전기우,,,,,,corp_code not found,"<a href=""https://m.stock.naver.com/domestic/stock/012205/total"" target=""_blank"">Naver</a>"
014285,금강공업우,,,,,,corp_code not found,"<a href=""https://m.stock.naver.com/domestic/stock/014285/total"" target=""_blank"">Naver</a>"
760011,키움 레버리지 2차전지산업 ETN,,,,,,corp_code not found,"<a href=""https://m.stock.naver.com/domestic/stock/760011/total"" target=""_blank"">Naver</a>"
008355,남선알미우,,,,,,corp_code not found,"<a href=""https://m.stock.naver.com/domestic/stock/008355/total"" target=""_blank"">Naver</a>"
580040,KB 인버스 2X KOSPI 200 선물 ETN,,,,,,corp_code not found,"<a href=""https://m.stock.naver.com/domestic/stock/580040/total"" target=""_blank"">Naver</a>"
580023,KB 인버스 2X 금 선물 ETN(H),,,,,,corp_code not found,"<a href=""https://m.stock.naver.com/domestic/stock/580023/total"" target=""_blank"">Naver</a>"
520011,미래에셋 인버스 원유선물혼합 ETN(H),,,,,,corp_code not found,"<a href=""https://m.stock.naver.com/domestic/stock/520011/total"" target=""_blank"">Naver</a>"
009415,태영건설우,,,,,,corp_code not found,"<a href=""https://m.stock.naver.com/domestic/stock/009415/total"" target=""_blank"">Naver</a>"
011155,CJ씨푸드1우,,,,,,corp_code not found,"<a href=""https://m.stock.naver.com/domestic/stock/011155/total"" target=""_blank"">Naver</a>"
002995,금호건설우,,,,,,corp_code not found,"<a href=""https://m.stock.naver.com/domestic/stock/002995/total"" target=""_blank"">Naver</a>"
000227,유유제약2우B,,,,,,corp_code not found,"<a href=""https://m.stock.naver.com/domestic/stock/000227/total"" target=""_blank"">Naver</a>"
500051,신한 인버스 2X S&P500 선물 ETN,,,,,,corp_code not found,"<a href=""https://m.stock.naver.com/domestic/stock/500051/total"" target=""_blank"">Naver</a>"
700025,하나 블룸버그 2X 천연가스 선물 ETN(H) B,,,,,,corp_code not found,"<a href=""https://m.stock.naver.com/domestic/stock/700025/total"" target=""_blank"">Naver</a>"
500030,신한 인버스 2X 은 선물 ETN(H),,,,,,corp_code not found,"<a href=""https://m.stock.naver.com/domestic/stock/500030/total"" target=""_blank"">Naver</a>"
002785,진흥기업우B,,,,,,corp_code not found,"<a href=""https://m.stock.naver.com/domestic/stock/002785/total"" target=""_blank"">Naver</a>"
004415,서울식품우,,,,,,corp_code not found,"<a href=""https://m.stock.naver.com/domestic/stock/004415/total"" target=""_blank"">Naver</a>"
580027,KB 인버스 2X 은 선물 ETN(H),,,,,,corp_code not found,"<a href=""https://m.stock.naver.com/domestic/stock/580027/total"" target=""_blank"">Naver</a>"
001527,동양2우B,,,,,,corp_code not found,"<a href=""https://m.stock.naver.com/domestic/stock/001527/total"" target=""_blank"">Naver</a>"
001525,동양우,,,,,,corp_code not found,"<a href=""https://m.stock.naver.com/domestic/stock/001525/total"" target=""_blank"">Naver</a>"
014915,성문전자우,,,,,,corp_code not found,"<a href=""https://m.stock.naver.com/domestic/stock/014915/total"" target=""_blank"">Naver</a>"
002787,진흥기업2우B,,,,,,corp_code not found,"<a href=""https://m.stock.naver.com/domestic/stock/002787/total"" target=""_blank"">Naver</a>"
500038,신한 인버스 2X 금 선물 ETN,,,,,,corp_code not found,"<a href=""https://m.stock.naver.com/domestic/stock/500038/total"" target=""_blank"">Naver</a>"
550045,N2 인버스 레버리지 S&P500 ETN,,,,,,corp_code not found,"<a href=""https://m.stock.naver.com/domestic/stock/550045/total"" target=""_blank"">Naver</a>"
