Symbol,Name,TotalScore,Growth,Profitability,Stability,Activity,Error,Links
010580,에스엠벡셀,92.49259038680788,100.0,78.20759856912653,97.12483226026595,64.56415036999326,,"<a href=""https://m.stock.naver.com/domestic/stock/010580/total"" target=""_blank"">Naver</a>"
278470,에이피알,91.63731796867266,94.35024965477642,85.55541099613116,97.13470618177007,78.49689617194024,,"<a href=""https://m.stock.naver.com/domestic/stock/278470/total"" target=""_blank"">Naver</a>"
035250,강원랜드,91.45512891059019,93.55391482053096,88.14416051715304,91.19073448695683,83.35332880575365,,"<a href=""https://m.stock.naver.com/domestic/stock/035250/total"" target=""_blank"">Naver</a>"
003280,흥아해운,90.11226018099694,92.19803773580917,87.82506693761597,85.1915389532964,86.36033819555614,,"<a href=""https://m.stock.naver.com/domestic/stock/003280/total"" target=""_blank"">Naver</a>"
085310,엔케이,87.40859423897065,96.05778169913407,71.32236398640406,83.53703388971743,71.79261667834899,,"<a href=""https://m.stock.naver.com/domestic/stock/085310/total"" target=""_blank"">Naver</a>"
317400,자이에스앤디,86.78404197104877,93.3495571192651,72.46945086387097,84.41834449039264,84.30221068965375,,"<a href=""https://m.stock.naver.com/domestic/stock/317400/total"" target=""_blank"">Naver</a>"
114090,GKL,86.53615904155295,99.58867455581775,54.02551555670158,90.8021037103038,83.92730095713053,,"<a href=""https://m.stock.naver.com/domestic/stock/114090/total"" target=""_blank"">Naver</a>"
005010,휴스틸,86.53478573324303,80.72746162325544,98.04656570663356,99.05001620391528,73.63331424479696,,"<a href=""https://m.stock.naver.com/domestic/stock/005010/total"" target=""_blank"">Naver</a>"
126720,수산인더스트리,86.51557070183425,85.68132472963082,84.33238663451483,99.38156070990641,81.7104626887284,,"<a href=""https://m.stock.naver.com/domestic/stock/126720/total"" target=""_blank"">Naver</a>"
022100,포스코DX,86.06014328212142,94.7395401015417,63.312116574478075,90.35524487811524,87.05731179530686,,"<a href=""https://m.stock.naver.com/domestic/stock/022100/total"" target=""_blank"">Naver</a>"
100840,SNT에너지,85.64322449769718,97.1750837793658,64.04004312107018,73.02257412366731,80.51812074886838,,"<a href=""https://m.stock.naver.com/domestic/stock/100840/total"" target=""_blank"">Naver</a>"
007590,동방아그로,85.5456874405156,95.17501929745305,62.36900772101234,98.8892816148703,59.18991540607284,,"<a href=""https://m.stock.naver.com/domestic/stock/007590/total"" target=""_blank"">Naver</a>"
009900,명신산업,85.35325533348774,90.22900541877546,75.28472730588402,79.6853977500834,88.52260961486259,,"<a href=""https://m.stock.naver.com/domestic/stock/009900/total"" target=""_blank"">Naver</a>"
248070,솔루엠,85.21098960240228,94.96369057916797,68.69177567455148,73.02921695204056,75.13819282119154,,"<a href=""https://m.stock.naver.com/domestic/stock/248070/total"" target=""_blank"">Naver</a>"
005850,에스엘,84.60411972687567,92.10153147808295,62.95689096857215,93.35196169699702,85.3756385636632,,"<a href=""https://m.stock.naver.com/domestic/stock/005850/total"" target=""_blank"">Naver</a>"
037270,YG PLUS,84.58183343927209,88.16182766324637,72.14022452181892,93.91524120065955,85.16313181607158,,"<a href=""https://m.stock.naver.com/domestic/stock/037270/total"" target=""_blank"">Naver</a>"
051600,한전KPS,84.0779504253991,82.88737040964595,84.91949707673348,98.42624813167842,65.46058194520603,,"<a href=""https://m.stock.naver.com/domestic/stock/051600/total"" target=""_blank"">Naver</a>"
003030,세아제강지주,83.65254827474052,83.72270305646266,83.63741341747017,91.61774453071563,66.95597266847653,,"<a href=""https://m.stock.naver.com/domestic/stock/003030/total"" target=""_blank"">Naver</a>"
373220,LG에너지솔루션,83.5911397188278,97.40235462273229,54.68728700372356,81.7569195846379,66.04426471587516,,"<a href=""https://m.stock.naver.com/domestic/stock/373220/total"" target=""_blank"">Naver</a>"
241560,두산밥캣,83.53298959112601,87.14235993767268,73.89032082959297,86.39000066100836,82.71986710046656,,"<a href=""https://m.stock.naver.com/domestic/stock/241560/total"" target=""_blank"">Naver</a>"
000270,기아,83.26402786354903,86.60684791293478,71.65009865719861,88.63008228460659,90.48772446055705,,"<a href=""https://m.stock.naver.com/domestic/stock/000270/total"" target=""_blank"">Naver</a>"
105840,우진,83.16174763672234,87.1269904714319,71.77227966094598,97.23457369807524,64.38052137638374,,"<a href=""https://m.stock.naver.com/domestic/stock/105840/total"" target=""_blank"">Naver</a>"
017800,현대엘리베이터,82.88080296647286,86.84662082158412,79.90771404225883,66.19978774771772,83.51846376371802,,"<a href=""https://m.stock.naver.com/domestic/stock/017800/total"" target=""_blank"">Naver</a>"
023590,다우기술,82.76160181043352,93.62507604986568,71.61542047936024,49.32570609913226,75.00260901521631,,"<a href=""https://m.stock.naver.com/domestic/stock/023590/total"" target=""_blank"">Naver</a>"
034230,파라다이스,82.5461767307962,96.87332805055563,62.22360824361982,51.59171463223822,74.14212752668078,,"<a href=""https://m.stock.naver.com/domestic/stock/034230/total"" target=""_blank"">Naver</a>"
003300,한일홀딩스,82.46632783486545,92.24816070611017,57.97180177753305,89.48989486703988,73.50982960224201,,"<a href=""https://m.stock.naver.com/domestic/stock/003300/total"" target=""_blank"">Naver</a>"
007340,DN오토모티브,82.46317930453918,88.21577202894396,77.5124729027245,66.3040005531418,70.50395612355011,,"<a href=""https://m.stock.naver.com/domestic/stock/007340/total"" target=""_blank"">Naver</a>"
300720,한일시멘트,82.16088636346255,90.25353376871355,61.351454105942345,90.89449390789561,71.62906369918548,,"<a href=""https://m.stock.naver.com/domestic/stock/300720/total"" target=""_blank"">Naver</a>"
006660,삼성공조,82.07951156180899,79.32780418730783,83.36297929811015,99.54632509969593,73.74903429854295,,"<a href=""https://m.stock.naver.com/domestic/stock/006660/total"" target=""_blank"">Naver</a>"
007860,서연,81.80466628258108,89.99791824893441,62.36793992709139,76.86196532673802,90.5546763754756,,"<a href=""https://m.stock.naver.com/domestic/stock/007860/total"" target=""_blank"">Naver</a>"
294870,HDC현대산업개발,81.66198955947128,94.53359459649442,58.07410425053865,78.5906877117131,51.284759355372984,,"<a href=""https://m.stock.naver.com/domestic/stock/294870/total"" target=""_blank"">Naver</a>"
033920,무학,81.50878703089765,80.16731731048954,83.78941159498311,88.66498059076893,71.89091373562515,,"<a href=""https://m.stock.naver.com/domestic/stock/033920/total"" target=""_blank"">Naver</a>"
016740,두올,81.30140977924427,93.38800690858743,51.66505268483123,81.974446244814,83.09795676805207,,"<a href=""https://m.stock.naver.com/domestic/stock/016740/total"" target=""_blank"">Naver</a>"
078000,텔코웨어,81.22318689714184,84.73940334760802,65.62979694256406,99.71052806530344,80.02085692811335,,"<a href=""https://m.stock.naver.com/domestic/stock/078000/total"" target=""_blank"">Naver</a>"
093240,형지엘리트,81.20568004671277,88.92091187915815,62.32457223188843,83.28431501614558,78.87116719262414,,"<a href=""https://m.stock.naver.com/domestic/stock/093240/total"" target=""_blank"">Naver</a>"
012450,한화에어로스페이스,80.8302565254097,91.72708985469812,69.49665878686734,58.69612128595408,51.0045157455715,,"<a href=""https://m.stock.naver.com/domestic/stock/012450/total"" target=""_blank"">Naver</a>"
200880,서연이화,80.46109108863645,89.54663100372176,59.5838803942626,72.98763528593351,90.7675771848879,,"<a href=""https://m.stock.naver.com/domestic/stock/200880/total"" target=""_blank"">Naver</a>"
267260,HD현대일렉트릭,80.25756051567603,88.56563087127375,73.45273804455769,57.225927441131454,60.64809475318437,,"<a href=""https://m.stock.naver.com/domestic/stock/267260/total"" target=""_blank"">Naver</a>"
003570,SNT다이내믹스,80.00715285719014,87.21363291921428,59.70484501483333,98.92507704030257,57.205082958459506,,"<a href=""https://m.stock.naver.com/domestic/stock/003570/total"" target=""_blank"">Naver</a>"
010120,LS ELECTRIC,79.818564012279,88.2828291471997,56.64666538919632,88.30785332261624,77.12829688796951,,"<a href=""https://m.stock.naver.com/domestic/stock/010120/total"" target=""_blank"">Naver</a>"
069260,TKG휴켐스,79.76406054324875,79.31176216847264,71.75113698389343,98.20678122945935,88.37081746491755,,"<a href=""https://m.stock.naver.com/domestic/stock/069260/total"" target=""_blank"">Naver</a>"
210540,디와이파워,79.73545629889739,84.94902776703007,62.718631678558914,91.49855714536582,78.73052009006082,,"<a href=""https://m.stock.naver.com/domestic/stock/210540/total"" target=""_blank"">Naver</a>"
005380,현대차,79.70054076590469,85.48096876231392,65.3074064662996,80.10839335276438,81.4853711333001,,"<a href=""https://m.stock.naver.com/domestic/stock/005380/total"" target=""_blank"">Naver</a>"
012030,DB,79.67108052774935,88.34991339782694,54.33408597904698,90.48596989404518,80.58028009773875,,"<a href=""https://m.stock.naver.com/domestic/stock/012030/total"" target=""_blank"">Naver</a>"
000020,동화약품,79.66982090105964,82.71326762725441,66.19468717823128,99.26831790795386,71.32713478707578,,"<a href=""https://m.stock.naver.com/domestic/stock/000020/total"" target=""_blank"">Naver</a>"
036530,SNT홀딩스,79.62069122121235,83.96870870735417,65.63984502025924,92.59586612121223,71.39836259227647,,"<a href=""https://m.stock.naver.com/domestic/stock/036530/total"" target=""_blank"">Naver</a>"
016800,퍼시스,79.59608366927809,76.15402603808441,81.14243475968638,95.27690526113192,81.807376607853,,"<a href=""https://m.stock.naver.com/domestic/stock/016800/total"" target=""_blank"">Naver</a>"
009140,경인전자,79.42803215488439,84.24862277251131,65.74932121899383,99.78433717016165,49.26188939225926,,"<a href=""https://m.stock.naver.com/domestic/stock/009140/total"" target=""_blank"">Naver</a>"
052690,한전기술,79.37564705324272,86.40187596355815,57.186902988541895,94.23897425185312,76.27796605574082,,"<a href=""https://m.stock.naver.com/domestic/stock/052690/total"" target=""_blank"">Naver</a>"
123700,SJM,79.2315981565464,87.70592114021633,56.982898548357156,99.25161149142403,48.74319372369823,,"<a href=""https://m.stock.naver.com/domestic/stock/123700/total"" target=""_blank"">Naver</a>"
017550,수산세보틱스,79.1125542241816,82.08442442380891,69.9417276101311,91.42485921469341,64.67963491788265,,"<a href=""https://m.stock.naver.com/domestic/stock/017550/total"" target=""_blank"">Naver</a>"
018250,애경산업,79.0550182632943,85.87224434149981,53.98907441449874,99.20441457608278,82.27923194322896,,"<a href=""https://m.stock.naver.com/domestic/stock/018250/total"" target=""_blank"">Naver</a>"
005180,빙그레,78.99394629642661,86.05571869903817,52.595286723482786,97.41161322638308,89.4106414698943,,"<a href=""https://m.stock.naver.com/domestic/stock/005180/total"" target=""_blank"">Naver</a>"
025530,SJM홀딩스,78.88955593846187,87.6575221451913,56.263152782036634,99.36056718268327,45.8639547513921,,"<a href=""https://m.stock.naver.com/domestic/stock/025530/total"" target=""_blank"">Naver</a>"
018500,동원금속,78.80555467701438,87.80093976408038,72.41124422503547,40.17061256333275,80.10237011948011,,"<a href=""https://m.stock.naver.com/domestic/stock/018500/total"" target=""_blank"">Naver</a>"
128940,한미약품,78.68307073406721,81.41076065801519,73.88351635456037,86.14327731420138,55.02815038395751,,"<a href=""https://m.stock.naver.com/domestic/stock/128940/total"" target=""_blank"">Naver</a>"
011390,부산산업,78.6263545566564,85.28121865020984,56.743001809935095,93.83361893319217,77.77022041455007,,"<a href=""https://m.stock.naver.com/domestic/stock/011390/total"" target=""_blank"">Naver</a>"
024900,디와이덕양,78.58496914087748,88.7580958684503,58.147442407521815,60.60963651363312,94.64574733127087,,"<a href=""https://m.stock.naver.com/domestic/stock/024900/total"" target=""_blank"">Naver</a>"
004370,농심,78.48070786964485,84.74201778744965,55.05484789477888,94.66619288397362,88.1033187016593,,"<a href=""https://m.stock.naver.com/domestic/stock/004370/total"" target=""_blank"">Naver</a>"
378850,화승알앤에이,77.75345144784183,87.58308516255818,65.43567757573759,44.33830441586686,88.21701029571685,,"<a href=""https://m.stock.naver.com/domestic/stock/378850/total"" target=""_blank"">Naver</a>"
008930,한미사이언스,77.63024194317656,81.12998452809238,66.16146400097345,79.63679720413683,88.96411011328178,,"<a href=""https://m.stock.naver.com/domestic/stock/008930/total"" target=""_blank"">Naver</a>"
286940,롯데이노베이트,77.51491755904385,84.01629795340703,54.932678935399544,89.70688907998809,88.02560290301858,,"<a href=""https://m.stock.naver.com/domestic/stock/286940/total"" target=""_blank"">Naver</a>"
013000,세우글로벌,77.49327070117944,81.78293604385568,59.08393678846134,99.7523525170139,73.545792520986,,"<a href=""https://m.stock.naver.com/domestic/stock/013000/total"" target=""_blank"">Naver</a>"
005430,한국공항,77.42875942152833,87.35378288116304,44.73640233884904,94.04401652550361,88.55974911135763,,"<a href=""https://m.stock.naver.com/domestic/stock/005430/total"" target=""_blank"">Naver</a>"
010690,화신,77.37215041314633,82.50925576782045,67.88742252046542,64.62305869049383,88.64870906576633,,"<a href=""https://m.stock.naver.com/domestic/stock/010690/total"" target=""_blank"">Naver</a>"
031820,아이티센씨티에스,77.34678392211377,81.87898733335032,62.872142231911745,77.59961750901687,94.82788426447911,,"<a href=""https://m.stock.naver.com/domestic/stock/031820/total"" target=""_blank"">Naver</a>"
234080,JW생명과학,77.27404530706413,77.02547596990571,75.92475507664007,85.57313097498204,70.40515716924942,,"<a href=""https://m.stock.naver.com/domestic/stock/234080/total"" target=""_blank"">Naver</a>"
078520,에이블씨엔씨,77.2632024846113,85.91748064079837,52.152560602752516,89.17035819694229,75.15076259499833,,"<a href=""https://m.stock.naver.com/domestic/stock/078520/total"" target=""_blank"">Naver</a>"
033530,SJG세종,77.21370024265072,88.4136924280722,51.704495521115,68.99264694742524,86.80192421572255,,"<a href=""https://m.stock.naver.com/domestic/stock/033530/total"" target=""_blank"">Naver</a>"
009450,경동나비엔,77.18439637821014,81.31569537557125,64.64719740355181,89.68104216123209,65.30151171712453,,"<a href=""https://m.stock.naver.com/domestic/stock/009450/total"" target=""_blank"">Naver</a>"
053690,한미글로벌,76.95570092239728,76.50736013474194,70.76025983845142,90.05575115915673,87.11289532047164,,"<a href=""https://m.stock.naver.com/domestic/stock/053690/total"" target=""_blank"">Naver</a>"
000430,대원강업,76.89308243565459,87.31485535116592,50.553791829492006,77.49583717350829,82.3227510046244,,"<a href=""https://m.stock.naver.com/domestic/stock/000430/total"" target=""_blank"">Naver</a>"
134790,시디즈,76.88332730696358,82.60037941827882,52.47807380633534,95.99308940401787,92.0854452802132,,"<a href=""https://m.stock.naver.com/domestic/stock/134790/total"" target=""_blank"">Naver</a>"
017940,E1,76.86018879233627,85.25699059946362,50.738868925062505,84.89870428728042,90.62813545328869,,"<a href=""https://m.stock.naver.com/domestic/stock/017940/total"" target=""_blank"">Naver</a>"
004690,삼천리,76.82430328236354,88.82650212102341,48.47091222815613,68.217300102823,91.77887884856342,,"<a href=""https://m.stock.naver.com/domestic/stock/004690/total"" target=""_blank"">Naver</a>"
012630,HDC,76.75737245488637,89.03513886904489,52.43277677776144,77.51323648416866,49.5354258120441,,"<a href=""https://m.stock.naver.com/domestic/stock/012630/total"" target=""_blank"">Naver</a>"
006840,AK홀딩스,76.66338551264113,90.79021132611815,55.99376439322697,39.88619170543732,84.04396896239518,,"<a href=""https://m.stock.naver.com/domestic/stock/006840/total"" target=""_blank"">Naver</a>"
001520,동양,76.6293431176692,88.57674518106501,48.90387950941337,73.14459242956427,78.8573377744083,,"<a href=""https://m.stock.naver.com/domestic/stock/001520/total"" target=""_blank"">Naver</a>"
000500,가온전선,76.61686606240251,86.36091265100806,48.67628587588083,82.7104910282433,87.20395800006268,,"<a href=""https://m.stock.naver.com/domestic/stock/000500/total"" target=""_blank"">Naver</a>"
000850,화천기공,76.45168089108842,76.26529250961148,70.8351782994243,98.4425073460741,62.7892015171609,,"<a href=""https://m.stock.naver.com/domestic/stock/000850/total"" target=""_blank"">Naver</a>"
183190,아세아시멘트,76.32735949653228,80.2024850407483,66.23403735551229,80.23515232668028,72.47687801074386,,"<a href=""https://m.stock.naver.com/domestic/stock/183190/total"" target=""_blank"">Naver</a>"
009290,광동제약,76.30824068803545,84.49857942662975,51.62723625603197,83.34115216425698,87.36337503247825,,"<a href=""https://m.stock.naver.com/domestic/stock/009290/total"" target=""_blank"">Naver</a>"
039130,하나투어,76.23826238531053,100.0,29.23368585120026,58.406878256185976,61.78306193783723,,"<a href=""https://m.stock.naver.com/domestic/stock/039130/total"" target=""_blank"">Naver</a>"
003620,KG모빌리티,76.00566264253158,93.8914188811187,33.19475015126409,67.47119772350992,92.50008007386656,,"<a href=""https://m.stock.naver.com/domestic/stock/003620/total"" target=""_blank"">Naver</a>"
013520,화승코퍼레이션,75.79312652569763,87.11417865710956,58.1864147850265,48.10341746341072,83.35347777668399,,"<a href=""https://m.stock.naver.com/domestic/stock/013520/total"" target=""_blank"">Naver</a>"
001060,JW중외제약,75.68511614091175,79.69904930539828,69.48095208796205,68.712140637982,72.4846894376812,,"<a href=""https://m.stock.naver.com/domestic/stock/001060/total"" target=""_blank"">Naver</a>"
079550,LIG넥스원,75.6604021948975,79.22957414844443,68.53540417623067,69.49079100110852,80.79455123324652,,"<a href=""https://m.stock.naver.com/domestic/stock/079550/total"" target=""_blank"">Naver</a>"
006890,태경케미컬,75.5040979308774,71.57254538143441,77.21820890911975,98.30762926403311,68.50511096667022,,"<a href=""https://m.stock.naver.com/domestic/stock/006890/total"" target=""_blank"">Naver</a>"
058730,다스코,75.43056278985893,87.05670806493019,46.841953822233144,78.47634858743572,72.76829273197899,,"<a href=""https://m.stock.naver.com/domestic/stock/058730/total"" target=""_blank"">Naver</a>"
096760,JW홀딩스,75.3222646853282,79.89784583580946,75.21056061878055,56.87758489559138,57.863170791764915,,"<a href=""https://m.stock.naver.com/domestic/stock/096760/total"" target=""_blank"">Naver</a>"
089470,HDC현대EP,75.31463356770155,84.24910743982694,48.1777366294574,85.92273337598733,82.56923217684587,,"<a href=""https://m.stock.naver.com/domestic/stock/089470/total"" target=""_blank"">Naver</a>"
163560,동일고무벨트,75.24762799344447,85.81061336164821,54.08804380528477,68.4111747788302,67.96263094502652,,"<a href=""https://m.stock.naver.com/domestic/stock/163560/total"" target=""_blank"">Naver</a>"
023810,인팩,75.17445219499398,83.02348467511577,53.50318297588356,78.2878465616342,83.11561979580395,,"<a href=""https://m.stock.naver.com/domestic/stock/023810/total"" target=""_blank"">Naver</a>"
102260,동성케미컬,75.05675429123512,78.872874434326,62.16528065766905,88.33779525484792,67.15859881474958,,"<a href=""https://m.stock.naver.com/domestic/stock/102260/total"" target=""_blank"">Naver</a>"
042670,HD현대인프라코어,75.02409168742435,79.9486685052403,67.80068535871429,70.97698458862422,60.140415714783416,,"<a href=""https://m.stock.naver.com/domestic/stock/042670/total"" target=""_blank"">Naver</a>"
068270,셀트리온,74.83610916653868,67.75486562285359,91.53926511143862,97.68855060231999,30.5903690946975,,"<a href=""https://m.stock.naver.com/domestic/stock/068270/total"" target=""_blank"">Naver</a>"
000640,동아쏘시오홀딩스,74.81558692520457,86.51423791512599,50.044529758580715,66.43291914743934,75.05239643479752,,"<a href=""https://m.stock.naver.com/domestic/stock/000640/total"" target=""_blank"">Naver</a>"
267270,HD현대건설기계,74.81050398823402,83.13763589484527,56.2728002711981,78.69931596964489,59.79581573125705,,"<a href=""https://m.stock.naver.com/domestic/stock/267270/total"" target=""_blank"">Naver</a>"
002920,유성기업,74.75010951925263,77.69832378798293,59.950829924381985,96.04530365745003,70.77754799244748,,"<a href=""https://m.stock.naver.com/domestic/stock/002920/total"" target=""_blank"">Naver</a>"
004840,DRB동일,74.71143203923053,88.27228868078872,49.72559031651511,62.821761401217984,60.689702230134436,,"<a href=""https://m.stock.naver.com/domestic/stock/004840/total"" target=""_blank"">Naver</a>"
001790,대한제당,74.68581301787424,82.5968222935974,54.582331254192674,74.369293327501,80.9041499083507,,"<a href=""https://m.stock.naver.com/domestic/stock/001790/total"" target=""_blank"">Naver</a>"
001430,세아베스틸지주,74.67732621618687,83.80627444331526,49.313764890692255,94.52743270432427,52.247541141844536,,"<a href=""https://m.stock.naver.com/domestic/stock/001430/total"" target=""_blank"">Naver</a>"
185750,종근당,74.60824572714881,73.9780836348334,68.8845226134357,93.8983093855542,72.20867908668876,,"<a href=""https://m.stock.naver.com/domestic/stock/185750/total"" target=""_blank"">Naver</a>"
001380,SG글로벌,74.41007117063809,91.43846276457553,40.575564636178584,57.69479197759651,72.6724631017695,,"<a href=""https://m.stock.naver.com/domestic/stock/001380/total"" target=""_blank"">Naver</a>"
002460,HS화성,74.3667782247693,82.3497621224855,52.74912596812505,79.14497822762245,77.10283272969012,,"<a href=""https://m.stock.naver.com/domestic/stock/002460/total"" target=""_blank"">Naver</a>"
027410,BGF,74.09770118486955,73.68811885881942,69.87998447498532,95.34639931996944,57.603876376692426,,"<a href=""https://m.stock.naver.com/domestic/stock/027410/total"" target=""_blank"">Naver</a>"
028050,삼성E&A,73.99028141201958,72.36399029454857,72.37766852653367,80.35425051807502,88.84090103699046,,"<a href=""https://m.stock.naver.com/domestic/stock/028050/total"" target=""_blank"">Naver</a>"
117580,대성에너지,73.92277020447871,89.34692585432175,41.040102221833536,55.25872895349645,90.57432482155255,,"<a href=""https://m.stock.naver.com/domestic/stock/117580/total"" target=""_blank"">Naver</a>"
041650,상신브레이크,73.90073872474694,88.34672217389453,45.333759837752325,66.05555093850398,59.074207342434974,,"<a href=""https://m.stock.naver.com/domestic/stock/041650/total"" target=""_blank"">Naver</a>"
006040,동원산업,73.7573759392196,77.64485238603164,58.97510337040236,80.31715394301021,87.89946541398004,,"<a href=""https://m.stock.naver.com/domestic/stock/006040/total"" target=""_blank"">Naver</a>"
001620,케이비아이동국실업,73.75479577480512,88.56322635557189,47.87197057694707,42.33980386083887,88.29773862282684,,"<a href=""https://m.stock.naver.com/domestic/stock/001620/total"" target=""_blank"">Naver</a>"
004250,NPC,73.65151510812643,77.63191170812595,59.13182023867521,81.31020061745342,83.1678592367341,,"<a href=""https://m.stock.naver.com/domestic/stock/004250/total"" target=""_blank"">Naver</a>"
013570,디와이,73.6140981087882,82.56718665996226,47.146818305996874,82.47431359309262,80.7930035400471,,"<a href=""https://m.stock.naver.com/domestic/stock/013570/total"" target=""_blank"">Naver</a>"
383220,F&F,73.54440348065741,61.561758668901575,98.76096749340365,88.7931205176299,60.75588708405131,,"<a href=""https://m.stock.naver.com/domestic/stock/383220/total"" target=""_blank"">Naver</a>"
227840,현대코퍼레이션홀딩스,73.32556672812052,65.83539961102464,80.76431655697239,99.24819433349228,74.16856777826834,,"<a href=""https://m.stock.naver.com/domestic/stock/227840/total"" target=""_blank"">Naver</a>"
015360,INVENI,73.1986630538952,86.96630960040216,46.043447451640645,51.64068631654662,86.87893598178168,,"<a href=""https://m.stock.naver.com/domestic/stock/015360/total"" target=""_blank"">Naver</a>"
015260,에이엔피,73.13525333580392,100.0,21.315196957827112,33.85062050181634,88.42784092331036,,"<a href=""https://m.stock.naver.com/domestic/stock/015260/total"" target=""_blank"">Naver</a>"
092780,DYP,72.98341690146026,85.81887367942382,47.79835118557759,56.61222892634546,77.62564009554056,,"<a href=""https://m.stock.naver.com/domestic/stock/092780/total"" target=""_blank"">Naver</a>"
003650,미창석유,72.94261642377697,70.50850674330827,68.13152046822532,99.42118998948051,73.25026523575254,,"<a href=""https://m.stock.naver.com/domestic/stock/003650/total"" target=""_blank"">Naver</a>"
009970,영원무역홀딩스,72.85095376363935,61.44367778511045,93.18852433972147,98.91862200184158,55.91507614917096,,"<a href=""https://m.stock.naver.com/domestic/stock/009970/total"" target=""_blank"">Naver</a>"
000490,대동,72.79013711544445,82.29181274649765,60.08165590655145,59.13370112572272,49.6253075667146,,"<a href=""https://m.stock.naver.com/domestic/stock/000490/total"" target=""_blank"">Naver</a>"
003960,사조대림,72.67001312541402,73.15848848800273,62.43100659541839,86.90464747779839,89.53407271955895,,"<a href=""https://m.stock.naver.com/domestic/stock/003960/total"" target=""_blank"">Naver</a>"
112610,씨에스윈드,72.61943300995308,86.27134430439463,44.8362683305539,65.5834114805785,61.78436393239954,,"<a href=""https://m.stock.naver.com/domestic/stock/112610/total"" target=""_blank"">Naver</a>"
006980,우성,72.58000403973094,87.54367027153405,40.255875086864954,59.12286391862212,81.550934264641,,"<a href=""https://m.stock.naver.com/domestic/stock/006980/total"" target=""_blank"">Naver</a>"
271980,제일약품,72.50630906732432,84.86343487658668,43.8056914509493,64.6116033627313,83.51329884723722,,"<a href=""https://m.stock.naver.com/domestic/stock/271980/total"" target=""_blank"">Naver</a>"
064960,SNT모티브,72.17618826223331,68.63845794903303,70.47663078256737,95.62687567057482,76.2253646022836,,"<a href=""https://m.stock.naver.com/domestic/stock/064960/total"" target=""_blank"">Naver</a>"
091810,티웨이항공,72.16579226605437,100.0,23.44651208052832,18.93287996124375,88.21752499595853,,"<a href=""https://m.stock.naver.com/domestic/stock/091810/total"" target=""_blank"">Naver</a>"
100090,SK오션플랜트,72.16569511126814,76.14958343887416,62.89743561711648,64.4350893224465,86.16154422839745,,"<a href=""https://m.stock.naver.com/domestic/stock/100090/total"" target=""_blank"">Naver</a>"
123690,한국화장품,72.13130604292068,82.74026018636285,47.004397465413746,66.11950734905078,82.48199659688929,,"<a href=""https://m.stock.naver.com/domestic/stock/123690/total"" target=""_blank"">Naver</a>"
034020,두산에너빌리티,72.05042103614124,87.41641784858768,37.95867954169988,61.521082223873904,79.17584438352561,,"<a href=""https://m.stock.naver.com/domestic/stock/034020/total"" target=""_blank"">Naver</a>"
009540,HD한국조선해양,71.90291167664643,88.73519712730972,35.64936779240347,55.57859555735077,83.831837928493,,"<a href=""https://m.stock.naver.com/domestic/stock/009540/total"" target=""_blank"">Naver</a>"
000100,유한양행,71.67548037456464,75.33342379666139,54.00391842873523,99.0087562396976,61.47141730828466,,"<a href=""https://m.stock.naver.com/domestic/stock/000100/total"" target=""_blank"">Naver</a>"
280360,롯데웰푸드,71.6657831059791,80.1829165315399,47.22567723817016,79.56534921622362,75.86157911780545,,"<a href=""https://m.stock.naver.com/domestic/stock/280360/total"" target=""_blank"">Naver</a>"
005720,넥센,71.64249981622407,86.56041852643826,42.49479446685178,58.765337268247904,64.12032713646767,,"<a href=""https://m.stock.naver.com/domestic/stock/005720/total"" target=""_blank"">Naver</a>"
307950,현대오토에버,71.62902256316009,71.634868647967,59.27997354513912,96.70371868480562,83.15472239229103,,"<a href=""https://m.stock.naver.com/domestic/stock/307950/total"" target=""_blank"">Naver</a>"
002350,넥센타이어,71.38655377741648,87.43608430897093,41.2043070354965,56.00899267226363,60.45854331866886,,"<a href=""https://m.stock.naver.com/domestic/stock/002350/total"" target=""_blank"">Naver</a>"
111110,호전실업,71.35548263399588,69.42805937185538,73.37559850680368,76.98621334270882,73.12252099821687,,"<a href=""https://m.stock.naver.com/domestic/stock/111110/total"" target=""_blank"">Naver</a>"
111770,영원무역,71.33152521511563,59.00095109624568,92.76278742866127,98.31403288969882,58.17708822466043,,"<a href=""https://m.stock.naver.com/domestic/stock/111770/total"" target=""_blank"">Naver</a>"
329180,HD현대중공업,71.29085008201194,90.31199851134615,33.59479053836601,47.81334350121379,78.47237980982727,,"<a href=""https://m.stock.naver.com/domestic/stock/329180/total"" target=""_blank"">Naver</a>"
011930,신성이엔지,70.88609995539804,70.30067210131308,69.76702475184378,69.85423678035698,85.5703365722709,,"<a href=""https://m.stock.naver.com/domestic/stock/011930/total"" target=""_blank"">Naver</a>"
308170,씨티알모빌리티,70.88281561658489,86.37169881948887,42.34222276313466,40.80987043935914,87.86507180343989,,"<a href=""https://m.stock.naver.com/domestic/stock/308170/total"" target=""_blank"">Naver</a>"
298040,효성중공업,70.70491477308855,85.3566759175302,48.6217725293935,36.76696030192545,73.17540120059019,,"<a href=""https://m.stock.naver.com/domestic/stock/298040/total"" target=""_blank"">Naver</a>"
070960,모나용평,70.58153938934217,91.6243846985007,32.26632419539215,46.66972154059444,57.4671073466854,,"<a href=""https://m.stock.naver.com/domestic/stock/070960/total"" target=""_blank"">Naver</a>"
010620,HD현대미포,70.56775056179913,84.22662879200426,36.5486836558707,64.30601410031886,89.2800192519401,,"<a href=""https://m.stock.naver.com/domestic/stock/010620/total"" target=""_blank"">Naver</a>"
035510,신세계 I&C,70.55786734206035,61.09224544375396,78.34864451899563,99.26606575982228,87.77504740153661,,"<a href=""https://m.stock.naver.com/domestic/stock/035510/total"" target=""_blank"">Naver</a>"
015230,대창단조,70.42491871415687,62.95317665717689,77.65354410556232,99.0385591331914,66.71541560282071,,"<a href=""https://m.stock.naver.com/domestic/stock/015230/total"" target=""_blank"">Naver</a>"
226320,잇츠한불,70.2419911076532,75.71134563430317,52.222594870711625,90.59911095039998,53.99247828706834,,"<a href=""https://m.stock.naver.com/domestic/stock/226320/total"" target=""_blank"">Naver</a>"
181710,NHN,70.18803855529042,78.68855140999088,41.664425387848986,89.95374929342223,71.26852865982849,,"<a href=""https://m.stock.naver.com/domestic/stock/181710/total"" target=""_blank"">Naver</a>"
089590,제주항공,70.03210045560343,100.0,15.489468478429393,18.44815540927907,86.29835590136341,,"<a href=""https://m.stock.naver.com/domestic/stock/089590/total"" target=""_blank"">Naver</a>"
214420,토니모리,70.02878382142714,84.98320832001426,38.099039034539956,59.22317435158165,71.83563271250885,,"<a href=""https://m.stock.naver.com/domestic/stock/214420/total"" target=""_blank"">Naver</a>"
007700,F&F홀딩스,69.86079785099705,58.80243706013454,90.76330938462263,92.5524212965587,52.66532278209595,,"<a href=""https://m.stock.naver.com/domestic/stock/007700/total"" target=""_blank"">Naver</a>"
011760,현대코퍼레이션,69.79608404385333,76.48403508235175,57.69756022199841,48.53993485600774,92.54558906683803,,"<a href=""https://m.stock.naver.com/domestic/stock/011760/total"" target=""_blank"">Naver</a>"
003090,대웅,69.45985464211473,63.815172053715564,70.61263643036234,94.70845783163215,80.93493038263202,,"<a href=""https://m.stock.naver.com/domestic/stock/003090/total"" target=""_blank"">Naver</a>"
029530,신도리코,69.37109728942853,72.84848259074506,60.00306313687949,74.7227202862278,63.779398442776674,,"<a href=""https://m.stock.naver.com/domestic/stock/029530/total"" target=""_blank"">Naver</a>"
025540,한국단자,69.36384732975586,70.13007467974842,56.46670443812031,97.23447238939535,68.91358346874384,,"<a href=""https://m.stock.naver.com/domestic/stock/025540/total"" target=""_blank"">Naver</a>"
010770,평화홀딩스,69.32005778962503,86.12604745891834,39.25789055126103,34.68087100820781,87.23739151275987,,"<a href=""https://m.stock.naver.com/domestic/stock/010770/total"" target=""_blank"">Naver</a>"
012330,현대모비스,69.03171935741034,69.71757415447478,56.94100724797443,88.75789824800769,81.80266455862184,,"<a href=""https://m.stock.naver.com/domestic/stock/012330/total"" target=""_blank"">Naver</a>"
000320,노루홀딩스,68.94125952532674,73.54363106704307,52.321629670045986,79.7722741680438,75.1489210157006,,"<a href=""https://m.stock.naver.com/domestic/stock/000320/total"" target=""_blank"">Naver</a>"
003720,삼영,68.63517846121735,78.22693815743882,46.4277629967038,61.34083904338413,79.15981826479396,,"<a href=""https://m.stock.naver.com/domestic/stock/003720/total"" target=""_blank"">Naver</a>"
009830,한화솔루션,68.58660916672372,72.37366744270817,55.46474603151166,79.5085642069265,66.90731545056522,,"<a href=""https://m.stock.naver.com/domestic/stock/009830/total"" target=""_blank"">Naver</a>"
071970,HD현대마린엔진,68.56282814262006,73.45680846602477,65.70373575691566,59.03928808083936,43.177606313847235,,"<a href=""https://m.stock.naver.com/domestic/stock/071970/total"" target=""_blank"">Naver</a>"
004710,한솔테크닉스,68.52443274549425,73.32246747865464,56.02386848429713,60.42279824290534,89.65410625873295,,"<a href=""https://m.stock.naver.com/domestic/stock/004710/total"" target=""_blank"">Naver</a>"
000880,한화,68.50015364482046,72.88597178838991,56.500295701784914,62.26470634942549,88.3405202279548,,"<a href=""https://m.stock.naver.com/domestic/stock/000880/total"" target=""_blank"">Naver</a>"
073240,금호타이어,68.47173547268561,90.64432114044355,29.063197928148764,35.624017922401734,65.13883028284243,,"<a href=""https://m.stock.naver.com/domestic/stock/073240/total"" target=""_blank"">Naver</a>"
000680,LS네트웍스,68.46019953793503,80.85499371032863,45.478798374783445,61.851641994309894,47.846790372219985,,"<a href=""https://m.stock.naver.com/domestic/stock/000680/total"" target=""_blank"">Naver</a>"
002170,삼양통상,68.34808862815079,65.86421108311008,67.14069830175158,99.7026590678808,41.48242992117519,,"<a href=""https://m.stock.naver.com/domestic/stock/002170/total"" target=""_blank"">Naver</a>"
017370,우신시스템,68.30602945156718,72.08901287960855,60.603786695035694,59.49379993397915,79.04590113290428,,"<a href=""https://m.stock.naver.com/domestic/stock/017370/total"" target=""_blank"">Naver</a>"
001780,알루코,68.19733914423328,76.63970522756148,55.92797707392807,49.94342911006383,64.74357656416005,,"<a href=""https://m.stock.naver.com/domestic/stock/001780/total"" target=""_blank"">Naver</a>"
004440,삼일씨엔에스,68.13320525312787,82.70824392761557,32.30873917584885,72.21742163265898,64.18663878660864,,"<a href=""https://m.stock.naver.com/domestic/stock/004440/total"" target=""_blank"">Naver</a>"
001390,KG케미칼,68.05667642546979,63.29709473470979,73.52417486272951,73.99437080150678,85.95877577621744,,"<a href=""https://m.stock.naver.com/domestic/stock/001390/total"" target=""_blank"">Naver</a>"
016590,신대양제지,67.90559916824489,62.87545503285901,65.96204949465222,97.1428291685915,79.51061716014566,,"<a href=""https://m.stock.naver.com/domestic/stock/016590/total"" target=""_blank"">Naver</a>"
007660,이수페타시스,67.78037461485093,57.73970094676739,90.274775808659,72.97989853770954,65.3974048170957,,"<a href=""https://m.stock.naver.com/domestic/stock/007660/total"" target=""_blank"">Naver</a>"
006400,삼성SDI,67.74960466994455,64.90688462028504,71.60612617640827,69.99004386293626,78.09875934755638,,"<a href=""https://m.stock.naver.com/domestic/stock/006400/total"" target=""_blank"">Naver</a>"
084670,동양고속,67.06543449681759,90.85196107112235,14.79198887214725,45.37612402091618,86.37296468031504,,"<a href=""https://m.stock.naver.com/domestic/stock/084670/total"" target=""_blank"">Naver</a>"
007070,GS리테일,67.01685470580024,76.13122019568318,44.323343866279934,56.190087776332355,92.76555688374236,,"<a href=""https://m.stock.naver.com/domestic/stock/007070/total"" target=""_blank"">Naver</a>"
005320,온타이드,66.95863797709374,71.6513262650105,48.360836237283515,76.51739455492994,84.51787406547166,,"<a href=""https://m.stock.naver.com/domestic/stock/005320/total"" target=""_blank"">Naver</a>"
003230,삼양식품,66.66633302907971,57.70858599113535,74.75076205258046,90.81527950244377,85.4392594201803,,"<a href=""https://m.stock.naver.com/domestic/stock/003230/total"" target=""_blank"">Naver</a>"
005810,풍산홀딩스,66.65709988364537,56.89006230466705,81.02144914747664,98.0530336174709,49.247937044577796,,"<a href=""https://m.stock.naver.com/domestic/stock/005810/total"" target=""_blank"">Naver</a>"
072710,농심홀딩스,66.55094164136725,65.54310234991142,58.372082239599365,89.22773584253773,74.18572174533564,,"<a href=""https://m.stock.naver.com/domestic/stock/072710/total"" target=""_blank"">Naver</a>"
004140,동방,66.5341841311166,76.55816920756116,45.84926435104743,45.12184683998967,92.4956366963815,,"<a href=""https://m.stock.naver.com/domestic/stock/004140/total"" target=""_blank"">Naver</a>"
010060,OCI홀딩스,66.50661200019944,53.72607475375173,88.79394488020868,93.50313677216889,54.44334501358697,,"<a href=""https://m.stock.naver.com/domestic/stock/010060/total"" target=""_blank"">Naver</a>"
002620,제일파마홀딩스,66.42872134630566,84.45472360040861,18.431527121956208,72.9290653287291,77.10197745397058,,"<a href=""https://m.stock.naver.com/domestic/stock/002620/total"" target=""_blank"">Naver</a>"
207940,삼성바이오로직스,66.42386388392511,57.71859135982432,87.80311899161738,82.9675172714962,30.90355185953083,,"<a href=""https://m.stock.naver.com/domestic/stock/207940/total"" target=""_blank"">Naver</a>"
079160,CJ CGV,66.14852080437751,95.52901103480531,10.33973202360337,28.081798343450398,68.76002686496881,,"<a href=""https://m.stock.naver.com/domestic/stock/079160/total"" target=""_blank"">Naver</a>"
161390,한국타이어앤테크놀로지,66.14024507077308,62.7417993852649,65.81301938855461,92.51207493604986,55.81406197741002,,"<a href=""https://m.stock.naver.com/domestic/stock/161390/total"" target=""_blank"">Naver</a>"
002150,도화엔지니어링,66.13420390765148,71.98355956938612,43.36060019388984,80.31246353063806,81.45343528967085,,"<a href=""https://m.stock.naver.com/domestic/stock/002150/total"" target=""_blank"">Naver</a>"
009200,무림페이퍼,66.04604977712908,73.86813530505897,48.37013703114283,65.04799612275134,62.55669448065725,,"<a href=""https://m.stock.naver.com/domestic/stock/009200/total"" target=""_blank"">Naver</a>"
103140,풍산,66.00102521435457,63.766856274450696,60.50876522351485,92.75220380198837,66.76999527213226,,"<a href=""https://m.stock.naver.com/domestic/stock/103140/total"" target=""_blank"">Naver</a>"
014580,태경비케이,65.88480202128714,58.237600619646834,70.1109153665439,93.64983575914584,80.99058463896966,,"<a href=""https://m.stock.naver.com/domestic/stock/014580/total"" target=""_blank"">Naver</a>"
008730,율촌화학,65.80719462109509,77.58221293258224,36.95047537907124,66.1463846444932,68.11219104657235,,"<a href=""https://m.stock.naver.com/domestic/stock/008730/total"" target=""_blank"">Naver</a>"
037710,광주신세계,65.56651546776591,50.0,87.20925598496781,99.17445087445643,76.93512768156648,,"<a href=""https://m.stock.naver.com/domestic/stock/037710/total"" target=""_blank"">Naver</a>"
017670,SK텔레콤,65.46170985995721,63.7317222396184,64.89185559009363,72.49377201099004,75.00670835127517,,"<a href=""https://m.stock.naver.com/domestic/stock/017670/total"" target=""_blank"">Naver</a>"
145720,덴티움,65.43103900715246,51.39659946924303,96.73943942330645,86.82743935263478,34.509510690331226,,"<a href=""https://m.stock.naver.com/domestic/stock/145720/total"" target=""_blank"">Naver</a>"
018880,한온시스템,65.40915267103978,70.84139230433341,50.62014587731751,59.964366051189224,85.0568842798286,,"<a href=""https://m.stock.naver.com/domestic/stock/018880/total"" target=""_blank"">Naver</a>"
001260,남광토건,65.39881042833541,61.97660169695549,63.69207973158378,74.42316555241221,96.95025844049901,,"<a href=""https://m.stock.naver.com/domestic/stock/001260/total"" target=""_blank"">Naver</a>"
007210,벽산,65.27342255493733,67.29284730079873,51.279302501589484,79.3174219313255,82.92292711856354,,"<a href=""https://m.stock.naver.com/domestic/stock/007210/total"" target=""_blank"">Naver</a>"
012750,에스원,65.2509430433623,58.428839551586776,63.106362042732634,97.69778611734338,92.94540379985486,,"<a href=""https://m.stock.naver.com/domestic/stock/012750/total"" target=""_blank"">Naver</a>"
023800,인지컨트롤스,65.20389715238124,71.06336323589981,51.369723773993336,55.84375871913724,82.78144790858587,,"<a href=""https://m.stock.naver.com/domestic/stock/023800/total"" target=""_blank"">Naver</a>"
007980,TP,64.84658598323824,65.26672799611613,63.001578045686564,60.22712686986459,78.26883974320924,,"<a href=""https://m.stock.naver.com/domestic/stock/007980/total"" target=""_blank"">Naver</a>"
018670,SK가스,64.77804003072407,67.25421805313812,55.43415602078877,62.432153579924545,86.47509671303122,,"<a href=""https://m.stock.naver.com/domestic/stock/018670/total"" target=""_blank"">Naver</a>"
334890,이지스밸류플러스리츠,64.38903149512346,50.0,93.69298911000162,99.65784217623053,20.0,,"<a href=""https://m.stock.naver.com/domestic/stock/334890/total"" target=""_blank"">Naver</a>"
033270,유나이티드제약,64.27419731951098,50.0,84.34151619731318,99.4077782769261,64.96080884980135,,"<a href=""https://m.stock.naver.com/domestic/stock/033270/total"" target=""_blank"">Naver</a>"
001630,종근당홀딩스,64.26033256751136,79.08656249504735,31.412689748977538,60.32513259163208,58.454187481507184,,"<a href=""https://m.stock.naver.com/domestic/stock/001630/total"" target=""_blank"">Naver</a>"
259960,크래프톤,64.05361116676463,48.8377737793188,89.32297463982722,99.57784003728861,49.248384709753466,,"<a href=""https://m.stock.naver.com/domestic/stock/259960/total"" target=""_blank"">Naver</a>"
060980,HL홀딩스,64.02399235990329,65.15955567699893,69.83915924569756,57.18469142279547,35.0,,"<a href=""https://m.stock.naver.com/domestic/stock/060980/total"" target=""_blank"">Naver</a>"
015860,일진홀딩스,63.92045663361423,64.57929591146745,48.92641250547816,88.95812692010391,80.90926536707643,,"<a href=""https://m.stock.naver.com/domestic/stock/015860/total"" target=""_blank"">Naver</a>"
004080,신흥,63.85575662796607,58.0179564667908,65.76481378001853,93.93748937593296,64.20060730587332,,"<a href=""https://m.stock.naver.com/domestic/stock/004080/total"" target=""_blank"">Naver</a>"
010100,한국무브넥스,63.83904681051256,62.51034187713734,57.053061942685225,76.28874093782937,88.81404209551837,,"<a href=""https://m.stock.naver.com/domestic/stock/010100/total"" target=""_blank"">Naver</a>"
026960,동서,63.67476908362409,50.76560413563261,78.3448880752426,99.88225833922769,72.81917499022217,,"<a href=""https://m.stock.naver.com/domestic/stock/026960/total"" target=""_blank"">Naver</a>"
281820,케이씨텍,63.65793032479013,50.0,80.73375952703083,99.66355672296694,70.16269541471465,,"<a href=""https://m.stock.naver.com/domestic/stock/281820/total"" target=""_blank"">Naver</a>"
000590,CS홀딩스,63.58196281868327,57.95804491280882,68.35369906416334,89.75646867919431,54.861284740754286,,"<a href=""https://m.stock.naver.com/domestic/stock/000590/total"" target=""_blank"">Naver</a>"
024090,디씨엠,63.57600230442486,50.0,78.34243768726868,99.60812784687093,80.59160195841208,,"<a href=""https://m.stock.naver.com/domestic/stock/024090/total"" target=""_blank"">Naver</a>"
178920,PI첨단소재,63.436053149472244,50.0,84.18790379785506,97.64700151179639,52.48754097657688,,"<a href=""https://m.stock.naver.com/domestic/stock/178920/total"" target=""_blank"">Naver</a>"
008260,NI스틸,63.43253859211864,50.0,88.83351347027201,74.15207824501815,76.17904800097654,,"<a href=""https://m.stock.naver.com/domestic/stock/008260/total"" target=""_blank"">Naver</a>"
103590,일진전기,63.428225337424095,66.09205280651771,52.481065751567144,64.16511753520552,84.72430924202257,,"<a href=""https://m.stock.naver.com/domestic/stock/103590/total"" target=""_blank"">Naver</a>"
350520,이지스레지던스리츠,63.31084622863612,50.0,98.71867053339082,76.31178595288415,20.0,,"<a href=""https://m.stock.naver.com/domestic/stock/350520/total"" target=""_blank"">Naver</a>"
014280,금강공업,63.28117436560963,63.01160108378681,63.84272939788141,63.855654756287706,62.559317804768455,,"<a href=""https://m.stock.naver.com/domestic/stock/014280/total"" target=""_blank"">Naver</a>"
082740,한화엔진,63.063876213844395,85.44632484086672,17.709239090883784,39.14856832466642,69.07829408273552,,"<a href=""https://m.stock.naver.com/domestic/stock/082740/total"" target=""_blank"">Naver</a>"
000120,CJ대한통운,62.96340207021082,64.52824344571391,50.846602162541465,70.67221657570407,89.35167609153403,,"<a href=""https://m.stock.naver.com/domestic/stock/000120/total"" target=""_blank"">Naver</a>"
006260,LS,62.943427216555925,64.78021114885003,55.06205438011477,68.53693119272117,69.121876258902,,"<a href=""https://m.stock.naver.com/domestic/stock/006260/total"" target=""_blank"">Naver</a>"
338100,NH프라임리츠,62.84555523742082,50.0,87.3855979914244,99.9915573956472,20.0,,"<a href=""https://m.stock.naver.com/domestic/stock/338100/total"" target=""_blank"">Naver</a>"
001770,SHD,62.79378158332642,50.0,77.96461266216697,93.95063328188937,78.15130179191465,,"<a href=""https://m.stock.naver.com/domestic/stock/001770/total"" target=""_blank"">Naver</a>"
004450,삼화왕관,62.70203122359534,77.80959269894082,16.724472382083476,79.97387564891285,76.75539887637395,,"<a href=""https://m.stock.naver.com/domestic/stock/004450/total"" target=""_blank"">Naver</a>"
271560,오리온,62.67309471690622,47.11346837126455,81.1035334943039,99.41703262551107,83.7485411604081,,"<a href=""https://m.stock.naver.com/domestic/stock/271560/total"" target=""_blank"">Naver</a>"
002030,아세아,62.49637540390153,53.944946731120474,68.67917180341702,90.69651944861938,77.79924939026097,,"<a href=""https://m.stock.naver.com/domestic/stock/002030/total"" target=""_blank"">Naver</a>"
058650,세아홀딩스,62.48553498601572,62.38136027420867,50.904428768696704,86.37229954673742,73.8676334928521,,"<a href=""https://m.stock.naver.com/domestic/stock/058650/total"" target=""_blank"">Naver</a>"
028260,삼성물산,62.44075689140876,57.82351256598173,61.032253986375395,86.10063298846416,77.57045112758912,,"<a href=""https://m.stock.naver.com/domestic/stock/028260/total"" target=""_blank"">Naver</a>"
306200,세아제강,62.43981519231035,50.0,77.75189127608466,90.30129477709987,79.4342579115837,,"<a href=""https://m.stock.naver.com/domestic/stock/306200/total"" target=""_blank"">Naver</a>"
192080,더블유게임즈,62.35881419870925,60.25747200679242,50.0,100.0,74.08661989267601,,"<a href=""https://m.stock.naver.com/domestic/stock/192080/total"" target=""_blank"">Naver</a>"
101530,해태제과식품,62.343313199640676,64.7943090901929,53.38482930380651,57.28092562001959,87.84855715142692,,"<a href=""https://m.stock.naver.com/domestic/stock/101530/total"" target=""_blank"">Naver</a>"
092200,디아이씨,62.211529714930215,68.33934477467129,52.13136133262626,38.23716646328699,87.02731741284373,,"<a href=""https://m.stock.naver.com/domestic/stock/092200/total"" target=""_blank"">Naver</a>"
000220,유유제약,62.15343888930037,76.18827121168995,28.214070319781367,67.28544750734167,53.16827663213783,,"<a href=""https://m.stock.naver.com/domestic/stock/000220/total"" target=""_blank"">Naver</a>"
204320,HL만도,62.15224176903273,62.81064845225694,51.0713954084446,74.98401446810507,83.99204797513815,,"<a href=""https://m.stock.naver.com/domestic/stock/204320/total"" target=""_blank"">Naver</a>"
002960,한국쉘석유,62.10671350171236,50.0,72.12946765445261,99.17254347961155,83.14184480276111,,"<a href=""https://m.stock.naver.com/domestic/stock/002960/total"" target=""_blank"">Naver</a>"
002780,진흥기업,62.0766401875125,50.0,74.60290089078245,93.91149243737823,80.69531442158132,,"<a href=""https://m.stock.naver.com/domestic/stock/002780/total"" target=""_blank"">Naver</a>"
069730,DSR제강,62.01657866043768,50.0,76.28553959149285,95.97754669578062,66.94878185972802,,"<a href=""https://m.stock.naver.com/domestic/stock/069730/total"" target=""_blank"">Naver</a>"
095720,웅진씽크빅,62.00542215088395,65.12708202616928,43.72370564582391,78.30407774197153,83.35677499058511,,"<a href=""https://m.stock.naver.com/domestic/stock/095720/total"" target=""_blank"">Naver</a>"
033780,KT&G,61.99743690270586,48.71885649487721,84.48151480507575,98.24485297375176,36.42518014270855,,"<a href=""https://m.stock.naver.com/domestic/stock/033780/total"" target=""_blank"">Naver</a>"
021240,코웨이,61.99730781276346,47.48435180796711,83.73407390499956,85.8033665764732,79.8568318817196,,"<a href=""https://m.stock.naver.com/domestic/stock/021240/total"" target=""_blank"">Naver</a>"
025000,KPX케미칼,61.84323078473967,59.946780396765945,56.23665614118041,77.69172523074195,80.93651976621605,,"<a href=""https://m.stock.naver.com/domestic/stock/025000/total"" target=""_blank"">Naver</a>"
009580,무림P&P,61.81996973760101,64.08715756432694,50.780324341232394,76.50919091806861,60.433500437797846,,"<a href=""https://m.stock.naver.com/domestic/stock/009580/total"" target=""_blank"">Naver</a>"
104700,한국철강,61.673746524670975,50.0,69.75016472172139,99.53302643501878,85.65805401477509,,"<a href=""https://m.stock.naver.com/domestic/stock/104700/total"" target=""_blank"">Naver</a>"
214330,금호에이치티,61.609549702753725,74.25940055097274,20.566127933283187,87.0284944874887,64.19055880200824,,"<a href=""https://m.stock.naver.com/domestic/stock/214330/total"" target=""_blank"">Naver</a>"
089860,롯데렌탈,61.57160766340978,63.945025467473805,62.0263558417842,41.75569527476766,70.44867790005348,,"<a href=""https://m.stock.naver.com/domestic/stock/089860/total"" target=""_blank"">Naver</a>"
090080,평화산업,61.56793005478645,64.5877895811091,55.65496733705921,43.234306236785365,91.56167696355297,,"<a href=""https://m.stock.naver.com/domestic/stock/090080/total"" target=""_blank"">Naver</a>"
005690,파미셀,61.47187311213494,50.0,82.65723755576164,86.37316165614463,43.40495115160133,,"<a href=""https://m.stock.naver.com/domestic/stock/005690/total"" target=""_blank"">Naver</a>"
138490,코오롱ENP,61.435071747046216,50.39472435662113,70.06255105688739,96.49844504179303,80.65509729344774,,"<a href=""https://m.stock.naver.com/domestic/stock/138490/total"" target=""_blank"">Naver</a>"
357120,코람코라이프인프라리츠,61.242999059848685,50.0,82.48315480779337,76.22210357900339,60.0,,"<a href=""https://m.stock.naver.com/domestic/stock/357120/total"" target=""_blank"">Naver</a>"
010400,우진아이엔에스,61.204441762345475,74.06016522305958,21.534019452117093,74.51935783527783,78.65803963905353,,"<a href=""https://m.stock.naver.com/domestic/stock/010400/total"" target=""_blank"">Naver</a>"
134380,미원화학,61.18460267113628,50.0,67.64104786234026,99.71449778279893,86.05781854542654,,"<a href=""https://m.stock.naver.com/domestic/stock/134380/total"" target=""_blank"">Naver</a>"
006120,SK디스커버리,61.130688034382764,59.611160860431056,60.01286284099061,65.4081606072634,76.39919494300273,,"<a href=""https://m.stock.naver.com/domestic/stock/006120/total"" target=""_blank"">Naver</a>"
001800,오리온홀딩스,61.12897413305963,48.68570222450537,72.33447451097747,99.20323329780922,78.27221681662235,,"<a href=""https://m.stock.naver.com/domestic/stock/001800/total"" target=""_blank"">Naver</a>"
010780,아이에스동서,61.10696754156712,51.68032843292025,79.06886955339803,80.52795076951587,45.57516033027748,,"<a href=""https://m.stock.naver.com/domestic/stock/010780/total"" target=""_blank"">Naver</a>"
348950,제이알글로벌리츠,61.106097434789795,50.0,81.91563142814628,76.27189577753221,60.0,,"<a href=""https://m.stock.naver.com/domestic/stock/348950/total"" target=""_blank"">Naver</a>"
015590,DKME,61.05567076311809,50.0,73.78909459925042,90.62175525995993,70.92443174618974,,"<a href=""https://m.stock.naver.com/domestic/stock/015590/total"" target=""_blank"">Naver</a>"
293480,하나제약,61.04423948863372,50.0,74.93122318543841,98.42228537308982,49.384103099302735,,"<a href=""https://m.stock.naver.com/domestic/stock/293480/total"" target=""_blank"">Naver</a>"
001440,대한전선,60.91847865136918,63.39802470268006,45.446451238409736,73.56659926980103,83.22782186357205,,"<a href=""https://m.stock.naver.com/domestic/stock/001440/total"" target=""_blank"">Naver</a>"
093230,이아이디,60.88466383563524,84.4649147521496,10.15451895302143,42.27663821857893,68.78842848464464,,"<a href=""https://m.stock.naver.com/domestic/stock/093230/total"" target=""_blank"">Naver</a>"
044450,KSS해운,60.87471642597765,53.773611496060994,78.04452738145572,53.313999804204876,75.36035405113293,,"<a href=""https://m.stock.naver.com/domestic/stock/044450/total"" target=""_blank"">Naver</a>"
023450,동남합성,60.87034598693532,50.0,70.44507264398163,87.01619920258523,91.14915811362778,,"<a href=""https://m.stock.naver.com/domestic/stock/023450/total"" target=""_blank"">Naver</a>"
072130,유엔젤,60.818423030766134,55.28842936287075,58.23096276316437,99.67173194833319,62.40903054838546,,"<a href=""https://m.stock.naver.com/domestic/stock/072130/total"" target=""_blank"">Naver</a>"
016710,대성홀딩스,60.614564294032185,55.24709364016977,68.56134943345297,60.09340745265912,86.33260012602327,,"<a href=""https://m.stock.naver.com/domestic/stock/016710/total"" target=""_blank"">Naver</a>"
001210,금호전기,60.524004175289114,88.28961854644706,0.0,38.60902119353873,73.78661856134022,,"<a href=""https://m.stock.naver.com/domestic/stock/001210/total"" target=""_blank"">Naver</a>"
102280,쌍방울,60.44006015290603,77.10575857740876,14.386125575441445,83.71828266457283,44.16490692286247,,"<a href=""https://m.stock.naver.com/domestic/stock/102280/total"" target=""_blank"">Naver</a>"
005610,SPC삼립,60.41859141729951,58.53612253732962,57.24541749951103,63.18892476530758,93.33342086986454,,"<a href=""https://m.stock.naver.com/domestic/stock/005610/total"" target=""_blank"">Naver</a>"
120030,조선선재,60.39008927664577,50.0,75.94206387751213,88.5590205295536,50.97342508624767,,"<a href=""https://m.stock.naver.com/domestic/stock/120030/total"" target=""_blank"">Naver</a>"
001340,PKC,60.339931685862645,51.41226286312343,72.15402264114199,70.80976585649078,87.46183444108013,,"<a href=""https://m.stock.naver.com/domestic/stock/001340/total"" target=""_blank"">Naver</a>"
001020,페이퍼코리아,60.31012928682479,68.28962585299287,50.310888233346866,34.25453897918804,66.66355637547082,,"<a href=""https://m.stock.naver.com/domestic/stock/001020/total"" target=""_blank"">Naver</a>"
003670,포스코퓨처엠,60.30868140782966,60.99570220996029,52.82920589585279,71.82428075204272,66.43061065372041,,"<a href=""https://m.stock.naver.com/domestic/stock/003670/total"" target=""_blank"">Naver</a>"
090350,노루페인트,60.25823669182612,59.487652752434315,49.062399007431914,81.89514856800433,82.21060863414235,,"<a href=""https://m.stock.naver.com/domestic/stock/090350/total"" target=""_blank"">Naver</a>"
396690,미래에셋글로벌리츠,60.2499036274753,50.0,77.60663735055046,78.48244289837685,60.0,,"<a href=""https://m.stock.naver.com/domestic/stock/396690/total"" target=""_blank"">Naver</a>"
014910,성문전자,60.2112533265189,58.481687205019654,57.855850235968404,75.03540851719528,63.094751855909486,,"<a href=""https://m.stock.naver.com/domestic/stock/014910/total"" target=""_blank"">Naver</a>"
011420,갤럭시아에스엠,60.174203344175055,50.0,80.36030461586328,75.66211496404546,50.35831387609369,,"<a href=""https://m.stock.naver.com/domestic/stock/011420/total"" target=""_blank"">Naver</a>"
008420,문배철강,60.11899441282925,50.0,69.4010067692115,87.72525973250931,79.92433494550886,,"<a href=""https://m.stock.naver.com/domestic/stock/008420/total"" target=""_blank"">Naver</a>"
064350,현대로템,60.10019606850878,52.801185414704,69.22123785894226,70.34081802071167,81.60187105759294,,"<a href=""https://m.stock.naver.com/domestic/stock/064350/total"" target=""_blank"">Naver</a>"
003830,대한화섬,60.06093850933913,50.0,67.60854745413648,97.83302825440725,67.50997640728555,,"<a href=""https://m.stock.naver.com/domestic/stock/003830/total"" target=""_blank"">Naver</a>"
017810,풀무원,59.90602794743175,75.33237556195972,26.190220213143323,35.52394352344798,92.13306409250579,,"<a href=""https://m.stock.naver.com/domestic/stock/017810/total"" target=""_blank"">Naver</a>"
264900,크라운제과,59.90012970669442,50.0,64.5987665691204,92.51181533802642,89.98513061223352,,"<a href=""https://m.stock.naver.com/domestic/stock/264900/total"" target=""_blank"">Naver</a>"
016090,대현,59.878610710321524,50.0,69.06882290252538,99.43335568450851,53.36138832478672,,"<a href=""https://m.stock.naver.com/domestic/stock/016090/total"" target=""_blank"">Naver</a>"
326030,SK바이오팜,59.86296144227706,85.76021535232725,0.0,66.52530597464252,35.08603266832902,,"<a href=""https://m.stock.naver.com/domestic/stock/326030/total"" target=""_blank"">Naver</a>"
021820,세원정공,59.78445230854783,80.47021173990588,7.835723155834715,74.55183288633481,41.76422374024275,,"<a href=""https://m.stock.naver.com/domestic/stock/021820/total"" target=""_blank"">Naver</a>"
088260,이리츠코크렙,59.57008410817398,50.0,83.85914944181326,76.05296747720664,20.0,,"<a href=""https://m.stock.naver.com/domestic/stock/088260/total"" target=""_blank"">Naver</a>"
404990,신한서부티엔디리츠,59.497768620746704,50.0,82.03848402527292,60.03479542620748,59.69336143615451,,"<a href=""https://m.stock.naver.com/domestic/stock/404990/total"" target=""_blank"">Naver</a>"
002840,미원상사,59.41283518696516,40.73123392841806,86.77240132645504,99.47271522377659,66.67445951845811,,"<a href=""https://m.stock.naver.com/domestic/stock/002840/total"" target=""_blank"">Naver</a>"
069620,대웅제약,59.412441468841834,55.35866646799218,56.02581434558781,86.1901514742247,71.43545708454211,,"<a href=""https://m.stock.naver.com/domestic/stock/069620/total"" target=""_blank"">Naver</a>"
417310,코람코더원리츠,59.359721213260855,50.0,81.25935521479222,71.04946714308704,38.798713905081925,,"<a href=""https://m.stock.naver.com/domestic/stock/417310/total"" target=""_blank"">Naver</a>"
214320,이노션,59.3263433119079,53.08034768524478,63.26805264124417,85.90619544051208,61.41003992797569,,"<a href=""https://m.stock.naver.com/domestic/stock/214320/total"" target=""_blank"">Naver</a>"
017180,명문제약,59.32200030311924,59.5746586638463,58.62750458220703,59.98125123870138,58.44407670779133,,"<a href=""https://m.stock.naver.com/domestic/stock/017180/total"" target=""_blank"">Naver</a>"
365550,ESR켄달스퀘어리츠,59.28805555003297,50.0,80.46500283594796,81.7180484104598,20.0,,"<a href=""https://m.stock.naver.com/domestic/stock/365550/total"" target=""_blank"">Naver</a>"
008350,남선알미늄,59.24648068384232,55.52199855690938,54.443717345178925,85.68137337134704,75.08429752534514,,"<a href=""https://m.stock.naver.com/domestic/stock/008350/total"" target=""_blank"">Naver</a>"
003120,일성아이에스,59.15440255256711,50.0,79.99124947415083,74.72589494792318,33.68001378474179,,"<a href=""https://m.stock.naver.com/domestic/stock/003120/total"" target=""_blank"">Naver</a>"
006390,한일현대시멘트,59.09809052133947,50.0,66.11745627516608,89.87843839994738,71.61765225106416,,"<a href=""https://m.stock.naver.com/domestic/stock/006390/total"" target=""_blank"">Naver</a>"
036580,팜스코,59.028240549917015,74.4981633823662,25.902902449431934,35.404318839171715,86.26370048444281,,"<a href=""https://m.stock.naver.com/domestic/stock/036580/total"" target=""_blank"">Naver</a>"
006360,GS건설,58.791766640027575,58.226066832785044,55.97373780034386,61.6015427297622,74.0507563458872,,"<a href=""https://m.stock.naver.com/domestic/stock/006360/total"" target=""_blank"">Naver</a>"
330590,롯데리츠,58.643097798767315,50.0,80.3357954841532,59.1418907692465,52.89919701608717,,"<a href=""https://m.stock.naver.com/domestic/stock/330590/total"" target=""_blank"">Naver</a>"
014990,인디에프,58.60502532635066,80.08909200112201,13.402856334380266,36.93400188133392,70.14911707898004,,"<a href=""https://m.stock.naver.com/domestic/stock/014990/total"" target=""_blank"">Naver</a>"
282330,BGF리테일,58.53869483484746,52.46154639807386,63.24807094121385,64.27748546545351,96.44001428308673,,"<a href=""https://m.stock.naver.com/domestic/stock/282330/total"" target=""_blank"">Naver</a>"
001550,조비,58.52097687432906,50.0,67.49934163518405,87.47742333440542,57.96798264184994,,"<a href=""https://m.stock.naver.com/domestic/stock/001550/total"" target=""_blank"">Naver</a>"
004100,태양금속,58.49806755446924,64.68474820379423,44.90038669106897,40.876417670914655,87.4896038466799,,"<a href=""https://m.stock.naver.com/domestic/stock/004100/total"" target=""_blank"">Naver</a>"
086280,현대글로비스,58.47740613584178,47.04036214154397,66.3012866614147,91.3987137272492,90.75991625673623,,"<a href=""https://m.stock.naver.com/domestic/stock/086280/total"" target=""_blank"">Naver</a>"
047050,포스코인터내셔널,58.43184614227833,55.82293534409712,54.76148509287028,66.87282967270599,91.20861390663798,,"<a href=""https://m.stock.naver.com/domestic/stock/047050/total"" target=""_blank"">Naver</a>"
005500,삼진제약,58.39129985331029,50.0,65.7235987485656,94.89856237739633,49.410878568585,,"<a href=""https://m.stock.naver.com/domestic/stock/005500/total"" target=""_blank"">Naver</a>"
009810,플레이그램,58.332455725236336,69.44119926602605,26.40717973577159,69.88496615000398,61.548892333548174,,"<a href=""https://m.stock.naver.com/domestic/stock/009810/total"" target=""_blank"">Naver</a>"
108670,LX하우시스,58.32800347570144,72.2147451819042,23.25116292025292,48.75616238470764,86.21498796049866,,"<a href=""https://m.stock.naver.com/domestic/stock/108670/total"" target=""_blank"">Naver</a>"
001460,BYC,58.299347868786974,45.4682763484411,78.23950765159819,87.32182076289206,54.52646141067116,,"<a href=""https://m.stock.naver.com/domestic/stock/001460/total"" target=""_blank"">Naver</a>"
005070,코스모신소재,58.15894761092081,50.0,64.02558316083868,81.88338166786173,79.28427307849945,,"<a href=""https://m.stock.naver.com/domestic/stock/005070/total"" target=""_blank"">Naver</a>"
002760,보락,58.04956324256941,50.0,60.513911148038375,98.94941523212422,60.52287864694796,,"<a href=""https://m.stock.naver.com/domestic/stock/002760/total"" target=""_blank"">Naver</a>"
453340,현대그린푸드,58.0264679261316,50.0,58.511940705954714,95.7959308572089,76.37779327844069,,"<a href=""https://m.stock.naver.com/domestic/stock/453340/total"" target=""_blank"">Naver</a>"
034590,인천도시가스,58.02184268999536,55.57616605488415,48.818968164165774,86.53524058037863,76.35753915971134,,"<a href=""https://m.stock.naver.com/domestic/stock/034590/total"" target=""_blank"">Naver</a>"
267850,아시아나IDT,58.018586537574556,50.0,56.54879538036143,99.28686760605721,79.05401863756951,,"<a href=""https://m.stock.naver.com/domestic/stock/267850/total"" target=""_blank"">Naver</a>"
007280,한국특강,57.867782260305574,50.0,66.58829101332346,68.52686597375123,87.36045819199174,,"<a href=""https://m.stock.naver.com/domestic/stock/007280/total"" target=""_blank"">Naver</a>"
014160,대영포장,57.86768887271444,50.0,56.587713736010585,91.44795858551893,91.51929160319793,,"<a href=""https://m.stock.naver.com/domestic/stock/014160/total"" target=""_blank"">Naver</a>"
020000,한섬,57.84638070086922,47.40682376158187,68.471752148607,98.4518264165678,48.783315302231316,,"<a href=""https://m.stock.naver.com/domestic/stock/020000/total"" target=""_blank"">Naver</a>"
023000,삼원강재,57.45842587964741,50.0,54.34900086865753,99.25038066652242,78.92275191661564,,"<a href=""https://m.stock.naver.com/domestic/stock/023000/total"" target=""_blank"">Naver</a>"
007310,오뚜기,57.4353898306138,46.88556579790196,67.27589510346097,85.44833868091911,78.8048541583095,,"<a href=""https://m.stock.naver.com/domestic/stock/007310/total"" target=""_blank"">Naver</a>"
012200,계양전기,57.419367678888804,71.29595954417776,15.17672269500879,67.1423300280556,82.66756551648795,,"<a href=""https://m.stock.naver.com/domestic/stock/012200/total"" target=""_blank"">Naver</a>"
042660,한화오션,57.377058077929505,85.88051976424056,0.0,29.227266291343042,58.52039180501741,,"<a href=""https://m.stock.naver.com/domestic/stock/042660/total"" target=""_blank"">Naver</a>"
003850,보령,57.2737889547792,50.78224282801275,61.39856883622809,82.42594636828942,64.24412824171179,,"<a href=""https://m.stock.naver.com/domestic/stock/003850/total"" target=""_blank"">Naver</a>"
381970,케이카,57.249978115548245,50.0,55.49362785990667,87.83890591515555,91.85361118112048,,"<a href=""https://m.stock.naver.com/domestic/stock/381970/total"" target=""_blank"">Naver</a>"
003350,한국화장품제조,57.174559044192044,50.0,54.11236358669187,94.10932784802138,84.71070725433877,,"<a href=""https://m.stock.naver.com/domestic/stock/003350/total"" target=""_blank"">Naver</a>"
042700,한미반도체,57.06762513949269,33.333333333333336,100.0,99.27935246539032,42.79379785907308,,"<a href=""https://m.stock.naver.com/domestic/stock/042700/total"" target=""_blank"">Naver</a>"
067830,세이브존I&C,57.01751634780542,50.0,58.675203113005104,86.47247693900131,74.02935751308016,,"<a href=""https://m.stock.naver.com/domestic/stock/067830/total"" target=""_blank"">Naver</a>"
192400,쿠쿠홀딩스,56.97409805599697,39.99686812300212,77.61927051504607,99.56028663981341,72.30261778905675,,"<a href=""https://m.stock.naver.com/domestic/stock/192400/total"" target=""_blank"">Naver</a>"
033250,체시스,56.88058766783882,81.30863521239276,0.0,45.32390470962924,71.26032138880477,,"<a href=""https://m.stock.naver.com/domestic/stock/033250/total"" target=""_blank"">Naver</a>"
400760,NH올원리츠,56.872525903517676,50.0,78.73809140991918,45.0003367330435,53.759387554670624,,"<a href=""https://m.stock.naver.com/domestic/stock/400760/total"" target=""_blank"">Naver</a>"
003780,진양산업,56.869375833204366,44.81622577366573,65.89899081196724,91.35849198398398,87.38086935229441,,"<a href=""https://m.stock.naver.com/domestic/stock/003780/total"" target=""_blank"">Naver</a>"
026940,부국철강,56.86469640053031,50.0,52.411535308369785,99.45213642709557,76.33197861456618,,"<a href=""https://m.stock.naver.com/domestic/stock/026940/total"" target=""_blank"">Naver</a>"
357430,마스턴프리미어리츠,56.795053623138216,50.0,70.8571124758348,80.80775504179512,20.0,,"<a href=""https://m.stock.naver.com/domestic/stock/357430/total"" target=""_blank"">Naver</a>"
058860,KTis,56.69098400963365,50.0,55.19302480137361,82.33097206256468,93.19261206067566,,"<a href=""https://m.stock.naver.com/domestic/stock/058860/total"" target=""_blank"">Naver</a>"
145270,케이탑리츠,56.67469251437189,42.66266866603703,90.21154602532972,55.242048084172424,60.0,,"<a href=""https://m.stock.naver.com/domestic/stock/145270/total"" target=""_blank"">Naver</a>"
011300,성안머티리얼스,56.674512326930596,77.30490983327189,16.938666994979794,30.932863435976127,59.272266692498064,,"<a href=""https://m.stock.naver.com/domestic/stock/011300/total"" target=""_blank"">Naver</a>"
004870,티웨이홀딩스,56.64713658475737,50.0,66.66666666666667,71.48841209379748,56.63257417421898,,"<a href=""https://m.stock.naver.com/domestic/stock/004870/total"" target=""_blank"">Naver</a>"
271940,일진하이솔루스,56.617925277129444,50.0,52.313282021270766,99.77927478707424,71.23354586208649,,"<a href=""https://m.stock.naver.com/domestic/stock/271940/total"" target=""_blank"">Naver</a>"
002870,신풍,56.58292886639996,79.49865277180733,0.0,68.91182386662634,39.85109633305848,,"<a href=""https://m.stock.naver.com/domestic/stock/002870/total"" target=""_blank"">Naver</a>"
001130,대한제분,56.50726502464326,51.00899701102869,51.47945702754006,91.6341300104322,77.37179120195631,,"<a href=""https://m.stock.naver.com/domestic/stock/001130/total"" target=""_blank"">Naver</a>"
122900,아이마켓코리아,56.36081094196731,52.6181165997171,44.90146650214888,89.59043284654825,92.11062143890003,,"<a href=""https://m.stock.naver.com/domestic/stock/122900/total"" target=""_blank"">Naver</a>"
068290,삼성출판사,56.29300471716886,50.0,67.03874440906672,74.48892408198984,41.6885241340639,,"<a href=""https://m.stock.naver.com/domestic/stock/068290/total"" target=""_blank"">Naver</a>"
011500,한농화성,56.281024755016894,50.0,51.69175150282735,92.35292910450322,82.45587937719469,,"<a href=""https://m.stock.naver.com/domestic/stock/011500/total"" target=""_blank"">Naver</a>"
004000,롯데정밀화학,56.21202153811405,41.38372393023139,78.28916175994021,78.42735211460257,79.335230570598,,"<a href=""https://m.stock.naver.com/domestic/stock/004000/total"" target=""_blank"">Naver</a>"
012690,모나리자,56.02261601114019,50.0,47.65830935228339,98.1855948025806,85.78958385622559,,"<a href=""https://m.stock.naver.com/domestic/stock/012690/total"" target=""_blank"">Naver</a>"
357250,미래에셋맵스리츠,55.86665850006243,50.0,72.79769053927575,66.6723586524349,20.0,,"<a href=""https://m.stock.naver.com/domestic/stock/357250/total"" target=""_blank"">Naver</a>"
069460,대호에이엘,55.847742034385114,50.0,57.46841655947882,75.34386974003885,78.9250184102305,,"<a href=""https://m.stock.naver.com/domestic/stock/069460/total"" target=""_blank"">Naver</a>"
395400,SK리츠,55.841020553192834,50.0,73.9644327771718,43.499123588998856,60.0,,"<a href=""https://m.stock.naver.com/domestic/stock/395400/total"" target=""_blank"">Naver</a>"
009680,모토닉,55.779597308370384,44.746752330429224,59.608905142034985,99.74649528361573,81.09340192485055,,"<a href=""https://m.stock.naver.com/domestic/stock/009680/total"" target=""_blank"">Naver</a>"
018470,조일알미늄,55.75748971189999,50.0,56.052204788193706,78.65419739423287,77.58037550856564,,"<a href=""https://m.stock.naver.com/domestic/stock/018470/total"" target=""_blank"">Naver</a>"
030000,제일기획,55.74838351281859,43.831842420110995,66.70095219464868,86.30494329804802,82.87091364570051,,"<a href=""https://m.stock.naver.com/domestic/stock/030000/total"" target=""_blank"">Naver</a>"
014710,사조씨푸드,55.689482727550114,50.0,55.03512380048253,88.98883705331404,60.63636144196158,,"<a href=""https://m.stock.naver.com/domestic/stock/014710/total"" target=""_blank"">Naver</a>"
005870,휴니드,55.58852180628668,50.0,56.961692054737426,88.73208134763058,49.49781315678524,,"<a href=""https://m.stock.naver.com/domestic/stock/005870/total"" target=""_blank"">Naver</a>"
057050,현대홈쇼핑,55.54499981508471,46.39061323128967,57.74141016868655,94.08901777301193,77.32755113676144,,"<a href=""https://m.stock.naver.com/domestic/stock/057050/total"" target=""_blank"">Naver</a>"
010660,화천기계,55.54346672110167,50.0,45.62611059610109,96.73499008011913,89.26880128128965,,"<a href=""https://m.stock.naver.com/domestic/stock/010660/total"" target=""_blank"">Naver</a>"
081000,일진다이아,55.518861538822335,54.8459057279505,40.20859642808413,94.72236209806655,61.73865570448702,,"<a href=""https://m.stock.naver.com/domestic/stock/081000/total"" target=""_blank"">Naver</a>"
008110,대동전자,55.49017752199425,44.2500829084801,66.56069229570132,87.66053985018794,70.67801435924136,,"<a href=""https://m.stock.naver.com/domestic/stock/008110/total"" target=""_blank"">Naver</a>"
010140,삼성중공업,55.39764453372803,79.42241143294233,2.029734277688309,39.586198307773586,65.56288547526393,,"<a href=""https://m.stock.naver.com/domestic/stock/010140/total"" target=""_blank"">Naver</a>"
084870,TBH글로벌,55.39433667030516,53.58836419418671,49.756456145832296,78.54980202245476,58.944478301791634,,"<a href=""https://m.stock.naver.com/domestic/stock/084870/total"" target=""_blank"">Naver</a>"
083420,그린케미칼,55.21410209184912,50.0,48.673720437006146,86.83974574825461,87.2339481554424,,"<a href=""https://m.stock.naver.com/domestic/stock/083420/total"" target=""_blank"">Naver</a>"
011150,CJ씨푸드,55.19524841745539,50.0,58.17987667022402,68.06520245289141,76.87518009220476,,"<a href=""https://m.stock.naver.com/domestic/stock/011150/total"" target=""_blank"">Naver</a>"
109070,주성코퍼레이션,55.19265682883493,73.78635935889037,0.0,67.7745631471473,82.86769797571947,,"<a href=""https://m.stock.naver.com/domestic/stock/109070/total"" target=""_blank"">Naver</a>"
009410,태영건설,55.125986301730514,55.763416787126395,53.72367945853705,49.586700501293095,65.56692629382194,,"<a href=""https://m.stock.naver.com/domestic/stock/009410/total"" target=""_blank"">Naver</a>"
130660,한전산업,55.07067718542884,40.93773400420205,64.81181197420263,95.20839903828102,95.68487771057698,,"<a href=""https://m.stock.naver.com/domestic/stock/130660/total"" target=""_blank"">Naver</a>"
377190,디앤디플랫폼리츠,54.98653410964749,50.0,69.2705979422095,54.08967613734261,45.19834020721701,,"<a href=""https://m.stock.naver.com/domestic/stock/377190/total"" target=""_blank"">Naver</a>"
032640,LG유플러스,54.97645893589341,46.93897977347689,59.612735721096115,79.6828317450843,78.83207934049653,,"<a href=""https://m.stock.naver.com/domestic/stock/032640/total"" target=""_blank"">Naver</a>"
244920,에이플러스에셋,54.972972416079735,39.83927625500455,79.04832177632498,70.77800645633377,84.59051146724772,,"<a href=""https://m.stock.naver.com/domestic/stock/244920/total"" target=""_blank"">Naver</a>"
126560,현대퓨처넷,54.97020814160217,48.769457060910526,52.337534673697206,99.7677265257625,52.94755168110612,,"<a href=""https://m.stock.naver.com/domestic/stock/126560/total"" target=""_blank"">Naver</a>"
002810,삼영무역,54.90848192913348,40.922085867476994,68.03627680232364,95.93468047747939,75.05386320636856,,"<a href=""https://m.stock.naver.com/domestic/stock/002810/total"" target=""_blank"">Naver</a>"
014820,동원시스템즈,54.83092699602297,44.88174215183361,61.87078967495313,82.9969595137114,82.6897666962675,,"<a href=""https://m.stock.naver.com/domestic/stock/014820/total"" target=""_blank"">Naver</a>"
011210,현대위아,54.799103867823455,51.89637925229363,44.27705817806228,84.79786556835694,82.24450430192016,,"<a href=""https://m.stock.naver.com/domestic/stock/011210/total"" target=""_blank"">Naver</a>"
284740,쿠쿠홈시스,54.79023323667522,36.548927935235625,76.9042526361947,97.86488476284484,76.9664968040138,,"<a href=""https://m.stock.naver.com/domestic/stock/284740/total"" target=""_blank"">Naver</a>"
031440,신세계푸드,54.769145693563125,55.40142392207437,44.4294944065045,59.13027328511375,90.15780820361991,,"<a href=""https://m.stock.naver.com/domestic/stock/031440/total"" target=""_blank"">Naver</a>"
006090,사조오양,54.757414635854936,50.0,50.25294635937982,84.08944071184739,75.7046794965048,,"<a href=""https://m.stock.naver.com/domestic/stock/006090/total"" target=""_blank"">Naver</a>"
002690,동일제강,54.735667970078964,50.0,45.353675460207455,99.65074546422872,68.64349117208455,,"<a href=""https://m.stock.naver.com/domestic/stock/002690/total"" target=""_blank"">Naver</a>"
007110,일신석재,54.535651658944516,50.0,49.07287210961976,81.67705807544625,81.99455647989886,,"<a href=""https://m.stock.naver.com/domestic/stock/007110/total"" target=""_blank"">Naver</a>"
019680,대교,54.455780436843064,72.18338090643964,5.4562878681243,53.53107017293868,88.5714581730868,,"<a href=""https://m.stock.naver.com/domestic/stock/019680/total"" target=""_blank"">Naver</a>"
084680,이월드,54.318306484718974,50.0,60.74518174799916,65.22988785085677,52.18044525267011,,"<a href=""https://m.stock.naver.com/domestic/stock/084680/total"" target=""_blank"">Naver</a>"
008870,금비,54.289417317393706,68.9392127295223,15.938206771138523,52.33389078288903,74.15897817213606,,"<a href=""https://m.stock.naver.com/domestic/stock/008870/total"" target=""_blank"">Naver</a>"
450080,에코프로머티,54.25569251524004,50.0,53.55138985066105,74.69154256512057,67.97381592125441,,"<a href=""https://m.stock.naver.com/domestic/stock/450080/total"" target=""_blank"">Naver</a>"
009770,삼정펄프,54.117400485251316,50.0,40.744578867356545,99.76928452115457,79.08654632593434,,"<a href=""https://m.stock.naver.com/domestic/stock/009770/total"" target=""_blank"">Naver</a>"
005820,원림,54.05159525653924,42.5477427275379,61.87750618637367,99.50330246332655,62.064856541808474,,"<a href=""https://m.stock.naver.com/domestic/stock/005820/total"" target=""_blank"">Naver</a>"
009070,KCTC,54.03926133192661,46.76940348819002,57.96369701528863,69.67787102360562,90.37815765659752,,"<a href=""https://m.stock.naver.com/domestic/stock/009070/total"" target=""_blank"">Naver</a>"
004700,조광피혁,53.929628898390696,50.0,47.815353716156984,98.178138568214,43.15953225060097,,"<a href=""https://m.stock.naver.com/domestic/stock/004700/total"" target=""_blank"">Naver</a>"
075580,세진중공업,53.92728429554647,49.705924186096865,60.71452262223689,53.29791727041736,71.90614802574781,,"<a href=""https://m.stock.naver.com/domestic/stock/075580/total"" target=""_blank"">Naver</a>"
272210,한화시스템,53.85829180085378,50.45484695069706,50.149530740695944,74.51613049026297,71.92775792470513,,"<a href=""https://m.stock.naver.com/domestic/stock/272210/total"" target=""_blank"">Naver</a>"
352820,하이브,53.66167500620364,48.01409542563144,55.99572942361496,71.56549227797025,73.9547233424801,,"<a href=""https://m.stock.naver.com/domestic/stock/352820/total"" target=""_blank"">Naver</a>"
293940,신한알파리츠,53.535190869209806,50.0,74.40774668167613,39.332541987907724,20.0,,"<a href=""https://m.stock.naver.com/domestic/stock/293940/total"" target=""_blank"">Naver</a>"
071320,지역난방공사,53.472594506970566,71.66442913510902,13.388433834231062,39.00213354270608,64.53230426153574,,"<a href=""https://m.stock.naver.com/domestic/stock/071320/total"" target=""_blank"">Naver</a>"
180640,한진칼,53.31361078550102,41.049374138364804,100.0,9.581454376299273,54.51681729704406,,"<a href=""https://m.stock.naver.com/domestic/stock/180640/total"" target=""_blank"">Naver</a>"
037560,LG헬로비전,53.31235880020155,56.631037632558666,32.31801744206589,72.20144216381138,80.68175287537483,,"<a href=""https://m.stock.naver.com/domestic/stock/037560/total"" target=""_blank"">Naver</a>"
004310,현대약품,53.3088986672628,50.0,44.25697042277067,85.24832550997822,74.39647021144619,,"<a href=""https://m.stock.naver.com/domestic/stock/004310/total"" target=""_blank"">Naver</a>"
002140,고려산업,53.29306499669517,55.31424368531541,40.37618849191691,60.97574191959366,78.25794941134666,,"<a href=""https://m.stock.naver.com/domestic/stock/002140/total"" target=""_blank"">Naver</a>"
446070,유니드비티플러스,53.170688937544206,50.0,49.213834122396236,99.72025256736774,17.904103004167467,,"<a href=""https://m.stock.naver.com/domestic/stock/446070/total"" target=""_blank"">Naver</a>"
008770,호텔신라,52.93881228813937,55.077320667005075,43.527579752743826,61.28043237066624,57.64963425367468,,"<a href=""https://m.stock.naver.com/domestic/stock/008770/total"" target=""_blank"">Naver</a>"
322000,HD현대에너지솔루션,52.82310014679096,40.26153579568538,65.18387268711112,87.40981714934543,72.58457565334842,,"<a href=""https://m.stock.naver.com/domestic/stock/322000/total"" target=""_blank"">Naver</a>"
023350,한국종합기술,52.802610539230685,50.0,46.02821327403317,70.16447783816153,85.58218873812474,,"<a href=""https://m.stock.naver.com/domestic/stock/023350/total"" target=""_blank"">Naver</a>"
025890,한국주강,52.73707620198592,50.0,48.206484754833774,68.2859368687873,77.1372265279749,,"<a href=""https://m.stock.naver.com/domestic/stock/025890/total"" target=""_blank"">Naver</a>"
000210,DL,52.736500848629916,54.20707768947987,43.41250230574203,59.08134371610667,69.01988573791638,,"<a href=""https://m.stock.naver.com/domestic/stock/000210/total"" target=""_blank"">Naver</a>"
004060,SG세계물산,52.65432653928519,48.71828117794948,46.494344028263754,92.39014332600597,51.21514985697931,,"<a href=""https://m.stock.naver.com/domestic/stock/004060/total"" target=""_blank"">Naver</a>"
450140,코오롱모빌리티그룹,52.619230651056604,50.0,51.90340195437407,49.894588059521965,93.07842713021789,,"<a href=""https://m.stock.naver.com/domestic/stock/450140/total"" target=""_blank"">Naver</a>"
005300,롯데칠성,52.3824248402984,43.00696416508313,61.51623546734118,71.530084133572,80.92358122112051,,"<a href=""https://m.stock.naver.com/domestic/stock/005300/total"" target=""_blank"">Naver</a>"
005740,크라운해태홀딩스,52.25900809878446,49.672766627475205,45.14976592560223,68.13881261676693,87.08050758444183,,"<a href=""https://m.stock.naver.com/domestic/stock/005740/total"" target=""_blank"">Naver</a>"
001080,만호제강,52.14024733566211,50.0,45.75986400009115,74.72274214400588,64.56014242477461,,"<a href=""https://m.stock.naver.com/domestic/stock/001080/total"" target=""_blank"">Naver</a>"
016380,KG스틸,52.122927254322335,31.285578765082118,83.40666551301825,82.12693804639588,85.74439624757814,,"<a href=""https://m.stock.naver.com/domestic/stock/016380/total"" target=""_blank"">Naver</a>"
375500,DL이앤씨,52.00580160511457,39.05578692709429,61.05524666596832,91.73094883357511,82.7084579801681,,"<a href=""https://m.stock.naver.com/domestic/stock/375500/total"" target=""_blank"">Naver</a>"
002900,TYM,51.98424677337032,34.828499274241786,79.86635470327806,77.62924747467338,67.15267571076808,,"<a href=""https://m.stock.naver.com/domestic/stock/002900/total"" target=""_blank"">Naver</a>"
066970,엘앤에프,51.938479855030366,40.698439255301544,63.06362616770095,82.46237017084913,70.14545485678563,,"<a href=""https://m.stock.naver.com/domestic/stock/066970/total"" target=""_blank"">Naver</a>"
004770,써니전자,51.89850310245693,33.612276398861745,75.36859990390543,99.90095649792693,57.977832747416684,,"<a href=""https://m.stock.naver.com/domestic/stock/004770/total"" target=""_blank"">Naver</a>"
071950,코아스,51.84801609315452,63.43969045232063,24.26482821425147,31.62635094737562,91.10719346923412,,"<a href=""https://m.stock.naver.com/domestic/stock/071950/total"" target=""_blank"">Naver</a>"
129260,인터지스,51.819274334023284,39.149412667909296,61.50188952708976,86.30951423563168,86.46405855884203,,"<a href=""https://m.stock.naver.com/domestic/stock/129260/total"" target=""_blank"">Naver</a>"
145990,삼양사,51.56508452806437,44.8427772295909,51.59135664858536,78.51888954274219,78.19380147778546,,"<a href=""https://m.stock.naver.com/domestic/stock/145990/total"" target=""_blank"">Naver</a>"
027970,한국제지,51.5372015372479,50.0,44.937284247935274,59.684699637492216,86.68821023029722,,"<a href=""https://m.stock.naver.com/domestic/stock/027970/total"" target=""_blank"">Naver</a>"
002700,신일전자,51.491032526679724,50.0,43.26699699947064,69.55987886343954,74.36590780936211,,"<a href=""https://m.stock.naver.com/domestic/stock/002700/total"" target=""_blank"">Naver</a>"
011230,삼화전자,51.486493565073744,73.05517152739398,3.7919111775512047,29.71791407050449,74.67242894398206,,"<a href=""https://m.stock.naver.com/domestic/stock/011230/total"" target=""_blank"">Naver</a>"
028100,동아지질,51.28960711256378,65.93924367103158,3.1389618753644726,68.08605677152993,82.65429527901445,,"<a href=""https://m.stock.naver.com/domestic/stock/028100/total"" target=""_blank"">Naver</a>"
003680,한성기업,51.270275139009,50.0,45.68763690742088,55.604756681300145,85.75780488047526,,"<a href=""https://m.stock.naver.com/domestic/stock/003680/total"" target=""_blank"">Naver</a>"
025820,이구산업,51.26497490715433,50.0,49.23716701170428,58.06496150342454,62.98374007771608,,"<a href=""https://m.stock.naver.com/domestic/stock/025820/total"" target=""_blank"">Naver</a>"
143210,핸즈코퍼레이션,51.25334661574551,69.80868784762366,6.52326155241002,42.77027716800487,69.20581604536639,,"<a href=""https://m.stock.naver.com/domestic/stock/143210/total"" target=""_blank"">Naver</a>"
010820,퍼스텍,51.07967216468313,50.0,46.417140603097,57.2542842376752,74.99917180282726,,"<a href=""https://m.stock.naver.com/domestic/stock/010820/total"" target=""_blank"">Naver</a>"
035420,NAVER,51.03019598983952,41.19480281895516,63.56903027332435,76.49506601287503,55.43100257695651,,"<a href=""https://m.stock.naver.com/domestic/stock/035420/total"" target=""_blank"">Naver</a>"
145210,다이나믹디자인,50.927632238554104,69.47935121460193,0.0,59.68247662801675,65.4354769398254,,"<a href=""https://m.stock.naver.com/domestic/stock/145210/total"" target=""_blank"">Naver</a>"
029460,케이씨,50.788388162062695,29.09018317012503,76.45559972076296,99.43547227472439,85.53662204648995,,"<a href=""https://m.stock.naver.com/domestic/stock/029460/total"" target=""_blank"">Naver</a>"
170900,동아에스티,50.64533632166371,47.60114280440511,46.752588592661276,75.12392981935038,57.68221017840591,,"<a href=""https://m.stock.naver.com/domestic/stock/170900/total"" target=""_blank"">Naver</a>"
004410,서울식품,50.56793107378965,50.0,45.648706226986654,49.91093818588682,83.29321396908618,,"<a href=""https://m.stock.naver.com/domestic/stock/004410/total"" target=""_blank"">Naver</a>"
030190,NICE평가정보,50.54398905010598,28.065045355481406,78.1723385001573,97.42569921835015,88.38614579885592,,"<a href=""https://m.stock.naver.com/domestic/stock/030190/total"" target=""_blank"">Naver</a>"
000720,현대건설,50.53748655717411,42.624301776301756,48.754207737237486,82.40452024305822,90.67803065555728,,"<a href=""https://m.stock.naver.com/domestic/stock/000720/total"" target=""_blank"">Naver</a>"
009310,참엔지니어링,50.25046986699089,57.066786335545544,35.08241580152279,34.23534946001948,76.32518338561842,,"<a href=""https://m.stock.naver.com/domestic/stock/009310/total"" target=""_blank"">Naver</a>"
019180,티에이치엔,50.13694287610404,58.603461548462654,25.783190396220988,42.69783155082912,85.18570385776569,,"<a href=""https://m.stock.naver.com/domestic/stock/019180/total"" target=""_blank"">Naver</a>"
069640,한세엠케이,50.002611903753994,70.29329958066039,4.781686620345698,37.06631083673447,58.49158833195772,,"<a href=""https://m.stock.naver.com/domestic/stock/069640/total"" target=""_blank"">Naver</a>"
204210,스타에스엠리츠,49.941330036038444,41.67447363576135,74.05012515740593,41.556058032481445,45.37017523964009,,"<a href=""https://m.stock.naver.com/domestic/stock/204210/total"" target=""_blank"">Naver</a>"
195870,해성디에스,49.922059445868065,21.443828049227594,94.267196588341,97.60384545313576,74.57157847865358,,"<a href=""https://m.stock.naver.com/domestic/stock/195870/total"" target=""_blank"">Naver</a>"
007120,미래아이앤지,49.84180337035008,50.0,31.402752869325905,82.15315698845653,75.51598908345906,,"<a href=""https://m.stock.naver.com/domestic/stock/007120/total"" target=""_blank"">Naver</a>"
021050,서원,49.8277417043842,50.0,40.38273336582916,59.13051319338001,76.38014087177828,,"<a href=""https://m.stock.naver.com/domestic/stock/021050/total"" target=""_blank"">Naver</a>"
119650,KC코트렐,49.78067815256417,60.002751619620845,20.776702528878065,42.63560848081151,86.4258140098199,,"<a href=""https://m.stock.naver.com/domestic/stock/119650/total"" target=""_blank"">Naver</a>"
003610,방림,49.702019176747214,43.50418595752288,51.60220553263508,76.82177171307208,60.33558095535018,,"<a href=""https://m.stock.naver.com/domestic/stock/003610/total"" target=""_blank"">Naver</a>"
001940,KISCO홀딩스,49.66329468433992,31.77259893020589,65.58712864811937,99.59119289625806,84.87667749121476,,"<a href=""https://m.stock.naver.com/domestic/stock/001940/total"" target=""_blank"">Naver</a>"
091090,세원이앤씨,49.59757405396311,60.46442973406473,13.577363207302168,63.603967950953304,71.28357233206782,,"<a href=""https://m.stock.naver.com/domestic/stock/091090/total"" target=""_blank"">Naver</a>"
003010,혜인,49.58472179543799,50.0,34.834219097782274,72.97343928192092,71.5764618560067,,"<a href=""https://m.stock.naver.com/domestic/stock/003010/total"" target=""_blank"">Naver</a>"
102460,이연제약,49.5175691383078,40.927386789942254,54.64243014431869,92.2064300253665,41.597730514522624,,"<a href=""https://m.stock.naver.com/domestic/stock/102460/total"" target=""_blank"">Naver</a>"
336260,두산퓨얼셀,49.40403003388647,50.0,44.496295678153786,70.03939445687246,25.520333373215564,,"<a href=""https://m.stock.naver.com/domestic/stock/336260/total"" target=""_blank"">Naver</a>"
009460,한창제지,49.37309654981173,50.0,42.424258148833324,55.03435915335324,65.27192194536144,,"<a href=""https://m.stock.naver.com/domestic/stock/009460/total"" target=""_blank"">Naver</a>"
016580,환인제약,49.232396188679004,32.09170937195744,71.254339064818,99.66181994446396,43.95207609707292,,"<a href=""https://m.stock.naver.com/domestic/stock/016580/total"" target=""_blank"">Naver</a>"
003550,LG,49.1759820225068,31.50439594057167,84.669076850432,73.56075245555802,35.0,,"<a href=""https://m.stock.naver.com/domestic/stock/003550/total"" target=""_blank"">Naver</a>"
267290,경동도시가스,49.07295512172243,39.79455273919889,48.246383888942944,83.86459615334799,94.96335781265124,,"<a href=""https://m.stock.naver.com/domestic/stock/267290/total"" target=""_blank"">Naver</a>"
004170,신세계,49.041594362395955,38.307394377707055,64.75875009464015,59.97733688610094,77.39473047003179,,"<a href=""https://m.stock.naver.com/domestic/stock/004170/total"" target=""_blank"">Naver</a>"
000150,두산,48.95334611373904,53.47946873753916,29.06608653715818,57.07472292351601,77.83341889148792,,"<a href=""https://m.stock.naver.com/domestic/stock/000150/total"" target=""_blank"">Naver</a>"
000140,하이트진로홀딩스,48.935223820324595,43.019569646043415,59.36811691248224,49.26939806553934,67.09025996048108,,"<a href=""https://m.stock.naver.com/domestic/stock/000140/total"" target=""_blank"">Naver</a>"
069960,현대백화점,48.840240964902705,42.208122472990034,52.850557121046734,70.98619101580869,64.08218198532269,,"<a href=""https://m.stock.naver.com/domestic/stock/069960/total"" target=""_blank"">Naver</a>"
023530,롯데쇼핑,48.725123719126785,54.255518652898864,31.76735918676248,40.861256779576195,82.87694105478445,,"<a href=""https://m.stock.naver.com/domestic/stock/023530/total"" target=""_blank"">Naver</a>"
214390,경보제약,48.72194086471264,50.0,38.67818466310748,64.61771778309608,51.812458412523235,,"<a href=""https://m.stock.naver.com/domestic/stock/214390/total"" target=""_blank"">Naver</a>"
020560,아시아나항공,48.64934262032883,45.946224786066786,52.54120533742355,39.343820788959974,80.23848670873751,,"<a href=""https://m.stock.naver.com/domestic/stock/020560/total"" target=""_blank"">Naver</a>"
012280,영화금속,48.64621277174615,50.0,40.4160505016246,44.53217704352693,81.77964883974616,,"<a href=""https://m.stock.naver.com/domestic/stock/012280/total"" target=""_blank"">Naver</a>"
012510,더존비즈온,48.622895723294704,34.37485853902074,65.91626134795462,76.29053883964743,77.79722757857714,,"<a href=""https://m.stock.naver.com/domestic/stock/012510/total"" target=""_blank"">Naver</a>"
078930,GS,48.591919274926774,27.8748247982923,76.10420027573242,84.45323258713265,87.91302136610061,,"<a href=""https://m.stock.naver.com/domestic/stock/078930/total"" target=""_blank"">Naver</a>"
003060,에이프로젠바이오로직스,48.50853540083729,50.9036386882971,44.77600779840347,60.223502382581586,15.0,,"<a href=""https://m.stock.naver.com/domestic/stock/003060/total"" target=""_blank"">Naver</a>"
452260,한화갤러리아,48.47352081869793,50.0,43.70754421612306,55.32875890018513,40.27517749297304,,"<a href=""https://m.stock.naver.com/domestic/stock/452260/total"" target=""_blank"">Naver</a>"
003920,남양유업,48.44843227723638,60.08740138195052,4.935935500490899,74.60537775843795,74.02939594199091,,"<a href=""https://m.stock.naver.com/domestic/stock/003920/total"" target=""_blank"">Naver</a>"
001470,삼부토건,48.40190158336739,65.65978253086557,0.0,57.45099657082103,65.218648155319,,"<a href=""https://m.stock.naver.com/domestic/stock/001470/total"" target=""_blank"">Naver</a>"
000520,삼일제약,48.31865102563175,49.89753002585032,42.28881056774833,41.60261566136214,72.95337604096531,,"<a href=""https://m.stock.naver.com/domestic/stock/000520/total"" target=""_blank"">Naver</a>"
020120,키다리스튜디오,48.23370936511179,46.86945335276608,36.31787419482475,70.78874998906923,79.07387611678054,,"<a href=""https://m.stock.naver.com/domestic/stock/020120/total"" target=""_blank"">Naver</a>"
001560,제일연마,47.90047785082337,36.99313256773115,51.28839392625969,99.58515462620096,58.479687319993275,,"<a href=""https://m.stock.naver.com/domestic/stock/001560/total"" target=""_blank"">Naver</a>"
035150,백산,47.77627291932145,25.446530401582876,78.94171957228643,86.48650274088811,82.4854902242261,,"<a href=""https://m.stock.naver.com/domestic/stock/035150/total"" target=""_blank"">Naver</a>"
003580,HLB글로벌,47.743009856623054,64.98948233281963,0.0,56.989069188278236,61.00827076206896,,"<a href=""https://m.stock.naver.com/domestic/stock/003580/total"" target=""_blank"">Naver</a>"
018260,삼성에스디에스,47.718998564946716,28.281842612776718,65.3375287331322,98.96966013966006,90.3708960006325,,"<a href=""https://m.stock.naver.com/domestic/stock/018260/total"" target=""_blank"">Naver</a>"
003220,대원제약,47.60959428661989,31.281979294370128,66.3493635415433,89.88585206613642,65.28961235996694,,"<a href=""https://m.stock.naver.com/domestic/stock/003220/total"" target=""_blank"">Naver</a>"
383800,LX홀딩스,47.5104480662355,27.59528464581001,89.84210718236073,74.92750483159315,20.0,,"<a href=""https://m.stock.naver.com/domestic/stock/383800/total"" target=""_blank"">Naver</a>"
000390,삼화페인트,47.380838407661244,39.14929353965334,47.93590727411928,82.38904740242403,73.36761450194038,,"<a href=""https://m.stock.naver.com/domestic/stock/000390/total"" target=""_blank"">Naver</a>"
058850,KTcs,47.27551135890931,33.544280716499536,53.62698345266949,90.27284481193743,94.2982516929695,,"<a href=""https://m.stock.naver.com/domestic/stock/058850/total"" target=""_blank"">Naver</a>"
005750,대림바스,47.20401313354722,44.72148687104459,44.19030489247957,61.035586278149296,64.39972319971305,,"<a href=""https://m.stock.naver.com/domestic/stock/005750/total"" target=""_blank"">Naver</a>"
001820,삼화콘덴서,47.16354512470334,25.956673553269507,74.07226341206758,93.98675138164069,73.4560000312133,,"<a href=""https://m.stock.naver.com/domestic/stock/001820/total"" target=""_blank"">Naver</a>"
005360,모나미,47.08017560449607,40.96733900047576,49.50724022344013,74.76761302308597,52.92401692083968,,"<a href=""https://m.stock.naver.com/domestic/stock/005360/total"" target=""_blank"">Naver</a>"
014530,극동유화,47.0420944592134,35.13401873816796,53.218697765679345,80.44815464608587,92.2438662056839,,"<a href=""https://m.stock.naver.com/domestic/stock/014530/total"" target=""_blank"">Naver</a>"
011170,롯데케미칼,47.00232431829945,45.10657225015623,36.064796277398926,68.92243771659281,80.59876254393389,,"<a href=""https://m.stock.naver.com/domestic/stock/011170/total"" target=""_blank"">Naver</a>"
051900,LG생활건강,46.92583072571483,32.337377775382585,57.697403240855294,97.23217585976273,67.51671328590369,,"<a href=""https://m.stock.naver.com/domestic/stock/051900/total"" target=""_blank"">Naver</a>"
015760,한국전력,46.84937250811275,67.10250431675998,0.0,29.352622250320337,73.05215386049466,,"<a href=""https://m.stock.naver.com/domestic/stock/015760/total"" target=""_blank"">Naver</a>"
011090,에넥스,46.79628152579487,61.848036268294045,0.0,50.48356530695834,92.78206468245216,,"<a href=""https://m.stock.naver.com/domestic/stock/011090/total"" target=""_blank"">Naver</a>"
000240,한국앤컴퍼니,46.77468019136129,26.308005351472815,76.2417462877446,92.2620377045051,54.0647327618188,,"<a href=""https://m.stock.naver.com/domestic/stock/000240/total"" target=""_blank"">Naver</a>"
051630,진양화학,46.71991002394469,50.0,21.519328838585214,71.83638198059766,83.12879232477239,,"<a href=""https://m.stock.naver.com/domestic/stock/051630/total"" target=""_blank"">Naver</a>"
000910,유니온,46.635416025212805,48.626232486263234,37.34698125919891,58.284365321596084,45.889893729910725,,"<a href=""https://m.stock.naver.com/domestic/stock/000910/total"" target=""_blank"">Naver</a>"
049800,우진플라임,46.47393727876599,27.682053704975743,76.0609796398628,70.16882727155347,76.65154837319001,,"<a href=""https://m.stock.naver.com/domestic/stock/049800/total"" target=""_blank"">Naver</a>"
001250,GS글로벌,46.19190142784532,34.36189605236198,56.74946583054001,68.08985078459972,91.56824520666336,,"<a href=""https://m.stock.naver.com/domestic/stock/001250/total"" target=""_blank"">Naver</a>"
133820,화인베스틸,46.15020459634622,50.0,29.177290859725332,49.53660454031659,78.04442854766464,,"<a href=""https://m.stock.naver.com/domestic/stock/133820/total"" target=""_blank"">Naver</a>"
015890,태경산업,46.0015909845837,29.631333994113607,60.81823515233315,88.41703043465984,83.53057513132532,,"<a href=""https://m.stock.naver.com/domestic/stock/015890/total"" target=""_blank"">Naver</a>"
002420,세기상사,45.935602454680364,50.0,19.09841028358242,69.91029039232619,83.39941689104276,,"<a href=""https://m.stock.naver.com/domestic/stock/002420/total"" target=""_blank"">Naver</a>"
051910,LG화학,45.838010372605304,34.96902184862145,52.46728583354738,83.63647864066112,67.52255881958965,,"<a href=""https://m.stock.naver.com/domestic/stock/051910/total"" target=""_blank"">Naver</a>"
005440,현대지에프홀딩스,45.76748243523816,33.333333333333336,52.056705189369474,84.40941918953135,86.24728437885304,,"<a href=""https://m.stock.naver.com/domestic/stock/005440/total"" target=""_blank"">Naver</a>"
005680,삼영전자,45.762582667215845,30.267506964206508,60.261998166734884,99.80268405808248,51.12621082399937,,"<a href=""https://m.stock.naver.com/domestic/stock/005680/total"" target=""_blank"">Naver</a>"
004490,세방전지,45.677111045403215,33.37903420584279,51.529914266037395,90.89174132291761,73.56075646192859,,"<a href=""https://m.stock.naver.com/domestic/stock/004490/total"" target=""_blank"">Naver</a>"
009470,삼화전기,45.61339794888746,29.851723902003148,61.55601719082521,79.36739494912389,87.53239630133767,,"<a href=""https://m.stock.naver.com/domestic/stock/009470/total"" target=""_blank"">Naver</a>"
010640,진양폴리,45.49162060337069,27.460800035184224,63.45036847785227,88.67320792703063,85.70455340188062,,"<a href=""https://m.stock.naver.com/domestic/stock/010640/total"" target=""_blank"">Naver</a>"
017960,한국카본,45.48143226008531,36.50486945308032,54.470787191070166,74.18139509621874,50.85348561695416,,"<a href=""https://m.stock.naver.com/domestic/stock/017960/total"" target=""_blank"">Naver</a>"
010130,고려아연,45.08097920015305,27.50076158491054,63.47947756570077,90.67530845759393,72.86244024044296,,"<a href=""https://m.stock.naver.com/domestic/stock/010130/total"" target=""_blank"">Naver</a>"
005800,신영와코루,44.66959796158736,28.863984432278915,61.25705445150845,98.52852797785243,43.68181783115294,,"<a href=""https://m.stock.naver.com/domestic/stock/005800/total"" target=""_blank"">Naver</a>"
090460,비에이치,44.66304004498682,20.455144144716115,74.29198065683555,91.70387964193587,92.93140859509366,,"<a href=""https://m.stock.naver.com/domestic/stock/090460/total"" target=""_blank"">Naver</a>"
013870,지엠비코리아,44.61819397692573,38.111558570879694,47.985239704515585,62.281435931306,70.53610630276847,,"<a href=""https://m.stock.naver.com/domestic/stock/013870/total"" target=""_blank"">Naver</a>"
002070,비비안,44.57398321218488,49.896057778095106,24.169469243506338,56.21077098972195,59.45808270958076,,"<a href=""https://m.stock.naver.com/domestic/stock/002070/total"" target=""_blank"">Naver</a>"
039570,HDC랩스,44.38439178206309,29.72429664227384,49.13807027932136,98.71623079111257,87.8734629551438,,"<a href=""https://m.stock.naver.com/domestic/stock/039570/total"" target=""_blank"">Naver</a>"
006340,대원전선,44.330103551245614,39.386903482875375,41.92048702064192,59.15318730547167,86.05041951625473,,"<a href=""https://m.stock.naver.com/domestic/stock/006340/total"" target=""_blank"">Naver</a>"
009440,KC그린홀딩스,44.23338399834242,48.5529083245245,25.27313817265033,46.87417710606706,81.91873499716851,,"<a href=""https://m.stock.naver.com/domestic/stock/009440/total"" target=""_blank"">Naver</a>"
033180,KH 필룩스,44.126363386996196,55.88256739081698,7.995902209044146,56.70600193024116,58.54494414441723,,"<a href=""https://m.stock.naver.com/domestic/stock/033180/total"" target=""_blank"">Naver</a>"
002220,한일철강,43.93092498625037,42.32504459612164,36.097177181389505,57.292133375250195,75.64781191409973,,"<a href=""https://m.stock.naver.com/domestic/stock/002220/total"" target=""_blank"">Naver</a>"
002990,금호건설,43.89991304330111,33.59990922560549,44.84878865091312,82.24701725475417,86.06137239468246,,"<a href=""https://m.stock.naver.com/domestic/stock/002990/total"" target=""_blank"">Naver</a>"
013580,계룡건설,43.88970636938519,32.0954835252408,53.404187201850654,68.16977887487029,89.28783132582028,,"<a href=""https://m.stock.naver.com/domestic/stock/013580/total"" target=""_blank"">Naver</a>"
097520,엠씨넥스,43.78648657018264,30.567146152057067,51.345806803587976,77.87241195638462,96.45011964825886,,"<a href=""https://m.stock.naver.com/domestic/stock/097520/total"" target=""_blank"">Naver</a>"
361610,SK아이이테크놀로지,43.74389668591124,50.989669497972606,18.431153291554974,60.1585655535768,50.52900217762513,,"<a href=""https://m.stock.naver.com/domestic/stock/361610/total"" target=""_blank"">Naver</a>"
014680,한솔케미칼,43.74240764172627,13.597243473228096,88.05886229699384,97.81778957412305,75.75134052257286,,"<a href=""https://m.stock.naver.com/domestic/stock/014680/total"" target=""_blank"">Naver</a>"
047040,대우건설,43.5808867706143,26.992635370624185,62.103623450378926,80.66239404645398,75.86320561999315,,"<a href=""https://m.stock.naver.com/domestic/stock/047040/total"" target=""_blank"">Naver</a>"
075180,새론오토모티브,43.475344811239694,44.244458131620355,23.526158766808692,74.71982542015229,71.50295397100159,,"<a href=""https://m.stock.naver.com/domestic/stock/075180/total"" target=""_blank"">Naver</a>"
001740,SK네트웍스,43.269719427708665,39.86906566502304,45.47914873484774,35.156084345876714,89.25768820790483,,"<a href=""https://m.stock.naver.com/domestic/stock/001740/total"" target=""_blank"">Naver</a>"
000990,DB하이텍,43.2071462883563,7.030765997121236,99.58054203538286,99.33859476390609,83.19383409694473,,"<a href=""https://m.stock.naver.com/domestic/stock/000990/total"" target=""_blank"">Naver</a>"
001420,태원물산,43.12585475447175,50.0,8.005028712338136,74.54562660765586,73.4006983124326,,"<a href=""https://m.stock.naver.com/domestic/stock/001420/total"" target=""_blank"">Naver</a>"
003490,대한항공,43.10211610932156,21.687745883810297,71.13746511035491,82.21233912347785,81.67736778197741,,"<a href=""https://m.stock.naver.com/domestic/stock/003490/total"" target=""_blank"">Naver</a>"
002200,한국수출포장,43.09688812150014,23.281975839192015,60.31195209657404,99.44443045439414,82.10543096804028,,"<a href=""https://m.stock.naver.com/domestic/stock/002200/total"" target=""_blank"">Naver</a>"
002210,동성제약,43.063795062251565,50.0,19.32809728266238,56.27462914452637,52.086156542666664,,"<a href=""https://m.stock.naver.com/domestic/stock/002210/total"" target=""_blank"">Naver</a>"
008500,일정실업,42.95659844546483,60.84936037918505,0.0,27.5,73.93964435907586,,"<a href=""https://m.stock.naver.com/domestic/stock/008500/total"" target=""_blank"">Naver</a>"
011280,태림포장,42.76701955306111,28.81311819302184,53.0762820767089,78.27734239089628,87.64687757962312,,"<a href=""https://m.stock.naver.com/domestic/stock/011280/total"" target=""_blank"">Naver</a>"
118000,메타케어,42.72115406852498,53.749465334015746,9.06938078606896,70.5309525546084,23.02068832274909,,"<a href=""https://m.stock.naver.com/domestic/stock/118000/total"" target=""_blank"">Naver</a>"
071840,롯데하이마트,42.70028507836018,50.0,11.25504998132935,55.55597164583551,86.61850836888576,,"<a href=""https://m.stock.naver.com/domestic/stock/071840/total"" target=""_blank"">Naver</a>"
092220,KEC,42.59998309754525,26.598869841858743,76.04324251540478,64.74235009430198,23.112311082972244,,"<a href=""https://m.stock.naver.com/domestic/stock/092220/total"" target=""_blank"">Naver</a>"
005880,대한해운,42.54776925371798,25.10555876337625,70.84955008325032,59.78785473158894,75.8652200344151,,"<a href=""https://m.stock.naver.com/domestic/stock/005880/total"" target=""_blank"">Naver</a>"
023960,에쓰씨엔지니어링,42.37865140406013,24.828117591139545,63.00639982280359,71.10153397834884,92.40054991681245,,"<a href=""https://m.stock.naver.com/domestic/stock/023960/total"" target=""_blank"">Naver</a>"
005030,부산주공,42.20042658156308,50.0,18.240086990172188,31.751065218164783,89.30596624407106,,"<a href=""https://m.stock.naver.com/domestic/stock/005030/total"" target=""_blank"">Naver</a>"
161890,한국콜마,42.09431641970508,35.54031738094598,40.74502340952282,68.03258437755908,75.61223402001765,,"<a href=""https://m.stock.naver.com/domestic/stock/161890/total"" target=""_blank"">Naver</a>"
003520,영진약품,42.09054628554019,50.0,8.837728989166301,66.22647148264898,65.16933779967444,,"<a href=""https://m.stock.naver.com/domestic/stock/003520/total"" target=""_blank"">Naver</a>"
007810,코리아써키트,41.81114474114977,25.59537795371215,50.34722147856325,95.36304626320394,86.6161594592255,,"<a href=""https://m.stock.naver.com/domestic/stock/007810/total"" target=""_blank"">Naver</a>"
088790,진도,41.393358884774955,25.7642634655602,59.022537403597404,90.89155023763044,41.800228615528894,,"<a href=""https://m.stock.naver.com/domestic/stock/088790/total"" target=""_blank"">Naver</a>"
032560,황금에스티,41.22658240401296,17.2768867780055,75.215321582969,93.37014936309872,54.39210010315077,,"<a href=""https://m.stock.naver.com/domestic/stock/032560/total"" target=""_blank"">Naver</a>"
001360,삼성제약,41.08033435219982,50.0,0.0,74.62654974979135,72.35358754441364,,"<a href=""https://m.stock.naver.com/domestic/stock/001360/total"" target=""_blank"">Naver</a>"
000970,한국주철관,41.03840458977637,25.53699657990933,49.20780383228876,94.9289966502454,78.42712037468084,,"<a href=""https://m.stock.naver.com/domestic/stock/000970/total"" target=""_blank"">Naver</a>"
344820,KCC글라스,41.032280511430976,24.104584753682015,59.195259092831996,81.72149131387792,71.97131509251959,,"<a href=""https://m.stock.naver.com/domestic/stock/344820/total"" target=""_blank"">Naver</a>"
136490,선진,40.97553289990703,32.76278517979578,44.573570878351795,58.987274084822914,85.51483327918652,,"<a href=""https://m.stock.naver.com/domestic/stock/136490/total"" target=""_blank"">Naver</a>"
002310,아세아제지,40.91415126399229,15.6650167785333,70.48893696409941,98.65237636392229,80.55338638910462,,"<a href=""https://m.stock.naver.com/domestic/stock/002310/total"" target=""_blank"">Naver</a>"
000650,천일고속,40.8269938795571,50.0,0.0,63.114127849678404,90.31162189178521,,"<a href=""https://m.stock.naver.com/domestic/stock/000650/total"" target=""_blank"">Naver</a>"
077500,유니퀘스트,40.811943521731756,21.808704297649296,58.811756010641595,92.5543301632079,75.36697848321984,,"<a href=""https://m.stock.naver.com/domestic/stock/077500/total"" target=""_blank"">Naver</a>"
002630,오리엔트바이오,40.63615232856104,50.0,2.3370646377973463,74.34592910990641,52.34586516242125,,"<a href=""https://m.stock.naver.com/domestic/stock/002630/total"" target=""_blank"">Naver</a>"
028670,팬오션,40.59346684664637,14.311471879260772,75.87865671358414,87.29508748468993,86.14821584449763,,"<a href=""https://m.stock.naver.com/domestic/stock/028670/total"" target=""_blank"">Naver</a>"
077970,STX엔진,40.539721634221905,49.587735146165414,10.20259195314378,56.53371943929415,51.66121228614596,,"<a href=""https://m.stock.naver.com/domestic/stock/077970/total"" target=""_blank"">Naver</a>"
019490,엑시큐어하이트론,40.41661984805582,50.0,0.0,63.75027529188244,80.83184637735141,,"<a href=""https://m.stock.naver.com/domestic/stock/019490/total"" target=""_blank"">Naver</a>"
013700,까뮤이앤씨,40.3801641952755,50.0,4.948367160399385,48.2844063664398,86.29263537063336,,"<a href=""https://m.stock.naver.com/domestic/stock/013700/total"" target=""_blank"">Naver</a>"
011070,LG이노텍,40.215459779593,18.831747756205456,65.65828288163902,78.89340997783631,92.2499881535266,,"<a href=""https://m.stock.naver.com/domestic/stock/011070/total"" target=""_blank"">Naver</a>"
249420,일동제약,40.130279196953204,50.85888784221916,6.6110966513500955,40.246063098830405,78.75132037802288,,"<a href=""https://m.stock.naver.com/domestic/stock/249420/total"" target=""_blank"">Naver</a>"
002100,경농,39.90711248954268,19.858496848320655,67.79778614814067,87.1427458397549,46.56586519079276,,"<a href=""https://m.stock.naver.com/domestic/stock/002100/total"" target=""_blank"">Naver</a>"
095570,AJ네트웍스,39.85828306138769,29.665397757694702,50.275942014176515,53.10394901083348,83.59328004286786,,"<a href=""https://m.stock.naver.com/domestic/stock/095570/total"" target=""_blank"">Naver</a>"
108320,LX세미콘,39.779983573289556,11.663583354221615,76.19431504322363,98.38074597247375,77.9036040540662,,"<a href=""https://m.stock.naver.com/domestic/stock/108320/total"" target=""_blank"">Naver</a>"
009320,아진전자부품,39.58124178153229,50.0,7.4239156284123595,35.596693811483476,83.31186986561708,,"<a href=""https://m.stock.naver.com/domestic/stock/009320/total"" target=""_blank"">Naver</a>"
002880,대유에이텍,39.54138411837319,47.50664237531553,14.580571138402926,29.472989566083463,88.89913903949575,,"<a href=""https://m.stock.naver.com/domestic/stock/002880/total"" target=""_blank"">Naver</a>"
267250,HD현대,39.34732319159456,26.50343974239523,55.886490131135105,52.39775545168504,84.67722536410292,,"<a href=""https://m.stock.naver.com/domestic/stock/267250/total"" target=""_blank"">Naver</a>"
002390,한독,39.34386880314299,28.96052714126071,47.90627368057701,66.79287121012368,66.23393954459902,,"<a href=""https://m.stock.naver.com/domestic/stock/002390/total"" target=""_blank"">Naver</a>"
004990,롯데지주,39.189382427080346,27.058495526508676,48.441066230618276,67.36502388784942,82.15032329471262,,"<a href=""https://m.stock.naver.com/domestic/stock/004990/total"" target=""_blank"">Naver</a>"
003000,부광약품,39.051902681388455,33.501300709784175,28.32600562350789,98.52197517961751,40.348466633584515,,"<a href=""https://m.stock.naver.com/domestic/stock/003000/total"" target=""_blank"">Naver</a>"
000230,일동홀딩스,39.04023852954495,53.75302156946744,0.0,29.67711383826816,76.4142840807534,,"<a href=""https://m.stock.naver.com/domestic/stock/000230/total"" target=""_blank"">Naver</a>"
012320,경동인베스트,38.63206841331935,25.04494122972375,47.25567251807903,96.85235661879639,42.11899768171405,,"<a href=""https://m.stock.naver.com/domestic/stock/012320/total"" target=""_blank"">Naver</a>"
011700,한신기계,38.624486702051556,44.88666592192664,9.074845596388126,74.25038722764901,39.97474054067264,,"<a href=""https://m.stock.naver.com/domestic/stock/011700/total"" target=""_blank"">Naver</a>"
014130,한익스프레스,38.61284187299843,27.823303779990084,48.81796525828716,51.52981306869917,91.22773967125349,,"<a href=""https://m.stock.naver.com/domestic/stock/014130/total"" target=""_blank"">Naver</a>"
006280,녹십자,38.542584562103855,26.763261355197084,43.28843213334687,91.28166669697517,50.68706091902739,,"<a href=""https://m.stock.naver.com/domestic/stock/006280/total"" target=""_blank"">Naver</a>"
005420,코스모화학,38.541403063097704,27.819886097164968,47.95466933190064,60.17324751381562,76.86958640883994,,"<a href=""https://m.stock.naver.com/domestic/stock/005420/total"" target=""_blank"">Naver</a>"
011200,HMM,38.46702921524825,0.0,100.0,92.95310126243378,83.43438178009744,,"<a href=""https://m.stock.naver.com/domestic/stock/011200/total"" target=""_blank"">Naver</a>"
023150,MH에탄올,38.330070038676624,19.808130244321422,75.39485548241662,42.11559291242745,67.69837460473748,,"<a href=""https://m.stock.naver.com/domestic/stock/023150/total"" target=""_blank"">Naver</a>"
044380,주연테크,38.274366923884955,44.21567986476478,1.6253621620606264,74.29074694374114,78.19087540273628,,"<a href=""https://m.stock.naver.com/domestic/stock/044380/total"" target=""_blank"">Naver</a>"
140910,에이리츠,38.11586986993645,50.0,2.4039731753874953,57.878188149401325,34.541155222988934,,"<a href=""https://m.stock.naver.com/domestic/stock/140910/total"" target=""_blank"">Naver</a>"
372910,한컴라이프케어,38.059254185263576,23.989576151212376,54.82183381361301,71.73775011517381,55.72550059231029,,"<a href=""https://m.stock.naver.com/domestic/stock/372910/total"" target=""_blank"">Naver</a>"
353200,대덕전자,37.98044232322896,5.561381032100008,83.53140921608394,96.05241070400965,83.11040659094006,,"<a href=""https://m.stock.naver.com/domestic/stock/353200/total"" target=""_blank"">Naver</a>"
004980,성신양회,37.779015585173006,40.15311900678682,22.73916798060443,39.62494902714137,80.79714566471344,,"<a href=""https://m.stock.naver.com/domestic/stock/004980/total"" target=""_blank"">Naver</a>"
093050,LF,37.70228985100774,15.863747561444397,64.0268604924665,95.64851592746437,52.24949196556079,,"<a href=""https://m.stock.naver.com/domestic/stock/093050/total"" target=""_blank"">Naver</a>"
094280,효성ITX,37.700026999032595,15.245460709424059,64.12139814192794,79.23690304780924,91.97421466230492,,"<a href=""https://m.stock.naver.com/domestic/stock/094280/total"" target=""_blank"">Naver</a>"
272450,진에어,37.64682575449057,50.0,0.0,41.137946482466994,70.66062212487748,,"<a href=""https://m.stock.naver.com/domestic/stock/272450/total"" target=""_blank"">Naver</a>"
005090,SGC에너지,37.61301758092863,20.966929835667518,61.767286297121125,53.00274460515839,85.81527289463993,,"<a href=""https://m.stock.naver.com/domestic/stock/005090/total"" target=""_blank"">Naver</a>"
010040,한국내화,37.549910612674076,23.775342611002728,42.40257507863356,87.43181361400494,78.81759830027102,,"<a href=""https://m.stock.naver.com/domestic/stock/010040/total"" target=""_blank"">Naver</a>"
030200,KT,37.530932106418234,20.12373805915811,58.456368332024546,73.49246388194078,69.86701599446307,,"<a href=""https://m.stock.naver.com/domestic/stock/030200/total"" target=""_blank"">Naver</a>"
015020,이스타코,37.48868069739725,50.0,0.0,51.553473640639154,46.666666666666664,,"<a href=""https://m.stock.naver.com/domestic/stock/015020/total"" target=""_blank"">Naver</a>"
000890,보해양조,37.47665902702952,35.53956141068593,26.878477062081057,63.35721873742325,61.95162082710746,,"<a href=""https://m.stock.naver.com/domestic/stock/000890/total"" target=""_blank"">Naver</a>"
019440,세아특수강,37.439744688074725,23.438318327470427,48.64234452971571,77.14996427189232,70.02342263948614,,"<a href=""https://m.stock.naver.com/domestic/stock/019440/total"" target=""_blank"">Naver</a>"
010950,S-Oil,37.35827037516567,15.844410694918269,62.9798845758966,74.8237734676951,92.48550934942094,,"<a href=""https://m.stock.naver.com/domestic/stock/010950/total"" target=""_blank"">Naver</a>"
034120,SBS,37.35105332517207,8.735624026624295,75.21231720144063,97.54455632663922,71.04287952346817,,"<a href=""https://m.stock.naver.com/domestic/stock/034120/total"" target=""_blank"">Naver</a>"
007160,사조산업,37.34698718902541,14.534271946669534,69.41615548051759,75.10316184662297,75.24137932463982,,"<a href=""https://m.stock.naver.com/domestic/stock/007160/total"" target=""_blank"">Naver</a>"
006380,카프로,37.29980699715189,50.0,0.0,28.589051393180842,88.81803715667614,,"<a href=""https://m.stock.naver.com/domestic/stock/006380/total"" target=""_blank"">Naver</a>"
084690,대상홀딩스,37.24153567309335,23.74102341826808,48.72824849505275,66.91672665134384,82.46373666469859,,"<a href=""https://m.stock.naver.com/domestic/stock/084690/total"" target=""_blank"">Naver</a>"
003240,태광산업,37.22790289090317,21.40124835439001,52.76014365025954,74.57405891963245,74.79424147482058,,"<a href=""https://m.stock.naver.com/domestic/stock/003240/total"" target=""_blank"">Naver</a>"
101140,인바이오젠,37.22530494842909,50.0,0.0,51.625224333374874,41.25565030183205,,"<a href=""https://m.stock.naver.com/domestic/stock/101140/total"" target=""_blank"">Naver</a>"
004150,한솔홀딩스,37.21189011913192,14.520448302153566,60.04070528725365,95.23394465192268,79.32100701668197,,"<a href=""https://m.stock.naver.com/domestic/stock/004150/total"" target=""_blank"">Naver</a>"
192820,코스맥스,37.15142464015568,33.826529413172516,27.825664683295738,59.169195352623404,79.64342572331789,,"<a href=""https://m.stock.naver.com/domestic/stock/192820/total"" target=""_blank"">Naver</a>"
298690,에어부산,36.9773860211813,50.0,0.0,28.612878349402095,82.32196372482196,,"<a href=""https://m.stock.naver.com/domestic/stock/298690/total"" target=""_blank"">Naver</a>"
008490,서흥,36.83851032325286,18.30110796839654,62.179670824147756,78.07337338975026,50.111809944059395,,"<a href=""https://m.stock.naver.com/domestic/stock/008490/total"" target=""_blank"">Naver</a>"
005960,동부건설,36.675713947948154,24.974583456840463,43.01590588075667,64.45406640429289,89.8316152645084,,"<a href=""https://m.stock.naver.com/domestic/stock/005960/total"" target=""_blank"">Naver</a>"
363280,티와이홀딩스,36.60867183082463,18.235713832048642,67.07908432125718,55.89580765000558,66.157833725612,,"<a href=""https://m.stock.naver.com/domestic/stock/363280/total"" target=""_blank"">Naver</a>"
005930,삼성전자,36.60566773489795,8.926389482988576,77.70643771345983,86.59649623686691,63.27149986106309,,"<a href=""https://m.stock.naver.com/domestic/stock/005930/total"" target=""_blank"">Naver</a>"
036460,한국가스공사,36.579741583169124,24.304182173791727,54.21921110892376,47.434326954281694,73.97993612469955,,"<a href=""https://m.stock.naver.com/domestic/stock/036460/total"" target=""_blank"">Naver</a>"
161000,애경케미칼,36.561000683114386,16.533791893493344,54.70567693046431,85.5934243634021,88.09927756124185,,"<a href=""https://m.stock.naver.com/domestic/stock/161000/total"" target=""_blank"">Naver</a>"
092230,KPX홀딩스,36.546393888261065,21.861547371570555,49.41233938067217,72.65853114835518,76.21055010630326,,"<a href=""https://m.stock.naver.com/domestic/stock/092230/total"" target=""_blank"">Naver</a>"
055490,테이팩스,36.50896676776219,7.422832382495734,72.47318773032589,99.00917288435781,80.72106234494974,,"<a href=""https://m.stock.naver.com/domestic/stock/055490/total"" target=""_blank"">Naver</a>"
010960,삼호개발,36.4883358229212,20.73228874452752,44.116273489669794,85.99544489236092,88.40699429102281,,"<a href=""https://m.stock.naver.com/domestic/stock/010960/total"" target=""_blank"">Naver</a>"
011780,금호석유화학,36.45415458234106,6.681253814829521,75.30806264664915,94.53422365737289,83.29928532087555,,"<a href=""https://m.stock.naver.com/domestic/stock/011780/total"" target=""_blank"">Naver</a>"
053210,스카이라이프,36.324791164852,18.018263222410816,48.18439784773894,94.41690828972384,80.52085880996782,,"<a href=""https://m.stock.naver.com/domestic/stock/053210/total"" target=""_blank"">Naver</a>"
001230,동국홀딩스,36.223303003686794,18.873898469485294,50.976073373704054,79.5731499756561,83.9526116200798,,"<a href=""https://m.stock.naver.com/domestic/stock/001230/total"" target=""_blank"">Naver</a>"
093370,후성,36.128206678993,15.206278878788693,67.66563298050893,61.95994844533534,77.84072524118025,,"<a href=""https://m.stock.naver.com/domestic/stock/093370/total"" target=""_blank"">Naver</a>"
092440,기신정기,36.00428667811993,16.510502043541806,55.583836278276515,99.78800286339535,44.46452192172371,,"<a href=""https://m.stock.naver.com/domestic/stock/092440/total"" target=""_blank"">Naver</a>"
035000,HS애드,35.69312583939799,17.097253811325068,55.546463162992644,83.35603110007406,64.25109303694767,,"<a href=""https://m.stock.naver.com/domestic/stock/035000/total"" target=""_blank"">Naver</a>"
006110,삼아알미늄,35.61163988184089,13.935343767096638,57.75899094053123,94.96008253910003,66.29355265080183,,"<a href=""https://m.stock.naver.com/domestic/stock/006110/total"" target=""_blank"">Naver</a>"
031430,신세계인터내셔날,35.58373707428551,12.378416900101612,65.36560536046642,88.34972537933726,59.60626112348429,,"<a href=""https://m.stock.naver.com/domestic/stock/031430/total"" target=""_blank"">Naver</a>"
008040,사조동아원,35.51487661037048,26.00635464569241,41.27812849230306,57.60040448840554,76.6298250207743,,"<a href=""https://m.stock.naver.com/domestic/stock/008040/total"" target=""_blank"">Naver</a>"
005390,신성통상,35.48144851621886,12.678964780791636,66.0316165273873,73.46211130720725,80.39908770352658,,"<a href=""https://m.stock.naver.com/domestic/stock/005390/total"" target=""_blank"">Naver</a>"
105630,한세실업,35.476900228397476,10.61000058285486,65.5342364990605,85.22349377018132,84.09982753802612,,"<a href=""https://m.stock.naver.com/domestic/stock/105630/total"" target=""_blank"">Naver</a>"
001040,CJ,35.473063405686155,21.910563689841364,48.91596017741284,59.2469175176547,83.46086791325311,,"<a href=""https://m.stock.naver.com/domestic/stock/001040/total"" target=""_blank"">Naver</a>"
027740,마니커,35.38987400536787,35.72548608849376,18.332999327916234,46.177354192464946,95.07194202092134,,"<a href=""https://m.stock.naver.com/domestic/stock/027740/total"" target=""_blank"">Naver</a>"
017390,서울가스,35.37574606207529,22.187563537787913,41.968181051287345,70.85424562492882,89.71476228175648,,"<a href=""https://m.stock.naver.com/domestic/stock/017390/total"" target=""_blank"">Naver</a>"
107590,미원홀딩스,35.361353680190014,14.216366742569527,57.557839385479866,83.52071387807706,81.80004800941249,,"<a href=""https://m.stock.naver.com/domestic/stock/107590/total"" target=""_blank"">Naver</a>"
014440,영보화학,35.186674269480974,12.816288644420737,57.989799469955564,99.71602807711378,60.55696815256529,,"<a href=""https://m.stock.naver.com/domestic/stock/014440/total"" target=""_blank"">Naver</a>"
285130,SK케미칼,35.0606051347941,11.775419655283526,70.18620761404809,77.77856579073433,53.41889718077053,,"<a href=""https://m.stock.naver.com/domestic/stock/285130/total"" target=""_blank"">Naver</a>"
016880,웅진,34.920967979691,24.092185970011958,47.51501821370937,43.33434299520171,85.06935089472627,,"<a href=""https://m.stock.naver.com/domestic/stock/016880/total"" target=""_blank"">Naver</a>"
004090,한국석유,34.82342409690286,18.927182452187783,48.689575300244314,69.13322032845434,87.62797535367359,,"<a href=""https://m.stock.naver.com/domestic/stock/004090/total"" target=""_blank"">Naver</a>"
008060,대덕,34.813184298899074,6.977558877781476,66.70794977331644,98.81357456288747,81.36608145224662,,"<a href=""https://m.stock.naver.com/domestic/stock/008060/total"" target=""_blank"">Naver</a>"
009150,삼성전기,34.76807205863256,6.144455545050724,70.98548682701099,97.07430140116969,72.5519376946482,,"<a href=""https://m.stock.naver.com/domestic/stock/009150/total"" target=""_blank"">Naver</a>"
003200,일신방직,34.75707386844946,15.190775005358196,61.486238735211806,74.24622182299265,56.92853998264647,,"<a href=""https://m.stock.naver.com/domestic/stock/003200/total"" target=""_blank"">Naver</a>"
013360,일성건설,34.61824559277275,23.116652599816828,43.0099101859653,63.77113870529979,72.37325231722707,,"<a href=""https://m.stock.naver.com/domestic/stock/013360/total"" target=""_blank"">Naver</a>"
097950,CJ제일제당,34.50292909300393,16.970079283861864,52.37084594519837,66.27167946473219,92.02004179827998,,"<a href=""https://m.stock.naver.com/domestic/stock/097950/total"" target=""_blank"">Naver</a>"
014830,유니드,34.4242458587694,12.407755473900368,62.32144171081378,82.50001536336288,62.98461220778896,,"<a href=""https://m.stock.naver.com/domestic/stock/014830/total"" target=""_blank"">Naver</a>"
004430,송원산업,34.404049694812855,7.732792080885994,73.20497031952351,82.33696478149903,64.58870776500952,,"<a href=""https://m.stock.naver.com/domestic/stock/004430/total"" target=""_blank"">Naver</a>"
248170,샘표식품,34.39591944134973,17.162775247295716,48.905902772533835,80.89574151856047,75.64408895965602,,"<a href=""https://m.stock.naver.com/domestic/stock/248170/total"" target=""_blank"">Naver</a>"
000080,하이트진로,34.3781027061256,17.459415313341868,56.527354355016065,59.50277401966885,76.4067505479916,,"<a href=""https://m.stock.naver.com/domestic/stock/000080/total"" target=""_blank"">Naver</a>"
002020,코오롱,34.3641429061074,16.974452444770176,58.64838431642246,49.29772889756818,91.75204940765732,,"<a href=""https://m.stock.naver.com/domestic/stock/002020/total"" target=""_blank"">Naver</a>"
036570,엔씨소프트,34.31581405030293,0.0,82.59605522560689,99.02701811085596,75.28196865631224,,"<a href=""https://m.stock.naver.com/domestic/stock/036570/total"" target=""_blank"">Naver</a>"
007540,샘표,34.212361823277654,17.145849954110474,49.54295644791508,79.94824425836015,70.8857662599317,,"<a href=""https://m.stock.naver.com/domestic/stock/007540/total"" target=""_blank"">Naver</a>"
001120,LX인터내셔널,34.17599675856413,10.400876347164406,67.41280414159749,64.07733185603476,93.49073458525281,,"<a href=""https://m.stock.naver.com/domestic/stock/001120/total"" target=""_blank"">Naver</a>"
034310,NICE,33.92462551913037,17.13079879571177,50.658277516553305,72.1035281688946,75.4244809135105,,"<a href=""https://m.stock.naver.com/domestic/stock/034310/total"" target=""_blank"">Naver</a>"
096770,SK이노베이션,33.90328810228523,20.35803750617994,48.67595969163521,51.89635429372455,86.59680492592024,,"<a href=""https://m.stock.naver.com/domestic/stock/096770/total"" target=""_blank"">Naver</a>"
001680,대상,33.86139419029019,16.736712332079755,49.93947791914215,72.77608410446595,81.13777801620412,,"<a href=""https://m.stock.naver.com/domestic/stock/001680/total"" target=""_blank"">Naver</a>"
155660,DSR,33.80037130186404,9.957945759692599,66.52536516322368,78.24746548429002,67.39032013627114,,"<a href=""https://m.stock.naver.com/domestic/stock/155660/total"" target=""_blank"">Naver</a>"
268280,미원에스씨,33.580594296307595,3.1483130788015945,74.14709278860107,99.358549960049,64.37956511742938,,"<a href=""https://m.stock.naver.com/domestic/stock/268280/total"" target=""_blank"">Naver</a>"
066570,LG전자,33.488145634103,15.277865603237261,50.384172986902335,73.10346348167099,88.30073354535921,,"<a href=""https://m.stock.naver.com/domestic/stock/066570/total"" target=""_blank"">Naver</a>"
044820,코스맥스비티아이,33.423804547859035,33.44193588858047,21.57961248443287,40.87846239865886,77.51787307473293,,"<a href=""https://m.stock.naver.com/domestic/stock/044820/total"" target=""_blank"">Naver</a>"
002600,조흥,33.39883452470744,33.1932922771966,21.4941410328971,52.95861019018088,56.269257622942376,,"<a href=""https://m.stock.naver.com/domestic/stock/002600/total"" target=""_blank"">Naver</a>"
213500,한솔제지,33.32114961156539,17.211039555569656,54.30837309698464,57.21122465354827,73.92620277245229,,"<a href=""https://m.stock.naver.com/domestic/stock/213500/total"" target=""_blank"">Naver</a>"
000070,삼양홀딩스,33.20889879002636,15.306913315673617,49.06759312783189,79.6480045309372,75.86104131140986,,"<a href=""https://m.stock.naver.com/domestic/stock/000070/total"" target=""_blank"">Naver</a>"
006370,대구백화점,33.197277380993384,42.62134793142486,0.0,46.25708703105123,59.97519838066696,,"<a href=""https://m.stock.naver.com/domestic/stock/006370/total"" target=""_blank"">Naver</a>"
024890,대원화성,33.0917909871072,33.724795909471645,10.476899873411304,59.96029395340531,84.8331815546172,,"<a href=""https://m.stock.naver.com/domestic/stock/024890/total"" target=""_blank"">Naver</a>"
084010,대한제강,32.75924929337758,2.9743932882498,65.94110878045906,97.62839359909196,94.5299353080747,,"<a href=""https://m.stock.naver.com/domestic/stock/084010/total"" target=""_blank"">Naver</a>"
950210,프레스티지바이오파마,32.72860533922098,33.333333333333336,0.0,97.28605339220978,60.0,,"<a href=""https://m.stock.naver.com/domestic/stock/950210/total"" target=""_blank"">Naver</a>"
006200,한국전자홀딩스,32.65886486391867,8.445042966777935,60.08520381368038,96.94802805439784,57.51470649984063,,"<a href=""https://m.stock.naver.com/domestic/stock/006200/total"" target=""_blank"">Naver</a>"
036420,콘텐트리중앙,32.6196193853554,42.01343310557143,3.0076319527212996,31.40645593204881,70.38011881254678,,"<a href=""https://m.stock.naver.com/domestic/stock/036420/total"" target=""_blank"">Naver</a>"
004890,동일산업,32.60449469231573,10.570935479293501,51.22424190918442,99.52881839015114,70.05982176856821,,"<a href=""https://m.stock.naver.com/domestic/stock/004890/total"" target=""_blank"">Naver</a>"
002710,TCC스틸,32.596737668049236,17.510472250621984,49.10249826678447,57.812835523972765,80.6709239716531,,"<a href=""https://m.stock.naver.com/domestic/stock/002710/total"" target=""_blank"">Naver</a>"
010420,한솔PNS,32.45122819151616,18.034747058596395,41.40141124249707,67.68342233234964,90.23369824998181,,"<a href=""https://m.stock.naver.com/domestic/stock/010420/total"" target=""_blank"">Naver</a>"
000300,DH오토넥스,32.407966023898304,18.979011977670282,52.73382883517822,35.02894390473841,86.68414476055477,,"<a href=""https://m.stock.naver.com/domestic/stock/000300/total"" target=""_blank"">Naver</a>"
007610,선도전기,32.365657870886004,39.82155073309658,0.0,49.61693189344595,70.22068483366921,,"<a href=""https://m.stock.naver.com/domestic/stock/007610/total"" target=""_blank"">Naver</a>"
014790,HL D&I,32.33037869980329,19.214351482007178,44.438306600355475,55.60883180464764,82.62615960090692,,"<a href=""https://m.stock.naver.com/domestic/stock/014790/total"" target=""_blank"">Naver</a>"
004720,팜젠사이언스,32.269258125605404,12.944454586794611,61.33598341843628,65.65142880233941,52.06893277371253,,"<a href=""https://m.stock.naver.com/domestic/stock/004720/total"" target=""_blank"">Naver</a>"
002720,국제약품,32.25870786849204,15.556674149919665,47.79792198030711,78.7143470475652,62.075763574138776,,"<a href=""https://m.stock.naver.com/domestic/stock/002720/total"" target=""_blank"">Naver</a>"
120110,코오롱인더,32.23057534609745,15.255246212917095,51.478594691596776,69.08260291962385,65.99037306971229,,"<a href=""https://m.stock.naver.com/domestic/stock/120110/total"" target=""_blank"">Naver</a>"
008700,아남전자,32.15929730790251,10.859706878481427,55.30334986560251,78.30293759889798,79.74683909046462,,"<a href=""https://m.stock.naver.com/domestic/stock/008700/total"" target=""_blank"">Naver</a>"
024720,콜마홀딩스,32.14845590319162,15.411986771802338,45.91447237070571,75.65287816545977,77.14715861775609,,"<a href=""https://m.stock.naver.com/domestic/stock/024720/total"" target=""_blank"">Naver</a>"
004020,현대제철,32.1258677665952,13.06617930378962,50.124037663167286,83.3831298610928,68.3367556484065,,"<a href=""https://m.stock.naver.com/domestic/stock/004020/total"" target=""_blank"">Naver</a>"
047810,한국항공우주,31.989668501217288,18.868519503286358,56.62596014086324,44.33461114464146,41.57211299131031,,"<a href=""https://m.stock.naver.com/domestic/stock/047810/total"" target=""_blank"">Naver</a>"
009420,한올바이오파마,31.945372269237495,21.045959999629986,37.766886910342095,74.34679347953791,48.82790387840389,,"<a href=""https://m.stock.naver.com/domestic/stock/009420/total"" target=""_blank"">Naver</a>"
034730,SK,31.896919428405734,18.1073982590818,46.573713919354866,53.39004405239828,81.00095175756218,,"<a href=""https://m.stock.naver.com/domestic/stock/034730/total"" target=""_blank"">Naver</a>"
137310,에스디바이오센서,31.891956510942354,0.0,78.54599255097608,90.34021001988206,64.42874742420253,,"<a href=""https://m.stock.naver.com/domestic/stock/137310/total"" target=""_blank"">Naver</a>"
007690,국도화학,31.806568189766043,9.074093019507442,54.62202571881704,86.86057125906021,80.41097644902591,,"<a href=""https://m.stock.naver.com/domestic/stock/007690/total"" target=""_blank"">Naver</a>"
000700,유수홀딩스,31.77055970844723,2.505886647046656,64.18348774450955,99.494508952123,85.43409777759096,,"<a href=""https://m.stock.naver.com/domestic/stock/000700/total"" target=""_blank"">Naver</a>"
339770,교촌에프앤비,31.563249507050116,13.189095100014391,43.40128422311066,81.1655907735686,93.65824627813925,,"<a href=""https://m.stock.naver.com/domestic/stock/339770/total"" target=""_blank"">Naver</a>"
000670,영풍,31.52437295307945,10.326909158208945,56.50239874809663,72.77925626798282,78.49404288663283,,"<a href=""https://m.stock.naver.com/domestic/stock/000670/total"" target=""_blank"">Naver</a>"
002240,고려제강,31.443860467475588,11.023679002757454,52.391573281104876,85.91454668680622,62.806101537285414,,"<a href=""https://m.stock.naver.com/domestic/stock/002240/total"" target=""_blank"">Naver</a>"
016450,한세예스24홀딩스,31.43581273438352,10.541772823824466,51.9271249724903,78.8759681434562,84.82741965241294,,"<a href=""https://m.stock.naver.com/domestic/stock/016450/total"" target=""_blank"">Naver</a>"
005490,POSCO홀딩스,31.424808363878007,12.817723866486963,51.68777994802872,71.19904850895132,73.84648412167034,,"<a href=""https://m.stock.naver.com/domestic/stock/005490/total"" target=""_blank"">Naver</a>"
007570,일양약품,31.36042326649114,13.051928588217931,54.63656279319063,67.77151740072091,61.85947350381262,,"<a href=""https://m.stock.naver.com/domestic/stock/007570/total"" target=""_blank"">Naver</a>"
090370,메타랩스,31.343425726540723,33.333333333333336,4.093037053581436,74.65496371514911,57.09340183260903,,"<a href=""https://m.stock.naver.com/domestic/stock/090370/total"" target=""_blank"">Naver</a>"
035720,카카오,31.214384075978767,17.97029219445262,39.95813267470839,72.33336983825816,64.18677213608565,,"<a href=""https://m.stock.naver.com/domestic/stock/035720/total"" target=""_blank"">Naver</a>"
004360,세방,31.198550930826908,6.346640046957869,58.45412753306515,84.23074203381863,87.07921632008075,,"<a href=""https://m.stock.naver.com/domestic/stock/004360/total"" target=""_blank"">Naver</a>"
001530,DI동일,31.18330381185479,10.561495455496027,56.16050593040768,69.41761462866081,77.29037186178336,,"<a href=""https://m.stock.naver.com/domestic/stock/001530/total"" target=""_blank"">Naver</a>"
128820,대성산업,31.00226946222056,18.7713049546579,36.467542158238764,61.91712294470687,88.61777310790886,,"<a href=""https://m.stock.naver.com/domestic/stock/128820/total"" target=""_blank"">Naver</a>"
000480,CR홀딩스,30.97770210549437,15.408533389207618,52.54446736067257,51.20759180547677,69.51412102507958,,"<a href=""https://m.stock.naver.com/domestic/stock/000480/total"" target=""_blank"">Naver</a>"
194370,제이에스코퍼레이션,30.8542481194513,0.034955676804712676,72.13505689602108,86.5903630501858,82.80948368689235,,"<a href=""https://m.stock.naver.com/domestic/stock/194370/total"" target=""_blank"">Naver</a>"
005950,이수화학,30.846605808178587,20.19980349357941,43.184834085182835,34.231033194617574,90.14823742546952,,"<a href=""https://m.stock.naver.com/domestic/stock/005950/total"" target=""_blank"">Naver</a>"
004960,한신공영,30.795645321298906,19.414306621075276,49.98402133007184,52.055200221432045,28.910719879851584,,"<a href=""https://m.stock.naver.com/domestic/stock/004960/total"" target=""_blank"">Naver</a>"
298050,HS효성첨단소재,30.755567913490964,9.340876345110997,66.44736622367623,46.239100051336095,78.30581090743397,,"<a href=""https://m.stock.naver.com/domestic/stock/298050/total"" target=""_blank"">Naver</a>"
002320,한진,30.31333524503136,15.649521884867594,47.22823322897969,48.89529957572639,84.5406769858648,,"<a href=""https://m.stock.naver.com/domestic/stock/002320/total"" target=""_blank"">Naver</a>"
002380,KCC,30.261393634279877,14.879756537631595,44.58716244009636,72.08158385625627,59.57181432102408,,"<a href=""https://m.stock.naver.com/domestic/stock/002380/total"" target=""_blank"">Naver</a>"
377300,카카오페이,30.22236242802103,20.13992542322968,32.193883188801,70.89936376882972,60.0,,"<a href=""https://m.stock.naver.com/domestic/stock/377300/total"" target=""_blank"">Naver</a>"
008970,동양철관,30.116292902869926,16.28515647580962,42.73360160211888,57.548540076873465,78.13889218334175,,"<a href=""https://m.stock.naver.com/domestic/stock/008970/total"" target=""_blank"">Naver</a>"
009180,한솔로지스틱스,29.84334433731045,3.3028799473135098,62.705285543015556,75.26164260925918,93.18261444485083,,"<a href=""https://m.stock.naver.com/domestic/stock/009180/total"" target=""_blank"">Naver</a>"
009190,대양금속,29.820457948969896,27.57176084700529,12.289828220490927,63.988735886975135,76.12141593892957,,"<a href=""https://m.stock.naver.com/domestic/stock/009190/total"" target=""_blank"">Naver</a>"
017900,광전자,29.812551163150744,6.514817586945669,51.82270409590399,99.75464229095044,59.450407158246016,,"<a href=""https://m.stock.naver.com/domestic/stock/017900/total"" target=""_blank"">Naver</a>"
008250,이건산업,29.646026075940647,13.53015215595318,45.24386464699783,67.09440902481415,70.15055436275736,,"<a href=""https://m.stock.naver.com/domestic/stock/008250/total"" target=""_blank"">Naver</a>"
004970,신라교역,29.52104915779277,7.908738789495408,47.94151727260297,90.70524808927996,74.39803514033565,,"<a href=""https://m.stock.naver.com/domestic/stock/004970/total"" target=""_blank"">Naver</a>"
251270,넷마블,29.37001672481665,32.20940225449744,7.034442793565312,50.454967406009644,64.8053586625178,,"<a href=""https://m.stock.naver.com/domestic/stock/251270/total"" target=""_blank"">Naver</a>"
000860,강남제비스코,29.27577574327323,13.068723077191853,42.52126361091424,72.08020856169608,71.92410276119898,,"<a href=""https://m.stock.naver.com/domestic/stock/000860/total"" target=""_blank"">Naver</a>"
139480,이마트,29.21599712609649,17.116281208780077,41.79972484032069,38.499031600586555,92.92788061379235,,"<a href=""https://m.stock.naver.com/domestic/stock/139480/total"" target=""_blank"">Naver</a>"
229640,LS에코에너지,29.20514128881908,19.982061390143272,27.821591028803564,64.84052614893567,75.52908165277319,,"<a href=""https://m.stock.naver.com/domestic/stock/229640/total"" target=""_blank"">Naver</a>"
002790,아모레퍼시픽홀딩스,29.111511069247836,7.260302256202134,49.95571793795838,92.96720891229663,59.39358679614593,,"<a href=""https://m.stock.naver.com/domestic/stock/002790/total"" target=""_blank"">Naver</a>"
003480,한진중공업홀딩스,28.94257243810447,16.9700391072004,43.993727035060225,33.94145082046914,87.35944265944516,,"<a href=""https://m.stock.naver.com/domestic/stock/003480/total"" target=""_blank"">Naver</a>"
009160,SIMPAC,28.752527573395348,0.0,67.8177841812744,83.62205261048642,68.71752534056213,,"<a href=""https://m.stock.naver.com/domestic/stock/009160/total"" target=""_blank"">Naver</a>"
006740,영풍제지,28.745757122053565,2.3487361942934557,57.6571242424057,93.49109653932597,71.46249381886936,,"<a href=""https://m.stock.naver.com/domestic/stock/006740/total"" target=""_blank"">Naver</a>"
090430,아모레퍼시픽,28.529307967420277,6.536203423721358,48.11950474638212,93.50507406971825,64.54404639240214,,"<a href=""https://m.stock.naver.com/domestic/stock/090430/total"" target=""_blank"">Naver</a>"
030720,동원수산,28.525034315627877,7.672292569238593,47.698189992616136,84.41561923652012,71.11098704557352,,"<a href=""https://m.stock.naver.com/domestic/stock/030720/total"" target=""_blank"">Naver</a>"
003160,디아이,28.393213757609004,5.100595925462475,55.70351417205827,85.02949333869631,58.08056650894645,,"<a href=""https://m.stock.naver.com/domestic/stock/003160/total"" target=""_blank"">Naver</a>"
017040,광명전기,28.147674769853097,3.942398357393115,49.801163483839275,97.35074188268243,71.93741392378338,,"<a href=""https://m.stock.naver.com/domestic/stock/017040/total"" target=""_blank"">Naver</a>"
100250,진양홀딩스,28.041094490282305,18.43425172145589,26.982071627820886,64.75795817416967,75.18459466073166,,"<a href=""https://m.stock.naver.com/domestic/stock/100250/total"" target=""_blank"">Naver</a>"
025860,남해화학,27.94950925067941,7.994233756342084,43.9586211192158,79.42522362703741,84.41582708732932,,"<a href=""https://m.stock.naver.com/domestic/stock/025860/total"" target=""_blank"">Naver</a>"
003080,SB성보,27.745048078146077,10.787479349171017,48.100061344199084,74.6086260985405,35.733650454792915,,"<a href=""https://m.stock.naver.com/domestic/stock/003080/total"" target=""_blank"">Naver</a>"
004830,덕성,27.72742562895094,4.5238752791667425,47.64519717341625,91.18075782770882,79.6745077065189,,"<a href=""https://m.stock.naver.com/domestic/stock/004830/total"" target=""_blank"">Naver</a>"
058430,포스코스틸리온,27.70442222390877,9.039941252078155,43.623948884574354,70.72863123014108,86.0321425700836,,"<a href=""https://m.stock.naver.com/domestic/stock/058430/total"" target=""_blank"">Naver</a>"
009270,신원,27.47574368125878,4.896000666812441,51.907471597953794,78.44513146518122,74.33524470329493,,"<a href=""https://m.stock.naver.com/domestic/stock/009270/total"" target=""_blank"">Naver</a>"
192650,드림텍,27.234902470146537,0.008181365638187018,61.625493622318594,73.25016874850989,89.97206740665973,,"<a href=""https://m.stock.naver.com/domestic/stock/192650/total"" target=""_blank"">Naver</a>"
012170,아센디오,27.2310656632964,31.993788017952284,0.0,63.804314979660184,33.0872270911802,,"<a href=""https://m.stock.naver.com/domestic/stock/012170/total"" target=""_blank"">Naver</a>"
012160,영흥,27.132980779389126,18.2957672813883,30.290141942222593,53.19439339927615,65.2709117014576,,"<a href=""https://m.stock.naver.com/domestic/stock/012160/total"" target=""_blank"">Naver</a>"
003070,코오롱글로벌,27.022834508015823,0.0,65.985020507434,62.768494962804105,84.99459769753818,,"<a href=""https://m.stock.naver.com/domestic/stock/003070/total"" target=""_blank"">Naver</a>"
012610,경인양행,26.715433527211744,7.0753275285084465,51.22814811095916,72.85394377580741,47.55611209572287,,"<a href=""https://m.stock.naver.com/domestic/stock/012610/total"" target=""_blank"">Naver</a>"
006570,대림통상,26.52382792812493,9.955899906447966,43.65541301556444,67.2742343795834,58.18022584813402,,"<a href=""https://m.stock.naver.com/domestic/stock/006570/total"" target=""_blank"">Naver</a>"
071090,하이스틸,26.520975714622455,5.136430315819345,48.88879776382964,73.23023904642146,77.87788359062579,,"<a href=""https://m.stock.naver.com/domestic/stock/071090/total"" target=""_blank"">Naver</a>"
013890,지누스,26.436359753515973,7.801558079538034,48.38952038639525,68.28153802600141,56.59782013188396,,"<a href=""https://m.stock.naver.com/domestic/stock/013890/total"" target=""_blank"">Naver</a>"
025560,미래산업,26.13793583632044,0.0,62.05435697414733,88.06910234137072,36.348727172930694,,"<a href=""https://m.stock.naver.com/domestic/stock/025560/total"" target=""_blank"">Naver</a>"
011330,유니켐,26.10172032187257,17.59742912827386,39.591857538876695,34.706915017719425,43.49213916834283,,"<a href=""https://m.stock.naver.com/domestic/stock/011330/total"" target=""_blank"">Naver</a>"
000050,경방,25.842925695389045,14.412949388708226,32.380198236738615,60.365109165596294,61.2719117283965,,"<a href=""https://m.stock.naver.com/domestic/stock/000050/total"" target=""_blank"">Naver</a>"
006060,화승인더,25.772795599042453,10.335192851269163,39.59308034244766,56.736185406911055,79.99582523955874,,"<a href=""https://m.stock.naver.com/domestic/stock/006060/total"" target=""_blank"">Naver</a>"
002450,삼익악기,25.59911305937819,9.358238801551977,40.28958404902868,66.79456343613236,64.64634845153195,,"<a href=""https://m.stock.naver.com/domestic/stock/002450/total"" target=""_blank"">Naver</a>"
000950,전방,25.545281046863376,0.0,66.06656011747687,64.71535646949516,51.14210741089288,,"<a href=""https://m.stock.naver.com/domestic/stock/000950/total"" target=""_blank"">Naver</a>"
002360,SH에너지화학,25.54456084358395,6.167607949132871,41.637655285577324,74.12322948003253,80.44518609413288,,"<a href=""https://m.stock.naver.com/domestic/stock/002360/total"" target=""_blank"">Naver</a>"
097230,HJ중공업,25.439533565682712,19.85580546441609,21.60637477260698,39.31248232375174,83.86416723012276,,"<a href=""https://m.stock.naver.com/domestic/stock/097230/total"" target=""_blank"">Naver</a>"
019170,신풍제약,25.235670636096923,26.023223593336308,0.0,74.51660932568319,43.40151095053635,,"<a href=""https://m.stock.naver.com/domestic/stock/019170/total"" target=""_blank"">Naver</a>"
079430,현대리바트,25.151896738227414,16.76454910204718,17.925685152017437,62.31593403738556,87.60305170512385,,"<a href=""https://m.stock.naver.com/domestic/stock/079430/total"" target=""_blank"">Naver</a>"
005250,녹십자홀딩스,25.1411263463872,11.531676865979763,38.46203711774785,62.23665809392314,47.65890275940129,,"<a href=""https://m.stock.naver.com/domestic/stock/005250/total"" target=""_blank"">Naver</a>"
004800,효성,25.094774131065332,11.736177826304802,37.265912238843015,55.16179302615472,64.40820145912444,,"<a href=""https://m.stock.naver.com/domestic/stock/004800/total"" target=""_blank"">Naver</a>"
020150,롯데에너지머티리얼즈,25.07822010360986,8.342314025300672,42.994897383272104,74.4954094203514,37.491328011525866,,"<a href=""https://m.stock.naver.com/domestic/stock/020150/total"" target=""_blank"">Naver</a>"
241590,화승엔터프라이즈,25.016905518682435,9.523119582690239,36.88939186463283,62.22996699826682,77.15378206166802,,"<a href=""https://m.stock.naver.com/domestic/stock/241590/total"" target=""_blank"">Naver</a>"
210980,SK디앤디,25.00773870390913,0.0,64.22220185088302,59.31640042320689,60.41096397735363,,"<a href=""https://m.stock.naver.com/domestic/stock/210980/total"" target=""_blank"">Naver</a>"
074610,이엔플러스,24.74016972707366,28.05791770329779,0.0,60.98036138775512,36.14765932638946,,"<a href=""https://m.stock.naver.com/domestic/stock/074610/total"" target=""_blank"">Naver</a>"
006490,인스코비,24.502524660982374,20.401669135316684,9.84546049198707,54.32686642288057,87.34942829015084,,"<a href=""https://m.stock.naver.com/domestic/stock/006490/total"" target=""_blank"">Naver</a>"
033240,자화전자,24.425910952943937,22.585698225017584,0.6440614218845823,69.3734058477037,75.52272155383747,,"<a href=""https://m.stock.naver.com/domestic/stock/033240/total"" target=""_blank"">Naver</a>"
011690,와이투솔루션,24.137225315251772,14.69903442054499,18.256655840726378,71.15819803626155,72.75641798234052,,"<a href=""https://m.stock.naver.com/domestic/stock/011690/total"" target=""_blank"">Naver</a>"
004920,씨아이테크,24.111411290020015,21.835019459860007,8.177961992217265,64.14396842171136,51.03024547757116,,"<a href=""https://m.stock.naver.com/domestic/stock/004920/total"" target=""_blank"">Naver</a>"
012800,대창,24.031922950842365,12.175752492835299,30.472291600144445,51.4267402520014,79.31449059809867,,"<a href=""https://m.stock.naver.com/domestic/stock/012800/total"" target=""_blank"">Naver</a>"
004560,현대비앤지스틸,23.831859546949467,8.371814445854852,31.614690379706435,71.43103439514601,75.23989689990694,,"<a href=""https://m.stock.naver.com/domestic/stock/004560/total"" target=""_blank"">Naver</a>"
298000,효성화학,23.46462291238611,27.327560246167167,0.0,28.439883884284082,84.48196752514805,,"<a href=""https://m.stock.naver.com/domestic/stock/298000/total"" target=""_blank"">Naver</a>"
081660,미스토홀딩스,23.391361622531534,13.443071630132499,26.778335895115195,63.82540609912513,44.967881215214504,,"<a href=""https://m.stock.naver.com/domestic/stock/081660/total"" target=""_blank"">Naver</a>"
004910,조광페인트,23.065510465018694,15.479401288411802,19.254061188763703,57.35571798369846,64.57565192821683,,"<a href=""https://m.stock.naver.com/domestic/stock/004910/total"" target=""_blank"">Naver</a>"
000760,이화산업,22.99986298041854,7.172401043563745,36.764494772572085,71.58206960803918,46.94183400666707,,"<a href=""https://m.stock.naver.com/domestic/stock/000760/total"" target=""_blank"">Naver</a>"
298020,효성티앤씨,22.963049903607207,7.665044273549031,35.61776796031603,49.94567681638592,89.30027335520374,,"<a href=""https://m.stock.naver.com/domestic/stock/298020/total"" target=""_blank"">Naver</a>"
011810,STX,22.558383182738847,17.077747162218053,22.66128511949699,35.11556471403889,62.69714268259759,,"<a href=""https://m.stock.naver.com/domestic/stock/011810/total"" target=""_blank"">Naver</a>"
032350,롯데관광개발,21.809494021270158,26.7658233687836,0.0,27.5,60.0,,"<a href=""https://m.stock.naver.com/domestic/stock/032350/total"" target=""_blank"">Naver</a>"
025750,한솔홈데코,21.42689859911223,12.414755618569458,20.393939734247578,51.18775999849866,75.21568589117592,,"<a href=""https://m.stock.naver.com/domestic/stock/025750/total"" target=""_blank"">Naver</a>"
047400,유니온머티리얼,21.40304592194914,10.904352945474523,29.887416578286203,54.67643264558703,38.41873491068348,,"<a href=""https://m.stock.naver.com/domestic/stock/047400/total"" target=""_blank"">Naver</a>"
009240,한샘,21.17169293600064,11.943820413388247,16.32001765192487,51.74032171652806,95.02728206667328,,"<a href=""https://m.stock.naver.com/domestic/stock/009240/total"" target=""_blank"">Naver</a>"
006880,신송홀딩스,20.943990592760024,2.3432595063962496,43.96463504891025,44.117019760385276,82.70348301312367,,"<a href=""https://m.stock.naver.com/domestic/stock/006880/total"" target=""_blank"">Naver</a>"
024070,WISCOM,20.897099204613152,9.349427755982783,16.237716624486925,74.61296484304853,75.33433821193795,,"<a href=""https://m.stock.naver.com/domestic/stock/024070/total"" target=""_blank"">Naver</a>"
100220,비상교육,20.636484183209546,13.482138443190927,14.390063559758199,64.12068528647083,50.75233397416719,,"<a href=""https://m.stock.naver.com/domestic/stock/100220/total"" target=""_blank"">Naver</a>"
004380,삼익THK,20.357722139959904,0.0,43.812588455323635,68.66804069236446,50.75541913785103,,"<a href=""https://m.stock.naver.com/domestic/stock/004380/total"" target=""_blank"">Naver</a>"
272550,삼양패키징,19.82853578440815,0.0,37.385750589899224,67.17606705378851,75.28982863108983,,"<a href=""https://m.stock.naver.com/domestic/stock/272550/total"" target=""_blank"">Naver</a>"
900140,엘브이엠씨홀딩스,19.638161616858522,16.80115142120259,2.7075364613503368,65.27488709653736,47.06195878291298,,"<a href=""https://m.stock.naver.com/domestic/stock/900140/total"" target=""_blank"">Naver</a>"
004540,깨끗한나라,18.416172604887,8.38607084044339,19.971389897808862,42.136592406128294,83.56046771111832,,"<a href=""https://m.stock.naver.com/domestic/stock/004540/total"" target=""_blank"">Naver</a>"
001070,대한방직,17.963864146447577,4.623569299770097,19.763823023924093,69.20911112462193,66.55711396284602,,"<a href=""https://m.stock.naver.com/domestic/stock/001070/total"" target=""_blank"">Naver</a>"
000180,성창기업지주,17.900514824007473,11.083225876266594,11.222053963756345,53.411729654134916,62.07785683789882,,"<a href=""https://m.stock.naver.com/domestic/stock/000180/total"" target=""_blank"">Naver</a>"
025620,제이준코스메틱,17.64170945550157,16.16943719502208,0.0,49.56941981682793,59.662103136110595,,"<a href=""https://m.stock.naver.com/domestic/stock/025620/total"" target=""_blank"">Naver</a>"
004270,남성,16.388631365793373,0.0,37.65494755556443,49.16782714329218,41.16223525146091,,"<a href=""https://m.stock.naver.com/domestic/stock/004270/total"" target=""_blank"">Naver</a>"
139990,아주스틸,16.366845860791,4.319432714005427,22.21249943560763,41.50603839528745,81.42915067914183,,"<a href=""https://m.stock.naver.com/domestic/stock/139990/total"" target=""_blank"">Naver</a>"
063160,종근당바이오,16.32027817465274,13.284309979595108,0.0,61.23735036253279,44.51914301284788,,"<a href=""https://m.stock.naver.com/domestic/stock/063160/total"" target=""_blank"">Naver</a>"
005110,한창,16.030225739668786,3.1293393932059623,22.75481118203368,48.11272292890462,73.05294030692653,,"<a href=""https://m.stock.naver.com/domestic/stock/005110/total"" target=""_blank"">Naver</a>"
002820,SUN&L,15.594709493123792,9.286856699190238,9.553877995256459,37.03801329640051,78.60649290310965,,"<a href=""https://m.stock.naver.com/domestic/stock/002820/total"" target=""_blank"">Naver</a>"
336370,솔루스첨단소재,15.586107616010828,12.755026915475055,0.0,57.72070628527528,43.22041676396539,,"<a href=""https://m.stock.naver.com/domestic/stock/336370/total"" target=""_blank"">Naver</a>"
002410,범양건영,15.499330254368143,11.875370707851234,1.5124487100031354,45.52947038831914,68.8609722664941,,"<a href=""https://m.stock.naver.com/domestic/stock/002410/total"" target=""_blank"">Naver</a>"
010600,웰바이오텍,15.262390025963068,0.0,18.93005367789813,63.45031677522112,83.69689857932845,,"<a href=""https://m.stock.naver.com/domestic/stock/010600/total"" target=""_blank"">Naver</a>"
079980,휴비스,14.92353439509954,7.9326334138359185,1.0752371859795922,55.6441081965501,86.61468461296163,,"<a href=""https://m.stock.naver.com/domestic/stock/079980/total"" target=""_blank"">Naver</a>"
008600,윌비스,14.920472885203008,5.509567870897,14.905236322379858,52.92511866251999,51.918224316356884,,"<a href=""https://m.stock.naver.com/domestic/stock/008600/total"" target=""_blank"">Naver</a>"
006650,대한유화,14.50672994350265,4.31583338409947,2.3737109058779073,70.59737181504394,85.28130010138194,,"<a href=""https://m.stock.naver.com/domestic/stock/006650/total"" target=""_blank"">Naver</a>"
001570,금양,14.282307572891597,3.147459205465335,14.80541634104487,59.46620293771565,54.91715341159228,,"<a href=""https://m.stock.naver.com/domestic/stock/001570/total"" target=""_blank"">Naver</a>"
000660,SK하이닉스,14.179234813439061,0.0,23.026750397109144,62.48540981314551,43.480124656944476,,"<a href=""https://m.stock.naver.com/domestic/stock/000660/total"" target=""_blank"">Naver</a>"
001140,국보,13.751147018571674,11.249571987047183,0.0,38.12277444323159,63.78252764040408,,"<a href=""https://m.stock.naver.com/domestic/stock/001140/total"" target=""_blank"">Naver</a>"
011790,SKC,13.653497751161519,0.0,19.224839453821843,56.221871681473885,64.5020143911734,,"<a href=""https://m.stock.naver.com/domestic/stock/011790/total"" target=""_blank"">Naver</a>"
003560,IHQ,12.21837630303139,10.294489053057271,0.0,33.88049268877919,53.072672046382145,,"<a href=""https://m.stock.naver.com/domestic/stock/003560/total"" target=""_blank"">Naver</a>"
034220,LG디스플레이,10.108945693959491,3.5354768635706644,0.0,38.43589428370988,82.88140294892209,,"<a href=""https://m.stock.naver.com/domestic/stock/034220/total"" target=""_blank"">Naver</a>"
403550,쏘카,9.988280867910447,0.0,5.576925623393212,46.82124566330717,78.23849791462855,,"<a href=""https://m.stock.naver.com/domestic/stock/403550/total"" target=""_blank"">Naver</a>"
020760,일진디스플,9.924636680762628,0.0,10.79083923643597,29.88008398183789,84.77836946939695,,"<a href=""https://m.stock.naver.com/domestic/stock/020760/total"" target=""_blank"">Naver</a>"
000040,KR모터스,9.90193574836941,0.0,11.591260243010726,31.416765354416555,77.24888304350146,,"<a href=""https://m.stock.naver.com/domestic/stock/000040/total"" target=""_blank"">Naver</a>"
377740,바이오노트,8.720546531371635,0.0,8.781629022406161,49.69458558338505,31.113614348631774,,"<a href=""https://m.stock.naver.com/domestic/stock/377740/total"" target=""_blank"">Naver</a>"
011000,진원생명과학,8.706963411515172,1.1286157312819094,0.0,57.90560342742494,44.78467260007062,,"<a href=""https://m.stock.naver.com/domestic/stock/011000/total"" target=""_blank"">Naver</a>"
007460,에이프로젠,8.388133223441361,3.9518644426672496,0.0,52.67014557841011,15.0,,"<a href=""https://m.stock.naver.com/domestic/stock/007460/total"" target=""_blank"">Naver</a>"
302440,SK바이오사이언스,6.863015354357423,0.0,4.523549990546949,49.573466171033175,15.49562479234735,,"<a href=""https://m.stock.naver.com/domestic/stock/302440/total"" target=""_blank"">Naver</a>"
005935,삼성전자우,,,,,,corp_code not found,"<a href=""https://m.stock.naver.com/domestic/stock/005935/total"" target=""_blank"">Naver</a>"
105560,KB금융,,,,,,annual FS not found,"<a href=""https://m.stock.naver.com/domestic/stock/105560/total"" target=""_blank"">Naver</a>"
055550,신한지주,,,,,,annual FS not found,"<a href=""https://m.stock.naver.com/domestic/stock/055550/total"" target=""_blank"">Naver</a>"
032830,삼성생명,,,,,,annual FS not found,"<a href=""https://m.stock.naver.com/domestic/stock/032830/total"" target=""_blank"">Naver</a>"
086790,하나금융지주,,,,,,annual FS not found,"<a href=""https://m.stock.naver.com/domestic/stock/086790/total"" target=""_blank"">Naver</a>"
138040,메리츠금융지주,,,,,,annual FS not found,"<a href=""https://m.stock.naver.com/domestic/stock/138040/total"" target=""_blank"">Naver</a>"
000810,삼성화재,,,,,,annual FS not found,"<a href=""https://m.stock.naver.com/domestic/stock/000810/total"" target=""_blank"">Naver</a>"
402340,SK스퀘어,,,,,,annual FS not found,"<a href=""https://m.stock.naver.com/domestic/stock/402340/total"" target=""_blank"">Naver</a>"
316140,우리금융지주,,,,,,annual FS not found,"<a href=""https://m.stock.naver.com/domestic/stock/316140/total"" target=""_blank"">Naver</a>"
024110,기업은행,,,,,,annual FS not found,"<a href=""https://m.stock.naver.com/domestic/stock/024110/total"" target=""_blank"">Naver</a>"
323410,카카오뱅크,,,,,,annual FS not found,"<a href=""https://m.stock.naver.com/domestic/stock/323410/total"" target=""_blank"">Naver</a>"
006800,미래에셋증권,,,,,,annual FS not found,"<a href=""https://m.stock.naver.com/domestic/stock/006800/total"" target=""_blank"">Naver</a>"
005830,DB손해보험,,,,,,annual FS not found,"<a href=""https://m.stock.naver.com/domestic/stock/005830/total"" target=""_blank"">Naver</a>"
443060,HD현대마린솔루션,,,,,,annual FS not found,"<a href=""https://m.stock.naver.com/domestic/stock/443060/total"" target=""_blank"">Naver</a>"
071050,한국금융지주,,,,,,annual FS not found,"<a href=""https://m.stock.naver.com/domestic/stock/071050/total"" target=""_blank"">Naver</a>"
064400,LG씨엔에스,,,,,,annual FS not found,"<a href=""https://m.stock.naver.com/domestic/stock/064400/total"" target=""_blank"">Naver</a>"
005940,NH투자증권,,,,,,annual FS not found,"<a href=""https://m.stock.naver.com/domestic/stock/005940/total"" target=""_blank"">Naver</a>"
016360,삼성증권,,,,,,annual FS not found,"<a href=""https://m.stock.naver.com/domestic/stock/016360/total"" target=""_blank"">Naver</a>"
005387,현대차2우B,,,,,,corp_code not found,"<a href=""https://m.stock.naver.com/domestic/stock/005387/total"" target=""_blank"">Naver</a>"
029780,삼성카드,,,,,,annual FS not found,"<a href=""https://m.stock.naver.com/domestic/stock/029780/total"" target=""_blank"">Naver</a>"
088980,맥쿼리인프라,,,,,,annual FS not found,"<a href=""https://m.stock.naver.com/domestic/stock/088980/total"" target=""_blank"">Naver</a>"
039490,키움증권,,,,,,annual FS not found,"<a href=""https://m.stock.naver.com/domestic/stock/039490/total"" target=""_blank"">Naver</a>"
138930,BNK금융지주,,,,,,annual FS not found,"<a href=""https://m.stock.naver.com/domestic/stock/138930/total"" target=""_blank"">Naver</a>"
175330,JB금융지주,,,,,,annual FS not found,"<a href=""https://m.stock.naver.com/domestic/stock/175330/total"" target=""_blank"">Naver</a>"
454910,두산로보틱스,,,,,,annual FS not found,"<a href=""https://m.stock.naver.com/domestic/stock/454910/total"" target=""_blank"">Naver</a>"
005385,현대차우,,,,,,corp_code not found,"<a href=""https://m.stock.naver.com/domestic/stock/005385/total"" target=""_blank"">Naver</a>"
062040,산일전기,,,,,,annual FS not found,"<a href=""https://m.stock.naver.com/domestic/stock/062040/total"" target=""_blank"">Naver</a>"
439260,대한조선,,,,,,annual FS not found,"<a href=""https://m.stock.naver.com/domestic/stock/439260/total"" target=""_blank"">Naver</a>"
489790,한화비전,,,,,,annual FS not found,"<a href=""https://m.stock.naver.com/domestic/stock/489790/total"" target=""_blank"">Naver</a>"
088350,한화생명,,,,,,annual FS not found,"<a href=""https://m.stock.naver.com/domestic/stock/088350/total"" target=""_blank"">Naver</a>"
031210,서울보증보험,,,,,,annual FS not found,"<a href=""https://m.stock.naver.com/domestic/stock/031210/total"" target=""_blank"">Naver</a>"
462870,시프트업,,,,,,annual FS not found,"<a href=""https://m.stock.naver.com/domestic/stock/462870/total"" target=""_blank"">Naver</a>"
483650,달바글로벌,,,,,,annual FS not found,"<a href=""https://m.stock.naver.com/domestic/stock/483650/total"" target=""_blank"">Naver</a>"
001450,현대해상,,,,,,annual FS not found,"<a href=""https://m.stock.naver.com/domestic/stock/001450/total"" target=""_blank"">Naver</a>"
139130,iM금융지주,,,,,,annual FS not found,"<a href=""https://m.stock.naver.com/domestic/stock/139130/total"" target=""_blank"">Naver</a>"
003690,코리안리,,,,,,annual FS not found,"<a href=""https://m.stock.naver.com/domestic/stock/003690/total"" target=""_blank"">Naver</a>"
001720,신영증권,,,,,,annual FS not found,"<a href=""https://m.stock.naver.com/domestic/stock/001720/total"" target=""_blank"">Naver</a>"
000155,두산우,,,,,,corp_code not found,"<a href=""https://m.stock.naver.com/domestic/stock/000155/total"" target=""_blank"">Naver</a>"
484870,엠앤씨솔루션,,,,,,annual FS not found,"<a href=""https://m.stock.naver.com/domestic/stock/484870/total"" target=""_blank"">Naver</a>"
082640,동양생명,,,,,,annual FS not found,"<a href=""https://m.stock.naver.com/domestic/stock/082640/total"" target=""_blank"">Naver</a>"
610063,메리츠 KIS CD금리투자 ETN,,,,,,corp_code not found,"<a href=""https://m.stock.naver.com/domestic/stock/610063/total"" target=""_blank"">Naver</a>"
457190,이수스페셜티케미컬,,,,,,annual FS not found,"<a href=""https://m.stock.naver.com/domestic/stock/457190/total"" target=""_blank"">Naver</a>"
085620,미래에셋생명,,,,,,annual FS not found,"<a href=""https://m.stock.naver.com/domestic/stock/085620/total"" target=""_blank"">Naver</a>"
003540,대신증권,,,,,,annual FS not found,"<a href=""https://m.stock.naver.com/domestic/stock/003540/total"" target=""_blank"">Naver</a>"
003530,한화투자증권,,,,,,annual FS not found,"<a href=""https://m.stock.naver.com/domestic/stock/003530/total"" target=""_blank"">Naver</a>"
051915,LG화학우,,,,,,corp_code not found,"<a href=""https://m.stock.naver.com/domestic/stock/051915/total"" target=""_blank"">Naver</a>"
00680K,미래에셋증권2우B,,,,,,corp_code not found,"<a href=""https://m.stock.naver.com/domestic/stock/00680K/total"" target=""_blank"">Naver</a>"
415640,KB발해인프라,,,,,,annual FS not found,"<a href=""https://m.stock.naver.com/domestic/stock/415640/total"" target=""_blank"">Naver</a>"
000815,삼성화재우,,,,,,corp_code not found,"<a href=""https://m.stock.naver.com/domestic/stock/000815/total"" target=""_blank"">Naver</a>"
700026,하나 CD금리투자 ETN,,,,,,corp_code not found,"<a href=""https://m.stock.naver.com/domestic/stock/700026/total"" target=""_blank"">Naver</a>"
030610,교보증권,,,,,,annual FS not found,"<a href=""https://m.stock.naver.com/domestic/stock/030610/total"" target=""_blank"">Naver</a>"
475150,SK이터닉스,,,,,,annual FS not found,"<a href=""https://m.stock.naver.com/domestic/stock/475150/total"" target=""_blank"">Naver</a>"
550082,N2 KIS CD금리투자 ETN,,,,,,corp_code not found,"<a href=""https://m.stock.naver.com/domestic/stock/550082/total"" target=""_blank"">Naver</a>"
00088K,한화3우B,,,,,,corp_code not found,"<a href=""https://m.stock.naver.com/domestic/stock/00088K/total"" target=""_blank"">Naver</a>"
451800,한화리츠,,,,,,annual FS not found,"<a href=""https://m.stock.naver.com/domestic/stock/451800/total"" target=""_blank"">Naver</a>"
499790,GS피앤엘,,,,,,annual FS not found,"<a href=""https://m.stock.naver.com/domestic/stock/499790/total"" target=""_blank"">Naver</a>"
003470,유안타증권,,,,,,annual FS not found,"<a href=""https://m.stock.naver.com/domestic/stock/003470/total"" target=""_blank"">Naver</a>"
079900,전진건설로봇,,,,,,annual FS not found,"<a href=""https://m.stock.naver.com/domestic/stock/079900/total"" target=""_blank"">Naver</a>"
000370,한화손해보험,,,,,,annual FS not found,"<a href=""https://m.stock.naver.com/domestic/stock/000370/total"" target=""_blank"">Naver</a>"
760009,키움 CD금리투자 ETN,,,,,,corp_code not found,"<a href=""https://m.stock.naver.com/domestic/stock/760009/total"" target=""_blank"">Naver</a>"
066575,LG전자우,,,,,,corp_code not found,"<a href=""https://m.stock.naver.com/domestic/stock/066575/total"" target=""_blank"">Naver</a>"
530031,삼성 레버리지 WTI원유 선물 ETN,,,,,,corp_code not found,"<a href=""https://m.stock.naver.com/domestic/stock/530031/total"" target=""_blank"">Naver</a>"
580058,KB KIS CD금리투자 ETN,,,,,,corp_code not found,"<a href=""https://m.stock.naver.com/domestic/stock/580058/total"" target=""_blank"">Naver</a>"
001270,부국증권,,,,,,annual FS not found,"<a href=""https://m.stock.naver.com/domestic/stock/001270/total"" target=""_blank"">Naver</a>"
460860,동국제강,,,,,,annual FS not found,"<a href=""https://m.stock.naver.com/domestic/stock/460860/total"" target=""_blank"">Naver</a>"
00104K,CJ4우(전환),,,,,,corp_code not found,"<a href=""https://m.stock.naver.com/domestic/stock/00104K/total"" target=""_blank"">Naver</a>"
000400,롯데손해보험,,,,,,annual FS not found,"<a href=""https://m.stock.naver.com/domestic/stock/000400/total"" target=""_blank"">Naver</a>"
071055,한국금융지주우,,,,,,corp_code not found,"<a href=""https://m.stock.naver.com/domestic/stock/071055/total"" target=""_blank"">Naver</a>"
006220,제주은행,,,,,,annual FS not found,"<a href=""https://m.stock.naver.com/domestic/stock/006220/total"" target=""_blank"">Naver</a>"
456040,OCI,,,,,,annual FS not found,"<a href=""https://m.stock.naver.com/domestic/stock/456040/total"" target=""_blank"">Naver</a>"
500019,신한 레버리지 WTI원유 선물 ETN(H),,,,,,corp_code not found,"<a href=""https://m.stock.naver.com/domestic/stock/500019/total"" target=""_blank"">Naver</a>"
001500,현대차증권,,,,,,annual FS not found,"<a href=""https://m.stock.naver.com/domestic/stock/001500/total"" target=""_blank"">Naver</a>"
003545,대신증권우,,,,,,corp_code not found,"<a href=""https://m.stock.naver.com/domestic/stock/003545/total"" target=""_blank"">Naver</a>"
090435,아모레퍼시픽우,,,,,,corp_code not found,"<a href=""https://m.stock.naver.com/domestic/stock/090435/total"" target=""_blank"">Naver</a>"
017860,DS단석,,,,,,annual FS not found,"<a href=""https://m.stock.naver.com/domestic/stock/017860/total"" target=""_blank"">Naver</a>"
094800,맵스리얼티1,,,,,,annual FS not found,"<a href=""https://m.stock.naver.com/domestic/stock/094800/total"" target=""_blank"">Naver</a>"
026890,스틱인베스트먼트,,,,,,annual FS not found,"<a href=""https://m.stock.naver.com/domestic/stock/026890/total"" target=""_blank"">Naver</a>"
448730,삼성FN리츠,,,,,,annual FS not found,"<a href=""https://m.stock.naver.com/domestic/stock/448730/total"" target=""_blank"">Naver</a>"
475560,더본코리아,,,,,,annual FS not found,"<a href=""https://m.stock.naver.com/domestic/stock/475560/total"" target=""_blank"">Naver</a>"
432320,KB스타리츠,,,,,,annual FS not found,"<a href=""https://m.stock.naver.com/domestic/stock/432320/total"" target=""_blank"">Naver</a>"
005389,현대차3우B,,,,,,corp_code not found,"<a href=""https://m.stock.naver.com/domestic/stock/005389/total"" target=""_blank"">Naver</a>"
016610,DB증권,,,,,,annual FS not found,"<a href=""https://m.stock.naver.com/domestic/stock/016610/total"" target=""_blank"">Naver</a>"
000157,두산2우B,,,,,,corp_code not found,"<a href=""https://m.stock.naver.com/domestic/stock/000157/total"" target=""_blank"">Naver</a>"
092790,넥스틸,,,,,,annual FS not found,"<a href=""https://m.stock.naver.com/domestic/stock/092790/total"" target=""_blank"">Naver</a>"
570090,한투 KIS CD금리투자 ETN,,,,,,corp_code not found,"<a href=""https://m.stock.naver.com/domestic/stock/570090/total"" target=""_blank"">Naver</a>"
520009,미래에셋 레버리지 원유선물혼합 ETN(H),,,,,,corp_code not found,"<a href=""https://m.stock.naver.com/domestic/stock/520009/total"" target=""_blank"">Naver</a>"
034830,한국토지신탁,,,,,,annual FS not found,"<a href=""https://m.stock.naver.com/domestic/stock/034830/total"" target=""_blank"">Naver</a>"
001200,유진투자증권,,,,,,annual FS not found,"<a href=""https://m.stock.naver.com/domestic/stock/001200/total"" target=""_blank"">Naver</a>"
005945,NH투자증권우,,,,,,corp_code not found,"<a href=""https://m.stock.naver.com/domestic/stock/005945/total"" target=""_blank"">Naver</a>"
001510,SK증권,,,,,,annual FS not found,"<a href=""https://m.stock.naver.com/domestic/stock/001510/total"" target=""_blank"">Naver</a>"
123890,한국자산신탁,,,,,,annual FS not found,"<a href=""https://m.stock.naver.com/domestic/stock/123890/total"" target=""_blank"">Naver</a>"
000540,흥국화재,,,,,,annual FS not found,"<a href=""https://m.stock.naver.com/domestic/stock/000540/total"" target=""_blank"">Naver</a>"
0030R0,대신밸류리츠,,,,,,annual FS not found,"<a href=""https://m.stock.naver.com/domestic/stock/0030R0/total"" target=""_blank"">Naver</a>"
051905,LG생활건강우,,,,,,corp_code not found,"<a href=""https://m.stock.naver.com/domestic/stock/051905/total"" target=""_blank"">Naver</a>"
530107,삼성 인버스 2X 코스닥150 선물 ETN,,,,,,corp_code not found,"<a href=""https://m.stock.naver.com/domestic/stock/530107/total"" target=""_blank"">Naver</a>"
487570,HS효성,,,,,,annual FS not found,"<a href=""https://m.stock.naver.com/domestic/stock/487570/total"" target=""_blank"">Naver</a>"
001750,한양증권,,,,,,annual FS not found,"<a href=""https://m.stock.naver.com/domestic/stock/001750/total"" target=""_blank"">Naver</a>"
570022,한투 레버리지 S&P500 선물 ETN(H),,,,,,corp_code not found,"<a href=""https://m.stock.naver.com/domestic/stock/570022/total"" target=""_blank"">Naver</a>"
030210,다올투자증권,,,,,,annual FS not found,"<a href=""https://m.stock.naver.com/domestic/stock/030210/total"" target=""_blank"">Naver</a>"
006405,삼성SDI우,,,,,,corp_code not found,"<a href=""https://m.stock.naver.com/domestic/stock/006405/total"" target=""_blank"">Naver</a>"
009155,삼성전기우,,,,,,corp_code not found,"<a href=""https://m.stock.naver.com/domestic/stock/009155/total"" target=""_blank"">Naver</a>"
097955,CJ제일제당 우,,,,,,corp_code not found,"<a href=""https://m.stock.naver.com/domestic/stock/097955/total"" target=""_blank"">Naver</a>"
001045,CJ우,,,,,,corp_code not found,"<a href=""https://m.stock.naver.com/domestic/stock/001045/total"" target=""_blank"">Naver</a>"
003555,LG우,,,,,,corp_code not found,"<a href=""https://m.stock.naver.com/domestic/stock/003555/total"" target=""_blank"">Naver</a>"
011785,금호석유화학우,,,,,,corp_code not found,"<a href=""https://m.stock.naver.com/domestic/stock/011785/total"" target=""_blank"">Naver</a>"
500077,신한 인버스0.5X S&P500 VIX S/T선물 ETN,,,,,,corp_code not found,"<a href=""https://m.stock.naver.com/domestic/stock/500077/total"" target=""_blank"">Naver</a>"
003547,대신증권2우B,,,,,,corp_code not found,"<a href=""https://m.stock.naver.com/domestic/stock/003547/total"" target=""_blank"">Naver</a>"
460850,동국씨엠,,,,,,annual FS not found,"<a href=""https://m.stock.naver.com/domestic/stock/460850/total"" target=""_blank"">Naver</a>"
02826K,삼성물산우B,,,,,,corp_code not found,"<a href=""https://m.stock.naver.com/domestic/stock/02826K/total"" target=""_blank"">Naver</a>"
462520,조선내화,,,,,,annual FS not found,"<a href=""https://m.stock.naver.com/domestic/stock/462520/total"" target=""_blank"">Naver</a>"
010955,S-Oil우,,,,,,corp_code not found,"<a href=""https://m.stock.naver.com/domestic/stock/010955/total"" target=""_blank"">Naver</a>"
00279K,아모레퍼시픽홀딩스3우C,,,,,,corp_code not found,"<a href=""https://m.stock.naver.com/domestic/stock/00279K/total"" target=""_blank"">Naver</a>"
003460,유화증권,,,,,,annual FS not found,"<a href=""https://m.stock.naver.com/domestic/stock/003460/total"" target=""_blank"">Naver</a>"
530111,삼성 레버리지 천연가스 선물 ETN C,,,,,,corp_code not found,"<a href=""https://m.stock.naver.com/domestic/stock/530111/total"" target=""_blank"">Naver</a>"
610061,메리츠 3X 레버리지 국채30년 ETN,,,,,,corp_code not found,"<a href=""https://m.stock.naver.com/domestic/stock/610061/total"" target=""_blank"">Naver</a>"
570019,한투 코스피 양매도 5% OTM ETN,,,,,,corp_code not found,"<a href=""https://m.stock.naver.com/domestic/stock/570019/total"" target=""_blank"">Naver</a>"
500096,신한 인버스2X 천연가스 선물 ETN B,,,,,,corp_code not found,"<a href=""https://m.stock.naver.com/domestic/stock/500096/total"" target=""_blank"">Naver</a>"
500029,신한 레버리지 은 선물 ETN(H),,,,,,corp_code not found,"<a href=""https://m.stock.naver.com/domestic/stock/500029/total"" target=""_blank"">Naver</a>"
570051,한투 나스닥 100 ETN,,,,,,corp_code not found,"<a href=""https://m.stock.naver.com/domestic/stock/570051/total"" target=""_blank"">Naver</a>"
000105,유한양행우,,,,,,corp_code not found,"<a href=""https://m.stock.naver.com/domestic/stock/000105/total"" target=""_blank"">Naver</a>"
006805,미래에셋증권우,,,,,,corp_code not found,"<a href=""https://m.stock.naver.com/domestic/stock/006805/total"" target=""_blank"">Naver</a>"
480370,씨케이솔루션,,,,,,annual FS not found,"<a href=""https://m.stock.naver.com/domestic/stock/480370/total"" target=""_blank"">Naver</a>"
570084,한투 블룸버그 인버스 2X 천연가스선물 ETN,,,,,,corp_code not found,"<a href=""https://m.stock.naver.com/domestic/stock/570084/total"" target=""_blank"">Naver</a>"
700023,하나 Solactive 2X US Tech Top 10 ETN(H),,,,,,corp_code not found,"<a href=""https://m.stock.naver.com/domestic/stock/700023/total"" target=""_blank"">Naver</a>"
550092,N2 월간 레버리지 방위산업 Top5 ETN,,,,,,corp_code not found,"<a href=""https://m.stock.naver.com/domestic/stock/550092/total"" target=""_blank"">Naver</a>"
570050,한투 S&P500 선물 ETN,,,,,,corp_code not found,"<a href=""https://m.stock.naver.com/domestic/stock/570050/total"" target=""_blank"">Naver</a>"
570082,한투 인버스 2X 코스닥150선물 ETN,,,,,,corp_code not found,"<a href=""https://m.stock.naver.com/domestic/stock/570082/total"" target=""_blank"">Naver</a>"
530036,삼성 인버스 2X WTI원유 선물 ETN,,,,,,corp_code not found,"<a href=""https://m.stock.naver.com/domestic/stock/530036/total"" target=""_blank"">Naver</a>"
500095,신한 S&P500 VIX S/T 선물 ETN E,,,,,,corp_code not found,"<a href=""https://m.stock.naver.com/domestic/stock/500095/total"" target=""_blank"">Naver</a>"
550044,N2 레버리지 S&P500 ETN,,,,,,corp_code not found,"<a href=""https://m.stock.naver.com/domestic/stock/550044/total"" target=""_blank"">Naver</a>"
500037,신한 레버리지 금 선물 ETN,,,,,,corp_code not found,"<a href=""https://m.stock.naver.com/domestic/stock/500037/total"" target=""_blank"">Naver</a>"
530136,삼성 인버스 2X 천연가스 선물 ETN D,,,,,,corp_code not found,"<a href=""https://m.stock.naver.com/domestic/stock/530136/total"" target=""_blank"">Naver</a>"
111380,동인기연,,,,,,annual FS not found,"<a href=""https://m.stock.naver.com/domestic/stock/111380/total"" target=""_blank"">Naver</a>"
580015,KB 레버리지 나스닥 100 ETN,,,,,,corp_code not found,"<a href=""https://m.stock.naver.com/domestic/stock/580015/total"" target=""_blank"">Naver</a>"
096775,SK이노베이션우,,,,,,corp_code not found,"<a href=""https://m.stock.naver.com/domestic/stock/096775/total"" target=""_blank"">Naver</a>"
03473K,SK우,,,,,,corp_code not found,"<a href=""https://m.stock.naver.com/domestic/stock/03473K/total"" target=""_blank"">Naver</a>"
520057,미래에셋 인버스 2X 코스닥150 선물 ETN,,,,,,corp_code not found,"<a href=""https://m.stock.naver.com/domestic/stock/520057/total"" target=""_blank"">Naver</a>"
500015,신한 WTI원유 선물 ETN(H),,,,,,corp_code not found,"<a href=""https://m.stock.naver.com/domestic/stock/500015/total"" target=""_blank"">Naver</a>"
520054,미래에셋 레버리지 코스피200 선물 ETN,,,,,,corp_code not found,"<a href=""https://m.stock.naver.com/domestic/stock/520054/total"" target=""_blank"">Naver</a>"
500050,신한 레버리지 S&P500 선물 ETN,,,,,,corp_code not found,"<a href=""https://m.stock.naver.com/domestic/stock/500050/total"" target=""_blank"">Naver</a>"
33626K,두산퓨얼셀1우,,,,,,corp_code not found,"<a href=""https://m.stock.naver.com/domestic/stock/33626K/total"" target=""_blank"">Naver</a>"
580016,KB 레버리지 S&P 500 선물 ETN(H),,,,,,corp_code not found,"<a href=""https://m.stock.naver.com/domestic/stock/580016/total"" target=""_blank"">Naver</a>"
078935,GS우,,,,,,corp_code not found,"<a href=""https://m.stock.naver.com/domestic/stock/078935/total"" target=""_blank"">Naver</a>"
003925,남양유업우,,,,,,corp_code not found,"<a href=""https://m.stock.naver.com/domestic/stock/003925/total"" target=""_blank"">Naver</a>"
002795,아모레퍼시픽홀딩스우,,,,,,corp_code not found,"<a href=""https://m.stock.naver.com/domestic/stock/002795/total"" target=""_blank"">Naver</a>"
001275,부국증권우,,,,,,corp_code not found,"<a href=""https://m.stock.naver.com/domestic/stock/001275/total"" target=""_blank"">Naver</a>"
580046,KB 블룸버그 인버스2X 천연가스선물 ETN(H),,,,,,corp_code not found,"<a href=""https://m.stock.naver.com/domestic/stock/580046/total"" target=""_blank"">Naver</a>"
530055,삼성 레버리지 금 선물 ETN(H),,,,,,corp_code not found,"<a href=""https://m.stock.naver.com/domestic/stock/530055/total"" target=""_blank"">Naver</a>"
001290,상상인증권,,,,,,annual FS not found,"<a href=""https://m.stock.naver.com/domestic/stock/001290/total"" target=""_blank"">Naver</a>"
530019,삼성 미국 대형 성장주 ETN,,,,,,corp_code not found,"<a href=""https://m.stock.naver.com/domestic/stock/530019/total"" target=""_blank"">Naver</a>"
570103,한투 인버스2X 나스닥100 ETN B,,,,,,corp_code not found,"<a href=""https://m.stock.naver.com/domestic/stock/570103/total"" target=""_blank"">Naver</a>"
500071,신한 레버리지 코스닥 150 선물 ETN,,,,,,corp_code not found,"<a href=""https://m.stock.naver.com/domestic/stock/500071/total"" target=""_blank"">Naver</a>"
580010,KB Wise 분할매매 ETN,,,,,,corp_code not found,"<a href=""https://m.stock.naver.com/domestic/stock/580010/total"" target=""_blank"">Naver</a>"
37550L,DL이앤씨2우(전환),,,,,,corp_code not found,"<a href=""https://m.stock.naver.com/domestic/stock/37550L/total"" target=""_blank"">Naver</a>"
610066,메리츠 KAP 통안채 3개월 ETN,,,,,,corp_code not found,"<a href=""https://m.stock.naver.com/domestic/stock/610066/total"" target=""_blank"">Naver</a>"
530061,삼성 레버리지 은 선물 ETN(H),,,,,,corp_code not found,"<a href=""https://m.stock.naver.com/domestic/stock/530061/total"" target=""_blank"">Naver</a>"
481850,신한글로벌액티브리츠,,,,,,annual FS not found,"<a href=""https://m.stock.naver.com/domestic/stock/481850/total"" target=""_blank"">Naver</a>"
120115,코오롱인더우,,,,,,corp_code not found,"<a href=""https://m.stock.naver.com/domestic/stock/120115/total"" target=""_blank"">Naver</a>"
760016,키움 레버리지 조선TOP10 ETN,,,,,,corp_code not found,"<a href=""https://m.stock.naver.com/domestic/stock/760016/total"" target=""_blank"">Naver</a>"
009835,한화솔루션우,,,,,,corp_code not found,"<a href=""https://m.stock.naver.com/domestic/stock/009835/total"" target=""_blank"">Naver</a>"
500082,신한 블룸버그 2X 천연가스 선물 ETN,,,,,,corp_code not found,"<a href=""https://m.stock.naver.com/domestic/stock/500082/total"" target=""_blank"">Naver</a>"
550091,N2 방위산업 Top5 ETN,,,,,,corp_code not found,"<a href=""https://m.stock.naver.com/domestic/stock/550091/total"" target=""_blank"">Naver</a>"
000725,현대건설우,,,,,,corp_code not found,"<a href=""https://m.stock.naver.com/domestic/stock/000725/total"" target=""_blank"">Naver</a>"
760018,키움 미국달러선물 ETN B,,,,,,corp_code not found,"<a href=""https://m.stock.naver.com/domestic/stock/760018/total"" target=""_blank"">Naver</a>"
570059,한투 레버리지 금 선물 ETN,,,,,,corp_code not found,"<a href=""https://m.stock.naver.com/domestic/stock/570059/total"" target=""_blank"">Naver</a>"
520070,미래에셋 0.5X 코스피200 선물 ETN,,,,,,corp_code not found,"<a href=""https://m.stock.naver.com/domestic/stock/520070/total"" target=""_blank"">Naver</a>"
580021,KB 인버스 천연가스 선물 ETN,,,,,,corp_code not found,"<a href=""https://m.stock.naver.com/domestic/stock/580021/total"" target=""_blank"">Naver</a>"
530015,삼성 미국 대형 성장주 ETN(H),,,,,,corp_code not found,"<a href=""https://m.stock.naver.com/domestic/stock/530015/total"" target=""_blank"">Naver</a>"
005305,롯데칠성우,,,,,,corp_code not found,"<a href=""https://m.stock.naver.com/domestic/stock/005305/total"" target=""_blank"">Naver</a>"
28513K,SK케미칼우,,,,,,corp_code not found,"<a href=""https://m.stock.naver.com/domestic/stock/28513K/total"" target=""_blank"">Naver</a>"
465770,STX그린로지스,,,,,,annual FS not found,"<a href=""https://m.stock.naver.com/domestic/stock/465770/total"" target=""_blank"">Naver</a>"
530130,삼성 S&P500 VIX S/T 선물 ETN B,,,,,,corp_code not found,"<a href=""https://m.stock.naver.com/domestic/stock/530130/total"" target=""_blank"">Naver</a>"
500072,신한 인버스 2X 코스닥 150 선물 ETN,,,,,,corp_code not found,"<a href=""https://m.stock.naver.com/domestic/stock/500072/total"" target=""_blank"">Naver</a>"
001465,BYC우,,,,,,corp_code not found,"<a href=""https://m.stock.naver.com/domestic/stock/001465/total"" target=""_blank"">Naver</a>"
520056,미래에셋 레버리지 코스닥150 선물 ETN,,,,,,corp_code not found,"<a href=""https://m.stock.naver.com/domestic/stock/520056/total"" target=""_blank"">Naver</a>"
700022,하나 Solactive US Tech Top 10 ETN(H),,,,,,corp_code not found,"<a href=""https://m.stock.naver.com/domestic/stock/700022/total"" target=""_blank"">Naver</a>"
570106,한투 레버리지일본니케이225선물 ETN(H),,,,,,corp_code not found,"<a href=""https://m.stock.naver.com/domestic/stock/570106/total"" target=""_blank"">Naver</a>"
520071,미래에셋 0.5X 코스닥150 선물 ETN,,,,,,corp_code not found,"<a href=""https://m.stock.naver.com/domestic/stock/520071/total"" target=""_blank"">Naver</a>"
520066,미래에셋 KRX금현물 Auto-KO-C 2810-01 ETN,,,,,,corp_code not found,"<a href=""https://m.stock.naver.com/domestic/stock/520066/total"" target=""_blank"">Naver</a>"
610037,메리츠 미국채30년 ETN(H),,,,,,corp_code not found,"<a href=""https://m.stock.naver.com/domestic/stock/610037/total"" target=""_blank"">Naver</a>"
610078,메리츠 3X 레버리지 미국채30년 ETN,,,,,,corp_code not found,"<a href=""https://m.stock.naver.com/domestic/stock/610078/total"" target=""_blank"">Naver</a>"
570116,한투 블룸버그레버리지WTI원유선물 ETN B,,,,,,corp_code not found,"<a href=""https://m.stock.naver.com/domestic/stock/570116/total"" target=""_blank"">Naver</a>"
530067,삼성 KRX 금현물 ETN,,,,,,corp_code not found,"<a href=""https://m.stock.naver.com/domestic/stock/530067/total"" target=""_blank"">Naver</a>"
760007,키움 코스피 200 TR ETN,,,,,,corp_code not found,"<a href=""https://m.stock.naver.com/domestic/stock/760007/total"" target=""_blank"">Naver</a>"
520089,미래에셋 CAPE 실러 US Core Sector ETN,,,,,,corp_code not found,"<a href=""https://m.stock.naver.com/domestic/stock/520089/total"" target=""_blank"">Naver</a>"
530134,삼성 블룸버그 인버스2X WTI원유선물 ETN B,,,,,,corp_code not found,"<a href=""https://m.stock.naver.com/domestic/stock/530134/total"" target=""_blank"">Naver</a>"
530131,삼성 인버스0.5X S&P500 VIX S/T선물 ETN B,,,,,,corp_code not found,"<a href=""https://m.stock.naver.com/domestic/stock/530131/total"" target=""_blank"">Naver</a>"
530020,삼성 미국 대형 가치주 ETN,,,,,,corp_code not found,"<a href=""https://m.stock.naver.com/domestic/stock/530020/total"" target=""_blank"">Naver</a>"
550062,N2 레버리지 금 선물 ETN(H),,,,,,corp_code not found,"<a href=""https://m.stock.naver.com/domestic/stock/550062/total"" target=""_blank"">Naver</a>"
500020,신한 레버리지 다우존스지수 선물 ETN(H),,,,,,corp_code not found,"<a href=""https://m.stock.naver.com/domestic/stock/500020/total"" target=""_blank"">Naver</a>"
610012,메리츠 레버리지 금 선물 ETN(H),,,,,,corp_code not found,"<a href=""https://m.stock.naver.com/domestic/stock/610012/total"" target=""_blank"">Naver</a>"
006125,SK디스커버리우,,,,,,corp_code not found,"<a href=""https://m.stock.naver.com/domestic/stock/006125/total"" target=""_blank"">Naver</a>"
500016,신한 금 선물 ETN(H),,,,,,corp_code not found,"<a href=""https://m.stock.naver.com/domestic/stock/500016/total"" target=""_blank"">Naver</a>"
003465,유화증권우,,,,,,corp_code not found,"<a href=""https://m.stock.naver.com/domestic/stock/003465/total"" target=""_blank"">Naver</a>"
520080,미래에셋 미국 테크&반도체 TOP3 ETN,,,,,,corp_code not found,"<a href=""https://m.stock.naver.com/domestic/stock/520080/total"" target=""_blank"">Naver</a>"
37550K,DL이앤씨우,,,,,,corp_code not found,"<a href=""https://m.stock.naver.com/domestic/stock/37550K/total"" target=""_blank"">Naver</a>"
610007,메리츠 국채30년 ETN,,,,,,corp_code not found,"<a href=""https://m.stock.naver.com/domestic/stock/610007/total"" target=""_blank"">Naver</a>"
520072,미래에셋 미국 AI TOP3 ETN,,,,,,corp_code not found,"<a href=""https://m.stock.naver.com/domestic/stock/520072/total"" target=""_blank"">Naver</a>"
019175,신풍제약우,,,,,,corp_code not found,"<a href=""https://m.stock.naver.com/domestic/stock/019175/total"" target=""_blank"">Naver</a>"
520091,미래에셋 인버스 천연가스 선물 ETN B,,,,,,corp_code not found,"<a href=""https://m.stock.naver.com/domestic/stock/520091/total"" target=""_blank"">Naver</a>"
610038,메리츠 레버리지 미국채30년 ETN(H),,,,,,corp_code not found,"<a href=""https://m.stock.naver.com/domestic/stock/610038/total"" target=""_blank"">Naver</a>"
530115,삼성 레버리지 나스닥 100 ETN,,,,,,corp_code not found,"<a href=""https://m.stock.naver.com/domestic/stock/530115/total"" target=""_blank"">Naver</a>"
003475,유안타증권우,,,,,,corp_code not found,"<a href=""https://m.stock.naver.com/domestic/stock/003475/total"" target=""_blank"">Naver</a>"
520086,미래에셋-0.5X S&P500 VIX S/T선물 ETN(H)B,,,,,,corp_code not found,"<a href=""https://m.stock.naver.com/domestic/stock/520086/total"" target=""_blank"">Naver</a>"
520087,미래에셋 레버리지 KRX 금현물 ETN,,,,,,corp_code not found,"<a href=""https://m.stock.naver.com/domestic/stock/520087/total"" target=""_blank"">Naver</a>"
520077,미래에셋 -1.5X 천연가스 선물 ETN,,,,,,corp_code not found,"<a href=""https://m.stock.naver.com/domestic/stock/520077/total"" target=""_blank"">Naver</a>"
000215,DL우,,,,,,corp_code not found,"<a href=""https://m.stock.naver.com/domestic/stock/000215/total"" target=""_blank"">Naver</a>"
570093,한투 레버리지 천연가스 선물 ETN B,,,,,,corp_code not found,"<a href=""https://m.stock.naver.com/domestic/stock/570093/total"" target=""_blank"">Naver</a>"
520081,미래에셋 2X 미국 테크&반도체 TOP3 ETN,,,,,,corp_code not found,"<a href=""https://m.stock.naver.com/domestic/stock/520081/total"" target=""_blank"">Naver</a>"
580020,KB 천연가스 선물 ETN(H),,,,,,corp_code not found,"<a href=""https://m.stock.naver.com/domestic/stock/580020/total"" target=""_blank"">Naver</a>"
530016,삼성 미국 대형 가치주 ETN(H),,,,,,corp_code not found,"<a href=""https://m.stock.naver.com/domestic/stock/530016/total"" target=""_blank"">Naver</a>"
570029,한투 코스피 양매도 3% OTM ETN,,,,,,corp_code not found,"<a href=""https://m.stock.naver.com/domestic/stock/570029/total"" target=""_blank"">Naver</a>"
500018,신한 구리 선물 ETN(H),,,,,,corp_code not found,"<a href=""https://m.stock.naver.com/domestic/stock/500018/total"" target=""_blank"">Naver</a>"
530113,삼성 레버리지 S&P500 선물 ETN,,,,,,corp_code not found,"<a href=""https://m.stock.naver.com/domestic/stock/530113/total"" target=""_blank"">Naver</a>"
530104,삼성 레버리지 코스피200 선물 ETN,,,,,,corp_code not found,"<a href=""https://m.stock.naver.com/domestic/stock/530104/total"" target=""_blank"">Naver</a>"
520068,미래에셋 2X 홍콩H 선물 ETN,,,,,,corp_code not found,"<a href=""https://m.stock.naver.com/domestic/stock/520068/total"" target=""_blank"">Naver</a>"
500069,신한 레버리지 코스피 200 선물 ETN,,,,,,corp_code not found,"<a href=""https://m.stock.naver.com/domestic/stock/500069/total"" target=""_blank"">Naver</a>"
530116,삼성 인버스 2X 나스닥 100 ETN,,,,,,corp_code not found,"<a href=""https://m.stock.naver.com/domestic/stock/530116/total"" target=""_blank"">Naver</a>"
520074,미래에셋 미국 방위산업 TOP3 ETN,,,,,,corp_code not found,"<a href=""https://m.stock.naver.com/domestic/stock/520074/total"" target=""_blank"">Naver</a>"
500017,신한 은 선물 ETN(H),,,,,,corp_code not found,"<a href=""https://m.stock.naver.com/domestic/stock/500017/total"" target=""_blank"">Naver</a>"
520073,미래에셋 레버리지 미국 AI TOP3 ETN,,,,,,corp_code not found,"<a href=""https://m.stock.naver.com/domestic/stock/520073/total"" target=""_blank"">Naver</a>"
530023,삼성 레버리지 China A50 선물 ETN(H),,,,,,corp_code not found,"<a href=""https://m.stock.naver.com/domestic/stock/530023/total"" target=""_blank"">Naver</a>"
500027,신한 인버스 2X WTI원유 선물 ETN(H),,,,,,corp_code not found,"<a href=""https://m.stock.naver.com/domestic/stock/500027/total"" target=""_blank"">Naver</a>"
520090,미래에셋 천연가스 선물 ETN B,,,,,,corp_code not found,"<a href=""https://m.stock.naver.com/domestic/stock/520090/total"" target=""_blank"">Naver</a>"
530119,삼성 레버리지 항셍테크 ETN(H) B,,,,,,corp_code not found,"<a href=""https://m.stock.naver.com/domestic/stock/530119/total"" target=""_blank"">Naver</a>"
580034,KB 레버리지 FANG 플러스 ETN(H),,,,,,corp_code not found,"<a href=""https://m.stock.naver.com/domestic/stock/580034/total"" target=""_blank"">Naver</a>"
550041,N2 미국 IT TOP5 ETN(H),,,,,,corp_code not found,"<a href=""https://m.stock.naver.com/domestic/stock/550041/total"" target=""_blank"">Naver</a>"
003535,한화투자증권우,,,,,,corp_code not found,"<a href=""https://m.stock.naver.com/domestic/stock/003535/total"" target=""_blank"">Naver</a>"
530014,삼성 China A50 선물 ETN(H),,,,,,corp_code not found,"<a href=""https://m.stock.naver.com/domestic/stock/530014/total"" target=""_blank"">Naver</a>"
700028,하나 레버리지 반도체 ETN,,,,,,corp_code not found,"<a href=""https://m.stock.naver.com/domestic/stock/700028/total"" target=""_blank"">Naver</a>"
550093,N2 전력인프라 Top5 ETN,,,,,,corp_code not found,"<a href=""https://m.stock.naver.com/domestic/stock/550093/total"" target=""_blank"">Naver</a>"
004365,세방우,,,,,,corp_code not found,"<a href=""https://m.stock.naver.com/domestic/stock/004365/total"" target=""_blank"">Naver</a>"
580056,KB 일본 로보틱스 TOP 10 ETN,,,,,,corp_code not found,"<a href=""https://m.stock.naver.com/domestic/stock/580056/total"" target=""_blank"">Naver</a>"
570107,한투 인버스2X일본니케이225선물 ETN(H),,,,,,corp_code not found,"<a href=""https://m.stock.naver.com/domestic/stock/570107/total"" target=""_blank"">Naver</a>"
008775,호텔신라우,,,,,,corp_code not found,"<a href=""https://m.stock.naver.com/domestic/stock/008775/total"" target=""_blank"">Naver</a>"
520088,미래에셋 S&P500 VIX S/T 선물 ETN(H),,,,,,corp_code not found,"<a href=""https://m.stock.naver.com/domestic/stock/520088/total"" target=""_blank"">Naver</a>"
570104,한투 일본니케이225선물 ETN(H),,,,,,corp_code not found,"<a href=""https://m.stock.naver.com/domestic/stock/570104/total"" target=""_blank"">Naver</a>"
610075,메리츠 3X 레버리지 미국채10년 ETN,,,,,,corp_code not found,"<a href=""https://m.stock.naver.com/domestic/stock/610075/total"" target=""_blank"">Naver</a>"
610064,메리츠 KAP 통안채 6개월 ETN,,,,,,corp_code not found,"<a href=""https://m.stock.naver.com/domestic/stock/610064/total"" target=""_blank"">Naver</a>"
520047,미래에셋 인버스 2X 옥수수 선물 ETN,,,,,,corp_code not found,"<a href=""https://m.stock.naver.com/domestic/stock/520047/total"" target=""_blank"">Naver</a>"
520082,미래에셋 미국 자율주행대표기업 ETN,,,,,,corp_code not found,"<a href=""https://m.stock.naver.com/domestic/stock/520082/total"" target=""_blank"">Naver</a>"
33626L,두산퓨얼셀2우B,,,,,,corp_code not found,"<a href=""https://m.stock.naver.com/domestic/stock/33626L/total"" target=""_blank"">Naver</a>"
500035,신한 레버리지 미국달러 선물 ETN,,,,,,corp_code not found,"<a href=""https://m.stock.naver.com/domestic/stock/500035/total"" target=""_blank"">Naver</a>"
570061,한투 레버리지 은 선물 ETN,,,,,,corp_code not found,"<a href=""https://m.stock.naver.com/domestic/stock/570061/total"" target=""_blank"">Naver</a>"
33637K,솔루스첨단소재1우,,,,,,corp_code not found,"<a href=""https://m.stock.naver.com/domestic/stock/33637K/total"" target=""_blank"">Naver</a>"
530140,삼성 iSelect 레버리지 조선 TOP10 TR ETN,,,,,,corp_code not found,"<a href=""https://m.stock.naver.com/domestic/stock/530140/total"" target=""_blank"">Naver</a>"
700020,하나 블룸버그 -2X 천연가스 선물 ETN(H),,,,,,corp_code not found,"<a href=""https://m.stock.naver.com/domestic/stock/700020/total"" target=""_blank"">Naver</a>"
610054,메리츠 블룸버그 -2X 천연가스 선물 ETN(H),,,,,,corp_code not found,"<a href=""https://m.stock.naver.com/domestic/stock/610054/total"" target=""_blank"">Naver</a>"
610069,메리츠 KAP 레버리지 일본 엔화 ETN,,,,,,corp_code not found,"<a href=""https://m.stock.naver.com/domestic/stock/610069/total"" target=""_blank"">Naver</a>"
760005,키움 INDXX 미국테크탑10 ETN,,,,,,corp_code not found,"<a href=""https://m.stock.naver.com/domestic/stock/760005/total"" target=""_blank"">Naver</a>"
530118,삼성 코스닥 150 TR ETN,,,,,,corp_code not found,"<a href=""https://m.stock.naver.com/domestic/stock/530118/total"" target=""_blank"">Naver</a>"
520075,미래에셋 레버리지 미국 방위산업 TOP3 ETN,,,,,,corp_code not found,"<a href=""https://m.stock.naver.com/domestic/stock/520075/total"" target=""_blank"">Naver</a>"
510029,대신 S&P 인버스 2X 천연가스 선물 ETN,,,,,,corp_code not found,"<a href=""https://m.stock.naver.com/domestic/stock/510029/total"" target=""_blank"">Naver</a>"
700017,하나 레버리지 코스닥150 선물 ETN,,,,,,corp_code not found,"<a href=""https://m.stock.naver.com/domestic/stock/700017/total"" target=""_blank"">Naver</a>"
610008,메리츠 레버리지 국채30년 ETN,,,,,,corp_code not found,"<a href=""https://m.stock.naver.com/domestic/stock/610008/total"" target=""_blank"">Naver</a>"
610036,메리츠 인버스 2X 대표 농산물 선물 ETN(H),,,,,,corp_code not found,"<a href=""https://m.stock.naver.com/domestic/stock/610036/total"" target=""_blank"">Naver</a>"
700012,하나 인버스 2X 옥수수 선물 ETN(H),,,,,,corp_code not found,"<a href=""https://m.stock.naver.com/domestic/stock/700012/total"" target=""_blank"">Naver</a>"
570081,한투 레버리지 코스닥150선물 ETN,,,,,,corp_code not found,"<a href=""https://m.stock.naver.com/domestic/stock/570081/total"" target=""_blank"">Naver</a>"
520065,미래에셋 -2X 미국채울트라30년 선물 ETN,,,,,,corp_code not found,"<a href=""https://m.stock.naver.com/domestic/stock/520065/total"" target=""_blank"">Naver</a>"
530106,삼성 레버리지 코스닥150 선물 ETN,,,,,,corp_code not found,"<a href=""https://m.stock.naver.com/domestic/stock/530106/total"" target=""_blank"">Naver</a>"
580057,KB 일본 컨슈머 TOP 10 ETN,,,,,,corp_code not found,"<a href=""https://m.stock.naver.com/domestic/stock/580057/total"" target=""_blank"">Naver</a>"
003495,대한항공우,,,,,,corp_code not found,"<a href=""https://m.stock.naver.com/domestic/stock/003495/total"" target=""_blank"">Naver</a>"
570069,한투 레버리지 플래티넘 선물 ETN,,,,,,corp_code not found,"<a href=""https://m.stock.naver.com/domestic/stock/570069/total"" target=""_blank"">Naver</a>"
550089,N2 월간 레버리지 코스피 200 선물 ETN,,,,,,corp_code not found,"<a href=""https://m.stock.naver.com/domestic/stock/550089/total"" target=""_blank"">Naver</a>"
520078,미래에셋 미국 제약 TOP3 ETN,,,,,,corp_code not found,"<a href=""https://m.stock.naver.com/domestic/stock/520078/total"" target=""_blank"">Naver</a>"
610088,메리츠 솔랙티브 2X WTI원유 선물 ETN(H),,,,,,corp_code not found,"<a href=""https://m.stock.naver.com/domestic/stock/610088/total"" target=""_blank"">Naver</a>"
500093,신한 블룸버그 레버리지 WTI원유선물 ETN B,,,,,,corp_code not found,"<a href=""https://m.stock.naver.com/domestic/stock/500093/total"" target=""_blank"">Naver</a>"
550084,N2 코스피 200 TR ETN,,,,,,corp_code not found,"<a href=""https://m.stock.naver.com/domestic/stock/550084/total"" target=""_blank"">Naver</a>"
580068,KB S&P 레버리지 WTI원유 선물 ETN B,,,,,,corp_code not found,"<a href=""https://m.stock.naver.com/domestic/stock/580068/total"" target=""_blank"">Naver</a>"
700029,하나 S&P 레버리지 WTI원유 선물 ETN B,,,,,,corp_code not found,"<a href=""https://m.stock.naver.com/domestic/stock/700029/total"" target=""_blank"">Naver</a>"
530133,삼성 블룸버그 레버리지 WTI원유선물 ETN B,,,,,,corp_code not found,"<a href=""https://m.stock.naver.com/domestic/stock/530133/total"" target=""_blank"">Naver</a>"
570105,한투 인버스일본니케이225선물 ETN(H),,,,,,corp_code not found,"<a href=""https://m.stock.naver.com/domestic/stock/570105/total"" target=""_blank"">Naver</a>"
570117,한투 블룸버그인버스2XWTI원유선물 ETN B,,,,,,corp_code not found,"<a href=""https://m.stock.naver.com/domestic/stock/570117/total"" target=""_blank"">Naver</a>"
610016,메리츠 레버리지 은 선물 ETN(H),,,,,,corp_code not found,"<a href=""https://m.stock.naver.com/domestic/stock/610016/total"" target=""_blank"">Naver</a>"
550064,N2 레버리지 은 선물 ETN(H),,,,,,corp_code not found,"<a href=""https://m.stock.naver.com/domestic/stock/550064/total"" target=""_blank"">Naver</a>"
520076,미래에셋 1.5X 천연가스 선물 ETN,,,,,,corp_code not found,"<a href=""https://m.stock.naver.com/domestic/stock/520076/total"" target=""_blank"">Naver</a>"
610022,메리츠 미국채10년 ETN(H),,,,,,corp_code not found,"<a href=""https://m.stock.naver.com/domestic/stock/610022/total"" target=""_blank"">Naver</a>"
019685,대교우B,,,,,,corp_code not found,"<a href=""https://m.stock.naver.com/domestic/stock/019685/total"" target=""_blank"">Naver</a>"
530126,삼성 코리아 밸류업 TR ETN,,,,,,corp_code not found,"<a href=""https://m.stock.naver.com/domestic/stock/530126/total"" target=""_blank"">Naver</a>"
610001,메리츠 인플레이션 국채 ETN,,,,,,corp_code not found,"<a href=""https://m.stock.naver.com/domestic/stock/610001/total"" target=""_blank"">Naver</a>"
00499K,롯데지주우,,,,,,corp_code not found,"<a href=""https://m.stock.naver.com/domestic/stock/00499K/total"" target=""_blank"">Naver</a>"
570102,한투 레버리지 나스닥100 ETN B,,,,,,corp_code not found,"<a href=""https://m.stock.naver.com/domestic/stock/570102/total"" target=""_blank"">Naver</a>"
610085,메리츠 레버리지 미국채30년 스트립 ETN(H),,,,,,corp_code not found,"<a href=""https://m.stock.naver.com/domestic/stock/610085/total"" target=""_blank"">Naver</a>"
002025,코오롱우,,,,,,corp_code not found,"<a href=""https://m.stock.naver.com/domestic/stock/002025/total"" target=""_blank"">Naver</a>"
530064,삼성 인버스 2X 구리 선물 ETN(H),,,,,,corp_code not found,"<a href=""https://m.stock.naver.com/domestic/stock/530064/total"" target=""_blank"">Naver</a>"
580022,KB 레버리지 금 선물 ETN(H),,,,,,corp_code not found,"<a href=""https://m.stock.naver.com/domestic/stock/580022/total"" target=""_blank"">Naver</a>"
005257,녹십자홀딩스2우,,,,,,corp_code not found,"<a href=""https://m.stock.naver.com/domestic/stock/005257/total"" target=""_blank"">Naver</a>"
520050,미래에셋 인버스 2X 원유선물혼합 ETN(H),,,,,,corp_code not found,"<a href=""https://m.stock.naver.com/domestic/stock/520050/total"" target=""_blank"">Naver</a>"
580067,KB 인디아 디지털 Select 5 ETN,,,,,,corp_code not found,"<a href=""https://m.stock.naver.com/domestic/stock/580067/total"" target=""_blank"">Naver</a>"
530105,삼성 인버스 2X 코스피200 선물 ETN,,,,,,corp_code not found,"<a href=""https://m.stock.naver.com/domestic/stock/530105/total"" target=""_blank"">Naver</a>"
550086,N2 미국달러 SOFR금리 플러스 ETN,,,,,,corp_code not found,"<a href=""https://m.stock.naver.com/domestic/stock/550086/total"" target=""_blank"">Naver</a>"
001685,대상우,,,,,,corp_code not found,"<a href=""https://m.stock.naver.com/domestic/stock/001685/total"" target=""_blank"">Naver</a>"
500023,신한 콩 선물 ETN(H),,,,,,corp_code not found,"<a href=""https://m.stock.naver.com/domestic/stock/500023/total"" target=""_blank"">Naver</a>"
610044,메리츠 인버스 천연가스 선물 ETN(H),,,,,,corp_code not found,"<a href=""https://m.stock.naver.com/domestic/stock/610044/total"" target=""_blank"">Naver</a>"
520053,미래에셋 인버스 천연가스 선물 ETN(H),,,,,,corp_code not found,"<a href=""https://m.stock.naver.com/domestic/stock/520053/total"" target=""_blank"">Naver</a>"
570065,한투 레버리지 베트남 VN30 선물 ETN(H),,,,,,corp_code not found,"<a href=""https://m.stock.naver.com/domestic/stock/570065/total"" target=""_blank"">Naver</a>"
570047,한투 FTSE100 ETN,,,,,,corp_code not found,"<a href=""https://m.stock.naver.com/domestic/stock/570047/total"" target=""_blank"">Naver</a>"
760013,키움 레버리지 반도체TOP10 ETN,,,,,,corp_code not found,"<a href=""https://m.stock.naver.com/domestic/stock/760013/total"" target=""_blank"">Naver</a>"
500091,신한 33-12 국고채 플러스 ETN,,,,,,corp_code not found,"<a href=""https://m.stock.naver.com/domestic/stock/500091/total"" target=""_blank"">Naver</a>"
610018,메리츠 국채10년 ETN,,,,,,corp_code not found,"<a href=""https://m.stock.naver.com/domestic/stock/610018/total"" target=""_blank"">Naver</a>"
530124,삼성 레버리지 일본니케이225선물 ETN(H),,,,,,corp_code not found,"<a href=""https://m.stock.naver.com/domestic/stock/530124/total"" target=""_blank"">Naver</a>"
520037,미래에셋 코스피200 선물 ETN,,,,,,corp_code not found,"<a href=""https://m.stock.naver.com/domestic/stock/520037/total"" target=""_blank"">Naver</a>"
500014,신한 인버스 옥수수 선물 ETN(H),,,,,,corp_code not found,"<a href=""https://m.stock.naver.com/domestic/stock/500014/total"" target=""_blank"">Naver</a>"
580048,KB CSI 300 ETN,,,,,,corp_code not found,"<a href=""https://m.stock.naver.com/domestic/stock/580048/total"" target=""_blank"">Naver</a>"
570055,한투 금 선물 ETN,,,,,,corp_code not found,"<a href=""https://m.stock.naver.com/domestic/stock/570055/total"" target=""_blank"">Naver</a>"
500090,신한 2X 26-05 공사채(AAA) ETN,,,,,,corp_code not found,"<a href=""https://m.stock.naver.com/domestic/stock/500090/total"" target=""_blank"">Naver</a>"
500088,신한 2X 26-05 은행채(AAA) ETN,,,,,,corp_code not found,"<a href=""https://m.stock.naver.com/domestic/stock/500088/total"" target=""_blank"">Naver</a>"
500089,신한 26-05 공사채(AAA) ETN,,,,,,corp_code not found,"<a href=""https://m.stock.naver.com/domestic/stock/500089/total"" target=""_blank"">Naver</a>"
500087,신한 26-05 은행채(AAA) ETN,,,,,,corp_code not found,"<a href=""https://m.stock.naver.com/domestic/stock/500087/total"" target=""_blank"">Naver</a>"
580066,KB 인디아 대형 성장주 Select 5 ETN,,,,,,corp_code not found,"<a href=""https://m.stock.naver.com/domestic/stock/580066/total"" target=""_blank"">Naver</a>"
002355,넥센타이어1우B,,,,,,corp_code not found,"<a href=""https://m.stock.naver.com/domestic/stock/002355/total"" target=""_blank"">Naver</a>"
610047,메리츠 인버스 국채3년 ETN,,,,,,corp_code not found,"<a href=""https://m.stock.naver.com/domestic/stock/610047/total"" target=""_blank"">Naver</a>"
580049,KB CSI 500 ETN,,,,,,corp_code not found,"<a href=""https://m.stock.naver.com/domestic/stock/580049/total"" target=""_blank"">Naver</a>"
580052,KB 인버스 2X 밀 선물 ETN,,,,,,corp_code not found,"<a href=""https://m.stock.naver.com/domestic/stock/580052/total"" target=""_blank"">Naver</a>"
550097,N2 레버리지 코스닥150 선물 ETN,,,,,,corp_code not found,"<a href=""https://m.stock.naver.com/domestic/stock/550097/total"" target=""_blank"">Naver</a>"
580070,KB 레버리지 2차전지 TOP 10 TR ETN,,,,,,corp_code not found,"<a href=""https://m.stock.naver.com/domestic/stock/580070/total"" target=""_blank"">Naver</a>"
530138,삼성 KRX 레버리지 2차전지 TOP10 TR ETN,,,,,,corp_code not found,"<a href=""https://m.stock.naver.com/domestic/stock/530138/total"" target=""_blank"">Naver</a>"
550098,N2 인버스 2X 코스닥150 선물 ETN,,,,,,corp_code not found,"<a href=""https://m.stock.naver.com/domestic/stock/550098/total"" target=""_blank"">Naver</a>"
520083,미래에셋 2X 미국 자율주행대표기업 ETN,,,,,,corp_code not found,"<a href=""https://m.stock.naver.com/domestic/stock/520083/total"" target=""_blank"">Naver</a>"
570114,한투 S&P500 VIX S/T선물 ETN(H) B,,,,,,corp_code not found,"<a href=""https://m.stock.naver.com/domestic/stock/570114/total"" target=""_blank"">Naver</a>"
580039,KB 레버리지 KOSPI 200 선물 ETN,,,,,,corp_code not found,"<a href=""https://m.stock.naver.com/domestic/stock/580039/total"" target=""_blank"">Naver</a>"
580047,KB 레버리지 항셍테크 선물 ETN(H) B,,,,,,corp_code not found,"<a href=""https://m.stock.naver.com/domestic/stock/580047/total"" target=""_blank"">Naver</a>"
550087,N2 선진국 1등주 ETN,,,,,,corp_code not found,"<a href=""https://m.stock.naver.com/domestic/stock/550087/total"" target=""_blank"">Naver</a>"
570054,한투 레버리지 유로스탁스50 ETN(H) B,,,,,,corp_code not found,"<a href=""https://m.stock.naver.com/domestic/stock/570054/total"" target=""_blank"">Naver</a>"
760004,키움 인버스 미국달러선물 ETN,,,,,,corp_code not found,"<a href=""https://m.stock.naver.com/domestic/stock/760004/total"" target=""_blank"">Naver</a>"
550085,N2 코스닥 150 TR ETN,,,,,,corp_code not found,"<a href=""https://m.stock.naver.com/domestic/stock/550085/total"" target=""_blank"">Naver</a>"
530129,삼성 인버스 2X 미국다우존스 선물 ETN,,,,,,corp_code not found,"<a href=""https://m.stock.naver.com/domestic/stock/530129/total"" target=""_blank"">Naver</a>"
108675,LX하우시스우,,,,,,corp_code not found,"<a href=""https://m.stock.naver.com/domestic/stock/108675/total"" target=""_blank"">Naver</a>"
520039,미래에셋 코스닥150 선물 ETN,,,,,,corp_code not found,"<a href=""https://m.stock.naver.com/domestic/stock/520039/total"" target=""_blank"">Naver</a>"
530128,삼성 레버리지 미국다우존스 선물 ETN,,,,,,corp_code not found,"<a href=""https://m.stock.naver.com/domestic/stock/530128/total"" target=""_blank"">Naver</a>"
760008,키움 코스닥 150 TR ETN,,,,,,corp_code not found,"<a href=""https://m.stock.naver.com/domestic/stock/760008/total"" target=""_blank"">Naver</a>"
700013,하나 레버리지 콩 선물 ETN(H),,,,,,corp_code not found,"<a href=""https://m.stock.naver.com/domestic/stock/700013/total"" target=""_blank"">Naver</a>"
610003,메리츠 미국 인플레이션 국채 ETN(H),,,,,,corp_code not found,"<a href=""https://m.stock.naver.com/domestic/stock/610003/total"" target=""_blank"">Naver</a>"
18064K,한진칼우,,,,,,corp_code not found,"<a href=""https://m.stock.naver.com/domestic/stock/18064K/total"" target=""_blank"">Naver</a>"
007815,코리아써우,,,,,,corp_code not found,"<a href=""https://m.stock.naver.com/domestic/stock/007815/total"" target=""_blank"">Naver</a>"
500040,신한 레버리지 구리 선물 ETN,,,,,,corp_code not found,"<a href=""https://m.stock.naver.com/domestic/stock/500040/total"" target=""_blank"">Naver</a>"
35320K,대덕전자1우,,,,,,corp_code not found,"<a href=""https://m.stock.naver.com/domestic/stock/35320K/total"" target=""_blank"">Naver</a>"
520038,미래에셋 인버스 코스피200 선물 ETN,,,,,,corp_code not found,"<a href=""https://m.stock.naver.com/domestic/stock/520038/total"" target=""_blank"">Naver</a>"
000087,하이트진로2우B,,,,,,corp_code not found,"<a href=""https://m.stock.naver.com/domestic/stock/000087/total"" target=""_blank"">Naver</a>"
500061,신한 인버스 코스피 200 선물 ETN,,,,,,corp_code not found,"<a href=""https://m.stock.naver.com/domestic/stock/500061/total"" target=""_blank"">Naver</a>"
152550,한국ANKOR유전,,,,,,annual FS not found,"<a href=""https://m.stock.naver.com/domestic/stock/152550/total"" target=""_blank"">Naver</a>"
530083,삼성 금 선물 ETN(H),,,,,,corp_code not found,"<a href=""https://m.stock.naver.com/domestic/stock/530083/total"" target=""_blank"">Naver</a>"
580054,KB 인버스 2X 콩 선물 ETN,,,,,,corp_code not found,"<a href=""https://m.stock.naver.com/domestic/stock/580054/total"" target=""_blank"">Naver</a>"
570115,한투 인버스0.5X S&P500 VIX S/T선물 ETN B,,,,,,corp_code not found,"<a href=""https://m.stock.naver.com/domestic/stock/570115/total"" target=""_blank"">Naver</a>"
550088,N2 월간 레버리지 선진국 1등주 ETN,,,,,,corp_code not found,"<a href=""https://m.stock.naver.com/domestic/stock/550088/total"" target=""_blank"">Naver</a>"
610040,메리츠 인버스 2X 미국채30년 ETN(H),,,,,,corp_code not found,"<a href=""https://m.stock.naver.com/domestic/stock/610040/total"" target=""_blank"">Naver</a>"
500024,신한 인버스 콩 선물 ETN(H),,,,,,corp_code not found,"<a href=""https://m.stock.naver.com/domestic/stock/500024/total"" target=""_blank"">Naver</a>"
510027,대신 인버스 2X 코스닥 150 선물 ETN,,,,,,corp_code not found,"<a href=""https://m.stock.naver.com/domestic/stock/510027/total"" target=""_blank"">Naver</a>"
580044,KB 인버스 2X KOSDAQ 150 선물 ETN,,,,,,corp_code not found,"<a href=""https://m.stock.naver.com/domestic/stock/580044/total"" target=""_blank"">Naver</a>"
570072,한투 레버리지 구리 선물 ETN,,,,,,corp_code not found,"<a href=""https://m.stock.naver.com/domestic/stock/570072/total"" target=""_blank"">Naver</a>"
500063,신한 인버스 코스닥 150 선물 ETN,,,,,,corp_code not found,"<a href=""https://m.stock.naver.com/domestic/stock/500063/total"" target=""_blank"">Naver</a>"
530112,삼성 S&P500 ETN,,,,,,corp_code not found,"<a href=""https://m.stock.naver.com/domestic/stock/530112/total"" target=""_blank"">Naver</a>"
520040,미래에셋 인버스 코스닥150 선물 ETN,,,,,,corp_code not found,"<a href=""https://m.stock.naver.com/domestic/stock/520040/total"" target=""_blank"">Naver</a>"
005725,넥센우,,,,,,corp_code not found,"<a href=""https://m.stock.naver.com/domestic/stock/005725/total"" target=""_blank"">Naver</a>"
760017,키움 조선TOP10 ETN,,,,,,corp_code not found,"<a href=""https://m.stock.naver.com/domestic/stock/760017/total"" target=""_blank"">Naver</a>"
570057,한투 은 선물 ETN,,,,,,corp_code not found,"<a href=""https://m.stock.naver.com/domestic/stock/570057/total"" target=""_blank"">Naver</a>"
610025,메리츠 인버스 2X 미국채10년 ETN(H),,,,,,corp_code not found,"<a href=""https://m.stock.naver.com/domestic/stock/610025/total"" target=""_blank"">Naver</a>"
001795,대한제당우,,,,,,corp_code not found,"<a href=""https://m.stock.naver.com/domestic/stock/001795/total"" target=""_blank"">Naver</a>"
520055,미래에셋 인버스 2X 코스피200 선물 ETN,,,,,,corp_code not found,"<a href=""https://m.stock.naver.com/domestic/stock/520055/total"" target=""_blank"">Naver</a>"
700014,하나 인버스 2X 콩 선물 ETN(H),,,,,,corp_code not found,"<a href=""https://m.stock.naver.com/domestic/stock/700014/total"" target=""_blank"">Naver</a>"
33637L,솔루스첨단소재2우B,,,,,,corp_code not found,"<a href=""https://m.stock.naver.com/domestic/stock/33637L/total"" target=""_blank"">Naver</a>"
500013,신한 옥수수 선물 ETN(H),,,,,,corp_code not found,"<a href=""https://m.stock.naver.com/domestic/stock/500013/total"" target=""_blank"">Naver</a>"
530125,삼성 인버스 2X 일본니케이225선물 ETN(H),,,,,,corp_code not found,"<a href=""https://m.stock.naver.com/domestic/stock/530125/total"" target=""_blank"">Naver</a>"
530121,삼성 항셍테크 ETN(H) B,,,,,,corp_code not found,"<a href=""https://m.stock.naver.com/domestic/stock/530121/total"" target=""_blank"">Naver</a>"
530089,삼성 은 선물 ETN(H),,,,,,corp_code not found,"<a href=""https://m.stock.naver.com/domestic/stock/530089/total"" target=""_blank"">Naver</a>"
570100,한투 일본종합상사TOP5 ETN,,,,,,corp_code not found,"<a href=""https://m.stock.naver.com/domestic/stock/570100/total"" target=""_blank"">Naver</a>"
610039,메리츠 인버스 미국채30년 ETN(H),,,,,,corp_code not found,"<a href=""https://m.stock.naver.com/domestic/stock/610039/total"" target=""_blank"">Naver</a>"
570073,한투 인버스 2X 구리 선물 ETN,,,,,,corp_code not found,"<a href=""https://m.stock.naver.com/domestic/stock/570073/total"" target=""_blank"">Naver</a>"
610028,메리츠 레버리지 구리 선물 ETN(H),,,,,,corp_code not found,"<a href=""https://m.stock.naver.com/domestic/stock/610028/total"" target=""_blank"">Naver</a>"
530056,삼성 인버스 2X 금 선물 ETN(H),,,,,,corp_code not found,"<a href=""https://m.stock.naver.com/domestic/stock/530056/total"" target=""_blank"">Naver</a>"
520064,미래에셋 2X 미국채울트라30년 선물 ETN,,,,,,corp_code not found,"<a href=""https://m.stock.naver.com/domestic/stock/520064/total"" target=""_blank"">Naver</a>"
550069,N2 레버리지 구리 선물 ETN(H),,,,,,corp_code not found,"<a href=""https://m.stock.naver.com/domestic/stock/550069/total"" target=""_blank"">Naver</a>"
610089,메리츠 솔랙티브 -2X WTI원유 선물 ETN(H),,,,,,corp_code not found,"<a href=""https://m.stock.naver.com/domestic/stock/610089/total"" target=""_blank"">Naver</a>"
580043,KB 레버리지 KOSDAQ 150 선물 ETN,,,,,,corp_code not found,"<a href=""https://m.stock.naver.com/domestic/stock/580043/total"" target=""_blank"">Naver</a>"
500028,신한 인버스 2X 다우존스지수 선물 ETN(H),,,,,,corp_code not found,"<a href=""https://m.stock.naver.com/domestic/stock/500028/total"" target=""_blank"">Naver</a>"
520084,미래에셋 -2X 미국 자율주행대표기업 ETN,,,,,,corp_code not found,"<a href=""https://m.stock.naver.com/domestic/stock/520084/total"" target=""_blank"">Naver</a>"
530063,삼성 레버리지 구리 선물 ETN(H),,,,,,corp_code not found,"<a href=""https://m.stock.naver.com/domestic/stock/530063/total"" target=""_blank"">Naver</a>"
001067,JW중외제약2우B,,,,,,corp_code not found,"<a href=""https://m.stock.naver.com/domestic/stock/001067/total"" target=""_blank"">Naver</a>"
004255,NPC우,,,,,,corp_code not found,"<a href=""https://m.stock.naver.com/domestic/stock/004255/total"" target=""_blank"">Naver</a>"
610024,메리츠 인버스 미국채10년 ETN(H),,,,,,corp_code not found,"<a href=""https://m.stock.naver.com/domestic/stock/610024/total"" target=""_blank"">Naver</a>"
520079,미래에셋 레버리지 미국 제약 TOP3 ETN,,,,,,corp_code not found,"<a href=""https://m.stock.naver.com/domestic/stock/520079/total"" target=""_blank"">Naver</a>"
500085,신한 코스피 200 TR ETN,,,,,,corp_code not found,"<a href=""https://m.stock.naver.com/domestic/stock/500085/total"" target=""_blank"">Naver</a>"
530117,삼성 코스피 200 TR ETN,,,,,,corp_code not found,"<a href=""https://m.stock.naver.com/domestic/stock/530117/total"" target=""_blank"">Naver</a>"
38380K,LX홀딩스1우,,,,,,corp_code not found,"<a href=""https://m.stock.naver.com/domestic/stock/38380K/total"" target=""_blank"">Naver</a>"
580026,KB 레버리지 은 선물 ETN(H),,,,,,corp_code not found,"<a href=""https://m.stock.naver.com/domestic/stock/580026/total"" target=""_blank"">Naver</a>"
145995,삼양사우,,,,,,corp_code not found,"<a href=""https://m.stock.naver.com/domestic/stock/145995/total"" target=""_blank"">Naver</a>"
580069,KB S&P 인버스 2X WTI원유 선물 ETN B,,,,,,corp_code not found,"<a href=""https://m.stock.naver.com/domestic/stock/580069/total"" target=""_blank"">Naver</a>"
520043,미래에셋 S&P 유럽탄소배출권 선물 ETN,,,,,,corp_code not found,"<a href=""https://m.stock.naver.com/domestic/stock/520043/total"" target=""_blank"">Naver</a>"
500094,신한 블룸버그 인버스2X WTI원유선물 ETN B,,,,,,corp_code not found,"<a href=""https://m.stock.naver.com/domestic/stock/500094/total"" target=""_blank"">Naver</a>"
570099,한투 S&P 인버스 2X 엔달러 선물 ETN(H),,,,,,corp_code not found,"<a href=""https://m.stock.naver.com/domestic/stock/570099/total"" target=""_blank"">Naver</a>"
700030,하나 S&P 인버스 2X WTI원유 선물 ETN B,,,,,,corp_code not found,"<a href=""https://m.stock.naver.com/domestic/stock/700030/total"" target=""_blank"">Naver</a>"
530120,삼성 나스닥 100 ETN,,,,,,corp_code not found,"<a href=""https://m.stock.naver.com/domestic/stock/530120/total"" target=""_blank"">Naver</a>"
000075,삼양홀딩스우,,,,,,corp_code not found,"<a href=""https://m.stock.naver.com/domestic/stock/000075/total"" target=""_blank"">Naver</a>"
570052,한투 플래티넘 선물 ETN,,,,,,corp_code not found,"<a href=""https://m.stock.naver.com/domestic/stock/570052/total"" target=""_blank"">Naver</a>"
610081,메리츠 레버리지 멕시코 페소화 ETN,,,,,,corp_code not found,"<a href=""https://m.stock.naver.com/domestic/stock/610081/total"" target=""_blank"">Naver</a>"
570071,한투 구리 선물 ETN,,,,,,corp_code not found,"<a href=""https://m.stock.naver.com/domestic/stock/570071/total"" target=""_blank"">Naver</a>"
500056,신한 레버리지 Russell 2000 ETN,,,,,,corp_code not found,"<a href=""https://m.stock.naver.com/domestic/stock/500056/total"" target=""_blank"">Naver</a>"
530139,삼성 iSelect 조선 TOP10 TR ETN,,,,,,corp_code not found,"<a href=""https://m.stock.naver.com/domestic/stock/530139/total"" target=""_blank"">Naver</a>"
520061,미래에셋 인도네시아 Top5 ETN,,,,,,corp_code not found,"<a href=""https://m.stock.naver.com/domestic/stock/520061/total"" target=""_blank"">Naver</a>"
570063,한투 베트남 VN30 선물 ETN(H),,,,,,corp_code not found,"<a href=""https://m.stock.naver.com/domestic/stock/570063/total"" target=""_blank"">Naver</a>"
520085,미래에셋 -2X 미국 AI TOP3 ETN,,,,,,corp_code not found,"<a href=""https://m.stock.naver.com/domestic/stock/520085/total"" target=""_blank"">Naver</a>"
510016,대신 천연가스 선물 ETN(H),,,,,,corp_code not found,"<a href=""https://m.stock.naver.com/domestic/stock/510016/total"" target=""_blank"">Naver</a>"
550074,N2 블룸버그 2X 천연가스 선물 ETN(H),,,,,,corp_code not found,"<a href=""https://m.stock.naver.com/domestic/stock/550074/total"" target=""_blank"">Naver</a>"
084695,대상홀딩스우,,,,,,corp_code not found,"<a href=""https://m.stock.naver.com/domestic/stock/084695/total"" target=""_blank"">Naver</a>"
610072,메리츠 KAP 레버리지 중국 위안화 ETN,,,,,,corp_code not found,"<a href=""https://m.stock.naver.com/domestic/stock/610072/total"" target=""_blank"">Naver</a>"
530114,삼성 인버스 2X S&P500 선물 ETN,,,,,,corp_code not found,"<a href=""https://m.stock.naver.com/domestic/stock/530114/total"" target=""_blank"">Naver</a>"
610059,메리츠 3X 레버리지 국채10년 ETN,,,,,,corp_code not found,"<a href=""https://m.stock.naver.com/domestic/stock/610059/total"" target=""_blank"">Naver</a>"
610049,메리츠 국채5년 ETN,,,,,,corp_code not found,"<a href=""https://m.stock.naver.com/domestic/stock/610049/total"" target=""_blank"">Naver</a>"
610029,메리츠 인버스 2X 구리 선물 ETN(H),,,,,,corp_code not found,"<a href=""https://m.stock.naver.com/domestic/stock/610029/total"" target=""_blank"">Naver</a>"
610057,메리츠 3X 레버리지 국채5년 ETN,,,,,,corp_code not found,"<a href=""https://m.stock.naver.com/domestic/stock/610057/total"" target=""_blank"">Naver</a>"
610009,메리츠 인버스 국채30년 ETN,,,,,,corp_code not found,"<a href=""https://m.stock.naver.com/domestic/stock/610009/total"" target=""_blank"">Naver</a>"
570085,한투 블룸버그 인도네시아 대표원자재 ETN,,,,,,corp_code not found,"<a href=""https://m.stock.naver.com/domestic/stock/570085/total"" target=""_blank"">Naver</a>"
610087,메리츠 솔랙티브 WTI원유 선물 ETN(H),,,,,,corp_code not found,"<a href=""https://m.stock.naver.com/domestic/stock/610087/total"" target=""_blank"">Naver</a>"
550070,N2 인버스 레버리지 구리 선물 ETN(H),,,,,,corp_code not found,"<a href=""https://m.stock.naver.com/domestic/stock/550070/total"" target=""_blank"">Naver</a>"
530132,삼성 블룸버그 WTI원유 선물 ETN B,,,,,,corp_code not found,"<a href=""https://m.stock.naver.com/domestic/stock/530132/total"" target=""_blank"">Naver</a>"
610067,메리츠 블룸버그 2X 천연가스선물 ETN(H) B,,,,,,corp_code not found,"<a href=""https://m.stock.naver.com/domestic/stock/610067/total"" target=""_blank"">Naver</a>"
610080,메리츠 멕시코 페소화 ETN,,,,,,corp_code not found,"<a href=""https://m.stock.naver.com/domestic/stock/610080/total"" target=""_blank"">Naver</a>"
500080,신한 S&P 레버리지 유로 선물 ETN(H),,,,,,corp_code not found,"<a href=""https://m.stock.naver.com/domestic/stock/500080/total"" target=""_blank"">Naver</a>"
610055,메리츠 3X 레버리지 국채3년 ETN,,,,,,corp_code not found,"<a href=""https://m.stock.naver.com/domestic/stock/610055/total"" target=""_blank"">Naver</a>"
700027,하나 반도체 ETN,,,,,,corp_code not found,"<a href=""https://m.stock.naver.com/domestic/stock/700027/total"" target=""_blank"">Naver</a>"
610045,메리츠 국채3년 ETN,,,,,,corp_code not found,"<a href=""https://m.stock.naver.com/domestic/stock/610045/total"" target=""_blank"">Naver</a>"
610071,메리츠 KAP 중국 위안화 ETN,,,,,,corp_code not found,"<a href=""https://m.stock.naver.com/domestic/stock/610071/total"" target=""_blank"">Naver</a>"
500078,신한 S&P 유로 선물 ETN(H),,,,,,corp_code not found,"<a href=""https://m.stock.naver.com/domestic/stock/500078/total"" target=""_blank"">Naver</a>"
760006,키움 KPOP ETN,,,,,,corp_code not found,"<a href=""https://m.stock.naver.com/domestic/stock/760006/total"" target=""_blank"">Naver</a>"
510015,대신 밀 선물 ETN(H),,,,,,corp_code not found,"<a href=""https://m.stock.naver.com/domestic/stock/510015/total"" target=""_blank"">Naver</a>"
004835,덕성우,,,,,,corp_code not found,"<a href=""https://m.stock.naver.com/domestic/stock/004835/total"" target=""_blank"">Naver</a>"
570074,한투 S&P 유럽탄소배출권 선물 ETN(H),,,,,,corp_code not found,"<a href=""https://m.stock.naver.com/domestic/stock/570074/total"" target=""_blank"">Naver</a>"
610074,메리츠 미국채10년 ETN,,,,,,corp_code not found,"<a href=""https://m.stock.naver.com/domestic/stock/610074/total"" target=""_blank"">Naver</a>"
550096,N2 레버리지 국채30년 ETN,,,,,,corp_code not found,"<a href=""https://m.stock.naver.com/domestic/stock/550096/total"" target=""_blank"">Naver</a>"
610030,메리츠 S&P 유럽탄소배출권 선물 ETN(H),,,,,,corp_code not found,"<a href=""https://m.stock.naver.com/domestic/stock/610030/total"" target=""_blank"">Naver</a>"
003075,코오롱글로벌우,,,,,,corp_code not found,"<a href=""https://m.stock.naver.com/domestic/stock/003075/total"" target=""_blank"">Naver</a>"
570108,한투 레버리지국채30년 ETN,,,,,,corp_code not found,"<a href=""https://m.stock.naver.com/domestic/stock/570108/total"" target=""_blank"">Naver</a>"
580019,KB 인버스 2X 항셍테크 선물 ETN,,,,,,corp_code not found,"<a href=""https://m.stock.naver.com/domestic/stock/580019/total"" target=""_blank"">Naver</a>"
000225,유유제약1우,,,,,,corp_code not found,"<a href=""https://m.stock.naver.com/domestic/stock/000225/total"" target=""_blank"">Naver</a>"
610020,메리츠 인버스 국채10년 ETN,,,,,,corp_code not found,"<a href=""https://m.stock.naver.com/domestic/stock/610020/total"" target=""_blank"">Naver</a>"
530123,삼성 일본니케이225선물 ETN(H),,,,,,corp_code not found,"<a href=""https://m.stock.naver.com/domestic/stock/530123/total"" target=""_blank"">Naver</a>"
500079,신한 S&P 인버스 유로 선물 ETN(H),,,,,,corp_code not found,"<a href=""https://m.stock.naver.com/domestic/stock/500079/total"" target=""_blank"">Naver</a>"
580059,KB 미국채 10년 ETN,,,,,,corp_code not found,"<a href=""https://m.stock.naver.com/domestic/stock/580059/total"" target=""_blank"">Naver</a>"
004105,태양금속우,,,,,,corp_code not found,"<a href=""https://m.stock.naver.com/domestic/stock/004105/total"" target=""_blank"">Naver</a>"
570092,한투 인버스 2X 유로스탁스50 ETN(H) B,,,,,,corp_code not found,"<a href=""https://m.stock.naver.com/domestic/stock/570092/total"" target=""_blank"">Naver</a>"
570096,한투 인버스 2X 일본 엔선물 ETN,,,,,,corp_code not found,"<a href=""https://m.stock.naver.com/domestic/stock/570096/total"" target=""_blank"">Naver</a>"
550095,N2 레버리지 국채10년 ETN,,,,,,corp_code not found,"<a href=""https://m.stock.naver.com/domestic/stock/550095/total"" target=""_blank"">Naver</a>"
610086,메리츠 인버스2X 미국채30년 스트립 ETN(H),,,,,,corp_code not found,"<a href=""https://m.stock.naver.com/domestic/stock/610086/total"" target=""_blank"">Naver</a>"
610077,메리츠 미국채30년 ETN,,,,,,corp_code not found,"<a href=""https://m.stock.naver.com/domestic/stock/610077/total"" target=""_blank"">Naver</a>"
610082,메리츠 인도 루피화 ETN,,,,,,corp_code not found,"<a href=""https://m.stock.naver.com/domestic/stock/610082/total"" target=""_blank"">Naver</a>"
530095,삼성 구리 선물 ETN(H),,,,,,corp_code not found,"<a href=""https://m.stock.naver.com/domestic/stock/530095/total"" target=""_blank"">Naver</a>"
520046,미래에셋 레버리지 옥수수 선물 ETN,,,,,,corp_code not found,"<a href=""https://m.stock.naver.com/domestic/stock/520046/total"" target=""_blank"">Naver</a>"
610068,메리츠 KAP 일본 엔화 ETN,,,,,,corp_code not found,"<a href=""https://m.stock.naver.com/domestic/stock/610068/total"" target=""_blank"">Naver</a>"
610070,메리츠 KAP 인버스 2X 일본 엔화 ETN,,,,,,corp_code not found,"<a href=""https://m.stock.naver.com/domestic/stock/610070/total"" target=""_blank"">Naver</a>"
00806K,대덕1우,,,,,,corp_code not found,"<a href=""https://m.stock.naver.com/domestic/stock/00806K/total"" target=""_blank"">Naver</a>"
610083,메리츠 레버리지 인도 루피화 ETN,,,,,,corp_code not found,"<a href=""https://m.stock.naver.com/domestic/stock/610083/total"" target=""_blank"">Naver</a>"
580051,KB 레버리지 밀 선물 ETN,,,,,,corp_code not found,"<a href=""https://m.stock.naver.com/domestic/stock/580051/total"" target=""_blank"">Naver</a>"
580060,KB 레버리지 미국채 10년 ETN,,,,,,corp_code not found,"<a href=""https://m.stock.naver.com/domestic/stock/580060/total"" target=""_blank"">Naver</a>"
001065,JW중외제약우,,,,,,corp_code not found,"<a href=""https://m.stock.naver.com/domestic/stock/001065/total"" target=""_blank"">Naver</a>"
520052,미래에셋 천연가스 선물 ETN(H),,,,,,corp_code not found,"<a href=""https://m.stock.naver.com/domestic/stock/520052/total"" target=""_blank"">Naver</a>"
500081,신한 S&P 인버스 2X 유로 선물 ETN(H),,,,,,corp_code not found,"<a href=""https://m.stock.naver.com/domestic/stock/500081/total"" target=""_blank"">Naver</a>"
45014K,코오롱모빌리티그룹우,,,,,,corp_code not found,"<a href=""https://m.stock.naver.com/domestic/stock/45014K/total"" target=""_blank"">Naver</a>"
530137,삼성 KRX 2차전지 TOP10 TR ETN,,,,,,corp_code not found,"<a href=""https://m.stock.naver.com/domestic/stock/530137/total"" target=""_blank"">Naver</a>"
760019,키움 리츠부동산인프라 ETN,,,,,,corp_code not found,"<a href=""https://m.stock.naver.com/domestic/stock/760019/total"" target=""_blank"">Naver</a>"
760015,키움 레버리지 바이오TOP10 ETN,,,,,,corp_code not found,"<a href=""https://m.stock.naver.com/domestic/stock/760015/total"" target=""_blank"">Naver</a>"
500086,신한 코스닥 150 TR ETN,,,,,,corp_code not found,"<a href=""https://m.stock.naver.com/domestic/stock/500086/total"" target=""_blank"">Naver</a>"
580063,KB 레버리지 미국채 10년 선물 ETN,,,,,,corp_code not found,"<a href=""https://m.stock.naver.com/domestic/stock/580063/total"" target=""_blank"">Naver</a>"
610051,메리츠 인버스 국채5년 ETN,,,,,,corp_code not found,"<a href=""https://m.stock.naver.com/domestic/stock/610051/total"" target=""_blank"">Naver</a>"
610079,메리츠 인버스 3X 미국채30년 ETN,,,,,,corp_code not found,"<a href=""https://m.stock.naver.com/domestic/stock/610079/total"" target=""_blank"">Naver</a>"
760020,키움 레버리지 리츠부동산인프라 ETN,,,,,,corp_code not found,"<a href=""https://m.stock.naver.com/domestic/stock/760020/total"" target=""_blank"">Naver</a>"
610091,메리츠 3X 레버리지 일본 국채 10년 ETN,,,,,,corp_code not found,"<a href=""https://m.stock.naver.com/domestic/stock/610091/total"" target=""_blank"">Naver</a>"
580065,KB 코스닥 150 TR ETN,,,,,,corp_code not found,"<a href=""https://m.stock.naver.com/domestic/stock/580065/total"" target=""_blank"">Naver</a>"
580064,KB 인버스 2X 미국채 10년 선물 ETN,,,,,,corp_code not found,"<a href=""https://m.stock.naver.com/domestic/stock/580064/total"" target=""_blank"">Naver</a>"
530127,삼성 미국다우존스 ETN,,,,,,corp_code not found,"<a href=""https://m.stock.naver.com/domestic/stock/530127/total"" target=""_blank"">Naver</a>"
610090,메리츠 일본 국채 10년 ETN,,,,,,corp_code not found,"<a href=""https://m.stock.naver.com/domestic/stock/610090/total"" target=""_blank"">Naver</a>"
570053,한투 인버스 플래티넘 선물 ETN,,,,,,corp_code not found,"<a href=""https://m.stock.naver.com/domestic/stock/570053/total"" target=""_blank"">Naver</a>"
610092,메리츠 인버스 일본 국채 10년 ETN,,,,,,corp_code not found,"<a href=""https://m.stock.naver.com/domestic/stock/610092/total"" target=""_blank"">Naver</a>"
500055,신한 인버스 Russell 2000 ETN,,,,,,corp_code not found,"<a href=""https://m.stock.naver.com/domestic/stock/500055/total"" target=""_blank"">Naver</a>"
570110,한투 3X레버리지국채30년 ETN,,,,,,corp_code not found,"<a href=""https://m.stock.naver.com/domestic/stock/570110/total"" target=""_blank"">Naver</a>"
610093,메리츠 인버스 3X 일본 국채 10년 ETN,,,,,,corp_code not found,"<a href=""https://m.stock.naver.com/domestic/stock/610093/total"" target=""_blank"">Naver</a>"
580061,KB 미국채 30년 ETN,,,,,,corp_code not found,"<a href=""https://m.stock.naver.com/domestic/stock/580061/total"" target=""_blank"">Naver</a>"
610056,메리츠 인버스 3X 국채3년 ETN,,,,,,corp_code not found,"<a href=""https://m.stock.naver.com/domestic/stock/610056/total"" target=""_blank"">Naver</a>"
580014,KB 인버스 2X 나스닥 100 ETN,,,,,,corp_code not found,"<a href=""https://m.stock.naver.com/domestic/stock/580014/total"" target=""_blank"">Naver</a>"
610076,메리츠 인버스 3X 미국채10년 ETN,,,,,,corp_code not found,"<a href=""https://m.stock.naver.com/domestic/stock/610076/total"" target=""_blank"">Naver</a>"
530135,삼성 인버스 China A50 선물 ETN(H) B,,,,,,corp_code not found,"<a href=""https://m.stock.naver.com/domestic/stock/530135/total"" target=""_blank"">Naver</a>"
570094,한투 일본 엔선물 ETN C,,,,,,corp_code not found,"<a href=""https://m.stock.naver.com/domestic/stock/570094/total"" target=""_blank"">Naver</a>"
580050,KB STAR 50 ETN,,,,,,corp_code not found,"<a href=""https://m.stock.naver.com/domestic/stock/580050/total"" target=""_blank"">Naver</a>"
610035,메리츠 레버리지 대표 농산물 선물 ETN(H),,,,,,corp_code not found,"<a href=""https://m.stock.naver.com/domestic/stock/610035/total"" target=""_blank"">Naver</a>"
610032,메리츠 CSI 300 ETN,,,,,,corp_code not found,"<a href=""https://m.stock.naver.com/domestic/stock/610032/total"" target=""_blank"">Naver</a>"
006345,대원전선우,,,,,,corp_code not found,"<a href=""https://m.stock.naver.com/domestic/stock/006345/total"" target=""_blank"">Naver</a>"
570066,한투 인버스 2X 베트남 VN30 선물 ETN(H),,,,,,corp_code not found,"<a href=""https://m.stock.naver.com/domestic/stock/570066/total"" target=""_blank"">Naver</a>"
500041,신한 인버스 2X 구리 선물 ETN,,,,,,corp_code not found,"<a href=""https://m.stock.naver.com/domestic/stock/500041/total"" target=""_blank"">Naver</a>"
530096,삼성 인버스 구리 선물 ETN(H),,,,,,corp_code not found,"<a href=""https://m.stock.naver.com/domestic/stock/530096/total"" target=""_blank"">Naver</a>"
610084,메리츠 미국채30년 스트립 ETN(H),,,,,,corp_code not found,"<a href=""https://m.stock.naver.com/domestic/stock/610084/total"" target=""_blank"">Naver</a>"
610058,메리츠 인버스 3X 국채5년 ETN,,,,,,corp_code not found,"<a href=""https://m.stock.naver.com/domestic/stock/610058/total"" target=""_blank"">Naver</a>"
610073,메리츠 KAP 인버스 2X 중국 위안화 ETN,,,,,,corp_code not found,"<a href=""https://m.stock.naver.com/domestic/stock/610073/total"" target=""_blank"">Naver</a>"
570060,한투 인버스 2X 금 선물 ETN,,,,,,corp_code not found,"<a href=""https://m.stock.naver.com/domestic/stock/570060/total"" target=""_blank"">Naver</a>"
530092,삼성 인버스 코스피 200 선물 ETN,,,,,,corp_code not found,"<a href=""https://m.stock.naver.com/domestic/stock/530092/total"" target=""_blank"">Naver</a>"
580055,KB 블룸버그 레버리지 천연가스 선물 ETN,,,,,,corp_code not found,"<a href=""https://m.stock.naver.com/domestic/stock/580055/total"" target=""_blank"">Naver</a>"
570101,한투 인버스 나스닥100 ETN B,,,,,,corp_code not found,"<a href=""https://m.stock.naver.com/domestic/stock/570101/total"" target=""_blank"">Naver</a>"
570058,한투 인버스 은 선물 ETN,,,,,,corp_code not found,"<a href=""https://m.stock.naver.com/domestic/stock/570058/total"" target=""_blank"">Naver</a>"
700011,하나 레버리지 옥수수 선물 ETN(H),,,,,,corp_code not found,"<a href=""https://m.stock.naver.com/domestic/stock/700011/total"" target=""_blank"">Naver</a>"
580062,KB 레버리지 미국채 30년 ETN,,,,,,corp_code not found,"<a href=""https://m.stock.naver.com/domestic/stock/580062/total"" target=""_blank"">Naver</a>"
004985,성신양회우,,,,,,corp_code not found,"<a href=""https://m.stock.naver.com/domestic/stock/004985/total"" target=""_blank"">Naver</a>"
001515,SK증권우,,,,,,corp_code not found,"<a href=""https://m.stock.naver.com/domestic/stock/001515/total"" target=""_blank"">Naver</a>"
570097,한투 S&P 엔달러 선물 ETN(H),,,,,,corp_code not found,"<a href=""https://m.stock.naver.com/domestic/stock/570097/total"" target=""_blank"">Naver</a>"
001755,한양증권우,,,,,,corp_code not found,"<a href=""https://m.stock.naver.com/domestic/stock/001755/total"" target=""_blank"">Naver</a>"
530060,삼성 코스피 양매도 5% OTM ETN,,,,,,corp_code not found,"<a href=""https://m.stock.naver.com/domestic/stock/530060/total"" target=""_blank"">Naver</a>"
570056,한투 인버스 금 선물 ETN,,,,,,corp_code not found,"<a href=""https://m.stock.naver.com/domestic/stock/570056/total"" target=""_blank"">Naver</a>"
500036,신한 인버스 2X 미국달러 선물 ETN,,,,,,corp_code not found,"<a href=""https://m.stock.naver.com/domestic/stock/500036/total"" target=""_blank"">Naver</a>"
610060,메리츠 인버스 3X 국채10년 ETN,,,,,,corp_code not found,"<a href=""https://m.stock.naver.com/domestic/stock/610060/total"" target=""_blank"">Naver</a>"
570111,한투 3X레버리지미국채30년 ETN,,,,,,corp_code not found,"<a href=""https://m.stock.naver.com/domestic/stock/570111/total"" target=""_blank"">Naver</a>"
570109,한투 레버리지미국채30년 ETN,,,,,,corp_code not found,"<a href=""https://m.stock.naver.com/domestic/stock/570109/total"" target=""_blank"">Naver</a>"
570095,한투 레버리지 일본 엔선물 ETN C,,,,,,corp_code not found,"<a href=""https://m.stock.naver.com/domestic/stock/570095/total"" target=""_blank"">Naver</a>"
580035,KB S&P 유럽탄소배출권 선물 ETN(H),,,,,,corp_code not found,"<a href=""https://m.stock.naver.com/domestic/stock/580035/total"" target=""_blank"">Naver</a>"
530062,삼성 인버스 2X 은 선물 ETN(H),,,,,,corp_code not found,"<a href=""https://m.stock.naver.com/domestic/stock/530062/total"" target=""_blank"">Naver</a>"
530094,삼성 인버스 코스닥 150 선물 ETN,,,,,,corp_code not found,"<a href=""https://m.stock.naver.com/domestic/stock/530094/total"" target=""_blank"">Naver</a>"
500067,신한 레버리지 10년 국채선물 ETN,,,,,,corp_code not found,"<a href=""https://m.stock.naver.com/domestic/stock/500067/total"" target=""_blank"">Naver</a>"
610034,메리츠 대표 농산물 선물 ETN(H),,,,,,corp_code not found,"<a href=""https://m.stock.naver.com/domestic/stock/610034/total"" target=""_blank"">Naver</a>"
550043,N2 인버스 레버리지 WTI원유 선물 ETN(H),,,,,,corp_code not found,"<a href=""https://m.stock.naver.com/domestic/stock/550043/total"" target=""_blank"">Naver</a>"
500070,신한 인버스 2X 코스피 200 선물 ETN,,,,,,corp_code not found,"<a href=""https://m.stock.naver.com/domestic/stock/500070/total"" target=""_blank"">Naver</a>"
570064,한투 인버스 베트남 VN30 선물 ETN(H),,,,,,corp_code not found,"<a href=""https://m.stock.naver.com/domestic/stock/570064/total"" target=""_blank"">Naver</a>"
570091,한투 인버스 유로스탁스50 ETN(H) C,,,,,,corp_code not found,"<a href=""https://m.stock.naver.com/domestic/stock/570091/total"" target=""_blank"">Naver</a>"
000325,노루홀딩스우,,,,,,corp_code not found,"<a href=""https://m.stock.naver.com/domestic/stock/000325/total"" target=""_blank"">Naver</a>"
26490K,크라운제과우,,,,,,corp_code not found,"<a href=""https://m.stock.naver.com/domestic/stock/26490K/total"" target=""_blank"">Naver</a>"
610033,메리츠 STAR 50 ETN,,,,,,corp_code not found,"<a href=""https://m.stock.naver.com/domestic/stock/610033/total"" target=""_blank"">Naver</a>"
760014,키움 바이오TOP10 ETN,,,,,,corp_code not found,"<a href=""https://m.stock.naver.com/domestic/stock/760014/total"" target=""_blank"">Naver</a>"
610013,메리츠 인버스 2X 금 선물 ETN(H),,,,,,corp_code not found,"<a href=""https://m.stock.naver.com/domestic/stock/610013/total"" target=""_blank"">Naver</a>"
760021,키움 코스피200 선물 달러노출 ETN,,,,,,corp_code not found,"<a href=""https://m.stock.naver.com/domestic/stock/760021/total"" target=""_blank"">Naver</a>"
570070,한투 인버스 2X 플래티넘 선물 ETN,,,,,,corp_code not found,"<a href=""https://m.stock.naver.com/domestic/stock/570070/total"" target=""_blank"">Naver</a>"
510043,대신 인버스 천연가스 선물 ETN(H) B,,,,,,corp_code not found,"<a href=""https://m.stock.naver.com/domestic/stock/510043/total"" target=""_blank"">Naver</a>"
570098,한투 S&P 레버리지 엔달러 선물 ETN(H),,,,,,corp_code not found,"<a href=""https://m.stock.naver.com/domestic/stock/570098/total"" target=""_blank"">Naver</a>"
550063,N2 인버스 레버리지 금 선물 ETN(H),,,,,,corp_code not found,"<a href=""https://m.stock.naver.com/domestic/stock/550063/total"" target=""_blank"">Naver</a>"
500068,신한 인버스 2X 10년 국채선물 ETN,,,,,,corp_code not found,"<a href=""https://m.stock.naver.com/domestic/stock/500068/total"" target=""_blank"">Naver</a>"
580032,KB 레버리지 구리 선물 ETN(H),,,,,,corp_code not found,"<a href=""https://m.stock.naver.com/domestic/stock/580032/total"" target=""_blank"">Naver</a>"
36328K,티와이홀딩스우,,,,,,corp_code not found,"<a href=""https://m.stock.naver.com/domestic/stock/36328K/total"" target=""_blank"">Naver</a>"
530084,삼성 인버스 금 선물 ETN(H),,,,,,corp_code not found,"<a href=""https://m.stock.naver.com/domestic/stock/530084/total"" target=""_blank"">Naver</a>"
520069,미래에셋 -2X 홍콩H 선물 ETN(H),,,,,,corp_code not found,"<a href=""https://m.stock.naver.com/domestic/stock/520069/total"" target=""_blank"">Naver</a>"
760012,키움 반도체TOP10 ETN,,,,,,corp_code not found,"<a href=""https://m.stock.naver.com/domestic/stock/760012/total"" target=""_blank"">Naver</a>"
000545,흥국화재우,,,,,,corp_code not found,"<a href=""https://m.stock.naver.com/domestic/stock/000545/total"" target=""_blank"">Naver</a>"
530090,삼성 인버스 은 선물 ETN(H),,,,,,corp_code not found,"<a href=""https://m.stock.naver.com/domestic/stock/530090/total"" target=""_blank"">Naver</a>"
45226K,한화갤러리아우,,,,,,corp_code not found,"<a href=""https://m.stock.naver.com/domestic/stock/45226K/total"" target=""_blank"">Naver</a>"
570062,한투 인버스 2X 은 선물 ETN,,,,,,corp_code not found,"<a href=""https://m.stock.naver.com/domestic/stock/570062/total"" target=""_blank"">Naver</a>"
090355,노루페인트우,,,,,,corp_code not found,"<a href=""https://m.stock.naver.com/domestic/stock/090355/total"" target=""_blank"">Naver</a>"
610023,메리츠 레버리지 미국채10년 ETN(H),,,,,,corp_code not found,"<a href=""https://m.stock.naver.com/domestic/stock/610023/total"" target=""_blank"">Naver</a>"
007575,일양약품우,,,,,,corp_code not found,"<a href=""https://m.stock.naver.com/domestic/stock/007575/total"" target=""_blank"">Naver</a>"
580053,KB 레버리지 콩 선물 ETN,,,,,,corp_code not found,"<a href=""https://m.stock.naver.com/domestic/stock/580053/total"" target=""_blank"">Naver</a>"
000145,하이트진로홀딩스우,,,,,,corp_code not found,"<a href=""https://m.stock.naver.com/domestic/stock/000145/total"" target=""_blank"">Naver</a>"
580033,KB 인버스 2X 구리 선물 ETN(H),,,,,,corp_code not found,"<a href=""https://m.stock.naver.com/domestic/stock/580033/total"" target=""_blank"">Naver</a>"
530122,삼성 인버스 2X 항셍테크 ETN(H) B,,,,,,corp_code not found,"<a href=""https://m.stock.naver.com/domestic/stock/530122/total"" target=""_blank"">Naver</a>"
610062,메리츠 인버스 3X 국채30년 ETN,,,,,,corp_code not found,"<a href=""https://m.stock.naver.com/domestic/stock/610062/total"" target=""_blank"">Naver</a>"
700018,하나 인버스 2X 코스닥150 선물 ETN,,,,,,corp_code not found,"<a href=""https://m.stock.naver.com/domestic/stock/700018/total"" target=""_blank"">Naver</a>"
610017,메리츠 인버스 2X 은 선물 ETN(H),,,,,,corp_code not found,"<a href=""https://m.stock.naver.com/domestic/stock/610017/total"" target=""_blank"">Naver</a>"
550065,N2 인버스 레버리지 은 선물 ETN(H),,,,,,corp_code not found,"<a href=""https://m.stock.naver.com/domestic/stock/550065/total"" target=""_blank"">Naver</a>"
005745,크라운해태홀딩스우,,,,,,corp_code not found,"<a href=""https://m.stock.naver.com/domestic/stock/005745/total"" target=""_blank"">Naver</a>"
500057,신한 인버스 2X Russell 2000 ETN,,,,,,corp_code not found,"<a href=""https://m.stock.naver.com/domestic/stock/500057/total"" target=""_blank"">Naver</a>"
610043,메리츠 천연가스 선물 ETN(H),,,,,,corp_code not found,"<a href=""https://m.stock.naver.com/domestic/stock/610043/total"" target=""_blank"">Naver</a>"
580017,KB 인버스 2X S&P 500 선물 ETN,,,,,,corp_code not found,"<a href=""https://m.stock.naver.com/domestic/stock/580017/total"" target=""_blank"">Naver</a>"
760010,키움 2차전지산업 ETN,,,,,,corp_code not found,"<a href=""https://m.stock.naver.com/domestic/stock/760010/total"" target=""_blank"">Naver</a>"
570023,한투 인버스 2X S&P500 선물 ETN(H),,,,,,corp_code not found,"<a href=""https://m.stock.naver.com/domestic/stock/570023/total"" target=""_blank"">Naver</a>"
014825,동원시스템즈우,,,,,,corp_code not found,"<a href=""https://m.stock.naver.com/domestic/stock/014825/total"" target=""_blank"">Naver</a>"
00781K,코리아써키트2우B,,,,,,corp_code not found,"<a href=""https://m.stock.naver.com/domestic/stock/00781K/total"" target=""_blank"">Naver</a>"
004545,깨끗한나라우,,,,,,corp_code not found,"<a href=""https://m.stock.naver.com/domestic/stock/004545/total"" target=""_blank"">Naver</a>"
005965,동부건설우,,,,,,corp_code not found,"<a href=""https://m.stock.naver.com/domestic/stock/005965/total"" target=""_blank"">Naver</a>"
012205,계양전기우,,,,,,corp_code not found,"<a href=""https://m.stock.naver.com/domestic/stock/012205/total"" target=""_blank"">Naver</a>"
014285,금강공업우,,,,,,corp_code not found,"<a href=""https://m.stock.naver.com/domestic/stock/014285/total"" target=""_blank"">Naver</a>"
760011,키움 레버리지 2차전지산업 ETN,,,,,,corp_code not found,"<a href=""https://m.stock.naver.com/domestic/stock/760011/total"" target=""_blank"">Naver</a>"
008355,남선알미우,,,,,,corp_code not found,"<a href=""https://m.stock.naver.com/domestic/stock/008355/total"" target=""_blank"">Naver</a>"
580040,KB 인버스 2X KOSPI 200 선물 ETN,,,,,,corp_code not found,"<a href=""https://m.stock.naver.com/domestic/stock/580040/total"" target=""_blank"">Naver</a>"
580023,KB 인버스 2X 금 선물 ETN(H),,,,,,corp_code not found,"<a href=""https://m.stock.naver.com/domestic/stock/580023/total"" target=""_blank"">Naver</a>"
520011,미래에셋 인버스 원유선물혼합 ETN(H),,,,,,corp_code not found,"<a href=""https://m.stock.naver.com/domestic/stock/520011/total"" target=""_blank"">Naver</a>"
009415,태영건설우,,,,,,corp_code not found,"<a href=""https://m.stock.naver.com/domestic/stock/009415/total"" target=""_blank"">Naver</a>"
011155,CJ씨푸드1우,,,,,,corp_code not found,"<a href=""https://m.stock.naver.com/domestic/stock/011155/total"" target=""_blank"">Naver</a>"
002995,금호건설우,,,,,,corp_code not found,"<a href=""https://m.stock.naver.com/domestic/stock/002995/total"" target=""_blank"">Naver</a>"
000227,유유제약2우B,,,,,,corp_code not found,"<a href=""https://m.stock.naver.com/domestic/stock/000227/total"" target=""_blank"">Naver</a>"
500051,신한 인버스 2X S&P500 선물 ETN,,,,,,corp_code not found,"<a href=""https://m.stock.naver.com/domestic/stock/500051/total"" target=""_blank"">Naver</a>"
700025,하나 블룸버그 2X 천연가스 선물 ETN(H) B,,,,,,corp_code not found,"<a href=""https://m.stock.naver.com/domestic/stock/700025/total"" target=""_blank"">Naver</a>"
500030,신한 인버스 2X 은 선물 ETN(H),,,,,,corp_code not found,"<a href=""https://m.stock.naver.com/domestic/stock/500030/total"" target=""_blank"">Naver</a>"
002785,진흥기업우B,,,,,,corp_code not found,"<a href=""https://m.stock.naver.com/domestic/stock/002785/total"" target=""_blank"">Naver</a>"
004415,서울식품우,,,,,,corp_code not found,"<a href=""https://m.stock.naver.com/domestic/stock/004415/total"" target=""_blank"">Naver</a>"
580027,KB 인버스 2X 은 선물 ETN(H),,,,,,corp_code not found,"<a href=""https://m.stock.naver.com/domestic/stock/580027/total"" target=""_blank"">Naver</a>"
001527,동양2우B,,,,,,corp_code not found,"<a href=""https://m.stock.naver.com/domestic/stock/001527/total"" target=""_blank"">Naver</a>"
001525,동양우,,,,,,corp_code not found,"<a href=""https://m.stock.naver.com/domestic/stock/001525/total"" target=""_blank"">Naver</a>"
014915,성문전자우,,,,,,corp_code not found,"<a href=""https://m.stock.naver.com/domestic/stock/014915/total"" target=""_blank"">Naver</a>"
002787,진흥기업2우B,,,,,,corp_code not found,"<a href=""https://m.stock.naver.com/domestic/stock/002787/total"" target=""_blank"">Naver</a>"
500038,신한 인버스 2X 금 선물 ETN,,,,,,corp_code not found,"<a href=""https://m.stock.naver.com/domestic/stock/500038/total"" target=""_blank"">Naver</a>"
550045,N2 인버스 레버리지 S&P500 ETN,,,,,,corp_code not found,"<a href=""https://m.stock.naver.com/domestic/stock/550045/total"" target=""_blank"">Naver</a>"
