Symbol,Name,TotalScore,Growth,Profitability,Stability,Activity,Error,Links
483650,달바글로벌,97.69982393714228,100.0,97.43137780367,99.12333531198468,68.59291910052623,,"<a href=""https://m.stock.naver.com/domestic/stock/483650/total"" target=""_blank"">Naver</a>"
278470,에이피알,93.5242443088913,96.07158259778988,90.79319850595044,96.71900382135064,70.2218948318941,,"<a href=""https://m.stock.naver.com/domestic/stock/278470/total"" target=""_blank"">Naver</a>"
000660,SK하이닉스,91.2411773012838,90.90743791408552,100.0,92.00753535881591,49.919220339017926,,"<a href=""https://m.stock.naver.com/domestic/stock/000660/total"" target=""_blank"">Naver</a>"
069460,대호에이엘,90.58203974532938,99.51933767100105,71.95328765916172,90.34487996903978,76.95254462068715,,"<a href=""https://m.stock.naver.com/domestic/stock/069460/total"" target=""_blank"">Naver</a>"
003550,LG,89.99136612604443,100.0,83.56249523617592,73.5074231700045,35.0,,"<a href=""https://m.stock.naver.com/domestic/stock/003550/total"" target=""_blank"">Naver</a>"
443060,HD현대마린솔루션,88.64445795225532,88.07854037856309,88.42197525024609,94.10040691493813,85.63598442124264,,"<a href=""https://m.stock.naver.com/domestic/stock/443060/total"" target=""_blank"">Naver</a>"
003230,삼양식품,86.93496409946445,83.76107714909801,92.91837033301755,90.47894861580906,88.01660730340734,,"<a href=""https://m.stock.naver.com/domestic/stock/003230/total"" target=""_blank"">Naver</a>"
499790,GS피앤엘,86.69065746164782,100.0,67.05916346376607,59.25866595706293,80.0,,"<a href=""https://m.stock.naver.com/domestic/stock/499790/total"" target=""_blank"">Naver</a>"
383800,LX홀딩스,86.3824483549017,92.5184421933456,89.51607231000257,74.92364961393689,20.0,,"<a href=""https://m.stock.naver.com/domestic/stock/383800/total"" target=""_blank"">Naver</a>"
207940,삼성바이오로직스,86.30412874255462,88.44877394603044,90.24859153702448,90.35391566279449,32.746498488015796,,"<a href=""https://m.stock.naver.com/domestic/stock/207940/total"" target=""_blank"">Naver</a>"
003160,디아이,85.67560397655842,100.0,56.329860570377726,85.094212283127,61.67435211302583,,"<a href=""https://m.stock.naver.com/domestic/stock/003160/total"" target=""_blank"">Naver</a>"
007660,이수페타시스,85.66870184021843,89.32580024179735,83.76881154036182,76.93756881656145,68.74523856786837,,"<a href=""https://m.stock.naver.com/domestic/stock/007660/total"" target=""_blank"">Naver</a>"
012450,한화에어로스페이스,85.52337035541692,91.47280350997788,86.1234219505327,74.4689048201666,33.23884559560694,,"<a href=""https://m.stock.naver.com/domestic/stock/012450/total"" target=""_blank"">Naver</a>"
092790,넥스틸,84.82260452482393,88.92476609800582,74.9090795427467,93.26201411556927,68.2854713755371,,"<a href=""https://m.stock.naver.com/domestic/stock/092790/total"" target=""_blank"">Naver</a>"
005440,현대지에프홀딩스,83.80204557387441,91.46340948188042,63.24933358467848,91.87172352111467,78.48988272930107,,"<a href=""https://m.stock.naver.com/domestic/stock/005440/total"" target=""_blank"">Naver</a>"
072130,유엔젤,83.77985074689995,91.32093321044611,62.94803120730851,99.52382944167721,65.95800149274876,,"<a href=""https://m.stock.naver.com/domestic/stock/072130/total"" target=""_blank"">Naver</a>"
112610,씨에스윈드,83.71997931536454,88.70961474155189,78.8295158067744,70.76923876893132,74.19815283693355,,"<a href=""https://m.stock.naver.com/domestic/stock/112610/total"" target=""_blank"">Naver</a>"
037270,YG PLUS,83.64725789946877,92.82449160972003,55.28773648037571,97.78705575413761,87.03846476258127,,"<a href=""https://m.stock.naver.com/domestic/stock/037270/total"" target=""_blank"">Naver</a>"
004150,한솔홀딩스,83.0962674257353,98.9133306165595,43.01453552635885,87.96639879587615,83.95990589244555,,"<a href=""https://m.stock.naver.com/domestic/stock/004150/total"" target=""_blank"">Naver</a>"
100220,비상교육,82.79044122655357,92.23298700919811,63.90170294157625,86.44027153355569,56.6239226457014,,"<a href=""https://m.stock.naver.com/domestic/stock/100220/total"" target=""_blank"">Naver</a>"
267260,HD현대일렉트릭,81.93391529797601,80.7995138500139,92.67691901703704,76.45553323207079,52.78847821002684,,"<a href=""https://m.stock.naver.com/domestic/stock/267260/total"" target=""_blank"">Naver</a>"
071970,HD현대마린엔진,81.76190824919274,79.03429535014226,88.24121117785118,89.25344451703887,67.11367585881405,,"<a href=""https://m.stock.naver.com/domestic/stock/071970/total"" target=""_blank"">Naver</a>"
000500,가온전선,81.62482290769591,95.03314849861103,52.01425807414669,73.68093001196995,84.66552577591285,,"<a href=""https://m.stock.naver.com/domestic/stock/000500/total"" target=""_blank"">Naver</a>"
012030,DB,81.3098205413987,83.04952425729182,81.62541886883788,70.9527311514768,79.56956309332882,,"<a href=""https://m.stock.naver.com/domestic/stock/012030/total"" target=""_blank"">Naver</a>"
075580,세진중공업,81.05581043350186,86.85730817031742,74.78810338106683,62.624280712250155,79.6394322963938,,"<a href=""https://m.stock.naver.com/domestic/stock/075580/total"" target=""_blank"">Naver</a>"
114090,GKL,81.02588219903295,81.847407080075,71.12147571249791,98.04243083782639,86.65651878161664,,"<a href=""https://m.stock.naver.com/domestic/stock/114090/total"" target=""_blank"">Naver</a>"
029460,케이씨,81.00324799961412,85.8902443494474,61.76351160932827,99.39579561858172,81.77287851510893,,"<a href=""https://m.stock.naver.com/domestic/stock/029460/total"" target=""_blank"">Naver</a>"
009160,SIMPAC,80.76510457738178,94.6610701863619,55.22077295189462,65.97481994380038,71.31574466421905,,"<a href=""https://m.stock.naver.com/domestic/stock/009160/total"" target=""_blank"">Naver</a>"
017960,한국카본,80.34574650196261,88.97033976251186,64.34082054513387,76.70501685979298,64.15671644385446,,"<a href=""https://m.stock.naver.com/domestic/stock/017960/total"" target=""_blank"">Naver</a>"
008500,일정실업,80.20582937310418,76.02626359973196,89.21671656515328,79.97572406034922,85.76639331883551,,"<a href=""https://m.stock.naver.com/domestic/stock/008500/total"" target=""_blank"">Naver</a>"
071320,지역난방공사,80.18658264249908,88.99802770479958,71.99050807194608,57.53103863811801,60.740702756420276,,"<a href=""https://m.stock.naver.com/domestic/stock/071320/total"" target=""_blank"">Naver</a>"
259960,크래프톤,79.8178080131879,72.31208603430942,95.61597177672665,99.59928730863447,51.33269435114275,,"<a href=""https://m.stock.naver.com/domestic/stock/259960/total"" target=""_blank"">Naver</a>"
402340,SK스퀘어,79.78038002414847,74.98780995878725,97.78447749142407,73.70927581901482,59.41294188237234,,"<a href=""https://m.stock.naver.com/domestic/stock/402340/total"" target=""_blank"">Naver</a>"
103590,일진전기,79.75515386258719,87.21361099217165,63.38743845730051,70.70670635346985,90.1891403522419,,"<a href=""https://m.stock.naver.com/domestic/stock/103590/total"" target=""_blank"">Naver</a>"
068270,셀트리온,79.61736222462015,84.76715348474598,71.87893007824626,94.689699304811,26.367353674598178,,"<a href=""https://m.stock.naver.com/domestic/stock/068270/total"" target=""_blank"">Naver</a>"
009540,HD한국조선해양,79.4835938062504,88.0443689618816,68.07675833566726,53.54180607981769,85.67204474445705,,"<a href=""https://m.stock.naver.com/domestic/stock/009540/total"" target=""_blank"">Naver</a>"
326030,SK바이오팜,79.1386772586285,74.5715002081034,96.21867399039314,85.44172332951186,35.93872606433991,,"<a href=""https://m.stock.naver.com/domestic/stock/326030/total"" target=""_blank"">Naver</a>"
042660,한화오션,78.9145418424902,91.30903846447158,63.17122119695842,46.97300103992554,72.78026721150145,,"<a href=""https://m.stock.naver.com/domestic/stock/042660/total"" target=""_blank"">Naver</a>"
006340,대원전선,78.7779979354316,87.08808028935165,54.92941377925951,84.9343467723478,85.98723279541913,,"<a href=""https://m.stock.naver.com/domestic/stock/006340/total"" target=""_blank"">Naver</a>"
013890,지누스,78.68128843572977,93.74197011524866,50.61574904249719,70.13648930510789,55.37040350890971,,"<a href=""https://m.stock.naver.com/domestic/stock/013890/total"" target=""_blank"">Naver</a>"
329180,HD현대중공업,78.66082496119095,89.09575631328859,67.37864775405275,41.784982496390626,83.60421970131122,,"<a href=""https://m.stock.naver.com/domestic/stock/329180/total"" target=""_blank"">Naver</a>"
004830,덕성,78.60806193590712,82.67430815219633,62.04714448900236,94.87162824415049,80.0905619584734,,"<a href=""https://m.stock.naver.com/domestic/stock/004830/total"" target=""_blank"">Naver</a>"
100840,SNT에너지,78.57737813156805,81.1817589680709,71.68657944524371,84.24898841919276,70.43558094990632,,"<a href=""https://m.stock.naver.com/domestic/stock/100840/total"" target=""_blank"">Naver</a>"
079900,전진건설로봇,78.4912002635642,73.13546246400061,87.9109363823993,97.2343585480406,58.17505669519884,,"<a href=""https://m.stock.naver.com/domestic/stock/079900/total"" target=""_blank"">Naver</a>"
064350,현대로템,78.42723822539676,75.62904436441028,84.84694000073134,78.0063712900668,80.74878955122199,,"<a href=""https://m.stock.naver.com/domestic/stock/064350/total"" target=""_blank"">Naver</a>"
109070,주성코퍼레이션,77.94685432159545,78.4955037924431,67.1707890086675,94.4392455914417,92.25860469637084,,"<a href=""https://m.stock.naver.com/domestic/stock/109070/total"" target=""_blank"">Naver</a>"
069730,DSR제강,77.88551772010878,78.58564280020926,74.26445635142318,92.7236359505539,57.91308714144101,,"<a href=""https://m.stock.naver.com/domestic/stock/069730/total"" target=""_blank"">Naver</a>"
015860,일진홀딩스,77.79233859424255,87.28443891760058,53.819351216230295,79.22840561280958,80.87993756687324,,"<a href=""https://m.stock.naver.com/domestic/stock/015860/total"" target=""_blank"">Naver</a>"
900140,엘브이엠씨홀딩스,77.73953915066791,91.07064808211665,52.109466312541265,72.67074296877249,56.054188527706835,,"<a href=""https://m.stock.naver.com/domestic/stock/900140/total"" target=""_blank"">Naver</a>"
000880,한화,77.60717177495106,90.89390969609427,56.333423373370884,59.99168443484622,59.766033409342946,,"<a href=""https://m.stock.naver.com/domestic/stock/000880/total"" target=""_blank"">Naver</a>"
003200,일신방직,77.4075889528747,83.14682305740072,59.22676145659667,99.2377006468035,55.78069379209485,,"<a href=""https://m.stock.naver.com/domestic/stock/003200/total"" target=""_blank"">Naver</a>"
011200,HMM,77.38875737304018,68.08975570997993,92.95971853611422,95.23537958456023,75.42872709135304,,"<a href=""https://m.stock.naver.com/domestic/stock/011200/total"" target=""_blank"">Naver</a>"
229640,LS에코에너지,77.3570826917221,80.29108288175384,67.140784776072,84.72186682058083,78.50100173187423,,"<a href=""https://m.stock.naver.com/domestic/stock/229640/total"" target=""_blank"">Naver</a>"
000640,동아쏘시오홀딩스,77.31826262495717,87.2512785152981,56.3089514431029,66.73063232999984,84.3438884400523,,"<a href=""https://m.stock.naver.com/domestic/stock/000640/total"" target=""_blank"">Naver</a>"
017370,우신시스템,77.27992652849663,80.64738235642389,72.86591723477773,65.96045908655108,81.57943794585493,,"<a href=""https://m.stock.naver.com/domestic/stock/017370/total"" target=""_blank"">Naver</a>"
033250,체시스,77.26532231537541,81.36998955083608,69.34243543421921,68.41697034492034,85.32045383653852,,"<a href=""https://m.stock.naver.com/domestic/stock/033250/total"" target=""_blank"">Naver</a>"
015590,DKME,77.2320873426525,84.78562661228592,54.967636166051484,92.99835453345786,66.37933760844584,,"<a href=""https://m.stock.naver.com/domestic/stock/015590/total"" target=""_blank"">Naver</a>"
403550,쏘카,77.09140919196834,92.81296214975761,53.58597951570945,38.37704438623461,83.38865169125917,,"<a href=""https://m.stock.naver.com/domestic/stock/403550/total"" target=""_blank"">Naver</a>"
030610,교보증권,77.0192470559347,96.71924667505556,71.23011955430707,1.801691623246063,20.0,,"<a href=""https://m.stock.naver.com/domestic/stock/030610/total"" target=""_blank"">Naver</a>"
129260,인터지스,76.80395038389243,84.2405769341215,53.05071855807759,86.77424236137301,86.39000695525658,,"<a href=""https://m.stock.naver.com/domestic/stock/129260/total"" target=""_blank"">Naver</a>"
090430,아모레퍼시픽,76.60931131688834,77.13909407726011,73.41880237524106,92.21265861612162,54.99776830219678,,"<a href=""https://m.stock.naver.com/domestic/stock/090430/total"" target=""_blank"">Naver</a>"
004710,한솔테크닉스,76.52873531478522,87.53312548876227,51.05257067460396,67.02004546710333,90.87425612333121,,"<a href=""https://m.stock.naver.com/domestic/stock/004710/total"" target=""_blank"">Naver</a>"
010130,고려아연,76.4849394611877,90.57281270806777,44.555007103919884,74.05790775718421,71.93418569297276,,"<a href=""https://m.stock.naver.com/domestic/stock/010130/total"" target=""_blank"">Naver</a>"
016740,두올,76.44512749004467,83.05381187021733,58.17413627453734,78.46853881634424,84.44904835291058,,"<a href=""https://m.stock.naver.com/domestic/stock/016740/total"" target=""_blank"">Naver</a>"
005750,대림바스,76.3120690677464,86.95080440352781,51.73522370693697,76.07467991523392,72.00625014744169,,"<a href=""https://m.stock.naver.com/domestic/stock/005750/total"" target=""_blank"">Naver</a>"
010620,HD현대미포,76.2442982613528,87.2928898680592,54.92647719009003,55.66212742749786,91.41464600489965,,"<a href=""https://m.stock.naver.com/domestic/stock/010620/total"" target=""_blank"">Naver</a>"
079550,LIG넥스원,76.24300395075292,81.20119064633627,72.10325078249933,55.2969616355815,79.33561407536345,,"<a href=""https://m.stock.naver.com/domestic/stock/079550/total"" target=""_blank"">Naver</a>"
012630,HDC,76.22629162861877,85.92530023265209,59.04306728646594,75.61068681388119,46.98551972045805,,"<a href=""https://m.stock.naver.com/domestic/stock/012630/total"" target=""_blank"">Naver</a>"
111110,호전실업,76.10856853436744,81.34930020293253,66.43603062988036,73.57083004770027,66.65795500735572,,"<a href=""https://m.stock.naver.com/domestic/stock/111110/total"" target=""_blank"">Naver</a>"
064400,LG씨엔에스,75.92853706067653,74.12506552636474,70.66690903422378,95.37667383038135,84.98206206527213,,"<a href=""https://m.stock.naver.com/domestic/stock/064400/total"" target=""_blank"">Naver</a>"
015760,한국전력,75.90951238202724,84.3303911572288,69.30790961392074,42.76320275555628,74.15960017308294,,"<a href=""https://m.stock.naver.com/domestic/stock/015760/total"" target=""_blank"">Naver</a>"
077970,STX엔진,75.8045787112006,86.58258767038375,63.90784332095958,51.84099479173585,53.879315991137666,,"<a href=""https://m.stock.naver.com/domestic/stock/077970/total"" target=""_blank"">Naver</a>"
002790,아모레퍼시픽홀딩스,75.70934058659338,76.03646705244059,72.03639140339351,95.34999636902015,50.867257347573,,"<a href=""https://m.stock.naver.com/domestic/stock/002790/total"" target=""_blank"">Naver</a>"
097520,엠씨넥스,75.63658692195067,75.29334098945152,67.2459075485189,92.33655816084817,88.30899250130406,,"<a href=""https://m.stock.naver.com/domestic/stock/097520/total"" target=""_blank"">Naver</a>"
010420,한솔PNS,75.44033586065456,83.51563237628012,49.77126363342031,83.47195567329842,90.81889918403115,,"<a href=""https://m.stock.naver.com/domestic/stock/010420/total"" target=""_blank"">Naver</a>"
034230,파라다이스,75.40176244103799,75.83017528972597,72.69798681339348,79.13149264695733,76.32022598316605,,"<a href=""https://m.stock.naver.com/domestic/stock/034230/total"" target=""_blank"">Naver</a>"
285130,SK케미칼,75.34634616332478,92.29611286265389,41.79255275191622,70.43215270345068,49.54649974816636,,"<a href=""https://m.stock.naver.com/domestic/stock/285130/total"" target=""_blank"">Naver</a>"
030190,NICE평가정보,74.807198417236,66.20908787783972,85.07240120065691,96.32740181752769,83.61810417230356,,"<a href=""https://m.stock.naver.com/domestic/stock/030190/total"" target=""_blank"">Naver</a>"
298040,효성중공업,74.51552590075738,81.58095725883858,68.02128882527609,50.95655323278541,69.31948031713351,,"<a href=""https://m.stock.naver.com/domestic/stock/298040/total"" target=""_blank"">Naver</a>"
003480,한진중공업홀딩스,74.50841731350607,82.03548674463018,65.5607542923632,46.038684431620624,85.86136500950225,,"<a href=""https://m.stock.naver.com/domestic/stock/003480/total"" target=""_blank"">Naver</a>"
003570,SNT다이내믹스,74.49501850005065,67.9979613536539,82.60149514737918,99.00173070374538,62.913896612779524,,"<a href=""https://m.stock.naver.com/domestic/stock/003570/total"" target=""_blank"">Naver</a>"
032560,황금에스티,74.2150466577707,78.3147702328763,61.21939562201923,91.24493331185238,55.936845627097746,,"<a href=""https://m.stock.naver.com/domestic/stock/032560/total"" target=""_blank"">Naver</a>"
005320,온타이드,73.65291281067454,86.18490369233173,42.290829622578364,72.24135942040085,82.9025449518165,,"<a href=""https://m.stock.naver.com/domestic/stock/005320/total"" target=""_blank"">Naver</a>"
012320,경동인베스트,73.45893919039483,67.94807083448573,85.72942185665823,99.3740232492649,26.406778012246853,,"<a href=""https://m.stock.naver.com/domestic/stock/012320/total"" target=""_blank"">Naver</a>"
018670,SK가스,73.32671519411616,81.4248053283009,57.30907772308095,58.910008628738844,85.07123406982998,,"<a href=""https://m.stock.naver.com/domestic/stock/018670/total"" target=""_blank"">Naver</a>"
023800,인지컨트롤스,73.24803759822713,82.99422587273013,54.802152305130534,57.59474553065124,79.82978890482588,,"<a href=""https://m.stock.naver.com/domestic/stock/023800/total"" target=""_blank"">Naver</a>"
000970,한국주철관,73.1812441764534,72.75015719774173,64.05556131029702,98.59426278636843,73.15666503194537,,"<a href=""https://m.stock.naver.com/domestic/stock/000970/total"" target=""_blank"">Naver</a>"
069960,현대백화점,73.17223061123323,84.5031205532825,48.27817653196481,72.96334904424886,62.089584836952945,,"<a href=""https://m.stock.naver.com/domestic/stock/069960/total"" target=""_blank"">Naver</a>"
268280,미원에스씨,73.1209719924859,68.3099810830975,76.43630873954213,99.24191093614766,62.034301282542,,"<a href=""https://m.stock.naver.com/domestic/stock/268280/total"" target=""_blank"">Naver</a>"
007690,국도화학,73.06434922578825,85.0923191347746,45.95129556981163,69.61940467771453,71.18386769398248,,"<a href=""https://m.stock.naver.com/domestic/stock/007690/total"" target=""_blank"">Naver</a>"
117580,대성에너지,72.96950367375644,80.46799734380197,50.37625912982065,76.2003480698078,89.49211356078628,,"<a href=""https://m.stock.naver.com/domestic/stock/117580/total"" target=""_blank"">Naver</a>"
322000,HD현대에너지솔루션,72.95370621032903,78.46494196644785,53.833224131381286,88.69547676831395,70.93774641567205,,"<a href=""https://m.stock.naver.com/domestic/stock/322000/total"" target=""_blank"">Naver</a>"
251270,넷마블,72.90243998691632,77.56525136454194,81.7089537180844,49.36050738670062,20.0,,"<a href=""https://m.stock.naver.com/domestic/stock/251270/total"" target=""_blank"">Naver</a>"
070960,모나용평,72.89537177116068,84.37894898126554,57.137957637056395,58.05968681533518,43.55088583207515,,"<a href=""https://m.stock.naver.com/domestic/stock/070960/total"" target=""_blank"">Naver</a>"
139130,iM금융지주,72.85770340475996,81.54929778377549,84.17816465041443,18.83583571891067,20.0,,"<a href=""https://m.stock.naver.com/domestic/stock/139130/total"" target=""_blank"">Naver</a>"
210980,SK디앤디,72.8425778604308,78.37465099193518,61.52699774238815,65.09520804677847,78.53034049989628,,"<a href=""https://m.stock.naver.com/domestic/stock/210980/total"" target=""_blank"">Naver</a>"
004920,씨아이테크,72.777763681793,89.54901132708994,41.51171296016026,63.45991580570566,46.48874129856818,,"<a href=""https://m.stock.naver.com/domestic/stock/004920/total"" target=""_blank"">Naver</a>"
030200,KT,72.77648339143151,84.05423503724361,49.53697323478975,64.93458663217865,69.3248079434009,,"<a href=""https://m.stock.naver.com/domestic/stock/030200/total"" target=""_blank"">Naver</a>"
042700,한미반도체,72.6944905895744,60.15084596360634,97.4525949242202,98.37886717707445,48.058951252962146,,"<a href=""https://m.stock.naver.com/domestic/stock/042700/total"" target=""_blank"">Naver</a>"
244920,에이플러스에셋,72.69257853153768,76.08296610457906,53.33961121479215,92.16090614604312,89.83610900975768,,"<a href=""https://m.stock.naver.com/domestic/stock/244920/total"" target=""_blank"">Naver</a>"
014910,성문전자,72.60598299543699,80.48959391045378,56.653834762715036,71.65082100695695,59.67371715580524,,"<a href=""https://m.stock.naver.com/domestic/stock/014910/total"" target=""_blank"">Naver</a>"
006120,SK디스커버리,72.5262989114616,86.07234185154958,43.81830143555971,61.234601990728834,76.09716485138091,,"<a href=""https://m.stock.naver.com/domestic/stock/006120/total"" target=""_blank"">Naver</a>"
234080,JW생명과학,72.4877720964007,63.549889523331665,88.18016914124291,87.95704558523565,70.34183077134817,,"<a href=""https://m.stock.naver.com/domestic/stock/234080/total"" target=""_blank"">Naver</a>"
012800,대창,72.46213819905533,85.15378199528432,47.592190707974076,54.60182216438305,80.2327821690582,,"<a href=""https://m.stock.naver.com/domestic/stock/012800/total"" target=""_blank"">Naver</a>"
039570,HDC랩스,72.38035731708374,75.79280528312346,52.584879735494475,94.08388719852879,87.00130986966353,,"<a href=""https://m.stock.naver.com/domestic/stock/039570/total"" target=""_blank"">Naver</a>"
161890,한국콜마,72.37240197279603,75.81726214930582,64.0929330349109,69.89760980638206,77.38100887693196,,"<a href=""https://m.stock.naver.com/domestic/stock/161890/total"" target=""_blank"">Naver</a>"
005680,삼영전자,72.36571054416127,75.7581636055401,57.07363206914879,99.83572708523113,53.17663310053814,,"<a href=""https://m.stock.naver.com/domestic/stock/005680/total"" target=""_blank"">Naver</a>"
035510,신세계 I&C,72.3268607540804,70.90156388858267,61.74942478306849,98.77994236036764,89.41143978253818,,"<a href=""https://m.stock.naver.com/domestic/stock/035510/total"" target=""_blank"">Naver</a>"
013570,디와이,72.30483207410546,77.36727946314069,54.05933500054459,84.81360192418873,77.76540907332047,,"<a href=""https://m.stock.naver.com/domestic/stock/013570/total"" target=""_blank"">Naver</a>"
352820,하이브,71.9108727929492,77.44858299665582,54.8906278433878,80.38700007804646,73.60732052608249,,"<a href=""https://m.stock.naver.com/domestic/stock/352820/total"" target=""_blank"">Naver</a>"
011780,금호석유화학,71.7847075622787,74.11473303007206,56.187683411105695,92.53457203506852,80.3097937590437,,"<a href=""https://m.stock.naver.com/domestic/stock/011780/total"" target=""_blank"">Naver</a>"
001790,대한제당,71.65224367971337,75.9196574717475,56.013369502941096,80.38726543272229,81.16760555314727,,"<a href=""https://m.stock.naver.com/domestic/stock/001790/total"" target=""_blank"">Naver</a>"
000990,DB하이텍,71.54101817610523,61.04413008225222,84.26918255782917,99.43698370664114,78.07092233264967,,"<a href=""https://m.stock.naver.com/domestic/stock/000990/total"" target=""_blank"">Naver</a>"
032830,삼성생명,71.49263700266441,80.85373939112445,67.40995132444671,51.279055368780604,20.0,,"<a href=""https://m.stock.naver.com/domestic/stock/032830/total"" target=""_blank"">Naver</a>"
003720,삼영,71.43477333521932,70.71710560530492,67.83419308630387,81.86920079761217,77.18083241398361,,"<a href=""https://m.stock.naver.com/domestic/stock/003720/total"" target=""_blank"">Naver</a>"
052690,한전기술,71.4042896084116,62.815513921894734,80.81031805813768,96.67174720310972,76.90454040858744,,"<a href=""https://m.stock.naver.com/domestic/stock/052690/total"" target=""_blank"">Naver</a>"
016380,KG스틸,71.39780112085492,73.7495676103725,61.746774800501846,75.78822131103915,82.65089446804095,,"<a href=""https://m.stock.naver.com/domestic/stock/016380/total"" target=""_blank"">Naver</a>"
017670,SK텔레콤,71.34680345692152,70.11757713427956,74.74520290382218,67.94619057467695,75.90674785861106,,"<a href=""https://m.stock.naver.com/domestic/stock/017670/total"" target=""_blank"">Naver</a>"
194370,제이에스코퍼레이션,71.25819258453424,69.66307033774659,77.61375313358359,62.34057305798059,76.45709585384692,,"<a href=""https://m.stock.naver.com/domestic/stock/194370/total"" target=""_blank"">Naver</a>"
044820,코스맥스비티아이,70.9048588683746,85.68840901719257,49.597749063986676,33.49208478978415,74.86335426167955,,"<a href=""https://m.stock.naver.com/domestic/stock/044820/total"" target=""_blank"">Naver</a>"
033530,SJG세종,70.78865958614125,76.48062626138314,55.151193898341376,69.52392203616024,83.20186302220016,,"<a href=""https://m.stock.naver.com/domestic/stock/033530/total"" target=""_blank"">Naver</a>"
007980,TP,70.43552338168921,77.35649362490646,58.7342433390718,53.26497212692233,80.23138318570284,,"<a href=""https://m.stock.naver.com/domestic/stock/007980/total"" target=""_blank"">Naver</a>"
267250,HD현대,70.34769698315459,77.74137478381952,56.98328997381456,52.598939699872886,83.94311298843907,,"<a href=""https://m.stock.naver.com/domestic/stock/267250/total"" target=""_blank"">Naver</a>"
069620,대웅제약,70.26205934436769,75.24733731695875,57.21736198123724,75.35311457648989,65.48010002468274,,"<a href=""https://m.stock.naver.com/domestic/stock/069620/total"" target=""_blank"">Naver</a>"
003690,코리안리,70.08989577786932,65.6288329855686,90.25671611037966,71.48416958933258,20.0,,"<a href=""https://m.stock.naver.com/domestic/stock/003690/total"" target=""_blank"">Naver</a>"
014680,한솔케미칼,70.08362558132289,61.34559363658076,81.98636845003347,92.24808566712044,71.0973744030804,,"<a href=""https://m.stock.naver.com/domestic/stock/014680/total"" target=""_blank"">Naver</a>"
214420,토니모리,69.886495046396,66.95070765328569,70.84052413945857,81.71289883364503,76.69299072390886,,"<a href=""https://m.stock.naver.com/domestic/stock/214420/total"" target=""_blank"">Naver</a>"
003090,대웅,69.87498692492541,69.10208069371397,63.08233297441467,87.55017797998894,77.76274934188939,,"<a href=""https://m.stock.naver.com/domestic/stock/003090/total"" target=""_blank"">Naver</a>"
078000,텔코웨어,69.86010438116463,66.37901980064994,66.55490078800375,99.72839449364342,68.4225570881874,,"<a href=""https://m.stock.naver.com/domestic/stock/078000/total"" target=""_blank"">Naver</a>"
003920,남양유업,69.84807290468773,80.07932520608023,41.686149551845766,74.56383164847462,78.45114456461371,,"<a href=""https://m.stock.naver.com/domestic/stock/003920/total"" target=""_blank"">Naver</a>"
071090,하이스틸,69.69300413611651,83.46129260514779,38.71079901527724,61.34382078861686,76.08293480693662,,"<a href=""https://m.stock.naver.com/domestic/stock/071090/total"" target=""_blank"">Naver</a>"
017550,수산세보틱스,69.58865132270735,71.48727675445366,57.726290226708045,96.7591667458988,51.77592077536533,,"<a href=""https://m.stock.naver.com/domestic/stock/017550/total"" target=""_blank"">Naver</a>"
138490,코오롱ENP,69.53851825544356,63.404042098391336,70.56191457656077,99.04147510426363,79.0293368368441,,"<a href=""https://m.stock.naver.com/domestic/stock/138490/total"" target=""_blank"">Naver</a>"
450140,코오롱모빌리티그룹,69.53412450325678,85.1166332757724,39.72683770993033,39.43696515949567,91.77477188722388,,"<a href=""https://m.stock.naver.com/domestic/stock/450140/total"" target=""_blank"">Naver</a>"
036530,SNT홀딩스,69.53027425377479,61.777125197515126,76.56539736530505,99.05961784017555,68.33376019843791,,"<a href=""https://m.stock.naver.com/domestic/stock/036530/total"" target=""_blank"">Naver</a>"
108320,LX세미콘,69.46837736124463,64.40283684667973,69.66414496980165,95.54953310611471,77.11371400349825,,"<a href=""https://m.stock.naver.com/domestic/stock/108320/total"" target=""_blank"">Naver</a>"
006060,화승인더,69.39591031463394,75.16614161467415,58.51549694592605,56.471918409622916,80.40318536771292,,"<a href=""https://m.stock.naver.com/domestic/stock/006060/total"" target=""_blank"">Naver</a>"
004800,효성,69.34324154038157,62.10002504032511,89.59108517841624,66.64247591829238,60.424152595064015,,"<a href=""https://m.stock.naver.com/domestic/stock/004800/total"" target=""_blank"">Naver</a>"
004960,한신공영,69.30747044437652,82.72050392595082,46.64268287684599,56.84027454397696,46.6093983039367,,"<a href=""https://m.stock.naver.com/domestic/stock/004960/total"" target=""_blank"">Naver</a>"
000430,대원강업,69.16450359138028,75.59206799810043,49.589739933326825,73.85524674493311,80.52606269390016,,"<a href=""https://m.stock.naver.com/domestic/stock/000430/total"" target=""_blank"">Naver</a>"
009450,경동나비엔,68.92960798599456,64.2524913920019,76.32001812938951,83.4967880578235,58.96859625327414,,"<a href=""https://m.stock.naver.com/domestic/stock/009450/total"" target=""_blank"">Naver</a>"
086280,현대글로비스,68.68984158076226,68.4101819897979,56.83696123138161,100.0,,,"<a href=""https://m.stock.naver.com/domestic/stock/086280/total"" target=""_blank"">Naver</a>"
010140,삼성중공업,68.33776317558448,78.63828416868941,50.60806962511348,44.365373165196985,81.32475903145553,,"<a href=""https://m.stock.naver.com/domestic/stock/010140/total"" target=""_blank"">Naver</a>"
002150,도화엔지니어링,68.32938734583246,85.92085646516011,30.97465083472727,50.264586760029545,80.13504164103229,,"<a href=""https://m.stock.naver.com/domestic/stock/002150/total"" target=""_blank"">Naver</a>"
021240,코웨이,68.29535540394171,58.55922402479134,83.49336770824273,82.36650198392657,80.99657727227138,,"<a href=""https://m.stock.naver.com/domestic/stock/021240/total"" target=""_blank"">Naver</a>"
241590,화승엔터프라이즈,68.27021558665002,74.50125791198143,54.94657237949062,58.891083482331055,78.87418792710837,,"<a href=""https://m.stock.naver.com/domestic/stock/241590/total"" target=""_blank"">Naver</a>"
009320,아진전자부품,68.18671573444131,75.3698341504263,53.92979827357672,50.10190426360266,89.44350498862156,,"<a href=""https://m.stock.naver.com/domestic/stock/009320/total"" target=""_blank"">Naver</a>"
012330,현대모비스,68.13436061079602,64.60208860691189,63.22766536448214,96.19375222476914,78.93631766102877,,"<a href=""https://m.stock.naver.com/domestic/stock/012330/total"" target=""_blank"">Naver</a>"
025540,한국단자,67.84592952290998,58.967648595317264,76.83854021369358,97.93115146841384,69.25180330909681,,"<a href=""https://m.stock.naver.com/domestic/stock/025540/total"" target=""_blank"">Naver</a>"
002140,고려산업,67.82243960933036,74.36976153541436,52.38101745548635,63.63697822813772,74.83261002792759,,"<a href=""https://m.stock.naver.com/domestic/stock/002140/total"" target=""_blank"">Naver</a>"
271560,오리온,67.67889813905714,54.25046189359082,84.56728504223241,99.53150329916052,80.67298824856982,,"<a href=""https://m.stock.naver.com/domestic/stock/271560/total"" target=""_blank"">Naver</a>"
017860,DS단석,67.529884026521,82.43537654375399,34.83596999318246,53.57664841904304,80.04001520137399,,"<a href=""https://m.stock.naver.com/domestic/stock/017860/total"" target=""_blank"">Naver</a>"
475150,SK이터닉스,67.34095230065316,68.78569068808213,68.89216219408893,52.67752700342585,71.57489277878139,,"<a href=""https://m.stock.naver.com/domestic/stock/475150/total"" target=""_blank"">Naver</a>"
000370,한화손해보험,67.22491314965751,61.24500591370338,91.24497173907525,66.66666666666667,20.0,,"<a href=""https://m.stock.naver.com/domestic/stock/000370/total"" target=""_blank"">Naver</a>"
008700,아남전자,67.12114891340796,65.21956544946359,58.16761378334011,94.06461035584412,80.82090324620751,,"<a href=""https://m.stock.naver.com/domestic/stock/008700/total"" target=""_blank"">Naver</a>"
003350,한국화장품제조,66.99028903734865,50.0,91.31518746259272,97.9118670465105,87.40610934098825,,"<a href=""https://m.stock.naver.com/domestic/stock/003350/total"" target=""_blank"">Naver</a>"
284740,쿠쿠홈시스,66.92223274359117,56.01167742144667,79.03605800276831,97.28646131440438,76.55131317181277,,"<a href=""https://m.stock.naver.com/domestic/stock/284740/total"" target=""_blank"">Naver</a>"
006980,우성,66.88403632254776,69.63444685371142,56.95842508386409,70.24157942818293,76.79207993073166,,"<a href=""https://m.stock.naver.com/domestic/stock/006980/total"" target=""_blank"">Naver</a>"
003780,진양산업,66.80553748533609,57.30337715071614,75.79446790388904,90.90895040868858,87.67998356130593,,"<a href=""https://m.stock.naver.com/domestic/stock/003780/total"" target=""_blank"">Naver</a>"
000300,DH오토넥스,66.78682149631341,69.26303473471371,66.66666666666667,47.01334464563581,77.21999048509849,,"<a href=""https://m.stock.naver.com/domestic/stock/000300/total"" target=""_blank"">Naver</a>"
000230,일동홀딩스,66.74592955562157,69.87627620083276,69.44364598189746,36.0920655516693,77.00091568961254,,"<a href=""https://m.stock.naver.com/domestic/stock/000230/total"" target=""_blank"">Naver</a>"
003240,태광산업,66.66502965710046,59.50032312454285,69.45530014011828,99.41495488458769,73.19030517772829,,"<a href=""https://m.stock.naver.com/domestic/stock/003240/total"" target=""_blank"">Naver</a>"
010100,한국무브넥스,66.64622710817953,66.56346777910755,57.85063565184165,78.2783869389103,88.35297667727095,,"<a href=""https://m.stock.naver.com/domestic/stock/010100/total"" target=""_blank"">Naver</a>"
006260,LS,66.6127635703835,71.63282787689165,51.88681239976375,68.16974288336277,76.88778911942616,,"<a href=""https://m.stock.naver.com/domestic/stock/006260/total"" target=""_blank"">Naver</a>"
077500,유니퀘스트,66.57767362154422,70.18303151442387,48.44513811727296,85.16876466465898,76.79387434211525,,"<a href=""https://m.stock.naver.com/domestic/stock/077500/total"" target=""_blank"">Naver</a>"
028670,팬오션,66.54347405968717,66.1605335677995,59.53840924440518,78.50381357696367,82.24340500419588,,"<a href=""https://m.stock.naver.com/domestic/stock/028670/total"" target=""_blank"">Naver</a>"
003000,부광약품,66.5379384301965,75.04524198270285,37.17438080665613,98.04491599204736,48.25412879412059,,"<a href=""https://m.stock.naver.com/domestic/stock/003000/total"" target=""_blank"">Naver</a>"
272210,한화시스템,66.52765102166337,61.750508017949905,74.78341737111559,74.39354389008678,66.84274958211702,,"<a href=""https://m.stock.naver.com/domestic/stock/272210/total"" target=""_blank"">Naver</a>"
044450,KSS해운,66.49725169792228,63.97664732209633,79.46542256226125,44.45675388061882,75.98464552074601,,"<a href=""https://m.stock.naver.com/domestic/stock/044450/total"" target=""_blank"">Naver</a>"
004490,세방전지,66.49348930890886,59.02493415697298,69.48474586514031,97.87337142115878,78.40010412648235,,"<a href=""https://m.stock.naver.com/domestic/stock/004490/total"" target=""_blank"">Naver</a>"
161000,애경케미칼,66.4123830019863,74.98738054684821,43.23032458671122,64.84087539559232,82.56571975280661,,"<a href=""https://m.stock.naver.com/domestic/stock/161000/total"" target=""_blank"">Naver</a>"
000080,하이트진로,66.36295307604307,68.69964397146862,62.856129675023446,59.72080545513112,69.14107457785872,,"<a href=""https://m.stock.naver.com/domestic/stock/000080/total"" target=""_blank"">Naver</a>"
005810,풍산홀딩스,66.32784162800098,55.15115056451962,85.72039874525295,93.1897169913394,49.761598076840755,,"<a href=""https://m.stock.naver.com/domestic/stock/005810/total"" target=""_blank"">Naver</a>"
014990,인디에프,66.25073428959743,80.40579748441695,41.68603506818143,46.7750168686122,58.16490690081376,,"<a href=""https://m.stock.naver.com/domestic/stock/014990/total"" target=""_blank"">Naver</a>"
007340,DN오토모티브,66.18332389682121,59.1033454373436,77.49274038789035,82.05937577696099,62.84387919492703,,"<a href=""https://m.stock.naver.com/domestic/stock/007340/total"" target=""_blank"">Naver</a>"
462870,시프트업,66.06507173452422,50.0,96.23865970015841,99.87105062476934,40.36603494015369,,"<a href=""https://m.stock.naver.com/domestic/stock/462870/total"" target=""_blank"">Naver</a>"
062040,산일전기,66.03379590468097,50.0,95.35515816237798,96.93238744424987,50.03535239322981,,"<a href=""https://m.stock.naver.com/domestic/stock/062040/total"" target=""_blank"">Naver</a>"
000240,한국앤컴퍼니,66.03234508983886,53.64798347622758,86.72010064078364,92.66014217589772,57.95031252633258,,"<a href=""https://m.stock.naver.com/domestic/stock/000240/total"" target=""_blank"">Naver</a>"
017800,현대엘리베이터,65.92633034315317,61.70708801241332,72.63595728920951,65.04693018285394,84.76790390234802,,"<a href=""https://m.stock.naver.com/domestic/stock/017800/total"" target=""_blank"">Naver</a>"
006650,대한유화,65.91260825810954,69.45395369237959,40.14806815613747,97.61507737930783,88.83422531433281,,"<a href=""https://m.stock.naver.com/domestic/stock/006650/total"" target=""_blank"">Naver</a>"
192400,쿠쿠홀딩스,65.85389656477089,54.35648497157849,78.36917836335626,99.58580048088383,73.78261885792692,,"<a href=""https://m.stock.naver.com/domestic/stock/192400/total"" target=""_blank"">Naver</a>"
015890,태경산업,65.66232765420608,61.698341699662166,63.57829612551586,91.02262244167127,72.92972717725365,,"<a href=""https://m.stock.naver.com/domestic/stock/015890/total"" target=""_blank"">Naver</a>"
033780,KT&G,65.49285205785996,54.21248763570633,85.75551241084543,97.38427336735975,35.76108073977652,,"<a href=""https://m.stock.naver.com/domestic/stock/033780/total"" target=""_blank"">Naver</a>"
103140,풍산,65.44180861013176,61.78091347471874,63.79001570468548,93.35310792919194,61.808916124198994,,"<a href=""https://m.stock.naver.com/domestic/stock/103140/total"" target=""_blank"">Naver</a>"
086790,하나금융지주,65.38869758130892,64.24884998845478,92.9449860348115,26.031410795331755,20.0,,"<a href=""https://m.stock.naver.com/domestic/stock/086790/total"" target=""_blank"">Naver</a>"
126720,수산인더스트리,65.30771806456137,54.970666019752734,73.21314316260764,99.4499614950879,81.54073025098063,,"<a href=""https://m.stock.naver.com/domestic/stock/126720/total"" target=""_blank"">Naver</a>"
002960,한국쉘석유,65.27101046998139,50.0,84.7665267960418,98.72744888363317,84.13267765215235,,"<a href=""https://m.stock.naver.com/domestic/stock/002960/total"" target=""_blank"">Naver</a>"
009830,한화솔루션,65.22282432048992,88.99428224934611,18.248991799852032,45.97471853979892,53.33070333878713,,"<a href=""https://m.stock.naver.com/domestic/stock/009830/total"" target=""_blank"">Naver</a>"
100090,SK오션플랜트,65.18831058999638,70.266062711853,50.35756311138124,62.14531734358552,84.49500901361435,,"<a href=""https://m.stock.naver.com/domestic/stock/100090/total"" target=""_blank"">Naver</a>"
302440,SK바이오사이언스,65.0208623665533,92.22664984403502,8.044093036706608,62.194502883050625,29.087978253011435,,"<a href=""https://m.stock.naver.com/domestic/stock/302440/total"" target=""_blank"">Naver</a>"
001680,대상,64.92485981280508,66.3555170461749,54.35530289765012,74.43539270947497,81.58369179480223,,"<a href=""https://m.stock.naver.com/domestic/stock/001680/total"" target=""_blank"">Naver</a>"
015230,대창단조,64.82006625393277,56.66747490162516,71.7520902953169,99.31550497184381,59.000164838881176,,"<a href=""https://m.stock.naver.com/domestic/stock/015230/total"" target=""_blank"">Naver</a>"
128820,대성산업,64.78326589156944,72.99343723696819,44.07855943846048,56.56239315553025,86.22648748440767,,"<a href=""https://m.stock.naver.com/domestic/stock/128820/total"" target=""_blank"">Naver</a>"
105560,KB금융,64.6976562756056,63.34899682301705,89.41969939384812,33.333333333333336,20.0,,"<a href=""https://m.stock.naver.com/domestic/stock/105560/total"" target=""_blank"">Naver</a>"
096760,JW홀딩스,64.6187458355736,54.348713287833846,86.3638677402905,75.8471714331398,56.67667568973388,,"<a href=""https://m.stock.naver.com/domestic/stock/096760/total"" target=""_blank"">Naver</a>"
161390,한국타이어앤테크놀로지,64.49523141600741,59.55178928258679,68.8710088484767,86.02177185352942,58.88456897966442,,"<a href=""https://m.stock.naver.com/domestic/stock/161390/total"" target=""_blank"">Naver</a>"
170900,동아에스티,64.49122863181003,81.01881310093427,25.69748120584129,67.07258431379927,54.96624076818444,,"<a href=""https://m.stock.naver.com/domestic/stock/170900/total"" target=""_blank"">Naver</a>"
032640,LG유플러스,64.38239826782336,65.92652006696261,52.75991392586278,76.09059630440885,80.54896231478428,,"<a href=""https://m.stock.naver.com/domestic/stock/032640/total"" target=""_blank"">Naver</a>"
002840,미원상사,64.3180062477388,53.118967688130766,77.79484941468762,99.50855798196856,60.9411496598315,,"<a href=""https://m.stock.naver.com/domestic/stock/002840/total"" target=""_blank"">Naver</a>"
227840,현대코퍼레이션홀딩스,64.30287556668735,52.11780954556351,78.02792275591936,97.32641960804273,75.8513437913027,,"<a href=""https://m.stock.naver.com/domestic/stock/227840/total"" target=""_blank"">Naver</a>"
005930,삼성전자,64.2153717846812,56.945473356649586,72.03800091119898,89.34024228250918,62.09126629281557,,"<a href=""https://m.stock.naver.com/domestic/stock/005930/total"" target=""_blank"">Naver</a>"
294870,HDC현대산업개발,64.13091263365294,67.00603278754032,56.985089099982055,77.98714795977534,37.646117803114194,,"<a href=""https://m.stock.naver.com/domestic/stock/294870/total"" target=""_blank"">Naver</a>"
019440,세아특수강,64.10963690546393,68.18707259268079,47.78662726673658,77.29699718358549,70.4207362962553,,"<a href=""https://m.stock.naver.com/domestic/stock/019440/total"" target=""_blank"">Naver</a>"
081660,미스토홀딩스,64.03078707868504,62.78594542016494,58.786247638619045,87.83358811849104,57.58598210164399,,"<a href=""https://m.stock.naver.com/domestic/stock/081660/total"" target=""_blank"">Naver</a>"
298000,효성화학,64.03062526058454,61.06943160813461,77.80488093399887,36.666666666666664,85.42158791074783,,"<a href=""https://m.stock.naver.com/domestic/stock/298000/total"" target=""_blank"">Naver</a>"
014830,유니드,63.935597594662745,58.36131336134745,63.312435778058074,95.10945644672192,71.5950997733513,,"<a href=""https://m.stock.naver.com/domestic/stock/014830/total"" target=""_blank"">Naver</a>"
373220,LG에너지솔루션,63.92029389121819,71.48712308802304,45.80663160528683,64.04315953347421,63.44092367470478,,"<a href=""https://m.stock.naver.com/domestic/stock/373220/total"" target=""_blank"">Naver</a>"
031440,신세계푸드,63.76368841416205,67.96805327052984,46.520295733982174,67.70543245934499,91.64478544828208,,"<a href=""https://m.stock.naver.com/domestic/stock/031440/total"" target=""_blank"">Naver</a>"
005250,녹십자홀딩스,63.74153742953183,67.78140635960392,50.82889403338371,80.24502855240728,46.81934500365654,,"<a href=""https://m.stock.naver.com/domestic/stock/005250/total"" target=""_blank"">Naver</a>"
010770,평화홀딩스,63.73022330906402,70.68131561496683,48.756485459899004,47.48320286097166,87.67984578024004,,"<a href=""https://m.stock.naver.com/domestic/stock/010770/total"" target=""_blank"">Naver</a>"
018260,삼성에스디에스,63.709119021807794,57.315308797748806,61.46281632852376,95.97446523736538,87.13566274582081,,"<a href=""https://m.stock.naver.com/domestic/stock/018260/total"" target=""_blank"">Naver</a>"
073240,금호타이어,63.70811807389573,57.16830816958552,76.21297510716575,73.88713537855804,59.303517149943374,,"<a href=""https://m.stock.naver.com/domestic/stock/073240/total"" target=""_blank"">Naver</a>"
012750,에스원,63.68425839236547,54.66462265844668,65.73097965665359,98.04136425361116,92.97206915545902,,"<a href=""https://m.stock.naver.com/domestic/stock/012750/total"" target=""_blank"">Naver</a>"
024890,대원화성,63.67828953867887,87.37282444059723,13.762924997601607,38.06904549572296,80.13918150695673,,"<a href=""https://m.stock.naver.com/domestic/stock/024890/total"" target=""_blank"">Naver</a>"
001500,현대차증권,63.66064710701796,78.03049428861307,50.03606880206712,33.333333333333336,20.0,,"<a href=""https://m.stock.naver.com/domestic/stock/001500/total"" target=""_blank"">Naver</a>"
005800,신영와코루,63.619991502002094,67.00662560989741,45.1778009488281,99.73898894765094,42.9533400818306,,"<a href=""https://m.stock.naver.com/domestic/stock/005800/total"" target=""_blank"">Naver</a>"
079430,현대리바트,63.54139929542163,67.50541730438921,43.879055091574,77.55705752306521,86.25358775176153,,"<a href=""https://m.stock.naver.com/domestic/stock/079430/total"" target=""_blank"">Naver</a>"
089860,롯데렌탈,63.51476024223439,66.78714954062626,63.11666584055799,41.68921773512592,69.88764568413077,,"<a href=""https://m.stock.naver.com/domestic/stock/089860/total"" target=""_blank"">Naver</a>"
134380,미원화학,63.42581759988944,50.0,77.18777625506505,99.61844044989414,83.34058982267528,,"<a href=""https://m.stock.naver.com/domestic/stock/134380/total"" target=""_blank"">Naver</a>"
120030,조선선재,63.358037953071154,50.0,84.9439059156481,98.9471723959621,44.54688469125845,,"<a href=""https://m.stock.naver.com/domestic/stock/120030/total"" target=""_blank"">Naver</a>"
377300,카카오페이,63.28208693033289,71.30718081953783,36.646363194785565,83.36187639913796,60.0,,"<a href=""https://m.stock.naver.com/domestic/stock/377300/total"" target=""_blank"">Naver</a>"
053690,한미글로벌,63.237460544242424,57.070775542093436,63.62738430900339,87.92498156646441,85.9130197017814,,"<a href=""https://m.stock.naver.com/domestic/stock/053690/total"" target=""_blank"">Naver</a>"
271980,제일약품,63.200376764748896,80.410089392811,20.11025703830055,59.748162460420396,79.03885246890245,,"<a href=""https://m.stock.naver.com/domestic/stock/271980/total"" target=""_blank"">Naver</a>"
024900,디와이덕양,63.17997381316578,64.94928690446572,55.98107932410966,54.44963664155168,95.40336350607528,,"<a href=""https://m.stock.naver.com/domestic/stock/024900/total"" target=""_blank"">Naver</a>"
004770,써니전자,63.10623854448353,50.0,81.98947103665891,96.63210771888274,58.91320026861048,,"<a href=""https://m.stock.naver.com/domestic/stock/004770/total"" target=""_blank"">Naver</a>"
005960,동부건설,63.08921115057586,82.98602654700011,15.842880757314871,49.26248932011336,88.21252202071484,,"<a href=""https://m.stock.naver.com/domestic/stock/005960/total"" target=""_blank"">Naver</a>"
008110,대동전자,63.019259127880034,50.0,84.81492243343114,83.50777616308952,69.2950180642658,,"<a href=""https://m.stock.naver.com/domestic/stock/008110/total"" target=""_blank"">Naver</a>"
091090,세원이앤씨,62.98549204665292,84.6039597488939,11.52153214593104,60.89990153200931,65.05486015265782,,"<a href=""https://m.stock.naver.com/domestic/stock/091090/total"" target=""_blank"">Naver</a>"
002320,한진,62.90189347418647,71.81135675370875,43.91819752725298,45.984722714630166,84.74115537369931,,"<a href=""https://m.stock.naver.com/domestic/stock/002320/total"" target=""_blank"">Naver</a>"
092200,디아이씨,62.86647060631947,68.26173618398856,55.49137255349073,39.565060415662856,81.6015943197474,,"<a href=""https://m.stock.naver.com/domestic/stock/092200/total"" target=""_blank"">Naver</a>"
001340,PKC,62.77622633654779,67.96464448946807,47.877364866341146,57.05825891484428,86.44545069594469,,"<a href=""https://m.stock.naver.com/domestic/stock/001340/total"" target=""_blank"">Naver</a>"
377740,바이오노트,62.75258484515822,48.051879979088206,87.68606621345343,97.65196057490805,44.69488493702269,,"<a href=""https://m.stock.naver.com/domestic/stock/377740/total"" target=""_blank"">Naver</a>"
281820,케이씨텍,62.68949129021807,50.0,76.6797171904309,99.65086308800079,71.0895136762053,,"<a href=""https://m.stock.naver.com/domestic/stock/281820/total"" target=""_blank"">Naver</a>"
066570,LG전자,62.67460821740935,64.81926939283537,48.25049334218673,74.00483866280419,86.39878759762071,,"<a href=""https://m.stock.naver.com/domestic/stock/066570/total"" target=""_blank"">Naver</a>"
037710,광주신세계,62.5939547243686,50.0,84.20984508011696,77.94280027729144,74.94426853220436,,"<a href=""https://m.stock.naver.com/domestic/stock/037710/total"" target=""_blank"">Naver</a>"
338100,NH프라임리츠,62.587136153579614,50.0,86.37248653591757,99.94014519600222,20.0,,"<a href=""https://m.stock.naver.com/domestic/stock/338100/total"" target=""_blank"">Naver</a>"
000490,대동,62.53172251273275,82.26022736133105,25.21542025958347,46.77122641608013,43.892167788604766,,"<a href=""https://m.stock.naver.com/domestic/stock/000490/total"" target=""_blank"">Naver</a>"
003650,미창석유,62.27612208521579,50.0,75.33802283897013,99.53685462034672,69.75861826877173,,"<a href=""https://m.stock.naver.com/domestic/stock/003650/total"" target=""_blank"">Naver</a>"
006280,녹십자,62.145417762020614,68.27206742775897,42.11793356046804,87.26900796866855,38.51586236762743,,"<a href=""https://m.stock.naver.com/domestic/stock/006280/total"" target=""_blank"">Naver</a>"
006390,한일현대시멘트,62.111525059114406,50.0,79.01276304242704,89.87127811962071,67.42412973091166,,"<a href=""https://m.stock.naver.com/domestic/stock/006390/total"" target=""_blank"">Naver</a>"
139480,이마트,62.09992648394449,76.16664684033621,27.548816998152574,51.53829674340064,87.17808911729108,,"<a href=""https://m.stock.naver.com/domestic/stock/139480/total"" target=""_blank"">Naver</a>"
021820,세원정공,62.09839509802314,50.0,79.5108393754815,99.76338001723592,44.88694504858341,,"<a href=""https://m.stock.naver.com/domestic/stock/021820/total"" target=""_blank"">Naver</a>"
007120,미래아이앤지,61.82613840215873,50.0,84.40379606702146,77.25189385403368,60.0,,"<a href=""https://m.stock.naver.com/domestic/stock/007120/total"" target=""_blank"">Naver</a>"
033270,유나이티드제약,61.796210258953046,50.0,76.81311040971055,99.58320807853266,52.69223697344293,,"<a href=""https://m.stock.naver.com/domestic/stock/033270/total"" target=""_blank"">Naver</a>"
002810,삼영무역,61.65350573963119,52.434153427227706,67.93481470845124,95.45544993154165,73.27530026055184,,"<a href=""https://m.stock.naver.com/domestic/stock/002810/total"" target=""_blank"">Naver</a>"
267290,경동도시가스,61.54304051551896,59.80727006999653,49.61659600711014,85.28864231358244,94.51330480770524,,"<a href=""https://m.stock.naver.com/domestic/stock/267290/total"" target=""_blank"">Naver</a>"
000050,경방,61.391799894865564,61.71177989317292,56.616142649157936,69.93804722516403,64.33783148311855,,"<a href=""https://m.stock.naver.com/domestic/stock/000050/total"" target=""_blank"">Naver</a>"
035250,강원랜드,61.390152695334855,42.626016348404114,90.6542134631447,91.34306638145695,80.33365764721023,,"<a href=""https://m.stock.naver.com/domestic/stock/035250/total"" target=""_blank"">Naver</a>"
000100,유한양행,61.34640691013088,61.83488744883204,48.43193210945369,92.70577142843932,57.33828541248606,,"<a href=""https://m.stock.naver.com/domestic/stock/000100/total"" target=""_blank"">Naver</a>"
126560,현대퓨처넷,61.27418788292382,60.51832153230307,46.644242453932506,100.0,66.04268700117719,,"<a href=""https://m.stock.naver.com/domestic/stock/126560/total"" target=""_blank"">Naver</a>"
058730,다스코,61.27175631546445,71.20918696299107,35.79899810113192,61.2798454024775,69.37020144278146,,"<a href=""https://m.stock.naver.com/domestic/stock/058730/total"" target=""_blank"">Naver</a>"
000590,CS홀딩스,61.19985132535167,46.66929737365107,84.27168803451106,99.76826798407441,43.07048188251656,,"<a href=""https://m.stock.naver.com/domestic/stock/000590/total"" target=""_blank"">Naver</a>"
021050,서원,61.165424479254575,66.66666666666667,48.26019489234059,51.11741298623153,79.77268915092549,,"<a href=""https://m.stock.naver.com/domestic/stock/021050/total"" target=""_blank"">Naver</a>"
487570,HS효성,61.10100314955345,66.66666666666667,42.981737676340074,64.90296189357227,77.30545082222427,,"<a href=""https://m.stock.naver.com/domestic/stock/487570/total"" target=""_blank"">Naver</a>"
002710,TCC스틸,61.05327231165737,64.10574573055571,54.688457323363316,51.781194800886794,74.79182124788875,,"<a href=""https://m.stock.naver.com/domestic/stock/002710/total"" target=""_blank"">Naver</a>"
249420,일동제약,61.01027187933618,77.27159373057673,27.31540393274796,38.23895191416874,79.89138932772563,,"<a href=""https://m.stock.naver.com/domestic/stock/249420/total"" target=""_blank"">Naver</a>"
210540,디와이파워,60.91689332476447,52.96635147483926,61.9380729838077,99.42687438045533,74.1975351172692,,"<a href=""https://m.stock.naver.com/domestic/stock/210540/total"" target=""_blank"">Naver</a>"
489790,한화비전,60.859004470892515,66.66666666666667,44.57265323977029,68.5290949745555,57.258633269887916,,"<a href=""https://m.stock.naver.com/domestic/stock/489790/total"" target=""_blank"">Naver</a>"
009970,영원무역홀딩스,60.84534563213267,50.17030306081526,73.22348466462329,99.2056451286303,50.334562332493306,,"<a href=""https://m.stock.naver.com/domestic/stock/009970/total"" target=""_blank"">Naver</a>"
484870,엠앤씨솔루션,60.8317340646474,50.0,76.86968767152545,86.21042018678281,59.86540256175506,,"<a href=""https://m.stock.naver.com/domestic/stock/484870/total"" target=""_blank"">Naver</a>"
000540,흥국화재,60.80205045175168,50.0,92.54153514034005,66.66666666666667,20.0,,"<a href=""https://m.stock.naver.com/domestic/stock/000540/total"" target=""_blank"">Naver</a>"
005380,현대차,60.57056530429621,52.81094659634189,67.21840108996246,80.95677948745401,79.67438250510115,,"<a href=""https://m.stock.naver.com/domestic/stock/005380/total"" target=""_blank"">Naver</a>"
001270,부국증권,60.520953140632535,64.34617168265885,70.3196671908156,33.333333333333336,20.0,,"<a href=""https://m.stock.naver.com/domestic/stock/001270/total"" target=""_blank"">Naver</a>"
011810,STX,60.371415466655485,66.9034388338568,50.76288585705226,41.07146462560426,68.62968479035844,,"<a href=""https://m.stock.naver.com/domestic/stock/011810/total"" target=""_blank"">Naver</a>"
018470,조일알미늄,60.31318136464894,50.0,85.50248476625086,74.9640574606549,28.823088540414695,,"<a href=""https://m.stock.naver.com/domestic/stock/018470/total"" target=""_blank"">Naver</a>"
375500,DL이앤씨,60.27299393358235,58.852697900340026,51.57232578641713,80.83155092771158,79.70277308005788,,"<a href=""https://m.stock.naver.com/domestic/stock/375500/total"" target=""_blank"">Naver</a>"
003460,유화증권,60.23953281814972,50.0,83.47762892938717,83.7012558580293,20.0,,"<a href=""https://m.stock.naver.com/domestic/stock/003460/total"" target=""_blank"">Naver</a>"
178920,PI첨단소재,60.222422435026864,50.0,70.3716533644105,93.84803594590527,64.89410998667405,,"<a href=""https://m.stock.naver.com/domestic/stock/178920/total"" target=""_blank"">Naver</a>"
010600,웰바이오텍,60.20928146161887,74.8884210256645,12.580158118794756,72.56818595278824,97.48741442485331,,"<a href=""https://m.stock.naver.com/domestic/stock/010600/total"" target=""_blank"">Naver</a>"
078520,에이블씨엔씨,60.20808436992593,50.1510214019213,68.90302768067889,92.46551542771624,72.9032613166361,,"<a href=""https://m.stock.naver.com/domestic/stock/078520/total"" target=""_blank"">Naver</a>"
002170,삼양통상,60.1409811906003,56.97815493951092,60.49525323277416,85.27418738717911,46.05712359964588,,"<a href=""https://m.stock.naver.com/domestic/stock/002170/total"" target=""_blank"">Naver</a>"
009770,삼정펄프,60.084506468588884,50.0,74.95848355677528,74.61169889336982,77.67431380116157,,"<a href=""https://m.stock.naver.com/domestic/stock/009770/total"" target=""_blank"">Naver</a>"
111770,영원무역,60.072389641825076,51.9557669251445,65.60479301365353,99.02303992242622,51.908544821647425,,"<a href=""https://m.stock.naver.com/domestic/stock/111770/total"" target=""_blank"">Naver</a>"
017900,광전자,60.056842279683444,55.6202780996669,54.624889812484845,99.7239563801619,61.1211465749181,,"<a href=""https://m.stock.naver.com/domestic/stock/017900/total"" target=""_blank"">Naver</a>"
357120,코람코라이프인프라리츠,60.055580524750866,50.0,84.7355637102541,58.71689597187343,60.0,,"<a href=""https://m.stock.naver.com/domestic/stock/357120/total"" target=""_blank"">Naver</a>"
003010,혜인,60.04174252729947,50.0,86.04859221723622,74.60417283435464,21.383543791099186,,"<a href=""https://m.stock.naver.com/domestic/stock/003010/total"" target=""_blank"">Naver</a>"
003540,대신증권,60.001019173115964,64.43903086934789,54.68373593936225,66.66666666666667,20.0,,"<a href=""https://m.stock.naver.com/domestic/stock/003540/total"" target=""_blank"">Naver</a>"
272450,진에어,59.976272519479934,50.0,78.4166810050758,66.53067729410216,74.38069077601523,,"<a href=""https://m.stock.naver.com/domestic/stock/272450/total"" target=""_blank"">Naver</a>"
007160,사조산업,59.938831540745795,66.16240362483056,45.114046980819076,50.49184947220967,78.27385346843451,,"<a href=""https://m.stock.naver.com/domestic/stock/007160/total"" target=""_blank"">Naver</a>"
013700,까뮤이앤씨,59.928075209439825,80.09975311121451,11.724571057894911,54.0258069072787,70.68999775019049,,"<a href=""https://m.stock.naver.com/domestic/stock/013700/total"" target=""_blank"">Naver</a>"
024090,디씨엠,59.838735279534106,50.0,63.519603989940826,99.6450615197622,79.88656260145346,,"<a href=""https://m.stock.naver.com/domestic/stock/024090/total"" target=""_blank"">Naver</a>"
031210,서울보증보험,59.80979397687395,50.0,77.48245448478143,94.39180355678583,20.0,,"<a href=""https://m.stock.naver.com/domestic/stock/031210/total"" target=""_blank"">Naver</a>"
093050,LF,59.783349167170456,55.72526514630905,57.553787951316025,92.54139634464543,54.11206914182961,,"<a href=""https://m.stock.naver.com/domestic/stock/093050/total"" target=""_blank"">Naver</a>"
016710,대성홀딩스,59.77874789928243,57.240040835501325,52.99286809039992,78.34900510040002,87.03211730683304,,"<a href=""https://m.stock.naver.com/domestic/stock/016710/total"" target=""_blank"">Naver</a>"
383220,F&F,59.741873278738794,40.99821755419572,92.01198047067895,91.86623622932179,59.06648011238881,,"<a href=""https://m.stock.naver.com/domestic/stock/383220/total"" target=""_blank"">Naver</a>"
028100,동아지질,59.72869674049977,56.789719909433806,50.46445064220243,88.32085983678333,84.13332301221101,,"<a href=""https://m.stock.naver.com/domestic/stock/028100/total"" target=""_blank"">Naver</a>"
011210,현대위아,59.62511957210209,56.506266610973114,50.15592956064507,90.35887427264265,82.92979576185394,,"<a href=""https://m.stock.naver.com/domestic/stock/011210/total"" target=""_blank"">Naver</a>"
013000,세우글로벌,59.50675852994854,50.0,64.76308996798501,94.9979631411158,76.32379447681414,,"<a href=""https://m.stock.naver.com/domestic/stock/013000/total"" target=""_blank"">Naver</a>"
293480,하나제약,59.392432367371214,50.0,68.65023526091959,99.41105930223995,45.77535243834635,,"<a href=""https://m.stock.naver.com/domestic/stock/293480/total"" target=""_blank"">Naver</a>"
008260,NI스틸,59.35940372928126,50.0,73.29850577655036,72.02970532021632,76.63613506244073,,"<a href=""https://m.stock.naver.com/domestic/stock/008260/total"" target=""_blank"">Naver</a>"
010640,진양폴리,59.24678685585402,50.0,63.84246271017833,90.37439095524465,84.97464165569956,,"<a href=""https://m.stock.naver.com/domestic/stock/010640/total"" target=""_blank"">Naver</a>"
004890,동일산업,59.19431319965274,60.91228561799672,47.85497947837729,74.65982750203031,64.344284181147,,"<a href=""https://m.stock.naver.com/domestic/stock/004890/total"" target=""_blank"">Naver</a>"
026960,동서,58.953115083164164,43.41282280943866,78.03875829732473,99.88661737730757,68.14140170878044,,"<a href=""https://m.stock.naver.com/domestic/stock/026960/total"" target=""_blank"">Naver</a>"
014710,사조씨푸드,58.9274747482675,56.84756745382546,56.95027858537338,70.10972500201552,71.40784258854646,,"<a href=""https://m.stock.naver.com/domestic/stock/014710/total"" target=""_blank"">Naver</a>"
011420,갤럭시아에스엠,58.88490873021432,50.0,64.92752753724064,99.72748468743589,53.605567543211464,,"<a href=""https://m.stock.naver.com/domestic/stock/011420/total"" target=""_blank"">Naver</a>"
348950,제이알글로벌리츠,58.86966670839354,50.0,82.56533088541262,56.094166975768154,52.378345789271364,,"<a href=""https://m.stock.naver.com/domestic/stock/348950/total"" target=""_blank"">Naver</a>"
005690,파미셀,58.81951945041191,50.0,65.893373492192,99.62907016798006,47.66538121131822,,"<a href=""https://m.stock.naver.com/domestic/stock/005690/total"" target=""_blank"">Naver</a>"
004700,조광피혁,58.787720206188844,50.0,64.35521375879462,100.0,53.978335329803826,,"<a href=""https://m.stock.naver.com/domestic/stock/004700/total"" target=""_blank"">Naver</a>"
028260,삼성물산,58.762690981583155,50.43382939769015,63.03626522667213,91.70221264003406,71.46211544595243,,"<a href=""https://m.stock.naver.com/domestic/stock/028260/total"" target=""_blank"">Naver</a>"
350520,이지스레지던스리츠,58.745242129350004,50.0,82.95446999079229,70.0662463165193,20.0,,"<a href=""https://m.stock.naver.com/domestic/stock/350520/total"" target=""_blank"">Naver</a>"
417310,코람코더원리츠,58.740394586638686,50.0,81.64602964312705,57.79080779845645,50.99612792022551,,"<a href=""https://m.stock.naver.com/domestic/stock/417310/total"" target=""_blank"">Naver</a>"
023960,에쓰씨엔지니어링,58.670106889238326,55.697167694570375,53.549009354682376,72.01939648361426,93.25228570928178,,"<a href=""https://m.stock.naver.com/domestic/stock/023960/total"" target=""_blank"">Naver</a>"
002100,경농,58.670053370291996,49.991371245585036,74.4210016347598,80.86952126668375,39.660561751653006,,"<a href=""https://m.stock.naver.com/domestic/stock/002100/total"" target=""_blank"">Naver</a>"
001120,LX인터내셔널,58.64494413620598,57.71977472162646,53.33228449529577,60.65651604892892,92.28713149026552,,"<a href=""https://m.stock.naver.com/domestic/stock/001120/total"" target=""_blank"">Naver</a>"
002620,제일파마홀딩스,58.62119122405677,74.81368598950561,15.505365406119166,61.44026429163912,74.2522369931942,,"<a href=""https://m.stock.naver.com/domestic/stock/002620/total"" target=""_blank"">Naver</a>"
017390,서울가스,58.61746871498584,60.009472357388624,44.48871387019192,70.76013788453595,88.27186089102184,,"<a href=""https://m.stock.naver.com/domestic/stock/017390/total"" target=""_blank"">Naver</a>"
357430,마스턴프리미어리츠,58.58958958885373,50.0,81.35705205474875,72.50326575166541,20.0,,"<a href=""https://m.stock.naver.com/domestic/stock/357430/total"" target=""_blank"">Naver</a>"
005390,신성통상,58.58011185034464,50.0,67.24886621205803,76.57068842011618,82.21652910637039,,"<a href=""https://m.stock.naver.com/domestic/stock/005390/total"" target=""_blank"">Naver</a>"
009680,모토닉,58.577884367164096,46.349834235286494,67.47522910043362,99.67670043133332,78.6301301550092,,"<a href=""https://m.stock.naver.com/domestic/stock/009680/total"" target=""_blank"">Naver</a>"
023450,동남합성,58.55017180755358,50.0,60.65611430063391,88.48863365675537,90.74559733439152,,"<a href=""https://m.stock.naver.com/domestic/stock/023450/total"" target=""_blank"">Naver</a>"
005500,삼진제약,58.50086132068678,50.0,70.52051858370085,84.25391185386503,48.906809787501444,,"<a href=""https://m.stock.naver.com/domestic/stock/005500/total"" target=""_blank"">Naver</a>"
000140,하이트진로홀딩스,58.4275821912566,59.48674170826116,59.722166201527976,44.58285366712354,66.9342049841112,,"<a href=""https://m.stock.naver.com/domestic/stock/000140/total"" target=""_blank"">Naver</a>"
404990,신한서부티엔디리츠,58.421804889580365,50.0,83.1330497341459,48.65197144245051,55.46690623597667,,"<a href=""https://m.stock.naver.com/domestic/stock/404990/total"" target=""_blank"">Naver</a>"
071050,한국금융지주,58.39258694754801,63.032774503475764,64.70947338372547,33.95553899531192,20.0,,"<a href=""https://m.stock.naver.com/domestic/stock/071050/total"" target=""_blank"">Naver</a>"
001420,태원물산,58.347005971023165,50.0,69.69477866604456,74.54369848130719,69.37882912762623,,"<a href=""https://m.stock.naver.com/domestic/stock/001420/total"" target=""_blank"">Naver</a>"
079980,휴비스,58.31703592202616,79.349312223572,9.89252103853172,39.294834866551305,86.09669683189792,,"<a href=""https://m.stock.naver.com/domestic/stock/079980/total"" target=""_blank"">Naver</a>"
088260,이리츠코크렙,58.30494382478568,50.0,80.93239781847454,70.71844370167045,20.0,,"<a href=""https://m.stock.naver.com/domestic/stock/088260/total"" target=""_blank"">Naver</a>"
006800,미래에셋증권,58.29332786622562,65.21504783813998,59.32386332003318,33.333333333333336,20.0,,"<a href=""https://m.stock.naver.com/domestic/stock/006800/total"" target=""_blank"">Naver</a>"
102260,동성케미컬,58.28665252618601,48.71277291891793,67.91799858285538,90.16948922645439,61.250804129519466,,"<a href=""https://m.stock.naver.com/domestic/stock/102260/total"" target=""_blank"">Naver</a>"
035420,NAVER,58.15554780523841,44.91941998673891,78.06148435148349,87.27863973601438,59.21321503445533,,"<a href=""https://m.stock.naver.com/domestic/stock/035420/total"" target=""_blank"">Naver</a>"
002630,오리엔트바이오,57.98824713941928,50.0,70.34152201447579,74.65063544426482,58.75606182747683,,"<a href=""https://m.stock.naver.com/domestic/stock/002630/total"" target=""_blank"">Naver</a>"
067830,세이브존I&C,57.98751706431694,50.0,61.430993499432454,89.46722760447513,73.6609185802263,,"<a href=""https://m.stock.naver.com/domestic/stock/067830/total"" target=""_blank"">Naver</a>"
192080,더블유게임즈,57.929101903268084,35.56316513862702,92.96762502554088,99.74319159979503,67.499548074543,,"<a href=""https://m.stock.naver.com/domestic/stock/192080/total"" target=""_blank"">Naver</a>"
264900,크라운제과,57.905271502215705,50.0,57.069145626558104,91.95132734120077,88.85704722912195,,"<a href=""https://m.stock.naver.com/domestic/stock/264900/total"" target=""_blank"">Naver</a>"
020120,키다리스튜디오,57.84912998774054,65.74909912142182,32.23529359946128,62.650120364305664,81.51670157183119,,"<a href=""https://m.stock.naver.com/domestic/stock/020120/total"" target=""_blank"">Naver</a>"
004560,현대비앤지스틸,57.73914261164598,53.437477810910515,52.42667595430939,90.70513115768321,69.98947641508005,,"<a href=""https://m.stock.naver.com/domestic/stock/004560/total"" target=""_blank"">Naver</a>"
000950,전방,57.7128400792401,55.932789444984536,62.046442389798806,74.75698348576532,23.31714932446297,,"<a href=""https://m.stock.naver.com/domestic/stock/000950/total"" target=""_blank"">Naver</a>"
034310,NICE,57.6327274451328,54.28971616036282,56.90942014689523,71.31120193731283,74.00845036920035,,"<a href=""https://m.stock.naver.com/domestic/stock/034310/total"" target=""_blank"">Naver</a>"
008040,사조동아원,57.62722857804569,50.0,60.511859008253985,84.89008098536556,80.20511454891263,,"<a href=""https://m.stock.naver.com/domestic/stock/008040/total"" target=""_blank"">Naver</a>"
381970,케이카,57.540601866407066,50.0,61.50260887531859,75.63558504594167,92.02782285966495,,"<a href=""https://m.stock.naver.com/domestic/stock/381970/total"" target=""_blank"">Naver</a>"
003280,흥아해운,57.51941891981867,39.43959775981818,85.26928834661,84.23420005414859,82.29836343720808,,"<a href=""https://m.stock.naver.com/domestic/stock/003280/total"" target=""_blank"">Naver</a>"
023590,다우기술,57.48407116214347,53.28700372451318,68.95088961026778,45.19544727012258,75.09203595712715,,"<a href=""https://m.stock.naver.com/domestic/stock/023590/total"" target=""_blank"">Naver</a>"
267850,아시아나IDT,57.470853846071726,50.0,58.8043506786934,88.66820752368623,78.05890848059502,,"<a href=""https://m.stock.naver.com/domestic/stock/267850/total"" target=""_blank"">Naver</a>"
025860,남해화학,57.4678129019571,52.48003683803216,47.93598782185436,96.83012970447902,86.25561746452614,,"<a href=""https://m.stock.naver.com/domestic/stock/025860/total"" target=""_blank"">Naver</a>"
032350,롯데관광개발,57.41974636996809,76.75343632010895,22.208842607082985,27.5,61.3094785226396,,"<a href=""https://m.stock.naver.com/domestic/stock/032350/total"" target=""_blank"">Naver</a>"
037560,LG헬로비전,57.409015444156985,71.89160640861392,16.749752548683187,59.06486916161853,83.60253091311975,,"<a href=""https://m.stock.naver.com/domestic/stock/037560/total"" target=""_blank"">Naver</a>"
017940,E1,57.356865338345486,60.47226718938416,47.733565440813045,49.59793490174954,83.60640348673552,,"<a href=""https://m.stock.naver.com/domestic/stock/017940/total"" target=""_blank"">Naver</a>"
330590,롯데리츠,57.32918425231451,50.0,76.68889227999621,54.8505175107251,53.43818862485909,,"<a href=""https://m.stock.naver.com/domestic/stock/330590/total"" target=""_blank"">Naver</a>"
093370,후성,57.279979170294695,74.73502815283061,13.2545678211898,55.193866295584776,72.11867387480811,,"<a href=""https://m.stock.naver.com/domestic/stock/093370/total"" target=""_blank"">Naver</a>"
001800,오리온홀딩스,57.261924745568294,40.078559620415824,77.72305514359323,98.95474747770372,77.7710087930025,,"<a href=""https://m.stock.naver.com/domestic/stock/001800/total"" target=""_blank"">Naver</a>"
007570,일양약품,57.18698843148846,55.235593769640595,54.67399786026419,74.06328631788747,59.416081456986284,,"<a href=""https://m.stock.naver.com/domestic/stock/007570/total"" target=""_blank"">Naver</a>"
034590,인천도시가스,57.18137672304334,50.0,53.045624397237475,91.74612231589934,94.90716784288077,,"<a href=""https://m.stock.naver.com/domestic/stock/034590/total"" target=""_blank"">Naver</a>"
004690,삼천리,57.13797993631488,54.56222259743355,49.90826665110401,73.75886095349736,90.95387239458017,,"<a href=""https://m.stock.naver.com/domestic/stock/004690/total"" target=""_blank"">Naver</a>"
016090,대현,57.13183646940474,50.0,58.57619693348576,99.66653631064116,50.4226720993836,,"<a href=""https://m.stock.naver.com/domestic/stock/016090/total"" target=""_blank"">Naver</a>"
023000,삼원강재,57.099536468466916,50.0,53.20520183125817,99.59945306640635,76.76581408023476,,"<a href=""https://m.stock.naver.com/domestic/stock/023000/total"" target=""_blank"">Naver</a>"
064960,SNT모티브,57.09213324431097,42.59475957781648,71.82587193279208,99.27979498250228,73.01660032345671,,"<a href=""https://m.stock.naver.com/domestic/stock/064960/total"" target=""_blank"">Naver</a>"
130660,한전산업,56.88733242698601,47.21937588526482,58.28057998105052,93.09400740214788,93.52322320699415,,"<a href=""https://m.stock.naver.com/domestic/stock/130660/total"" target=""_blank"">Naver</a>"
029780,삼성카드,56.83222280107138,50.011621474887825,80.13489165153162,57.91527003255779,20.0,,"<a href=""https://m.stock.naver.com/domestic/stock/029780/total"" target=""_blank"">Naver</a>"
011090,에넥스,56.73641251379084,54.95759319383129,53.6410245772179,56.56018514089149,93.91163878196875,,"<a href=""https://m.stock.naver.com/domestic/stock/011090/total"" target=""_blank"">Naver</a>"
039490,키움증권,56.73091182314373,31.490610386644235,100.0,100.0,,,"<a href=""https://m.stock.naver.com/domestic/stock/039490/total"" target=""_blank"">Naver</a>"
308170,씨티알모빌리티,56.6125854149928,72.31266847904989,22.946492994956383,31.253515509455,87.26019055756538,,"<a href=""https://m.stock.naver.com/domestic/stock/308170/total"" target=""_blank"">Naver</a>"
155660,DSR,56.530248018996154,51.963898713246266,56.534507448126725,81.08087764375173,62.20388329283073,,"<a href=""https://m.stock.naver.com/domestic/stock/155660/total"" target=""_blank"">Naver</a>"
035720,카카오,56.52304514414633,58.63450511961921,44.70208691756975,69.17228852780092,64.9918298040455,,"<a href=""https://m.stock.naver.com/domestic/stock/035720/total"" target=""_blank"">Naver</a>"
005870,휴니드,56.468205681766726,50.0,55.64312028004272,98.52750357126257,54.09350509259566,,"<a href=""https://m.stock.naver.com/domestic/stock/005870/total"" target=""_blank"">Naver</a>"
093240,형지엘리트,56.410389786725986,50.0,59.321369443126656,82.81140939325888,65.97812973236866,,"<a href=""https://m.stock.naver.com/domestic/stock/093240/total"" target=""_blank"">Naver</a>"
010660,화천기계,56.39490595555493,50.0,48.10210033268536,98.23152273027054,90.92457198713075,,"<a href=""https://m.stock.naver.com/domestic/stock/010660/total"" target=""_blank"">Naver</a>"
005430,한국공항,56.393604185684104,43.000690886183484,64.412952685474,99.2081610262342,91.38270759964186,,"<a href=""https://m.stock.naver.com/domestic/stock/005430/total"" target=""_blank"">Naver</a>"
005610,SPC삼립,56.388289389174396,47.572623956677155,61.26200059771187,78.4847849111623,93.6147274924781,,"<a href=""https://m.stock.naver.com/domestic/stock/005610/total"" target=""_blank"">Naver</a>"
011690,와이투솔루션,56.37967554420365,50.0,52.89527091871745,99.62567297768327,63.865810335119264,,"<a href=""https://m.stock.naver.com/domestic/stock/011690/total"" target=""_blank"">Naver</a>"
013520,화승코퍼레이션,56.34331349298098,51.10575466232609,62.68438484710427,58.66655866231452,82.84217235155613,,"<a href=""https://m.stock.naver.com/domestic/stock/013520/total"" target=""_blank"">Naver</a>"
058430,포스코스틸리온,56.131158057567625,47.1757991040536,57.5939801664415,90.42133539719211,87.70100027611763,,"<a href=""https://m.stock.naver.com/domestic/stock/058430/total"" target=""_blank"">Naver</a>"
005820,원림,56.10266525734905,50.589439040587415,49.93943763822775,99.46866040589552,66.34552765700217,,"<a href=""https://m.stock.naver.com/domestic/stock/005820/total"" target=""_blank"">Naver</a>"
323410,카카오뱅크,56.064626675199314,50.0,86.72868785044214,33.824547125887726,20.0,,"<a href=""https://m.stock.naver.com/domestic/stock/323410/total"" target=""_blank"">Naver</a>"
357250,미래에셋맵스리츠,56.060586879156034,50.0,80.23702875918637,50.01329689359437,20.0,,"<a href=""https://m.stock.naver.com/domestic/stock/357250/total"" target=""_blank"">Naver</a>"
006380,카프로,56.02808385662153,50.0,66.66666666666667,62.87711330167446,61.47411719574814,,"<a href=""https://m.stock.naver.com/domestic/stock/006380/total"" target=""_blank"">Naver</a>"
012510,더존비즈온,56.003739696094314,38.97583807174266,81.01933507158147,84.36122400423059,78.54561369460578,,"<a href=""https://m.stock.naver.com/domestic/stock/012510/total"" target=""_blank"">Naver</a>"
015360,INVENI,55.912610426700844,53.662515693457784,51.598775184508234,63.72874339140466,88.85065750717307,,"<a href=""https://m.stock.naver.com/domestic/stock/015360/total"" target=""_blank"">Naver</a>"
000270,기아,55.883582003328016,39.0905127974953,75.27311378900754,91.78458755647779,88.65074243862345,,"<a href=""https://m.stock.naver.com/domestic/stock/000270/total"" target=""_blank"">Naver</a>"
082740,한화엔진,55.796462431965644,50.0,70.34107519552136,48.935750868955694,66.35237092379485,,"<a href=""https://m.stock.naver.com/domestic/stock/082740/total"" target=""_blank"">Naver</a>"
104700,한국철강,55.779959716857164,50.0,47.75602181869351,99.72632532078161,77.36643460211236,,"<a href=""https://m.stock.naver.com/domestic/stock/104700/total"" target=""_blank"">Naver</a>"
035150,백산,55.77772413629802,36.89729555341501,82.41528807253337,91.06079751564691,78.58890069101953,,"<a href=""https://m.stock.naver.com/domestic/stock/035150/total"" target=""_blank"">Naver</a>"
005420,코스모화학,55.73593560405829,72.30234322614332,16.31850997429604,52.270607007533776,60.95682948089826,,"<a href=""https://m.stock.naver.com/domestic/stock/005420/total"" target=""_blank"">Naver</a>"
024110,기업은행,55.71561933772733,54.63303799924302,87.74318615272608,0.0,20.0,,"<a href=""https://m.stock.naver.com/domestic/stock/024110/total"" target=""_blank"">Naver</a>"
047050,포스코인터내셔널,55.706676168529505,55.87103747701823,47.94318695459323,58.57625409215425,86.81263068909686,,"<a href=""https://m.stock.naver.com/domestic/stock/047050/total"" target=""_blank"">Naver</a>"
083420,그린케미칼,55.691652122367316,50.0,52.82847414058042,80.29992703696863,89.09081767050688,,"<a href=""https://m.stock.naver.com/domestic/stock/083420/total"" target=""_blank"">Naver</a>"
004270,남성,55.68428210876329,60.99030960144026,48.88511963420466,45.402915191559245,46.57049840384096,,"<a href=""https://m.stock.naver.com/domestic/stock/004270/total"" target=""_blank"">Naver</a>"
068290,삼성출판사,55.64530299697967,50.0,65.01613901360159,74.54390380263817,38.737557266309175,,"<a href=""https://m.stock.naver.com/domestic/stock/068290/total"" target=""_blank"">Naver</a>"
001750,한양증권,55.611251542172674,57.670753185625436,66.1585434833509,33.333333333333336,22.716608532527125,,"<a href=""https://m.stock.naver.com/domestic/stock/001750/total"" target=""_blank"">Naver</a>"
448730,삼성FN리츠,55.47603651293725,50.0,64.22370627614636,73.69084228866132,41.02051430069064,,"<a href=""https://m.stock.naver.com/domestic/stock/448730/total"" target=""_blank"">Naver</a>"
377190,디앤디플랫폼리츠,55.47431146006594,50.0,76.31458244727138,44.50253091304925,38.908255138863424,,"<a href=""https://m.stock.naver.com/domestic/stock/377190/total"" target=""_blank"">Naver</a>"
000700,유수홀딩스,55.46521252558795,44.66407831864433,58.6897816042792,99.50574359069066,80.87491548524976,,"<a href=""https://m.stock.naver.com/domestic/stock/000700/total"" target=""_blank"">Naver</a>"
018500,동원금속,55.38975887420739,50.0,64.80670991233195,48.34263430585035,87.07635931078723,,"<a href=""https://m.stock.naver.com/domestic/stock/018500/total"" target=""_blank"">Naver</a>"
010580,에스엠벡셀,55.25504217331727,50.0,45.43428405629184,94.10323477447285,89.72295363594061,,"<a href=""https://m.stock.naver.com/domestic/stock/010580/total"" target=""_blank"">Naver</a>"
012280,영화금속,55.08933644638324,50.0,57.86176379256202,65.92209126502095,80.63372743481277,,"<a href=""https://m.stock.naver.com/domestic/stock/012280/total"" target=""_blank"">Naver</a>"
012690,모나리자,55.0294802220231,50.0,43.45859127745104,99.32778491154562,84.64107823011554,,"<a href=""https://m.stock.naver.com/domestic/stock/012690/total"" target=""_blank"">Naver</a>"
011500,한농화성,54.98499156195695,50.0,47.29890283347464,92.21621293148735,78.77289120879115,,"<a href=""https://m.stock.naver.com/domestic/stock/011500/total"" target=""_blank"">Naver</a>"
025820,이구산업,54.895258037679916,50.0,57.68314417293204,71.28982102747503,66.90979783398816,,"<a href=""https://m.stock.naver.com/domestic/stock/025820/total"" target=""_blank"">Naver</a>"
058860,KTis,54.86529628716794,50.0,51.467173090663415,73.86043438251218,92.24919152501737,,"<a href=""https://m.stock.naver.com/domestic/stock/058860/total"" target=""_blank"">Naver</a>"
007110,일신석재,54.86116540442686,50.0,49.33773816029543,88.14270099265177,74.2492153017565,,"<a href=""https://m.stock.naver.com/domestic/stock/007110/total"" target=""_blank"">Naver</a>"
009150,삼성전기,54.77394229686021,43.69302492900192,61.91199450998483,96.20580707159078,69.19096009607546,,"<a href=""https://m.stock.naver.com/domestic/stock/009150/total"" target=""_blank"">Naver</a>"
365550,ESR켄달스퀘어리츠,54.74799112856029,50.0,67.71750735092274,68.18614290829596,20.0,,"<a href=""https://m.stock.naver.com/domestic/stock/365550/total"" target=""_blank"">Naver</a>"
025890,한국주강,54.72149242818179,50.0,46.386569797271385,90.5948482586933,81.30730305989218,,"<a href=""https://m.stock.naver.com/domestic/stock/025890/total"" target=""_blank"">Naver</a>"
014580,태경비케이,54.64868252117924,38.21934721667759,73.795370608172,97.2881110693912,70.78840864381141,,"<a href=""https://m.stock.naver.com/domestic/stock/014580/total"" target=""_blank"">Naver</a>"
006090,사조오양,54.63280780899289,50.0,53.78251168333064,71.13849004211926,81.46661767896589,,"<a href=""https://m.stock.naver.com/domestic/stock/006090/total"" target=""_blank"">Naver</a>"
004370,농심,54.54779633346706,44.1109670444854,55.651807126447956,98.38477084982355,86.59574480362949,,"<a href=""https://m.stock.naver.com/domestic/stock/004370/total"" target=""_blank"">Naver</a>"
123700,SJM,54.508691509410326,42.295835121352546,67.08891310613706,99.41402741651565,48.35118836825937,,"<a href=""https://m.stock.naver.com/domestic/stock/123700/total"" target=""_blank"">Naver</a>"
025530,SJM홀딩스,54.45325716320294,43.24566099485028,65.06463253085374,99.42757901910366,45.9388906333792,,"<a href=""https://m.stock.naver.com/domestic/stock/025530/total"" target=""_blank"">Naver</a>"
026940,부국철강,54.40588199073049,50.0,43.32360198141757,99.59318899525755,72.3132519170069,,"<a href=""https://m.stock.naver.com/domestic/stock/026940/total"" target=""_blank"">Naver</a>"
001390,KG케미칼,54.39864439465407,49.88087414736801,52.990105693818656,69.93370720870882,84.58445523815435,,"<a href=""https://m.stock.naver.com/domestic/stock/001390/total"" target=""_blank"">Naver</a>"
451800,한화리츠,54.291082916945946,50.0,70.59834738215339,36.41496071407593,60.0,,"<a href=""https://m.stock.naver.com/domestic/stock/451800/total"" target=""_blank"">Naver</a>"
003490,대한항공,54.271044699139196,46.2970904038126,69.02370513846488,51.98634037753831,80.7646026896317,,"<a href=""https://m.stock.naver.com/domestic/stock/003490/total"" target=""_blank"">Naver</a>"
307950,현대오토에버,54.20939325819803,43.8564120806765,56.41642105349016,97.2240196133372,81.38077570171731,,"<a href=""https://m.stock.naver.com/domestic/stock/307950/total"" target=""_blank"">Naver</a>"
010690,화신,54.17643739318753,50.577465399066625,54.31863488143647,59.30852763778854,86.38893339219149,,"<a href=""https://m.stock.naver.com/domestic/stock/010690/total"" target=""_blank"">Naver</a>"
446070,유니드비티플러스,54.12563014996975,50.0,48.680539283050074,79.12633382988564,80.85723892437328,,"<a href=""https://m.stock.naver.com/domestic/stock/446070/total"" target=""_blank"">Naver</a>"
101140,인바이오젠,54.080378815869686,50.0,56.7245075311133,74.95474201656133,48.07555462870472,,"<a href=""https://m.stock.naver.com/domestic/stock/101140/total"" target=""_blank"">Naver</a>"
010820,퍼스텍,54.00706073736486,50.0,63.01056623071232,50.96989571919871,63.14859215533821,,"<a href=""https://m.stock.naver.com/domestic/stock/010820/total"" target=""_blank"">Naver</a>"
063160,종근당바이오,53.97582351348648,50.0,58.9288832961252,69.63779070589469,45.59647237731419,,"<a href=""https://m.stock.naver.com/domestic/stock/063160/total"" target=""_blank"">Naver</a>"
008870,금비,53.88028391770963,50.0,52.22916004988974,70.11863223235933,76.22261364002533,,"<a href=""https://m.stock.naver.com/domestic/stock/008870/total"" target=""_blank"">Naver</a>"
334890,이지스밸류플러스리츠,53.81097837710766,50.0,65.40348857418178,64.60106233562216,20.0,,"<a href=""https://m.stock.naver.com/domestic/stock/334890/total"" target=""_blank"">Naver</a>"
009140,경인전자,53.689825411405806,54.80850182235756,42.45828258297889,74.80794768911781,54.18717806669548,,"<a href=""https://m.stock.naver.com/domestic/stock/009140/total"" target=""_blank"">Naver</a>"
016880,웅진,53.68457447918229,47.89353189225681,68.55136449580749,34.826210979122756,86.55986243928113,,"<a href=""https://m.stock.naver.com/domestic/stock/016880/total"" target=""_blank"">Naver</a>"
002350,넥센타이어,53.68376959040087,51.0659879539456,57.37183187906637,62.28474791811648,49.454881129105374,,"<a href=""https://m.stock.naver.com/domestic/stock/002350/total"" target=""_blank"">Naver</a>"
005070,코스모신소재,53.66857807563499,50.0,51.56358438563624,77.29194516545475,60.969749253609166,,"<a href=""https://m.stock.naver.com/domestic/stock/005070/total"" target=""_blank"">Naver</a>"
053210,스카이라이프,53.61994287863101,65.01892417339208,13.448168395456447,69.21990716316151,86.49111118831004,,"<a href=""https://m.stock.naver.com/domestic/stock/053210/total"" target=""_blank"">Naver</a>"
003030,세아제강지주,53.47848296700448,47.99125755948913,53.49349726653088,83.62989497636954,58.94729234082673,,"<a href=""https://m.stock.naver.com/domestic/stock/003030/total"" target=""_blank"">Naver</a>"
457190,이수스페셜티케미컬,53.455711634961645,50.0,56.61197304393068,54.414139742732594,77.22608799411425,,"<a href=""https://m.stock.naver.com/domestic/stock/457190/total"" target=""_blank"">Naver</a>"
122900,아이마켓코리아,53.35133443672537,46.995459189040126,52.71141683303515,74.198081119011,91.12793206282824,,"<a href=""https://m.stock.naver.com/domestic/stock/122900/total"" target=""_blank"">Naver</a>"
002700,신일전자,53.26913016486238,50.0,44.9797021891549,77.21385761480197,86.05637712186919,,"<a href=""https://m.stock.naver.com/domestic/stock/002700/total"" target=""_blank"">Naver</a>"
092440,기신정기,53.21001843731942,50.0,43.9515323643926,99.85775185168231,44.727203221060854,,"<a href=""https://m.stock.naver.com/domestic/stock/092440/total"" target=""_blank"">Naver</a>"
008490,서흥,53.17710693372864,50.797262526808105,53.0784526762337,69.37038249538313,49.84195998094077,,"<a href=""https://m.stock.naver.com/domestic/stock/008490/total"" target=""_blank"">Naver</a>"
011760,현대코퍼레이션,53.09901204811737,46.14902735874035,57.98007817997124,64.5393718270322,89.21277810354273,,"<a href=""https://m.stock.naver.com/domestic/stock/011760/total"" target=""_blank"">Naver</a>"
001060,JW중외제약,53.03606971375292,35.372416289740976,76.49977917691693,88.48692792250515,76.77964706857176,,"<a href=""https://m.stock.naver.com/domestic/stock/001060/total"" target=""_blank"">Naver</a>"
001230,동국홀딩스,52.96513392439885,48.387648528954024,45.07093723927471,86.96584553225527,79.36451887964463,,"<a href=""https://m.stock.naver.com/domestic/stock/001230/total"" target=""_blank"">Naver</a>"
460860,동국제강,52.78746015778556,50.0,46.1040246381334,71.27746360154546,82.67415276195317,,"<a href=""https://m.stock.naver.com/domestic/stock/460860/total"" target=""_blank"">Naver</a>"
298690,에어부산,52.769445951715916,50.0,55.03855834154999,46.640427404167696,86.91527251823301,,"<a href=""https://m.stock.naver.com/domestic/stock/298690/total"" target=""_blank"">Naver</a>"
019170,신풍제약,52.761525789791754,68.87605144755692,7.001795859161728,73.7022533777891,46.304412373765345,,"<a href=""https://m.stock.naver.com/domestic/stock/019170/total"" target=""_blank"">Naver</a>"
030000,제일기획,52.7377909024185,39.60506398631802,65.11905941545213,88.4900744586378,76.91960421801755,,"<a href=""https://m.stock.naver.com/domestic/stock/030000/total"" target=""_blank"">Naver</a>"
033180,KH 필룩스,52.63452359050163,71.17859618590082,11.090221067292736,46.16333741737608,50.76953740800708,,"<a href=""https://m.stock.naver.com/domestic/stock/033180/total"" target=""_blank"">Naver</a>"
090080,평화산업,52.544256759333145,49.098481489073095,52.00084290852425,56.05961504281833,89.5799126895279,,"<a href=""https://m.stock.naver.com/domestic/stock/090080/total"" target=""_blank"">Naver</a>"
003070,코오롱글로벌,52.542893627840705,56.57099075018235,37.9830480806533,49.10484939696796,83.88104435742363,,"<a href=""https://m.stock.naver.com/domestic/stock/003070/total"" target=""_blank"">Naver</a>"
136490,선진,52.45151250284836,50.0,,67.16058751993847,,,"<a href=""https://m.stock.naver.com/domestic/stock/136490/total"" target=""_blank"">Naver</a>"
214390,경보제약,52.36685916993444,50.0,49.82523272309523,74.79838366325635,48.614252456699965,,"<a href=""https://m.stock.naver.com/domestic/stock/214390/total"" target=""_blank"">Naver</a>"
003680,한성기업,52.32607082328389,50.0,48.4919369249173,58.22673701669981,87.6082578076917,,"<a href=""https://m.stock.naver.com/domestic/stock/003680/total"" target=""_blank"">Naver</a>"
014160,대영포장,52.29747806419224,50.0,40.303212241925905,79.27486519266105,85.88376968889322,,"<a href=""https://m.stock.naver.com/domestic/stock/014160/total"" target=""_blank"">Naver</a>"
396690,미래에셋글로벌리츠,52.27485230927779,50.0,50.634476758306015,70.19847618196602,51.92771003009373,,"<a href=""https://m.stock.naver.com/domestic/stock/396690/total"" target=""_blank"">Naver</a>"
001290,상상인증권,52.27242048440138,85.45403414066897,0.0,0.0,20.0,,"<a href=""https://m.stock.naver.com/domestic/stock/001290/total"" target=""_blank"">Naver</a>"
020560,아시아나항공,52.23731093658598,63.277390953296354,28.028105817892556,31.046205886224904,83.18458643025062,,"<a href=""https://m.stock.naver.com/domestic/stock/020560/total"" target=""_blank"">Naver</a>"
293940,신한알파리츠,52.195953541759124,50.0,70.17058942382663,36.53306185802461,20.0,,"<a href=""https://m.stock.naver.com/domestic/stock/293940/total"" target=""_blank"">Naver</a>"
008420,문배철강,52.17280524333992,50.0,47.037615604322355,67.3877233287638,73.49258018765902,,"<a href=""https://m.stock.naver.com/domestic/stock/008420/total"" target=""_blank"">Naver</a>"
005720,넥센,52.13481369579086,46.88377487509165,57.9454201983713,67.97613864187849,54.411597139103776,,"<a href=""https://m.stock.naver.com/domestic/stock/005720/total"" target=""_blank"">Naver</a>"
010120,LS ELECTRIC,52.07227697611651,38.50525939103529,65.80346266312254,87.2982684502428,75.76857661380839,,"<a href=""https://m.stock.naver.com/domestic/stock/010120/total"" target=""_blank"">Naver</a>"
001770,SHD,51.85725733147893,50.0,43.6304117193969,72.57533927625536,73.84240948008322,,"<a href=""https://m.stock.naver.com/domestic/stock/001770/total"" target=""_blank"">Naver</a>"
006880,신송홀딩스,51.82104817560262,49.18061083349028,52.442377142914445,51.83561976876719,80.37050825806253,,"<a href=""https://m.stock.naver.com/domestic/stock/006880/total"" target=""_blank"">Naver</a>"
001550,조비,51.73340881498794,50.0,46.65558454986408,75.06919643880931,51.25186067281969,,"<a href=""https://m.stock.naver.com/domestic/stock/001550/total"" target=""_blank"">Naver</a>"
363280,티와이홀딩스,51.598110816671884,66.85241679569636,0.0,84.86660739254067,60.0,,"<a href=""https://m.stock.naver.com/domestic/stock/363280/total"" target=""_blank"">Naver</a>"
002900,TYM,51.54601653145444,50.32851418356538,47.98657683733753,65.11265880858923,56.819958622438236,,"<a href=""https://m.stock.naver.com/domestic/stock/002900/total"" target=""_blank"">Naver</a>"
005850,에스엘,51.504801294915,33.81289286645745,69.43182807437869,96.72874698596613,83.72467715698473,,"<a href=""https://m.stock.naver.com/domestic/stock/005850/total"" target=""_blank"">Naver</a>"
084690,대상홀딩스,51.448088514025265,46.41332883460631,49.73349722942975,70.33851059303984,82.65731693200114,,"<a href=""https://m.stock.naver.com/domestic/stock/084690/total"" target=""_blank"">Naver</a>"
008730,율촌화학,51.43193620802863,54.05842460217258,29.158971280497852,82.57122096248148,69.00033060704962,,"<a href=""https://m.stock.naver.com/domestic/stock/008730/total"" target=""_blank"">Naver</a>"
047400,유니온머티리얼,51.400071135683085,75.60508976096813,0.637428448127475,32.577350180124824,52.39850298115712,,"<a href=""https://m.stock.naver.com/domestic/stock/047400/total"" target=""_blank"">Naver</a>"
012610,경인양행,51.39838284925506,44.88687124826661,56.86455007429066,77.31958076093946,50.36329011256947,,"<a href=""https://m.stock.naver.com/domestic/stock/012610/total"" target=""_blank"">Naver</a>"
002780,진흥기업,51.249805428832644,50.0,40.2907846102132,68.84296342269295,85.85625868020104,,"<a href=""https://m.stock.naver.com/domestic/stock/002780/total"" target=""_blank"">Naver</a>"
004000,롯데정밀화학,51.2466910532407,50.709625982873526,39.84499446769551,75.36643436872333,66.46046819440755,,"<a href=""https://m.stock.naver.com/domestic/stock/004000/total"" target=""_blank"">Naver</a>"
395400,SK리츠,51.21887943511958,50.0,65.38383762956772,38.7292002772765,20.0,,"<a href=""https://m.stock.naver.com/domestic/stock/395400/total"" target=""_blank"">Naver</a>"
003120,일성아이에스,51.13023875270845,50.0,47.71449449449731,74.92375940378315,34.18478377411617,,"<a href=""https://m.stock.naver.com/domestic/stock/003120/total"" target=""_blank"">Naver</a>"
003520,영진약품,51.1085989220156,50.0,45.40397560115028,67.67918123575416,59.7937379630523,,"<a href=""https://m.stock.naver.com/domestic/stock/003520/total"" target=""_blank"">Naver</a>"
034220,LG디스플레이,51.079616222563004,68.3452821435397,6.2543482548827525,43.04225189351882,84.09269366733221,,"<a href=""https://m.stock.naver.com/domestic/stock/034220/total"" target=""_blank"">Naver</a>"
009810,플레이그램,51.05000411583608,52.19552238529212,35.86184325690533,68.5339955026183,78.2766064034529,,"<a href=""https://m.stock.naver.com/domestic/stock/009810/total"" target=""_blank"">Naver</a>"
023350,한국종합기술,51.04850519844233,50.0,46.02219377794635,51.11743536040113,88.62426435831253,,"<a href=""https://m.stock.naver.com/domestic/stock/023350/total"" target=""_blank"">Naver</a>"
007590,동방아그로,50.93603726705131,41.649107395763004,59.60877430903503,90.20146509539114,40.48465485591283,,"<a href=""https://m.stock.naver.com/domestic/stock/007590/total"" target=""_blank"">Naver</a>"
120110,코오롱인더,50.93357451361433,36.312982694092774,82.90046471233812,71.00402669145791,26.40532099856686,,"<a href=""https://m.stock.naver.com/domestic/stock/120110/total"" target=""_blank"">Naver</a>"
051910,LG화학,50.919819598909775,51.09244683142882,44.145596332185725,57.21389646775312,70.13125540461478,,"<a href=""https://m.stock.naver.com/domestic/stock/051910/total"" target=""_blank"">Naver</a>"
088790,진도,50.91881700713205,50.0,45.838455707690144,77.20729341729307,34.76947476960399,,"<a href=""https://m.stock.naver.com/domestic/stock/088790/total"" target=""_blank"">Naver</a>"
094280,효성ITX,50.84219448483181,38.15909281491121,60.57395898692929,82.42176276293269,91.22145545718975,,"<a href=""https://m.stock.naver.com/domestic/stock/094280/total"" target=""_blank"">Naver</a>"
024070,WISCOM,50.73694027218941,64.6590609865528,2.7762094631058853,74.52808618918148,75.8928539112621,,"<a href=""https://m.stock.naver.com/domestic/stock/024070/total"" target=""_blank"">Naver</a>"
001780,알루코,50.673460261656565,47.712842769827695,53.307667178516255,58.52236106158661,57.33203397944436,,"<a href=""https://m.stock.naver.com/domestic/stock/001780/total"" target=""_blank"">Naver</a>"
000810,삼성화재,50.48453488837551,33.772009653259616,91.90378985359966,62.45381633019815,20.0,,"<a href=""https://m.stock.naver.com/domestic/stock/000810/total"" target=""_blank"">Naver</a>"
004430,송원산업,50.46574342124692,42.03133534710695,56.0213832217982,82.44527922567204,59.94136969932002,,"<a href=""https://m.stock.naver.com/domestic/stock/004430/total"" target=""_blank"">Naver</a>"
028050,삼성E&A,50.22588341050201,34.472452446367534,71.0851864040377,82.52614331853566,70.3700201963698,,"<a href=""https://m.stock.naver.com/domestic/stock/028050/total"" target=""_blank"">Naver</a>"
005740,크라운해태홀딩스,50.15706839582597,40.54145844562698,58.14426093385921,69.51098398473343,86.9005939302329,,"<a href=""https://m.stock.naver.com/domestic/stock/005740/total"" target=""_blank"">Naver</a>"
051900,LG생활건강,50.0278625696554,38.24612712078841,54.976372503653806,98.61378987145015,69.49428368247763,,"<a href=""https://m.stock.naver.com/domestic/stock/051900/total"" target=""_blank"">Naver</a>"
361610,SK아이이테크놀로지,49.98655610220994,68.82297324996637,0.0,65.63194461616217,42.59155381227795,,"<a href=""https://m.stock.naver.com/domestic/stock/361610/total"" target=""_blank"">Naver</a>"
001210,금호전기,49.86822356459202,66.98356453600292,3.951489990878676,46.798852174089774,80.20654255723248,,"<a href=""https://m.stock.naver.com/domestic/stock/001210/total"" target=""_blank"">Naver</a>"
101530,해태제과식품,49.85475998181802,38.7112625548449,63.41249524809649,63.56984425586855,88.35788422600183,,"<a href=""https://m.stock.naver.com/domestic/stock/101530/total"" target=""_blank"">Naver</a>"
006040,동원산업,49.842584944185,43.13642193551032,50.63690458888694,85.59676292359518,54.836586865951034,,"<a href=""https://m.stock.naver.com/domestic/stock/006040/total"" target=""_blank"">Naver</a>"
034730,SK,49.83028827561486,47.598212000841535,48.46519330983599,52.153958282782085,78.79333838745463,,"<a href=""https://m.stock.naver.com/domestic/stock/034730/total"" target=""_blank"">Naver</a>"
003610,방림,49.7936603694806,50.0,37.03391668481968,74.44710941457163,61.809405136370245,,"<a href=""https://m.stock.naver.com/domestic/stock/003610/total"" target=""_blank"">Naver</a>"
192820,코스맥스,49.62201181479518,40.10495577518787,66.37066817311145,48.710265940123094,81.90689424784571,,"<a href=""https://m.stock.naver.com/domestic/stock/192820/total"" target=""_blank"">Naver</a>"
002020,코오롱,49.6033016828014,49.3956587661503,46.6275415562678,39.679616046986524,86.82118858691257,,"<a href=""https://m.stock.naver.com/domestic/stock/002020/total"" target=""_blank"">Naver</a>"
004450,삼화왕관,49.54863389037516,37.8171919832408,58.1111772072077,83.87016936374923,78.87014924507673,,"<a href=""https://m.stock.naver.com/domestic/stock/004450/total"" target=""_blank"">Naver</a>"
000400,롯데손해보험,49.44573597117058,50.0,47.893796690448184,50.0,,,"<a href=""https://m.stock.naver.com/domestic/stock/000400/total"" target=""_blank"">Naver</a>"
004310,현대약품,49.43096742124566,50.0,37.72802620222382,63.7231606145898,72.53289618461449,,"<a href=""https://m.stock.naver.com/domestic/stock/004310/total"" target=""_blank"">Naver</a>"
007280,한국특강,49.37234405846842,50.0,37.37130217299843,57.18004995663128,86.23027039111369,,"<a href=""https://m.stock.naver.com/domestic/stock/007280/total"" target=""_blank"">Naver</a>"
075180,새론오토모티브,49.362364800281405,45.54154517939647,44.09327112900686,74.71565381824226,70.85109057135156,,"<a href=""https://m.stock.naver.com/domestic/stock/075180/total"" target=""_blank"">Naver</a>"
007700,F&F홀딩스,49.361079573836925,29.36795017029911,78.80558108298379,93.67664002496424,53.425003968301695,,"<a href=""https://m.stock.naver.com/domestic/stock/007700/total"" target=""_blank"">Naver</a>"
005180,빙그레,49.30531783575512,29.984646899543094,68.53149132669563,97.39034617346863,88.85244494017007,,"<a href=""https://m.stock.naver.com/domestic/stock/005180/total"" target=""_blank"">Naver</a>"
002690,동일제강,49.258577310306926,50.0,33.61754637034801,74.70478460795395,67.67424513849053,,"<a href=""https://m.stock.naver.com/domestic/stock/002690/total"" target=""_blank"">Naver</a>"
001250,GS글로벌,49.25131725356261,39.75524143848242,52.6211883406109,76.80195648472501,91.2535931369585,,"<a href=""https://m.stock.naver.com/domestic/stock/001250/total"" target=""_blank"">Naver</a>"
003830,대한화섬,49.15168563842039,50.0,34.68852325345986,72.59621032894657,64.39867584321526,,"<a href=""https://m.stock.naver.com/domestic/stock/003830/total"" target=""_blank"">Naver</a>"
001530,DI동일,49.145226444825575,49.05887248579123,43.05754108872002,56.139734333673005,66.63088495607076,,"<a href=""https://m.stock.naver.com/domestic/stock/001530/total"" target=""_blank"">Naver</a>"
008770,호텔신라,49.07004116437466,54.96690752673114,18.826754351934948,68.41461577366944,90.83492965970595,,"<a href=""https://m.stock.naver.com/domestic/stock/008770/total"" target=""_blank"">Naver</a>"
138040,메리츠금융지주,49.02349965015124,42.280765623891206,69.66530864147883,44.432249518289176,35.90976327235772,,"<a href=""https://m.stock.naver.com/domestic/stock/138040/total"" target=""_blank"">Naver</a>"
009460,한창제지,49.004522315384136,50.0,44.2313962056813,40.68996606414514,77.55353315098593,,"<a href=""https://m.stock.naver.com/domestic/stock/009460/total"" target=""_blank"">Naver</a>"
007610,선도전기,48.9185041467642,60.114558784610715,23.290714741732888,42.76684970870599,55.00810439387904,,"<a href=""https://m.stock.naver.com/domestic/stock/007610/total"" target=""_blank"">Naver</a>"
004440,삼일씨엔에스,48.916364935477155,50.0,35.766749734226075,66.7192878566682,66.05497432507639,,"<a href=""https://m.stock.naver.com/domestic/stock/004440/total"" target=""_blank"">Naver</a>"
107590,미원홀딩스,48.88290633531504,35.25976041541468,60.635727768736075,85.55742419730396,80.24751448303648,,"<a href=""https://m.stock.naver.com/domestic/stock/107590/total"" target=""_blank"">Naver</a>"
400760,NH올원리츠,48.84580171372062,50.0,51.208453215011026,35.508205274729455,49.85735764989838,,"<a href=""https://m.stock.naver.com/domestic/stock/400760/total"" target=""_blank"">Naver</a>"
000320,노루홀딩스,48.825332896170245,33.72265206145046,62.8799201416301,89.20570859758256,79.02381528268376,,"<a href=""https://m.stock.naver.com/domestic/stock/000320/total"" target=""_blank"">Naver</a>"
001460,BYC,48.657259486995464,33.07404235230931,68.23301378678472,90.87891585488154,53.33378086851078,,"<a href=""https://m.stock.naver.com/domestic/stock/001460/total"" target=""_blank"">Naver</a>"
003530,한화투자증권,48.64349201559814,56.83860803814442,40.8279754375126,33.333333333333336,20.0,,"<a href=""https://m.stock.naver.com/domestic/stock/003530/total"" target=""_blank"">Naver</a>"
271940,일진하이솔루스,48.484853947032256,50.0,29.91144783373967,74.78890962986252,70.56202051222176,,"<a href=""https://m.stock.naver.com/domestic/stock/271940/total"" target=""_blank"">Naver</a>"
465770,STX그린로지스,48.330420786061296,33.333333333333336,82.4579440409939,39.896053857963224,74.52658780033,,"<a href=""https://m.stock.naver.com/domestic/stock/465770/total"" target=""_blank"">Naver</a>"
035000,HS애드,48.28743915931365,34.99267390209766,61.11255213165969,88.85393283393951,62.56607003492364,,"<a href=""https://m.stock.naver.com/domestic/stock/035000/total"" target=""_blank"">Naver</a>"
002070,비비안,48.09870107343945,53.475946641708504,29.907320783129396,56.98032774707253,56.76540235849504,,"<a href=""https://m.stock.naver.com/domestic/stock/002070/total"" target=""_blank"">Naver</a>"
453340,현대그린푸드,47.90412101718935,35.0871040584016,54.31611629445763,97.84156676775905,69.77345663516152,,"<a href=""https://m.stock.naver.com/domestic/stock/453340/total"" target=""_blank"">Naver</a>"
004060,SG세계물산,47.845205061939815,45.22739166883469,44.15242529072515,74.01695003264973,45.37937469385484,,"<a href=""https://m.stock.naver.com/domestic/stock/004060/total"" target=""_blank"">Naver</a>"
047810,한국항공우주,47.8131304620159,41.392347220856074,61.67115927603811,54.888720542395376,41.421205125063835,,"<a href=""https://m.stock.naver.com/domestic/stock/047810/total"" target=""_blank"">Naver</a>"
181710,NHN,47.55945672811984,55.33254565345569,14.893043519175142,68.53854998606087,75.65626915293109,,"<a href=""https://m.stock.naver.com/domestic/stock/181710/total"" target=""_blank"">Naver</a>"
282330,BGF리테일,47.29637856568446,35.5241551850015,59.50760705648835,63.076175958071275,95.94732189508699,,"<a href=""https://m.stock.naver.com/domestic/stock/282330/total"" target=""_blank"">Naver</a>"
014440,영보화학,47.20475024665451,22.80308148630051,80.63619765180927,99.68796595269859,67.90110693304067,,"<a href=""https://m.stock.naver.com/domestic/stock/014440/total"" target=""_blank"">Naver</a>"
014820,동원시스템즈,47.178773355123546,34.47059647596679,60.437499902123854,82.78899391370186,62.16282205284648,,"<a href=""https://m.stock.naver.com/domestic/stock/014820/total"" target=""_blank"">Naver</a>"
002220,한일철강,47.14825162266277,49.811362300186225,34.23882043089065,51.97432417376485,70.08593434903781,,"<a href=""https://m.stock.naver.com/domestic/stock/002220/total"" target=""_blank"">Naver</a>"
118000,메타케어,47.13779530982876,51.31198455749672,24.799288894523375,73.72533507572788,55.56497688254181,,"<a href=""https://m.stock.naver.com/domestic/stock/118000/total"" target=""_blank"">Naver</a>"
090370,메타랩스,47.090239601338205,51.304578923107364,30.95033688443699,49.67834358791687,72.04147335145717,,"<a href=""https://m.stock.naver.com/domestic/stock/090370/total"" target=""_blank"">Naver</a>"
001510,SK증권,47.08162342213665,71.24715014800553,0.0,33.333333333333336,20.0,,"<a href=""https://m.stock.naver.com/domestic/stock/001510/total"" target=""_blank"">Naver</a>"
214320,이노션,46.916278936024035,33.40378754307985,63.00317170355688,81.86036837206265,58.74353294161275,,"<a href=""https://m.stock.naver.com/domestic/stock/214320/total"" target=""_blank"">Naver</a>"
019680,대교,46.866723255656694,49.92616557310104,29.93073752821546,49.745514440458,89.07576171392802,,"<a href=""https://m.stock.naver.com/domestic/stock/019680/total"" target=""_blank"">Naver</a>"
025750,한솔홈데코,46.75645564991902,48.8335780466912,23.821430326493836,72.85571362986836,84.30759754588011,,"<a href=""https://m.stock.naver.com/domestic/stock/025750/total"" target=""_blank"">Naver</a>"
000040,KR모터스,46.6139052189483,66.66666666666667,0.0,35.07707384222946,62.12395669450699,,"<a href=""https://m.stock.naver.com/domestic/stock/000040/total"" target=""_blank"">Naver</a>"
095570,AJ네트웍스,46.58903338168702,42.77419016300303,54.084176586068274,35.897099125732,76.27530449589875,,"<a href=""https://m.stock.naver.com/domestic/stock/095570/total"" target=""_blank"">Naver</a>"
280360,롯데웰푸드,46.447125714507585,37.18877933626786,49.557043597259415,77.4877080389222,79.91652819079593,,"<a href=""https://m.stock.naver.com/domestic/stock/280360/total"" target=""_blank"">Naver</a>"
030720,동원수산,46.40218069808928,32.99745377122349,55.676910419713145,85.61559279902175,82.45843101049448,,"<a href=""https://m.stock.naver.com/domestic/stock/030720/total"" target=""_blank"">Naver</a>"
023150,MH에탄올,46.38973664528152,56.916667064022924,23.208836646449953,32.95169204164594,62.84716082181376,,"<a href=""https://m.stock.naver.com/domestic/stock/023150/total"" target=""_blank"">Naver</a>"
036460,한국가스공사,46.267234170015875,39.03198061674576,61.010812020583614,38.64843845873772,74.6099789789749,,"<a href=""https://m.stock.naver.com/domestic/stock/036460/total"" target=""_blank"">Naver</a>"
005030,부산주공,46.18219916911432,50.0,33.51807135089809,35.310397163675646,85.43283230044462,,"<a href=""https://m.stock.naver.com/domestic/stock/005030/total"" target=""_blank"">Naver</a>"
102280,쌍방울,46.132964673535554,47.18355310221699,32.731492370011914,74.31220785357426,44.17477868689918,,"<a href=""https://m.stock.naver.com/domestic/stock/102280/total"" target=""_blank"">Naver</a>"
145990,삼양사,46.11499111925041,32.490295906330324,57.11170763733835,85.138474576319,76.58078416971459,,"<a href=""https://m.stock.naver.com/domestic/stock/145990/total"" target=""_blank"">Naver</a>"
009190,대양금속,45.997404775005194,50.0,18.08983245858073,72.22462416784106,85.04968487151818,,"<a href=""https://m.stock.naver.com/domestic/stock/009190/total"" target=""_blank"">Naver</a>"
016610,DB증권,45.94816616550712,47.2525427993988,53.053228610138,33.333333333333336,20.0,,"<a href=""https://m.stock.naver.com/domestic/stock/016610/total"" target=""_blank"">Naver</a>"
004100,태양금속,45.93327737932251,44.16246341509055,43.25730019041735,44.85074643764226,82.72799277799234,,"<a href=""https://m.stock.naver.com/domestic/stock/004100/total"" target=""_blank"">Naver</a>"
100250,진양홀딩스,45.93258685712717,37.70528291867401,49.99739007551421,69.4872936061929,77.22680452849849,,"<a href=""https://m.stock.naver.com/domestic/stock/100250/total"" target=""_blank"">Naver</a>"
002760,보락,45.92397083815355,50.0,22.121901278558983,74.32309885064176,59.22371266899247,,"<a href=""https://m.stock.naver.com/domestic/stock/002760/total"" target=""_blank"">Naver</a>"
145270,케이탑리츠,45.83484061374651,25.817199235599862,84.83402691655549,61.36014343247719,60.0,,"<a href=""https://m.stock.naver.com/domestic/stock/145270/total"" target=""_blank"">Naver</a>"
047040,대우건설,45.811109868963726,37.39077165413716,51.54753109717,75.71813740146305,58.35900724085256,,"<a href=""https://m.stock.naver.com/domestic/stock/047040/total"" target=""_blank"">Naver</a>"
036580,팜스코,45.74376622733096,53.14754489438192,25.662824315249747,33.0017563698405,82.78715149810641,,"<a href=""https://m.stock.naver.com/domestic/stock/036580/total"" target=""_blank"">Naver</a>"
007860,서연,45.74163940269895,30.848711634460688,60.98395912265202,74.77416732306467,90.18011818106139,,"<a href=""https://m.stock.naver.com/domestic/stock/007860/total"" target=""_blank"">Naver</a>"
378850,화승알앤에이,45.621208712540025,32.2405689395078,64.77921429326976,57.54681768451758,86.5476401413228,,"<a href=""https://m.stock.naver.com/domestic/stock/378850/total"" target=""_blank"">Naver</a>"
145720,덴티움,45.468588792828456,22.441325433505682,85.23525260449533,91.53783421067428,30.823939210675654,,"<a href=""https://m.stock.naver.com/domestic/stock/145720/total"" target=""_blank"">Naver</a>"
000070,삼양홀딩스,45.29809114415993,35.022729955318404,48.992048271074815,82.60185130094402,75.5251194621157,,"<a href=""https://m.stock.naver.com/domestic/stock/000070/total"" target=""_blank"">Naver</a>"
000910,유니온,45.199503975659354,61.34452509861188,0.0,56.435273219942275,54.98523188995996,,"<a href=""https://m.stock.naver.com/domestic/stock/000910/total"" target=""_blank"">Naver</a>"
005830,DB손해보험,45.13834854667594,22.04910972602019,96.96886417758863,66.66666666666667,20.0,,"<a href=""https://m.stock.naver.com/domestic/stock/005830/total"" target=""_blank"">Naver</a>"
226320,잇츠한불,45.118531217398264,24.209665910953177,72.1947690839294,99.04878308925774,52.783221818364666,,"<a href=""https://m.stock.naver.com/domestic/stock/226320/total"" target=""_blank"">Naver</a>"
143210,핸즈코퍼레이션,45.00807594343235,62.26787380797284,0.0,38.79423845749668,75.3585562579796,,"<a href=""https://m.stock.naver.com/domestic/stock/143210/total"" target=""_blank"">Naver</a>"
030210,다올투자증권,45.000633577903486,65.1599435726701,6.285336403872339,33.333333333333336,20.0,,"<a href=""https://m.stock.naver.com/domestic/stock/030210/total"" target=""_blank"">Naver</a>"
004360,세방,44.98829082477344,31.479685109163537,54.64858607687018,81.50502650436141,85.75661179243266,,"<a href=""https://m.stock.naver.com/domestic/stock/004360/total"" target=""_blank"">Naver</a>"
002030,아세아,44.97390089270069,32.13863560782651,54.98741389810814,80.17882669099843,78.51966768755811,,"<a href=""https://m.stock.naver.com/domestic/stock/002030/total"" target=""_blank"">Naver</a>"
079160,CJ CGV,44.778283034658564,55.950948013337644,19.262981428198582,27.5,72.83937739212675,,"<a href=""https://m.stock.naver.com/domestic/stock/079160/total"" target=""_blank"">Naver</a>"
016360,삼성증권,44.586796180190724,32.74825680409322,91.53768424482347,10.534210365289242,20.0,,"<a href=""https://m.stock.naver.com/domestic/stock/016360/total"" target=""_blank"">Naver</a>"
000120,CJ대한통운,44.57254149687837,34.06985920142068,52.5441074927006,65.65648810275457,88.57900585150738,,"<a href=""https://m.stock.naver.com/domestic/stock/000120/total"" target=""_blank"">Naver</a>"
204320,HL만도,44.55393126550049,36.34302817776314,46.46447712113626,69.90209908720945,82.83570339675195,,"<a href=""https://m.stock.naver.com/domestic/stock/204320/total"" target=""_blank"">Naver</a>"
111380,동인기연,44.454593419095744,29.76381771461601,64.68952301262162,78.00916788158968,52.460104980235386,,"<a href=""https://m.stock.naver.com/domestic/stock/111380/total"" target=""_blank"">Naver</a>"
175330,JB금융지주,44.31463179727397,31.988283468327193,91.2221790582388,13.161169517179536,20.0,,"<a href=""https://m.stock.naver.com/domestic/stock/175330/total"" target=""_blank"">Naver</a>"
005940,NH투자증권,44.30426852869829,34.34348766794369,88.38571332472571,6.017475967506438,20.0,,"<a href=""https://m.stock.naver.com/domestic/stock/005940/total"" target=""_blank"">Naver</a>"
001130,대한제분,44.25492120028379,30.063209997475706,53.20974168839382,90.01571885176564,78.25975789046694,,"<a href=""https://m.stock.naver.com/domestic/stock/001130/total"" target=""_blank"">Naver</a>"
007810,코리아써키트,44.0840836905773,51.5264680094294,1.9429086621194553,92.59115824254302,68.46719790270993,,"<a href=""https://m.stock.naver.com/domestic/stock/007810/total"" target=""_blank"">Naver</a>"
316140,우리금융지주,43.98251228464738,29.96032788326313,88.40895710334392,29.040762788535176,20.0,,"<a href=""https://m.stock.naver.com/domestic/stock/316140/total"" target=""_blank"">Naver</a>"
009470,삼화전기,43.9029746014903,21.613465859493086,70.23838954411094,91.30423517454611,84.89748364624202,,"<a href=""https://m.stock.naver.com/domestic/stock/009470/total"" target=""_blank"">Naver</a>"
034120,SBS,43.74276735665823,32.80879909939656,44.65084933782896,92.74566408955185,72.40418307215737,,"<a href=""https://m.stock.naver.com/domestic/stock/034120/total"" target=""_blank"">Naver</a>"
002310,아세아제지,43.69534742126175,29.82316585048207,48.48919758283635,97.65881576675753,78.26533877175333,,"<a href=""https://m.stock.naver.com/domestic/stock/002310/total"" target=""_blank"">Naver</a>"
004250,NPC,43.69304891970248,22.87011725010665,72.02252408661974,79.92161595086506,79.46371905794099,,"<a href=""https://m.stock.naver.com/domestic/stock/004250/total"" target=""_blank"">Naver</a>"
298020,효성티앤씨,43.53422587715384,34.847460309431746,54.16183667521431,46.02653507088262,89.65274031205888,,"<a href=""https://m.stock.naver.com/domestic/stock/298020/total"" target=""_blank"">Naver</a>"
058650,세아홀딩스,43.53188483951485,37.00935656509446,42.24389772393648,72.43939131592126,70.42714675763867,,"<a href=""https://m.stock.naver.com/domestic/stock/058650/total"" target=""_blank"">Naver</a>"
009420,한올바이오파마,43.515870838509855,41.22977536014854,35.308242250060424,73.99896549132735,51.020970215457844,,"<a href=""https://m.stock.naver.com/domestic/stock/009420/total"" target=""_blank"">Naver</a>"
071840,롯데하이마트,43.514836062647255,50.0,13.406354488978169,59.834529843236325,83.59588912158156,,"<a href=""https://m.stock.naver.com/domestic/stock/071840/total"" target=""_blank"">Naver</a>"
001440,대한전선,43.435644572498404,32.96120453661541,48.83236004695535,71.99991875668807,85.01679926243034,,"<a href=""https://m.stock.naver.com/domestic/stock/001440/total"" target=""_blank"">Naver</a>"
200880,서연이화,43.274651903590495,30.013687115919296,57.673326932657126,63.50335017008712,89.9554576773186,,"<a href=""https://m.stock.naver.com/domestic/stock/200880/total"" target=""_blank"">Naver</a>"
011000,진원생명과학,43.25664692566572,60.95951375169934,0.0,35.80157452326998,62.01562444638222,,"<a href=""https://m.stock.naver.com/domestic/stock/011000/total"" target=""_blank"">Naver</a>"
000670,영풍,43.13708914190422,42.97107432507351,27.50719651077289,71.21328070103311,67.12634698127157,,"<a href=""https://m.stock.naver.com/domestic/stock/000670/total"" target=""_blank"">Naver</a>"
008350,남선알미늄,43.08543377202243,43.49528120294977,18.127135987442106,86.157549710922,76.81452164599679,,"<a href=""https://m.stock.naver.com/domestic/stock/008350/total"" target=""_blank"">Naver</a>"
006220,제주은행,42.97943688896203,31.514111960081085,72.28387885165353,50.0,20.0,,"<a href=""https://m.stock.naver.com/domestic/stock/006220/total"" target=""_blank"">Naver</a>"
267270,HD현대건설기계,42.796039731834746,30.55518352848725,52.73097025715243,83.03305086978214,59.53763926952149,,"<a href=""https://m.stock.naver.com/domestic/stock/267270/total"" target=""_blank"">Naver</a>"
023530,롯데쇼핑,42.59012633496484,48.375539398195684,20.263627026314662,46.336330634247446,77.30525752088039,,"<a href=""https://m.stock.naver.com/domestic/stock/023530/total"" target=""_blank"">Naver</a>"
011390,부산산업,42.26913512737627,40.00680011701531,33.5578147361172,65.75371861583875,66.00459023107835,,"<a href=""https://m.stock.naver.com/domestic/stock/011390/total"" target=""_blank"">Naver</a>"
000890,보해양조,41.995428998585524,28.743953059919235,58.225874869519316,74.42761327778577,54.99654234951156,,"<a href=""https://m.stock.naver.com/domestic/stock/000890/total"" target=""_blank"">Naver</a>"
001380,SG글로벌,41.92884851306741,26.43900482352595,53.82891677791803,87.18319087177511,77.79794674589641,,"<a href=""https://m.stock.naver.com/domestic/stock/001380/total"" target=""_blank"">Naver</a>"
004410,서울식품,41.902616883523855,50.0,14.788894573998206,41.65442249582212,80.79901980884175,,"<a href=""https://m.stock.naver.com/domestic/stock/004410/total"" target=""_blank"">Naver</a>"
005110,한창,41.70160436265803,21.331993184142686,100.0,31.52408452172427,15.0,,"<a href=""https://m.stock.naver.com/domestic/stock/005110/total"" target=""_blank"">Naver</a>"
034830,한국토지신탁,41.65479177760277,40.068358168996944,41.53641304110966,62.2967361592718,20.0,,"<a href=""https://m.stock.naver.com/domestic/stock/034830/total"" target=""_blank"">Naver</a>"
017040,광명전기,41.5583570150644,50.0,5.120999937476827,61.40915402350838,82.74383256688711,,"<a href=""https://m.stock.naver.com/domestic/stock/017040/total"" target=""_blank"">Naver</a>"
006490,인스코비,41.50647485308268,50.204413301137805,10.02005224810614,43.54613556577061,90.48400507592788,,"<a href=""https://m.stock.naver.com/domestic/stock/006490/total"" target=""_blank"">Naver</a>"
089470,HDC현대EP,41.500976925794575,27.097155226489395,51.328113592246915,88.63567818207956,70.94175147262499,,"<a href=""https://m.stock.naver.com/domestic/stock/089470/total"" target=""_blank"">Naver</a>"
004140,동방,41.4514307713497,28.980752988699077,56.78944461653655,54.77452104241985,87.76331439508269,,"<a href=""https://m.stock.naver.com/domestic/stock/004140/total"" target=""_blank"">Naver</a>"
084010,대한제강,41.38482085295608,27.966990803920677,48.50219609380199,82.71977381974773,84.1419993035682,,"<a href=""https://m.stock.naver.com/domestic/stock/084010/total"" target=""_blank"">Naver</a>"
006660,삼성공조,41.35306749085345,22.598827557639765,61.22852681719463,88.34135475295136,73.0500755335159,,"<a href=""https://m.stock.naver.com/domestic/stock/006660/total"" target=""_blank"">Naver</a>"
004840,DRB동일,41.17263317823259,33.08047585226847,46.994838546763724,62.970577055197055,65.57160649321739,,"<a href=""https://m.stock.naver.com/domestic/stock/004840/total"" target=""_blank"">Naver</a>"
006890,태경케미컬,41.14917841955907,14.981192139469693,76.163189930305,96.22252603443664,69.94826099714686,,"<a href=""https://m.stock.naver.com/domestic/stock/006890/total"" target=""_blank"">Naver</a>"
008600,윌비스,41.11834875876066,54.206203900809435,5.849330595822718,46.384484506489514,49.8769063734074,,"<a href=""https://m.stock.naver.com/domestic/stock/008600/total"" target=""_blank"">Naver</a>"
950210,프레스티지바이오파마,41.04872772095721,50.0,0.0,94.22868330991047,32.51718779932313,,"<a href=""https://m.stock.naver.com/domestic/stock/950210/total"" target=""_blank"">Naver</a>"
003960,사조대림,40.95790033174544,26.46938111650771,54.70158172773868,69.27604144054152,89.46544171703988,,"<a href=""https://m.stock.naver.com/domestic/stock/003960/total"" target=""_blank"">Naver</a>"
002360,SH에너지화학,40.933121226425015,40.231119138210815,12.251515650528267,98.69807274233307,77.23527113266313,,"<a href=""https://m.stock.naver.com/domestic/stock/002360/total"" target=""_blank"">Naver</a>"
084680,이월드,40.874512490537406,50.0,12.8171805002633,48.83412287046205,55.73610156850748,,"<a href=""https://m.stock.naver.com/domestic/stock/084680/total"" target=""_blank"">Naver</a>"
051630,진양화학,40.83536529236722,50.0,0.0,68.83696767346932,79.03337050040581,,"<a href=""https://m.stock.naver.com/domestic/stock/051630/total"" target=""_blank"">Naver</a>"
013580,계룡건설,40.75938494618509,28.123847650273195,50.61430659919421,70.57467503623883,83.48064405197458,,"<a href=""https://m.stock.naver.com/domestic/stock/013580/total"" target=""_blank"">Naver</a>"
481850,신한글로벌액티브리츠,40.544029972436256,50.0,17.56219536828304,51.53481130365499,20.0,,"<a href=""https://m.stock.naver.com/domestic/stock/481850/total"" target=""_blank"">Naver</a>"
011070,LG이노텍,40.48701785107585,24.37550259963535,52.49089097611088,81.95464277618541,90.87058539296747,,"<a href=""https://m.stock.naver.com/domestic/stock/011070/total"" target=""_blank"">Naver</a>"
001040,CJ,40.46685638422584,31.804912079434867,46.8568022833935,54.298973522505584,84.79622426931988,,"<a href=""https://m.stock.naver.com/domestic/stock/001040/total"" target=""_blank"">Naver</a>"
001080,만호제강,40.372314081818466,50.0,0.0,74.64071131536373,58.16485900564188,,"<a href=""https://m.stock.naver.com/domestic/stock/001080/total"" target=""_blank"">Naver</a>"
007310,오뚜기,40.368457335085324,22.59068603326354,55.405329296687,87.47551782608335,84.30323216694234,,"<a href=""https://m.stock.naver.com/domestic/stock/007310/total"" target=""_blank"">Naver</a>"
005490,POSCO홀딩스,40.32145862831181,30.804730441245642,45.21183872269798,70.49168355049424,69.72984655681003,,"<a href=""https://m.stock.naver.com/domestic/stock/005490/total"" target=""_blank"">Naver</a>"
027410,BGF,40.134343525418224,16.18668103583934,74.01424668857214,94.19108849917467,49.99328763708236,,"<a href=""https://m.stock.naver.com/domestic/stock/027410/total"" target=""_blank"">Naver</a>"
180640,한진칼,40.065872991144865,16.912775010386042,86.15295119129821,56.474340997814764,54.650721746144214,,"<a href=""https://m.stock.naver.com/domestic/stock/180640/total"" target=""_blank"">Naver</a>"
019180,티에이치엔,40.03428753473572,20.89002512571724,65.7050330091635,67.93392017008453,85.612443800121,,"<a href=""https://m.stock.naver.com/domestic/stock/019180/total"" target=""_blank"">Naver</a>"
185750,종근당,39.96256916900848,19.15360595823105,62.47249248542949,94.95056503827905,67.14451937769161,,"<a href=""https://m.stock.naver.com/domestic/stock/185750/total"" target=""_blank"">Naver</a>"
001720,신영증권,39.9295402708135,27.577721038643414,86.46343342173644,7.67049292193344,20.0,,"<a href=""https://m.stock.naver.com/domestic/stock/001720/total"" target=""_blank"">Naver</a>"
033920,무학,39.854666256329885,15.63632511859,76.96250839303731,76.98269252160011,70.67949669513092,,"<a href=""https://m.stock.naver.com/domestic/stock/033920/total"" target=""_blank"">Naver</a>"
006360,GS건설,39.83762143967463,33.14646766623087,46.16877148553965,46.90636999499556,74.33821938103279,,"<a href=""https://m.stock.naver.com/domestic/stock/006360/total"" target=""_blank"">Naver</a>"
001630,종근당홀딩스,39.8181149473672,29.818975136257205,52.25285148539516,63.21998821676239,50.83036345175701,,"<a href=""https://m.stock.naver.com/domestic/stock/001630/total"" target=""_blank"">Naver</a>"
128940,한미약품,39.71897851188171,18.325493345630708,71.45374014415935,89.84346181665838,37.51802573595208,,"<a href=""https://m.stock.naver.com/domestic/stock/128940/total"" target=""_blank"">Naver</a>"
074610,이엔플러스,39.68688940240522,52.3239205680143,0.0,42.183508424484074,81.48372438296457,,"<a href=""https://m.stock.naver.com/domestic/stock/074610/total"" target=""_blank"">Naver</a>"
000220,유유제약,39.45926324914192,22.04709467956559,60.70429587676947,83.5496513389103,53.99934676638339,,"<a href=""https://m.stock.naver.com/domestic/stock/000220/total"" target=""_blank"">Naver</a>"
001360,삼성제약,39.36025162564793,50.0,0.0,73.881856734787,39.441319043384595,,"<a href=""https://m.stock.naver.com/domestic/stock/001360/total"" target=""_blank"">Naver</a>"
039130,하나투어,39.33205879914682,12.831446726043906,81.80076992626603,69.03956913854837,85.58082736198264,,"<a href=""https://m.stock.naver.com/domestic/stock/039130/total"" target=""_blank"">Naver</a>"
078930,GS,39.296609839294405,21.232577851716144,57.67890133164972,78.88196011160707,84.98283568383161,,"<a href=""https://m.stock.naver.com/domestic/stock/078930/total"" target=""_blank"">Naver</a>"
097950,CJ제일제당,39.23455604576202,28.700161417657142,48.35809892858966,56.63692348358881,85.22484229322878,,"<a href=""https://m.stock.naver.com/domestic/stock/097950/total"" target=""_blank"">Naver</a>"
001570,금양,39.14815706343744,53.09345175153988,0.0,42.385790869259345,61.07013851175154,,"<a href=""https://m.stock.naver.com/domestic/stock/001570/total"" target=""_blank"">Naver</a>"
000650,천일고속,39.1358167752222,50.0,1.2284729748279044,42.0185600194483,92.5368505914079,,"<a href=""https://m.stock.naver.com/domestic/stock/000650/total"" target=""_blank"">Naver</a>"
009180,한솔로지스틱스,39.119937749121775,23.048666276554815,48.98120642380284,83.43238261629654,94.04396231217055,,"<a href=""https://m.stock.naver.com/domestic/stock/009180/total"" target=""_blank"">Naver</a>"
002380,KCC,39.00836363880251,32.27236092858621,39.653419315660635,69.05838279854271,56.515079457626946,,"<a href=""https://m.stock.naver.com/domestic/stock/002380/total"" target=""_blank"">Naver</a>"
009900,명신산업,38.96776984845565,13.105084961639378,70.41004414838241,92.06642346705438,85.91130975341963,,"<a href=""https://m.stock.naver.com/domestic/stock/009900/total"" target=""_blank"">Naver</a>"
002990,금호건설,38.881585184619475,51.57097473961199,0.789548601227393,35.78323261836604,83.26579857417653,,"<a href=""https://m.stock.naver.com/domestic/stock/002990/total"" target=""_blank"">Naver</a>"
123690,한국화장품,38.820214985789406,17.56789672990881,60.5366852831584,88.96938411316995,84.96734431475048,,"<a href=""https://m.stock.naver.com/domestic/stock/123690/total"" target=""_blank"">Naver</a>"
004020,현대제철,38.732754955889,23.05980916752597,59.23927131036502,66.74973581604073,68.24156092356176,,"<a href=""https://m.stock.naver.com/domestic/stock/004020/total"" target=""_blank"">Naver</a>"
011330,유니켐,38.643263132697825,50.0,1.0813411280329477,63.207246488295084,41.04406403720166,,"<a href=""https://m.stock.naver.com/domestic/stock/011330/total"" target=""_blank"">Naver</a>"
012200,계양전기,38.59395814193334,46.860635635791375,7.590504830984493,43.86443738580919,83.87013628262969,,"<a href=""https://m.stock.naver.com/domestic/stock/012200/total"" target=""_blank"">Naver</a>"
088350,한화생명,38.53334938252855,28.646487125596916,60.46472660303738,52.2927545641105,20.0,,"<a href=""https://m.stock.naver.com/domestic/stock/088350/total"" target=""_blank"">Naver</a>"
002210,동성제약,38.42983553037028,50.0,5.793727538333527,48.14567209714243,43.336728721453085,,"<a href=""https://m.stock.naver.com/domestic/stock/002210/total"" target=""_blank"">Naver</a>"
003850,보령,38.223433462459205,21.166480757886124,57.664522271175805,79.0872686410585,63.97375151655457,,"<a href=""https://m.stock.naver.com/domestic/stock/003850/total"" target=""_blank"">Naver</a>"
105630,한세실업,38.17493999921694,19.754601124574847,56.9811132802075,81.34514828472776,78.84772351894756,,"<a href=""https://m.stock.naver.com/domestic/stock/105630/total"" target=""_blank"">Naver</a>"
090350,노루페인트,38.02432384457602,17.31651088921333,57.09506582410734,92.03057179442986,83.15187351156398,,"<a href=""https://m.stock.naver.com/domestic/stock/090350/total"" target=""_blank"">Naver</a>"
011300,성안머티리얼스,37.86193519895046,51.42005625170044,0.0,36.935045522587586,66.32793791342885,,"<a href=""https://m.stock.naver.com/domestic/stock/011300/total"" target=""_blank"">Naver</a>"
025560,미래산업,37.78050429757581,14.116352245164206,78.12730336478484,84.91433293173455,25.748676322152463,,"<a href=""https://m.stock.naver.com/domestic/stock/025560/total"" target=""_blank"">Naver</a>"
051600,한전KPS,37.526874366885124,10.797305738118771,70.58897838503952,98.39621372418628,71.23249910670708,,"<a href=""https://m.stock.naver.com/domestic/stock/051600/total"" target=""_blank"">Naver</a>"
008930,한미사이언스,37.343809097244794,17.601497371542433,57.9545624591241,78.6130702963392,88.6592605980878,,"<a href=""https://m.stock.naver.com/domestic/stock/008930/total"" target=""_blank"">Naver</a>"
004870,티웨이홀딩스,37.33463628837337,50.0,0.0,51.851060738656535,42.99060429015433,,"<a href=""https://m.stock.naver.com/domestic/stock/004870/total"" target=""_blank"">Naver</a>"
001820,삼화콘덴서,37.25975808757461,15.987340528081171,59.530840934350465,90.43752670644184,74.8178173298822,,"<a href=""https://m.stock.naver.com/domestic/stock/001820/total"" target=""_blank"">Naver</a>"
015020,이스타코,37.25098639774277,50.0,0.0,46.6827923329043,51.654143289046885,,"<a href=""https://m.stock.naver.com/domestic/stock/015020/total"" target=""_blank"">Naver</a>"
023810,인팩,37.16419777277285,27.078743740127965,48.33042673681906,48.90481683878454,78.87726321225709,,"<a href=""https://m.stock.naver.com/domestic/stock/023810/total"" target=""_blank"">Naver</a>"
025000,KPX케미칼,37.102824977420866,16.695383054866724,57.95714984219097,86.72021829870523,78.48571708165143,,"<a href=""https://m.stock.naver.com/domestic/stock/025000/total"" target=""_blank"">Naver</a>"
140910,에이리츠,37.07639988942592,50.0,0.0,57.75660436735717,26.014789053804037,,"<a href=""https://m.stock.naver.com/domestic/stock/140910/total"" target=""_blank"">Naver</a>"
002720,국제약품,37.05978494074193,19.204313507236893,51.3778903905666,92.11138821380321,69.63170834755645,,"<a href=""https://m.stock.naver.com/domestic/stock/002720/total"" target=""_blank"">Naver</a>"
000680,LS네트웍스,37.013374575004725,36.6053823413339,28.4037990736267,39.453174154864875,80.07755972622451,,"<a href=""https://m.stock.naver.com/domestic/stock/000680/total"" target=""_blank"">Naver</a>"
016580,환인제약,36.97215198066234,15.760867244711877,61.095706180519535,99.64798141016732,45.53813895377183,,"<a href=""https://m.stock.naver.com/domestic/stock/016580/total"" target=""_blank"">Naver</a>"
450080,에코프로머티,36.97140070055025,50.0,0.0,53.095725610254135,33.23656279049669,,"<a href=""https://m.stock.naver.com/domestic/stock/450080/total"" target=""_blank"">Naver</a>"
022100,포스코DX,36.821737087130614,9.466418396189825,68.51073121278786,97.35126332426636,85.58153827586241,,"<a href=""https://m.stock.naver.com/domestic/stock/022100/total"" target=""_blank"">Naver</a>"
017810,풀무원,36.7582028649949,26.10996574786961,48.949323973655964,42.8086622279476,91.48052400128768,,"<a href=""https://m.stock.naver.com/domestic/stock/017810/total"" target=""_blank"">Naver</a>"
016590,신대양제지,36.745770699184206,16.8017951820589,55.241548281571376,88.70776750759333,79.67059537593369,,"<a href=""https://m.stock.naver.com/domestic/stock/016590/total"" target=""_blank"">Naver</a>"
004080,신흥,36.510698927844366,10.849323339557555,83.71064133092104,79.04595944699327,23.37697293360485,,"<a href=""https://m.stock.naver.com/domestic/stock/004080/total"" target=""_blank"">Naver</a>"
002420,세기상사,36.43994167636013,50.0,0.0,46.899416763601266,35.0,,"<a href=""https://m.stock.naver.com/domestic/stock/002420/total"" target=""_blank"">Naver</a>"
090460,비에이치,36.31578683449818,18.580252292877777,50.2574424313594,81.75506475156556,88.5553675155021,,"<a href=""https://m.stock.naver.com/domestic/stock/090460/total"" target=""_blank"">Naver</a>"
092230,KPX홀딩스,36.295006070855635,18.033885302442666,56.82343137590072,74.9368644707937,75.50261196670972,,"<a href=""https://m.stock.naver.com/domestic/stock/092230/total"" target=""_blank"">Naver</a>"
014530,극동유화,36.278671906167496,22.052694031763156,46.48331146620865,68.4180192736725,91.68851386380385,,"<a href=""https://m.stock.naver.com/domestic/stock/014530/total"" target=""_blank"">Naver</a>"
004170,신세계,36.23509363841126,23.54863380639723,51.21030672970065,56.33972928678293,73.38727486938923,,"<a href=""https://m.stock.naver.com/domestic/stock/004170/total"" target=""_blank"">Naver</a>"
003560,IHQ,36.22274402721027,44.201944140123715,0.0,68.20080033615517,57.629950190410455,,"<a href=""https://m.stock.naver.com/domestic/stock/003560/total"" target=""_blank"">Naver</a>"
016800,퍼시스,36.195732830866476,15.123762396658435,59.24911733232174,85.00978904212278,76.16434311157407,,"<a href=""https://m.stock.naver.com/domestic/stock/016800/total"" target=""_blank"">Naver</a>"
460850,동국씨엠,36.18898920798748,33.333333333333336,27.697118283138213,49.17304895223726,86.9480948395841,,"<a href=""https://m.stock.naver.com/domestic/stock/460850/total"" target=""_blank"">Naver</a>"
018250,애경산업,36.130211764770905,12.240724960156255,60.17660863418249,98.69247173487992,77.4475491328707,,"<a href=""https://m.stock.naver.com/domestic/stock/018250/total"" target=""_blank"">Naver</a>"
031820,아이티센씨티에스,36.1181703437109,19.559425252864752,51.38383044784089,71.20955508134011,88.31204143795625,,"<a href=""https://m.stock.naver.com/domestic/stock/031820/total"" target=""_blank"">Naver</a>"
192650,드림텍,36.10949014820783,23.955271487583236,43.76319573908548,63.79661067681109,88.3173450641083,,"<a href=""https://m.stock.naver.com/domestic/stock/192650/total"" target=""_blank"">Naver</a>"
432320,KB스타리츠,36.031172899044954,50.0,0.0,50.311728990449524,20.0,,"<a href=""https://m.stock.naver.com/domestic/stock/432320/total"" target=""_blank"">Naver</a>"
057050,현대홈쇼핑,35.90664768918985,18.765425715158056,48.2550348712437,94.37190063996786,62.92886956574622,,"<a href=""https://m.stock.naver.com/domestic/stock/057050/total"" target=""_blank"">Naver</a>"
009240,한샘,35.904867781674675,12.959091479809786,68.33861127039658,62.84368104023788,95.20783944331745,,"<a href=""https://m.stock.naver.com/domestic/stock/009240/total"" target=""_blank"">Naver</a>"
002870,신풍,35.8508898038756,38.02693964682748,14.145341600142165,74.87748414630538,40.21284402226087,,"<a href=""https://m.stock.naver.com/domestic/stock/002870/total"" target=""_blank"">Naver</a>"
017180,명문제약,35.74362001488517,36.012510264258275,25.796079156738823,48.89464741636765,55.952586510174584,,"<a href=""https://m.stock.naver.com/domestic/stock/017180/total"" target=""_blank"">Naver</a>"
298050,HS효성첨단소재,35.691796708715266,22.790470759764542,53.84619271787982,48.46001742050027,74.19928662673112,,"<a href=""https://m.stock.naver.com/domestic/stock/298050/total"" target=""_blank"">Naver</a>"
069260,TKG휴켐스,35.62377520328908,12.241828630319828,58.65737729116105,92.1230912996911,88.04049144675614,,"<a href=""https://m.stock.naver.com/domestic/stock/069260/total"" target=""_blank"">Naver</a>"
339770,교촌에프앤비,35.51506461988305,22.328213799873776,42.16656606190856,69.5891341843155,92.35162812100178,,"<a href=""https://m.stock.naver.com/domestic/stock/339770/total"" target=""_blank"">Naver</a>"
475560,더본코리아,35.35794436211657,9.0216575422533,61.618786619538845,99.27411184431574,92.25683994896606,,"<a href=""https://m.stock.naver.com/domestic/stock/475560/total"" target=""_blank"">Naver</a>"
195870,해성디에스,35.34457917612565,11.850100370022325,61.453471153264275,96.63491467019246,64.15319397553873,,"<a href=""https://m.stock.naver.com/domestic/stock/195870/total"" target=""_blank"">Naver</a>"
005300,롯데칠성,35.07130514281998,21.66400091460684,48.953804125997216,56.580464517596496,83.52814221593843,,"<a href=""https://m.stock.naver.com/domestic/stock/005300/total"" target=""_blank"">Naver</a>"
248070,솔루엠,35.011021056907936,17.453763682528148,52.399123290569634,74.57897047840638,79.62169953816002,,"<a href=""https://m.stock.naver.com/domestic/stock/248070/total"" target=""_blank"">Naver</a>"
001560,제일연마,35.00661779938687,14.77436891265255,57.428638786323795,89.56184542340117,56.57304425748553,,"<a href=""https://m.stock.naver.com/domestic/stock/001560/total"" target=""_blank"">Naver</a>"
009070,KCTC,34.99983824949188,18.664469619421045,53.99359356984195,59.87743495328179,86.30029180101181,,"<a href=""https://m.stock.naver.com/domestic/stock/009070/total"" target=""_blank"">Naver</a>"
029530,신도리코,34.84400332754013,9.292986477166425,69.28599452309288,88.47599685032924,61.98226250868256,,"<a href=""https://m.stock.naver.com/domestic/stock/029530/total"" target=""_blank"">Naver</a>"
016450,한세예스24홀딩스,34.767339156687775,23.03230278691936,44.3612926428357,61.06463886870408,75.02340873913658,,"<a href=""https://m.stock.naver.com/domestic/stock/016450/total"" target=""_blank"">Naver</a>"
072710,농심홀딩스,34.72120324832353,9.839641133206312,65.3640454773557,90.16119072161932,69.20576253797782,,"<a href=""https://m.stock.naver.com/domestic/stock/072710/total"" target=""_blank"">Naver</a>"
066970,엘앤에프,34.66753280883063,45.81211333186491,0.0,39.777318934105274,64.05065832602315,,"<a href=""https://m.stock.naver.com/domestic/stock/066970/total"" target=""_blank"">Naver</a>"
010040,한국내화,34.37988618602188,19.320348330860885,44.34604186118329,75.28233570529923,83.45866303359205,,"<a href=""https://m.stock.naver.com/domestic/stock/010040/total"" target=""_blank"">Naver</a>"
011230,삼화전자,34.30305118874402,46.24717428396918,0.0,30.05827352833841,70.97838531057354,,"<a href=""https://m.stock.naver.com/domestic/stock/011230/total"" target=""_blank"">Naver</a>"
102460,이연제약,34.29426230760538,28.625195565071266,40.2683839155837,50.74530092617758,39.55037794097869,,"<a href=""https://m.stock.naver.com/domestic/stock/102460/total"" target=""_blank"">Naver</a>"
452260,한화갤러리아,34.23617014578254,34.65729533478666,15.998926704024939,60.67101397327743,67.49919743153123,,"<a href=""https://m.stock.naver.com/domestic/stock/452260/total"" target=""_blank"">Naver</a>"
020000,한섬,33.97145220961957,15.177045299983357,49.8986073082211,100.0,47.811464051485544,,"<a href=""https://m.stock.naver.com/domestic/stock/020000/total"" target=""_blank"">Naver</a>"
008250,이건산업,33.87062748572729,24.229994562633436,39.87837193827086,57.8945951381976,71.47156499519498,,"<a href=""https://m.stock.naver.com/domestic/stock/008250/total"" target=""_blank"">Naver</a>"
001430,세아베스틸지주,33.78367111347149,20.795979738346784,42.24318717066351,66.13012890597875,82.64547174399334,,"<a href=""https://m.stock.naver.com/domestic/stock/001430/total"" target=""_blank"">Naver</a>"
344820,KCC글라스,33.76741050304683,19.79736690506625,43.695731983872356,72.03156438725418,75.23801850627144,,"<a href=""https://m.stock.naver.com/domestic/stock/344820/total"" target=""_blank"">Naver</a>"
300720,한일시멘트,33.58868485483427,5.808239601300155,70.58538512609364,89.23107177179101,70.68575270703323,,"<a href=""https://m.stock.naver.com/domestic/stock/300720/total"" target=""_blank"">Naver</a>"
272550,삼양패키징,33.51988567601425,12.155688949282839,53.44675736736406,86.7632518766565,83.76915553875763,,"<a href=""https://m.stock.naver.com/domestic/stock/272550/total"" target=""_blank"">Naver</a>"
138930,BNK금융지주,33.4618811542669,18.23299223255414,86.08834325893766,0.0,20.0,,"<a href=""https://m.stock.naver.com/domestic/stock/138930/total"" target=""_blank"">Naver</a>"
009270,신원,33.29666675089576,21.36418170930247,43.4200437436703,59.61920335714594,73.2245290736422,,"<a href=""https://m.stock.naver.com/domestic/stock/009270/total"" target=""_blank"">Naver</a>"
001140,국보,33.12122605236001,44.09628725774081,0.0,27.5,78.26907395431039,,"<a href=""https://m.stock.naver.com/domestic/stock/001140/total"" target=""_blank"">Naver</a>"
004720,팜젠사이언스,33.026302216231535,18.390065430679716,45.77898664715503,83.27966765875885,44.390990603181294,,"<a href=""https://m.stock.naver.com/domestic/stock/004720/total"" target=""_blank"">Naver</a>"
000860,강남제비스코,32.979636148772684,14.609703086924872,47.18394034671172,88.29244699767497,71.77169020344664,,"<a href=""https://m.stock.naver.com/domestic/stock/000860/total"" target=""_blank"">Naver</a>"
000720,현대건설,32.96831135199751,30.478294170691523,17.764666770464604,57.084242405417385,90.63487832849405,,"<a href=""https://m.stock.naver.com/domestic/stock/000720/total"" target=""_blank"">Naver</a>"
013870,지엠비코리아,32.96107528198763,16.94994327243059,49.171168791767364,69.41282124935483,71.14069991303913,,"<a href=""https://m.stock.naver.com/domestic/stock/013870/total"" target=""_blank"">Naver</a>"
095720,웅진씽크빅,32.9533545130715,29.635997681278287,14.053036370932187,74.94328739012492,83.28336145117984,,"<a href=""https://m.stock.naver.com/domestic/stock/095720/total"" target=""_blank"">Naver</a>"
003300,한일홀딩스,32.93491332481358,9.036629795806517,59.92739793965794,89.4288074421494,71.76410436400487,,"<a href=""https://m.stock.naver.com/domestic/stock/003300/total"" target=""_blank"">Naver</a>"
248170,샘표식품,32.90164181204578,17.124058201466134,46.075556933056646,72.53106737994652,77.1042183981458,,"<a href=""https://m.stock.naver.com/domestic/stock/248170/total"" target=""_blank"">Naver</a>"
163560,동일고무벨트,32.87100873880223,17.13183441513292,47.955813766105734,72.71828792298264,66.62251711795568,,"<a href=""https://m.stock.naver.com/domestic/stock/163560/total"" target=""_blank"">Naver</a>"
336370,솔루스첨단소재,32.722798806613895,39.691006243803095,0.0,67.78982405733336,42.584253091974006,,"<a href=""https://m.stock.naver.com/domestic/stock/336370/total"" target=""_blank"">Naver</a>"
001070,대한방직,32.72249719502688,18.854045105586984,42.04567616620635,77.88857225235222,62.19587729775759,,"<a href=""https://m.stock.naver.com/domestic/stock/001070/total"" target=""_blank"">Naver</a>"
000020,동화약품,32.61393097323444,18.12699219595623,40.431435236273366,84.15351549120214,64.29050594944286,,"<a href=""https://m.stock.naver.com/domestic/stock/000020/total"" target=""_blank"">Naver</a>"
002600,조흥,32.61392561393615,20.08074125810099,44.64627207536143,60.966961332417895,66.14433413986828,,"<a href=""https://m.stock.naver.com/domestic/stock/002600/total"" target=""_blank"">Naver</a>"
007540,샘표,32.602766064216446,17.135922608565703,45.339351691134404,73.42701288546695,72.8734657549345,,"<a href=""https://m.stock.naver.com/domestic/stock/007540/total"" target=""_blank"">Naver</a>"
353200,대덕전자,32.573971467380325,16.735020225741618,44.88756165526028,73.44312265273611,79.33513305693351,,"<a href=""https://m.stock.naver.com/domestic/stock/353200/total"" target=""_blank"">Naver</a>"
456040,OCI,32.54809544067748,16.55182963098334,48.2932655533638,69.41837219792868,72.0368810790731,,"<a href=""https://m.stock.naver.com/domestic/stock/456040/total"" target=""_blank"">Naver</a>"
044380,주연테크,32.505113046591845,30.316500340509847,12.18908985535731,74.51222277970489,76.3343620095225,,"<a href=""https://m.stock.naver.com/domestic/stock/044380/total"" target=""_blank"">Naver</a>"
183190,아세아시멘트,32.45700769285594,10.309152633530312,63.574160896251975,68.10341517237879,71.3526874287376,,"<a href=""https://m.stock.naver.com/domestic/stock/183190/total"" target=""_blank"">Naver</a>"
003220,대원제약,32.43507699440016,16.53585847556013,46.50780850602073,75.28417320028575,67.16384925060649,,"<a href=""https://m.stock.naver.com/domestic/stock/003220/total"" target=""_blank"">Naver</a>"
010960,삼호개발,32.37392341552177,16.92636218217293,42.43500602549496,72.38535506581897,87.41638186524746,,"<a href=""https://m.stock.naver.com/domestic/stock/010960/total"" target=""_blank"">Naver</a>"
105840,우진,32.33307221149512,6.4961350789620225,60.844659776906866,99.53422549475937,65.41607340830505,,"<a href=""https://m.stock.naver.com/domestic/stock/105840/total"" target=""_blank"">Naver</a>"
007210,벽산,32.29957282486004,12.419661564505232,51.59390713617669,77.41312276370326,84.15973651484816,,"<a href=""https://m.stock.naver.com/domestic/stock/007210/total"" target=""_blank"">Naver</a>"
041650,상신브레이크,32.279170968235846,16.781243926668054,50.64237345779397,67.02672784327864,56.94316926917309,,"<a href=""https://m.stock.naver.com/domestic/stock/041650/total"" target=""_blank"">Naver</a>"
004090,한국석유,32.08594087905365,15.000287630390448,49.433679884279854,63.80548445561315,86.93599768376195,,"<a href=""https://m.stock.naver.com/domestic/stock/004090/total"" target=""_blank"">Naver</a>"
000210,DL,32.07987831943203,16.146121141673284,50.611415842373646,58.620155961182896,77.54672155432708,,"<a href=""https://m.stock.naver.com/domestic/stock/000210/total"" target=""_blank"">Naver</a>"
241560,두산밥캣,32.052200475435725,7.144602764314912,62.44741585910146,83.6151765971752,75.84134384707785,,"<a href=""https://m.stock.naver.com/domestic/stock/241560/total"" target=""_blank"">Naver</a>"
081000,일진다이아,31.99064318888781,17.539942594256477,45.03775365952986,74.69221836605999,54.760347616909186,,"<a href=""https://m.stock.naver.com/domestic/stock/081000/total"" target=""_blank"">Naver</a>"
133820,화인베스틸,31.90832620914216,41.92642183730428,0.0,27.767480963511154,79.51450020816945,,"<a href=""https://m.stock.naver.com/domestic/stock/133820/total"" target=""_blank"">Naver</a>"
000390,삼화페인트,31.90193447103382,14.776657359349173,47.384729151854856,75.26932707702186,73.2565011951683,,"<a href=""https://m.stock.naver.com/domestic/stock/000390/total"" target=""_blank"">Naver</a>"
011150,CJ씨푸드,31.86983705606854,16.68339091158157,47.898201950658766,59.37523931439885,78.95456180030054,,"<a href=""https://m.stock.naver.com/domestic/stock/011150/total"" target=""_blank"">Naver</a>"
084670,동양고속,31.827021655818868,43.89474351682144,0.0,37.40175545726005,35.0,,"<a href=""https://m.stock.naver.com/domestic/stock/084670/total"" target=""_blank"">Naver</a>"
082640,동양생명,31.710240250798762,7.696604355520484,82.97962913951258,53.47370352608326,20.0,,"<a href=""https://m.stock.naver.com/domestic/stock/082640/total"" target=""_blank"">Naver</a>"
060980,HL홀딩스,31.69181193963653,28.40565152165745,41.07947638929084,26.28551929319351,35.0,,"<a href=""https://m.stock.naver.com/domestic/stock/060980/total"" target=""_blank"">Naver</a>"
005090,SGC에너지,31.67306237073559,19.203251376249867,48.24205889473824,41.230104585748315,79.35172725452554,,"<a href=""https://m.stock.naver.com/domestic/stock/005090/total"" target=""_blank"">Naver</a>"
011170,롯데케미칼,31.584598035282625,31.829332849501316,0.13016106992082,86.2121599849656,76.66484119210149,,"<a href=""https://m.stock.naver.com/domestic/stock/011170/total"" target=""_blank"">Naver</a>"
123890,한국자산신탁,31.344263705936065,8.24745484776089,72.6137109405733,72.42363062136205,20.0,,"<a href=""https://m.stock.naver.com/domestic/stock/123890/total"" target=""_blank"">Naver</a>"
000850,화천기공,31.333944067097658,16.040142873684275,44.971143609107024,74.21872349043558,60.90400183133562,,"<a href=""https://m.stock.naver.com/domestic/stock/000850/total"" target=""_blank"">Naver</a>"
027970,한국제지,31.174686896813554,16.91929305068575,41.98537772082192,72.29151560188149,65.95230152016953,,"<a href=""https://m.stock.naver.com/domestic/stock/027970/total"" target=""_blank"">Naver</a>"
010400,우진아이엔에스,31.161107760753445,32.21488727684817,0.0,73.58178919062433,89.47992951164223,,"<a href=""https://m.stock.naver.com/domestic/stock/010400/total"" target=""_blank"">Naver</a>"
005950,이수화학,31.09513714673973,30.39720983237503,19.316900650184255,34.49163791477778,91.56844586581738,,"<a href=""https://m.stock.naver.com/domestic/stock/005950/total"" target=""_blank"">Naver</a>"
002240,고려제강,31.072754418801058,17.16001720588515,42.57671772036117,73.32672333767927,55.997846628234925,,"<a href=""https://m.stock.naver.com/domestic/stock/002240/total"" target=""_blank"">Naver</a>"
058850,KTcs,30.97263892857853,12.17494083346971,44.046512026008465,78.22902475963265,96.66287892062645,,"<a href=""https://m.stock.naver.com/domestic/stock/058850/total"" target=""_blank"">Naver</a>"
462520,조선내화,30.91777599280936,17.62268710650813,42.78625365059445,58.15319706519472,76.64561219472797,,"<a href=""https://m.stock.naver.com/domestic/stock/462520/total"" target=""_blank"">Naver</a>"
031430,신세계인터내셔날,30.91272171591104,15.997034736566981,46.6960371239885,70.18212783942624,52.445576180622055,,"<a href=""https://m.stock.naver.com/domestic/stock/031430/total"" target=""_blank"">Naver</a>"
004970,신라교역,30.897162545048953,9.80995983061763,48.610721159143964,87.19707890417871,82.77596932949028,,"<a href=""https://m.stock.naver.com/domestic/stock/004970/total"" target=""_blank"">Naver</a>"
336260,두산퓨얼셀,30.79475766224652,30.50917712914284,19.092005842838496,58.427477871215075,37.47004273859376,,"<a href=""https://m.stock.naver.com/domestic/stock/336260/total"" target=""_blank"">Naver</a>"
096770,SK이노베이션,30.69610067733191,27.174165666363592,21.718807532095582,49.02752052258276,81.18294684463164,,"<a href=""https://m.stock.naver.com/domestic/stock/096770/total"" target=""_blank"">Naver</a>"
009290,광동제약,30.504651196635063,13.123239167549876,46.60755328995219,69.02582593238259,81.52473560757662,,"<a href=""https://m.stock.naver.com/domestic/stock/009290/total"" target=""_blank"">Naver</a>"
055490,테이팩스,30.500723602705904,11.808374173858164,44.07893530454542,85.80644115426526,76.30642313656249,,"<a href=""https://m.stock.naver.com/domestic/stock/055490/total"" target=""_blank"">Naver</a>"
036420,콘텐트리중앙,30.450962818374897,37.91183264541406,0.0,38.51354945029891,77.05016572193148,,"<a href=""https://m.stock.naver.com/domestic/stock/036420/total"" target=""_blank"">Naver</a>"
001620,케이비아이동국실업,30.408455874507457,17.63800990716246,46.25510593405891,39.9021010243581,85.43326688518887,,"<a href=""https://m.stock.naver.com/domestic/stock/001620/total"" target=""_blank"">Naver</a>"
014790,HL D&I,30.204279122624364,13.592143966167358,47.26746444978153,61.462688905393655,81.717154798784,,"<a href=""https://m.stock.naver.com/domestic/stock/014790/total"" target=""_blank"">Naver</a>"
002200,한국수출포장,30.11626848780995,15.283716699433462,37.90606242932818,74.50038685292196,80.38968351051267,,"<a href=""https://m.stock.naver.com/domestic/stock/002200/total"" target=""_blank"">Naver</a>"
108670,LX하우시스,30.11319985131604,13.49070016838202,44.72878340938113,64.97679202379027,86.77809391125038,,"<a href=""https://m.stock.naver.com/domestic/stock/108670/total"" target=""_blank"">Naver</a>"
002880,대유에이텍,30.065061400704362,21.436224022014176,32.73878726674327,41.852907600998655,96.66678821420342,,"<a href=""https://m.stock.naver.com/domestic/stock/002880/total"" target=""_blank"">Naver</a>"
009200,무림페이퍼,30.00776353008012,15.255598574380786,54.26780299388713,40.973254501712674,63.80256373617194,,"<a href=""https://m.stock.naver.com/domestic/stock/009200/total"" target=""_blank"">Naver</a>"
092780,DYP,30.007042202872128,14.992355208390157,47.57586538815743,53.80551281009405,74.74222899578541,,"<a href=""https://m.stock.naver.com/domestic/stock/092780/total"" target=""_blank"">Naver</a>"
001450,현대해상,29.988454365190584,17.71615012059358,60.10172383800441,33.333333333333336,20.0,,"<a href=""https://m.stock.naver.com/domestic/stock/001450/total"" target=""_blank"">Naver</a>"
013360,일성건설,29.936757052773643,37.437282478546535,1.1276183045141348,31.95290247898894,79.94385483236597,,"<a href=""https://m.stock.naver.com/domestic/stock/013360/total"" target=""_blank"">Naver</a>"
000150,두산,29.884183152027028,15.162399590020861,46.05584706497274,55.49963690558367,74.45635882425917,,"<a href=""https://m.stock.naver.com/domestic/stock/000150/total"" target=""_blank"">Naver</a>"
008060,대덕,29.816752228749177,13.395392478445848,42.20040984624238,74.38465552298346,75.8189745564545,,"<a href=""https://m.stock.naver.com/domestic/stock/008060/total"" target=""_blank"">Naver</a>"
005880,대한해운,29.53950818647958,0.0,71.63664737473938,79.57675868686664,73.45340948216138,,"<a href=""https://m.stock.naver.com/domestic/stock/005880/total"" target=""_blank"">Naver</a>"
007070,GS리테일,29.473074199838152,15.96311469909906,39.42535002900157,53.62758471771548,93.52218802713551,,"<a href=""https://m.stock.naver.com/domestic/stock/007070/total"" target=""_blank"">Naver</a>"
006200,한국전자홀딩스,29.460424670880034,17.642168277534502,33.18983068137967,74.13972314590886,63.27387438847062,,"<a href=""https://m.stock.naver.com/domestic/stock/006200/total"" target=""_blank"">Naver</a>"
014280,금강공업,29.434544637348353,14.290948852797749,47.110897392376415,59.15088714239984,63.343245266712216,,"<a href=""https://m.stock.naver.com/domestic/stock/014280/total"" target=""_blank"">Naver</a>"
014130,한익스프레스,29.399733845409937,12.552689696007596,55.88915192447157,33.76196310212599,90.39271472949775,,"<a href=""https://m.stock.naver.com/domestic/stock/014130/total"" target=""_blank"">Naver</a>"
033240,자화전자,29.379332713867825,11.19249427391987,49.21656851666845,66.47247456520692,74.24893127656199,,"<a href=""https://m.stock.naver.com/domestic/stock/033240/total"" target=""_blank"">Naver</a>"
034020,두산에너빌리티,29.26880456299512,13.080437832404316,46.83320727515436,59.2159893311038,75.81282223307117,,"<a href=""https://m.stock.naver.com/domestic/stock/034020/total"" target=""_blank"">Naver</a>"
024720,콜마홀딩스,29.2174796505737,10.766188798656321,52.86599125877115,55.544069644955925,79.73723184383063,,"<a href=""https://m.stock.naver.com/domestic/stock/024720/total"" target=""_blank"">Naver</a>"
134790,시디즈,29.1259197060436,14.335354316332763,36.00657588634211,69.84723800229966,90.76678688856892,,"<a href=""https://m.stock.naver.com/domestic/stock/134790/total"" target=""_blank"">Naver</a>"
372910,한컴라이프케어,29.0706073255735,5.542270798470625,54.65394905732881,97.29371559884179,47.047720445494946,,"<a href=""https://m.stock.naver.com/domestic/stock/372910/total"" target=""_blank"">Naver</a>"
000480,CR홀딩스,29.014183479146247,17.476889236764972,36.85782925431185,57.69805846037801,70.87573554942998,,"<a href=""https://m.stock.naver.com/domestic/stock/000480/total"" target=""_blank"">Naver</a>"
002820,SUN&L,28.809952814978708,25.635817996015987,20.04673227085279,44.98577276401619,78.36403346508592,,"<a href=""https://m.stock.naver.com/domestic/stock/002820/total"" target=""_blank"">Naver</a>"
010060,OCI홀딩스,28.79485103147983,18.99713429807958,32.82089814239258,71.72683749025457,40.37324336016959,,"<a href=""https://m.stock.naver.com/domestic/stock/010060/total"" target=""_blank"">Naver</a>"
042670,HD현대인프라코어,28.794775518974966,11.042173702291345,50.66636000941264,66.7596087463673,56.53840841220531,,"<a href=""https://m.stock.naver.com/domestic/stock/042670/total"" target=""_blank"">Naver</a>"
000760,이화산업,28.40498989259674,16.018488295087604,39.139551079386486,67.02897393304237,46.122235047866354,,"<a href=""https://m.stock.naver.com/domestic/stock/000760/total"" target=""_blank"">Naver</a>"
002920,유성기업,28.22772313150791,16.422338481462834,27.337520031097416,74.15647777472715,82.48584514766287,,"<a href=""https://m.stock.naver.com/domestic/stock/002920/total"" target=""_blank"">Naver</a>"
005010,휴스틸,28.0173091183689,12.987250112817136,38.9761566029893,73.89241100329622,61.8335759920335,,"<a href=""https://m.stock.naver.com/domestic/stock/005010/total"" target=""_blank"">Naver</a>"
009580,무림P&P,27.91896631434841,13.426604103418788,48.3126017851159,45.67077999249386,64.35550813537546,,"<a href=""https://m.stock.naver.com/domestic/stock/009580/total"" target=""_blank"">Naver</a>"
004910,조광페인트,27.773441165537506,10.253468042841222,53.40048107372857,49.890794115252724,65.64321319750718,,"<a href=""https://m.stock.naver.com/domestic/stock/004910/total"" target=""_blank"">Naver</a>"
036570,엔씨소프트,27.717683997329644,12.692207014857445,36.88229278531701,74.2855602860432,69.06461126963207,,"<a href=""https://m.stock.naver.com/domestic/stock/036570/total"" target=""_blank"">Naver</a>"
009440,KC그린홀딩스,27.636734154957,28.33436023879501,0.0,62.31187536550153,88.0986095025968,,"<a href=""https://m.stock.naver.com/domestic/stock/009440/total"" target=""_blank"">Naver</a>"
004980,성신양회,27.24654416594243,8.905806784765014,50.98669259881202,53.40651083857337,76.31471723046162,,"<a href=""https://m.stock.naver.com/domestic/stock/004980/total"" target=""_blank"">Naver</a>"
084870,TBH글로벌,27.11992583978972,16.437498338584124,30.419345978036276,67.9802431364713,57.091320569661,,"<a href=""https://m.stock.naver.com/domestic/stock/084870/total"" target=""_blank"">Naver</a>"
002450,삼익악기,27.088719111105387,14.639490609950478,36.72197592061266,57.930739080855645,66.62913713792744,,"<a href=""https://m.stock.naver.com/domestic/stock/002450/total"" target=""_blank"">Naver</a>"
020760,일진디스플,27.03951820869968,14.546379102336289,32.65602973314312,61.10146050759225,80.75074526505796,,"<a href=""https://m.stock.naver.com/domestic/stock/020760/total"" target=""_blank"">Naver</a>"
306200,세아제강,27.000848507138624,0.0,59.32572008874728,85.62998102968876,72.12840763965852,,"<a href=""https://m.stock.naver.com/domestic/stock/306200/total"" target=""_blank"">Naver</a>"
003620,KG모빌리티,26.941991238147136,13.030317779404706,35.92998791147701,58.49485193642996,85.8363679798412,,"<a href=""https://m.stock.naver.com/domestic/stock/003620/total"" target=""_blank"">Naver</a>"
009410,태영건설,26.82014026909929,11.352624454005666,51.44491643928847,35.95808367628317,71.03056238490917,,"<a href=""https://m.stock.naver.com/domestic/stock/009410/total"" target=""_blank"">Naver</a>"
003470,유안타증권,26.778518480113032,8.001203282786848,83.01979224176465,2.228484499997625,20.0,,"<a href=""https://m.stock.naver.com/domestic/stock/003470/total"" target=""_blank"">Naver</a>"
055550,신한지주,26.631924350571754,33.84532138831462,21.298926070331934,0.0,20.0,,"<a href=""https://m.stock.naver.com/domestic/stock/055550/total"" target=""_blank"">Naver</a>"
002410,범양건영,26.495814870542187,33.40539169202564,0.0,28.278124518203363,72.49534807012934,,"<a href=""https://m.stock.naver.com/domestic/stock/002410/total"" target=""_blank"">Naver</a>"
001200,유진투자증권,26.272813773783064,15.94790262090973,49.48295547161556,33.333333333333336,20.0,,"<a href=""https://m.stock.naver.com/domestic/stock/001200/total"" target=""_blank"">Naver</a>"
003080,SB성보,26.255620022175272,23.825804392750076,13.916728430604522,68.13804022751188,33.343025122458236,,"<a href=""https://m.stock.naver.com/domestic/stock/003080/total"" target=""_blank"">Naver</a>"
137310,에스디바이오센서,26.22572929493378,25.98594108458144,5.865049924399469,74.16103760706878,35.035968047563415,,"<a href=""https://m.stock.naver.com/domestic/stock/137310/total"" target=""_blank"">Naver</a>"
018880,한온시스템,25.800499161887785,20.258600976800416,22.05959218343446,40.93335791842681,80.74209476212476,,"<a href=""https://m.stock.naver.com/domestic/stock/018880/total"" target=""_blank"">Naver</a>"
049800,우진플라임,25.765024017543546,12.619860537824032,41.773908654629054,43.7091040345053,67.5744025548266,,"<a href=""https://m.stock.naver.com/domestic/stock/049800/total"" target=""_blank"">Naver</a>"
019490,엑시큐어하이트론,25.585985634527514,33.333333333333336,0.0,39.63937023982896,32.44097221089237,,"<a href=""https://m.stock.naver.com/domestic/stock/019490/total"" target=""_blank"">Naver</a>"
213500,한솔제지,25.567751477305436,18.538987387092202,24.238476724716275,46.804517229358396,74.08576281870417,,"<a href=""https://m.stock.naver.com/domestic/stock/213500/total"" target=""_blank"">Naver</a>"
002460,HS화성,25.50215630360433,6.545992239459438,47.70243309384217,68.63374067035747,55.711572388647575,,"<a href=""https://m.stock.naver.com/domestic/stock/002460/total"" target=""_blank"">Naver</a>"
011280,태림포장,25.049077891460197,18.860847236695093,18.858749613244743,46.96150976092417,86.43462340079073,,"<a href=""https://m.stock.naver.com/domestic/stock/011280/total"" target=""_blank"">Naver</a>"
214330,금호에이치티,24.998643301040335,10.917635949916018,23.596286409497324,88.29068721739873,74.3984281395304,,"<a href=""https://m.stock.naver.com/domestic/stock/214330/total"" target=""_blank"">Naver</a>"
317400,자이에스앤디,24.94575453091548,7.395273326454386,38.24594624808037,69.75920016252616,79.42367913540284,,"<a href=""https://m.stock.naver.com/domestic/stock/317400/total"" target=""_blank"">Naver</a>"
004990,롯데지주,24.908523169576902,18.819151165181168,19.809666571267833,45.40807268808503,82.47617117685478,,"<a href=""https://m.stock.naver.com/domestic/stock/004990/total"" target=""_blank"">Naver</a>"
010950,S-Oil,24.846339231184,15.220243055903381,25.876730865048017,46.17210863824431,92.55599635111072,,"<a href=""https://m.stock.naver.com/domestic/stock/010950/total"" target=""_blank"">Naver</a>"
001940,KISCO홀딩스,24.828160656795134,5.5595304151637945,41.37572514386549,74.70527479823659,73.55967283813654,,"<a href=""https://m.stock.naver.com/domestic/stock/001940/total"" target=""_blank"">Naver</a>"
001020,페이퍼코리아,24.71356950893962,14.967114087360441,24.46815001297685,68.8547298686072,54.61581132836851,,"<a href=""https://m.stock.naver.com/domestic/stock/001020/total"" target=""_blank"">Naver</a>"
085310,엔케이,24.68941705470191,14.286615529174265,20.016120630983078,74.45778357176076,73.35278444551017,,"<a href=""https://m.stock.naver.com/domestic/stock/085310/total"" target=""_blank"">Naver</a>"
000180,성창기업지주,24.648352497726574,14.984126466183966,25.659619293971208,59.63700609319842,65.58542370407095,,"<a href=""https://m.stock.naver.com/domestic/stock/000180/total"" target=""_blank"">Naver</a>"
006370,대구백화점,24.55710742680733,29.154944159192294,0.0,40.729038104820795,59.824742416197466,,"<a href=""https://m.stock.naver.com/domestic/stock/006370/total"" target=""_blank"">Naver</a>"
480370,씨케이솔루션,24.411021411299576,23.44059435399325,1.6773827288643257,58.69545928699446,81.15546375976191,,"<a href=""https://m.stock.naver.com/domestic/stock/480370/total"" target=""_blank"">Naver</a>"
006110,삼아알미늄,24.36670045200559,19.338745143363788,14.491799962936108,64.58540366405977,53.639260176946266,,"<a href=""https://m.stock.naver.com/domestic/stock/006110/total"" target=""_blank"">Naver</a>"
097230,HJ중공업,23.74146701698766,11.58393788775525,37.23485854974121,30.779036933086417,88.08971907181133,,"<a href=""https://m.stock.naver.com/domestic/stock/097230/total"" target=""_blank"">Naver</a>"
006740,영풍제지,23.071246626265705,23.852792327981827,0.0,51.075425051201776,73.04057448712864,,"<a href=""https://m.stock.naver.com/domestic/stock/006740/total"" target=""_blank"">Naver</a>"
093230,이아이디,22.944338482913846,11.068860815794482,20.7461375856264,68.43626780441036,85.45721633179036,,"<a href=""https://m.stock.naver.com/domestic/stock/093230/total"" target=""_blank"">Naver</a>"
011700,한신기계,22.713637291789574,9.281746363784837,29.291170307716413,74.19541263853817,48.045112654715055,,"<a href=""https://m.stock.naver.com/domestic/stock/011700/total"" target=""_blank"">Naver</a>"
145210,다이나믹디자인,22.256757531904302,18.253547873258004,7.436085111410414,59.703653158336586,69.50484428526474,,"<a href=""https://m.stock.naver.com/domestic/stock/145210/total"" target=""_blank"">Naver</a>"
011790,SKC,22.25212293394546,18.018666009905505,14.789341749997886,36.65794977894394,81.55585825216583,,"<a href=""https://m.stock.naver.com/domestic/stock/011790/total"" target=""_blank"">Naver</a>"
001520,동양,22.202536643421155,17.460822723350553,11.457816600561872,51.63305520229967,73.96566678080771,,"<a href=""https://m.stock.naver.com/domestic/stock/001520/total"" target=""_blank"">Naver</a>"
004540,깨끗한나라,21.855512534980864,16.039790522766072,18.59901569443527,34.57154415050246,82.49459765324309,,"<a href=""https://m.stock.naver.com/domestic/stock/004540/total"" target=""_blank"">Naver</a>"
003670,포스코퓨처엠,21.685989357569138,14.314082969847407,16.513126892755224,58.23134079444607,62.922475460545584,,"<a href=""https://m.stock.naver.com/domestic/stock/003670/total"" target=""_blank"">Naver</a>"
001260,남광토건,21.56455509595571,0.0,44.88288138210981,59.83099561721548,87.21470377413421,,"<a href=""https://m.stock.naver.com/domestic/stock/001260/total"" target=""_blank"">Naver</a>"
012160,영흥,21.479641568989067,11.791715681392224,21.14695004875656,57.61687962814887,67.12373370299409,,"<a href=""https://m.stock.naver.com/domestic/stock/012160/total"" target=""_blank"">Naver</a>"
027740,마니커,21.302437638040693,14.957833919621654,17.50468064445001,32.08341805955461,94.86450638399472,,"<a href=""https://m.stock.naver.com/domestic/stock/027740/total"" target=""_blank"">Naver</a>"
139990,아주스틸,21.142054092767157,20.249180695484128,6.703265787336217,29.816040902243575,86.70250276836539,,"<a href=""https://m.stock.naver.com/domestic/stock/139990/total"" target=""_blank"">Naver</a>"
454910,두산로보틱스,21.051465978239055,16.666666666666668,0.0,99.88642611405787,21.256467336665366,,"<a href=""https://m.stock.naver.com/domestic/stock/454910/total"" target=""_blank"">Naver</a>"
001740,SK네트웍스,20.840142197204248,0.0,43.24985030142242,54.49745220796224,91.55868802104843,,"<a href=""https://m.stock.naver.com/domestic/stock/001740/total"" target=""_blank"">Naver</a>"
000520,삼일제약,20.714728216846606,15.141048897292826,14.208528451935186,46.692829899539845,68.17367551066259,,"<a href=""https://m.stock.naver.com/domestic/stock/000520/total"" target=""_blank"">Naver</a>"
085620,미래에셋생명,20.685211003130856,0.0,52.074177345856754,66.66666666666667,20.0,,"<a href=""https://m.stock.naver.com/domestic/stock/085620/total"" target=""_blank"">Naver</a>"
011930,신성이엔지,20.662808175258302,11.572199789728662,19.592465184957682,46.187868365940574,84.05170337175258,,"<a href=""https://m.stock.naver.com/domestic/stock/011930/total"" target=""_blank"">Naver</a>"
006400,삼성SDI,20.041976150199154,0.0,44.39461742157304,59.48208818442946,59.90225952725894,,"<a href=""https://m.stock.naver.com/domestic/stock/006400/total"" target=""_blank"">Naver</a>"
204210,스타에스엠리츠,19.952171983798923,20.389139126389612,0.0,48.23075096252578,57.91226823425153,,"<a href=""https://m.stock.naver.com/domestic/stock/204210/total"" target=""_blank"">Naver</a>"
003060,에이프로젠바이오로직스,19.63909537719834,21.865554151432832,0.0,49.33873938504999,31.717778956672845,,"<a href=""https://m.stock.naver.com/domestic/stock/003060/total"" target=""_blank"">Naver</a>"
091810,티웨이항공,19.18450541933592,18.20988939274132,2.750232502949656,30.310366203053256,90.79954075296773,,"<a href=""https://m.stock.naver.com/domestic/stock/091810/total"" target=""_blank"">Naver</a>"
015260,에이엔피,19.005078218128887,17.04365780642758,5.319341764143496,30.71677682657305,87.54740821158323,,"<a href=""https://m.stock.naver.com/domestic/stock/015260/total"" target=""_blank"">Naver</a>"
002390,한독,18.884815109587684,13.740652066277582,11.793902295705825,49.76929235137545,54.30038121514274,,"<a href=""https://m.stock.naver.com/domestic/stock/002390/total"" target=""_blank"">Naver</a>"
006840,AK홀딩스,17.92845752361264,7.663627871440301,24.876572442648506,29.257593510047666,83.70756678163133,,"<a href=""https://m.stock.naver.com/domestic/stock/006840/total"" target=""_blank"">Naver</a>"
005360,모나미,17.850008685337112,10.313892381246399,13.093987265212874,58.897077216194745,49.96937437333158,,"<a href=""https://m.stock.naver.com/domestic/stock/005360/total"" target=""_blank"">Naver</a>"
001470,삼부토건,17.5389975844604,0.0,33.333333333333336,51.44526700681098,81.22275100891935,,"<a href=""https://m.stock.naver.com/domestic/stock/001470/total"" target=""_blank"">Naver</a>"
286940,롯데이노베이트,17.07149785050199,3.762489574746457,26.97386617547045,50.70537561786503,60.0,,"<a href=""https://m.stock.naver.com/domestic/stock/286940/total"" target=""_blank"">Naver</a>"
026890,스틱인베스트먼트,16.918442629200833,5.037741276535247,24.600226001383714,63.15339349040237,28.608040277870373,,"<a href=""https://m.stock.naver.com/domestic/stock/026890/total"" target=""_blank"">Naver</a>"
008970,동양철관,16.58178890397003,2.8780703614862104,16.33718181812238,68.63953309961721,78.13395845171972,,"<a href=""https://m.stock.naver.com/domestic/stock/008970/total"" target=""_blank"">Naver</a>"
004380,삼익THK,16.523782336652804,4.006867165096688,26.457593014600075,51.73453507010342,46.636205538688586,,"<a href=""https://m.stock.naver.com/domestic/stock/004380/total"" target=""_blank"">Naver</a>"
010780,아이에스동서,16.29909995281744,4.122725535377981,22.066778544212667,65.28976872884445,35.59586245306073,,"<a href=""https://m.stock.naver.com/domestic/stock/010780/total"" target=""_blank"">Naver</a>"
003580,HLB글로벌,15.500620731173328,9.727839292075569,0.0,68.68058841399483,55.91716629057008,,"<a href=""https://m.stock.naver.com/domestic/stock/003580/total"" target=""_blank"">Naver</a>"
020150,롯데에너지머티리얼즈,15.12404694652719,1.1993160319599636,18.885816253966812,74.50308061507737,44.65390404703544,,"<a href=""https://m.stock.naver.com/domestic/stock/020150/total"" target=""_blank"">Naver</a>"
006570,대림통상,14.662353437512577,7.757649397880859,9.981542893184917,49.51248396568994,51.222593578376774,,"<a href=""https://m.stock.naver.com/domestic/stock/006570/total"" target=""_blank"">Naver</a>"
119650,KC코트렐,14.429314988876158,8.294957987150779,0.0,50.775266939293395,87.496270053127,,"<a href=""https://m.stock.naver.com/domestic/stock/119650/total"" target=""_blank"">Naver</a>"
007460,에이프로젠,14.353569602431872,12.092308346435123,0.0,52.35284977599868,37.25799233941859,,"<a href=""https://m.stock.naver.com/domestic/stock/007460/total"" target=""_blank"">Naver</a>"
089590,제주항공,13.292738731645311,1.9261872596443899,19.88139923106239,27.5,88.33353136186163,,"<a href=""https://m.stock.naver.com/domestic/stock/089590/total"" target=""_blank"">Naver</a>"
069640,한세엠케이,13.265839459089545,12.895378294564852,0.0,30.89443063307901,48.783388380854646,,"<a href=""https://m.stock.naver.com/domestic/stock/069640/total"" target=""_blank"">Naver</a>"
071950,코아스,13.237768545033662,9.636894838005786,0.0,28.11261455562389,92.88740373335602,,"<a href=""https://m.stock.naver.com/domestic/stock/071950/total"" target=""_blank"">Naver</a>"
092220,KEC,8.790444834747444,0.0,3.716020771416874,64.49966688401295,28.229459069838583,,"<a href=""https://m.stock.naver.com/domestic/stock/092220/total"" target=""_blank"">Naver</a>"
025620,제이준코스메틱,8.490969062313829,0.0,0.0,55.37385688150928,59.071667483258,,"<a href=""https://m.stock.naver.com/domestic/stock/025620/total"" target=""_blank"">Naver</a>"
012170,아센디오,7.764129911204937,0.7213093496946191,0.0,46.710683872939185,53.205518281884935,,"<a href=""https://m.stock.naver.com/domestic/stock/012170/total"" target=""_blank"">Naver</a>"
009310,참엔지니어링,5.443811317917226,0.0,0.0,18.924266450677464,71.0276934569896,,"<a href=""https://m.stock.naver.com/domestic/stock/009310/total"" target=""_blank"">Naver</a>"
005935,삼성전자우,,,,,,corp_code not found,"<a href=""https://m.stock.naver.com/domestic/stock/005935/total"" target=""_blank"">Naver</a>"
005387,현대차2우B,,,,,,corp_code not found,"<a href=""https://m.stock.naver.com/domestic/stock/005387/total"" target=""_blank"">Naver</a>"
088980,맥쿼리인프라,,,,,,annual FS not found,"<a href=""https://m.stock.naver.com/domestic/stock/088980/total"" target=""_blank"">Naver</a>"
005385,현대차우,,,,,,corp_code not found,"<a href=""https://m.stock.naver.com/domestic/stock/005385/total"" target=""_blank"">Naver</a>"
439260,대한조선,,,,,,annual FS not found,"<a href=""https://m.stock.naver.com/domestic/stock/439260/total"" target=""_blank"">Naver</a>"
000155,두산우,,,,,,corp_code not found,"<a href=""https://m.stock.naver.com/domestic/stock/000155/total"" target=""_blank"">Naver</a>"
610063,메리츠 KIS CD금리투자 ETN,,,,,,corp_code not found,"<a href=""https://m.stock.naver.com/domestic/stock/610063/total"" target=""_blank"">Naver</a>"
051915,LG화학우,,,,,,corp_code not found,"<a href=""https://m.stock.naver.com/domestic/stock/051915/total"" target=""_blank"">Naver</a>"
00680K,미래에셋증권2우B,,,,,,corp_code not found,"<a href=""https://m.stock.naver.com/domestic/stock/00680K/total"" target=""_blank"">Naver</a>"
415640,KB발해인프라,,,,,,annual FS not found,"<a href=""https://m.stock.naver.com/domestic/stock/415640/total"" target=""_blank"">Naver</a>"
000815,삼성화재우,,,,,,corp_code not found,"<a href=""https://m.stock.naver.com/domestic/stock/000815/total"" target=""_blank"">Naver</a>"
700026,하나 CD금리투자 ETN,,,,,,corp_code not found,"<a href=""https://m.stock.naver.com/domestic/stock/700026/total"" target=""_blank"">Naver</a>"
550082,N2 KIS CD금리투자 ETN,,,,,,corp_code not found,"<a href=""https://m.stock.naver.com/domestic/stock/550082/total"" target=""_blank"">Naver</a>"
00088K,한화3우B,,,,,,corp_code not found,"<a href=""https://m.stock.naver.com/domestic/stock/00088K/total"" target=""_blank"">Naver</a>"
760009,키움 CD금리투자 ETN,,,,,,corp_code not found,"<a href=""https://m.stock.naver.com/domestic/stock/760009/total"" target=""_blank"">Naver</a>"
066575,LG전자우,,,,,,corp_code not found,"<a href=""https://m.stock.naver.com/domestic/stock/066575/total"" target=""_blank"">Naver</a>"
530031,삼성 레버리지 WTI원유 선물 ETN,,,,,,corp_code not found,"<a href=""https://m.stock.naver.com/domestic/stock/530031/total"" target=""_blank"">Naver</a>"
580058,KB KIS CD금리투자 ETN,,,,,,corp_code not found,"<a href=""https://m.stock.naver.com/domestic/stock/580058/total"" target=""_blank"">Naver</a>"
00104K,CJ4우(전환),,,,,,corp_code not found,"<a href=""https://m.stock.naver.com/domestic/stock/00104K/total"" target=""_blank"">Naver</a>"
071055,한국금융지주우,,,,,,corp_code not found,"<a href=""https://m.stock.naver.com/domestic/stock/071055/total"" target=""_blank"">Naver</a>"
500019,신한 레버리지 WTI원유 선물 ETN(H),,,,,,corp_code not found,"<a href=""https://m.stock.naver.com/domestic/stock/500019/total"" target=""_blank"">Naver</a>"
003545,대신증권우,,,,,,corp_code not found,"<a href=""https://m.stock.naver.com/domestic/stock/003545/total"" target=""_blank"">Naver</a>"
090435,아모레퍼시픽우,,,,,,corp_code not found,"<a href=""https://m.stock.naver.com/domestic/stock/090435/total"" target=""_blank"">Naver</a>"
094800,맵스리얼티1,,,,,,annual FS not found,"<a href=""https://m.stock.naver.com/domestic/stock/094800/total"" target=""_blank"">Naver</a>"
005389,현대차3우B,,,,,,corp_code not found,"<a href=""https://m.stock.naver.com/domestic/stock/005389/total"" target=""_blank"">Naver</a>"
000157,두산2우B,,,,,,corp_code not found,"<a href=""https://m.stock.naver.com/domestic/stock/000157/total"" target=""_blank"">Naver</a>"
570090,한투 KIS CD금리투자 ETN,,,,,,corp_code not found,"<a href=""https://m.stock.naver.com/domestic/stock/570090/total"" target=""_blank"">Naver</a>"
520009,미래에셋 레버리지 원유선물혼합 ETN(H),,,,,,corp_code not found,"<a href=""https://m.stock.naver.com/domestic/stock/520009/total"" target=""_blank"">Naver</a>"
005945,NH투자증권우,,,,,,corp_code not found,"<a href=""https://m.stock.naver.com/domestic/stock/005945/total"" target=""_blank"">Naver</a>"
0030R0,대신밸류리츠,,,,,,annual FS not found,"<a href=""https://m.stock.naver.com/domestic/stock/0030R0/total"" target=""_blank"">Naver</a>"
051905,LG생활건강우,,,,,,corp_code not found,"<a href=""https://m.stock.naver.com/domestic/stock/051905/total"" target=""_blank"">Naver</a>"
530107,삼성 인버스 2X 코스닥150 선물 ETN,,,,,,corp_code not found,"<a href=""https://m.stock.naver.com/domestic/stock/530107/total"" target=""_blank"">Naver</a>"
570022,한투 레버리지 S&P500 선물 ETN(H),,,,,,corp_code not found,"<a href=""https://m.stock.naver.com/domestic/stock/570022/total"" target=""_blank"">Naver</a>"
006405,삼성SDI우,,,,,,corp_code not found,"<a href=""https://m.stock.naver.com/domestic/stock/006405/total"" target=""_blank"">Naver</a>"
009155,삼성전기우,,,,,,corp_code not found,"<a href=""https://m.stock.naver.com/domestic/stock/009155/total"" target=""_blank"">Naver</a>"
097955,CJ제일제당 우,,,,,,corp_code not found,"<a href=""https://m.stock.naver.com/domestic/stock/097955/total"" target=""_blank"">Naver</a>"
001045,CJ우,,,,,,corp_code not found,"<a href=""https://m.stock.naver.com/domestic/stock/001045/total"" target=""_blank"">Naver</a>"
003555,LG우,,,,,,corp_code not found,"<a href=""https://m.stock.naver.com/domestic/stock/003555/total"" target=""_blank"">Naver</a>"
011785,금호석유화학우,,,,,,corp_code not found,"<a href=""https://m.stock.naver.com/domestic/stock/011785/total"" target=""_blank"">Naver</a>"
500077,신한 인버스0.5X S&P500 VIX S/T선물 ETN,,,,,,corp_code not found,"<a href=""https://m.stock.naver.com/domestic/stock/500077/total"" target=""_blank"">Naver</a>"
003547,대신증권2우B,,,,,,corp_code not found,"<a href=""https://m.stock.naver.com/domestic/stock/003547/total"" target=""_blank"">Naver</a>"
02826K,삼성물산우B,,,,,,corp_code not found,"<a href=""https://m.stock.naver.com/domestic/stock/02826K/total"" target=""_blank"">Naver</a>"
010955,S-Oil우,,,,,,corp_code not found,"<a href=""https://m.stock.naver.com/domestic/stock/010955/total"" target=""_blank"">Naver</a>"
00279K,아모레퍼시픽홀딩스3우C,,,,,,corp_code not found,"<a href=""https://m.stock.naver.com/domestic/stock/00279K/total"" target=""_blank"">Naver</a>"
530111,삼성 레버리지 천연가스 선물 ETN C,,,,,,corp_code not found,"<a href=""https://m.stock.naver.com/domestic/stock/530111/total"" target=""_blank"">Naver</a>"
610061,메리츠 3X 레버리지 국채30년 ETN,,,,,,corp_code not found,"<a href=""https://m.stock.naver.com/domestic/stock/610061/total"" target=""_blank"">Naver</a>"
570019,한투 코스피 양매도 5% OTM ETN,,,,,,corp_code not found,"<a href=""https://m.stock.naver.com/domestic/stock/570019/total"" target=""_blank"">Naver</a>"
500096,신한 인버스2X 천연가스 선물 ETN B,,,,,,corp_code not found,"<a href=""https://m.stock.naver.com/domestic/stock/500096/total"" target=""_blank"">Naver</a>"
500029,신한 레버리지 은 선물 ETN(H),,,,,,corp_code not found,"<a href=""https://m.stock.naver.com/domestic/stock/500029/total"" target=""_blank"">Naver</a>"
570051,한투 나스닥 100 ETN,,,,,,corp_code not found,"<a href=""https://m.stock.naver.com/domestic/stock/570051/total"" target=""_blank"">Naver</a>"
000105,유한양행우,,,,,,corp_code not found,"<a href=""https://m.stock.naver.com/domestic/stock/000105/total"" target=""_blank"">Naver</a>"
006805,미래에셋증권우,,,,,,corp_code not found,"<a href=""https://m.stock.naver.com/domestic/stock/006805/total"" target=""_blank"">Naver</a>"
570084,한투 블룸버그 인버스 2X 천연가스선물 ETN,,,,,,corp_code not found,"<a href=""https://m.stock.naver.com/domestic/stock/570084/total"" target=""_blank"">Naver</a>"
700023,하나 Solactive 2X US Tech Top 10 ETN(H),,,,,,corp_code not found,"<a href=""https://m.stock.naver.com/domestic/stock/700023/total"" target=""_blank"">Naver</a>"
550092,N2 월간 레버리지 방위산업 Top5 ETN,,,,,,corp_code not found,"<a href=""https://m.stock.naver.com/domestic/stock/550092/total"" target=""_blank"">Naver</a>"
570050,한투 S&P500 선물 ETN,,,,,,corp_code not found,"<a href=""https://m.stock.naver.com/domestic/stock/570050/total"" target=""_blank"">Naver</a>"
570082,한투 인버스 2X 코스닥150선물 ETN,,,,,,corp_code not found,"<a href=""https://m.stock.naver.com/domestic/stock/570082/total"" target=""_blank"">Naver</a>"
530036,삼성 인버스 2X WTI원유 선물 ETN,,,,,,corp_code not found,"<a href=""https://m.stock.naver.com/domestic/stock/530036/total"" target=""_blank"">Naver</a>"
500095,신한 S&P500 VIX S/T 선물 ETN E,,,,,,corp_code not found,"<a href=""https://m.stock.naver.com/domestic/stock/500095/total"" target=""_blank"">Naver</a>"
550044,N2 레버리지 S&P500 ETN,,,,,,corp_code not found,"<a href=""https://m.stock.naver.com/domestic/stock/550044/total"" target=""_blank"">Naver</a>"
500037,신한 레버리지 금 선물 ETN,,,,,,corp_code not found,"<a href=""https://m.stock.naver.com/domestic/stock/500037/total"" target=""_blank"">Naver</a>"
530136,삼성 인버스 2X 천연가스 선물 ETN D,,,,,,corp_code not found,"<a href=""https://m.stock.naver.com/domestic/stock/530136/total"" target=""_blank"">Naver</a>"
580015,KB 레버리지 나스닥 100 ETN,,,,,,corp_code not found,"<a href=""https://m.stock.naver.com/domestic/stock/580015/total"" target=""_blank"">Naver</a>"
096775,SK이노베이션우,,,,,,corp_code not found,"<a href=""https://m.stock.naver.com/domestic/stock/096775/total"" target=""_blank"">Naver</a>"
03473K,SK우,,,,,,corp_code not found,"<a href=""https://m.stock.naver.com/domestic/stock/03473K/total"" target=""_blank"">Naver</a>"
520057,미래에셋 인버스 2X 코스닥150 선물 ETN,,,,,,corp_code not found,"<a href=""https://m.stock.naver.com/domestic/stock/520057/total"" target=""_blank"">Naver</a>"
500015,신한 WTI원유 선물 ETN(H),,,,,,corp_code not found,"<a href=""https://m.stock.naver.com/domestic/stock/500015/total"" target=""_blank"">Naver</a>"
520054,미래에셋 레버리지 코스피200 선물 ETN,,,,,,corp_code not found,"<a href=""https://m.stock.naver.com/domestic/stock/520054/total"" target=""_blank"">Naver</a>"
500050,신한 레버리지 S&P500 선물 ETN,,,,,,corp_code not found,"<a href=""https://m.stock.naver.com/domestic/stock/500050/total"" target=""_blank"">Naver</a>"
33626K,두산퓨얼셀1우,,,,,,corp_code not found,"<a href=""https://m.stock.naver.com/domestic/stock/33626K/total"" target=""_blank"">Naver</a>"
580016,KB 레버리지 S&P 500 선물 ETN(H),,,,,,corp_code not found,"<a href=""https://m.stock.naver.com/domestic/stock/580016/total"" target=""_blank"">Naver</a>"
078935,GS우,,,,,,corp_code not found,"<a href=""https://m.stock.naver.com/domestic/stock/078935/total"" target=""_blank"">Naver</a>"
003925,남양유업우,,,,,,corp_code not found,"<a href=""https://m.stock.naver.com/domestic/stock/003925/total"" target=""_blank"">Naver</a>"
002795,아모레퍼시픽홀딩스우,,,,,,corp_code not found,"<a href=""https://m.stock.naver.com/domestic/stock/002795/total"" target=""_blank"">Naver</a>"
001275,부국증권우,,,,,,corp_code not found,"<a href=""https://m.stock.naver.com/domestic/stock/001275/total"" target=""_blank"">Naver</a>"
580046,KB 블룸버그 인버스2X 천연가스선물 ETN(H),,,,,,corp_code not found,"<a href=""https://m.stock.naver.com/domestic/stock/580046/total"" target=""_blank"">Naver</a>"
530055,삼성 레버리지 금 선물 ETN(H),,,,,,corp_code not found,"<a href=""https://m.stock.naver.com/domestic/stock/530055/total"" target=""_blank"">Naver</a>"
530019,삼성 미국 대형 성장주 ETN,,,,,,corp_code not found,"<a href=""https://m.stock.naver.com/domestic/stock/530019/total"" target=""_blank"">Naver</a>"
570103,한투 인버스2X 나스닥100 ETN B,,,,,,corp_code not found,"<a href=""https://m.stock.naver.com/domestic/stock/570103/total"" target=""_blank"">Naver</a>"
500071,신한 레버리지 코스닥 150 선물 ETN,,,,,,corp_code not found,"<a href=""https://m.stock.naver.com/domestic/stock/500071/total"" target=""_blank"">Naver</a>"
580010,KB Wise 분할매매 ETN,,,,,,corp_code not found,"<a href=""https://m.stock.naver.com/domestic/stock/580010/total"" target=""_blank"">Naver</a>"
37550L,DL이앤씨2우(전환),,,,,,corp_code not found,"<a href=""https://m.stock.naver.com/domestic/stock/37550L/total"" target=""_blank"">Naver</a>"
610066,메리츠 KAP 통안채 3개월 ETN,,,,,,corp_code not found,"<a href=""https://m.stock.naver.com/domestic/stock/610066/total"" target=""_blank"">Naver</a>"
530061,삼성 레버리지 은 선물 ETN(H),,,,,,corp_code not found,"<a href=""https://m.stock.naver.com/domestic/stock/530061/total"" target=""_blank"">Naver</a>"
120115,코오롱인더우,,,,,,corp_code not found,"<a href=""https://m.stock.naver.com/domestic/stock/120115/total"" target=""_blank"">Naver</a>"
760016,키움 레버리지 조선TOP10 ETN,,,,,,corp_code not found,"<a href=""https://m.stock.naver.com/domestic/stock/760016/total"" target=""_blank"">Naver</a>"
009835,한화솔루션우,,,,,,corp_code not found,"<a href=""https://m.stock.naver.com/domestic/stock/009835/total"" target=""_blank"">Naver</a>"
500082,신한 블룸버그 2X 천연가스 선물 ETN,,,,,,corp_code not found,"<a href=""https://m.stock.naver.com/domestic/stock/500082/total"" target=""_blank"">Naver</a>"
550091,N2 방위산업 Top5 ETN,,,,,,corp_code not found,"<a href=""https://m.stock.naver.com/domestic/stock/550091/total"" target=""_blank"">Naver</a>"
000725,현대건설우,,,,,,corp_code not found,"<a href=""https://m.stock.naver.com/domestic/stock/000725/total"" target=""_blank"">Naver</a>"
760018,키움 미국달러선물 ETN B,,,,,,corp_code not found,"<a href=""https://m.stock.naver.com/domestic/stock/760018/total"" target=""_blank"">Naver</a>"
570059,한투 레버리지 금 선물 ETN,,,,,,corp_code not found,"<a href=""https://m.stock.naver.com/domestic/stock/570059/total"" target=""_blank"">Naver</a>"
520070,미래에셋 0.5X 코스피200 선물 ETN,,,,,,corp_code not found,"<a href=""https://m.stock.naver.com/domestic/stock/520070/total"" target=""_blank"">Naver</a>"
580021,KB 인버스 천연가스 선물 ETN,,,,,,corp_code not found,"<a href=""https://m.stock.naver.com/domestic/stock/580021/total"" target=""_blank"">Naver</a>"
530015,삼성 미국 대형 성장주 ETN(H),,,,,,corp_code not found,"<a href=""https://m.stock.naver.com/domestic/stock/530015/total"" target=""_blank"">Naver</a>"
005305,롯데칠성우,,,,,,corp_code not found,"<a href=""https://m.stock.naver.com/domestic/stock/005305/total"" target=""_blank"">Naver</a>"
28513K,SK케미칼우,,,,,,corp_code not found,"<a href=""https://m.stock.naver.com/domestic/stock/28513K/total"" target=""_blank"">Naver</a>"
530130,삼성 S&P500 VIX S/T 선물 ETN B,,,,,,corp_code not found,"<a href=""https://m.stock.naver.com/domestic/stock/530130/total"" target=""_blank"">Naver</a>"
500072,신한 인버스 2X 코스닥 150 선물 ETN,,,,,,corp_code not found,"<a href=""https://m.stock.naver.com/domestic/stock/500072/total"" target=""_blank"">Naver</a>"
001465,BYC우,,,,,,corp_code not found,"<a href=""https://m.stock.naver.com/domestic/stock/001465/total"" target=""_blank"">Naver</a>"
520056,미래에셋 레버리지 코스닥150 선물 ETN,,,,,,corp_code not found,"<a href=""https://m.stock.naver.com/domestic/stock/520056/total"" target=""_blank"">Naver</a>"
700022,하나 Solactive US Tech Top 10 ETN(H),,,,,,corp_code not found,"<a href=""https://m.stock.naver.com/domestic/stock/700022/total"" target=""_blank"">Naver</a>"
570106,한투 레버리지일본니케이225선물 ETN(H),,,,,,corp_code not found,"<a href=""https://m.stock.naver.com/domestic/stock/570106/total"" target=""_blank"">Naver</a>"
520071,미래에셋 0.5X 코스닥150 선물 ETN,,,,,,corp_code not found,"<a href=""https://m.stock.naver.com/domestic/stock/520071/total"" target=""_blank"">Naver</a>"
520066,미래에셋 KRX금현물 Auto-KO-C 2810-01 ETN,,,,,,corp_code not found,"<a href=""https://m.stock.naver.com/domestic/stock/520066/total"" target=""_blank"">Naver</a>"
610037,메리츠 미국채30년 ETN(H),,,,,,corp_code not found,"<a href=""https://m.stock.naver.com/domestic/stock/610037/total"" target=""_blank"">Naver</a>"
610078,메리츠 3X 레버리지 미국채30년 ETN,,,,,,corp_code not found,"<a href=""https://m.stock.naver.com/domestic/stock/610078/total"" target=""_blank"">Naver</a>"
570116,한투 블룸버그레버리지WTI원유선물 ETN B,,,,,,corp_code not found,"<a href=""https://m.stock.naver.com/domestic/stock/570116/total"" target=""_blank"">Naver</a>"
530067,삼성 KRX 금현물 ETN,,,,,,corp_code not found,"<a href=""https://m.stock.naver.com/domestic/stock/530067/total"" target=""_blank"">Naver</a>"
760007,키움 코스피 200 TR ETN,,,,,,corp_code not found,"<a href=""https://m.stock.naver.com/domestic/stock/760007/total"" target=""_blank"">Naver</a>"
520089,미래에셋 CAPE 실러 US Core Sector ETN,,,,,,corp_code not found,"<a href=""https://m.stock.naver.com/domestic/stock/520089/total"" target=""_blank"">Naver</a>"
530134,삼성 블룸버그 인버스2X WTI원유선물 ETN B,,,,,,corp_code not found,"<a href=""https://m.stock.naver.com/domestic/stock/530134/total"" target=""_blank"">Naver</a>"
530131,삼성 인버스0.5X S&P500 VIX S/T선물 ETN B,,,,,,corp_code not found,"<a href=""https://m.stock.naver.com/domestic/stock/530131/total"" target=""_blank"">Naver</a>"
530020,삼성 미국 대형 가치주 ETN,,,,,,corp_code not found,"<a href=""https://m.stock.naver.com/domestic/stock/530020/total"" target=""_blank"">Naver</a>"
550062,N2 레버리지 금 선물 ETN(H),,,,,,corp_code not found,"<a href=""https://m.stock.naver.com/domestic/stock/550062/total"" target=""_blank"">Naver</a>"
500020,신한 레버리지 다우존스지수 선물 ETN(H),,,,,,corp_code not found,"<a href=""https://m.stock.naver.com/domestic/stock/500020/total"" target=""_blank"">Naver</a>"
610012,메리츠 레버리지 금 선물 ETN(H),,,,,,corp_code not found,"<a href=""https://m.stock.naver.com/domestic/stock/610012/total"" target=""_blank"">Naver</a>"
006125,SK디스커버리우,,,,,,corp_code not found,"<a href=""https://m.stock.naver.com/domestic/stock/006125/total"" target=""_blank"">Naver</a>"
500016,신한 금 선물 ETN(H),,,,,,corp_code not found,"<a href=""https://m.stock.naver.com/domestic/stock/500016/total"" target=""_blank"">Naver</a>"
003465,유화증권우,,,,,,corp_code not found,"<a href=""https://m.stock.naver.com/domestic/stock/003465/total"" target=""_blank"">Naver</a>"
520080,미래에셋 미국 테크&반도체 TOP3 ETN,,,,,,corp_code not found,"<a href=""https://m.stock.naver.com/domestic/stock/520080/total"" target=""_blank"">Naver</a>"
37550K,DL이앤씨우,,,,,,corp_code not found,"<a href=""https://m.stock.naver.com/domestic/stock/37550K/total"" target=""_blank"">Naver</a>"
610007,메리츠 국채30년 ETN,,,,,,corp_code not found,"<a href=""https://m.stock.naver.com/domestic/stock/610007/total"" target=""_blank"">Naver</a>"
520072,미래에셋 미국 AI TOP3 ETN,,,,,,corp_code not found,"<a href=""https://m.stock.naver.com/domestic/stock/520072/total"" target=""_blank"">Naver</a>"
019175,신풍제약우,,,,,,corp_code not found,"<a href=""https://m.stock.naver.com/domestic/stock/019175/total"" target=""_blank"">Naver</a>"
520091,미래에셋 인버스 천연가스 선물 ETN B,,,,,,corp_code not found,"<a href=""https://m.stock.naver.com/domestic/stock/520091/total"" target=""_blank"">Naver</a>"
610038,메리츠 레버리지 미국채30년 ETN(H),,,,,,corp_code not found,"<a href=""https://m.stock.naver.com/domestic/stock/610038/total"" target=""_blank"">Naver</a>"
530115,삼성 레버리지 나스닥 100 ETN,,,,,,corp_code not found,"<a href=""https://m.stock.naver.com/domestic/stock/530115/total"" target=""_blank"">Naver</a>"
003475,유안타증권우,,,,,,corp_code not found,"<a href=""https://m.stock.naver.com/domestic/stock/003475/total"" target=""_blank"">Naver</a>"
520086,미래에셋-0.5X S&P500 VIX S/T선물 ETN(H)B,,,,,,corp_code not found,"<a href=""https://m.stock.naver.com/domestic/stock/520086/total"" target=""_blank"">Naver</a>"
520087,미래에셋 레버리지 KRX 금현물 ETN,,,,,,corp_code not found,"<a href=""https://m.stock.naver.com/domestic/stock/520087/total"" target=""_blank"">Naver</a>"
520077,미래에셋 -1.5X 천연가스 선물 ETN,,,,,,corp_code not found,"<a href=""https://m.stock.naver.com/domestic/stock/520077/total"" target=""_blank"">Naver</a>"
000215,DL우,,,,,,corp_code not found,"<a href=""https://m.stock.naver.com/domestic/stock/000215/total"" target=""_blank"">Naver</a>"
570093,한투 레버리지 천연가스 선물 ETN B,,,,,,corp_code not found,"<a href=""https://m.stock.naver.com/domestic/stock/570093/total"" target=""_blank"">Naver</a>"
520081,미래에셋 2X 미국 테크&반도체 TOP3 ETN,,,,,,corp_code not found,"<a href=""https://m.stock.naver.com/domestic/stock/520081/total"" target=""_blank"">Naver</a>"
580020,KB 천연가스 선물 ETN(H),,,,,,corp_code not found,"<a href=""https://m.stock.naver.com/domestic/stock/580020/total"" target=""_blank"">Naver</a>"
530016,삼성 미국 대형 가치주 ETN(H),,,,,,corp_code not found,"<a href=""https://m.stock.naver.com/domestic/stock/530016/total"" target=""_blank"">Naver</a>"
570029,한투 코스피 양매도 3% OTM ETN,,,,,,corp_code not found,"<a href=""https://m.stock.naver.com/domestic/stock/570029/total"" target=""_blank"">Naver</a>"
500018,신한 구리 선물 ETN(H),,,,,,corp_code not found,"<a href=""https://m.stock.naver.com/domestic/stock/500018/total"" target=""_blank"">Naver</a>"
530113,삼성 레버리지 S&P500 선물 ETN,,,,,,corp_code not found,"<a href=""https://m.stock.naver.com/domestic/stock/530113/total"" target=""_blank"">Naver</a>"
530104,삼성 레버리지 코스피200 선물 ETN,,,,,,corp_code not found,"<a href=""https://m.stock.naver.com/domestic/stock/530104/total"" target=""_blank"">Naver</a>"
520068,미래에셋 2X 홍콩H 선물 ETN,,,,,,corp_code not found,"<a href=""https://m.stock.naver.com/domestic/stock/520068/total"" target=""_blank"">Naver</a>"
500069,신한 레버리지 코스피 200 선물 ETN,,,,,,corp_code not found,"<a href=""https://m.stock.naver.com/domestic/stock/500069/total"" target=""_blank"">Naver</a>"
530116,삼성 인버스 2X 나스닥 100 ETN,,,,,,corp_code not found,"<a href=""https://m.stock.naver.com/domestic/stock/530116/total"" target=""_blank"">Naver</a>"
520074,미래에셋 미국 방위산업 TOP3 ETN,,,,,,corp_code not found,"<a href=""https://m.stock.naver.com/domestic/stock/520074/total"" target=""_blank"">Naver</a>"
500017,신한 은 선물 ETN(H),,,,,,corp_code not found,"<a href=""https://m.stock.naver.com/domestic/stock/500017/total"" target=""_blank"">Naver</a>"
520073,미래에셋 레버리지 미국 AI TOP3 ETN,,,,,,corp_code not found,"<a href=""https://m.stock.naver.com/domestic/stock/520073/total"" target=""_blank"">Naver</a>"
530023,삼성 레버리지 China A50 선물 ETN(H),,,,,,corp_code not found,"<a href=""https://m.stock.naver.com/domestic/stock/530023/total"" target=""_blank"">Naver</a>"
500027,신한 인버스 2X WTI원유 선물 ETN(H),,,,,,corp_code not found,"<a href=""https://m.stock.naver.com/domestic/stock/500027/total"" target=""_blank"">Naver</a>"
520090,미래에셋 천연가스 선물 ETN B,,,,,,corp_code not found,"<a href=""https://m.stock.naver.com/domestic/stock/520090/total"" target=""_blank"">Naver</a>"
530119,삼성 레버리지 항셍테크 ETN(H) B,,,,,,corp_code not found,"<a href=""https://m.stock.naver.com/domestic/stock/530119/total"" target=""_blank"">Naver</a>"
580034,KB 레버리지 FANG 플러스 ETN(H),,,,,,corp_code not found,"<a href=""https://m.stock.naver.com/domestic/stock/580034/total"" target=""_blank"">Naver</a>"
550041,N2 미국 IT TOP5 ETN(H),,,,,,corp_code not found,"<a href=""https://m.stock.naver.com/domestic/stock/550041/total"" target=""_blank"">Naver</a>"
003535,한화투자증권우,,,,,,corp_code not found,"<a href=""https://m.stock.naver.com/domestic/stock/003535/total"" target=""_blank"">Naver</a>"
530014,삼성 China A50 선물 ETN(H),,,,,,corp_code not found,"<a href=""https://m.stock.naver.com/domestic/stock/530014/total"" target=""_blank"">Naver</a>"
700028,하나 레버리지 반도체 ETN,,,,,,corp_code not found,"<a href=""https://m.stock.naver.com/domestic/stock/700028/total"" target=""_blank"">Naver</a>"
550093,N2 전력인프라 Top5 ETN,,,,,,corp_code not found,"<a href=""https://m.stock.naver.com/domestic/stock/550093/total"" target=""_blank"">Naver</a>"
004365,세방우,,,,,,corp_code not found,"<a href=""https://m.stock.naver.com/domestic/stock/004365/total"" target=""_blank"">Naver</a>"
580056,KB 일본 로보틱스 TOP 10 ETN,,,,,,corp_code not found,"<a href=""https://m.stock.naver.com/domestic/stock/580056/total"" target=""_blank"">Naver</a>"
570107,한투 인버스2X일본니케이225선물 ETN(H),,,,,,corp_code not found,"<a href=""https://m.stock.naver.com/domestic/stock/570107/total"" target=""_blank"">Naver</a>"
008775,호텔신라우,,,,,,corp_code not found,"<a href=""https://m.stock.naver.com/domestic/stock/008775/total"" target=""_blank"">Naver</a>"
520088,미래에셋 S&P500 VIX S/T 선물 ETN(H),,,,,,corp_code not found,"<a href=""https://m.stock.naver.com/domestic/stock/520088/total"" target=""_blank"">Naver</a>"
570104,한투 일본니케이225선물 ETN(H),,,,,,corp_code not found,"<a href=""https://m.stock.naver.com/domestic/stock/570104/total"" target=""_blank"">Naver</a>"
610075,메리츠 3X 레버리지 미국채10년 ETN,,,,,,corp_code not found,"<a href=""https://m.stock.naver.com/domestic/stock/610075/total"" target=""_blank"">Naver</a>"
610064,메리츠 KAP 통안채 6개월 ETN,,,,,,corp_code not found,"<a href=""https://m.stock.naver.com/domestic/stock/610064/total"" target=""_blank"">Naver</a>"
520047,미래에셋 인버스 2X 옥수수 선물 ETN,,,,,,corp_code not found,"<a href=""https://m.stock.naver.com/domestic/stock/520047/total"" target=""_blank"">Naver</a>"
520082,미래에셋 미국 자율주행대표기업 ETN,,,,,,corp_code not found,"<a href=""https://m.stock.naver.com/domestic/stock/520082/total"" target=""_blank"">Naver</a>"
33626L,두산퓨얼셀2우B,,,,,,corp_code not found,"<a href=""https://m.stock.naver.com/domestic/stock/33626L/total"" target=""_blank"">Naver</a>"
500035,신한 레버리지 미국달러 선물 ETN,,,,,,corp_code not found,"<a href=""https://m.stock.naver.com/domestic/stock/500035/total"" target=""_blank"">Naver</a>"
570061,한투 레버리지 은 선물 ETN,,,,,,corp_code not found,"<a href=""https://m.stock.naver.com/domestic/stock/570061/total"" target=""_blank"">Naver</a>"
33637K,솔루스첨단소재1우,,,,,,corp_code not found,"<a href=""https://m.stock.naver.com/domestic/stock/33637K/total"" target=""_blank"">Naver</a>"
530140,삼성 iSelect 레버리지 조선 TOP10 TR ETN,,,,,,corp_code not found,"<a href=""https://m.stock.naver.com/domestic/stock/530140/total"" target=""_blank"">Naver</a>"
700020,하나 블룸버그 -2X 천연가스 선물 ETN(H),,,,,,corp_code not found,"<a href=""https://m.stock.naver.com/domestic/stock/700020/total"" target=""_blank"">Naver</a>"
610054,메리츠 블룸버그 -2X 천연가스 선물 ETN(H),,,,,,corp_code not found,"<a href=""https://m.stock.naver.com/domestic/stock/610054/total"" target=""_blank"">Naver</a>"
610069,메리츠 KAP 레버리지 일본 엔화 ETN,,,,,,corp_code not found,"<a href=""https://m.stock.naver.com/domestic/stock/610069/total"" target=""_blank"">Naver</a>"
760005,키움 INDXX 미국테크탑10 ETN,,,,,,corp_code not found,"<a href=""https://m.stock.naver.com/domestic/stock/760005/total"" target=""_blank"">Naver</a>"
530118,삼성 코스닥 150 TR ETN,,,,,,corp_code not found,"<a href=""https://m.stock.naver.com/domestic/stock/530118/total"" target=""_blank"">Naver</a>"
520075,미래에셋 레버리지 미국 방위산업 TOP3 ETN,,,,,,corp_code not found,"<a href=""https://m.stock.naver.com/domestic/stock/520075/total"" target=""_blank"">Naver</a>"
510029,대신 S&P 인버스 2X 천연가스 선물 ETN,,,,,,corp_code not found,"<a href=""https://m.stock.naver.com/domestic/stock/510029/total"" target=""_blank"">Naver</a>"
700017,하나 레버리지 코스닥150 선물 ETN,,,,,,corp_code not found,"<a href=""https://m.stock.naver.com/domestic/stock/700017/total"" target=""_blank"">Naver</a>"
610008,메리츠 레버리지 국채30년 ETN,,,,,,corp_code not found,"<a href=""https://m.stock.naver.com/domestic/stock/610008/total"" target=""_blank"">Naver</a>"
610036,메리츠 인버스 2X 대표 농산물 선물 ETN(H),,,,,,corp_code not found,"<a href=""https://m.stock.naver.com/domestic/stock/610036/total"" target=""_blank"">Naver</a>"
700012,하나 인버스 2X 옥수수 선물 ETN(H),,,,,,corp_code not found,"<a href=""https://m.stock.naver.com/domestic/stock/700012/total"" target=""_blank"">Naver</a>"
570081,한투 레버리지 코스닥150선물 ETN,,,,,,corp_code not found,"<a href=""https://m.stock.naver.com/domestic/stock/570081/total"" target=""_blank"">Naver</a>"
520065,미래에셋 -2X 미국채울트라30년 선물 ETN,,,,,,corp_code not found,"<a href=""https://m.stock.naver.com/domestic/stock/520065/total"" target=""_blank"">Naver</a>"
530106,삼성 레버리지 코스닥150 선물 ETN,,,,,,corp_code not found,"<a href=""https://m.stock.naver.com/domestic/stock/530106/total"" target=""_blank"">Naver</a>"
580057,KB 일본 컨슈머 TOP 10 ETN,,,,,,corp_code not found,"<a href=""https://m.stock.naver.com/domestic/stock/580057/total"" target=""_blank"">Naver</a>"
003495,대한항공우,,,,,,corp_code not found,"<a href=""https://m.stock.naver.com/domestic/stock/003495/total"" target=""_blank"">Naver</a>"
570069,한투 레버리지 플래티넘 선물 ETN,,,,,,corp_code not found,"<a href=""https://m.stock.naver.com/domestic/stock/570069/total"" target=""_blank"">Naver</a>"
550089,N2 월간 레버리지 코스피 200 선물 ETN,,,,,,corp_code not found,"<a href=""https://m.stock.naver.com/domestic/stock/550089/total"" target=""_blank"">Naver</a>"
520078,미래에셋 미국 제약 TOP3 ETN,,,,,,corp_code not found,"<a href=""https://m.stock.naver.com/domestic/stock/520078/total"" target=""_blank"">Naver</a>"
610088,메리츠 솔랙티브 2X WTI원유 선물 ETN(H),,,,,,corp_code not found,"<a href=""https://m.stock.naver.com/domestic/stock/610088/total"" target=""_blank"">Naver</a>"
500093,신한 블룸버그 레버리지 WTI원유선물 ETN B,,,,,,corp_code not found,"<a href=""https://m.stock.naver.com/domestic/stock/500093/total"" target=""_blank"">Naver</a>"
550084,N2 코스피 200 TR ETN,,,,,,corp_code not found,"<a href=""https://m.stock.naver.com/domestic/stock/550084/total"" target=""_blank"">Naver</a>"
580068,KB S&P 레버리지 WTI원유 선물 ETN B,,,,,,corp_code not found,"<a href=""https://m.stock.naver.com/domestic/stock/580068/total"" target=""_blank"">Naver</a>"
700029,하나 S&P 레버리지 WTI원유 선물 ETN B,,,,,,corp_code not found,"<a href=""https://m.stock.naver.com/domestic/stock/700029/total"" target=""_blank"">Naver</a>"
530133,삼성 블룸버그 레버리지 WTI원유선물 ETN B,,,,,,corp_code not found,"<a href=""https://m.stock.naver.com/domestic/stock/530133/total"" target=""_blank"">Naver</a>"
570105,한투 인버스일본니케이225선물 ETN(H),,,,,,corp_code not found,"<a href=""https://m.stock.naver.com/domestic/stock/570105/total"" target=""_blank"">Naver</a>"
570117,한투 블룸버그인버스2XWTI원유선물 ETN B,,,,,,corp_code not found,"<a href=""https://m.stock.naver.com/domestic/stock/570117/total"" target=""_blank"">Naver</a>"
610016,메리츠 레버리지 은 선물 ETN(H),,,,,,corp_code not found,"<a href=""https://m.stock.naver.com/domestic/stock/610016/total"" target=""_blank"">Naver</a>"
550064,N2 레버리지 은 선물 ETN(H),,,,,,corp_code not found,"<a href=""https://m.stock.naver.com/domestic/stock/550064/total"" target=""_blank"">Naver</a>"
520076,미래에셋 1.5X 천연가스 선물 ETN,,,,,,corp_code not found,"<a href=""https://m.stock.naver.com/domestic/stock/520076/total"" target=""_blank"">Naver</a>"
610022,메리츠 미국채10년 ETN(H),,,,,,corp_code not found,"<a href=""https://m.stock.naver.com/domestic/stock/610022/total"" target=""_blank"">Naver</a>"
019685,대교우B,,,,,,corp_code not found,"<a href=""https://m.stock.naver.com/domestic/stock/019685/total"" target=""_blank"">Naver</a>"
530126,삼성 코리아 밸류업 TR ETN,,,,,,corp_code not found,"<a href=""https://m.stock.naver.com/domestic/stock/530126/total"" target=""_blank"">Naver</a>"
610001,메리츠 인플레이션 국채 ETN,,,,,,corp_code not found,"<a href=""https://m.stock.naver.com/domestic/stock/610001/total"" target=""_blank"">Naver</a>"
00499K,롯데지주우,,,,,,corp_code not found,"<a href=""https://m.stock.naver.com/domestic/stock/00499K/total"" target=""_blank"">Naver</a>"
570102,한투 레버리지 나스닥100 ETN B,,,,,,corp_code not found,"<a href=""https://m.stock.naver.com/domestic/stock/570102/total"" target=""_blank"">Naver</a>"
610085,메리츠 레버리지 미국채30년 스트립 ETN(H),,,,,,corp_code not found,"<a href=""https://m.stock.naver.com/domestic/stock/610085/total"" target=""_blank"">Naver</a>"
002025,코오롱우,,,,,,corp_code not found,"<a href=""https://m.stock.naver.com/domestic/stock/002025/total"" target=""_blank"">Naver</a>"
530064,삼성 인버스 2X 구리 선물 ETN(H),,,,,,corp_code not found,"<a href=""https://m.stock.naver.com/domestic/stock/530064/total"" target=""_blank"">Naver</a>"
580022,KB 레버리지 금 선물 ETN(H),,,,,,corp_code not found,"<a href=""https://m.stock.naver.com/domestic/stock/580022/total"" target=""_blank"">Naver</a>"
005257,녹십자홀딩스2우,,,,,,corp_code not found,"<a href=""https://m.stock.naver.com/domestic/stock/005257/total"" target=""_blank"">Naver</a>"
520050,미래에셋 인버스 2X 원유선물혼합 ETN(H),,,,,,corp_code not found,"<a href=""https://m.stock.naver.com/domestic/stock/520050/total"" target=""_blank"">Naver</a>"
580067,KB 인디아 디지털 Select 5 ETN,,,,,,corp_code not found,"<a href=""https://m.stock.naver.com/domestic/stock/580067/total"" target=""_blank"">Naver</a>"
530105,삼성 인버스 2X 코스피200 선물 ETN,,,,,,corp_code not found,"<a href=""https://m.stock.naver.com/domestic/stock/530105/total"" target=""_blank"">Naver</a>"
550086,N2 미국달러 SOFR금리 플러스 ETN,,,,,,corp_code not found,"<a href=""https://m.stock.naver.com/domestic/stock/550086/total"" target=""_blank"">Naver</a>"
001685,대상우,,,,,,corp_code not found,"<a href=""https://m.stock.naver.com/domestic/stock/001685/total"" target=""_blank"">Naver</a>"
500023,신한 콩 선물 ETN(H),,,,,,corp_code not found,"<a href=""https://m.stock.naver.com/domestic/stock/500023/total"" target=""_blank"">Naver</a>"
610044,메리츠 인버스 천연가스 선물 ETN(H),,,,,,corp_code not found,"<a href=""https://m.stock.naver.com/domestic/stock/610044/total"" target=""_blank"">Naver</a>"
520053,미래에셋 인버스 천연가스 선물 ETN(H),,,,,,corp_code not found,"<a href=""https://m.stock.naver.com/domestic/stock/520053/total"" target=""_blank"">Naver</a>"
570065,한투 레버리지 베트남 VN30 선물 ETN(H),,,,,,corp_code not found,"<a href=""https://m.stock.naver.com/domestic/stock/570065/total"" target=""_blank"">Naver</a>"
570047,한투 FTSE100 ETN,,,,,,corp_code not found,"<a href=""https://m.stock.naver.com/domestic/stock/570047/total"" target=""_blank"">Naver</a>"
760013,키움 레버리지 반도체TOP10 ETN,,,,,,corp_code not found,"<a href=""https://m.stock.naver.com/domestic/stock/760013/total"" target=""_blank"">Naver</a>"
500091,신한 33-12 국고채 플러스 ETN,,,,,,corp_code not found,"<a href=""https://m.stock.naver.com/domestic/stock/500091/total"" target=""_blank"">Naver</a>"
610018,메리츠 국채10년 ETN,,,,,,corp_code not found,"<a href=""https://m.stock.naver.com/domestic/stock/610018/total"" target=""_blank"">Naver</a>"
530124,삼성 레버리지 일본니케이225선물 ETN(H),,,,,,corp_code not found,"<a href=""https://m.stock.naver.com/domestic/stock/530124/total"" target=""_blank"">Naver</a>"
520037,미래에셋 코스피200 선물 ETN,,,,,,corp_code not found,"<a href=""https://m.stock.naver.com/domestic/stock/520037/total"" target=""_blank"">Naver</a>"
500014,신한 인버스 옥수수 선물 ETN(H),,,,,,corp_code not found,"<a href=""https://m.stock.naver.com/domestic/stock/500014/total"" target=""_blank"">Naver</a>"
580048,KB CSI 300 ETN,,,,,,corp_code not found,"<a href=""https://m.stock.naver.com/domestic/stock/580048/total"" target=""_blank"">Naver</a>"
570055,한투 금 선물 ETN,,,,,,corp_code not found,"<a href=""https://m.stock.naver.com/domestic/stock/570055/total"" target=""_blank"">Naver</a>"
500090,신한 2X 26-05 공사채(AAA) ETN,,,,,,corp_code not found,"<a href=""https://m.stock.naver.com/domestic/stock/500090/total"" target=""_blank"">Naver</a>"
500088,신한 2X 26-05 은행채(AAA) ETN,,,,,,corp_code not found,"<a href=""https://m.stock.naver.com/domestic/stock/500088/total"" target=""_blank"">Naver</a>"
500089,신한 26-05 공사채(AAA) ETN,,,,,,corp_code not found,"<a href=""https://m.stock.naver.com/domestic/stock/500089/total"" target=""_blank"">Naver</a>"
500087,신한 26-05 은행채(AAA) ETN,,,,,,corp_code not found,"<a href=""https://m.stock.naver.com/domestic/stock/500087/total"" target=""_blank"">Naver</a>"
580066,KB 인디아 대형 성장주 Select 5 ETN,,,,,,corp_code not found,"<a href=""https://m.stock.naver.com/domestic/stock/580066/total"" target=""_blank"">Naver</a>"
002355,넥센타이어1우B,,,,,,corp_code not found,"<a href=""https://m.stock.naver.com/domestic/stock/002355/total"" target=""_blank"">Naver</a>"
610047,메리츠 인버스 국채3년 ETN,,,,,,corp_code not found,"<a href=""https://m.stock.naver.com/domestic/stock/610047/total"" target=""_blank"">Naver</a>"
580049,KB CSI 500 ETN,,,,,,corp_code not found,"<a href=""https://m.stock.naver.com/domestic/stock/580049/total"" target=""_blank"">Naver</a>"
580052,KB 인버스 2X 밀 선물 ETN,,,,,,corp_code not found,"<a href=""https://m.stock.naver.com/domestic/stock/580052/total"" target=""_blank"">Naver</a>"
550097,N2 레버리지 코스닥150 선물 ETN,,,,,,corp_code not found,"<a href=""https://m.stock.naver.com/domestic/stock/550097/total"" target=""_blank"">Naver</a>"
580070,KB 레버리지 2차전지 TOP 10 TR ETN,,,,,,corp_code not found,"<a href=""https://m.stock.naver.com/domestic/stock/580070/total"" target=""_blank"">Naver</a>"
530138,삼성 KRX 레버리지 2차전지 TOP10 TR ETN,,,,,,corp_code not found,"<a href=""https://m.stock.naver.com/domestic/stock/530138/total"" target=""_blank"">Naver</a>"
550098,N2 인버스 2X 코스닥150 선물 ETN,,,,,,corp_code not found,"<a href=""https://m.stock.naver.com/domestic/stock/550098/total"" target=""_blank"">Naver</a>"
520083,미래에셋 2X 미국 자율주행대표기업 ETN,,,,,,corp_code not found,"<a href=""https://m.stock.naver.com/domestic/stock/520083/total"" target=""_blank"">Naver</a>"
570114,한투 S&P500 VIX S/T선물 ETN(H) B,,,,,,corp_code not found,"<a href=""https://m.stock.naver.com/domestic/stock/570114/total"" target=""_blank"">Naver</a>"
580039,KB 레버리지 KOSPI 200 선물 ETN,,,,,,corp_code not found,"<a href=""https://m.stock.naver.com/domestic/stock/580039/total"" target=""_blank"">Naver</a>"
580047,KB 레버리지 항셍테크 선물 ETN(H) B,,,,,,corp_code not found,"<a href=""https://m.stock.naver.com/domestic/stock/580047/total"" target=""_blank"">Naver</a>"
550087,N2 선진국 1등주 ETN,,,,,,corp_code not found,"<a href=""https://m.stock.naver.com/domestic/stock/550087/total"" target=""_blank"">Naver</a>"
570054,한투 레버리지 유로스탁스50 ETN(H) B,,,,,,corp_code not found,"<a href=""https://m.stock.naver.com/domestic/stock/570054/total"" target=""_blank"">Naver</a>"
760004,키움 인버스 미국달러선물 ETN,,,,,,corp_code not found,"<a href=""https://m.stock.naver.com/domestic/stock/760004/total"" target=""_blank"">Naver</a>"
550085,N2 코스닥 150 TR ETN,,,,,,corp_code not found,"<a href=""https://m.stock.naver.com/domestic/stock/550085/total"" target=""_blank"">Naver</a>"
530129,삼성 인버스 2X 미국다우존스 선물 ETN,,,,,,corp_code not found,"<a href=""https://m.stock.naver.com/domestic/stock/530129/total"" target=""_blank"">Naver</a>"
108675,LX하우시스우,,,,,,corp_code not found,"<a href=""https://m.stock.naver.com/domestic/stock/108675/total"" target=""_blank"">Naver</a>"
520039,미래에셋 코스닥150 선물 ETN,,,,,,corp_code not found,"<a href=""https://m.stock.naver.com/domestic/stock/520039/total"" target=""_blank"">Naver</a>"
530128,삼성 레버리지 미국다우존스 선물 ETN,,,,,,corp_code not found,"<a href=""https://m.stock.naver.com/domestic/stock/530128/total"" target=""_blank"">Naver</a>"
760008,키움 코스닥 150 TR ETN,,,,,,corp_code not found,"<a href=""https://m.stock.naver.com/domestic/stock/760008/total"" target=""_blank"">Naver</a>"
700013,하나 레버리지 콩 선물 ETN(H),,,,,,corp_code not found,"<a href=""https://m.stock.naver.com/domestic/stock/700013/total"" target=""_blank"">Naver</a>"
610003,메리츠 미국 인플레이션 국채 ETN(H),,,,,,corp_code not found,"<a href=""https://m.stock.naver.com/domestic/stock/610003/total"" target=""_blank"">Naver</a>"
18064K,한진칼우,,,,,,corp_code not found,"<a href=""https://m.stock.naver.com/domestic/stock/18064K/total"" target=""_blank"">Naver</a>"
007815,코리아써우,,,,,,corp_code not found,"<a href=""https://m.stock.naver.com/domestic/stock/007815/total"" target=""_blank"">Naver</a>"
500040,신한 레버리지 구리 선물 ETN,,,,,,corp_code not found,"<a href=""https://m.stock.naver.com/domestic/stock/500040/total"" target=""_blank"">Naver</a>"
35320K,대덕전자1우,,,,,,corp_code not found,"<a href=""https://m.stock.naver.com/domestic/stock/35320K/total"" target=""_blank"">Naver</a>"
520038,미래에셋 인버스 코스피200 선물 ETN,,,,,,corp_code not found,"<a href=""https://m.stock.naver.com/domestic/stock/520038/total"" target=""_blank"">Naver</a>"
000087,하이트진로2우B,,,,,,corp_code not found,"<a href=""https://m.stock.naver.com/domestic/stock/000087/total"" target=""_blank"">Naver</a>"
500061,신한 인버스 코스피 200 선물 ETN,,,,,,corp_code not found,"<a href=""https://m.stock.naver.com/domestic/stock/500061/total"" target=""_blank"">Naver</a>"
152550,한국ANKOR유전,,,,,,annual FS not found,"<a href=""https://m.stock.naver.com/domestic/stock/152550/total"" target=""_blank"">Naver</a>"
530083,삼성 금 선물 ETN(H),,,,,,corp_code not found,"<a href=""https://m.stock.naver.com/domestic/stock/530083/total"" target=""_blank"">Naver</a>"
580054,KB 인버스 2X 콩 선물 ETN,,,,,,corp_code not found,"<a href=""https://m.stock.naver.com/domestic/stock/580054/total"" target=""_blank"">Naver</a>"
570115,한투 인버스0.5X S&P500 VIX S/T선물 ETN B,,,,,,corp_code not found,"<a href=""https://m.stock.naver.com/domestic/stock/570115/total"" target=""_blank"">Naver</a>"
550088,N2 월간 레버리지 선진국 1등주 ETN,,,,,,corp_code not found,"<a href=""https://m.stock.naver.com/domestic/stock/550088/total"" target=""_blank"">Naver</a>"
610040,메리츠 인버스 2X 미국채30년 ETN(H),,,,,,corp_code not found,"<a href=""https://m.stock.naver.com/domestic/stock/610040/total"" target=""_blank"">Naver</a>"
500024,신한 인버스 콩 선물 ETN(H),,,,,,corp_code not found,"<a href=""https://m.stock.naver.com/domestic/stock/500024/total"" target=""_blank"">Naver</a>"
510027,대신 인버스 2X 코스닥 150 선물 ETN,,,,,,corp_code not found,"<a href=""https://m.stock.naver.com/domestic/stock/510027/total"" target=""_blank"">Naver</a>"
580044,KB 인버스 2X KOSDAQ 150 선물 ETN,,,,,,corp_code not found,"<a href=""https://m.stock.naver.com/domestic/stock/580044/total"" target=""_blank"">Naver</a>"
570072,한투 레버리지 구리 선물 ETN,,,,,,corp_code not found,"<a href=""https://m.stock.naver.com/domestic/stock/570072/total"" target=""_blank"">Naver</a>"
500063,신한 인버스 코스닥 150 선물 ETN,,,,,,corp_code not found,"<a href=""https://m.stock.naver.com/domestic/stock/500063/total"" target=""_blank"">Naver</a>"
530112,삼성 S&P500 ETN,,,,,,corp_code not found,"<a href=""https://m.stock.naver.com/domestic/stock/530112/total"" target=""_blank"">Naver</a>"
520040,미래에셋 인버스 코스닥150 선물 ETN,,,,,,corp_code not found,"<a href=""https://m.stock.naver.com/domestic/stock/520040/total"" target=""_blank"">Naver</a>"
005725,넥센우,,,,,,corp_code not found,"<a href=""https://m.stock.naver.com/domestic/stock/005725/total"" target=""_blank"">Naver</a>"
760017,키움 조선TOP10 ETN,,,,,,corp_code not found,"<a href=""https://m.stock.naver.com/domestic/stock/760017/total"" target=""_blank"">Naver</a>"
570057,한투 은 선물 ETN,,,,,,corp_code not found,"<a href=""https://m.stock.naver.com/domestic/stock/570057/total"" target=""_blank"">Naver</a>"
610025,메리츠 인버스 2X 미국채10년 ETN(H),,,,,,corp_code not found,"<a href=""https://m.stock.naver.com/domestic/stock/610025/total"" target=""_blank"">Naver</a>"
001795,대한제당우,,,,,,corp_code not found,"<a href=""https://m.stock.naver.com/domestic/stock/001795/total"" target=""_blank"">Naver</a>"
520055,미래에셋 인버스 2X 코스피200 선물 ETN,,,,,,corp_code not found,"<a href=""https://m.stock.naver.com/domestic/stock/520055/total"" target=""_blank"">Naver</a>"
700014,하나 인버스 2X 콩 선물 ETN(H),,,,,,corp_code not found,"<a href=""https://m.stock.naver.com/domestic/stock/700014/total"" target=""_blank"">Naver</a>"
33637L,솔루스첨단소재2우B,,,,,,corp_code not found,"<a href=""https://m.stock.naver.com/domestic/stock/33637L/total"" target=""_blank"">Naver</a>"
500013,신한 옥수수 선물 ETN(H),,,,,,corp_code not found,"<a href=""https://m.stock.naver.com/domestic/stock/500013/total"" target=""_blank"">Naver</a>"
530125,삼성 인버스 2X 일본니케이225선물 ETN(H),,,,,,corp_code not found,"<a href=""https://m.stock.naver.com/domestic/stock/530125/total"" target=""_blank"">Naver</a>"
530121,삼성 항셍테크 ETN(H) B,,,,,,corp_code not found,"<a href=""https://m.stock.naver.com/domestic/stock/530121/total"" target=""_blank"">Naver</a>"
530089,삼성 은 선물 ETN(H),,,,,,corp_code not found,"<a href=""https://m.stock.naver.com/domestic/stock/530089/total"" target=""_blank"">Naver</a>"
570100,한투 일본종합상사TOP5 ETN,,,,,,corp_code not found,"<a href=""https://m.stock.naver.com/domestic/stock/570100/total"" target=""_blank"">Naver</a>"
610039,메리츠 인버스 미국채30년 ETN(H),,,,,,corp_code not found,"<a href=""https://m.stock.naver.com/domestic/stock/610039/total"" target=""_blank"">Naver</a>"
570073,한투 인버스 2X 구리 선물 ETN,,,,,,corp_code not found,"<a href=""https://m.stock.naver.com/domestic/stock/570073/total"" target=""_blank"">Naver</a>"
610028,메리츠 레버리지 구리 선물 ETN(H),,,,,,corp_code not found,"<a href=""https://m.stock.naver.com/domestic/stock/610028/total"" target=""_blank"">Naver</a>"
530056,삼성 인버스 2X 금 선물 ETN(H),,,,,,corp_code not found,"<a href=""https://m.stock.naver.com/domestic/stock/530056/total"" target=""_blank"">Naver</a>"
520064,미래에셋 2X 미국채울트라30년 선물 ETN,,,,,,corp_code not found,"<a href=""https://m.stock.naver.com/domestic/stock/520064/total"" target=""_blank"">Naver</a>"
550069,N2 레버리지 구리 선물 ETN(H),,,,,,corp_code not found,"<a href=""https://m.stock.naver.com/domestic/stock/550069/total"" target=""_blank"">Naver</a>"
610089,메리츠 솔랙티브 -2X WTI원유 선물 ETN(H),,,,,,corp_code not found,"<a href=""https://m.stock.naver.com/domestic/stock/610089/total"" target=""_blank"">Naver</a>"
580043,KB 레버리지 KOSDAQ 150 선물 ETN,,,,,,corp_code not found,"<a href=""https://m.stock.naver.com/domestic/stock/580043/total"" target=""_blank"">Naver</a>"
500028,신한 인버스 2X 다우존스지수 선물 ETN(H),,,,,,corp_code not found,"<a href=""https://m.stock.naver.com/domestic/stock/500028/total"" target=""_blank"">Naver</a>"
520084,미래에셋 -2X 미국 자율주행대표기업 ETN,,,,,,corp_code not found,"<a href=""https://m.stock.naver.com/domestic/stock/520084/total"" target=""_blank"">Naver</a>"
530063,삼성 레버리지 구리 선물 ETN(H),,,,,,corp_code not found,"<a href=""https://m.stock.naver.com/domestic/stock/530063/total"" target=""_blank"">Naver</a>"
001067,JW중외제약2우B,,,,,,corp_code not found,"<a href=""https://m.stock.naver.com/domestic/stock/001067/total"" target=""_blank"">Naver</a>"
004255,NPC우,,,,,,corp_code not found,"<a href=""https://m.stock.naver.com/domestic/stock/004255/total"" target=""_blank"">Naver</a>"
610024,메리츠 인버스 미국채10년 ETN(H),,,,,,corp_code not found,"<a href=""https://m.stock.naver.com/domestic/stock/610024/total"" target=""_blank"">Naver</a>"
520079,미래에셋 레버리지 미국 제약 TOP3 ETN,,,,,,corp_code not found,"<a href=""https://m.stock.naver.com/domestic/stock/520079/total"" target=""_blank"">Naver</a>"
500085,신한 코스피 200 TR ETN,,,,,,corp_code not found,"<a href=""https://m.stock.naver.com/domestic/stock/500085/total"" target=""_blank"">Naver</a>"
530117,삼성 코스피 200 TR ETN,,,,,,corp_code not found,"<a href=""https://m.stock.naver.com/domestic/stock/530117/total"" target=""_blank"">Naver</a>"
38380K,LX홀딩스1우,,,,,,corp_code not found,"<a href=""https://m.stock.naver.com/domestic/stock/38380K/total"" target=""_blank"">Naver</a>"
580026,KB 레버리지 은 선물 ETN(H),,,,,,corp_code not found,"<a href=""https://m.stock.naver.com/domestic/stock/580026/total"" target=""_blank"">Naver</a>"
145995,삼양사우,,,,,,corp_code not found,"<a href=""https://m.stock.naver.com/domestic/stock/145995/total"" target=""_blank"">Naver</a>"
580069,KB S&P 인버스 2X WTI원유 선물 ETN B,,,,,,corp_code not found,"<a href=""https://m.stock.naver.com/domestic/stock/580069/total"" target=""_blank"">Naver</a>"
520043,미래에셋 S&P 유럽탄소배출권 선물 ETN,,,,,,corp_code not found,"<a href=""https://m.stock.naver.com/domestic/stock/520043/total"" target=""_blank"">Naver</a>"
500094,신한 블룸버그 인버스2X WTI원유선물 ETN B,,,,,,corp_code not found,"<a href=""https://m.stock.naver.com/domestic/stock/500094/total"" target=""_blank"">Naver</a>"
570099,한투 S&P 인버스 2X 엔달러 선물 ETN(H),,,,,,corp_code not found,"<a href=""https://m.stock.naver.com/domestic/stock/570099/total"" target=""_blank"">Naver</a>"
700030,하나 S&P 인버스 2X WTI원유 선물 ETN B,,,,,,corp_code not found,"<a href=""https://m.stock.naver.com/domestic/stock/700030/total"" target=""_blank"">Naver</a>"
530120,삼성 나스닥 100 ETN,,,,,,corp_code not found,"<a href=""https://m.stock.naver.com/domestic/stock/530120/total"" target=""_blank"">Naver</a>"
000075,삼양홀딩스우,,,,,,corp_code not found,"<a href=""https://m.stock.naver.com/domestic/stock/000075/total"" target=""_blank"">Naver</a>"
570052,한투 플래티넘 선물 ETN,,,,,,corp_code not found,"<a href=""https://m.stock.naver.com/domestic/stock/570052/total"" target=""_blank"">Naver</a>"
610081,메리츠 레버리지 멕시코 페소화 ETN,,,,,,corp_code not found,"<a href=""https://m.stock.naver.com/domestic/stock/610081/total"" target=""_blank"">Naver</a>"
570071,한투 구리 선물 ETN,,,,,,corp_code not found,"<a href=""https://m.stock.naver.com/domestic/stock/570071/total"" target=""_blank"">Naver</a>"
500056,신한 레버리지 Russell 2000 ETN,,,,,,corp_code not found,"<a href=""https://m.stock.naver.com/domestic/stock/500056/total"" target=""_blank"">Naver</a>"
530139,삼성 iSelect 조선 TOP10 TR ETN,,,,,,corp_code not found,"<a href=""https://m.stock.naver.com/domestic/stock/530139/total"" target=""_blank"">Naver</a>"
520061,미래에셋 인도네시아 Top5 ETN,,,,,,corp_code not found,"<a href=""https://m.stock.naver.com/domestic/stock/520061/total"" target=""_blank"">Naver</a>"
570063,한투 베트남 VN30 선물 ETN(H),,,,,,corp_code not found,"<a href=""https://m.stock.naver.com/domestic/stock/570063/total"" target=""_blank"">Naver</a>"
520085,미래에셋 -2X 미국 AI TOP3 ETN,,,,,,corp_code not found,"<a href=""https://m.stock.naver.com/domestic/stock/520085/total"" target=""_blank"">Naver</a>"
510016,대신 천연가스 선물 ETN(H),,,,,,corp_code not found,"<a href=""https://m.stock.naver.com/domestic/stock/510016/total"" target=""_blank"">Naver</a>"
550074,N2 블룸버그 2X 천연가스 선물 ETN(H),,,,,,corp_code not found,"<a href=""https://m.stock.naver.com/domestic/stock/550074/total"" target=""_blank"">Naver</a>"
084695,대상홀딩스우,,,,,,corp_code not found,"<a href=""https://m.stock.naver.com/domestic/stock/084695/total"" target=""_blank"">Naver</a>"
610072,메리츠 KAP 레버리지 중국 위안화 ETN,,,,,,corp_code not found,"<a href=""https://m.stock.naver.com/domestic/stock/610072/total"" target=""_blank"">Naver</a>"
530114,삼성 인버스 2X S&P500 선물 ETN,,,,,,corp_code not found,"<a href=""https://m.stock.naver.com/domestic/stock/530114/total"" target=""_blank"">Naver</a>"
610059,메리츠 3X 레버리지 국채10년 ETN,,,,,,corp_code not found,"<a href=""https://m.stock.naver.com/domestic/stock/610059/total"" target=""_blank"">Naver</a>"
610049,메리츠 국채5년 ETN,,,,,,corp_code not found,"<a href=""https://m.stock.naver.com/domestic/stock/610049/total"" target=""_blank"">Naver</a>"
610029,메리츠 인버스 2X 구리 선물 ETN(H),,,,,,corp_code not found,"<a href=""https://m.stock.naver.com/domestic/stock/610029/total"" target=""_blank"">Naver</a>"
610057,메리츠 3X 레버리지 국채5년 ETN,,,,,,corp_code not found,"<a href=""https://m.stock.naver.com/domestic/stock/610057/total"" target=""_blank"">Naver</a>"
610009,메리츠 인버스 국채30년 ETN,,,,,,corp_code not found,"<a href=""https://m.stock.naver.com/domestic/stock/610009/total"" target=""_blank"">Naver</a>"
570085,한투 블룸버그 인도네시아 대표원자재 ETN,,,,,,corp_code not found,"<a href=""https://m.stock.naver.com/domestic/stock/570085/total"" target=""_blank"">Naver</a>"
610087,메리츠 솔랙티브 WTI원유 선물 ETN(H),,,,,,corp_code not found,"<a href=""https://m.stock.naver.com/domestic/stock/610087/total"" target=""_blank"">Naver</a>"
550070,N2 인버스 레버리지 구리 선물 ETN(H),,,,,,corp_code not found,"<a href=""https://m.stock.naver.com/domestic/stock/550070/total"" target=""_blank"">Naver</a>"
530132,삼성 블룸버그 WTI원유 선물 ETN B,,,,,,corp_code not found,"<a href=""https://m.stock.naver.com/domestic/stock/530132/total"" target=""_blank"">Naver</a>"
610067,메리츠 블룸버그 2X 천연가스선물 ETN(H) B,,,,,,corp_code not found,"<a href=""https://m.stock.naver.com/domestic/stock/610067/total"" target=""_blank"">Naver</a>"
610080,메리츠 멕시코 페소화 ETN,,,,,,corp_code not found,"<a href=""https://m.stock.naver.com/domestic/stock/610080/total"" target=""_blank"">Naver</a>"
500080,신한 S&P 레버리지 유로 선물 ETN(H),,,,,,corp_code not found,"<a href=""https://m.stock.naver.com/domestic/stock/500080/total"" target=""_blank"">Naver</a>"
610055,메리츠 3X 레버리지 국채3년 ETN,,,,,,corp_code not found,"<a href=""https://m.stock.naver.com/domestic/stock/610055/total"" target=""_blank"">Naver</a>"
700027,하나 반도체 ETN,,,,,,corp_code not found,"<a href=""https://m.stock.naver.com/domestic/stock/700027/total"" target=""_blank"">Naver</a>"
610045,메리츠 국채3년 ETN,,,,,,corp_code not found,"<a href=""https://m.stock.naver.com/domestic/stock/610045/total"" target=""_blank"">Naver</a>"
610071,메리츠 KAP 중국 위안화 ETN,,,,,,corp_code not found,"<a href=""https://m.stock.naver.com/domestic/stock/610071/total"" target=""_blank"">Naver</a>"
500078,신한 S&P 유로 선물 ETN(H),,,,,,corp_code not found,"<a href=""https://m.stock.naver.com/domestic/stock/500078/total"" target=""_blank"">Naver</a>"
760006,키움 KPOP ETN,,,,,,corp_code not found,"<a href=""https://m.stock.naver.com/domestic/stock/760006/total"" target=""_blank"">Naver</a>"
510015,대신 밀 선물 ETN(H),,,,,,corp_code not found,"<a href=""https://m.stock.naver.com/domestic/stock/510015/total"" target=""_blank"">Naver</a>"
004835,덕성우,,,,,,corp_code not found,"<a href=""https://m.stock.naver.com/domestic/stock/004835/total"" target=""_blank"">Naver</a>"
570074,한투 S&P 유럽탄소배출권 선물 ETN(H),,,,,,corp_code not found,"<a href=""https://m.stock.naver.com/domestic/stock/570074/total"" target=""_blank"">Naver</a>"
610074,메리츠 미국채10년 ETN,,,,,,corp_code not found,"<a href=""https://m.stock.naver.com/domestic/stock/610074/total"" target=""_blank"">Naver</a>"
550096,N2 레버리지 국채30년 ETN,,,,,,corp_code not found,"<a href=""https://m.stock.naver.com/domestic/stock/550096/total"" target=""_blank"">Naver</a>"
610030,메리츠 S&P 유럽탄소배출권 선물 ETN(H),,,,,,corp_code not found,"<a href=""https://m.stock.naver.com/domestic/stock/610030/total"" target=""_blank"">Naver</a>"
003075,코오롱글로벌우,,,,,,corp_code not found,"<a href=""https://m.stock.naver.com/domestic/stock/003075/total"" target=""_blank"">Naver</a>"
570108,한투 레버리지국채30년 ETN,,,,,,corp_code not found,"<a href=""https://m.stock.naver.com/domestic/stock/570108/total"" target=""_blank"">Naver</a>"
580019,KB 인버스 2X 항셍테크 선물 ETN,,,,,,corp_code not found,"<a href=""https://m.stock.naver.com/domestic/stock/580019/total"" target=""_blank"">Naver</a>"
000225,유유제약1우,,,,,,corp_code not found,"<a href=""https://m.stock.naver.com/domestic/stock/000225/total"" target=""_blank"">Naver</a>"
610020,메리츠 인버스 국채10년 ETN,,,,,,corp_code not found,"<a href=""https://m.stock.naver.com/domestic/stock/610020/total"" target=""_blank"">Naver</a>"
530123,삼성 일본니케이225선물 ETN(H),,,,,,corp_code not found,"<a href=""https://m.stock.naver.com/domestic/stock/530123/total"" target=""_blank"">Naver</a>"
500079,신한 S&P 인버스 유로 선물 ETN(H),,,,,,corp_code not found,"<a href=""https://m.stock.naver.com/domestic/stock/500079/total"" target=""_blank"">Naver</a>"
580059,KB 미국채 10년 ETN,,,,,,corp_code not found,"<a href=""https://m.stock.naver.com/domestic/stock/580059/total"" target=""_blank"">Naver</a>"
004105,태양금속우,,,,,,corp_code not found,"<a href=""https://m.stock.naver.com/domestic/stock/004105/total"" target=""_blank"">Naver</a>"
570092,한투 인버스 2X 유로스탁스50 ETN(H) B,,,,,,corp_code not found,"<a href=""https://m.stock.naver.com/domestic/stock/570092/total"" target=""_blank"">Naver</a>"
570096,한투 인버스 2X 일본 엔선물 ETN,,,,,,corp_code not found,"<a href=""https://m.stock.naver.com/domestic/stock/570096/total"" target=""_blank"">Naver</a>"
550095,N2 레버리지 국채10년 ETN,,,,,,corp_code not found,"<a href=""https://m.stock.naver.com/domestic/stock/550095/total"" target=""_blank"">Naver</a>"
610086,메리츠 인버스2X 미국채30년 스트립 ETN(H),,,,,,corp_code not found,"<a href=""https://m.stock.naver.com/domestic/stock/610086/total"" target=""_blank"">Naver</a>"
610077,메리츠 미국채30년 ETN,,,,,,corp_code not found,"<a href=""https://m.stock.naver.com/domestic/stock/610077/total"" target=""_blank"">Naver</a>"
610082,메리츠 인도 루피화 ETN,,,,,,corp_code not found,"<a href=""https://m.stock.naver.com/domestic/stock/610082/total"" target=""_blank"">Naver</a>"
530095,삼성 구리 선물 ETN(H),,,,,,corp_code not found,"<a href=""https://m.stock.naver.com/domestic/stock/530095/total"" target=""_blank"">Naver</a>"
520046,미래에셋 레버리지 옥수수 선물 ETN,,,,,,corp_code not found,"<a href=""https://m.stock.naver.com/domestic/stock/520046/total"" target=""_blank"">Naver</a>"
610068,메리츠 KAP 일본 엔화 ETN,,,,,,corp_code not found,"<a href=""https://m.stock.naver.com/domestic/stock/610068/total"" target=""_blank"">Naver</a>"
610070,메리츠 KAP 인버스 2X 일본 엔화 ETN,,,,,,corp_code not found,"<a href=""https://m.stock.naver.com/domestic/stock/610070/total"" target=""_blank"">Naver</a>"
00806K,대덕1우,,,,,,corp_code not found,"<a href=""https://m.stock.naver.com/domestic/stock/00806K/total"" target=""_blank"">Naver</a>"
610083,메리츠 레버리지 인도 루피화 ETN,,,,,,corp_code not found,"<a href=""https://m.stock.naver.com/domestic/stock/610083/total"" target=""_blank"">Naver</a>"
580051,KB 레버리지 밀 선물 ETN,,,,,,corp_code not found,"<a href=""https://m.stock.naver.com/domestic/stock/580051/total"" target=""_blank"">Naver</a>"
580060,KB 레버리지 미국채 10년 ETN,,,,,,corp_code not found,"<a href=""https://m.stock.naver.com/domestic/stock/580060/total"" target=""_blank"">Naver</a>"
001065,JW중외제약우,,,,,,corp_code not found,"<a href=""https://m.stock.naver.com/domestic/stock/001065/total"" target=""_blank"">Naver</a>"
520052,미래에셋 천연가스 선물 ETN(H),,,,,,corp_code not found,"<a href=""https://m.stock.naver.com/domestic/stock/520052/total"" target=""_blank"">Naver</a>"
500081,신한 S&P 인버스 2X 유로 선물 ETN(H),,,,,,corp_code not found,"<a href=""https://m.stock.naver.com/domestic/stock/500081/total"" target=""_blank"">Naver</a>"
45014K,코오롱모빌리티그룹우,,,,,,corp_code not found,"<a href=""https://m.stock.naver.com/domestic/stock/45014K/total"" target=""_blank"">Naver</a>"
530137,삼성 KRX 2차전지 TOP10 TR ETN,,,,,,corp_code not found,"<a href=""https://m.stock.naver.com/domestic/stock/530137/total"" target=""_blank"">Naver</a>"
760019,키움 리츠부동산인프라 ETN,,,,,,corp_code not found,"<a href=""https://m.stock.naver.com/domestic/stock/760019/total"" target=""_blank"">Naver</a>"
760015,키움 레버리지 바이오TOP10 ETN,,,,,,corp_code not found,"<a href=""https://m.stock.naver.com/domestic/stock/760015/total"" target=""_blank"">Naver</a>"
500086,신한 코스닥 150 TR ETN,,,,,,corp_code not found,"<a href=""https://m.stock.naver.com/domestic/stock/500086/total"" target=""_blank"">Naver</a>"
580063,KB 레버리지 미국채 10년 선물 ETN,,,,,,corp_code not found,"<a href=""https://m.stock.naver.com/domestic/stock/580063/total"" target=""_blank"">Naver</a>"
610051,메리츠 인버스 국채5년 ETN,,,,,,corp_code not found,"<a href=""https://m.stock.naver.com/domestic/stock/610051/total"" target=""_blank"">Naver</a>"
610079,메리츠 인버스 3X 미국채30년 ETN,,,,,,corp_code not found,"<a href=""https://m.stock.naver.com/domestic/stock/610079/total"" target=""_blank"">Naver</a>"
760020,키움 레버리지 리츠부동산인프라 ETN,,,,,,corp_code not found,"<a href=""https://m.stock.naver.com/domestic/stock/760020/total"" target=""_blank"">Naver</a>"
610091,메리츠 3X 레버리지 일본 국채 10년 ETN,,,,,,corp_code not found,"<a href=""https://m.stock.naver.com/domestic/stock/610091/total"" target=""_blank"">Naver</a>"
580065,KB 코스닥 150 TR ETN,,,,,,corp_code not found,"<a href=""https://m.stock.naver.com/domestic/stock/580065/total"" target=""_blank"">Naver</a>"
580064,KB 인버스 2X 미국채 10년 선물 ETN,,,,,,corp_code not found,"<a href=""https://m.stock.naver.com/domestic/stock/580064/total"" target=""_blank"">Naver</a>"
530127,삼성 미국다우존스 ETN,,,,,,corp_code not found,"<a href=""https://m.stock.naver.com/domestic/stock/530127/total"" target=""_blank"">Naver</a>"
610090,메리츠 일본 국채 10년 ETN,,,,,,corp_code not found,"<a href=""https://m.stock.naver.com/domestic/stock/610090/total"" target=""_blank"">Naver</a>"
570053,한투 인버스 플래티넘 선물 ETN,,,,,,corp_code not found,"<a href=""https://m.stock.naver.com/domestic/stock/570053/total"" target=""_blank"">Naver</a>"
610092,메리츠 인버스 일본 국채 10년 ETN,,,,,,corp_code not found,"<a href=""https://m.stock.naver.com/domestic/stock/610092/total"" target=""_blank"">Naver</a>"
500055,신한 인버스 Russell 2000 ETN,,,,,,corp_code not found,"<a href=""https://m.stock.naver.com/domestic/stock/500055/total"" target=""_blank"">Naver</a>"
570110,한투 3X레버리지국채30년 ETN,,,,,,corp_code not found,"<a href=""https://m.stock.naver.com/domestic/stock/570110/total"" target=""_blank"">Naver</a>"
610093,메리츠 인버스 3X 일본 국채 10년 ETN,,,,,,corp_code not found,"<a href=""https://m.stock.naver.com/domestic/stock/610093/total"" target=""_blank"">Naver</a>"
580061,KB 미국채 30년 ETN,,,,,,corp_code not found,"<a href=""https://m.stock.naver.com/domestic/stock/580061/total"" target=""_blank"">Naver</a>"
610056,메리츠 인버스 3X 국채3년 ETN,,,,,,corp_code not found,"<a href=""https://m.stock.naver.com/domestic/stock/610056/total"" target=""_blank"">Naver</a>"
580014,KB 인버스 2X 나스닥 100 ETN,,,,,,corp_code not found,"<a href=""https://m.stock.naver.com/domestic/stock/580014/total"" target=""_blank"">Naver</a>"
610076,메리츠 인버스 3X 미국채10년 ETN,,,,,,corp_code not found,"<a href=""https://m.stock.naver.com/domestic/stock/610076/total"" target=""_blank"">Naver</a>"
530135,삼성 인버스 China A50 선물 ETN(H) B,,,,,,corp_code not found,"<a href=""https://m.stock.naver.com/domestic/stock/530135/total"" target=""_blank"">Naver</a>"
570094,한투 일본 엔선물 ETN C,,,,,,corp_code not found,"<a href=""https://m.stock.naver.com/domestic/stock/570094/total"" target=""_blank"">Naver</a>"
580050,KB STAR 50 ETN,,,,,,corp_code not found,"<a href=""https://m.stock.naver.com/domestic/stock/580050/total"" target=""_blank"">Naver</a>"
610035,메리츠 레버리지 대표 농산물 선물 ETN(H),,,,,,corp_code not found,"<a href=""https://m.stock.naver.com/domestic/stock/610035/total"" target=""_blank"">Naver</a>"
610032,메리츠 CSI 300 ETN,,,,,,corp_code not found,"<a href=""https://m.stock.naver.com/domestic/stock/610032/total"" target=""_blank"">Naver</a>"
006345,대원전선우,,,,,,corp_code not found,"<a href=""https://m.stock.naver.com/domestic/stock/006345/total"" target=""_blank"">Naver</a>"
570066,한투 인버스 2X 베트남 VN30 선물 ETN(H),,,,,,corp_code not found,"<a href=""https://m.stock.naver.com/domestic/stock/570066/total"" target=""_blank"">Naver</a>"
500041,신한 인버스 2X 구리 선물 ETN,,,,,,corp_code not found,"<a href=""https://m.stock.naver.com/domestic/stock/500041/total"" target=""_blank"">Naver</a>"
530096,삼성 인버스 구리 선물 ETN(H),,,,,,corp_code not found,"<a href=""https://m.stock.naver.com/domestic/stock/530096/total"" target=""_blank"">Naver</a>"
610084,메리츠 미국채30년 스트립 ETN(H),,,,,,corp_code not found,"<a href=""https://m.stock.naver.com/domestic/stock/610084/total"" target=""_blank"">Naver</a>"
610058,메리츠 인버스 3X 국채5년 ETN,,,,,,corp_code not found,"<a href=""https://m.stock.naver.com/domestic/stock/610058/total"" target=""_blank"">Naver</a>"
610073,메리츠 KAP 인버스 2X 중국 위안화 ETN,,,,,,corp_code not found,"<a href=""https://m.stock.naver.com/domestic/stock/610073/total"" target=""_blank"">Naver</a>"
570060,한투 인버스 2X 금 선물 ETN,,,,,,corp_code not found,"<a href=""https://m.stock.naver.com/domestic/stock/570060/total"" target=""_blank"">Naver</a>"
530092,삼성 인버스 코스피 200 선물 ETN,,,,,,corp_code not found,"<a href=""https://m.stock.naver.com/domestic/stock/530092/total"" target=""_blank"">Naver</a>"
580055,KB 블룸버그 레버리지 천연가스 선물 ETN,,,,,,corp_code not found,"<a href=""https://m.stock.naver.com/domestic/stock/580055/total"" target=""_blank"">Naver</a>"
570101,한투 인버스 나스닥100 ETN B,,,,,,corp_code not found,"<a href=""https://m.stock.naver.com/domestic/stock/570101/total"" target=""_blank"">Naver</a>"
570058,한투 인버스 은 선물 ETN,,,,,,corp_code not found,"<a href=""https://m.stock.naver.com/domestic/stock/570058/total"" target=""_blank"">Naver</a>"
700011,하나 레버리지 옥수수 선물 ETN(H),,,,,,corp_code not found,"<a href=""https://m.stock.naver.com/domestic/stock/700011/total"" target=""_blank"">Naver</a>"
580062,KB 레버리지 미국채 30년 ETN,,,,,,corp_code not found,"<a href=""https://m.stock.naver.com/domestic/stock/580062/total"" target=""_blank"">Naver</a>"
004985,성신양회우,,,,,,corp_code not found,"<a href=""https://m.stock.naver.com/domestic/stock/004985/total"" target=""_blank"">Naver</a>"
001515,SK증권우,,,,,,corp_code not found,"<a href=""https://m.stock.naver.com/domestic/stock/001515/total"" target=""_blank"">Naver</a>"
570097,한투 S&P 엔달러 선물 ETN(H),,,,,,corp_code not found,"<a href=""https://m.stock.naver.com/domestic/stock/570097/total"" target=""_blank"">Naver</a>"
001755,한양증권우,,,,,,corp_code not found,"<a href=""https://m.stock.naver.com/domestic/stock/001755/total"" target=""_blank"">Naver</a>"
530060,삼성 코스피 양매도 5% OTM ETN,,,,,,corp_code not found,"<a href=""https://m.stock.naver.com/domestic/stock/530060/total"" target=""_blank"">Naver</a>"
570056,한투 인버스 금 선물 ETN,,,,,,corp_code not found,"<a href=""https://m.stock.naver.com/domestic/stock/570056/total"" target=""_blank"">Naver</a>"
500036,신한 인버스 2X 미국달러 선물 ETN,,,,,,corp_code not found,"<a href=""https://m.stock.naver.com/domestic/stock/500036/total"" target=""_blank"">Naver</a>"
610060,메리츠 인버스 3X 국채10년 ETN,,,,,,corp_code not found,"<a href=""https://m.stock.naver.com/domestic/stock/610060/total"" target=""_blank"">Naver</a>"
570111,한투 3X레버리지미국채30년 ETN,,,,,,corp_code not found,"<a href=""https://m.stock.naver.com/domestic/stock/570111/total"" target=""_blank"">Naver</a>"
570109,한투 레버리지미국채30년 ETN,,,,,,corp_code not found,"<a href=""https://m.stock.naver.com/domestic/stock/570109/total"" target=""_blank"">Naver</a>"
570095,한투 레버리지 일본 엔선물 ETN C,,,,,,corp_code not found,"<a href=""https://m.stock.naver.com/domestic/stock/570095/total"" target=""_blank"">Naver</a>"
580035,KB S&P 유럽탄소배출권 선물 ETN(H),,,,,,corp_code not found,"<a href=""https://m.stock.naver.com/domestic/stock/580035/total"" target=""_blank"">Naver</a>"
530062,삼성 인버스 2X 은 선물 ETN(H),,,,,,corp_code not found,"<a href=""https://m.stock.naver.com/domestic/stock/530062/total"" target=""_blank"">Naver</a>"
530094,삼성 인버스 코스닥 150 선물 ETN,,,,,,corp_code not found,"<a href=""https://m.stock.naver.com/domestic/stock/530094/total"" target=""_blank"">Naver</a>"
500067,신한 레버리지 10년 국채선물 ETN,,,,,,corp_code not found,"<a href=""https://m.stock.naver.com/domestic/stock/500067/total"" target=""_blank"">Naver</a>"
610034,메리츠 대표 농산물 선물 ETN(H),,,,,,corp_code not found,"<a href=""https://m.stock.naver.com/domestic/stock/610034/total"" target=""_blank"">Naver</a>"
550043,N2 인버스 레버리지 WTI원유 선물 ETN(H),,,,,,corp_code not found,"<a href=""https://m.stock.naver.com/domestic/stock/550043/total"" target=""_blank"">Naver</a>"
500070,신한 인버스 2X 코스피 200 선물 ETN,,,,,,corp_code not found,"<a href=""https://m.stock.naver.com/domestic/stock/500070/total"" target=""_blank"">Naver</a>"
570064,한투 인버스 베트남 VN30 선물 ETN(H),,,,,,corp_code not found,"<a href=""https://m.stock.naver.com/domestic/stock/570064/total"" target=""_blank"">Naver</a>"
570091,한투 인버스 유로스탁스50 ETN(H) C,,,,,,corp_code not found,"<a href=""https://m.stock.naver.com/domestic/stock/570091/total"" target=""_blank"">Naver</a>"
000325,노루홀딩스우,,,,,,corp_code not found,"<a href=""https://m.stock.naver.com/domestic/stock/000325/total"" target=""_blank"">Naver</a>"
26490K,크라운제과우,,,,,,corp_code not found,"<a href=""https://m.stock.naver.com/domestic/stock/26490K/total"" target=""_blank"">Naver</a>"
610033,메리츠 STAR 50 ETN,,,,,,corp_code not found,"<a href=""https://m.stock.naver.com/domestic/stock/610033/total"" target=""_blank"">Naver</a>"
760014,키움 바이오TOP10 ETN,,,,,,corp_code not found,"<a href=""https://m.stock.naver.com/domestic/stock/760014/total"" target=""_blank"">Naver</a>"
610013,메리츠 인버스 2X 금 선물 ETN(H),,,,,,corp_code not found,"<a href=""https://m.stock.naver.com/domestic/stock/610013/total"" target=""_blank"">Naver</a>"
760021,키움 코스피200 선물 달러노출 ETN,,,,,,corp_code not found,"<a href=""https://m.stock.naver.com/domestic/stock/760021/total"" target=""_blank"">Naver</a>"
570070,한투 인버스 2X 플래티넘 선물 ETN,,,,,,corp_code not found,"<a href=""https://m.stock.naver.com/domestic/stock/570070/total"" target=""_blank"">Naver</a>"
510043,대신 인버스 천연가스 선물 ETN(H) B,,,,,,corp_code not found,"<a href=""https://m.stock.naver.com/domestic/stock/510043/total"" target=""_blank"">Naver</a>"
570098,한투 S&P 레버리지 엔달러 선물 ETN(H),,,,,,corp_code not found,"<a href=""https://m.stock.naver.com/domestic/stock/570098/total"" target=""_blank"">Naver</a>"
550063,N2 인버스 레버리지 금 선물 ETN(H),,,,,,corp_code not found,"<a href=""https://m.stock.naver.com/domestic/stock/550063/total"" target=""_blank"">Naver</a>"
500068,신한 인버스 2X 10년 국채선물 ETN,,,,,,corp_code not found,"<a href=""https://m.stock.naver.com/domestic/stock/500068/total"" target=""_blank"">Naver</a>"
580032,KB 레버리지 구리 선물 ETN(H),,,,,,corp_code not found,"<a href=""https://m.stock.naver.com/domestic/stock/580032/total"" target=""_blank"">Naver</a>"
36328K,티와이홀딩스우,,,,,,corp_code not found,"<a href=""https://m.stock.naver.com/domestic/stock/36328K/total"" target=""_blank"">Naver</a>"
530084,삼성 인버스 금 선물 ETN(H),,,,,,corp_code not found,"<a href=""https://m.stock.naver.com/domestic/stock/530084/total"" target=""_blank"">Naver</a>"
520069,미래에셋 -2X 홍콩H 선물 ETN(H),,,,,,corp_code not found,"<a href=""https://m.stock.naver.com/domestic/stock/520069/total"" target=""_blank"">Naver</a>"
760012,키움 반도체TOP10 ETN,,,,,,corp_code not found,"<a href=""https://m.stock.naver.com/domestic/stock/760012/total"" target=""_blank"">Naver</a>"
000545,흥국화재우,,,,,,corp_code not found,"<a href=""https://m.stock.naver.com/domestic/stock/000545/total"" target=""_blank"">Naver</a>"
530090,삼성 인버스 은 선물 ETN(H),,,,,,corp_code not found,"<a href=""https://m.stock.naver.com/domestic/stock/530090/total"" target=""_blank"">Naver</a>"
45226K,한화갤러리아우,,,,,,corp_code not found,"<a href=""https://m.stock.naver.com/domestic/stock/45226K/total"" target=""_blank"">Naver</a>"
570062,한투 인버스 2X 은 선물 ETN,,,,,,corp_code not found,"<a href=""https://m.stock.naver.com/domestic/stock/570062/total"" target=""_blank"">Naver</a>"
090355,노루페인트우,,,,,,corp_code not found,"<a href=""https://m.stock.naver.com/domestic/stock/090355/total"" target=""_blank"">Naver</a>"
610023,메리츠 레버리지 미국채10년 ETN(H),,,,,,corp_code not found,"<a href=""https://m.stock.naver.com/domestic/stock/610023/total"" target=""_blank"">Naver</a>"
007575,일양약품우,,,,,,corp_code not found,"<a href=""https://m.stock.naver.com/domestic/stock/007575/total"" target=""_blank"">Naver</a>"
580053,KB 레버리지 콩 선물 ETN,,,,,,corp_code not found,"<a href=""https://m.stock.naver.com/domestic/stock/580053/total"" target=""_blank"">Naver</a>"
000145,하이트진로홀딩스우,,,,,,corp_code not found,"<a href=""https://m.stock.naver.com/domestic/stock/000145/total"" target=""_blank"">Naver</a>"
580033,KB 인버스 2X 구리 선물 ETN(H),,,,,,corp_code not found,"<a href=""https://m.stock.naver.com/domestic/stock/580033/total"" target=""_blank"">Naver</a>"
530122,삼성 인버스 2X 항셍테크 ETN(H) B,,,,,,corp_code not found,"<a href=""https://m.stock.naver.com/domestic/stock/530122/total"" target=""_blank"">Naver</a>"
610062,메리츠 인버스 3X 국채30년 ETN,,,,,,corp_code not found,"<a href=""https://m.stock.naver.com/domestic/stock/610062/total"" target=""_blank"">Naver</a>"
700018,하나 인버스 2X 코스닥150 선물 ETN,,,,,,corp_code not found,"<a href=""https://m.stock.naver.com/domestic/stock/700018/total"" target=""_blank"">Naver</a>"
610017,메리츠 인버스 2X 은 선물 ETN(H),,,,,,corp_code not found,"<a href=""https://m.stock.naver.com/domestic/stock/610017/total"" target=""_blank"">Naver</a>"
550065,N2 인버스 레버리지 은 선물 ETN(H),,,,,,corp_code not found,"<a href=""https://m.stock.naver.com/domestic/stock/550065/total"" target=""_blank"">Naver</a>"
005745,크라운해태홀딩스우,,,,,,corp_code not found,"<a href=""https://m.stock.naver.com/domestic/stock/005745/total"" target=""_blank"">Naver</a>"
500057,신한 인버스 2X Russell 2000 ETN,,,,,,corp_code not found,"<a href=""https://m.stock.naver.com/domestic/stock/500057/total"" target=""_blank"">Naver</a>"
610043,메리츠 천연가스 선물 ETN(H),,,,,,corp_code not found,"<a href=""https://m.stock.naver.com/domestic/stock/610043/total"" target=""_blank"">Naver</a>"
580017,KB 인버스 2X S&P 500 선물 ETN,,,,,,corp_code not found,"<a href=""https://m.stock.naver.com/domestic/stock/580017/total"" target=""_blank"">Naver</a>"
760010,키움 2차전지산업 ETN,,,,,,corp_code not found,"<a href=""https://m.stock.naver.com/domestic/stock/760010/total"" target=""_blank"">Naver</a>"
570023,한투 인버스 2X S&P500 선물 ETN(H),,,,,,corp_code not found,"<a href=""https://m.stock.naver.com/domestic/stock/570023/total"" target=""_blank"">Naver</a>"
014825,동원시스템즈우,,,,,,corp_code not found,"<a href=""https://m.stock.naver.com/domestic/stock/014825/total"" target=""_blank"">Naver</a>"
00781K,코리아써키트2우B,,,,,,corp_code not found,"<a href=""https://m.stock.naver.com/domestic/stock/00781K/total"" target=""_blank"">Naver</a>"
004545,깨끗한나라우,,,,,,corp_code not found,"<a href=""https://m.stock.naver.com/domestic/stock/004545/total"" target=""_blank"">Naver</a>"
005965,동부건설우,,,,,,corp_code not found,"<a href=""https://m.stock.naver.com/domestic/stock/005965/total"" target=""_blank"">Naver</a>"
012205,계양전기우,,,,,,corp_code not found,"<a href=""https://m.stock.naver.com/domestic/stock/012205/total"" target=""_blank"">Naver</a>"
014285,금강공업우,,,,,,corp_code not found,"<a href=""https://m.stock.naver.com/domestic/stock/014285/total"" target=""_blank"">Naver</a>"
760011,키움 레버리지 2차전지산업 ETN,,,,,,corp_code not found,"<a href=""https://m.stock.naver.com/domestic/stock/760011/total"" target=""_blank"">Naver</a>"
008355,남선알미우,,,,,,corp_code not found,"<a href=""https://m.stock.naver.com/domestic/stock/008355/total"" target=""_blank"">Naver</a>"
580040,KB 인버스 2X KOSPI 200 선물 ETN,,,,,,corp_code not found,"<a href=""https://m.stock.naver.com/domestic/stock/580040/total"" target=""_blank"">Naver</a>"
580023,KB 인버스 2X 금 선물 ETN(H),,,,,,corp_code not found,"<a href=""https://m.stock.naver.com/domestic/stock/580023/total"" target=""_blank"">Naver</a>"
520011,미래에셋 인버스 원유선물혼합 ETN(H),,,,,,corp_code not found,"<a href=""https://m.stock.naver.com/domestic/stock/520011/total"" target=""_blank"">Naver</a>"
009415,태영건설우,,,,,,corp_code not found,"<a href=""https://m.stock.naver.com/domestic/stock/009415/total"" target=""_blank"">Naver</a>"
011155,CJ씨푸드1우,,,,,,corp_code not found,"<a href=""https://m.stock.naver.com/domestic/stock/011155/total"" target=""_blank"">Naver</a>"
002995,금호건설우,,,,,,corp_code not found,"<a href=""https://m.stock.naver.com/domestic/stock/002995/total"" target=""_blank"">Naver</a>"
000227,유유제약2우B,,,,,,corp_code not found,"<a href=""https://m.stock.naver.com/domestic/stock/000227/total"" target=""_blank"">Naver</a>"
500051,신한 인버스 2X S&P500 선물 ETN,,,,,,corp_code not found,"<a href=""https://m.stock.naver.com/domestic/stock/500051/total"" target=""_blank"">Naver</a>"
700025,하나 블룸버그 2X 천연가스 선물 ETN(H) B,,,,,,corp_code not found,"<a href=""https://m.stock.naver.com/domestic/stock/700025/total"" target=""_blank"">Naver</a>"
500030,신한 인버스 2X 은 선물 ETN(H),,,,,,corp_code not found,"<a href=""https://m.stock.naver.com/domestic/stock/500030/total"" target=""_blank"">Naver</a>"
002785,진흥기업우B,,,,,,corp_code not found,"<a href=""https://m.stock.naver.com/domestic/stock/002785/total"" target=""_blank"">Naver</a>"
004415,서울식품우,,,,,,corp_code not found,"<a href=""https://m.stock.naver.com/domestic/stock/004415/total"" target=""_blank"">Naver</a>"
580027,KB 인버스 2X 은 선물 ETN(H),,,,,,corp_code not found,"<a href=""https://m.stock.naver.com/domestic/stock/580027/total"" target=""_blank"">Naver</a>"
001527,동양2우B,,,,,,corp_code not found,"<a href=""https://m.stock.naver.com/domestic/stock/001527/total"" target=""_blank"">Naver</a>"
001525,동양우,,,,,,corp_code not found,"<a href=""https://m.stock.naver.com/domestic/stock/001525/total"" target=""_blank"">Naver</a>"
014915,성문전자우,,,,,,corp_code not found,"<a href=""https://m.stock.naver.com/domestic/stock/014915/total"" target=""_blank"">Naver</a>"
002787,진흥기업2우B,,,,,,corp_code not found,"<a href=""https://m.stock.naver.com/domestic/stock/002787/total"" target=""_blank"">Naver</a>"
500038,신한 인버스 2X 금 선물 ETN,,,,,,corp_code not found,"<a href=""https://m.stock.naver.com/domestic/stock/500038/total"" target=""_blank"">Naver</a>"
550045,N2 인버스 레버리지 S&P500 ETN,,,,,,corp_code not found,"<a href=""https://m.stock.naver.com/domestic/stock/550045/total"" target=""_blank"">Naver</a>"
