Symbol,Name,TotalScore,Growth,Profitability,Stability,Activity,Error,Links
137310,에스디바이오센서,99.29443476412932,100.0,100.0,98.32103779675973,89.24661968906685,,"<a href=""https://m.stock.naver.com/domestic/stock/137310/total"" target=""_blank"">Naver</a>"
011200,HMM,97.40321933923775,97.68523579709309,100.0,95.42006685748632,85.00142350466547,,"<a href=""https://m.stock.naver.com/domestic/stock/011200/total"" target=""_blank"">Naver</a>"
383220,F&F,96.50190131727884,100.0,98.67705947578257,84.20346047353034,68.24580801960305,,"<a href=""https://m.stock.naver.com/domestic/stock/383220/total"" target=""_blank"">Naver</a>"
000990,DB하이텍,95.97005003866694,94.96999923331542,100.0,98.79250641714515,82.17599713926312,,"<a href=""https://m.stock.naver.com/domestic/stock/000990/total"" target=""_blank"">Naver</a>"
093370,후성,95.87001739267151,100.0,93.22560258711012,88.08537915532433,75.10157660723098,,"<a href=""https://m.stock.naver.com/domestic/stock/093370/total"" target=""_blank"">Naver</a>"
009160,SIMPAC,93.714545977144,97.05245621313775,89.93327135309255,91.36316811771441,77.26875198433565,,"<a href=""https://m.stock.naver.com/domestic/stock/009160/total"" target=""_blank"">Naver</a>"
090460,비에이치,92.51382700561842,98.97765238475132,79.0402642829111,89.8493337415764,87.64472259764419,,"<a href=""https://m.stock.naver.com/domestic/stock/090460/total"" target=""_blank"">Naver</a>"
025860,남해화학,92.22391379632249,100.0,74.45992143107198,91.82909635966662,88.52047605175669,,"<a href=""https://m.stock.naver.com/domestic/stock/025860/total"" target=""_blank"">Naver</a>"
036570,엔씨소프트,91.80349103930006,93.4011726121276,88.32494119541882,98.9244607571883,75.78212194899919,,"<a href=""https://m.stock.naver.com/domestic/stock/036570/total"" target=""_blank"">Naver</a>"
259960,크래프톤,91.6681614000039,93.93700285853674,96.74619281998139,84.36587284310477,53.656483911520574,,"<a href=""https://m.stock.naver.com/domestic/stock/259960/total"" target=""_blank"">Naver</a>"
195870,해성디에스,91.35320615193021,92.81589418296683,89.33240173770751,94.62431491242339,77.36275432961762,,"<a href=""https://m.stock.naver.com/domestic/stock/195870/total"" target=""_blank"">Naver</a>"
108320,LX세미콘,90.37700106633959,88.24163273786534,93.02798996625336,96.69862873088707,90.10322117936693,,"<a href=""https://m.stock.naver.com/domestic/stock/108320/total"" target=""_blank"">Naver</a>"
207940,삼성바이오로직스,90.35064967745471,95.13533599890353,90.125940649252,91.2879662755114,32.18332576496918,,"<a href=""https://m.stock.naver.com/domestic/stock/207940/total"" target=""_blank"">Naver</a>"
028670,팬오션,90.30714496785143,95.34848555919746,79.983344212761,87.71303749539612,86.61827659206175,,"<a href=""https://m.stock.naver.com/domestic/stock/028670/total"" target=""_blank"">Naver</a>"
010950,S-Oil,89.04626922040528,96.23621169662196,76.20760493555998,77.5166634846308,90.01949240158066,,"<a href=""https://m.stock.naver.com/domestic/stock/010950/total"" target=""_blank"">Naver</a>"
010780,아이에스동서,88.44723785211116,97.46257105731301,79.07600393890583,80.88510533727205,42.24367398539387,,"<a href=""https://m.stock.naver.com/domestic/stock/010780/total"" target=""_blank"">Naver</a>"
317400,자이에스앤디,88.21468671268751,100.0,61.75266917007075,86.49145760321258,82.54747319697104,,"<a href=""https://m.stock.naver.com/domestic/stock/317400/total"" target=""_blank"">Naver</a>"
010060,OCI홀딩스,88.05869228370307,90.30943175499544,86.96064686538615,98.12283446635647,46.4117613544724,,"<a href=""https://m.stock.naver.com/domestic/stock/010060/total"" target=""_blank"">Naver</a>"
005010,휴스틸,87.93338933821143,96.40975951536491,68.76286403308204,97.72280090181317,62.490750610813,,"<a href=""https://m.stock.naver.com/domestic/stock/005010/total"" target=""_blank"">Naver</a>"
004430,송원산업,87.66364367538858,94.41041618663114,78.50369080768458,84.47192851058422,58.8855682086069,,"<a href=""https://m.stock.naver.com/domestic/stock/004430/total"" target=""_blank"">Naver</a>"
007700,F&F홀딩스,87.40825327663578,85.25111284562904,100.0,91.28506953700719,42.58157231115273,,"<a href=""https://m.stock.naver.com/domestic/stock/007700/total"" target=""_blank"">Naver</a>"
029460,케이씨,87.34739127168697,90.43364308585255,76.800679866948,99.2947905472543,79.15112797426013,,"<a href=""https://m.stock.naver.com/domestic/stock/029460/total"" target=""_blank"">Naver</a>"
004720,팜젠사이언스,87.28897471382355,96.81091485863567,79.55323357998311,63.51541495562495,59.251518161677645,,"<a href=""https://m.stock.naver.com/domestic/stock/004720/total"" target=""_blank"">Naver</a>"
003490,대한항공,87.07687948913987,94.73882763644797,73.8729004335114,79.60783822260001,76.09147953266488,,"<a href=""https://m.stock.naver.com/domestic/stock/003490/total"" target=""_blank"">Naver</a>"
071090,하이스틸,87.06142443388887,96.92866277094963,64.83323645153935,88.673887294287,76.57057858011129,,"<a href=""https://m.stock.naver.com/domestic/stock/071090/total"" target=""_blank"">Naver</a>"
003030,세아제강지주,86.9617549451523,92.88200132065181,75.49198589141103,92.40385477115238,62.38344405586418,,"<a href=""https://m.stock.naver.com/domestic/stock/003030/total"" target=""_blank"">Naver</a>"
084010,대한제강,86.8586876442149,88.55683036422795,79.12783320018637,93.16710527637885,92.51841195987305,,"<a href=""https://m.stock.naver.com/domestic/stock/084010/total"" target=""_blank"">Naver</a>"
002100,경농,86.80656458996854,95.92416836648037,71.90605090478887,91.21441183220153,43.08219321325921,,"<a href=""https://m.stock.naver.com/domestic/stock/002100/total"" target=""_blank"">Naver</a>"
032560,황금에스티,86.33557054722714,90.1535418478444,78.77218925772577,99.17271641507394,52.6625296516333,,"<a href=""https://m.stock.naver.com/domestic/stock/032560/total"" target=""_blank"">Naver</a>"
353200,대덕전자,86.17328314823092,90.43771083276529,72.21379069420004,97.67766131327721,81.78885687388029,,"<a href=""https://m.stock.naver.com/domestic/stock/353200/total"" target=""_blank"">Naver</a>"
001230,동국홀딩스,85.97426254873278,89.44136821494583,81.37518487463183,79.15876956031413,80.99536890151853,,"<a href=""https://m.stock.naver.com/domestic/stock/001230/total"" target=""_blank"">Naver</a>"
017040,광명전기,85.76263588980166,95.98944281275817,56.64898999956236,98.38602303655634,83.36240797201077,,"<a href=""https://m.stock.naver.com/domestic/stock/017040/total"" target=""_blank"">Naver</a>"
003220,대원제약,85.75251810669903,94.58419781238489,67.06418450588501,90.46728756628625,63.78449072336424,,"<a href=""https://m.stock.naver.com/domestic/stock/003220/total"" target=""_blank"">Naver</a>"
009180,한솔로지스틱스,85.72442965424774,94.65199784456631,68.05731133206672,72.3701647595556,93.6377327707144,,"<a href=""https://m.stock.naver.com/domestic/stock/009180/total"" target=""_blank"">Naver</a>"
010580,에스엠벡셀,85.49971733608376,94.81536446944483,67.80373962816178,80.16314644532996,72.86498205686851,,"<a href=""https://m.stock.naver.com/domestic/stock/010580/total"" target=""_blank"">Naver</a>"
227840,현대코퍼레이션홀딩스,85.09106836315603,91.3799710356797,66.59883409860952,99.39811885193843,73.47130663803956,,"<a href=""https://m.stock.naver.com/domestic/stock/227840/total"" target=""_blank"">Naver</a>"
005090,SGC에너지,84.32589321947061,93.84803606109354,71.3700445183989,60.56573365633216,82.35974175163108,,"<a href=""https://m.stock.naver.com/domestic/stock/005090/total"" target=""_blank"">Naver</a>"
001940,KISCO홀딩스,84.31716731696709,84.68654063558601,77.1347537637259,99.50948105258155,85.41212778851705,,"<a href=""https://m.stock.naver.com/domestic/stock/001940/total"" target=""_blank"">Naver</a>"
016380,KG스틸,84.30261015042716,89.83424805286704,72.71690507651597,81.33642903473331,81.78384292209218,,"<a href=""https://m.stock.naver.com/domestic/stock/016380/total"" target=""_blank"">Naver</a>"
000660,SK하이닉스,84.08851821852447,81.51634697287308,93.23785063668292,94.4843158012059,48.41631591018623,,"<a href=""https://m.stock.naver.com/domestic/stock/000660/total"" target=""_blank"">Naver</a>"
009970,영원무역홀딩스,84.0387617148214,83.42191514303207,84.34984339352893,98.94690132917997,60.06923295403871,,"<a href=""https://m.stock.naver.com/domestic/stock/009970/total"" target=""_blank"">Naver</a>"
002900,TYM,84.00648782495992,93.42802132097567,70.84362739525243,68.36088321465927,68.0535972419095,,"<a href=""https://m.stock.naver.com/domestic/stock/002900/total"" target=""_blank"">Naver</a>"
021820,세원정공,83.98883828529914,91.90367922254552,65.53721012877865,98.43352921924135,52.379505953060466,,"<a href=""https://m.stock.naver.com/domestic/stock/021820/total"" target=""_blank"">Naver</a>"
111770,영원무역,83.91707962733213,84.11953886064205,81.89521339066282,98.65782358609673,62.115412093430386,,"<a href=""https://m.stock.naver.com/domestic/stock/111770/total"" target=""_blank"">Naver</a>"
078930,GS,83.90683494950827,88.96783927975166,73.0043876300102,80.1778798430129,85.14492979706854,,"<a href=""https://m.stock.naver.com/domestic/stock/078930/total"" target=""_blank"">Naver</a>"
030720,동원수산,83.85429067990678,90.30378475353432,65.06161259344752,94.67342896197898,78.78547566452843,,"<a href=""https://m.stock.naver.com/domestic/stock/030720/total"" target=""_blank"">Naver</a>"
004360,세방,83.77504571615023,93.8525512277443,54.98387631087593,94.3573318121466,85.63625441139993,,"<a href=""https://m.stock.naver.com/domestic/stock/004360/total"" target=""_blank"">Naver</a>"
005880,대한해운,83.76432683424291,83.04568769332671,91.75064526972557,72.56762525539574,74.84980750551833,,"<a href=""https://m.stock.naver.com/domestic/stock/005880/total"" target=""_blank"">Naver</a>"
145720,덴티움,83.67966812519144,82.19135594187695,93.6552162263168,89.77118625853382,39.47863755265384,,"<a href=""https://m.stock.naver.com/domestic/stock/145720/total"" target=""_blank"">Naver</a>"
023960,에쓰씨엔지니어링,83.57832924055671,100.0,53.541165891761786,57.256457390264224,89.34784057179695,,"<a href=""https://m.stock.naver.com/domestic/stock/023960/total"" target=""_blank"">Naver</a>"
014580,태경비케이,83.377014390138,88.57247262780356,66.88663954456892,96.94455342338443,76.34831169950398,,"<a href=""https://m.stock.naver.com/domestic/stock/014580/total"" target=""_blank"">Naver</a>"
018670,SK가스,83.25302852244222,96.13727022721935,61.050440180317146,59.74742966329976,86.66626749402701,,"<a href=""https://m.stock.naver.com/domestic/stock/018670/total"" target=""_blank"">Naver</a>"
192650,드림텍,83.11852890097646,86.6478478064656,73.80184431318908,82.49144523464756,88.60429230670135,,"<a href=""https://m.stock.naver.com/domestic/stock/192650/total"" target=""_blank"">Naver</a>"
077500,유니퀘스트,83.09872689036342,84.9981554933964,74.7112424829747,93.31902574147963,81.80240798867914,,"<a href=""https://m.stock.naver.com/domestic/stock/077500/total"" target=""_blank"">Naver</a>"
155660,DSR,83.05903337250984,92.78357126446748,61.24403051591167,89.94286625888539,61.67192717925822,,"<a href=""https://m.stock.naver.com/domestic/stock/155660/total"" target=""_blank"">Naver</a>"
009070,KCTC,82.86856109515927,92.77495987455136,59.49874853289223,79.31572463639802,87.94651147131187,,"<a href=""https://m.stock.naver.com/domestic/stock/009070/total"" target=""_blank"">Naver</a>"
010640,진양폴리,82.83472007174483,85.39743815216885,73.0063853817178,90.00907563602408,86.87506542823314,,"<a href=""https://m.stock.naver.com/domestic/stock/010640/total"" target=""_blank"">Naver</a>"
096770,SK이노베이션,82.70650864161134,96.65999321585336,58.362738924727545,59.50138697369081,83.39378567096692,,"<a href=""https://m.stock.naver.com/domestic/stock/096770/total"" target=""_blank"">Naver</a>"
003230,삼양식품,82.66234115371068,84.42633417292338,74.53514267818692,89.9564776913621,87.5421442254744,,"<a href=""https://m.stock.naver.com/domestic/stock/003230/total"" target=""_blank"">Naver</a>"
035150,백산,82.50752559646797,88.95558578239672,65.98922624946904,87.34174554675417,78.05386019974517,,"<a href=""https://m.stock.naver.com/domestic/stock/035150/total"" target=""_blank"">Naver</a>"
006120,SK디스커버리,82.45535429597501,96.06568059410499,58.34063322424655,60.48344665487283,83.64885935926209,,"<a href=""https://m.stock.naver.com/domestic/stock/006120/total"" target=""_blank"">Naver</a>"
037270,YG PLUS,82.34879327828175,78.36552374317814,86.84924238004594,93.24447742973955,85.85441388778824,,"<a href=""https://m.stock.naver.com/domestic/stock/037270/total"" target=""_blank"">Naver</a>"
001120,LX인터내셔널,82.2254681362336,89.58834560151166,67.51474126279324,69.7114392131324,92.45263076630091,,"<a href=""https://m.stock.naver.com/domestic/stock/001120/total"" target=""_blank"">Naver</a>"
015890,태경산업,82.14561486934096,88.05558759637678,63.75019358701011,93.66123882530201,80.1718006446434,,"<a href=""https://m.stock.naver.com/domestic/stock/015890/total"" target=""_blank"">Naver</a>"
003080,SB성보,81.94309857229062,93.31468966442822,58.14685367375338,96.24776712154488,35.85589286081716,,"<a href=""https://m.stock.naver.com/domestic/stock/003080/total"" target=""_blank"">Naver</a>"
004000,롯데정밀화학,81.87291305030902,77.66570532159515,91.93728995549134,84.78359465841127,76.21615805275964,,"<a href=""https://m.stock.naver.com/domestic/stock/004000/total"" target=""_blank"">Naver</a>"
105630,한세실업,81.86743495775714,89.59990648534263,65.66940208979302,79.74474640172525,74.3133180786158,,"<a href=""https://m.stock.naver.com/domestic/stock/105630/total"" target=""_blank"">Naver</a>"
002460,HS화성,81.819376754151,88.99605883062061,63.67928878695847,95.14792460092329,59.74253597893389,,"<a href=""https://m.stock.naver.com/domestic/stock/002460/total"" target=""_blank"">Naver</a>"
086280,현대글로비스,81.77516461086839,87.06422703548016,64.52926303760944,88.94023658848226,90.20577942659432,,"<a href=""https://m.stock.naver.com/domestic/stock/086280/total"" target=""_blank"">Naver</a>"
105840,우진,81.74660686670293,85.47893872311182,71.22836103335597,96.59864453232885,59.845778425279214,,"<a href=""https://m.stock.naver.com/domestic/stock/105840/total"" target=""_blank"">Naver</a>"
034730,SK,81.60151484002094,91.99258847141539,65.53209350677899,60.483562135887134,79.49164333776491,,"<a href=""https://m.stock.naver.com/domestic/stock/034730/total"" target=""_blank"">Naver</a>"
034120,SBS,81.58831678155691,78.21209255945574,87.08890642111868,93.73036976675627,70.31595327856371,,"<a href=""https://m.stock.naver.com/domestic/stock/034120/total"" target=""_blank"">Naver</a>"
129260,인터지스,81.50839323141197,91.56842530538087,55.74042494305464,83.41181201158678,85.82101222522229,,"<a href=""https://m.stock.naver.com/domestic/stock/129260/total"" target=""_blank"">Naver</a>"
008060,대덕,81.38531462934228,89.43051143992767,58.76592464139045,99.06372814722421,62.583075806312834,,"<a href=""https://m.stock.naver.com/domestic/stock/008060/total"" target=""_blank"">Naver</a>"
005820,원림,81.32471617244572,89.86252698742315,57.39211300335176,99.28860594158996,62.606222699898,,"<a href=""https://m.stock.naver.com/domestic/stock/005820/total"" target=""_blank"">Naver</a>"
006400,삼성SDI,81.28993564427074,87.04188842465453,69.58627402526344,80.07312875889863,73.21842414544591,,"<a href=""https://m.stock.naver.com/domestic/stock/006400/total"" target=""_blank"">Naver</a>"
001340,PKC,81.26012306463925,86.50735851735033,70.88964122816357,73.26552255256269,86.1349078386377,,"<a href=""https://m.stock.naver.com/domestic/stock/001340/total"" target=""_blank"">Naver</a>"
001250,GS글로벌,81.20580636757927,96.56248693140287,50.884569541895196,61.22145713092113,88.500522203433,,"<a href=""https://m.stock.naver.com/domestic/stock/001250/total"" target=""_blank"">Naver</a>"
111110,호전실업,81.15164180552625,91.56176045413685,62.902655914220894,73.79049047932557,62.197450131127425,,"<a href=""https://m.stock.naver.com/domestic/stock/111110/total"" target=""_blank"">Naver</a>"
004020,현대제철,81.00840612863642,87.59745453946907,63.97162548990184,92.40400332941074,64.33253399076908,,"<a href=""https://m.stock.naver.com/domestic/stock/004020/total"" target=""_blank"">Naver</a>"
009270,신원,80.89020432237437,92.7674079664658,51.13077815298268,85.92343743025813,77.09442522446844,,"<a href=""https://m.stock.naver.com/domestic/stock/009270/total"" target=""_blank"">Naver</a>"
066970,엘앤에프,80.8651286903499,100.0,32.57699630911142,93.47172672557087,67.47413881029904,,"<a href=""https://m.stock.naver.com/domestic/stock/066970/total"" target=""_blank"">Naver</a>"
003280,흥아해운,80.79723223462928,87.19588473273147,74.2144565191194,59.5181576295541,79.48543004510283,,"<a href=""https://m.stock.naver.com/domestic/stock/003280/total"" target=""_blank"">Naver</a>"
011760,현대코퍼레이션,80.73617628277657,95.93549397145716,54.52892774533473,51.471837046266735,87.90928517883839,,"<a href=""https://m.stock.naver.com/domestic/stock/011760/total"" target=""_blank"">Naver</a>"
088790,진도,80.58176466040932,88.78260042946424,62.34815933621325,96.52744643610134,41.4483985013468,,"<a href=""https://m.stock.naver.com/domestic/stock/088790/total"" target=""_blank"">Naver</a>"
004560,현대비앤지스틸,80.50874768323794,82.67427028847943,71.4122936616996,96.9381650769813,67.14591174054512,,"<a href=""https://m.stock.naver.com/domestic/stock/004560/total"" target=""_blank"">Naver</a>"
194370,제이에스코퍼레이션,80.42029749585829,83.1767631711982,72.84584076200804,82.40587176309394,81.24384452655964,,"<a href=""https://m.stock.naver.com/domestic/stock/194370/total"" target=""_blank"">Naver</a>"
020150,롯데에너지머티리얼즈,80.36585746888996,85.8691214855434,65.72644206591367,95.99375526901159,56.2679706836868,,"<a href=""https://m.stock.naver.com/domestic/stock/020150/total"" target=""_blank"">Naver</a>"
055490,테이팩스,80.29896415559473,77.64445926218254,79.13577993492714,98.79356629365998,80.97973970374842,,"<a href=""https://m.stock.naver.com/domestic/stock/055490/total"" target=""_blank"">Naver</a>"
017390,서울가스,80.28437655535224,93.90298380263664,43.766973210932825,86.3303579821351,87.3561434564707,,"<a href=""https://m.stock.naver.com/domestic/stock/017390/total"" target=""_blank"">Naver</a>"
093050,LF,80.15433538203315,82.63581395279718,71.87522660032306,97.36768873999964,57.345429725482376,,"<a href=""https://m.stock.naver.com/domestic/stock/093050/total"" target=""_blank"">Naver</a>"
267250,HD현대,80.07054882272311,97.84729326490356,47.7415591438759,58.335518953287064,71.86462364966593,,"<a href=""https://m.stock.naver.com/domestic/stock/267250/total"" target=""_blank"">Naver</a>"
007340,DN오토모티브,80.04926926394938,90.17012384552334,66.82122710693221,65.556045421599,53.72567275484863,,"<a href=""https://m.stock.naver.com/domestic/stock/007340/total"" target=""_blank"">Naver</a>"
079550,LIG넥스원,80.00267481012209,86.00717014218627,69.10524587204876,70.71794933646302,81.0053264630368,,"<a href=""https://m.stock.naver.com/domestic/stock/079550/total"" target=""_blank"">Naver</a>"
007590,동방아그로,79.95951800374189,87.3971450966572,60.76660419986677,98.87340985470787,48.84477820620177,,"<a href=""https://m.stock.naver.com/domestic/stock/007590/total"" target=""_blank"">Naver</a>"
002360,SH에너지화학,79.84283133463572,93.4731872183181,43.83794611760561,87.49265574891177,81.00333798704521,,"<a href=""https://m.stock.naver.com/domestic/stock/002360/total"" target=""_blank"">Naver</a>"
014830,유니드,79.66704342285153,75.4910284902527,84.72492686025349,98.1521532006407,67.5195858714493,,"<a href=""https://m.stock.naver.com/domestic/stock/014830/total"" target=""_blank"">Naver</a>"
000850,화천기공,79.4939111887798,88.82528547004468,53.054188824856084,98.0464902199673,62.610873570844774,,"<a href=""https://m.stock.naver.com/domestic/stock/000850/total"" target=""_blank"">Naver</a>"
058430,포스코스틸리온,79.47321238653548,76.63679961825751,79.44606415856717,92.0086253314069,88.57508085596963,,"<a href=""https://m.stock.naver.com/domestic/stock/058430/total"" target=""_blank"">Naver</a>"
014280,금강공업,79.38472038330835,90.53571318605657,58.316214903445314,71.96693906754572,65.7508967811703,,"<a href=""https://m.stock.naver.com/domestic/stock/014280/total"" target=""_blank"">Naver</a>"
322000,HD현대에너지솔루션,79.18425422660539,96.33161975816948,43.22745400388687,68.98015301914599,73.60807137634757,,"<a href=""https://m.stock.naver.com/domestic/stock/322000/total"" target=""_blank"">Naver</a>"
014530,극동유화,79.15139644795394,88.7087694260281,50.993831710876556,85.55515042564033,92.44323644107814,,"<a href=""https://m.stock.naver.com/domestic/stock/014530/total"" target=""_blank"">Naver</a>"
005930,삼성전자,79.11938000436882,75.3798607791701,83.92624010893847,96.53603561497263,65.12599896269748,,"<a href=""https://m.stock.naver.com/domestic/stock/005930/total"" target=""_blank"">Naver</a>"
036460,한국가스공사,79.04840734250288,94.04725428138586,59.71783043033751,39.87352609330403,74.06489113513176,,"<a href=""https://m.stock.naver.com/domestic/stock/036460/total"" target=""_blank"">Naver</a>"
007660,이수페타시스,78.73240691593583,87.19620488738231,65.01281736952383,68.74033485387885,65.74892311475206,,"<a href=""https://m.stock.naver.com/domestic/stock/007660/total"" target=""_blank"">Naver</a>"
034590,인천도시가스,78.73039447972198,91.3693162756096,45.536699806639604,87.45116865753559,75.5902579388553,,"<a href=""https://m.stock.naver.com/domestic/stock/034590/total"" target=""_blank"">Naver</a>"
002240,고려제강,78.70158688918313,83.42221515805079,65.04260464398466,94.71204224806851,58.328048170992886,,"<a href=""https://m.stock.naver.com/domestic/stock/002240/total"" target=""_blank"">Naver</a>"
011790,SKC,78.61374327718197,80.46380242942247,76.50762381183385,78.36211210909185,67.44689311321692,,"<a href=""https://m.stock.naver.com/domestic/stock/011790/total"" target=""_blank"">Naver</a>"
138490,코오롱ENP,78.47192617010448,82.05974838197352,64.4525592765577,92.7266547247071,77.00543698620498,,"<a href=""https://m.stock.naver.com/domestic/stock/138490/total"" target=""_blank"">Naver</a>"
005960,동부건설,78.3903747795579,76.38245110145171,76.24946130828931,90.68112769568874,88.60852044091352,,"<a href=""https://m.stock.naver.com/domestic/stock/005960/total"" target=""_blank"">Naver</a>"
068290,삼성출판사,78.2973975579896,87.98910708504833,55.13194244649432,92.24219546821323,49.93456297031414,,"<a href=""https://m.stock.naver.com/domestic/stock/068290/total"" target=""_blank"">Naver</a>"
001440,대한전선,78.0585710234041,88.51734149871193,49.24627610877252,86.09815238746569,80.53563716474494,,"<a href=""https://m.stock.naver.com/domestic/stock/001440/total"" target=""_blank"">Naver</a>"
004920,씨아이테크,78.00904927482034,90.45279688033001,58.60690560629089,65.64804399959125,50.41680690180986,,"<a href=""https://m.stock.naver.com/domestic/stock/004920/total"" target=""_blank"">Naver</a>"
047050,포스코인터내셔널,77.92916996167841,87.45893463349604,53.696236421387084,75.2110158378052,90.17296984906991,,"<a href=""https://m.stock.naver.com/domestic/stock/047050/total"" target=""_blank"">Naver</a>"
069260,TKG휴켐스,77.8512391744504,76.50585456970464,70.9161749629963,98.33051163554657,87.71263056647759,,"<a href=""https://m.stock.naver.com/domestic/stock/069260/total"" target=""_blank"">Naver</a>"
025560,미래산업,77.8068740896226,76.66042549686377,80.842479174432,98.03385207661071,35.93227580470514,,"<a href=""https://m.stock.naver.com/domestic/stock/025560/total"" target=""_blank"">Naver</a>"
006280,녹십자,77.776168129846,80.96831055810887,70.264857032331,91.35786364167043,49.86362345461772,,"<a href=""https://m.stock.naver.com/domestic/stock/006280/total"" target=""_blank"">Naver</a>"
005390,신성통상,77.7385081481495,86.64170002932177,60.53560875812366,65.70947519205826,80.97276843639415,,"<a href=""https://m.stock.naver.com/domestic/stock/005390/total"" target=""_blank"">Naver</a>"
022100,포스코DX,77.69535494434979,88.06497950825222,47.524327446806325,87.09111186541085,85.32348382311592,,"<a href=""https://m.stock.naver.com/domestic/stock/022100/total"" target=""_blank"">Naver</a>"
002710,TCC스틸,77.60395356235082,81.49075776464754,69.4525147660928,72.36560903835449,82.19618616407269,,"<a href=""https://m.stock.naver.com/domestic/stock/002710/total"" target=""_blank"">Naver</a>"
307950,현대오토에버,77.43545568553684,83.2816577809089,54.646744741751576,96.74280278175969,82.60989106755255,,"<a href=""https://m.stock.naver.com/domestic/stock/307950/total"" target=""_blank"">Naver</a>"
010120,LS ELECTRIC,77.30664254406831,82.60600797352636,57.37518327481475,94.17118146648124,79.64247589201351,,"<a href=""https://m.stock.naver.com/domestic/stock/010120/total"" target=""_blank"">Naver</a>"
000500,가온전선,77.24817143334931,89.78625881541733,45.25219389093323,77.79374480833754,85.67986381063724,,"<a href=""https://m.stock.naver.com/domestic/stock/000500/total"" target=""_blank"">Naver</a>"
005250,녹십자홀딩스,77.18110441671209,85.44800675814672,61.76268435459135,80.93845176974305,47.555681924038154,,"<a href=""https://m.stock.naver.com/domestic/stock/005250/total"" target=""_blank"">Naver</a>"
058730,다스코,77.15945788986376,90.78744433854301,45.42535211171622,73.95660125414838,78.69986266788159,,"<a href=""https://m.stock.naver.com/domestic/stock/058730/total"" target=""_blank"">Naver</a>"
004270,남성,77.12528848514282,86.43394878311607,63.754553286770566,69.41665848136006,47.692300908890566,,"<a href=""https://m.stock.naver.com/domestic/stock/004270/total"" target=""_blank"">Naver</a>"
089860,롯데렌탈,76.92732390854059,86.69570625067843,67.78563011653311,44.37386088412445,70.52213081175634,,"<a href=""https://m.stock.naver.com/domestic/stock/089860/total"" target=""_blank"">Naver</a>"
005490,POSCO홀딩스,76.80151650993005,76.14625950245241,74.26445230705185,89.64437562168958,71.66420339053374,,"<a href=""https://m.stock.naver.com/domestic/stock/005490/total"" target=""_blank"">Naver</a>"
012610,경인양행,76.7172432913639,81.09241118540486,68.15997883825433,85.32682856621784,49.78238027871229,,"<a href=""https://m.stock.naver.com/domestic/stock/012610/total"" target=""_blank"">Naver</a>"
095570,AJ네트웍스,76.6850832315499,85.41622186364528,63.49726259218608,54.021265011934666,83.17815928245483,,"<a href=""https://m.stock.naver.com/domestic/stock/095570/total"" target=""_blank"">Naver</a>"
100250,진양홀딩스,76.65952290367807,75.85635469639924,78.20055657271948,78.77355955319038,74.36429974679235,,"<a href=""https://m.stock.naver.com/domestic/stock/100250/total"" target=""_blank"">Naver</a>"
049800,우진플라임,76.65856321272757,77.4622886657243,79.87436398796369,62.99006457742242,78.2718511711966,,"<a href=""https://m.stock.naver.com/domestic/stock/049800/total"" target=""_blank"">Naver</a>"
000050,경방,76.64827311754856,81.87987678632349,66.21552874534474,76.821979064604,65.68533905915756,,"<a href=""https://m.stock.naver.com/domestic/stock/000050/total"" target=""_blank"">Naver</a>"
035720,카카오,76.55278724437026,73.5488323693995,84.8619242608335,80.40584393901736,63.348447272408926,,"<a href=""https://m.stock.naver.com/domestic/stock/035720/total"" target=""_blank"">Naver</a>"
005430,한국공항,76.54410650943026,87.57796734084444,44.150814848188304,87.01488146505096,85.16268492742864,,"<a href=""https://m.stock.naver.com/domestic/stock/005430/total"" target=""_blank"">Naver</a>"
352820,하이브,76.54083993724001,77.06407350685221,70.46905050382752,92.58849325801167,68.52567762741263,,"<a href=""https://m.stock.naver.com/domestic/stock/352820/total"" target=""_blank"">Naver</a>"
118000,메타케어,76.48236294359594,85.89647658328776,61.09803942636546,65.9454134101144,61.5085159204098,,"<a href=""https://m.stock.naver.com/domestic/stock/118000/total"" target=""_blank"">Naver</a>"
001780,알루코,76.11560338410597,92.61518452929685,46.840193994603645,56.80395830250334,63.12096675253218,,"<a href=""https://m.stock.naver.com/domestic/stock/001780/total"" target=""_blank"">Naver</a>"
013360,일성건설,76.07450151257271,87.07683907503986,47.39131158397803,80.21787105543254,79.17566132022077,,"<a href=""https://m.stock.naver.com/domestic/stock/013360/total"" target=""_blank"">Naver</a>"
004890,동일산업,75.77341975956301,73.92895784679088,71.7542770992299,99.43169409032923,70.68612735296202,,"<a href=""https://m.stock.naver.com/domestic/stock/004890/total"" target=""_blank"">Naver</a>"
006660,삼성공조,75.6759484974625,87.05375977835018,39.42708650786442,98.70917109534099,74.32007787904351,,"<a href=""https://m.stock.naver.com/domestic/stock/006660/total"" target=""_blank"">Naver</a>"
007570,일양약품,75.63438887681235,74.93436836184334,72.32443291592256,87.51408429013566,76.82502403424284,,"<a href=""https://m.stock.naver.com/domestic/stock/007570/total"" target=""_blank"">Naver</a>"
005300,롯데칠성,75.56140110999475,80.27240260256987,66.55945055230855,67.52627717454227,80.109383858429,,"<a href=""https://m.stock.naver.com/domestic/stock/005300/total"" target=""_blank"">Naver</a>"
007690,국도화학,75.30037629219095,70.19511609963438,80.32464286095207,91.17339928023799,79.69611978297026,,"<a href=""https://m.stock.naver.com/domestic/stock/007690/total"" target=""_blank"">Naver</a>"
010600,웰바이오텍,75.28051059179865,83.33333333333333,48.412010883240136,89.42026174761479,84.7096339245428,,"<a href=""https://m.stock.naver.com/domestic/stock/010600/total"" target=""_blank"">Naver</a>"
017900,광전자,75.26106111695871,78.26680605630322,60.224921514099464,99.64598140468831,65.60297928366178,,"<a href=""https://m.stock.naver.com/domestic/stock/017900/total"" target=""_blank"">Naver</a>"
094280,효성ITX,74.98964379475368,79.06787921022465,63.48751379253889,70.0005253484542,93.53970571277515,,"<a href=""https://m.stock.naver.com/domestic/stock/094280/total"" target=""_blank"">Naver</a>"
006570,대림통상,74.96223362066941,87.7174485089791,48.09491058434464,74.96091047158309,56.2389164407498,,"<a href=""https://m.stock.naver.com/domestic/stock/006570/total"" target=""_blank"">Naver</a>"
128820,대성산업,74.85585811100854,96.83187667950965,26.03079352301489,60.0264006263832,84.92787319821451,,"<a href=""https://m.stock.naver.com/domestic/stock/128820/total"" target=""_blank"">Naver</a>"
004060,SG세계물산,74.77381656073116,76.72084440834446,74.91003297783254,73.10508930736306,54.065854810600904,,"<a href=""https://m.stock.naver.com/domestic/stock/004060/total"" target=""_blank"">Naver</a>"
268280,미원에스씨,74.75072949762108,66.22817552130677,87.45949421327812,98.77369840965937,65.43161581103095,,"<a href=""https://m.stock.naver.com/domestic/stock/268280/total"" target=""_blank"">Naver</a>"
008700,아남전자,74.69487030601609,78.09001255607762,65.90096611581787,79.0143020994705,69.28382066936001,,"<a href=""https://m.stock.naver.com/domestic/stock/008700/total"" target=""_blank"">Naver</a>"
001530,DI동일,74.65400294269243,78.75289322631765,62.06484400705062,83.11578373820633,71.489552626371,,"<a href=""https://m.stock.naver.com/domestic/stock/001530/total"" target=""_blank"">Naver</a>"
007810,코리아써키트,74.63161754642982,74.0165342599491,68.71653382835997,95.75119183115639,69.34888700509478,,"<a href=""https://m.stock.naver.com/domestic/stock/007810/total"" target=""_blank"">Naver</a>"
003090,대웅,74.6147343531775,71.71345433078679,72.4864503939072,93.92985476105017,81.4412736024721,,"<a href=""https://m.stock.naver.com/domestic/stock/003090/total"" target=""_blank"">Naver</a>"
028100,동아지질,74.58821328779673,80.89658516011262,49.027785634728616,95.31075736179564,85.24480093734887,,"<a href=""https://m.stock.naver.com/domestic/stock/028100/total"" target=""_blank"">Naver</a>"
213500,한솔제지,74.50723885526237,87.22782384602196,47.41737827078227,65.9400288972572,74.44394180455811,,"<a href=""https://m.stock.naver.com/domestic/stock/213500/total"" target=""_blank"">Naver</a>"
020000,한섬,74.45062315036238,74.0216589928924,70.40874078981473,99.22875303158202,50.251345080301036,,"<a href=""https://m.stock.naver.com/domestic/stock/020000/total"" target=""_blank"">Naver</a>"
005800,신영와코루,74.37666253358341,82.93760970490563,49.873339311733936,99.35848275090484,44.19827215232141,,"<a href=""https://m.stock.naver.com/domestic/stock/005800/total"" target=""_blank"">Naver</a>"
007210,벽산,74.30939562254194,86.20171350331479,41.63804464544599,80.40092915322086,82.7752688773896,,"<a href=""https://m.stock.naver.com/domestic/stock/007210/total"" target=""_blank"">Naver</a>"
004090,한국석유,74.28982237716329,81.48981450855327,53.01588288649031,78.29886532476989,86.2415283586354,,"<a href=""https://m.stock.naver.com/domestic/stock/004090/total"" target=""_blank"">Naver</a>"
003200,일신방직,74.05760830779049,72.33403109287987,71.0645929718416,98.8162658156076,60.18829655082831,,"<a href=""https://m.stock.naver.com/domestic/stock/003200/total"" target=""_blank"">Naver</a>"
028050,삼성E&A,74.01775854429347,75.25660901973121,67.15075468550121,77.31678220371866,86.88852481415141,,"<a href=""https://m.stock.naver.com/domestic/stock/028050/total"" target=""_blank"">Naver</a>"
005320,온타이드,73.98849199236047,94.76254267442647,24.982002166917116,70.32746392059671,77.05438907831288,,"<a href=""https://m.stock.naver.com/domestic/stock/005320/total"" target=""_blank"">Naver</a>"
003650,미창석유,73.94523919007577,71.01498037682262,70.22217654231301,99.55637368321808,76.50138920164264,,"<a href=""https://m.stock.naver.com/domestic/stock/003650/total"" target=""_blank"">Naver</a>"
003620,KG모빌리티,73.94008852990474,89.20143541258813,41.54262674395406,52.5,95.67141192726717,,"<a href=""https://m.stock.naver.com/domestic/stock/003620/total"" target=""_blank"">Naver</a>"
004710,한솔테크닉스,73.85118099749069,92.10433729358299,34.699140229331746,54.239103276485935,89.79766472718725,,"<a href=""https://m.stock.naver.com/domestic/stock/004710/total"" target=""_blank"">Naver</a>"
009150,삼성전기,73.69172100889804,67.37796943769723,78.31186636024827,98.70838064530193,76.3226938337487,,"<a href=""https://m.stock.naver.com/domestic/stock/009150/total"" target=""_blank"">Naver</a>"
000950,전방,73.68567597595138,85.53999216663736,50.43541347773345,69.03301368406866,56.99051876257463,,"<a href=""https://m.stock.naver.com/domestic/stock/000950/total"" target=""_blank"">Naver</a>"
070960,모나용평,73.65278800172766,81.06211462069666,60.641091181830895,61.812237147505655,73.48045438202747,,"<a href=""https://m.stock.naver.com/domestic/stock/070960/total"" target=""_blank"">Naver</a>"
018260,삼성에스디에스,73.64861535993566,73.69640866442201,60.28386487842733,98.88866578745744,89.41874725859772,,"<a href=""https://m.stock.naver.com/domestic/stock/018260/total"" target=""_blank"">Naver</a>"
102460,이연제약,73.63354315114296,82.11930583750501,51.32914654670501,95.12233758242019,40.34878507443341,,"<a href=""https://m.stock.naver.com/domestic/stock/102460/total"" target=""_blank"">Naver</a>"
030000,제일기획,73.35090594384832,73.06679318203685,67.7092209394349,86.47676282069999,78.71697035394999,,"<a href=""https://m.stock.naver.com/domestic/stock/030000/total"" target=""_blank"">Naver</a>"
013870,지엠비코리아,73.33018861084857,83.8953616256107,49.696360073417516,71.14981429845143,69.07800374565252,,"<a href=""https://m.stock.naver.com/domestic/stock/013870/total"" target=""_blank"">Naver</a>"
006110,삼아알미늄,73.22069718508698,75.71498117328206,62.441741242707366,86.132786652313,71.35989010419189,,"<a href=""https://m.stock.naver.com/domestic/stock/006110/total"" target=""_blank"">Naver</a>"
033250,체시스,72.95076069783399,94.70589619555574,32.00994165307987,42.71873038908436,77.05729056644246,,"<a href=""https://m.stock.naver.com/domestic/stock/033250/total"" target=""_blank"">Naver</a>"
000670,영풍,72.88867887865835,82.30171270253261,50.75137855690455,71.95807030383469,72.4799917505836,,"<a href=""https://m.stock.naver.com/domestic/stock/000670/total"" target=""_blank"">Naver</a>"
025750,한솔홈데코,72.76386109332316,80.73246824966903,50.891300407851396,78.09231621461241,75.84646840195313,,"<a href=""https://m.stock.naver.com/domestic/stock/025750/total"" target=""_blank"">Naver</a>"
002840,미원상사,72.67370137794764,63.476582532059325,85.52591160089189,99.30893272653567,65.50761371671041,,"<a href=""https://m.stock.naver.com/domestic/stock/002840/total"" target=""_blank"">Naver</a>"
069960,현대백화점,72.63505956550667,75.95596132282023,60.046441036181044,85.26153137958039,70.47438749622484,,"<a href=""https://m.stock.naver.com/domestic/stock/069960/total"" target=""_blank"">Naver</a>"
012320,경동인베스트,72.61322011495542,76.99319728032937,57.677682878767996,99.02947067723402,41.89867918684791,,"<a href=""https://m.stock.naver.com/domestic/stock/012320/total"" target=""_blank"">Naver</a>"
004170,신세계,72.58123419788487,77.66626091920926,63.38010107385595,62.710614368075056,77.30781882175644,,"<a href=""https://m.stock.naver.com/domestic/stock/004170/total"" target=""_blank"">Naver</a>"
014910,성문전자,72.40895760702668,72.7846406498547,64.0259005343005,93.18104094315538,68.2718797844637,,"<a href=""https://m.stock.naver.com/domestic/stock/014910/total"" target=""_blank"">Naver</a>"
006260,LS,72.38071863069133,78.50888013456557,57.04369120809823,73.32268994849422,73.64397506156033,,"<a href=""https://m.stock.naver.com/domestic/stock/006260/total"" target=""_blank"">Naver</a>"
200880,서연이화,72.13786830727523,79.88450111422168,52.728418085982845,66.10671105449251,88.28784023594527,,"<a href=""https://m.stock.naver.com/domestic/stock/200880/total"" target=""_blank"">Naver</a>"
047810,한국항공우주,72.08251817426918,84.4622031720831,52.892008648244975,59.219128794018815,45.20562459112392,,"<a href=""https://m.stock.naver.com/domestic/stock/047810/total"" target=""_blank"">Naver</a>"
014440,영보화학,72.06532677246074,74.84891016824754,55.39149457449056,99.65161629347153,66.85890797084825,,"<a href=""https://m.stock.naver.com/domestic/stock/014440/total"" target=""_blank"">Naver</a>"
000700,유수홀딩스,71.90594643553261,67.3538703115788,69.29390416337213,99.17154310305894,85.05987794872829,,"<a href=""https://m.stock.naver.com/domestic/stock/000700/total"" target=""_blank"">Naver</a>"
000020,동화약품,71.87044930207192,71.4895085316238,61.70543623042952,99.25322520903259,72.50125209174013,,"<a href=""https://m.stock.naver.com/domestic/stock/000020/total"" target=""_blank"">Naver</a>"
002720,국제약품,71.81858862694396,88.23280168938966,38.89739125952841,57.58685415760214,67.91748765335721,,"<a href=""https://m.stock.naver.com/domestic/stock/002720/total"" target=""_blank"">Naver</a>"
007860,서연,71.73032104846544,78.01988085892604,53.855854362060256,70.28514051451619,88.51829782286286,,"<a href=""https://m.stock.naver.com/domestic/stock/007860/total"" target=""_blank"">Naver</a>"
066570,LG전자,71.54449726882136,73.11275990158752,61.58007520441845,79.66172372046937,86.31300309434603,,"<a href=""https://m.stock.naver.com/domestic/stock/066570/total"" target=""_blank"">Naver</a>"
103590,일진전기,71.52721550309892,80.93188923788132,49.820575512377474,65.05056828610442,80.15762507330629,,"<a href=""https://m.stock.naver.com/domestic/stock/103590/total"" target=""_blank"">Naver</a>"
008930,한미사이언스,71.32659951283587,76.85634813401862,59.21754707361392,88.95038357570982,30.267310129004528,,"<a href=""https://m.stock.naver.com/domestic/stock/008930/total"" target=""_blank"">Naver</a>"
004690,삼천리,71.30924126420572,79.60400141881078,48.56378808988732,69.18445854014222,89.74895072866411,,"<a href=""https://m.stock.naver.com/domestic/stock/004690/total"" target=""_blank"">Naver</a>"
092230,KPX홀딩스,71.3021262822023,70.07010105333215,66.85267816824256,86.6892548217072,77.55941251943294,,"<a href=""https://m.stock.naver.com/domestic/stock/092230/total"" target=""_blank"">Naver</a>"
014680,한솔케미칼,71.2411079979407,57.348267234681856,92.96029497417538,97.85617684718785,76.12912457737926,,"<a href=""https://m.stock.naver.com/domestic/stock/014680/total"" target=""_blank"">Naver</a>"
011930,신성이엔지,71.2304707976073,90.39655621971211,24.378036806580948,67.05653789979206,83.84748148311192,,"<a href=""https://m.stock.naver.com/domestic/stock/011930/total"" target=""_blank"">Naver</a>"
001060,JW중외제약,71.10886967887231,82.02141344500542,48.46222063974371,63.68357280067987,68.24218343730294,,"<a href=""https://m.stock.naver.com/domestic/stock/001060/total"" target=""_blank"">Naver</a>"
007310,오뚜기,71.01884347010031,70.11698612373588,61.62770763591494,91.93215831939405,86.97018109881297,,"<a href=""https://m.stock.naver.com/domestic/stock/007310/total"" target=""_blank"">Naver</a>"
180640,한진칼,70.97415176990695,87.05328153996446,50.0,34.90777095780462,55.02811500295627,,"<a href=""https://m.stock.naver.com/domestic/stock/180640/total"" target=""_blank"">Naver</a>"
001470,삼부토건,70.92256997883457,84.51636702277933,44.497101448215595,66.95301620084007,47.86345566058144,,"<a href=""https://m.stock.naver.com/domestic/stock/001470/total"" target=""_blank"">Naver</a>"
053210,스카이라이프,70.90494537966464,68.77391129459578,65.99664328322963,94.23140478796554,74.3659460660643,,"<a href=""https://m.stock.naver.com/domestic/stock/053210/total"" target=""_blank"">Naver</a>"
005420,코스모화학,70.73566240060565,78.60752205975344,53.40238071117931,67.076399497671,70.25828074383287,,"<a href=""https://m.stock.naver.com/domestic/stock/005420/total"" target=""_blank"">Naver</a>"
030200,KT,70.6528752640838,71.95466221884404,64.31473539546943,78.08982497716961,71.84823172386136,,"<a href=""https://m.stock.naver.com/domestic/stock/030200/total"" target=""_blank"">Naver</a>"
950210,프레스티지바이오파마,70.59672187191157,66.66666666666667,68.54058602306753,99.31739272549106,,,"<a href=""https://m.stock.naver.com/domestic/stock/950210/total"" target=""_blank"">Naver</a>"
017550,수산세보틱스,70.5455029844994,72.61830640579579,59.807662191738274,85.57939804887704,69.29327576399281,,"<a href=""https://m.stock.naver.com/domestic/stock/017550/total"" target=""_blank"">Naver</a>"
010400,우진아이엔에스,70.44176627120753,84.55652798102614,32.96505891363588,74.59596951313645,80.13975605738462,,"<a href=""https://m.stock.naver.com/domestic/stock/010400/total"" target=""_blank"">Naver</a>"
298050,HS효성첨단소재,69.96545489363487,66.39937050865704,81.81374250539812,56.748748108388476,79.95044302504543,,"<a href=""https://m.stock.naver.com/domestic/stock/298050/total"" target=""_blank"">Naver</a>"
069620,대웅제약,69.82890522523061,69.80447445933366,62.895149205825895,86.01956707532113,72.40953081283678,,"<a href=""https://m.stock.naver.com/domestic/stock/069620/total"" target=""_blank"">Naver</a>"
044450,KSS해운,69.7628394178773,67.28328626673382,84.0018510429933,46.46804858303939,74.91200077569476,,"<a href=""https://m.stock.naver.com/domestic/stock/044450/total"" target=""_blank"">Naver</a>"
002020,코오롱,69.68097234794483,72.07325446869187,64.95129701285019,55.31896859695858,93.34597107642587,,"<a href=""https://m.stock.naver.com/domestic/stock/002020/total"" target=""_blank"">Naver</a>"
007460,에이프로젠,69.64628526709637,87.8393934128299,31.451035788936583,74.60538002152079,32.38704540024395,,"<a href=""https://m.stock.naver.com/domestic/stock/007460/total"" target=""_blank"">Naver</a>"
031430,신세계인터내셔날,69.5826774297488,67.62398008566322,65.05831330912636,94.8217033531273,65.23081431513117,,"<a href=""https://m.stock.naver.com/domestic/stock/031430/total"" target=""_blank"">Naver</a>"
170900,동아에스티,69.51010098407184,76.86445037501618,47.577048768075976,85.622927736489,58.697515867884945,,"<a href=""https://m.stock.naver.com/domestic/stock/170900/total"" target=""_blank"">Naver</a>"
000300,DH오토넥스,69.50591714309735,82.01474939463895,46.40190742008135,46.52713422043102,80.87754458501077,,"<a href=""https://m.stock.naver.com/domestic/stock/000300/total"" target=""_blank"">Naver</a>"
012160,영흥,69.42374193962141,79.95059332109308,51.73191991456944,57.785421247670406,54.83727687112311,,"<a href=""https://m.stock.naver.com/domestic/stock/012160/total"" target=""_blank"">Naver</a>"
005810,풍산홀딩스,69.32614584306715,54.98053747455682,94.43511926633944,98.13210056296407,58.316669709035715,,"<a href=""https://m.stock.naver.com/domestic/stock/005810/total"" target=""_blank"">Naver</a>"
020560,아시아나항공,69.30523477523715,92.52957102355352,27.44106024195902,32.07842063666749,74.38770073897062,,"<a href=""https://m.stock.naver.com/domestic/stock/020560/total"" target=""_blank"">Naver</a>"
006040,동원산업,69.29553940222014,67.29169255320551,62.325687493241254,93.85786771451502,79.06630451070046,,"<a href=""https://m.stock.naver.com/domestic/stock/006040/total"" target=""_blank"">Naver</a>"
015860,일진홀딩스,69.23249656680962,74.43295982182079,51.078950053631296,88.2504575989394,59.55874800830754,,"<a href=""https://m.stock.naver.com/domestic/stock/015860/total"" target=""_blank"">Naver</a>"
007980,TP,69.22467347814516,90.8425850789259,26.56839330453755,43.69277774640403,74.15492660029692,,"<a href=""https://m.stock.naver.com/domestic/stock/007980/total"" target=""_blank"">Naver</a>"
000270,기아,68.98565278464636,64.35438479401347,67.99534599489499,88.8634784449851,89.75675130032033,,"<a href=""https://m.stock.naver.com/domestic/stock/000270/total"" target=""_blank"">Naver</a>"
267290,경동도시가스,68.7663971102325,72.33115159143532,49.58381865908243,82.76947347263645,93.89608286674134,,"<a href=""https://m.stock.naver.com/domestic/stock/267290/total"" target=""_blank"">Naver</a>"
010690,화신,68.32395845675914,72.60686337638651,58.68326310676229,58.99986943100958,83.78075422271394,,"<a href=""https://m.stock.naver.com/domestic/stock/010690/total"" target=""_blank"">Naver</a>"
210980,SK디앤디,68.27086034466213,58.91614629795089,94.2169451927989,74.89955420717435,37.53961693948854,,"<a href=""https://m.stock.naver.com/domestic/stock/210980/total"" target=""_blank"">Naver</a>"
007160,사조산업,68.22793017629697,65.21995371040254,70.2318497267912,76.52376313364107,77.71238409987097,,"<a href=""https://m.stock.naver.com/domestic/stock/007160/total"" target=""_blank"">Naver</a>"
282330,BGF리테일,68.16761288147316,69.10105745398971,62.45156948288084,62.572666424359554,96.73638791846318,,"<a href=""https://m.stock.naver.com/domestic/stock/282330/total"" target=""_blank"">Naver</a>"
011810,STX,68.10476218650345,91.64818221963702,26.091985023428276,35.05516867665243,61.74679462397875,,"<a href=""https://m.stock.naver.com/domestic/stock/011810/total"" target=""_blank"">Naver</a>"
030190,NICE평가정보,67.85151170222984,55.272632454106564,81.80183641280836,97.45862272992386,89.83221707142867,,"<a href=""https://m.stock.naver.com/domestic/stock/030190/total"" target=""_blank"">Naver</a>"
008040,사조동아원,67.84342020972065,75.51265625413316,46.90225369921095,72.91632413538039,70.37261237799967,,"<a href=""https://m.stock.naver.com/domestic/stock/008040/total"" target=""_blank"">Naver</a>"
114090,GKL,67.82389255884628,98.9215524988952,0.0,47.958241251607205,73.50273868696881,,"<a href=""https://m.stock.naver.com/domestic/stock/114090/total"" target=""_blank"">Naver</a>"
047400,유니온머티리얼,67.74529586361331,81.75787175945715,41.695378721134894,60.21505477576056,44.90445300158484,,"<a href=""https://m.stock.naver.com/domestic/stock/047400/total"" target=""_blank"">Naver</a>"
016450,한세예스24홀딩스,67.74330445024037,69.45007716933227,56.32228489274422,81.39852859741238,77.05668131427427,,"<a href=""https://m.stock.naver.com/domestic/stock/016450/total"" target=""_blank"">Naver</a>"
000480,CR홀딩스,67.7137357887008,70.64785989062328,56.64576702666861,75.60978724336424,72.05198746646508,,"<a href=""https://m.stock.naver.com/domestic/stock/000480/total"" target=""_blank"">Naver</a>"
302440,SK바이오사이언스,67.59898701602701,50.0,97.39267318011753,99.20563459845765,66.60510522303736,,"<a href=""https://m.stock.naver.com/domestic/stock/302440/total"" target=""_blank"">Naver</a>"
363280,티와이홀딩스,67.47628621729658,64.37649515056563,75.09181222077888,64.10388888329308,73.34094366866333,,"<a href=""https://m.stock.naver.com/domestic/stock/363280/total"" target=""_blank"">Naver</a>"
002450,삼익악기,67.47473062775533,63.987622731952854,72.7286013780405,81.5524854855914,54.89516191028718,,"<a href=""https://m.stock.naver.com/domestic/stock/002450/total"" target=""_blank"">Naver</a>"
037560,LG헬로비전,67.35595584326593,70.46284569522771,52.0031660218923,81.0835730000591,79.38199241300637,,"<a href=""https://m.stock.naver.com/domestic/stock/037560/total"" target=""_blank"">Naver</a>"
011070,LG이노텍,67.19030904121743,59.57865592724172,73.26165996810106,85.97810661465644,90.59779662762986,,"<a href=""https://m.stock.naver.com/domestic/stock/011070/total"" target=""_blank"">Naver</a>"
128940,한미약품,67.10871858519349,66.60755609889986,67.13266635301245,84.82193449096579,37.57649777007754,,"<a href=""https://m.stock.naver.com/domestic/stock/128940/total"" target=""_blank"">Naver</a>"
271560,오리온,67.08670458260173,56.35390029750349,77.23117699028013,98.60027130171511,82.13086052716173,,"<a href=""https://m.stock.naver.com/domestic/stock/271560/total"" target=""_blank"">Naver</a>"
035000,HS애드,66.99135191272299,68.6107651279213,60.82030296165652,78.46744902749242,55.46144385613659,,"<a href=""https://m.stock.naver.com/domestic/stock/035000/total"" target=""_blank"">Naver</a>"
096760,JW홀딩스,66.72778823348577,73.91051551518477,53.02134907672331,63.46213559224008,55.598561919401476,,"<a href=""https://m.stock.naver.com/domestic/stock/096760/total"" target=""_blank"">Naver</a>"
004140,동방,66.56883183339743,78.4889277213918,44.817888856132264,46.81946931420168,71.78112110218198,,"<a href=""https://m.stock.naver.com/domestic/stock/004140/total"" target=""_blank"">Naver</a>"
178920,PI첨단소재,66.44888724073954,50.0,93.33576370324685,96.17767045912744,69.94358538030158,,"<a href=""https://m.stock.naver.com/domestic/stock/178920/total"" target=""_blank"">Naver</a>"
009680,모토닉,66.390637943459,61.92691252459528,61.27979022585813,99.78526841527092,78.72032061420407,,"<a href=""https://m.stock.naver.com/domestic/stock/009680/total"" target=""_blank"">Naver</a>"
053690,한미글로벌,66.38982431197348,61.86332127797177,64.35353791805558,91.01336697614832,81.642207361234,,"<a href=""https://m.stock.naver.com/domestic/stock/053690/total"" target=""_blank"">Naver</a>"
003550,LG,66.21713630701302,57.16913100323217,91.06683733794704,73.98948370586972,35.0,,"<a href=""https://m.stock.naver.com/domestic/stock/003550/total"" target=""_blank"">Naver</a>"
214320,이노션,66.19364118819621,63.76764637178088,66.26288960313201,85.42726862852614,56.492082029841434,,"<a href=""https://m.stock.naver.com/domestic/stock/214320/total"" target=""_blank"">Naver</a>"
021240,코웨이,66.18065636575618,53.66868364790224,86.48332243059849,83.65737488312985,79.85756162104464,,"<a href=""https://m.stock.naver.com/domestic/stock/021240/total"" target=""_blank"">Naver</a>"
000080,하이트진로,66.11144829798953,66.20442506242979,66.15299058823234,59.37157823960663,78.26775579025805,,"<a href=""https://m.stock.naver.com/domestic/stock/000080/total"" target=""_blank"">Naver</a>"
003160,디아이,66.06993817300341,62.355250686394136,65.62230978580942,93.25261331104596,58.51897967219955,,"<a href=""https://m.stock.naver.com/domestic/stock/003160/total"" target=""_blank"">Naver</a>"
081000,일진다이아,66.06303559087286,67.73062494945121,55.21276663536151,99.57078960158998,33.28780004405496,,"<a href=""https://m.stock.naver.com/domestic/stock/081000/total"" target=""_blank"">Naver</a>"
002380,KCC,66.00069349801211,73.9351096042091,43.817170984734595,76.9125454814875,59.881608823084946,,"<a href=""https://m.stock.naver.com/domestic/stock/002380/total"" target=""_blank"">Naver</a>"
001560,제일연마,65.95963140713465,62.388369358447335,64.20836342518585,96.07255974434564,57.34525922670461,,"<a href=""https://m.stock.naver.com/domestic/stock/001560/total"" target=""_blank"">Naver</a>"
004370,농심,65.93656556379709,64.375851258101,53.080542294455626,96.92218358360243,86.97401753924687,,"<a href=""https://m.stock.naver.com/domestic/stock/004370/total"" target=""_blank"">Naver</a>"
024090,디씨엠,65.91021555530543,50.0,88.16101462483236,99.4550237008767,78.48919058019334,,"<a href=""https://m.stock.naver.com/domestic/stock/024090/total"" target=""_blank"">Naver</a>"
020760,일진디스플,65.76061086974134,97.79610980879293,0.0,26.691788786415593,88.2753221164804,,"<a href=""https://m.stock.naver.com/domestic/stock/020760/total"" target=""_blank"">Naver</a>"
004770,써니전자,65.684798641136,57.21240857389182,76.48745871204146,99.75318012910083,45.203416117609265,,"<a href=""https://m.stock.naver.com/domestic/stock/004770/total"" target=""_blank"">Naver</a>"
042700,한미반도체,65.64982331907227,47.19520058103967,99.72919529147805,99.46951350254352,49.069055946491986,,"<a href=""https://m.stock.naver.com/domestic/stock/042700/total"" target=""_blank"">Naver</a>"
122900,아이마켓코리아,65.62463168656542,67.04385736602968,47.19362494842509,90.1002490764372,91.79772244395264,,"<a href=""https://m.stock.naver.com/domestic/stock/122900/total"" target=""_blank"">Naver</a>"
103140,풍산,65.61281038634066,60.43769227241481,68.59511697415702,91.33093097990556,61.366453627239125,,"<a href=""https://m.stock.naver.com/domestic/stock/103140/total"" target=""_blank"">Naver</a>"
037710,광주신세계,65.59219115131597,50.0,87.02507737041897,98.82007653721564,79.07828309979323,,"<a href=""https://m.stock.naver.com/domestic/stock/037710/total"" target=""_blank"">Naver</a>"
000430,대원강업,65.53410873951427,77.35213365641374,36.013355355559945,61.782126736113966,78.82554066329274,,"<a href=""https://m.stock.naver.com/domestic/stock/000430/total"" target=""_blank"">Naver</a>"
377300,카카오페이,65.52653585458282,74.23993559020526,43.26135908186686,71.67234729992944,60.0,,"<a href=""https://m.stock.naver.com/domestic/stock/377300/total"" target=""_blank"">Naver</a>"
001800,오리온홀딩스,65.49330399554934,57.517446368266974,68.9304373531445,98.28420462748025,78.43612747110025,,"<a href=""https://m.stock.naver.com/domestic/stock/001800/total"" target=""_blank"">Naver</a>"
185750,종근당,65.47800159678805,62.610054577061824,58.94274188616318,94.53874952474624,74.44816853071066,,"<a href=""https://m.stock.naver.com/domestic/stock/185750/total"" target=""_blank"">Naver</a>"
002960,한국쉘석유,65.45229152718461,50.0,85.70038480103536,98.18518908127348,84.17352837596853,,"<a href=""https://m.stock.naver.com/domestic/stock/002960/total"" target=""_blank"">Naver</a>"
001740,SK네트웍스,65.42969649528622,75.39921058275759,48.01729802282441,36.258406955958165,91.20009888659493,,"<a href=""https://m.stock.naver.com/domestic/stock/001740/total"" target=""_blank"">Naver</a>"
000120,CJ대한통운,65.17155034310044,68.93860943537057,49.209803241226005,70.32010757986025,89.47846227171128,,"<a href=""https://m.stock.naver.com/domestic/stock/000120/total"" target=""_blank"">Naver</a>"
015230,대창단조,65.08847431181293,58.158632898000526,68.73730629008013,99.03115070307932,62.117058603693096,,"<a href=""https://m.stock.naver.com/domestic/stock/015230/total"" target=""_blank"">Naver</a>"
063160,종근당바이오,65.04774152537071,85.66234557220018,17.270286935676875,70.25517837439577,46.144892213836215,,"<a href=""https://m.stock.naver.com/domestic/stock/063160/total"" target=""_blank"">Naver</a>"
120110,코오롱인더,64.9995621978684,64.3972739403413,59.973964211664544,79.83148493881072,67.6911657373282,,"<a href=""https://m.stock.naver.com/domestic/stock/120110/total"" target=""_blank"">Naver</a>"
011300,성안머티리얼스,64.9944980631431,64.01193573063067,84.71730345892279,33.208101167014874,41.744012866650245,,"<a href=""https://m.stock.naver.com/domestic/stock/011300/total"" target=""_blank"">Naver</a>"
006200,한국전자홀딩스,64.97739838544277,57.06548646306234,69.46456872610018,97.88142737637055,71.67643176886527,,"<a href=""https://m.stock.naver.com/domestic/stock/006200/total"" target=""_blank"">Naver</a>"
007120,미래아이앤지,64.76788875291714,50.0,90.48331053159369,83.5536365434634,75.8339493134476,,"<a href=""https://m.stock.naver.com/domestic/stock/007120/total"" target=""_blank"">Naver</a>"
033780,KT&G,64.66022488692394,52.40466822826011,85.89635995812962,98.61589240813493,37.63489439243977,,"<a href=""https://m.stock.naver.com/domestic/stock/033780/total"" target=""_blank"">Naver</a>"
107590,미원홀딩스,64.53193410838308,54.87542502030516,74.90091139708802,87.36000442871082,82.90901608113789,,"<a href=""https://m.stock.naver.com/domestic/stock/107590/total"" target=""_blank"">Naver</a>"
120030,조선선재,64.4107898016651,50.0,86.47382847443241,99.74014856756384,56.36635652601231,,"<a href=""https://m.stock.naver.com/domestic/stock/120030/total"" target=""_blank"">Naver</a>"
026960,동서,64.13934962344206,53.30935597630673,73.9441952236166,99.75565941458589,73.84242580590572,,"<a href=""https://m.stock.naver.com/domestic/stock/026960/total"" target=""_blank"">Naver</a>"
003070,코오롱글로벌,64.12461783800578,61.42960804380137,66.518607225841,59.631988847791334,93.48004640971155,,"<a href=""https://m.stock.naver.com/domestic/stock/003070/total"" target=""_blank"">Naver</a>"
002780,진흥기업,64.08546365595912,50.0,82.77343231964541,93.44181075224749,80.95849001646033,,"<a href=""https://m.stock.naver.com/domestic/stock/002780/total"" target=""_blank"">Naver</a>"
900140,엘브이엠씨홀딩스,64.07836616104964,86.62048122369215,13.400093378661152,65.16613676544965,44.788808112481945,,"<a href=""https://m.stock.naver.com/domestic/stock/900140/total"" target=""_blank"">Naver</a>"
003060,에이프로젠바이오로직스,64.02137043664287,71.09043870184735,49.968185381013264,74.92236200442389,27.656493396775062,,"<a href=""https://m.stock.naver.com/domestic/stock/003060/total"" target=""_blank"">Naver</a>"
334890,이지스밸류플러스리츠,63.95737120425588,50.0,91.83630998253442,99.98293708622266,20.0,,"<a href=""https://m.stock.naver.com/domestic/stock/334890/total"" target=""_blank"">Naver</a>"
005380,현대차,63.77713765878534,61.71083370191306,58.648983883667206,80.3997535315589,80.96832227129644,,"<a href=""https://m.stock.naver.com/domestic/stock/005380/total"" target=""_blank"">Naver</a>"
005680,삼영전자,63.71601938958903,60.13165825736573,58.713497157466804,99.81636561751915,59.540271681019405,,"<a href=""https://m.stock.naver.com/domestic/stock/005680/total"" target=""_blank"">Naver</a>"
005360,모나미,63.571349694129026,58.3028961421256,70.41730197038731,81.82611902382135,56.05349227749412,,"<a href=""https://m.stock.naver.com/domestic/stock/005360/total"" target=""_blank"">Naver</a>"
014130,한익스프레스,63.51551161995481,73.71974874465818,42.44229677963582,41.08245942633718,91.29684471234467,,"<a href=""https://m.stock.naver.com/domestic/stock/014130/total"" target=""_blank"">Naver</a>"
383800,LX홀딩스,63.51155664917613,50.0,90.0659329732491,99.95073405863846,20.0,,"<a href=""https://m.stock.naver.com/domestic/stock/383800/total"" target=""_blank"">Naver</a>"
000390,삼화페인트,63.495076238632045,69.75829838646918,39.20694026914965,81.94853792295304,72.87016694335648,,"<a href=""https://m.stock.naver.com/domestic/stock/000390/total"" target=""_blank"">Naver</a>"
027410,BGF,63.489867780949965,66.66666666666667,48.6476861624358,87.65278115004205,51.25336250673618,,"<a href=""https://m.stock.naver.com/domestic/stock/027410/total"" target=""_blank"">Naver</a>"
085310,엔케이,63.36598626746622,57.15875828337213,69.54087905898199,76.7505131477993,80.20920435835029,,"<a href=""https://m.stock.naver.com/domestic/stock/085310/total"" target=""_blank"">Naver</a>"
006060,화승인더,63.22364801182398,73.27943563362463,39.86563404866549,56.891427488828,72.0087074120007,,"<a href=""https://m.stock.naver.com/domestic/stock/006060/total"" target=""_blank"">Naver</a>"
104700,한국철강,63.15060816266431,50.0,75.72249374363287,99.35432712698908,85.6910402811436,,"<a href=""https://m.stock.naver.com/domestic/stock/104700/total"" target=""_blank"">Naver</a>"
097230,HJ중공업,63.121981209747915,86.1473655275067,12.309335598447154,40.47600098770083,86.17255789724048,,"<a href=""https://m.stock.naver.com/domestic/stock/097230/total"" target=""_blank"">Naver</a>"
004830,덕성,62.83268584123773,59.10898980481334,55.20201128204065,97.29031944645833,76.75514386387474,,"<a href=""https://m.stock.naver.com/domestic/stock/004830/total"" target=""_blank"">Naver</a>"
008420,문배철강,62.828739519082724,50.0,78.51793633902219,93.2504642405968,77.48418020534996,,"<a href=""https://m.stock.naver.com/domestic/stock/008420/total"" target=""_blank"">Naver</a>"
281820,케이씨텍,62.73802342321196,50.0,77.12459671608828,99.5595228550581,70.01843917368171,,"<a href=""https://m.stock.naver.com/domestic/stock/281820/total"" target=""_blank"">Naver</a>"
058650,세아홀딩스,62.73445532224923,61.556136802790654,52.156703548053535,91.07326936219609,73.08540834683699,,"<a href=""https://m.stock.naver.com/domestic/stock/058650/total"" target=""_blank"">Naver</a>"
140910,에이리츠,62.71846319505964,50.0,89.24290713995417,86.57736410071094,35.0,,"<a href=""https://m.stock.naver.com/domestic/stock/140910/total"" target=""_blank"">Naver</a>"
047040,대우건설,62.6869638821249,57.06252682595076,68.10165924969702,78.27800617793528,71.92464712673319,,"<a href=""https://m.stock.naver.com/domestic/stock/047040/total"" target=""_blank"">Naver</a>"
350520,이지스레지던스리츠,62.66489705088172,50.0,87.14160184289487,98.79496590157999,20.0,,"<a href=""https://m.stock.naver.com/domestic/stock/350520/total"" target=""_blank"">Naver</a>"
005690,파미셀,62.49182908087205,50.0,83.80227529125703,94.07132594779202,42.68255326557175,,"<a href=""https://m.stock.naver.com/domestic/stock/005690/total"" target=""_blank"">Naver</a>"
357120,코람코라이프인프라리츠,62.45939070134731,50.0,85.60234112200847,80.58805420845198,60.0,,"<a href=""https://m.stock.naver.com/domestic/stock/357120/total"" target=""_blank"">Naver</a>"
011420,갤럭시아에스엠,62.42920236534052,50.0,75.55060625879213,98.44250404897775,73.9460079148942,,"<a href=""https://m.stock.naver.com/domestic/stock/011420/total"" target=""_blank"">Naver</a>"
293480,하나제약,62.395046395135864,50.0,80.81240063990741,99.48793222569118,44.86306025179768,,"<a href=""https://m.stock.naver.com/domestic/stock/293480/total"" target=""_blank"">Naver</a>"
072710,농심홀딩스,62.361064155057726,56.795290831820495,61.80549414246902,89.5228676477429,77.60458711147763,,"<a href=""https://m.stock.naver.com/domestic/stock/072710/total"" target=""_blank"">Naver</a>"
097950,CJ제일제당,62.31056743276963,60.18288958131924,58.03760750199515,71.04029356860848,91.74804903236911,,"<a href=""https://m.stock.naver.com/domestic/stock/097950/total"" target=""_blank"">Naver</a>"
078000,텔코웨어,62.30616415650413,59.830154465548866,52.71770451573156,99.78558101540666,65.00174493402528,,"<a href=""https://m.stock.naver.com/domestic/stock/078000/total"" target=""_blank"">Naver</a>"
348950,제이알글로벌리츠,62.209216392764944,50.0,82.11090239744728,86.81490793403131,60.0,,"<a href=""https://m.stock.naver.com/domestic/stock/348950/total"" target=""_blank"">Naver</a>"
023450,동남합성,62.19560427163087,50.0,76.28299924016193,86.87077175530219,88.75554572120332,,"<a href=""https://m.stock.naver.com/domestic/stock/023450/total"" target=""_blank"">Naver</a>"
229640,LS에코에너지,62.09286171148421,62.092130614746395,55.82709236693696,72.31108321053291,72.99403859697685,,"<a href=""https://m.stock.naver.com/domestic/stock/229640/total"" target=""_blank"">Naver</a>"
267850,아시아나IDT,62.08529256224298,50.0,73.86001683291407,98.9135630075316,74.57864106522587,,"<a href=""https://m.stock.naver.com/domestic/stock/267850/total"" target=""_blank"">Naver</a>"
016800,퍼시스,62.07774523042416,50.0,72.04989586171997,99.60816360001091,82.08909809986173,,"<a href=""https://m.stock.naver.com/domestic/stock/016800/total"" target=""_blank"">Naver</a>"
338100,NH프라임리츠,62.026929343366426,50.0,84.11137019593544,99.9908679438257,20.0,,"<a href=""https://m.stock.naver.com/domestic/stock/338100/total"" target=""_blank"">Naver</a>"
033270,유나이티드제약,61.96555976556363,50.0,76.52190478305799,99.34052657365947,58.02061824866372,,"<a href=""https://m.stock.naver.com/domestic/stock/033270/total"" target=""_blank"">Naver</a>"
013580,계룡건설,61.953652465317035,52.86410924346807,72.09516011060761,77.09901618367405,90.02990546433765,,"<a href=""https://m.stock.naver.com/domestic/stock/013580/total"" target=""_blank"">Naver</a>"
005610,SPC삼립,61.859960743052234,61.89985818943993,55.65488878211958,61.219350988092465,93.68777070098281,,"<a href=""https://m.stock.naver.com/domestic/stock/005610/total"" target=""_blank"">Naver</a>"
003780,진양산업,61.768723530092885,51.280269851172534,69.88308274426527,91.66625133011092,87.26331600623902,,"<a href=""https://m.stock.naver.com/domestic/stock/003780/total"" target=""_blank"">Naver</a>"
064350,현대로템,61.764671584349436,63.50142015770527,50.49043173161635,68.63614926519018,83.55193260606343,,"<a href=""https://m.stock.naver.com/domestic/stock/064350/total"" target=""_blank"">Naver</a>"
192400,쿠쿠홀딩스,61.6823130121963,44.35483579387526,85.09125495082988,99.47052654142189,76.99090288042964,,"<a href=""https://m.stock.naver.com/domestic/stock/192400/total"" target=""_blank"">Naver</a>"
012750,에스원,61.622630142947074,52.45943575944809,63.41020745337992,96.57324294909685,92.74185058047117,,"<a href=""https://m.stock.naver.com/domestic/stock/012750/total"" target=""_blank"">Naver</a>"
008110,대동전자,61.57188662471008,56.77533507221557,64.09056035872764,81.67951690659115,66.32187602079432,,"<a href=""https://m.stock.naver.com/domestic/stock/008110/total"" target=""_blank"">Naver</a>"
001390,KG케미칼,61.48015920955958,54.905154661416816,68.16632038376504,73.30287236815094,83.3039815990627,,"<a href=""https://m.stock.naver.com/domestic/stock/001390/total"" target=""_blank"">Naver</a>"
005500,삼진제약,61.380801667390095,50.0,76.36602565476174,98.7313446361668,48.32321580165949,,"<a href=""https://m.stock.naver.com/domestic/stock/005500/total"" target=""_blank"">Naver</a>"
134790,시디즈,61.37054215072652,50.0,68.04748152787501,98.42533509367001,90.32276518781538,,"<a href=""https://m.stock.naver.com/domestic/stock/134790/total"" target=""_blank"">Naver</a>"
012030,DB,61.221505115333535,55.945025346840445,58.53492728696972,91.58598719522263,77.24318731929156,,"<a href=""https://m.stock.naver.com/domestic/stock/012030/total"" target=""_blank"">Naver</a>"
014820,동원시스템즈,61.14800241329419,58.23141508308773,58.74915194131706,85.42849865742834,59.580310247389214,,"<a href=""https://m.stock.naver.com/domestic/stock/014820/total"" target=""_blank"">Naver</a>"
001430,세아베스틸지주,61.12874069232645,58.35228104277572,56.4902965118877,93.71647473460584,52.46300930457019,,"<a href=""https://m.stock.naver.com/domestic/stock/001430/total"" target=""_blank"">Naver</a>"
009190,대양금속,61.05475750957686,50.0,69.74725119524264,97.57096069124698,77.21697283282995,,"<a href=""https://m.stock.naver.com/domestic/stock/009190/total"" target=""_blank"">Naver</a>"
077970,STX엔진,60.92166430039992,69.58891894904296,41.91787034582104,60.47182632309327,52.833254244190876,,"<a href=""https://m.stock.naver.com/domestic/stock/077970/total"" target=""_blank"">Naver</a>"
241560,두산밥캣,60.89686128461428,54.8075138857698,61.32689526119518,88.69330013371095,76.22598248965022,,"<a href=""https://m.stock.naver.com/domestic/stock/241560/total"" target=""_blank"">Naver</a>"
003720,삼영,60.89035920593175,60.472150657785676,52.19716052641402,75.90917275358899,79.3372280859589,,"<a href=""https://m.stock.naver.com/domestic/stock/003720/total"" target=""_blank"">Naver</a>"
028260,삼성물산,60.820755252873106,57.53918085231971,54.072109724918164,89.01418775649236,77.5560106920502,,"<a href=""https://m.stock.naver.com/domestic/stock/028260/total"" target=""_blank"">Naver</a>"
009290,광동제약,60.793351794415344,58.51791563827308,50.76229720479024,87.1221503062008,85.5962615926772,,"<a href=""https://m.stock.naver.com/domestic/stock/009290/total"" target=""_blank"">Naver</a>"
006390,한일현대시멘트,60.68329560682926,50.0,72.47545687224631,89.25765983303866,72.77330810927633,,"<a href=""https://m.stock.naver.com/domestic/stock/006390/total"" target=""_blank"">Naver</a>"
006880,신송홀딩스,60.60791861211342,61.2422879244751,55.87756510096045,57.114517361240885,83.63405692128325,,"<a href=""https://m.stock.naver.com/domestic/stock/006880/total"" target=""_blank"">Naver</a>"
001820,삼화콘덴서,60.566568078095635,46.82458700814798,75.86003912595832,98.80438824202491,72.5273453502954,,"<a href=""https://m.stock.naver.com/domestic/stock/001820/total"" target=""_blank"">Naver</a>"
093240,형지엘리트,60.50589198351622,67.34733713430973,38.165665935937554,72.33097545993468,66.4595134590506,,"<a href=""https://m.stock.naver.com/domestic/stock/093240/total"" target=""_blank"">Naver</a>"
005950,이수화학,60.50520611732743,54.01473091512719,68.70207841082184,65.17147253226247,88.07401424638822,,"<a href=""https://m.stock.naver.com/domestic/stock/005950/total"" target=""_blank"">Naver</a>"
001040,CJ,60.503987271432095,60.55906334513899,53.21714717795379,67.10961063392185,83.06602812936148,,"<a href=""https://m.stock.naver.com/domestic/stock/001040/total"" target=""_blank"">Naver</a>"
009460,한창제지,60.45837054464544,50.0,71.9260275235972,90.26050097611042,69.01627132270187,,"<a href=""https://m.stock.naver.com/domestic/stock/009460/total"" target=""_blank"">Naver</a>"
306200,세아제강,60.37078012081343,50.0,68.2319540287631,94.67397193070168,76.90788841104975,,"<a href=""https://m.stock.naver.com/domestic/stock/306200/total"" target=""_blank"">Naver</a>"
023150,MH에탄올,60.28970990382937,54.78033851751561,78.7411695240505,42.030796607076695,70.66269503199418,,"<a href=""https://m.stock.naver.com/domestic/stock/023150/total"" target=""_blank"">Naver</a>"
100090,SK오션플랜트,60.25886256696645,78.58023944945148,18.974129978812467,40.34424597735327,86.65523609714236,,"<a href=""https://m.stock.naver.com/domestic/stock/100090/total"" target=""_blank"">Naver</a>"
011500,한농화성,60.23558596064103,50.0,68.04204148604687,97.73925392812073,69.02300392634483,,"<a href=""https://m.stock.naver.com/domestic/stock/011500/total"" target=""_blank"">Naver</a>"
013890,지누스,59.879906211309574,55.273394712087715,62.254510239398634,78.75851417407537,65.52780813599499,,"<a href=""https://m.stock.naver.com/domestic/stock/013890/total"" target=""_blank"">Naver</a>"
003850,보령,59.817535548863646,53.05430815315543,60.461026648948994,95.41478263886246,66.5643146169378,,"<a href=""https://m.stock.naver.com/domestic/stock/003850/total"" target=""_blank"">Naver</a>"
134380,미원화학,59.802412702380195,50.0,62.635678822338605,99.71055078703093,83.44875836184902,,"<a href=""https://m.stock.naver.com/domestic/stock/134380/total"" target=""_blank"">Naver</a>"
272550,삼양패키징,59.79401327833204,50.0,69.63486210022417,84.90296748136856,77.90002010278286,,"<a href=""https://m.stock.naver.com/domestic/stock/272550/total"" target=""_blank"">Naver</a>"
404990,신한서부티엔디리츠,59.76735015450345,50.0,76.02457920878729,78.74929405331828,57.725518939495984,,"<a href=""https://m.stock.naver.com/domestic/stock/404990/total"" target=""_blank"">Naver</a>"
083420,그린케미칼,59.6476774099023,50.0,65.71661549162772,90.42800912189497,83.51445249611744,,"<a href=""https://m.stock.naver.com/domestic/stock/083420/total"" target=""_blank"">Naver</a>"
007280,한국특강,59.63493289101142,50.0,70.62699446526568,75.7340318839412,88.09562172601748,,"<a href=""https://m.stock.naver.com/domestic/stock/007280/total"" target=""_blank"">Naver</a>"
016710,대성홀딩스,59.58175566402205,58.41466469256958,48.85372654709482,80.75399291444549,84.88251840524097,,"<a href=""https://m.stock.naver.com/domestic/stock/016710/total"" target=""_blank"">Naver</a>"
088260,이리츠코크렙,59.55948924849047,50.0,83.59997828378066,76.59494677545305,20.0,,"<a href=""https://m.stock.naver.com/domestic/stock/088260/total"" target=""_blank"">Naver</a>"
008260,NI스틸,59.55627721674213,50.0,75.77840637112293,69.03442301303383,74.1646664531604,,"<a href=""https://m.stock.naver.com/domestic/stock/008260/total"" target=""_blank"">Naver</a>"
001770,SHD,59.537131616965105,50.0,64.74752780447119,95.10885602118297,76.78728127458018,,"<a href=""https://m.stock.naver.com/domestic/stock/001770/total"" target=""_blank"">Naver</a>"
395400,SK리츠,59.36363287220547,50.0,81.12997003634045,80.81140363120352,20.0,,"<a href=""https://m.stock.naver.com/domestic/stock/395400/total"" target=""_blank"">Naver</a>"
071970,HD현대마린엔진,59.34130854621368,77.65699596750488,23.471735191246438,43.86026450715183,49.863014343679225,,"<a href=""https://m.stock.naver.com/domestic/stock/071970/total"" target=""_blank"">Naver</a>"
003830,대한화섬,59.30217766622056,50.0,64.43735011756266,99.3754569525384,65.10588883152107,,"<a href=""https://m.stock.naver.com/domestic/stock/003830/total"" target=""_blank"">Naver</a>"
004910,조광페인트,59.18116812371826,77.46722624949167,12.037465405263928,64.20867232082338,65.41197581249878,,"<a href=""https://m.stock.naver.com/domestic/stock/004910/total"" target=""_blank"">Naver</a>"
330590,롯데리츠,59.1710196684006,50.0,81.59624877456801,61.40918724504578,52.62077500508027,,"<a href=""https://m.stock.naver.com/domestic/stock/330590/total"" target=""_blank"">Naver</a>"
001570,금양,59.14939937826152,55.44542068771039,63.27245530213097,72.5935478027328,56.093567196585276,,"<a href=""https://m.stock.naver.com/domestic/stock/001570/total"" target=""_blank"">Naver</a>"
002600,조흥,58.81488151323258,50.0,65.76534654463369,87.66543606782872,72.14002540582553,,"<a href=""https://m.stock.naver.com/domestic/stock/002600/total"" target=""_blank"">Naver</a>"
381970,케이카,58.76179486813779,50.0,61.25983092730433,89.02229085445505,90.8921610173241,,"<a href=""https://m.stock.naver.com/domestic/stock/381970/total"" target=""_blank"">Naver</a>"
285130,SK케미칼,58.742979649117785,41.64536447484748,81.80932831102635,98.85289827803781,68.36278117297847,,"<a href=""https://m.stock.naver.com/domestic/stock/285130/total"" target=""_blank"">Naver</a>"
016090,대현,58.73415501011206,50.0,64.28983634385521,99.33209978402712,54.56971891491092,,"<a href=""https://m.stock.naver.com/domestic/stock/016090/total"" target=""_blank"">Naver</a>"
006890,태경케미컬,58.72809781435442,40.86644851827723,83.05880007739457,99.62606133626767,69.61845100825356,,"<a href=""https://m.stock.naver.com/domestic/stock/006890/total"" target=""_blank"">Naver</a>"
204210,스타에스엠리츠,58.636245371729224,50.0,84.77660629534766,49.001397818586845,50.8390803206724,,"<a href=""https://m.stock.naver.com/domestic/stock/204210/total"" target=""_blank"">Naver</a>"
058860,KTis,58.62016009263537,50.0,61.30236573165053,86.89182009567384,92.10773300310719,,"<a href=""https://m.stock.naver.com/domestic/stock/058860/total"" target=""_blank"">Naver</a>"
025820,이구산업,58.52040752244784,50.0,72.55492168867454,76.80005992743091,54.03342215072229,,"<a href=""https://m.stock.naver.com/domestic/stock/025820/total"" target=""_blank"">Naver</a>"
271940,일진하이솔루스,58.49122312192367,50.0,60.13284240212608,99.70385665323177,69.75253712137948,,"<a href=""https://m.stock.naver.com/domestic/stock/271940/total"" target=""_blank"">Naver</a>"
010420,한솔PNS,58.433189625631826,55.35582702981611,50.48645248979062,80.91106991192649,90.13946588203707,,"<a href=""https://m.stock.naver.com/domestic/stock/010420/total"" target=""_blank"">Naver</a>"
005070,코스모신소재,58.31367358526208,50.0,62.74948100797574,86.9837576763679,78.55855131262715,,"<a href=""https://m.stock.naver.com/domestic/stock/005070/total"" target=""_blank"">Naver</a>"
002700,신일전자,58.286705865189525,50.0,59.43233446698978,91.01073228507954,86.55098039868251,,"<a href=""https://m.stock.naver.com/domestic/stock/002700/total"" target=""_blank"">Naver</a>"
377190,디앤디플랫폼리츠,58.20119011471888,50.0,75.6999361107259,67.4062841406905,50.71155345936703,,"<a href=""https://m.stock.naver.com/domestic/stock/377190/total"" target=""_blank"">Naver</a>"
011780,금호석유화학,58.199931646630354,34.0823759095719,97.01780196780682,92.33781987544465,85.24547242782087,,"<a href=""https://m.stock.naver.com/domestic/stock/011780/total"" target=""_blank"">Naver</a>"
004700,조광피혁,58.12257586356641,50.0,65.47182013202412,99.57604733428552,35.940321942636544,,"<a href=""https://m.stock.naver.com/domestic/stock/004700/total"" target=""_blank"">Naver</a>"
006340,대원전선,57.98828936843481,61.76110650312984,42.527817969506934,61.87089095138334,82.25163758083683,,"<a href=""https://m.stock.naver.com/domestic/stock/006340/total"" target=""_blank"">Naver</a>"
400760,NH올원리츠,57.885977187501126,50.0,71.13572405805034,71.9745899354299,58.09174358891086,,"<a href=""https://m.stock.naver.com/domestic/stock/400760/total"" target=""_blank"">Naver</a>"
026940,부국철강,57.78456830053064,50.0,56.65942560416672,99.3718160533771,73.65060588302487,,"<a href=""https://m.stock.naver.com/domestic/stock/026940/total"" target=""_blank"">Naver</a>"
365550,ESR켄달스퀘어리츠,57.743225085727545,50.0,81.34667544974131,64.06556223292216,20.0,,"<a href=""https://m.stock.naver.com/domestic/stock/365550/total"" target=""_blank"">Naver</a>"
006090,사조오양,57.73308937145776,50.0,60.41701129177723,86.57926064559688,79.41820967907533,,"<a href=""https://m.stock.naver.com/domestic/stock/006090/total"" target=""_blank"">Naver</a>"
016590,신대양제지,57.633906699050364,44.256305820788306,68.96676110007051,99.13360950140468,78.50143962838567,,"<a href=""https://m.stock.naver.com/domestic/stock/016590/total"" target=""_blank"">Naver</a>"
183190,아세아시멘트,57.602587125674845,44.93291569002264,74.77901378710102,81.59293960502393,75.77580608767222,,"<a href=""https://m.stock.naver.com/domestic/stock/183190/total"" target=""_blank"">Naver</a>"
027970,한국제지,57.57137157009221,50.0,62.650403410069636,76.32157510008597,85.53226415132411,,"<a href=""https://m.stock.naver.com/domestic/stock/027970/total"" target=""_blank"">Naver</a>"
014160,대영포장,57.534980959741254,50.0,53.43140347514932,98.04156137087807,87.45947907732227,,"<a href=""https://m.stock.naver.com/domestic/stock/014160/total"" target=""_blank"">Naver</a>"
005870,휴니드,57.3533400920255,50.0,62.28101146780534,90.00860987572355,55.64452475003614,,"<a href=""https://m.stock.naver.com/domestic/stock/005870/total"" target=""_blank"">Naver</a>"
010130,고려아연,57.33252636069008,45.50342328317969,68.8328213556032,92.31663548496154,71.81207006770619,,"<a href=""https://m.stock.naver.com/domestic/stock/010130/total"" target=""_blank"">Naver</a>"
264900,크라운제과,57.19769302178027,50.0,56.33153431867108,86.63733394373499,89.02152095477986,,"<a href=""https://m.stock.naver.com/domestic/stock/264900/total"" target=""_blank"">Naver</a>"
002690,동일제강,57.16790468102519,50.0,54.97561439381735,99.56097476899517,69.35807211342683,,"<a href=""https://m.stock.naver.com/domestic/stock/002690/total"" target=""_blank"">Naver</a>"
067830,세이브존I&C,57.11774450096223,50.0,57.71781352788232,89.67424723516257,74.41732790950775,,"<a href=""https://m.stock.naver.com/domestic/stock/067830/total"" target=""_blank"">Naver</a>"
031440,신세계푸드,57.07322483844768,59.116433614985,43.41249308137779,62.44391442797228,90.11699912630004,,"<a href=""https://m.stock.naver.com/domestic/stock/031440/total"" target=""_blank"">Naver</a>"
248070,솔루엠,57.063101469422605,57.099828463974184,47.71032947386221,71.30555501677097,74.90133041790891,,"<a href=""https://m.stock.naver.com/domestic/stock/248070/total"" target=""_blank"">Naver</a>"
136490,선진,57.04683597838765,52.207525261344074,56.90841691855724,70.54086579612732,88.8226002465833,,"<a href=""https://m.stock.naver.com/domestic/stock/136490/total"" target=""_blank"">Naver</a>"
082740,한화엔진,57.01398302586523,78.24894432114634,11.996405541986405,32.94963815426182,75.41102464509288,,"<a href=""https://m.stock.naver.com/domestic/stock/082740/total"" target=""_blank"">Naver</a>"
004800,효성,56.94028452356417,40.70320723187899,82.57939962989221,84.87850891177608,67.71318771572241,,"<a href=""https://m.stock.naver.com/domestic/stock/004800/total"" target=""_blank"">Naver</a>"
001460,BYC,56.909753135438216,44.40773795526551,76.61381898142407,81.70878003898801,58.81555226048192,,"<a href=""https://m.stock.naver.com/domestic/stock/001460/total"" target=""_blank"">Naver</a>"
002410,범양건영,56.86546392834367,56.23703741156803,49.630952010486816,70.65952459235575,72.99102039091159,,"<a href=""https://m.stock.naver.com/domestic/stock/002410/total"" target=""_blank"">Naver</a>"
024070,WISCOM,56.8033816673051,55.14822258614189,41.83136198290188,94.89531729409504,75.34151780969997,,"<a href=""https://m.stock.naver.com/domestic/stock/024070/total"" target=""_blank"">Naver</a>"
012690,모나리자,56.777295127294835,50.0,51.153732928655735,97.42476443330315,84.92770903601165,,"<a href=""https://m.stock.naver.com/domestic/stock/012690/total"" target=""_blank"">Naver</a>"
019180,티에이치엔,56.773132380667526,48.10826641329888,69.71259474811382,63.51450970266296,82.57145750786904,,"<a href=""https://m.stock.naver.com/domestic/stock/019180/total"" target=""_blank"">Naver</a>"
014710,사조씨푸드,56.57636122377526,50.0,58.875425486179836,87.78755890993665,61.574979224732694,,"<a href=""https://m.stock.naver.com/domestic/stock/014710/total"" target=""_blank"">Naver</a>"
010140,삼성중공업,56.52475313732678,81.00667378502538,0.0,42.07316443831913,74.26864844959289,,"<a href=""https://m.stock.naver.com/domestic/stock/010140/total"" target=""_blank"">Naver</a>"
023000,삼원강재,56.498744335388636,50.0,50.63308827603649,99.4061893242922,77.99706667900574,,"<a href=""https://m.stock.naver.com/domestic/stock/023000/total"" target=""_blank"">Naver</a>"
010660,화천기계,56.474244358047144,50.0,48.560472638488555,98.65315216566991,89.37621963716025,,"<a href=""https://m.stock.naver.com/domestic/stock/010660/total"" target=""_blank"">Naver</a>"
009770,삼정펄프,56.46372667993832,50.0,50.92708975208934,99.73054715168871,75.17799053494224,,"<a href=""https://m.stock.naver.com/domestic/stock/009770/total"" target=""_blank"">Naver</a>"
010960,삼호개발,56.447763519084404,46.71333972544017,56.488434868509046,99.07578700440995,87.80144532504089,,"<a href=""https://m.stock.naver.com/domestic/stock/010960/total"" target=""_blank"">Naver</a>"
005750,대림바스,56.35778664340167,59.596932469800514,41.98763740633711,67.1318850434951,67.7905861117514,,"<a href=""https://m.stock.naver.com/domestic/stock/005750/total"" target=""_blank"">Naver</a>"
012510,더존비즈온,56.31705108557791,40.043450667954595,83.8855677324431,74.90763630602976,76.57650242182802,,"<a href=""https://m.stock.naver.com/domestic/stock/012510/total"" target=""_blank"">Naver</a>"
018470,조일알미늄,56.21651342016294,50.0,57.225377367590774,82.58462007614563,73.03414141301374,,"<a href=""https://m.stock.naver.com/domestic/stock/018470/total"" target=""_blank"">Naver</a>"
017940,E1,56.187671535292466,55.70893393477021,53.26464127924222,51.13489113390692,86.65323482458186,,"<a href=""https://m.stock.naver.com/domestic/stock/017940/total"" target=""_blank"">Naver</a>"
002760,보락,56.17651470372826,50.0,52.950148131170884,99.40858938669771,59.96237464531524,,"<a href=""https://m.stock.naver.com/domestic/stock/002760/total"" target=""_blank"">Naver</a>"
002030,아세아,56.10632426550487,41.058091915391735,73.57154357292673,91.36690966465608,78.83784513145079,,"<a href=""https://m.stock.naver.com/domestic/stock/002030/total"" target=""_blank"">Naver</a>"
081660,미스토홀딩스,56.04635754795062,41.77045931345251,73.9145456438567,92.99970413665099,64.10950270499663,,"<a href=""https://m.stock.naver.com/domestic/stock/081660/total"" target=""_blank"">Naver</a>"
004990,롯데지주,56.04266554028101,56.36971809366804,45.14670742078107,69.86615452313353,78.95084753143124,,"<a href=""https://m.stock.naver.com/domestic/stock/004990/total"" target=""_blank"">Naver</a>"
019440,세아특수강,55.9255140343201,50.490281657088104,54.63926654926331,85.73286691422764,67.96483422657298,,"<a href=""https://m.stock.naver.com/domestic/stock/019440/total"" target=""_blank"">Naver</a>"
000590,CS홀딩스,55.88877068400485,44.368206582921744,70.64841959769477,90.40406706271158,51.306702571139084,,"<a href=""https://m.stock.naver.com/domestic/stock/000590/total"" target=""_blank"">Naver</a>"
357250,미래에셋맵스리츠,55.757964431990956,50.0,72.28119179322502,66.87666483684698,20.0,,"<a href=""https://m.stock.naver.com/domestic/stock/357250/total"" target=""_blank"">Naver</a>"
004380,삼익THK,55.722296957581904,50.0,55.192671372429004,85.06381906499783,68.35494415949746,,"<a href=""https://m.stock.naver.com/domestic/stock/004380/total"" target=""_blank"">Naver</a>"
192080,더블유게임즈,55.703979058479284,32.54460151055332,90.5537610904526,99.5673813686567,71.64079485336951,,"<a href=""https://m.stock.naver.com/domestic/stock/192080/total"" target=""_blank"">Naver</a>"
139480,이마트,55.583337769881844,54.44293800383417,56.7214445752047,40.78800074419533,93.16827498721278,,"<a href=""https://m.stock.naver.com/domestic/stock/139480/total"" target=""_blank"">Naver</a>"
004960,한신공영,55.57197640595688,55.89096045528469,53.804034555437426,67.30199659539474,37.12383668774474,,"<a href=""https://m.stock.naver.com/domestic/stock/004960/total"" target=""_blank"">Naver</a>"
010040,한국내화,55.4428644782193,51.738395572120794,46.29292819794812,91.44018187442583,73.65153796034423,,"<a href=""https://m.stock.naver.com/domestic/stock/010040/total"" target=""_blank"">Naver</a>"
023350,한국종합기술,55.36402143585855,50.0,55.225374792590536,73.7218947928082,83.70976516860186,,"<a href=""https://m.stock.naver.com/domestic/stock/023350/total"" target=""_blank"">Naver</a>"
002820,SUN&L,55.330618197880995,73.3873016789329,12.411803652986237,44.098248415546905,75.70922871440014,,"<a href=""https://m.stock.naver.com/domestic/stock/002820/total"" target=""_blank"">Naver</a>"
069730,DSR제강,55.006118047026035,50.0,51.317520101893855,91.96788703383123,59.5989863633889,,"<a href=""https://m.stock.naver.com/domestic/stock/069730/total"" target=""_blank"">Naver</a>"
009580,무림P&P,54.99255547367502,53.96346399497241,47.626140915722665,74.99935261769974,64.16013171981875,,"<a href=""https://m.stock.naver.com/domestic/stock/009580/total"" target=""_blank"">Naver</a>"
005740,크라운해태홀딩스,54.90881879865125,50.509174551789634,53.56771030079694,68.54879127767256,87.13014729221958,,"<a href=""https://m.stock.naver.com/domestic/stock/005740/total"" target=""_blank"">Naver</a>"
145990,삼양사,54.845508931890855,49.74759961514667,50.29462097600587,85.8783814042653,76.70911556749715,,"<a href=""https://m.stock.naver.com/domestic/stock/145990/total"" target=""_blank"">Naver</a>"
033920,무학,54.76396363219275,67.03561265016619,22.5144121979262,54.37569327585785,69.52847330051414,,"<a href=""https://m.stock.naver.com/domestic/stock/033920/total"" target=""_blank"">Naver</a>"
123690,한국화장품,54.59202781212143,70.2983018946676,8.692410205511292,61.536343325994,81.7261958268729,,"<a href=""https://m.stock.naver.com/domestic/stock/123690/total"" target=""_blank"">Naver</a>"
035420,NAVER,54.312856639402206,39.5508595453014,78.57596340994284,83.30452543839648,52.15795031792011,,"<a href=""https://m.stock.naver.com/domestic/stock/035420/total"" target=""_blank"">Naver</a>"
298020,효성티앤씨,53.99563246025975,35.10738255695467,84.43642224189405,74.24154170879282,87.95886389468305,,"<a href=""https://m.stock.naver.com/domestic/stock/298020/total"" target=""_blank"">Naver</a>"
005180,빙그레,53.93006053254164,53.50667875012281,30.663896699701336,95.99780009996205,91.20598195092825,,"<a href=""https://m.stock.naver.com/domestic/stock/005180/total"" target=""_blank"">Naver</a>"
060980,HL홀딩스,53.89009970655209,37.48060778304467,89.38252266528356,73.06104370404398,35.0,,"<a href=""https://m.stock.naver.com/domestic/stock/060980/total"" target=""_blank"">Naver</a>"
011150,CJ씨푸드,53.734609092066044,50.0,47.64548783550814,77.43214422749838,81.60045420878345,,"<a href=""https://m.stock.naver.com/domestic/stock/011150/total"" target=""_blank"">Naver</a>"
001140,국보,53.70833168788626,74.33667599612298,3.888729357344032,50.51016495557964,61.662545106369926,,"<a href=""https://m.stock.naver.com/domestic/stock/001140/total"" target=""_blank"">Naver</a>"
101140,인바이오젠,53.65211611752384,50.0,66.66666666666667,50.93653279730604,37.83592342253131,,"<a href=""https://m.stock.naver.com/domestic/stock/101140/total"" target=""_blank"">Naver</a>"
001550,조비,53.63420225064412,50.0,49.6666492562487,86.90902945433898,50.53273982296099,,"<a href=""https://m.stock.naver.com/domestic/stock/001550/total"" target=""_blank"">Naver</a>"
002320,한진,53.63047223075064,56.09264635341822,41.615216889822925,53.48625713720284,84.44908965047381,,"<a href=""https://m.stock.naver.com/domestic/stock/002320/total"" target=""_blank"">Naver</a>"
000520,삼일제약,53.62202520870055,68.27013511476669,22.391874246131874,36.91381905100398,67.41187346414351,,"<a href=""https://m.stock.naver.com/domestic/stock/000520/total"" target=""_blank"">Naver</a>"
011210,현대위아,53.55687887325153,50.69174821284319,43.657865106266456,82.22020586955763,80.1068616404648,,"<a href=""https://m.stock.naver.com/domestic/stock/011210/total"" target=""_blank"">Naver</a>"
025000,KPX케미칼,53.55212427934183,42.99802431140216,57.46937991177116,91.7129651424082,84.29336400633845,,"<a href=""https://m.stock.naver.com/domestic/stock/025000/total"" target=""_blank"">Naver</a>"
010820,퍼스텍,53.498337547053794,50.0,55.4034819021089,60.59744466164573,71.75445210724,,"<a href=""https://m.stock.naver.com/domestic/stock/010820/total"" target=""_blank"">Naver</a>"
029530,신도리코,53.30918096946698,42.50019817675875,69.36401202845668,74.71054491515969,59.940091295631774,,"<a href=""https://m.stock.naver.com/domestic/stock/029530/total"" target=""_blank"">Naver</a>"
000680,LS네트웍스,53.302303912035356,47.17263256337744,64.22441185195392,63.59115307837352,51.67012206366102,,"<a href=""https://m.stock.naver.com/domestic/stock/000680/total"" target=""_blank"">Naver</a>"
015360,INVENI,53.23255401968645,54.21100703798741,43.72617735819577,55.68926790431571,84.10957333826985,,"<a href=""https://m.stock.naver.com/domestic/stock/015360/total"" target=""_blank"">Naver</a>"
039130,하나투어,52.98808476927056,82.9951562881647,0.0,7.463718113384453,48.892383700665896,,"<a href=""https://m.stock.naver.com/domestic/stock/039130/total"" target=""_blank"">Naver</a>"
339770,교촌에프앤비,52.81922844095792,36.42001443471597,68.0564378707658,92.11657130946352,94.82906362981069,,"<a href=""https://m.stock.naver.com/domestic/stock/339770/total"" target=""_blank"">Naver</a>"
009200,무림페이퍼,52.7923259271229,53.90041591028674,44.10171264991809,63.9730449510392,60.58687446734835,,"<a href=""https://m.stock.naver.com/domestic/stock/009200/total"" target=""_blank"">Naver</a>"
003670,포스코퓨처엠,52.748194442426026,43.44345826972347,57.383298379732956,90.1204053419046,66.48508702936482,,"<a href=""https://m.stock.naver.com/domestic/stock/003670/total"" target=""_blank"">Naver</a>"
336260,두산퓨얼셀,52.637078138728285,50.0,49.05440262532784,79.9131418592007,47.64326592952496,,"<a href=""https://m.stock.naver.com/domestic/stock/336260/total"" target=""_blank"">Naver</a>"
078520,에이블씨엔씨,52.582595175463624,67.54126847452699,5.020275895916479,69.45028432523355,77.15473368489917,,"<a href=""https://m.stock.naver.com/domestic/stock/078520/total"" target=""_blank"">Naver</a>"
003560,IHQ,52.576451013771916,67.24226301004529,12.259634668461272,64.66190834998692,53.999874112614705,,"<a href=""https://m.stock.naver.com/domestic/stock/003560/total"" target=""_blank"">Naver</a>"
020120,키다리스튜디오,52.52112999134141,47.29769282843865,47.46635544109261,84.57147468493605,76.37555931022924,,"<a href=""https://m.stock.naver.com/domestic/stock/020120/total"" target=""_blank"">Naver</a>"
002140,고려산업,52.295488636914676,49.78736244916456,49.20569340540961,62.77275590654682,76.88744450817704,,"<a href=""https://m.stock.naver.com/domestic/stock/002140/total"" target=""_blank"">Naver</a>"
090370,메타랩스,52.278831394780646,65.539641504447,9.902316445179101,68.25668724088484,73.07597313458358,,"<a href=""https://m.stock.naver.com/domestic/stock/090370/total"" target=""_blank"">Naver</a>"
133820,화인베스틸,52.214453957328324,50.0,49.67952805409897,61.0924247598663,73.70658935633898,,"<a href=""https://m.stock.naver.com/domestic/stock/133820/total"" target=""_blank"">Naver</a>"
004150,한솔홀딩스,51.96829549486678,41.190737422533736,54.79847660843967,96.2492398130904,78.5861981585517,,"<a href=""https://m.stock.naver.com/domestic/stock/004150/total"" target=""_blank"">Naver</a>"
015020,이스타코,51.96574499894318,50.0,55.28327083283029,58.82070606690531,45.257133680901454,,"<a href=""https://m.stock.naver.com/domestic/stock/015020/total"" target=""_blank"">Naver</a>"
073240,금호타이어,51.9304890269784,65.11148355496172,21.524821501952975,44.814602905858415,60.01866455854567,,"<a href=""https://m.stock.naver.com/domestic/stock/073240/total"" target=""_blank"">Naver</a>"
002310,아세아제지,51.88706199388508,34.06729238033363,70.33805972574432,98.03416251632532,81.1751076523257,,"<a href=""https://m.stock.naver.com/domestic/stock/002310/total"" target=""_blank"">Naver</a>"
002220,한일철강,51.77487932226494,36.31833297746471,72.98714887133565,81.03152783968522,72.67879067967336,,"<a href=""https://m.stock.naver.com/domestic/stock/002220/total"" target=""_blank"">Naver</a>"
004870,티웨이홀딩스,51.7716638776077,75.30148423819323,0.0,26.354482222336568,79.10650224916229,,"<a href=""https://m.stock.naver.com/domestic/stock/004870/total"" target=""_blank"">Naver</a>"
072130,유엔젤,51.75944566755786,26.54341486088788,87.4263196464359,99.50895519273736,80.5184264028485,,"<a href=""https://m.stock.naver.com/domestic/stock/072130/total"" target=""_blank"">Naver</a>"
293940,신한알파리츠,51.74666229075497,50.0,69.0531453837403,34.83375944819899,20.0,,"<a href=""https://m.stock.naver.com/domestic/stock/293940/total"" target=""_blank"">Naver</a>"
007110,일신석재,51.696462737204,50.0,40.68209346782327,79.15362074390112,72.21154591716146,,"<a href=""https://m.stock.naver.com/domestic/stock/007110/total"" target=""_blank"">Naver</a>"
007070,GS리테일,51.56358309175037,40.90070375299341,66.02285294812975,58.97605223485964,92.39684758871837,,"<a href=""https://m.stock.naver.com/domestic/stock/007070/total"" target=""_blank"">Naver</a>"
012330,현대모비스,51.53658900476028,39.31503735651705,57.0337446073273,97.05215137442087,79.6783060315227,,"<a href=""https://m.stock.naver.com/domestic/stock/012330/total"" target=""_blank"">Naver</a>"
006360,GS건설,51.53315858032478,43.66363978407284,59.331460930164326,69.57589081933574,70.89040790812845,,"<a href=""https://m.stock.naver.com/domestic/stock/006360/total"" target=""_blank"">Naver</a>"
090350,노루페인트,51.525662334670955,44.24329881677151,49.60393691062455,85.15892854132314,81.25611925639195,,"<a href=""https://m.stock.naver.com/domestic/stock/090350/total"" target=""_blank"">Naver</a>"
032640,LG유플러스,51.451338564179586,40.457070597436875,59.22083877899176,84.17306761523332,79.09159498892376,,"<a href=""https://m.stock.naver.com/domestic/stock/032640/total"" target=""_blank"">Naver</a>"
033180,KH 필룩스,51.279032647915884,49.8337329501872,61.815216076889385,42.323314652151424,33.853147867321475,,"<a href=""https://m.stock.naver.com/domestic/stock/033180/total"" target=""_blank"">Naver</a>"
093230,이아이디,51.27484455077789,57.24587950522803,33.75192995972524,49.69745106594192,70.39178502231132,,"<a href=""https://m.stock.naver.com/domestic/stock/093230/total"" target=""_blank"">Naver</a>"
001080,만호제강,51.21482519246499,50.0,41.52660413754215,76.16981206316618,64.32385903525675,,"<a href=""https://m.stock.naver.com/domestic/stock/001080/total"" target=""_blank"">Naver</a>"
032350,롯데관광개발,51.177000358013764,79.16720347909519,0.0,6.766782705566467,60.0,,"<a href=""https://m.stock.naver.com/domestic/stock/032350/total"" target=""_blank"">Naver</a>"
071840,롯데하이마트,51.125531952310155,50.0,32.3972659662523,86.82933391760344,86.86564137973471,,"<a href=""https://m.stock.naver.com/domestic/stock/071840/total"" target=""_blank"">Naver</a>"
009450,경동나비엔,51.09610491347779,37.13862640685761,66.99545759026581,85.24509342779216,70.79110658035113,,"<a href=""https://m.stock.naver.com/domestic/stock/009450/total"" target=""_blank"">Naver</a>"
003350,한국화장품제조,50.971578895764736,50.0,30.17602990363583,96.2828209771374,75.98578644284078,,"<a href=""https://m.stock.naver.com/domestic/stock/003350/total"" target=""_blank"">Naver</a>"
023530,롯데쇼핑,50.92194958390695,52.723725369272046,44.161768850002254,41.23869532402177,82.46805234881971,,"<a href=""https://m.stock.naver.com/domestic/stock/023530/total"" target=""_blank"">Naver</a>"
000220,유유제약,50.84314778053167,52.39083769793367,36.175061317666405,73.33900143721449,60.61959377266851,,"<a href=""https://m.stock.naver.com/domestic/stock/000220/total"" target=""_blank"">Naver</a>"
003960,사조대림,50.78575213848619,38.068569997041664,60.36227799919758,83.69989036972788,89.68103206978007,,"<a href=""https://m.stock.naver.com/domestic/stock/003960/total"" target=""_blank"">Naver</a>"
008350,남선알미늄,50.71287094934025,38.73249965028196,68.50532149729194,69.0187791227982,68.9032574513653,,"<a href=""https://m.stock.naver.com/domestic/stock/008350/total"" target=""_blank"">Naver</a>"
000720,현대건설,50.65511846830409,40.0486777040665,53.21536708046879,89.08253713651924,88.27632724190141,,"<a href=""https://m.stock.naver.com/domestic/stock/000720/total"" target=""_blank"">Naver</a>"
011330,유니켐,50.5782866339744,48.687333108003806,54.16276504921677,57.19797275818213,42.10796462099426,,"<a href=""https://m.stock.naver.com/domestic/stock/011330/total"" target=""_blank"">Naver</a>"
161000,애경케미칼,50.55835104551173,38.09931500132055,59.380229668492696,87.10348047809335,82.86713159573776,,"<a href=""https://m.stock.naver.com/domestic/stock/161000/total"" target=""_blank"">Naver</a>"
000860,강남제비스코,50.51875661980329,59.45308857495231,17.05575569071749,69.98093514113846,71.69742076077364,,"<a href=""https://m.stock.naver.com/domestic/stock/000860/total"" target=""_blank"">Naver</a>"
006380,카프로,50.26988412285211,50.0,42.564665441973894,53.98253719139181,84.60928086438908,,"<a href=""https://m.stock.naver.com/domestic/stock/006380/total"" target=""_blank"">Naver</a>"
003010,혜인,50.236545507782466,41.431019920045884,52.11716238404271,84.979413188493,77.01403281789925,,"<a href=""https://m.stock.naver.com/domestic/stock/003010/total"" target=""_blank"">Naver</a>"
014790,HL D&I,50.22864837057486,36.248217214865285,71.70682736503586,62.85771789746393,85.34478821300661,,"<a href=""https://m.stock.naver.com/domestic/stock/014790/total"" target=""_blank"">Naver</a>"
035250,강원랜드,50.21673224576831,47.13812481190528,31.53208281047933,100.0,81.01673312010627,,"<a href=""https://m.stock.naver.com/domestic/stock/035250/total"" target=""_blank"">Naver</a>"
001420,태원물산,50.207385086446735,50.0,36.447051544009646,74.51277818567395,72.8868876375385,,"<a href=""https://m.stock.naver.com/domestic/stock/001420/total"" target=""_blank"">Naver</a>"
192820,코스맥스,50.19121224462157,41.409035463837085,56.62471593074167,73.19258970236544,77.407060267947,,"<a href=""https://m.stock.naver.com/domestic/stock/192820/total"" target=""_blank"">Naver</a>"
091810,티웨이항공,49.96495723345978,72.43654892993244,0.0,25.11131440603409,79.8379286979382,,"<a href=""https://m.stock.naver.com/domestic/stock/091810/total"" target=""_blank"">Naver</a>"
002200,한국수출포장,49.91149580309469,36.15184655510256,56.82417753143435,99.0174837927718,82.25190215794773,,"<a href=""https://m.stock.naver.com/domestic/stock/002200/total"" target=""_blank"">Naver</a>"
018880,한온시스템,49.68027570023648,37.35171195069914,65.74309111821077,66.4129799129165,83.84355517945299,,"<a href=""https://m.stock.naver.com/domestic/stock/018880/total"" target=""_blank"">Naver</a>"
004980,성신양회,49.57363397125447,47.618716823448175,46.79049683473463,55.05130333309995,75.99298670383811,,"<a href=""https://m.stock.naver.com/domestic/stock/004980/total"" target=""_blank"">Naver</a>"
017670,SK텔레콤,49.465779091918975,31.993386344714978,76.8576186890795,73.77013856926845,73.56657511786536,,"<a href=""https://m.stock.naver.com/domestic/stock/017670/total"" target=""_blank"">Naver</a>"
001020,페이퍼코리아,49.41795057346069,43.059056781222836,61.020316433802286,49.77562604884706,66.99749582783437,,"<a href=""https://m.stock.naver.com/domestic/stock/001020/total"" target=""_blank"">Naver</a>"
009320,아진전자부품,49.411870427094875,50.0,40.724123211423894,54.080996280141534,76.45479992449499,,"<a href=""https://m.stock.naver.com/domestic/stock/009320/total"" target=""_blank"">Naver</a>"
008970,동양철관,49.27791099122219,57.39452800829961,22.610199984269357,59.48657809384899,64.79972761580382,,"<a href=""https://m.stock.naver.com/domestic/stock/008970/total"" target=""_blank"">Naver</a>"
010100,한국무브넥스,49.17169809765083,40.79569110606314,50.78619557776015,76.40952371704397,87.13564335737028,,"<a href=""https://m.stock.naver.com/domestic/stock/010100/total"" target=""_blank"">Naver</a>"
005440,현대지에프홀딩스,49.103962983444184,40.04142126992571,44.58384882741233,96.19043619593745,86.2820879008386,,"<a href=""https://m.stock.naver.com/domestic/stock/005440/total"" target=""_blank"">Naver</a>"
006370,대구백화점,48.83981865320216,61.8025799369013,12.869014325896382,55.41293799327471,59.994466205196176,,"<a href=""https://m.stock.naver.com/domestic/stock/006370/total"" target=""_blank"">Naver</a>"
092220,KEC,48.836647577217185,33.333333333333336,80.27769308500349,72.90647067084993,29.531544777626543,,"<a href=""https://m.stock.naver.com/domestic/stock/092220/total"" target=""_blank"">Naver</a>"
284740,쿠쿠홈시스,48.67192229711453,20.965171140964713,89.39912965295417,94.62735938952304,85.60602520689704,,"<a href=""https://m.stock.naver.com/domestic/stock/284740/total"" target=""_blank"">Naver</a>"
016580,환인제약,48.49412832997169,29.038826059658884,75.80358706758828,99.73432305988229,42.93007242582125,,"<a href=""https://m.stock.naver.com/domestic/stock/016580/total"" target=""_blank"">Naver</a>"
068270,셀트리온,48.445091480124944,23.835143818018512,91.58245791729057,98.00332686975455,28.961160460314993,,"<a href=""https://m.stock.naver.com/domestic/stock/068270/total"" target=""_blank"">Naver</a>"
001260,남광토건,48.43901788134162,31.976398405920275,68.69055582148869,73.57798365920708,94.45483032993147,,"<a href=""https://m.stock.naver.com/domestic/stock/001260/total"" target=""_blank"">Naver</a>"
097520,엠씨넥스,48.33619047493782,34.672337867710105,57.33009458303246,84.3322327828779,95.34081660531704,,"<a href=""https://m.stock.naver.com/domestic/stock/097520/total"" target=""_blank"">Naver</a>"
002070,비비안,48.22669806633887,52.950993189531424,27.264760775400323,67.72104716742001,57.3561448405588,,"<a href=""https://m.stock.naver.com/domestic/stock/002070/total"" target=""_blank"">Naver</a>"
089590,제주항공,48.08884330867286,70.96100329592188,0.0,20.616431464433404,69.01196369352778,,"<a href=""https://m.stock.naver.com/domestic/stock/089590/total"" target=""_blank"">Naver</a>"
008250,이건산업,48.06228363199558,37.11161221683597,60.16805009755452,72.33595949944792,70.39415655121144,,"<a href=""https://m.stock.naver.com/domestic/stock/008250/total"" target=""_blank"">Naver</a>"
001130,대한제분,47.99151643553294,32.779849485490175,59.77890101484204,94.16167251818712,79.2542847741922,,"<a href=""https://m.stock.naver.com/domestic/stock/001130/total"" target=""_blank"">Naver</a>"
002810,삼영무역,47.78883027279599,30.025147265729146,64.42157969226497,99.29560520045304,74.77572940493917,,"<a href=""https://m.stock.naver.com/domestic/stock/002810/total"" target=""_blank"">Naver</a>"
000650,천일고속,47.76012636241738,50.0,25.577972955023426,71.16145697878872,84.98974851565305,,"<a href=""https://m.stock.naver.com/domestic/stock/000650/total"" target=""_blank"">Naver</a>"
018250,애경산업,47.664982519481626,34.87096780610551,50.573854577182956,99.88677017567386,82.20522347910386,,"<a href=""https://m.stock.naver.com/domestic/stock/018250/total"" target=""_blank"">Naver</a>"
006490,인스코비,47.48891771975988,45.622739009221924,40.364969027283855,57.22679840870412,86.02704433070693,,"<a href=""https://m.stock.naver.com/domestic/stock/006490/total"" target=""_blank"">Naver</a>"
057050,현대홈쇼핑,47.36926407991426,33.02071197957218,56.01206673569279,95.33224564354099,80.41191287787309,,"<a href=""https://m.stock.naver.com/domestic/stock/057050/total"" target=""_blank"">Naver</a>"
003570,SNT다이내믹스,47.06484414299447,36.03061228901765,50.54116873023461,99.16320207498505,57.89728759053435,,"<a href=""https://m.stock.naver.com/domestic/stock/003570/total"" target=""_blank"">Naver</a>"
023810,인팩,47.01954075277874,40.69462363278214,47.48314640625575,66.02915513998848,82.58128915093347,,"<a href=""https://m.stock.naver.com/domestic/stock/023810/total"" target=""_blank"">Naver</a>"
234080,JW생명과학,46.980821390381934,29.77975673637128,70.27070477377522,79.90644167470629,71.09293975289471,,"<a href=""https://m.stock.naver.com/domestic/stock/234080/total"" target=""_blank"">Naver</a>"
004310,현대약품,46.96705823434016,50.0,25.70341953386966,68.44603240070344,73.93200221604788,,"<a href=""https://m.stock.naver.com/domestic/stock/004310/total"" target=""_blank"">Naver</a>"
024900,디와이덕양,46.87004177976551,44.729035602172,42.56942322328593,46.228013969996795,95.34926431282307,,"<a href=""https://m.stock.naver.com/domestic/stock/024900/total"" target=""_blank"">Naver</a>"
013700,까뮤이앤씨,46.85405296341481,50.0,26.949308807568343,58.95771171750063,84.41909179545314,,"<a href=""https://m.stock.naver.com/domestic/stock/013700/total"" target=""_blank"">Naver</a>"
069460,대호에이엘,46.82389673590568,50.0,26.684897962846915,62.08733653661935,78.87877183064028,,"<a href=""https://m.stock.naver.com/domestic/stock/069460/total"" target=""_blank"">Naver</a>"
000210,DL,46.759068161838414,30.27405103524693,74.07060510463522,71.82838099730387,57.88296329602139,,"<a href=""https://m.stock.naver.com/domestic/stock/000210/total"" target=""_blank"">Naver</a>"
003120,일성아이에스,46.478913604142505,50.0,28.919843448785347,74.81589907450713,35.34725668990919,,"<a href=""https://m.stock.naver.com/domestic/stock/003120/total"" target=""_blank"">Naver</a>"
064960,SNT모티브,46.43725313997672,26.38235661537141,68.27735742537851,98.81768054058632,73.13463520701234,,"<a href=""https://m.stock.naver.com/domestic/stock/064960/total"" target=""_blank"">Naver</a>"
012450,한화에어로스페이스,46.308030685046184,36.089548295575106,56.408159496234724,75.91179627744248,59.22164411796393,,"<a href=""https://m.stock.naver.com/domestic/stock/012450/total"" target=""_blank"">Naver</a>"
009470,삼화전기,46.01154254386989,26.40284985483733,68.64801269878488,87.57547527849994,85.00563856842564,,"<a href=""https://m.stock.naver.com/domestic/stock/009470/total"" target=""_blank"">Naver</a>"
008770,호텔신라,46.007444972278506,43.05090650718005,46.37028346205751,56.98267839662717,57.72124725586766,,"<a href=""https://m.stock.naver.com/domestic/stock/008770/total"" target=""_blank"">Naver</a>"
204320,HL만도,45.95988194193184,34.31510762418992,54.279545017715556,76.97670918667554,82.06520388642893,,"<a href=""https://m.stock.naver.com/domestic/stock/204320/total"" target=""_blank"">Naver</a>"
039570,HDC랩스,45.89106284635351,33.333333333333336,48.02788867595702,98.04422661574296,81.59336031579909,,"<a href=""https://m.stock.naver.com/domestic/stock/039570/total"" target=""_blank"">Naver</a>"
018500,동원금속,45.88179491755388,58.33556932243945,15.998311176134978,28.573337554190825,80.4708354927477,,"<a href=""https://m.stock.naver.com/domestic/stock/018500/total"" target=""_blank"">Naver</a>"
023590,다우기술,45.4246276952174,25.088972775722453,82.37640723606866,60.2838067573488,74.97523090063785,,"<a href=""https://m.stock.naver.com/domestic/stock/023590/total"" target=""_blank"">Naver</a>"
000760,이화산업,45.32641229190739,51.444665335288335,20.54937396382447,69.30658316789169,47.83222565978209,,"<a href=""https://m.stock.naver.com/domestic/stock/000760/total"" target=""_blank"">Naver</a>"
005110,한창,45.315723391929126,59.386463389157505,12.163217240895996,45.170609070137445,42.51960282393765,,"<a href=""https://m.stock.naver.com/domestic/stock/005110/total"" target=""_blank"">Naver</a>"
008490,서흥,45.2248642849427,26.25367788897873,72.90638833027872,86.38136881682902,52.15847174605749,,"<a href=""https://m.stock.naver.com/domestic/stock/008490/total"" target=""_blank"">Naver</a>"
089470,HDC현대EP,45.17833368731935,34.13648958825913,46.87084370985824,90.3060045148209,78.96257110834456,,"<a href=""https://m.stock.naver.com/domestic/stock/089470/total"" target=""_blank"">Naver</a>"
002630,오리엔트바이오,45.0029629851327,50.0,16.90790100736523,72.18987969000659,71.13999528581463,,"<a href=""https://m.stock.naver.com/domestic/stock/002630/total"" target=""_blank"">Naver</a>"
051910,LG화학,44.90468450106546,25.192482021882658,68.48069924847131,92.8562957012003,67.66781811396021,,"<a href=""https://m.stock.naver.com/domestic/stock/051910/total"" target=""_blank"">Naver</a>"
003240,태광산업,44.90288815448181,23.188551374042977,69.06534073918174,99.41232939815336,75.64378410890507,,"<a href=""https://m.stock.naver.com/domestic/stock/003240/total"" target=""_blank"">Naver</a>"
004250,NPC,44.79539096938942,30.2814996476894,56.48828994164241,83.73538834430455,82.61759721869457,,"<a href=""https://m.stock.naver.com/domestic/stock/004250/total"" target=""_blank"">Naver</a>"
000910,유니온,44.771523687402606,41.834795508327,38.38840696804127,76.10033292770304,49.27022695251587,,"<a href=""https://m.stock.naver.com/domestic/stock/000910/total"" target=""_blank"">Naver</a>"
034310,NICE,44.47915563898657,31.179674015030077,56.29582027684402,79.76584590740332,74.41623140034385,,"<a href=""https://m.stock.naver.com/domestic/stock/034310/total"" target=""_blank"">Naver</a>"
025890,한국주강,44.4098095995717,50.0,19.5622451827542,60.57615978752396,69.23264650261514,,"<a href=""https://m.stock.naver.com/domestic/stock/025890/total"" target=""_blank"">Naver</a>"
000240,한국앤컴퍼니,44.1870257445298,20.07486222433456,78.52946964748652,96.68199423437409,56.830831492400435,,"<a href=""https://m.stock.naver.com/domestic/stock/000240/total"" target=""_blank"">Naver</a>"
009900,명신산업,43.88119824457185,27.75489894543224,60.32703401443032,77.7150075963657,87.49999228136711,,"<a href=""https://m.stock.naver.com/domestic/stock/009900/total"" target=""_blank"">Naver</a>"
101530,해태제과식품,43.867770362400805,33.774066805379675,51.654231589845246,62.149731655460506,89.49598432331281,,"<a href=""https://m.stock.naver.com/domestic/stock/101530/total"" target=""_blank"">Naver</a>"
000970,한국주철관,43.78350740980627,19.590041401904383,72.6019372816226,99.35073072292172,78.8785035193165,,"<a href=""https://m.stock.naver.com/domestic/stock/000970/total"" target=""_blank"">Naver</a>"
001680,대상,43.74018763587538,28.03887094702131,58.5359744194977,81.41491585158761,82.82759755258822,,"<a href=""https://m.stock.naver.com/domestic/stock/001680/total"" target=""_blank"">Naver</a>"
008870,금비,43.60838498926359,33.254487962483175,50.08434869167479,73.80218731069084,75.08772615571817,,"<a href=""https://m.stock.naver.com/domestic/stock/008870/total"" target=""_blank"">Naver</a>"
000100,유한양행,43.45612121551221,28.417276108393256,53.797066846235715,99.04085647583626,61.04806382667404,,"<a href=""https://m.stock.naver.com/domestic/stock/000100/total"" target=""_blank"">Naver</a>"
024890,대원화성,43.39938097230853,51.38969957424331,9.737035623097425,62.50501450792472,77.61601742391437,,"<a href=""https://m.stock.naver.com/domestic/stock/024890/total"" target=""_blank"">Naver</a>"
139990,아주스틸,43.396426341944206,30.083573484313163,56.587803735846585,70.67201246266782,82.64260142255769,,"<a href=""https://m.stock.naver.com/domestic/stock/139990/total"" target=""_blank"">Naver</a>"
003680,한성기업,43.17917891188871,50.0,19.61727587924146,39.01241501696181,87.47236880764335,,"<a href=""https://m.stock.naver.com/domestic/stock/003680/total"" target=""_blank"">Naver</a>"
002990,금호건설,43.126446953292565,25.742022715555958,59.13233614039233,87.332678975484,83.29762782625015,,"<a href=""https://m.stock.naver.com/domestic/stock/002990/total"" target=""_blank"">Naver</a>"
011690,와이투솔루션,43.12463642153568,49.74453387249966,9.073147784294514,73.21731027501939,73.7579624892064,,"<a href=""https://m.stock.naver.com/domestic/stock/011690/total"" target=""_blank"">Naver</a>"
000070,삼양홀딩스,42.90077553234657,21.02650083120374,68.03107827846469,94.95484453095527,75.63242021825268,,"<a href=""https://m.stock.naver.com/domestic/stock/000070/total"" target=""_blank"">Naver</a>"
214390,경보제약,42.85273847339207,50.0,15.634944752479575,65.31814328521264,48.24375913501821,,"<a href=""https://m.stock.naver.com/domestic/stock/214390/total"" target=""_blank"">Naver</a>"
051630,진양화학,42.78768887288277,50.0,4.852101381753143,70.75956785831613,89.97413483225745,,"<a href=""https://m.stock.naver.com/domestic/stock/051630/total"" target=""_blank"">Naver</a>"
011170,롯데케미칼,42.78393201443173,24.492011351873277,57.6372671496444,96.41730619195098,80.75355593403111,,"<a href=""https://m.stock.naver.com/domestic/stock/011170/total"" target=""_blank"">Naver</a>"
003520,영진약품,42.59114951033153,50.0,9.352904730009113,68.78921441473359,67.48003772711802,,"<a href=""https://m.stock.naver.com/domestic/stock/003520/total"" target=""_blank"">Naver</a>"
161890,한국콜마,42.526459896696416,30.808234986105827,50.84846689605104,76.25071336767587,74.0866168850514,,"<a href=""https://m.stock.naver.com/domestic/stock/161890/total"" target=""_blank"">Naver</a>"
031820,아이티센씨티에스,42.465439174920476,29.790109610060256,45.348932579742076,88.6198550400052,87.8430951989657,,"<a href=""https://m.stock.naver.com/domestic/stock/031820/total"" target=""_blank"">Naver</a>"
027740,마니커,42.212413844900325,55.11285624205876,0.0,44.84457186170862,93.20485826988423,,"<a href=""https://m.stock.naver.com/domestic/stock/027740/total"" target=""_blank"">Naver</a>"
084870,TBH글로벌,42.072763797178006,33.333333333333336,51.563463361217124,63.92193100858587,55.79409712030289,,"<a href=""https://m.stock.naver.com/domestic/stock/084870/total"" target=""_blank"">Naver</a>"
004490,세방전지,41.878597654995346,23.29316262045502,58.50121235526482,98.23829199176305,69.07135589459641,,"<a href=""https://m.stock.naver.com/domestic/stock/004490/total"" target=""_blank"">Naver</a>"
084670,동양고속,41.75245585520275,54.7866637883256,0.0,47.06066627616643,83.48781909181496,,"<a href=""https://m.stock.naver.com/domestic/stock/084670/total"" target=""_blank"">Naver</a>"
009240,한샘,41.73526753517713,24.49254588763179,54.37683153931224,86.61924500396275,95.6721523474743,,"<a href=""https://m.stock.naver.com/domestic/stock/009240/total"" target=""_blank"">Naver</a>"
006840,AK홀딩스,41.6822018614526,47.8515310095955,22.22529698052297,33.27433019519941,81.75051982089232,,"<a href=""https://m.stock.naver.com/domestic/stock/006840/total"" target=""_blank"">Naver</a>"
091090,세원이앤씨,41.55885635332225,52.99531653057184,1.4403108246488179,61.5047645440603,65.02224548821818,,"<a href=""https://m.stock.naver.com/domestic/stock/091090/total"" target=""_blank"">Naver</a>"
024720,콜마홀딩스,41.523986575717174,19.3202746667392,68.1147882533095,89.76685955956141,78.52877512780276,,"<a href=""https://m.stock.naver.com/domestic/stock/024720/total"" target=""_blank"">Naver</a>"
002210,동성제약,41.40818265413541,50.0,11.483397376197756,60.77845806647073,49.189750068777876,,"<a href=""https://m.stock.naver.com/domestic/stock/002210/total"" target=""_blank"">Naver</a>"
084680,이월드,41.22833399726291,50.0,14.871182445538382,49.6993946612028,50.81197839516069,,"<a href=""https://m.stock.naver.com/domestic/stock/084680/total"" target=""_blank"">Naver</a>"
375500,DL이앤씨,41.17976325415261,16.408916078750526,71.69358509766153,92.82767806699724,82.56499051574374,,"<a href=""https://m.stock.naver.com/domestic/stock/375500/total"" target=""_blank"">Naver</a>"
000320,노루홀딩스,41.04132507337006,29.336578936972817,44.829998273141435,83.00520468642138,78.62715348517746,,"<a href=""https://m.stock.naver.com/domestic/stock/000320/total"" target=""_blank"">Naver</a>"
084690,대상홀딩스,40.76507685718944,24.275662708382654,55.017118660805636,82.84979042252166,83.20841049412547,,"<a href=""https://m.stock.naver.com/domestic/stock/084690/total"" target=""_blank"">Naver</a>"
079160,CJ CGV,40.760203817372556,58.44268410821568,0.0,28.312311073959208,57.267244900944576,,"<a href=""https://m.stock.naver.com/domestic/stock/079160/total"" target=""_blank"">Naver</a>"
130660,한전산업,40.64931672564063,20.700823478264912,57.240877829055506,91.89342543354688,94.58521276126237,,"<a href=""https://m.stock.naver.com/domestic/stock/130660/total"" target=""_blank"">Naver</a>"
278470,에이피알,40.55480485144314,22.23427564404236,58.37821744820152,89.90209168888867,72.58951868156942,,"<a href=""https://m.stock.naver.com/domestic/stock/278470/total"" target=""_blank"">Naver</a>"
001360,삼성제약,40.50429063274953,50.0,0.0,74.64277644081771,60.800259773355094,,"<a href=""https://m.stock.naver.com/domestic/stock/001360/total"" target=""_blank"">Naver</a>"
009140,경인전자,40.49574733274794,20.15044209866521,62.97058969185331,99.77283000616747,53.7110329993748,,"<a href=""https://m.stock.naver.com/domestic/stock/009140/total"" target=""_blank"">Naver</a>"
074610,이엔플러스,40.30619079363924,49.106314359336174,5.862953859296044,67.90852291879972,51.716228426671066,,"<a href=""https://m.stock.naver.com/domestic/stock/074610/total"" target=""_blank"">Naver</a>"
161390,한국타이어앤테크놀로지,40.284566936848684,20.207867559253632,62.851194177555385,96.15587592935428,56.6292052794447,,"<a href=""https://m.stock.naver.com/domestic/stock/161390/total"" target=""_blank"">Naver</a>"
006650,대한유화,40.27871619834172,22.000336533075018,51.09539016179043,99.46172911731348,87.169876526355,,"<a href=""https://m.stock.naver.com/domestic/stock/006650/total"" target=""_blank"">Naver</a>"
004970,신라교역,40.26448311805268,18.814162215871725,62.39998623123282,98.62460359259617,70.27057742923652,,"<a href=""https://m.stock.naver.com/domestic/stock/004970/total"" target=""_blank"">Naver</a>"
012280,영화금속,40.214055096940136,50.0,6.924136141779066,45.517569296404716,78.62528263709807,,"<a href=""https://m.stock.naver.com/domestic/stock/012280/total"" target=""_blank"">Naver</a>"
272450,진에어,40.195565126030566,50.0,0.0,60.23105532279902,83.44919187501331,,"<a href=""https://m.stock.naver.com/domestic/stock/272450/total"" target=""_blank"">Naver</a>"
095720,웅진씽크빅,40.16144486976388,23.558457676037563,58.03639255616063,73.43814870374742,83.46914509452903,,"<a href=""https://m.stock.naver.com/domestic/stock/095720/total"" target=""_blank"">Naver</a>"
002170,삼양통상,40.13823393981886,14.794296704050288,76.7610095245232,99.6417806614366,42.14450940228461,,"<a href=""https://m.stock.naver.com/domestic/stock/002170/total"" target=""_blank"">Naver</a>"
015590,DKME,40.083210995977964,50.0,0.0,67.32056208856817,67.023095742423,,"<a href=""https://m.stock.naver.com/domestic/stock/015590/total"" target=""_blank"">Naver</a>"
119650,KC코트렐,40.074191006373276,26.33856470881288,57.810525663494055,53.750800112214094,88.86681507981248,,"<a href=""https://m.stock.naver.com/domestic/stock/119650/total"" target=""_blank"">Naver</a>"
012800,대창,39.89003755794236,28.068128730541872,53.01788223899283,60.30854694473501,75.27670130791041,,"<a href=""https://m.stock.naver.com/domestic/stock/012800/total"" target=""_blank"">Naver</a>"
248170,샘표식품,39.771172509771816,17.87158752281778,62.42805323462147,94.73169362043274,79.36074650765,,"<a href=""https://m.stock.naver.com/domestic/stock/248170/total"" target=""_blank"">Naver</a>"
090430,아모레퍼시픽,39.721261551127945,21.950617682739644,54.1993029059248,97.71241571769009,64.59647286467901,,"<a href=""https://m.stock.naver.com/domestic/stock/090430/total"" target=""_blank"">Naver</a>"
344820,KCC글라스,39.649174571711654,16.96172023204793,67.02106365464903,92.59054885485025,69.15643266671218,,"<a href=""https://m.stock.naver.com/domestic/stock/344820/total"" target=""_blank"">Naver</a>"
005030,부산주공,39.55897914557592,50.0,11.614299715971763,27.5,78.10808433165954,,"<a href=""https://m.stock.naver.com/domestic/stock/005030/total"" target=""_blank"">Naver</a>"
004410,서울식품,39.48233440926829,50.0,4.579736778451509,41.858078825255646,83.03184664259703,,"<a href=""https://m.stock.naver.com/domestic/stock/004410/total"" target=""_blank"">Naver</a>"
002390,한독,39.41193592569254,30.090130979583602,46.03246170466516,66.08471781676226,64.82540260199715,,"<a href=""https://m.stock.naver.com/domestic/stock/002390/total"" target=""_blank"">Naver</a>"
003000,부광약품,39.39275744073366,33.36456650857421,30.160480630996936,98.49058535614573,39.696776844506594,,"<a href=""https://m.stock.naver.com/domestic/stock/003000/total"" target=""_blank"">Naver</a>"
006980,우성,39.24166145217764,36.054217456948805,29.18018591599345,62.72516501739939,80.83135994540103,,"<a href=""https://m.stock.naver.com/domestic/stock/006980/total"" target=""_blank"">Naver</a>"
092440,기신정기,39.18256213244417,20.04681031244114,59.25728079085786,99.77844865693388,47.2462176314327,,"<a href=""https://m.stock.naver.com/domestic/stock/092440/total"" target=""_blank"">Naver</a>"
009410,태영건설,39.094122355424695,26.60563118472621,56.64314989375874,52.668013748505636,74.06309592597444,,"<a href=""https://m.stock.naver.com/domestic/stock/009410/total"" target=""_blank"">Naver</a>"
181710,NHN,39.092222869340816,19.815928512575244,55.046837124258126,97.68288552246412,73.45335856969449,,"<a href=""https://m.stock.naver.com/domestic/stock/181710/total"" target=""_blank"">Naver</a>"
025540,한국단자,39.01994171938681,20.44658679779307,53.39820738913488,98.52065203023652,71.00745180807193,,"<a href=""https://m.stock.naver.com/domestic/stock/025540/total"" target=""_blank"">Naver</a>"
019490,엑시큐어하이트론,38.69683538149716,50.0,0.0,65.02991246732148,43.87688269530021,,"<a href=""https://m.stock.naver.com/domestic/stock/019490/total"" target=""_blank"">Naver</a>"
002420,세기상사,38.65348919336866,50.0,1.7574867136790093,42.54461182368425,79.19312665160953,,"<a href=""https://m.stock.naver.com/domestic/stock/002420/total"" target=""_blank"">Naver</a>"
015260,에이엔피,38.60301821909937,50.0,0.0,44.78268107453019,82.49500223292698,,"<a href=""https://m.stock.naver.com/domestic/stock/015260/total"" target=""_blank"">Naver</a>"
214420,토니모리,38.570382779285694,48.34446737633281,2.2546366429218034,58.290362244492165,63.420139366126946,,"<a href=""https://m.stock.naver.com/domestic/stock/214420/total"" target=""_blank"">Naver</a>"
002150,도화엔지니어링,38.517258003134174,21.643546600482868,50.77170062540301,86.56137726066908,83.64134320853599,,"<a href=""https://m.stock.naver.com/domestic/stock/002150/total"" target=""_blank"">Naver</a>"
011390,부산산업,38.46807345273011,35.99250565495368,25.369335533476747,67.0435606392744,76.51760224922556,,"<a href=""https://m.stock.naver.com/domestic/stock/011390/total"" target=""_blank"">Naver</a>"
008600,윌비스,38.4639361877753,41.26901032954914,21.437248691017007,56.06611438533968,54.732127575152006,,"<a href=""https://m.stock.naver.com/domestic/stock/008600/total"" target=""_blank"">Naver</a>"
286940,롯데이노베이트,38.408976938130024,18.981751363354906,52.302124451865545,94.28745660389808,90.31298693521771,,"<a href=""https://m.stock.naver.com/domestic/stock/286940/total"" target=""_blank"">Naver</a>"
007540,샘표,38.40494455412672,17.915005265952637,57.79561055808188,95.01816774146623,74.10443961776102,,"<a href=""https://m.stock.naver.com/domestic/stock/007540/total"" target=""_blank"">Naver</a>"
000640,동아쏘시오홀딩스,38.34213344425358,22.090624303312314,56.21894576315714,73.43417239218209,73.79210364517388,,"<a href=""https://m.stock.naver.com/domestic/stock/000640/total"" target=""_blank"">Naver</a>"
005850,에스엘,38.31598508150177,20.14510213500377,51.555814175735556,92.62884364826915,81.54171783477409,,"<a href=""https://m.stock.naver.com/domestic/stock/005850/total"" target=""_blank"">Naver</a>"
058850,KTcs,38.2734150045066,18.76851258550551,53.21392777313508,90.18189846748481,93.81271326342083,,"<a href=""https://m.stock.naver.com/domestic/stock/058850/total"" target=""_blank"">Naver</a>"
272210,한화시스템,37.979625058831836,19.67370127314953,52.98777116799145,93.80018298147218,70.96886409594072,,"<a href=""https://m.stock.naver.com/domestic/stock/272210/total"" target=""_blank"">Naver</a>"
117580,대성에너지,37.78836896288977,23.7703380882477,45.75115054487725,76.46820732140328,88.83115483163026,,"<a href=""https://m.stock.naver.com/domestic/stock/117580/total"" target=""_blank"">Naver</a>"
102260,동성케미컬,37.78776423104161,19.750487033760493,55.02137950221411,87.61149408949643,68.41955452564298,,"<a href=""https://m.stock.naver.com/domestic/stock/102260/total"" target=""_blank"">Naver</a>"
300720,한일시멘트,37.61125713080919,18.517607763550128,56.30656782275968,88.3435858733035,71.79383859317689,,"<a href=""https://m.stock.naver.com/domestic/stock/300720/total"" target=""_blank"">Naver</a>"
009830,한화솔루션,37.51395820114911,21.944283758981356,53.15183002613145,75.35251412489494,70.48358053475879,,"<a href=""https://m.stock.naver.com/domestic/stock/009830/total"" target=""_blank"">Naver</a>"
011280,태림포장,37.45137037704199,20.997344870325602,50.578741599592696,78.84437668576044,86.47680772744825,,"<a href=""https://m.stock.naver.com/domestic/stock/011280/total"" target=""_blank"">Naver</a>"
016740,두올,37.31031922727686,18.244427227197317,54.37320833904992,86.58388727911384,82.23944156569206,,"<a href=""https://m.stock.naver.com/domestic/stock/016740/total"" target=""_blank"">Naver</a>"
210540,디와이파워,37.3102389241136,12.639998440668435,64.61262660277914,97.74477112252984,75.97212193529533,,"<a href=""https://m.stock.naver.com/domestic/stock/210540/total"" target=""_blank"">Naver</a>"
214330,금호에이치티,37.23839383267555,37.06599878468027,18.85096470644507,72.91687889541666,59.88730991428906,,"<a href=""https://m.stock.naver.com/domestic/stock/214330/total"" target=""_blank"">Naver</a>"
017800,현대엘리베이터,37.199792020629815,18.116844830051818,60.59767062204679,70.480012875949,82.64532358984248,,"<a href=""https://m.stock.naver.com/domestic/stock/017800/total"" target=""_blank"">Naver</a>"
002790,아모레퍼시픽홀딩스,37.10385608183737,17.07264471642027,55.68042209270499,98.99624219823636,60.81079017970653,,"<a href=""https://m.stock.naver.com/domestic/stock/002790/total"" target=""_blank"">Naver</a>"
017810,풀무원,37.054558962553834,30.633764431237513,35.883847584125114,51.27521210494103,91.51634394571896,,"<a href=""https://m.stock.naver.com/domestic/stock/017810/total"" target=""_blank"">Naver</a>"
051600,한전KPS,36.96927386645896,14.417136019672006,59.98568645618739,98.41519084048119,69.62103113121591,,"<a href=""https://m.stock.naver.com/domestic/stock/051600/total"" target=""_blank"">Naver</a>"
004080,신흥,36.95524247485269,15.010300452168394,59.36431963713295,94.42862945695161,73.30238697146515,,"<a href=""https://m.stock.naver.com/domestic/stock/004080/total"" target=""_blank"">Naver</a>"
112610,씨에스윈드,36.93209757248164,22.312075184106178,52.4392279020889,74.45847401065558,59.78396170860288,,"<a href=""https://m.stock.naver.com/domestic/stock/112610/total"" target=""_blank"">Naver</a>"
051900,LG생활건강,36.87372769787791,8.59868167844195,75.82497048617687,95.01734025895314,65.13084086746417,,"<a href=""https://m.stock.naver.com/domestic/stock/051900/total"" target=""_blank"">Naver</a>"
249420,일동제약,36.80119897340704,46.97176132935582,1.674568223294428,43.26683063780408,77.45634112379066,,"<a href=""https://m.stock.naver.com/domestic/stock/249420/total"" target=""_blank"">Naver</a>"
003580,HLB글로벌,36.79810937976865,44.98761708207993,0.0,68.71458057178634,58.6816214668412,,"<a href=""https://m.stock.naver.com/domestic/stock/003580/total"" target=""_blank"">Naver</a>"
092200,디아이씨,36.74701735123914,20.350200173191734,64.12720924124353,41.944854022782785,86.21219069469873,,"<a href=""https://m.stock.naver.com/domestic/stock/092200/total"" target=""_blank"">Naver</a>"
017370,우신시스템,36.697727810965375,42.52476300006526,13.576829266548359,39.550715682690466,76.6718225204017,,"<a href=""https://m.stock.naver.com/domestic/stock/017370/total"" target=""_blank"">Naver</a>"
035510,신세계 I&C,36.6729048299505,12.479532372601376,59.321255392136,98.69317900764368,89.711073151826,,"<a href=""https://m.stock.naver.com/domestic/stock/035510/total"" target=""_blank"">Naver</a>"
298690,에어부산,36.64810349951482,50.0,0.0,27.5,77.96206999029637,,"<a href=""https://m.stock.naver.com/domestic/stock/298690/total"" target=""_blank"">Naver</a>"
052690,한전기술,36.634970392988244,19.52723478401052,47.07153744000751,92.22186635723932,78.5711705371224,,"<a href=""https://m.stock.naver.com/domestic/stock/052690/total"" target=""_blank"">Naver</a>"
003300,한일홀딩스,36.30140112366639,18.75933087031129,48.909049046178346,90.90317921227441,74.5644483741516,,"<a href=""https://m.stock.naver.com/domestic/stock/003300/total"" target=""_blank"">Naver</a>"
009440,KC그린홀딩스,36.238598217375795,24.29062976695255,44.36392872726797,63.724071556397845,84.01662039494983,,"<a href=""https://m.stock.naver.com/domestic/stock/009440/total"" target=""_blank"">Naver</a>"
006740,영풍제지,36.071139355282845,15.337776681637608,54.45044951822047,94.67623809646928,75.76474314196466,,"<a href=""https://m.stock.naver.com/domestic/stock/006740/total"" target=""_blank"">Naver</a>"
036530,SNT홀딩스,35.70926471669022,11.962504363793876,60.926879507384434,99.15507364390461,67.69069714354647,,"<a href=""https://m.stock.naver.com/domestic/stock/036530/total"" target=""_blank"">Naver</a>"
002920,유성기업,35.68220068376092,17.240666028091727,47.21083448192954,99.1723805248648,72.35708787874032,,"<a href=""https://m.stock.naver.com/domestic/stock/002920/total"" target=""_blank"">Naver</a>"
267270,HD현대건설기계,35.612420705121906,18.9783419527382,53.79761348657315,79.48980945381648,56.540624329081055,,"<a href=""https://m.stock.naver.com/domestic/stock/267270/total"" target=""_blank"">Naver</a>"
000880,한화,35.46112897271359,17.253194025467714,57.21296536943629,63.540021669593145,89.03938096229145,,"<a href=""https://m.stock.naver.com/domestic/stock/000880/total"" target=""_blank"">Naver</a>"
000490,대동,35.325389441183695,21.726008805746172,51.75976133256844,64.13391087294907,58.72905474597939,,"<a href=""https://m.stock.naver.com/domestic/stock/000490/total"" target=""_blank"">Naver</a>"
079430,현대리바트,35.30923160878542,19.350520353315986,43.21002304485901,84.68654601912598,88.55518067336965,,"<a href=""https://m.stock.naver.com/domestic/stock/079430/total"" target=""_blank"">Naver</a>"
003610,방림,35.1384481361927,18.832886720757344,51.88184484047493,82.52614891575152,52.312800040888185,,"<a href=""https://m.stock.naver.com/domestic/stock/003610/total"" target=""_blank"">Naver</a>"
100220,비상교육,35.081777256032346,19.269577562773513,44.138854201722275,97.35221691784247,55.001909523068505,,"<a href=""https://m.stock.naver.com/domestic/stock/100220/total"" target=""_blank"">Naver</a>"
003480,한진중공업홀딩스,35.04597243740365,31.890464404140683,32.34129660332528,36.102861939484534,84.32166900278929,,"<a href=""https://m.stock.naver.com/domestic/stock/003480/total"" target=""_blank"">Naver</a>"
378850,화승알앤에이,35.03659977369483,30.489085727250625,37.50598467762773,30.3960058845741,86.54103158960221,,"<a href=""https://m.stock.naver.com/domestic/stock/378850/total"" target=""_blank"">Naver</a>"
017180,명문제약,35.01064315574791,40.3470840114579,14.347305937566489,43.49422402241858,57.322877244793816,,"<a href=""https://m.stock.naver.com/domestic/stock/017180/total"" target=""_blank"">Naver</a>"
373220,LG에너지솔루션,34.931640728809256,17.16091081068131,52.244365481977866,84.28685714597869,62.906343146162634,,"<a href=""https://m.stock.naver.com/domestic/stock/373220/total"" target=""_blank"">Naver</a>"
025620,제이준코스메틱,34.853112876211334,41.696228955381514,0.0,67.62943840292331,61.448633253801816,,"<a href=""https://m.stock.naver.com/domestic/stock/025620/total"" target=""_blank"">Naver</a>"
001790,대한제당,34.78091726374081,19.377521947231518,46.27980661004063,76.32390385092499,79.04124115598492,,"<a href=""https://m.stock.naver.com/domestic/stock/001790/total"" target=""_blank"">Naver</a>"
000230,일동홀딩스,34.77421661615831,46.12469624301008,0.0,33.45165484021874,75.08466772660786,,"<a href=""https://m.stock.naver.com/domestic/stock/000230/total"" target=""_blank"">Naver</a>"
280360,롯데웰푸드,34.77041139106159,16.49488075000094,47.919677007775505,88.19764158427216,81.47599061379867,,"<a href=""https://m.stock.naver.com/domestic/stock/280360/total"" target=""_blank"">Naver</a>"
013570,디와이,34.61000678664588,18.39870200111621,44.07699656506319,87.30312125492166,76.42448638436377,,"<a href=""https://m.stock.naver.com/domestic/stock/013570/total"" target=""_blank"">Naver</a>"
244920,에이플러스에셋,34.60682712205018,14.244967619217567,58.22475582597759,71.72006964527934,86.63301258994613,,"<a href=""https://m.stock.naver.com/domestic/stock/244920/total"" target=""_blank"">Naver</a>"
014990,인디에프,34.54704852191325,45.50358397717962,0.0,37.62778296823418,69.64239677564103,,"<a href=""https://m.stock.naver.com/domestic/stock/014990/total"" target=""_blank"">Naver</a>"
016880,웅진,34.29363476921053,18.95576906058535,49.46799689390152,66.00419984421234,79.05508249925407,,"<a href=""https://m.stock.naver.com/domestic/stock/016880/total"" target=""_blank"">Naver</a>"
012630,HDC,34.178101302601085,20.405879853256295,46.14922654138437,75.67010724880288,56.6051206084186,,"<a href=""https://m.stock.naver.com/domestic/stock/012630/total"" target=""_blank"">Naver</a>"
021050,서원,34.162766555878584,18.471154282001383,52.80520932652579,64.37984078153059,68.81575153786503,,"<a href=""https://m.stock.naver.com/domestic/stock/021050/total"" target=""_blank"">Naver</a>"
004540,깨끗한나라,34.09846754136212,20.708042385688213,46.22680842233287,57.64830493873974,87.04219020983993,,"<a href=""https://m.stock.naver.com/domestic/stock/004540/total"" target=""_blank"">Naver</a>"
011700,한신기계,33.753275683401455,12.718416845379286,60.180606005758726,91.3279844418278,38.885512611028545,,"<a href=""https://m.stock.naver.com/domestic/stock/011700/total"" target=""_blank"">Naver</a>"
041650,상신브레이크,33.706196386775574,20.488117404185004,48.069831887419674,67.2564871077233,53.40438523274654,,"<a href=""https://m.stock.naver.com/domestic/stock/041650/total"" target=""_blank"">Naver</a>"
034220,LG디스플레이,33.613419832104405,14.372445678587441,57.970532021420375,64.60860229802648,80.72918379588401,,"<a href=""https://m.stock.naver.com/domestic/stock/034220/total"" target=""_blank"">Naver</a>"
025530,SJM홀딩스,33.51630367358594,17.373554387760176,45.14840393282933,97.59728634274805,40.906828468953925,,"<a href=""https://m.stock.naver.com/domestic/stock/025530/total"" target=""_blank"">Naver</a>"
123700,SJM,33.45994911243381,17.419730404523975,43.548207864169,99.37196477254234,43.67724852845885,,"<a href=""https://m.stock.naver.com/domestic/stock/123700/total"" target=""_blank"">Naver</a>"
163560,동일고무벨트,33.35974437245587,22.732808356808658,38.686248563390215,68.94464423982527,63.080655870811924,,"<a href=""https://m.stock.naver.com/domestic/stock/163560/total"" target=""_blank"">Naver</a>"
000180,성창기업지주,33.0079258594298,20.654663951771152,40.98712138227639,70.58404455942713,66.1988537371059,,"<a href=""https://m.stock.naver.com/domestic/stock/000180/total"" target=""_blank"">Naver</a>"
075180,새론오토모티브,32.88827394756607,14.750173732678917,51.957679310050594,74.66922347891906,71.63655065108333,,"<a href=""https://m.stock.naver.com/domestic/stock/075180/total"" target=""_blank"">Naver</a>"
336370,솔루스첨단소재,32.85601833262583,25.806592347975926,37.40631481999731,56.86696585850666,46.67575265980564,,"<a href=""https://m.stock.naver.com/domestic/stock/336370/total"" target=""_blank"">Naver</a>"
004450,삼화왕관,32.794203665248354,15.565534584034372,43.639642650882216,87.46286181954886,75.97372140304583,,"<a href=""https://m.stock.naver.com/domestic/stock/004450/total"" target=""_blank"">Naver</a>"
251270,넷마블,32.71209358763491,19.103872322330254,51.79431204779679,51.874495858484096,62.27485192878298,,"<a href=""https://m.stock.naver.com/domestic/stock/251270/total"" target=""_blank"">Naver</a>"
001520,동양,32.452288986149384,17.68075251406024,42.36621005304636,73.20176722488102,78.64216483927082,,"<a href=""https://m.stock.naver.com/domestic/stock/001520/total"" target=""_blank"">Naver</a>"
241590,화승엔터프라이즈,31.941442249409825,23.09648716568317,35.96074171867432,56.21763200379831,69.43202639903024,,"<a href=""https://m.stock.naver.com/domestic/stock/241590/total"" target=""_blank"">Naver</a>"
004100,태양금속,31.906527660928738,31.5664132919089,21.56785722938987,32.76612473799047,85.9620580927376,,"<a href=""https://m.stock.naver.com/domestic/stock/004100/total"" target=""_blank"">Naver</a>"
009420,한올바이오파마,31.868127218150757,10.414161266220193,52.084396228683325,99.43094518689036,53.108737651175474,,"<a href=""https://m.stock.naver.com/domestic/stock/009420/total"" target=""_blank"">Naver</a>"
092780,DYP,31.28160180965553,17.316380499906284,46.739336559361824,55.37951051774161,73.37976636194284,,"<a href=""https://m.stock.naver.com/domestic/stock/092780/total"" target=""_blank"">Naver</a>"
008730,율촌화학,31.23805255904941,16.80246814671468,41.966883116798016,69.96589695814477,73.36522392013245,,"<a href=""https://m.stock.naver.com/domestic/stock/008730/total"" target=""_blank"">Naver</a>"
294870,HDC현대산업개발,30.86691376689264,16.22515338898238,42.45937584150007,73.79803903505712,62.74347739244966,,"<a href=""https://m.stock.naver.com/domestic/stock/294870/total"" target=""_blank"">Naver</a>"
075580,세진중공업,30.661127000990753,33.333333333333336,12.292519862168433,42.94006473201904,65.87981124493479,,"<a href=""https://m.stock.naver.com/domestic/stock/075580/total"" target=""_blank"">Naver</a>"
001070,대한방직,30.601661642847464,14.05730517975555,40.955648519626905,88.08109293288268,62.40514223598274,,"<a href=""https://m.stock.naver.com/domestic/stock/001070/total"" target=""_blank"">Naver</a>"
143210,핸즈코퍼레이션,30.590637753592056,38.68374185203319,0.0,48.27238839802667,51.06307605138947,,"<a href=""https://m.stock.naver.com/domestic/stock/143210/total"" target=""_blank"">Naver</a>"
044820,코스맥스비티아이,30.533515662843033,19.62257370882298,42.91599829382435,43.32421322288937,73.97101083608442,,"<a href=""https://m.stock.naver.com/domestic/stock/044820/total"" target=""_blank"">Naver</a>"
298040,효성중공업,30.486070357759896,17.194344582883595,50.324435915088145,36.50098538255251,78.76512182004907,,"<a href=""https://m.stock.naver.com/domestic/stock/298040/total"" target=""_blank"">Naver</a>"
001630,종근당홀딩스,30.166593071311716,15.165388664440174,44.508003800701154,68.5746622267232,61.657853996000014,,"<a href=""https://m.stock.naver.com/domestic/stock/001630/total"" target=""_blank"">Naver</a>"
108670,LX하우시스,29.545901963557068,19.19178187403993,31.615761124244898,58.13915940460774,86.2595323522222,,"<a href=""https://m.stock.naver.com/domestic/stock/108670/total"" target=""_blank"">Naver</a>"
017960,한국카본,29.464106057196737,5.627844275204912,54.2010675536896,93.83622973211158,63.07019260880462,,"<a href=""https://m.stock.naver.com/domestic/stock/017960/total"" target=""_blank"">Naver</a>"
005720,넥센,29.43092250693786,18.921479913895382,35.507516558113174,61.709041618294464,60.60502514485782,,"<a href=""https://m.stock.naver.com/domestic/stock/005720/total"" target=""_blank"">Naver</a>"
126560,현대퓨처넷,29.412941382881503,4.7570939152927805,66.25123891257097,73.03870664240263,53.840092826456576,,"<a href=""https://m.stock.naver.com/domestic/stock/126560/total"" target=""_blank"">Naver</a>"
145270,케이탑리츠,29.301257237319447,0.0,84.34600036132058,52.147571469893045,60.0,,"<a href=""https://m.stock.naver.com/domestic/stock/145270/total"" target=""_blank"">Naver</a>"
033240,자화전자,29.223426593202483,8.657444540443134,52.72346426601257,72.2724467023983,72.41698264387256,,"<a href=""https://m.stock.naver.com/domestic/stock/033240/total"" target=""_blank"">Naver</a>"
004840,DRB동일,29.086464645270482,19.52419280989496,32.53863131185748,63.142069133552994,58.461684360276735,,"<a href=""https://m.stock.naver.com/domestic/stock/004840/total"" target=""_blank"">Naver</a>"
090080,평화산업,28.90016412959907,19.116927336940652,36.652840111794056,37.65313299109874,90.0296880075258,,"<a href=""https://m.stock.naver.com/domestic/stock/090080/total"" target=""_blank"">Naver</a>"
267260,HD현대일렉트릭,28.774663996952633,18.010665335414444,36.01921062507979,54.345731921138785,70.5777789464028,,"<a href=""https://m.stock.naver.com/domestic/stock/267260/total"" target=""_blank"">Naver</a>"
079980,휴비스,28.673250755427475,18.92120948464579,26.892018678298314,60.44203484985934,91.06633820158973,,"<a href=""https://m.stock.naver.com/domestic/stock/079980/total"" target=""_blank"">Naver</a>"
071320,지역난방공사,27.87780789764379,32.00975788938345,9.55256202450054,30.84243294976555,63.99138725824063,,"<a href=""https://m.stock.naver.com/domestic/stock/071320/total"" target=""_blank"">Naver</a>"
298000,효성화학,27.829794844473206,22.212487893450305,28.763245319287364,32.49723653301792,81.23534250558775,,"<a href=""https://m.stock.naver.com/domestic/stock/298000/total"" target=""_blank"">Naver</a>"
023800,인지컨트롤스,27.765387812903352,15.083003638881825,41.509061077226825,42.38491646444564,81.99657427645968,,"<a href=""https://m.stock.naver.com/domestic/stock/023800/total"" target=""_blank"">Naver</a>"
004440,삼일씨엔에스,27.253000357376305,15.558996556107045,29.124917484503836,71.71863782641299,69.29018539889637,,"<a href=""https://m.stock.naver.com/domestic/stock/004440/total"" target=""_blank"">Naver</a>"
009810,플레이그램,27.096764745351678,26.315015362236764,7.851344652247865,59.27595921060821,68.34646887773665,,"<a href=""https://m.stock.naver.com/domestic/stock/009810/total"" target=""_blank"">Naver</a>"
071950,코아스,27.042158407608106,26.0637127556955,13.874395181931154,32.007776070227195,94.691087033706,,"<a href=""https://m.stock.naver.com/domestic/stock/071950/total"" target=""_blank"">Naver</a>"
002620,제일파마홀딩스,26.959417521099173,17.778340014768094,24.688174622787688,62.291937929560476,77.82352127170687,,"<a href=""https://m.stock.naver.com/domestic/stock/002620/total"" target=""_blank"">Naver</a>"
036580,팜스코,26.953364241976583,20.83737538274934,26.43570519513575,35.92127026215203,84.99771374655681,,"<a href=""https://m.stock.naver.com/domestic/stock/036580/total"" target=""_blank"">Naver</a>"
000040,KR모터스,26.917227799558614,24.741608452083003,16.821100815914512,37.19227581819393,82.95519885021581,,"<a href=""https://m.stock.naver.com/domestic/stock/000040/total"" target=""_blank"">Naver</a>"
002350,넥센타이어,26.630280474277786,18.550148764864755,27.3586154388898,59.10779783320773,54.99515144631419,,"<a href=""https://m.stock.naver.com/domestic/stock/002350/total"" target=""_blank"">Naver</a>"
013000,세우글로벌,26.617511493503002,2.0565142198691184,47.27636405603781,99.79387388742234,71.70249117659694,,"<a href=""https://m.stock.naver.com/domestic/stock/013000/total"" target=""_blank"">Naver</a>"
042670,HD현대인프라코어,26.35361253688757,0.0,76.56496781218152,50.732588265972495,42.782235144898785,,"<a href=""https://m.stock.naver.com/domestic/stock/042670/total"" target=""_blank"">Naver</a>"
308170,씨티알모빌리티,26.01753013590366,18.514251191950574,25.016136063210023,43.14249235656354,86.81392338548909,,"<a href=""https://m.stock.naver.com/domestic/stock/308170/total"" target=""_blank"">Naver</a>"
044380,주연테크,25.968916064255186,14.879405802389392,22.739606116127643,74.25157285760714,78.62427536057851,,"<a href=""https://m.stock.naver.com/domestic/stock/044380/total"" target=""_blank"">Naver</a>"
271980,제일약품,25.937484198927745,18.02834937290753,20.874684317282913,56.15289509358293,85.73027973008416,,"<a href=""https://m.stock.naver.com/domestic/stock/271980/total"" target=""_blank"">Naver</a>"
226320,잇츠한불,25.84822624166562,14.54523299090914,28.118041766764634,74.74346739089529,52.344585326789,,"<a href=""https://m.stock.naver.com/domestic/stock/226320/total"" target=""_blank"">Naver</a>"
033530,SJG세종,25.813076913838024,18.464922270832,22.6726035063715,49.4088784952018,82.50169650451535,,"<a href=""https://m.stock.naver.com/domestic/stock/033530/total"" target=""_blank"">Naver</a>"
036420,콘텐트리중앙,25.810874322982407,28.65566569385972,3.342841508261331,49.8306699477252,55.973950696574434,,"<a href=""https://m.stock.naver.com/domestic/stock/036420/total"" target=""_blank"">Naver</a>"
010620,HD현대미포,25.541960134472518,23.292348756154308,3.875660467453786,62.368863406040795,87.21498846624809,,"<a href=""https://m.stock.naver.com/domestic/stock/010620/total"" target=""_blank"">Naver</a>"
000890,보해양조,25.470832159118498,14.389753512001063,29.42854098622601,65.22547655738367,59.14594299245986,,"<a href=""https://m.stock.naver.com/domestic/stock/000890/total"" target=""_blank"">Naver</a>"
034020,두산에너빌리티,25.131320064354355,2.8800265301885446,55.31635211222075,59.15307410645292,73.17817415081501,,"<a href=""https://m.stock.naver.com/domestic/stock/034020/total"" target=""_blank"">Naver</a>"
011000,진원생명과학,24.747223673362978,23.753376979320375,0.0,74.47748290673528,60.94898390194453,,"<a href=""https://m.stock.naver.com/domestic/stock/011000/total"" target=""_blank"">Naver</a>"
011090,에넥스,24.453181857555972,6.780470844125609,38.89264388259952,62.71286950613184,87.80902859635083,,"<a href=""https://m.stock.naver.com/domestic/stock/011090/total"" target=""_blank"">Naver</a>"
019680,대교,24.299213149527365,19.368685036469262,8.1563526808541,63.597114187301,85.58405077404367,,"<a href=""https://m.stock.naver.com/domestic/stock/019680/total"" target=""_blank"">Naver</a>"
010770,평화홀딩스,24.267307427324717,18.552996997070153,22.66802431046814,32.31000677992686,84.7500494694581,,"<a href=""https://m.stock.naver.com/domestic/stock/010770/total"" target=""_blank"">Naver</a>"
100840,SNT에너지,23.722433315593115,0.0,47.106696836210155,86.3616619679673,66.19185819487694,,"<a href=""https://m.stock.naver.com/domestic/stock/100840/total"" target=""_blank"">Naver</a>"
145210,다이나믹디자인,23.71343961647007,25.7310466192057,0.0,52.494146689682395,60.507939519568154,,"<a href=""https://m.stock.naver.com/domestic/stock/145210/total"" target=""_blank"">Naver</a>"
000150,두산,23.64792518635796,2.7726346199816962,51.41877847334704,54.76000751950604,73.07298088163147,,"<a href=""https://m.stock.naver.com/domestic/stock/000150/total"" target=""_blank"">Naver</a>"
012200,계양전기,23.398029108147057,11.644798261042462,22.976099242734065,67.63493307482099,78.07264066711924,,"<a href=""https://m.stock.naver.com/domestic/stock/012200/total"" target=""_blank"">Naver</a>"
003920,남양유업,22.839510357739194,17.017945691738305,5.4659190125826305,74.6513843129421,75.94249516512691,,"<a href=""https://m.stock.naver.com/domestic/stock/003920/total"" target=""_blank"">Naver</a>"
102280,쌍방울,22.2012236397749,17.66445560945406,9.834181633801085,74.33959343993142,34.200910433181036,,"<a href=""https://m.stock.naver.com/domestic/stock/102280/total"" target=""_blank"">Naver</a>"
002880,대유에이텍,21.279892776272405,12.384112759717722,25.57412062283259,30.226130412924,88.66563846882443,,"<a href=""https://m.stock.naver.com/domestic/stock/002880/total"" target=""_blank"">Naver</a>"
013520,화승코퍼레이션,21.2198896929885,14.53528498126091,21.200508105373768,33.524639956982604,76.92255364380502,,"<a href=""https://m.stock.naver.com/domestic/stock/013520/total"" target=""_blank"">Naver</a>"
009540,HD한국조선해양,21.150711724785726,18.12689584913129,0.6274743826931531,59.05491703107814,84.24427833051702,,"<a href=""https://m.stock.naver.com/domestic/stock/009540/total"" target=""_blank"">Naver</a>"
069640,한세엠케이,21.144310974926245,20.241316441430715,4.058186923664902,51.36872119215978,56.962045198712204,,"<a href=""https://m.stock.naver.com/domestic/stock/069640/total"" target=""_blank"">Naver</a>"
034230,파라다이스,20.65341452875886,17.420130819754057,0.0,64.92765278903929,74.17141516004989,,"<a href=""https://m.stock.naver.com/domestic/stock/034230/total"" target=""_blank"">Naver</a>"
001210,금호전기,20.457354904421063,23.443417019339233,0.0,34.806300011856464,58.21349383263757,,"<a href=""https://m.stock.naver.com/domestic/stock/001210/total"" target=""_blank"">Naver</a>"
019170,신풍제약,20.168816434904418,17.606321348620003,0.5640713395134186,74.71858207126621,39.842951674548814,,"<a href=""https://m.stock.naver.com/domestic/stock/019170/total"" target=""_blank"">Naver</a>"
329180,HD현대중공업,19.550200984090537,16.82819128843062,0.0,53.76868010747652,81.52836400569032,,"<a href=""https://m.stock.naver.com/domestic/stock/329180/total"" target=""_blank"">Naver</a>"
109070,주성코퍼레이션,19.024915317868334,10.65973598010369,11.84796758900265,52.433502065295166,88.47463252051881,,"<a href=""https://m.stock.naver.com/domestic/stock/109070/total"" target=""_blank"">Naver</a>"
042660,한화오션,18.878157176695357,19.869299843355538,0.0,32.54969330184791,74.03215880994485,,"<a href=""https://m.stock.naver.com/domestic/stock/042660/total"" target=""_blank"">Naver</a>"
361610,SK아이이테크놀로지,18.768097385074682,0.0,40.3491515424069,60.91435510372938,51.78747978200039,,"<a href=""https://m.stock.naver.com/domestic/stock/361610/total"" target=""_blank"">Naver</a>"
001620,케이비아이동국실업,18.208925732362964,14.795354972023675,4.991227002744629,38.390072404557614,84.89797516013681,,"<a href=""https://m.stock.naver.com/domestic/stock/001620/total"" target=""_blank"">Naver</a>"
015760,한국전력,18.036381921784557,18.95931899799265,0.0,30.37536471474426,72.4650810302908,,"<a href=""https://m.stock.naver.com/domestic/stock/015760/total"" target=""_blank"">Naver</a>"
011230,삼화전자,17.53743152814159,18.177088212272036,0.0,29.54449488460235,73.53458224636259,,"<a href=""https://m.stock.naver.com/domestic/stock/011230/total"" target=""_blank"">Naver</a>"
008500,일정실업,16.832800962144226,14.40734163565552,0.0,47.299816876989226,69.16828586103985,,"<a href=""https://m.stock.naver.com/domestic/stock/008500/total"" target=""_blank"">Naver</a>"
002870,신풍,14.22332242614739,6.701441804796325,0.0,74.89470019251695,54.25974648035802,,"<a href=""https://m.stock.naver.com/domestic/stock/002870/total"" target=""_blank"">Naver</a>"
001380,SG글로벌,13.409860444839873,2.56375582840139,6.945868029195676,70.61546979440485,61.4718592211927,,"<a href=""https://m.stock.naver.com/domestic/stock/001380/total"" target=""_blank"">Naver</a>"
007610,선도전기,13.33965445371246,8.70830855507965,0.0,50.90826369343648,60.47685902642045,,"<a href=""https://m.stock.naver.com/domestic/stock/007610/total"" target=""_blank"">Naver</a>"
009310,참엔지니어링,11.418940353603343,0.0,19.552612152877966,31.555721649735073,67.50430300820688,,"<a href=""https://m.stock.naver.com/domestic/stock/009310/total"" target=""_blank"">Naver</a>"
326030,SK바이오팜,9.155061687800446,0.0,5.782194186126105,56.97879990152437,40.23266302232964,,"<a href=""https://m.stock.naver.com/domestic/stock/326030/total"" target=""_blank"">Naver</a>"
372910,한컴라이프케어,8.732906797577082,0.0,0.0,55.63677288229698,63.38459018694767,,"<a href=""https://m.stock.naver.com/domestic/stock/372910/total"" target=""_blank"">Naver</a>"
012170,아센디오,7.52156500957134,0.0,0.0,60.83001322753016,28.771273736366474,,"<a href=""https://m.stock.naver.com/domestic/stock/012170/total"" target=""_blank"">Naver</a>"
005935,삼성전자우,,,,,,corp_code not found,"<a href=""https://m.stock.naver.com/domestic/stock/005935/total"" target=""_blank"">Naver</a>"
105560,KB금융,,,,,,annual FS not found,"<a href=""https://m.stock.naver.com/domestic/stock/105560/total"" target=""_blank"">Naver</a>"
055550,신한지주,,,,,,annual FS not found,"<a href=""https://m.stock.naver.com/domestic/stock/055550/total"" target=""_blank"">Naver</a>"
032830,삼성생명,,,,,,annual FS not found,"<a href=""https://m.stock.naver.com/domestic/stock/032830/total"" target=""_blank"">Naver</a>"
086790,하나금융지주,,,,,,annual FS not found,"<a href=""https://m.stock.naver.com/domestic/stock/086790/total"" target=""_blank"">Naver</a>"
138040,메리츠금융지주,,,,,,annual FS not found,"<a href=""https://m.stock.naver.com/domestic/stock/138040/total"" target=""_blank"">Naver</a>"
000810,삼성화재,,,,,,annual FS not found,"<a href=""https://m.stock.naver.com/domestic/stock/000810/total"" target=""_blank"">Naver</a>"
402340,SK스퀘어,,,,,,annual FS not found,"<a href=""https://m.stock.naver.com/domestic/stock/402340/total"" target=""_blank"">Naver</a>"
316140,우리금융지주,,,,,,annual FS not found,"<a href=""https://m.stock.naver.com/domestic/stock/316140/total"" target=""_blank"">Naver</a>"
024110,기업은행,,,,,,annual FS not found,"<a href=""https://m.stock.naver.com/domestic/stock/024110/total"" target=""_blank"">Naver</a>"
323410,카카오뱅크,,,,,,annual FS not found,"<a href=""https://m.stock.naver.com/domestic/stock/323410/total"" target=""_blank"">Naver</a>"
006800,미래에셋증권,,,,,,annual FS not found,"<a href=""https://m.stock.naver.com/domestic/stock/006800/total"" target=""_blank"">Naver</a>"
005830,DB손해보험,,,,,,annual FS not found,"<a href=""https://m.stock.naver.com/domestic/stock/005830/total"" target=""_blank"">Naver</a>"
443060,HD현대마린솔루션,,,,,,annual FS not found,"<a href=""https://m.stock.naver.com/domestic/stock/443060/total"" target=""_blank"">Naver</a>"
071050,한국금융지주,,,,,,annual FS not found,"<a href=""https://m.stock.naver.com/domestic/stock/071050/total"" target=""_blank"">Naver</a>"
064400,LG씨엔에스,,,,,,annual FS not found,"<a href=""https://m.stock.naver.com/domestic/stock/064400/total"" target=""_blank"">Naver</a>"
005940,NH투자증권,,,,,,annual FS not found,"<a href=""https://m.stock.naver.com/domestic/stock/005940/total"" target=""_blank"">Naver</a>"
016360,삼성증권,,,,,,annual FS not found,"<a href=""https://m.stock.naver.com/domestic/stock/016360/total"" target=""_blank"">Naver</a>"
005387,현대차2우B,,,,,,corp_code not found,"<a href=""https://m.stock.naver.com/domestic/stock/005387/total"" target=""_blank"">Naver</a>"
029780,삼성카드,,,,,,annual FS not found,"<a href=""https://m.stock.naver.com/domestic/stock/029780/total"" target=""_blank"">Naver</a>"
088980,맥쿼리인프라,,,,,,annual FS not found,"<a href=""https://m.stock.naver.com/domestic/stock/088980/total"" target=""_blank"">Naver</a>"
039490,키움증권,,,,,,annual FS not found,"<a href=""https://m.stock.naver.com/domestic/stock/039490/total"" target=""_blank"">Naver</a>"
138930,BNK금융지주,,,,,,annual FS not found,"<a href=""https://m.stock.naver.com/domestic/stock/138930/total"" target=""_blank"">Naver</a>"
175330,JB금융지주,,,,,,annual FS not found,"<a href=""https://m.stock.naver.com/domestic/stock/175330/total"" target=""_blank"">Naver</a>"
454910,두산로보틱스,,,,,,annual FS not found,"<a href=""https://m.stock.naver.com/domestic/stock/454910/total"" target=""_blank"">Naver</a>"
005385,현대차우,,,,,,corp_code not found,"<a href=""https://m.stock.naver.com/domestic/stock/005385/total"" target=""_blank"">Naver</a>"
062040,산일전기,,,,,,annual FS not found,"<a href=""https://m.stock.naver.com/domestic/stock/062040/total"" target=""_blank"">Naver</a>"
439260,대한조선,,,,,,annual FS not found,"<a href=""https://m.stock.naver.com/domestic/stock/439260/total"" target=""_blank"">Naver</a>"
450080,에코프로머티,,,,,,annual FS not found,"<a href=""https://m.stock.naver.com/domestic/stock/450080/total"" target=""_blank"">Naver</a>"
489790,한화비전,,,,,,annual FS not found,"<a href=""https://m.stock.naver.com/domestic/stock/489790/total"" target=""_blank"">Naver</a>"
088350,한화생명,,,,,,annual FS not found,"<a href=""https://m.stock.naver.com/domestic/stock/088350/total"" target=""_blank"">Naver</a>"
031210,서울보증보험,,,,,,annual FS not found,"<a href=""https://m.stock.naver.com/domestic/stock/031210/total"" target=""_blank"">Naver</a>"
462870,시프트업,,,,,,annual FS not found,"<a href=""https://m.stock.naver.com/domestic/stock/462870/total"" target=""_blank"">Naver</a>"
483650,달바글로벌,,,,,,annual FS not found,"<a href=""https://m.stock.naver.com/domestic/stock/483650/total"" target=""_blank"">Naver</a>"
001450,현대해상,,,,,,annual FS not found,"<a href=""https://m.stock.naver.com/domestic/stock/001450/total"" target=""_blank"">Naver</a>"
139130,iM금융지주,,,,,,annual FS not found,"<a href=""https://m.stock.naver.com/domestic/stock/139130/total"" target=""_blank"">Naver</a>"
003690,코리안리,,,,,,annual FS not found,"<a href=""https://m.stock.naver.com/domestic/stock/003690/total"" target=""_blank"">Naver</a>"
001720,신영증권,,,,,,annual FS not found,"<a href=""https://m.stock.naver.com/domestic/stock/001720/total"" target=""_blank"">Naver</a>"
000155,두산우,,,,,,corp_code not found,"<a href=""https://m.stock.naver.com/domestic/stock/000155/total"" target=""_blank"">Naver</a>"
484870,엠앤씨솔루션,,,,,,annual FS not found,"<a href=""https://m.stock.naver.com/domestic/stock/484870/total"" target=""_blank"">Naver</a>"
082640,동양생명,,,,,,annual FS not found,"<a href=""https://m.stock.naver.com/domestic/stock/082640/total"" target=""_blank"">Naver</a>"
610063,메리츠 KIS CD금리투자 ETN,,,,,,corp_code not found,"<a href=""https://m.stock.naver.com/domestic/stock/610063/total"" target=""_blank"">Naver</a>"
457190,이수스페셜티케미컬,,,,,,annual FS not found,"<a href=""https://m.stock.naver.com/domestic/stock/457190/total"" target=""_blank"">Naver</a>"
085620,미래에셋생명,,,,,,annual FS not found,"<a href=""https://m.stock.naver.com/domestic/stock/085620/total"" target=""_blank"">Naver</a>"
003540,대신증권,,,,,,annual FS not found,"<a href=""https://m.stock.naver.com/domestic/stock/003540/total"" target=""_blank"">Naver</a>"
003530,한화투자증권,,,,,,annual FS not found,"<a href=""https://m.stock.naver.com/domestic/stock/003530/total"" target=""_blank"">Naver</a>"
051915,LG화학우,,,,,,corp_code not found,"<a href=""https://m.stock.naver.com/domestic/stock/051915/total"" target=""_blank"">Naver</a>"
00680K,미래에셋증권2우B,,,,,,corp_code not found,"<a href=""https://m.stock.naver.com/domestic/stock/00680K/total"" target=""_blank"">Naver</a>"
415640,KB발해인프라,,,,,,annual FS not found,"<a href=""https://m.stock.naver.com/domestic/stock/415640/total"" target=""_blank"">Naver</a>"
000815,삼성화재우,,,,,,corp_code not found,"<a href=""https://m.stock.naver.com/domestic/stock/000815/total"" target=""_blank"">Naver</a>"
700026,하나 CD금리투자 ETN,,,,,,corp_code not found,"<a href=""https://m.stock.naver.com/domestic/stock/700026/total"" target=""_blank"">Naver</a>"
030610,교보증권,,,,,,annual FS not found,"<a href=""https://m.stock.naver.com/domestic/stock/030610/total"" target=""_blank"">Naver</a>"
475150,SK이터닉스,,,,,,annual FS not found,"<a href=""https://m.stock.naver.com/domestic/stock/475150/total"" target=""_blank"">Naver</a>"
550082,N2 KIS CD금리투자 ETN,,,,,,corp_code not found,"<a href=""https://m.stock.naver.com/domestic/stock/550082/total"" target=""_blank"">Naver</a>"
00088K,한화3우B,,,,,,corp_code not found,"<a href=""https://m.stock.naver.com/domestic/stock/00088K/total"" target=""_blank"">Naver</a>"
451800,한화리츠,,,,,,annual FS not found,"<a href=""https://m.stock.naver.com/domestic/stock/451800/total"" target=""_blank"">Naver</a>"
499790,GS피앤엘,,,,,,annual FS not found,"<a href=""https://m.stock.naver.com/domestic/stock/499790/total"" target=""_blank"">Naver</a>"
003470,유안타증권,,,,,,annual FS not found,"<a href=""https://m.stock.naver.com/domestic/stock/003470/total"" target=""_blank"">Naver</a>"
079900,전진건설로봇,,,,,,annual FS not found,"<a href=""https://m.stock.naver.com/domestic/stock/079900/total"" target=""_blank"">Naver</a>"
000370,한화손해보험,,,,,,annual FS not found,"<a href=""https://m.stock.naver.com/domestic/stock/000370/total"" target=""_blank"">Naver</a>"
760009,키움 CD금리투자 ETN,,,,,,corp_code not found,"<a href=""https://m.stock.naver.com/domestic/stock/760009/total"" target=""_blank"">Naver</a>"
066575,LG전자우,,,,,,corp_code not found,"<a href=""https://m.stock.naver.com/domestic/stock/066575/total"" target=""_blank"">Naver</a>"
530031,삼성 레버리지 WTI원유 선물 ETN,,,,,,corp_code not found,"<a href=""https://m.stock.naver.com/domestic/stock/530031/total"" target=""_blank"">Naver</a>"
453340,현대그린푸드,,,,,,annual FS not found,"<a href=""https://m.stock.naver.com/domestic/stock/453340/total"" target=""_blank"">Naver</a>"
377740,바이오노트,,,,,,annual FS not found,"<a href=""https://m.stock.naver.com/domestic/stock/377740/total"" target=""_blank"">Naver</a>"
580058,KB KIS CD금리투자 ETN,,,,,,corp_code not found,"<a href=""https://m.stock.naver.com/domestic/stock/580058/total"" target=""_blank"">Naver</a>"
001270,부국증권,,,,,,annual FS not found,"<a href=""https://m.stock.naver.com/domestic/stock/001270/total"" target=""_blank"">Naver</a>"
460860,동국제강,,,,,,annual FS not found,"<a href=""https://m.stock.naver.com/domestic/stock/460860/total"" target=""_blank"">Naver</a>"
00104K,CJ4우(전환),,,,,,corp_code not found,"<a href=""https://m.stock.naver.com/domestic/stock/00104K/total"" target=""_blank"">Naver</a>"
000400,롯데손해보험,,,,,,annual FS not found,"<a href=""https://m.stock.naver.com/domestic/stock/000400/total"" target=""_blank"">Naver</a>"
071055,한국금융지주우,,,,,,corp_code not found,"<a href=""https://m.stock.naver.com/domestic/stock/071055/total"" target=""_blank"">Naver</a>"
006220,제주은행,,,,,,annual FS not found,"<a href=""https://m.stock.naver.com/domestic/stock/006220/total"" target=""_blank"">Naver</a>"
456040,OCI,,,,,,annual FS not found,"<a href=""https://m.stock.naver.com/domestic/stock/456040/total"" target=""_blank"">Naver</a>"
500019,신한 레버리지 WTI원유 선물 ETN(H),,,,,,corp_code not found,"<a href=""https://m.stock.naver.com/domestic/stock/500019/total"" target=""_blank"">Naver</a>"
001500,현대차증권,,,,,,annual FS not found,"<a href=""https://m.stock.naver.com/domestic/stock/001500/total"" target=""_blank"">Naver</a>"
003545,대신증권우,,,,,,corp_code not found,"<a href=""https://m.stock.naver.com/domestic/stock/003545/total"" target=""_blank"">Naver</a>"
090435,아모레퍼시픽우,,,,,,corp_code not found,"<a href=""https://m.stock.naver.com/domestic/stock/090435/total"" target=""_blank"">Naver</a>"
403550,쏘카,,,,,,annual FS not found,"<a href=""https://m.stock.naver.com/domestic/stock/403550/total"" target=""_blank"">Naver</a>"
017860,DS단석,,,,,,annual FS not found,"<a href=""https://m.stock.naver.com/domestic/stock/017860/total"" target=""_blank"">Naver</a>"
094800,맵스리얼티1,,,,,,annual FS not found,"<a href=""https://m.stock.naver.com/domestic/stock/094800/total"" target=""_blank"">Naver</a>"
026890,스틱인베스트먼트,,,,,,annual FS not found,"<a href=""https://m.stock.naver.com/domestic/stock/026890/total"" target=""_blank"">Naver</a>"
448730,삼성FN리츠,,,,,,annual FS not found,"<a href=""https://m.stock.naver.com/domestic/stock/448730/total"" target=""_blank"">Naver</a>"
475560,더본코리아,,,,,,annual FS not found,"<a href=""https://m.stock.naver.com/domestic/stock/475560/total"" target=""_blank"">Naver</a>"
432320,KB스타리츠,,,,,,annual FS not found,"<a href=""https://m.stock.naver.com/domestic/stock/432320/total"" target=""_blank"">Naver</a>"
005389,현대차3우B,,,,,,corp_code not found,"<a href=""https://m.stock.naver.com/domestic/stock/005389/total"" target=""_blank"">Naver</a>"
016610,DB증권,,,,,,annual FS not found,"<a href=""https://m.stock.naver.com/domestic/stock/016610/total"" target=""_blank"">Naver</a>"
000157,두산2우B,,,,,,corp_code not found,"<a href=""https://m.stock.naver.com/domestic/stock/000157/total"" target=""_blank"">Naver</a>"
092790,넥스틸,,,,,,annual FS not found,"<a href=""https://m.stock.naver.com/domestic/stock/092790/total"" target=""_blank"">Naver</a>"
570090,한투 KIS CD금리투자 ETN,,,,,,corp_code not found,"<a href=""https://m.stock.naver.com/domestic/stock/570090/total"" target=""_blank"">Naver</a>"
126720,수산인더스트리,,,,,,annual FS not found,"<a href=""https://m.stock.naver.com/domestic/stock/126720/total"" target=""_blank"">Naver</a>"
520009,미래에셋 레버리지 원유선물혼합 ETN(H),,,,,,corp_code not found,"<a href=""https://m.stock.naver.com/domestic/stock/520009/total"" target=""_blank"">Naver</a>"
034830,한국토지신탁,,,,,,annual FS not found,"<a href=""https://m.stock.naver.com/domestic/stock/034830/total"" target=""_blank"">Naver</a>"
001200,유진투자증권,,,,,,annual FS not found,"<a href=""https://m.stock.naver.com/domestic/stock/001200/total"" target=""_blank"">Naver</a>"
005945,NH투자증권우,,,,,,corp_code not found,"<a href=""https://m.stock.naver.com/domestic/stock/005945/total"" target=""_blank"">Naver</a>"
001510,SK증권,,,,,,annual FS not found,"<a href=""https://m.stock.naver.com/domestic/stock/001510/total"" target=""_blank"">Naver</a>"
123890,한국자산신탁,,,,,,annual FS not found,"<a href=""https://m.stock.naver.com/domestic/stock/123890/total"" target=""_blank"">Naver</a>"
000540,흥국화재,,,,,,annual FS not found,"<a href=""https://m.stock.naver.com/domestic/stock/000540/total"" target=""_blank"">Naver</a>"
0030R0,대신밸류리츠,,,,,,annual FS not found,"<a href=""https://m.stock.naver.com/domestic/stock/0030R0/total"" target=""_blank"">Naver</a>"
051905,LG생활건강우,,,,,,corp_code not found,"<a href=""https://m.stock.naver.com/domestic/stock/051905/total"" target=""_blank"">Naver</a>"
000140,하이트진로홀딩스,,,,,,annual FS not found,"<a href=""https://m.stock.naver.com/domestic/stock/000140/total"" target=""_blank"">Naver</a>"
530107,삼성 인버스 2X 코스닥150 선물 ETN,,,,,,corp_code not found,"<a href=""https://m.stock.naver.com/domestic/stock/530107/total"" target=""_blank"">Naver</a>"
452260,한화갤러리아,,,,,,annual FS not found,"<a href=""https://m.stock.naver.com/domestic/stock/452260/total"" target=""_blank"">Naver</a>"
487570,HS효성,,,,,,annual FS not found,"<a href=""https://m.stock.naver.com/domestic/stock/487570/total"" target=""_blank"">Naver</a>"
417310,코람코더원리츠,,,,,,annual FS not found,"<a href=""https://m.stock.naver.com/domestic/stock/417310/total"" target=""_blank"">Naver</a>"
001750,한양증권,,,,,,annual FS not found,"<a href=""https://m.stock.naver.com/domestic/stock/001750/total"" target=""_blank"">Naver</a>"
570022,한투 레버리지 S&P500 선물 ETN(H),,,,,,corp_code not found,"<a href=""https://m.stock.naver.com/domestic/stock/570022/total"" target=""_blank"">Naver</a>"
030210,다올투자증권,,,,,,annual FS not found,"<a href=""https://m.stock.naver.com/domestic/stock/030210/total"" target=""_blank"">Naver</a>"
006405,삼성SDI우,,,,,,corp_code not found,"<a href=""https://m.stock.naver.com/domestic/stock/006405/total"" target=""_blank"">Naver</a>"
009155,삼성전기우,,,,,,corp_code not found,"<a href=""https://m.stock.naver.com/domestic/stock/009155/total"" target=""_blank"">Naver</a>"
097955,CJ제일제당 우,,,,,,corp_code not found,"<a href=""https://m.stock.naver.com/domestic/stock/097955/total"" target=""_blank"">Naver</a>"
001045,CJ우,,,,,,corp_code not found,"<a href=""https://m.stock.naver.com/domestic/stock/001045/total"" target=""_blank"">Naver</a>"
003555,LG우,,,,,,corp_code not found,"<a href=""https://m.stock.naver.com/domestic/stock/003555/total"" target=""_blank"">Naver</a>"
011785,금호석유화학우,,,,,,corp_code not found,"<a href=""https://m.stock.naver.com/domestic/stock/011785/total"" target=""_blank"">Naver</a>"
500077,신한 인버스0.5X S&P500 VIX S/T선물 ETN,,,,,,corp_code not found,"<a href=""https://m.stock.naver.com/domestic/stock/500077/total"" target=""_blank"">Naver</a>"
003547,대신증권2우B,,,,,,corp_code not found,"<a href=""https://m.stock.naver.com/domestic/stock/003547/total"" target=""_blank"">Naver</a>"
460850,동국씨엠,,,,,,annual FS not found,"<a href=""https://m.stock.naver.com/domestic/stock/460850/total"" target=""_blank"">Naver</a>"
02826K,삼성물산우B,,,,,,corp_code not found,"<a href=""https://m.stock.naver.com/domestic/stock/02826K/total"" target=""_blank"">Naver</a>"
450140,코오롱모빌리티그룹,,,,,,annual FS not found,"<a href=""https://m.stock.naver.com/domestic/stock/450140/total"" target=""_blank"">Naver</a>"
462520,조선내화,,,,,,annual FS not found,"<a href=""https://m.stock.naver.com/domestic/stock/462520/total"" target=""_blank"">Naver</a>"
010955,S-Oil우,,,,,,corp_code not found,"<a href=""https://m.stock.naver.com/domestic/stock/010955/total"" target=""_blank"">Naver</a>"
00279K,아모레퍼시픽홀딩스3우C,,,,,,corp_code not found,"<a href=""https://m.stock.naver.com/domestic/stock/00279K/total"" target=""_blank"">Naver</a>"
003460,유화증권,,,,,,annual FS not found,"<a href=""https://m.stock.naver.com/domestic/stock/003460/total"" target=""_blank"">Naver</a>"
530111,삼성 레버리지 천연가스 선물 ETN C,,,,,,corp_code not found,"<a href=""https://m.stock.naver.com/domestic/stock/530111/total"" target=""_blank"">Naver</a>"
610061,메리츠 3X 레버리지 국채30년 ETN,,,,,,corp_code not found,"<a href=""https://m.stock.naver.com/domestic/stock/610061/total"" target=""_blank"">Naver</a>"
570019,한투 코스피 양매도 5% OTM ETN,,,,,,corp_code not found,"<a href=""https://m.stock.naver.com/domestic/stock/570019/total"" target=""_blank"">Naver</a>"
500096,신한 인버스2X 천연가스 선물 ETN B,,,,,,corp_code not found,"<a href=""https://m.stock.naver.com/domestic/stock/500096/total"" target=""_blank"">Naver</a>"
500029,신한 레버리지 은 선물 ETN(H),,,,,,corp_code not found,"<a href=""https://m.stock.naver.com/domestic/stock/500029/total"" target=""_blank"">Naver</a>"
570051,한투 나스닥 100 ETN,,,,,,corp_code not found,"<a href=""https://m.stock.naver.com/domestic/stock/570051/total"" target=""_blank"">Naver</a>"
000105,유한양행우,,,,,,corp_code not found,"<a href=""https://m.stock.naver.com/domestic/stock/000105/total"" target=""_blank"">Naver</a>"
006805,미래에셋증권우,,,,,,corp_code not found,"<a href=""https://m.stock.naver.com/domestic/stock/006805/total"" target=""_blank"">Naver</a>"
480370,씨케이솔루션,,,,,,annual FS not found,"<a href=""https://m.stock.naver.com/domestic/stock/480370/total"" target=""_blank"">Naver</a>"
570084,한투 블룸버그 인버스 2X 천연가스선물 ETN,,,,,,corp_code not found,"<a href=""https://m.stock.naver.com/domestic/stock/570084/total"" target=""_blank"">Naver</a>"
700023,하나 Solactive 2X US Tech Top 10 ETN(H),,,,,,corp_code not found,"<a href=""https://m.stock.naver.com/domestic/stock/700023/total"" target=""_blank"">Naver</a>"
550092,N2 월간 레버리지 방위산업 Top5 ETN,,,,,,corp_code not found,"<a href=""https://m.stock.naver.com/domestic/stock/550092/total"" target=""_blank"">Naver</a>"
570050,한투 S&P500 선물 ETN,,,,,,corp_code not found,"<a href=""https://m.stock.naver.com/domestic/stock/570050/total"" target=""_blank"">Naver</a>"
570082,한투 인버스 2X 코스닥150선물 ETN,,,,,,corp_code not found,"<a href=""https://m.stock.naver.com/domestic/stock/570082/total"" target=""_blank"">Naver</a>"
530036,삼성 인버스 2X WTI원유 선물 ETN,,,,,,corp_code not found,"<a href=""https://m.stock.naver.com/domestic/stock/530036/total"" target=""_blank"">Naver</a>"
396690,미래에셋글로벌리츠,,,,,,annual FS not found,"<a href=""https://m.stock.naver.com/domestic/stock/396690/total"" target=""_blank"">Naver</a>"
500095,신한 S&P500 VIX S/T 선물 ETN E,,,,,,corp_code not found,"<a href=""https://m.stock.naver.com/domestic/stock/500095/total"" target=""_blank"">Naver</a>"
550044,N2 레버리지 S&P500 ETN,,,,,,corp_code not found,"<a href=""https://m.stock.naver.com/domestic/stock/550044/total"" target=""_blank"">Naver</a>"
500037,신한 레버리지 금 선물 ETN,,,,,,corp_code not found,"<a href=""https://m.stock.naver.com/domestic/stock/500037/total"" target=""_blank"">Naver</a>"
530136,삼성 인버스 2X 천연가스 선물 ETN D,,,,,,corp_code not found,"<a href=""https://m.stock.naver.com/domestic/stock/530136/total"" target=""_blank"">Naver</a>"
111380,동인기연,,,,,,annual FS not found,"<a href=""https://m.stock.naver.com/domestic/stock/111380/total"" target=""_blank"">Naver</a>"
580015,KB 레버리지 나스닥 100 ETN,,,,,,corp_code not found,"<a href=""https://m.stock.naver.com/domestic/stock/580015/total"" target=""_blank"">Naver</a>"
096775,SK이노베이션우,,,,,,corp_code not found,"<a href=""https://m.stock.naver.com/domestic/stock/096775/total"" target=""_blank"">Naver</a>"
03473K,SK우,,,,,,corp_code not found,"<a href=""https://m.stock.naver.com/domestic/stock/03473K/total"" target=""_blank"">Naver</a>"
520057,미래에셋 인버스 2X 코스닥150 선물 ETN,,,,,,corp_code not found,"<a href=""https://m.stock.naver.com/domestic/stock/520057/total"" target=""_blank"">Naver</a>"
500015,신한 WTI원유 선물 ETN(H),,,,,,corp_code not found,"<a href=""https://m.stock.naver.com/domestic/stock/500015/total"" target=""_blank"">Naver</a>"
520054,미래에셋 레버리지 코스피200 선물 ETN,,,,,,corp_code not found,"<a href=""https://m.stock.naver.com/domestic/stock/520054/total"" target=""_blank"">Naver</a>"
500050,신한 레버리지 S&P500 선물 ETN,,,,,,corp_code not found,"<a href=""https://m.stock.naver.com/domestic/stock/500050/total"" target=""_blank"">Naver</a>"
33626K,두산퓨얼셀1우,,,,,,corp_code not found,"<a href=""https://m.stock.naver.com/domestic/stock/33626K/total"" target=""_blank"">Naver</a>"
580016,KB 레버리지 S&P 500 선물 ETN(H),,,,,,corp_code not found,"<a href=""https://m.stock.naver.com/domestic/stock/580016/total"" target=""_blank"">Naver</a>"
078935,GS우,,,,,,corp_code not found,"<a href=""https://m.stock.naver.com/domestic/stock/078935/total"" target=""_blank"">Naver</a>"
003925,남양유업우,,,,,,corp_code not found,"<a href=""https://m.stock.naver.com/domestic/stock/003925/total"" target=""_blank"">Naver</a>"
002795,아모레퍼시픽홀딩스우,,,,,,corp_code not found,"<a href=""https://m.stock.naver.com/domestic/stock/002795/total"" target=""_blank"">Naver</a>"
001275,부국증권우,,,,,,corp_code not found,"<a href=""https://m.stock.naver.com/domestic/stock/001275/total"" target=""_blank"">Naver</a>"
580046,KB 블룸버그 인버스2X 천연가스선물 ETN(H),,,,,,corp_code not found,"<a href=""https://m.stock.naver.com/domestic/stock/580046/total"" target=""_blank"">Naver</a>"
530055,삼성 레버리지 금 선물 ETN(H),,,,,,corp_code not found,"<a href=""https://m.stock.naver.com/domestic/stock/530055/total"" target=""_blank"">Naver</a>"
001290,상상인증권,,,,,,annual FS not found,"<a href=""https://m.stock.naver.com/domestic/stock/001290/total"" target=""_blank"">Naver</a>"
530019,삼성 미국 대형 성장주 ETN,,,,,,corp_code not found,"<a href=""https://m.stock.naver.com/domestic/stock/530019/total"" target=""_blank"">Naver</a>"
570103,한투 인버스2X 나스닥100 ETN B,,,,,,corp_code not found,"<a href=""https://m.stock.naver.com/domestic/stock/570103/total"" target=""_blank"">Naver</a>"
500071,신한 레버리지 코스닥 150 선물 ETN,,,,,,corp_code not found,"<a href=""https://m.stock.naver.com/domestic/stock/500071/total"" target=""_blank"">Naver</a>"
580010,KB Wise 분할매매 ETN,,,,,,corp_code not found,"<a href=""https://m.stock.naver.com/domestic/stock/580010/total"" target=""_blank"">Naver</a>"
37550L,DL이앤씨2우(전환),,,,,,corp_code not found,"<a href=""https://m.stock.naver.com/domestic/stock/37550L/total"" target=""_blank"">Naver</a>"
610066,메리츠 KAP 통안채 3개월 ETN,,,,,,corp_code not found,"<a href=""https://m.stock.naver.com/domestic/stock/610066/total"" target=""_blank"">Naver</a>"
530061,삼성 레버리지 은 선물 ETN(H),,,,,,corp_code not found,"<a href=""https://m.stock.naver.com/domestic/stock/530061/total"" target=""_blank"">Naver</a>"
481850,신한글로벌액티브리츠,,,,,,annual FS not found,"<a href=""https://m.stock.naver.com/domestic/stock/481850/total"" target=""_blank"">Naver</a>"
120115,코오롱인더우,,,,,,corp_code not found,"<a href=""https://m.stock.naver.com/domestic/stock/120115/total"" target=""_blank"">Naver</a>"
760016,키움 레버리지 조선TOP10 ETN,,,,,,corp_code not found,"<a href=""https://m.stock.naver.com/domestic/stock/760016/total"" target=""_blank"">Naver</a>"
009835,한화솔루션우,,,,,,corp_code not found,"<a href=""https://m.stock.naver.com/domestic/stock/009835/total"" target=""_blank"">Naver</a>"
500082,신한 블룸버그 2X 천연가스 선물 ETN,,,,,,corp_code not found,"<a href=""https://m.stock.naver.com/domestic/stock/500082/total"" target=""_blank"">Naver</a>"
550091,N2 방위산업 Top5 ETN,,,,,,corp_code not found,"<a href=""https://m.stock.naver.com/domestic/stock/550091/total"" target=""_blank"">Naver</a>"
000725,현대건설우,,,,,,corp_code not found,"<a href=""https://m.stock.naver.com/domestic/stock/000725/total"" target=""_blank"">Naver</a>"
760018,키움 미국달러선물 ETN B,,,,,,corp_code not found,"<a href=""https://m.stock.naver.com/domestic/stock/760018/total"" target=""_blank"">Naver</a>"
570059,한투 레버리지 금 선물 ETN,,,,,,corp_code not found,"<a href=""https://m.stock.naver.com/domestic/stock/570059/total"" target=""_blank"">Naver</a>"
520070,미래에셋 0.5X 코스피200 선물 ETN,,,,,,corp_code not found,"<a href=""https://m.stock.naver.com/domestic/stock/520070/total"" target=""_blank"">Naver</a>"
580021,KB 인버스 천연가스 선물 ETN,,,,,,corp_code not found,"<a href=""https://m.stock.naver.com/domestic/stock/580021/total"" target=""_blank"">Naver</a>"
530015,삼성 미국 대형 성장주 ETN(H),,,,,,corp_code not found,"<a href=""https://m.stock.naver.com/domestic/stock/530015/total"" target=""_blank"">Naver</a>"
005305,롯데칠성우,,,,,,corp_code not found,"<a href=""https://m.stock.naver.com/domestic/stock/005305/total"" target=""_blank"">Naver</a>"
28513K,SK케미칼우,,,,,,corp_code not found,"<a href=""https://m.stock.naver.com/domestic/stock/28513K/total"" target=""_blank"">Naver</a>"
465770,STX그린로지스,,,,,,annual FS not found,"<a href=""https://m.stock.naver.com/domestic/stock/465770/total"" target=""_blank"">Naver</a>"
530130,삼성 S&P500 VIX S/T 선물 ETN B,,,,,,corp_code not found,"<a href=""https://m.stock.naver.com/domestic/stock/530130/total"" target=""_blank"">Naver</a>"
500072,신한 인버스 2X 코스닥 150 선물 ETN,,,,,,corp_code not found,"<a href=""https://m.stock.naver.com/domestic/stock/500072/total"" target=""_blank"">Naver</a>"
001465,BYC우,,,,,,corp_code not found,"<a href=""https://m.stock.naver.com/domestic/stock/001465/total"" target=""_blank"">Naver</a>"
520056,미래에셋 레버리지 코스닥150 선물 ETN,,,,,,corp_code not found,"<a href=""https://m.stock.naver.com/domestic/stock/520056/total"" target=""_blank"">Naver</a>"
700022,하나 Solactive US Tech Top 10 ETN(H),,,,,,corp_code not found,"<a href=""https://m.stock.naver.com/domestic/stock/700022/total"" target=""_blank"">Naver</a>"
570106,한투 레버리지일본니케이225선물 ETN(H),,,,,,corp_code not found,"<a href=""https://m.stock.naver.com/domestic/stock/570106/total"" target=""_blank"">Naver</a>"
520071,미래에셋 0.5X 코스닥150 선물 ETN,,,,,,corp_code not found,"<a href=""https://m.stock.naver.com/domestic/stock/520071/total"" target=""_blank"">Naver</a>"
520066,미래에셋 KRX금현물 Auto-KO-C 2810-01 ETN,,,,,,corp_code not found,"<a href=""https://m.stock.naver.com/domestic/stock/520066/total"" target=""_blank"">Naver</a>"
610037,메리츠 미국채30년 ETN(H),,,,,,corp_code not found,"<a href=""https://m.stock.naver.com/domestic/stock/610037/total"" target=""_blank"">Naver</a>"
610078,메리츠 3X 레버리지 미국채30년 ETN,,,,,,corp_code not found,"<a href=""https://m.stock.naver.com/domestic/stock/610078/total"" target=""_blank"">Naver</a>"
570116,한투 블룸버그레버리지WTI원유선물 ETN B,,,,,,corp_code not found,"<a href=""https://m.stock.naver.com/domestic/stock/570116/total"" target=""_blank"">Naver</a>"
530067,삼성 KRX 금현물 ETN,,,,,,corp_code not found,"<a href=""https://m.stock.naver.com/domestic/stock/530067/total"" target=""_blank"">Naver</a>"
760007,키움 코스피 200 TR ETN,,,,,,corp_code not found,"<a href=""https://m.stock.naver.com/domestic/stock/760007/total"" target=""_blank"">Naver</a>"
520089,미래에셋 CAPE 실러 US Core Sector ETN,,,,,,corp_code not found,"<a href=""https://m.stock.naver.com/domestic/stock/520089/total"" target=""_blank"">Naver</a>"
530134,삼성 블룸버그 인버스2X WTI원유선물 ETN B,,,,,,corp_code not found,"<a href=""https://m.stock.naver.com/domestic/stock/530134/total"" target=""_blank"">Naver</a>"
530131,삼성 인버스0.5X S&P500 VIX S/T선물 ETN B,,,,,,corp_code not found,"<a href=""https://m.stock.naver.com/domestic/stock/530131/total"" target=""_blank"">Naver</a>"
530020,삼성 미국 대형 가치주 ETN,,,,,,corp_code not found,"<a href=""https://m.stock.naver.com/domestic/stock/530020/total"" target=""_blank"">Naver</a>"
550062,N2 레버리지 금 선물 ETN(H),,,,,,corp_code not found,"<a href=""https://m.stock.naver.com/domestic/stock/550062/total"" target=""_blank"">Naver</a>"
500020,신한 레버리지 다우존스지수 선물 ETN(H),,,,,,corp_code not found,"<a href=""https://m.stock.naver.com/domestic/stock/500020/total"" target=""_blank"">Naver</a>"
610012,메리츠 레버리지 금 선물 ETN(H),,,,,,corp_code not found,"<a href=""https://m.stock.naver.com/domestic/stock/610012/total"" target=""_blank"">Naver</a>"
006125,SK디스커버리우,,,,,,corp_code not found,"<a href=""https://m.stock.naver.com/domestic/stock/006125/total"" target=""_blank"">Naver</a>"
500016,신한 금 선물 ETN(H),,,,,,corp_code not found,"<a href=""https://m.stock.naver.com/domestic/stock/500016/total"" target=""_blank"">Naver</a>"
003465,유화증권우,,,,,,corp_code not found,"<a href=""https://m.stock.naver.com/domestic/stock/003465/total"" target=""_blank"">Naver</a>"
520080,미래에셋 미국 테크&반도체 TOP3 ETN,,,,,,corp_code not found,"<a href=""https://m.stock.naver.com/domestic/stock/520080/total"" target=""_blank"">Naver</a>"
357430,마스턴프리미어리츠,,,,,,annual FS not found,"<a href=""https://m.stock.naver.com/domestic/stock/357430/total"" target=""_blank"">Naver</a>"
37550K,DL이앤씨우,,,,,,corp_code not found,"<a href=""https://m.stock.naver.com/domestic/stock/37550K/total"" target=""_blank"">Naver</a>"
610007,메리츠 국채30년 ETN,,,,,,corp_code not found,"<a href=""https://m.stock.naver.com/domestic/stock/610007/total"" target=""_blank"">Naver</a>"
520072,미래에셋 미국 AI TOP3 ETN,,,,,,corp_code not found,"<a href=""https://m.stock.naver.com/domestic/stock/520072/total"" target=""_blank"">Naver</a>"
019175,신풍제약우,,,,,,corp_code not found,"<a href=""https://m.stock.naver.com/domestic/stock/019175/total"" target=""_blank"">Naver</a>"
520091,미래에셋 인버스 천연가스 선물 ETN B,,,,,,corp_code not found,"<a href=""https://m.stock.naver.com/domestic/stock/520091/total"" target=""_blank"">Naver</a>"
610038,메리츠 레버리지 미국채30년 ETN(H),,,,,,corp_code not found,"<a href=""https://m.stock.naver.com/domestic/stock/610038/total"" target=""_blank"">Naver</a>"
530115,삼성 레버리지 나스닥 100 ETN,,,,,,corp_code not found,"<a href=""https://m.stock.naver.com/domestic/stock/530115/total"" target=""_blank"">Naver</a>"
003475,유안타증권우,,,,,,corp_code not found,"<a href=""https://m.stock.naver.com/domestic/stock/003475/total"" target=""_blank"">Naver</a>"
520086,미래에셋-0.5X S&P500 VIX S/T선물 ETN(H)B,,,,,,corp_code not found,"<a href=""https://m.stock.naver.com/domestic/stock/520086/total"" target=""_blank"">Naver</a>"
446070,유니드비티플러스,,,,,,annual FS not found,"<a href=""https://m.stock.naver.com/domestic/stock/446070/total"" target=""_blank"">Naver</a>"
520087,미래에셋 레버리지 KRX 금현물 ETN,,,,,,corp_code not found,"<a href=""https://m.stock.naver.com/domestic/stock/520087/total"" target=""_blank"">Naver</a>"
520077,미래에셋 -1.5X 천연가스 선물 ETN,,,,,,corp_code not found,"<a href=""https://m.stock.naver.com/domestic/stock/520077/total"" target=""_blank"">Naver</a>"
000215,DL우,,,,,,corp_code not found,"<a href=""https://m.stock.naver.com/domestic/stock/000215/total"" target=""_blank"">Naver</a>"
570093,한투 레버리지 천연가스 선물 ETN B,,,,,,corp_code not found,"<a href=""https://m.stock.naver.com/domestic/stock/570093/total"" target=""_blank"">Naver</a>"
520081,미래에셋 2X 미국 테크&반도체 TOP3 ETN,,,,,,corp_code not found,"<a href=""https://m.stock.naver.com/domestic/stock/520081/total"" target=""_blank"">Naver</a>"
580020,KB 천연가스 선물 ETN(H),,,,,,corp_code not found,"<a href=""https://m.stock.naver.com/domestic/stock/580020/total"" target=""_blank"">Naver</a>"
530016,삼성 미국 대형 가치주 ETN(H),,,,,,corp_code not found,"<a href=""https://m.stock.naver.com/domestic/stock/530016/total"" target=""_blank"">Naver</a>"
570029,한투 코스피 양매도 3% OTM ETN,,,,,,corp_code not found,"<a href=""https://m.stock.naver.com/domestic/stock/570029/total"" target=""_blank"">Naver</a>"
500018,신한 구리 선물 ETN(H),,,,,,corp_code not found,"<a href=""https://m.stock.naver.com/domestic/stock/500018/total"" target=""_blank"">Naver</a>"
530113,삼성 레버리지 S&P500 선물 ETN,,,,,,corp_code not found,"<a href=""https://m.stock.naver.com/domestic/stock/530113/total"" target=""_blank"">Naver</a>"
530104,삼성 레버리지 코스피200 선물 ETN,,,,,,corp_code not found,"<a href=""https://m.stock.naver.com/domestic/stock/530104/total"" target=""_blank"">Naver</a>"
520068,미래에셋 2X 홍콩H 선물 ETN,,,,,,corp_code not found,"<a href=""https://m.stock.naver.com/domestic/stock/520068/total"" target=""_blank"">Naver</a>"
500069,신한 레버리지 코스피 200 선물 ETN,,,,,,corp_code not found,"<a href=""https://m.stock.naver.com/domestic/stock/500069/total"" target=""_blank"">Naver</a>"
530116,삼성 인버스 2X 나스닥 100 ETN,,,,,,corp_code not found,"<a href=""https://m.stock.naver.com/domestic/stock/530116/total"" target=""_blank"">Naver</a>"
520074,미래에셋 미국 방위산업 TOP3 ETN,,,,,,corp_code not found,"<a href=""https://m.stock.naver.com/domestic/stock/520074/total"" target=""_blank"">Naver</a>"
500017,신한 은 선물 ETN(H),,,,,,corp_code not found,"<a href=""https://m.stock.naver.com/domestic/stock/500017/total"" target=""_blank"">Naver</a>"
520073,미래에셋 레버리지 미국 AI TOP3 ETN,,,,,,corp_code not found,"<a href=""https://m.stock.naver.com/domestic/stock/520073/total"" target=""_blank"">Naver</a>"
530023,삼성 레버리지 China A50 선물 ETN(H),,,,,,corp_code not found,"<a href=""https://m.stock.naver.com/domestic/stock/530023/total"" target=""_blank"">Naver</a>"
500027,신한 인버스 2X WTI원유 선물 ETN(H),,,,,,corp_code not found,"<a href=""https://m.stock.naver.com/domestic/stock/500027/total"" target=""_blank"">Naver</a>"
520090,미래에셋 천연가스 선물 ETN B,,,,,,corp_code not found,"<a href=""https://m.stock.naver.com/domestic/stock/520090/total"" target=""_blank"">Naver</a>"
530119,삼성 레버리지 항셍테크 ETN(H) B,,,,,,corp_code not found,"<a href=""https://m.stock.naver.com/domestic/stock/530119/total"" target=""_blank"">Naver</a>"
580034,KB 레버리지 FANG 플러스 ETN(H),,,,,,corp_code not found,"<a href=""https://m.stock.naver.com/domestic/stock/580034/total"" target=""_blank"">Naver</a>"
550041,N2 미국 IT TOP5 ETN(H),,,,,,corp_code not found,"<a href=""https://m.stock.naver.com/domestic/stock/550041/total"" target=""_blank"">Naver</a>"
003535,한화투자증권우,,,,,,corp_code not found,"<a href=""https://m.stock.naver.com/domestic/stock/003535/total"" target=""_blank"">Naver</a>"
530014,삼성 China A50 선물 ETN(H),,,,,,corp_code not found,"<a href=""https://m.stock.naver.com/domestic/stock/530014/total"" target=""_blank"">Naver</a>"
700028,하나 레버리지 반도체 ETN,,,,,,corp_code not found,"<a href=""https://m.stock.naver.com/domestic/stock/700028/total"" target=""_blank"">Naver</a>"
550093,N2 전력인프라 Top5 ETN,,,,,,corp_code not found,"<a href=""https://m.stock.naver.com/domestic/stock/550093/total"" target=""_blank"">Naver</a>"
004365,세방우,,,,,,corp_code not found,"<a href=""https://m.stock.naver.com/domestic/stock/004365/total"" target=""_blank"">Naver</a>"
580056,KB 일본 로보틱스 TOP 10 ETN,,,,,,corp_code not found,"<a href=""https://m.stock.naver.com/domestic/stock/580056/total"" target=""_blank"">Naver</a>"
570107,한투 인버스2X일본니케이225선물 ETN(H),,,,,,corp_code not found,"<a href=""https://m.stock.naver.com/domestic/stock/570107/total"" target=""_blank"">Naver</a>"
008775,호텔신라우,,,,,,corp_code not found,"<a href=""https://m.stock.naver.com/domestic/stock/008775/total"" target=""_blank"">Naver</a>"
520088,미래에셋 S&P500 VIX S/T 선물 ETN(H),,,,,,corp_code not found,"<a href=""https://m.stock.naver.com/domestic/stock/520088/total"" target=""_blank"">Naver</a>"
570104,한투 일본니케이225선물 ETN(H),,,,,,corp_code not found,"<a href=""https://m.stock.naver.com/domestic/stock/570104/total"" target=""_blank"">Naver</a>"
610075,메리츠 3X 레버리지 미국채10년 ETN,,,,,,corp_code not found,"<a href=""https://m.stock.naver.com/domestic/stock/610075/total"" target=""_blank"">Naver</a>"
610064,메리츠 KAP 통안채 6개월 ETN,,,,,,corp_code not found,"<a href=""https://m.stock.naver.com/domestic/stock/610064/total"" target=""_blank"">Naver</a>"
520047,미래에셋 인버스 2X 옥수수 선물 ETN,,,,,,corp_code not found,"<a href=""https://m.stock.naver.com/domestic/stock/520047/total"" target=""_blank"">Naver</a>"
520082,미래에셋 미국 자율주행대표기업 ETN,,,,,,corp_code not found,"<a href=""https://m.stock.naver.com/domestic/stock/520082/total"" target=""_blank"">Naver</a>"
33626L,두산퓨얼셀2우B,,,,,,corp_code not found,"<a href=""https://m.stock.naver.com/domestic/stock/33626L/total"" target=""_blank"">Naver</a>"
500035,신한 레버리지 미국달러 선물 ETN,,,,,,corp_code not found,"<a href=""https://m.stock.naver.com/domestic/stock/500035/total"" target=""_blank"">Naver</a>"
570061,한투 레버리지 은 선물 ETN,,,,,,corp_code not found,"<a href=""https://m.stock.naver.com/domestic/stock/570061/total"" target=""_blank"">Naver</a>"
33637K,솔루스첨단소재1우,,,,,,corp_code not found,"<a href=""https://m.stock.naver.com/domestic/stock/33637K/total"" target=""_blank"">Naver</a>"
530140,삼성 iSelect 레버리지 조선 TOP10 TR ETN,,,,,,corp_code not found,"<a href=""https://m.stock.naver.com/domestic/stock/530140/total"" target=""_blank"">Naver</a>"
700020,하나 블룸버그 -2X 천연가스 선물 ETN(H),,,,,,corp_code not found,"<a href=""https://m.stock.naver.com/domestic/stock/700020/total"" target=""_blank"">Naver</a>"
610054,메리츠 블룸버그 -2X 천연가스 선물 ETN(H),,,,,,corp_code not found,"<a href=""https://m.stock.naver.com/domestic/stock/610054/total"" target=""_blank"">Naver</a>"
610069,메리츠 KAP 레버리지 일본 엔화 ETN,,,,,,corp_code not found,"<a href=""https://m.stock.naver.com/domestic/stock/610069/total"" target=""_blank"">Naver</a>"
760005,키움 INDXX 미국테크탑10 ETN,,,,,,corp_code not found,"<a href=""https://m.stock.naver.com/domestic/stock/760005/total"" target=""_blank"">Naver</a>"
530118,삼성 코스닥 150 TR ETN,,,,,,corp_code not found,"<a href=""https://m.stock.naver.com/domestic/stock/530118/total"" target=""_blank"">Naver</a>"
520075,미래에셋 레버리지 미국 방위산업 TOP3 ETN,,,,,,corp_code not found,"<a href=""https://m.stock.naver.com/domestic/stock/520075/total"" target=""_blank"">Naver</a>"
510029,대신 S&P 인버스 2X 천연가스 선물 ETN,,,,,,corp_code not found,"<a href=""https://m.stock.naver.com/domestic/stock/510029/total"" target=""_blank"">Naver</a>"
700017,하나 레버리지 코스닥150 선물 ETN,,,,,,corp_code not found,"<a href=""https://m.stock.naver.com/domestic/stock/700017/total"" target=""_blank"">Naver</a>"
610008,메리츠 레버리지 국채30년 ETN,,,,,,corp_code not found,"<a href=""https://m.stock.naver.com/domestic/stock/610008/total"" target=""_blank"">Naver</a>"
610036,메리츠 인버스 2X 대표 농산물 선물 ETN(H),,,,,,corp_code not found,"<a href=""https://m.stock.naver.com/domestic/stock/610036/total"" target=""_blank"">Naver</a>"
700012,하나 인버스 2X 옥수수 선물 ETN(H),,,,,,corp_code not found,"<a href=""https://m.stock.naver.com/domestic/stock/700012/total"" target=""_blank"">Naver</a>"
570081,한투 레버리지 코스닥150선물 ETN,,,,,,corp_code not found,"<a href=""https://m.stock.naver.com/domestic/stock/570081/total"" target=""_blank"">Naver</a>"
520065,미래에셋 -2X 미국채울트라30년 선물 ETN,,,,,,corp_code not found,"<a href=""https://m.stock.naver.com/domestic/stock/520065/total"" target=""_blank"">Naver</a>"
530106,삼성 레버리지 코스닥150 선물 ETN,,,,,,corp_code not found,"<a href=""https://m.stock.naver.com/domestic/stock/530106/total"" target=""_blank"">Naver</a>"
580057,KB 일본 컨슈머 TOP 10 ETN,,,,,,corp_code not found,"<a href=""https://m.stock.naver.com/domestic/stock/580057/total"" target=""_blank"">Naver</a>"
003495,대한항공우,,,,,,corp_code not found,"<a href=""https://m.stock.naver.com/domestic/stock/003495/total"" target=""_blank"">Naver</a>"
570069,한투 레버리지 플래티넘 선물 ETN,,,,,,corp_code not found,"<a href=""https://m.stock.naver.com/domestic/stock/570069/total"" target=""_blank"">Naver</a>"
550089,N2 월간 레버리지 코스피 200 선물 ETN,,,,,,corp_code not found,"<a href=""https://m.stock.naver.com/domestic/stock/550089/total"" target=""_blank"">Naver</a>"
520078,미래에셋 미국 제약 TOP3 ETN,,,,,,corp_code not found,"<a href=""https://m.stock.naver.com/domestic/stock/520078/total"" target=""_blank"">Naver</a>"
610088,메리츠 솔랙티브 2X WTI원유 선물 ETN(H),,,,,,corp_code not found,"<a href=""https://m.stock.naver.com/domestic/stock/610088/total"" target=""_blank"">Naver</a>"
500093,신한 블룸버그 레버리지 WTI원유선물 ETN B,,,,,,corp_code not found,"<a href=""https://m.stock.naver.com/domestic/stock/500093/total"" target=""_blank"">Naver</a>"
550084,N2 코스피 200 TR ETN,,,,,,corp_code not found,"<a href=""https://m.stock.naver.com/domestic/stock/550084/total"" target=""_blank"">Naver</a>"
580068,KB S&P 레버리지 WTI원유 선물 ETN B,,,,,,corp_code not found,"<a href=""https://m.stock.naver.com/domestic/stock/580068/total"" target=""_blank"">Naver</a>"
700029,하나 S&P 레버리지 WTI원유 선물 ETN B,,,,,,corp_code not found,"<a href=""https://m.stock.naver.com/domestic/stock/700029/total"" target=""_blank"">Naver</a>"
530133,삼성 블룸버그 레버리지 WTI원유선물 ETN B,,,,,,corp_code not found,"<a href=""https://m.stock.naver.com/domestic/stock/530133/total"" target=""_blank"">Naver</a>"
570105,한투 인버스일본니케이225선물 ETN(H),,,,,,corp_code not found,"<a href=""https://m.stock.naver.com/domestic/stock/570105/total"" target=""_blank"">Naver</a>"
570117,한투 블룸버그인버스2XWTI원유선물 ETN B,,,,,,corp_code not found,"<a href=""https://m.stock.naver.com/domestic/stock/570117/total"" target=""_blank"">Naver</a>"
610016,메리츠 레버리지 은 선물 ETN(H),,,,,,corp_code not found,"<a href=""https://m.stock.naver.com/domestic/stock/610016/total"" target=""_blank"">Naver</a>"
550064,N2 레버리지 은 선물 ETN(H),,,,,,corp_code not found,"<a href=""https://m.stock.naver.com/domestic/stock/550064/total"" target=""_blank"">Naver</a>"
520076,미래에셋 1.5X 천연가스 선물 ETN,,,,,,corp_code not found,"<a href=""https://m.stock.naver.com/domestic/stock/520076/total"" target=""_blank"">Naver</a>"
610022,메리츠 미국채10년 ETN(H),,,,,,corp_code not found,"<a href=""https://m.stock.naver.com/domestic/stock/610022/total"" target=""_blank"">Naver</a>"
019685,대교우B,,,,,,corp_code not found,"<a href=""https://m.stock.naver.com/domestic/stock/019685/total"" target=""_blank"">Naver</a>"
530126,삼성 코리아 밸류업 TR ETN,,,,,,corp_code not found,"<a href=""https://m.stock.naver.com/domestic/stock/530126/total"" target=""_blank"">Naver</a>"
610001,메리츠 인플레이션 국채 ETN,,,,,,corp_code not found,"<a href=""https://m.stock.naver.com/domestic/stock/610001/total"" target=""_blank"">Naver</a>"
00499K,롯데지주우,,,,,,corp_code not found,"<a href=""https://m.stock.naver.com/domestic/stock/00499K/total"" target=""_blank"">Naver</a>"
570102,한투 레버리지 나스닥100 ETN B,,,,,,corp_code not found,"<a href=""https://m.stock.naver.com/domestic/stock/570102/total"" target=""_blank"">Naver</a>"
610085,메리츠 레버리지 미국채30년 스트립 ETN(H),,,,,,corp_code not found,"<a href=""https://m.stock.naver.com/domestic/stock/610085/total"" target=""_blank"">Naver</a>"
002025,코오롱우,,,,,,corp_code not found,"<a href=""https://m.stock.naver.com/domestic/stock/002025/total"" target=""_blank"">Naver</a>"
530064,삼성 인버스 2X 구리 선물 ETN(H),,,,,,corp_code not found,"<a href=""https://m.stock.naver.com/domestic/stock/530064/total"" target=""_blank"">Naver</a>"
580022,KB 레버리지 금 선물 ETN(H),,,,,,corp_code not found,"<a href=""https://m.stock.naver.com/domestic/stock/580022/total"" target=""_blank"">Naver</a>"
005257,녹십자홀딩스2우,,,,,,corp_code not found,"<a href=""https://m.stock.naver.com/domestic/stock/005257/total"" target=""_blank"">Naver</a>"
520050,미래에셋 인버스 2X 원유선물혼합 ETN(H),,,,,,corp_code not found,"<a href=""https://m.stock.naver.com/domestic/stock/520050/total"" target=""_blank"">Naver</a>"
580067,KB 인디아 디지털 Select 5 ETN,,,,,,corp_code not found,"<a href=""https://m.stock.naver.com/domestic/stock/580067/total"" target=""_blank"">Naver</a>"
530105,삼성 인버스 2X 코스피200 선물 ETN,,,,,,corp_code not found,"<a href=""https://m.stock.naver.com/domestic/stock/530105/total"" target=""_blank"">Naver</a>"
550086,N2 미국달러 SOFR금리 플러스 ETN,,,,,,corp_code not found,"<a href=""https://m.stock.naver.com/domestic/stock/550086/total"" target=""_blank"">Naver</a>"
001685,대상우,,,,,,corp_code not found,"<a href=""https://m.stock.naver.com/domestic/stock/001685/total"" target=""_blank"">Naver</a>"
500023,신한 콩 선물 ETN(H),,,,,,corp_code not found,"<a href=""https://m.stock.naver.com/domestic/stock/500023/total"" target=""_blank"">Naver</a>"
610044,메리츠 인버스 천연가스 선물 ETN(H),,,,,,corp_code not found,"<a href=""https://m.stock.naver.com/domestic/stock/610044/total"" target=""_blank"">Naver</a>"
520053,미래에셋 인버스 천연가스 선물 ETN(H),,,,,,corp_code not found,"<a href=""https://m.stock.naver.com/domestic/stock/520053/total"" target=""_blank"">Naver</a>"
570065,한투 레버리지 베트남 VN30 선물 ETN(H),,,,,,corp_code not found,"<a href=""https://m.stock.naver.com/domestic/stock/570065/total"" target=""_blank"">Naver</a>"
570047,한투 FTSE100 ETN,,,,,,corp_code not found,"<a href=""https://m.stock.naver.com/domestic/stock/570047/total"" target=""_blank"">Naver</a>"
760013,키움 레버리지 반도체TOP10 ETN,,,,,,corp_code not found,"<a href=""https://m.stock.naver.com/domestic/stock/760013/total"" target=""_blank"">Naver</a>"
500091,신한 33-12 국고채 플러스 ETN,,,,,,corp_code not found,"<a href=""https://m.stock.naver.com/domestic/stock/500091/total"" target=""_blank"">Naver</a>"
610018,메리츠 국채10년 ETN,,,,,,corp_code not found,"<a href=""https://m.stock.naver.com/domestic/stock/610018/total"" target=""_blank"">Naver</a>"
530124,삼성 레버리지 일본니케이225선물 ETN(H),,,,,,corp_code not found,"<a href=""https://m.stock.naver.com/domestic/stock/530124/total"" target=""_blank"">Naver</a>"
520037,미래에셋 코스피200 선물 ETN,,,,,,corp_code not found,"<a href=""https://m.stock.naver.com/domestic/stock/520037/total"" target=""_blank"">Naver</a>"
500014,신한 인버스 옥수수 선물 ETN(H),,,,,,corp_code not found,"<a href=""https://m.stock.naver.com/domestic/stock/500014/total"" target=""_blank"">Naver</a>"
580048,KB CSI 300 ETN,,,,,,corp_code not found,"<a href=""https://m.stock.naver.com/domestic/stock/580048/total"" target=""_blank"">Naver</a>"
570055,한투 금 선물 ETN,,,,,,corp_code not found,"<a href=""https://m.stock.naver.com/domestic/stock/570055/total"" target=""_blank"">Naver</a>"
500090,신한 2X 26-05 공사채(AAA) ETN,,,,,,corp_code not found,"<a href=""https://m.stock.naver.com/domestic/stock/500090/total"" target=""_blank"">Naver</a>"
500088,신한 2X 26-05 은행채(AAA) ETN,,,,,,corp_code not found,"<a href=""https://m.stock.naver.com/domestic/stock/500088/total"" target=""_blank"">Naver</a>"
500089,신한 26-05 공사채(AAA) ETN,,,,,,corp_code not found,"<a href=""https://m.stock.naver.com/domestic/stock/500089/total"" target=""_blank"">Naver</a>"
500087,신한 26-05 은행채(AAA) ETN,,,,,,corp_code not found,"<a href=""https://m.stock.naver.com/domestic/stock/500087/total"" target=""_blank"">Naver</a>"
580066,KB 인디아 대형 성장주 Select 5 ETN,,,,,,corp_code not found,"<a href=""https://m.stock.naver.com/domestic/stock/580066/total"" target=""_blank"">Naver</a>"
002355,넥센타이어1우B,,,,,,corp_code not found,"<a href=""https://m.stock.naver.com/domestic/stock/002355/total"" target=""_blank"">Naver</a>"
610047,메리츠 인버스 국채3년 ETN,,,,,,corp_code not found,"<a href=""https://m.stock.naver.com/domestic/stock/610047/total"" target=""_blank"">Naver</a>"
580049,KB CSI 500 ETN,,,,,,corp_code not found,"<a href=""https://m.stock.naver.com/domestic/stock/580049/total"" target=""_blank"">Naver</a>"
580052,KB 인버스 2X 밀 선물 ETN,,,,,,corp_code not found,"<a href=""https://m.stock.naver.com/domestic/stock/580052/total"" target=""_blank"">Naver</a>"
550097,N2 레버리지 코스닥150 선물 ETN,,,,,,corp_code not found,"<a href=""https://m.stock.naver.com/domestic/stock/550097/total"" target=""_blank"">Naver</a>"
580070,KB 레버리지 2차전지 TOP 10 TR ETN,,,,,,corp_code not found,"<a href=""https://m.stock.naver.com/domestic/stock/580070/total"" target=""_blank"">Naver</a>"
530138,삼성 KRX 레버리지 2차전지 TOP10 TR ETN,,,,,,corp_code not found,"<a href=""https://m.stock.naver.com/domestic/stock/530138/total"" target=""_blank"">Naver</a>"
550098,N2 인버스 2X 코스닥150 선물 ETN,,,,,,corp_code not found,"<a href=""https://m.stock.naver.com/domestic/stock/550098/total"" target=""_blank"">Naver</a>"
520083,미래에셋 2X 미국 자율주행대표기업 ETN,,,,,,corp_code not found,"<a href=""https://m.stock.naver.com/domestic/stock/520083/total"" target=""_blank"">Naver</a>"
570114,한투 S&P500 VIX S/T선물 ETN(H) B,,,,,,corp_code not found,"<a href=""https://m.stock.naver.com/domestic/stock/570114/total"" target=""_blank"">Naver</a>"
580039,KB 레버리지 KOSPI 200 선물 ETN,,,,,,corp_code not found,"<a href=""https://m.stock.naver.com/domestic/stock/580039/total"" target=""_blank"">Naver</a>"
580047,KB 레버리지 항셍테크 선물 ETN(H) B,,,,,,corp_code not found,"<a href=""https://m.stock.naver.com/domestic/stock/580047/total"" target=""_blank"">Naver</a>"
550087,N2 선진국 1등주 ETN,,,,,,corp_code not found,"<a href=""https://m.stock.naver.com/domestic/stock/550087/total"" target=""_blank"">Naver</a>"
570054,한투 레버리지 유로스탁스50 ETN(H) B,,,,,,corp_code not found,"<a href=""https://m.stock.naver.com/domestic/stock/570054/total"" target=""_blank"">Naver</a>"
760004,키움 인버스 미국달러선물 ETN,,,,,,corp_code not found,"<a href=""https://m.stock.naver.com/domestic/stock/760004/total"" target=""_blank"">Naver</a>"
550085,N2 코스닥 150 TR ETN,,,,,,corp_code not found,"<a href=""https://m.stock.naver.com/domestic/stock/550085/total"" target=""_blank"">Naver</a>"
530129,삼성 인버스 2X 미국다우존스 선물 ETN,,,,,,corp_code not found,"<a href=""https://m.stock.naver.com/domestic/stock/530129/total"" target=""_blank"">Naver</a>"
108675,LX하우시스우,,,,,,corp_code not found,"<a href=""https://m.stock.naver.com/domestic/stock/108675/total"" target=""_blank"">Naver</a>"
520039,미래에셋 코스닥150 선물 ETN,,,,,,corp_code not found,"<a href=""https://m.stock.naver.com/domestic/stock/520039/total"" target=""_blank"">Naver</a>"
530128,삼성 레버리지 미국다우존스 선물 ETN,,,,,,corp_code not found,"<a href=""https://m.stock.naver.com/domestic/stock/530128/total"" target=""_blank"">Naver</a>"
760008,키움 코스닥 150 TR ETN,,,,,,corp_code not found,"<a href=""https://m.stock.naver.com/domestic/stock/760008/total"" target=""_blank"">Naver</a>"
700013,하나 레버리지 콩 선물 ETN(H),,,,,,corp_code not found,"<a href=""https://m.stock.naver.com/domestic/stock/700013/total"" target=""_blank"">Naver</a>"
610003,메리츠 미국 인플레이션 국채 ETN(H),,,,,,corp_code not found,"<a href=""https://m.stock.naver.com/domestic/stock/610003/total"" target=""_blank"">Naver</a>"
18064K,한진칼우,,,,,,corp_code not found,"<a href=""https://m.stock.naver.com/domestic/stock/18064K/total"" target=""_blank"">Naver</a>"
007815,코리아써우,,,,,,corp_code not found,"<a href=""https://m.stock.naver.com/domestic/stock/007815/total"" target=""_blank"">Naver</a>"
500040,신한 레버리지 구리 선물 ETN,,,,,,corp_code not found,"<a href=""https://m.stock.naver.com/domestic/stock/500040/total"" target=""_blank"">Naver</a>"
35320K,대덕전자1우,,,,,,corp_code not found,"<a href=""https://m.stock.naver.com/domestic/stock/35320K/total"" target=""_blank"">Naver</a>"
520038,미래에셋 인버스 코스피200 선물 ETN,,,,,,corp_code not found,"<a href=""https://m.stock.naver.com/domestic/stock/520038/total"" target=""_blank"">Naver</a>"
000087,하이트진로2우B,,,,,,corp_code not found,"<a href=""https://m.stock.naver.com/domestic/stock/000087/total"" target=""_blank"">Naver</a>"
500061,신한 인버스 코스피 200 선물 ETN,,,,,,corp_code not found,"<a href=""https://m.stock.naver.com/domestic/stock/500061/total"" target=""_blank"">Naver</a>"
152550,한국ANKOR유전,,,,,,annual FS not found,"<a href=""https://m.stock.naver.com/domestic/stock/152550/total"" target=""_blank"">Naver</a>"
530083,삼성 금 선물 ETN(H),,,,,,corp_code not found,"<a href=""https://m.stock.naver.com/domestic/stock/530083/total"" target=""_blank"">Naver</a>"
580054,KB 인버스 2X 콩 선물 ETN,,,,,,corp_code not found,"<a href=""https://m.stock.naver.com/domestic/stock/580054/total"" target=""_blank"">Naver</a>"
570115,한투 인버스0.5X S&P500 VIX S/T선물 ETN B,,,,,,corp_code not found,"<a href=""https://m.stock.naver.com/domestic/stock/570115/total"" target=""_blank"">Naver</a>"
550088,N2 월간 레버리지 선진국 1등주 ETN,,,,,,corp_code not found,"<a href=""https://m.stock.naver.com/domestic/stock/550088/total"" target=""_blank"">Naver</a>"
610040,메리츠 인버스 2X 미국채30년 ETN(H),,,,,,corp_code not found,"<a href=""https://m.stock.naver.com/domestic/stock/610040/total"" target=""_blank"">Naver</a>"
500024,신한 인버스 콩 선물 ETN(H),,,,,,corp_code not found,"<a href=""https://m.stock.naver.com/domestic/stock/500024/total"" target=""_blank"">Naver</a>"
510027,대신 인버스 2X 코스닥 150 선물 ETN,,,,,,corp_code not found,"<a href=""https://m.stock.naver.com/domestic/stock/510027/total"" target=""_blank"">Naver</a>"
580044,KB 인버스 2X KOSDAQ 150 선물 ETN,,,,,,corp_code not found,"<a href=""https://m.stock.naver.com/domestic/stock/580044/total"" target=""_blank"">Naver</a>"
570072,한투 레버리지 구리 선물 ETN,,,,,,corp_code not found,"<a href=""https://m.stock.naver.com/domestic/stock/570072/total"" target=""_blank"">Naver</a>"
500063,신한 인버스 코스닥 150 선물 ETN,,,,,,corp_code not found,"<a href=""https://m.stock.naver.com/domestic/stock/500063/total"" target=""_blank"">Naver</a>"
530112,삼성 S&P500 ETN,,,,,,corp_code not found,"<a href=""https://m.stock.naver.com/domestic/stock/530112/total"" target=""_blank"">Naver</a>"
520040,미래에셋 인버스 코스닥150 선물 ETN,,,,,,corp_code not found,"<a href=""https://m.stock.naver.com/domestic/stock/520040/total"" target=""_blank"">Naver</a>"
005725,넥센우,,,,,,corp_code not found,"<a href=""https://m.stock.naver.com/domestic/stock/005725/total"" target=""_blank"">Naver</a>"
760017,키움 조선TOP10 ETN,,,,,,corp_code not found,"<a href=""https://m.stock.naver.com/domestic/stock/760017/total"" target=""_blank"">Naver</a>"
570057,한투 은 선물 ETN,,,,,,corp_code not found,"<a href=""https://m.stock.naver.com/domestic/stock/570057/total"" target=""_blank"">Naver</a>"
610025,메리츠 인버스 2X 미국채10년 ETN(H),,,,,,corp_code not found,"<a href=""https://m.stock.naver.com/domestic/stock/610025/total"" target=""_blank"">Naver</a>"
001795,대한제당우,,,,,,corp_code not found,"<a href=""https://m.stock.naver.com/domestic/stock/001795/total"" target=""_blank"">Naver</a>"
520055,미래에셋 인버스 2X 코스피200 선물 ETN,,,,,,corp_code not found,"<a href=""https://m.stock.naver.com/domestic/stock/520055/total"" target=""_blank"">Naver</a>"
700014,하나 인버스 2X 콩 선물 ETN(H),,,,,,corp_code not found,"<a href=""https://m.stock.naver.com/domestic/stock/700014/total"" target=""_blank"">Naver</a>"
33637L,솔루스첨단소재2우B,,,,,,corp_code not found,"<a href=""https://m.stock.naver.com/domestic/stock/33637L/total"" target=""_blank"">Naver</a>"
500013,신한 옥수수 선물 ETN(H),,,,,,corp_code not found,"<a href=""https://m.stock.naver.com/domestic/stock/500013/total"" target=""_blank"">Naver</a>"
530125,삼성 인버스 2X 일본니케이225선물 ETN(H),,,,,,corp_code not found,"<a href=""https://m.stock.naver.com/domestic/stock/530125/total"" target=""_blank"">Naver</a>"
530121,삼성 항셍테크 ETN(H) B,,,,,,corp_code not found,"<a href=""https://m.stock.naver.com/domestic/stock/530121/total"" target=""_blank"">Naver</a>"
530089,삼성 은 선물 ETN(H),,,,,,corp_code not found,"<a href=""https://m.stock.naver.com/domestic/stock/530089/total"" target=""_blank"">Naver</a>"
570100,한투 일본종합상사TOP5 ETN,,,,,,corp_code not found,"<a href=""https://m.stock.naver.com/domestic/stock/570100/total"" target=""_blank"">Naver</a>"
610039,메리츠 인버스 미국채30년 ETN(H),,,,,,corp_code not found,"<a href=""https://m.stock.naver.com/domestic/stock/610039/total"" target=""_blank"">Naver</a>"
570073,한투 인버스 2X 구리 선물 ETN,,,,,,corp_code not found,"<a href=""https://m.stock.naver.com/domestic/stock/570073/total"" target=""_blank"">Naver</a>"
610028,메리츠 레버리지 구리 선물 ETN(H),,,,,,corp_code not found,"<a href=""https://m.stock.naver.com/domestic/stock/610028/total"" target=""_blank"">Naver</a>"
530056,삼성 인버스 2X 금 선물 ETN(H),,,,,,corp_code not found,"<a href=""https://m.stock.naver.com/domestic/stock/530056/total"" target=""_blank"">Naver</a>"
520064,미래에셋 2X 미국채울트라30년 선물 ETN,,,,,,corp_code not found,"<a href=""https://m.stock.naver.com/domestic/stock/520064/total"" target=""_blank"">Naver</a>"
550069,N2 레버리지 구리 선물 ETN(H),,,,,,corp_code not found,"<a href=""https://m.stock.naver.com/domestic/stock/550069/total"" target=""_blank"">Naver</a>"
610089,메리츠 솔랙티브 -2X WTI원유 선물 ETN(H),,,,,,corp_code not found,"<a href=""https://m.stock.naver.com/domestic/stock/610089/total"" target=""_blank"">Naver</a>"
580043,KB 레버리지 KOSDAQ 150 선물 ETN,,,,,,corp_code not found,"<a href=""https://m.stock.naver.com/domestic/stock/580043/total"" target=""_blank"">Naver</a>"
500028,신한 인버스 2X 다우존스지수 선물 ETN(H),,,,,,corp_code not found,"<a href=""https://m.stock.naver.com/domestic/stock/500028/total"" target=""_blank"">Naver</a>"
520084,미래에셋 -2X 미국 자율주행대표기업 ETN,,,,,,corp_code not found,"<a href=""https://m.stock.naver.com/domestic/stock/520084/total"" target=""_blank"">Naver</a>"
530063,삼성 레버리지 구리 선물 ETN(H),,,,,,corp_code not found,"<a href=""https://m.stock.naver.com/domestic/stock/530063/total"" target=""_blank"">Naver</a>"
001067,JW중외제약2우B,,,,,,corp_code not found,"<a href=""https://m.stock.naver.com/domestic/stock/001067/total"" target=""_blank"">Naver</a>"
004255,NPC우,,,,,,corp_code not found,"<a href=""https://m.stock.naver.com/domestic/stock/004255/total"" target=""_blank"">Naver</a>"
610024,메리츠 인버스 미국채10년 ETN(H),,,,,,corp_code not found,"<a href=""https://m.stock.naver.com/domestic/stock/610024/total"" target=""_blank"">Naver</a>"
520079,미래에셋 레버리지 미국 제약 TOP3 ETN,,,,,,corp_code not found,"<a href=""https://m.stock.naver.com/domestic/stock/520079/total"" target=""_blank"">Naver</a>"
500085,신한 코스피 200 TR ETN,,,,,,corp_code not found,"<a href=""https://m.stock.naver.com/domestic/stock/500085/total"" target=""_blank"">Naver</a>"
530117,삼성 코스피 200 TR ETN,,,,,,corp_code not found,"<a href=""https://m.stock.naver.com/domestic/stock/530117/total"" target=""_blank"">Naver</a>"
38380K,LX홀딩스1우,,,,,,corp_code not found,"<a href=""https://m.stock.naver.com/domestic/stock/38380K/total"" target=""_blank"">Naver</a>"
580026,KB 레버리지 은 선물 ETN(H),,,,,,corp_code not found,"<a href=""https://m.stock.naver.com/domestic/stock/580026/total"" target=""_blank"">Naver</a>"
145995,삼양사우,,,,,,corp_code not found,"<a href=""https://m.stock.naver.com/domestic/stock/145995/total"" target=""_blank"">Naver</a>"
580069,KB S&P 인버스 2X WTI원유 선물 ETN B,,,,,,corp_code not found,"<a href=""https://m.stock.naver.com/domestic/stock/580069/total"" target=""_blank"">Naver</a>"
520043,미래에셋 S&P 유럽탄소배출권 선물 ETN,,,,,,corp_code not found,"<a href=""https://m.stock.naver.com/domestic/stock/520043/total"" target=""_blank"">Naver</a>"
500094,신한 블룸버그 인버스2X WTI원유선물 ETN B,,,,,,corp_code not found,"<a href=""https://m.stock.naver.com/domestic/stock/500094/total"" target=""_blank"">Naver</a>"
570099,한투 S&P 인버스 2X 엔달러 선물 ETN(H),,,,,,corp_code not found,"<a href=""https://m.stock.naver.com/domestic/stock/570099/total"" target=""_blank"">Naver</a>"
700030,하나 S&P 인버스 2X WTI원유 선물 ETN B,,,,,,corp_code not found,"<a href=""https://m.stock.naver.com/domestic/stock/700030/total"" target=""_blank"">Naver</a>"
530120,삼성 나스닥 100 ETN,,,,,,corp_code not found,"<a href=""https://m.stock.naver.com/domestic/stock/530120/total"" target=""_blank"">Naver</a>"
000075,삼양홀딩스우,,,,,,corp_code not found,"<a href=""https://m.stock.naver.com/domestic/stock/000075/total"" target=""_blank"">Naver</a>"
570052,한투 플래티넘 선물 ETN,,,,,,corp_code not found,"<a href=""https://m.stock.naver.com/domestic/stock/570052/total"" target=""_blank"">Naver</a>"
610081,메리츠 레버리지 멕시코 페소화 ETN,,,,,,corp_code not found,"<a href=""https://m.stock.naver.com/domestic/stock/610081/total"" target=""_blank"">Naver</a>"
570071,한투 구리 선물 ETN,,,,,,corp_code not found,"<a href=""https://m.stock.naver.com/domestic/stock/570071/total"" target=""_blank"">Naver</a>"
500056,신한 레버리지 Russell 2000 ETN,,,,,,corp_code not found,"<a href=""https://m.stock.naver.com/domestic/stock/500056/total"" target=""_blank"">Naver</a>"
530139,삼성 iSelect 조선 TOP10 TR ETN,,,,,,corp_code not found,"<a href=""https://m.stock.naver.com/domestic/stock/530139/total"" target=""_blank"">Naver</a>"
520061,미래에셋 인도네시아 Top5 ETN,,,,,,corp_code not found,"<a href=""https://m.stock.naver.com/domestic/stock/520061/total"" target=""_blank"">Naver</a>"
570063,한투 베트남 VN30 선물 ETN(H),,,,,,corp_code not found,"<a href=""https://m.stock.naver.com/domestic/stock/570063/total"" target=""_blank"">Naver</a>"
520085,미래에셋 -2X 미국 AI TOP3 ETN,,,,,,corp_code not found,"<a href=""https://m.stock.naver.com/domestic/stock/520085/total"" target=""_blank"">Naver</a>"
510016,대신 천연가스 선물 ETN(H),,,,,,corp_code not found,"<a href=""https://m.stock.naver.com/domestic/stock/510016/total"" target=""_blank"">Naver</a>"
550074,N2 블룸버그 2X 천연가스 선물 ETN(H),,,,,,corp_code not found,"<a href=""https://m.stock.naver.com/domestic/stock/550074/total"" target=""_blank"">Naver</a>"
084695,대상홀딩스우,,,,,,corp_code not found,"<a href=""https://m.stock.naver.com/domestic/stock/084695/total"" target=""_blank"">Naver</a>"
610072,메리츠 KAP 레버리지 중국 위안화 ETN,,,,,,corp_code not found,"<a href=""https://m.stock.naver.com/domestic/stock/610072/total"" target=""_blank"">Naver</a>"
530114,삼성 인버스 2X S&P500 선물 ETN,,,,,,corp_code not found,"<a href=""https://m.stock.naver.com/domestic/stock/530114/total"" target=""_blank"">Naver</a>"
610059,메리츠 3X 레버리지 국채10년 ETN,,,,,,corp_code not found,"<a href=""https://m.stock.naver.com/domestic/stock/610059/total"" target=""_blank"">Naver</a>"
610049,메리츠 국채5년 ETN,,,,,,corp_code not found,"<a href=""https://m.stock.naver.com/domestic/stock/610049/total"" target=""_blank"">Naver</a>"
610029,메리츠 인버스 2X 구리 선물 ETN(H),,,,,,corp_code not found,"<a href=""https://m.stock.naver.com/domestic/stock/610029/total"" target=""_blank"">Naver</a>"
610057,메리츠 3X 레버리지 국채5년 ETN,,,,,,corp_code not found,"<a href=""https://m.stock.naver.com/domestic/stock/610057/total"" target=""_blank"">Naver</a>"
610009,메리츠 인버스 국채30년 ETN,,,,,,corp_code not found,"<a href=""https://m.stock.naver.com/domestic/stock/610009/total"" target=""_blank"">Naver</a>"
570085,한투 블룸버그 인도네시아 대표원자재 ETN,,,,,,corp_code not found,"<a href=""https://m.stock.naver.com/domestic/stock/570085/total"" target=""_blank"">Naver</a>"
610087,메리츠 솔랙티브 WTI원유 선물 ETN(H),,,,,,corp_code not found,"<a href=""https://m.stock.naver.com/domestic/stock/610087/total"" target=""_blank"">Naver</a>"
550070,N2 인버스 레버리지 구리 선물 ETN(H),,,,,,corp_code not found,"<a href=""https://m.stock.naver.com/domestic/stock/550070/total"" target=""_blank"">Naver</a>"
530132,삼성 블룸버그 WTI원유 선물 ETN B,,,,,,corp_code not found,"<a href=""https://m.stock.naver.com/domestic/stock/530132/total"" target=""_blank"">Naver</a>"
610067,메리츠 블룸버그 2X 천연가스선물 ETN(H) B,,,,,,corp_code not found,"<a href=""https://m.stock.naver.com/domestic/stock/610067/total"" target=""_blank"">Naver</a>"
610080,메리츠 멕시코 페소화 ETN,,,,,,corp_code not found,"<a href=""https://m.stock.naver.com/domestic/stock/610080/total"" target=""_blank"">Naver</a>"
500080,신한 S&P 레버리지 유로 선물 ETN(H),,,,,,corp_code not found,"<a href=""https://m.stock.naver.com/domestic/stock/500080/total"" target=""_blank"">Naver</a>"
610055,메리츠 3X 레버리지 국채3년 ETN,,,,,,corp_code not found,"<a href=""https://m.stock.naver.com/domestic/stock/610055/total"" target=""_blank"">Naver</a>"
700027,하나 반도체 ETN,,,,,,corp_code not found,"<a href=""https://m.stock.naver.com/domestic/stock/700027/total"" target=""_blank"">Naver</a>"
610045,메리츠 국채3년 ETN,,,,,,corp_code not found,"<a href=""https://m.stock.naver.com/domestic/stock/610045/total"" target=""_blank"">Naver</a>"
610071,메리츠 KAP 중국 위안화 ETN,,,,,,corp_code not found,"<a href=""https://m.stock.naver.com/domestic/stock/610071/total"" target=""_blank"">Naver</a>"
500078,신한 S&P 유로 선물 ETN(H),,,,,,corp_code not found,"<a href=""https://m.stock.naver.com/domestic/stock/500078/total"" target=""_blank"">Naver</a>"
760006,키움 KPOP ETN,,,,,,corp_code not found,"<a href=""https://m.stock.naver.com/domestic/stock/760006/total"" target=""_blank"">Naver</a>"
510015,대신 밀 선물 ETN(H),,,,,,corp_code not found,"<a href=""https://m.stock.naver.com/domestic/stock/510015/total"" target=""_blank"">Naver</a>"
004835,덕성우,,,,,,corp_code not found,"<a href=""https://m.stock.naver.com/domestic/stock/004835/total"" target=""_blank"">Naver</a>"
570074,한투 S&P 유럽탄소배출권 선물 ETN(H),,,,,,corp_code not found,"<a href=""https://m.stock.naver.com/domestic/stock/570074/total"" target=""_blank"">Naver</a>"
610074,메리츠 미국채10년 ETN,,,,,,corp_code not found,"<a href=""https://m.stock.naver.com/domestic/stock/610074/total"" target=""_blank"">Naver</a>"
550096,N2 레버리지 국채30년 ETN,,,,,,corp_code not found,"<a href=""https://m.stock.naver.com/domestic/stock/550096/total"" target=""_blank"">Naver</a>"
610030,메리츠 S&P 유럽탄소배출권 선물 ETN(H),,,,,,corp_code not found,"<a href=""https://m.stock.naver.com/domestic/stock/610030/total"" target=""_blank"">Naver</a>"
003075,코오롱글로벌우,,,,,,corp_code not found,"<a href=""https://m.stock.naver.com/domestic/stock/003075/total"" target=""_blank"">Naver</a>"
570108,한투 레버리지국채30년 ETN,,,,,,corp_code not found,"<a href=""https://m.stock.naver.com/domestic/stock/570108/total"" target=""_blank"">Naver</a>"
580019,KB 인버스 2X 항셍테크 선물 ETN,,,,,,corp_code not found,"<a href=""https://m.stock.naver.com/domestic/stock/580019/total"" target=""_blank"">Naver</a>"
000225,유유제약1우,,,,,,corp_code not found,"<a href=""https://m.stock.naver.com/domestic/stock/000225/total"" target=""_blank"">Naver</a>"
610020,메리츠 인버스 국채10년 ETN,,,,,,corp_code not found,"<a href=""https://m.stock.naver.com/domestic/stock/610020/total"" target=""_blank"">Naver</a>"
530123,삼성 일본니케이225선물 ETN(H),,,,,,corp_code not found,"<a href=""https://m.stock.naver.com/domestic/stock/530123/total"" target=""_blank"">Naver</a>"
500079,신한 S&P 인버스 유로 선물 ETN(H),,,,,,corp_code not found,"<a href=""https://m.stock.naver.com/domestic/stock/500079/total"" target=""_blank"">Naver</a>"
580059,KB 미국채 10년 ETN,,,,,,corp_code not found,"<a href=""https://m.stock.naver.com/domestic/stock/580059/total"" target=""_blank"">Naver</a>"
004105,태양금속우,,,,,,corp_code not found,"<a href=""https://m.stock.naver.com/domestic/stock/004105/total"" target=""_blank"">Naver</a>"
570092,한투 인버스 2X 유로스탁스50 ETN(H) B,,,,,,corp_code not found,"<a href=""https://m.stock.naver.com/domestic/stock/570092/total"" target=""_blank"">Naver</a>"
570096,한투 인버스 2X 일본 엔선물 ETN,,,,,,corp_code not found,"<a href=""https://m.stock.naver.com/domestic/stock/570096/total"" target=""_blank"">Naver</a>"
550095,N2 레버리지 국채10년 ETN,,,,,,corp_code not found,"<a href=""https://m.stock.naver.com/domestic/stock/550095/total"" target=""_blank"">Naver</a>"
610086,메리츠 인버스2X 미국채30년 스트립 ETN(H),,,,,,corp_code not found,"<a href=""https://m.stock.naver.com/domestic/stock/610086/total"" target=""_blank"">Naver</a>"
610077,메리츠 미국채30년 ETN,,,,,,corp_code not found,"<a href=""https://m.stock.naver.com/domestic/stock/610077/total"" target=""_blank"">Naver</a>"
610082,메리츠 인도 루피화 ETN,,,,,,corp_code not found,"<a href=""https://m.stock.naver.com/domestic/stock/610082/total"" target=""_blank"">Naver</a>"
530095,삼성 구리 선물 ETN(H),,,,,,corp_code not found,"<a href=""https://m.stock.naver.com/domestic/stock/530095/total"" target=""_blank"">Naver</a>"
520046,미래에셋 레버리지 옥수수 선물 ETN,,,,,,corp_code not found,"<a href=""https://m.stock.naver.com/domestic/stock/520046/total"" target=""_blank"">Naver</a>"
610068,메리츠 KAP 일본 엔화 ETN,,,,,,corp_code not found,"<a href=""https://m.stock.naver.com/domestic/stock/610068/total"" target=""_blank"">Naver</a>"
610070,메리츠 KAP 인버스 2X 일본 엔화 ETN,,,,,,corp_code not found,"<a href=""https://m.stock.naver.com/domestic/stock/610070/total"" target=""_blank"">Naver</a>"
00806K,대덕1우,,,,,,corp_code not found,"<a href=""https://m.stock.naver.com/domestic/stock/00806K/total"" target=""_blank"">Naver</a>"
610083,메리츠 레버리지 인도 루피화 ETN,,,,,,corp_code not found,"<a href=""https://m.stock.naver.com/domestic/stock/610083/total"" target=""_blank"">Naver</a>"
580051,KB 레버리지 밀 선물 ETN,,,,,,corp_code not found,"<a href=""https://m.stock.naver.com/domestic/stock/580051/total"" target=""_blank"">Naver</a>"
580060,KB 레버리지 미국채 10년 ETN,,,,,,corp_code not found,"<a href=""https://m.stock.naver.com/domestic/stock/580060/total"" target=""_blank"">Naver</a>"
001065,JW중외제약우,,,,,,corp_code not found,"<a href=""https://m.stock.naver.com/domestic/stock/001065/total"" target=""_blank"">Naver</a>"
520052,미래에셋 천연가스 선물 ETN(H),,,,,,corp_code not found,"<a href=""https://m.stock.naver.com/domestic/stock/520052/total"" target=""_blank"">Naver</a>"
500081,신한 S&P 인버스 2X 유로 선물 ETN(H),,,,,,corp_code not found,"<a href=""https://m.stock.naver.com/domestic/stock/500081/total"" target=""_blank"">Naver</a>"
45014K,코오롱모빌리티그룹우,,,,,,corp_code not found,"<a href=""https://m.stock.naver.com/domestic/stock/45014K/total"" target=""_blank"">Naver</a>"
530137,삼성 KRX 2차전지 TOP10 TR ETN,,,,,,corp_code not found,"<a href=""https://m.stock.naver.com/domestic/stock/530137/total"" target=""_blank"">Naver</a>"
760019,키움 리츠부동산인프라 ETN,,,,,,corp_code not found,"<a href=""https://m.stock.naver.com/domestic/stock/760019/total"" target=""_blank"">Naver</a>"
760015,키움 레버리지 바이오TOP10 ETN,,,,,,corp_code not found,"<a href=""https://m.stock.naver.com/domestic/stock/760015/total"" target=""_blank"">Naver</a>"
500086,신한 코스닥 150 TR ETN,,,,,,corp_code not found,"<a href=""https://m.stock.naver.com/domestic/stock/500086/total"" target=""_blank"">Naver</a>"
580063,KB 레버리지 미국채 10년 선물 ETN,,,,,,corp_code not found,"<a href=""https://m.stock.naver.com/domestic/stock/580063/total"" target=""_blank"">Naver</a>"
610051,메리츠 인버스 국채5년 ETN,,,,,,corp_code not found,"<a href=""https://m.stock.naver.com/domestic/stock/610051/total"" target=""_blank"">Naver</a>"
610079,메리츠 인버스 3X 미국채30년 ETN,,,,,,corp_code not found,"<a href=""https://m.stock.naver.com/domestic/stock/610079/total"" target=""_blank"">Naver</a>"
760020,키움 레버리지 리츠부동산인프라 ETN,,,,,,corp_code not found,"<a href=""https://m.stock.naver.com/domestic/stock/760020/total"" target=""_blank"">Naver</a>"
610091,메리츠 3X 레버리지 일본 국채 10년 ETN,,,,,,corp_code not found,"<a href=""https://m.stock.naver.com/domestic/stock/610091/total"" target=""_blank"">Naver</a>"
580065,KB 코스닥 150 TR ETN,,,,,,corp_code not found,"<a href=""https://m.stock.naver.com/domestic/stock/580065/total"" target=""_blank"">Naver</a>"
580064,KB 인버스 2X 미국채 10년 선물 ETN,,,,,,corp_code not found,"<a href=""https://m.stock.naver.com/domestic/stock/580064/total"" target=""_blank"">Naver</a>"
530127,삼성 미국다우존스 ETN,,,,,,corp_code not found,"<a href=""https://m.stock.naver.com/domestic/stock/530127/total"" target=""_blank"">Naver</a>"
610090,메리츠 일본 국채 10년 ETN,,,,,,corp_code not found,"<a href=""https://m.stock.naver.com/domestic/stock/610090/total"" target=""_blank"">Naver</a>"
570053,한투 인버스 플래티넘 선물 ETN,,,,,,corp_code not found,"<a href=""https://m.stock.naver.com/domestic/stock/570053/total"" target=""_blank"">Naver</a>"
610092,메리츠 인버스 일본 국채 10년 ETN,,,,,,corp_code not found,"<a href=""https://m.stock.naver.com/domestic/stock/610092/total"" target=""_blank"">Naver</a>"
500055,신한 인버스 Russell 2000 ETN,,,,,,corp_code not found,"<a href=""https://m.stock.naver.com/domestic/stock/500055/total"" target=""_blank"">Naver</a>"
570110,한투 3X레버리지국채30년 ETN,,,,,,corp_code not found,"<a href=""https://m.stock.naver.com/domestic/stock/570110/total"" target=""_blank"">Naver</a>"
610093,메리츠 인버스 3X 일본 국채 10년 ETN,,,,,,corp_code not found,"<a href=""https://m.stock.naver.com/domestic/stock/610093/total"" target=""_blank"">Naver</a>"
580061,KB 미국채 30년 ETN,,,,,,corp_code not found,"<a href=""https://m.stock.naver.com/domestic/stock/580061/total"" target=""_blank"">Naver</a>"
610056,메리츠 인버스 3X 국채3년 ETN,,,,,,corp_code not found,"<a href=""https://m.stock.naver.com/domestic/stock/610056/total"" target=""_blank"">Naver</a>"
580014,KB 인버스 2X 나스닥 100 ETN,,,,,,corp_code not found,"<a href=""https://m.stock.naver.com/domestic/stock/580014/total"" target=""_blank"">Naver</a>"
610076,메리츠 인버스 3X 미국채10년 ETN,,,,,,corp_code not found,"<a href=""https://m.stock.naver.com/domestic/stock/610076/total"" target=""_blank"">Naver</a>"
530135,삼성 인버스 China A50 선물 ETN(H) B,,,,,,corp_code not found,"<a href=""https://m.stock.naver.com/domestic/stock/530135/total"" target=""_blank"">Naver</a>"
570094,한투 일본 엔선물 ETN C,,,,,,corp_code not found,"<a href=""https://m.stock.naver.com/domestic/stock/570094/total"" target=""_blank"">Naver</a>"
580050,KB STAR 50 ETN,,,,,,corp_code not found,"<a href=""https://m.stock.naver.com/domestic/stock/580050/total"" target=""_blank"">Naver</a>"
610035,메리츠 레버리지 대표 농산물 선물 ETN(H),,,,,,corp_code not found,"<a href=""https://m.stock.naver.com/domestic/stock/610035/total"" target=""_blank"">Naver</a>"
610032,메리츠 CSI 300 ETN,,,,,,corp_code not found,"<a href=""https://m.stock.naver.com/domestic/stock/610032/total"" target=""_blank"">Naver</a>"
006345,대원전선우,,,,,,corp_code not found,"<a href=""https://m.stock.naver.com/domestic/stock/006345/total"" target=""_blank"">Naver</a>"
570066,한투 인버스 2X 베트남 VN30 선물 ETN(H),,,,,,corp_code not found,"<a href=""https://m.stock.naver.com/domestic/stock/570066/total"" target=""_blank"">Naver</a>"
500041,신한 인버스 2X 구리 선물 ETN,,,,,,corp_code not found,"<a href=""https://m.stock.naver.com/domestic/stock/500041/total"" target=""_blank"">Naver</a>"
530096,삼성 인버스 구리 선물 ETN(H),,,,,,corp_code not found,"<a href=""https://m.stock.naver.com/domestic/stock/530096/total"" target=""_blank"">Naver</a>"
610084,메리츠 미국채30년 스트립 ETN(H),,,,,,corp_code not found,"<a href=""https://m.stock.naver.com/domestic/stock/610084/total"" target=""_blank"">Naver</a>"
610058,메리츠 인버스 3X 국채5년 ETN,,,,,,corp_code not found,"<a href=""https://m.stock.naver.com/domestic/stock/610058/total"" target=""_blank"">Naver</a>"
610073,메리츠 KAP 인버스 2X 중국 위안화 ETN,,,,,,corp_code not found,"<a href=""https://m.stock.naver.com/domestic/stock/610073/total"" target=""_blank"">Naver</a>"
570060,한투 인버스 2X 금 선물 ETN,,,,,,corp_code not found,"<a href=""https://m.stock.naver.com/domestic/stock/570060/total"" target=""_blank"">Naver</a>"
530092,삼성 인버스 코스피 200 선물 ETN,,,,,,corp_code not found,"<a href=""https://m.stock.naver.com/domestic/stock/530092/total"" target=""_blank"">Naver</a>"
580055,KB 블룸버그 레버리지 천연가스 선물 ETN,,,,,,corp_code not found,"<a href=""https://m.stock.naver.com/domestic/stock/580055/total"" target=""_blank"">Naver</a>"
570101,한투 인버스 나스닥100 ETN B,,,,,,corp_code not found,"<a href=""https://m.stock.naver.com/domestic/stock/570101/total"" target=""_blank"">Naver</a>"
570058,한투 인버스 은 선물 ETN,,,,,,corp_code not found,"<a href=""https://m.stock.naver.com/domestic/stock/570058/total"" target=""_blank"">Naver</a>"
700011,하나 레버리지 옥수수 선물 ETN(H),,,,,,corp_code not found,"<a href=""https://m.stock.naver.com/domestic/stock/700011/total"" target=""_blank"">Naver</a>"
580062,KB 레버리지 미국채 30년 ETN,,,,,,corp_code not found,"<a href=""https://m.stock.naver.com/domestic/stock/580062/total"" target=""_blank"">Naver</a>"
004985,성신양회우,,,,,,corp_code not found,"<a href=""https://m.stock.naver.com/domestic/stock/004985/total"" target=""_blank"">Naver</a>"
001515,SK증권우,,,,,,corp_code not found,"<a href=""https://m.stock.naver.com/domestic/stock/001515/total"" target=""_blank"">Naver</a>"
570097,한투 S&P 엔달러 선물 ETN(H),,,,,,corp_code not found,"<a href=""https://m.stock.naver.com/domestic/stock/570097/total"" target=""_blank"">Naver</a>"
001755,한양증권우,,,,,,corp_code not found,"<a href=""https://m.stock.naver.com/domestic/stock/001755/total"" target=""_blank"">Naver</a>"
530060,삼성 코스피 양매도 5% OTM ETN,,,,,,corp_code not found,"<a href=""https://m.stock.naver.com/domestic/stock/530060/total"" target=""_blank"">Naver</a>"
570056,한투 인버스 금 선물 ETN,,,,,,corp_code not found,"<a href=""https://m.stock.naver.com/domestic/stock/570056/total"" target=""_blank"">Naver</a>"
500036,신한 인버스 2X 미국달러 선물 ETN,,,,,,corp_code not found,"<a href=""https://m.stock.naver.com/domestic/stock/500036/total"" target=""_blank"">Naver</a>"
610060,메리츠 인버스 3X 국채10년 ETN,,,,,,corp_code not found,"<a href=""https://m.stock.naver.com/domestic/stock/610060/total"" target=""_blank"">Naver</a>"
570111,한투 3X레버리지미국채30년 ETN,,,,,,corp_code not found,"<a href=""https://m.stock.naver.com/domestic/stock/570111/total"" target=""_blank"">Naver</a>"
570109,한투 레버리지미국채30년 ETN,,,,,,corp_code not found,"<a href=""https://m.stock.naver.com/domestic/stock/570109/total"" target=""_blank"">Naver</a>"
570095,한투 레버리지 일본 엔선물 ETN C,,,,,,corp_code not found,"<a href=""https://m.stock.naver.com/domestic/stock/570095/total"" target=""_blank"">Naver</a>"
580035,KB S&P 유럽탄소배출권 선물 ETN(H),,,,,,corp_code not found,"<a href=""https://m.stock.naver.com/domestic/stock/580035/total"" target=""_blank"">Naver</a>"
530062,삼성 인버스 2X 은 선물 ETN(H),,,,,,corp_code not found,"<a href=""https://m.stock.naver.com/domestic/stock/530062/total"" target=""_blank"">Naver</a>"
530094,삼성 인버스 코스닥 150 선물 ETN,,,,,,corp_code not found,"<a href=""https://m.stock.naver.com/domestic/stock/530094/total"" target=""_blank"">Naver</a>"
500067,신한 레버리지 10년 국채선물 ETN,,,,,,corp_code not found,"<a href=""https://m.stock.naver.com/domestic/stock/500067/total"" target=""_blank"">Naver</a>"
610034,메리츠 대표 농산물 선물 ETN(H),,,,,,corp_code not found,"<a href=""https://m.stock.naver.com/domestic/stock/610034/total"" target=""_blank"">Naver</a>"
550043,N2 인버스 레버리지 WTI원유 선물 ETN(H),,,,,,corp_code not found,"<a href=""https://m.stock.naver.com/domestic/stock/550043/total"" target=""_blank"">Naver</a>"
500070,신한 인버스 2X 코스피 200 선물 ETN,,,,,,corp_code not found,"<a href=""https://m.stock.naver.com/domestic/stock/500070/total"" target=""_blank"">Naver</a>"
570064,한투 인버스 베트남 VN30 선물 ETN(H),,,,,,corp_code not found,"<a href=""https://m.stock.naver.com/domestic/stock/570064/total"" target=""_blank"">Naver</a>"
570091,한투 인버스 유로스탁스50 ETN(H) C,,,,,,corp_code not found,"<a href=""https://m.stock.naver.com/domestic/stock/570091/total"" target=""_blank"">Naver</a>"
000325,노루홀딩스우,,,,,,corp_code not found,"<a href=""https://m.stock.naver.com/domestic/stock/000325/total"" target=""_blank"">Naver</a>"
26490K,크라운제과우,,,,,,corp_code not found,"<a href=""https://m.stock.naver.com/domestic/stock/26490K/total"" target=""_blank"">Naver</a>"
610033,메리츠 STAR 50 ETN,,,,,,corp_code not found,"<a href=""https://m.stock.naver.com/domestic/stock/610033/total"" target=""_blank"">Naver</a>"
760014,키움 바이오TOP10 ETN,,,,,,corp_code not found,"<a href=""https://m.stock.naver.com/domestic/stock/760014/total"" target=""_blank"">Naver</a>"
610013,메리츠 인버스 2X 금 선물 ETN(H),,,,,,corp_code not found,"<a href=""https://m.stock.naver.com/domestic/stock/610013/total"" target=""_blank"">Naver</a>"
760021,키움 코스피200 선물 달러노출 ETN,,,,,,corp_code not found,"<a href=""https://m.stock.naver.com/domestic/stock/760021/total"" target=""_blank"">Naver</a>"
570070,한투 인버스 2X 플래티넘 선물 ETN,,,,,,corp_code not found,"<a href=""https://m.stock.naver.com/domestic/stock/570070/total"" target=""_blank"">Naver</a>"
510043,대신 인버스 천연가스 선물 ETN(H) B,,,,,,corp_code not found,"<a href=""https://m.stock.naver.com/domestic/stock/510043/total"" target=""_blank"">Naver</a>"
570098,한투 S&P 레버리지 엔달러 선물 ETN(H),,,,,,corp_code not found,"<a href=""https://m.stock.naver.com/domestic/stock/570098/total"" target=""_blank"">Naver</a>"
550063,N2 인버스 레버리지 금 선물 ETN(H),,,,,,corp_code not found,"<a href=""https://m.stock.naver.com/domestic/stock/550063/total"" target=""_blank"">Naver</a>"
500068,신한 인버스 2X 10년 국채선물 ETN,,,,,,corp_code not found,"<a href=""https://m.stock.naver.com/domestic/stock/500068/total"" target=""_blank"">Naver</a>"
580032,KB 레버리지 구리 선물 ETN(H),,,,,,corp_code not found,"<a href=""https://m.stock.naver.com/domestic/stock/580032/total"" target=""_blank"">Naver</a>"
36328K,티와이홀딩스우,,,,,,corp_code not found,"<a href=""https://m.stock.naver.com/domestic/stock/36328K/total"" target=""_blank"">Naver</a>"
530084,삼성 인버스 금 선물 ETN(H),,,,,,corp_code not found,"<a href=""https://m.stock.naver.com/domestic/stock/530084/total"" target=""_blank"">Naver</a>"
520069,미래에셋 -2X 홍콩H 선물 ETN(H),,,,,,corp_code not found,"<a href=""https://m.stock.naver.com/domestic/stock/520069/total"" target=""_blank"">Naver</a>"
760012,키움 반도체TOP10 ETN,,,,,,corp_code not found,"<a href=""https://m.stock.naver.com/domestic/stock/760012/total"" target=""_blank"">Naver</a>"
000545,흥국화재우,,,,,,corp_code not found,"<a href=""https://m.stock.naver.com/domestic/stock/000545/total"" target=""_blank"">Naver</a>"
530090,삼성 인버스 은 선물 ETN(H),,,,,,corp_code not found,"<a href=""https://m.stock.naver.com/domestic/stock/530090/total"" target=""_blank"">Naver</a>"
45226K,한화갤러리아우,,,,,,corp_code not found,"<a href=""https://m.stock.naver.com/domestic/stock/45226K/total"" target=""_blank"">Naver</a>"
570062,한투 인버스 2X 은 선물 ETN,,,,,,corp_code not found,"<a href=""https://m.stock.naver.com/domestic/stock/570062/total"" target=""_blank"">Naver</a>"
090355,노루페인트우,,,,,,corp_code not found,"<a href=""https://m.stock.naver.com/domestic/stock/090355/total"" target=""_blank"">Naver</a>"
610023,메리츠 레버리지 미국채10년 ETN(H),,,,,,corp_code not found,"<a href=""https://m.stock.naver.com/domestic/stock/610023/total"" target=""_blank"">Naver</a>"
007575,일양약품우,,,,,,corp_code not found,"<a href=""https://m.stock.naver.com/domestic/stock/007575/total"" target=""_blank"">Naver</a>"
580053,KB 레버리지 콩 선물 ETN,,,,,,corp_code not found,"<a href=""https://m.stock.naver.com/domestic/stock/580053/total"" target=""_blank"">Naver</a>"
000145,하이트진로홀딩스우,,,,,,corp_code not found,"<a href=""https://m.stock.naver.com/domestic/stock/000145/total"" target=""_blank"">Naver</a>"
580033,KB 인버스 2X 구리 선물 ETN(H),,,,,,corp_code not found,"<a href=""https://m.stock.naver.com/domestic/stock/580033/total"" target=""_blank"">Naver</a>"
530122,삼성 인버스 2X 항셍테크 ETN(H) B,,,,,,corp_code not found,"<a href=""https://m.stock.naver.com/domestic/stock/530122/total"" target=""_blank"">Naver</a>"
610062,메리츠 인버스 3X 국채30년 ETN,,,,,,corp_code not found,"<a href=""https://m.stock.naver.com/domestic/stock/610062/total"" target=""_blank"">Naver</a>"
700018,하나 인버스 2X 코스닥150 선물 ETN,,,,,,corp_code not found,"<a href=""https://m.stock.naver.com/domestic/stock/700018/total"" target=""_blank"">Naver</a>"
610017,메리츠 인버스 2X 은 선물 ETN(H),,,,,,corp_code not found,"<a href=""https://m.stock.naver.com/domestic/stock/610017/total"" target=""_blank"">Naver</a>"
550065,N2 인버스 레버리지 은 선물 ETN(H),,,,,,corp_code not found,"<a href=""https://m.stock.naver.com/domestic/stock/550065/total"" target=""_blank"">Naver</a>"
005745,크라운해태홀딩스우,,,,,,corp_code not found,"<a href=""https://m.stock.naver.com/domestic/stock/005745/total"" target=""_blank"">Naver</a>"
500057,신한 인버스 2X Russell 2000 ETN,,,,,,corp_code not found,"<a href=""https://m.stock.naver.com/domestic/stock/500057/total"" target=""_blank"">Naver</a>"
610043,메리츠 천연가스 선물 ETN(H),,,,,,corp_code not found,"<a href=""https://m.stock.naver.com/domestic/stock/610043/total"" target=""_blank"">Naver</a>"
580017,KB 인버스 2X S&P 500 선물 ETN,,,,,,corp_code not found,"<a href=""https://m.stock.naver.com/domestic/stock/580017/total"" target=""_blank"">Naver</a>"
760010,키움 2차전지산업 ETN,,,,,,corp_code not found,"<a href=""https://m.stock.naver.com/domestic/stock/760010/total"" target=""_blank"">Naver</a>"
570023,한투 인버스 2X S&P500 선물 ETN(H),,,,,,corp_code not found,"<a href=""https://m.stock.naver.com/domestic/stock/570023/total"" target=""_blank"">Naver</a>"
014825,동원시스템즈우,,,,,,corp_code not found,"<a href=""https://m.stock.naver.com/domestic/stock/014825/total"" target=""_blank"">Naver</a>"
00781K,코리아써키트2우B,,,,,,corp_code not found,"<a href=""https://m.stock.naver.com/domestic/stock/00781K/total"" target=""_blank"">Naver</a>"
004545,깨끗한나라우,,,,,,corp_code not found,"<a href=""https://m.stock.naver.com/domestic/stock/004545/total"" target=""_blank"">Naver</a>"
005965,동부건설우,,,,,,corp_code not found,"<a href=""https://m.stock.naver.com/domestic/stock/005965/total"" target=""_blank"">Naver</a>"
012205,계양전기우,,,,,,corp_code not found,"<a href=""https://m.stock.naver.com/domestic/stock/012205/total"" target=""_blank"">Naver</a>"
014285,금강공업우,,,,,,corp_code not found,"<a href=""https://m.stock.naver.com/domestic/stock/014285/total"" target=""_blank"">Naver</a>"
760011,키움 레버리지 2차전지산업 ETN,,,,,,corp_code not found,"<a href=""https://m.stock.naver.com/domestic/stock/760011/total"" target=""_blank"">Naver</a>"
008355,남선알미우,,,,,,corp_code not found,"<a href=""https://m.stock.naver.com/domestic/stock/008355/total"" target=""_blank"">Naver</a>"
580040,KB 인버스 2X KOSPI 200 선물 ETN,,,,,,corp_code not found,"<a href=""https://m.stock.naver.com/domestic/stock/580040/total"" target=""_blank"">Naver</a>"
580023,KB 인버스 2X 금 선물 ETN(H),,,,,,corp_code not found,"<a href=""https://m.stock.naver.com/domestic/stock/580023/total"" target=""_blank"">Naver</a>"
520011,미래에셋 인버스 원유선물혼합 ETN(H),,,,,,corp_code not found,"<a href=""https://m.stock.naver.com/domestic/stock/520011/total"" target=""_blank"">Naver</a>"
009415,태영건설우,,,,,,corp_code not found,"<a href=""https://m.stock.naver.com/domestic/stock/009415/total"" target=""_blank"">Naver</a>"
011155,CJ씨푸드1우,,,,,,corp_code not found,"<a href=""https://m.stock.naver.com/domestic/stock/011155/total"" target=""_blank"">Naver</a>"
002995,금호건설우,,,,,,corp_code not found,"<a href=""https://m.stock.naver.com/domestic/stock/002995/total"" target=""_blank"">Naver</a>"
000227,유유제약2우B,,,,,,corp_code not found,"<a href=""https://m.stock.naver.com/domestic/stock/000227/total"" target=""_blank"">Naver</a>"
500051,신한 인버스 2X S&P500 선물 ETN,,,,,,corp_code not found,"<a href=""https://m.stock.naver.com/domestic/stock/500051/total"" target=""_blank"">Naver</a>"
700025,하나 블룸버그 2X 천연가스 선물 ETN(H) B,,,,,,corp_code not found,"<a href=""https://m.stock.naver.com/domestic/stock/700025/total"" target=""_blank"">Naver</a>"
500030,신한 인버스 2X 은 선물 ETN(H),,,,,,corp_code not found,"<a href=""https://m.stock.naver.com/domestic/stock/500030/total"" target=""_blank"">Naver</a>"
002785,진흥기업우B,,,,,,corp_code not found,"<a href=""https://m.stock.naver.com/domestic/stock/002785/total"" target=""_blank"">Naver</a>"
004415,서울식품우,,,,,,corp_code not found,"<a href=""https://m.stock.naver.com/domestic/stock/004415/total"" target=""_blank"">Naver</a>"
580027,KB 인버스 2X 은 선물 ETN(H),,,,,,corp_code not found,"<a href=""https://m.stock.naver.com/domestic/stock/580027/total"" target=""_blank"">Naver</a>"
001527,동양2우B,,,,,,corp_code not found,"<a href=""https://m.stock.naver.com/domestic/stock/001527/total"" target=""_blank"">Naver</a>"
001525,동양우,,,,,,corp_code not found,"<a href=""https://m.stock.naver.com/domestic/stock/001525/total"" target=""_blank"">Naver</a>"
014915,성문전자우,,,,,,corp_code not found,"<a href=""https://m.stock.naver.com/domestic/stock/014915/total"" target=""_blank"">Naver</a>"
002787,진흥기업2우B,,,,,,corp_code not found,"<a href=""https://m.stock.naver.com/domestic/stock/002787/total"" target=""_blank"">Naver</a>"
500038,신한 인버스 2X 금 선물 ETN,,,,,,corp_code not found,"<a href=""https://m.stock.naver.com/domestic/stock/500038/total"" target=""_blank"">Naver</a>"
550045,N2 인버스 레버리지 S&P500 ETN,,,,,,corp_code not found,"<a href=""https://m.stock.naver.com/domestic/stock/550045/total"" target=""_blank"">Naver</a>"
