Symbol,Name,TotalScore,Growth,Profitability,Stability,Activity,Error,Links
210980,SK디앤디,94.06207276914252,100.0,95.99119603864712,67.88875961481847,65.5079559599778,,"<a href=""https://m.stock.naver.com/domestic/stock/210980/total"" target=""_blank"">Naver</a>"
334890,이지스밸류플러스리츠,92.4619209908312,100.0,95.23757038286813,76.5252839511418,20.0,,"<a href=""https://m.stock.naver.com/domestic/stock/334890/total"" target=""_blank"">Naver</a>"
037270,YG PLUS,91.54443565063293,97.7818102833997,75.53680625795495,97.1599411591113,85.50307600386502,,"<a href=""https://m.stock.naver.com/domestic/stock/037270/total"" target=""_blank"">Naver</a>"
278470,에이피알,89.04271343381944,90.80879550213541,84.33039120817301,96.37126184529417,76.75424291931043,,"<a href=""https://m.stock.naver.com/domestic/stock/278470/total"" target=""_blank"">Naver</a>"
006890,태경케미컬,88.8674115720963,90.80094625617933,83.97989337742162,99.57466474802155,68.68807998462282,,"<a href=""https://m.stock.naver.com/domestic/stock/006890/total"" target=""_blank"">Naver</a>"
078000,텔코웨어,88.71779472698746,93.484904843524,75.12045612196732,99.78041480276376,77.37392620209694,,"<a href=""https://m.stock.naver.com/domestic/stock/078000/total"" target=""_blank"">Naver</a>"
009900,명신산업,88.44375447394793,93.17586107962036,77.88104361808718,86.0734453678828,89.21264769731283,,"<a href=""https://m.stock.naver.com/domestic/stock/009900/total"" target=""_blank"">Naver</a>"
022100,포스코DX,86.37100230256456,94.24395413670045,64.97831806471243,92.80320039335751,85.9946053006086,,"<a href=""https://m.stock.naver.com/domestic/stock/022100/total"" target=""_blank"">Naver</a>"
100840,SNT에너지,85.8496374213636,97.02756445600347,64.96322388470658,73.47410343480378,80.89764866208974,,"<a href=""https://m.stock.naver.com/domestic/stock/100840/total"" target=""_blank"">Naver</a>"
039130,하나투어,85.79034583010795,100.0,69.09879849735871,56.71348718517656,56.88594974501271,,"<a href=""https://m.stock.naver.com/domestic/stock/039130/total"" target=""_blank"">Naver</a>"
034230,파라다이스,85.63602518173948,100.0,59.76451909519303,69.62821408385803,74.64147999110845,,"<a href=""https://m.stock.naver.com/domestic/stock/034230/total"" target=""_blank"">Naver</a>"
009420,한올바이오파마,84.35387569289398,95.86003735581032,58.57097054260603,98.3350299625639,47.232152949997875,,"<a href=""https://m.stock.naver.com/domestic/stock/009420/total"" target=""_blank"">Naver</a>"
002460,HS화성,84.19911567777767,96.44342655586746,59.157501701827506,79.4644564258077,71.94477352439101,,"<a href=""https://m.stock.naver.com/domestic/stock/002460/total"" target=""_blank"">Naver</a>"
010120,LS ELECTRIC,83.25270696055874,92.89607514439943,58.91553582271239,89.23468140863584,77.25419554754778,,"<a href=""https://m.stock.naver.com/domestic/stock/010120/total"" target=""_blank"">Naver</a>"
047040,대우건설,83.18507875852296,89.93726620108986,69.25266467888308,81.61667687836194,74.95770360624158,,"<a href=""https://m.stock.naver.com/domestic/stock/047040/total"" target=""_blank"">Naver</a>"
373220,LG에너지솔루션,82.9970698623334,96.3102271168979,54.639395042393744,83.24119827392511,64.53930008407438,,"<a href=""https://m.stock.naver.com/domestic/stock/373220/total"" target=""_blank"">Naver</a>"
005850,에스엘,82.65594918563882,88.90461214431775,62.294070380685376,94.96127748019322,84.87073111715014,,"<a href=""https://m.stock.naver.com/domestic/stock/005850/total"" target=""_blank"">Naver</a>"
071970,HD현대마린엔진,82.2105289882314,93.4360472622812,69.38301106222646,65.81247394879517,44.43800940853092,,"<a href=""https://m.stock.naver.com/domestic/stock/071970/total"" target=""_blank"">Naver</a>"
100250,진양홀딩스,82.16720286360373,87.65597280648603,75.15614706674769,70.05263424888926,75.58637976272522,,"<a href=""https://m.stock.naver.com/domestic/stock/100250/total"" target=""_blank"">Naver</a>"
005430,한국공항,82.06524425520884,91.8421629081865,50.546123106806476,99.31230272181406,87.84370922827831,,"<a href=""https://m.stock.naver.com/domestic/stock/005430/total"" target=""_blank"">Naver</a>"
025540,한국단자,81.69730739770341,87.28838933529455,64.45549100966905,97.62084562675238,68.96632962868367,,"<a href=""https://m.stock.naver.com/domestic/stock/025540/total"" target=""_blank"">Naver</a>"
100090,SK오션플랜트,81.6665868564692,91.82901223033393,62.12834690453925,67.4618746894785,85.81810646372358,,"<a href=""https://m.stock.naver.com/domestic/stock/100090/total"" target=""_blank"">Naver</a>"
028050,삼성E&A,81.49092012918537,83.96556789701168,74.2905662048246,82.4815200580835,85.81571667927733,,"<a href=""https://m.stock.naver.com/domestic/stock/028050/total"" target=""_blank"">Naver</a>"
105840,우진,81.4390863246975,84.26240720468712,72.73191124521564,95.38995393270126,63.1933759462238,,"<a href=""https://m.stock.naver.com/domestic/stock/105840/total"" target=""_blank"">Naver</a>"
000270,기아,81.25238200870653,83.4457142680677,70.56622359151908,90.27618186873663,90.31558726224975,,"<a href=""https://m.stock.naver.com/domestic/stock/000270/total"" target=""_blank"">Naver</a>"
248070,솔루엠,80.9537667471249,88.1757093550637,66.20729796825499,77.07332195035715,75.7836889397445,,"<a href=""https://m.stock.naver.com/domestic/stock/248070/total"" target=""_blank"">Naver</a>"
016740,두올,80.87325526614735,91.87914488430938,52.65021910637773,84.34532562063907,82.97361993806791,,"<a href=""https://m.stock.naver.com/domestic/stock/016740/total"" target=""_blank"">Naver</a>"
114090,GKL,80.72736727257282,98.3002328041937,35.87521958174634,86.01582445652681,83.53680497934675,,"<a href=""https://m.stock.naver.com/domestic/stock/114090/total"" target=""_blank"">Naver</a>"
010100,한국무브넥스,80.51952434024794,87.80044945322727,61.39315639502141,80.43262648692294,88.95405841727872,,"<a href=""https://m.stock.naver.com/domestic/stock/010100/total"" target=""_blank"">Naver</a>"
007210,벽산,80.45200209176127,89.63584398504479,56.64027945720898,83.66001004995744,82.88849662872818,,"<a href=""https://m.stock.naver.com/domestic/stock/007210/total"" target=""_blank"">Naver</a>"
018250,애경산업,80.26635690957873,86.66196540011448,57.31696460280519,98.97212760436962,80.85447516743585,,"<a href=""https://m.stock.naver.com/domestic/stock/018250/total"" target=""_blank"">Naver</a>"
185750,종근당,80.21449755687219,82.86023537916283,69.27439380045541,95.90752655226852,71.78010448067575,,"<a href=""https://m.stock.naver.com/domestic/stock/185750/total"" target=""_blank"">Naver</a>"
001060,JW중외제약,80.20560579546401,85.26235555948422,72.52877990333413,73.13125729491286,72.05743508897324,,"<a href=""https://m.stock.naver.com/domestic/stock/001060/total"" target=""_blank"">Naver</a>"
010960,삼호개발,79.90205908681457,88.68239394134757,50.4879469378421,96.62259199711661,88.16753575667687,,"<a href=""https://m.stock.naver.com/domestic/stock/010960/total"" target=""_blank"">Naver</a>"
009410,태영건설,79.81344089082756,94.38646839834159,56.77825718105066,56.54096208220662,66.65798696678569,,"<a href=""https://m.stock.naver.com/domestic/stock/009410/total"" target=""_blank"">Naver</a>"
005180,빙그레,79.76672139066706,85.25254419472007,57.56917147619262,97.75817661864363,88.94168685845001,,"<a href=""https://m.stock.naver.com/domestic/stock/005180/total"" target=""_blank"">Naver</a>"
003780,진양산업,79.31559914946654,80.93076175136734,69.24258833722651,90.89023945655698,87.14942137367605,,"<a href=""https://m.stock.naver.com/domestic/stock/003780/total"" target=""_blank"">Naver</a>"
300720,한일시멘트,79.27135859640657,86.04286651045027,59.25546423655131,93.65662437007404,69.32220387982356,,"<a href=""https://m.stock.naver.com/domestic/stock/300720/total"" target=""_blank"">Naver</a>"
210540,디와이파워,79.25102991178197,83.69877072157365,61.56042749156247,96.64814481878444,79.53692248137449,,"<a href=""https://m.stock.naver.com/domestic/stock/210540/total"" target=""_blank"">Naver</a>"
003230,삼양식품,79.2470298635222,78.20371214704225,76.54042374397494,90.32513765740651,83.14365747124936,,"<a href=""https://m.stock.naver.com/domestic/stock/003230/total"" target=""_blank"">Naver</a>"
035250,강원랜드,79.20335334663176,74.69272887603901,83.44007678157598,93.89435074815727,82.7652350159728,,"<a href=""https://m.stock.naver.com/domestic/stock/035250/total"" target=""_blank"">Naver</a>"
003030,세아제강지주,79.04879273370848,75.03006362349419,86.0681215241125,92.87817316720002,64.5181372372768,,"<a href=""https://m.stock.naver.com/domestic/stock/003030/total"" target=""_blank"">Naver</a>"
060980,HL홀딩스,78.95669551867303,85.78981581925855,85.96118939302475,42.425086788617136,35.0,,"<a href=""https://m.stock.naver.com/domestic/stock/060980/total"" target=""_blank"">Naver</a>"
267270,HD현대건설기계,78.90436004702798,87.80029599954622,59.465014654793485,83.26525351375138,60.62806864453471,,"<a href=""https://m.stock.naver.com/domestic/stock/267270/total"" target=""_blank"">Naver</a>"
042670,HD현대인프라코어,78.8316109843662,85.02795299682288,69.04374195269799,76.00270050221464,59.072672957529875,,"<a href=""https://m.stock.naver.com/domestic/stock/042670/total"" target=""_blank"">Naver</a>"
123700,SJM,78.60459897750462,88.20954542591873,53.2874517976017,99.25629981917727,48.62757581270483,,"<a href=""https://m.stock.naver.com/domestic/stock/123700/total"" target=""_blank"">Naver</a>"
003650,미창석유,78.58375042482635,78.59718787889906,71.38029429899758,99.58298853192565,72.44130539089886,,"<a href=""https://m.stock.naver.com/domestic/stock/003650/total"" target=""_blank"">Naver</a>"
286940,롯데이노베이트,78.54341689721915,85.75311319226954,54.98262144478495,89.31752600754537,88.28282039813311,,"<a href=""https://m.stock.naver.com/domestic/stock/286940/total"" target=""_blank"">Naver</a>"
001560,제일연마,78.43641727887035,84.99718225877818,59.3977712008735,95.45388490518182,60.86553265733794,,"<a href=""https://m.stock.naver.com/domestic/stock/001560/total"" target=""_blank"">Naver</a>"
000320,노루홀딩스,78.42736377098,88.13038306540658,54.09778408515829,82.32636359475508,75.8410310194194,,"<a href=""https://m.stock.naver.com/domestic/stock/000320/total"" target=""_blank"">Naver</a>"
075580,세진중공업,78.296562188857,89.44024035124734,59.59650537111438,56.25707769288731,82.1516773208252,,"<a href=""https://m.stock.naver.com/domestic/stock/075580/total"" target=""_blank"">Naver</a>"
000430,대원강업,78.25959908441655,87.10955232905889,54.10121483731697,83.36037953367745,82.65052048568461,,"<a href=""https://m.stock.naver.com/domestic/stock/000430/total"" target=""_blank"">Naver</a>"
004490,세방전지,78.12112091709673,85.06833293580542,55.710264131016146,95.09991055893927,72.85128133931045,,"<a href=""https://m.stock.naver.com/domestic/stock/004490/total"" target=""_blank"">Naver</a>"
241560,두산밥캣,78.02507723466724,77.98654667250706,72.56567166367162,90.0764287810672,81.68176874276756,,"<a href=""https://m.stock.naver.com/domestic/stock/241560/total"" target=""_blank"">Naver</a>"
008930,한미사이언스,77.9727921619889,81.89926542250525,65.44783910580325,79.73820304960094,89.94905654149667,,"<a href=""https://m.stock.naver.com/domestic/stock/008930/total"" target=""_blank"">Naver</a>"
214320,이노션,77.89838631211354,83.08926179912375,62.90863100501576,93.31097799044828,59.73147364681044,,"<a href=""https://m.stock.naver.com/domestic/stock/214320/total"" target=""_blank"">Naver</a>"
348950,제이알글로벌리츠,77.84810590893282,77.9981806200937,82.2868577250295,74.7748310561921,60.0,,"<a href=""https://m.stock.naver.com/domestic/stock/348950/total"" target=""_blank"">Naver</a>"
307950,현대오토에버,77.8332769139403,81.75962834018475,59.82805280873032,96.96381207845442,82.48210999602844,,"<a href=""https://m.stock.naver.com/domestic/stock/307950/total"" target=""_blank"">Naver</a>"
001380,SG글로벌,77.82361575207706,96.47544310282952,40.70794851931961,60.63850522888593,73.9502447532173,,"<a href=""https://m.stock.naver.com/domestic/stock/001380/total"" target=""_blank"">Naver</a>"
025530,SJM홀딩스,77.80658350983707,88.00750184852552,51.09379081515343,99.419827965053,45.73303800856198,,"<a href=""https://m.stock.naver.com/domestic/stock/025530/total"" target=""_blank"">Naver</a>"
123690,한국화장품,77.74220248010415,87.74886526721106,49.8914618340404,85.05552162549714,82.28931397435383,,"<a href=""https://m.stock.naver.com/domestic/stock/123690/total"" target=""_blank"">Naver</a>"
052690,한전기술,77.65320565932919,85.32442691436842,53.796681791069254,92.34806878470205,75.49144368941234,,"<a href=""https://m.stock.naver.com/domestic/stock/052690/total"" target=""_blank"">Naver</a>"
001440,대한전선,77.56307035932831,88.06534102398685,50.37984637161648,79.68303952687293,83.2120039868958,,"<a href=""https://m.stock.naver.com/domestic/stock/001440/total"" target=""_blank"">Naver</a>"
267260,HD현대일렉트릭,77.5256264712826,85.52734170308611,66.34882361132229,69.56765636756275,53.30499819688191,,"<a href=""https://m.stock.naver.com/domestic/stock/267260/total"" target=""_blank"">Naver</a>"
013570,디와이,77.38719959051241,88.07373021463523,47.87810586571402,85.41889314129476,80.63091362346583,,"<a href=""https://m.stock.naver.com/domestic/stock/013570/total"" target=""_blank"">Naver</a>"
378850,화승알앤에이,77.29995085077955,87.07774613398205,65.31331659031277,43.52104586082644,87.45738873458971,,"<a href=""https://m.stock.naver.com/domestic/stock/378850/total"" target=""_blank"">Naver</a>"
004370,농심,76.98990670138433,81.60970084025888,55.41926946456766,97.97620905553708,87.4329585106676,,"<a href=""https://m.stock.naver.com/domestic/stock/004370/total"" target=""_blank"">Naver</a>"
014280,금강공업,76.84130192996366,84.30464628502006,66.56360818332412,65.29896260688781,61.75431704863635,,"<a href=""https://m.stock.naver.com/domestic/stock/014280/total"" target=""_blank"">Naver</a>"
090350,노루페인트,76.67824397930801,85.44563751432757,51.225145606320154,84.75869528536265,82.57411081190335,,"<a href=""https://m.stock.naver.com/domestic/stock/090350/total"" target=""_blank"">Naver</a>"
007340,DN오토모티브,76.24636812837471,76.32009353158976,80.94920011178205,68.38418352990134,67.57187256970401,,"<a href=""https://m.stock.naver.com/domestic/stock/007340/total"" target=""_blank"">Naver</a>"
005740,크라운해태홀딩스,76.19787122720584,85.27443128000697,56.14801889982945,66.27464233960517,87.37487000567559,,"<a href=""https://m.stock.naver.com/domestic/stock/005740/total"" target=""_blank"">Naver</a>"
058730,다스코,76.04207550965899,85.78334043376883,52.045690260208794,79.95864991280621,71.29567386129747,,"<a href=""https://m.stock.naver.com/domestic/stock/058730/total"" target=""_blank"">Naver</a>"
234080,JW생명과학,76.0320605047924,72.4731564549266,81.53676424272527,86.70122282818289,69.87706576673678,,"<a href=""https://m.stock.naver.com/domestic/stock/234080/total"" target=""_blank"">Naver</a>"
036530,SNT홀딩스,75.94203070216405,78.17054981670559,64.27310168131694,94.1923746116174,71.04375861299452,,"<a href=""https://m.stock.naver.com/domestic/stock/036530/total"" target=""_blank"">Naver</a>"
161890,한국콜마,75.84367061632112,88.53414268564332,46.87343345069886,72.53610591250552,75.02432102019723,,"<a href=""https://m.stock.naver.com/domestic/stock/161890/total"" target=""_blank"">Naver</a>"
007860,서연,75.82898772610804,81.42490310405074,60.464833308208114,73.41601946693957,90.3247117986321,,"<a href=""https://m.stock.naver.com/domestic/stock/007860/total"" target=""_blank"">Naver</a>"
006660,삼성공조,75.68704965975462,68.9779326281259,82.58803707129017,99.56972445400814,73.92616739311458,,"<a href=""https://m.stock.naver.com/domestic/stock/006660/total"" target=""_blank"">Naver</a>"
001520,동양,75.53616267449638,87.25150121533169,48.06945213737876,72.78562882542916,77.78672056819535,,"<a href=""https://m.stock.naver.com/domestic/stock/001520/total"" target=""_blank"">Naver</a>"
003090,대웅,75.5354645392921,73.41738553702969,72.1247407897505,94.03815537164377,81.00064964944548,,"<a href=""https://m.stock.naver.com/domestic/stock/003090/total"" target=""_blank"">Naver</a>"
272210,한화시스템,75.39181337914135,87.91205297154379,45.41397989119354,76.68254195316862,72.45664856199687,,"<a href=""https://m.stock.naver.com/domestic/stock/272210/total"" target=""_blank"">Naver</a>"
035000,HS애드,75.3835802830038,81.8784795371344,59.442868791545685,81.608176944025,64.69915336868482,,"<a href=""https://m.stock.naver.com/domestic/stock/035000/total"" target=""_blank"">Naver</a>"
102460,이연제약,75.36063001383289,81.31727600556833,60.45417038889849,94.15233726156701,40.82976174221116,,"<a href=""https://m.stock.naver.com/domestic/stock/102460/total"" target=""_blank"">Naver</a>"
069620,대웅제약,75.30813403809987,80.76292341005869,58.962056063787166,85.80107242020699,70.59517468194312,,"<a href=""https://m.stock.naver.com/domestic/stock/069620/total"" target=""_blank"">Naver</a>"
089590,제주항공,75.20474190534644,100.0,35.0787173952015,22.272972113425972,84.15530690406914,,"<a href=""https://m.stock.naver.com/domestic/stock/089590/total"" target=""_blank"">Naver</a>"
017040,광명전기,75.19748114019609,80.08793997014317,54.7186909235435,96.62780208516409,76.04528437415821,,"<a href=""https://m.stock.naver.com/domestic/stock/017040/total"" target=""_blank"">Naver</a>"
207940,삼성바이오로직스,75.16119633749823,71.20662903615235,88.22985393113628,88.36362652797361,30.86785560450766,,"<a href=""https://m.stock.naver.com/domestic/stock/207940/total"" target=""_blank"">Naver</a>"
130660,한전산업,75.11954465540346,73.66381145131366,66.74474112845648,94.985021172122,94.73140770577898,,"<a href=""https://m.stock.naver.com/domestic/stock/130660/total"" target=""_blank"">Naver</a>"
016580,환인제약,75.03034480729141,73.6174953296898,74.95284482185686,99.6963301804861,43.040067719294086,,"<a href=""https://m.stock.naver.com/domestic/stock/016580/total"" target=""_blank"">Naver</a>"
112610,씨에스윈드,75.00970782337255,89.73259331952278,45.47813841596774,66.40818640746062,63.195971738417754,,"<a href=""https://m.stock.naver.com/domestic/stock/112610/total"" target=""_blank"">Naver</a>"
226320,잇츠한불,74.8523181875006,84.03111887677146,49.97686514273179,92.97707190058424,52.834467713927374,,"<a href=""https://m.stock.naver.com/domestic/stock/226320/total"" target=""_blank"">Naver</a>"
192820,코스맥스,74.83344620386153,87.97354958614687,46.47053433059102,64.26329331781919,80.10707075487497,,"<a href=""https://m.stock.naver.com/domestic/stock/192820/total"" target=""_blank"">Naver</a>"
078520,에이블씨엔씨,74.71338152022946,84.19697076986063,46.213375991542506,88.15407089568424,76.52895941718079,,"<a href=""https://m.stock.naver.com/domestic/stock/078520/total"" target=""_blank"">Naver</a>"
089470,HDC현대EP,74.68376330510287,81.09880609714935,52.372875039798544,88.27523206474446,82.07475360778339,,"<a href=""https://m.stock.naver.com/domestic/stock/089470/total"" target=""_blank"">Naver</a>"
051600,한전KPS,74.68264484649173,68.5381304158015,81.88103321926725,99.22385962112378,63.34244660163259,,"<a href=""https://m.stock.naver.com/domestic/stock/051600/total"" target=""_blank"">Naver</a>"
006260,LS,74.60890839733311,83.46864962245256,56.37412826654492,69.78133872693311,69.12105369064079,,"<a href=""https://m.stock.naver.com/domestic/stock/006260/total"" target=""_blank"">Naver</a>"
006490,인스코비,74.42250023412166,90.1569399504945,33.26951179156848,76.89642272561676,86.4263208674233,,"<a href=""https://m.stock.naver.com/domestic/stock/006490/total"" target=""_blank"">Naver</a>"
013520,화승코퍼레이션,74.36479581555115,85.23297188366534,57.37281379354015,47.421779284763375,82.79262616981117,,"<a href=""https://m.stock.naver.com/domestic/stock/013520/total"" target=""_blank"">Naver</a>"
023800,인지컨트롤스,74.33868560709195,85.57076050210844,53.16882634102501,55.230172237038296,83.6201099373362,,"<a href=""https://m.stock.naver.com/domestic/stock/023800/total"" target=""_blank"">Naver</a>"
002920,유성기업,74.2094643485896,77.03633622451433,59.87132237692837,94.8183325351837,70.75997532261073,,"<a href=""https://m.stock.naver.com/domestic/stock/002920/total"" target=""_blank"">Naver</a>"
085310,엔케이,74.20305245709648,75.5880313835798,66.43301413100244,86.76204916608832,71.31550355178327,,"<a href=""https://m.stock.naver.com/domestic/stock/085310/total"" target=""_blank"">Naver</a>"
090430,아모레퍼시픽,74.18340389268366,79.14236834974308,53.965713762732584,98.45607188234297,67.21894507840739,,"<a href=""https://m.stock.naver.com/domestic/stock/090430/total"" target=""_blank"">Naver</a>"
017370,우신시스템,74.17587771191008,87.53699023895452,48.44997332980015,54.7236391309564,81.37652645983395,,"<a href=""https://m.stock.naver.com/domestic/stock/017370/total"" target=""_blank"">Naver</a>"
400760,NH올원리츠,73.98373599701576,78.47867224944055,80.25923129759924,41.18131431101132,54.27186783700972,,"<a href=""https://m.stock.naver.com/domestic/stock/400760/total"" target=""_blank"">Naver</a>"
004840,DRB동일,73.87528422390008,87.22214883712138,48.53310418581524,63.35375997044197,61.466857562585055,,"<a href=""https://m.stock.naver.com/domestic/stock/004840/total"" target=""_blank"">Naver</a>"
092780,DYP,73.8186144842027,85.96983883034068,49.12746669534129,60.42618883765993,78.24451256793975,,"<a href=""https://m.stock.naver.com/domestic/stock/092780/total"" target=""_blank"">Naver</a>"
298040,효성중공업,73.6790601233972,88.9121105840059,51.694264350907076,36.83887539757203,74.48680291019396,,"<a href=""https://m.stock.naver.com/domestic/stock/298040/total"" target=""_blank"">Naver</a>"
034020,두산에너빌리티,73.60448352809094,85.42098102782514,45.75469476619594,69.9897051254105,78.28501414611651,,"<a href=""https://m.stock.naver.com/domestic/stock/034020/total"" target=""_blank"">Naver</a>"
033920,무학,73.53601945410726,69.85456953842248,74.04604665011914,95.47042942291006,71.29446252465993,,"<a href=""https://m.stock.naver.com/domestic/stock/033920/total"" target=""_blank"">Naver</a>"
006840,AK홀딩스,73.4426068517034,86.00630586791279,57.30950765649961,33.58852687533745,83.05187458594204,,"<a href=""https://m.stock.naver.com/domestic/stock/006840/total"" target=""_blank"">Naver</a>"
001620,케이비아이동국실업,73.40988497110675,86.56608559966857,48.46013110773105,49.193662702245874,88.71669128296531,,"<a href=""https://m.stock.naver.com/domestic/stock/001620/total"" target=""_blank"">Naver</a>"
103590,일진전기,73.40741326317632,81.38943965951383,54.588490338800476,67.5826516893375,83.36723427668308,,"<a href=""https://m.stock.naver.com/domestic/stock/103590/total"" target=""_blank"">Naver</a>"
064960,SNT모티브,73.22758355694877,70.31779625113616,70.08099790200184,97.27991325986812,75.77330009559638,,"<a href=""https://m.stock.naver.com/domestic/stock/064960/total"" target=""_blank"">Naver</a>"
084870,TBH글로벌,73.1894890848914,79.32028917071632,60.42037661717351,76.05654033074048,57.73134790188371,,"<a href=""https://m.stock.naver.com/domestic/stock/084870/total"" target=""_blank"">Naver</a>"
003570,SNT다이내믹스,73.17787625784987,76.84739333333069,57.878554055337965,97.91234288483012,56.17134911067929,,"<a href=""https://m.stock.naver.com/domestic/stock/003570/total"" target=""_blank"">Naver</a>"
003620,KG모빌리티,73.15795230245027,91.65538356440699,28.021046313715253,65.6297377771208,91.9297361533036,,"<a href=""https://m.stock.naver.com/domestic/stock/003620/total"" target=""_blank"">Naver</a>"
041650,상신브레이크,73.13175022553845,86.85862950497231,45.65904722706853,66.86985528496147,58.29650374583577,,"<a href=""https://m.stock.naver.com/domestic/stock/041650/total"" target=""_blank"">Naver</a>"
214330,금호에이치티,73.08444460114477,90.8878309193647,25.946835372873625,88.55148002802997,64.19778407009099,,"<a href=""https://m.stock.naver.com/domestic/stock/214330/total"" target=""_blank"">Naver</a>"
007700,F&F홀딩스,73.0523905129044,63.57380529060327,91.23876210656523,95.04095408815996,51.88642806170273,,"<a href=""https://m.stock.naver.com/domestic/stock/007700/total"" target=""_blank"">Naver</a>"
015360,INVENI,72.99468556285626,83.334962655656,46.434779618088726,70.61509257453862,86.47007614973234,,"<a href=""https://m.stock.naver.com/domestic/stock/015360/total"" target=""_blank"">Naver</a>"
009540,HD한국조선해양,72.94663130929283,90.64481223853494,35.5253234865008,54.86721642153688,83.83382904785958,,"<a href=""https://m.stock.naver.com/domestic/stock/009540/total"" target=""_blank"">Naver</a>"
012330,현대모비스,72.89442274352083,76.12248402695855,56.443441026017034,90.33542249073514,81.53059643535872,,"<a href=""https://m.stock.naver.com/domestic/stock/012330/total"" target=""_blank"">Naver</a>"
004100,태양금속,72.88770296101467,87.15145789868536,45.84021992152688,47.80208223116423,87.13130036610616,,"<a href=""https://m.stock.naver.com/domestic/stock/004100/total"" target=""_blank"">Naver</a>"
031820,아이티센씨티에스,72.71658322704127,70.53477187241317,72.04246466629442,78.94805510350321,89.80596853338895,,"<a href=""https://m.stock.naver.com/domestic/stock/031820/total"" target=""_blank"">Naver</a>"
012030,DB,72.63955154382388,77.61020047922864,51.628474631212704,90.77953639827834,81.7671791731139,,"<a href=""https://m.stock.naver.com/domestic/stock/012030/total"" target=""_blank"">Naver</a>"
329180,HD현대중공업,72.59068437574795,92.46865339542263,32.44493574494208,50.44750803699102,79.07015197119517,,"<a href=""https://m.stock.naver.com/domestic/stock/329180/total"" target=""_blank"">Naver</a>"
383220,F&F,72.55092045118117,59.34036383153413,98.9343651123984,92.1067470731715,60.04872333687911,,"<a href=""https://m.stock.naver.com/domestic/stock/383220/total"" target=""_blank"">Naver</a>"
017800,현대엘리베이터,72.5089402206679,74.1355043251571,64.66914620429513,76.94636018796537,83.31430111406661,,"<a href=""https://m.stock.naver.com/domestic/stock/017800/total"" target=""_blank"">Naver</a>"
008040,사조동아원,72.46771313792803,83.80636068133627,48.69345033179463,62.09821375963604,76.0142554042802,,"<a href=""https://m.stock.naver.com/domestic/stock/008040/total"" target=""_blank"">Naver</a>"
007070,GS리테일,72.24576167033146,84.58845542532653,44.67885399333026,56.871257998545005,92.7169823389697,,"<a href=""https://m.stock.naver.com/domestic/stock/007070/total"" target=""_blank"">Naver</a>"
000640,동아쏘시오홀딩스,71.99591458422228,82.79934114118709,48.23670079815798,64.9823420189607,75.17800996148895,,"<a href=""https://m.stock.naver.com/domestic/stock/000640/total"" target=""_blank"">Naver</a>"
006980,우성,71.8265541042779,85.22229019019304,43.35483279088648,58.811224276339246,79.46698729613075,,"<a href=""https://m.stock.naver.com/domestic/stock/006980/total"" target=""_blank"">Naver</a>"
017940,E1,71.76912893820858,75.33110872108769,53.81000954718812,85.87599161712002,90.60724314093888,,"<a href=""https://m.stock.naver.com/domestic/stock/017940/total"" target=""_blank"">Naver</a>"
111110,호전실업,71.73364789811788,70.53694527753478,72.69223892299203,75.48100723851263,73.80640553995482,,"<a href=""https://m.stock.naver.com/domestic/stock/111110/total"" target=""_blank"">Naver</a>"
271560,오리온,71.72107346059664,61.80745082061461,81.89424058617168,99.41655547198953,84.4277454897201,,"<a href=""https://m.stock.naver.com/domestic/stock/271560/total"" target=""_blank"">Naver</a>"
005750,대림바스,71.6522346834647,85.2799303660561,42.03560822731138,67.22413392508443,65.0592202898949,,"<a href=""https://m.stock.naver.com/domestic/stock/005750/total"" target=""_blank"">Naver</a>"
200880,서연이화,71.64550977504086,77.21733693175125,56.83093431884986,65.86767659245626,90.41212754064041,,"<a href=""https://m.stock.naver.com/domestic/stock/200880/total"" target=""_blank"">Naver</a>"
000860,강남제비스코,71.35615446800915,79.13411278815147,45.98355353538418,87.91019970484746,71.77556881574962,,"<a href=""https://m.stock.naver.com/domestic/stock/000860/total"" target=""_blank"">Naver</a>"
227840,현대코퍼레이션홀딩스,71.3353089804535,63.39229805837422,79.80692867497775,99.2799386350948,68.40408226350084,,"<a href=""https://m.stock.naver.com/domestic/stock/227840/total"" target=""_blank"">Naver</a>"
002790,아모레퍼시픽홀딩스,71.31004823626678,74.97400078561533,53.98389664514243,97.44791619925363,61.69763967373237,,"<a href=""https://m.stock.naver.com/domestic/stock/002790/total"" target=""_blank"">Naver</a>"
204320,HL만도,71.22838751209306,78.58627996381098,50.95978437335494,71.1161999418151,84.50106892572464,,"<a href=""https://m.stock.naver.com/domestic/stock/204320/total"" target=""_blank"">Naver</a>"
003720,삼영,71.17882890378715,80.73109046442313,50.018283516367575,62.25553301781193,80.20100888520378,,"<a href=""https://m.stock.naver.com/domestic/stock/003720/total"" target=""_blank"">Naver</a>"
012320,경동인베스트,71.14813739996028,75.63363977615545,55.27115905287382,99.27478084043315,40.453713740104845,,"<a href=""https://m.stock.naver.com/domestic/stock/012320/total"" target=""_blank"">Naver</a>"
021820,세원정공,70.9716387828884,86.98187445237515,37.03670386950677,74.66712200015704,41.132518881418235,,"<a href=""https://m.stock.naver.com/domestic/stock/021820/total"" target=""_blank"">Naver</a>"
035420,NAVER,70.84142843621237,72.19476892899064,68.05322095721725,77.2986784545852,55.62787988110337,,"<a href=""https://m.stock.naver.com/domestic/stock/035420/total"" target=""_blank"">Naver</a>"
009440,KC그린홀딩스,70.67060059615332,84.33268779715776,44.37772007347433,47.98541233885638,83.56033331208882,,"<a href=""https://m.stock.naver.com/domestic/stock/009440/total"" target=""_blank"">Naver</a>"
145990,삼양사,70.648719825929,75.50663609510546,53.582854772654095,80.50234727317691,77.97579496769029,,"<a href=""https://m.stock.naver.com/domestic/stock/145990/total"" target=""_blank"">Naver</a>"
002140,고려산업,70.47862202553223,81.22744867938765,50.074504005694706,54.38419367193579,75.70214898564788,,"<a href=""https://m.stock.naver.com/domestic/stock/002140/total"" target=""_blank"">Naver</a>"
272550,삼양패키징,70.46804482577475,66.66666666666667,74.04933222577587,89.57323716747467,59.96776105166655,,"<a href=""https://m.stock.naver.com/domestic/stock/272550/total"" target=""_blank"">Naver</a>"
183190,아세아시멘트,70.45977618103095,70.87649265335246,65.3720694023447,79.9990728918369,71.81911898499222,,"<a href=""https://m.stock.naver.com/domestic/stock/183190/total"" target=""_blank"">Naver</a>"
020560,아시아나항공,70.39206739753153,73.42077613554504,73.88598629081629,38.89287383724705,79.57635519551468,,"<a href=""https://m.stock.naver.com/domestic/stock/020560/total"" target=""_blank"">Naver</a>"
005720,넥센,70.35272466670862,83.96192163686375,44.06930593726411,58.72691945608973,61.71106509330734,,"<a href=""https://m.stock.naver.com/domestic/stock/005720/total"" target=""_blank"">Naver</a>"
000500,가온전선,70.32835296950566,75.54201745375035,50.777758440183085,80.06804624088421,86.03796526242523,,"<a href=""https://m.stock.naver.com/domestic/stock/000500/total"" target=""_blank"">Naver</a>"
007310,오뚜기,70.28529340784682,66.87134703085201,69.70694153332109,87.85673619867111,79.00152372276459,,"<a href=""https://m.stock.naver.com/domestic/stock/007310/total"" target=""_blank"">Naver</a>"
010770,평화홀딩스,70.26813726898646,86.88821933340523,41.34303271616773,34.384078085679434,87.22079362666909,,"<a href=""https://m.stock.naver.com/domestic/stock/010770/total"" target=""_blank"">Naver</a>"
012510,더존비즈온,70.21273254831685,69.21014326005628,68.57012152081246,76.63000638491008,77.62231147177903,,"<a href=""https://m.stock.naver.com/domestic/stock/012510/total"" target=""_blank"">Naver</a>"
005380,현대차,70.13928949855956,70.73934574498955,62.37489685741455,80.53103650134196,80.97708374156025,,"<a href=""https://m.stock.naver.com/domestic/stock/005380/total"" target=""_blank"">Naver</a>"
004980,성신양회,70.0291984896676,85.14960889463717,41.77890265296029,45.365743174388236,79.16266344412833,,"<a href=""https://m.stock.naver.com/domestic/stock/004980/total"" target=""_blank"">Naver</a>"
019180,티에이치엔,69.7677075699503,88.79028948499513,31.42712672049237,44.33889543948972,84.05725309762343,,"<a href=""https://m.stock.naver.com/domestic/stock/019180/total"" target=""_blank"">Naver</a>"
002350,넥센타이어,69.65375491973752,84.80029419587841,41.218949027099995,55.8162423439242,57.74433822086144,,"<a href=""https://m.stock.naver.com/domestic/stock/002350/total"" target=""_blank"">Naver</a>"
064350,현대로템,69.61228546837233,68.27923913640974,70.62492473453618,68.8613848182967,82.04744642125533,,"<a href=""https://m.stock.naver.com/domestic/stock/064350/total"" target=""_blank"">Naver</a>"
361610,SK아이이테크놀로지,69.6030852847627,85.5342462876659,37.37970922630753,63.94874491017427,50.854714291377064,,"<a href=""https://m.stock.naver.com/domestic/stock/361610/total"" target=""_blank"">Naver</a>"
214420,토니모리,69.53524559400299,84.70759382841676,38.220853703473125,55.90441927039483,71.30067888090349,,"<a href=""https://m.stock.naver.com/domestic/stock/214420/total"" target=""_blank"">Naver</a>"
004140,동방,69.47264667021001,77.5651143302263,53.969888284109715,48.26204486374406,92.29803029344785,,"<a href=""https://m.stock.naver.com/domestic/stock/004140/total"" target=""_blank"">Naver</a>"
339770,교촌에프앤비,69.16497137077239,73.56073522807169,47.58605552213741,84.61355781322703,93.41321144144631,,"<a href=""https://m.stock.naver.com/domestic/stock/339770/total"" target=""_blank"">Naver</a>"
004830,덕성,69.10026552519778,71.1836087301691,51.348903821972925,95.01496565280553,81.02755532645078,,"<a href=""https://m.stock.naver.com/domestic/stock/004830/total"" target=""_blank"">Naver</a>"
001020,페이퍼코리아,68.98161596999257,82.68814495082735,49.47084091985084,36.615444283241175,66.78948682418667,,"<a href=""https://m.stock.naver.com/domestic/stock/001020/total"" target=""_blank"">Naver</a>"
001800,오리온홀딩스,68.97026443506547,61.50053648398356,72.8137983340079,99.16937933667415,78.99110055011917,,"<a href=""https://m.stock.naver.com/domestic/stock/001800/total"" target=""_blank"">Naver</a>"
007590,동방아그로,68.75852521542541,69.31639982422507,58.35871633690442,99.06424293048396,53.45163887231739,,"<a href=""https://m.stock.naver.com/domestic/stock/007590/total"" target=""_blank"">Naver</a>"
192080,더블유게임즈,68.56166149290537,70.51876131070368,50.0,100.0,75.00809412966328,,"<a href=""https://m.stock.naver.com/domestic/stock/192080/total"" target=""_blank"">Naver</a>"
073240,금호타이어,68.51654059618764,86.42391201838775,38.761456252384576,38.20118516879316,63.03421610359042,,"<a href=""https://m.stock.naver.com/domestic/stock/073240/total"" target=""_blank"">Naver</a>"
028100,동아지질,68.43958963884057,90.9241702561303,11.187634396512768,69.57375166972679,82.61607438123043,,"<a href=""https://m.stock.naver.com/domestic/stock/028100/total"" target=""_blank"">Naver</a>"
091810,티웨이항공,68.29150749726455,100.0,4.705961874955329,27.820876089957753,86.65858839059867,,"<a href=""https://m.stock.naver.com/domestic/stock/091810/total"" target=""_blank"">Naver</a>"
035510,신세계 I&C,68.0623654942778,56.71042735514334,79.09345824848533,99.44008886653424,86.37471264834087,,"<a href=""https://m.stock.naver.com/domestic/stock/035510/total"" target=""_blank"">Naver</a>"
009290,광동제약,67.88840578772316,70.74221266088267,51.0239248553512,83.43826443578865,86.86541067553775,,"<a href=""https://m.stock.naver.com/domestic/stock/009290/total"" target=""_blank"">Naver</a>"
002170,삼양통상,67.75710741070752,65.06250443116932,66.55079807460488,99.73701928888268,42.16406608932877,,"<a href=""https://m.stock.naver.com/domestic/stock/002170/total"" target=""_blank"">Naver</a>"
003280,흥아해운,67.06243773339656,55.11251218238149,85.83153036497276,82.52358422723022,85.6937882000293,,"<a href=""https://m.stock.naver.com/domestic/stock/003280/total"" target=""_blank"">Naver</a>"
018880,한온시스템,66.90387405297386,70.40291579073376,56.35747512831412,63.034097104191325,85.38692172071902,,"<a href=""https://m.stock.naver.com/domestic/stock/018880/total"" target=""_blank"">Naver</a>"
003850,보령,66.85667618594456,65.92056266135296,61.90338622375435,85.98159776544674,64.60664513299047,,"<a href=""https://m.stock.naver.com/domestic/stock/003850/total"" target=""_blank"">Naver</a>"
017390,서울가스,66.75625948434079,71.53313407534579,43.292963616258014,85.1314078117409,89.99994707789465,,"<a href=""https://m.stock.naver.com/domestic/stock/017390/total"" target=""_blank"">Naver</a>"
001630,종근당홀딩스,66.70869567414866,82.08365015691706,34.389104956428234,59.43735603980368,58.349874738219995,,"<a href=""https://m.stock.naver.com/domestic/stock/001630/total"" target=""_blank"">Naver</a>"
006340,대원전선,66.65757411020864,75.71335691560101,42.687977938993214,62.96933596708746,85.21263758781977,,"<a href=""https://m.stock.naver.com/domestic/stock/006340/total"" target=""_blank"">Naver</a>"
108670,LX하우시스,66.42993130105897,82.87170766329074,26.493036898315882,57.88630127887245,85.90034701236644,,"<a href=""https://m.stock.naver.com/domestic/stock/108670/total"" target=""_blank"">Naver</a>"
004710,한솔테크닉스,66.22445951506137,69.86326271426077,53.872936555447644,63.143126707566246,90.47910153772753,,"<a href=""https://m.stock.naver.com/domestic/stock/004710/total"" target=""_blank"">Naver</a>"
014580,태경비케이,66.1618630469993,56.9170239491198,73.24547510076216,98.05393618517313,77.89772567639115,,"<a href=""https://m.stock.naver.com/domestic/stock/014580/total"" target=""_blank"">Naver</a>"
002810,삼영무역,65.78831505435234,58.174113190316895,68.6608485625451,98.75296436594678,76.86677125862495,,"<a href=""https://m.stock.naver.com/domestic/stock/002810/total"" target=""_blank"">Naver</a>"
181710,NHN,65.59873898838102,68.56426807076706,47.621644754194136,89.81881625063765,71.45770664616975,,"<a href=""https://m.stock.naver.com/domestic/stock/181710/total"" target=""_blank"">Naver</a>"
037710,광주신세계,65.56651546776591,50.0,87.20925598496781,99.17445087445643,76.93512768156648,,"<a href=""https://m.stock.naver.com/domestic/stock/037710/total"" target=""_blank"">Naver</a>"
004720,팜젠사이언스,65.50357570971353,56.15795760728684,85.30505388697988,78.19824217132845,53.25426912927205,,"<a href=""https://m.stock.naver.com/domestic/stock/004720/total"" target=""_blank"">Naver</a>"
192400,쿠쿠홀딩스,65.4739269172421,54.086180080082954,77.75562918410903,99.62546058150083,72.41531030029962,,"<a href=""https://m.stock.naver.com/domestic/stock/192400/total"" target=""_blank"">Naver</a>"
001070,대한방직,65.31116592494945,77.35876879517183,34.185730411046954,69.74422018728401,67.50100052712422,,"<a href=""https://m.stock.naver.com/domestic/stock/001070/total"" target=""_blank"">Naver</a>"
006400,삼성SDI,65.30320939531072,60.58710810686684,71.22786239607636,72.4156085293382,78.0483615847541,,"<a href=""https://m.stock.naver.com/domestic/stock/006400/total"" target=""_blank"">Naver</a>"
016800,퍼시스,65.18591113104496,61.55680439050778,63.380538278109896,84.00449603679087,80.12488647067467,,"<a href=""https://m.stock.naver.com/domestic/stock/016800/total"" target=""_blank"">Naver</a>"
030200,KT,64.9914943864722,63.972176850081176,61.44109406143212,77.41783613954259,70.12262294222383,,"<a href=""https://m.stock.naver.com/domestic/stock/030200/total"" target=""_blank"">Naver</a>"
015230,대창단조,64.98081589782811,54.772820684697194,75.60045508845916,99.11224074999251,66.11571279791494,,"<a href=""https://m.stock.naver.com/domestic/stock/015230/total"" target=""_blank"">Naver</a>"
028260,삼성물산,64.9173149907036,61.520221744185726,60.536381585127664,90.03337003896029,77.35499088028433,,"<a href=""https://m.stock.naver.com/domestic/stock/028260/total"" target=""_blank"">Naver</a>"
082740,한화엔진,64.86727628211449,83.67115866988804,28.73428129706747,42.49076948608827,64.63867614611934,,"<a href=""https://m.stock.naver.com/domestic/stock/082740/total"" target=""_blank"">Naver</a>"
032640,LG유플러스,64.82430888807073,62.3543429518115,61.00760794909865,82.35352371937266,78.48897515543793,,"<a href=""https://m.stock.naver.com/domestic/stock/032640/total"" target=""_blank"">Naver</a>"
101530,해태제과식품,64.65779203212146,68.63217408288175,53.89279722762987,56.116807366523545,87.87215077665203,,"<a href=""https://m.stock.naver.com/domestic/stock/101530/total"" target=""_blank"">Naver</a>"
002360,SH에너지화학,64.64297712498474,63.95253516170953,49.44622649415393,98.9028433984963,80.3923012914182,,"<a href=""https://m.stock.naver.com/domestic/stock/002360/total"" target=""_blank"">Naver</a>"
053690,한미글로벌,64.62891740170646,56.734747563390385,68.31253829393289,92.84907795978458,84.50052988421096,,"<a href=""https://m.stock.naver.com/domestic/stock/053690/total"" target=""_blank"">Naver</a>"
003960,사조대림,64.53718782518612,59.7805874854227,61.302790274299475,88.86213538788144,89.13848453138993,,"<a href=""https://m.stock.naver.com/domestic/stock/003960/total"" target=""_blank"">Naver</a>"
014440,영보화학,64.41144808978898,59.966902447636876,61.46203422075151,99.74762473507819,61.820711850223056,,"<a href=""https://m.stock.naver.com/domestic/stock/014440/total"" target=""_blank"">Naver</a>"
404990,신한서부티엔디리츠,64.3325845723717,58.480223106746074,82.19489657101936,57.39929987522429,59.11593156093573,,"<a href=""https://m.stock.naver.com/domestic/stock/404990/total"" target=""_blank"">Naver</a>"
033270,유나이티드제약,64.27419731951098,50.0,84.34151619731318,99.4077782769261,64.96080884980135,,"<a href=""https://m.stock.naver.com/domestic/stock/033270/total"" target=""_blank"">Naver</a>"
000150,두산,64.23822726541665,77.28111404630774,30.84953240359768,63.115699373601345,76.91211598744901,,"<a href=""https://m.stock.naver.com/domestic/stock/000150/total"" target=""_blank"">Naver</a>"
072130,유엔젤,63.93505791660257,58.79270700102393,62.23926675966368,99.66697456101099,62.65839139942382,,"<a href=""https://m.stock.naver.com/domestic/stock/072130/total"" target=""_blank"">Naver</a>"
006880,신송홀딩스,63.900017656702985,72.28375502471422,46.328929178176146,46.296178345311745,86.35829025598488,,"<a href=""https://m.stock.naver.com/domestic/stock/006880/total"" target=""_blank"">Naver</a>"
026960,동서,63.77953223204605,50.96764441714547,78.38136714757395,99.88916648529798,72.29374292670967,,"<a href=""https://m.stock.naver.com/domestic/stock/026960/total"" target=""_blank"">Naver</a>"
009970,영원무역홀딩스,63.71593115095587,47.06507960190936,91.42022499351144,99.12156403623652,54.19341475617473,,"<a href=""https://m.stock.naver.com/domestic/stock/009970/total"" target=""_blank"">Naver</a>"
281820,케이씨텍,63.65793032479013,50.0,80.73375952703083,99.66355672296694,70.16269541471465,,"<a href=""https://m.stock.naver.com/domestic/stock/281820/total"" target=""_blank"">Naver</a>"
024090,디씨엠,63.57600230442486,50.0,78.34243768726868,99.60812784687093,80.59160195841208,,"<a href=""https://m.stock.naver.com/domestic/stock/024090/total"" target=""_blank"">Naver</a>"
017670,SK텔레콤,63.483761075169426,59.825013828166696,64.47439883811441,77.24550097455271,74.91205942571065,,"<a href=""https://m.stock.naver.com/domestic/stock/017670/total"" target=""_blank"">Naver</a>"
002070,비비안,63.44207820471382,80.07546891773187,27.855121681390695,55.045411729630175,58.56950521528023,,"<a href=""https://m.stock.naver.com/domestic/stock/002070/total"" target=""_blank"">Naver</a>"
178920,PI첨단소재,63.436053149472244,50.0,84.18790379785506,97.64700151179639,52.48754097657688,,"<a href=""https://m.stock.naver.com/domestic/stock/178920/total"" target=""_blank"">Naver</a>"
008260,NI스틸,63.43253859211864,50.0,88.83351347027201,74.15207824501815,76.17904800097654,,"<a href=""https://m.stock.naver.com/domestic/stock/008260/total"" target=""_blank"">Naver</a>"
017960,한국카본,63.349541379674406,64.02960954413733,56.439144518752386,82.38392367608841,51.67194311790148,,"<a href=""https://m.stock.naver.com/domestic/stock/017960/total"" target=""_blank"">Naver</a>"
023590,다우기술,63.089914823762726,62.35573246518772,69.93745521575202,44.434235144764095,74.97376052471367,,"<a href=""https://m.stock.naver.com/domestic/stock/023590/total"" target=""_blank"">Naver</a>"
102260,동성케미컬,62.9769655150191,59.72357625454443,59.77348210364308,88.44494905660724,67.09908661441901,,"<a href=""https://m.stock.naver.com/domestic/stock/102260/total"" target=""_blank"">Naver</a>"
003220,대원제약,62.84912897017188,55.76826448940432,67.5742002222914,91.7509536653962,66.39049708833633,,"<a href=""https://m.stock.naver.com/domestic/stock/003220/total"" target=""_blank"">Naver</a>"
338100,NH프라임리츠,62.84555523742082,50.0,87.3855979914244,99.9915573956472,20.0,,"<a href=""https://m.stock.naver.com/domestic/stock/338100/total"" target=""_blank"">Naver</a>"
001770,SHD,62.79378158332642,50.0,77.96461266216697,93.95063328188937,78.15130179191465,,"<a href=""https://m.stock.naver.com/domestic/stock/001770/total"" target=""_blank"">Naver</a>"
372910,한컴라이프케어,62.71720404679604,62.32335280331102,56.65944709140541,81.7364492302736,59.69371337861429,,"<a href=""https://m.stock.naver.com/domestic/stock/372910/total"" target=""_blank"">Naver</a>"
111770,영원무역,62.633728588877716,45.362851538643895,90.7935397818682,98.90216334851971,56.548327707447164,,"<a href=""https://m.stock.naver.com/domestic/stock/111770/total"" target=""_blank"">Naver</a>"
002030,아세아,62.63280842420177,54.16967190169951,68.70471596137777,90.95101361736309,77.1944986220262,,"<a href=""https://m.stock.naver.com/domestic/stock/002030/total"" target=""_blank"">Naver</a>"
013580,계룡건설,62.58871471824017,62.25134166062178,54.98462269351156,70.17092251099864,89.49323594778689,,"<a href=""https://m.stock.naver.com/domestic/stock/013580/total"" target=""_blank"">Naver</a>"
306200,세아제강,62.43981519231035,50.0,77.75189127608466,90.30129477709987,79.4342579115837,,"<a href=""https://m.stock.naver.com/domestic/stock/306200/total"" target=""_blank"">Naver</a>"
013000,세우글로벌,62.43293902877828,58.46486163895084,54.40937182665871,99.67089668425405,75.69178840635381,,"<a href=""https://m.stock.naver.com/domestic/stock/013000/total"" target=""_blank"">Naver</a>"
010690,화신,62.228112191879156,57.89636107256238,65.08706495621321,67.78510994962815,88.80036628651214,,"<a href=""https://m.stock.naver.com/domestic/stock/010690/total"" target=""_blank"">Naver</a>"
002960,한국쉘석유,62.10671350171236,50.0,72.12946765445261,99.17254347961155,83.14184480276111,,"<a href=""https://m.stock.naver.com/domestic/stock/002960/total"" target=""_blank"">Naver</a>"
002780,진흥기업,62.0766401875125,50.0,74.60290089078245,93.91149243737823,80.69531442158132,,"<a href=""https://m.stock.naver.com/domestic/stock/002780/total"" target=""_blank"">Naver</a>"
069730,DSR제강,62.01657866043768,50.0,76.28553959149285,95.97754669578062,66.94878185972802,,"<a href=""https://m.stock.naver.com/domestic/stock/069730/total"" target=""_blank"">Naver</a>"
012750,에스원,61.94513871998938,52.969929079624194,62.7507927936498,98.31661069549105,92.8764400850662,,"<a href=""https://m.stock.naver.com/domestic/stock/012750/total"" target=""_blank"">Naver</a>"
004090,한국석유,61.912133233125545,60.820294467262755,53.22417345257267,77.52631089254187,87.2256420074107,,"<a href=""https://m.stock.naver.com/domestic/stock/004090/total"" target=""_blank"">Naver</a>"
104700,한국철강,61.673746524670975,50.0,69.75016472172139,99.53302643501878,85.65805401477509,,"<a href=""https://m.stock.naver.com/domestic/stock/104700/total"" target=""_blank"">Naver</a>"
280360,롯데웰푸드,61.58004651195365,63.17414404688099,46.7994503773899,81.51716163454196,76.4796265204676,,"<a href=""https://m.stock.naver.com/domestic/stock/280360/total"" target=""_blank"">Naver</a>"
009680,모토닉,61.54570166468174,53.03370411550785,62.81605097045351,99.7979700027995,80.83338904967391,,"<a href=""https://m.stock.naver.com/domestic/stock/009680/total"" target=""_blank"">Naver</a>"
088260,이리츠코크렙,61.53425152319876,57.04479387203725,84.19708708308377,52.58103429205467,20.0,,"<a href=""https://m.stock.naver.com/domestic/stock/088260/total"" target=""_blank"">Naver</a>"
005690,파미셀,61.47187311213494,50.0,82.65723755576164,86.37316165614463,43.40495115160133,,"<a href=""https://m.stock.naver.com/domestic/stock/005690/total"" target=""_blank"">Naver</a>"
000390,삼화페인트,61.36811995800233,61.594986718325316,49.278178385898556,83.81743935177336,74.19678790710334,,"<a href=""https://m.stock.naver.com/domestic/stock/000390/total"" target=""_blank"">Naver</a>"
357120,코람코라이프인프라리츠,61.242999059848685,50.0,82.48315480779337,76.22210357900339,60.0,,"<a href=""https://m.stock.naver.com/domestic/stock/357120/total"" target=""_blank"">Naver</a>"
000120,CJ대한통운,61.184604536434605,61.26660179741233,51.47793583442664,70.87274530880723,89.35769936999667,,"<a href=""https://m.stock.naver.com/domestic/stock/000120/total"" target=""_blank"">Naver</a>"
134380,미원화학,61.18460267113628,50.0,67.64104786234026,99.71449778279893,86.05781854542654,,"<a href=""https://m.stock.naver.com/domestic/stock/134380/total"" target=""_blank"">Naver</a>"
015590,DKME,61.05567076311809,50.0,73.78909459925042,90.62175525995993,70.92443174618974,,"<a href=""https://m.stock.naver.com/domestic/stock/015590/total"" target=""_blank"">Naver</a>"
293480,하나제약,61.04423948863372,50.0,74.93122318543841,98.42228537308982,49.384103099302735,,"<a href=""https://m.stock.naver.com/domestic/stock/293480/total"" target=""_blank"">Naver</a>"
282330,BGF리테일,60.98203060654498,56.81692570293026,62.91971284806206,63.33914835166653,96.5606427520932,,"<a href=""https://m.stock.naver.com/domestic/stock/282330/total"" target=""_blank"">Naver</a>"
005390,신성통상,60.915409275304114,52.74962701401956,70.36752195570249,75.62778978455114,82.2194719902329,,"<a href=""https://m.stock.naver.com/domestic/stock/005390/total"" target=""_blank"">Naver</a>"
023450,동남합성,60.87034598693532,50.0,70.44507264398163,87.01619920258523,91.14915811362778,,"<a href=""https://m.stock.naver.com/domestic/stock/023450/total"" target=""_blank"">Naver</a>"
030190,NICE평가정보,60.82323821880536,44.74179047440061,78.85352658280037,98.41171850469364,88.47220875991067,,"<a href=""https://m.stock.naver.com/domestic/stock/030190/total"" target=""_blank"">Naver</a>"
090080,평화산업,60.80518130630047,63.09731450616463,55.26385468899847,46.018870604106,90.5788373988295,,"<a href=""https://m.stock.naver.com/domestic/stock/090080/total"" target=""_blank"">Naver</a>"
010060,OCI홀딩스,60.50179805091767,41.44271134164382,93.67609612099238,98.2171209935145,47.90870232663657,,"<a href=""https://m.stock.naver.com/domestic/stock/010060/total"" target=""_blank"">Naver</a>"
008110,대동전자,60.4976569750641,49.02297748126265,70.36211665544381,99.70408581514351,70.45865481862415,,"<a href=""https://m.stock.naver.com/domestic/stock/008110/total"" target=""_blank"">Naver</a>"
120030,조선선재,60.39008927664577,50.0,75.94206387751213,88.5590205295536,50.97342508624767,,"<a href=""https://m.stock.naver.com/domestic/stock/120030/total"" target=""_blank"">Naver</a>"
248170,샘표식품,60.35735381586856,57.24040185934081,52.80536085081062,89.65680777736092,76.92183419650645,,"<a href=""https://m.stock.naver.com/domestic/stock/248170/total"" target=""_blank"">Naver</a>"
326030,SK바이오팜,60.32813648472492,87.21861082275,0.0,62.61550925009824,34.70838132130218,,"<a href=""https://m.stock.naver.com/domestic/stock/326030/total"" target=""_blank"">Naver</a>"
015860,일진홀딩스,60.273187695992505,58.8980345873615,49.10834518154485,86.48110287014538,80.18340722349701,,"<a href=""https://m.stock.naver.com/domestic/stock/015860/total"" target=""_blank"">Naver</a>"
010400,우진아이엔에스,60.22602052420707,71.82482274722533,23.267967918414683,74.56189695611329,77.15890401313756,,"<a href=""https://m.stock.naver.com/domestic/stock/010400/total"" target=""_blank"">Naver</a>"
071320,지역난방공사,60.22343898675718,83.6971794839175,12.036284712117316,29.26391714202586,81.39336808349539,,"<a href=""https://m.stock.naver.com/domestic/stock/071320/total"" target=""_blank"">Naver</a>"
003300,한일홀딩스,60.202015563758216,55.94866733762998,54.12659412865097,95.0955232767422,71.83228602686539,,"<a href=""https://m.stock.naver.com/domestic/stock/003300/total"" target=""_blank"">Naver</a>"
011420,갤럭시아에스엠,60.174203344175055,50.0,80.36030461586328,75.66211496404546,50.35831387609369,,"<a href=""https://m.stock.naver.com/domestic/stock/011420/total"" target=""_blank"">Naver</a>"
021240,코웨이,60.14256290280192,44.61918265250984,82.88987633946473,86.10779865988155,80.75608720883352,,"<a href=""https://m.stock.naver.com/domestic/stock/021240/total"" target=""_blank"">Naver</a>"
008420,문배철강,60.11899441282925,50.0,69.4010067692115,87.72525973250931,79.92433494550886,,"<a href=""https://m.stock.naver.com/domestic/stock/008420/total"" target=""_blank"">Naver</a>"
003830,대한화섬,60.06093850933913,50.0,67.60854745413648,97.83302825440725,67.50997640728555,,"<a href=""https://m.stock.naver.com/domestic/stock/003830/total"" target=""_blank"">Naver</a>"
003560,IHQ,59.98709646227651,88.14416661618192,0.0,43.133338705106475,55.74525244113436,,"<a href=""https://m.stock.naver.com/domestic/stock/003560/total"" target=""_blank"">Naver</a>"
001130,대한제분,59.92149569109379,56.684428392193404,51.62568021978863,91.01148301329687,78.06540599001802,,"<a href=""https://m.stock.naver.com/domestic/stock/001130/total"" target=""_blank"">Naver</a>"
264900,크라운제과,59.90012970669442,50.0,64.5987665691204,92.51181533802642,89.98513061223352,,"<a href=""https://m.stock.naver.com/domestic/stock/264900/total"" target=""_blank"">Naver</a>"
030000,제일기획,59.8887328824044,50.0152746165154,66.89127334253074,89.89681077509766,83.34137398705417,,"<a href=""https://m.stock.naver.com/domestic/stock/030000/total"" target=""_blank"">Naver</a>"
016090,대현,59.878610710321524,50.0,69.06882290252538,99.43335568450851,53.36138832478672,,"<a href=""https://m.stock.naver.com/domestic/stock/016090/total"" target=""_blank"">Naver</a>"
015260,에이엔피,59.698950546602745,83.22055125074554,4.873327370962715,42.56953401540808,85.82669103747861,,"<a href=""https://m.stock.naver.com/domestic/stock/015260/total"" target=""_blank"">Naver</a>"
010140,삼성중공업,59.51493996648796,85.33687295806732,3.877295843686786,39.429359156770914,68.01112630097562,,"<a href=""https://m.stock.naver.com/domestic/stock/010140/total"" target=""_blank"">Naver</a>"
070960,모나용평,59.44566225802545,77.3364533558198,23.215207004818875,44.18343349269459,56.432902881188056,,"<a href=""https://m.stock.naver.com/domestic/stock/070960/total"" target=""_blank"">Naver</a>"
145270,케이탑리츠,59.43003526404149,47.142325527563266,90.41707606956341,55.403709301126895,60.0,,"<a href=""https://m.stock.naver.com/domestic/stock/145270/total"" target=""_blank"">Naver</a>"
000850,화천기공,59.39040669195323,48.51998284281182,69.15866928747518,98.31582776688285,63.143337754181154,,"<a href=""https://m.stock.naver.com/domestic/stock/000850/total"" target=""_blank"">Naver</a>"
004450,삼화왕관,59.38111226297828,72.15467400524668,17.08199568202933,80.14233744558726,76.07150389528441,,"<a href=""https://m.stock.naver.com/domestic/stock/004450/total"" target=""_blank"">Naver</a>"
417310,코람코더원리츠,59.359721213260855,50.0,81.25935521479222,71.04946714308704,38.798713905081925,,"<a href=""https://m.stock.naver.com/domestic/stock/417310/total"" target=""_blank"">Naver</a>"
136490,선진,59.329086461701735,59.356381444160405,52.19668638612063,64.12064807918331,85.08042381514001,,"<a href=""https://m.stock.naver.com/domestic/stock/136490/total"" target=""_blank"">Naver</a>"
003120,일성아이에스,59.15440255256711,50.0,79.99124947415083,74.72589494792318,33.68001378474179,,"<a href=""https://m.stock.naver.com/domestic/stock/003120/total"" target=""_blank"">Naver</a>"
006390,한일현대시멘트,59.09809052133947,50.0,66.11745627516608,89.87843839994738,71.61765225106416,,"<a href=""https://m.stock.naver.com/domestic/stock/006390/total"" target=""_blank"">Naver</a>"
024900,디와이덕양,59.045211388592094,57.71630875471584,54.47779235300947,60.64361743606617,94.63232607807215,,"<a href=""https://m.stock.naver.com/domestic/stock/024900/total"" target=""_blank"">Naver</a>"
001790,대한제당,58.84144113010571,58.231221731934,50.197509435866955,73.40733122876881,80.25195218203382,,"<a href=""https://m.stock.naver.com/domestic/stock/001790/total"" target=""_blank"">Naver</a>"
016710,대성홀딩스,58.66777102130238,50.05196272515038,72.55382085419791,60.46292500865249,89.0369134359484,,"<a href=""https://m.stock.naver.com/domestic/stock/016710/total"" target=""_blank"">Naver</a>"
330590,롯데리츠,58.643097798767315,50.0,80.3357954841532,59.1418907692465,52.89919701608717,,"<a href=""https://m.stock.naver.com/domestic/stock/330590/total"" target=""_blank"">Naver</a>"
001550,조비,58.52097687432906,50.0,67.49934163518405,87.47742333440542,57.96798264184994,,"<a href=""https://m.stock.naver.com/domestic/stock/001550/total"" target=""_blank"">Naver</a>"
004080,신흥,58.46330965981311,49.16146562750216,65.45674519970562,94.4907541316272,63.06337140445395,,"<a href=""https://m.stock.naver.com/domestic/stock/004080/total"" target=""_blank"">Naver</a>"
005500,삼진제약,58.39129985331029,50.0,65.7235987485656,94.89856237739633,49.410878568585,,"<a href=""https://m.stock.naver.com/domestic/stock/005500/total"" target=""_blank"">Naver</a>"
079430,현대리바트,58.33966163371985,71.14678910721024,20.384850948030316,61.88544854865919,87.33661155040423,,"<a href=""https://m.stock.naver.com/domestic/stock/079430/total"" target=""_blank"">Naver</a>"
007540,샘표,58.31045398853701,53.86582801861579,52.963991296369585,91.28133669672204,72.43651367205887,,"<a href=""https://m.stock.naver.com/domestic/stock/007540/total"" target=""_blank"">Naver</a>"
005610,SPC삼립,58.26488668550198,55.19813997842354,56.81137545127752,62.77211176307654,93.31895318641648,,"<a href=""https://m.stock.naver.com/domestic/stock/005610/total"" target=""_blank"">Naver</a>"
013360,일성건설,58.25831576397615,62.27924725067883,43.506345980584236,63.04702506243514,74.18956824358558,,"<a href=""https://m.stock.naver.com/domestic/stock/013360/total"" target=""_blank"">Naver</a>"
018500,동원금속,58.20058937572999,55.921907077397414,66.4973245243938,41.270957931970074,77.92036409992161,,"<a href=""https://m.stock.naver.com/domestic/stock/018500/total"" target=""_blank"">Naver</a>"
005070,코스모신소재,58.15894761092081,50.0,64.02558316083868,81.88338166786173,79.28427307849945,,"<a href=""https://m.stock.naver.com/domestic/stock/005070/total"" target=""_blank"">Naver</a>"
008350,남선알미늄,58.10809906530593,55.46900451881145,54.973618743409965,73.4043899939242,74.85705337548299,,"<a href=""https://m.stock.naver.com/domestic/stock/008350/total"" target=""_blank"">Naver</a>"
453340,현대그린푸드,58.081125492229944,50.0,56.57022564227245,97.419515998245,83.93234963674657,,"<a href=""https://m.stock.naver.com/domestic/stock/453340/total"" target=""_blank"">Naver</a>"
004440,삼일씨엔에스,58.050284072177305,67.33866680720986,28.267212702023944,72.82759632676719,65.95042359337356,,"<a href=""https://m.stock.naver.com/domestic/stock/004440/total"" target=""_blank"">Naver</a>"
002760,보락,58.04956324256941,50.0,60.513911148038375,98.94941523212422,60.52287864694796,,"<a href=""https://m.stock.naver.com/domestic/stock/002760/total"" target=""_blank"">Naver</a>"
267850,아시아나IDT,58.018586537574556,50.0,56.54879538036143,99.28686760605721,79.05401863756951,,"<a href=""https://m.stock.naver.com/domestic/stock/267850/total"" target=""_blank"">Naver</a>"
007280,한국특강,57.867782260305574,50.0,66.58829101332346,68.52686597375123,87.36045819199174,,"<a href=""https://m.stock.naver.com/domestic/stock/007280/total"" target=""_blank"">Naver</a>"
014160,대영포장,57.86768887271444,50.0,56.587713736010585,91.44795858551893,91.51929160319793,,"<a href=""https://m.stock.naver.com/domestic/stock/014160/total"" target=""_blank"">Naver</a>"
003920,남양유업,57.73015396905073,74.62958058927111,7.017404613744515,74.65762886826442,74.64583150451003,,"<a href=""https://m.stock.naver.com/domestic/stock/003920/total"" target=""_blank"">Naver</a>"
244920,에이플러스에셋,57.5689982928531,56.02867545017029,48.66668160644804,75.41523232070222,84.87198778137392,,"<a href=""https://m.stock.naver.com/domestic/stock/244920/total"" target=""_blank"">Naver</a>"
023000,삼원강재,57.45842587964741,50.0,54.34900086865753,99.25038066652242,78.92275191661564,,"<a href=""https://m.stock.naver.com/domestic/stock/023000/total"" target=""_blank"">Naver</a>"
381970,케이카,57.249978115548245,50.0,55.49362785990667,87.83890591515555,91.85361118112048,,"<a href=""https://m.stock.naver.com/domestic/stock/381970/total"" target=""_blank"">Naver</a>"
008500,일정실업,57.17503126979037,84.11333057684749,0.0,27.931848698508716,78.27696107662013,,"<a href=""https://m.stock.naver.com/domestic/stock/008500/total"" target=""_blank"">Naver</a>"
003350,한국화장품제조,57.174559044192044,50.0,54.11236358669187,94.10932784802138,84.71070725433877,,"<a href=""https://m.stock.naver.com/domestic/stock/003350/total"" target=""_blank"">Naver</a>"
067830,세이브존I&C,57.01751634780542,50.0,58.675203113005104,86.47247693900131,74.02935751308016,,"<a href=""https://m.stock.naver.com/domestic/stock/067830/total"" target=""_blank"">Naver</a>"
029530,신도리코,56.92426751782028,53.917493891441474,56.00561559035501,74.75131471402874,61.944716279275454,,"<a href=""https://m.stock.naver.com/domestic/stock/029530/total"" target=""_blank"">Naver</a>"
025000,KPX케미칼,56.87992055850951,50.941885879302426,55.34141363626575,83.72887894859883,82.13095454003472,,"<a href=""https://m.stock.naver.com/domestic/stock/025000/total"" target=""_blank"">Naver</a>"
026940,부국철강,56.86469640053031,50.0,52.411535308369785,99.45213642709557,76.33197861456618,,"<a href=""https://m.stock.naver.com/domestic/stock/026940/total"" target=""_blank"">Naver</a>"
079160,CJ CGV,56.70203155791886,80.57170796938556,8.953246950002045,27.5,67.41390077574022,,"<a href=""https://m.stock.naver.com/domestic/stock/079160/total"" target=""_blank"">Naver</a>"
058860,KTis,56.69098400963365,50.0,55.19302480137361,82.33097206256468,93.19261206067566,,"<a href=""https://m.stock.naver.com/domestic/stock/058860/total"" target=""_blank"">Naver</a>"
004870,티웨이홀딩스,56.64713658475737,50.0,66.66666666666667,71.48841209379748,56.63257417421898,,"<a href=""https://m.stock.naver.com/domestic/stock/004870/total"" target=""_blank"">Naver</a>"
271940,일진하이솔루스,56.617925277129444,50.0,52.313282021270766,99.77927478707424,71.23354586208649,,"<a href=""https://m.stock.naver.com/domestic/stock/271940/total"" target=""_blank"">Naver</a>"
004910,조광페인트,56.574769412851055,66.49417034718734,34.4541058876508,48.47433789046007,64.34613887159891,,"<a href=""https://m.stock.naver.com/domestic/stock/004910/total"" target=""_blank"">Naver</a>"
009140,경인전자,56.51423582467771,52.586992413755574,49.893338535795095,99.82980414268273,50.1145065641463,,"<a href=""https://m.stock.naver.com/domestic/stock/009140/total"" target=""_blank"">Naver</a>"
161390,한국타이어앤테크놀로지,56.3971700696648,47.829735548921214,61.59601253252337,95.04103627272953,55.92443959816561,,"<a href=""https://m.stock.naver.com/domestic/stock/161390/total"" target=""_blank"">Naver</a>"
128940,한미약품,56.3415818759059,46.66529460465966,68.8296420032673,84.31435014550122,54.07119195486318,,"<a href=""https://m.stock.naver.com/domestic/stock/128940/total"" target=""_blank"">Naver</a>"
068290,삼성출판사,56.29300471716886,50.0,67.03874440906672,74.48892408198984,41.6885241340639,,"<a href=""https://m.stock.naver.com/domestic/stock/068290/total"" target=""_blank"">Naver</a>"
011500,한농화성,56.281024755016894,50.0,51.69175150282735,92.35292910450322,82.45587937719469,,"<a href=""https://m.stock.naver.com/domestic/stock/011500/total"" target=""_blank"">Naver</a>"
126560,현대퓨처넷,56.168298891084305,52.653266951944495,48.534722170752104,99.80733146757213,49.238500609447414,,"<a href=""https://m.stock.naver.com/domestic/stock/126560/total"" target=""_blank"">Naver</a>"
012690,모나리자,56.02261601114019,50.0,47.65830935228339,98.1855948025806,85.78958385622559,,"<a href=""https://m.stock.naver.com/domestic/stock/012690/total"" target=""_blank"">Naver</a>"
012450,한화에어로스페이스,55.99526419401417,55.3849421552319,62.74403412854042,47.935776993185904,45.69425338842679,,"<a href=""https://m.stock.naver.com/domestic/stock/012450/total"" target=""_blank"">Naver</a>"
086280,현대글로비스,55.9759137782564,42.64146868187046,65.8281437815749,93.72902119700326,91.22189008080146,,"<a href=""https://m.stock.naver.com/domestic/stock/086280/total"" target=""_blank"">Naver</a>"
011760,현대코퍼레이션,55.91613712320355,54.79126026044784,46.67678596236112,67.66115923225045,92.12137106239042,,"<a href=""https://m.stock.naver.com/domestic/stock/011760/total"" target=""_blank"">Naver</a>"
000100,유한양행,55.88691709513668,50.719050256902335,50.255458007782835,98.96562299601334,59.90120278896477,,"<a href=""https://m.stock.naver.com/domestic/stock/000100/total"" target=""_blank"">Naver</a>"
357250,미래에셋맵스리츠,55.86665850006243,50.0,72.79769053927575,66.6723586524349,20.0,,"<a href=""https://m.stock.naver.com/domestic/stock/357250/total"" target=""_blank"">Naver</a>"
069460,대호에이엘,55.847742034385114,50.0,57.46841655947882,75.34386974003885,78.9250184102305,,"<a href=""https://m.stock.naver.com/domestic/stock/069460/total"" target=""_blank"">Naver</a>"
395400,SK리츠,55.841020553192834,50.0,73.9644327771718,43.499123588998856,60.0,,"<a href=""https://m.stock.naver.com/domestic/stock/395400/total"" target=""_blank"">Naver</a>"
000720,현대건설,55.82530101853846,51.26595501177497,49.035817633536304,83.25489033182436,89.62569139813932,,"<a href=""https://m.stock.naver.com/domestic/stock/000720/total"" target=""_blank"">Naver</a>"
018470,조일알미늄,55.75748971189999,50.0,56.052204788193706,78.65419739423287,77.58037550856564,,"<a href=""https://m.stock.naver.com/domestic/stock/018470/total"" target=""_blank"">Naver</a>"
014710,사조씨푸드,55.689482727550114,50.0,55.03512380048253,88.98883705331404,60.63636144196158,,"<a href=""https://m.stock.naver.com/domestic/stock/014710/total"" target=""_blank"">Naver</a>"
003670,포스코퓨처엠,55.615281218556554,53.58054641724386,52.503618947569095,73.37139666713897,60.078179292081394,,"<a href=""https://m.stock.naver.com/domestic/stock/003670/total"" target=""_blank"">Naver</a>"
005870,휴니드,55.58852180628668,50.0,56.961692054737426,88.73208134763058,49.49781315678524,,"<a href=""https://m.stock.naver.com/domestic/stock/005870/total"" target=""_blank"">Naver</a>"
005800,신영와코루,55.57299539099202,46.402776259966906,62.25692836867762,99.70840704965323,43.92513675754289,,"<a href=""https://m.stock.naver.com/domestic/stock/005800/total"" target=""_blank"">Naver</a>"
010660,화천기계,55.54346672110167,50.0,45.62611059610109,96.73499008011913,89.26880128128965,,"<a href=""https://m.stock.naver.com/domestic/stock/010660/total"" target=""_blank"">Naver</a>"
044450,KSS해운,55.431670353159554,48.43101402769463,69.19814445206065,53.065486218807145,75.33954403293797,,"<a href=""https://m.stock.naver.com/domestic/stock/044450/total"" target=""_blank"">Naver</a>"
006040,동원산업,55.392457659362265,48.46841636226886,56.489263138427525,78.19285793159847,87.39612528468436,,"<a href=""https://m.stock.naver.com/domestic/stock/006040/total"" target=""_blank"">Naver</a>"
069640,한세엠케이,55.26443518309521,76.31453949267758,5.848615141841125,51.79182840153454,56.68749723749859,,"<a href=""https://m.stock.naver.com/domestic/stock/069640/total"" target=""_blank"">Naver</a>"
083420,그린케미칼,55.21410209184912,50.0,48.673720437006146,86.83974574825461,87.2339481554424,,"<a href=""https://m.stock.naver.com/domestic/stock/083420/total"" target=""_blank"">Naver</a>"
011150,CJ씨푸드,55.19524841745539,50.0,58.17987667022402,68.06520245289141,76.87518009220476,,"<a href=""https://m.stock.naver.com/domestic/stock/011150/total"" target=""_blank"">Naver</a>"
034590,인천도시가스,55.15771159847131,50.0,49.14851865903487,89.7783427563875,77.85495316147696,,"<a href=""https://m.stock.naver.com/domestic/stock/034590/total"" target=""_blank"">Naver</a>"
013870,지엠비코리아,55.06886128576632,55.841544639614945,45.12953260934097,67.12024968396256,71.39052762531699,,"<a href=""https://m.stock.naver.com/domestic/stock/013870/total"" target=""_blank"">Naver</a>"
006090,사조오양,54.757414635854936,50.0,50.25294635937982,84.08944071184739,75.7046794965048,,"<a href=""https://m.stock.naver.com/domestic/stock/006090/total"" target=""_blank"">Naver</a>"
002690,동일제강,54.735667970078964,50.0,45.353675460207455,99.65074546422872,68.64349117208455,,"<a href=""https://m.stock.naver.com/domestic/stock/002690/total"" target=""_blank"">Naver</a>"
003550,LG,54.67407496068114,40.65471820389425,84.39515317608259,74.32455744323944,35.0,,"<a href=""https://m.stock.naver.com/domestic/stock/003550/total"" target=""_blank"">Naver</a>"
001940,KISCO홀딩스,54.66786198953488,37.8795412962883,71.16951947180338,99.67025475763984,83.61463736094142,,"<a href=""https://m.stock.naver.com/domestic/stock/001940/total"" target=""_blank"">Naver</a>"
023960,에쓰씨엔지니어링,54.59123492552204,43.613642733634855,67.4404452089873,69.74065821990419,91.77744322207754,,"<a href=""https://m.stock.naver.com/domestic/stock/023960/total"" target=""_blank"">Naver</a>"
007110,일신석재,54.535651658944516,50.0,49.07287210961976,81.67705807544625,81.99455647989886,,"<a href=""https://m.stock.naver.com/domestic/stock/007110/total"" target=""_blank"">Naver</a>"
077970,STX엔진,54.5322922169107,71.58727212589012,12.220625284212554,56.239023680906286,58.017405044657096,,"<a href=""https://m.stock.naver.com/domestic/stock/077970/total"" target=""_blank"">Naver</a>"
058850,KTcs,54.51605156492627,45.50844067828577,53.72168259861138,90.9037544612165,93.80382124360615,,"<a href=""https://m.stock.naver.com/domestic/stock/058850/total"" target=""_blank"">Naver</a>"
084680,이월드,54.318306484718974,50.0,60.74518174799916,65.22988785085677,52.18044525267011,,"<a href=""https://m.stock.naver.com/domestic/stock/084680/total"" target=""_blank"">Naver</a>"
015760,한국전력,54.29580095524386,79.91072620235616,0.0,27.306133725418555,72.37503722576628,,"<a href=""https://m.stock.naver.com/domestic/stock/015760/total"" target=""_blank"">Naver</a>"
450080,에코프로머티,54.25569251524004,50.0,53.55138985066105,74.69154256512057,67.97381592125441,,"<a href=""https://m.stock.naver.com/domestic/stock/450080/total"" target=""_blank"">Naver</a>"
004690,삼천리,54.227030326628764,50.16384519631342,48.42693573404009,74.20347349659366,92.03283851342641,,"<a href=""https://m.stock.naver.com/domestic/stock/004690/total"" target=""_blank"">Naver</a>"
009450,경동나비엔,54.130520364313256,46.61648851845814,57.66330194077926,85.1090907516861,64.67785385749886,,"<a href=""https://m.stock.naver.com/domestic/stock/009450/total"" target=""_blank"">Naver</a>"
009770,삼정펄프,54.117400485251316,50.0,40.744578867356545,99.76928452115457,79.08654632593434,,"<a href=""https://m.stock.naver.com/domestic/stock/009770/total"" target=""_blank"">Naver</a>"
003160,디아이,53.972807382917004,45.15404267022262,60.73740988596277,87.49394316132604,58.93269986320279,,"<a href=""https://m.stock.naver.com/domestic/stock/003160/total"" target=""_blank"">Naver</a>"
004700,조광피혁,53.929628898390696,50.0,47.815353716156984,98.178138568214,43.15953225060097,,"<a href=""https://m.stock.naver.com/domestic/stock/004700/total"" target=""_blank"">Naver</a>"
180640,한진칼,53.76083054212105,41.595552692378426,89.36093257033126,36.59781760696197,56.06968046829964,,"<a href=""https://m.stock.naver.com/domestic/stock/180640/total"" target=""_blank"">Naver</a>"
002310,아세아제지,53.68162538550588,36.327976576164296,71.9697869698815,98.82353766110917,80.20077862452034,,"<a href=""https://m.stock.naver.com/domestic/stock/002310/total"" target=""_blank"">Naver</a>"
037560,LG헬로비전,53.41126180435186,56.37325612369202,31.289720120235277,78.03452373056143,79.22851454043371,,"<a href=""https://m.stock.naver.com/domestic/stock/037560/total"" target=""_blank"">Naver</a>"
092440,기신정기,53.33559447872822,44.360370592519224,58.05331087996094,99.84999576723764,44.42089653005362,,"<a href=""https://m.stock.naver.com/domestic/stock/092440/total"" target=""_blank"">Naver</a>"
004310,현대약품,53.3088986672628,50.0,44.25697042277067,85.24832550997822,74.39647021144619,,"<a href=""https://m.stock.naver.com/domestic/stock/004310/total"" target=""_blank"">Naver</a>"
011690,와이투솔루션,53.24617921433286,50.311029689045085,47.25103995943027,78.76251753583583,67.41099314929329,,"<a href=""https://m.stock.naver.com/domestic/stock/011690/total"" target=""_blank"">Naver</a>"
446070,유니드비티플러스,53.170688937544206,50.0,49.213834122396236,99.72025256736774,17.904103004167467,,"<a href=""https://m.stock.naver.com/domestic/stock/446070/total"" target=""_blank"">Naver</a>"
018670,SK가스,53.16098293590264,45.86284648991435,59.609607159576576,63.34311107807026,88.1312428850572,,"<a href=""https://m.stock.naver.com/domestic/stock/018670/total"" target=""_blank"">Naver</a>"
284740,쿠쿠홈시스,53.16013013531547,33.9014908870648,76.98261518527629,98.24728103989095,74.97707405536838,,"<a href=""https://m.stock.naver.com/domestic/stock/284740/total"" target=""_blank"">Naver</a>"
002200,한국수출포장,53.08114890534779,39.3704928289617,61.67059798781175,99.47285210922328,81.87837000190991,,"<a href=""https://m.stock.naver.com/domestic/stock/002200/total"" target=""_blank"">Naver</a>"
145720,덴티움,53.071161439505076,32.34825745478215,92.57579171211155,87.5723451898539,35.22049039244998,,"<a href=""https://m.stock.naver.com/domestic/stock/145720/total"" target=""_blank"">Naver</a>"
053210,스카이라이프,52.804914955097686,44.01677474647526,51.09352408962584,96.26542618218971,79.89852933174205,,"<a href=""https://m.stock.naver.com/domestic/stock/053210/total"" target=""_blank"">Naver</a>"
015890,태경산업,52.80364485397428,39.60484029149455,63.115268831632186,91.65490936698218,81.92865068942587,,"<a href=""https://m.stock.naver.com/domestic/stock/015890/total"" target=""_blank"">Naver</a>"
023350,한국종합기술,52.802610539230685,50.0,46.02821327403317,70.16447783816153,85.58218873812474,,"<a href=""https://m.stock.naver.com/domestic/stock/023350/total"" target=""_blank"">Naver</a>"
010780,아이에스동서,52.772835521087465,39.21601613494318,73.98872183109859,84.55440294906926,45.81210174879973,,"<a href=""https://m.stock.naver.com/domestic/stock/010780/total"" target=""_blank"">Naver</a>"
025890,한국주강,52.73707620198592,50.0,48.206484754833774,68.2859368687873,77.1372265279749,,"<a href=""https://m.stock.naver.com/domestic/stock/025890/total"" target=""_blank"">Naver</a>"
096760,JW홀딩스,52.40329134169407,48.394668924706046,59.419909575935556,56.06393337868801,58.10238510035502,,"<a href=""https://m.stock.naver.com/domestic/stock/096760/total"" target=""_blank"">Naver</a>"
072710,농심홀딩스,52.37139822548656,43.23468036872217,55.246328001336565,89.23648962729042,73.90718082380147,,"<a href=""https://m.stock.naver.com/domestic/stock/072710/total"" target=""_blank"">Naver</a>"
008770,호텔신라,52.213598127320985,56.543651848392074,38.03639949180517,58.843612986643,57.87891693340282,,"<a href=""https://m.stock.naver.com/domestic/stock/008770/total"" target=""_blank"">Naver</a>"
091090,세원이앤씨,52.18521467672787,63.8128892744171,15.738679195314171,62.71770880801998,73.8208086489413,,"<a href=""https://m.stock.naver.com/domestic/stock/091090/total"" target=""_blank"">Naver</a>"
109070,주성코퍼레이션,52.18328137276626,68.24674686733071,0.0,70.87074537850638,82.96317429034386,,"<a href=""https://m.stock.naver.com/domestic/stock/109070/total"" target=""_blank"">Naver</a>"
000020,동화약품,52.17780592580363,39.285197381590756,60.837568208791346,99.44575377345527,69.0544013461162,,"<a href=""https://m.stock.naver.com/domestic/stock/000020/total"" target=""_blank"">Naver</a>"
001080,만호제강,52.14024733566211,50.0,45.75986400009115,74.72274214400588,64.56014242477461,,"<a href=""https://m.stock.naver.com/domestic/stock/001080/total"" target=""_blank"">Naver</a>"
365550,ESR켄달스퀘어리츠,52.04432073587034,42.40995971425806,79.72190265316091,56.67869244025286,20.0,,"<a href=""https://m.stock.naver.com/domestic/stock/365550/total"" target=""_blank"">Naver</a>"
032350,롯데관광개발,51.98322569720156,78.04218074890491,0.0,21.579172478586162,60.0,,"<a href=""https://m.stock.naver.com/domestic/stock/032350/total"" target=""_blank"">Naver</a>"
027410,BGF,51.88323997158062,40.56634667142874,60.44289526724225,93.3339054444074,61.98635214944157,,"<a href=""https://m.stock.naver.com/domestic/stock/027410/total"" target=""_blank"">Naver</a>"
068270,셀트리온,51.83964344401609,30.44256288667962,89.4155317556329,97.69170459710277,29.02104626779624,,"<a href=""https://m.stock.naver.com/domestic/stock/068270/total"" target=""_blank"">Naver</a>"
058650,세아홀딩스,51.767506393506046,44.97062519109456,50.62482602507575,84.71386093689334,73.15077357782079,,"<a href=""https://m.stock.naver.com/domestic/stock/058650/total"" target=""_blank"">Naver</a>"
450140,코오롱모빌리티그룹,51.71193652075702,50.0,48.90463314025254,50.858389042999825,87.99878662787802,,"<a href=""https://m.stock.naver.com/domestic/stock/450140/total"" target=""_blank"">Naver</a>"
100220,비상교육,51.708800938945345,51.807259738593835,38.18342212368254,84.90894717836468,51.75389694063874,,"<a href=""https://m.stock.naver.com/domestic/stock/100220/total"" target=""_blank"">Naver</a>"
032560,황금에스티,51.637383464632066,33.63523403186562,76.14608851018058,95.85356619478083,56.6872859697894,,"<a href=""https://m.stock.naver.com/domestic/stock/032560/total"" target=""_blank"">Naver</a>"
017550,수산세보틱스,51.61781585767719,38.86926341895595,64.97281410343807,89.3592521864251,62.342581236031975,,"<a href=""https://m.stock.naver.com/domestic/stock/017550/total"" target=""_blank"">Naver</a>"
035150,백산,51.61483466144249,31.482627446887786,79.10514960510277,88.22152955530807,82.53635673006636,,"<a href=""https://m.stock.naver.com/domestic/stock/035150/total"" target=""_blank"">Naver</a>"
027970,한국제지,51.5372015372479,50.0,44.937284247935274,59.684699637492216,86.68821023029722,,"<a href=""https://m.stock.naver.com/domestic/stock/027970/total"" target=""_blank"">Naver</a>"
093240,형지엘리트,51.512311222621875,41.651607394756276,59.4661332922758,78.40096162147287,76.29434601103743,,"<a href=""https://m.stock.naver.com/domestic/stock/093240/total"" target=""_blank"">Naver</a>"
002700,신일전자,51.491032526679724,50.0,43.26699699947064,69.55987886343954,74.36590780936211,,"<a href=""https://m.stock.naver.com/domestic/stock/002700/total"" target=""_blank"">Naver</a>"
011090,에넥스,51.48829091856444,65.88213709076406,1.6500274309053597,69.24907178430064,92.43189255899193,,"<a href=""https://m.stock.naver.com/domestic/stock/011090/total"" target=""_blank"">Naver</a>"
016590,신대양제지,51.43256278220899,36.898334652447296,62.96728588751146,95.9629977811931,79.1088148148688,,"<a href=""https://m.stock.naver.com/domestic/stock/016590/total"" target=""_blank"">Naver</a>"
001210,금호전기,51.31686762706744,73.43195096258727,0.0,36.85268731096033,71.44856636838102,,"<a href=""https://m.stock.naver.com/domestic/stock/001210/total"" target=""_blank"">Naver</a>"
003680,한성기업,51.270275139009,50.0,45.68763690742088,55.604756681300145,85.75780488047526,,"<a href=""https://m.stock.naver.com/domestic/stock/003680/total"" target=""_blank"">Naver</a>"
025820,이구산업,51.26497490715433,50.0,49.23716701170428,58.06496150342454,62.98374007771608,,"<a href=""https://m.stock.naver.com/domestic/stock/025820/total"" target=""_blank"">Naver</a>"
001820,삼화콘덴서,51.13380860152139,32.921712851405296,72.52747999717029,94.84981510968747,75.27858760833776,,"<a href=""https://m.stock.naver.com/domestic/stock/001820/total"" target=""_blank"">Naver</a>"
010820,퍼스텍,51.07967216468313,50.0,46.417140603097,57.2542842376752,74.99917180282726,,"<a href=""https://m.stock.naver.com/domestic/stock/010820/total"" target=""_blank"">Naver</a>"
008870,금비,50.969573962205196,63.153339889222735,15.000775721599226,56.311254896030604,73.92501217337367,,"<a href=""https://m.stock.naver.com/domestic/stock/008870/total"" target=""_blank"">Naver</a>"
004060,SG세계물산,50.88403820142432,45.24115736614463,48.04837544026521,93.10128656758756,48.34242529824958,,"<a href=""https://m.stock.naver.com/domestic/stock/004060/total"" target=""_blank"">Naver</a>"
001430,세아베스틸지주,50.82167661809324,45.646339778000936,45.69169332477634,94.12901339846778,51.96096160503641,,"<a href=""https://m.stock.naver.com/domestic/stock/001430/total"" target=""_blank"">Naver</a>"
000590,CS홀딩스,50.81612658663802,39.35586464066168,64.77627320490457,83.21610060770459,53.738588804888224,,"<a href=""https://m.stock.naver.com/domestic/stock/000590/total"" target=""_blank"">Naver</a>"
004410,서울식품,50.56793107378965,50.0,45.648706226986654,49.91093818588682,83.29321396908618,,"<a href=""https://m.stock.naver.com/domestic/stock/004410/total"" target=""_blank"">Naver</a>"
344820,KCC글라스,50.360464023180235,38.96738682879015,59.98770300184193,84.189134241806,71.2838550253012,,"<a href=""https://m.stock.naver.com/domestic/stock/344820/total"" target=""_blank"">Naver</a>"
002620,제일파마홀딩스,50.01336826938092,62.27701480366753,12.244675507561738,57.66549922168302,76.38881176243338,,"<a href=""https://m.stock.naver.com/domestic/stock/002620/total"" target=""_blank"">Naver</a>"
118000,메타케어,49.922044750330436,66.66666666666667,7.78992325262113,67.63057695911867,24.23012482526577,,"<a href=""https://m.stock.naver.com/domestic/stock/118000/total"" target=""_blank"">Naver</a>"
007120,미래아이앤지,49.84180337035008,50.0,31.402752869325905,82.15315698845653,75.51598908345906,,"<a href=""https://m.stock.naver.com/domestic/stock/007120/total"" target=""_blank"">Naver</a>"
021050,서원,49.8277417043842,50.0,40.38273336582916,59.13051319338001,76.38014087177828,,"<a href=""https://m.stock.naver.com/domestic/stock/021050/total"" target=""_blank"">Naver</a>"
003000,부광약품,49.66820466165116,50.28890090507494,40.32929628875755,73.88132252998307,40.48815586837016,,"<a href=""https://m.stock.naver.com/domestic/stock/003000/total"" target=""_blank"">Naver</a>"
000520,삼일제약,49.58810369460423,51.944648754487076,43.262608205726615,40.49792861794345,71.11739057371979,,"<a href=""https://m.stock.naver.com/domestic/stock/000520/total"" target=""_blank"">Naver</a>"
003010,혜인,49.58472179543799,50.0,34.834219097782274,72.97343928192092,71.5764618560067,,"<a href=""https://m.stock.naver.com/domestic/stock/003010/total"" target=""_blank"">Naver</a>"
047050,포스코인터내셔널,49.533763477373704,40.82731900977789,53.580585347067405,70.98570178390388,90.87311112699471,,"<a href=""https://m.stock.naver.com/domestic/stock/047050/total"" target=""_blank"">Naver</a>"
031440,신세계푸드,49.50952609460555,46.77570735769978,44.21067957088371,59.02516326885173,89.77830920759152,,"<a href=""https://m.stock.naver.com/domestic/stock/031440/total"" target=""_blank"">Naver</a>"
155660,DSR,49.50373071860806,34.710365679449474,68.68698800812781,81.15099540504465,67.81329536803918,,"<a href=""https://m.stock.naver.com/domestic/stock/155660/total"" target=""_blank"">Naver</a>"
023530,롯데쇼핑,49.480221425627136,53.773291397438726,35.94932634653539,40.77457449736676,83.0291510158675,,"<a href=""https://m.stock.naver.com/domestic/stock/023530/total"" target=""_blank"">Naver</a>"
044820,코스맥스비티아이,49.40643381475957,59.6971735817614,23.32817877879243,39.20412472377514,76.71344997254242,,"<a href=""https://m.stock.naver.com/domestic/stock/044820/total"" target=""_blank"">Naver</a>"
336260,두산퓨얼셀,49.40403003388647,50.0,44.496295678153786,70.03939445687246,25.520333373215564,,"<a href=""https://m.stock.naver.com/domestic/stock/336260/total"" target=""_blank"">Naver</a>"
009460,한창제지,49.37309654981173,50.0,42.424258148833324,55.03435915335324,65.27192194536144,,"<a href=""https://m.stock.naver.com/domestic/stock/009460/total"" target=""_blank"">Naver</a>"
004250,NPC,49.14395212788119,39.459817759242895,54.246394329639855,77.89968094915561,82.32989590019858,,"<a href=""https://m.stock.naver.com/domestic/stock/004250/total"" target=""_blank"">Naver</a>"
004920,씨아이테크,49.11479319103831,51.917536057920394,35.92933197086192,65.26869965634995,49.10137195871205,,"<a href=""https://m.stock.naver.com/domestic/stock/004920/total"" target=""_blank"">Naver</a>"
007610,선도전기,48.98784832819491,67.60299764279154,0.0,49.93126045119865,68.65847394800242,,"<a href=""https://m.stock.naver.com/domestic/stock/007610/total"" target=""_blank"">Naver</a>"
001740,SK네트웍스,48.9156859468858,49.086575902423704,46.027377223959085,34.75494796165661,89.6280260655229,,"<a href=""https://m.stock.naver.com/domestic/stock/001740/total"" target=""_blank"">Naver</a>"
005300,롯데칠성,48.7841844479286,36.99126028155186,61.147312959729554,72.84833159252707,80.35533759624781,,"<a href=""https://m.stock.naver.com/domestic/stock/005300/total"" target=""_blank"">Naver</a>"
066970,엘앤에프,48.77060624309872,35.39128069742193,67.47141815260484,74.69424971844856,63.97116629298992,,"<a href=""https://m.stock.naver.com/domestic/stock/066970/total"" target=""_blank"">Naver</a>"
308170,씨티알모빌리티,48.76972308509674,52.884149438926535,33.7339571377332,41.917268740709446,88.28034526473168,,"<a href=""https://m.stock.naver.com/domestic/stock/308170/total"" target=""_blank"">Naver</a>"
214390,경보제약,48.72194086471264,50.0,38.67818466310748,64.61771778309608,51.812458412523235,,"<a href=""https://m.stock.naver.com/domestic/stock/214390/total"" target=""_blank"">Naver</a>"
377300,카카오페이,48.64970400296325,49.48271299184972,35.709093296150876,70.32802883815701,60.0,,"<a href=""https://m.stock.naver.com/domestic/stock/377300/total"" target=""_blank"">Naver</a>"
012280,영화금속,48.64621277174615,50.0,40.4160505016246,44.53217704352693,81.77964883974616,,"<a href=""https://m.stock.naver.com/domestic/stock/012280/total"" target=""_blank"">Naver</a>"
023810,인팩,48.55577223149965,39.67460830813596,57.891368244562535,61.635942316166734,82.29141907721535,,"<a href=""https://m.stock.naver.com/domestic/stock/023810/total"" target=""_blank"">Naver</a>"
094280,효성ITX,48.43103573396094,32.49615102477504,64.23157855032925,82.4558991933917,92.59721124348887,,"<a href=""https://m.stock.naver.com/domestic/stock/094280/total"" target=""_blank"">Naver</a>"
036580,팜스코,48.284008203779734,54.68236725740294,30.318926085529487,35.98644320958485,85.92424013994227,,"<a href=""https://m.stock.naver.com/domestic/stock/036580/total"" target=""_blank"">Naver</a>"
003490,대한항공,48.17198600767665,29.136262643555927,73.15684303290858,83.45463637771147,81.11108051089622,,"<a href=""https://m.stock.naver.com/domestic/stock/003490/total"" target=""_blank"">Naver</a>"
089860,롯데렌탈,48.16680483217324,42.163886451478874,60.69040690691378,41.9639310929049,69.98956250533965,,"<a href=""https://m.stock.naver.com/domestic/stock/089860/total"" target=""_blank"">Naver</a>"
119650,KC코트렐,48.06976033596065,55.88744278328226,23.47535326073982,42.13379811367834,89.10153078877013,,"<a href=""https://m.stock.naver.com/domestic/stock/119650/total"" target=""_blank"">Naver</a>"
259960,크래프톤,47.941611853192796,23.20021761620245,87.0635804471391,99.528076075114,46.055571283502914,,"<a href=""https://m.stock.naver.com/domestic/stock/259960/total"" target=""_blank"">Naver</a>"
001390,KG케미칼,47.922711847070765,34.389855367972984,61.98911090877029,75.60202664988748,84.62636468211306,,"<a href=""https://m.stock.naver.com/domestic/stock/001390/total"" target=""_blank"">Naver</a>"
128820,대성산업,47.36283556250032,43.96932469456211,41.88392495754608,61.031061197072674,88.14306773338524,,"<a href=""https://m.stock.naver.com/domestic/stock/128820/total"" target=""_blank"">Naver</a>"
004770,써니전자,47.30036944128287,25.441215800532987,76.96591475315157,99.88014787589897,56.12292970170564,,"<a href=""https://m.stock.naver.com/domestic/stock/004770/total"" target=""_blank"">Naver</a>"
452260,한화갤러리아,46.80719343838512,50.0,42.12925210375528,40.856598469506515,43.78441130991307,,"<a href=""https://m.stock.naver.com/domestic/stock/452260/total"" target=""_blank"">Naver</a>"
163560,동일고무벨트,46.80337199563061,41.942576805464675,46.2533734209963,67.97260354730611,65.54444404744251,,"<a href=""https://m.stock.naver.com/domestic/stock/163560/total"" target=""_blank"">Naver</a>"
051910,LG화학,46.791260776287196,36.20537285038387,52.63443544870412,85.41063110721689,67.36730186318322,,"<a href=""https://m.stock.naver.com/domestic/stock/051910/total"" target=""_blank"">Naver</a>"
051630,진양화학,46.71991002394469,50.0,21.519328838585214,71.83638198059766,83.12879232477239,,"<a href=""https://m.stock.naver.com/domestic/stock/051630/total"" target=""_blank"">Naver</a>"
000680,LS네트웍스,46.71548818656214,47.33516436963934,39.062684948247046,61.4049098909119,48.16454677251177,,"<a href=""https://m.stock.naver.com/domestic/stock/000680/total"" target=""_blank"">Naver</a>"
352820,하이브,46.32331714512364,34.55341796165771,54.804589913779175,82.51650168656646,72.76937442055161,,"<a href=""https://m.stock.naver.com/domestic/stock/352820/total"" target=""_blank"">Naver</a>"
011210,현대위아,46.28141711447375,43.78711246752879,29.20929269012245,85.79901916575312,82.53849089701093,,"<a href=""https://m.stock.naver.com/domestic/stock/011210/total"" target=""_blank"">Naver</a>"
133820,화인베스틸,46.15020459634622,50.0,29.177290859725332,49.53660454031659,78.04442854766464,,"<a href=""https://m.stock.naver.com/domestic/stock/133820/total"" target=""_blank"">Naver</a>"
006280,녹십자,46.120373228474506,36.213061807571215,52.67177811512063,86.7773874710452,50.93705736094208,,"<a href=""https://m.stock.naver.com/domestic/stock/006280/total"" target=""_blank"">Naver</a>"
016380,KG스틸,46.02553154763129,21.245985986709115,82.73800140824983,83.42255743423839,85.02367720239042,,"<a href=""https://m.stock.naver.com/domestic/stock/016380/total"" target=""_blank"">Naver</a>"
017810,풀무원,45.945063834930764,52.50746719553275,25.867958351940555,33.71796868605228,92.03594122041494,,"<a href=""https://m.stock.naver.com/domestic/stock/017810/total"" target=""_blank"">Naver</a>"
002420,세기상사,45.935602454680364,50.0,19.09841028358242,69.91029039232619,83.39941689104276,,"<a href=""https://m.stock.naver.com/domestic/stock/002420/total"" target=""_blank"">Naver</a>"
005960,동부건설,45.71578021413787,38.17732614544085,45.97669334595462,67.85392209948024,90.59637960873366,,"<a href=""https://m.stock.naver.com/domestic/stock/005960/total"" target=""_blank"">Naver</a>"
138490,코오롱ENP,45.68083340398359,24.7255091032044,68.12354883124567,97.9827165367911,80.32738161140855,,"<a href=""https://m.stock.naver.com/domestic/stock/138490/total"" target=""_blank"">Naver</a>"
057050,현대홈쇼핑,45.46887747076809,30.814197073372792,54.08412355671271,96.34997878519196,76.4866091809409,,"<a href=""https://m.stock.naver.com/domestic/stock/057050/total"" target=""_blank"">Naver</a>"
013890,지누스,45.3226009654458,37.27619859038578,53.06844418605512,68.03740923575278,57.72059682250554,,"<a href=""https://m.stock.naver.com/domestic/stock/013890/total"" target=""_blank"">Naver</a>"
001460,BYC,45.320395238925315,28.70766057172492,68.22847664710602,82.8710954478644,55.03140378654839,,"<a href=""https://m.stock.naver.com/domestic/stock/001460/total"" target=""_blank"">Naver</a>"
035720,카카오,45.28248276972286,29.514796968355608,68.61151474253757,72.04707383175105,64.32037039800014,,"<a href=""https://m.stock.naver.com/domestic/stock/035720/total"" target=""_blank"">Naver</a>"
143210,핸즈코퍼레이션,45.278932811626724,60.98880615366835,0.9876064428768178,51.45491927604025,65.86511162204968,,"<a href=""https://m.stock.naver.com/domestic/stock/143210/total"" target=""_blank"">Naver</a>"
010640,진양폴리,45.21525474830125,27.364199617558565,61.782762755852104,90.59377582105364,85.83333413395437,,"<a href=""https://m.stock.naver.com/domestic/stock/010640/total"" target=""_blank"">Naver</a>"
363280,티와이홀딩스,44.76997242601412,32.01527483976855,68.19032868115563,52.487930786509416,65.28864546426284,,"<a href=""https://m.stock.naver.com/domestic/stock/363280/total"" target=""_blank"">Naver</a>"
009200,무림페이퍼,44.74746451038145,38.22432860956791,46.86159140547611,69.88724771279321,62.17489443984697,,"<a href=""https://m.stock.naver.com/domestic/stock/009200/total"" target=""_blank"">Naver</a>"
012200,계양전기,44.63597363791999,50.63876028904233,14.072702020830057,66.44203577967122,81.80676762639902,,"<a href=""https://m.stock.naver.com/domestic/stock/012200/total"" target=""_blank"">Naver</a>"
007810,코리아써키트,44.62660839395194,26.58171153572914,59.714684220454586,93.93800534395878,87.1021976600985,,"<a href=""https://m.stock.naver.com/domestic/stock/007810/total"" target=""_blank"">Naver</a>"
079550,LIG넥스원,44.558073194262214,29.366215727269417,63.96412588027206,69.32981378664158,80.2866181833679,,"<a href=""https://m.stock.naver.com/domestic/stock/079550/total"" target=""_blank"">Naver</a>"
293940,신한알파리츠,44.492014636578354,33.951681586893066,73.10036380077206,48.459147342494994,20.0,,"<a href=""https://m.stock.naver.com/domestic/stock/293940/total"" target=""_blank"">Naver</a>"
002840,미원상사,44.489496151156416,16.831738536253702,84.69439433756393,99.51967328717387,65.2977423259165,,"<a href=""https://m.stock.naver.com/domestic/stock/002840/total"" target=""_blank"">Naver</a>"
002100,경농,44.467786371010725,26.120588445860545,70.42756930106289,89.93921354724905,43.89239247007549,,"<a href=""https://m.stock.naver.com/domestic/stock/002100/total"" target=""_blank"">Naver</a>"
066570,LG전자,44.41340001047597,31.611008149091237,54.269183114299004,74.44107716562388,88.70783251768158,,"<a href=""https://m.stock.naver.com/domestic/stock/066570/total"" target=""_blank"">Naver</a>"
011330,유니켐,44.381286622028874,46.826087797279826,41.767471392622475,35.497753986134136,45.879813937838875,,"<a href=""https://m.stock.naver.com/domestic/stock/011330/total"" target=""_blank"">Naver</a>"
033780,KT&G,44.157799812893096,20.293440255164395,81.23309097145261,98.69944698992819,36.07036435876977,,"<a href=""https://m.stock.naver.com/domestic/stock/033780/total"" target=""_blank"">Naver</a>"
025620,제이준코스메틱,43.989562758676854,58.67313531227344,0.0,56.90801812821493,61.89759516982602,,"<a href=""https://m.stock.naver.com/domestic/stock/025620/total"" target=""_blank"">Naver</a>"
002150,도화엔지니어링,43.969031626807165,35.367638474378786,42.94766708459709,79.80345522608417,80.62372496844398,,"<a href=""https://m.stock.naver.com/domestic/stock/002150/total"" target=""_blank"">Naver</a>"
006650,대한유화,43.96375042432902,52.170587336137864,4.946978809134495,71.09695961907667,86.29914716910028,,"<a href=""https://m.stock.naver.com/domestic/stock/006650/total"" target=""_blank"">Naver</a>"
034120,SBS,43.726934486180724,18.282057611765527,77.34137183541716,98.40509599308378,71.63694721917473,,"<a href=""https://m.stock.naver.com/domestic/stock/034120/total"" target=""_blank"">Naver</a>"
195870,해성디에스,43.70240643913798,11.0173613012213,94.35659667535394,98.27891126256806,73.49898726619816,,"<a href=""https://m.stock.naver.com/domestic/stock/195870/total"" target=""_blank"">Naver</a>"
145210,다이나믹디자인,43.36583123590474,56.067601387903004,0.7988387618025838,63.0163058802417,64.4786024937626,,"<a href=""https://m.stock.naver.com/domestic/stock/145210/total"" target=""_blank"">Naver</a>"
009810,플레이그램,43.31427749158713,51.96047749330449,7.921856937020247,71.11080074483995,60.928933737307595,,"<a href=""https://m.stock.naver.com/domestic/stock/009810/total"" target=""_blank"">Naver</a>"
122900,아이마켓코리아,43.20207967464683,31.08542330475416,44.25194817335023,88.89838513026339,91.96000270860884,,"<a href=""https://m.stock.naver.com/domestic/stock/122900/total"" target=""_blank"">Naver</a>"
001420,태원물산,43.12585475447175,50.0,8.005028712338136,74.54562660765586,73.4006983124326,,"<a href=""https://m.stock.naver.com/domestic/stock/001420/total"" target=""_blank"">Naver</a>"
002210,동성제약,43.063795062251565,50.0,19.32809728266238,56.27462914452637,52.086156542666664,,"<a href=""https://m.stock.naver.com/domestic/stock/002210/total"" target=""_blank"">Naver</a>"
033530,SJG세종,42.90543372323372,40.68334946211228,29.81568108730667,66.46961292340964,87.89084963597438,,"<a href=""https://m.stock.naver.com/domestic/stock/033530/total"" target=""_blank"">Naver</a>"
071840,롯데하이마트,42.70028507836018,50.0,11.25504998132935,55.55597164583551,86.61850836888576,,"<a href=""https://m.stock.naver.com/domestic/stock/071840/total"" target=""_blank"">Naver</a>"
950210,프레스티지바이오파마,42.596776585767586,53.21068906045267,0.0,96.7036314949598,20.0,,"<a href=""https://m.stock.naver.com/domestic/stock/950210/total"" target=""_blank"">Naver</a>"
002320,한진,42.46649400052878,35.120875939411555,48.64201255226237,50.00813491645111,84.65303614342284,,"<a href=""https://m.stock.naver.com/domestic/stock/002320/total"" target=""_blank"">Naver</a>"
042700,한미반도체,42.379475018605795,11.502014449592538,94.31745696529565,99.63361211437075,38.71081792178575,,"<a href=""https://m.stock.naver.com/domestic/stock/042700/total"" target=""_blank"">Naver</a>"
007660,이수페타시스,42.302731487179976,16.08083531165624,87.65486312429579,75.60525635931042,63.59977766362492,,"<a href=""https://m.stock.naver.com/domestic/stock/007660/total"" target=""_blank"">Naver</a>"
005030,부산주공,42.20042658156308,50.0,18.240086990172188,31.751065218164783,89.30596624407106,,"<a href=""https://m.stock.naver.com/domestic/stock/005030/total"" target=""_blank"">Naver</a>"
003520,영진약품,42.09054628554019,50.0,8.837728989166301,66.22647148264898,65.16933779967444,,"<a href=""https://m.stock.naver.com/domestic/stock/003520/total"" target=""_blank"">Naver</a>"
084670,동양고속,42.05317316591578,55.36536428258677,0.11068271097868602,45.203061486615994,85.71955539914889,,"<a href=""https://m.stock.naver.com/domestic/stock/084670/total"" target=""_blank"">Naver</a>"
002870,신풍,41.9876816137878,54.27687007946229,0.0,73.29409565987548,41.84300000245756,,"<a href=""https://m.stock.naver.com/domestic/stock/002870/total"" target=""_blank"">Naver</a>"
077500,유니퀘스트,41.876768524652356,22.22128279230964,62.1479670356386,92.92074018983914,74.29866142746003,,"<a href=""https://m.stock.naver.com/domestic/stock/077500/total"" target=""_blank"">Naver</a>"
069260,TKG휴켐스,41.78419320564957,14.21223284046401,78.4680284439202,99.40841836003395,73.98009108775445,,"<a href=""https://m.stock.naver.com/domestic/stock/069260/total"" target=""_blank"">Naver</a>"
036420,콘텐트리중앙,41.644018313894065,56.70627621140901,4.186598821546039,30.174618452607806,71.12282072802743,,"<a href=""https://m.stock.naver.com/domestic/stock/036420/total"" target=""_blank"">Naver</a>"
001680,대상,41.62872815644658,28.53119634168576,51.3110420448185,76.42508271938996,80.7948313658299,,"<a href=""https://m.stock.naver.com/domestic/stock/001680/total"" target=""_blank"">Naver</a>"
004170,신세계,41.58257970857872,25.937662990855994,64.28995032431,61.06364711123057,76.82259243729132,,"<a href=""https://m.stock.naver.com/domestic/stock/004170/total"" target=""_blank"">Naver</a>"
005010,휴스틸,41.48451840563146,9.81295137174852,89.00514406063765,99.13513956899556,68.63895221046762,,"<a href=""https://m.stock.naver.com/domestic/stock/005010/total"" target=""_blank"">Naver</a>"
000990,DB하이텍,41.41667653026112,4.039539839144942,99.55091939360766,99.54162112719385,83.02121331305709,,"<a href=""https://m.stock.naver.com/domestic/stock/000990/total"" target=""_blank"">Naver</a>"
012160,영흥,41.3605717138318,44.342502545439864,24.872811434694423,52.39526571489439,65.94681512809679,,"<a href=""https://m.stock.naver.com/domestic/stock/012160/total"" target=""_blank"">Naver</a>"
005880,대한해운,41.22624003047216,22.352613553693473,71.72462641895636,61.29260659686064,75.08509267661839,,"<a href=""https://m.stock.naver.com/domestic/stock/005880/total"" target=""_blank"">Naver</a>"
001360,삼성제약,41.08033435219982,50.0,0.0,74.62654974979135,72.35358754441364,,"<a href=""https://m.stock.naver.com/domestic/stock/001360/total"" target=""_blank"">Naver</a>"
001340,PKC,40.94885874868789,20.542199548800323,68.70653353666648,70.77001705195836,87.39807860090468,,"<a href=""https://m.stock.naver.com/domestic/stock/001340/total"" target=""_blank"">Naver</a>"
004960,한신공영,40.90876899207788,33.313526541184686,51.802904675213746,55.653721716638856,48.09109453799487,,"<a href=""https://m.stock.naver.com/domestic/stock/004960/total"" target=""_blank"">Naver</a>"
000650,천일고속,40.8269938795571,50.0,0.0,63.114127849678404,90.31162189178521,,"<a href=""https://m.stock.naver.com/domestic/stock/000650/total"" target=""_blank"">Naver</a>"
251270,넷마블,40.81804667540587,51.0500918205448,7.6609095480754625,50.34077935837374,64.77372520445498,,"<a href=""https://m.stock.naver.com/domestic/stock/251270/total"" target=""_blank"">Naver</a>"
009070,KCTC,40.79080965221961,24.711118178954322,57.007508642440506,72.33894744315526,89.56733679842725,,"<a href=""https://m.stock.naver.com/domestic/stock/009070/total"" target=""_blank"">Naver</a>"
016880,웅진,40.732568001412176,33.62076929004446,48.29362746325142,42.54128735368804,84.651416524077,,"<a href=""https://m.stock.naver.com/domestic/stock/016880/total"" target=""_blank"">Naver</a>"
014680,한솔케미칼,40.68284700821573,9.884415941552524,86.64717225318624,93.3230224006626,75.16204279842789,,"<a href=""https://m.stock.naver.com/domestic/stock/014680/total"" target=""_blank"">Naver</a>"
002630,오리엔트바이오,40.63615232856104,50.0,2.3370646377973463,74.34592910990641,52.34586516242125,,"<a href=""https://m.stock.naver.com/domestic/stock/002630/total"" target=""_blank"">Naver</a>"
020000,한섬,40.54886112686081,19.462670476997463,66.23728376693452,98.87009984766144,48.498558283250986,,"<a href=""https://m.stock.naver.com/domestic/stock/020000/total"" target=""_blank"">Naver</a>"
004990,롯데지주,40.51501929042337,29.519136996470262,47.45007760106961,68.42537818899186,81.96959746749243,,"<a href=""https://m.stock.naver.com/domestic/stock/004990/total"" target=""_blank"">Naver</a>"
019490,엑시큐어하이트론,40.41661984805582,50.0,0.0,63.75027529188244,80.83184637735141,,"<a href=""https://m.stock.naver.com/domestic/stock/019490/total"" target=""_blank"">Naver</a>"
013700,까뮤이앤씨,40.3801641952755,50.0,4.948367160399385,48.2844063664398,86.29263537063336,,"<a href=""https://m.stock.naver.com/domestic/stock/013700/total"" target=""_blank"">Naver</a>"
079980,휴비스,40.3484846111686,48.51829277231105,4.8302541093182825,56.803079271047366,86.99274986695326,,"<a href=""https://m.stock.naver.com/domestic/stock/079980/total"" target=""_blank"">Naver</a>"
120110,코오롱인더,40.25626005828052,27.17385961365966,54.74152124527694,69.20106194048644,66.92915569433673,,"<a href=""https://m.stock.naver.com/domestic/stock/120110/total"" target=""_blank"">Naver</a>"
039570,HDC랩스,40.12165666435247,22.81699450801393,48.766111783996,98.64870775970013,87.50122475150211,,"<a href=""https://m.stock.naver.com/domestic/stock/039570/total"" target=""_blank"">Naver</a>"
000480,CR홀딩스,40.02739083251506,29.569780812583684,53.84138495885543,53.10325200962262,70.29701808577454,,"<a href=""https://m.stock.naver.com/domestic/stock/000480/total"" target=""_blank"">Naver</a>"
093370,후성,39.950542090683356,14.03262720744503,82.6701334512047,70.44351188166831,76.3816243049667,,"<a href=""https://m.stock.naver.com/domestic/stock/093370/total"" target=""_blank"">Naver</a>"
008490,서흥,39.946942557165386,23.065303818937593,63.53043666490521,77.55188014958996,49.399261692350606,,"<a href=""https://m.stock.naver.com/domestic/stock/008490/total"" target=""_blank"">Naver</a>"
194370,제이에스코퍼레이션,39.9047136919271,16.349329151046486,72.32943730102657,79.8043954010817,80.64634671868791,,"<a href=""https://m.stock.naver.com/domestic/stock/194370/total"" target=""_blank"">Naver</a>"
011280,태림포장,39.703107773207684,24.05142034722061,52.90151186626289,76.63184841492676,87.67385513633843,,"<a href=""https://m.stock.naver.com/domestic/stock/011280/total"" target=""_blank"">Naver</a>"
005090,SGC에너지,39.679763906057374,23.475312081749546,63.79575026722214,53.77738482970484,85.35801214463245,,"<a href=""https://m.stock.naver.com/domestic/stock/005090/total"" target=""_blank"">Naver</a>"
092230,KPX홀딩스,39.66777102870924,26.74931485432046,49.08679946405049,74.92079853149784,77.0880479390913,,"<a href=""https://m.stock.naver.com/domestic/stock/092230/total"" target=""_blank"">Naver</a>"
204210,스타에스엠리츠,39.642763514023756,31.580292300844846,60.49799539117593,35.927011663128134,39.547762388201065,,"<a href=""https://m.stock.naver.com/domestic/stock/204210/total"" target=""_blank"">Naver</a>"
009320,아진전자부품,39.58124178153229,50.0,7.4239156284123595,35.596693811483476,83.31186986561708,,"<a href=""https://m.stock.naver.com/domestic/stock/009320/total"" target=""_blank"">Naver</a>"
090460,비에이치,39.55353070018913,13.317755707712841,70.20632938063811,90.68453774839578,98.85682311124634,,"<a href=""https://m.stock.naver.com/domestic/stock/090460/total"" target=""_blank"">Naver</a>"
011070,LG이노텍,39.47896261767241,17.711241762565283,65.04559340815263,79.71745611526572,92.38147193137024,,"<a href=""https://m.stock.naver.com/domestic/stock/011070/total"" target=""_blank"">Naver</a>"
009580,무림P&P,39.474842679138355,27.06560773809906,49.486601240223244,78.78142491099356,59.71370470247497,,"<a href=""https://m.stock.naver.com/domestic/stock/009580/total"" target=""_blank"">Naver</a>"
005810,풍산홀딩스,39.2704270557305,13.21050502285909,76.58835905519705,98.50815742701377,46.92437071028805,,"<a href=""https://m.stock.naver.com/domestic/stock/005810/total"" target=""_blank"">Naver</a>"
009240,한샘,39.229356565538396,40.31054416059357,20.360115646676967,51.988842437998365,95.08233827426358,,"<a href=""https://m.stock.naver.com/domestic/stock/009240/total"" target=""_blank"">Naver</a>"
081000,일진다이아,39.22616989463298,33.333333333333336,35.674726812477495,74.72420078521353,56.70136225984501,,"<a href=""https://m.stock.naver.com/domestic/stock/081000/total"" target=""_blank"">Naver</a>"
105630,한세실업,38.86455231157505,16.099909066989245,65.55630285781184,86.43675775551017,83.43710762755052,,"<a href=""https://m.stock.naver.com/domestic/stock/105630/total"" target=""_blank"">Naver</a>"
009150,삼성전기,38.83466354282298,12.50936924317629,71.99338587708378,97.20836425207335,72.19718204877849,,"<a href=""https://m.stock.naver.com/domestic/stock/009150/total"" target=""_blank"">Naver</a>"
003240,태광산업,38.768680913031325,23.22195868806321,54.44348904706658,74.57435207113708,75.34396462626088,,"<a href=""https://m.stock.naver.com/domestic/stock/003240/total"" target=""_blank"">Naver</a>"
011200,HMM,38.685284162217556,0.0,100.0,95.21441719006793,83.2768488642152,,"<a href=""https://m.stock.naver.com/domestic/stock/011200/total"" target=""_blank"">Naver</a>"
004020,현대제철,38.6090302374825,22.96200286721829,51.62189382812647,84.5576938457729,69.41171351085242,,"<a href=""https://m.stock.naver.com/domestic/stock/004020/total"" target=""_blank"">Naver</a>"
014820,동원시스템즈,38.59295740704249,21.23321672050307,58.154403126789695,82.06925591858847,62.15002002368757,,"<a href=""https://m.stock.naver.com/domestic/stock/014820/total"" target=""_blank"">Naver</a>"
375500,DL이앤씨,38.589644276311084,17.915546032396172,58.467457568540965,91.46261254309586,81.5438202085711,,"<a href=""https://m.stock.naver.com/domestic/stock/375500/total"" target=""_blank"">Naver</a>"
051900,LG생활건강,38.40689196212795,18.292659037707466,57.02089487583148,97.8785364747981,67.76438346131576,,"<a href=""https://m.stock.naver.com/domestic/stock/051900/total"" target=""_blank"">Naver</a>"
090370,메타랩스,38.25228642170684,33.333333333333336,31.512901318166133,74.71320156263502,58.05481871803607,,"<a href=""https://m.stock.naver.com/domestic/stock/090370/total"" target=""_blank"">Naver</a>"
002390,한독,38.17291010155693,26.6724615371153,47.84109286226144,69.78025624712947,64.6226867801889,,"<a href=""https://m.stock.naver.com/domestic/stock/002390/total"" target=""_blank"">Naver</a>"
140910,에이리츠,38.11586986993645,50.0,2.4039731753874953,57.878188149401325,34.541155222988934,,"<a href=""https://m.stock.naver.com/domestic/stock/140910/total"" target=""_blank"">Naver</a>"
014530,극동유화,38.09409403602068,20.09389543173853,52.73791462492024,82.4265013406044,92.21255973374119,,"<a href=""https://m.stock.naver.com/domestic/stock/014530/total"" target=""_blank"">Naver</a>"
011810,STX,37.94637235259243,43.25424703251091,21.761078200645116,32.52069961829705,66.02969242189788,,"<a href=""https://m.stock.naver.com/domestic/stock/011810/total"" target=""_blank"">Naver</a>"
001260,남광토건,37.8094173108895,23.07680206351476,53.211201593974714,58.626818952970716,95.95707557979797,,"<a href=""https://m.stock.naver.com/domestic/stock/001260/total"" target=""_blank"">Naver</a>"
272450,진에어,37.64682575449057,50.0,0.0,41.137946482466994,70.66062212487748,,"<a href=""https://m.stock.naver.com/domestic/stock/272450/total"" target=""_blank"">Naver</a>"
033250,체시스,37.57691528523727,50.0,0.0,42.45248448625482,66.63333673223576,,"<a href=""https://m.stock.naver.com/domestic/stock/033250/total"" target=""_blank"">Naver</a>"
005250,녹십자홀딩스,37.55240523995032,27.994441408932804,48.41182745263956,61.99409202943167,49.06748656975155,,"<a href=""https://m.stock.naver.com/domestic/stock/005250/total"" target=""_blank"">Naver</a>"
011390,부산산업,37.5418474692493,19.755675834742476,51.24000187183375,91.19750166967742,75.1738266695527,,"<a href=""https://m.stock.naver.com/domestic/stock/011390/total"" target=""_blank"">Naver</a>"
036460,한국가스공사,37.5045231212688,25.28995169142394,46.857983730987605,68.25763558253084,75.80585230828893,,"<a href=""https://m.stock.naver.com/domestic/stock/036460/total"" target=""_blank"">Naver</a>"
015020,이스타코,37.48868069739725,50.0,0.0,51.553473640639154,46.666666666666664,,"<a href=""https://m.stock.naver.com/domestic/stock/015020/total"" target=""_blank"">Naver</a>"
006380,카프로,37.29980699715189,50.0,0.0,28.589051393180842,88.81803715667614,,"<a href=""https://m.stock.naver.com/domestic/stock/006380/total"" target=""_blank"">Naver</a>"
101140,인바이오젠,37.22530494842909,50.0,0.0,51.625224333374874,41.25565030183205,,"<a href=""https://m.stock.naver.com/domestic/stock/101140/total"" target=""_blank"">Naver</a>"
007160,사조산업,37.20667078096177,16.18126589653076,66.55465867653972,70.41287153602217,76.3591884061234,,"<a href=""https://m.stock.naver.com/domestic/stock/007160/total"" target=""_blank"">Naver</a>"
042660,한화오션,37.153326829991954,50.08106352260106,0.0,40.643779366520675,60.806215595585115,,"<a href=""https://m.stock.naver.com/domestic/stock/042660/total"" target=""_blank"">Naver</a>"
023150,MH에탄올,37.09793251638303,17.889864844596303,75.49243934355945,42.29515597171432,65.22776353127914,,"<a href=""https://m.stock.naver.com/domestic/stock/023150/total"" target=""_blank"">Naver</a>"
002720,국제약품,37.02433924495984,32.38321488854971,26.631282569900367,77.95062089457527,62.83055159794787,,"<a href=""https://m.stock.naver.com/domestic/stock/002720/total"" target=""_blank"">Naver</a>"
298690,에어부산,36.9773860211813,50.0,0.0,28.612878349402095,82.32196372482196,,"<a href=""https://m.stock.naver.com/domestic/stock/298690/total"" target=""_blank"">Naver</a>"
009180,한솔로지스틱스,36.94519053514322,14.088516556026567,62.82881661994094,81.26128409115125,93.1749607485383,,"<a href=""https://m.stock.naver.com/domestic/stock/009180/total"" target=""_blank"">Naver</a>"
018260,삼성에스디에스,36.87314865452055,10.754944941558962,64.04834838240389,99.08349061168474,89.99491065631449,,"<a href=""https://m.stock.naver.com/domestic/stock/018260/total"" target=""_blank"">Naver</a>"
170900,동아에스티,36.863577236014805,24.739242333582496,44.852620223303035,78.67151933682217,58.794496927146724,,"<a href=""https://m.stock.naver.com/domestic/stock/170900/total"" target=""_blank"">Naver</a>"
034310,NICE,36.70552239055999,21.7332440568757,51.493947839382116,70.62581018652693,74.59015955872695,,"<a href=""https://m.stock.naver.com/domestic/stock/034310/total"" target=""_blank"">Naver</a>"
137310,에스디바이오센서,36.583318578518444,0.0,93.82019405929277,94.59932574855767,73.36674977678965,,"<a href=""https://m.stock.naver.com/domestic/stock/137310/total"" target=""_blank"">Naver</a>"
078930,GS,36.577318354971084,10.30179676525543,71.27565246010072,82.10411241645647,87.33831878294,,"<a href=""https://m.stock.naver.com/domestic/stock/078930/total"" target=""_blank"">Naver</a>"
005320,온타이드,36.54334457758161,22.75421167820232,45.00282688237962,74.87062686776413,83.06096326577787,,"<a href=""https://m.stock.naver.com/domestic/stock/005320/total"" target=""_blank"">Naver</a>"
139480,이마트,36.34918018214657,27.127396650018884,46.23245405739206,38.67975415820653,92.93306523933143,,"<a href=""https://m.stock.naver.com/domestic/stock/139480/total"" target=""_blank"">Naver</a>"
084690,대상홀딩스,36.34449767559426,22.21879985077739,47.52664876192704,70.4244270638029,81.78225736531557,,"<a href=""https://m.stock.naver.com/domestic/stock/084690/total"" target=""_blank"">Naver</a>"
005420,코스모화학,36.27888068151734,24.04392866622135,48.71047933965036,58.784292258189765,75.92948842105935,,"<a href=""https://m.stock.naver.com/domestic/stock/005420/total"" target=""_blank"">Naver</a>"
271980,제일약품,36.194868718936725,36.056672838445635,21.14478041005755,51.154164211385535,83.18506984432798,,"<a href=""https://m.stock.naver.com/domestic/stock/271980/total"" target=""_blank"">Naver</a>"
033180,KH 필룩스,36.13303063510571,37.059200195693,28.877245863220015,47.935070180823644,37.69384067605089,,"<a href=""https://m.stock.naver.com/domestic/stock/033180/total"" target=""_blank"">Naver</a>"
006120,SK디스커버리,36.10207754246111,19.288578962989032,55.06133286552148,68.4416699341458,78.38859909745486,,"<a href=""https://m.stock.naver.com/domestic/stock/006120/total"" target=""_blank"">Naver</a>"
004360,세방,36.076361246095495,14.504853145425628,58.590820375944574,83.5659108159773,87.38306366512484,,"<a href=""https://m.stock.naver.com/domestic/stock/004360/total"" target=""_blank"">Naver</a>"
009160,SIMPAC,35.987103396772596,11.430986031364299,68.15446035289568,84.65027498294413,72.49738382871368,,"<a href=""https://m.stock.naver.com/domestic/stock/009160/total"" target=""_blank"">Naver</a>"
031430,신세계인터내셔날,35.85958808232125,11.290374877933388,66.0618826050926,95.51701617693051,60.363817731900454,,"<a href=""https://m.stock.naver.com/domestic/stock/031430/total"" target=""_blank"">Naver</a>"
005820,원림,35.61845614515361,12.17347697764499,61.18398680698707,99.59206908027804,61.18332697584083,,"<a href=""https://m.stock.naver.com/domestic/stock/005820/total"" target=""_blank"">Naver</a>"
071090,하이스틸,35.606891705020296,16.95233046187325,53.79698475585797,80.00363801189579,79.71766875484546,,"<a href=""https://m.stock.naver.com/domestic/stock/071090/total"" target=""_blank"">Naver</a>"
014790,HL D&I,35.598684765060845,22.724739954923,49.28118594448008,55.157197994566445,82.55649013060767,,"<a href=""https://m.stock.naver.com/domestic/stock/014790/total"" target=""_blank"">Naver</a>"
317400,자이에스앤디,35.49651193202159,10.196920603352646,65.25396868396739,90.5591141684167,80.17911964352962,,"<a href=""https://m.stock.naver.com/domestic/stock/317400/total"" target=""_blank"">Naver</a>"
093050,LF,35.48447603357824,12.425004813207615,63.16884767687054,96.44477049057025,51.85568354758016,,"<a href=""https://m.stock.naver.com/domestic/stock/093050/total"" target=""_blank"">Naver</a>"
102280,쌍방울,35.422118765807355,26.3867675887208,39.767847027194804,74.49121277481396,43.9795035658955,,"<a href=""https://m.stock.naver.com/domestic/stock/102280/total"" target=""_blank"">Naver</a>"
002020,코오롱,35.42029198651104,18.757298594201515,58.08172327091203,50.461847186868134,91.98594587150612,,"<a href=""https://m.stock.naver.com/domestic/stock/002020/total"" target=""_blank"">Naver</a>"
000070,삼양홀딩스,35.37300552202272,17.833227294496172,50.85034001755371,81.68176186211892,75.84615909449403,,"<a href=""https://m.stock.naver.com/domestic/stock/000070/total"" target=""_blank"">Naver</a>"
000950,전방,35.33558863057067,15.071638220302168,66.66666666666667,74.0777708017916,44.363239030870794,,"<a href=""https://m.stock.naver.com/domestic/stock/000950/total"" target=""_blank"">Naver</a>"
029460,케이씨,35.29305195942653,3.5537436943445844,76.26959022077277,99.4416113959466,82.98494096063845,,"<a href=""https://m.stock.naver.com/domestic/stock/029460/total"" target=""_blank"">Naver</a>"
001780,알루코,35.27304349817501,22.988414714320644,52.214024492190646,51.60033454754299,65.32910183561313,,"<a href=""https://m.stock.naver.com/domestic/stock/001780/total"" target=""_blank"">Naver</a>"
055490,테이팩스,35.1451219217628,6.0831433600481395,70.69623747986303,98.20951435797735,80.00450199940846,,"<a href=""https://m.stock.naver.com/domestic/stock/055490/total"" target=""_blank"">Naver</a>"
007980,TP,35.13952264553089,17.66831149352844,59.39916943725202,58.23007466019891,77.31471848161861,,"<a href=""https://m.stock.naver.com/domestic/stock/007980/total"" target=""_blank"">Naver</a>"
004430,송원산업,34.92343910416621,7.4523627394273655,74.52189007542596,85.82690023985995,64.77717835334599,,"<a href=""https://m.stock.naver.com/domestic/stock/004430/total"" target=""_blank"">Naver</a>"
011780,금호석유화학,34.8686994451641,2.7550270840145985,77.75784876110204,96.34108984024134,82.84224040911397,,"<a href=""https://m.stock.naver.com/domestic/stock/011780/total"" target=""_blank"">Naver</a>"
005930,삼성전자,34.676686688219114,7.182721431246139,73.99891261123066,87.47366688957538,62.39917975412458,,"<a href=""https://m.stock.naver.com/domestic/stock/005930/total"" target=""_blank"">Naver</a>"
353200,대덕전자,34.64785963164811,1.0783602575696187,80.93090552704744,95.9549901068379,83.45236169321376,,"<a href=""https://m.stock.naver.com/domestic/stock/353200/total"" target=""_blank"">Naver</a>"
009830,한화솔루션,34.62966386690916,18.927159777190614,49.18886263288368,76.86064707157216,65.8017527043331,,"<a href=""https://m.stock.naver.com/domestic/stock/009830/total"" target=""_blank"">Naver</a>"
069960,현대백화점,34.57415086510035,20.07633901268382,49.547797346770814,71.27845346246518,60.27105549101677,,"<a href=""https://m.stock.naver.com/domestic/stock/069960/total"" target=""_blank"">Naver</a>"
010580,에스엠벡셀,34.51841143175493,18.997294156430517,50.00048168152036,68.67947858899336,75.03933317234385,,"<a href=""https://m.stock.naver.com/domestic/stock/010580/total"" target=""_blank"">Naver</a>"
004150,한솔홀딩스,34.513840748237115,10.786962001557546,58.11137058580939,95.32968360950329,79.61705079799835,,"<a href=""https://m.stock.naver.com/domestic/stock/004150/total"" target=""_blank"">Naver</a>"
002710,TCC스틸,34.32014579302049,14.88514095000223,59.726406404713714,64.88565691016528,79.37787861648383,,"<a href=""https://m.stock.naver.com/domestic/stock/002710/total"" target=""_blank"">Naver</a>"
020150,롯데에너지머티리얼즈,34.24759224873168,18.000960018131423,55.54956583495613,75.83869021364558,39.5151151549847,,"<a href=""https://m.stock.naver.com/domestic/stock/020150/total"" target=""_blank"">Naver</a>"
001250,GS글로벌,34.22471357975922,15.170349563962802,54.843066637591456,68.33560320250423,91.56353723466502,,"<a href=""https://m.stock.naver.com/domestic/stock/001250/total"" target=""_blank"">Naver</a>"
036570,엔씨소프트,34.12168398371344,4.416342274559823,71.01511940355412,99.04512667884067,76.27172200409882,,"<a href=""https://m.stock.naver.com/domestic/stock/036570/total"" target=""_blank"">Naver</a>"
097950,CJ제일제당,34.101238802163095,15.694411126386095,53.431599202607195,67.32798907591182,91.87786836176909,,"<a href=""https://m.stock.naver.com/domestic/stock/097950/total"" target=""_blank"">Naver</a>"
010040,한국내화,34.09955205480075,18.84660892384186,40.86240454104299,86.82606823009368,77.8675748445104,,"<a href=""https://m.stock.naver.com/domestic/stock/010040/total"" target=""_blank"">Naver</a>"
010130,고려아연,34.076642676435384,10.994675689803413,59.60979585182471,88.7799201307222,73.98792573049874,,"<a href=""https://m.stock.naver.com/domestic/stock/010130/total"" target=""_blank"">Naver</a>"
002990,금호건설,33.96829021715101,17.663706752825284,43.827110572251584,81.73531815750061,84.79513413285751,,"<a href=""https://m.stock.naver.com/domestic/stock/002990/total"" target=""_blank"">Naver</a>"
049800,우진플라임,33.93983810096828,10.860204448639983,66.68187825167574,68.73986147582383,77.58519442565948,,"<a href=""https://m.stock.naver.com/domestic/stock/049800/total"" target=""_blank"">Naver</a>"
001040,CJ,33.88306522935934,18.620752720353025,46.902911477203226,68.23546503223247,83.22678449246938,,"<a href=""https://m.stock.naver.com/domestic/stock/001040/total"" target=""_blank"">Naver</a>"
103140,풍산,33.71474473287776,11.907602355450578,56.722656754004724,90.71125319808989,66.3678762259448,,"<a href=""https://m.stock.naver.com/domestic/stock/103140/total"" target=""_blank"">Naver</a>"
007570,일양약품,33.539239159192675,17.561609044402196,52.17925463132752,68.76195439369245,61.62529270700469,,"<a href=""https://m.stock.naver.com/domestic/stock/007570/total"" target=""_blank"">Naver</a>"
000240,한국앤컴퍼니,33.46346417221132,6.90069105968437,69.62896055840166,91.96673140531291,54.382725125379835,,"<a href=""https://m.stock.naver.com/domestic/stock/000240/total"" target=""_blank"">Naver</a>"
000970,한국주철관,33.455052201982,13.997961443380673,46.763747639224476,93.75697638583907,79.7928157512715,,"<a href=""https://m.stock.naver.com/domestic/stock/000970/total"" target=""_blank"">Naver</a>"
088790,진도,33.4365393670696,11.786268220698823,59.63410166500372,93.84363159114439,41.43779718569867,,"<a href=""https://m.stock.naver.com/domestic/stock/088790/total"" target=""_blank"">Naver</a>"
028670,팬오션,33.358207638512916,3.753820686595915,72.6029179027732,86.5800762994373,85.94356241836674,,"<a href=""https://m.stock.naver.com/domestic/stock/028670/total"" target=""_blank"">Naver</a>"
108320,LX세미콘,33.33123215970383,5.2880298784547115,66.07727005962681,99.04212582287812,74.69768270872972,,"<a href=""https://m.stock.naver.com/domestic/stock/108320/total"" target=""_blank"">Naver</a>"
403550,쏘카,33.22959423856489,33.333333333333336,22.979753541931544,42.29560362697575,65.10190980768857,,"<a href=""https://m.stock.naver.com/domestic/stock/403550/total"" target=""_blank"">Naver</a>"
092200,디아이씨,32.9359895338023,25.378914719255192,37.79010824113529,39.10555848265437,87.01115587399836,,"<a href=""https://m.stock.naver.com/domestic/stock/092200/total"" target=""_blank"">Naver</a>"
000080,하이트진로,32.825050562752665,16.248197006051146,53.65667531356226,56.77250676339214,79.69425708784397,,"<a href=""https://m.stock.naver.com/domestic/stock/000080/total"" target=""_blank"">Naver</a>"
006110,삼아알미늄,32.78437716870403,9.625007489864265,57.552721454835115,94.01971007177292,64.38442607798805,,"<a href=""https://m.stock.naver.com/domestic/stock/006110/total"" target=""_blank"">Naver</a>"
267250,HD현대,32.77896090267616,16.303289335282155,53.45893069887409,54.92020302044924,82.80468649486836,,"<a href=""https://m.stock.naver.com/domestic/stock/267250/total"" target=""_blank"">Naver</a>"
019440,세아특수강,32.71155987897543,16.362325008428922,46.632755229612734,77.44290851351859,69.83370430326066,,"<a href=""https://m.stock.naver.com/domestic/stock/019440/total"" target=""_blank"">Naver</a>"
074610,이엔플러스,32.585149819672154,45.711004678456504,0.0,30.21942261017359,42.7320950316178,,"<a href=""https://m.stock.naver.com/domestic/stock/074610/total"" target=""_blank"">Naver</a>"
377190,디앤디플랫폼리츠,32.5766365915566,24.40106844459652,44.543061161157816,48.11097596651898,39.7826527571468,,"<a href=""https://m.stock.naver.com/domestic/stock/377190/total"" target=""_blank"">Naver</a>"
005950,이수화학,32.34770684246258,18.60304692972267,48.700292603393315,44.94309088492683,90.3299289057593,,"<a href=""https://m.stock.naver.com/domestic/stock/005950/total"" target=""_blank"">Naver</a>"
017180,명문제약,32.17860062784333,18.460036613730427,52.98086634524407,50.1484192277125,56.850403010456084,,"<a href=""https://m.stock.naver.com/domestic/stock/017180/total"" target=""_blank"">Naver</a>"
003200,일신방직,32.16110086220115,11.844379081461819,59.02318125559713,74.11990431395131,57.73375336059298,,"<a href=""https://m.stock.naver.com/domestic/stock/003200/total"" target=""_blank"">Naver</a>"
003480,한진중공업홀딩스,32.149660696069205,20.712767182241993,47.20850326120985,34.70064901228402,88.99619340386289,,"<a href=""https://m.stock.naver.com/domestic/stock/003480/total"" target=""_blank"">Naver</a>"
129260,인터지스,32.100246992012124,8.401142505634288,56.08423464117118,87.37263450591104,86.024787554953,,"<a href=""https://m.stock.naver.com/domestic/stock/129260/total"" target=""_blank"">Naver</a>"
011930,신성이엔지,32.0984504470849,11.867911469478969,58.29411933020299,61.57537248327331,84.93272969038887,,"<a href=""https://m.stock.naver.com/domestic/stock/011930/total"" target=""_blank"">Naver</a>"
004970,신라교역,32.05959546435078,13.612340895928243,43.129272590254864,93.16079052592535,75.87587453275158,,"<a href=""https://m.stock.naver.com/domestic/stock/004970/total"" target=""_blank"">Naver</a>"
008970,동양철관,31.797473236579673,18.000429669353395,46.75232275815006,56.03096717812829,74.1207605523459,,"<a href=""https://m.stock.naver.com/domestic/stock/008970/total"" target=""_blank"">Naver</a>"
126720,수산인더스트리,31.668110962797815,0.0,72.14516967358165,99.36172415174266,73.91292258456268,,"<a href=""https://m.stock.naver.com/domestic/stock/126720/total"" target=""_blank"">Naver</a>"
001230,동국홀딩스,31.583946356876996,0.0,73.48803979147552,87.33068186215988,89.57736445584261,,"<a href=""https://m.stock.naver.com/domestic/stock/001230/total"" target=""_blank"">Naver</a>"
000670,영풍,31.55071990801288,12.375921814592502,51.41521524544937,72.72771876129133,79.971822635318,,"<a href=""https://m.stock.naver.com/domestic/stock/000670/total"" target=""_blank"">Naver</a>"
095570,AJ네트웍스,31.547402697382893,16.695216051645858,48.82548281949167,51.56471584679715,83.348615536855,,"<a href=""https://m.stock.naver.com/domestic/stock/095570/total"" target=""_blank"">Naver</a>"
010600,웰바이오텍,31.494265707184525,26.005917447242652,20.186654713010686,65.91627182550972,85.04848756070578,,"<a href=""https://m.stock.naver.com/domestic/stock/010600/total"" target=""_blank"">Naver</a>"
024070,WISCOM,31.48625185145007,23.147454789315677,18.36456555426272,92.08883904689048,75.95507369211876,,"<a href=""https://m.stock.naver.com/domestic/stock/024070/total"" target=""_blank"">Naver</a>"
016450,한세예스24홀딩스,31.412037705299706,10.406078860090437,52.840091847277016,77.21117055462689,84.74500743927004,,"<a href=""https://m.stock.naver.com/domestic/stock/016450/total"" target=""_blank"">Naver</a>"
107590,미원홀딩스,31.323361770396293,7.6278252227829215,57.65255028767266,82.67282879943706,81.32492369729343,,"<a href=""https://m.stock.naver.com/domestic/stock/107590/total"" target=""_blank"">Naver</a>"
002240,고려제강,31.28777043531141,9.67067306373245,54.079143333785716,88.28136666983275,62.74888193284467,,"<a href=""https://m.stock.naver.com/domestic/stock/002240/total"" target=""_blank"">Naver</a>"
047810,한국항공우주,31.082134915224472,18.9982811463472,52.293447455672926,44.965076764358216,42.265933741242,,"<a href=""https://m.stock.naver.com/domestic/stock/047810/total"" target=""_blank"">Naver</a>"
268280,미원에스씨,31.04863533324298,0.0,71.31678522665719,99.44659839500697,65.49558374155973,,"<a href=""https://m.stock.naver.com/domestic/stock/268280/total"" target=""_blank"">Naver</a>"
095720,웅진씽크빅,31.020519268553308,14.29994817620608,43.4384511013528,74.37028593124481,82.87817988733961,,"<a href=""https://m.stock.naver.com/domestic/stock/095720/total"" target=""_blank"">Naver</a>"
004890,동일산업,30.985330416582396,9.37977365373479,47.73471197523413,99.60294518900993,69.26987423263985,,"<a href=""https://m.stock.naver.com/domestic/stock/004890/total"" target=""_blank"">Naver</a>"
009270,신원,30.921780265078205,10.985089855820513,51.818115543506735,75.4150768084436,76.69379569729699,,"<a href=""https://m.stock.naver.com/domestic/stock/009270/total"" target=""_blank"">Naver</a>"
009470,삼화전기,30.912363835296745,7.486146414381153,56.036183799260186,80.56017828841453,87.11224416023099,,"<a href=""https://m.stock.naver.com/domestic/stock/009470/total"" target=""_blank"">Naver</a>"
005360,모나미,30.881438579876676,16.900577331392,45.95105394989815,66.65595514233215,51.75466358667447,,"<a href=""https://m.stock.naver.com/domestic/stock/005360/total"" target=""_blank"">Naver</a>"
024720,콜마홀딩스,30.79860051481272,13.61945433398717,44.93258607034971,75.16116258610892,77.55330276444195,,"<a href=""https://m.stock.naver.com/domestic/stock/024720/total"" target=""_blank"">Naver</a>"
008060,대덕,30.50205927281737,4.077396568391165,56.21297011675144,99.41936686584302,81.2088423202102,,"<a href=""https://m.stock.naver.com/domestic/stock/008060/total"" target=""_blank"">Naver</a>"
014990,인디에프,30.49530720105981,37.37508301050113,1.4592049089933095,41.51272101162605,71.08368132696394,,"<a href=""https://m.stock.naver.com/domestic/stock/014990/total"" target=""_blank"">Naver</a>"
012630,HDC,30.494729165832712,17.12548086089382,42.971371142439466,70.45201560836253,48.62792605700598,,"<a href=""https://m.stock.naver.com/domestic/stock/012630/total"" target=""_blank"">Naver</a>"
025750,한솔홈데코,30.309828876211434,23.681684022020395,27.700722642786733,54.05396989625655,75.4048162535372,,"<a href=""https://m.stock.naver.com/domestic/stock/025750/total"" target=""_blank"">Naver</a>"
034730,SK,30.14445372476854,14.92741375533774,46.92380504031545,54.18416339973363,80.77275743027346,,"<a href=""https://m.stock.naver.com/domestic/stock/034730/total"" target=""_blank"">Naver</a>"
006370,대구백화점,30.134765409379003,37.657594332294316,0.0,45.402088100024145,60.0,,"<a href=""https://m.stock.naver.com/domestic/stock/006370/total"" target=""_blank"">Naver</a>"
096770,SK이노베이션,30.08333819173191,14.151275356743897,43.18266441480327,64.92758227385004,86.08297293199502,,"<a href=""https://m.stock.naver.com/domestic/stock/096770/total"" target=""_blank"">Naver</a>"
192650,드림텍,30.050431510049236,3.8467959998196903,61.33070246304652,78.83141435902809,90.53073716985966,,"<a href=""https://m.stock.naver.com/domestic/stock/192650/total"" target=""_blank"">Naver</a>"
008250,이건산업,29.928907662765496,12.12643988496872,48.17998594337178,71.43678533381132,69.28737425120374,,"<a href=""https://m.stock.naver.com/domestic/stock/008250/total"" target=""_blank"">Naver</a>"
006740,영풍제지,29.911216263876806,5.959261472047419,54.528933582467836,90.84464354369274,72.37923261324248,,"<a href=""https://m.stock.naver.com/domestic/stock/006740/total"" target=""_blank"">Naver</a>"
084010,대한제강,29.747212292087763,0.0,61.437593798315014,98.1678165393136,91.42064377155302,,"<a href=""https://m.stock.naver.com/domestic/stock/084010/total"" target=""_blank"">Naver</a>"
001530,DI동일,29.647307640587915,7.105852226002189,57.24110798847792,72.23589983552611,76.99858648629015,,"<a href=""https://m.stock.naver.com/domestic/stock/001530/total"" target=""_blank"">Naver</a>"
000700,유수홀딩스,29.55655000501183,0.0,61.10356151637979,99.61008008022554,86.3930323578865,,"<a href=""https://m.stock.naver.com/domestic/stock/000700/total"" target=""_blank"">Naver</a>"
000050,경방,29.53515567467291,15.12132794962527,42.616734154361104,67.22740032656951,61.708706673010475,,"<a href=""https://m.stock.naver.com/domestic/stock/000050/total"" target=""_blank"">Naver</a>"
298050,HS효성첨단소재,29.41969591157235,7.622354213170577,64.52869701608262,47.928719356129804,78.42474388072739,,"<a href=""https://m.stock.naver.com/domestic/stock/298050/total"" target=""_blank"">Naver</a>"
011170,롯데케미칼,29.405179702083327,17.371120435582956,32.08033367714851,69.01046997437967,81.2275404801692,,"<a href=""https://m.stock.naver.com/domestic/stock/011170/total"" target=""_blank"">Naver</a>"
285130,SK케미칼,29.381137225254648,4.824755874429658,64.11227101180084,79.5920337342267,49.98025148447945,,"<a href=""https://m.stock.naver.com/domestic/stock/285130/total"" target=""_blank"">Naver</a>"
005490,POSCO홀딩스,29.35362522238146,10.985887010863804,46.933530145476276,73.75050855864482,73.07319247259247,,"<a href=""https://m.stock.naver.com/domestic/stock/005490/total"" target=""_blank"">Naver</a>"
001120,LX인터내셔널,29.297718180916885,2.6331515137713266,65.35519444840018,67.10138314429346,93.3778069224939,,"<a href=""https://m.stock.naver.com/domestic/stock/001120/total"" target=""_blank"">Naver</a>"
383800,LX홀딩스,29.164125324959922,0.0,82.67460779663662,74.95473375800768,20.0,,"<a href=""https://m.stock.naver.com/domestic/stock/383800/total"" target=""_blank"">Naver</a>"
014830,유니드,29.138825486600506,3.630098009913508,61.373898468230415,84.32005026203984,63.70574074781631,,"<a href=""https://m.stock.naver.com/domestic/stock/014830/total"" target=""_blank"">Naver</a>"
267290,경동도시가스,29.118743505078186,5.946030973482846,46.620088109665744,91.2376031815346,95.44685150837165,,"<a href=""https://m.stock.naver.com/domestic/stock/267290/total"" target=""_blank"">Naver</a>"
249420,일동제약,29.06253227534434,36.04628739389949,0.0,34.8283745696868,79.03844764071926,,"<a href=""https://m.stock.naver.com/domestic/stock/249420/total"" target=""_blank"">Naver</a>"
002900,TYM,29.052384448454998,0.0,72.88442916292603,75.9185671253924,64.78840890368504,,"<a href=""https://m.stock.naver.com/domestic/stock/002900/total"" target=""_blank"">Naver</a>"
000490,대동,29.02516891073815,14.100813075847876,48.84176188650026,60.027754660238074,47.02930255161101,,"<a href=""https://m.stock.naver.com/domestic/stock/000490/total"" target=""_blank"">Naver</a>"
058430,포스코스틸리온,28.91316404613638,7.124509826652974,47.60295164395285,84.52117746023481,85.712049862658,,"<a href=""https://m.stock.naver.com/domestic/stock/058430/total"" target=""_blank"">Naver</a>"
294870,HDC현대산업개발,28.779316811191688,15.35868187204165,41.45751798533431,67.38245593808334,49.229651956495736,,"<a href=""https://m.stock.naver.com/domestic/stock/294870/total"" target=""_blank"">Naver</a>"
005680,삼영전자,28.684188352359033,3.0362391314159534,57.41810663428487,99.88229773491388,50.39376882893714,,"<a href=""https://m.stock.naver.com/domestic/stock/005680/total"" target=""_blank"">Naver</a>"
006360,GS건설,28.633738959164408,20.302545298358346,32.02465663332828,48.19819545822274,72.52456151990117,,"<a href=""https://m.stock.naver.com/domestic/stock/006360/total"" target=""_blank"">Naver</a>"
004800,효성,28.605039649984548,15.848483311359447,41.01786040771634,55.32833514076964,66.17302094325666,,"<a href=""https://m.stock.naver.com/domestic/stock/004800/total"" target=""_blank"">Naver</a>"
002380,KCC,28.51454225106602,12.545075058149393,40.59596004651137,78.69342165369972,59.38330078357142,,"<a href=""https://m.stock.naver.com/domestic/stock/002380/total"" target=""_blank"">Naver</a>"
002220,한일철강,28.499855804102367,15.905362818659794,37.90571739604795,56.79123145882072,76.02171236024857,,"<a href=""https://m.stock.naver.com/domestic/stock/002220/total"" target=""_blank"">Naver</a>"
007690,국도화학,28.485885107625364,6.812869306296289,47.506803429963895,84.93233164292144,80.56459004128943,,"<a href=""https://m.stock.naver.com/domestic/stock/007690/total"" target=""_blank"">Naver</a>"
010620,HD현대미포,28.438523618287675,19.30154118923361,23.941930560994205,63.99330847699678,89.45570833598565,,"<a href=""https://m.stock.naver.com/domestic/stock/010620/total"" target=""_blank"">Naver</a>"
017900,광전자,28.339006959745042,7.068925566451135,44.297807289781964,99.78948103124692,60.88503388608349,,"<a href=""https://m.stock.naver.com/domestic/stock/017900/total"" target=""_blank"">Naver</a>"
010420,한솔PNS,28.318141605413267,13.21649346197853,38.90938530395179,61.35832691212142,90.50133022052125,,"<a href=""https://m.stock.naver.com/domestic/stock/010420/total"" target=""_blank"">Naver</a>"
003080,SB성보,28.247037766441867,12.587582106685057,45.661548168527254,74.63339389956009,36.31524140686024,,"<a href=""https://m.stock.naver.com/domestic/stock/003080/total"" target=""_blank"">Naver</a>"
213500,한솔제지,28.221325910149687,9.16367946028274,51.90947594631998,61.113396273380445,72.68819240124007,,"<a href=""https://m.stock.naver.com/domestic/stock/213500/total"" target=""_blank"">Naver</a>"
004000,롯데정밀화학,28.111543511768414,0.0,64.77396542956107,79.98148469243054,78.39807370270177,,"<a href=""https://m.stock.naver.com/domestic/stock/004000/total"" target=""_blank"">Naver</a>"
003610,방림,28.101650776311956,11.515508203402009,43.556244250260725,73.8020202101807,58.46165541375001,,"<a href=""https://m.stock.naver.com/domestic/stock/003610/total"" target=""_blank"">Naver</a>"
117580,대성에너지,27.942616554829463,16.432760134502885,34.64666800015643,48.30655688660326,91.81275570856599,,"<a href=""https://m.stock.naver.com/domestic/stock/117580/total"" target=""_blank"">Naver</a>"
322000,HD현대에너지솔루션,27.891910152770812,0.0,62.747317773079224,86.95253066568137,70.19655285865741,,"<a href=""https://m.stock.naver.com/domestic/stock/322000/total"" target=""_blank"">Naver</a>"
075180,새론오토모티브,27.78102797913599,20.05451598525855,18.5622232336174,74.68493376803747,72.7853840554553,,"<a href=""https://m.stock.naver.com/domestic/stock/075180/total"" target=""_blank"">Naver</a>"
000230,일동홀딩스,27.640835665896603,34.85923208398177,0.0,28.735296140421404,77.03533602930793,,"<a href=""https://m.stock.naver.com/domestic/stock/000230/total"" target=""_blank"">Naver</a>"
003060,에이프로젠바이오로직스,27.563055552602034,31.058024764027408,5.713403952648264,67.34219958768587,15.3133949450987,,"<a href=""https://m.stock.naver.com/domestic/stock/003060/total"" target=""_blank"">Naver</a>"
000880,한화,27.421427784449904,8.523200541696681,49.81178580056653,54.88830650953192,87.31460716674137,,"<a href=""https://m.stock.naver.com/domestic/stock/000880/total"" target=""_blank"">Naver</a>"
003580,HLB글로벌,27.337764586723075,31.581078195618193,0.0,53.929898375013764,59.92255663701572,,"<a href=""https://m.stock.naver.com/domestic/stock/003580/total"" target=""_blank"">Naver</a>"
010950,S-Oil,27.077385358054723,2.44148796835988,54.457927393273614,73.74032356349117,92.47956744742547,,"<a href=""https://m.stock.naver.com/domestic/stock/010950/total"" target=""_blank"">Naver</a>"
006200,한국전자홀딩스,26.97220947644986,4.047363144751741,50.208267784667555,92.12968382535688,55.57512521792477,,"<a href=""https://m.stock.naver.com/domestic/stock/006200/total"" target=""_blank"">Naver</a>"
161000,애경케미칼,26.964937240717468,3.7539369360481456,47.85735716906445,83.74335895551948,87.4779978254104,,"<a href=""https://m.stock.naver.com/domestic/stock/161000/total"" target=""_blank"">Naver</a>"
093230,이아이디,26.44687929269878,26.904684369422384,0.0,69.36464741371398,67.35207859347906,,"<a href=""https://m.stock.naver.com/domestic/stock/093230/total"" target=""_blank"">Naver</a>"
006570,대림통상,26.38138030942823,13.518258434880899,32.364808450757344,72.0814083693933,59.421645977420454,,"<a href=""https://m.stock.naver.com/domestic/stock/006570/total"" target=""_blank"">Naver</a>"
134790,시디즈,26.150861829808143,5.753081064804641,43.43253973876565,72.88660593273036,91.04435325921816,,"<a href=""https://m.stock.naver.com/domestic/stock/134790/total"" target=""_blank"">Naver</a>"
008700,아남전자,25.931947586525855,0.0,56.69350698460935,78.4909415419481,78.18953372357413,,"<a href=""https://m.stock.naver.com/domestic/stock/008700/total"" target=""_blank"">Naver</a>"
003070,코오롱글로벌,25.835778873644248,0.0,61.67273414762684,61.68614147406915,84.9796237866124,,"<a href=""https://m.stock.naver.com/domestic/stock/003070/total"" target=""_blank"">Naver</a>"
002450,삼익악기,25.668843984663628,7.528760544913845,42.48699405829402,73.31446431787218,63.96785422709191,,"<a href=""https://m.stock.naver.com/domestic/stock/002450/total"" target=""_blank"">Naver</a>"
000210,DL,25.583388637118844,8.583294319038115,45.3180289246634,58.72766387036996,64.62276854986254,,"<a href=""https://m.stock.naver.com/domestic/stock/000210/total"" target=""_blank"">Naver</a>"
014130,한익스프레스,25.38073561219505,7.593712214535503,44.36497508820052,51.55060173936487,91.56408674974263,,"<a href=""https://m.stock.naver.com/domestic/stock/014130/total"" target=""_blank"">Naver</a>"
012610,경인양행,25.368205295551363,6.155722712352545,47.77252708012193,73.73012417654438,47.172549609098255,,"<a href=""https://m.stock.naver.com/domestic/stock/012610/total"" target=""_blank"">Naver</a>"
011000,진원생명과학,25.250881331286003,28.41257303109065,0.0,60.47631334783147,43.114123556969275,,"<a href=""https://m.stock.naver.com/domestic/stock/011000/total"" target=""_blank"">Naver</a>"
097520,엠씨넥스,25.239816020450267,3.336419287738613,45.87931920804136,69.54817171837836,96.26634947917849,,"<a href=""https://m.stock.naver.com/domestic/stock/097520/total"" target=""_blank"">Naver</a>"
019680,대교,24.802216102155302,24.46775577689468,2.264842996395918,51.300762740661554,88.50551225706717,,"<a href=""https://m.stock.naver.com/domestic/stock/019680/total"" target=""_blank"">Naver</a>"
012800,대창,24.517409180046357,12.698117028516776,31.01027635714131,50.87183253418508,81.17573240464905,,"<a href=""https://m.stock.naver.com/domestic/stock/012800/total"" target=""_blank"">Naver</a>"
027740,마니커,24.43257062545449,17.770998001117402,21.96012797586887,35.26346064388234,95.07187532857188,,"<a href=""https://m.stock.naver.com/domestic/stock/027740/total"" target=""_blank"">Naver</a>"
000220,유유제약,24.342068773165224,16.35734650837014,19.17368330577431,71.56025223886728,51.56429635625669,,"<a href=""https://m.stock.naver.com/domestic/stock/000220/total"" target=""_blank"">Naver</a>"
001470,삼부토건,24.332868591109506,26.465667296136832,0.0,54.53779080083831,59.9937826668715,,"<a href=""https://m.stock.naver.com/domestic/stock/001470/total"" target=""_blank"">Naver</a>"
000760,이화산업,24.26341773380792,8.477042668575578,38.73154335211258,71.42884412702394,47.02843763864068,,"<a href=""https://m.stock.naver.com/domestic/stock/000760/total"" target=""_blank"">Naver</a>"
000300,DH오토넥스,24.223570031306277,17.09171414514507,24.95338218697755,33.92154140957202,86.76083713035291,,"<a href=""https://m.stock.naver.com/domestic/stock/000300/total"" target=""_blank"">Naver</a>"
005440,현대지에프홀딩스,24.20376353250566,0.0,44.06802840620127,88.68508694025823,86.36495473859044,,"<a href=""https://m.stock.naver.com/domestic/stock/005440/total"" target=""_blank"">Naver</a>"
000890,보해양조,23.55535876711609,17.734340085002426,14.97255544403483,61.5696488724659,60.29301935718674,,"<a href=""https://m.stock.naver.com/domestic/stock/000890/total"" target=""_blank"">Naver</a>"
030720,동원수산,23.28586207976007,5.746619269757784,37.64812384044033,67.70164435405816,73.11390244778997,,"<a href=""https://m.stock.naver.com/domestic/stock/030720/total"" target=""_blank"">Naver</a>"
298020,효성티앤씨,22.873596491236718,4.762661438025955,41.59583356414842,51.14271204906585,90.05540064954903,,"<a href=""https://m.stock.naver.com/domestic/stock/298020/total"" target=""_blank"">Naver</a>"
004540,깨끗한나라,22.757402753791514,8.03639869845019,33.779533722070894,53.1434832773395,83.52663552939451,,"<a href=""https://m.stock.naver.com/domestic/stock/004540/total"" target=""_blank"">Naver</a>"
033240,자화전자,22.540748099000098,20.461356310219607,0.0,66.98010619507254,71.31847386722153,,"<a href=""https://m.stock.naver.com/domestic/stock/033240/total"" target=""_blank"">Naver</a>"
097230,HJ중공업,22.50744577695353,19.79395427970866,13.323022884713135,30.833541910265843,84.33926593846934,,"<a href=""https://m.stock.naver.com/domestic/stock/097230/total"" target=""_blank"">Naver</a>"
025860,남해화학,22.471337459732016,0.0,38.29596015438369,86.71003787767471,84.52687266737244,,"<a href=""https://m.stock.naver.com/domestic/stock/025860/total"" target=""_blank"">Naver</a>"
004560,현대비앤지스틸,22.311373891669675,3.5118850096552183,37.667887095927064,71.08092413102139,73.58357397585281,,"<a href=""https://m.stock.naver.com/domestic/stock/004560/total"" target=""_blank"">Naver</a>"
047400,유니온머티리얼,22.302008941094325,15.11915455503262,21.795557281801365,52.41117754472018,50.810182663047875,,"<a href=""https://m.stock.naver.com/domestic/stock/047400/total"" target=""_blank"">Naver</a>"
350520,이지스레지던스리츠,22.219510108497417,0.0,66.66666666666667,45.52843441830749,20.0,,"<a href=""https://m.stock.naver.com/domestic/stock/350520/total"" target=""_blank"">Naver</a>"
900140,엘브이엠씨홀딩스,21.822637968995313,21.0342397540659,1.5392705802990587,63.90514815027693,48.535233129066256,,"<a href=""https://m.stock.naver.com/domestic/stock/900140/total"" target=""_blank"">Naver</a>"
229640,LS에코에너지,21.810903966745414,7.1087150867559465,27.818981844008565,68.38797554014496,75.0426379935042,,"<a href=""https://m.stock.naver.com/domestic/stock/229640/total"" target=""_blank"">Naver</a>"
008730,율촌화학,21.786072974092686,10.360771152223876,26.178419702447282,56.10970442375995,68.28069829541084,,"<a href=""https://m.stock.naver.com/domestic/stock/008730/total"" target=""_blank"">Naver</a>"
014910,성문전자,21.691998008621013,10.939210338413185,21.056058051889668,67.11154605818179,63.0660537356501,,"<a href=""https://m.stock.naver.com/domestic/stock/014910/total"" target=""_blank"">Naver</a>"
011700,한신기계,21.67307992602413,19.066819277594764,2.6758661372651686,74.37022975576362,42.53997699149235,,"<a href=""https://m.stock.naver.com/domestic/stock/011700/total"" target=""_blank"">Naver</a>"
396690,미래에셋글로벌리츠,21.572969019760944,0.0,47.109384465686105,71.09929449212737,53.713869082533634,,"<a href=""https://m.stock.naver.com/domestic/stock/396690/total"" target=""_blank"">Naver</a>"
000910,유니온,21.218989502785803,14.851933247689134,14.412476633870384,56.87089737085121,60.352413172392104,,"<a href=""https://m.stock.naver.com/domestic/stock/000910/total"" target=""_blank"">Naver</a>"
092220,KEC,20.780004021334932,0.0,58.73589193368633,49.37583934758074,23.168942063105526,,"<a href=""https://m.stock.naver.com/domestic/stock/092220/total"" target=""_blank"">Naver</a>"
002410,범양건영,20.767837162649624,19.77795787049062,0.0,53.10609554799835,71.80905771110837,,"<a href=""https://m.stock.naver.com/domestic/stock/002410/total"" target=""_blank"">Naver</a>"
019170,신풍제약,20.4315012687888,17.980297370681956,0.0,74.51063304950074,43.84519082859107,,"<a href=""https://m.stock.naver.com/domestic/stock/019170/total"" target=""_blank"">Naver</a>"
006060,화승인더,20.395516699685466,4.424904643933418,33.171344601848396,54.73478957304655,79.48517611117325,,"<a href=""https://m.stock.naver.com/domestic/stock/006060/total"" target=""_blank"">Naver</a>"
004380,삼익THK,20.31949829875331,0.0,50.55516566726984,61.71040530411521,30.193327030486515,,"<a href=""https://m.stock.naver.com/domestic/stock/004380/total"" target=""_blank"">Naver</a>"
139990,아주스틸,19.42493846633475,8.847469106359421,24.371239325864554,40.09793581649818,80.27707178806284,,"<a href=""https://m.stock.naver.com/domestic/stock/139990/total"" target=""_blank"">Naver</a>"
241590,화승엔터프라이즈,19.311570981954915,3.520724476202002,30.02378821240757,58.66621566803969,76.53135352655706,,"<a href=""https://m.stock.naver.com/domestic/stock/241590/total"" target=""_blank"">Naver</a>"
011230,삼화전자,19.255201663811114,20.893085203147347,0.10918099041393181,29.34776397346269,75.14557793945906,,"<a href=""https://m.stock.naver.com/domestic/stock/011230/total"" target=""_blank"">Naver</a>"
004270,남성,19.171892185509105,6.695587618019366,31.707511336341884,47.81121460016441,48.93080641191139,,"<a href=""https://m.stock.naver.com/domestic/stock/004270/total"" target=""_blank"">Naver</a>"
063160,종근당바이오,19.14903820476959,18.145174032423785,0.0,59.886697456700354,45.4652807929057,,"<a href=""https://m.stock.naver.com/domestic/stock/063160/total"" target=""_blank"">Naver</a>"
002820,SUN&L,18.40579108867686,13.789770078196673,10.14455692158538,35.609411889139764,80.69697244897068,,"<a href=""https://m.stock.naver.com/domestic/stock/002820/total"" target=""_blank"">Naver</a>"
020120,키다리스튜디오,18.341703880718853,5.2357938576488525,17.216068884197412,69.90166779418993,78.12087131322392,,"<a href=""https://m.stock.naver.com/domestic/stock/020120/total"" target=""_blank"">Naver</a>"
024890,대원화성,18.29503261217599,10.078360020754724,8.181619558353058,59.45588535725532,85.14046348818721,,"<a href=""https://m.stock.naver.com/domestic/stock/024890/total"" target=""_blank"">Naver</a>"
002600,조흥,17.97133428006565,0.0,43.00310125327209,53.14733813701851,38.116503060915605,,"<a href=""https://m.stock.naver.com/domestic/stock/002600/total"" target=""_blank"">Naver</a>"
011300,성안머티리얼스,17.666880964215412,14.740163481579936,10.112936201009283,32.96217356519662,59.966629369909356,,"<a href=""https://m.stock.naver.com/domestic/stock/011300/total"" target=""_blank"">Naver</a>"
025560,미래산업,17.211937263280902,0.0,25.618506973334096,90.0844864756815,35.97723744758456,,"<a href=""https://m.stock.naver.com/domestic/stock/025560/total"" target=""_blank"">Naver</a>"
008600,윌비스,16.322583972773227,6.386632104814091,18.661278272567575,52.33146296633983,51.8427769021779,,"<a href=""https://m.stock.naver.com/domestic/stock/008600/total"" target=""_blank"">Naver</a>"
007460,에이프로젠,16.140236297338376,16.802171438374895,0.0,51.42878030196735,18.321108082334057,,"<a href=""https://m.stock.naver.com/domestic/stock/007460/total"" target=""_blank"">Naver</a>"
002880,대유에이텍,15.653874763516464,9.222560631110158,11.559465078096965,27.712075315831008,89.18529167486052,,"<a href=""https://m.stock.naver.com/domestic/stock/002880/total"" target=""_blank"">Naver</a>"
298000,효성화학,15.543893651581266,14.20366468551471,0.0,27.5,85.4338968054488,,"<a href=""https://m.stock.naver.com/domestic/stock/298000/total"" target=""_blank"">Naver</a>"
081660,미스토홀딩스,15.439712517041324,0.0,26.780038215311325,64.48771178403106,45.91863569620773,,"<a href=""https://m.stock.naver.com/domestic/stock/081660/total"" target=""_blank"">Naver</a>"
000040,KR모터스,15.087748398221649,9.559969739332711,10.180314480612552,28.195999006836892,79.74176067570392,,"<a href=""https://m.stock.naver.com/domestic/stock/000040/total"" target=""_blank"">Naver</a>"
034220,LG디스플레이,14.545078696543918,11.277148490114422,0.26437438903363736,35.79396581325017,82.66598847783675,,"<a href=""https://m.stock.naver.com/domestic/stock/034220/total"" target=""_blank"">Naver</a>"
001140,국보,14.457402395987637,10.135156702042764,0.0,46.268526250134194,74.98911499497122,,"<a href=""https://m.stock.naver.com/domestic/stock/001140/total"" target=""_blank"">Naver</a>"
044380,주연테크,14.157706026344973,4.802718192021369,0.0,74.40313999810793,76.71522222642717,,"<a href=""https://m.stock.naver.com/domestic/stock/044380/total"" target=""_blank"">Naver</a>"
000180,성창기업지주,14.15474075807188,3.2496460392418505,15.216297233114048,53.143537218029856,61.7305020889054,,"<a href=""https://m.stock.naver.com/domestic/stock/000180/total"" target=""_blank"">Naver</a>"
011790,SKC,14.101975040621893,0.0,21.038208931740865,56.363329995990455,64.12179616175261,,"<a href=""https://m.stock.naver.com/domestic/stock/011790/total"" target=""_blank"">Naver</a>"
000140,하이트진로홀딩스,14.030890547502095,0.0,34.091091502252794,34.028001896217916,42.106349646342096,,"<a href=""https://m.stock.naver.com/domestic/stock/000140/total"" target=""_blank"">Naver</a>"
071950,코아스,13.03027611805118,1.4682471664919696,18.070758075161717,30.587890957816768,91.45698407167784,,"<a href=""https://m.stock.naver.com/domestic/stock/071950/total"" target=""_blank"">Naver</a>"
009190,대양금속,12.977841333871273,0.0,15.17633755361819,61.99739071128846,59.680357486757586,,"<a href=""https://m.stock.naver.com/domestic/stock/009190/total"" target=""_blank"">Naver</a>"
336370,솔루스첨단소재,12.817031061202961,8.81720429619269,0.0,53.940857319641964,42.652455030463,,"<a href=""https://m.stock.naver.com/domestic/stock/336370/total"" target=""_blank"">Naver</a>"
005110,한창,12.715618916301853,0.0,20.723456038858853,39.301171878541226,72.09275437466034,,"<a href=""https://m.stock.naver.com/domestic/stock/005110/total"" target=""_blank"">Naver</a>"
012170,아센디오,12.418057224985594,8.033300359187983,0.0,59.595122791466146,32.771294606523796,,"<a href=""https://m.stock.naver.com/domestic/stock/012170/total"" target=""_blank"">Naver</a>"
001570,금양,12.000519005456225,0.0,13.019018782387468,59.57824617927915,55.75879383862883,,"<a href=""https://m.stock.naver.com/domestic/stock/001570/total"" target=""_blank"">Naver</a>"
000660,SK하이닉스,11.358126597826,0.0,13.06505756474668,58.723931484770205,44.3893811632462,,"<a href=""https://m.stock.naver.com/domestic/stock/000660/total"" target=""_blank"">Naver</a>"
020760,일진디스플,11.01131438311025,0.0,14.611974827131952,30.830220344465587,85.50597283761405,,"<a href=""https://m.stock.naver.com/domestic/stock/020760/total"" target=""_blank"">Naver</a>"
357430,마스턴프리미어리츠,8.515306016486676,0.0,10.430018870010127,49.07801298984144,20.0,,"<a href=""https://m.stock.naver.com/domestic/stock/357430/total"" target=""_blank"">Naver</a>"
377740,바이오노트,6.739737601067565,0.0,0.0,49.824397899256304,35.14595622283868,,"<a href=""https://m.stock.naver.com/domestic/stock/377740/total"" target=""_blank"">Naver</a>"
302440,SK바이오사이언스,6.689501552364975,0.0,3.908248307086905,49.624394755932485,15.0,,"<a href=""https://m.stock.naver.com/domestic/stock/302440/total"" target=""_blank"">Naver</a>"
009310,참엔지니어링,6.47825878561677,0.0,0.0,27.50730076620782,74.55057417991976,,"<a href=""https://m.stock.naver.com/domestic/stock/009310/total"" target=""_blank"">Naver</a>"
005935,삼성전자우,,,,,,corp_code not found,"<a href=""https://m.stock.naver.com/domestic/stock/005935/total"" target=""_blank"">Naver</a>"
105560,KB금융,,,,,,annual FS not found,"<a href=""https://m.stock.naver.com/domestic/stock/105560/total"" target=""_blank"">Naver</a>"
055550,신한지주,,,,,,annual FS not found,"<a href=""https://m.stock.naver.com/domestic/stock/055550/total"" target=""_blank"">Naver</a>"
032830,삼성생명,,,,,,annual FS not found,"<a href=""https://m.stock.naver.com/domestic/stock/032830/total"" target=""_blank"">Naver</a>"
086790,하나금융지주,,,,,,annual FS not found,"<a href=""https://m.stock.naver.com/domestic/stock/086790/total"" target=""_blank"">Naver</a>"
138040,메리츠금융지주,,,,,,annual FS not found,"<a href=""https://m.stock.naver.com/domestic/stock/138040/total"" target=""_blank"">Naver</a>"
000810,삼성화재,,,,,,annual FS not found,"<a href=""https://m.stock.naver.com/domestic/stock/000810/total"" target=""_blank"">Naver</a>"
402340,SK스퀘어,,,,,,annual FS not found,"<a href=""https://m.stock.naver.com/domestic/stock/402340/total"" target=""_blank"">Naver</a>"
316140,우리금융지주,,,,,,annual FS not found,"<a href=""https://m.stock.naver.com/domestic/stock/316140/total"" target=""_blank"">Naver</a>"
024110,기업은행,,,,,,annual FS not found,"<a href=""https://m.stock.naver.com/domestic/stock/024110/total"" target=""_blank"">Naver</a>"
323410,카카오뱅크,,,,,,annual FS not found,"<a href=""https://m.stock.naver.com/domestic/stock/323410/total"" target=""_blank"">Naver</a>"
006800,미래에셋증권,,,,,,annual FS not found,"<a href=""https://m.stock.naver.com/domestic/stock/006800/total"" target=""_blank"">Naver</a>"
005830,DB손해보험,,,,,,annual FS not found,"<a href=""https://m.stock.naver.com/domestic/stock/005830/total"" target=""_blank"">Naver</a>"
443060,HD현대마린솔루션,,,,,,annual FS not found,"<a href=""https://m.stock.naver.com/domestic/stock/443060/total"" target=""_blank"">Naver</a>"
071050,한국금융지주,,,,,,annual FS not found,"<a href=""https://m.stock.naver.com/domestic/stock/071050/total"" target=""_blank"">Naver</a>"
064400,LG씨엔에스,,,,,,annual FS not found,"<a href=""https://m.stock.naver.com/domestic/stock/064400/total"" target=""_blank"">Naver</a>"
005940,NH투자증권,,,,,,annual FS not found,"<a href=""https://m.stock.naver.com/domestic/stock/005940/total"" target=""_blank"">Naver</a>"
016360,삼성증권,,,,,,annual FS not found,"<a href=""https://m.stock.naver.com/domestic/stock/016360/total"" target=""_blank"">Naver</a>"
005387,현대차2우B,,,,,,corp_code not found,"<a href=""https://m.stock.naver.com/domestic/stock/005387/total"" target=""_blank"">Naver</a>"
029780,삼성카드,,,,,,annual FS not found,"<a href=""https://m.stock.naver.com/domestic/stock/029780/total"" target=""_blank"">Naver</a>"
088980,맥쿼리인프라,,,,,,annual FS not found,"<a href=""https://m.stock.naver.com/domestic/stock/088980/total"" target=""_blank"">Naver</a>"
039490,키움증권,,,,,,annual FS not found,"<a href=""https://m.stock.naver.com/domestic/stock/039490/total"" target=""_blank"">Naver</a>"
138930,BNK금융지주,,,,,,annual FS not found,"<a href=""https://m.stock.naver.com/domestic/stock/138930/total"" target=""_blank"">Naver</a>"
175330,JB금융지주,,,,,,annual FS not found,"<a href=""https://m.stock.naver.com/domestic/stock/175330/total"" target=""_blank"">Naver</a>"
454910,두산로보틱스,,,,,,annual FS not found,"<a href=""https://m.stock.naver.com/domestic/stock/454910/total"" target=""_blank"">Naver</a>"
005385,현대차우,,,,,,corp_code not found,"<a href=""https://m.stock.naver.com/domestic/stock/005385/total"" target=""_blank"">Naver</a>"
062040,산일전기,,,,,,annual FS not found,"<a href=""https://m.stock.naver.com/domestic/stock/062040/total"" target=""_blank"">Naver</a>"
439260,대한조선,,,,,,annual FS not found,"<a href=""https://m.stock.naver.com/domestic/stock/439260/total"" target=""_blank"">Naver</a>"
489790,한화비전,,,,,,annual FS not found,"<a href=""https://m.stock.naver.com/domestic/stock/489790/total"" target=""_blank"">Naver</a>"
088350,한화생명,,,,,,annual FS not found,"<a href=""https://m.stock.naver.com/domestic/stock/088350/total"" target=""_blank"">Naver</a>"
031210,서울보증보험,,,,,,annual FS not found,"<a href=""https://m.stock.naver.com/domestic/stock/031210/total"" target=""_blank"">Naver</a>"
462870,시프트업,,,,,,annual FS not found,"<a href=""https://m.stock.naver.com/domestic/stock/462870/total"" target=""_blank"">Naver</a>"
483650,달바글로벌,,,,,,annual FS not found,"<a href=""https://m.stock.naver.com/domestic/stock/483650/total"" target=""_blank"">Naver</a>"
001450,현대해상,,,,,,annual FS not found,"<a href=""https://m.stock.naver.com/domestic/stock/001450/total"" target=""_blank"">Naver</a>"
139130,iM금융지주,,,,,,annual FS not found,"<a href=""https://m.stock.naver.com/domestic/stock/139130/total"" target=""_blank"">Naver</a>"
003690,코리안리,,,,,,annual FS not found,"<a href=""https://m.stock.naver.com/domestic/stock/003690/total"" target=""_blank"">Naver</a>"
001720,신영증권,,,,,,annual FS not found,"<a href=""https://m.stock.naver.com/domestic/stock/001720/total"" target=""_blank"">Naver</a>"
000155,두산우,,,,,,corp_code not found,"<a href=""https://m.stock.naver.com/domestic/stock/000155/total"" target=""_blank"">Naver</a>"
484870,엠앤씨솔루션,,,,,,annual FS not found,"<a href=""https://m.stock.naver.com/domestic/stock/484870/total"" target=""_blank"">Naver</a>"
082640,동양생명,,,,,,annual FS not found,"<a href=""https://m.stock.naver.com/domestic/stock/082640/total"" target=""_blank"">Naver</a>"
610063,메리츠 KIS CD금리투자 ETN,,,,,,corp_code not found,"<a href=""https://m.stock.naver.com/domestic/stock/610063/total"" target=""_blank"">Naver</a>"
457190,이수스페셜티케미컬,,,,,,annual FS not found,"<a href=""https://m.stock.naver.com/domestic/stock/457190/total"" target=""_blank"">Naver</a>"
085620,미래에셋생명,,,,,,annual FS not found,"<a href=""https://m.stock.naver.com/domestic/stock/085620/total"" target=""_blank"">Naver</a>"
003540,대신증권,,,,,,annual FS not found,"<a href=""https://m.stock.naver.com/domestic/stock/003540/total"" target=""_blank"">Naver</a>"
003530,한화투자증권,,,,,,annual FS not found,"<a href=""https://m.stock.naver.com/domestic/stock/003530/total"" target=""_blank"">Naver</a>"
051915,LG화학우,,,,,,corp_code not found,"<a href=""https://m.stock.naver.com/domestic/stock/051915/total"" target=""_blank"">Naver</a>"
00680K,미래에셋증권2우B,,,,,,corp_code not found,"<a href=""https://m.stock.naver.com/domestic/stock/00680K/total"" target=""_blank"">Naver</a>"
415640,KB발해인프라,,,,,,annual FS not found,"<a href=""https://m.stock.naver.com/domestic/stock/415640/total"" target=""_blank"">Naver</a>"
000815,삼성화재우,,,,,,corp_code not found,"<a href=""https://m.stock.naver.com/domestic/stock/000815/total"" target=""_blank"">Naver</a>"
700026,하나 CD금리투자 ETN,,,,,,corp_code not found,"<a href=""https://m.stock.naver.com/domestic/stock/700026/total"" target=""_blank"">Naver</a>"
030610,교보증권,,,,,,annual FS not found,"<a href=""https://m.stock.naver.com/domestic/stock/030610/total"" target=""_blank"">Naver</a>"
475150,SK이터닉스,,,,,,annual FS not found,"<a href=""https://m.stock.naver.com/domestic/stock/475150/total"" target=""_blank"">Naver</a>"
550082,N2 KIS CD금리투자 ETN,,,,,,corp_code not found,"<a href=""https://m.stock.naver.com/domestic/stock/550082/total"" target=""_blank"">Naver</a>"
00088K,한화3우B,,,,,,corp_code not found,"<a href=""https://m.stock.naver.com/domestic/stock/00088K/total"" target=""_blank"">Naver</a>"
451800,한화리츠,,,,,,annual FS not found,"<a href=""https://m.stock.naver.com/domestic/stock/451800/total"" target=""_blank"">Naver</a>"
499790,GS피앤엘,,,,,,annual FS not found,"<a href=""https://m.stock.naver.com/domestic/stock/499790/total"" target=""_blank"">Naver</a>"
003470,유안타증권,,,,,,annual FS not found,"<a href=""https://m.stock.naver.com/domestic/stock/003470/total"" target=""_blank"">Naver</a>"
079900,전진건설로봇,,,,,,annual FS not found,"<a href=""https://m.stock.naver.com/domestic/stock/079900/total"" target=""_blank"">Naver</a>"
000370,한화손해보험,,,,,,annual FS not found,"<a href=""https://m.stock.naver.com/domestic/stock/000370/total"" target=""_blank"">Naver</a>"
760009,키움 CD금리투자 ETN,,,,,,corp_code not found,"<a href=""https://m.stock.naver.com/domestic/stock/760009/total"" target=""_blank"">Naver</a>"
066575,LG전자우,,,,,,corp_code not found,"<a href=""https://m.stock.naver.com/domestic/stock/066575/total"" target=""_blank"">Naver</a>"
530031,삼성 레버리지 WTI원유 선물 ETN,,,,,,corp_code not found,"<a href=""https://m.stock.naver.com/domestic/stock/530031/total"" target=""_blank"">Naver</a>"
580058,KB KIS CD금리투자 ETN,,,,,,corp_code not found,"<a href=""https://m.stock.naver.com/domestic/stock/580058/total"" target=""_blank"">Naver</a>"
001270,부국증권,,,,,,annual FS not found,"<a href=""https://m.stock.naver.com/domestic/stock/001270/total"" target=""_blank"">Naver</a>"
460860,동국제강,,,,,,annual FS not found,"<a href=""https://m.stock.naver.com/domestic/stock/460860/total"" target=""_blank"">Naver</a>"
00104K,CJ4우(전환),,,,,,corp_code not found,"<a href=""https://m.stock.naver.com/domestic/stock/00104K/total"" target=""_blank"">Naver</a>"
000400,롯데손해보험,,,,,,annual FS not found,"<a href=""https://m.stock.naver.com/domestic/stock/000400/total"" target=""_blank"">Naver</a>"
071055,한국금융지주우,,,,,,corp_code not found,"<a href=""https://m.stock.naver.com/domestic/stock/071055/total"" target=""_blank"">Naver</a>"
006220,제주은행,,,,,,annual FS not found,"<a href=""https://m.stock.naver.com/domestic/stock/006220/total"" target=""_blank"">Naver</a>"
456040,OCI,,,,,,annual FS not found,"<a href=""https://m.stock.naver.com/domestic/stock/456040/total"" target=""_blank"">Naver</a>"
500019,신한 레버리지 WTI원유 선물 ETN(H),,,,,,corp_code not found,"<a href=""https://m.stock.naver.com/domestic/stock/500019/total"" target=""_blank"">Naver</a>"
001500,현대차증권,,,,,,annual FS not found,"<a href=""https://m.stock.naver.com/domestic/stock/001500/total"" target=""_blank"">Naver</a>"
003545,대신증권우,,,,,,corp_code not found,"<a href=""https://m.stock.naver.com/domestic/stock/003545/total"" target=""_blank"">Naver</a>"
090435,아모레퍼시픽우,,,,,,corp_code not found,"<a href=""https://m.stock.naver.com/domestic/stock/090435/total"" target=""_blank"">Naver</a>"
017860,DS단석,,,,,,annual FS not found,"<a href=""https://m.stock.naver.com/domestic/stock/017860/total"" target=""_blank"">Naver</a>"
094800,맵스리얼티1,,,,,,annual FS not found,"<a href=""https://m.stock.naver.com/domestic/stock/094800/total"" target=""_blank"">Naver</a>"
026890,스틱인베스트먼트,,,,,,annual FS not found,"<a href=""https://m.stock.naver.com/domestic/stock/026890/total"" target=""_blank"">Naver</a>"
448730,삼성FN리츠,,,,,,annual FS not found,"<a href=""https://m.stock.naver.com/domestic/stock/448730/total"" target=""_blank"">Naver</a>"
475560,더본코리아,,,,,,annual FS not found,"<a href=""https://m.stock.naver.com/domestic/stock/475560/total"" target=""_blank"">Naver</a>"
432320,KB스타리츠,,,,,,annual FS not found,"<a href=""https://m.stock.naver.com/domestic/stock/432320/total"" target=""_blank"">Naver</a>"
005389,현대차3우B,,,,,,corp_code not found,"<a href=""https://m.stock.naver.com/domestic/stock/005389/total"" target=""_blank"">Naver</a>"
016610,DB증권,,,,,,annual FS not found,"<a href=""https://m.stock.naver.com/domestic/stock/016610/total"" target=""_blank"">Naver</a>"
000157,두산2우B,,,,,,corp_code not found,"<a href=""https://m.stock.naver.com/domestic/stock/000157/total"" target=""_blank"">Naver</a>"
092790,넥스틸,,,,,,annual FS not found,"<a href=""https://m.stock.naver.com/domestic/stock/092790/total"" target=""_blank"">Naver</a>"
570090,한투 KIS CD금리투자 ETN,,,,,,corp_code not found,"<a href=""https://m.stock.naver.com/domestic/stock/570090/total"" target=""_blank"">Naver</a>"
520009,미래에셋 레버리지 원유선물혼합 ETN(H),,,,,,corp_code not found,"<a href=""https://m.stock.naver.com/domestic/stock/520009/total"" target=""_blank"">Naver</a>"
034830,한국토지신탁,,,,,,annual FS not found,"<a href=""https://m.stock.naver.com/domestic/stock/034830/total"" target=""_blank"">Naver</a>"
001200,유진투자증권,,,,,,annual FS not found,"<a href=""https://m.stock.naver.com/domestic/stock/001200/total"" target=""_blank"">Naver</a>"
005945,NH투자증권우,,,,,,corp_code not found,"<a href=""https://m.stock.naver.com/domestic/stock/005945/total"" target=""_blank"">Naver</a>"
001510,SK증권,,,,,,annual FS not found,"<a href=""https://m.stock.naver.com/domestic/stock/001510/total"" target=""_blank"">Naver</a>"
123890,한국자산신탁,,,,,,annual FS not found,"<a href=""https://m.stock.naver.com/domestic/stock/123890/total"" target=""_blank"">Naver</a>"
000540,흥국화재,,,,,,annual FS not found,"<a href=""https://m.stock.naver.com/domestic/stock/000540/total"" target=""_blank"">Naver</a>"
0030R0,대신밸류리츠,,,,,,annual FS not found,"<a href=""https://m.stock.naver.com/domestic/stock/0030R0/total"" target=""_blank"">Naver</a>"
051905,LG생활건강우,,,,,,corp_code not found,"<a href=""https://m.stock.naver.com/domestic/stock/051905/total"" target=""_blank"">Naver</a>"
530107,삼성 인버스 2X 코스닥150 선물 ETN,,,,,,corp_code not found,"<a href=""https://m.stock.naver.com/domestic/stock/530107/total"" target=""_blank"">Naver</a>"
487570,HS효성,,,,,,annual FS not found,"<a href=""https://m.stock.naver.com/domestic/stock/487570/total"" target=""_blank"">Naver</a>"
001750,한양증권,,,,,,annual FS not found,"<a href=""https://m.stock.naver.com/domestic/stock/001750/total"" target=""_blank"">Naver</a>"
570022,한투 레버리지 S&P500 선물 ETN(H),,,,,,corp_code not found,"<a href=""https://m.stock.naver.com/domestic/stock/570022/total"" target=""_blank"">Naver</a>"
030210,다올투자증권,,,,,,annual FS not found,"<a href=""https://m.stock.naver.com/domestic/stock/030210/total"" target=""_blank"">Naver</a>"
006405,삼성SDI우,,,,,,corp_code not found,"<a href=""https://m.stock.naver.com/domestic/stock/006405/total"" target=""_blank"">Naver</a>"
009155,삼성전기우,,,,,,corp_code not found,"<a href=""https://m.stock.naver.com/domestic/stock/009155/total"" target=""_blank"">Naver</a>"
097955,CJ제일제당 우,,,,,,corp_code not found,"<a href=""https://m.stock.naver.com/domestic/stock/097955/total"" target=""_blank"">Naver</a>"
001045,CJ우,,,,,,corp_code not found,"<a href=""https://m.stock.naver.com/domestic/stock/001045/total"" target=""_blank"">Naver</a>"
003555,LG우,,,,,,corp_code not found,"<a href=""https://m.stock.naver.com/domestic/stock/003555/total"" target=""_blank"">Naver</a>"
011785,금호석유화학우,,,,,,corp_code not found,"<a href=""https://m.stock.naver.com/domestic/stock/011785/total"" target=""_blank"">Naver</a>"
500077,신한 인버스0.5X S&P500 VIX S/T선물 ETN,,,,,,corp_code not found,"<a href=""https://m.stock.naver.com/domestic/stock/500077/total"" target=""_blank"">Naver</a>"
003547,대신증권2우B,,,,,,corp_code not found,"<a href=""https://m.stock.naver.com/domestic/stock/003547/total"" target=""_blank"">Naver</a>"
460850,동국씨엠,,,,,,annual FS not found,"<a href=""https://m.stock.naver.com/domestic/stock/460850/total"" target=""_blank"">Naver</a>"
02826K,삼성물산우B,,,,,,corp_code not found,"<a href=""https://m.stock.naver.com/domestic/stock/02826K/total"" target=""_blank"">Naver</a>"
462520,조선내화,,,,,,annual FS not found,"<a href=""https://m.stock.naver.com/domestic/stock/462520/total"" target=""_blank"">Naver</a>"
010955,S-Oil우,,,,,,corp_code not found,"<a href=""https://m.stock.naver.com/domestic/stock/010955/total"" target=""_blank"">Naver</a>"
00279K,아모레퍼시픽홀딩스3우C,,,,,,corp_code not found,"<a href=""https://m.stock.naver.com/domestic/stock/00279K/total"" target=""_blank"">Naver</a>"
003460,유화증권,,,,,,annual FS not found,"<a href=""https://m.stock.naver.com/domestic/stock/003460/total"" target=""_blank"">Naver</a>"
530111,삼성 레버리지 천연가스 선물 ETN C,,,,,,corp_code not found,"<a href=""https://m.stock.naver.com/domestic/stock/530111/total"" target=""_blank"">Naver</a>"
610061,메리츠 3X 레버리지 국채30년 ETN,,,,,,corp_code not found,"<a href=""https://m.stock.naver.com/domestic/stock/610061/total"" target=""_blank"">Naver</a>"
570019,한투 코스피 양매도 5% OTM ETN,,,,,,corp_code not found,"<a href=""https://m.stock.naver.com/domestic/stock/570019/total"" target=""_blank"">Naver</a>"
500096,신한 인버스2X 천연가스 선물 ETN B,,,,,,corp_code not found,"<a href=""https://m.stock.naver.com/domestic/stock/500096/total"" target=""_blank"">Naver</a>"
500029,신한 레버리지 은 선물 ETN(H),,,,,,corp_code not found,"<a href=""https://m.stock.naver.com/domestic/stock/500029/total"" target=""_blank"">Naver</a>"
570051,한투 나스닥 100 ETN,,,,,,corp_code not found,"<a href=""https://m.stock.naver.com/domestic/stock/570051/total"" target=""_blank"">Naver</a>"
000105,유한양행우,,,,,,corp_code not found,"<a href=""https://m.stock.naver.com/domestic/stock/000105/total"" target=""_blank"">Naver</a>"
006805,미래에셋증권우,,,,,,corp_code not found,"<a href=""https://m.stock.naver.com/domestic/stock/006805/total"" target=""_blank"">Naver</a>"
480370,씨케이솔루션,,,,,,annual FS not found,"<a href=""https://m.stock.naver.com/domestic/stock/480370/total"" target=""_blank"">Naver</a>"
570084,한투 블룸버그 인버스 2X 천연가스선물 ETN,,,,,,corp_code not found,"<a href=""https://m.stock.naver.com/domestic/stock/570084/total"" target=""_blank"">Naver</a>"
700023,하나 Solactive 2X US Tech Top 10 ETN(H),,,,,,corp_code not found,"<a href=""https://m.stock.naver.com/domestic/stock/700023/total"" target=""_blank"">Naver</a>"
550092,N2 월간 레버리지 방위산업 Top5 ETN,,,,,,corp_code not found,"<a href=""https://m.stock.naver.com/domestic/stock/550092/total"" target=""_blank"">Naver</a>"
570050,한투 S&P500 선물 ETN,,,,,,corp_code not found,"<a href=""https://m.stock.naver.com/domestic/stock/570050/total"" target=""_blank"">Naver</a>"
570082,한투 인버스 2X 코스닥150선물 ETN,,,,,,corp_code not found,"<a href=""https://m.stock.naver.com/domestic/stock/570082/total"" target=""_blank"">Naver</a>"
530036,삼성 인버스 2X WTI원유 선물 ETN,,,,,,corp_code not found,"<a href=""https://m.stock.naver.com/domestic/stock/530036/total"" target=""_blank"">Naver</a>"
500095,신한 S&P500 VIX S/T 선물 ETN E,,,,,,corp_code not found,"<a href=""https://m.stock.naver.com/domestic/stock/500095/total"" target=""_blank"">Naver</a>"
550044,N2 레버리지 S&P500 ETN,,,,,,corp_code not found,"<a href=""https://m.stock.naver.com/domestic/stock/550044/total"" target=""_blank"">Naver</a>"
500037,신한 레버리지 금 선물 ETN,,,,,,corp_code not found,"<a href=""https://m.stock.naver.com/domestic/stock/500037/total"" target=""_blank"">Naver</a>"
530136,삼성 인버스 2X 천연가스 선물 ETN D,,,,,,corp_code not found,"<a href=""https://m.stock.naver.com/domestic/stock/530136/total"" target=""_blank"">Naver</a>"
111380,동인기연,,,,,,annual FS not found,"<a href=""https://m.stock.naver.com/domestic/stock/111380/total"" target=""_blank"">Naver</a>"
580015,KB 레버리지 나스닥 100 ETN,,,,,,corp_code not found,"<a href=""https://m.stock.naver.com/domestic/stock/580015/total"" target=""_blank"">Naver</a>"
096775,SK이노베이션우,,,,,,corp_code not found,"<a href=""https://m.stock.naver.com/domestic/stock/096775/total"" target=""_blank"">Naver</a>"
03473K,SK우,,,,,,corp_code not found,"<a href=""https://m.stock.naver.com/domestic/stock/03473K/total"" target=""_blank"">Naver</a>"
520057,미래에셋 인버스 2X 코스닥150 선물 ETN,,,,,,corp_code not found,"<a href=""https://m.stock.naver.com/domestic/stock/520057/total"" target=""_blank"">Naver</a>"
500015,신한 WTI원유 선물 ETN(H),,,,,,corp_code not found,"<a href=""https://m.stock.naver.com/domestic/stock/500015/total"" target=""_blank"">Naver</a>"
520054,미래에셋 레버리지 코스피200 선물 ETN,,,,,,corp_code not found,"<a href=""https://m.stock.naver.com/domestic/stock/520054/total"" target=""_blank"">Naver</a>"
500050,신한 레버리지 S&P500 선물 ETN,,,,,,corp_code not found,"<a href=""https://m.stock.naver.com/domestic/stock/500050/total"" target=""_blank"">Naver</a>"
33626K,두산퓨얼셀1우,,,,,,corp_code not found,"<a href=""https://m.stock.naver.com/domestic/stock/33626K/total"" target=""_blank"">Naver</a>"
580016,KB 레버리지 S&P 500 선물 ETN(H),,,,,,corp_code not found,"<a href=""https://m.stock.naver.com/domestic/stock/580016/total"" target=""_blank"">Naver</a>"
078935,GS우,,,,,,corp_code not found,"<a href=""https://m.stock.naver.com/domestic/stock/078935/total"" target=""_blank"">Naver</a>"
003925,남양유업우,,,,,,corp_code not found,"<a href=""https://m.stock.naver.com/domestic/stock/003925/total"" target=""_blank"">Naver</a>"
002795,아모레퍼시픽홀딩스우,,,,,,corp_code not found,"<a href=""https://m.stock.naver.com/domestic/stock/002795/total"" target=""_blank"">Naver</a>"
001275,부국증권우,,,,,,corp_code not found,"<a href=""https://m.stock.naver.com/domestic/stock/001275/total"" target=""_blank"">Naver</a>"
580046,KB 블룸버그 인버스2X 천연가스선물 ETN(H),,,,,,corp_code not found,"<a href=""https://m.stock.naver.com/domestic/stock/580046/total"" target=""_blank"">Naver</a>"
530055,삼성 레버리지 금 선물 ETN(H),,,,,,corp_code not found,"<a href=""https://m.stock.naver.com/domestic/stock/530055/total"" target=""_blank"">Naver</a>"
001290,상상인증권,,,,,,annual FS not found,"<a href=""https://m.stock.naver.com/domestic/stock/001290/total"" target=""_blank"">Naver</a>"
530019,삼성 미국 대형 성장주 ETN,,,,,,corp_code not found,"<a href=""https://m.stock.naver.com/domestic/stock/530019/total"" target=""_blank"">Naver</a>"
570103,한투 인버스2X 나스닥100 ETN B,,,,,,corp_code not found,"<a href=""https://m.stock.naver.com/domestic/stock/570103/total"" target=""_blank"">Naver</a>"
500071,신한 레버리지 코스닥 150 선물 ETN,,,,,,corp_code not found,"<a href=""https://m.stock.naver.com/domestic/stock/500071/total"" target=""_blank"">Naver</a>"
580010,KB Wise 분할매매 ETN,,,,,,corp_code not found,"<a href=""https://m.stock.naver.com/domestic/stock/580010/total"" target=""_blank"">Naver</a>"
37550L,DL이앤씨2우(전환),,,,,,corp_code not found,"<a href=""https://m.stock.naver.com/domestic/stock/37550L/total"" target=""_blank"">Naver</a>"
610066,메리츠 KAP 통안채 3개월 ETN,,,,,,corp_code not found,"<a href=""https://m.stock.naver.com/domestic/stock/610066/total"" target=""_blank"">Naver</a>"
530061,삼성 레버리지 은 선물 ETN(H),,,,,,corp_code not found,"<a href=""https://m.stock.naver.com/domestic/stock/530061/total"" target=""_blank"">Naver</a>"
481850,신한글로벌액티브리츠,,,,,,annual FS not found,"<a href=""https://m.stock.naver.com/domestic/stock/481850/total"" target=""_blank"">Naver</a>"
120115,코오롱인더우,,,,,,corp_code not found,"<a href=""https://m.stock.naver.com/domestic/stock/120115/total"" target=""_blank"">Naver</a>"
760016,키움 레버리지 조선TOP10 ETN,,,,,,corp_code not found,"<a href=""https://m.stock.naver.com/domestic/stock/760016/total"" target=""_blank"">Naver</a>"
009835,한화솔루션우,,,,,,corp_code not found,"<a href=""https://m.stock.naver.com/domestic/stock/009835/total"" target=""_blank"">Naver</a>"
500082,신한 블룸버그 2X 천연가스 선물 ETN,,,,,,corp_code not found,"<a href=""https://m.stock.naver.com/domestic/stock/500082/total"" target=""_blank"">Naver</a>"
550091,N2 방위산업 Top5 ETN,,,,,,corp_code not found,"<a href=""https://m.stock.naver.com/domestic/stock/550091/total"" target=""_blank"">Naver</a>"
000725,현대건설우,,,,,,corp_code not found,"<a href=""https://m.stock.naver.com/domestic/stock/000725/total"" target=""_blank"">Naver</a>"
760018,키움 미국달러선물 ETN B,,,,,,corp_code not found,"<a href=""https://m.stock.naver.com/domestic/stock/760018/total"" target=""_blank"">Naver</a>"
570059,한투 레버리지 금 선물 ETN,,,,,,corp_code not found,"<a href=""https://m.stock.naver.com/domestic/stock/570059/total"" target=""_blank"">Naver</a>"
520070,미래에셋 0.5X 코스피200 선물 ETN,,,,,,corp_code not found,"<a href=""https://m.stock.naver.com/domestic/stock/520070/total"" target=""_blank"">Naver</a>"
580021,KB 인버스 천연가스 선물 ETN,,,,,,corp_code not found,"<a href=""https://m.stock.naver.com/domestic/stock/580021/total"" target=""_blank"">Naver</a>"
530015,삼성 미국 대형 성장주 ETN(H),,,,,,corp_code not found,"<a href=""https://m.stock.naver.com/domestic/stock/530015/total"" target=""_blank"">Naver</a>"
005305,롯데칠성우,,,,,,corp_code not found,"<a href=""https://m.stock.naver.com/domestic/stock/005305/total"" target=""_blank"">Naver</a>"
28513K,SK케미칼우,,,,,,corp_code not found,"<a href=""https://m.stock.naver.com/domestic/stock/28513K/total"" target=""_blank"">Naver</a>"
465770,STX그린로지스,,,,,,annual FS not found,"<a href=""https://m.stock.naver.com/domestic/stock/465770/total"" target=""_blank"">Naver</a>"
530130,삼성 S&P500 VIX S/T 선물 ETN B,,,,,,corp_code not found,"<a href=""https://m.stock.naver.com/domestic/stock/530130/total"" target=""_blank"">Naver</a>"
500072,신한 인버스 2X 코스닥 150 선물 ETN,,,,,,corp_code not found,"<a href=""https://m.stock.naver.com/domestic/stock/500072/total"" target=""_blank"">Naver</a>"
001465,BYC우,,,,,,corp_code not found,"<a href=""https://m.stock.naver.com/domestic/stock/001465/total"" target=""_blank"">Naver</a>"
520056,미래에셋 레버리지 코스닥150 선물 ETN,,,,,,corp_code not found,"<a href=""https://m.stock.naver.com/domestic/stock/520056/total"" target=""_blank"">Naver</a>"
700022,하나 Solactive US Tech Top 10 ETN(H),,,,,,corp_code not found,"<a href=""https://m.stock.naver.com/domestic/stock/700022/total"" target=""_blank"">Naver</a>"
570106,한투 레버리지일본니케이225선물 ETN(H),,,,,,corp_code not found,"<a href=""https://m.stock.naver.com/domestic/stock/570106/total"" target=""_blank"">Naver</a>"
520071,미래에셋 0.5X 코스닥150 선물 ETN,,,,,,corp_code not found,"<a href=""https://m.stock.naver.com/domestic/stock/520071/total"" target=""_blank"">Naver</a>"
520066,미래에셋 KRX금현물 Auto-KO-C 2810-01 ETN,,,,,,corp_code not found,"<a href=""https://m.stock.naver.com/domestic/stock/520066/total"" target=""_blank"">Naver</a>"
610037,메리츠 미국채30년 ETN(H),,,,,,corp_code not found,"<a href=""https://m.stock.naver.com/domestic/stock/610037/total"" target=""_blank"">Naver</a>"
610078,메리츠 3X 레버리지 미국채30년 ETN,,,,,,corp_code not found,"<a href=""https://m.stock.naver.com/domestic/stock/610078/total"" target=""_blank"">Naver</a>"
570116,한투 블룸버그레버리지WTI원유선물 ETN B,,,,,,corp_code not found,"<a href=""https://m.stock.naver.com/domestic/stock/570116/total"" target=""_blank"">Naver</a>"
530067,삼성 KRX 금현물 ETN,,,,,,corp_code not found,"<a href=""https://m.stock.naver.com/domestic/stock/530067/total"" target=""_blank"">Naver</a>"
760007,키움 코스피 200 TR ETN,,,,,,corp_code not found,"<a href=""https://m.stock.naver.com/domestic/stock/760007/total"" target=""_blank"">Naver</a>"
520089,미래에셋 CAPE 실러 US Core Sector ETN,,,,,,corp_code not found,"<a href=""https://m.stock.naver.com/domestic/stock/520089/total"" target=""_blank"">Naver</a>"
530134,삼성 블룸버그 인버스2X WTI원유선물 ETN B,,,,,,corp_code not found,"<a href=""https://m.stock.naver.com/domestic/stock/530134/total"" target=""_blank"">Naver</a>"
530131,삼성 인버스0.5X S&P500 VIX S/T선물 ETN B,,,,,,corp_code not found,"<a href=""https://m.stock.naver.com/domestic/stock/530131/total"" target=""_blank"">Naver</a>"
530020,삼성 미국 대형 가치주 ETN,,,,,,corp_code not found,"<a href=""https://m.stock.naver.com/domestic/stock/530020/total"" target=""_blank"">Naver</a>"
550062,N2 레버리지 금 선물 ETN(H),,,,,,corp_code not found,"<a href=""https://m.stock.naver.com/domestic/stock/550062/total"" target=""_blank"">Naver</a>"
500020,신한 레버리지 다우존스지수 선물 ETN(H),,,,,,corp_code not found,"<a href=""https://m.stock.naver.com/domestic/stock/500020/total"" target=""_blank"">Naver</a>"
610012,메리츠 레버리지 금 선물 ETN(H),,,,,,corp_code not found,"<a href=""https://m.stock.naver.com/domestic/stock/610012/total"" target=""_blank"">Naver</a>"
006125,SK디스커버리우,,,,,,corp_code not found,"<a href=""https://m.stock.naver.com/domestic/stock/006125/total"" target=""_blank"">Naver</a>"
500016,신한 금 선물 ETN(H),,,,,,corp_code not found,"<a href=""https://m.stock.naver.com/domestic/stock/500016/total"" target=""_blank"">Naver</a>"
003465,유화증권우,,,,,,corp_code not found,"<a href=""https://m.stock.naver.com/domestic/stock/003465/total"" target=""_blank"">Naver</a>"
520080,미래에셋 미국 테크&반도체 TOP3 ETN,,,,,,corp_code not found,"<a href=""https://m.stock.naver.com/domestic/stock/520080/total"" target=""_blank"">Naver</a>"
37550K,DL이앤씨우,,,,,,corp_code not found,"<a href=""https://m.stock.naver.com/domestic/stock/37550K/total"" target=""_blank"">Naver</a>"
610007,메리츠 국채30년 ETN,,,,,,corp_code not found,"<a href=""https://m.stock.naver.com/domestic/stock/610007/total"" target=""_blank"">Naver</a>"
520072,미래에셋 미국 AI TOP3 ETN,,,,,,corp_code not found,"<a href=""https://m.stock.naver.com/domestic/stock/520072/total"" target=""_blank"">Naver</a>"
019175,신풍제약우,,,,,,corp_code not found,"<a href=""https://m.stock.naver.com/domestic/stock/019175/total"" target=""_blank"">Naver</a>"
520091,미래에셋 인버스 천연가스 선물 ETN B,,,,,,corp_code not found,"<a href=""https://m.stock.naver.com/domestic/stock/520091/total"" target=""_blank"">Naver</a>"
610038,메리츠 레버리지 미국채30년 ETN(H),,,,,,corp_code not found,"<a href=""https://m.stock.naver.com/domestic/stock/610038/total"" target=""_blank"">Naver</a>"
530115,삼성 레버리지 나스닥 100 ETN,,,,,,corp_code not found,"<a href=""https://m.stock.naver.com/domestic/stock/530115/total"" target=""_blank"">Naver</a>"
003475,유안타증권우,,,,,,corp_code not found,"<a href=""https://m.stock.naver.com/domestic/stock/003475/total"" target=""_blank"">Naver</a>"
520086,미래에셋-0.5X S&P500 VIX S/T선물 ETN(H)B,,,,,,corp_code not found,"<a href=""https://m.stock.naver.com/domestic/stock/520086/total"" target=""_blank"">Naver</a>"
520087,미래에셋 레버리지 KRX 금현물 ETN,,,,,,corp_code not found,"<a href=""https://m.stock.naver.com/domestic/stock/520087/total"" target=""_blank"">Naver</a>"
520077,미래에셋 -1.5X 천연가스 선물 ETN,,,,,,corp_code not found,"<a href=""https://m.stock.naver.com/domestic/stock/520077/total"" target=""_blank"">Naver</a>"
000215,DL우,,,,,,corp_code not found,"<a href=""https://m.stock.naver.com/domestic/stock/000215/total"" target=""_blank"">Naver</a>"
570093,한투 레버리지 천연가스 선물 ETN B,,,,,,corp_code not found,"<a href=""https://m.stock.naver.com/domestic/stock/570093/total"" target=""_blank"">Naver</a>"
520081,미래에셋 2X 미국 테크&반도체 TOP3 ETN,,,,,,corp_code not found,"<a href=""https://m.stock.naver.com/domestic/stock/520081/total"" target=""_blank"">Naver</a>"
580020,KB 천연가스 선물 ETN(H),,,,,,corp_code not found,"<a href=""https://m.stock.naver.com/domestic/stock/580020/total"" target=""_blank"">Naver</a>"
530016,삼성 미국 대형 가치주 ETN(H),,,,,,corp_code not found,"<a href=""https://m.stock.naver.com/domestic/stock/530016/total"" target=""_blank"">Naver</a>"
570029,한투 코스피 양매도 3% OTM ETN,,,,,,corp_code not found,"<a href=""https://m.stock.naver.com/domestic/stock/570029/total"" target=""_blank"">Naver</a>"
500018,신한 구리 선물 ETN(H),,,,,,corp_code not found,"<a href=""https://m.stock.naver.com/domestic/stock/500018/total"" target=""_blank"">Naver</a>"
530113,삼성 레버리지 S&P500 선물 ETN,,,,,,corp_code not found,"<a href=""https://m.stock.naver.com/domestic/stock/530113/total"" target=""_blank"">Naver</a>"
530104,삼성 레버리지 코스피200 선물 ETN,,,,,,corp_code not found,"<a href=""https://m.stock.naver.com/domestic/stock/530104/total"" target=""_blank"">Naver</a>"
520068,미래에셋 2X 홍콩H 선물 ETN,,,,,,corp_code not found,"<a href=""https://m.stock.naver.com/domestic/stock/520068/total"" target=""_blank"">Naver</a>"
500069,신한 레버리지 코스피 200 선물 ETN,,,,,,corp_code not found,"<a href=""https://m.stock.naver.com/domestic/stock/500069/total"" target=""_blank"">Naver</a>"
530116,삼성 인버스 2X 나스닥 100 ETN,,,,,,corp_code not found,"<a href=""https://m.stock.naver.com/domestic/stock/530116/total"" target=""_blank"">Naver</a>"
520074,미래에셋 미국 방위산업 TOP3 ETN,,,,,,corp_code not found,"<a href=""https://m.stock.naver.com/domestic/stock/520074/total"" target=""_blank"">Naver</a>"
500017,신한 은 선물 ETN(H),,,,,,corp_code not found,"<a href=""https://m.stock.naver.com/domestic/stock/500017/total"" target=""_blank"">Naver</a>"
520073,미래에셋 레버리지 미국 AI TOP3 ETN,,,,,,corp_code not found,"<a href=""https://m.stock.naver.com/domestic/stock/520073/total"" target=""_blank"">Naver</a>"
530023,삼성 레버리지 China A50 선물 ETN(H),,,,,,corp_code not found,"<a href=""https://m.stock.naver.com/domestic/stock/530023/total"" target=""_blank"">Naver</a>"
500027,신한 인버스 2X WTI원유 선물 ETN(H),,,,,,corp_code not found,"<a href=""https://m.stock.naver.com/domestic/stock/500027/total"" target=""_blank"">Naver</a>"
520090,미래에셋 천연가스 선물 ETN B,,,,,,corp_code not found,"<a href=""https://m.stock.naver.com/domestic/stock/520090/total"" target=""_blank"">Naver</a>"
530119,삼성 레버리지 항셍테크 ETN(H) B,,,,,,corp_code not found,"<a href=""https://m.stock.naver.com/domestic/stock/530119/total"" target=""_blank"">Naver</a>"
580034,KB 레버리지 FANG 플러스 ETN(H),,,,,,corp_code not found,"<a href=""https://m.stock.naver.com/domestic/stock/580034/total"" target=""_blank"">Naver</a>"
550041,N2 미국 IT TOP5 ETN(H),,,,,,corp_code not found,"<a href=""https://m.stock.naver.com/domestic/stock/550041/total"" target=""_blank"">Naver</a>"
003535,한화투자증권우,,,,,,corp_code not found,"<a href=""https://m.stock.naver.com/domestic/stock/003535/total"" target=""_blank"">Naver</a>"
530014,삼성 China A50 선물 ETN(H),,,,,,corp_code not found,"<a href=""https://m.stock.naver.com/domestic/stock/530014/total"" target=""_blank"">Naver</a>"
700028,하나 레버리지 반도체 ETN,,,,,,corp_code not found,"<a href=""https://m.stock.naver.com/domestic/stock/700028/total"" target=""_blank"">Naver</a>"
550093,N2 전력인프라 Top5 ETN,,,,,,corp_code not found,"<a href=""https://m.stock.naver.com/domestic/stock/550093/total"" target=""_blank"">Naver</a>"
004365,세방우,,,,,,corp_code not found,"<a href=""https://m.stock.naver.com/domestic/stock/004365/total"" target=""_blank"">Naver</a>"
580056,KB 일본 로보틱스 TOP 10 ETN,,,,,,corp_code not found,"<a href=""https://m.stock.naver.com/domestic/stock/580056/total"" target=""_blank"">Naver</a>"
570107,한투 인버스2X일본니케이225선물 ETN(H),,,,,,corp_code not found,"<a href=""https://m.stock.naver.com/domestic/stock/570107/total"" target=""_blank"">Naver</a>"
008775,호텔신라우,,,,,,corp_code not found,"<a href=""https://m.stock.naver.com/domestic/stock/008775/total"" target=""_blank"">Naver</a>"
520088,미래에셋 S&P500 VIX S/T 선물 ETN(H),,,,,,corp_code not found,"<a href=""https://m.stock.naver.com/domestic/stock/520088/total"" target=""_blank"">Naver</a>"
570104,한투 일본니케이225선물 ETN(H),,,,,,corp_code not found,"<a href=""https://m.stock.naver.com/domestic/stock/570104/total"" target=""_blank"">Naver</a>"
610075,메리츠 3X 레버리지 미국채10년 ETN,,,,,,corp_code not found,"<a href=""https://m.stock.naver.com/domestic/stock/610075/total"" target=""_blank"">Naver</a>"
610064,메리츠 KAP 통안채 6개월 ETN,,,,,,corp_code not found,"<a href=""https://m.stock.naver.com/domestic/stock/610064/total"" target=""_blank"">Naver</a>"
520047,미래에셋 인버스 2X 옥수수 선물 ETN,,,,,,corp_code not found,"<a href=""https://m.stock.naver.com/domestic/stock/520047/total"" target=""_blank"">Naver</a>"
520082,미래에셋 미국 자율주행대표기업 ETN,,,,,,corp_code not found,"<a href=""https://m.stock.naver.com/domestic/stock/520082/total"" target=""_blank"">Naver</a>"
33626L,두산퓨얼셀2우B,,,,,,corp_code not found,"<a href=""https://m.stock.naver.com/domestic/stock/33626L/total"" target=""_blank"">Naver</a>"
500035,신한 레버리지 미국달러 선물 ETN,,,,,,corp_code not found,"<a href=""https://m.stock.naver.com/domestic/stock/500035/total"" target=""_blank"">Naver</a>"
570061,한투 레버리지 은 선물 ETN,,,,,,corp_code not found,"<a href=""https://m.stock.naver.com/domestic/stock/570061/total"" target=""_blank"">Naver</a>"
33637K,솔루스첨단소재1우,,,,,,corp_code not found,"<a href=""https://m.stock.naver.com/domestic/stock/33637K/total"" target=""_blank"">Naver</a>"
530140,삼성 iSelect 레버리지 조선 TOP10 TR ETN,,,,,,corp_code not found,"<a href=""https://m.stock.naver.com/domestic/stock/530140/total"" target=""_blank"">Naver</a>"
700020,하나 블룸버그 -2X 천연가스 선물 ETN(H),,,,,,corp_code not found,"<a href=""https://m.stock.naver.com/domestic/stock/700020/total"" target=""_blank"">Naver</a>"
610054,메리츠 블룸버그 -2X 천연가스 선물 ETN(H),,,,,,corp_code not found,"<a href=""https://m.stock.naver.com/domestic/stock/610054/total"" target=""_blank"">Naver</a>"
610069,메리츠 KAP 레버리지 일본 엔화 ETN,,,,,,corp_code not found,"<a href=""https://m.stock.naver.com/domestic/stock/610069/total"" target=""_blank"">Naver</a>"
760005,키움 INDXX 미국테크탑10 ETN,,,,,,corp_code not found,"<a href=""https://m.stock.naver.com/domestic/stock/760005/total"" target=""_blank"">Naver</a>"
530118,삼성 코스닥 150 TR ETN,,,,,,corp_code not found,"<a href=""https://m.stock.naver.com/domestic/stock/530118/total"" target=""_blank"">Naver</a>"
520075,미래에셋 레버리지 미국 방위산업 TOP3 ETN,,,,,,corp_code not found,"<a href=""https://m.stock.naver.com/domestic/stock/520075/total"" target=""_blank"">Naver</a>"
510029,대신 S&P 인버스 2X 천연가스 선물 ETN,,,,,,corp_code not found,"<a href=""https://m.stock.naver.com/domestic/stock/510029/total"" target=""_blank"">Naver</a>"
700017,하나 레버리지 코스닥150 선물 ETN,,,,,,corp_code not found,"<a href=""https://m.stock.naver.com/domestic/stock/700017/total"" target=""_blank"">Naver</a>"
610008,메리츠 레버리지 국채30년 ETN,,,,,,corp_code not found,"<a href=""https://m.stock.naver.com/domestic/stock/610008/total"" target=""_blank"">Naver</a>"
610036,메리츠 인버스 2X 대표 농산물 선물 ETN(H),,,,,,corp_code not found,"<a href=""https://m.stock.naver.com/domestic/stock/610036/total"" target=""_blank"">Naver</a>"
700012,하나 인버스 2X 옥수수 선물 ETN(H),,,,,,corp_code not found,"<a href=""https://m.stock.naver.com/domestic/stock/700012/total"" target=""_blank"">Naver</a>"
570081,한투 레버리지 코스닥150선물 ETN,,,,,,corp_code not found,"<a href=""https://m.stock.naver.com/domestic/stock/570081/total"" target=""_blank"">Naver</a>"
520065,미래에셋 -2X 미국채울트라30년 선물 ETN,,,,,,corp_code not found,"<a href=""https://m.stock.naver.com/domestic/stock/520065/total"" target=""_blank"">Naver</a>"
530106,삼성 레버리지 코스닥150 선물 ETN,,,,,,corp_code not found,"<a href=""https://m.stock.naver.com/domestic/stock/530106/total"" target=""_blank"">Naver</a>"
580057,KB 일본 컨슈머 TOP 10 ETN,,,,,,corp_code not found,"<a href=""https://m.stock.naver.com/domestic/stock/580057/total"" target=""_blank"">Naver</a>"
003495,대한항공우,,,,,,corp_code not found,"<a href=""https://m.stock.naver.com/domestic/stock/003495/total"" target=""_blank"">Naver</a>"
570069,한투 레버리지 플래티넘 선물 ETN,,,,,,corp_code not found,"<a href=""https://m.stock.naver.com/domestic/stock/570069/total"" target=""_blank"">Naver</a>"
550089,N2 월간 레버리지 코스피 200 선물 ETN,,,,,,corp_code not found,"<a href=""https://m.stock.naver.com/domestic/stock/550089/total"" target=""_blank"">Naver</a>"
520078,미래에셋 미국 제약 TOP3 ETN,,,,,,corp_code not found,"<a href=""https://m.stock.naver.com/domestic/stock/520078/total"" target=""_blank"">Naver</a>"
610088,메리츠 솔랙티브 2X WTI원유 선물 ETN(H),,,,,,corp_code not found,"<a href=""https://m.stock.naver.com/domestic/stock/610088/total"" target=""_blank"">Naver</a>"
500093,신한 블룸버그 레버리지 WTI원유선물 ETN B,,,,,,corp_code not found,"<a href=""https://m.stock.naver.com/domestic/stock/500093/total"" target=""_blank"">Naver</a>"
550084,N2 코스피 200 TR ETN,,,,,,corp_code not found,"<a href=""https://m.stock.naver.com/domestic/stock/550084/total"" target=""_blank"">Naver</a>"
580068,KB S&P 레버리지 WTI원유 선물 ETN B,,,,,,corp_code not found,"<a href=""https://m.stock.naver.com/domestic/stock/580068/total"" target=""_blank"">Naver</a>"
700029,하나 S&P 레버리지 WTI원유 선물 ETN B,,,,,,corp_code not found,"<a href=""https://m.stock.naver.com/domestic/stock/700029/total"" target=""_blank"">Naver</a>"
530133,삼성 블룸버그 레버리지 WTI원유선물 ETN B,,,,,,corp_code not found,"<a href=""https://m.stock.naver.com/domestic/stock/530133/total"" target=""_blank"">Naver</a>"
570105,한투 인버스일본니케이225선물 ETN(H),,,,,,corp_code not found,"<a href=""https://m.stock.naver.com/domestic/stock/570105/total"" target=""_blank"">Naver</a>"
570117,한투 블룸버그인버스2XWTI원유선물 ETN B,,,,,,corp_code not found,"<a href=""https://m.stock.naver.com/domestic/stock/570117/total"" target=""_blank"">Naver</a>"
610016,메리츠 레버리지 은 선물 ETN(H),,,,,,corp_code not found,"<a href=""https://m.stock.naver.com/domestic/stock/610016/total"" target=""_blank"">Naver</a>"
550064,N2 레버리지 은 선물 ETN(H),,,,,,corp_code not found,"<a href=""https://m.stock.naver.com/domestic/stock/550064/total"" target=""_blank"">Naver</a>"
520076,미래에셋 1.5X 천연가스 선물 ETN,,,,,,corp_code not found,"<a href=""https://m.stock.naver.com/domestic/stock/520076/total"" target=""_blank"">Naver</a>"
610022,메리츠 미국채10년 ETN(H),,,,,,corp_code not found,"<a href=""https://m.stock.naver.com/domestic/stock/610022/total"" target=""_blank"">Naver</a>"
019685,대교우B,,,,,,corp_code not found,"<a href=""https://m.stock.naver.com/domestic/stock/019685/total"" target=""_blank"">Naver</a>"
530126,삼성 코리아 밸류업 TR ETN,,,,,,corp_code not found,"<a href=""https://m.stock.naver.com/domestic/stock/530126/total"" target=""_blank"">Naver</a>"
610001,메리츠 인플레이션 국채 ETN,,,,,,corp_code not found,"<a href=""https://m.stock.naver.com/domestic/stock/610001/total"" target=""_blank"">Naver</a>"
00499K,롯데지주우,,,,,,corp_code not found,"<a href=""https://m.stock.naver.com/domestic/stock/00499K/total"" target=""_blank"">Naver</a>"
570102,한투 레버리지 나스닥100 ETN B,,,,,,corp_code not found,"<a href=""https://m.stock.naver.com/domestic/stock/570102/total"" target=""_blank"">Naver</a>"
610085,메리츠 레버리지 미국채30년 스트립 ETN(H),,,,,,corp_code not found,"<a href=""https://m.stock.naver.com/domestic/stock/610085/total"" target=""_blank"">Naver</a>"
002025,코오롱우,,,,,,corp_code not found,"<a href=""https://m.stock.naver.com/domestic/stock/002025/total"" target=""_blank"">Naver</a>"
530064,삼성 인버스 2X 구리 선물 ETN(H),,,,,,corp_code not found,"<a href=""https://m.stock.naver.com/domestic/stock/530064/total"" target=""_blank"">Naver</a>"
580022,KB 레버리지 금 선물 ETN(H),,,,,,corp_code not found,"<a href=""https://m.stock.naver.com/domestic/stock/580022/total"" target=""_blank"">Naver</a>"
005257,녹십자홀딩스2우,,,,,,corp_code not found,"<a href=""https://m.stock.naver.com/domestic/stock/005257/total"" target=""_blank"">Naver</a>"
520050,미래에셋 인버스 2X 원유선물혼합 ETN(H),,,,,,corp_code not found,"<a href=""https://m.stock.naver.com/domestic/stock/520050/total"" target=""_blank"">Naver</a>"
580067,KB 인디아 디지털 Select 5 ETN,,,,,,corp_code not found,"<a href=""https://m.stock.naver.com/domestic/stock/580067/total"" target=""_blank"">Naver</a>"
530105,삼성 인버스 2X 코스피200 선물 ETN,,,,,,corp_code not found,"<a href=""https://m.stock.naver.com/domestic/stock/530105/total"" target=""_blank"">Naver</a>"
550086,N2 미국달러 SOFR금리 플러스 ETN,,,,,,corp_code not found,"<a href=""https://m.stock.naver.com/domestic/stock/550086/total"" target=""_blank"">Naver</a>"
001685,대상우,,,,,,corp_code not found,"<a href=""https://m.stock.naver.com/domestic/stock/001685/total"" target=""_blank"">Naver</a>"
500023,신한 콩 선물 ETN(H),,,,,,corp_code not found,"<a href=""https://m.stock.naver.com/domestic/stock/500023/total"" target=""_blank"">Naver</a>"
610044,메리츠 인버스 천연가스 선물 ETN(H),,,,,,corp_code not found,"<a href=""https://m.stock.naver.com/domestic/stock/610044/total"" target=""_blank"">Naver</a>"
520053,미래에셋 인버스 천연가스 선물 ETN(H),,,,,,corp_code not found,"<a href=""https://m.stock.naver.com/domestic/stock/520053/total"" target=""_blank"">Naver</a>"
570065,한투 레버리지 베트남 VN30 선물 ETN(H),,,,,,corp_code not found,"<a href=""https://m.stock.naver.com/domestic/stock/570065/total"" target=""_blank"">Naver</a>"
570047,한투 FTSE100 ETN,,,,,,corp_code not found,"<a href=""https://m.stock.naver.com/domestic/stock/570047/total"" target=""_blank"">Naver</a>"
760013,키움 레버리지 반도체TOP10 ETN,,,,,,corp_code not found,"<a href=""https://m.stock.naver.com/domestic/stock/760013/total"" target=""_blank"">Naver</a>"
500091,신한 33-12 국고채 플러스 ETN,,,,,,corp_code not found,"<a href=""https://m.stock.naver.com/domestic/stock/500091/total"" target=""_blank"">Naver</a>"
610018,메리츠 국채10년 ETN,,,,,,corp_code not found,"<a href=""https://m.stock.naver.com/domestic/stock/610018/total"" target=""_blank"">Naver</a>"
530124,삼성 레버리지 일본니케이225선물 ETN(H),,,,,,corp_code not found,"<a href=""https://m.stock.naver.com/domestic/stock/530124/total"" target=""_blank"">Naver</a>"
520037,미래에셋 코스피200 선물 ETN,,,,,,corp_code not found,"<a href=""https://m.stock.naver.com/domestic/stock/520037/total"" target=""_blank"">Naver</a>"
500014,신한 인버스 옥수수 선물 ETN(H),,,,,,corp_code not found,"<a href=""https://m.stock.naver.com/domestic/stock/500014/total"" target=""_blank"">Naver</a>"
580048,KB CSI 300 ETN,,,,,,corp_code not found,"<a href=""https://m.stock.naver.com/domestic/stock/580048/total"" target=""_blank"">Naver</a>"
570055,한투 금 선물 ETN,,,,,,corp_code not found,"<a href=""https://m.stock.naver.com/domestic/stock/570055/total"" target=""_blank"">Naver</a>"
500090,신한 2X 26-05 공사채(AAA) ETN,,,,,,corp_code not found,"<a href=""https://m.stock.naver.com/domestic/stock/500090/total"" target=""_blank"">Naver</a>"
500088,신한 2X 26-05 은행채(AAA) ETN,,,,,,corp_code not found,"<a href=""https://m.stock.naver.com/domestic/stock/500088/total"" target=""_blank"">Naver</a>"
500089,신한 26-05 공사채(AAA) ETN,,,,,,corp_code not found,"<a href=""https://m.stock.naver.com/domestic/stock/500089/total"" target=""_blank"">Naver</a>"
500087,신한 26-05 은행채(AAA) ETN,,,,,,corp_code not found,"<a href=""https://m.stock.naver.com/domestic/stock/500087/total"" target=""_blank"">Naver</a>"
580066,KB 인디아 대형 성장주 Select 5 ETN,,,,,,corp_code not found,"<a href=""https://m.stock.naver.com/domestic/stock/580066/total"" target=""_blank"">Naver</a>"
002355,넥센타이어1우B,,,,,,corp_code not found,"<a href=""https://m.stock.naver.com/domestic/stock/002355/total"" target=""_blank"">Naver</a>"
610047,메리츠 인버스 국채3년 ETN,,,,,,corp_code not found,"<a href=""https://m.stock.naver.com/domestic/stock/610047/total"" target=""_blank"">Naver</a>"
580049,KB CSI 500 ETN,,,,,,corp_code not found,"<a href=""https://m.stock.naver.com/domestic/stock/580049/total"" target=""_blank"">Naver</a>"
580052,KB 인버스 2X 밀 선물 ETN,,,,,,corp_code not found,"<a href=""https://m.stock.naver.com/domestic/stock/580052/total"" target=""_blank"">Naver</a>"
550097,N2 레버리지 코스닥150 선물 ETN,,,,,,corp_code not found,"<a href=""https://m.stock.naver.com/domestic/stock/550097/total"" target=""_blank"">Naver</a>"
580070,KB 레버리지 2차전지 TOP 10 TR ETN,,,,,,corp_code not found,"<a href=""https://m.stock.naver.com/domestic/stock/580070/total"" target=""_blank"">Naver</a>"
530138,삼성 KRX 레버리지 2차전지 TOP10 TR ETN,,,,,,corp_code not found,"<a href=""https://m.stock.naver.com/domestic/stock/530138/total"" target=""_blank"">Naver</a>"
550098,N2 인버스 2X 코스닥150 선물 ETN,,,,,,corp_code not found,"<a href=""https://m.stock.naver.com/domestic/stock/550098/total"" target=""_blank"">Naver</a>"
520083,미래에셋 2X 미국 자율주행대표기업 ETN,,,,,,corp_code not found,"<a href=""https://m.stock.naver.com/domestic/stock/520083/total"" target=""_blank"">Naver</a>"
570114,한투 S&P500 VIX S/T선물 ETN(H) B,,,,,,corp_code not found,"<a href=""https://m.stock.naver.com/domestic/stock/570114/total"" target=""_blank"">Naver</a>"
580039,KB 레버리지 KOSPI 200 선물 ETN,,,,,,corp_code not found,"<a href=""https://m.stock.naver.com/domestic/stock/580039/total"" target=""_blank"">Naver</a>"
580047,KB 레버리지 항셍테크 선물 ETN(H) B,,,,,,corp_code not found,"<a href=""https://m.stock.naver.com/domestic/stock/580047/total"" target=""_blank"">Naver</a>"
550087,N2 선진국 1등주 ETN,,,,,,corp_code not found,"<a href=""https://m.stock.naver.com/domestic/stock/550087/total"" target=""_blank"">Naver</a>"
570054,한투 레버리지 유로스탁스50 ETN(H) B,,,,,,corp_code not found,"<a href=""https://m.stock.naver.com/domestic/stock/570054/total"" target=""_blank"">Naver</a>"
760004,키움 인버스 미국달러선물 ETN,,,,,,corp_code not found,"<a href=""https://m.stock.naver.com/domestic/stock/760004/total"" target=""_blank"">Naver</a>"
550085,N2 코스닥 150 TR ETN,,,,,,corp_code not found,"<a href=""https://m.stock.naver.com/domestic/stock/550085/total"" target=""_blank"">Naver</a>"
530129,삼성 인버스 2X 미국다우존스 선물 ETN,,,,,,corp_code not found,"<a href=""https://m.stock.naver.com/domestic/stock/530129/total"" target=""_blank"">Naver</a>"
108675,LX하우시스우,,,,,,corp_code not found,"<a href=""https://m.stock.naver.com/domestic/stock/108675/total"" target=""_blank"">Naver</a>"
520039,미래에셋 코스닥150 선물 ETN,,,,,,corp_code not found,"<a href=""https://m.stock.naver.com/domestic/stock/520039/total"" target=""_blank"">Naver</a>"
530128,삼성 레버리지 미국다우존스 선물 ETN,,,,,,corp_code not found,"<a href=""https://m.stock.naver.com/domestic/stock/530128/total"" target=""_blank"">Naver</a>"
760008,키움 코스닥 150 TR ETN,,,,,,corp_code not found,"<a href=""https://m.stock.naver.com/domestic/stock/760008/total"" target=""_blank"">Naver</a>"
700013,하나 레버리지 콩 선물 ETN(H),,,,,,corp_code not found,"<a href=""https://m.stock.naver.com/domestic/stock/700013/total"" target=""_blank"">Naver</a>"
610003,메리츠 미국 인플레이션 국채 ETN(H),,,,,,corp_code not found,"<a href=""https://m.stock.naver.com/domestic/stock/610003/total"" target=""_blank"">Naver</a>"
18064K,한진칼우,,,,,,corp_code not found,"<a href=""https://m.stock.naver.com/domestic/stock/18064K/total"" target=""_blank"">Naver</a>"
007815,코리아써우,,,,,,corp_code not found,"<a href=""https://m.stock.naver.com/domestic/stock/007815/total"" target=""_blank"">Naver</a>"
500040,신한 레버리지 구리 선물 ETN,,,,,,corp_code not found,"<a href=""https://m.stock.naver.com/domestic/stock/500040/total"" target=""_blank"">Naver</a>"
35320K,대덕전자1우,,,,,,corp_code not found,"<a href=""https://m.stock.naver.com/domestic/stock/35320K/total"" target=""_blank"">Naver</a>"
520038,미래에셋 인버스 코스피200 선물 ETN,,,,,,corp_code not found,"<a href=""https://m.stock.naver.com/domestic/stock/520038/total"" target=""_blank"">Naver</a>"
000087,하이트진로2우B,,,,,,corp_code not found,"<a href=""https://m.stock.naver.com/domestic/stock/000087/total"" target=""_blank"">Naver</a>"
500061,신한 인버스 코스피 200 선물 ETN,,,,,,corp_code not found,"<a href=""https://m.stock.naver.com/domestic/stock/500061/total"" target=""_blank"">Naver</a>"
152550,한국ANKOR유전,,,,,,annual FS not found,"<a href=""https://m.stock.naver.com/domestic/stock/152550/total"" target=""_blank"">Naver</a>"
530083,삼성 금 선물 ETN(H),,,,,,corp_code not found,"<a href=""https://m.stock.naver.com/domestic/stock/530083/total"" target=""_blank"">Naver</a>"
580054,KB 인버스 2X 콩 선물 ETN,,,,,,corp_code not found,"<a href=""https://m.stock.naver.com/domestic/stock/580054/total"" target=""_blank"">Naver</a>"
570115,한투 인버스0.5X S&P500 VIX S/T선물 ETN B,,,,,,corp_code not found,"<a href=""https://m.stock.naver.com/domestic/stock/570115/total"" target=""_blank"">Naver</a>"
550088,N2 월간 레버리지 선진국 1등주 ETN,,,,,,corp_code not found,"<a href=""https://m.stock.naver.com/domestic/stock/550088/total"" target=""_blank"">Naver</a>"
610040,메리츠 인버스 2X 미국채30년 ETN(H),,,,,,corp_code not found,"<a href=""https://m.stock.naver.com/domestic/stock/610040/total"" target=""_blank"">Naver</a>"
500024,신한 인버스 콩 선물 ETN(H),,,,,,corp_code not found,"<a href=""https://m.stock.naver.com/domestic/stock/500024/total"" target=""_blank"">Naver</a>"
510027,대신 인버스 2X 코스닥 150 선물 ETN,,,,,,corp_code not found,"<a href=""https://m.stock.naver.com/domestic/stock/510027/total"" target=""_blank"">Naver</a>"
580044,KB 인버스 2X KOSDAQ 150 선물 ETN,,,,,,corp_code not found,"<a href=""https://m.stock.naver.com/domestic/stock/580044/total"" target=""_blank"">Naver</a>"
570072,한투 레버리지 구리 선물 ETN,,,,,,corp_code not found,"<a href=""https://m.stock.naver.com/domestic/stock/570072/total"" target=""_blank"">Naver</a>"
500063,신한 인버스 코스닥 150 선물 ETN,,,,,,corp_code not found,"<a href=""https://m.stock.naver.com/domestic/stock/500063/total"" target=""_blank"">Naver</a>"
530112,삼성 S&P500 ETN,,,,,,corp_code not found,"<a href=""https://m.stock.naver.com/domestic/stock/530112/total"" target=""_blank"">Naver</a>"
520040,미래에셋 인버스 코스닥150 선물 ETN,,,,,,corp_code not found,"<a href=""https://m.stock.naver.com/domestic/stock/520040/total"" target=""_blank"">Naver</a>"
005725,넥센우,,,,,,corp_code not found,"<a href=""https://m.stock.naver.com/domestic/stock/005725/total"" target=""_blank"">Naver</a>"
760017,키움 조선TOP10 ETN,,,,,,corp_code not found,"<a href=""https://m.stock.naver.com/domestic/stock/760017/total"" target=""_blank"">Naver</a>"
570057,한투 은 선물 ETN,,,,,,corp_code not found,"<a href=""https://m.stock.naver.com/domestic/stock/570057/total"" target=""_blank"">Naver</a>"
610025,메리츠 인버스 2X 미국채10년 ETN(H),,,,,,corp_code not found,"<a href=""https://m.stock.naver.com/domestic/stock/610025/total"" target=""_blank"">Naver</a>"
001795,대한제당우,,,,,,corp_code not found,"<a href=""https://m.stock.naver.com/domestic/stock/001795/total"" target=""_blank"">Naver</a>"
520055,미래에셋 인버스 2X 코스피200 선물 ETN,,,,,,corp_code not found,"<a href=""https://m.stock.naver.com/domestic/stock/520055/total"" target=""_blank"">Naver</a>"
700014,하나 인버스 2X 콩 선물 ETN(H),,,,,,corp_code not found,"<a href=""https://m.stock.naver.com/domestic/stock/700014/total"" target=""_blank"">Naver</a>"
33637L,솔루스첨단소재2우B,,,,,,corp_code not found,"<a href=""https://m.stock.naver.com/domestic/stock/33637L/total"" target=""_blank"">Naver</a>"
500013,신한 옥수수 선물 ETN(H),,,,,,corp_code not found,"<a href=""https://m.stock.naver.com/domestic/stock/500013/total"" target=""_blank"">Naver</a>"
530125,삼성 인버스 2X 일본니케이225선물 ETN(H),,,,,,corp_code not found,"<a href=""https://m.stock.naver.com/domestic/stock/530125/total"" target=""_blank"">Naver</a>"
530121,삼성 항셍테크 ETN(H) B,,,,,,corp_code not found,"<a href=""https://m.stock.naver.com/domestic/stock/530121/total"" target=""_blank"">Naver</a>"
530089,삼성 은 선물 ETN(H),,,,,,corp_code not found,"<a href=""https://m.stock.naver.com/domestic/stock/530089/total"" target=""_blank"">Naver</a>"
570100,한투 일본종합상사TOP5 ETN,,,,,,corp_code not found,"<a href=""https://m.stock.naver.com/domestic/stock/570100/total"" target=""_blank"">Naver</a>"
610039,메리츠 인버스 미국채30년 ETN(H),,,,,,corp_code not found,"<a href=""https://m.stock.naver.com/domestic/stock/610039/total"" target=""_blank"">Naver</a>"
570073,한투 인버스 2X 구리 선물 ETN,,,,,,corp_code not found,"<a href=""https://m.stock.naver.com/domestic/stock/570073/total"" target=""_blank"">Naver</a>"
610028,메리츠 레버리지 구리 선물 ETN(H),,,,,,corp_code not found,"<a href=""https://m.stock.naver.com/domestic/stock/610028/total"" target=""_blank"">Naver</a>"
530056,삼성 인버스 2X 금 선물 ETN(H),,,,,,corp_code not found,"<a href=""https://m.stock.naver.com/domestic/stock/530056/total"" target=""_blank"">Naver</a>"
520064,미래에셋 2X 미국채울트라30년 선물 ETN,,,,,,corp_code not found,"<a href=""https://m.stock.naver.com/domestic/stock/520064/total"" target=""_blank"">Naver</a>"
550069,N2 레버리지 구리 선물 ETN(H),,,,,,corp_code not found,"<a href=""https://m.stock.naver.com/domestic/stock/550069/total"" target=""_blank"">Naver</a>"
610089,메리츠 솔랙티브 -2X WTI원유 선물 ETN(H),,,,,,corp_code not found,"<a href=""https://m.stock.naver.com/domestic/stock/610089/total"" target=""_blank"">Naver</a>"
580043,KB 레버리지 KOSDAQ 150 선물 ETN,,,,,,corp_code not found,"<a href=""https://m.stock.naver.com/domestic/stock/580043/total"" target=""_blank"">Naver</a>"
500028,신한 인버스 2X 다우존스지수 선물 ETN(H),,,,,,corp_code not found,"<a href=""https://m.stock.naver.com/domestic/stock/500028/total"" target=""_blank"">Naver</a>"
520084,미래에셋 -2X 미국 자율주행대표기업 ETN,,,,,,corp_code not found,"<a href=""https://m.stock.naver.com/domestic/stock/520084/total"" target=""_blank"">Naver</a>"
530063,삼성 레버리지 구리 선물 ETN(H),,,,,,corp_code not found,"<a href=""https://m.stock.naver.com/domestic/stock/530063/total"" target=""_blank"">Naver</a>"
001067,JW중외제약2우B,,,,,,corp_code not found,"<a href=""https://m.stock.naver.com/domestic/stock/001067/total"" target=""_blank"">Naver</a>"
004255,NPC우,,,,,,corp_code not found,"<a href=""https://m.stock.naver.com/domestic/stock/004255/total"" target=""_blank"">Naver</a>"
610024,메리츠 인버스 미국채10년 ETN(H),,,,,,corp_code not found,"<a href=""https://m.stock.naver.com/domestic/stock/610024/total"" target=""_blank"">Naver</a>"
520079,미래에셋 레버리지 미국 제약 TOP3 ETN,,,,,,corp_code not found,"<a href=""https://m.stock.naver.com/domestic/stock/520079/total"" target=""_blank"">Naver</a>"
500085,신한 코스피 200 TR ETN,,,,,,corp_code not found,"<a href=""https://m.stock.naver.com/domestic/stock/500085/total"" target=""_blank"">Naver</a>"
530117,삼성 코스피 200 TR ETN,,,,,,corp_code not found,"<a href=""https://m.stock.naver.com/domestic/stock/530117/total"" target=""_blank"">Naver</a>"
38380K,LX홀딩스1우,,,,,,corp_code not found,"<a href=""https://m.stock.naver.com/domestic/stock/38380K/total"" target=""_blank"">Naver</a>"
580026,KB 레버리지 은 선물 ETN(H),,,,,,corp_code not found,"<a href=""https://m.stock.naver.com/domestic/stock/580026/total"" target=""_blank"">Naver</a>"
145995,삼양사우,,,,,,corp_code not found,"<a href=""https://m.stock.naver.com/domestic/stock/145995/total"" target=""_blank"">Naver</a>"
580069,KB S&P 인버스 2X WTI원유 선물 ETN B,,,,,,corp_code not found,"<a href=""https://m.stock.naver.com/domestic/stock/580069/total"" target=""_blank"">Naver</a>"
520043,미래에셋 S&P 유럽탄소배출권 선물 ETN,,,,,,corp_code not found,"<a href=""https://m.stock.naver.com/domestic/stock/520043/total"" target=""_blank"">Naver</a>"
500094,신한 블룸버그 인버스2X WTI원유선물 ETN B,,,,,,corp_code not found,"<a href=""https://m.stock.naver.com/domestic/stock/500094/total"" target=""_blank"">Naver</a>"
570099,한투 S&P 인버스 2X 엔달러 선물 ETN(H),,,,,,corp_code not found,"<a href=""https://m.stock.naver.com/domestic/stock/570099/total"" target=""_blank"">Naver</a>"
700030,하나 S&P 인버스 2X WTI원유 선물 ETN B,,,,,,corp_code not found,"<a href=""https://m.stock.naver.com/domestic/stock/700030/total"" target=""_blank"">Naver</a>"
530120,삼성 나스닥 100 ETN,,,,,,corp_code not found,"<a href=""https://m.stock.naver.com/domestic/stock/530120/total"" target=""_blank"">Naver</a>"
000075,삼양홀딩스우,,,,,,corp_code not found,"<a href=""https://m.stock.naver.com/domestic/stock/000075/total"" target=""_blank"">Naver</a>"
570052,한투 플래티넘 선물 ETN,,,,,,corp_code not found,"<a href=""https://m.stock.naver.com/domestic/stock/570052/total"" target=""_blank"">Naver</a>"
610081,메리츠 레버리지 멕시코 페소화 ETN,,,,,,corp_code not found,"<a href=""https://m.stock.naver.com/domestic/stock/610081/total"" target=""_blank"">Naver</a>"
570071,한투 구리 선물 ETN,,,,,,corp_code not found,"<a href=""https://m.stock.naver.com/domestic/stock/570071/total"" target=""_blank"">Naver</a>"
500056,신한 레버리지 Russell 2000 ETN,,,,,,corp_code not found,"<a href=""https://m.stock.naver.com/domestic/stock/500056/total"" target=""_blank"">Naver</a>"
530139,삼성 iSelect 조선 TOP10 TR ETN,,,,,,corp_code not found,"<a href=""https://m.stock.naver.com/domestic/stock/530139/total"" target=""_blank"">Naver</a>"
520061,미래에셋 인도네시아 Top5 ETN,,,,,,corp_code not found,"<a href=""https://m.stock.naver.com/domestic/stock/520061/total"" target=""_blank"">Naver</a>"
570063,한투 베트남 VN30 선물 ETN(H),,,,,,corp_code not found,"<a href=""https://m.stock.naver.com/domestic/stock/570063/total"" target=""_blank"">Naver</a>"
520085,미래에셋 -2X 미국 AI TOP3 ETN,,,,,,corp_code not found,"<a href=""https://m.stock.naver.com/domestic/stock/520085/total"" target=""_blank"">Naver</a>"
510016,대신 천연가스 선물 ETN(H),,,,,,corp_code not found,"<a href=""https://m.stock.naver.com/domestic/stock/510016/total"" target=""_blank"">Naver</a>"
550074,N2 블룸버그 2X 천연가스 선물 ETN(H),,,,,,corp_code not found,"<a href=""https://m.stock.naver.com/domestic/stock/550074/total"" target=""_blank"">Naver</a>"
084695,대상홀딩스우,,,,,,corp_code not found,"<a href=""https://m.stock.naver.com/domestic/stock/084695/total"" target=""_blank"">Naver</a>"
610072,메리츠 KAP 레버리지 중국 위안화 ETN,,,,,,corp_code not found,"<a href=""https://m.stock.naver.com/domestic/stock/610072/total"" target=""_blank"">Naver</a>"
530114,삼성 인버스 2X S&P500 선물 ETN,,,,,,corp_code not found,"<a href=""https://m.stock.naver.com/domestic/stock/530114/total"" target=""_blank"">Naver</a>"
610059,메리츠 3X 레버리지 국채10년 ETN,,,,,,corp_code not found,"<a href=""https://m.stock.naver.com/domestic/stock/610059/total"" target=""_blank"">Naver</a>"
610049,메리츠 국채5년 ETN,,,,,,corp_code not found,"<a href=""https://m.stock.naver.com/domestic/stock/610049/total"" target=""_blank"">Naver</a>"
610029,메리츠 인버스 2X 구리 선물 ETN(H),,,,,,corp_code not found,"<a href=""https://m.stock.naver.com/domestic/stock/610029/total"" target=""_blank"">Naver</a>"
610057,메리츠 3X 레버리지 국채5년 ETN,,,,,,corp_code not found,"<a href=""https://m.stock.naver.com/domestic/stock/610057/total"" target=""_blank"">Naver</a>"
610009,메리츠 인버스 국채30년 ETN,,,,,,corp_code not found,"<a href=""https://m.stock.naver.com/domestic/stock/610009/total"" target=""_blank"">Naver</a>"
570085,한투 블룸버그 인도네시아 대표원자재 ETN,,,,,,corp_code not found,"<a href=""https://m.stock.naver.com/domestic/stock/570085/total"" target=""_blank"">Naver</a>"
610087,메리츠 솔랙티브 WTI원유 선물 ETN(H),,,,,,corp_code not found,"<a href=""https://m.stock.naver.com/domestic/stock/610087/total"" target=""_blank"">Naver</a>"
550070,N2 인버스 레버리지 구리 선물 ETN(H),,,,,,corp_code not found,"<a href=""https://m.stock.naver.com/domestic/stock/550070/total"" target=""_blank"">Naver</a>"
530132,삼성 블룸버그 WTI원유 선물 ETN B,,,,,,corp_code not found,"<a href=""https://m.stock.naver.com/domestic/stock/530132/total"" target=""_blank"">Naver</a>"
610067,메리츠 블룸버그 2X 천연가스선물 ETN(H) B,,,,,,corp_code not found,"<a href=""https://m.stock.naver.com/domestic/stock/610067/total"" target=""_blank"">Naver</a>"
610080,메리츠 멕시코 페소화 ETN,,,,,,corp_code not found,"<a href=""https://m.stock.naver.com/domestic/stock/610080/total"" target=""_blank"">Naver</a>"
500080,신한 S&P 레버리지 유로 선물 ETN(H),,,,,,corp_code not found,"<a href=""https://m.stock.naver.com/domestic/stock/500080/total"" target=""_blank"">Naver</a>"
610055,메리츠 3X 레버리지 국채3년 ETN,,,,,,corp_code not found,"<a href=""https://m.stock.naver.com/domestic/stock/610055/total"" target=""_blank"">Naver</a>"
700027,하나 반도체 ETN,,,,,,corp_code not found,"<a href=""https://m.stock.naver.com/domestic/stock/700027/total"" target=""_blank"">Naver</a>"
610045,메리츠 국채3년 ETN,,,,,,corp_code not found,"<a href=""https://m.stock.naver.com/domestic/stock/610045/total"" target=""_blank"">Naver</a>"
610071,메리츠 KAP 중국 위안화 ETN,,,,,,corp_code not found,"<a href=""https://m.stock.naver.com/domestic/stock/610071/total"" target=""_blank"">Naver</a>"
500078,신한 S&P 유로 선물 ETN(H),,,,,,corp_code not found,"<a href=""https://m.stock.naver.com/domestic/stock/500078/total"" target=""_blank"">Naver</a>"
760006,키움 KPOP ETN,,,,,,corp_code not found,"<a href=""https://m.stock.naver.com/domestic/stock/760006/total"" target=""_blank"">Naver</a>"
510015,대신 밀 선물 ETN(H),,,,,,corp_code not found,"<a href=""https://m.stock.naver.com/domestic/stock/510015/total"" target=""_blank"">Naver</a>"
004835,덕성우,,,,,,corp_code not found,"<a href=""https://m.stock.naver.com/domestic/stock/004835/total"" target=""_blank"">Naver</a>"
570074,한투 S&P 유럽탄소배출권 선물 ETN(H),,,,,,corp_code not found,"<a href=""https://m.stock.naver.com/domestic/stock/570074/total"" target=""_blank"">Naver</a>"
610074,메리츠 미국채10년 ETN,,,,,,corp_code not found,"<a href=""https://m.stock.naver.com/domestic/stock/610074/total"" target=""_blank"">Naver</a>"
550096,N2 레버리지 국채30년 ETN,,,,,,corp_code not found,"<a href=""https://m.stock.naver.com/domestic/stock/550096/total"" target=""_blank"">Naver</a>"
610030,메리츠 S&P 유럽탄소배출권 선물 ETN(H),,,,,,corp_code not found,"<a href=""https://m.stock.naver.com/domestic/stock/610030/total"" target=""_blank"">Naver</a>"
003075,코오롱글로벌우,,,,,,corp_code not found,"<a href=""https://m.stock.naver.com/domestic/stock/003075/total"" target=""_blank"">Naver</a>"
570108,한투 레버리지국채30년 ETN,,,,,,corp_code not found,"<a href=""https://m.stock.naver.com/domestic/stock/570108/total"" target=""_blank"">Naver</a>"
580019,KB 인버스 2X 항셍테크 선물 ETN,,,,,,corp_code not found,"<a href=""https://m.stock.naver.com/domestic/stock/580019/total"" target=""_blank"">Naver</a>"
000225,유유제약1우,,,,,,corp_code not found,"<a href=""https://m.stock.naver.com/domestic/stock/000225/total"" target=""_blank"">Naver</a>"
610020,메리츠 인버스 국채10년 ETN,,,,,,corp_code not found,"<a href=""https://m.stock.naver.com/domestic/stock/610020/total"" target=""_blank"">Naver</a>"
530123,삼성 일본니케이225선물 ETN(H),,,,,,corp_code not found,"<a href=""https://m.stock.naver.com/domestic/stock/530123/total"" target=""_blank"">Naver</a>"
500079,신한 S&P 인버스 유로 선물 ETN(H),,,,,,corp_code not found,"<a href=""https://m.stock.naver.com/domestic/stock/500079/total"" target=""_blank"">Naver</a>"
580059,KB 미국채 10년 ETN,,,,,,corp_code not found,"<a href=""https://m.stock.naver.com/domestic/stock/580059/total"" target=""_blank"">Naver</a>"
004105,태양금속우,,,,,,corp_code not found,"<a href=""https://m.stock.naver.com/domestic/stock/004105/total"" target=""_blank"">Naver</a>"
570092,한투 인버스 2X 유로스탁스50 ETN(H) B,,,,,,corp_code not found,"<a href=""https://m.stock.naver.com/domestic/stock/570092/total"" target=""_blank"">Naver</a>"
570096,한투 인버스 2X 일본 엔선물 ETN,,,,,,corp_code not found,"<a href=""https://m.stock.naver.com/domestic/stock/570096/total"" target=""_blank"">Naver</a>"
550095,N2 레버리지 국채10년 ETN,,,,,,corp_code not found,"<a href=""https://m.stock.naver.com/domestic/stock/550095/total"" target=""_blank"">Naver</a>"
610086,메리츠 인버스2X 미국채30년 스트립 ETN(H),,,,,,corp_code not found,"<a href=""https://m.stock.naver.com/domestic/stock/610086/total"" target=""_blank"">Naver</a>"
610077,메리츠 미국채30년 ETN,,,,,,corp_code not found,"<a href=""https://m.stock.naver.com/domestic/stock/610077/total"" target=""_blank"">Naver</a>"
610082,메리츠 인도 루피화 ETN,,,,,,corp_code not found,"<a href=""https://m.stock.naver.com/domestic/stock/610082/total"" target=""_blank"">Naver</a>"
530095,삼성 구리 선물 ETN(H),,,,,,corp_code not found,"<a href=""https://m.stock.naver.com/domestic/stock/530095/total"" target=""_blank"">Naver</a>"
520046,미래에셋 레버리지 옥수수 선물 ETN,,,,,,corp_code not found,"<a href=""https://m.stock.naver.com/domestic/stock/520046/total"" target=""_blank"">Naver</a>"
610068,메리츠 KAP 일본 엔화 ETN,,,,,,corp_code not found,"<a href=""https://m.stock.naver.com/domestic/stock/610068/total"" target=""_blank"">Naver</a>"
610070,메리츠 KAP 인버스 2X 일본 엔화 ETN,,,,,,corp_code not found,"<a href=""https://m.stock.naver.com/domestic/stock/610070/total"" target=""_blank"">Naver</a>"
00806K,대덕1우,,,,,,corp_code not found,"<a href=""https://m.stock.naver.com/domestic/stock/00806K/total"" target=""_blank"">Naver</a>"
610083,메리츠 레버리지 인도 루피화 ETN,,,,,,corp_code not found,"<a href=""https://m.stock.naver.com/domestic/stock/610083/total"" target=""_blank"">Naver</a>"
580051,KB 레버리지 밀 선물 ETN,,,,,,corp_code not found,"<a href=""https://m.stock.naver.com/domestic/stock/580051/total"" target=""_blank"">Naver</a>"
580060,KB 레버리지 미국채 10년 ETN,,,,,,corp_code not found,"<a href=""https://m.stock.naver.com/domestic/stock/580060/total"" target=""_blank"">Naver</a>"
001065,JW중외제약우,,,,,,corp_code not found,"<a href=""https://m.stock.naver.com/domestic/stock/001065/total"" target=""_blank"">Naver</a>"
520052,미래에셋 천연가스 선물 ETN(H),,,,,,corp_code not found,"<a href=""https://m.stock.naver.com/domestic/stock/520052/total"" target=""_blank"">Naver</a>"
500081,신한 S&P 인버스 2X 유로 선물 ETN(H),,,,,,corp_code not found,"<a href=""https://m.stock.naver.com/domestic/stock/500081/total"" target=""_blank"">Naver</a>"
45014K,코오롱모빌리티그룹우,,,,,,corp_code not found,"<a href=""https://m.stock.naver.com/domestic/stock/45014K/total"" target=""_blank"">Naver</a>"
530137,삼성 KRX 2차전지 TOP10 TR ETN,,,,,,corp_code not found,"<a href=""https://m.stock.naver.com/domestic/stock/530137/total"" target=""_blank"">Naver</a>"
760019,키움 리츠부동산인프라 ETN,,,,,,corp_code not found,"<a href=""https://m.stock.naver.com/domestic/stock/760019/total"" target=""_blank"">Naver</a>"
760015,키움 레버리지 바이오TOP10 ETN,,,,,,corp_code not found,"<a href=""https://m.stock.naver.com/domestic/stock/760015/total"" target=""_blank"">Naver</a>"
500086,신한 코스닥 150 TR ETN,,,,,,corp_code not found,"<a href=""https://m.stock.naver.com/domestic/stock/500086/total"" target=""_blank"">Naver</a>"
580063,KB 레버리지 미국채 10년 선물 ETN,,,,,,corp_code not found,"<a href=""https://m.stock.naver.com/domestic/stock/580063/total"" target=""_blank"">Naver</a>"
610051,메리츠 인버스 국채5년 ETN,,,,,,corp_code not found,"<a href=""https://m.stock.naver.com/domestic/stock/610051/total"" target=""_blank"">Naver</a>"
610079,메리츠 인버스 3X 미국채30년 ETN,,,,,,corp_code not found,"<a href=""https://m.stock.naver.com/domestic/stock/610079/total"" target=""_blank"">Naver</a>"
760020,키움 레버리지 리츠부동산인프라 ETN,,,,,,corp_code not found,"<a href=""https://m.stock.naver.com/domestic/stock/760020/total"" target=""_blank"">Naver</a>"
610091,메리츠 3X 레버리지 일본 국채 10년 ETN,,,,,,corp_code not found,"<a href=""https://m.stock.naver.com/domestic/stock/610091/total"" target=""_blank"">Naver</a>"
580065,KB 코스닥 150 TR ETN,,,,,,corp_code not found,"<a href=""https://m.stock.naver.com/domestic/stock/580065/total"" target=""_blank"">Naver</a>"
580064,KB 인버스 2X 미국채 10년 선물 ETN,,,,,,corp_code not found,"<a href=""https://m.stock.naver.com/domestic/stock/580064/total"" target=""_blank"">Naver</a>"
530127,삼성 미국다우존스 ETN,,,,,,corp_code not found,"<a href=""https://m.stock.naver.com/domestic/stock/530127/total"" target=""_blank"">Naver</a>"
610090,메리츠 일본 국채 10년 ETN,,,,,,corp_code not found,"<a href=""https://m.stock.naver.com/domestic/stock/610090/total"" target=""_blank"">Naver</a>"
570053,한투 인버스 플래티넘 선물 ETN,,,,,,corp_code not found,"<a href=""https://m.stock.naver.com/domestic/stock/570053/total"" target=""_blank"">Naver</a>"
610092,메리츠 인버스 일본 국채 10년 ETN,,,,,,corp_code not found,"<a href=""https://m.stock.naver.com/domestic/stock/610092/total"" target=""_blank"">Naver</a>"
500055,신한 인버스 Russell 2000 ETN,,,,,,corp_code not found,"<a href=""https://m.stock.naver.com/domestic/stock/500055/total"" target=""_blank"">Naver</a>"
570110,한투 3X레버리지국채30년 ETN,,,,,,corp_code not found,"<a href=""https://m.stock.naver.com/domestic/stock/570110/total"" target=""_blank"">Naver</a>"
610093,메리츠 인버스 3X 일본 국채 10년 ETN,,,,,,corp_code not found,"<a href=""https://m.stock.naver.com/domestic/stock/610093/total"" target=""_blank"">Naver</a>"
580061,KB 미국채 30년 ETN,,,,,,corp_code not found,"<a href=""https://m.stock.naver.com/domestic/stock/580061/total"" target=""_blank"">Naver</a>"
610056,메리츠 인버스 3X 국채3년 ETN,,,,,,corp_code not found,"<a href=""https://m.stock.naver.com/domestic/stock/610056/total"" target=""_blank"">Naver</a>"
580014,KB 인버스 2X 나스닥 100 ETN,,,,,,corp_code not found,"<a href=""https://m.stock.naver.com/domestic/stock/580014/total"" target=""_blank"">Naver</a>"
610076,메리츠 인버스 3X 미국채10년 ETN,,,,,,corp_code not found,"<a href=""https://m.stock.naver.com/domestic/stock/610076/total"" target=""_blank"">Naver</a>"
530135,삼성 인버스 China A50 선물 ETN(H) B,,,,,,corp_code not found,"<a href=""https://m.stock.naver.com/domestic/stock/530135/total"" target=""_blank"">Naver</a>"
570094,한투 일본 엔선물 ETN C,,,,,,corp_code not found,"<a href=""https://m.stock.naver.com/domestic/stock/570094/total"" target=""_blank"">Naver</a>"
580050,KB STAR 50 ETN,,,,,,corp_code not found,"<a href=""https://m.stock.naver.com/domestic/stock/580050/total"" target=""_blank"">Naver</a>"
610035,메리츠 레버리지 대표 농산물 선물 ETN(H),,,,,,corp_code not found,"<a href=""https://m.stock.naver.com/domestic/stock/610035/total"" target=""_blank"">Naver</a>"
610032,메리츠 CSI 300 ETN,,,,,,corp_code not found,"<a href=""https://m.stock.naver.com/domestic/stock/610032/total"" target=""_blank"">Naver</a>"
006345,대원전선우,,,,,,corp_code not found,"<a href=""https://m.stock.naver.com/domestic/stock/006345/total"" target=""_blank"">Naver</a>"
570066,한투 인버스 2X 베트남 VN30 선물 ETN(H),,,,,,corp_code not found,"<a href=""https://m.stock.naver.com/domestic/stock/570066/total"" target=""_blank"">Naver</a>"
500041,신한 인버스 2X 구리 선물 ETN,,,,,,corp_code not found,"<a href=""https://m.stock.naver.com/domestic/stock/500041/total"" target=""_blank"">Naver</a>"
530096,삼성 인버스 구리 선물 ETN(H),,,,,,corp_code not found,"<a href=""https://m.stock.naver.com/domestic/stock/530096/total"" target=""_blank"">Naver</a>"
610084,메리츠 미국채30년 스트립 ETN(H),,,,,,corp_code not found,"<a href=""https://m.stock.naver.com/domestic/stock/610084/total"" target=""_blank"">Naver</a>"
610058,메리츠 인버스 3X 국채5년 ETN,,,,,,corp_code not found,"<a href=""https://m.stock.naver.com/domestic/stock/610058/total"" target=""_blank"">Naver</a>"
610073,메리츠 KAP 인버스 2X 중국 위안화 ETN,,,,,,corp_code not found,"<a href=""https://m.stock.naver.com/domestic/stock/610073/total"" target=""_blank"">Naver</a>"
570060,한투 인버스 2X 금 선물 ETN,,,,,,corp_code not found,"<a href=""https://m.stock.naver.com/domestic/stock/570060/total"" target=""_blank"">Naver</a>"
530092,삼성 인버스 코스피 200 선물 ETN,,,,,,corp_code not found,"<a href=""https://m.stock.naver.com/domestic/stock/530092/total"" target=""_blank"">Naver</a>"
580055,KB 블룸버그 레버리지 천연가스 선물 ETN,,,,,,corp_code not found,"<a href=""https://m.stock.naver.com/domestic/stock/580055/total"" target=""_blank"">Naver</a>"
570101,한투 인버스 나스닥100 ETN B,,,,,,corp_code not found,"<a href=""https://m.stock.naver.com/domestic/stock/570101/total"" target=""_blank"">Naver</a>"
570058,한투 인버스 은 선물 ETN,,,,,,corp_code not found,"<a href=""https://m.stock.naver.com/domestic/stock/570058/total"" target=""_blank"">Naver</a>"
700011,하나 레버리지 옥수수 선물 ETN(H),,,,,,corp_code not found,"<a href=""https://m.stock.naver.com/domestic/stock/700011/total"" target=""_blank"">Naver</a>"
580062,KB 레버리지 미국채 30년 ETN,,,,,,corp_code not found,"<a href=""https://m.stock.naver.com/domestic/stock/580062/total"" target=""_blank"">Naver</a>"
004985,성신양회우,,,,,,corp_code not found,"<a href=""https://m.stock.naver.com/domestic/stock/004985/total"" target=""_blank"">Naver</a>"
001515,SK증권우,,,,,,corp_code not found,"<a href=""https://m.stock.naver.com/domestic/stock/001515/total"" target=""_blank"">Naver</a>"
570097,한투 S&P 엔달러 선물 ETN(H),,,,,,corp_code not found,"<a href=""https://m.stock.naver.com/domestic/stock/570097/total"" target=""_blank"">Naver</a>"
001755,한양증권우,,,,,,corp_code not found,"<a href=""https://m.stock.naver.com/domestic/stock/001755/total"" target=""_blank"">Naver</a>"
530060,삼성 코스피 양매도 5% OTM ETN,,,,,,corp_code not found,"<a href=""https://m.stock.naver.com/domestic/stock/530060/total"" target=""_blank"">Naver</a>"
570056,한투 인버스 금 선물 ETN,,,,,,corp_code not found,"<a href=""https://m.stock.naver.com/domestic/stock/570056/total"" target=""_blank"">Naver</a>"
500036,신한 인버스 2X 미국달러 선물 ETN,,,,,,corp_code not found,"<a href=""https://m.stock.naver.com/domestic/stock/500036/total"" target=""_blank"">Naver</a>"
610060,메리츠 인버스 3X 국채10년 ETN,,,,,,corp_code not found,"<a href=""https://m.stock.naver.com/domestic/stock/610060/total"" target=""_blank"">Naver</a>"
570111,한투 3X레버리지미국채30년 ETN,,,,,,corp_code not found,"<a href=""https://m.stock.naver.com/domestic/stock/570111/total"" target=""_blank"">Naver</a>"
570109,한투 레버리지미국채30년 ETN,,,,,,corp_code not found,"<a href=""https://m.stock.naver.com/domestic/stock/570109/total"" target=""_blank"">Naver</a>"
570095,한투 레버리지 일본 엔선물 ETN C,,,,,,corp_code not found,"<a href=""https://m.stock.naver.com/domestic/stock/570095/total"" target=""_blank"">Naver</a>"
580035,KB S&P 유럽탄소배출권 선물 ETN(H),,,,,,corp_code not found,"<a href=""https://m.stock.naver.com/domestic/stock/580035/total"" target=""_blank"">Naver</a>"
530062,삼성 인버스 2X 은 선물 ETN(H),,,,,,corp_code not found,"<a href=""https://m.stock.naver.com/domestic/stock/530062/total"" target=""_blank"">Naver</a>"
530094,삼성 인버스 코스닥 150 선물 ETN,,,,,,corp_code not found,"<a href=""https://m.stock.naver.com/domestic/stock/530094/total"" target=""_blank"">Naver</a>"
500067,신한 레버리지 10년 국채선물 ETN,,,,,,corp_code not found,"<a href=""https://m.stock.naver.com/domestic/stock/500067/total"" target=""_blank"">Naver</a>"
610034,메리츠 대표 농산물 선물 ETN(H),,,,,,corp_code not found,"<a href=""https://m.stock.naver.com/domestic/stock/610034/total"" target=""_blank"">Naver</a>"
550043,N2 인버스 레버리지 WTI원유 선물 ETN(H),,,,,,corp_code not found,"<a href=""https://m.stock.naver.com/domestic/stock/550043/total"" target=""_blank"">Naver</a>"
500070,신한 인버스 2X 코스피 200 선물 ETN,,,,,,corp_code not found,"<a href=""https://m.stock.naver.com/domestic/stock/500070/total"" target=""_blank"">Naver</a>"
570064,한투 인버스 베트남 VN30 선물 ETN(H),,,,,,corp_code not found,"<a href=""https://m.stock.naver.com/domestic/stock/570064/total"" target=""_blank"">Naver</a>"
570091,한투 인버스 유로스탁스50 ETN(H) C,,,,,,corp_code not found,"<a href=""https://m.stock.naver.com/domestic/stock/570091/total"" target=""_blank"">Naver</a>"
000325,노루홀딩스우,,,,,,corp_code not found,"<a href=""https://m.stock.naver.com/domestic/stock/000325/total"" target=""_blank"">Naver</a>"
26490K,크라운제과우,,,,,,corp_code not found,"<a href=""https://m.stock.naver.com/domestic/stock/26490K/total"" target=""_blank"">Naver</a>"
610033,메리츠 STAR 50 ETN,,,,,,corp_code not found,"<a href=""https://m.stock.naver.com/domestic/stock/610033/total"" target=""_blank"">Naver</a>"
760014,키움 바이오TOP10 ETN,,,,,,corp_code not found,"<a href=""https://m.stock.naver.com/domestic/stock/760014/total"" target=""_blank"">Naver</a>"
610013,메리츠 인버스 2X 금 선물 ETN(H),,,,,,corp_code not found,"<a href=""https://m.stock.naver.com/domestic/stock/610013/total"" target=""_blank"">Naver</a>"
760021,키움 코스피200 선물 달러노출 ETN,,,,,,corp_code not found,"<a href=""https://m.stock.naver.com/domestic/stock/760021/total"" target=""_blank"">Naver</a>"
570070,한투 인버스 2X 플래티넘 선물 ETN,,,,,,corp_code not found,"<a href=""https://m.stock.naver.com/domestic/stock/570070/total"" target=""_blank"">Naver</a>"
510043,대신 인버스 천연가스 선물 ETN(H) B,,,,,,corp_code not found,"<a href=""https://m.stock.naver.com/domestic/stock/510043/total"" target=""_blank"">Naver</a>"
570098,한투 S&P 레버리지 엔달러 선물 ETN(H),,,,,,corp_code not found,"<a href=""https://m.stock.naver.com/domestic/stock/570098/total"" target=""_blank"">Naver</a>"
550063,N2 인버스 레버리지 금 선물 ETN(H),,,,,,corp_code not found,"<a href=""https://m.stock.naver.com/domestic/stock/550063/total"" target=""_blank"">Naver</a>"
500068,신한 인버스 2X 10년 국채선물 ETN,,,,,,corp_code not found,"<a href=""https://m.stock.naver.com/domestic/stock/500068/total"" target=""_blank"">Naver</a>"
580032,KB 레버리지 구리 선물 ETN(H),,,,,,corp_code not found,"<a href=""https://m.stock.naver.com/domestic/stock/580032/total"" target=""_blank"">Naver</a>"
36328K,티와이홀딩스우,,,,,,corp_code not found,"<a href=""https://m.stock.naver.com/domestic/stock/36328K/total"" target=""_blank"">Naver</a>"
530084,삼성 인버스 금 선물 ETN(H),,,,,,corp_code not found,"<a href=""https://m.stock.naver.com/domestic/stock/530084/total"" target=""_blank"">Naver</a>"
520069,미래에셋 -2X 홍콩H 선물 ETN(H),,,,,,corp_code not found,"<a href=""https://m.stock.naver.com/domestic/stock/520069/total"" target=""_blank"">Naver</a>"
760012,키움 반도체TOP10 ETN,,,,,,corp_code not found,"<a href=""https://m.stock.naver.com/domestic/stock/760012/total"" target=""_blank"">Naver</a>"
000545,흥국화재우,,,,,,corp_code not found,"<a href=""https://m.stock.naver.com/domestic/stock/000545/total"" target=""_blank"">Naver</a>"
530090,삼성 인버스 은 선물 ETN(H),,,,,,corp_code not found,"<a href=""https://m.stock.naver.com/domestic/stock/530090/total"" target=""_blank"">Naver</a>"
45226K,한화갤러리아우,,,,,,corp_code not found,"<a href=""https://m.stock.naver.com/domestic/stock/45226K/total"" target=""_blank"">Naver</a>"
570062,한투 인버스 2X 은 선물 ETN,,,,,,corp_code not found,"<a href=""https://m.stock.naver.com/domestic/stock/570062/total"" target=""_blank"">Naver</a>"
090355,노루페인트우,,,,,,corp_code not found,"<a href=""https://m.stock.naver.com/domestic/stock/090355/total"" target=""_blank"">Naver</a>"
610023,메리츠 레버리지 미국채10년 ETN(H),,,,,,corp_code not found,"<a href=""https://m.stock.naver.com/domestic/stock/610023/total"" target=""_blank"">Naver</a>"
007575,일양약품우,,,,,,corp_code not found,"<a href=""https://m.stock.naver.com/domestic/stock/007575/total"" target=""_blank"">Naver</a>"
580053,KB 레버리지 콩 선물 ETN,,,,,,corp_code not found,"<a href=""https://m.stock.naver.com/domestic/stock/580053/total"" target=""_blank"">Naver</a>"
000145,하이트진로홀딩스우,,,,,,corp_code not found,"<a href=""https://m.stock.naver.com/domestic/stock/000145/total"" target=""_blank"">Naver</a>"
580033,KB 인버스 2X 구리 선물 ETN(H),,,,,,corp_code not found,"<a href=""https://m.stock.naver.com/domestic/stock/580033/total"" target=""_blank"">Naver</a>"
530122,삼성 인버스 2X 항셍테크 ETN(H) B,,,,,,corp_code not found,"<a href=""https://m.stock.naver.com/domestic/stock/530122/total"" target=""_blank"">Naver</a>"
610062,메리츠 인버스 3X 국채30년 ETN,,,,,,corp_code not found,"<a href=""https://m.stock.naver.com/domestic/stock/610062/total"" target=""_blank"">Naver</a>"
700018,하나 인버스 2X 코스닥150 선물 ETN,,,,,,corp_code not found,"<a href=""https://m.stock.naver.com/domestic/stock/700018/total"" target=""_blank"">Naver</a>"
610017,메리츠 인버스 2X 은 선물 ETN(H),,,,,,corp_code not found,"<a href=""https://m.stock.naver.com/domestic/stock/610017/total"" target=""_blank"">Naver</a>"
550065,N2 인버스 레버리지 은 선물 ETN(H),,,,,,corp_code not found,"<a href=""https://m.stock.naver.com/domestic/stock/550065/total"" target=""_blank"">Naver</a>"
005745,크라운해태홀딩스우,,,,,,corp_code not found,"<a href=""https://m.stock.naver.com/domestic/stock/005745/total"" target=""_blank"">Naver</a>"
500057,신한 인버스 2X Russell 2000 ETN,,,,,,corp_code not found,"<a href=""https://m.stock.naver.com/domestic/stock/500057/total"" target=""_blank"">Naver</a>"
610043,메리츠 천연가스 선물 ETN(H),,,,,,corp_code not found,"<a href=""https://m.stock.naver.com/domestic/stock/610043/total"" target=""_blank"">Naver</a>"
580017,KB 인버스 2X S&P 500 선물 ETN,,,,,,corp_code not found,"<a href=""https://m.stock.naver.com/domestic/stock/580017/total"" target=""_blank"">Naver</a>"
760010,키움 2차전지산업 ETN,,,,,,corp_code not found,"<a href=""https://m.stock.naver.com/domestic/stock/760010/total"" target=""_blank"">Naver</a>"
570023,한투 인버스 2X S&P500 선물 ETN(H),,,,,,corp_code not found,"<a href=""https://m.stock.naver.com/domestic/stock/570023/total"" target=""_blank"">Naver</a>"
014825,동원시스템즈우,,,,,,corp_code not found,"<a href=""https://m.stock.naver.com/domestic/stock/014825/total"" target=""_blank"">Naver</a>"
00781K,코리아써키트2우B,,,,,,corp_code not found,"<a href=""https://m.stock.naver.com/domestic/stock/00781K/total"" target=""_blank"">Naver</a>"
004545,깨끗한나라우,,,,,,corp_code not found,"<a href=""https://m.stock.naver.com/domestic/stock/004545/total"" target=""_blank"">Naver</a>"
005965,동부건설우,,,,,,corp_code not found,"<a href=""https://m.stock.naver.com/domestic/stock/005965/total"" target=""_blank"">Naver</a>"
012205,계양전기우,,,,,,corp_code not found,"<a href=""https://m.stock.naver.com/domestic/stock/012205/total"" target=""_blank"">Naver</a>"
014285,금강공업우,,,,,,corp_code not found,"<a href=""https://m.stock.naver.com/domestic/stock/014285/total"" target=""_blank"">Naver</a>"
760011,키움 레버리지 2차전지산업 ETN,,,,,,corp_code not found,"<a href=""https://m.stock.naver.com/domestic/stock/760011/total"" target=""_blank"">Naver</a>"
008355,남선알미우,,,,,,corp_code not found,"<a href=""https://m.stock.naver.com/domestic/stock/008355/total"" target=""_blank"">Naver</a>"
580040,KB 인버스 2X KOSPI 200 선물 ETN,,,,,,corp_code not found,"<a href=""https://m.stock.naver.com/domestic/stock/580040/total"" target=""_blank"">Naver</a>"
580023,KB 인버스 2X 금 선물 ETN(H),,,,,,corp_code not found,"<a href=""https://m.stock.naver.com/domestic/stock/580023/total"" target=""_blank"">Naver</a>"
520011,미래에셋 인버스 원유선물혼합 ETN(H),,,,,,corp_code not found,"<a href=""https://m.stock.naver.com/domestic/stock/520011/total"" target=""_blank"">Naver</a>"
009415,태영건설우,,,,,,corp_code not found,"<a href=""https://m.stock.naver.com/domestic/stock/009415/total"" target=""_blank"">Naver</a>"
011155,CJ씨푸드1우,,,,,,corp_code not found,"<a href=""https://m.stock.naver.com/domestic/stock/011155/total"" target=""_blank"">Naver</a>"
002995,금호건설우,,,,,,corp_code not found,"<a href=""https://m.stock.naver.com/domestic/stock/002995/total"" target=""_blank"">Naver</a>"
000227,유유제약2우B,,,,,,corp_code not found,"<a href=""https://m.stock.naver.com/domestic/stock/000227/total"" target=""_blank"">Naver</a>"
500051,신한 인버스 2X S&P500 선물 ETN,,,,,,corp_code not found,"<a href=""https://m.stock.naver.com/domestic/stock/500051/total"" target=""_blank"">Naver</a>"
700025,하나 블룸버그 2X 천연가스 선물 ETN(H) B,,,,,,corp_code not found,"<a href=""https://m.stock.naver.com/domestic/stock/700025/total"" target=""_blank"">Naver</a>"
500030,신한 인버스 2X 은 선물 ETN(H),,,,,,corp_code not found,"<a href=""https://m.stock.naver.com/domestic/stock/500030/total"" target=""_blank"">Naver</a>"
002785,진흥기업우B,,,,,,corp_code not found,"<a href=""https://m.stock.naver.com/domestic/stock/002785/total"" target=""_blank"">Naver</a>"
004415,서울식품우,,,,,,corp_code not found,"<a href=""https://m.stock.naver.com/domestic/stock/004415/total"" target=""_blank"">Naver</a>"
580027,KB 인버스 2X 은 선물 ETN(H),,,,,,corp_code not found,"<a href=""https://m.stock.naver.com/domestic/stock/580027/total"" target=""_blank"">Naver</a>"
001527,동양2우B,,,,,,corp_code not found,"<a href=""https://m.stock.naver.com/domestic/stock/001527/total"" target=""_blank"">Naver</a>"
001525,동양우,,,,,,corp_code not found,"<a href=""https://m.stock.naver.com/domestic/stock/001525/total"" target=""_blank"">Naver</a>"
014915,성문전자우,,,,,,corp_code not found,"<a href=""https://m.stock.naver.com/domestic/stock/014915/total"" target=""_blank"">Naver</a>"
002787,진흥기업2우B,,,,,,corp_code not found,"<a href=""https://m.stock.naver.com/domestic/stock/002787/total"" target=""_blank"">Naver</a>"
500038,신한 인버스 2X 금 선물 ETN,,,,,,corp_code not found,"<a href=""https://m.stock.naver.com/domestic/stock/500038/total"" target=""_blank"">Naver</a>"
550045,N2 인버스 레버리지 S&P500 ETN,,,,,,corp_code not found,"<a href=""https://m.stock.naver.com/domestic/stock/550045/total"" target=""_blank"">Naver</a>"
