Symbol,Name,Error,TotalScore,Growth,Profitability,Stability,Momentum,Price,MarketCap,EPS,PreviousEPS,LatestQuarterEPS,PreviousQuarterEPS,SameQuarterLastYearEPS,EPS_Growth,PreviousQuarterEPSGrowth,SameQuarterLastYearEPSGrowth,LatestBPS,PER,PBR,ROE,PEG,Raw_Adjusted_Growth,Adjusted_EPS_Growth,Raw_PEG,Adjusted_PEG,EPS_Base_Flag,Links
278470,에이피알,,80.00208333333333,78.73333333333333,80.85000000000001,90.03333333333335,70.39166666666667,404000.0,151250.0,9535.0,3565.0,3132.0,2638.0,1334.0,167.46143057503505,18.72630780894617,134.7826086956522,13531.0,42.37021499737808,29.8573645702461,70.46781464784569,0.2530147679491673,167.46143057503505,167.46143057503505,0.2530147679491673,0.2530147679491673,Report EPS/BPS,"<a href=""https://m.stock.naver.com/domestic/stock/278470/total"" target=""_blank"">Naver Mobile</a>"
003230,삼양식품,,78.43958333333333,75.75833333333334,74.25833333333334,83.85000000000001,79.89166666666667,1444000.0,108777.0,57735.0,40436.0,19198.0,12689.0,13160.0,42.78118508259966,51.29639845535503,45.88145896656535,186580.0,25.010825322594613,7.739307535641548,30.943831064422767,0.5846220780070731,42.78118508259966,42.78118508259966,0.5846220780070731,0.5846220780070731,Report EPS/BPS,"<a href=""https://m.stock.naver.com/domestic/stock/003230/total"" target=""_blank"">Naver Mobile</a>"
003350,한국화장품제조,,76.37291666666665,72.14999999999999,72.05833333333334,89.39166666666667,71.89166666666667,10290.0,2332.0,1309.0,1069.0,332.0,182.0,231.0,22.45088868101029,82.41758241758241,43.722943722943725,4906.0,7.86096256684492,2.097431716265797,26.681614349775785,0.3501403743315508,22.45088868101029,22.45088868101029,0.3501403743315508,0.3501403743315508,Report EPS/BPS,"<a href=""https://m.stock.naver.com/domestic/stock/003350/total"" target=""_blank"">Naver Mobile</a>"
439260,대한조선,,75.80624999999999,50.0,80.7,84.575,87.95,69400.0,26737.0,8466.0,,2009.0,2043.0,,,-1.6642192853646598,,29442.0,8.197495865816206,2.357176822226751,28.754840024454857,,,,,,Report EPS/BPS,"<a href=""https://m.stock.naver.com/domestic/stock/439260/total"" target=""_blank"">Naver Mobile</a>"
483650,달바글로벌,,74.98571428571428,63.5,77.32857142857142,90.58571428571429,68.52857142857142,236500.0,29377.0,7296.0,,2925.0,1649.0,1992.0,,77.38023044269255,46.83734939759036,18666.0,32.41502192982456,12.670095360548592,39.08711025393764,,,,,,Report EPS/BPS,"<a href=""https://m.stock.naver.com/domestic/stock/483650/total"" target=""_blank"">Naver Mobile</a>"
002960,한국쉘석유,,74.79166666666666,49.916666666666664,76.65833333333333,94.89999999999999,77.69166666666666,580000.0,7540.0,38435.0,29500.0,10807.0,9322.0,9470.0,30.28813559322034,15.930057927483373,14.118268215417107,84777.0,15.090412384545337,6.841478231124007,45.33658893331918,0.4982285006648992,30.28813559322034,30.28813559322034,0.4982285006648992,0.4982285006648992,Report EPS/BPS,"<a href=""https://m.stock.naver.com/domestic/stock/002960/total"" target=""_blank"">Naver Mobile</a>"
271560,오리온,,74.67954545454546,48.791666666666664,73.51666666666667,97.29166666666667,79.11818181818181,141000.0,55746.0,10190.0,13533.0,3149.0,2678.0,2639.0,-24.70257888125323,17.58775205377147,19.32550208412277,101410.0,13.837095191364082,1.3903954245143477,10.048318706241988,,-24.70257888125323,-24.70257888125323,,,Report EPS/BPS,"<a href=""https://m.stock.naver.com/domestic/stock/271560/total"" target=""_blank"">Naver Mobile</a>"
005430,한국공항,,74.67916666666666,62.416666666666664,54.90833333333333,94.38333333333333,87.00833333333333,68800.0,2178.0,14215.0,12328.0,5025.0,2542.0,3615.0,15.306619078520441,97.67899291896146,39.004149377593365,131873.0,4.839957791065776,0.5217140733887907,10.779310397124506,0.31620031610100097,15.306619078520441,15.306619078520441,0.31620031610100097,0.31620031610100097,Report EPS/BPS,"<a href=""https://m.stock.naver.com/domestic/stock/005430/total"" target=""_blank"">Naver Mobile</a>"
030190,NICE평가정보,,74.38958333333332,51.30833333333334,74.27499999999999,94.63333333333333,77.34166666666667,14880.0,8766.0,1414.0,1315.0,427.0,230.0,323.0,7.52851711026616,85.65217391304348,32.19814241486068,7901.0,10.523338048090523,1.8833059106442223,17.89646880141754,1.3977969225493978,7.52851711026616,7.52851711026616,1.3977969225493978,1.3977969225493978,Report EPS/BPS,"<a href=""https://m.stock.naver.com/domestic/stock/030190/total"" target=""_blank"">Naver Mobile</a>"
114090,GKL,,74.27291666666667,58.35,65.26666666666667,85.65833333333335,87.81666666666666,12610.0,7800.0,744.0,630.0,244.0,-11.0,260.0,18.095238095238095,2318.1818181818185,-6.153846153846154,7023.0,16.948924731182796,1.7955289762209883,10.593763348996156,0.9366511035653651,18.095238095238095,18.095238095238095,0.9366511035653651,0.9366511035653651,Report EPS/BPS,"<a href=""https://m.stock.naver.com/domestic/stock/114090/total"" target=""_blank"">Naver Mobile</a>"
035250,강원랜드,,74.12083333333334,49.93333333333334,74.06666666666666,90.825,81.65833333333333,16300.0,34872.0,1324.0,2050.0,185.0,316.0,349.0,-35.41463414634146,-41.45569620253164,-46.99140401146132,17675.0,12.311178247734139,0.9222065063649222,7.49080622347949,,-35.41463414634146,-35.41463414634146,,,Report EPS/BPS,"<a href=""https://m.stock.naver.com/domestic/stock/035250/total"" target=""_blank"">Naver Mobile</a>"
100840,SNT에너지,,73.35416666666666,71.65833333333333,61.78333333333333,82.52499999999999,77.45,46100.0,9534.0,4959.0,1677.0,1285.0,1942.0,405.0,195.7066189624329,-33.83110195674563,217.28395061728395,18739.0,9.296229078443234,2.4601099311596135,26.46352526815732,0.04750084145200885,195.7066189624329,195.7066189624329,0.04750084145200885,0.04750084145200885,Report EPS/BPS,"<a href=""https://m.stock.naver.com/domestic/stock/100840/total"" target=""_blank"">Naver Mobile</a>"
012750,에스원,,73.0125,46.39166666666667,58.775,95.925,90.95833333333333,75100.0,28537.0,4161.0,4687.0,567.0,952.0,1106.0,-11.222530403243013,-40.44117647058824,-48.734177215189874,44005.0,18.048546022590724,1.7066242472446314,9.455743665492559,,-11.222530403243013,-11.222530403243013,,,Report EPS/BPS,"<a href=""https://m.stock.naver.com/domestic/stock/012750/total"" target=""_blank"">Naver Mobile</a>"
134380,미원화학,,73.01041666666666,52.050000000000004,67.19166666666666,93.58333333333333,79.21666666666667,12400.0,2727.0,1246.0,1150.0,387.0,226.0,265.0,8.347826086956523,71.23893805309734,46.0377358490566,8008.0,9.951845906902086,1.5484515484515484,15.55944055944056,1.1921482075976455,8.347826086956523,8.347826086956523,1.1921482075976455,1.1921482075976455,Report EPS/BPS,"<a href=""https://m.stock.naver.com/domestic/stock/134380/total"" target=""_blank"">Naver Mobile</a>"
064350,현대로템,,72.925,71.8,68.63333333333334,74.83333333333333,76.43333333333334,201500.0,219922.0,7449.0,4663.0,1845.0,2038.0,1451.0,59.74694402745014,-9.470068694798822,27.15368711233632,29159.0,27.050610820244327,6.910387873383861,25.546143557735174,0.4527530447049508,59.74694402745014,59.74694402745014,0.4527530447049508,0.4527530447049508,Report EPS/BPS,"<a href=""https://m.stock.naver.com/domestic/stock/064350/total"" target=""_blank"">Naver Mobile</a>"
443060,HD현대마린솔루션,,72.88125,44.15,79.8625,88.9125,78.6,215500.0,96616.0,6789.0,6496.0,2189.0,1639.0,1412.0,4.510467980295566,33.557046979865774,55.02832861189801,18893.0,31.742524672263958,11.406340972847087,35.93394378870481,7.037523558738113,4.510467980295566,4.510467980295566,7.037523558738113,7.037523558738113,Report EPS/BPS,"<a href=""https://m.stock.naver.com/domestic/stock/443060/total"" target=""_blank"">Naver Mobile</a>"
062040,산일전기,,72.51071428571429,54.9,82.52857142857144,94.72857142857143,57.885714285714286,268500.0,82204.0,5343.0,,1499.0,1404.0,1021.0,,6.766381766381767,46.81684622918707,19429.0,50.25266704098821,13.819548098203716,27.5001286736322,,,,,,Report EPS/BPS,"<a href=""https://m.stock.naver.com/domestic/stock/062040/total"" target=""_blank"">Naver Mobile</a>"
192080,더블유게임즈,,72.36736111111111,53.275,77.75,95.0,63.44444444444444,59100.0,12514.0,7252.0,8232.0,2669.0,1537.0,1617.0,-11.904761904761903,73.64996746909564,65.0587507730365,83853.0,8.149476006618864,0.704804837036242,8.648468152600385,,-11.904761904761903,-11.904761904761903,,,Report EPS/BPS,"<a href=""https://m.stock.naver.com/domestic/stock/192080/total"" target=""_blank"">Naver Mobile</a>"
000270,기아,,71.95625,51.35833333333333,65.11666666666666,87.13333333333333,84.21666666666667,168000.0,655894.0,17928.0,23969.0,4691.0,3776.0,6129.0,-25.203387709124286,24.23199152542373,-23.46222874857236,157879.0,9.370816599732262,1.0641060559035718,11.355531767999544,,-25.203387709124286,-25.203387709124286,,,Report EPS/BPS,"<a href=""https://m.stock.naver.com/domestic/stock/000270/total"" target=""_blank"">Naver Mobile</a>"
227840,현대코퍼레이션홀딩스,,71.55,54.65,65.425,94.06666666666666,72.05833333333334,13000.0,1183.0,3960.0,4517.0,1017.0,1112.0,1085.0,-12.331193269869383,-8.543165467625899,-6.267281105990784,37439.0,3.282828282828283,0.3472314965677502,10.577205587756083,,-12.331193269869383,-12.331193269869383,,,Report EPS/BPS,"<a href=""https://m.stock.naver.com/domestic/stock/227840/total"" target=""_blank"">Naver Mobile</a>"
071970,HD현대마린엔진,,71.48333333333333,78.325,75.74166666666666,75.60833333333333,56.25833333333333,79200.0,26866.0,5288.0,2445.0,830.0,3304.0,409.0,116.27811860940696,-74.87893462469734,102.93398533007334,14731.0,14.97730711043873,5.376417079627996,35.89708777408187,0.12880589477672422,116.27811860940696,116.27811860940696,0.12880589477672422,0.12880589477672422,Report EPS/BPS,"<a href=""https://m.stock.naver.com/domestic/stock/071970/total"" target=""_blank"">Naver Mobile</a>"
009680,모토닉,,71.14583333333333,51.5,59.208333333333336,97.23333333333333,76.64166666666667,10590.0,2302.0,1175.0,1488.0,264.0,337.0,332.0,-21.03494623655914,-21.66172106824926,-20.481927710843372,21705.0,9.012765957446808,0.4879060124395301,5.413499193734163,,-21.03494623655914,-21.03494623655914,,,Report EPS/BPS,"<a href=""https://m.stock.naver.com/domestic/stock/009680/total"" target=""_blank"">Naver Mobile</a>"
005850,에스엘,,70.71666666666667,54.458333333333336,60.333333333333336,90.25,77.825,71900.0,33396.0,7387.0,7575.0,2847.0,1579.0,2151.0,-2.4818481848184817,80.30398986700443,32.357043235704325,57880.0,9.733315283606336,1.2422252937111264,12.762612301313062,,-2.4818481848184817,-2.4818481848184817,,,Report EPS/BPS,"<a href=""https://m.stock.naver.com/domestic/stock/005850/total"" target=""_blank"">Naver Mobile</a>"
014440,영보화학,,70.67083333333333,60.525,64.825,97.16666666666667,60.166666666666664,4720.0,944.0,821.0,996.0,157.0,311.0,177.0,-17.570281124497992,-49.51768488745981,-11.299435028248588,9544.0,5.749086479902558,0.4945515507124895,8.602263202011736,,-17.570281124497992,-17.570281124497992,,,Report EPS/BPS,"<a href=""https://m.stock.naver.com/domestic/stock/014440/total"" target=""_blank"">Naver Mobile</a>"
012510,더존비즈온,,70.61458333333333,61.5,76.01666666666667,68.58333333333333,76.35833333333333,120000.0,36474.0,3381.0,1832.0,765.0,1293.0,421.0,84.5524017467249,-40.835266821345705,81.71021377672209,20752.0,35.4924578527063,5.782575173477255,16.292405551272164,0.4197687720216781,84.5524017467249,84.5524017467249,0.4197687720216781,0.4197687720216781,Report EPS/BPS,"<a href=""https://m.stock.naver.com/domestic/stock/012510/total"" target=""_blank"">Naver Mobile</a>"
000990,DB하이텍,,70.49166666666667,38.11666666666667,75.375,92.90833333333335,75.56666666666666,163500.0,71130.0,6833.0,5324.0,2007.0,1383.0,1060.0,28.343350864012024,45.119305856832966,89.33962264150944,54344.0,23.927996487633543,3.0086118062711615,12.573605181804798,0.8442190410878792,28.343350864012024,28.343350864012024,0.8442190410878792,0.8442190410878792,Report EPS/BPS,"<a href=""https://m.stock.naver.com/domestic/stock/000990/total"" target=""_blank"">Naver Mobile</a>"
001800,오리온홀딩스,,70.35208333333333,49.75,57.93333333333334,96.69166666666666,77.03333333333333,28300.0,17729.0,2149.0,2435.0,825.0,463.0,607.0,-11.745379876796715,78.18574514038878,35.914332784184516,83811.0,13.168915774778966,0.3376645070456145,2.564102564102564,,-11.745379876796715,-11.745379876796715,,,Report EPS/BPS,"<a href=""https://m.stock.naver.com/domestic/stock/001800/total"" target=""_blank"">Naver Mobile</a>"
126720,수산인더스트리,,70.26628787878788,39.38181818181818,66.54166666666667,94.96666666666665,80.175,30200.0,4314.0,4371.0,2746.0,1606.0,1496.0,658.0,59.17698470502549,7.352941176470589,144.07294832826747,39540.0,6.909174102036148,0.7637835103692463,11.0546282245827,0.11675441282579238,59.17698470502549,59.17698470502549,0.11675441282579238,0.11675441282579238,Report EPS/BPS,"<a href=""https://m.stock.naver.com/domestic/stock/126720/total"" target=""_blank"">Naver Mobile</a>"
003780,진양산업,,70.24791666666667,48.725,66.08333333333333,83.76666666666667,82.41666666666667,5490.0,714.0,523.0,773.0,113.0,79.0,124.0,-32.341526520051744,43.037974683544306,-8.870967741935484,4995.0,10.497131931166347,1.0990990990990992,10.47047047047047,,-32.341526520051744,-32.341526520051744,,,Report EPS/BPS,"<a href=""https://m.stock.naver.com/domestic/stock/003780/total"" target=""_blank"">Naver Mobile</a>"
281820,케이씨텍,,70.16875,51.833333333333336,66.84166666666667,97.45,64.55,71300.0,14116.0,3899.0,2463.0,1597.0,988.0,395.0,58.3028826634186,61.63967611336032,304.3037974683544,27941.0,18.286740189792255,2.5518055903510968,13.954403922551089,0.3136507039516596,58.3028826634186,58.3028826634186,0.3136507039516596,0.3136507039516596,Report EPS/BPS,"<a href=""https://m.stock.naver.com/domestic/stock/281820/total"" target=""_blank"">Naver Mobile</a>"
004490,세방전지,,69.99374999999999,58.44166666666666,58.5,89.825,73.20833333333333,61500.0,8524.0,9397.0,12597.0,2644.0,2892.0,3425.0,-25.402873700087326,-8.575380359612724,-22.802919708029197,120764.0,6.544641906991593,0.5092577258123282,7.781292438143818,,-25.402873700087326,-25.402873700087326,,,Report EPS/BPS,"<a href=""https://m.stock.naver.com/domestic/stock/004490/total"" target=""_blank"">Naver Mobile</a>"
453340,현대그린푸드,,69.90416666666667,56.56666666666667,50.583333333333336,90.64166666666667,81.825,18380.0,5974.0,3002.0,2326.0,1113.0,12.0,794.0,29.062768701633708,9175.0,40.17632241813602,23154.0,6.122584943371086,0.7938153234862226,12.965362356396303,0.2106676416905495,29.062768701633708,29.062768701633708,0.2106676416905495,0.2106676416905495,Report EPS/BPS,"<a href=""https://m.stock.naver.com/domestic/stock/453340/total"" target=""_blank"">Naver Mobile</a>"
022100,포스코DX,,69.82083333333334,44.916666666666664,58.449999999999996,89.74166666666667,86.175,33700.0,51236.0,228.0,553.0,26.0,-7.0,142.0,-58.77034358047016,471.42857142857144,-81.69014084507043,3686.0,147.80701754385964,9.14270211611503,6.185567010309279,,-58.77034358047016,-58.77034358047016,,,Report EPS/BPS,"<a href=""https://m.stock.naver.com/domestic/stock/022100/total"" target=""_blank"">Naver Mobile</a>"
026960,동서,,69.66875,43.59166666666667,72.70833333333333,99.51666666666667,62.85833333333333,25350.0,25274.0,1446.0,1490.0,433.0,268.0,440.0,-2.953020134228188,61.56716417910447,-1.5909090909090908,16999.0,17.53112033195021,1.4912641920112948,8.506382728395788,,-2.953020134228188,-2.953020134228188,,,Report EPS/BPS,"<a href=""https://m.stock.naver.com/domestic/stock/026960/total"" target=""_blank"">Naver Mobile</a>"
086280,현대글로비스,,69.57859848484848,47.75,57.31666666666666,86.675,86.57272727272726,242000.0,181500.0,22348.0,15834.0,4537.0,5876.0,5306.0,41.13932044966528,-22.787610619469024,-14.49302676215605,139032.0,10.828709504206193,1.740606479083952,16.073997353127336,0.2632204272176863,41.13932044966528,41.13932044966528,0.2632204272176863,0.2632204272176863,Report EPS/BPS,"<a href=""https://m.stock.naver.com/domestic/stock/086280/total"" target=""_blank"">Naver Mobile</a>"
035510,신세계 I&C,,69.5125,45.85,53.800000000000004,92.70833333333333,85.69166666666666,19660.0,2749.0,2089.0,2599.0,734.0,-387.0,672.0,-19.622931896883415,289.6640826873385,9.226190476190476,31180.0,9.411201531833413,0.6305323925593329,6.699807568954458,,-19.622931896883415,-19.622931896883415,,,Report EPS/BPS,"<a href=""https://m.stock.naver.com/domestic/stock/035510/total"" target=""_blank"">Naver Mobile</a>"
307950,현대오토에버,,69.4875,56.375,53.25833333333333,90.39166666666667,77.925,648000.0,177707.0,6593.0,6016.0,653.0,1931.0,714.0,9.591090425531915,-66.18332470222683,-8.543417366946779,67481.0,98.28606097376004,9.6027029830619,9.770157525822084,10.24764198991578,9.591090425531915,9.591090425531915,10.24764198991578,10.24764198991578,Report EPS/BPS,"<a href=""https://m.stock.naver.com/domestic/stock/307950/total"" target=""_blank"">Naver Mobile</a>"
192400,쿠쿠홀딩스,,69.35833333333333,48.59166666666667,67.08333333333333,94.34166666666665,67.41666666666667,27900.0,9922.0,4264.0,3872.0,1109.0,1523.0,939.0,10.12396694214876,-27.183191070256076,18.10436634717785,37125.0,6.543151969981238,0.7515151515151515,11.485521885521885,0.6463031741777386,10.12396694214876,10.12396694214876,0.6463031741777386,0.6463031741777386,Report EPS/BPS,"<a href=""https://m.stock.naver.com/domestic/stock/192400/total"" target=""_blank"">Naver Mobile</a>"
064400,LG씨엔에스,,69.31103896103896,44.771428571428565,62.86363636363637,87.06363636363636,82.54545454545455,86600.0,83903.0,4764.0,4222.0,831.0,1832.0,586.0,12.837517764092846,-54.63973799126638,41.80887372013652,30268.0,18.178001679261126,2.8611074402008723,15.73939474031981,1.4160059610671676,12.837517764092846,12.837517764092846,1.4160059610671676,1.4160059610671676,Report EPS/BPS,"<a href=""https://m.stock.naver.com/domestic/stock/064400/total"" target=""_blank"">Naver Mobile</a>"
244920,에이플러스에셋,,69.21875,64.08333333333333,46.63333333333333,83.53333333333333,82.625,10410.0,2353.0,1265.0,168.0,537.0,255.0,250.0,652.9761904761905,110.58823529411765,114.8,11790.0,8.229249011857707,0.8829516539440203,10.729431721798134,0.012602678523173151,652.9761904761905,652.9761904761905,0.012602678523173151,0.012602678523173151,Report EPS/BPS,"<a href=""https://m.stock.naver.com/domestic/stock/244920/total"" target=""_blank"">Naver Mobile</a>"
039130,하나투어,,69.17916666666666,65.83333333333333,71.73333333333333,65.325,73.825,39500.0,6119.0,2762.0,4645.0,1469.0,261.0,766.0,-40.53821313240043,462.8352490421456,91.77545691906005,10238.0,14.301230992034757,3.858175424887673,26.97792537605001,,-40.53821313240043,-40.53821313240043,,,Report EPS/BPS,"<a href=""https://m.stock.naver.com/domestic/stock/039130/total"" target=""_blank"">Naver Mobile</a>"
383220,F&F,,69.15208333333334,43.81666666666666,81.14166666666667,87.86666666666667,63.78333333333333,84200.0,32255.0,13393.0,9076.0,5157.0,4034.0,2167.0,47.565006610841785,27.83837382250868,137.978772496539,51715.0,6.2868662734264165,1.6281543072609495,25.897708595185147,0.1321741910994166,47.565006610841785,47.565006610841785,0.1321741910994166,0.1321741910994166,Report EPS/BPS,"<a href=""https://m.stock.naver.com/domestic/stock/383220/total"" target=""_blank"">Naver Mobile</a>"
037270,YG PLUS,,69.14791666666667,54.475,54.699999999999996,83.04166666666667,84.375,4490.0,2858.0,356.0,127.0,104.0,26.0,99.0,180.31496062992125,300.0,5.05050505050505,3123.0,12.612359550561798,1.4377201408901696,11.399295549151457,0.06994627349001523,180.31496062992125,180.31496062992125,0.06994627349001523,0.06994627349001523,Report EPS/BPS,"<a href=""https://m.stock.naver.com/domestic/stock/037270/total"" target=""_blank"">Naver Mobile</a>"
138490,코오롱ENP,,69.075,45.65,61.90833333333333,95.75,72.99166666666666,,,,,,,,,,,,,,,,,,,,Report EPS/BPS,"<a href=""https://m.stock.naver.com/domestic/stock/138490/total"" target=""_blank"">Naver Mobile</a>"
003650,미창석유,,68.86875,47.28333333333333,66.39999999999999,97.86666666666667,63.925000000000004,123400.0,2147.0,47533.0,22364.0,9739.0,11451.0,1792.0,112.54247898408155,-14.950659331062791,443.4709821428571,282511.0,2.596091136683988,0.4367971512613668,16.825185567995582,0.023067655520998334,112.54247898408155,112.54247898408155,0.023067655520998334,0.023067655520998334,Report EPS/BPS,"<a href=""https://m.stock.naver.com/domestic/stock/003650/total"" target=""_blank"">Naver Mobile</a>"
267260,HD현대일렉트릭,,68.85624999999999,71.66666666666667,78.53333333333333,72.15833333333333,53.06666666666666,1179000.0,424996.0,21821.0,15581.0,5772.0,6797.0,4274.0,40.048777357037416,-15.080182433426511,35.04913430042115,57796.0,54.03052105769672,20.399335594158764,37.755207972870096,1.3491178663461099,40.048777357037416,40.048777357037416,1.3491178663461099,1.3491178663461099,Report EPS/BPS,"<a href=""https://m.stock.naver.com/domestic/stock/267260/total"" target=""_blank"">Naver Mobile</a>"
009540,HD한국조선해양,,68.80625,76.10000000000001,56.10833333333333,60.725,82.29166666666667,416000.0,294416.0,35567.0,20895.0,11929.0,9654.0,7000.0,70.2177554438861,23.565361508183138,70.41428571428571,244677.0,11.696235274271094,1.7002006727236316,14.53630704970226,0.16657090788978632,70.2177554438861,70.2177554438861,0.16657090788978632,0.16657090788978632,Report EPS/BPS,"<a href=""https://m.stock.naver.com/domestic/stock/009540/total"" target=""_blank"">Naver Mobile</a>"
008930,한미사이언스,,68.7625,55.333333333333336,62.208333333333336,76.14999999999999,81.35833333333333,35000.0,23937.0,1989.0,771.0,624.0,472.0,366.0,157.97665369649806,32.20338983050847,70.49180327868852,14623.0,17.596782302664657,2.3934897079942554,13.601860083430212,0.11138849881243391,157.97665369649806,157.97665369649806,0.11138849881243391,0.11138849881243391,Report EPS/BPS,"<a href=""https://m.stock.naver.com/domestic/stock/008930/total"" target=""_blank"">Naver Mobile</a>"
025540,한국단자,,68.75833333333333,56.125,61.14166666666667,93.05,64.71666666666667,85400.0,8638.0,11287.0,13374.0,3488.0,2261.0,2681.0,-15.60490503962913,54.268022998673146,30.10070869078702,117324.0,7.566226632408966,0.7278988101326241,9.62036752923528,,-15.60490503962913,-15.60490503962913,,,Report EPS/BPS,"<a href=""https://m.stock.naver.com/domestic/stock/025540/total"" target=""_blank"">Naver Mobile</a>"
097520,엠씨넥스,,68.62083333333334,56.300000000000004,52.25,83.14166666666667,82.79166666666667,23500.0,4089.0,2648.0,3893.0,839.0,511.0,1153.0,-31.980477780631904,64.18786692759295,-27.23330442324371,22620.0,8.874622356495468,1.0389036251105217,11.706454465075154,,-31.980477780631904,-31.980477780631904,,,Report EPS/BPS,"<a href=""https://m.stock.naver.com/domestic/stock/097520/total"" target=""_blank"">Naver Mobile</a>"
005180,빙그레,,68.58541666666667,50.4,54.800000000000004,87.51666666666667,81.625,77500.0,7183.0,5933.0,10409.0,1188.0,-2768.0,1249.0,-43.001248919204535,142.91907514450867,-4.88390712570056,78547.0,13.062531602899039,0.9866704011610883,7.553439342049984,,-43.001248919204535,-43.001248919204535,,,Report EPS/BPS,"<a href=""https://m.stock.naver.com/domestic/stock/005180/total"" target=""_blank"">Naver Mobile</a>"
031210,서울보증보험,,68.49,87.4,46.739999999999995,89.82000000000001,50.0,45650.0,31874.0,4390.0,,823.0,1743.0,277.0,,-52.78255880665519,197.11191335740074,71398.0,10.398633257403189,0.6393736519230231,6.148631614330934,,,,,,Report EPS/BPS,"<a href=""https://m.stock.naver.com/domestic/stock/031210/total"" target=""_blank"">Naver Mobile</a>"
028100,동아지질,,68.375,66.69166666666666,46.00833333333333,80.00833333333334,80.79166666666667,16250.0,2176.0,1501.0,799.0,316.0,494.0,214.0,87.85982478097623,-36.032388663967616,47.66355140186916,16869.0,10.826115922718188,0.9633054715750785,8.89797854051811,0.12322032225429959,87.85982478097623,87.85982478097623,0.12322032225429959,0.12322032225429959,Report EPS/BPS,"<a href=""https://m.stock.naver.com/domestic/stock/028100/total"" target=""_blank"">Naver Mobile</a>"
259960,크래프톤,,68.27708333333334,55.6,78.99166666666666,93.56666666666666,44.95,279000.0,132269.0,18511.0,28015.0,10859.0,-421.0,7848.0,-33.924683205425666,2679.334916864608,38.366462793068294,157345.0,15.072119280427854,1.7731735994152975,11.764593727160062,,-33.924683205425666,-33.924683205425666,,,Report EPS/BPS,"<a href=""https://m.stock.naver.com/domestic/stock/259960/total"" target=""_blank"">Naver Mobile</a>"
051600,한전KPS,,68.16458333333333,48.35,64.45833333333333,96.00833333333333,63.84166666666667,56400.0,25380.0,3165.0,3113.0,653.0,432.0,249.0,1.6704143912624476,51.157407407407405,162.24899598393574,29105.0,17.819905213270143,1.937811372616389,10.87442020271431,10.667954794021146,1.6704143912624476,1.6704143912624476,10.667954794021146,10.667954794021146,Report EPS/BPS,"<a href=""https://m.stock.naver.com/domestic/stock/051600/total"" target=""_blank"">Naver Mobile</a>"
021240,코웨이,,68.06458333333333,49.800000000000004,67.675,78.94166666666666,75.84166666666667,94700.0,67017.0,9338.0,8150.0,2572.0,2081.0,1963.0,14.576687116564418,23.59442575684767,31.023942944472743,52097.0,10.14135789248233,1.8177630189838188,17.92425667504847,0.6957244682132239,14.576687116564418,14.576687116564418,0.6957244682132239,0.6957244682132239,Report EPS/BPS,"<a href=""https://m.stock.naver.com/domestic/stock/021240/total"" target=""_blank"">Naver Mobile</a>"
284740,쿠쿠홈시스,,68.05833333333334,49.1,63.26666666666667,91.74166666666667,68.125,24450.0,5486.0,5574.0,5424.0,1506.0,1689.0,1258.0,2.765486725663717,-10.8348134991119,19.71383147853736,57948.0,4.386437029063509,0.42193000621246635,9.618968730586044,1.5861356297093647,2.765486725663717,2.765486725663717,1.5861356297093647,1.5861356297093647,Report EPS/BPS,"<a href=""https://m.stock.naver.com/domestic/stock/284740/total"" target=""_blank"">Naver Mobile</a>"
069260,TKG휴켐스,,67.93333333333334,40.358333333333334,58.10833333333333,89.69166666666666,83.575,20100.0,8217.0,1453.0,1508.0,340.0,-33.0,352.0,-3.647214854111406,1130.3030303030303,-3.4090909090909087,21775.0,13.83344803854095,0.9230769230769231,6.672789896670493,,-3.647214854111406,-3.647214854111406,,,Report EPS/BPS,"<a href=""https://m.stock.naver.com/domestic/stock/069260/total"" target=""_blank"">Naver Mobile</a>"
004370,농심,,67.925,48.975,50.71666666666667,91.36666666666667,80.64166666666667,399000.0,24270.0,29364.0,25680.0,9970.0,5072.0,8576.0,14.345794392523365,96.56940063091483,16.254664179104477,480538.0,13.588067020841848,0.8303193503947659,6.1106509786947125,0.9471812190423959,14.345794392523365,14.345794392523365,0.9471812190423959,0.9471812190423959,Report EPS/BPS,"<a href=""https://m.stock.naver.com/domestic/stock/004370/total"" target=""_blank"">Naver Mobile</a>"
013000,세우글로벌,,67.85625,52.0,57.74166666666667,90.85000000000001,70.83333333333333,1513.0,434.0,145.0,111.0,39.0,53.0,23.0,30.630630630630627,-26.41509433962264,69.56521739130434,1946.0,10.434482758620689,0.7774922918807811,7.451181911613566,0.3406551724137931,30.630630630630627,30.630630630630627,0.3406551724137931,0.3406551724137931,Report EPS/BPS,"<a href=""https://m.stock.naver.com/domestic/stock/013000/total"" target=""_blank"">Naver Mobile</a>"
003280,흥아해운,,67.84791666666668,43.666666666666664,71.00833333333334,75.925,80.79166666666667,2740.0,6588.0,116.0,159.0,2.0,87.0,13.0,-27.044025157232703,-97.70114942528735,-84.61538461538461,1143.0,23.620689655172413,2.3972003499562553,10.148731408573928,,-27.044025157232703,-27.044025157232703,,,Report EPS/BPS,"<a href=""https://m.stock.naver.com/domestic/stock/003280/total"" target=""_blank"">Naver Mobile</a>"
103590,일진전기,,67.66458333333333,69.99166666666666,52.24166666666667,70.99166666666666,77.43333333333334,119100.0,56793.0,2452.0,1184.0,753.0,570.0,480.0,107.09459459459461,32.10526315789474,56.875,12647.0,48.572593800978794,9.417253103502807,19.38799715347513,0.45354850993973883,107.09459459459461,107.09459459459461,0.45354850993973883,0.45354850993973883,Report EPS/BPS,"<a href=""https://m.stock.naver.com/domestic/stock/103590/total"" target=""_blank"">Naver Mobile</a>"
034590,인천도시가스,,67.62291666666667,52.0,43.75,83.65833333333333,91.08333333333333,26250.0,1148.0,4941.0,3446.0,1505.0,2151.0,944.0,43.38363319791062,-30.032543003254304,59.42796610169492,54637.0,5.312689738919247,0.48044365539835643,9.043322290755349,0.122458386891744,43.38363319791062,43.38363319791062,0.122458386891744,0.122458386891744,Report EPS/BPS,"<a href=""https://m.stock.naver.com/domestic/stock/034590/total"" target=""_blank"">Naver Mobile</a>"
052690,한전기술,,67.525,53.025,57.208333333333336,88.78333333333335,71.08333333333333,146900.0,56145.0,879.0,3028.0,369.0,206.0,1724.0,-70.97093791281374,79.12621359223301,-78.59628770301624,15398.0,167.12172923777018,9.5402000259774,5.708533575789064,,-70.97093791281374,-70.97093791281374,,,Report EPS/BPS,"<a href=""https://m.stock.naver.com/domestic/stock/052690/total"" target=""_blank"">Naver Mobile</a>"
234080,JW생명과학,,67.52083333333334,53.666666666666664,72.75833333333334,78.8,64.85833333333333,12030.0,1905.0,1843.0,2839.0,422.0,408.0,386.0,-35.082775625220144,3.431372549019608,9.32642487046632,13815.0,6.527400976668475,0.8707926167209555,13.340571842200507,,-35.082775625220144,-35.082775625220144,,,Report EPS/BPS,"<a href=""https://m.stock.naver.com/domestic/stock/234080/total"" target=""_blank"">Naver Mobile</a>"
019180,티에이치엔,,67.39375,66.75833333333334,57.75833333333333,67.11666666666666,77.94166666666666,7640.0,1375.0,4507.0,1576.0,914.0,1320.0,222.0,185.9771573604061,-30.757575757575754,311.7117117117117,13776.0,1.695140891945862,0.5545876887340302,32.71631823461092,0.00911478009452978,185.9771573604061,185.9771573604061,0.00911478009452978,0.00911478009452978,Report EPS/BPS,"<a href=""https://m.stock.naver.com/domestic/stock/019180/total"" target=""_blank"">Naver Mobile</a>"
003570,SNT다이내믹스,,67.3625,62.99166666666667,59.35833333333333,91.85833333333333,55.24166666666667,47100.0,15662.0,1926.0,3038.0,609.0,-41.0,534.0,-36.603028308097436,1585.3658536585365,14.04494382022472,26772.0,24.45482866043614,1.7593007619901389,7.194083370685791,,-36.603028308097436,-36.603028308097436,,,Report EPS/BPS,"<a href=""https://m.stock.naver.com/domestic/stock/003570/total"" target=""_blank"">Naver Mobile</a>"
042700,한미반도체,,67.32916666666665,51.43333333333334,84.58333333333333,89.20833333333333,44.09166666666667,369000.0,351702.0,1871.0,1445.0,200.0,303.0,574.0,29.48096885813149,-33.993399339933994,-65.1567944250871,6671.0,197.2207375734901,55.31404587018438,28.046769599760157,6.689764455251014,29.48096885813149,29.48096885813149,6.689764455251014,6.689764455251014,Report EPS/BPS,"<a href=""https://m.stock.naver.com/domestic/stock/042700/total"" target=""_blank"">Naver Mobile</a>"
039570,HDC랩스,,67.25833333333333,50.59166666666667,44.833333333333336,90.59166666666665,83.01666666666667,7990.0,2074.0,633.0,764.0,261.0,112.0,101.0,-17.146596858638745,133.03571428571428,158.41584158415841,10124.0,12.622432859399684,0.7892137495061241,6.252469379691822,,-17.146596858638745,-17.146596858638745,,,Report EPS/BPS,"<a href=""https://m.stock.naver.com/domestic/stock/039570/total"" target=""_blank"">Naver Mobile</a>"
036530,SNT홀딩스,,67.25625000000001,57.15833333333333,56.416666666666664,91.47500000000001,63.975,53100.0,8657.0,7358.0,8835.0,990.0,1953.0,1601.0,-16.717600452744765,-49.30875576036866,-38.16364772017489,152865.0,7.216634955150856,0.347365322343244,4.813397442187551,,-16.717600452744765,-16.717600452744765,,,Report EPS/BPS,"<a href=""https://m.stock.naver.com/domestic/stock/036530/total"" target=""_blank"">Naver Mobile</a>"
329180,HD현대중공업,,67.24791666666667,80.23333333333333,55.53333333333333,55.125,78.10000000000001,640000.0,671752.0,18149.0,8357.0,7372.0,4664.0,2708.0,117.1712336963025,58.061749571183526,172.23042836041358,92541.0,35.26365088985619,6.9158535135777655,19.61184772155045,0.30095826234326817,117.1712336963025,117.1712336963025,0.30095826234326817,0.30095826234326817,Report EPS/BPS,"<a href=""https://m.stock.naver.com/domestic/stock/329180/total"" target=""_blank"">Naver Mobile</a>"
035150,백산,,67.23125,48.25,66.91666666666667,82.74166666666666,71.01666666666667,11600.0,2323.0,1657.0,2788.0,651.0,223.0,667.0,-40.566714490674315,191.92825112107624,-2.39880059970015,13298.0,7.00060350030175,0.8723116258083923,12.460520379004361,,-40.566714490674315,-40.566714490674315,,,Report EPS/BPS,"<a href=""https://m.stock.naver.com/domestic/stock/035150/total"" target=""_blank"">Naver Mobile</a>"
014580,태경비케이,,67.17291666666667,49.1,60.525,91.19166666666666,67.875,4495.0,1240.0,991.0,1023.0,358.0,142.0,233.0,-3.1280547409579667,152.11267605633802,53.648068669527895,15413.0,4.5358224016145305,0.2916369298644002,6.429637319146176,,-3.1280547409579667,-3.1280547409579667,,,Report EPS/BPS,"<a href=""https://m.stock.naver.com/domestic/stock/014580/total"" target=""_blank"">Naver Mobile</a>"
229640,LS에코에너지,,67.13125000000001,59.800000000000004,52.05833333333334,75.04166666666667,81.625,81200.0,24867.0,1413.0,1151.0,407.0,164.0,367.0,22.762814943527367,148.17073170731706,10.899182561307901,8178.0,57.46638358103326,9.929078014184396,17.278063096111516,2.5245728054110415,22.762814943527367,22.762814943527367,2.5245728054110415,2.5245728054110415,Report EPS/BPS,"<a href=""https://m.stock.naver.com/domestic/stock/229640/total"" target=""_blank"">Naver Mobile</a>"
462870,시프트업,,67.03214285714286,35.5,94.85714285714286,94.71428571428571,43.05714285714286,30200.0,17714.0,3450.0,,644.0,1000.0,458.0,,-35.6,40.61135371179039,16291.0,8.753623188405797,1.8537842980786938,21.17733718003806,,,,,,Report EPS/BPS,"<a href=""https://m.stock.naver.com/domestic/stock/462870/total"" target=""_blank"">Naver Mobile</a>"
018260,삼성에스디에스,,66.9875,39.625,54.26666666666667,90.38333333333333,83.675,189000.0,146244.0,8277.0,9791.0,1194.0,2356.0,2733.0,-15.463180471861914,-49.32088285229202,-56.311745334796925,132420.0,22.834360275462124,1.4272768463978251,6.250566379700952,,-15.463180471861914,-15.463180471861914,,,Report EPS/BPS,"<a href=""https://m.stock.naver.com/domestic/stock/018260/total"" target=""_blank"">Naver Mobile</a>"
001060,JW중외제약,,66.96875,52.14166666666667,67.11666666666666,76.69166666666666,71.925,30000.0,6986.0,3072.0,2681.0,1180.0,658.0,750.0,14.584110406564715,79.33130699088146,57.333333333333336,16395.0,9.765625,1.829826166514181,18.737419945105216,0.6696071771099744,14.584110406564715,14.584110406564715,0.6696071771099744,0.6696071771099744,Report EPS/BPS,"<a href=""https://m.stock.naver.com/domestic/stock/001060/total"" target=""_blank"">Naver Mobile</a>"
009900,명신산업,,66.93541666666667,45.574999999999996,58.4,82.10000000000001,81.66666666666667,11300.0,5929.0,1399.0,2048.0,415.0,92.0,319.0,-31.689453125,351.0869565217391,30.094043887147336,15606.0,8.077197998570407,0.724080481865949,8.964500833012943,,-31.689453125,-31.689453125,,,Report EPS/BPS,"<a href=""https://m.stock.naver.com/domestic/stock/009900/total"" target=""_blank"">Naver Mobile</a>"
037710,광주신세계,,66.81875000000001,40.641666666666666,72.03333333333333,85.80833333333334,68.79166666666667,37950.0,2895.0,6112.0,5833.0,1763.0,1993.0,1480.0,4.783130464597977,-11.54039136979428,19.12162162162162,112795.0,6.209096858638744,0.3364510838246376,5.418679906024203,1.2981240851770535,4.783130464597977,4.783130464597977,1.2981240851770535,1.2981240851770535,Report EPS/BPS,"<a href=""https://m.stock.naver.com/domestic/stock/037710/total"" target=""_blank"">Naver Mobile</a>"
381970,케이카,,66.80416666666666,48.35833333333333,50.75,77.55833333333334,90.55,10250.0,5004.0,957.0,955.0,210.0,149.0,296.0,0.20942408376963353,40.939597315436245,-29.054054054054053,4524.0,10.71055381400209,2.2656940760389035,21.153846153846153,51.142894461859974,0.20942408376963353,0.20942408376963353,51.142894461859974,51.142894461859974,Report EPS/BPS,"<a href=""https://m.stock.naver.com/domestic/stock/381970/total"" target=""_blank"">Naver Mobile</a>"
210540,디와이파워,,66.78541666666666,44.40833333333333,57.26666666666667,93.00833333333333,72.45833333333333,14230.0,1571.0,2364.0,2105.0,889.0,280.0,802.0,12.304038004750593,217.49999999999997,10.847880299251871,29179.0,6.019458544839256,0.4876794955276055,8.101716988244972,0.4892262639724569,12.304038004750593,12.304038004750593,0.4892262639724569,0.4892262639724569,Report EPS/BPS,"<a href=""https://m.stock.naver.com/domestic/stock/210540/total"" target=""_blank"">Naver Mobile</a>"
109070,주성코퍼레이션,,66.78333333333333,63.05833333333334,44.333333333333336,77.11666666666666,82.625,1591.0,840.0,38.0,91.0,24.0,5.0,24.0,-58.24175824175825,380.0,0.0,572.0,41.86842105263158,2.7814685314685317,6.643356643356643,,-58.24175824175825,-58.24175824175825,,,Report EPS/BPS,"<a href=""https://m.stock.naver.com/domestic/stock/109070/total"" target=""_blank"">Naver Mobile</a>"
010120,LS ELECTRIC,,66.72291666666668,60.083333333333336,55.56666666666666,81.45,69.79166666666667,259000.0,388500.0,2248.0,1535.0,803.0,555.0,466.0,46.44951140065147,44.68468468468468,72.3175965665236,14228.0,115.2135231316726,18.203542310936182,15.79983131852685,2.480403338108239,46.44951140065147,46.44951140065147,2.480403338108239,2.480403338108239,Report EPS/BPS,"<a href=""https://m.stock.naver.com/domestic/stock/010120/total"" target=""_blank"">Naver Mobile</a>"
014680,한솔케미칼,,66.64583333333334,43.625,68.95,87.10000000000001,66.90833333333335,326000.0,37067.0,13382.0,11198.0,3631.0,1452.0,3201.0,19.503482764779427,150.06887052341597,13.433302093095909,105580.0,24.361082050515616,3.087706004925175,12.674749005493466,1.2490631721688363,19.503482764779427,19.503482764779427,1.2490631721688363,1.2490631721688363,Report EPS/BPS,"<a href=""https://m.stock.naver.com/domestic/stock/014680/total"" target=""_blank"">Naver Mobile</a>"
012330,현대모비스,,66.6375,51.11666666666667,53.175000000000004,88.64166666666667,73.61666666666666,629000.0,57708.0,38645.0,46571.0,9716.0,8408.0,11363.0,-17.019175023083037,15.556612749762131,-14.494411687054477,558211.0,16.276361754431363,1.1268140541838123,6.923009399671451,,-17.019175023083037,-17.019175023083037,,,Report EPS/BPS,"<a href=""https://m.stock.naver.com/domestic/stock/012330/total"" target=""_blank"">Naver Mobile</a>"
010960,삼호개발,,66.48958333333333,52.94166666666666,44.49166666666667,87.75,80.77499999999999,3615.0,872.0,641.0,133.0,100.0,72.0,236.0,381.9548872180451,38.88888888888889,-57.6271186440678,9936.0,5.639625585023401,0.36382850241545894,6.451288244766505,0.014765161472600638,381.9548872180451,381.9548872180451,0.014765161472600638,0.014765161472600638,Report EPS/BPS,"<a href=""https://m.stock.naver.com/domestic/stock/010960/total"" target=""_blank"">Naver Mobile</a>"
034230,파라다이스,,66.4125,59.09166666666667,60.4,70.125,76.03333333333333,15310.0,14182.0,860.0,872.0,178.0,208.0,336.0,-1.3761467889908259,-14.423076923076922,-47.023809523809526,24013.0,17.802325581395348,0.6375713155374172,3.581393411901886,,-1.3761467889908259,-1.3761467889908259,,,Report EPS/BPS,"<a href=""https://m.stock.naver.com/domestic/stock/034230/total"" target=""_blank"">Naver Mobile</a>"
078520,에이블씨엔씨,,66.35625,55.300000000000004,57.025,80.8,72.3,15080.0,3923.0,711.0,579.0,343.0,229.0,175.0,22.797927461139896,49.78165938864629,96.0,2930.0,21.209563994374122,5.146757679180888,24.266211604095563,0.9303286024805013,22.797927461139896,22.797927461139896,0.9303286024805013,0.9303286024805013,Report EPS/BPS,"<a href=""https://m.stock.naver.com/domestic/stock/078520/total"" target=""_blank"">Naver Mobile</a>"
017960,한국카본,,66.30416666666667,67.89166666666667,53.34166666666667,73.425,70.55833333333334,38750.0,2258.0,1826.0,807.0,297.0,667.0,418.0,126.27013630731103,-55.472263868065966,-28.947368421052634,11106.0,21.221248630887185,3.4891049882946157,16.441563119034754,0.16806229288641764,126.27013630731103,126.27013630731103,0.16806229288641764,0.16806229288641764,Report EPS/BPS,"<a href=""https://m.stock.naver.com/domestic/stock/017960/total"" target=""_blank"">Naver Mobile</a>"
161390,한국타이어앤테크놀로지,,66.23750000000001,60.43333333333334,61.01666666666667,86.0,57.5,62200.0,77050.0,9009.0,8704.0,2794.0,1594.0,2581.0,3.504136029411765,75.28230865746549,8.252615265401007,120221.0,6.904206904206904,0.5173804909292053,7.493699104149858,1.970302193253013,3.504136029411765,3.504136029411765,1.970302193253013,1.970302193253013,Report EPS/BPS,"<a href=""https://m.stock.naver.com/domestic/stock/161390/total"" target=""_blank"">Naver Mobile</a>"
017800,현대엘리베이터,,66.19791666666666,57.09166666666667,60.449999999999996,65.79166666666667,81.45833333333333,90100.0,35222.0,6507.0,5346.0,715.0,780.0,911.0,21.71717171717172,-8.333333333333332,-21.514818880351264,26717.0,13.846626709697249,3.372384624022158,24.35527941011341,0.6375888577953617,21.71717171717172,21.71717171717172,0.6375888577953617,0.6375888577953617,Report EPS/BPS,"<a href=""https://m.stock.naver.com/domestic/stock/017800/total"" target=""_blank"">Naver Mobile</a>"
267290,경동도시가스,,66.08958333333334,43.324999999999996,42.75833333333333,85.65833333333335,92.61666666666667,22250.0,1312.0,5839.0,4893.0,2932.0,1368.0,2664.0,19.333742080523198,114.32748538011697,10.06006006006006,83208.0,3.810584004110293,0.26740217286799345,7.017354100567254,0.19709500562485902,19.333742080523198,19.333742080523198,0.19709500562485902,0.19709500562485902,Report EPS/BPS,"<a href=""https://m.stock.naver.com/domestic/stock/267290/total"" target=""_blank"">Naver Mobile</a>"
094280,효성ITX,,65.98333333333333,42.166666666666664,54.916666666666664,77.50833333333334,89.34166666666665,12700.0,1468.0,1277.0,1001.0,219.0,501.0,279.0,27.57242757242757,-56.287425149700596,-21.50537634408602,6408.0,9.945184025058731,1.9818976279650438,19.928214731585516,0.3606930872856446,27.57242757242757,27.57242757242757,0.3606930872856446,0.3606930872856446,Report EPS/BPS,"<a href=""https://m.stock.naver.com/domestic/stock/094280/total"" target=""_blank"">Naver Mobile</a>"
264900,크라운제과,,65.9125,43.875,48.43333333333334,87.825,83.51666666666667,8610.0,1078.0,859.0,1218.0,273.0,147.0,398.0,-29.47454844006568,85.71428571428571,-31.4070351758794,18151.0,10.023282887077997,0.47435403008098725,4.732521624152939,,-29.47454844006568,-29.47454844006568,,,Report EPS/BPS,"<a href=""https://m.stock.naver.com/domestic/stock/264900/total"" target=""_blank"">Naver Mobile</a>"
268280,미원에스씨,,65.86875,47.43333333333334,63.708333333333336,90.7,61.63333333333333,109600.0,5480.0,13284.0,11447.0,4304.0,3046.0,3280.0,16.047872805101772,41.30006565988181,31.21951219512195,91806.0,8.250526949713942,1.193821754569418,14.469642507025684,0.5141196624571339,16.047872805101772,16.047872805101772,0.5141196624571339,0.5141196624571339,Report EPS/BPS,"<a href=""https://m.stock.naver.com/domestic/stock/268280/total"" target=""_blank"">Naver Mobile</a>"
018250,애경산업,,65.84791666666666,43.53333333333333,53.10833333333333,92.94166666666666,73.80833333333334,13440.0,3549.0,904.0,1286.0,519.0,-200.0,191.0,-29.704510108864696,359.5,171.7277486910995,15451.0,14.867256637168142,0.8698466118697818,5.85075399650508,,-29.704510108864696,-29.704510108864696,,,Report EPS/BPS,"<a href=""https://m.stock.naver.com/domestic/stock/018250/total"" target=""_blank"">Naver Mobile</a>"
007660,이수페타시스,,65.84166666666667,60.4,67.18333333333334,74.63333333333334,61.15,128000.0,93964.0,2351.0,1291.0,687.0,594.0,522.0,82.10689388071263,15.656565656565657,31.60919540229885,10858.0,54.44491705657167,11.788543009762387,21.65223798121201,0.663097999245604,82.10689388071263,82.10689388071263,0.663097999245604,0.663097999245604,Report EPS/BPS,"<a href=""https://m.stock.naver.com/domestic/stock/007660/total"" target=""_blank"">Naver Mobile</a>"
072130,유엔젤,,65.68333333333334,61.050000000000004,50.675000000000004,79.28333333333333,71.72500000000001,4785.0,607.0,359.0,416.0,135.0,33.0,120.0,-13.701923076923078,309.09090909090907,12.5,5118.0,13.328690807799443,0.9349355216881594,7.014458772958186,,-13.701923076923078,-13.701923076923078,,,Report EPS/BPS,"<a href=""https://m.stock.naver.com/domestic/stock/072130/total"" target=""_blank"">Naver Mobile</a>"
451800,한화리츠,,65.60238095238095,92.36666666666667,71.08571428571429,48.957142857142856,50.0,5260.0,9447.0,117.0,,50.0,29.0,8.0,,72.41379310344827,525.0,3793.0,44.957264957264954,1.3867650935934617,3.0846295808067494,,,,,,Report EPS/BPS,"<a href=""https://m.stock.naver.com/domestic/stock/451800/total"" target=""_blank"">Naver Mobile</a>"
011200,HMM,,65.46458333333334,37.96666666666667,70.15833333333333,80.8,72.93333333333334,19890.0,187610.0,1583.0,4280.0,375.0,386.0,784.0,-63.01401869158878,-2.849740932642487,-52.16836734693877,29453.0,12.564750473783954,0.6753132108783485,5.374664720062473,,-63.01401869158878,-63.01401869158878,,,Report EPS/BPS,"<a href=""https://m.stock.naver.com/domestic/stock/011200/total"" target=""_blank"">Naver Mobile</a>"
064960,SNT모티브,,65.4125,42.291666666666664,58.9,93.68333333333334,66.77499999999999,33150.0,8798.0,2759.0,3718.0,937.0,486.0,802.0,-25.793437331898872,92.79835390946502,16.83291770573566,39149.0,12.015222906850308,0.8467649237528417,7.047434161792128,,-25.793437331898872,-25.793437331898872,,,Report EPS/BPS,"<a href=""https://m.stock.naver.com/domestic/stock/064960/total"" target=""_blank"">Naver Mobile</a>"
003720,삼영,,65.38958333333333,61.800000000000004,56.40833333333333,73.70833333333333,69.64166666666667,11260.0,3828.0,,,154.0,,,,,,2742.0,,4.106491611962071,,,,,,,Report EPS/BPS,"<a href=""https://m.stock.naver.com/domestic/stock/003720/total"" target=""_blank"">Naver Mobile</a>"
005690,파미셀,,65.38333333333334,60.14166666666667,64.34166666666667,85.88333333333333,51.166666666666664,17130.0,1281.0,725.0,269.0,195.0,261.0,141.0,169.51672862453532,-25.287356321839084,38.297872340425535,2212.0,23.627586206896552,7.744122965641953,32.77576853526221,0.13938203266787658,169.51672862453532,169.51672862453532,0.13938203266787658,0.13938203266787658,Report EPS/BPS,"<a href=""https://m.stock.naver.com/domestic/stock/005690/total"" target=""_blank"">Naver Mobile</a>"
267850,아시아나IDT,,65.34375,48.99166666666667,52.13333333333333,90.175,70.075,10300.0,1143.0,1152.0,940.0,247.0,384.0,233.0,22.5531914893617,-35.67708333333333,6.008583690987124,15445.0,8.940972222222221,0.6668824862415021,7.4587245063127225,0.3964393343815513,22.5531914893617,22.5531914893617,0.3964393343815513,0.3964393343815513,Report EPS/BPS,"<a href=""https://m.stock.naver.com/domestic/stock/267850/total"" target=""_blank"">Naver Mobile</a>"
000240,한국앤컴퍼니,,65.32291666666667,54.449999999999996,70.325,83.46666666666667,53.050000000000004,25450.0,24161.0,3755.0,3709.0,1313.0,480.0,1216.0,1.240226476139121,173.54166666666666,7.9769736842105265,52322.0,6.77762982689747,0.48641106991322963,7.176713428385765,5.464832397383199,1.240226476139121,1.240226476139121,5.464832397383199,5.464832397383199,Report EPS/BPS,"<a href=""https://m.stock.naver.com/domestic/stock/000240/total"" target=""_blank"">Naver Mobile</a>"
002840,미원상사,,65.31666666666668,39.725,66.7,94.61666666666667,60.225,136000.0,6460.0,8725.0,11598.0,2316.0,2688.0,2753.0,-24.77151232971202,-13.839285714285715,-15.873592444605885,87937.0,15.587392550143267,1.5465617430660588,9.92187588842012,,-24.77151232971202,-24.77151232971202,,,Report EPS/BPS,"<a href=""https://m.stock.naver.com/domestic/stock/002840/total"" target=""_blank"">Naver Mobile</a>"
053690,한미글로벌,,65.2625,46.75833333333333,53.4,84.14999999999999,76.74166666666666,23300.0,2553.0,1352.0,1814.0,259.0,109.0,599.0,-25.468577728776186,137.61467889908258,-56.761268781302164,23060.0,17.233727810650887,1.01040763226366,5.862966175195143,,-25.468577728776186,-25.468577728776186,,,Report EPS/BPS,"<a href=""https://m.stock.naver.com/domestic/stock/053690/total"" target=""_blank"">Naver Mobile</a>"
282330,BGF리테일,,65.20416666666667,46.083333333333336,53.31666666666666,65.33333333333333,96.08333333333333,140700.0,24318.0,12220.0,10714.0,1695.0,2881.0,773.0,14.056374836662311,-41.1662617146824,119.27554980595083,73457.0,11.513911620294598,1.9154062921164763,16.63558272186449,0.8191238320042252,14.056374836662311,14.056374836662311,0.8191238320042252,0.8191238320042252,Report EPS/BPS,"<a href=""https://m.stock.naver.com/domestic/stock/282330/total"" target=""_blank"">Naver Mobile</a>"
272450,진에어,,65.17916666666667,48.475,64.14166666666667,55.416666666666664,92.68333333333334,6110.0,3189.0,-648.0,1402.0,415.0,-234.0,876.0,-146.2196861626248,277.35042735042737,-52.62557077625571,4712.0,,1.2966893039049237,-13.752122241086587,,-146.2196861626248,-146.2196861626248,,,Report EPS/BPS,"<a href=""https://m.stock.naver.com/domestic/stock/272450/total"" target=""_blank"">Naver Mobile</a>"
226320,잇츠한불,,65.17916666666666,59.416666666666664,58.15833333333333,89.52499999999999,53.61666666666667,12370.0,2713.0,1090.0,459.0,429.0,301.0,101.0,137.47276688453158,42.524916943521596,324.7524752475248,23197.0,11.34862385321101,0.533258611027288,4.698883476311591,0.0825517963331831,137.47276688453158,137.47276688453158,0.0825517963331831,0.0825517963331831,Report EPS/BPS,"<a href=""https://m.stock.naver.com/domestic/stock/226320/total"" target=""_blank"">Naver Mobile</a>"
058850,KTcs,,65.04375,45.324999999999996,45.26666666666667,80.69166666666666,88.89166666666667,2620.0,1085.0,630.0,104.0,185.0,48.0,120.0,505.7692307692308,285.41666666666663,54.166666666666664,5484.0,4.158730158730159,0.4777534646243618,11.487964989059082,0.008222584344257348,505.7692307692308,505.7692307692308,0.008222584344257348,0.008222584344257348,Report EPS/BPS,"<a href=""https://m.stock.naver.com/domestic/stock/058850/total"" target=""_blank"">Naver Mobile</a>"
079550,LIG넥스원,,64.95625,60.65833333333333,60.85833333333333,62.53333333333333,75.77499999999999,834000.0,183480.0,14048.0,11153.0,6360.0,211.0,3828.0,25.95714157625751,2914.218009478673,66.14420062695925,70725.0,59.36788154897494,11.792152704135736,19.86284906327324,2.287150200054292,25.95714157625751,25.95714157625751,2.287150200054292,2.287150200054292,Report EPS/BPS,"<a href=""https://m.stock.naver.com/domestic/stock/079550/total"" target=""_blank"">Naver Mobile</a>"
214420,토니모리,,64.92291666666667,66.13333333333334,52.85,70.39999999999999,70.30833333333334,6920.0,1665.0,524.0,702.0,147.0,117.0,86.0,-25.356125356125357,25.64102564102564,70.93023255813954,5287.0,13.206106870229007,1.3088708152071118,9.911102704747494,,-25.356125356125357,-25.356125356125357,,,Report EPS/BPS,"<a href=""https://m.stock.naver.com/domestic/stock/214420/total"" target=""_blank"">Naver Mobile</a>"
339770,교촌에프앤비,,64.82708333333333,51.25833333333333,45.25833333333333,71.99166666666666,90.8,4225.0,2111.0,287.0,11.0,69.0,-27.0,133.0,2509.090909090909,355.55555555555554,-48.1203007518797,3601.0,14.721254355400697,1.1732851985559567,7.970008331019161,0.005867166590920568,2509.090909090909,2509.090909090909,0.005867166590920568,0.005867166590920568,Report EPS/BPS,"<a href=""https://m.stock.naver.com/domestic/stock/339770/total"" target=""_blank"">Naver Mobile</a>"
006660,삼성공조,,64.82708333333332,43.324999999999996,54.94166666666666,90.45,70.59166666666667,12360.0,1004.0,1117.0,1419.0,346.0,-37.0,107.0,-21.28259337561663,1035.135135135135,223.36448598130843,36611.0,11.065353625783349,0.33760345251427165,3.050995602414575,,-21.28259337561663,-21.28259337561663,,,Report EPS/BPS,"<a href=""https://m.stock.naver.com/domestic/stock/006660/total"" target=""_blank"">Naver Mobile</a>"
005440,현대지에프홀딩스,,64.80625,56.68333333333334,53.56666666666666,81.46666666666667,67.50833333333334,14820.0,23105.0,2115.0,5233.0,583.0,242.0,1110.0,-59.58341295623924,140.9090909090909,-47.47747747747748,47385.0,7.00709219858156,0.31275720164609055,4.46343779677113,,-59.58341295623924,-59.58341295623924,,,Report EPS/BPS,"<a href=""https://m.stock.naver.com/domestic/stock/005440/total"" target=""_blank"">Naver Mobile</a>"
030000,제일기획,,64.67291666666667,44.63333333333333,57.175000000000004,81.53333333333333,75.35000000000001,19590.0,22537.0,1804.0,1678.0,246.0,553.0,246.0,7.508939213349225,-55.51537070524412,0.0,13383.0,10.85920177383592,1.463797354853172,13.47978779048046,1.4461698870235455,7.508939213349225,7.508939213349225,1.4461698870235455,1.4461698870235455,Report EPS/BPS,"<a href=""https://m.stock.naver.com/domestic/stock/030000/total"" target=""_blank"">Naver Mobile</a>"
029460,케이씨,,64.64999999999999,40.88333333333333,50.65,90.11666666666666,76.95,37400.0,4122.0,3974.0,4981.0,2039.0,306.0,2046.0,-20.216823930937565,566.3398692810458,-0.3421309872922776,94144.0,9.411172622043281,0.39726376614547926,4.221193065941536,,-20.216823930937565,-20.216823930937565,,,Report EPS/BPS,"<a href=""https://m.stock.naver.com/domestic/stock/029460/total"" target=""_blank"">Naver Mobile</a>"
499790,GS피앤엘,,64.61666666666667,86.35,42.68333333333334,53.61666666666667,75.81666666666666,52800.0,1471.0,1181.0,,476.0,84.0,272.0,,466.6666666666667,75.0,63572.0,44.70787468247248,0.8305543320958912,1.8577361102372114,,,,,,Report EPS/BPS,"<a href=""https://m.stock.naver.com/domestic/stock/499790/total"" target=""_blank"">Naver Mobile</a>"
016740,두올,,64.6125,57.31666666666667,49.28333333333333,75.5,76.35000000000001,4795.0,1375.0,705.0,740.0,130.0,-48.0,430.0,-4.72972972972973,370.83333333333337,-69.76744186046511,9944.0,6.801418439716312,0.4822003218020917,7.089702333065165,,-4.72972972972973,-4.72972972972973,,,Report EPS/BPS,"<a href=""https://m.stock.naver.com/domestic/stock/016740/total"" target=""_blank"">Naver Mobile</a>"
130660,한전산업,,64.59583333333333,41.391666666666666,52.6,80.0,84.39166666666667,15670.0,5108.0,110.0,352.0,167.0,16.0,182.0,-68.75,943.75,-8.241758241758241,2920.0,142.45454545454547,5.366438356164384,3.767123287671233,,-68.75,-68.75,,,Report EPS/BPS,"<a href=""https://m.stock.naver.com/domestic/stock/130660/total"" target=""_blank"">Naver Mobile</a>"
033270,유나이티드제약,,64.5875,46.25,66.675,92.89166666666667,52.53333333333333,19740.0,3141.0,2491.0,1629.0,879.0,687.0,795.0,52.9158993247391,27.947598253275107,10.566037735849058,28859.0,7.9245283018867925,0.6840153851484806,8.631622717349874,0.14975703716674693,52.9158993247391,52.9158993247391,0.14975703716674693,0.14975703716674693,Report EPS/BPS,"<a href=""https://m.stock.naver.com/domestic/stock/033270/total"" target=""_blank"">Naver Mobile</a>"
033920,무학,,64.49791666666667,42.6,63.925000000000004,86.09166666666665,65.375,8520.0,2428.0,966.0,1521.0,-408.0,334.0,392.0,-36.489151873767256,-222.15568862275447,-204.08163265306123,21072.0,8.819875776397515,0.4043280182232346,4.5842824601366745,,-36.489151873767256,-36.489151873767256,,,Report EPS/BPS,"<a href=""https://m.stock.naver.com/domestic/stock/033920/total"" target=""_blank"">Naver Mobile</a>"
035420,NAVER,,64.46249999999999,57.14166666666667,69.83333333333333,79.24166666666666,51.63333333333333,203500.0,319238.0,11562.0,11425.0,1819.0,1997.0,2708.0,1.199124726477024,-8.913370055082623,-32.82865583456425,197165.0,17.600761113994118,1.0321304491162224,5.864123957091776,14.678006987400206,1.199124726477024,1.199124726477024,14.678006987400206,14.678006987400206,Report EPS/BPS,"<a href=""https://m.stock.naver.com/domestic/stock/035420/total"" target=""_blank"">Naver Mobile</a>"
102260,동성케미컬,,64.34583333333335,50.14166666666667,50.18333333333334,84.50833333333334,72.55,4275.0,2166.0,704.0,834.0,171.0,149.0,124.0,-15.587529976019185,14.76510067114094,37.903225806451616,13045.0,6.072443181818182,0.3277117669605213,5.3967037178995785,,-15.587529976019185,-15.587529976019185,,,Report EPS/BPS,"<a href=""https://m.stock.naver.com/domestic/stock/102260/total"" target=""_blank"">Naver Mobile</a>"
028050,삼성E&A,,64.32708333333333,43.65,63.85833333333333,77.99166666666666,71.80833333333334,50600.0,99176.0,3176.0,3804.0,794.0,940.0,768.0,-16.50893796004206,-15.53191489361702,3.3854166666666665,23030.0,15.93198992443325,2.1971341728180636,13.79070777247069,,-16.50893796004206,-16.50893796004206,,,Report EPS/BPS,"<a href=""https://m.stock.naver.com/domestic/stock/028050/total"" target=""_blank"">Naver Mobile</a>"
002810,삼영무역,,64.29583333333333,41.541666666666664,56.98333333333333,90.76666666666667,67.89166666666667,21100.0,3897.0,3282.0,3131.0,1009.0,604.0,900.0,4.822740338549984,67.05298013245033,12.11111111111111,36579.0,6.429006703229738,0.5768337023975505,8.972361190847208,1.333060926345186,4.822740338549984,4.822740338549984,1.333060926345186,1.333060926345186,Report EPS/BPS,"<a href=""https://m.stock.naver.com/domestic/stock/002810/total"" target=""_blank"">Naver Mobile</a>"
023450,동남합성,,64.21458333333334,43.55833333333334,52.96666666666667,75.71666666666667,84.61666666666666,30450.0,1066.0,2237.0,1884.0,902.0,544.0,663.0,18.73673036093418,65.80882352941177,36.048265460030166,15786.0,13.61198033080018,1.928924363359939,14.17078423919929,0.7264864289866159,18.73673036093418,18.73673036093418,0.7264864289866159,0.7264864289866159,Report EPS/BPS,"<a href=""https://m.stock.naver.com/domestic/stock/023450/total"" target=""_blank"">Naver Mobile</a>"
009470,삼화전기,,64.16875,45.51666666666667,53.50833333333333,80.50833333333334,77.14166666666667,35700.0,2361.0,1492.0,2232.0,209.0,280.0,144.0,-33.15412186379928,-25.357142857142854,45.13888888888889,18934.0,23.927613941018766,1.8854969895426217,7.880004225203338,,-33.15412186379928,-33.15412186379928,,,Report EPS/BPS,"<a href=""https://m.stock.naver.com/domestic/stock/009470/total"" target=""_blank"">Naver Mobile</a>"
058430,포스코스틸리온,,64.15625,44.333333333333336,44.975,82.89166666666667,84.425,7020.0,4212.0,240.0,587.0,113.0,1.0,157.0,-59.11413969335605,11200.0,-28.02547770700637,6471.0,29.25,1.0848400556328233,3.708854891052388,,-59.11413969335605,-59.11413969335605,,,Report EPS/BPS,"<a href=""https://m.stock.naver.com/domestic/stock/058430/total"" target=""_blank"">Naver Mobile</a>"
072710,농심홀딩스,,64.15625,55.35,55.449999999999996,81.01666666666667,64.80833333333334,98200.0,4554.0,25538.0,14202.0,5862.0,2319.0,5030.0,79.8197436980707,152.78137128072444,16.540755467196817,292524.0,3.845250215365338,0.33569895119716675,8.730223844881104,0.048174173922563984,79.8197436980707,79.8197436980707,0.048174173922563984,0.048174173922563984,Report EPS/BPS,"<a href=""https://m.stock.naver.com/domestic/stock/072710/total"" target=""_blank"">Naver Mobile</a>"
023000,삼원강재,,64.14166666666667,42.15,47.44166666666666,97.575,69.39999999999999,2325.0,930.0,283.0,294.0,75.0,52.0,60.0,-3.741496598639456,44.230769230769226,25.0,6436.0,8.215547703180212,0.3612492231199503,4.397141081417029,,-3.741496598639456,-3.741496598639456,,,Report EPS/BPS,"<a href=""https://m.stock.naver.com/domestic/stock/023000/total"" target=""_blank"">Naver Mobile</a>"
185750,종근당,,64.12916666666666,47.09166666666667,57.800000000000004,87.30833333333334,64.31666666666666,81200.0,11208.0,5691.0,6903.0,929.0,1924.0,854.0,-17.557583659278574,-51.71517671517671,8.782201405152225,74534.0,14.268142681426815,1.0894356937773366,7.635441543456678,,-17.557583659278574,-17.557583659278574,,,Report EPS/BPS,"<a href=""https://m.stock.naver.com/domestic/stock/185750/total"" target=""_blank"">Naver Mobile</a>"
005380,현대차,,64.10624999999999,50.31666666666666,50.833333333333336,79.11666666666666,76.15833333333333,700000.0,1433304.0,42118.0,60819.0,11405.0,5026.0,15420.0,-30.74861474210362,126.92001591723042,-26.03761348897536,645772.0,16.619972458331354,1.0839739102965134,6.522116164838364,,-30.74861474210362,-30.74861474210362,,,Report EPS/BPS,"<a href=""https://m.stock.naver.com/domestic/stock/005380/total"" target=""_blank"">Naver Mobile</a>"
003960,사조대림,,64.09791666666666,50.96666666666667,49.10833333333333,73.23333333333333,83.08333333333333,30350.0,2781.0,-8038.0,7694.0,1561.0,-14028.0,1018.0,-204.4710163763972,111.12774451097805,53.33988212180747,86868.0,,0.349380669521573,-9.253119675829995,,-204.4710163763972,-204.4710163763972,,,Report EPS/BPS,"<a href=""https://m.stock.naver.com/domestic/stock/003960/total"" target=""_blank"">Naver Mobile</a>"
010660,화천기계,,64.08958333333334,47.025,37.458333333333336,86.10833333333333,85.76666666666667,4330.0,953.0,210.0,184.0,51.0,12.0,-33.0,14.130434782608695,325.0,254.54545454545453,6481.0,20.61904761904762,0.6681067736460423,3.2402407035951244,1.4591941391941394,14.130434782608695,14.130434782608695,1.4591941391941394,1.4591941391941394,Report EPS/BPS,"<a href=""https://m.stock.naver.com/domestic/stock/010660/total"" target=""_blank"">Naver Mobile</a>"
006650,대한유화,,64.05,63.85833333333333,37.36666666666667,72.29166666666667,82.68333333333334,140000.0,9100.0,12807.0,158.0,8386.0,-395.0,457.0,8005.696202531645,2223.0379746835442,1735.010940919037,327875.0,10.931521824002498,0.4269919939001144,3.906061761341975,0.0013654679802295793,8005.696202531645,8005.696202531645,0.0013654679802295793,0.0013654679802295793,Report EPS/BPS,"<a href=""https://m.stock.naver.com/domestic/stock/006650/total"" target=""_blank"">Naver Mobile</a>"
012030,DB,,64.03333333333333,58.333333333333336,56.550000000000004,65.06666666666666,76.18333333333334,2125.0,4275.0,286.0,528.0,148.0,-68.0,106.0,-45.83333333333333,317.6470588235294,39.62264150943396,2464.0,7.43006993006993,0.8624188311688312,11.607142857142858,,-45.83333333333333,-45.83333333333333,,,Report EPS/BPS,"<a href=""https://m.stock.naver.com/domestic/stock/012030/total"" target=""_blank"">Naver Mobile</a>"
090350,노루페인트,,63.952083333333334,47.44166666666666,49.11666666666667,82.46666666666667,76.78333333333333,8070.0,1614.0,998.0,1534.0,344.0,-30.0,170.0,-34.94132985658409,1246.6666666666667,102.35294117647058,20849.0,8.086172344689379,0.3870689241690249,4.786800326154732,,-34.94132985658409,-34.94132985658409,,,Report EPS/BPS,"<a href=""https://m.stock.naver.com/domestic/stock/090350/total"" target=""_blank"">Naver Mobile</a>"
000500,가온전선,,63.947916666666664,64.02499999999999,43.833333333333336,69.14999999999999,78.78333333333333,338500.0,55998.0,3369.0,1920.0,1189.0,186.0,927.0,75.46875,539.247311827957,28.26321467098166,30290.0,100.47491837340458,11.175305381313965,11.122482667547045,1.3313446740989427,75.46875,75.46875,1.3313446740989427,1.3313446740989427,Report EPS/BPS,"<a href=""https://m.stock.naver.com/domestic/stock/000500/total"" target=""_blank"">Naver Mobile</a>"
200880,서연이화,,63.94166666666666,54.458333333333336,46.949999999999996,66.44166666666666,87.91666666666667,13390.0,3619.0,3368.0,4555.0,1759.0,-65.0,610.0,-26.059275521405052,2806.153846153846,188.36065573770492,48447.0,3.9756532066508314,0.276384502652383,6.951926847895638,,-26.059275521405052,-26.059275521405052,,,Report EPS/BPS,"<a href=""https://m.stock.naver.com/domestic/stock/200880/total"" target=""_blank"">Naver Mobile</a>"
003550,LG,,63.90624999999999,38.25,63.25833333333333,86.20833333333333,67.90833333333333,126000.0,194319.0,3221.0,5252.0,2203.0,-2353.0,3762.0,-38.67098248286367,193.6251593710157,-41.440723019670386,204918.0,39.118286246507296,0.6148800983808157,1.5718482514957202,,-38.67098248286367,-38.67098248286367,,,Report EPS/BPS,"<a href=""https://m.stock.naver.com/domestic/stock/003550/total"" target=""_blank"">Naver Mobile</a>"
120030,조선선재,,63.89583333333333,40.4,73.49166666666666,90.125,51.56666666666666,94400.0,1187.0,8396.0,12599.0,3129.0,2750.0,2189.0,-33.35979045956029,13.781818181818181,42.9419826404751,132887.0,11.24344926155312,0.710377990322605,6.318150007148931,,-33.35979045956029,-33.35979045956029,,,Report EPS/BPS,"<a href=""https://m.stock.naver.com/domestic/stock/120030/total"" target=""_blank"">Naver Mobile</a>"
001380,SG글로벌,,63.88541666666667,56.63333333333333,53.083333333333336,75.01666666666667,70.80833333333332,1835.0,413.0,160.0,182.0,94.0,13.0,59.0,-12.087912087912088,623.0769230769231,59.32203389830508,6904.0,11.46875,0.26578794901506375,2.317497103128621,,-12.087912087912088,-12.087912087912088,,,Report EPS/BPS,"<a href=""https://m.stock.naver.com/domestic/stock/001380/total"" target=""_blank"">Naver Mobile</a>"
194370,제이에스코퍼레이션,,63.881249999999994,53.475,61.583333333333336,67.39999999999999,73.06666666666666,13500.0,3917.0,2643.0,3396.0,419.0,722.0,414.0,-22.173144876325086,-41.96675900277008,1.2077294685990339,20936.0,5.107832009080591,0.6448223156285824,12.62418800152847,,-22.173144876325086,-22.173144876325086,,,Report EPS/BPS,"<a href=""https://m.stock.naver.com/domestic/stock/194370/total"" target=""_blank"">Naver Mobile</a>"
009150,삼성전기,,63.82291666666667,47.26666666666667,54.39166666666667,89.39166666666667,64.24166666666666,1010000.0,754406.0,10999.0,8431.0,3336.0,2983.0,1790.0,30.459020282291544,11.833724438484747,86.36871508379889,135100.0,91.82652968451677,7.475943745373797,8.141376757957069,3.014756510008415,30.459020282291544,30.459020282291544,3.014756510008415,3.014756510008415,Report EPS/BPS,"<a href=""https://m.stock.naver.com/domestic/stock/009150/total"" target=""_blank"">Naver Mobile</a>"
015230,대창단조,,63.78541666666667,40.108333333333334,62.44166666666666,93.44999999999999,59.14166666666667,6710.0,1821.0,1126.0,1231.0,415.0,236.0,349.0,-8.529650690495533,75.84745762711864,18.911174785100286,12287.0,5.959147424511546,0.5461056401074306,9.164157239358673,,-8.529650690495533,-8.529650690495533,,,Report EPS/BPS,"<a href=""https://m.stock.naver.com/domestic/stock/015230/total"" target=""_blank"">Naver Mobile</a>"
105840,우진,,63.77083333333333,47.041666666666664,55.06666666666666,89.02499999999999,63.949999999999996,21000.0,4242.0,666.0,385.0,196.0,-44.0,-39.0,72.98701298701299,545.4545454545454,602.5641025641025,11963.0,31.53153153153153,1.7554125219426566,5.567165426732425,0.4320156455387772,72.98701298701299,72.98701298701299,0.4320156455387772,0.4320156455387772,Report EPS/BPS,"<a href=""https://m.stock.naver.com/domestic/stock/105840/total"" target=""_blank"">Naver Mobile</a>"
000660,SK하이닉스,,63.73125,68.05833333333332,69.14166666666667,69.41666666666667,48.30833333333334,1819000.0,12964056.0,105433.0,36448.0,56588.0,21355.0,11375.0,189.26964442493414,164.9871224537579,397.4769230769231,230643.0,17.252662828526173,7.886647329422527,45.712638146399414,0.091153881970591,189.26964442493414,189.26964442493414,0.091153881970591,0.091153881970591,Report EPS/BPS,"<a href=""https://m.stock.naver.com/domestic/stock/000660/total"" target=""_blank"">Naver Mobile</a>"
402340,SK스퀘어,,63.724350649350654,66.04285714285714,76.85454545454546,67.06363636363636,44.93636363636364,1098000.0,1448903.0,118136.0,37779.0,63512.0,24876.0,12247.0,212.70282432038962,155.31435922173983,418.592308320405,274806.0,9.29437258752624,3.995545948778411,42.9888721498075,0.043696517040725,212.70282432038962,212.70282432038962,0.043696517040725,0.043696517040725,Report EPS/BPS,"<a href=""https://m.stock.naver.com/domestic/stock/402340/total"" target=""_blank"">Naver Mobile</a>"
089470,HDC현대EP,,63.666666666666664,51.958333333333336,44.625,82.55,75.53333333333333,4820.0,1538.0,964.0,509.0,174.0,187.0,249.0,89.3909626719057,-6.951871657754011,-30.120481927710845,11157.0,5.0,0.43201577484987,8.6403154969974,0.055934065934065934,89.3909626719057,89.3909626719057,0.055934065934065934,0.055934065934065934,Report EPS/BPS,"<a href=""https://m.stock.naver.com/domestic/stock/089470/total"" target=""_blank"">Naver Mobile</a>"
012690,모나리자,,63.65833333333333,44.300000000000004,42.333333333333336,90.44166666666666,77.55833333333334,2120.0,775.0,55.0,-5.0,9.0,30.0,-4.0,1200.0,-70.0,325.0,2350.0,38.54545454545455,0.902127659574468,2.3404255319148937,0.03212121212121212,1200.0,1200.0,0.03212121212121212,0.03212121212121212,Report EPS/BPS,"<a href=""https://m.stock.naver.com/domestic/stock/012690/total"" target=""_blank"">Naver Mobile</a>"
006890,태경케미컬,,63.64999999999999,42.699999999999996,59.48333333333333,87.84166666666665,64.575,7860.0,912.0,711.0,941.0,149.0,272.0,193.0,-24.44208289054198,-45.220588235294116,-22.797927461139896,14797.0,11.054852320675106,0.5311887544772589,4.805028046225586,,-24.44208289054198,-24.44208289054198,,,Report EPS/BPS,"<a href=""https://m.stock.naver.com/domestic/stock/006890/total"" target=""_blank"">Naver Mobile</a>"
024090,디씨엠,,63.625,39.916666666666664,48.708333333333336,94.64999999999999,71.22500000000001,12480.0,1423.0,834.0,1594.0,385.0,287.0,585.0,-47.67879548306148,34.146341463414636,-34.18803418803419,22591.0,14.964028776978417,0.5524323845779293,3.6917356469390463,,-47.67879548306148,-47.67879548306148,,,Report EPS/BPS,"<a href=""https://m.stock.naver.com/domestic/stock/024090/total"" target=""_blank"">Naver Mobile</a>"
007860,서연,,63.625,53.375,44.65,70.625,85.85000000000001,8870.0,2083.0,3080.0,4574.0,1274.0,-163.0,575.0,-32.66287713161346,881.5950920245399,121.56521739130434,73275.0,2.8798701298701297,0.12105083589218697,4.203343568747868,,-32.66287713161346,-32.66287713161346,,,Report EPS/BPS,"<a href=""https://m.stock.naver.com/domestic/stock/007860/total"" target=""_blank"">Naver Mobile</a>"
007700,F&F홀딩스,,63.57291666666667,44.81666666666666,62.5,89.55,57.425000000000004,18800.0,7354.0,4192.0,2627.0,1667.0,1169.0,689.0,59.57365816520747,42.60051325919589,141.94484760522496,95357.0,4.484732824427481,0.1971538534140126,4.396111454848621,0.07528046728288174,59.57365816520747,59.57365816520747,0.07528046728288174,0.07528046728288174,Report EPS/BPS,"<a href=""https://m.stock.naver.com/domestic/stock/007700/total"" target=""_blank"">Naver Mobile</a>"
058860,KTis,,63.5625,48.86666666666667,49.18333333333334,73.325,82.875,2785.0,969.0,1051.0,376.0,137.0,64.0,131.0,179.5212765957447,114.0625,4.580152671755725,6840.0,2.6498572787821124,0.4071637426900585,15.36549707602339,0.014760686471438135,179.5212765957447,179.5212765957447,0.014760686471438135,0.014760686471438135,Report EPS/BPS,"<a href=""https://m.stock.naver.com/domestic/stock/058860/total"" target=""_blank"">Naver Mobile</a>"
004830,덕성,,63.522916666666674,51.333333333333336,47.074999999999996,84.2,71.48333333333333,4110.0,644.0,236.0,481.0,29.0,-33.0,143.0,-50.935550935550935,187.87878787878788,-79.72027972027972,6224.0,17.415254237288135,0.6603470437017995,3.7917737789203083,,-50.935550935550935,-50.935550935550935,,,Report EPS/BPS,"<a href=""https://m.stock.naver.com/domestic/stock/004830/total"" target=""_blank"">Naver Mobile</a>"
015860,일진홀딩스,,63.5125,60.76666666666667,44.25833333333333,77.51666666666667,71.50833333333334,12300.0,6070.0,820.0,567.0,376.0,-56.0,269.0,44.62081128747795,771.4285714285714,39.77695167286245,24264.0,15.0,0.5069238377843719,3.3794922518958126,0.3361660079051384,44.62081128747795,44.62081128747795,0.3361660079051384,0.3361660079051384,Report EPS/BPS,"<a href=""https://m.stock.naver.com/domestic/stock/015860/total"" target=""_blank"">Naver Mobile</a>"
294870,HDC현대산업개발,,63.48958333333334,52.09166666666667,47.55833333333334,84.39166666666667,69.91666666666667,22900.0,15093.0,2325.0,2722.0,748.0,173.0,822.0,-14.584864070536371,332.3699421965318,-9.002433090024331,48644.0,9.849462365591398,0.4707672066441905,4.779623386234685,,-14.584864070536371,-14.584864070536371,,,Report EPS/BPS,"<a href=""https://m.stock.naver.com/domestic/stock/294870/total"" target=""_blank"">Naver Mobile</a>"
006340,대원전선,,63.483333333333334,55.98333333333333,43.56666666666666,76.95,77.43333333333334,14180.0,11119.0,159.0,120.0,109.0,-14.0,62.0,32.5,878.5714285714287,75.80645161290323,2137.0,89.18238993710692,6.635470285446888,7.440336920917173,2.7440735365263667,32.5,32.5,2.7440735365263667,2.7440735365263667,Report EPS/BPS,"<a href=""https://m.stock.naver.com/domestic/stock/006340/total"" target=""_blank"">Naver Mobile</a>"
075580,세진중공업,,63.47291666666667,57.11666666666667,62.275,56.21666666666667,78.28333333333333,16600.0,9437.0,910.0,383.0,248.0,461.0,229.0,137.59791122715404,-46.20390455531454,8.296943231441048,5302.0,18.24175824175824,3.1308940022632967,17.163334590720485,0.13257292991638342,137.59791122715404,137.59791122715404,0.13257292991638342,0.13257292991638342,Report EPS/BPS,"<a href=""https://m.stock.naver.com/domestic/stock/075580/total"" target=""_blank"">Naver Mobile</a>"
031820,아이티센씨티에스,,63.46666666666667,58.708333333333336,44.98333333333333,67.95,82.22500000000001,7960.0,964.0,6455.0,1491.0,1597.0,2610.0,-494.0,332.93091884641177,-38.81226053639847,423.2793522267206,31207.0,1.233152594887684,0.25507097766526743,20.684461819463582,0.0037039293291247725,332.93091884641177,332.93091884641177,0.0037039293291247725,0.0037039293291247725,Report EPS/BPS,"<a href=""https://m.stock.naver.com/domestic/stock/031820/total"" target=""_blank"">Naver Mobile</a>"
079900,전진건설로봇,,63.40238095238095,30.96666666666667,75.74285714285715,87.64285714285714,59.25714285714286,59200.0,8639.0,2134.0,,503.0,468.0,531.0,,7.478632478632479,-5.273069679849341,10491.0,27.74133083411434,5.642932036984082,20.341244876560864,,,,,,Report EPS/BPS,"<a href=""https://m.stock.naver.com/domestic/stock/079900/total"" target=""_blank"">Naver Mobile</a>"
001560,제일연마,,63.34375000000001,47.925000000000004,59.71666666666667,88.59166666666665,57.14166666666667,10850.0,825.0,1927.0,626.0,245.0,118.0,112.0,207.82747603833863,107.62711864406779,118.75,14091.0,5.63051375194603,0.7699950322901142,13.675395642608756,0.027092249106212263,207.82747603833863,207.82747603833863,0.027092249106212263,0.027092249106212263,Report EPS/BPS,"<a href=""https://m.stock.naver.com/domestic/stock/001560/total"" target=""_blank"">Naver Mobile</a>"
101530,해태제과식품,,63.31458333333333,53.675000000000004,53.65,62.90833333333333,83.02499999999999,6740.0,1962.0,772.0,1034.0,231.0,216.0,259.0,-25.338491295938105,6.944444444444445,-10.81081081081081,10632.0,8.73056994818653,0.6339352896914974,7.261098570353649,,-25.338491295938105,-25.338491295938105,,,Report EPS/BPS,"<a href=""https://m.stock.naver.com/domestic/stock/101530/total"" target=""_blank"">Naver Mobile</a>"
028670,팬오션,,63.3125,40.166666666666664,55.65,75.69166666666666,81.74166666666666,6030.0,32235.0,606.0,523.0,177.0,91.0,135.0,15.86998087954111,94.5054945054945,31.11111111111111,11335.0,9.950495049504951,0.5319805910895457,5.346272606969563,0.6270010736013361,15.86998087954111,15.86998087954111,0.6270010736013361,0.6270010736013361,Report EPS/BPS,"<a href=""https://m.stock.naver.com/domestic/stock/028670/total"" target=""_blank"">Naver Mobile</a>"
009970,영원무역홀딩스,,63.31249999999999,44.449999999999996,63.68333333333333,95.96666666666665,49.15,205000.0,27673.0,29247.0,24545.0,7167.0,9361.0,5157.0,19.1566510490935,-23.437666915927785,38.976148923792906,404929.0,7.009265907614457,0.5062615915382697,7.22274769157062,0.3658920282909333,19.1566510490935,19.1566510490935,0.3658920282909333,0.3658920282909333,Report EPS/BPS,"<a href=""https://m.stock.naver.com/domestic/stock/009970/total"" target=""_blank"">Naver Mobile</a>"
011420,갤럭시아에스엠,,63.30416666666667,50.0,57.208333333333336,93.35000000000001,52.65833333333333,1728.0,476.0,121.0,109.0,2.0,49.0,17.0,11.009174311926607,-95.91836734693877,-88.23529411764706,2444.0,14.28099173553719,0.707037643207856,4.950900163666121,1.2971900826446279,11.009174311926607,11.009174311926607,1.2971900826446279,1.2971900826446279,Report EPS/BPS,"<a href=""https://m.stock.naver.com/domestic/stock/011420/total"" target=""_blank"">Naver Mobile</a>"
123690,한국화장품,,63.26249999999999,52.975,51.15833333333333,78.39999999999999,70.51666666666667,8360.0,1343.0,84.0,250.0,134.0,-101.0,121.0,-66.4,232.67326732673266,10.743801652892563,2238.0,99.52380952380952,3.7354781054512958,3.753351206434316,,-66.4,-66.4,,,Report EPS/BPS,"<a href=""https://m.stock.naver.com/domestic/stock/123690/total"" target=""_blank"">Naver Mobile</a>"
015360,INVENI,,63.24166666666666,57.225,46.69166666666666,64.49166666666666,84.55833333333334,16990.0,4630.0,4553.0,1147.0,2097.0,255.0,726.0,296.9485614646905,722.3529411764706,188.84297520661158,25084.0,3.731605534812212,0.6773241907191836,18.151012597671823,0.012566504839781582,296.9485614646905,296.9485614646905,0.012566504839781582,0.012566504839781582,Report EPS/BPS,"<a href=""https://m.stock.naver.com/domestic/stock/015360/total"" target=""_blank"">Naver Mobile</a>"
111770,영원무역,,63.22708333333334,43.175000000000004,68.09166666666667,91.625,50.01666666666667,89600.0,39703.0,12492.0,9724.0,3392.0,2677.0,2008.0,28.465651995063762,26.709002614867387,68.92430278884463,97377.0,7.172590457893052,0.9201351448493997,12.828491327520872,0.2519735173863874,28.465651995063762,28.465651995063762,0.2519735173863874,0.2519735173863874,Report EPS/BPS,"<a href=""https://m.stock.naver.com/domestic/stock/111770/total"" target=""_blank"">Naver Mobile</a>"
128940,한미약품,,63.199999999999996,50.98333333333333,66.51666666666667,80.45,54.85,472500.0,6532.0,13460.0,8502.0,3551.0,3756.0,3326.0,58.31569042578217,-5.457933972310968,6.764882742032471,115430.0,35.10401188707281,4.0933899332929045,11.660746772935978,0.601965125179292,58.31569042578217,58.31569042578217,0.601965125179292,0.601965125179292,Report EPS/BPS,"<a href=""https://m.stock.naver.com/domestic/stock/128940/total"" target=""_blank"">Naver Mobile</a>"
012320,경동인베스트,,63.15,44.833333333333336,51.73333333333333,83.21666666666667,72.81666666666666,58700.0,1388.0,7359.0,11185.0,1271.0,7014.0,1732.0,-34.20652659812248,-81.87909894496721,-26.61662817551963,211824.0,7.9766272591384695,0.2771168517259612,3.47411058237027,,-34.20652659812248,-34.20652659812248,,,Report EPS/BPS,"<a href=""https://m.stock.naver.com/domestic/stock/012320/total"" target=""_blank"">Naver Mobile</a>"
012280,영화금속,,63.13333333333334,61.975,52.38333333333333,64.25,73.925,985.0,509.0,252.0,185.0,67.0,64.0,51.0,36.21621621621622,4.6875,31.372549019607842,1593.0,3.9087301587301586,0.6183301946013811,15.819209039548024,0.10792762378583273,36.21621621621622,36.21621621621622,0.10792762378583273,0.10792762378583273,Report EPS/BPS,"<a href=""https://m.stock.naver.com/domestic/stock/012280/total"" target=""_blank"">Naver Mobile</a>"
005930,삼성전자,,63.1,51.525,60.525,82.325,58.025,270500.0,15814184.0,14255.0,5991.0,8057.0,3300.0,1373.0,137.94024369888166,144.15151515151513,486.81718863801893,83239.0,18.975797965626096,3.249678636216197,17.125385936880548,0.137565350450225,137.94024369888166,137.94024369888166,0.137565350450225,0.137565350450225,Report EPS/BPS,"<a href=""https://m.stock.naver.com/domestic/stock/005930/total"" target=""_blank"">Naver Mobile</a>"
021820,세원정공,,63.06458333333333,59.958333333333336,58.425000000000004,90.34166666666665,43.53333333333333,14230.0,1423.0,4345.0,3996.0,1322.0,1101.0,1788.0,8.733733733733734,20.072661217075385,-26.062639821029084,75234.0,3.275028768699655,0.18914320652896296,5.775314352553367,0.3749861019978172,8.733733733733734,8.733733733733734,0.3749861019978172,0.3749861019978172,Report EPS/BPS,"<a href=""https://m.stock.naver.com/domestic/stock/021820/total"" target=""_blank"">Naver Mobile</a>"
082740,한화엔진,,63.05416666666667,76.98333333333333,57.416666666666664,54.90833333333333,62.90833333333333,71600.0,59748.0,2482.0,1003.0,633.0,1228.0,233.0,147.45762711864407,-48.45276872964169,171.6738197424893,7310.0,28.847703464947624,9.794801641586867,33.95348837209302,0.19563385108412756,147.45762711864407,147.45762711864407,0.19563385108412756,0.19563385108412756,Report EPS/BPS,"<a href=""https://m.stock.naver.com/domestic/stock/082740/total"" target=""_blank"">Naver Mobile</a>"
073240,금호타이어,,63.02708333333333,62.666666666666664,62.48333333333333,66.425,60.53333333333333,5060.0,14535.0,1205.0,1163.0,331.0,589.0,336.0,3.611349957007739,-43.803056027164686,-1.488095238095238,8599.0,4.199170124481328,0.5884405163391092,14.013257355506454,1.1627702035170915,3.611349957007739,3.611349957007739,1.1627702035170915,1.1627702035170915,Report EPS/BPS,"<a href=""https://m.stock.naver.com/domestic/stock/073240/total"" target=""_blank"">Naver Mobile</a>"
025000,KPX케미칼,,63.014583333333334,43.050000000000004,53.708333333333336,84.36666666666666,70.93333333333334,51900.0,2273.0,13168.0,11433.0,2385.0,2175.0,782.0,15.175369544301583,9.655172413793103,204.98721227621482,152922.0,3.9413730255164032,0.3393887079687684,8.610925831469638,0.2597217164307149,15.175369544301583,15.175369544301583,0.2597217164307149,0.2597217164307149,Report EPS/BPS,"<a href=""https://m.stock.naver.com/domestic/stock/025000/total"" target=""_blank"">Naver Mobile</a>"
001440,대한전선,,62.985416666666666,59.48333333333333,41.074999999999996,75.01666666666667,76.36666666666666,60000.0,111868.0,261.0,418.0,-40.0,219.0,150.0,-37.55980861244019,-118.2648401826484,-126.66666666666666,8663.0,229.88505747126436,6.926007156874062,3.012813113240217,,-37.55980861244019,-37.55980861244019,,,Report EPS/BPS,"<a href=""https://m.stock.naver.com/domestic/stock/001440/total"" target=""_blank"">Naver Mobile</a>"
000320,노루홀딩스,,62.979166666666664,54.31666666666666,48.85833333333333,82.18333333333334,66.55833333333334,19880.0,2642.0,2490.0,3792.0,520.0,578.0,468.0,-34.335443037974684,-10.034602076124568,11.11111111111111,61387.0,7.983935742971887,0.32384706859758583,4.056233404466743,,-34.335443037974684,-34.335443037974684,,,Report EPS/BPS,"<a href=""https://m.stock.naver.com/domestic/stock/000320/total"" target=""_blank"">Naver Mobile</a>"
007210,벽산,,62.97916666666666,51.525,48.98333333333333,73.95,77.45833333333333,1850.0,1209.0,394.0,193.0,17.0,29.0,-28.0,104.14507772020724,-41.37931034482759,160.71428571428572,5722.0,4.695431472081219,0.32331352673890246,6.885704299196085,0.0450854862742127,104.14507772020724,104.14507772020724,0.0450854862742127,0.0450854862742127,Report EPS/BPS,"<a href=""https://m.stock.naver.com/domestic/stock/007210/total"" target=""_blank"">Naver Mobile</a>"
298040,효성중공업,,62.95833333333334,71.26666666666667,59.71666666666667,54.64166666666667,66.20833333333333,3745000.0,349204.0,54158.0,32510.0,9358.0,18769.0,10956.0,66.58874192556137,-50.14119026053599,-14.585615188024825,272223.0,69.14952546253555,13.757103551132712,19.894718668150745,1.0384567039851398,66.58874192556137,66.58874192556137,1.0384567039851398,1.0384567039851398,Report EPS/BPS,"<a href=""https://m.stock.naver.com/domestic/stock/298040/total"" target=""_blank"">Naver Mobile</a>"
286940,롯데이노베이트,,62.912499999999994,44.44166666666666,44.60833333333333,76.03333333333333,86.56666666666666,22200.0,3359.0,753.0,720.0,395.0,-208.0,300.0,4.583333333333333,289.9038461538462,31.666666666666664,29600.0,29.48207171314741,0.75,2.543918918918919,6.432452010141254,4.583333333333333,4.583333333333333,6.432452010141254,6.432452010141254,Report EPS/BPS,"<a href=""https://m.stock.naver.com/domestic/stock/286940/total"" target=""_blank"">Naver Mobile</a>"
000970,한국주철관,,62.86875,41.925000000000004,47.5,92.325,69.725,7000.0,1596.0,688.0,637.0,115.0,194.0,170.0,8.006279434850864,-40.72164948453608,-32.35294117647059,15764.0,10.174418604651162,0.44404973357015987,4.364374524232428,1.2708048335613313,8.006279434850864,8.006279434850864,1.2708048335613313,1.2708048335613313,Report EPS/BPS,"<a href=""https://m.stock.naver.com/domestic/stock/000970/total"" target=""_blank"">Naver Mobile</a>"
090430,아모레퍼시픽,,62.85416666666667,52.90833333333333,54.6,86.90833333333335,57.0,122000.0,71361.0,3991.0,10691.0,1856.0,395.0,1894.0,-62.66953512300065,369.873417721519,-2.0063357972544877,94462.0,30.568779754447508,1.2915246342444582,4.224979356778387,,-62.66953512300065,-62.66953512300065,,,Report EPS/BPS,"<a href=""https://m.stock.naver.com/domestic/stock/090430/total"" target=""_blank"">Naver Mobile</a>"
067830,세이브존I&C,,62.84375,39.016666666666666,54.15833333333333,83.95833333333333,74.24166666666666,2920.0,1198.0,196.0,281.0,66.0,22.0,59.0,-30.2491103202847,200.0,11.864406779661017,12028.0,14.89795918367347,0.2427668772863319,1.6295310941137346,,-30.2491103202847,-30.2491103202847,,,Report EPS/BPS,"<a href=""https://m.stock.naver.com/domestic/stock/067830/total"" target=""_blank"">Naver Mobile</a>"
003090,대웅,,62.83125,48.48333333333333,54.708333333333336,78.13333333333334,70.0,21100.0,12268.0,3167.0,1083.0,606.0,1202.0,450.0,192.42843951985228,-49.58402662229617,34.66666666666667,31871.0,6.662456583517525,0.6620438643280725,9.936933262213298,0.03462303493257907,192.42843951985228,192.42843951985228,0.03462303493257907,0.03462303493257907,Report EPS/BPS,"<a href=""https://m.stock.naver.com/domestic/stock/003090/total"" target=""_blank"">Naver Mobile</a>"
001130,대한제분,,62.806250000000006,47.375,49.89166666666667,81.81666666666666,72.14166666666667,156500.0,2645.0,-17310.0,26881.0,4324.0,-48980.0,6686.0,-164.394925784011,108.82809309922416,-35.32755010469638,599089.0,,0.26122996750065514,-2.8893870526749783,,-164.394925784011,-164.394925784011,,,Report EPS/BPS,"<a href=""https://m.stock.naver.com/domestic/stock/001130/total"" target=""_blank"">Naver Mobile</a>"
016800,퍼시스,,62.675,39.541666666666664,54.699999999999996,84.79166666666667,71.66666666666667,30250.0,3479.0,3268.0,2878.0,578.0,721.0,404.0,13.551077136900624,-19.83356449375867,43.06930693069307,52026.0,9.256425948592412,0.5814400492061661,6.281474647291739,0.6830767661551017,13.551077136900624,13.551077136900624,0.6830767661551017,0.6830767661551017,Report EPS/BPS,"<a href=""https://m.stock.naver.com/domestic/stock/016800/total"" target=""_blank"">Naver Mobile</a>"
207940,삼성바이오로직스,,62.65,62.21666666666667,80.0,78.91666666666667,29.46666666666667,1419000.0,656869.0,40571.0,27640.0,10137.0,11016.0,8113.0,46.78364688856729,-7.979302832244009,24.947614938986813,171153.0,34.975721574523675,8.290827505214633,23.704521685275747,0.7476057105559001,46.78364688856729,46.78364688856729,0.7476057105559001,0.7476057105559001,Report EPS/BPS,"<a href=""https://m.stock.naver.com/domestic/stock/207940/total"" target=""_blank"">Naver Mobile</a>"
007310,오뚜기,,62.64791666666666,42.03333333333333,50.475,81.58333333333333,76.5,360000.0,14428.0,17919.0,30537.0,9006.0,-6741.0,8358.0,-41.32036545829649,233.6003560302626,7.753050969131372,554850.0,20.090406830738324,0.64882400648824,3.229521492295215,,-41.32036545829649,-41.32036545829649,,,Report EPS/BPS,"<a href=""https://m.stock.naver.com/domestic/stock/007310/total"" target=""_blank"">Naver Mobile</a>"
178920,PI첨단소재,,62.62499999999999,49.449999999999996,61.583333333333336,80.05,59.416666666666664,27900.0,8193.0,1189.0,952.0,360.0,150.0,206.0,24.89495798319328,140.0,74.75728155339806,12102.0,23.465096719932717,2.3054040654437284,9.824822343414311,0.9425642226740905,24.89495798319328,24.89495798319328,0.9425642226740905,0.9425642226740905,Report EPS/BPS,"<a href=""https://m.stock.naver.com/domestic/stock/178920/total"" target=""_blank"">Naver Mobile</a>"
100090,SK오션플랜트,,62.577083333333334,52.708333333333336,44.81666666666666,68.35833333333333,84.425,19310.0,12065.0,693.0,267.0,158.0,219.0,70.0,159.5505617977528,-27.85388127853881,125.71428571428571,13195.0,27.864357864357864,1.4634331186055325,5.251989389920424,0.17464280633294718,159.5505617977528,159.5505617977528,0.17464280633294718,0.17464280633294718,Report EPS/BPS,"<a href=""https://m.stock.naver.com/domestic/stock/100090/total"" target=""_blank"">Naver Mobile</a>"
011070,LG이노텍,,62.56666666666667,43.125,47.175000000000004,74.71666666666667,85.25,732000.0,173243.0,20484.0,16749.0,9682.0,5744.0,3617.0,22.29983879634605,68.55849582172702,167.68039811998895,256934.0,35.73520796719391,2.848980672079211,7.972475421703629,1.6024872777577797,22.29983879634605,22.29983879634605,1.6024872777577797,1.6024872777577797,Report EPS/BPS,"<a href=""https://m.stock.naver.com/domestic/stock/011070/total"" target=""_blank"">Naver Mobile</a>"
003010,혜인,,62.516666666666666,61.416666666666664,49.43333333333334,70.325,68.89166666666667,6230.0,792.0,1128.0,464.0,33.0,587.0,25.0,143.10344827586206,-94.37819420783646,32.0,10077.0,5.523049645390071,0.618239555423241,11.193807680857399,0.03859480475091857,143.10344827586206,143.10344827586206,0.03859480475091857,0.03859480475091857,Report EPS/BPS,"<a href=""https://m.stock.naver.com/domestic/stock/003010/total"" target=""_blank"">Naver Mobile</a>"
009180,한솔로지스틱스,,62.47916666666666,35.166666666666664,48.708333333333336,78.39166666666667,87.64999999999999,3120.0,878.0,538.0,256.0,129.0,22.0,153.0,110.15625,486.3636363636363,-15.686274509803921,5169.0,5.799256505576208,0.6035983749274522,10.40820274714645,0.05264573281657835,110.15625,110.15625,0.05264573281657835,0.05264573281657835,Report EPS/BPS,"<a href=""https://m.stock.naver.com/domestic/stock/009180/total"" target=""_blank"">Naver Mobile</a>"
004690,삼천리,,62.41041666666666,45.40833333333333,43.291666666666664,71.61666666666666,89.325,136500.0,4951.0,34307.0,30228.0,25985.0,-29.0,22423.0,13.494111419875612,89703.44827586207,15.885474735762386,546274.0,3.9787798408488064,0.24987460505167736,6.280181740298825,0.2948530449354688,13.494111419875612,13.494111419875612,0.2948530449354688,0.2948530449354688,Report EPS/BPS,"<a href=""https://m.stock.naver.com/domestic/stock/004690/total"" target=""_blank"">Naver Mobile</a>"
006390,한일현대시멘트,,62.40833333333333,54.1,54.88333333333333,76.96666666666667,63.68333333333334,,,,,,,,,,,,,,,,,,,,Report EPS/BPS,"<a href=""https://m.stock.naver.com/domestic/stock/006390/total"" target=""_blank"">Naver Mobile</a>"
003850,보령,,62.40624999999999,53.074999999999996,56.05833333333334,81.51666666666667,58.975,9700.0,8321.0,1228.0,543.0,483.0,246.0,4.0,126.15101289134438,96.34146341463415,11975.0,10185.0,7.899022801302932,0.9523809523809523,12.05694648993618,0.06261561140302908,126.15101289134438,126.15101289134438,0.06261561140302908,0.06261561140302908,Report EPS/BPS,"<a href=""https://m.stock.naver.com/domestic/stock/003850/total"" target=""_blank"">Naver Mobile</a>"
192820,코스맥스,,62.360416666666666,62.31666666666666,53.99166666666667,58.69166666666666,74.44166666666666,185700.0,21076.0,13790.0,6580.0,3663.0,7494.0,716.0,109.57446808510637,-51.120896717373896,411.5921787709497,56900.0,13.46627991298042,3.263620386643234,24.235500878734623,0.12289614677865628,109.57446808510637,109.57446808510637,0.12289614677865628,0.12289614677865628,Report EPS/BPS,"<a href=""https://m.stock.naver.com/domestic/stock/192820/total"" target=""_blank"">Naver Mobile</a>"
005810,풍산홀딩스,,62.32083333333333,47.71666666666667,64.35833333333333,87.84166666666665,49.36666666666667,41900.0,6041.0,6334.0,7083.0,2311.0,1137.0,1141.0,-10.574615276012988,103.25417766051011,102.54163014899211,82617.0,6.615093148089675,0.5071595434353704,7.666702978805814,,-10.574615276012988,-10.574615276012988,,,Report EPS/BPS,"<a href=""https://m.stock.naver.com/domestic/stock/005810/total"" target=""_blank"">Naver Mobile</a>"
015890,태경산업,,62.31041666666667,46.01666666666667,47.300000000000004,84.77499999999999,71.14999999999999,4870.0,1423.0,696.0,768.0,223.0,119.0,100.0,-9.375,87.39495798319328,123.0,20407.0,6.997126436781609,0.23864360268535306,3.410594403881021,,-9.375,-9.375,,,Report EPS/BPS,"<a href=""https://m.stock.naver.com/domestic/stock/015890/total"" target=""_blank"">Naver Mobile</a>"
009450,경동나비엔,,62.306250000000006,56.791666666666664,58.958333333333336,75.48333333333333,57.99166666666667,70600.0,1285.0,7549.0,8968.0,3981.0,1283.0,2588.0,-15.82292595896521,210.2883865939205,53.825347758887176,56497.0,9.352232083719699,1.2496238738340089,13.361771421491406,,-15.82292595896521,-15.82292595896521,,,Report EPS/BPS,"<a href=""https://m.stock.naver.com/domestic/stock/009450/total"" target=""_blank"">Naver Mobile</a>"
136490,선진,,62.29166666666667,53.85833333333333,54.541666666666664,61.00833333333333,79.75833333333334,11550.0,2747.0,4742.0,3533.0,1573.0,596.0,1833.0,34.22020945372205,163.9261744966443,-14.184397163120568,26231.0,2.435681147195276,0.4403187068735466,18.077846822461975,0.07117668728735245,34.22020945372205,34.22020945372205,0.07117668728735245,0.07117668728735245,Report EPS/BPS,"<a href=""https://m.stock.naver.com/domestic/stock/136490/total"" target=""_blank"">Naver Mobile</a>"
123700,SJM,,62.19583333333333,51.14166666666667,56.775,92.925,47.94166666666666,3715.0,580.0,889.0,1288.0,421.0,8.0,309.0,-30.978260869565215,5162.5,36.24595469255664,15867.0,4.178852643419573,0.23413373668620407,5.602823470095166,,-30.978260869565215,-30.978260869565215,,,Report EPS/BPS,"<a href=""https://m.stock.naver.com/domestic/stock/123700/total"" target=""_blank"">Naver Mobile</a>"
161890,한국콜마,,62.175,64.05,47.55833333333334,67.41666666666667,69.675,97100.0,22921.0,6651.0,4108.0,1914.0,1910.0,561.0,61.90360272638754,0.20942408376963353,241.17647058823528,71958.0,14.599308374680499,1.3493982600961671,9.24289168681731,0.2358393975744691,61.90360272638754,61.90360272638754,0.2358393975744691,0.2358393975744691,Report EPS/BPS,"<a href=""https://m.stock.naver.com/domestic/stock/161890/total"" target=""_blank"">Naver Mobile</a>"
004770,써니전자,,62.162499999999994,40.958333333333336,71.425,85.58333333333333,50.68333333333334,1680.0,597.0,97.0,123.0,33.0,16.0,37.0,-21.138211382113823,106.25,-10.81081081081081,2386.0,17.31958762886598,0.7041072925398156,4.065381391450126,,-21.138211382113823,-21.138211382113823,,,Report EPS/BPS,"<a href=""https://m.stock.naver.com/domestic/stock/004770/total"" target=""_blank"">Naver Mobile</a>"
004360,세방,,62.125,41.358333333333334,47.041666666666664,78.35833333333333,81.74166666666666,14650.0,2800.0,2985.0,3911.0,1014.0,455.0,1463.0,-23.676809000255687,122.85714285714286,-30.69036226930964,64200.0,4.90787269681742,0.22819314641744548,4.649532710280374,,-23.676809000255687,-23.676809000255687,,,Report EPS/BPS,"<a href=""https://m.stock.naver.com/domestic/stock/004360/total"" target=""_blank"">Naver Mobile</a>"
010140,삼성중공업,,62.12083333333332,74.08333333333333,45.65,52.35,76.39999999999999,29300.0,257840.0,630.0,166.0,115.0,111.0,105.0,279.51807228915663,3.6036036036036037,9.523809523809524,5063.0,46.507936507936506,5.787082757258542,12.44321548489038,0.16638615216201422,279.51807228915663,279.51807228915663,0.16638615216201422,0.16638615216201422,Report EPS/BPS,"<a href=""https://m.stock.naver.com/domestic/stock/010140/total"" target=""_blank"">Naver Mobile</a>"
003480,한진중공업홀딩스,,62.1125,56.4,55.125,47.35833333333333,89.56666666666666,6000.0,1772.0,2234.0,2164.0,1128.0,939.0,894.0,3.234750462107209,20.12779552715655,26.174496644295303,17353.0,2.6857654431512983,0.3457615397913905,12.873854664899442,0.8302852027113442,3.234750462107209,3.234750462107209,0.8302852027113442,0.8302852027113442,Report EPS/BPS,"<a href=""https://m.stock.naver.com/domestic/stock/003480/total"" target=""_blank"">Naver Mobile</a>"
300720,한일시멘트,,62.10208333333334,46.125,57.583333333333336,80.44166666666666,64.25833333333334,16320.0,12003.0,1005.0,1907.0,128.0,129.0,132.0,-47.29942317776612,-0.7751937984496124,-3.0303030303030303,24593.0,16.238805970149254,0.6636034644004392,4.086528687024763,,-47.29942317776612,-47.29942317776612,,,Report EPS/BPS,"<a href=""https://m.stock.naver.com/domestic/stock/300720/total"" target=""_blank"">Naver Mobile</a>"
000590,CS홀딩스,,62.072916666666664,43.90833333333333,66.66666666666667,90.21666666666665,47.5,76000.0,877.0,15953.0,26813.0,6029.0,3787.0,5043.0,-40.50274120762317,59.202534988117236,19.551854055125915,348676.0,4.763994233059613,0.21796739666624604,4.575307735548188,,-40.50274120762317,-40.50274120762317,,,Report EPS/BPS,"<a href=""https://m.stock.naver.com/domestic/stock/000590/total"" target=""_blank"">Naver Mobile</a>"
108320,LX세미콘,,62.06041666666667,35.53333333333333,54.725,87.80833333333334,70.175,60000.0,9759.0,2981.0,8349.0,690.0,1160.0,2789.0,-64.29512516469038,-40.51724137931034,-75.2599498027967,68480.0,20.127474002012747,0.8761682242990654,4.353095794392523,,-64.29512516469038,-64.29512516469038,,,Report EPS/BPS,"<a href=""https://m.stock.naver.com/domestic/stock/108320/total"" target=""_blank"">Naver Mobile</a>"
016590,신대양제지,,62.06041666666667,37.19166666666667,50.541666666666664,86.11666666666667,74.39166666666667,11410.0,4598.0,619.0,724.0,226.0,31.0,172.0,-14.502762430939226,629.0322580645161,31.3953488372093,17926.0,18.432956381260098,0.6365056342742386,3.4530849046078322,,-14.502762430939226,-14.502762430939226,,,Report EPS/BPS,"<a href=""https://m.stock.naver.com/domestic/stock/016590/total"" target=""_blank"">Naver Mobile</a>"
078930,GS,,62.025,38.233333333333334,53.50833333333333,73.39166666666667,82.96666666666667,77300.0,71824.0,14177.0,4435.0,7783.0,2607.0,2203.0,219.66178128523111,198.54238588415805,253.29096686336814,213245.0,5.452493475347394,0.3624938451077399,6.648221529226945,0.024822221887872812,219.66178128523111,219.66178128523111,0.024822221887872812,0.024822221887872812,Report EPS/BPS,"<a href=""https://m.stock.naver.com/domestic/stock/078930/total"" target=""_blank"">Naver Mobile</a>"
017390,서울가스,,62.01875,48.51666666666667,37.391666666666666,76.06666666666666,86.10000000000001,63000.0,3118.0,5492.0,6405.0,4360.0,1166.0,5118.0,-14.254488680718188,273.9279588336192,-14.810472840953498,229689.0,11.471230881281864,0.27428392304376786,2.391059214851386,,-14.254488680718188,-14.254488680718188,,,Report EPS/BPS,"<a href=""https://m.stock.naver.com/domestic/stock/017390/total"" target=""_blank"">Naver Mobile</a>"
180640,한진칼,,62.008333333333326,45.86666666666667,77.825,58.19166666666666,66.14999999999999,119200.0,79581.0,2508.0,6876.0,1257.0,737.0,1071.0,-63.525305410122165,70.5563093622795,17.366946778711483,52477.0,47.52791068580542,2.271471311241115,4.779236617946911,,-63.525305410122165,-63.525305410122165,,,Report EPS/BPS,"<a href=""https://m.stock.naver.com/domestic/stock/180640/total"" target=""_blank"">Naver Mobile</a>"
069730,DSR제강,,61.97291666666667,43.525,57.89166666666667,88.26666666666667,58.208333333333336,5180.0,746.0,1914.0,-1953.0,626.0,459.0,425.0,198.0030721966206,36.38344226579521,47.294117647058826,13253.0,2.7063740856844305,0.39085490077718255,14.442013129102845,0.013668343908305385,198.0030721966206,198.0030721966206,0.013668343908305385,0.013668343908305385,Report EPS/BPS,"<a href=""https://m.stock.naver.com/domestic/stock/069730/total"" target=""_blank"">Naver Mobile</a>"
090080,평화산업,,61.954166666666666,58.0,47.73333333333333,54.64166666666667,87.44166666666666,959.0,527.0,414.0,77.0,155.0,166.0,26.0,437.6623376623376,-6.626506024096386,496.1538461538462,1288.0,2.316425120772947,0.7445652173913043,32.142857142857146,0.005292722086039078,437.6623376623376,437.6623376623376,0.005292722086039078,0.005292722086039078,Report EPS/BPS,"<a href=""https://m.stock.naver.com/domestic/stock/090080/total"" target=""_blank"">Naver Mobile</a>"
090460,비에이치,,61.943749999999994,38.25,49.458333333333336,76.29166666666667,83.77499999999999,33150.0,11175.0,2423.0,810.0,663.0,574.0,-839.0,199.1358024691358,15.505226480836237,179.02264600715137,24473.0,13.681386710689228,1.354553998283823,9.900706901483266,0.06870380183297133,199.1358024691358,199.1358024691358,0.06870380183297133,0.06870380183297133,Report EPS/BPS,"<a href=""https://m.stock.naver.com/domestic/stock/090460/total"" target=""_blank"">Naver Mobile</a>"
000430,대원강업,,61.93541666666667,56.708333333333336,43.55833333333334,71.375,76.10000000000001,4675.0,2898.0,866.0,381.0,474.0,363.0,194.0,127.2965879265092,30.57851239669421,144.3298969072165,12222.0,5.3983833718244805,0.3825069546719031,7.085583374243168,0.04240791885907478,127.2965879265092,127.2965879265092,0.04240791885907478,0.04240791885907478,Report EPS/BPS,"<a href=""https://m.stock.naver.com/domestic/stock/000430/total"" target=""_blank"">Naver Mobile</a>"
010100,한국무브넥스,,61.922916666666666,46.14166666666667,45.76666666666667,71.11666666666666,84.66666666666667,5100.0,1553.0,526.0,1506.0,288.0,37.0,447.0,-65.07304116865869,678.3783783783784,-35.57046979865772,14872.0,9.695817490494296,0.342926304464766,3.5368477676169983,,-65.07304116865869,-65.07304116865869,,,Report EPS/BPS,"<a href=""https://m.stock.naver.com/domestic/stock/010100/total"" target=""_blank"">Naver Mobile</a>"
028260,삼성물산,,61.860416666666666,44.98333333333333,51.05833333333334,85.31666666666666,66.08333333333333,396500.0,643000.0,15728.0,13782.0,5206.0,4854.0,4519.0,14.119866492526484,7.251751133086115,15.202478424430183,432363.0,25.209816887080365,0.9170534944016949,3.6376840756493967,1.7854146779945612,14.119866492526484,14.119866492526484,1.7854146779945612,1.7854146779945612,Report EPS/BPS,"<a href=""https://m.stock.naver.com/domestic/stock/028260/total"" target=""_blank"">Naver Mobile</a>"
002790,아모레퍼시픽홀딩스,,61.82708333333333,53.699999999999996,49.90833333333333,90.09166666666665,53.60833333333333,25600.0,19573.0,1590.0,3518.0,736.0,39.0,769.0,-54.80386583285958,1787.1794871794873,-4.291287386215865,94991.0,16.10062893081761,0.269499215715173,1.6738427851059574,,-54.80386583285958,-54.80386583285958,,,Report EPS/BPS,"<a href=""https://m.stock.naver.com/domestic/stock/002790/total"" target=""_blank"">Naver Mobile</a>"
057050,현대홈쇼핑,,61.824999999999996,53.93333333333334,44.75833333333333,87.77499999999999,60.833333333333336,86400.0,1368.0,8889.0,6942.0,3077.0,1894.0,2438.0,28.0466724286949,62.46040126715945,26.210008203445444,312733.0,9.719878501518732,0.2762740100980709,2.842360735835361,0.34656084518512087,28.0466724286949,28.0466724286949,0.34656084518512087,0.34656084518512087,Report EPS/BPS,"<a href=""https://m.stock.naver.com/domestic/stock/057050/total"" target=""_blank"">Naver Mobile</a>"
008040,사조동아원,,61.82291666666667,51.35,49.93333333333334,72.95,73.05833333333334,1049.0,1481.0,-990.0,159.0,35.0,-1163.0,53.0,-722.6415094339623,103.00945829750646,-33.9622641509434,905.0,,1.1591160220994474,-109.39226519337018,,-722.6415094339623,-722.6415094339623,,,Report EPS/BPS,"<a href=""https://m.stock.naver.com/domestic/stock/008040/total"" target=""_blank"">Naver Mobile</a>"
010620,HD현대미포,,61.787499999999994,59.81666666666666,39.36666666666667,59.13333333333333,88.83333333333333,,,,,,,,,,,,,,,,,,,,Report EPS/BPS,"<a href=""https://m.stock.naver.com/domestic/stock/010620/total"" target=""_blank"">Naver Mobile</a>"
033530,SJG세종,,61.76875,55.9,44.93333333333334,68.73333333333333,77.50833333333334,7720.0,2148.0,3046.0,1476.0,1380.0,25.0,805.0,106.36856368563686,5420.0,71.42857142857143,20699.0,2.5344714379514115,0.3729648775303155,14.715686748152084,0.023827260142778875,106.36856368563686,106.36856368563686,0.023827260142778875,0.023827260142778875,Report EPS/BPS,"<a href=""https://m.stock.naver.com/domestic/stock/033530/total"" target=""_blank"">Naver Mobile</a>"
027410,BGF,,61.74583333333334,48.75,58.49166666666667,89.0,50.74166666666667,4975.0,4762.0,668.0,909.0,102.0,137.0,52.0,-26.512651265126514,-25.547445255474454,96.15384615384616,21109.0,7.447604790419161,0.2356814628831304,3.164526979013691,,-26.512651265126514,-26.512651265126514,,,Report EPS/BPS,"<a href=""https://m.stock.naver.com/domestic/stock/027410/total"" target=""_blank"">Naver Mobile</a>"
348950,제이알글로벌리츠,,61.71979166666667,55.3125,80.05,66.375,45.14166666666667,1182.0,2333.0,240.0,211.0,33.0,109.0,54.0,13.744075829383887,-69.72477064220183,-38.88888888888889,4167.0,4.925,0.2836573074154068,5.759539236861051,0.3583362068965517,13.744075829383887,13.744075829383887,0.3583362068965517,0.3583362068965517,Report EPS/BPS,"<a href=""https://m.stock.naver.com/domestic/stock/348950/total"" target=""_blank"">Naver Mobile</a>"
010130,고려아연,,61.702083333333334,52.800000000000004,47.21666666666667,79.925,66.86666666666666,1426000.0,297649.0,46333.0,11815.0,16988.0,10024.0,7786.0,292.1540414727042,69.4732641660016,118.18648856922682,548997.0,30.777199835970045,2.59746410271823,8.439572529540234,0.10534579525522512,292.1540414727042,292.1540414727042,0.10534579525522512,0.10534579525522512,Report EPS/BPS,"<a href=""https://m.stock.naver.com/domestic/stock/010130/total"" target=""_blank"">Naver Mobile</a>"
005740,크라운해태홀딩스,,61.681250000000006,51.5,45.458333333333336,67.89166666666667,81.875,7150.0,1062.0,1146.0,1554.0,379.0,288.0,466.0,-26.254826254826252,31.59722222222222,-18.669527896995707,41146.0,6.239092495636998,0.1737714480143878,2.785203908034803,,-26.254826254826252,-26.254826254826252,,,Report EPS/BPS,"<a href=""https://m.stock.naver.com/domestic/stock/005740/total"" target=""_blank"">Naver Mobile</a>"
009240,한샘,,61.681250000000006,46.86666666666667,45.175000000000004,61.791666666666664,92.89166666666667,35450.0,8343.0,1671.0,4769.0,112.0,195.0,408.0,-64.96120780037744,-42.56410256410256,-72.54901960784314,17123.0,21.214841412327946,2.070314781288326,9.758803947906324,,-64.96120780037744,-64.96120780037744,,,Report EPS/BPS,"<a href=""https://m.stock.naver.com/domestic/stock/009240/total"" target=""_blank"">Naver Mobile</a>"
083420,그린케미칼,,61.68124999999999,48.5,43.541666666666664,73.05,81.63333333333334,5390.0,1294.0,471.0,312.0,122.0,128.0,53.0,50.96153846153846,-4.6875,130.18867924528303,5311.0,11.443736730360934,1.014874788175485,8.868386367915647,0.22455634338821456,50.96153846153846,50.96153846153846,0.22455634338821456,0.22455634338821456,Report EPS/BPS,"<a href=""https://m.stock.naver.com/domestic/stock/083420/total"" target=""_blank"">Naver Mobile</a>"
011210,현대위아,,61.67708333333333,46.09166666666667,41.44166666666667,81.78333333333333,77.39166666666667,92300.0,25101.0,1287.0,6638.0,1167.0,251.0,3521.0,-80.61163000903888,364.9402390438247,-66.85600681624538,152496.0,71.71717171717172,0.6052617773580946,0.8439565627950898,,-80.61163000903888,-80.61163000903888,,,Report EPS/BPS,"<a href=""https://m.stock.naver.com/domestic/stock/011210/total"" target=""_blank"">Naver Mobile</a>"
011760,현대코퍼레이션,,61.67708333333333,51.84166666666667,45.88333333333333,62.208333333333336,86.77499999999999,27950.0,3697.0,5594.0,8330.0,837.0,2020.0,1804.0,-32.84513805522209,-58.56435643564356,-53.60310421286031,54719.0,4.9964247407937075,0.5107914983826459,10.223140042763939,,-32.84513805522209,-32.84513805522209,,,Report EPS/BPS,"<a href=""https://m.stock.naver.com/domestic/stock/011760/total"" target=""_blank"">Naver Mobile</a>"
107590,미원홀딩스,,61.66041666666668,47.550000000000004,48.59166666666667,76.58333333333333,73.91666666666667,58900.0,1366.0,13083.0,10581.0,5855.0,898.0,4052.0,23.646158208108876,552.0044543429843,44.49654491609082,147446.0,4.502025529312848,0.399468279912646,8.873078957720114,0.1903914153703407,23.646158208108876,23.646158208108876,0.1903914153703407,0.1903914153703407,Report EPS/BPS,"<a href=""https://m.stock.naver.com/domestic/stock/107590/total"" target=""_blank"">Naver Mobile</a>"
004150,한솔홀딩스,,61.65625,47.074999999999996,41.99166666666667,80.23333333333333,77.325,3700.0,1518.0,122.0,47.0,231.0,-475.0,95.0,159.5744680851064,148.63157894736844,143.1578947368421,15901.0,30.327868852459016,0.23268976793912333,0.7672473429344067,0.19005464480874315,159.5744680851064,159.5744680851064,0.19005464480874315,0.19005464480874315,Report EPS/BPS,"<a href=""https://m.stock.naver.com/domestic/stock/004150/total"" target=""_blank"">Naver Mobile</a>"
000640,동아쏘시오홀딩스,,61.65416666666667,58.68333333333334,52.44166666666666,66.375,69.11666666666666,95200.0,6409.0,13918.0,10108.0,3065.0,-1704.0,2655.0,37.692916501780765,279.87089201877933,15.44256120527307,175360.0,6.840063227475212,0.5428832116788321,7.936815693430657,0.18146813412944737,37.692916501780765,37.692916501780765,0.18146813412944737,0.18146813412944737,Report EPS/BPS,"<a href=""https://m.stock.naver.com/domestic/stock/000640/total"" target=""_blank"">Naver Mobile</a>"
009070,KCTC,,61.6375,54.01666666666667,44.39166666666667,65.175,82.96666666666667,5260.0,1578.0,838.0,982.0,267.0,33.0,135.0,-14.663951120162933,709.0909090909091,97.77777777777777,11453.0,6.276849642004773,0.4592683139788702,7.31686021129835,,-14.663951120162933,-14.663951120162933,,,Report EPS/BPS,"<a href=""https://m.stock.naver.com/domestic/stock/009070/total"" target=""_blank"">Naver Mobile</a>"
004970,신라교역,,61.62916666666666,42.55833333333333,46.25,82.02499999999999,75.68333333333334,9300.0,1488.0,948.0,1075.0,725.0,795.0,67.0,-11.813953488372093,-8.80503144654088,982.089552238806,38011.0,9.810126582278482,0.24466601773170923,2.4940148904264556,,-11.813953488372093,-11.813953488372093,,,Report EPS/BPS,"<a href=""https://m.stock.naver.com/domestic/stock/004970/total"" target=""_blank"">Naver Mobile</a>"
078000,텔코웨어,,61.58125,50.10833333333333,53.925000000000004,76.84166666666667,65.45,15200.0,1404.0,1354.0,573.0,566.0,750.0,-120.0,136.30017452006982,-24.53333333333333,571.6666666666666,12338.0,11.225997045790251,1.2319662830280433,10.974225968552439,0.08236230867141886,136.30017452006982,136.30017452006982,0.08236230867141886,0.08236230867141886,Report EPS/BPS,"<a href=""https://m.stock.naver.com/domestic/stock/078000/total"" target=""_blank"">Naver Mobile</a>"
069620,대웅제약,,61.552083333333336,54.23333333333333,54.26666666666667,74.425,63.28333333333333,142000.0,16453.0,17250.0,3322.0,2235.0,7754.0,1890.0,419.26550270921126,-71.17616713954088,18.253968253968253,99617.0,8.231884057971014,1.4254595099230052,17.31632151138862,0.019634060052110647,419.26550270921126,419.26550270921126,0.019634060052110647,0.019634060052110647,Report EPS/BPS,"<a href=""https://m.stock.naver.com/domestic/stock/069620/total"" target=""_blank"">Naver Mobile</a>"
010580,에스엠벡셀,,61.47916666666667,43.300000000000004,38.425000000000004,78.88333333333334,85.30833333333334,2055.0,2286.0,11.0,8.0,4.0,-1.0,7.0,37.5,500.0,-42.857142857142854,634.0,186.8181818181818,3.2413249211356465,1.7350157728706623,4.9818181818181815,37.5,37.5,4.9818181818181815,4.9818181818181815,Report EPS/BPS,"<a href=""https://m.stock.naver.com/domestic/stock/010580/total"" target=""_blank"">Naver Mobile</a>"
013570,디와이,,61.47500000000001,51.65,39.65833333333333,79.8,74.79166666666667,4750.0,1250.0,336.0,965.0,95.0,-70.0,293.0,-65.18134715025907,235.71428571428572,-67.57679180887372,23552.0,14.136904761904763,0.20168138586956522,1.4266304347826086,,-65.18134715025907,-65.18134715025907,,,Report EPS/BPS,"<a href=""https://m.stock.naver.com/domestic/stock/013570/total"" target=""_blank"">Naver Mobile</a>"
112610,씨에스윈드,,61.46666666666667,64.69166666666666,51.416666666666664,64.51666666666667,65.24166666666666,52800.0,22266.0,-406.0,6546.0,1021.0,-3657.0,2250.0,-106.20226092270089,127.91905933825541,-54.62222222222223,29804.0,,1.771574285330828,-1.3622332572809017,,-106.20226092270089,-106.20226092270089,,,Report EPS/BPS,"<a href=""https://m.stock.naver.com/domestic/stock/112610/total"" target=""_blank"">Naver Mobile</a>"
003920,남양유업,,61.45625000000001,55.76666666666667,34.65833333333333,80.23333333333333,75.16666666666667,50400.0,3024.0,2034.0,1174.0,1052.0,493.0,203.0,73.25383304940375,113.38742393509126,418.2266009852217,156734.0,24.778761061946902,0.32156392359028674,1.2977401202036571,0.3382589010084379,73.25383304940375,73.25383304940375,0.3382589010084379,0.3382589010084379,Report EPS/BPS,"<a href=""https://m.stock.naver.com/domestic/stock/003920/total"" target=""_blank"">Naver Mobile</a>"
272210,한화시스템,,61.385416666666664,59.974999999999994,51.666666666666664,71.55833333333334,62.34166666666667,104300.0,197043.0,792.0,2331.0,-291.0,63.0,200.0,-66.02316602316603,-561.9047619047618,-245.5,26693.0,131.6919191919192,3.9073914509421948,2.9670700183568726,,-66.02316602316603,-66.02316602316603,,,Report EPS/BPS,"<a href=""https://m.stock.naver.com/domestic/stock/272210/total"" target=""_blank"">Naver Mobile</a>"
009770,삼정펄프,,61.36666666666666,40.875,53.73333333333333,80.08333333333333,70.77499999999999,29450.0,736.0,3297.0,11001.0,-6389.0,1371.0,2871.0,-70.02999727297518,-566.0102115244348,-322.53570184604666,107431.0,8.932362754018804,0.2741294412227383,3.0689465796650874,,-70.02999727297518,-70.02999727297518,,,Report EPS/BPS,"<a href=""https://m.stock.naver.com/domestic/stock/009770/total"" target=""_blank"">Naver Mobile</a>"
117580,대성에너지,,61.33125,50.09166666666667,41.891666666666666,65.14999999999999,88.19166666666666,8150.0,2241.0,837.0,722.0,702.0,182.0,760.0,15.927977839335181,285.7142857142857,-7.631578947368421,13026.0,9.73715651135006,0.6256717334561646,6.425610317825886,0.6113240870604124,15.927977839335181,15.927977839335181,0.6113240870604124,0.6113240870604124,Report EPS/BPS,"<a href=""https://m.stock.naver.com/domestic/stock/117580/total"" target=""_blank"">Naver Mobile</a>"
092230,KPX홀딩스,,61.25416666666666,45.80833333333334,49.791666666666664,80.72500000000001,68.69166666666666,85200.0,3599.0,27352.0,11848.0,5250.0,5065.0,-3329.0,130.85752869682648,3.652517275419546,257.7050165214779,395104.0,3.1149458906112897,0.2156394265813558,6.922734267433385,0.023804101465404126,130.85752869682648,130.85752869682648,0.023804101465404126,0.023804101465404126,Report EPS/BPS,"<a href=""https://m.stock.naver.com/domestic/stock/092230/total"" target=""_blank"">Naver Mobile</a>"
002310,아세아제지,,61.25208333333333,32.708333333333336,48.800000000000004,91.81666666666666,71.68333333333334,8500.0,3353.0,652.0,566.0,205.0,86.0,304.0,15.19434628975265,138.37209302325581,-32.56578947368421,21360.0,13.036809815950921,0.397940074906367,3.052434456928839,0.8580039948637467,15.19434628975265,15.19434628975265,0.8580039948637467,0.8580039948637467,Report EPS/BPS,"<a href=""https://m.stock.naver.com/domestic/stock/002310/total"" target=""_blank"">Naver Mobile</a>"
006040,동원산업,,61.19166666666667,47.475,46.06666666666666,74.50833333333334,76.71666666666667,38100.0,16820.0,9345.0,1647.0,2513.0,2720.0,1483.0,467.3952641165756,-7.610294117647058,69.45380984490896,87279.0,4.077046548956662,0.4365311243254391,10.707042931289314,0.008722909413005483,467.3952641165756,467.3952641165756,0.008722909413005483,0.008722909413005483,Report EPS/BPS,"<a href=""https://m.stock.naver.com/domestic/stock/006040/total"" target=""_blank"">Naver Mobile</a>"
0030R0,대신밸류리츠,,61.1625,50.0,76.6,70.55000000000001,47.5,4200.0,2511.0,,,35.0,35.0,,,0.0,,4855.0,,0.8650875386199794,,,,,,,Report EPS/BPS,"<a href=""https://m.stock.naver.com/domestic/stock/0030R0/total"" target=""_blank"">Naver Mobile</a>"
005750,대림바스,,61.15208333333333,65.575,46.25833333333333,69.41666666666667,63.35833333333333,5130.0,855.0,890.0,385.0,241.0,114.0,154.0,131.1688311688312,111.40350877192982,56.493506493506494,10803.0,5.764044943820225,0.4748680921966121,8.238452281773581,0.04394370897763933,131.1688311688312,131.1688311688312,0.04394370897763933,0.04394370897763933,Report EPS/BPS,"<a href=""https://m.stock.naver.com/domestic/stock/005750/total"" target=""_blank"">Naver Mobile</a>"
016580,환인제약,,61.13958333333333,44.291666666666664,58.40833333333333,98.09166666666665,43.76666666666667,11470.0,2133.0,856.0,1045.0,401.0,108.0,275.0,-18.086124401913874,271.2962962962963,45.81818181818182,22803.0,13.399532710280374,0.5030039907029776,3.7538920317502082,,-18.086124401913874,-18.086124401913874,,,Report EPS/BPS,"<a href=""https://m.stock.naver.com/domestic/stock/016580/total"" target=""_blank"">Naver Mobile</a>"
007340,DN오토모티브,,61.114583333333336,49.96666666666667,64.23333333333333,70.45,59.80833333333334,50900.0,29782.0,4991.0,4934.0,1481.0,1602.0,1304.0,1.1552492906364005,-7.5530586766541825,13.57361963190184,44120.0,10.198357042676818,1.1536718041704443,11.312330009066184,8.82784099097674,1.1552492906364005,1.1552492906364005,8.82784099097674,8.82784099097674,Report EPS/BPS,"<a href=""https://m.stock.naver.com/domestic/stock/007340/total"" target=""_blank"">Naver Mobile</a>"
044450,KSS해운,,61.11458333333333,51.88333333333333,69.71666666666667,46.708333333333336,76.14999999999999,11240.0,2595.0,3834.0,2477.0,2751.0,586.0,502.0,54.784012918853456,369.4539249146758,448.00796812749,27276.0,2.9316640584246216,0.41208388326734124,14.056313242410912,0.05351313097065429,54.784012918853456,54.784012918853456,0.05351313097065429,0.05351313097065429,Report EPS/BPS,"<a href=""https://m.stock.naver.com/domestic/stock/044450/total"" target=""_blank"">Naver Mobile</a>"
004450,삼화왕관,,61.04791666666667,50.53333333333333,47.550000000000004,75.64166666666667,70.46666666666667,27050.0,583.0,2357.0,3622.0,1274.0,192.0,907.0,-34.92545554942021,563.5416666666667,40.46306504961411,56035.0,11.476453118370811,0.48273400553225665,4.206299634157223,,-34.92545554942021,-34.92545554942021,,,Report EPS/BPS,"<a href=""https://m.stock.naver.com/domestic/stock/004450/total"" target=""_blank"">Naver Mobile</a>"
010640,진양폴리,,61.039583333333326,37.65833333333333,46.225,82.2,78.075,2195.0,367.0,77.0,163.0,17.0,16.0,37.0,-52.760736196319016,6.25,-54.054054054054056,2634.0,28.506493506493506,0.8333333333333334,2.9233105542900533,,-52.760736196319016,-52.760736196319016,,,Report EPS/BPS,"<a href=""https://m.stock.naver.com/domestic/stock/010640/total"" target=""_blank"">Naver Mobile</a>"
248170,샘표식품,,61.03541666666667,47.86666666666667,46.75833333333333,78.175,71.34166666666667,25550.0,1167.0,6052.0,1592.0,2043.0,421.0,357.0,280.1507537688442,385.2731591448931,472.2689075630252,59931.0,4.221744877726372,0.42632360547963494,10.098279688308223,0.015069546738431356,280.1507537688442,280.1507537688442,0.015069546738431356,0.015069546738431356,Report EPS/BPS,"<a href=""https://m.stock.naver.com/domestic/stock/248170/total"" target=""_blank"">Naver Mobile</a>"
033250,체시스,,60.985416666666666,61.24166666666667,55.30833333333334,54.23333333333333,73.15833333333333,4205.0,269.0,952.0,1075.0,341.0,378.0,374.0,-11.44186046511628,-9.788359788359788,-8.823529411764707,7429.0,4.417016806722689,0.5660250370170952,12.814645308924485,,-11.44186046511628,-11.44186046511628,,,Report EPS/BPS,"<a href=""https://m.stock.naver.com/domestic/stock/033250/total"" target=""_blank"">Naver Mobile</a>"
006090,사조오양,,60.952083333333334,49.125,49.39166666666667,71.33333333333333,73.95833333333333,8290.0,781.0,1595.0,681.0,499.0,191.0,27.0,134.2143906020558,161.2565445026178,1748.148148148148,26477.0,5.197492163009405,0.313101937530687,6.024096385542169,0.038725297188286704,134.2143906020558,134.2143906020558,0.038725297188286704,0.038725297188286704,Report EPS/BPS,"<a href=""https://m.stock.naver.com/domestic/stock/006090/total"" target=""_blank"">Naver Mobile</a>"
001820,삼화콘덴서,,60.94166666666666,39.333333333333336,53.449999999999996,84.61666666666666,66.36666666666666,65200.0,6778.0,1317.0,1768.0,499.0,156.0,388.0,-25.509049773755656,219.8717948717949,28.60824742268041,27057.0,49.50645406226272,2.409727612078205,4.867501940348154,,-25.509049773755656,-25.509049773755656,,,Report EPS/BPS,"<a href=""https://m.stock.naver.com/domestic/stock/001820/total"" target=""_blank"">Naver Mobile</a>"
484870,엠앤씨솔루션,,60.920833333333334,26.0,68.43333333333334,82.2,67.05,91400.0,8367.0,4786.0,,668.0,1888.0,863.0,,-64.61864406779661,-22.595596755504054,19448.0,19.09736732135395,4.699712052653229,24.60921431509667,,,,,,Report EPS/BPS,"<a href=""https://m.stock.naver.com/domestic/stock/484870/total"" target=""_blank"">Naver Mobile</a>"
033780,KT&G,,60.90833333333333,47.03333333333333,70.05833333333334,90.40833333333335,36.13333333333333,179800.0,186651.0,11705.0,10934.0,3666.0,2619.0,2462.0,7.051399304920432,39.97709049255441,48.90333062550772,89855.0,15.360956856044426,2.001001613710979,13.026542763340936,2.17842674791167,7.051399304920432,7.051399304920432,2.17842674791167,2.17842674791167,Report EPS/BPS,"<a href=""https://m.stock.naver.com/domestic/stock/033780/total"" target=""_blank"">Naver Mobile</a>"
005610,SPC삼립,,60.89583333333333,38.40833333333333,46.458333333333336,67.875,90.84166666666665,46800.0,4038.0,-288.0,10076.0,-790.0,-14.0,1125.0,-102.85827709408495,-5542.857142857143,-170.22222222222223,54340.0,,0.861244019138756,-0.5299963194700037,,-102.85827709408495,-102.85827709408495,,,Report EPS/BPS,"<a href=""https://m.stock.naver.com/domestic/stock/005610/total"" target=""_blank"">Naver Mobile</a>"
003490,대한항공,,60.860416666666666,47.48333333333333,57.625,58.44166666666666,79.89166666666667,26050.0,95921.0,1675.0,3332.0,331.0,351.0,773.0,-49.729891956782716,-5.698005698005698,-57.17981888745148,30621.0,15.552238805970148,0.850723359785768,5.470102217432481,,-49.729891956782716,-49.729891956782716,,,Report EPS/BPS,"<a href=""https://m.stock.naver.com/domestic/stock/003490/total"" target=""_blank"">Naver Mobile</a>"
016710,대성홀딩스,,60.85625,45.925000000000004,42.61666666666667,69.09166666666667,85.79166666666667,8190.0,1318.0,1014.0,1869.0,1122.0,249.0,1173.0,-45.74638844301766,350.6024096385542,-4.3478260869565215,39205.0,8.076923076923077,0.20890192577477362,2.586404795306721,,-45.74638844301766,-45.74638844301766,,,Report EPS/BPS,"<a href=""https://m.stock.naver.com/domestic/stock/016710/total"" target=""_blank"">Naver Mobile</a>"
014830,유니드,,60.84375,46.85833333333333,50.76666666666667,82.49166666666666,63.25833333333333,79000.0,5346.0,10022.0,11359.0,3675.0,347.0,3295.0,-11.770402324148252,959.0778097982709,11.532625189681335,171126.0,7.882658152065456,0.4616481423045008,5.856503395159122,,-11.770402324148252,-11.770402324148252,,,Report EPS/BPS,"<a href=""https://m.stock.naver.com/domestic/stock/014830/total"" target=""_blank"">Naver Mobile</a>"
010770,평화홀딩스,,60.837500000000006,60.925000000000004,46.18333333333334,53.291666666666664,82.95,4165.0,609.0,3068.0,265.0,1010.0,1044.0,316.0,1057.7358490566037,-3.256704980842912,219.62025316455697,12173.0,1.3575619295958279,0.3421506612995975,25.203318820340098,0.0012834602616585602,1057.7358490566037,1057.7358490566037,0.0012834602616585602,0.0012834602616585602,Report EPS/BPS,"<a href=""https://m.stock.naver.com/domestic/stock/010770/total"" target=""_blank"">Naver Mobile</a>"
005880,대한해운,,60.82291666666667,43.225,66.11666666666666,66.25833333333334,67.69166666666666,2490.0,8036.0,539.0,461.0,190.0,59.0,209.0,16.919739696312362,222.03389830508473,-9.090909090909092,8065.0,4.619666048237477,0.3087414755114693,6.683199008059517,0.2730341087483945,16.919739696312362,16.919739696312362,0.2730341087483945,0.2730341087483945,Report EPS/BPS,"<a href=""https://m.stock.naver.com/domestic/stock/005880/total"" target=""_blank"">Naver Mobile</a>"
009140,경인전자,,60.822916666666664,50.56666666666666,54.725,83.52499999999999,54.475,27300.0,429.0,3589.0,847.0,760.0,192.0,-392.0,323.7308146399056,295.83333333333337,293.8775510204082,52810.0,7.606575647812761,0.5169475478129142,6.796061352016664,0.02349660676038442,323.7308146399056,323.7308146399056,0.02349660676038442,0.02349660676038442,Report EPS/BPS,"<a href=""https://m.stock.naver.com/domestic/stock/009140/total"" target=""_blank"">Naver Mobile</a>"
018670,SK가스,,60.77916666666667,49.0,49.03333333333333,65.10000000000001,79.98333333333333,290000.0,26846.0,44020.0,26581.0,28063.0,-1701.0,9455.0,65.60701252774538,1749.7942386831276,196.80592279217345,363335.0,6.587914584279873,0.7981614763235031,12.11554075440021,0.10041479302984306,65.60701252774538,65.60701252774538,0.10041479302984306,0.10041479302984306,Report EPS/BPS,"<a href=""https://m.stock.naver.com/domestic/stock/018670/total"" target=""_blank"">Naver Mobile</a>"
375500,DL이앤씨,,60.75416666666666,43.56666666666666,46.675000000000004,79.75,73.02499999999999,80300.0,31071.0,12925.0,6034.0,4139.0,5307.0,782.0,114.20285051375538,-22.008667797248915,429.2838874680307,138208.0,6.212765957446808,0.5810083352627923,9.351846492243574,0.05440114611411122,114.20285051375538,114.20285051375538,0.05440114611411122,0.05440114611411122,Report EPS/BPS,"<a href=""https://m.stock.naver.com/domestic/stock/375500/total"" target=""_blank"">Naver Mobile</a>"
145990,삼양사,,60.639583333333334,47.275,47.40833333333333,77.48333333333333,70.39166666666667,44950.0,4636.0,-30695.0,11196.0,2998.0,-39163.0,3260.0,-374.1604144337263,107.65518474069913,-8.03680981595092,183024.0,,0.2455962059620596,-16.77102456508436,,-374.1604144337263,-374.1604144337263,,,Report EPS/BPS,"<a href=""https://m.stock.naver.com/domestic/stock/145990/total"" target=""_blank"">Naver Mobile</a>"
018500,동원금속,,60.63333333333333,55.46666666666667,53.84166666666667,53.78333333333333,79.44166666666666,1751.0,819.0,836.0,184.0,227.0,211.0,-4.0,354.34782608695656,7.5829383886255926,5775.0,3391.0,2.0944976076555024,0.5163668534355648,24.653494544382188,0.005910852144303871,354.34782608695656,354.34782608695656,0.005910852144303871,0.005910852144303871,Report EPS/BPS,"<a href=""https://m.stock.naver.com/domestic/stock/018500/total"" target=""_blank"">Naver Mobile</a>"
000700,유수홀딩스,,60.625,39.208333333333336,47.14166666666667,85.55,70.60000000000001,5900.0,1536.0,391.0,615.0,297.0,-200.0,81.0,-36.422764227642276,248.5,266.66666666666663,15849.0,15.089514066496164,0.37226323427345576,2.4670326203545963,,-36.422764227642276,-36.422764227642276,,,Report EPS/BPS,"<a href=""https://m.stock.naver.com/domestic/stock/000700/total"" target=""_blank"">Naver Mobile</a>"
015590,DKME,,60.612500000000004,45.208333333333336,48.416666666666664,81.23333333333333,67.59166666666667,2985.0,1415.0,-38.0,76.0,97.0,-125.0,74.0,-150.0,177.6,31.08108108108108,2748.0,,1.0862445414847162,-1.3828238719068413,,-150.0,-150.0,,,Report EPS/BPS,"<a href=""https://m.stock.naver.com/domestic/stock/015590/total"" target=""_blank"">Naver Mobile</a>"
326030,SK바이오팜,,60.61041666666666,76.075,62.833333333333336,69.49166666666666,34.041666666666664,96600.0,75651.0,4454.0,3249.0,1343.0,1744.0,298.0,37.08833487226839,-22.993119266055047,350.6711409395973,11902.0,21.688370004490345,8.116282977650815,37.4222819694169,0.5847760509924409,37.08833487226839,37.08833487226839,0.5847760509924409,0.5847760509924409,Report EPS/BPS,"<a href=""https://m.stock.naver.com/domestic/stock/326030/total"" target=""_blank"">Naver Mobile</a>"
000120,CJ대한통운,,60.587500000000006,45.050000000000004,46.01666666666667,65.89166666666667,85.39166666666667,92400.0,21079.0,10558.0,10304.0,1518.0,3622.0,1572.0,2.4650621118012426,-58.089453340695755,-3.435114503816794,195955.0,8.751657510892214,0.47153683243601846,5.387971728202904,3.5502787004816283,2.4650621118012426,2.4650621118012426,3.5502787004816283,3.5502787004816283,Report EPS/BPS,"<a href=""https://m.stock.naver.com/domestic/stock/000120/total"" target=""_blank"">Naver Mobile</a>"
103140,풍산,,60.55833333333333,48.49166666666667,49.666666666666664,82.22500000000001,61.85,87700.0,24577.0,6551.0,8590.0,2783.0,315.0,1483.0,-23.736903376018624,783.4920634920635,87.66014834794336,83777.0,13.38726911921844,1.0468266946775369,7.81956861668477,,-23.736903376018624,-23.736903376018624,,,Report EPS/BPS,"<a href=""https://m.stock.naver.com/domestic/stock/103140/total"" target=""_blank"">Naver Mobile</a>"
293480,하나제약,,60.55,42.475,60.31666666666666,93.875,45.53333333333333,9430.0,1676.0,818.0,1093.0,563.0,184.0,239.0,-25.16010978956999,205.97826086956525,135.56485355648536,17977.0,11.528117359413203,0.5245591589252935,4.5502586638482505,,-25.16010978956999,-25.16010978956999,,,Report EPS/BPS,"<a href=""https://m.stock.naver.com/domestic/stock/293480/total"" target=""_blank"">Naver Mobile</a>"
378850,화승알앤에이,,60.53958333333334,50.28333333333333,53.40833333333333,57.300000000000004,81.16666666666667,3500.0,665.0,1269.0,1507.0,575.0,324.0,267.0,-15.79296615792966,77.46913580246914,115.35580524344569,9286.0,2.7580772261623325,0.3769114796467801,13.665733362050398,,-15.79296615792966,-15.79296615792966,,,Report EPS/BPS,"<a href=""https://m.stock.naver.com/domestic/stock/378850/total"" target=""_blank"">Naver Mobile</a>"
195870,해성디에스,,60.53333333333333,31.675,54.90833333333333,89.85833333333333,65.69166666666666,87600.0,14892.0,2004.0,2341.0,637.0,565.0,34.0,-14.395557454079452,12.743362831858407,1773.5294117647059,32887.0,43.712574850299404,2.6636664943594734,6.093593213123727,,-14.395557454079452,-14.395557454079452,,,Report EPS/BPS,"<a href=""https://m.stock.naver.com/domestic/stock/195870/total"" target=""_blank"">Naver Mobile</a>"
013580,계룡건설,,60.506249999999994,47.00833333333333,45.0,70.68333333333334,79.33333333333333,24700.0,2206.0,12182.0,5029.0,2761.0,4139.0,1771.0,142.2350367866375,-33.29306595796086,55.90062111801242,112584.0,2.0275816778854048,0.2193917430540752,10.820365238399772,0.014255149249385854,142.2350367866375,142.2350367866375,0.014255149249385854,0.014255149249385854,Report EPS/BPS,"<a href=""https://m.stock.naver.com/domestic/stock/013580/total"" target=""_blank"">Naver Mobile</a>"
003300,한일홀딩스,,60.483333333333334,43.03333333333333,48.025,80.54166666666667,70.33333333333333,18060.0,5568.0,1118.0,3031.0,158.0,-183.0,63.0,-63.11448366875618,186.33879781420765,150.79365079365078,74644.0,16.153846153846153,0.24194844863619314,1.4977761106050052,,-63.11448366875618,-63.11448366875618,,,Report EPS/BPS,"<a href=""https://m.stock.naver.com/domestic/stock/003300/total"" target=""_blank"">Naver Mobile</a>"
417310,코람코더원리츠,,60.48125,50.0,81.9,62.0,48.025,10010.0,4044.0,296.0,,80.0,82.0,,,-2.4390243902439024,,4924.0,33.817567567567565,2.0329000812347684,6.011372867587327,,,,,,Report EPS/BPS,"<a href=""https://m.stock.naver.com/domestic/stock/417310/total"" target=""_blank"">Naver Mobile</a>"
010400,우진아이엔에스,,60.46041666666666,54.38333333333333,32.93333333333333,71.56666666666666,82.95833333333333,3640.0,277.0,1115.0,-3131.0,-285.0,-167.0,-404.0,135.61162567869692,-70.65868263473054,29.455445544554454,10221.0,3.2645739910313902,0.3561295372272772,10.908913022209177,0.024072965534430713,135.61162567869692,135.61162567869692,0.024072965534430713,0.024072965534430713,Report EPS/BPS,"<a href=""https://m.stock.naver.com/domestic/stock/010400/total"" target=""_blank"">Naver Mobile</a>"
008500,일정실업,,60.44583333333334,62.525,54.56666666666666,49.25,75.44166666666668,2350.0,141.0,838.0,2481.0,108.0,853.0,2020.0,-66.22329705763805,-87.33880422039859,-94.65346534653465,3230.0,2.804295942720764,0.7275541795665634,25.94427244582043,,-66.22329705763805,-66.22329705763805,,,Report EPS/BPS,"<a href=""https://m.stock.naver.com/domestic/stock/008500/total"" target=""_blank"">Naver Mobile</a>"
241560,두산밥캣,,60.41875,39.275,58.958333333333336,77.56666666666666,65.875,69700.0,66812.0,4.0,3.0,1.0,1.0,1.0,33.33333333333333,0.0,0.0,52.0,17425.0,1340.3846153846155,7.6923076923076925,522.7500000000001,33.33333333333333,33.33333333333333,522.7500000000001,522.7500000000001,Report EPS/BPS,"<a href=""https://m.stock.naver.com/domestic/stock/241560/total"" target=""_blank"">Naver Mobile</a>"
004700,조광피혁,,60.35625,51.083333333333336,58.125,89.81666666666666,42.4,62400.0,4149.0,1775.0,1750.0,504.0,446.0,465.0,1.4285714285714286,13.004484304932735,8.38709677419355,87598.0,35.15492957746479,0.7123450307084637,2.02630197036462,24.608450704225355,1.4285714285714286,1.4285714285714286,24.608450704225355,24.608450704225355,Report EPS/BPS,"<a href=""https://m.stock.naver.com/domestic/stock/004700/total"" target=""_blank"">Naver Mobile</a>"
042660,한화오션,,60.34166666666667,77.68333333333332,47.18333333333334,50.88333333333333,65.61666666666666,118100.0,361874.0,4993.0,2261.0,1632.0,1998.0,704.0,120.83149049093322,-18.31831831831832,131.8181818181818,22277.0,23.653114360104144,5.301431970193473,22.413251335458096,0.19575289739456614,120.83149049093322,120.83149049093322,0.19575289739456614,0.19575289739456614,Report EPS/BPS,"<a href=""https://m.stock.naver.com/domestic/stock/042660/total"" target=""_blank"">Naver Mobile</a>"
020120,키다리스튜디오,,60.31666666666666,55.69166666666666,39.391666666666666,68.18333333333334,78.0,3600.0,1334.0,296.0,-133.0,169.0,23.0,52.0,322.5563909774436,634.7826086956521,225.0,5638.0,12.162162162162161,0.6385242993969493,5.250088683930472,0.03770553770553771,322.5563909774436,322.5563909774436,0.03770553770553771,0.03770553770553771,Report EPS/BPS,"<a href=""https://m.stock.naver.com/domestic/stock/020120/total"" target=""_blank"">Naver Mobile</a>"
008110,대동전자,,60.30416666666666,40.324999999999996,67.30833333333334,74.825,58.75833333333333,,,,,,,,,,,,,,,,,,,,Report EPS/BPS,"<a href=""https://m.stock.naver.com/domestic/stock/008110/total"" target=""_blank"">Naver Mobile</a>"
487570,HS효성,,60.239285714285714,59.5,39.385714285714286,68.25714285714285,73.81428571428572,59000.0,2198.0,7466.0,,2087.0,2421.0,-116.0,,-13.795952085914912,1899.137931034483,147424.0,7.902491293865523,0.4002062079444324,5.064304319513783,,,,,,Report EPS/BPS,"<a href=""https://m.stock.naver.com/domestic/stock/487570/total"" target=""_blank"">Naver Mobile</a>"
448730,삼성FN리츠,,60.168749999999996,50.0,69.175,72.475,49.025,5470.0,4980.0,94.0,,47.0,38.0,,,23.684210526315788,,4444.0,58.191489361702125,1.2308730873087308,2.115211521152115,,,,,,Report EPS/BPS,"<a href=""https://m.stock.naver.com/domestic/stock/448730/total"" target=""_blank"">Naver Mobile</a>"
031440,신세계푸드,,60.139583333333334,46.01666666666667,44.708333333333336,63.81666666666666,86.01666666666667,51000.0,1975.0,19615.0,3066.0,1065.0,13133.0,1389.0,539.7586431833007,-91.89065712327724,-23.326133909287257,92629.0,2.600050981391792,0.5505835105636464,21.175873646482206,0.004817062244816746,539.7586431833007,539.7586431833007,0.004817062244816746,0.004817062244816746,Report EPS/BPS,"<a href=""https://m.stock.naver.com/domestic/stock/031440/total"" target=""_blank"">Naver Mobile</a>"
005820,원림,,60.12916666666666,43.94166666666666,50.40833333333333,86.81666666666666,59.35,15510.0,356.0,1552.0,1164.0,290.0,530.0,360.0,33.33333333333333,-45.28301886792453,-19.444444444444446,69176.0,9.993556701030927,0.2242107089163872,2.243552677229097,0.2998067010309279,33.33333333333333,33.33333333333333,0.2998067010309279,0.2998067010309279,Report EPS/BPS,"<a href=""https://m.stock.naver.com/domestic/stock/005820/total"" target=""_blank"">Naver Mobile</a>"
006980,우성,,60.125,59.375,43.949999999999996,65.73333333333333,71.44166666666666,21550.0,666.0,2845.0,7370.0,-1068.0,1189.0,273.0,-61.39755766621439,-189.8233809924306,-491.20879120879124,66825.0,7.57469244288225,0.322484100261878,4.257388701833147,,-61.39755766621439,-61.39755766621439,,,Report EPS/BPS,"<a href=""https://m.stock.naver.com/domestic/stock/006980/total"" target=""_blank"">Naver Mobile</a>"
129260,인터지스,,60.11458333333333,38.80833333333333,42.358333333333334,78.35833333333333,80.93333333333334,2270.0,675.0,234.0,585.0,95.0,-184.0,191.0,-60.0,151.6304347826087,-50.26178010471204,10001.0,9.7008547008547,0.22697730226977303,2.3397660233976603,,-60.0,-60.0,,,Report EPS/BPS,"<a href=""https://m.stock.naver.com/domestic/stock/129260/total"" target=""_blank"">Naver Mobile</a>"
002700,신일전자,,60.10416666666667,50.925000000000004,43.64166666666667,73.59166666666667,72.25833333333334,1404.0,983.0,58.0,24.0,-14.0,5.0,-12.0,141.66666666666669,-380.0,-16.666666666666664,1154.0,24.20689655172414,1.216637781629116,5.025996533795494,0.17087221095334684,141.66666666666669,141.66666666666669,0.17087221095334684,0.17087221095334684,Report EPS/BPS,"<a href=""https://m.stock.naver.com/domestic/stock/002700/total"" target=""_blank"">Naver Mobile</a>"
033240,자화전자,,60.085416666666674,62.99166666666667,40.88333333333333,64.47500000000001,71.99166666666666,55700.0,12034.0,3638.0,472.0,1694.0,1582.0,237.0,670.7627118644067,7.079646017699115,614.7679324894515,23414.0,15.310610225398571,2.3789185957119674,15.537712479712992,0.022825672856563888,670.7627118644067,670.7627118644067,0.022825672856563888,0.022825672856563888,Report EPS/BPS,"<a href=""https://m.stock.naver.com/domestic/stock/033240/total"" target=""_blank"">Naver Mobile</a>"
023350,한국종합기술,,60.06458333333333,48.224999999999994,44.425000000000004,63.824999999999996,83.78333333333333,5040.0,552.0,1280.0,329.0,361.0,526.0,-139.0,289.05775075987845,-31.368821292775667,359.71223021582733,15971.0,3.9375,0.3155719742032434,8.014526328971261,0.013621845425867507,289.05775075987845,289.05775075987845,0.013621845425867507,0.013621845425867507,Report EPS/BPS,"<a href=""https://m.stock.naver.com/domestic/stock/023350/total"" target=""_blank"">Naver Mobile</a>"
011780,금호석유화학,,60.05416666666667,32.06666666666667,49.791666666666664,84.2,74.15833333333333,144700.0,36403.0,10425.0,14749.0,3827.0,57.0,4967.0,-29.317241846904874,6614.035087719299,-22.951479766458625,255078.0,13.880095923261392,0.5672774602278519,4.086985157481241,,-29.317241846904874,-29.317241846904874,,,Report EPS/BPS,"<a href=""https://m.stock.naver.com/domestic/stock/011780/total"" target=""_blank"">Naver Mobile</a>"
204320,HL만도,,60.05416666666666,50.6,42.19166666666667,69.64999999999999,77.77499999999999,61700.0,28973.0,2553.0,388.0,1017.0,510.0,594.0,557.9896907216495,99.41176470588235,71.21212121212122,63864.0,24.167645906776343,0.9661154954277841,3.997557309282225,0.043311993588125736,557.9896907216495,557.9896907216495,0.043311993588125736,0.043311993588125736,Report EPS/BPS,"<a href=""https://m.stock.naver.com/domestic/stock/204320/total"" target=""_blank"">Naver Mobile</a>"
007070,GS리테일,,60.03541666666666,45.425000000000004,40.775,63.81666666666666,90.125,29450.0,24622.0,954.0,-315.0,515.0,-874.0,80.0,402.85714285714283,158.92448512585813,543.75,39106.0,30.870020964360588,0.7530813685879405,2.4395233468010025,0.07662771161366104,402.85714285714283,402.85714285714283,0.07662771161366104,0.07662771161366104,Report EPS/BPS,"<a href=""https://m.stock.naver.com/domestic/stock/007070/total"" target=""_blank"">Naver Mobile</a>"
014820,동원시스템즈,,59.9875,41.80833333333333,53.0,75.56666666666666,69.575,24600.0,7132.0,2043.0,2330.0,558.0,413.0,366.0,-12.317596566523605,35.1089588377724,52.459016393442624,30322.0,12.041116005873715,0.8112921311259151,6.7376822109359535,,-12.317596566523605,-12.317596566523605,,,Report EPS/BPS,"<a href=""https://m.stock.naver.com/domestic/stock/014820/total"" target=""_blank"">Naver Mobile</a>"
029530,신도리코,,59.97291666666666,40.45,57.675000000000004,82.64166666666667,59.125,46000.0,4469.0,2720.0,6719.0,1997.0,828.0,1342.0,-59.51778538472987,141.18357487922705,48.80774962742176,111484.0,16.91176470588235,0.4126152631767787,2.439811990958344,,-59.51778538472987,-59.51778538472987,,,Report EPS/BPS,"<a href=""https://m.stock.naver.com/domestic/stock/029530/total"" target=""_blank"">Naver Mobile</a>"
322000,HD현대에너지솔루션,,59.96874999999999,43.775,52.699999999999996,80.425,62.975,196800.0,22042.0,5805.0,1646.0,1987.0,1732.0,-97.0,252.67314702308624,14.722863741339493,2148.4536082474224,39346.0,33.90180878552972,5.001779088090276,14.753723377217506,0.13417258297903803,252.67314702308624,252.67314702308624,0.13417258297903803,0.13417258297903803,Report EPS/BPS,"<a href=""https://m.stock.naver.com/domestic/stock/322000/total"" target=""_blank"">Naver Mobile</a>"
025860,남해화학,,59.95625,42.46666666666667,41.733333333333334,75.26666666666667,80.35833333333333,8310.0,4128.0,258.0,499.0,-41.0,-107.0,289.0,-48.296593186372746,61.6822429906542,-114.18685121107266,10987.0,32.2093023255814,0.756348411759352,2.3482297260398655,,-48.296593186372746,-48.296593186372746,,,Report EPS/BPS,"<a href=""https://m.stock.naver.com/domestic/stock/025860/total"" target=""_blank"">Naver Mobile</a>"
025890,한국주강,,59.94166666666667,41.74166666666667,45.1,81.45833333333333,71.46666666666667,2060.0,230.0,-34.0,80.0,1.0,-28.0,9.0,-142.5,103.57142857142858,-88.88888888888889,3047.0,,0.6760748276993764,-1.115851657367903,,-142.5,-142.5,,,Report EPS/BPS,"<a href=""https://m.stock.naver.com/domestic/stock/025890/total"" target=""_blank"">Naver Mobile</a>"
001250,GS글로벌,,59.90833333333333,39.46666666666667,42.050000000000004,69.59166666666667,88.52499999999999,3840.0,3169.0,211.0,609.0,64.0,-11.0,95.0,-65.35303776683087,681.8181818181819,-32.631578947368425,7034.0,18.19905213270142,0.5459198180267273,2.9997156667614444,,-65.35303776683087,-65.35303776683087,,,Report EPS/BPS,"<a href=""https://m.stock.naver.com/domestic/stock/001250/total"" target=""_blank"">Naver Mobile</a>"
280360,롯데웰푸드,,59.90625,50.4,42.15833333333333,73.59166666666667,73.47500000000001,121400.0,11174.0,7158.0,9427.0,1876.0,-1930.0,2571.0,-24.069163042325236,197.2020725388601,-27.03228315830416,251228.0,16.960044705224924,0.4832263919626793,2.8492047064817614,,-24.069163042325236,-24.069163042325236,,,Report EPS/BPS,"<a href=""https://m.stock.naver.com/domestic/stock/280360/total"" target=""_blank"">Naver Mobile</a>"
000720,현대건설,,59.81666666666668,47.64166666666667,37.175000000000004,71.34166666666667,83.10833333333333,155000.0,172601.0,3827.0,-1829.0,1558.0,1029.0,1082.0,309.2400218698742,51.40913508260447,43.992606284658045,99039.0,40.501698458322444,1.5650400347337918,3.8641343309201424,0.13097172291420042,309.2400218698742,309.2400218698742,0.13097172291420042,0.13097172291420042,Report EPS/BPS,"<a href=""https://m.stock.naver.com/domestic/stock/000720/total"" target=""_blank"">Naver Mobile</a>"
105630,한세실업,,59.787499999999994,38.25,52.050000000000004,75.89166666666667,72.95833333333333,10650.0,4260.0,1173.0,1164.0,-94.0,158.0,164.0,0.7731958762886598,-159.49367088607596,-157.3170731707317,18046.0,9.07928388746803,0.5901584838745428,6.500055413942148,11.742540494458652,0.7731958762886598,0.7731958762886598,11.742540494458652,11.742540494458652,Report EPS/BPS,"<a href=""https://m.stock.naver.com/domestic/stock/105630/total"" target=""_blank"">Naver Mobile</a>"
016380,KG스틸,,59.71875,34.699999999999996,55.18333333333334,74.10000000000001,74.89166666666667,7490.0,7491.0,1337.0,1759.0,451.0,321.0,465.0,-23.990903922683344,40.49844236760124,-3.010752688172043,20679.0,5.602094240837697,0.36220320131534406,6.4654963973112825,,-23.990903922683344,-23.990903922683344,,,Report EPS/BPS,"<a href=""https://m.stock.naver.com/domestic/stock/016380/total"" target=""_blank"">Naver Mobile</a>"
010690,화신,,59.66666666666667,47.31666666666666,47.46666666666667,63.775,80.10833333333333,13160.0,4596.0,1888.0,1527.0,811.0,555.0,834.0,23.64112639161755,46.126126126126124,-2.7577937649880093,17322.0,6.970338983050848,0.7597275141438633,10.899434245468191,0.2948395464575802,23.64112639161755,23.64112639161755,0.2948395464575802,0.2948395464575802,Report EPS/BPS,"<a href=""https://m.stock.naver.com/domestic/stock/010690/total"" target=""_blank"">Naver Mobile</a>"
306200,세아제강,,59.647916666666674,34.8,55.19166666666667,80.35833333333333,68.24166666666666,159400.0,4521.0,11338.0,45507.0,7401.0,4040.0,6639.0,-75.08515173489792,83.1930693069307,11.477632173520108,398951.0,14.058916916563767,0.39954781414258894,2.8419530217996694,,-75.08515173489792,-75.08515173489792,,,Report EPS/BPS,"<a href=""https://m.stock.naver.com/domestic/stock/306200/total"" target=""_blank"">Naver Mobile</a>"
032640,LG유플러스,,59.610416666666666,43.11666666666667,52.21666666666667,70.15833333333333,72.95,16210.0,69675.0,1246.0,952.0,412.0,207.0,386.0,30.88235294117647,99.03381642512076,6.7357512953367875,21057.0,13.009630818619582,0.7698152633328584,5.917272166025549,0.4212642360314912,30.88235294117647,30.88235294117647,0.4212642360314912,0.4212642360314912,Report EPS/BPS,"<a href=""https://m.stock.naver.com/domestic/stock/032640/total"" target=""_blank"">Naver Mobile</a>"
007540,샘표,,59.56041666666667,47.24166666666667,43.50833333333333,79.61666666666666,67.875,48750.0,1402.0,4682.0,1724.0,1612.0,27.0,318.0,171.57772621809744,5870.37037037037,406.9182389937107,128211.0,10.412217001281503,0.3802325853475911,3.6517927478921464,0.06068513221842228,171.57772621809744,171.57772621809744,0.06068513221842228,0.06068513221842228,Report EPS/BPS,"<a href=""https://m.stock.naver.com/domestic/stock/007540/total"" target=""_blank"">Naver Mobile</a>"
004140,동방,,59.55625,52.24166666666667,47.25,55.699999999999996,83.03333333333333,2430.0,1166.0,277.0,336.0,47.0,-13.0,128.0,-17.559523809523807,461.5384615384615,-63.28125,3739.0,8.772563176895307,0.6499063920834448,7.408397967370956,,-17.559523809523807,-17.559523809523807,,,Report EPS/BPS,"<a href=""https://m.stock.naver.com/domestic/stock/004140/total"" target=""_blank"">Naver Mobile</a>"
298690,에어부산,,59.541666666666664,52.00833333333333,60.974999999999994,40.21666666666667,84.96666666666667,1959.0,2285.0,-603.0,,-138.0,-271.0,276.0,,49.07749077490775,-150.0,1233.0,,1.5888077858880778,-48.9051094890511,,,,,,Report EPS/BPS,"<a href=""https://m.stock.naver.com/domestic/stock/298690/total"" target=""_blank"">Naver Mobile</a>"
003620,KG모빌리티,,59.48958333333333,55.88333333333333,36.80833333333333,65.275,79.99166666666666,3865.0,7822.0,351.0,-84.0,135.0,213.0,15.0,517.8571428571429,-36.61971830985916,800.0,7469.0,11.01139601139601,0.5174722185031463,4.699424287053152,0.021263385401316434,517.8571428571429,517.8571428571429,0.021263385401316434,0.021263385401316434,Report EPS/BPS,"<a href=""https://m.stock.naver.com/domestic/stock/003620/total"" target=""_blank"">Naver Mobile</a>"
122900,아이마켓코리아,,59.46666666666667,41.1,39.74166666666667,67.85833333333333,89.16666666666667,7400.0,2474.0,868.0,695.0,302.0,136.0,61.0,24.89208633093525,122.05882352941177,395.08196721311475,12636.0,8.525345622119815,0.5856283634061412,6.869262424817981,0.3424922085186862,24.89208633093525,24.89208633093525,0.3424922085186862,0.3424922085186862,Report EPS/BPS,"<a href=""https://m.stock.naver.com/domestic/stock/122900/total"" target=""_blank"">Naver Mobile</a>"
267250,HD현대,,59.462500000000006,54.05833333333334,45.725,61.333333333333336,76.73333333333333,269500.0,212886.0,19301.0,6647.0,9889.0,5667.0,2774.0,190.37159620881602,74.5014999117699,256.48882480173035,401591.0,13.963007098077819,0.6710807762126143,4.806133603591714,0.07334606304798741,190.37159620881602,190.37159620881602,0.07334606304798741,0.07334606304798741,Report EPS/BPS,"<a href=""https://m.stock.naver.com/domestic/stock/267250/total"" target=""_blank"">Naver Mobile</a>"
002780,진흥기업,,59.44166666666666,36.475,44.449999999999996,79.63333333333334,77.20833333333333,1133.0,1648.0,-153.0,-23.0,65.0,-184.0,23.0,-565.2173913043479,135.32608695652172,182.6086956521739,1721.0,,0.6583381754793725,-8.890180127832656,,-565.2173913043479,-565.2173913043479,,,Report EPS/BPS,"<a href=""https://m.stock.naver.com/domestic/stock/002780/total"" target=""_blank"">Naver Mobile</a>"
001620,케이비아이동국실업,,59.41666666666667,57.50833333333333,44.5,53.025,82.63333333333334,642.0,714.0,378.0,135.0,48.0,238.0,-46.0,180.0,-79.83193277310924,204.34782608695653,2570.0,1.6984126984126984,0.24980544747081712,14.708171206225682,0.009435626102292769,180.0,180.0,0.009435626102292769,0.009435626102292769,Report EPS/BPS,"<a href=""https://m.stock.naver.com/domestic/stock/001620/total"" target=""_blank"">Naver Mobile</a>"
000100,유한양행,,59.41458333333333,54.35833333333333,46.14166666666667,82.775,54.38333333333333,86000.0,68497.0,2666.0,839.0,340.0,1437.0,111.0,217.75923718712752,-76.33959638135003,206.30630630630628,29382.0,32.25806451612903,2.926962085630658,9.07358246545504,0.14813637727987006,217.75923718712752,217.75923718712752,0.14813637727987006,0.14813637727987006,Report EPS/BPS,"<a href=""https://m.stock.naver.com/domestic/stock/000100/total"" target=""_blank"">Naver Mobile</a>"
047050,포스코인터내셔널,,59.39791666666667,42.833333333333336,45.98333333333333,63.93333333333334,84.84166666666667,71900.0,126488.0,3864.0,3058.0,1509.0,686.0,1135.0,26.357096141268805,119.97084548104957,32.95154185022026,43952.0,18.607660455486542,1.6358755005460501,8.791408809610484,0.7059829487950104,26.357096141268805,26.357096141268805,0.7059829487950104,0.7059829487950104,Report EPS/BPS,"<a href=""https://m.stock.naver.com/domestic/stock/047050/total"" target=""_blank"">Naver Mobile</a>"
011500,한농화성,,59.33541666666666,44.375,43.51666666666667,81.74166666666666,67.70833333333333,19630.0,3070.0,263.0,401.0,213.0,-17.0,197.0,-34.413965087281795,1352.9411764705883,8.121827411167512,11325.0,74.63878326996198,1.7333333333333334,2.322295805739514,,-34.413965087281795,-34.413965087281795,,,Report EPS/BPS,"<a href=""https://m.stock.naver.com/domestic/stock/011500/total"" target=""_blank"">Naver Mobile</a>"
012450,한화에어로스페이스,,59.329166666666666,73.425,61.00833333333333,55.44166666666666,47.44166666666666,1216000.0,627011.0,30625.0,46518.0,5056.0,12266.0,1679.0,-34.16526935809794,-58.78036849828795,201.131625967838,338226.0,39.70612244897959,3.595229225429151,9.054596630655244,,-34.16526935809794,-34.16526935809794,,,Report EPS/BPS,"<a href=""https://m.stock.naver.com/domestic/stock/012450/total"" target=""_blank"">Naver Mobile</a>"
010820,퍼스텍,,59.31458333333334,71.25833333333334,50.71666666666667,55.63333333333333,59.65,11700.0,5706.0,293.0,264.0,35.0,165.0,45.0,10.984848484848484,-78.78787878787878,-22.22222222222222,1696.0,39.93174061433447,6.898584905660377,17.275943396226413,3.6351653524773453,10.984848484848484,10.984848484848484,3.6351653524773453,3.6351653524773453,Report EPS/BPS,"<a href=""https://m.stock.naver.com/domestic/stock/010820/total"" target=""_blank"">Naver Mobile</a>"
272550,삼양패키징,,59.31041666666667,46.35,49.425000000000004,70.78333333333333,70.68333333333334,10350.0,1560.0,1332.0,1070.0,-88.0,-305.0,-248.0,24.485981308411215,71.14754098360656,64.51612903225806,25320.0,7.77027027027027,0.4087677725118483,5.260663507109005,0.3173354652362286,24.485981308411215,24.485981308411215,0.3173354652362286,0.3173354652362286,Report EPS/BPS,"<a href=""https://m.stock.naver.com/domestic/stock/272550/total"" target=""_blank"">Naver Mobile</a>"
009290,광동제약,,59.233333333333334,45.73333333333333,40.65833333333333,74.49166666666666,76.05,7530.0,3750.0,434.0,523.0,88.0,79.0,75.0,-17.01720841300191,11.39240506329114,17.333333333333336,14304.0,17.350230414746544,0.5264261744966443,3.0341163310961967,,-17.01720841300191,-17.01720841300191,,,Report EPS/BPS,"<a href=""https://m.stock.naver.com/domestic/stock/009290/total"" target=""_blank"">Naver Mobile</a>"
088260,이리츠코크렙,,59.14375,38.175,81.48333333333333,66.80833333333334,50.10833333333333,4365.0,2765.0,154.0,311.0,48.0,65.0,78.0,-50.482315112540185,-26.153846153846157,-38.46153846153847,3402.0,28.344155844155843,1.283068783068783,4.526748971193416,,-50.482315112540185,-50.482315112540185,,,Report EPS/BPS,"<a href=""https://m.stock.naver.com/domestic/stock/088260/total"" target=""_blank"">Naver Mobile</a>"
002030,아세아,,59.108333333333334,35.25,48.324999999999996,79.38333333333334,73.47500000000001,221500.0,4560.0,15253.0,25715.0,4531.0,-3523.0,4311.0,-40.68442543262687,228.61197842747657,5.103224309904895,987061.0,14.52173342948928,0.22440355763220307,1.5452945663945794,,-40.68442543262687,-40.68442543262687,,,Report EPS/BPS,"<a href=""https://m.stock.naver.com/domestic/stock/002030/total"" target=""_blank"">Naver Mobile</a>"
079430,현대리바트,,59.085416666666674,51.9,36.324999999999996,66.95,81.16666666666667,7000.0,1408.0,122.0,848.0,80.0,-138.0,326.0,-85.61320754716981,157.97101449275362,-75.4601226993865,20733.0,57.377049180327866,0.3376260068489847,0.5884338976510877,,-85.61320754716981,-85.61320754716981,,,Report EPS/BPS,"<a href=""https://m.stock.naver.com/domestic/stock/079430/total"" target=""_blank"">Naver Mobile</a>"
017370,우신시스템,,59.075,53.99166666666667,52.15833333333333,58.041666666666664,72.10833333333333,5520.0,1011.0,601.0,1965.0,74.0,303.0,292.0,-69.4147582697201,-75.57755775577559,-74.65753424657534,9613.0,9.1846921797005,0.5742224071569749,6.251950483719962,,-69.4147582697201,-69.4147582697201,,,Report EPS/BPS,"<a href=""https://m.stock.naver.com/domestic/stock/017370/total"" target=""_blank"">Naver Mobile</a>"
214320,이노션,,59.03125,50.18333333333334,53.0,78.44166666666666,54.5,20850.0,8340.0,2880.0,2166.0,897.0,779.0,311.0,32.96398891966759,15.14762516046213,188.42443729903536,28221.0,7.239583333333333,0.7388115233336877,10.20516636547252,0.2196209733893557,32.96398891966759,32.96398891966759,0.2196209733893557,0.2196209733893557,Report EPS/BPS,"<a href=""https://m.stock.naver.com/domestic/stock/214320/total"" target=""_blank"">Naver Mobile</a>"
009320,아진전자부품,,59.025000000000006,62.44166666666666,42.550000000000004,52.59166666666667,78.51666666666667,1045.0,515.0,85.0,48.0,8.0,-6.0,12.0,77.08333333333334,233.33333333333334,-33.33333333333333,695.0,12.294117647058824,1.5035971223021583,12.23021582733813,0.15949125596184419,77.08333333333334,77.08333333333334,0.15949125596184419,0.15949125596184419,Report EPS/BPS,"<a href=""https://m.stock.naver.com/domestic/stock/009320/total"" target=""_blank"">Naver Mobile</a>"
085310,엔케이,,58.99791666666666,49.5,43.48333333333333,72.75,70.25833333333333,1169.0,867.0,-19.0,-35.0,38.0,16.0,2.0,45.714285714285715,137.5,1800.0,2276.0,,0.5136203866432337,-0.8347978910369069,,45.714285714285715,45.714285714285715,,,Report EPS/BPS,"<a href=""https://m.stock.naver.com/domestic/stock/085310/total"" target=""_blank"">Naver Mobile</a>"
051900,LG생활건강,,58.94791666666666,31.233333333333334,46.949999999999996,90.52499999999999,67.08333333333333,268000.0,4981.0,-7470.0,11823.0,5499.0,-16460.0,6423.0,-163.18193351941133,133.408262454435,-14.385801027557216,371413.0,,0.7215687119190766,-2.011238163446083,,-163.18193351941133,-163.18193351941133,,,Report EPS/BPS,"<a href=""https://m.stock.naver.com/domestic/stock/051900/total"" target=""_blank"">Naver Mobile</a>"
001680,대상,,58.93958333333333,46.0,42.15833333333333,71.86666666666666,75.73333333333333,20750.0,7189.0,-8677.0,2978.0,924.0,-10753.0,819.0,-391.37004701141706,108.59295080442668,12.82051282051282,32212.0,,0.6441698745809016,-26.937166273438468,,-391.37004701141706,-391.37004701141706,,,Report EPS/BPS,"<a href=""https://m.stock.naver.com/domestic/stock/001680/total"" target=""_blank"">Naver Mobile</a>"
023590,다우기술,,58.93541666666666,59.10833333333333,43.375,58.6,74.65833333333333,43600.0,18873.0,14175.0,8198.0,4864.0,2731.0,2359.0,72.90802634788973,78.10325887953131,106.18906316235692,180476.0,3.075837742504409,0.24158336842571865,7.854229925308628,0.04218791670244461,72.90802634788973,72.90802634788973,0.04218791670244461,0.04218791670244461,Report EPS/BPS,"<a href=""https://m.stock.naver.com/domestic/stock/023590/total"" target=""_blank"">Naver Mobile</a>"
008260,NI스틸,,58.93125,34.78333333333334,62.71666666666667,70.15833333333333,68.06666666666666,3680.0,1052.0,661.0,696.0,134.0,163.0,137.0,-5.028735632183908,-17.791411042944784,-2.18978102189781,9495.0,5.56732223903177,0.3875724065297525,6.961558715113217,,-5.028735632183908,-5.028735632183908,,,Report EPS/BPS,"<a href=""https://m.stock.naver.com/domestic/stock/008260/total"" target=""_blank"">Naver Mobile</a>"
183190,아세아시멘트,,58.90416666666667,40.9,54.01666666666667,69.64166666666667,71.05833333333334,10630.0,3881.0,574.0,1791.0,135.0,-443.0,24.0,-67.95086543830263,130.47404063205417,462.5,30104.0,18.519163763066203,0.3531092213659314,1.906723359022057,,-67.95086543830263,-67.95086543830263,,,Report EPS/BPS,"<a href=""https://m.stock.naver.com/domestic/stock/183190/total"" target=""_blank"">Naver Mobile</a>"
004560,현대비앤지스틸,,58.89791666666667,45.44166666666666,43.949999999999996,79.98333333333333,66.21666666666667,16590.0,2502.0,1205.0,1592.0,289.0,375.0,68.0,-24.309045226130653,-22.933333333333334,325.0,34723.0,13.767634854771785,0.4777812976989315,3.4703222647812693,,-24.309045226130653,-24.309045226130653,,,Report EPS/BPS,"<a href=""https://m.stock.naver.com/domestic/stock/004560/total"" target=""_blank"">Naver Mobile</a>"
100250,진양홀딩스,,58.87499999999999,48.88333333333333,43.06666666666666,71.89166666666667,71.65833333333333,3030.0,1936.0,569.0,120.0,123.0,76.0,-161.0,374.1666666666667,61.8421052631579,176.3975155279503,7375.0,5.325131810193322,0.41084745762711866,7.715254237288136,0.014231978111875248,374.1666666666667,374.1666666666667,0.014231978111875248,0.014231978111875248,Report EPS/BPS,"<a href=""https://m.stock.naver.com/domestic/stock/100250/total"" target=""_blank"">Naver Mobile</a>"
006260,LS,,58.84583333333333,56.025,41.266666666666666,67.7,70.39166666666667,472500.0,147420.0,10889.0,9103.0,4996.0,582.0,2787.0,19.619905525650886,758.4192439862543,79.26085396483674,248465.0,43.392414363118746,1.9016762924355544,4.382508602821323,2.2116525640955764,19.619905525650886,19.619905525650886,2.2116525640955764,2.2116525640955764,Report EPS/BPS,"<a href=""https://m.stock.naver.com/domestic/stock/006260/total"" target=""_blank"">Naver Mobile</a>"
002350,넥센타이어,,58.825,59.699999999999996,49.699999999999996,65.46666666666667,60.43333333333334,6820.0,6661.0,1773.0,1283.0,635.0,381.0,407.0,38.19173811379579,66.66666666666666,56.01965601965602,21963.0,3.846587704455725,0.31052224195237443,8.072667668351318,0.1007177964248305,38.19173811379579,38.19173811379579,0.1007177964248305,0.1007177964248305,Report EPS/BPS,"<a href=""https://m.stock.naver.com/domestic/stock/002350/total"" target=""_blank"">Naver Mobile</a>"
017670,SK텔레콤,,58.81666666666666,39.916666666666664,59.74166666666667,66.43333333333334,69.175,101300.0,217582.0,1705.0,5874.0,1501.0,524.0,1697.0,-70.97378277153558,186.45038167938932,-11.54979375368297,62143.0,59.41348973607038,1.6301111951466778,2.743671853627923,,-70.97378277153558,-70.97378277153558,,,Report EPS/BPS,"<a href=""https://m.stock.naver.com/domestic/stock/017670/total"" target=""_blank"">Naver Mobile</a>"
004080,신흥,,58.80416666666666,36.25833333333333,50.98333333333333,86.39999999999999,61.574999999999996,13800.0,1297.0,353.0,456.0,82.0,-33.0,30.0,-22.587719298245617,348.4848484848485,173.33333333333334,12127.0,39.093484419263454,1.1379566257112228,2.9108600643192877,,-22.587719298245617,-22.587719298245617,,,Report EPS/BPS,"<a href=""https://m.stock.naver.com/domestic/stock/004080/total"" target=""_blank"">Naver Mobile</a>"
014530,극동유화,,58.787499999999994,33.56666666666667,38.55833333333333,68.69166666666666,94.33333333333333,3565.0,1243.0,79.0,209.0,99.0,-37.0,52.0,-62.20095693779905,367.5675675675676,90.38461538461539,6575.0,45.12658227848101,0.5422053231939163,1.2015209125475286,,-62.20095693779905,-62.20095693779905,,,Report EPS/BPS,"<a href=""https://m.stock.naver.com/domestic/stock/014530/total"" target=""_blank"">Naver Mobile</a>"
016090,대현,,58.78541666666668,32.59166666666667,54.208333333333336,95.41666666666667,52.925000000000004,1756.0,778.0,283.0,297.0,87.0,160.0,54.0,-4.713804713804714,-45.625,61.111111111111114,6267.0,6.204946996466431,0.28019786181586087,4.5157172490824955,,-4.713804713804714,-4.713804713804714,,,Report EPS/BPS,"<a href=""https://m.stock.naver.com/domestic/stock/016090/total"" target=""_blank"">Naver Mobile</a>"
350520,이지스레지던스리츠,,58.78541666666666,40.125,81.64999999999999,63.56666666666666,49.800000000000004,3605.0,1329.0,202.0,1864.0,-171.0,-41.0,-27.0,-89.16309012875536,-317.0731707317073,-533.3333333333333,8204.0,17.846534653465348,0.439419795221843,2.462213554363725,,-89.16309012875536,-89.16309012875536,,,Report EPS/BPS,"<a href=""https://m.stock.naver.com/domestic/stock/350520/total"" target=""_blank"">Naver Mobile</a>"
353200,대덕전자,,58.760416666666664,35.574999999999996,46.75833333333333,79.55,73.15833333333333,135800.0,67108.0,1999.0,327.0,921.0,518.0,-115.0,511.31498470948014,77.7992277992278,900.8695652173913,18590.0,67.93396698349174,7.305002689618075,10.753093060785368,0.1328612871028816,511.31498470948014,511.31498470948014,0.1328612871028816,0.1328612871028816,Report EPS/BPS,"<a href=""https://m.stock.naver.com/domestic/stock/353200/total"" target=""_blank"">Naver Mobile</a>"
004800,효성,,58.73333333333334,51.98333333333334,59.86666666666667,63.31666666666666,59.76666666666667,226000.0,37833.0,20201.0,30825.0,4378.0,7769.0,3885.0,-34.46553122465531,-43.64783112369675,12.68983268983269,173103.0,11.187564972031087,1.3055810702298631,11.669930619342242,,-34.46553122465531,-34.46553122465531,,,Report EPS/BPS,"<a href=""https://m.stock.naver.com/domestic/stock/004800/total"" target=""_blank"">Naver Mobile</a>"
001120,LX인터내셔널,,58.68541666666667,35.88333333333333,41.824999999999996,69.25,87.78333333333335,45450.0,17616.0,2686.0,5044.0,1608.0,-1378.0,2581.0,-46.748612212529736,216.69085631349782,-37.69856644711352,93907.0,16.9210722263589,0.48398947895258077,2.8602766566922595,,-46.748612212529736,-46.748612212529736,,,Report EPS/BPS,"<a href=""https://m.stock.naver.com/domestic/stock/001120/total"" target=""_blank"">Naver Mobile</a>"
066570,LG전자,,58.66250000000001,44.56666666666666,42.15833333333333,69.13333333333334,78.79166666666667,240500.0,391738.0,6000.0,4246.0,5008.0,-5085.0,4905.0,41.3094677343382,198.48574237954767,2.0998980632008153,187429.0,40.083333333333336,1.2831525537670265,3.2012121923501695,0.9703183200304067,41.3094677343382,41.3094677343382,0.9703183200304067,0.9703183200304067,Report EPS/BPS,"<a href=""https://m.stock.naver.com/domestic/stock/066570/total"" target=""_blank"">Naver Mobile</a>"
017550,수산세보틱스,,58.608333333333334,41.86666666666667,53.14166666666667,86.16666666666667,53.25833333333333,2835.0,1769.0,250.0,159.0,47.0,102.0,51.0,57.23270440251572,-53.92156862745098,-7.8431372549019605,3269.0,11.34,0.867237687366167,7.647598654022637,0.19813846153846154,57.23270440251572,57.23270440251572,0.19813846153846154,0.19813846153846154,Report EPS/BPS,"<a href=""https://m.stock.naver.com/domestic/stock/017550/total"" target=""_blank"">Naver Mobile</a>"
001790,대한제당,,58.60416666666667,44.025,43.550000000000004,73.66666666666667,73.175,2780.0,2494.0,-1000.0,570.0,105.0,-1323.0,432.0,-275.43859649122805,107.93650793650794,-75.69444444444444,5392.0,,0.5155786350148368,-18.5459940652819,,-275.43859649122805,-275.43859649122805,,,Report EPS/BPS,"<a href=""https://m.stock.naver.com/domestic/stock/001790/total"" target=""_blank"">Naver Mobile</a>"
096760,JW홀딩스,,58.547916666666666,48.85833333333333,66.15833333333333,63.09166666666667,56.083333333333336,4000.0,2957.0,934.0,817.0,280.0,308.0,137.0,14.320685434516525,-9.090909090909092,104.37956204379562,8195.0,4.282655246252677,0.4881025015253203,11.39719341061623,0.29905378941781513,14.320685434516525,14.320685434516525,0.29905378941781513,0.29905378941781513,Report EPS/BPS,"<a href=""https://m.stock.naver.com/domestic/stock/096760/total"" target=""_blank"">Naver Mobile</a>"
010420,한솔PNS,,58.50416666666667,41.13333333333333,36.608333333333334,66.03333333333333,90.24166666666667,,,,,,,,,,,,,,,,,,,,Report EPS/BPS,"<a href=""https://m.stock.naver.com/domestic/stock/010420/total"" target=""_blank"">Naver Mobile</a>"
248070,솔루엠,,58.493750000000006,38.675000000000004,49.324999999999996,71.8,74.175,21550.0,1304.0,293.0,640.0,76.0,-148.0,64.0,-54.21875000000001,151.35135135135135,18.75,11961.0,73.54948805460751,1.801688822004849,2.4496279575286346,,-54.21875000000001,-54.21875000000001,,,Report EPS/BPS,"<a href=""https://m.stock.naver.com/domestic/stock/248070/total"" target=""_blank"">Naver Mobile</a>"
352820,하이브,,58.474999999999994,43.800000000000004,49.35833333333333,73.06666666666666,67.675,244000.0,105169.0,-10578.0,1214.0,-3677.0,-6154.0,1396.0,-971.334431630972,40.2502437439064,-363.3954154727794,83704.0,,2.915033929083437,-12.637388894198603,,-971.334431630972,-971.334431630972,,,Report EPS/BPS,"<a href=""https://m.stock.naver.com/domestic/stock/352820/total"" target=""_blank"">Naver Mobile</a>"
013520,화승코퍼레이션,,58.47291666666666,54.824999999999996,47.949999999999996,55.99166666666667,75.125,3210.0,1607.0,1511.0,482.0,291.0,828.0,339.0,213.48547717842322,-64.85507246376811,-14.15929203539823,8815.0,2.1244209133024485,0.3641520136131594,17.141236528644356,0.009951126143943443,213.48547717842322,213.48547717842322,0.009951126143943443,0.009951126143943443,Report EPS/BPS,"<a href=""https://m.stock.naver.com/domestic/stock/013520/total"" target=""_blank"">Naver Mobile</a>"
030720,동원수산,,58.42708333333334,49.225,41.59166666666667,69.22500000000001,73.66666666666667,6240.0,290.0,1971.0,1051.0,695.0,318.0,389.0,87.53568030447192,118.55345911949686,78.66323907455013,13108.0,3.165905631659056,0.4760451632590784,15.036618858712236,0.03616703063993118,87.53568030447192,87.53568030447192,0.03616703063993118,0.03616703063993118,Report EPS/BPS,"<a href=""https://m.stock.naver.com/domestic/stock/030720/total"" target=""_blank"">Naver Mobile</a>"
014160,대영포장,,58.400000000000006,32.425000000000004,38.00833333333333,79.19166666666666,83.97500000000001,1027.0,1113.0,-5.0,-26.0,-20.0,-19.0,-1.0,80.76923076923077,-5.263157894736842,-1900.0,1754.0,,0.5855188141391106,-0.28506271379703535,,80.76923076923077,80.76923076923077,,,Report EPS/BPS,"<a href=""https://m.stock.naver.com/domestic/stock/014160/total"" target=""_blank"">Naver Mobile</a>"
267270,HD현대건설기계,,58.381249999999994,49.916666666666664,47.73333333333333,77.52499999999999,58.35,162400.0,77910.0,5105.0,1722.0,3626.0,465.0,593.0,196.4576074332172,679.7849462365591,511.4671163575042,100675.0,31.81194906953967,1.6131114973926,5.070772287062329,0.1619278046046329,196.4576074332172,196.4576074332172,0.1619278046046329,0.1619278046046329,Report EPS/BPS,"<a href=""https://m.stock.naver.com/domestic/stock/267270/total"" target=""_blank"">Naver Mobile</a>"
001460,BYC,,58.3625,41.074999999999996,58.525,82.02499999999999,51.824999999999996,44650.0,2789.0,3308.0,2824.0,686.0,1352.0,513.0,17.138810198300284,-49.2603550295858,33.72319688109162,90133.0,13.497581620314389,0.4953790509580287,3.670131916168329,0.7875448449538808,17.138810198300284,17.138810198300284,0.7875448449538808,0.7875448449538808,Report EPS/BPS,"<a href=""https://m.stock.naver.com/domestic/stock/001460/total"" target=""_blank"">Naver Mobile</a>"
032560,황금에스티,,58.35000000000001,38.583333333333336,52.76666666666667,86.03333333333335,56.01666666666667,6080.0,1034.0,1220.0,1160.0,484.0,224.0,324.0,5.172413793103448,116.07142857142858,49.382716049382715,25977.0,4.983606557377049,0.234053200908496,4.696462255071794,0.9634972677595629,5.172413793103448,5.172413793103448,0.9634972677595629,0.9634972677595629,Report EPS/BPS,"<a href=""https://m.stock.naver.com/domestic/stock/032560/total"" target=""_blank"">Naver Mobile</a>"
092790,넥스틸,,58.34675324675325,26.714285714285715,61.18181818181818,79.7,65.7909090909091,20700.0,5382.0,722.0,2099.0,106.0,-125.0,770.0,-65.60266793711291,184.8,-86.23376623376623,18018.0,28.670360110803323,1.1488511488511488,4.007104007104007,,-65.60266793711291,-65.60266793711291,,,Report EPS/BPS,"<a href=""https://m.stock.naver.com/domestic/stock/092790/total"" target=""_blank"">Naver Mobile</a>"
077500,유니퀘스트,,58.33333333333333,39.1,47.0,79.64999999999999,67.58333333333333,7860.0,1698.0,1065.0,295.0,416.0,92.0,305.0,261.0169491525424,352.17391304347825,36.39344262295082,11901.0,7.380281690140845,0.6604487017897656,8.948827829594151,0.028275105176513625,261.0169491525424,261.0169491525424,0.028275105176513625,0.028275105176513625,Report EPS/BPS,"<a href=""https://m.stock.naver.com/domestic/stock/077500/total"" target=""_blank"">Naver Mobile</a>"
017810,풀무원,,58.25416666666666,53.125,40.458333333333336,51.96666666666667,87.46666666666665,11020.0,4201.0,692.0,819.0,171.0,127.0,-46.0,-15.506715506715507,34.645669291338585,471.7391304347826,16111.0,15.92485549132948,0.6840047172739122,4.29520203587611,,-15.506715506715507,-15.506715506715507,,,Report EPS/BPS,"<a href=""https://m.stock.naver.com/domestic/stock/017810/total"" target=""_blank"">Naver Mobile</a>"
069460,대호에이엘,,58.150000000000006,47.55833333333334,40.958333333333336,74.50833333333334,69.575,532.0,463.0,-458.0,59.0,-42.0,-417.0,47.0,-876.271186440678,89.92805755395683,-189.36170212765958,944.0,,0.5635593220338984,-48.516949152542374,,-876.271186440678,-876.271186440678,,,Report EPS/BPS,"<a href=""https://m.stock.naver.com/domestic/stock/069460/total"" target=""_blank"">Naver Mobile</a>"
004090,한국석유,,58.10000000000001,42.050000000000004,40.80833333333334,68.79166666666667,80.75,14420.0,1830.0,579.0,922.0,126.0,28.0,-42.0,-37.20173535791757,350.0,400.0,16296.0,24.905008635578582,0.8848797250859106,3.5530191458026508,,-37.20173535791757,-37.20173535791757,,,Report EPS/BPS,"<a href=""https://m.stock.naver.com/domestic/stock/004090/total"" target=""_blank"">Naver Mobile</a>"
298020,효성티앤씨,,58.08958333333334,47.791666666666664,43.88333333333333,57.583333333333336,83.10000000000001,440000.0,19042.0,6763.0,,9008.0,-6929.0,4744.0,,230.00432962909508,89.88195615514334,473894.0,65.0598846665681,0.9284776764424112,1.4271123922227333,,,,,,Report EPS/BPS,"<a href=""https://m.stock.naver.com/domestic/stock/298020/total"" target=""_blank"">Naver Mobile</a>"
071320,지역난방공사,,58.03750000000001,55.28333333333333,54.05833333333334,46.24166666666667,76.56666666666668,76700.0,8881.0,27785.0,26013.0,18682.0,6732.0,20165.0,6.81197862607158,177.51039809863337,-7.354326803868089,211380.0,2.7604822746086017,0.3628536285362854,13.144573753429842,0.405239421046239,6.81197862607158,6.81197862607158,0.405239421046239,0.405239421046239,Report EPS/BPS,"<a href=""https://m.stock.naver.com/domestic/stock/071320/total"" target=""_blank"">Naver Mobile</a>"
001040,CJ,,58.025000000000006,47.449999999999996,45.25833333333333,60.541666666666664,78.85000000000001,217000.0,63314.0,5121.0,3404.0,2593.0,-8011.0,2384.0,50.4406580493537,132.36799400823867,8.766778523489933,588529.0,42.37453622339387,0.3687159001510546,0.8701355413242169,0.8400869033455605,50.4406580493537,50.4406580493537,0.8400869033455605,0.8400869033455605,Report EPS/BPS,"<a href=""https://m.stock.naver.com/domestic/stock/001040/total"" target=""_blank"">Naver Mobile</a>"
377740,바이오노트,,58.02125000000001,55.56,62.10833333333334,78.66666666666667,35.75,4975.0,5069.0,-493.0,,405.0,-1904.0,40.0,,121.27100840336134,912.5,15117.0,,0.329099689091751,-3.2612290798438845,,,,,,Report EPS/BPS,"<a href=""https://m.stock.naver.com/domestic/stock/377740/total"" target=""_blank"">Naver Mobile</a>"
012630,HDC,,57.99791666666666,62.23333333333333,45.574999999999996,75.35833333333333,48.824999999999996,24150.0,14428.0,5009.0,3226.0,1149.0,1614.0,1178.0,55.26968381897086,-28.810408921933085,-2.461799660441426,91482.0,4.821321621082053,0.2639863579720601,5.475394066592335,0.0872326615233354,55.26968381897086,55.26968381897086,0.0872326615233354,0.0872326615233354,Report EPS/BPS,"<a href=""https://m.stock.naver.com/domestic/stock/012630/total"" target=""_blank"">Naver Mobile</a>"
009160,SIMPAC,,57.9875,50.475,41.56666666666667,68.075,71.83333333333333,6560.0,4288.0,284.0,568.0,29.0,59.0,59.0,-50.0,-50.847457627118644,-50.847457627118644,10042.0,23.098591549295776,0.6532563234415455,2.8281218880701053,,-50.0,-50.0,,,Report EPS/BPS,"<a href=""https://m.stock.naver.com/domestic/stock/009160/total"" target=""_blank"">Naver Mobile</a>"
002140,고려산업,,57.9875,56.083333333333336,44.63333333333333,62.125,69.10833333333333,2465.0,615.0,311.0,233.0,24.0,55.0,100.0,33.47639484978541,-56.36363636363636,-76.0,4704.0,7.92604501607717,0.5240221088435374,6.611394557823129,0.2367651908648693,33.47639484978541,33.47639484978541,0.2367651908648693,0.2367651908648693,Report EPS/BPS,"<a href=""https://m.stock.naver.com/domestic/stock/002140/total"" target=""_blank"">Naver Mobile</a>"
004250,NPC,,57.945833333333326,39.025,46.25,74.675,71.83333333333333,3480.0,1278.0,421.0,1980.0,125.0,13.0,56.0,-78.73737373737374,861.5384615384615,123.21428571428572,12339.0,8.26603325415677,0.28203257962557743,3.411945862711727,,-78.73737373737374,-78.73737373737374,,,Report EPS/BPS,"<a href=""https://m.stock.naver.com/domestic/stock/004250/total"" target=""_blank"">Naver Mobile</a>"
338100,NH프라임리츠,,57.944444444444436,52.44444444444444,84.14166666666667,87.08333333333333,8.108333333333333,4510.0,842.0,551.0,612.0,-56.0,577.0,-134.0,-9.967320261437909,-109.7053726169844,58.2089552238806,5765.0,8.185117967332124,0.782307025151778,9.557675628794449,,-9.967320261437909,-9.967320261437909,,,Report EPS/BPS,"<a href=""https://m.stock.naver.com/domestic/stock/338100/total"" target=""_blank"">Naver Mobile</a>"
005390,신성통상,,57.92708333333333,35.53333333333333,55.525,65.13333333333334,75.51666666666667,,,,,,,,,,,,,,,,,,,,Report EPS/BPS,"<a href=""https://m.stock.naver.com/domestic/stock/005390/total"" target=""_blank"">Naver Mobile</a>"
002170,삼양통상,,57.925000000000004,45.64166666666667,56.76666666666667,85.2,44.09166666666667,59500.0,1785.0,7956.0,4072.0,1042.0,2695.0,1070.0,95.38310412573674,-61.33580705009276,-2.6168224299065423,150167.0,7.478632478632479,0.3962255355703983,5.298101447055611,0.0784062601776299,95.38310412573674,95.38310412573674,0.0784062601776299,0.0784062601776299,Report EPS/BPS,"<a href=""https://m.stock.naver.com/domestic/stock/002170/total"" target=""_blank"">Naver Mobile</a>"
004000,롯데정밀화학,,57.90208333333333,32.65,48.44166666666666,87.25833333333333,63.25833333333333,55200.0,14242.0,4744.0,-724.0,1732.0,1045.0,1100.0,755.2486187845304,65.74162679425838,57.45454545454546,94669.0,11.63575042158516,0.5830842197551469,5.0111440915188705,0.015406516651842821,755.2486187845304,755.2486187845304,0.015406516651842821,0.015406516651842821,Report EPS/BPS,"<a href=""https://m.stock.naver.com/domestic/stock/004000/total"" target=""_blank"">Naver Mobile</a>"
163560,동일고무벨트,,57.889583333333334,48.4,45.949999999999996,74.81666666666666,62.39166666666667,6900.0,959.0,1361.0,591.0,746.0,323.0,151.0,130.28764805414554,130.95975232198143,394.03973509933775,17763.0,5.069801616458486,0.3884478973146428,7.661994032539549,0.03891237344580474,130.28764805414554,130.28764805414554,0.03891237344580474,0.03891237344580474,Report EPS/BPS,"<a href=""https://m.stock.naver.com/domestic/stock/163560/total"" target=""_blank"">Naver Mobile</a>"
026890,스틱인베스트먼트,,57.837500000000006,42.25,65.68333333333334,85.79166666666667,37.625,8950.0,3470.0,596.0,-91.0,94.0,325.0,-114.0,754.945054945055,-71.07692307692308,182.45614035087718,6665.0,15.016778523489933,1.3428357089272318,8.942235558889722,0.01989122046051796,754.945054945055,754.945054945055,0.01989122046051796,0.01989122046051796,Report EPS/BPS,"<a href=""https://m.stock.naver.com/domestic/stock/026890/total"" target=""_blank"">Naver Mobile</a>"
005500,삼진제약,,57.80208333333333,46.93333333333334,59.199999999999996,77.08333333333333,47.99166666666667,19510.0,2599.0,1640.0,2991.0,105.0,671.0,279.0,-45.16883985289201,-84.35171385991057,-62.365591397849464,20840.0,11.896341463414634,0.9361804222648752,7.869481765834934,,-45.16883985289201,-45.16883985289201,,,Report EPS/BPS,"<a href=""https://m.stock.naver.com/domestic/stock/005500/total"" target=""_blank"">Naver Mobile</a>"
025530,SJM홀딩스,,57.78958333333334,49.05833333333334,46.93333333333334,89.10833333333333,46.05833333333334,3705.0,553.0,643.0,653.0,296.0,89.0,218.0,-1.5313935681470139,232.58426966292137,35.77981651376147,21680.0,5.762052877138414,0.1708948339483395,2.965867158671587,,-1.5313935681470139,-1.5313935681470139,,,Report EPS/BPS,"<a href=""https://m.stock.naver.com/domestic/stock/025530/total"" target=""_blank"">Naver Mobile</a>"
005300,롯데칠성,,57.76041666666666,45.35,46.81666666666666,61.25833333333333,77.61666666666666,118300.0,1977.0,6960.0,5232.0,2626.0,-4738.0,756.0,33.02752293577982,155.42422963275644,247.35449735449734,173557.0,16.99712643678161,0.6816204474610646,4.010209902222325,0.5146352171136653,33.02752293577982,33.02752293577982,0.5146352171136653,0.5146352171136653,Report EPS/BPS,"<a href=""https://m.stock.naver.com/domestic/stock/005300/total"" target=""_blank"">Naver Mobile</a>"
214330,금호에이치티,,57.74791666666667,49.99166666666667,34.550000000000004,81.34166666666667,65.10833333333333,3640.0,794.0,-965.0,-816.0,174.0,-966.0,72.0,-18.259803921568626,118.01242236024845,141.66666666666669,13267.0,,0.2743649657043793,-7.273686590789176,,-18.259803921568626,-18.259803921568626,,,Report EPS/BPS,"<a href=""https://m.stock.naver.com/domestic/stock/214330/total"" target=""_blank"">Naver Mobile</a>"
001260,남광토건,,57.74583333333334,40.21666666666667,44.916666666666664,66.43333333333334,79.41666666666667,8570.0,843.0,680.0,404.0,363.0,37.0,221.0,68.31683168316832,881.081081081081,64.25339366515837,13073.0,12.602941176470589,0.655549606058288,5.201560468140442,0.1844778346121057,68.31683168316832,68.31683168316832,0.1844778346121057,0.1844778346121057,Report EPS/BPS,"<a href=""https://m.stock.naver.com/domestic/stock/001260/total"" target=""_blank"">Naver Mobile</a>"
005680,삼영전자,,57.72291666666666,33.475,53.824999999999996,95.20833333333333,48.38333333333333,13700.0,2740.0,201.0,610.0,174.0,-368.0,229.0,-67.04918032786885,147.2826086956522,-24.017467248908297,27305.0,68.1592039800995,0.5017396081303791,0.7361289141182934,,-67.04918032786885,-67.04918032786885,,,Report EPS/BPS,"<a href=""https://m.stock.naver.com/domestic/stock/005680/total"" target=""_blank"">Naver Mobile</a>"
404990,신한서부티엔디리츠,,57.721666666666664,60.416666666666664,63.330000000000005,58.160000000000004,48.980000000000004,3900.0,2388.0,136.0,-50.0,17.0,-54.0,-11.0,372.0,131.4814814814815,254.54545454545453,5680.0,28.676470588235293,0.6866197183098591,2.3943661971830985,0.07708728652751423,372.0,372.0,0.07708728652751423,0.07708728652751423,Report EPS/BPS,"<a href=""https://m.stock.naver.com/domestic/stock/404990/total"" target=""_blank"">Naver Mobile</a>"
084010,대한제강,,57.71666666666667,21.858333333333334,45.99166666666667,85.63333333333333,77.38333333333334,11040.0,3795.0,235.0,1058.0,-0.0,-447.0,193.0,-77.7882797731569,100.0,-100.0,26991.0,46.97872340425532,0.409025230632433,0.870660590567226,,-77.7882797731569,-77.7882797731569,,,Report EPS/BPS,"<a href=""https://m.stock.naver.com/domestic/stock/084010/total"" target=""_blank"">Naver Mobile</a>"
126560,현대퓨처넷,,57.68541666666667,55.958333333333336,36.800000000000004,86.35833333333333,51.625,3100.0,3416.0,89.0,34.0,27.0,-23.0,6.0,161.76470588235296,217.39130434782606,350.0,7353.0,34.831460674157306,0.42159662722698216,1.210390316877465,0.2153217568947906,161.76470588235296,161.76470588235296,0.2153217568947906,0.2153217568947906,Report EPS/BPS,"<a href=""https://m.stock.naver.com/domestic/stock/126560/total"" target=""_blank"">Naver Mobile</a>"
007980,TP,,57.677083333333336,49.78333333333333,48.53333333333333,59.425000000000004,72.96666666666667,2035.0,954.0,896.0,592.0,266.0,10.0,185.0,51.35135135135135,2560.0,43.78378378378379,6337.0,2.271205357142857,0.32112987217926464,14.139182578507182,0.04422873590225564,51.35135135135135,51.35135135135135,0.04422873590225564,0.04422873590225564,Report EPS/BPS,"<a href=""https://m.stock.naver.com/domestic/stock/007980/total"" target=""_blank"">Naver Mobile</a>"
081660,미스토홀딩스,,57.66458333333333,45.38333333333333,52.48333333333333,77.48333333333333,55.30833333333334,39200.0,2812.0,4365.0,1770.0,1681.0,-123.0,1541.0,146.61016949152543,1466.6666666666665,9.085009733939001,51689.0,8.980526918671249,0.7583818607440654,8.444736791193485,0.06125446106376921,146.61016949152543,146.61016949152543,0.06125446106376921,0.06125446106376921,Report EPS/BPS,"<a href=""https://m.stock.naver.com/domestic/stock/081660/total"" target=""_blank"">Naver Mobile</a>"
000050,경방,,57.62291666666666,56.525,54.050000000000004,60.18333333333334,59.73333333333333,10060.0,2758.0,2317.0,957.0,747.0,661.0,157.0,142.11076280041797,13.010590015128592,375.79617834394907,30189.0,4.341821320673285,0.3332339593891815,7.6749809533273705,0.030552375028561275,142.11076280041797,142.11076280041797,0.030552375028561275,0.030552375028561275,Report EPS/BPS,"<a href=""https://m.stock.naver.com/domestic/stock/000050/total"" target=""_blank"">Naver Mobile</a>"
108670,LX하우시스,,57.50833333333334,44.13333333333333,43.40833333333333,63.26666666666667,79.22500000000001,38450.0,3448.0,-1224.0,2635.0,3395.0,-6094.0,-272.0,-146.45161290322582,155.71053495241222,1348.1617647058824,97439.0,,0.3946058559714283,-1.2561705272016337,,-146.45161290322582,-146.45161290322582,,,Report EPS/BPS,"<a href=""https://m.stock.naver.com/domestic/stock/108670/total"" target=""_blank"">Naver Mobile</a>"
024900,디와이덕양,,57.49583333333334,38.84166666666667,42.475,54.175000000000004,94.49166666666667,2060.0,671.0,54.0,522.0,116.0,61.0,101.0,-89.65517241379311,90.1639344262295,14.85148514851485,3619.0,38.148148148148145,0.5692180160265267,1.4921248963802156,,-89.65517241379311,-89.65517241379311,,,Report EPS/BPS,"<a href=""https://m.stock.naver.com/domestic/stock/024900/total"" target=""_blank"">Naver Mobile</a>"
001390,KG케미칼,,57.47500000000001,43.050000000000004,40.425000000000004,68.41666666666667,78.00833333333334,5390.0,3624.0,1104.0,999.0,401.0,178.0,332.0,10.51051051051051,125.2808988764045,20.783132530120483,59147.0,4.882246376811594,0.09112888227636229,1.8665359189815205,0.46451086956521737,10.51051051051051,10.51051051051051,0.46451086956521737,0.46451086956521737,Report EPS/BPS,"<a href=""https://m.stock.naver.com/domestic/stock/001390/total"" target=""_blank"">Naver Mobile</a>"
000860,강남제비스코,,57.46041666666666,43.81666666666666,40.699999999999996,81.18333333333334,64.14166666666667,15350.0,1996.0,-308.0,736.0,-185.0,-398.0,-84.0,-141.84782608695653,53.517587939698494,-120.23809523809523,54275.0,,0.28281897742975587,-0.5674804237678489,,-141.84782608695653,-141.84782608695653,,,Report EPS/BPS,"<a href=""https://m.stock.naver.com/domestic/stock/000860/total"" target=""_blank"">Naver Mobile</a>"
002200,한국수출포장,,57.45833333333333,26.308333333333334,42.0,84.325,77.2,2710.0,1030.0,-237.0,1.0,-140.0,-124.0,-5.0,-23800.0,-12.903225806451612,-2700.0,7055.0,,0.3841247342310418,-3.359319631467045,,-23800.0,-23800.0,,,Report EPS/BPS,"<a href=""https://m.stock.naver.com/domestic/stock/002200/total"" target=""_blank"">Naver Mobile</a>"
004710,한솔테크닉스,,57.454166666666666,39.641666666666666,44.23333333333333,64.80833333333334,81.13333333333334,13270.0,4169.0,-509.0,318.0,258.0,-1163.0,331.0,-260.062893081761,122.18400687876183,-22.054380664652566,16041.0,,0.8272551586559441,-3.173118882862665,,-260.062893081761,-260.062893081761,,,Report EPS/BPS,"<a href=""https://m.stock.naver.com/domestic/stock/004710/total"" target=""_blank"">Naver Mobile</a>"
009190,대양금속,,57.41666666666667,48.050000000000004,35.275,74.08333333333333,72.25833333333334,1364.0,589.0,279.0,-392.0,19.0,131.0,-43.0,171.17346938775512,-85.49618320610686,144.1860465116279,2337.0,4.888888888888889,0.5836542575952075,11.938382541720154,0.028561020036429872,171.17346938775512,171.17346938775512,0.028561020036429872,0.028561020036429872,Report EPS/BPS,"<a href=""https://m.stock.naver.com/domestic/stock/009190/total"" target=""_blank"">Naver Mobile</a>"
181710,NHN,,57.400000000000006,46.51666666666667,38.1,72.72500000000001,72.25833333333334,38100.0,12479.0,1813.0,-4060.0,719.0,449.0,-115.0,144.6551724137931,60.13363028953229,725.2173913043478,54909.0,21.01489244346387,0.6938753209856308,3.3018266586534084,0.14527577612883247,144.6551724137931,144.6551724137931,0.14527577612883247,0.14527577612883247,Report EPS/BPS,"<a href=""https://m.stock.naver.com/domestic/stock/181710/total"" target=""_blank"">Naver Mobile</a>"
023800,인지컨트롤스,,57.33333333333333,50.583333333333336,46.541666666666664,59.00833333333333,73.2,7750.0,1225.0,634.0,1096.0,377.0,-576.0,760.0,-42.153284671532845,165.45138888888889,-50.39473684210526,15594.0,12.22397476340694,0.4969860202642042,4.0656662819032965,,-42.153284671532845,-42.153284671532845,,,Report EPS/BPS,"<a href=""https://m.stock.naver.com/domestic/stock/023800/total"" target=""_blank"">Naver Mobile</a>"
251270,넷마블,,57.293749999999996,61.791666666666664,46.375,61.59166666666667,59.416666666666664,43200.0,35396.0,4382.0,1241.0,2559.0,-591.0,922.0,253.102336825141,532.994923857868,177.54880694143168,70931.0,9.85851209493382,0.6090425906867237,6.177834797197276,0.038950695669572974,253.102336825141,253.102336825141,0.038950695669572974,0.038950695669572974,Report EPS/BPS,"<a href=""https://m.stock.naver.com/domestic/stock/251270/total"" target=""_blank"">Naver Mobile</a>"
024720,콜마홀딩스,,57.2625,50.0,42.84166666666667,65.94166666666668,70.26666666666667,9850.0,3378.0,1484.0,582.0,811.0,-428.0,11.0,154.9828178694158,289.4859813084112,7272.727272727273,24465.0,6.637466307277628,0.40261598201512366,6.065808297567954,0.0428271107631439,154.9828178694158,154.9828178694158,0.0428271107631439,0.0428271107631439,Report EPS/BPS,"<a href=""https://m.stock.naver.com/domestic/stock/024720/total"" target=""_blank"">Naver Mobile</a>"
002380,KCC,,57.247916666666676,51.28333333333333,56.68333333333334,66.75833333333334,54.26666666666667,534000.0,47454.0,192585.0,-13230.0,24414.0,30928.0,4957.0,1555.6689342403627,-21.061821003621315,392.5156344563244,911469.0,2.772801620063868,0.5858674293914549,21.12907844369913,0.0017823854157104672,1555.6689342403627,1555.6689342403627,0.0017823854157104672,0.0017823854157104672,Report EPS/BPS,"<a href=""https://m.stock.naver.com/domestic/stock/002380/total"" target=""_blank"">Naver Mobile</a>"
002720,국제약품,,57.19583333333333,52.175000000000004,40.449999999999996,72.475,63.68333333333334,4170.0,882.0,283.0,203.0,102.0,-35.0,88.0,39.40886699507389,391.4285714285714,15.909090909090908,4655.0,14.734982332155477,0.8958109559613319,6.0794844253490865,0.3739001766784452,39.40886699507389,39.40886699507389,0.3739001766784452,0.3739001766784452,Report EPS/BPS,"<a href=""https://m.stock.naver.com/domestic/stock/002720/total"" target=""_blank"">Naver Mobile</a>"
013870,지엠비코리아,,57.16666666666667,54.73333333333333,41.175000000000004,67.46666666666667,65.29166666666667,4420.0,843.0,842.0,712.0,225.0,294.0,146.0,18.258426966292134,-23.46938775510204,54.109589041095894,16024.0,5.249406175771972,0.2758362456315527,5.254618072890664,0.2875059382422803,18.258426966292134,18.258426966292134,0.2875059382422803,0.2875059382422803,Report EPS/BPS,"<a href=""https://m.stock.naver.com/domestic/stock/013870/total"" target=""_blank"">Naver Mobile</a>"
004980,성신양회,,57.150000000000006,48.925000000000004,48.93333333333334,57.93333333333334,72.80833333333334,9860.0,2417.0,1201.0,1176.0,-237.0,490.0,-378.0,2.1258503401360542,-148.3673469387755,37.301587301587304,23967.0,8.209825145711907,0.4113990069679142,5.0110568698627285,3.8619017485428815,2.1258503401360542,2.1258503401360542,3.8619017485428815,3.8619017485428815,Report EPS/BPS,"<a href=""https://m.stock.naver.com/domestic/stock/004980/total"" target=""_blank"">Naver Mobile</a>"
093050,LF,,57.10625,44.51666666666667,48.708333333333336,81.31666666666666,53.88333333333333,24700.0,7222.0,3689.0,2610.0,1011.0,1000.0,704.0,41.34099616858238,1.0999999999999999,43.60795454545455,62619.0,6.695581458389808,0.3944489691627142,5.891183187211549,0.16195984806670433,41.34099616858238,41.34099616858238,0.16195984806670433,0.16195984806670433,Report EPS/BPS,"<a href=""https://m.stock.naver.com/domestic/stock/093050/total"" target=""_blank"">Naver Mobile</a>"
000070,삼양홀딩스,,57.06458333333333,41.38333333333333,43.24166666666667,74.89999999999999,68.73333333333333,61100.0,4743.0,-26260.0,3251.0,2699.0,-34357.0,3202.0,-907.7514610888958,107.85574991995807,-15.70893191755153,356007.0,,0.17162583881777604,-7.3762594555725025,,-907.7514610888958,-907.7514610888958,,,Report EPS/BPS,"<a href=""https://m.stock.naver.com/domestic/stock/000070/total"" target=""_blank"">Naver Mobile</a>"
011090,에넥스,,57.03541666666666,52.25833333333333,33.016666666666666,53.35,89.51666666666667,428.0,257.0,-100.0,72.0,-53.0,-54.0,26.0,-238.88888888888889,1.8518518518518516,-303.8461538461538,636.0,,0.6729559748427673,-15.723270440251572,,-238.88888888888889,-238.88888888888889,,,Report EPS/BPS,"<a href=""https://m.stock.naver.com/domestic/stock/011090/total"" target=""_blank"">Naver Mobile</a>"
005720,넥센,,57.01875,59.291666666666664,45.81666666666666,68.27499999999999,54.69166666666666,6970.0,3662.0,2024.0,1589.0,732.0,447.0,444.0,27.375707992448078,63.758389261744966,64.86486486486487,52043.0,3.4436758893280635,0.13392771362142844,3.889091712622254,0.12579312616419067,27.375707992448078,27.375707992448078,0.12579312616419067,0.12579312616419067,Report EPS/BPS,"<a href=""https://m.stock.naver.com/domestic/stock/005720/total"" target=""_blank"">Naver Mobile</a>"
000850,화천기공,,57.01875,41.824999999999996,46.35833333333333,82.39999999999999,57.49166666666667,35000.0,770.0,6618.0,3369.0,2151.0,387.0,706.0,96.43811219946572,455.8139534883721,204.67422096317281,155600.0,5.288606829857963,0.2249357326478149,4.253213367609254,0.05483938568726217,96.43811219946572,96.43811219946572,0.05483938568726217,0.05483938568726217,Report EPS/BPS,"<a href=""https://m.stock.naver.com/domestic/stock/000850/total"" target=""_blank"">Naver Mobile</a>"
068270,셀트리온,,56.9625,57.18333333333334,67.64999999999999,83.29166666666667,19.724999999999998,188800.0,419019.0,5710.0,2294.0,1560.0,2381.0,490.0,148.91020052310375,-34.481310373792525,218.3673469387755,80267.0,33.06479859894921,2.3521497003749983,7.113757833231589,0.22204522244142122,148.91020052310375,148.91020052310375,0.22204522244142122,0.22204522244142122,Report EPS/BPS,"<a href=""https://m.stock.naver.com/domestic/stock/068270/total"" target=""_blank"">Naver Mobile</a>"
023960,에쓰씨엔지니어링,,56.925,44.666666666666664,37.35,58.1,87.58333333333333,1177.0,448.0,-167.0,91.0,-81.0,34.0,-39.0,-283.5164835164835,-338.2352941176471,-107.6923076923077,1170.0,,1.005982905982906,-14.273504273504273,,-283.5164835164835,-283.5164835164835,,,Report EPS/BPS,"<a href=""https://m.stock.naver.com/domestic/stock/023960/total"" target=""_blank"">Naver Mobile</a>"
077970,STX엔진,,56.89166666666667,69.00833333333334,51.925000000000004,55.36666666666667,51.26666666666667,45850.0,18408.0,1870.0,881.0,415.0,365.0,263.0,112.25879682179342,13.698630136986301,57.79467680608364,8977.0,24.518716577540108,5.107496936615796,20.831012587724185,0.2184124297756606,112.25879682179342,112.25879682179342,0.2184124297756606,0.2184124297756606,Report EPS/BPS,"<a href=""https://m.stock.naver.com/domestic/stock/077970/total"" target=""_blank"">Naver Mobile</a>"
014790,HL D&I,,56.87708333333333,49.708333333333336,42.6,62.4,72.8,2945.0,1115.0,485.0,340.0,173.0,4.0,89.0,42.64705882352941,4225.0,94.3820224719101,15178.0,6.072164948453608,0.19403083410198974,3.1954144156015287,0.14238179879132598,42.64705882352941,42.64705882352941,0.14238179879132598,0.14238179879132598,Report EPS/BPS,"<a href=""https://m.stock.naver.com/domestic/stock/014790/total"" target=""_blank"">Naver Mobile</a>"
001230,동국홀딩스,,56.82291666666667,32.63333333333333,45.38333333333333,79.25833333333334,70.01666666666667,11400.0,3625.0,648.0,-166.0,112.0,224.0,-30.0,490.3614457831325,-50.0,473.3333333333333,62134.0,17.59259259259259,0.1834744262400618,1.0429072649435092,0.035876785876785874,490.3614457831325,490.3614457831325,0.035876785876785874,0.035876785876785874,Report EPS/BPS,"<a href=""https://m.stock.naver.com/domestic/stock/001230/total"" target=""_blank"">Naver Mobile</a>"
075180,새론오토모티브,,56.78958333333333,44.50833333333333,43.75,74.49166666666666,64.40833333333333,2990.0,574.0,760.0,697.0,729.0,229.0,112.0,9.038737446197992,218.3406113537118,550.8928571428571,13337.0,3.9342105263157894,0.22418834820424383,5.698432930943991,0.4352610693400167,9.038737446197992,9.038737446197992,0.4352610693400167,0.4352610693400167,Report EPS/BPS,"<a href=""https://m.stock.naver.com/domestic/stock/075180/total"" target=""_blank"">Naver Mobile</a>"
017940,E1,,56.78125,50.074999999999996,42.475,54.050000000000004,80.52499999999999,102600.0,7038.0,16641.0,15251.0,9739.0,-2759.0,8374.0,9.11415644875746,452.9902138455962,16.30045378552663,386856.0,6.165494862087615,0.26521496370742603,4.301600595570445,0.6764745477820016,9.11415644875746,9.11415644875746,0.6764745477820016,0.6764745477820016,Report EPS/BPS,"<a href=""https://m.stock.naver.com/domestic/stock/017940/total"" target=""_blank"">Naver Mobile</a>"
006880,신송홀딩스,,56.72291666666667,46.90833333333333,47.64166666666667,54.90833333333333,77.43333333333334,6380.0,755.0,462.0,335.0,228.0,197.0,73.0,37.91044776119403,15.736040609137056,212.32876712328766,9351.0,13.80952380952381,0.6822799700566784,4.94064805903112,0.3642669666291714,37.91044776119403,37.91044776119403,0.3642669666291714,0.3642669666291714,Report EPS/BPS,"<a href=""https://m.stock.naver.com/domestic/stock/006880/total"" target=""_blank"">Naver Mobile</a>"
330590,롯데리츠,,56.705555555555556,48.15555555555555,74.20833333333333,58.208333333333336,46.25,4095.0,11833.0,124.0,48.0,37.0,29.0,32.0,158.33333333333331,27.586206896551722,15.625,3857.0,33.024193548387096,1.061705989110708,3.2149338864402384,0.20857385398981326,158.33333333333331,158.33333333333331,0.20857385398981326,0.20857385398981326,Report EPS/BPS,"<a href=""https://m.stock.naver.com/domestic/stock/330590/total"" target=""_blank"">Naver Mobile</a>"
008060,대덕,,56.641666666666666,35.875,41.324999999999996,79.30833333333334,70.05833333333334,18770.0,5873.0,656.0,506.0,492.0,-25.0,-51.0,29.64426877470356,2068.0,1064.7058823529412,45880.0,28.61280487804878,0.40911072362685263,1.4298169136878816,0.9652052845528455,29.64426877470356,29.64426877470356,0.9652052845528455,0.9652052845528455,Report EPS/BPS,"<a href=""https://m.stock.naver.com/domestic/stock/008060/total"" target=""_blank"">Naver Mobile</a>"
111380,동인기연,,56.623333333333335,36.333333333333336,55.870000000000005,76.34,57.95,14110.0,865.0,2657.0,2323.0,996.0,1106.0,220.0,14.377959535083942,-9.945750452079565,352.72727272727275,25745.0,5.310500564546481,0.5480675859390173,10.32045057292678,0.3693500841748945,14.377959535083942,14.377959535083942,0.3693500841748945,0.3693500841748945,Report EPS/BPS,"<a href=""https://m.stock.naver.com/domestic/stock/111380/total"" target=""_blank"">Naver Mobile</a>"
084690,대상홀딩스,,56.60208333333333,44.36666666666667,37.733333333333334,68.84166666666667,75.46666666666667,9240.0,3346.0,-2270.0,359.0,677.0,-3831.0,-5.0,-732.3119777158774,117.6716262072566,13640.0,36982.0,,0.2498512790005949,-6.138121248174787,,-732.3119777158774,-732.3119777158774,,,Report EPS/BPS,"<a href=""https://m.stock.naver.com/domestic/stock/084690/total"" target=""_blank"">Naver Mobile</a>"
155660,DSR,,56.58958333333333,40.11666666666667,51.666666666666664,75.675,58.9,4380.0,701.0,1281.0,886.0,612.0,214.0,266.0,44.5823927765237,185.98130841121497,130.0751879699248,15949.0,3.4192037470725993,0.27462536836165274,8.03185152674149,0.07669403847864109,44.5823927765237,44.5823927765237,0.07669403847864109,0.07669403847864109,Report EPS/BPS,"<a href=""https://m.stock.naver.com/domestic/stock/155660/total"" target=""_blank"">Naver Mobile</a>"
020000,한섬,,56.53958333333333,33.55833333333333,46.39166666666667,91.91666666666667,54.291666666666664,26950.0,6047.0,2461.0,1725.0,1219.0,1052.0,818.0,42.66666666666667,15.874524714828897,49.02200488997555,64533.0,10.950832994717594,0.4176157934700076,3.813552755954318,0.25666014831369355,42.66666666666667,42.66666666666667,0.25666014831369355,0.25666014831369355,Report EPS/BPS,"<a href=""https://m.stock.naver.com/domestic/stock/020000/total"" target=""_blank"">Naver Mobile</a>"
002760,보락,,56.50416666666666,39.88333333333333,43.65833333333333,84.31666666666666,58.15833333333333,1038.0,622.0,45.0,-27.0,9.0,1.0,4.0,266.66666666666663,800.0,125.0,816.0,23.066666666666666,1.2720588235294117,5.514705882352941,0.08650000000000001,266.66666666666663,266.66666666666663,0.08650000000000001,0.08650000000000001,Report EPS/BPS,"<a href=""https://m.stock.naver.com/domestic/stock/002760/total"" target=""_blank"">Naver Mobile</a>"
000390,삼화페인트,,56.49166666666666,42.65,44.166666666666664,73.28333333333333,65.86666666666666,7800.0,2122.0,438.0,401.0,108.0,21.0,-48.0,9.226932668329177,414.28571428571433,325.0,12429.0,17.80821917808219,0.627564566739078,3.5240164132271303,1.9300259163272862,9.226932668329177,9.226932668329177,1.9300259163272862,1.9300259163272862,Report EPS/BPS,"<a href=""https://m.stock.naver.com/domestic/stock/000390/total"" target=""_blank"">Naver Mobile</a>"
002460,HS화성,,56.483333333333334,46.19166666666666,46.925000000000004,70.50833333333334,62.30833333333334,13540.0,1374.0,2710.0,590.0,451.0,-162.0,460.0,359.3220338983051,378.39506172839504,-1.956521739130435,42791.0,4.996309963099631,0.31642167745553973,6.333107429132294,0.013904824897305577,359.3220338983051,359.3220338983051,0.013904824897305577,0.013904824897305577,Report EPS/BPS,"<a href=""https://m.stock.naver.com/domestic/stock/002460/total"" target=""_blank"">Naver Mobile</a>"
000150,두산,,56.447916666666664,53.63333333333333,39.725,61.86666666666667,70.56666666666666,1614000.0,261368.0,5635.0,-12814.0,2416.0,-9113.0,1460.0,143.975339472452,126.51157686821024,65.47945205479452,822373.0,286.42413487133985,1.9626130721704143,0.6852121847385554,1.989397183718006,143.975339472452,143.975339472452,1.989397183718006,1.989397183718006,Report EPS/BPS,"<a href=""https://m.stock.naver.com/domestic/stock/000150/total"" target=""_blank"">Naver Mobile</a>"
025820,이구산업,,56.44166666666666,52.875,46.01666666666667,64.175,62.699999999999996,6080.0,2033.0,638.0,483.0,437.0,51.0,125.0,32.091097308488614,756.8627450980392,249.6,4701.0,9.529780564263323,1.2933418421612424,13.571580514784088,0.2969602588734958,32.091097308488614,32.091097308488614,0.2969602588734958,0.2969602588734958,Report EPS/BPS,"<a href=""https://m.stock.naver.com/domestic/stock/025820/total"" target=""_blank"">Naver Mobile</a>"
446070,유니드비티플러스,,56.42,43.230000000000004,38.53333333333334,75.47500000000001,68.44166666666666,2750.0,292.0,-558.0,547.0,-138.0,-443.0,47.0,-202.0109689213894,68.84875846501129,-393.6170212765957,17941.0,,0.15328019619865113,-3.1101945265035393,,-202.0109689213894,-202.0109689213894,,,Report EPS/BPS,"<a href=""https://m.stock.naver.com/domestic/stock/446070/total"" target=""_blank"">Naver Mobile</a>"
034020,두산에너빌리티,,56.41666666666666,46.18333333333334,42.0,65.14166666666667,72.34166666666665,110800.0,709742.0,241.0,-158.0,1.0,114.0,-107.0,252.53164556962025,-99.12280701754386,100.93457943925233,19426.0,459.75103734439836,5.703696077422012,1.2406053742407084,1.8205680175542591,252.53164556962025,252.53164556962025,1.8205680175542591,1.8205680175542591,Report EPS/BPS,"<a href=""https://m.stock.naver.com/domestic/stock/034020/total"" target=""_blank"">Naver Mobile</a>"
003160,디아이,,56.36249999999999,49.56666666666666,44.06666666666666,71.95833333333333,59.85833333333333,28950.0,8193.0,382.0,275.0,390.0,-395.0,187.0,38.90909090909091,198.73417721518987,108.55614973262031,7448.0,75.78534031413612,3.8869495166487646,5.128893662728249,1.9477540734941527,38.90909090909091,38.90909090909091,1.9477540734941527,1.9477540734941527,Report EPS/BPS,"<a href=""https://m.stock.naver.com/domestic/stock/003160/total"" target=""_blank"">Naver Mobile</a>"
003680,한성기업,,56.27083333333333,47.541666666666664,41.00833333333333,55.63333333333333,80.89999999999999,4935.0,306.0,157.0,235.0,301.0,40.0,171.0,-33.191489361702125,652.5,76.0233918128655,11144.0,31.43312101910828,0.4428391959798995,1.4088298636037329,,-33.191489361702125,-33.191489361702125,,,Report EPS/BPS,"<a href=""https://m.stock.naver.com/domestic/stock/003680/total"" target=""_blank"">Naver Mobile</a>"
344820,KCC글라스,,56.21249999999999,33.65,39.225,77.825,74.14999999999999,26500.0,4232.0,-4978.0,1042.0,-444.0,-1344.0,-703.0,-577.7351247600768,66.96428571428571,36.84210526315789,84990.0,,0.31180138839863514,-5.8571596658430405,,-577.7351247600768,-577.7351247600768,,,Report EPS/BPS,"<a href=""https://m.stock.naver.com/domestic/stock/344820/total"" target=""_blank"">Naver Mobile</a>"
006120,SK디스커버리,,56.147916666666674,48.800000000000004,38.083333333333336,66.79166666666667,70.91666666666667,54200.0,9438.0,14437.0,4664.0,9667.0,3053.0,2658.0,209.54116638078904,216.63937111038325,263.69450714823176,404113.0,3.754242571171296,0.13412090182696423,3.572515608258086,0.017916491713847255,209.54116638078904,209.54116638078904,0.017916491713847255,0.017916491713847255,Report EPS/BPS,"<a href=""https://m.stock.naver.com/domestic/stock/006120/total"" target=""_blank"">Naver Mobile</a>"
015760,한국전력,,56.12916666666666,66.30833333333334,50.00833333333333,39.31666666666667,68.88333333333334,38750.0,248761.0,13567.0,8191.0,3883.0,2063.0,3627.0,65.6330118422659,88.22103732428502,7.058174800110284,80082.0,2.8561951794796197,0.4838790240003996,16.9413850802927,0.0435176613004419,65.6330118422659,65.6330118422659,0.0435176613004419,0.0435176613004419,Report EPS/BPS,"<a href=""https://m.stock.naver.com/domestic/stock/015760/total"" target=""_blank"">Naver Mobile</a>"
000220,유유제약,,56.08333333333333,52.01666666666666,48.074999999999996,73.38333333333334,50.85833333333333,3980.0,678.0,531.0,360.0,205.0,81.0,152.0,47.5,153.0864197530864,34.868421052631575,8370.0,7.495291902071563,0.4755077658303465,6.344086021505377,0.15779561899098027,47.5,47.5,0.15779561899098027,0.15779561899098027,Report EPS/BPS,"<a href=""https://m.stock.naver.com/domestic/stock/000220/total"" target=""_blank"">Naver Mobile</a>"
060980,HL홀딩스,,56.06458333333333,45.06666666666666,45.61666666666667,59.71666666666667,73.85833333333333,47000.0,4267.0,3951.0,-2302.0,2473.0,-21.0,818.0,271.6333622936577,11876.190476190475,202.3227383863081,122307.0,11.895722601872944,0.38427890472336007,3.2303956437489267,0.04379330470096197,271.6333622936577,271.6333622936577,0.04379330470096197,0.04379330470096197,Report EPS/BPS,"<a href=""https://m.stock.naver.com/domestic/stock/060980/total"" target=""_blank"">Naver Mobile</a>"
004840,DRB동일,,56.05833333333334,46.625,41.18333333333333,66.97500000000001,69.45,5010.0,966.0,191.0,505.0,113.0,-199.0,154.0,-62.17821782178218,156.78391959798995,-26.623376623376622,28171.0,26.230366492146597,0.1778424621064215,0.6780022008448404,,-62.17821782178218,-62.17821782178218,,,Report EPS/BPS,"<a href=""https://m.stock.naver.com/domestic/stock/004840/total"" target=""_blank"">Naver Mobile</a>"
317400,자이에스앤디,,56.054166666666674,28.491666666666664,41.108333333333334,76.64166666666667,77.97500000000001,4215.0,1635.0,1092.0,12.0,156.0,-32.0,-16.0,9000.0,587.5,1075.0,17985.0,3.85989010989011,0.23436196830692244,6.071726438698915,0.0004288766788766789,9000.0,9000.0,0.0004288766788766789,0.0004288766788766789,Report EPS/BPS,"<a href=""https://m.stock.naver.com/domestic/stock/317400/total"" target=""_blank"">Naver Mobile</a>"
008870,금비,,56.03125,52.55833333333334,41.041666666666664,62.30833333333334,68.21666666666667,44000.0,440.0,2158.0,5763.0,1572.0,1332.0,1572.0,-62.55422522991497,18.01801801801802,0.0,124290.0,20.389249304911957,0.3540107812374286,1.7362619679781157,,-62.55422522991497,-62.55422522991497,,,Report EPS/BPS,"<a href=""https://m.stock.naver.com/domestic/stock/008870/total"" target=""_blank"">Naver Mobile</a>"
008700,아남전자,,56.022916666666674,27.974999999999998,50.49166666666667,76.51666666666667,69.10833333333333,1312.0,1012.0,0.0,0.0,-0.0,0.0,0.0,,,,1.0,,1312.0,0.0,,,,,,Report EPS/BPS,"<a href=""https://m.stock.naver.com/domestic/stock/008700/total"" target=""_blank"">Naver Mobile</a>"
026940,부국철강,,55.97291666666666,28.758333333333336,38.475,91.55,65.10833333333333,2405.0,481.0,101.0,113.0,35.0,34.0,43.0,-10.619469026548673,2.941176470588235,-18.6046511627907,6528.0,23.81188118811881,0.3684129901960784,1.5471813725490198,,-10.619469026548673,-10.619469026548673,,,Report EPS/BPS,"<a href=""https://m.stock.naver.com/domestic/stock/026940/total"" target=""_blank"">Naver Mobile</a>"
017900,광전자,,55.95625,42.625,44.75,79.125,57.324999999999996,10700.0,6200.0,104.0,165.0,72.0,29.0,41.0,-36.96969696969697,148.27586206896552,75.60975609756098,4190.0,102.88461538461539,2.5536992840095465,2.4821002386634845,,-36.96969696969697,-36.96969696969697,,,Report EPS/BPS,"<a href=""https://m.stock.naver.com/domestic/stock/017900/total"" target=""_blank"">Naver Mobile</a>"
016880,웅진,,55.952083333333334,51.291666666666664,52.99166666666667,44.88333333333333,74.64166666666667,2525.0,2018.0,665.0,962.0,93.0,243.0,938.0,-30.87318087318087,-61.72839506172839,-90.08528784648188,4039.0,3.7969924812030076,0.6251547412725922,16.464471403812826,,-30.87318087318087,-30.87318087318087,,,Report EPS/BPS,"<a href=""https://m.stock.naver.com/domestic/stock/016880/total"" target=""_blank"">Naver Mobile</a>"
009810,플레이그램,,55.87291666666667,47.175000000000004,35.75,68.93333333333334,71.63333333333334,1178.0,358.0,-179.0,76.0,-44.0,-174.0,54.0,-335.5263157894737,74.71264367816092,-181.4814814814815,6177.0,,0.19070746316982354,-2.897846851222276,,-335.5263157894737,-335.5263157894737,,,Report EPS/BPS,"<a href=""https://m.stock.naver.com/domestic/stock/009810/total"" target=""_blank"">Naver Mobile</a>"
092780,DYP,,55.86875,50.574999999999996,41.85,61.10833333333333,69.94166666666666,4925.0,649.0,752.0,432.0,235.0,337.0,75.0,74.07407407407408,-30.267062314540063,213.33333333333334,11725.0,6.549202127659575,0.4200426439232409,6.4136460554371,0.08841422872340425,74.07407407407408,74.07407407407408,0.08841422872340425,0.08841422872340425,Report EPS/BPS,"<a href=""https://m.stock.naver.com/domestic/stock/092780/total"" target=""_blank"">Naver Mobile</a>"
013700,까뮤이앤씨,,55.8625,53.25,39.44166666666667,57.74166666666667,73.01666666666667,1400.0,837.0,428.0,-253.0,134.0,142.0,42.0,269.1699604743083,-5.633802816901409,219.04761904761907,1991.0,3.2710280373831777,0.7031642390758412,21.496735308890006,0.012152277436974213,269.1699604743083,269.1699604743083,0.012152277436974213,0.012152277436974213,Report EPS/BPS,"<a href=""https://m.stock.naver.com/domestic/stock/013700/total"" target=""_blank"">Naver Mobile</a>"
008490,서흥,,55.85416666666667,48.99166666666667,47.225,67.77499999999999,59.425000000000004,21950.0,2539.0,4267.0,1649.0,1021.0,401.0,512.0,158.76288659793815,154.6134663341646,99.4140625,48094.0,5.1441293648933675,0.4563978874703705,8.872208591508295,0.03240133431134134,158.76288659793815,158.76288659793815,0.03240133431134134,0.03240133431134134,Report EPS/BPS,"<a href=""https://m.stock.naver.com/domestic/stock/008490/total"" target=""_blank"">Naver Mobile</a>"
457190,이수스페셜티케미컬,,55.815625,67.0625,36.93333333333333,51.30833333333334,67.95833333333333,101600.0,3702.0,-38.0,481.0,62.0,96.0,125.0,-107.90020790020789,-35.41666666666667,-50.4,4462.0,,22.770058269834156,-0.8516360376512775,,-107.90020790020789,-107.90020790020789,,,Report EPS/BPS,"<a href=""https://m.stock.naver.com/domestic/stock/457190/total"" target=""_blank"">Naver Mobile</a>"
002900,TYM,,55.80833333333334,38.61666666666667,53.6,68.80833333333334,62.208333333333336,8390.0,3473.0,1450.0,333.0,731.0,145.0,249.0,335.4354354354354,404.13793103448273,193.57429718875503,10752.0,5.786206896551724,0.7803199404761905,13.485863095238097,0.017249837927947397,335.4354354354354,335.4354354354354,0.017249837927947397,0.017249837927947397,Report EPS/BPS,"<a href=""https://m.stock.naver.com/domestic/stock/002900/total"" target=""_blank"">Naver Mobile</a>"
035720,카카오,,55.80625,46.06666666666666,47.050000000000004,70.00833333333334,60.099999999999994,44000.0,194969.0,1109.0,347.0,387.0,76.0,388.0,219.5965417867435,409.2105263157895,-0.25773195876288657,34800.0,39.675383228133455,1.264367816091954,3.186781609195402,0.1806739892409752,219.5965417867435,219.5965417867435,0.1806739892409752,0.1806739892409752,Report EPS/BPS,"<a href=""https://m.stock.naver.com/domestic/stock/035720/total"" target=""_blank"">Naver Mobile</a>"
055490,테이팩스,,55.708333333333336,29.400000000000002,40.40833333333333,81.68333333333334,71.34166666666667,17680.0,843.0,1078.0,450.0,416.0,394.0,-240.0,139.55555555555557,5.583756345177665,273.3333333333333,32884.0,16.40074211502783,0.537647488140129,3.2781900012163967,0.11752124127010385,139.55555555555557,139.55555555555557,0.11752124127010385,0.11752124127010385,Report EPS/BPS,"<a href=""https://m.stock.naver.com/domestic/stock/055490/total"" target=""_blank"">Naver Mobile</a>"
030200,KT,,55.69375,44.39166666666667,49.89166666666667,67.96666666666667,60.525,58700.0,147937.0,6125.0,2518.0,1398.0,443.0,2142.0,143.24861000794283,215.57562076749437,-34.73389355742297,79333.0,9.583673469387755,0.7399190752902323,7.720620674876785,0.06690238368704841,143.24861000794283,143.24861000794283,0.06690238368704841,0.06690238368704841,Report EPS/BPS,"<a href=""https://m.stock.naver.com/domestic/stock/030200/total"" target=""_blank"">Naver Mobile</a>"
192650,드림텍,,55.64791666666666,32.141666666666666,39.34166666666667,69.61666666666666,81.49166666666666,6320.0,4359.0,-112.0,-16.0,-92.0,18.0,21.0,-600.0,-611.1111111111111,-538.0952380952382,6894.0,,0.9167391935015956,-1.624601102407891,,-600.0,-600.0,,,Report EPS/BPS,"<a href=""https://m.stock.naver.com/domestic/stock/192650/total"" target=""_blank"">Naver Mobile</a>"
097950,CJ제일제당,,55.62708333333333,36.19166666666667,43.18333333333334,62.666666666666664,80.46666666666667,228500.0,34399.0,-33696.0,4908.0,5436.0,-54511.0,1172.0,-786.5525672371638,109.97229916897507,363.82252559726965,798930.0,,0.28600753507816706,-4.217641094964515,,-786.5525672371638,-786.5525672371638,,,Report EPS/BPS,"<a href=""https://m.stock.naver.com/domestic/stock/097950/total"" target=""_blank"">Naver Mobile</a>"
489790,한화비전,,55.62380952380953,64.06666666666666,44.457142857142856,68.35714285714286,45.614285714285714,70600.0,35645.0,674.0,,-276.0,1261.0,-47.0,,-121.88739095955592,-487.2340425531915,17162.0,104.74777448071217,4.113739657382589,3.9272812026570327,,,,,,Report EPS/BPS,"<a href=""https://m.stock.naver.com/domestic/stock/489790/total"" target=""_blank"">Naver Mobile</a>"
000020,동화약품,,55.6125,43.300000000000004,41.050000000000004,77.40833333333333,60.69166666666666,6070.0,1695.0,668.0,93.0,359.0,16.0,1.0,618.2795698924731,2143.75,35800.0,14666.0,9.08682634730539,0.4138824492022365,4.554752488749489,0.014696953918250457,618.2795698924731,618.2795698924731,0.014696953918250457,0.014696953918250457,Report EPS/BPS,"<a href=""https://m.stock.naver.com/domestic/stock/000020/total"" target=""_blank"">Naver Mobile</a>"
001740,SK네트웍스,,55.58333333333333,40.30833333333333,39.49166666666667,54.708333333333336,87.825,8720.0,17492.0,482.0,54.0,208.0,52.0,-25.0,792.5925925925926,300.0,932.0,10658.0,18.09128630705394,0.8181647588665791,4.522424469881779,0.022825454686469925,792.5925925925926,792.5925925925926,0.022825454686469925,0.022825454686469925,Report EPS/BPS,"<a href=""https://m.stock.naver.com/domestic/stock/001740/total"" target=""_blank"">Naver Mobile</a>"
001420,태원물산,,55.56666666666666,42.266666666666666,39.50833333333333,81.73333333333333,58.75833333333333,2955.0,225.0,-401.0,149.0,-65.0,-357.0,28.0,-369.12751677852344,81.79271708683473,-332.14285714285717,5226.0,,0.5654420206659012,-7.673172598545733,,-369.12751677852344,-369.12751677852344,,,Report EPS/BPS,"<a href=""https://m.stock.naver.com/domestic/stock/001420/total"" target=""_blank"">Naver Mobile</a>"
003240,태광산업,,55.5625,39.725,39.375,75.54166666666667,67.60833333333333,1011000.0,11256.0,30639.0,225266.0,25409.0,31657.0,67361.0,-86.398746370957,-19.73655115772183,-62.27936046080076,3623950.0,32.99716048173896,0.27897735895914677,0.8454586845845004,,-86.398746370957,-86.398746370957,,,Report EPS/BPS,"<a href=""https://m.stock.naver.com/domestic/stock/003240/total"" target=""_blank"">Naver Mobile</a>"
036570,엔씨소프트,,55.550000000000004,29.741666666666664,51.425000000000004,76.31666666666666,64.71666666666667,271500.0,58492.0,21245.0,3472.0,6906.0,-110.0,1753.0,511.8951612903226,6378.181818181818,293.9532230462065,164395.0,12.779477524123322,1.6515100824234314,12.923142431339151,0.02496502895614481,511.8951612903226,511.8951612903226,0.02496502895614481,0.02496502895614481,Report EPS/BPS,"<a href=""https://m.stock.naver.com/domestic/stock/036570/total"" target=""_blank"">Naver Mobile</a>"
093240,형지엘리트,,55.547916666666666,54.35,42.84166666666667,71.45,53.550000000000004,859.0,527.0,75.0,95.0,2.0,101.0,-11.0,-21.052631578947366,-98.01980198019803,118.18181818181819,1537.0,11.453333333333333,0.5588809368900456,4.879635653871177,,-21.052631578947366,-21.052631578947366,,,Report EPS/BPS,"<a href=""https://m.stock.naver.com/domestic/stock/093240/total"" target=""_blank"">Naver Mobile</a>"
462520,조선내화,,55.54350649350649,39.32857142857143,47.845454545454544,63.81818181818182,71.18181818181819,14870.0,1763.0,987.0,-126.0,618.0,81.0,-182.0,883.3333333333334,662.9629629629629,439.5604395604396,20749.0,15.065856129685917,0.7166610439057304,4.756855752084438,0.017055686184550094,883.3333333333334,883.3333333333334,0.017055686184550094,0.017055686184550094,Report EPS/BPS,"<a href=""https://m.stock.naver.com/domestic/stock/462520/total"" target=""_blank"">Naver Mobile</a>"
000080,하이트진로,,55.52083333333333,43.69166666666666,47.40833333333333,58.71666666666667,72.26666666666667,16960.0,11895.0,562.0,1534.0,513.0,-907.0,542.0,-63.363754889178615,156.5600882028666,-5.350553505535055,16434.0,30.177935943060497,1.0320068151393453,3.419739564317877,,-63.363754889178615,-63.363754889178615,,,Report EPS/BPS,"<a href=""https://m.stock.naver.com/domestic/stock/000080/total"" target=""_blank"">Naver Mobile</a>"
111110,호전실업,,55.5,42.09166666666667,48.824999999999996,65.85833333333333,65.22500000000001,7650.0,717.0,1286.0,2760.0,83.0,697.0,127.0,-53.405797101449274,-88.09182209469154,-34.645669291338585,19873.0,5.948678071539658,0.3849443969204448,6.4710914305842095,,-53.405797101449274,-53.405797101449274,,,Report EPS/BPS,"<a href=""https://m.stock.naver.com/domestic/stock/111110/total"" target=""_blank"">Naver Mobile</a>"
044380,주연테크,,55.49166666666666,50.74166666666667,27.958333333333332,72.61666666666666,70.64999999999999,430.0,277.0,-10.0,-45.0,10.0,-5.0,-6.0,77.77777777777779,300.0,266.66666666666663,591.0,,0.727580372250423,-1.6920473773265652,,77.77777777777779,77.77777777777779,,,Report EPS/BPS,"<a href=""https://m.stock.naver.com/domestic/stock/044380/total"" target=""_blank"">Naver Mobile</a>"
002600,조흥,,55.4875,53.13333333333333,44.041666666666664,62.86666666666667,61.90833333333333,145400.0,872.0,10824.0,724.0,-3401.0,2188.0,-755.0,1395.0276243093922,-255.43875685557586,-350.4635761589404,242935.0,13.433111603843312,0.5985140058040217,4.455512791487435,0.00962928000117085,1395.0276243093922,1395.0276243093922,0.00962928000117085,0.00962928000117085,Report EPS/BPS,"<a href=""https://m.stock.naver.com/domestic/stock/002600/total"" target=""_blank"">Naver Mobile</a>"
005960,동부건설,,55.46666666666666,42.699999999999996,38.03333333333333,59.074999999999996,82.05833333333334,7960.0,1827.0,2236.0,-3150.0,707.0,1251.0,747.0,170.984126984127,-43.48521183053557,-5.35475234270415,24528.0,3.559928443649374,0.3245270711024136,9.116112198303979,0.020820227622531613,170.984126984127,170.984126984127,0.020820227622531613,0.020820227622531613,Report EPS/BPS,"<a href=""https://m.stock.naver.com/domestic/stock/005960/total"" target=""_blank"">Naver Mobile</a>"
003460,유화증권,,55.46331168831169,36.371428571428574,43.96363636363637,91.51818181818182,50.0,3265.0,1851.0,321.0,274.0,197.0,-9.0,123.0,17.153284671532848,2288.888888888889,60.16260162601627,9363.0,10.171339563862928,0.34871301933141086,3.4283883370714516,0.5929674554252005,17.153284671532848,17.153284671532848,0.5929674554252005,0.5929674554252005,Report EPS/BPS,"<a href=""https://m.stock.naver.com/domestic/stock/003460/total"" target=""_blank"">Naver Mobile</a>"
465770,STX그린로지스,,55.432792207792204,43.285714285714285,51.49090909090909,51.58181818181818,75.37272727272727,3610.0,259.0,-5370.0,3060.0,-295.0,-2918.0,-127.0,-275.4901960784314,89.89033584647018,-132.28346456692915,5237.0,,0.6893259499713577,-102.5396219209471,,-275.4901960784314,-275.4901960784314,,,Report EPS/BPS,"<a href=""https://m.stock.naver.com/domestic/stock/465770/total"" target=""_blank"">Naver Mobile</a>"
007810,코리아써키트,,55.36874999999999,38.266666666666666,34.81666666666667,71.99166666666666,76.39999999999999,91000.0,21824.0,2973.0,-4812.0,1050.0,1147.0,47.0,161.78304239401496,-8.456843940714908,2134.0425531914893,35266.0,30.60881264715775,2.5803890432711394,8.430216072137469,0.18919666853965716,161.78304239401496,161.78304239401496,0.18919666853965716,0.18919666853965716,Report EPS/BPS,"<a href=""https://m.stock.naver.com/domestic/stock/007810/total"" target=""_blank"">Naver Mobile</a>"
021050,서원,,55.324999999999996,59.4,40.858333333333334,56.725,64.31666666666666,1457.0,692.0,24.0,476.0,171.0,-20.0,29.0,-94.9579831932773,955.0000000000001,489.6551724137931,7500.0,60.708333333333336,0.19426666666666667,0.32,,-94.9579831932773,-94.9579831932773,,,Report EPS/BPS,"<a href=""https://m.stock.naver.com/domestic/stock/021050/total"" target=""_blank"">Naver Mobile</a>"
002920,유성기업,,55.3125,31.891666666666666,37.641666666666666,77.25,74.46666666666667,1828.0,474.0,-1156.0,-487.0,3.0,-1243.0,74.0,-137.3716632443532,100.24135156878519,-95.94594594594594,11571.0,,0.15798115979604183,-9.990493475066978,,-137.3716632443532,-137.3716632443532,,,Report EPS/BPS,"<a href=""https://m.stock.naver.com/domestic/stock/002920/total"" target=""_blank"">Naver Mobile</a>"
128820,대성산업,,55.29375,37.983333333333334,37.35,62.199999999999996,83.64166666666667,7320.0,3311.0,-1337.0,195.0,238.0,-1054.0,228.0,-785.6410256410256,122.58064516129032,4.385964912280701,14468.0,,0.5059441526126625,-9.241083771081007,,-785.6410256410256,-785.6410256410256,,,Report EPS/BPS,"<a href=""https://m.stock.naver.com/domestic/stock/128820/total"" target=""_blank"">Naver Mobile</a>"
019440,세아특수강,,55.28750000000001,42.69166666666666,41.03333333333333,72.95,64.47500000000001,,,,,,,,,,,,,,,,,,,,Report EPS/BPS,"<a href=""https://m.stock.naver.com/domestic/stock/019440/total"" target=""_blank"">Naver Mobile</a>"
011690,와이투솔루션,,55.27708333333333,46.833333333333336,37.56666666666667,77.10000000000001,59.60833333333333,6470.0,2375.0,-301.0,107.0,-18.0,-123.0,21.0,-381.30841121495325,85.36585365853658,-185.71428571428572,2701.0,,2.395409107737875,-11.14402073306183,,-381.30841121495325,-381.30841121495325,,,Report EPS/BPS,"<a href=""https://m.stock.naver.com/domestic/stock/011690/total"" target=""_blank"">Naver Mobile</a>"
091810,티웨이항공,,55.235416666666666,48.51666666666667,46.925000000000004,35.68333333333333,89.81666666666666,875.0,3613.0,-751.0,-383.0,-40.0,-220.0,-108.0,-96.08355091383812,81.81818181818183,62.96296296296296,260.0,,3.3653846153846154,-288.84615384615387,,-96.08355091383812,-96.08355091383812,,,Report EPS/BPS,"<a href=""https://m.stock.naver.com/domestic/stock/091810/total"" target=""_blank"">Naver Mobile</a>"
007280,한국특강,,55.233333333333334,37.34166666666667,42.525,63.65833333333333,77.40833333333333,2535.0,771.0,64.0,-106.0,-90.0,-48.0,-56.0,160.37735849056605,-87.5,-60.71428571428571,6761.0,39.609375,0.3749445348321254,0.946605531726076,0.24697610294117645,160.37735849056605,160.37735849056605,0.24697610294117645,0.24697610294117645,Report EPS/BPS,"<a href=""https://m.stock.naver.com/domestic/stock/007280/total"" target=""_blank"">Naver Mobile</a>"
002320,한진,,55.204166666666666,40.75833333333333,42.45,55.583333333333336,82.02499999999999,18170.0,2820.0,-220.0,-83.0,-195.0,-502.0,-76.0,-165.06024096385542,61.15537848605578,-156.57894736842107,97906.0,,0.18558617449390233,-0.22470532960186299,,-165.06024096385542,-165.06024096385542,,,Report EPS/BPS,"<a href=""https://m.stock.naver.com/domestic/stock/002320/total"" target=""_blank"">Naver Mobile</a>"
003610,방림,,55.175,46.44166666666666,41.4,74.5,58.35833333333333,5350.0,1937.0,187.0,163.0,85.0,71.0,24.0,14.723926380368098,19.718309859154928,254.16666666666666,5018.0,28.609625668449198,1.0661618174571543,3.726584296532483,1.9430704099821747,14.723926380368098,14.723926380368098,1.9430704099821747,1.9430704099821747,Report EPS/BPS,"<a href=""https://m.stock.naver.com/domestic/stock/003610/total"" target=""_blank"">Naver Mobile</a>"
027740,마니커,,55.16875,46.1,33.733333333333334,47.925000000000004,92.91666666666667,821.0,521.0,3.0,-195.0,-56.0,22.0,-60.0,101.53846153846153,-354.54545454545456,6.666666666666667,597.0,273.6666666666667,1.3752093802345058,0.5025125628140703,2.6952020202020206,101.53846153846153,101.53846153846153,2.6952020202020206,2.6952020202020206,Report EPS/BPS,"<a href=""https://m.stock.naver.com/domestic/stock/027740/total"" target=""_blank"">Naver Mobile</a>"
145720,덴티움,,55.09791666666667,38.85,67.8,79.90833333333333,33.833333333333336,51700.0,4459.0,2434.0,7956.0,1994.0,-577.0,1463.0,-69.40673705379588,445.58058925476604,36.295283663704716,68347.0,21.24075595727198,0.756434079037851,3.5612389717178514,,-69.40673705379588,-69.40673705379588,,,Report EPS/BPS,"<a href=""https://m.stock.naver.com/domestic/stock/145720/total"" target=""_blank"">Naver Mobile</a>"
334890,이지스밸류플러스리츠,,55.083749999999995,39.675,69.06666666666666,71.28333333333333,40.31,4050.0,2813.0,-491.0,632.0,-30.0,27.0,493.0,-177.68987341772151,-211.11111111111111,-106.08519269776878,5420.0,,0.7472324723247232,-9.059040590405903,,-177.68987341772151,-177.68987341772151,,,Report EPS/BPS,"<a href=""https://m.stock.naver.com/domestic/stock/334890/total"" target=""_blank"">Naver Mobile</a>"
018470,조일알미늄,,55.07083333333334,48.05833333333334,41.21666666666667,68.63333333333334,62.375,1463.0,1853.0,75.0,133.0,79.0,8.0,67.0,-43.609022556390975,887.5,17.91044776119403,1734.0,19.506666666666668,0.8437139561707035,4.325259515570934,,-43.609022556390975,-43.609022556390975,,,Report EPS/BPS,"<a href=""https://m.stock.naver.com/domestic/stock/018470/total"" target=""_blank"">Naver Mobile</a>"
006060,화승인더,,55.06041666666667,47.48333333333333,41.958333333333336,57.225,73.575,3420.0,1892.0,295.0,677.0,37.0,323.0,92.0,-56.42540620384048,-88.54489164086688,-59.78260869565217,10180.0,11.59322033898305,0.33595284872298625,2.8978388998035363,,-56.42540620384048,-56.42540620384048,,,Report EPS/BPS,"<a href=""https://m.stock.naver.com/domestic/stock/006060/total"" target=""_blank"">Naver Mobile</a>"
009420,한올바이오파마,,55.05833333333333,52.25,37.550000000000004,78.02499999999999,52.40833333333333,46350.0,24214.0,-98.0,-33.0,5.0,-120.0,-4.0,-196.96969696969697,104.16666666666667,225.0,3108.0,,14.913127413127413,-3.153153153153153,,-196.96969696969697,-196.96969696969697,,,Report EPS/BPS,"<a href=""https://m.stock.naver.com/domestic/stock/009420/total"" target=""_blank"">Naver Mobile</a>"
001630,종근당홀딩스,,55.02916666666666,59.00833333333333,44.333333333333336,64.60833333333333,52.166666666666664,47500.0,2380.0,9458.0,6135.0,2573.0,2102.0,1185.0,54.16462917685412,22.407231208372977,117.13080168776371,184380.0,5.022203425671389,0.25762013233539427,5.129623603427704,0.09272108942670469,54.16462917685412,54.16462917685412,0.09272108942670469,0.09272108942670469,Report EPS/BPS,"<a href=""https://m.stock.naver.com/domestic/stock/001630/total"" target=""_blank"">Naver Mobile</a>"
069960,현대백화점,,55.01666666666667,44.083333333333336,48.55833333333334,69.875,57.550000000000004,118700.0,25598.0,9645.0,-1685.0,3164.0,2290.0,3149.0,672.4035608308606,38.16593886462882,0.476341695776437,292011.0,12.30689476412649,0.406491536277743,3.302957765289664,0.018302839962535865,672.4035608308606,672.4035608308606,0.018302839962535865,0.018302839962535865,Report EPS/BPS,"<a href=""https://m.stock.naver.com/domestic/stock/069960/total"" target=""_blank"">Naver Mobile</a>"
008350,남선알미늄,,54.97916666666667,38.46666666666666,37.63333333333333,78.55833333333334,65.25833333333334,1812.0,2339.0,-31.0,-158.0,-8.0,-62.0,51.0,80.37974683544303,87.09677419354838,-115.68627450980394,2220.0,,0.8162162162162162,-1.3963963963963963,,80.37974683544303,80.37974683544303,,,Report EPS/BPS,"<a href=""https://m.stock.naver.com/domestic/stock/008350/total"" target=""_blank"">Naver Mobile</a>"
002150,도화엔지니어링,,54.95625,46.041666666666664,41.300000000000004,64.35833333333333,68.125,6200.0,2091.0,34.0,-111.0,-54.0,36.0,130.0,130.63063063063063,-250.0,-141.53846153846155,7182.0,182.35294117647058,0.8632692843219159,0.4734057365636313,1.3959432048681542,130.63063063063063,130.63063063063063,1.3959432048681542,1.3959432048681542,Report EPS/BPS,"<a href=""https://m.stock.naver.com/domestic/stock/002150/total"" target=""_blank"">Naver Mobile</a>"
104700,한국철강,,54.84375,16.925,44.324999999999996,86.76666666666667,71.35833333333333,9510.0,3466.0,-450.0,376.0,-308.0,58.0,-103.0,-219.68085106382978,-631.0344827586207,-199.02912621359224,20430.0,,0.4654919236417034,-2.2026431718061676,,-219.68085106382978,-219.68085106382978,,,Report EPS/BPS,"<a href=""https://m.stock.naver.com/domestic/stock/104700/total"" target=""_blank"">Naver Mobile</a>"
035000,HS애드,,54.79375,43.53333333333333,47.74166666666667,72.51666666666667,55.38333333333333,7580.0,1229.0,934.0,1383.0,-619.0,1378.0,-481.0,-32.46565437454809,-144.92017416545718,-28.690228690228693,12140.0,8.115631691648822,0.6243822075782537,7.693574958813838,,-32.46565437454809,-32.46565437454809,,,Report EPS/BPS,"<a href=""https://m.stock.naver.com/domestic/stock/035000/total"" target=""_blank"">Naver Mobile</a>"
004100,태양금속,,54.79166666666667,49.96666666666667,38.791666666666664,52.39166666666667,78.01666666666667,2740.0,1006.0,106.0,11.0,104.0,210.0,94.0,863.6363636363636,-50.476190476190474,10.638297872340425,4621.0,25.849056603773583,0.5929452499458991,2.2938757844622377,0.029930486593843095,863.6363636363636,863.6363636363636,0.029930486593843095,0.029930486593843095,Report EPS/BPS,"<a href=""https://m.stock.naver.com/domestic/stock/004100/total"" target=""_blank"">Naver Mobile</a>"
012800,대창,,54.766666666666666,49.88333333333333,37.94166666666667,56.74166666666667,74.5,1580.0,1440.0,138.0,125.0,153.0,15.0,38.0,10.4,919.9999999999999,302.6315789473684,3555.0,11.44927536231884,0.4444444444444444,3.8818565400843887,1.100891861761427,10.4,10.4,1.100891861761427,1.100891861761427,Report EPS/BPS,"<a href=""https://m.stock.naver.com/domestic/stock/012800/total"" target=""_blank"">Naver Mobile</a>"
007120,미래아이앤지,,54.75208333333333,47.75,43.791666666666664,72.53333333333333,54.93333333333334,1549.0,447.0,-47.0,-301.0,28.0,1.0,-15.0,84.38538205980066,2700.0,286.6666666666667,1714.0,,0.9037339556592765,-2.7421236872812136,,84.38538205980066,84.38538205980066,,,Report EPS/BPS,"<a href=""https://m.stock.naver.com/domestic/stock/007120/total"" target=""_blank"">Naver Mobile</a>"
249420,일동제약,,54.73125,58.208333333333336,35.375,51.458333333333336,73.88333333333334,22250.0,7040.0,1103.0,-86.0,261.0,229.0,32.0,1382.5581395348838,13.973799126637553,715.625,7584.0,20.17225747960109,2.933808016877637,14.543776371308018,0.014590531061780434,1382.5581395348838,1382.5581395348838,0.014590531061780434,0.014590531061780434,Report EPS/BPS,"<a href=""https://m.stock.naver.com/domestic/stock/249420/total"" target=""_blank"">Naver Mobile</a>"
134790,시디즈,,54.71041666666667,28.433333333333334,37.36666666666667,69.04166666666667,84.0,18270.0,365.0,-45.0,-96.0,1398.0,345.0,312.0,53.125,305.2173913043478,348.0769230769231,32833.0,,0.5564523497700484,-0.13705722900740108,,53.125,53.125,,,Report EPS/BPS,"<a href=""https://m.stock.naver.com/domestic/stock/134790/total"" target=""_blank"">Naver Mobile</a>"
011150,CJ씨푸드,,54.64583333333333,43.300000000000004,41.59166666666667,63.60833333333333,70.08333333333333,2500.0,898.0,36.0,106.0,-36.0,64.0,6.0,-66.0377358490566,-156.25,-700.0,2432.0,69.44444444444444,1.0279605263157894,1.4802631578947367,,-66.0377358490566,-66.0377358490566,,,Report EPS/BPS,"<a href=""https://m.stock.naver.com/domestic/stock/011150/total"" target=""_blank"">Naver Mobile</a>"
010950,S-Oil,,54.635416666666664,34.93333333333333,38.80833333333333,58.61666666666667,86.18333333333334,112100.0,126205.0,8371.0,-3587.0,6404.0,1999.0,-396.0,333.37050459994424,220.36018009004502,1717.1717171717173,84988.0,13.391470553099989,1.3190097425518896,9.849625829528874,0.04016993215752606,333.37050459994424,333.37050459994424,0.04016993215752606,0.04016993215752606,Report EPS/BPS,"<a href=""https://m.stock.naver.com/domestic/stock/010950/total"" target=""_blank"">Naver Mobile</a>"
044820,코스맥스비티아이,,54.56458333333333,56.833333333333336,44.30833333333334,48.21666666666667,68.89999999999999,20550.0,1974.0,4444.0,1676.0,1470.0,2323.0,68.0,165.15513126491646,-36.71975893241498,2061.7647058823527,32929.0,4.624212421242124,0.6240699687205806,13.49570287588448,0.027999205267347543,165.15513126491646,165.15513126491646,0.027999205267347543,0.027999205267347543,Report EPS/BPS,"<a href=""https://m.stock.naver.com/domestic/stock/044820/total"" target=""_blank"">Naver Mobile</a>"
089590,제주항공,,54.52916666666667,49.88333333333333,43.01666666666667,38.71666666666666,86.5,4980.0,4016.0,-830.0,-722.0,207.0,-168.0,-406.0,-14.958448753462603,223.21428571428572,150.98522167487684,3599.0,,1.3837176993609337,-23.06196165601556,,-14.958448753462603,-14.958448753462603,,,Report EPS/BPS,"<a href=""https://m.stock.naver.com/domestic/stock/089590/total"" target=""_blank"">Naver Mobile</a>"
003200,일신방직,,54.525,43.90833333333333,44.574999999999996,77.18333333333334,52.43333333333334,11900.0,2732.0,796.0,1898.0,168.0,526.0,818.0,-58.06111696522655,-68.06083650190115,-79.46210268948656,41322.0,14.949748743718592,0.2879821886646339,1.9263346401432653,,-58.06111696522655,-58.06111696522655,,,Report EPS/BPS,"<a href=""https://m.stock.naver.com/domestic/stock/003200/total"" target=""_blank"">Naver Mobile</a>"
001430,세아베스틸지주,,54.46458333333334,36.36666666666667,41.80833333333333,74.00833333333334,65.675,70100.0,25139.0,2004.0,285.0,606.0,-41.0,170.0,603.1578947368421,1578.0487804878048,256.47058823529414,54447.0,34.98003992015968,1.2874905871765203,3.6806435616287403,0.05799483058316178,603.1578947368421,603.1578947368421,0.05799483058316178,0.05799483058316178,Report EPS/BPS,"<a href=""https://m.stock.naver.com/domestic/stock/001430/total"" target=""_blank"">Naver Mobile</a>"
900140,엘브이엠씨홀딩스,,54.4125,58.60833333333334,36.208333333333336,67.64999999999999,55.18333333333334,1659.0,3206.0,0.0,0.0,-0.0,0.0,0.0,,,,2.0,,829.5,0.0,,,,,,Report EPS/BPS,"<a href=""https://m.stock.naver.com/domestic/stock/900140/total"" target=""_blank"">Naver Mobile</a>"
460850,동국씨엠,,54.396874999999994,44.1375,39.525,61.699999999999996,72.22500000000001,6050.0,1809.0,-1556.0,1281.0,76.0,-637.0,-139.0,-221.46760343481654,111.93092621664049,154.67625899280574,34755.0,,0.17407567256509854,-4.4770536613436915,,-221.46760343481654,-221.46760343481654,,,Report EPS/BPS,"<a href=""https://m.stock.naver.com/domestic/stock/460850/total"" target=""_blank"">Naver Mobile</a>"
016450,한세예스24홀딩스,,54.3375,38.31666666666667,40.55833333333333,65.65833333333333,72.81666666666666,4380.0,1752.0,-549.0,-305.0,155.0,-254.0,-123.0,-80.0,161.0236220472441,226.01626016260164,23376.0,,0.18737166324435317,-2.3485626283367558,,-80.0,-80.0,,,Report EPS/BPS,"<a href=""https://m.stock.naver.com/domestic/stock/016450/total"" target=""_blank"">Naver Mobile</a>"
042670,HD현대인프라코어,,54.31875,39.516666666666666,54.416666666666664,67.625,55.71666666666667,,,,,,,,,,,,,,,,,,,,Report EPS/BPS,"<a href=""https://m.stock.naver.com/domestic/stock/042670/total"" target=""_blank"">Naver Mobile</a>"
001070,대한방직,,54.297916666666666,48.708333333333336,36.00833333333333,73.72500000000001,58.75,6410.0,340.0,2.0,64.0,-52.0,53.0,-169.0,-96.875,-198.11320754716982,69.23076923076923,29389.0,3205.0,0.2181088162237572,0.0068052672768723,,-96.875,-96.875,,,Report EPS/BPS,"<a href=""https://m.stock.naver.com/domestic/stock/001070/total"" target=""_blank"">Naver Mobile</a>"
377300,카카오페이,,54.29722222222222,53.375,44.06666666666667,64.39166666666667,55.355555555555554,51100.0,69116.0,447.0,-31.0,211.0,30.0,98.0,1541.9354838709678,603.3333333333334,115.3061224489796,14697.0,114.31767337807607,3.4769000476287677,3.0414370279648906,0.07413907687699493,1541.9354838709678,1541.9354838709678,0.07413907687699493,0.07413907687699493,Report EPS/BPS,"<a href=""https://m.stock.naver.com/domestic/stock/377300/total"" target=""_blank"">Naver Mobile</a>"
145270,케이탑리츠,,54.291666666666664,37.666666666666664,81.39166666666667,48.875,49.23333333333333,845.0,406.0,133.0,100.0,10.0,110.0,6.0,33.0,-90.9090909090909,66.66666666666666,2171.0,6.353383458646617,0.38922155688622756,6.126209120221096,0.1925267714741399,33.0,33.0,0.1925267714741399,0.1925267714741399,Report EPS/BPS,"<a href=""https://m.stock.naver.com/domestic/stock/145270/total"" target=""_blank"">Naver Mobile</a>"
097230,HJ중공업,,54.275,52.666666666666664,37.74166666666667,41.19166666666667,85.5,23950.0,21626.0,792.0,-37.0,283.0,538.0,62.0,2240.540540540541,-47.39776951672863,356.4516129032258,7685.0,30.23989898989899,3.1164606376057256,10.305790500975927,0.013496697981016435,2240.540540540541,2240.540540540541,0.013496697981016435,0.013496697981016435,Report EPS/BPS,"<a href=""https://m.stock.naver.com/domestic/stock/097230/total"" target=""_blank"">Naver Mobile</a>"
001340,PKC,,54.239583333333336,43.15,38.31666666666667,57.208333333333336,78.28333333333333,5950.0,2673.0,129.0,92.0,-55.0,102.0,41.0,40.21739130434783,-153.921568627451,-234.14634146341461,4885.0,46.12403100775194,1.218014329580348,2.6407369498464686,1.1468677980305886,40.21739130434783,40.21739130434783,1.1468677980305886,1.1468677980305886,Report EPS/BPS,"<a href=""https://m.stock.naver.com/domestic/stock/001340/total"" target=""_blank"">Naver Mobile</a>"
019680,대교,,54.175,44.51666666666667,30.383333333333336,54.708333333333336,87.09166666666665,1199.0,1016.0,-478.0,-106.0,-46.0,-395.0,2.0,-350.94339622641513,88.35443037974684,-2400.0,3194.0,,0.37539135879774577,-14.96556042579837,,-350.94339622641513,-350.94339622641513,,,Report EPS/BPS,"<a href=""https://m.stock.naver.com/domestic/stock/019680/total"" target=""_blank"">Naver Mobile</a>"
071840,롯데하이마트,,54.110416666666666,41.233333333333334,36.733333333333334,60.166666666666664,78.30833333333334,7190.0,1697.0,-383.0,-12692.0,-864.0,-590.0,-584.0,96.9823510872991,-46.440677966101696,-47.94520547945205,38721.0,,0.18568735311588028,-0.9891273469176932,,96.9823510872991,96.9823510872991,,,Report EPS/BPS,"<a href=""https://m.stock.naver.com/domestic/stock/071840/total"" target=""_blank"">Naver Mobile</a>"
084670,동양고속,,54.077083333333334,52.800000000000004,32.975,43.96666666666667,86.56666666666666,65800.0,1905.0,1235.0,-5803.0,-67.0,545.0,-277.0,121.28209546786147,-112.29357798165138,75.81227436823104,18855.0,53.27935222672065,3.4897905064969503,6.549986740917528,0.4393010528156577,121.28209546786147,121.28209546786147,0.4393010528156577,0.4393010528156577,Report EPS/BPS,"<a href=""https://m.stock.naver.com/domestic/stock/084670/total"" target=""_blank"">Naver Mobile</a>"
010040,한국내화,,54.02916666666667,38.425000000000004,32.4,70.26666666666667,75.02499999999999,1812.0,744.0,-521.0,84.0,-14.0,-74.0,-24.0,-720.2380952380953,81.08108108108108,41.66666666666667,4344.0,,0.4171270718232044,-11.993554327808472,,-720.2380952380953,-720.2380952380953,,,Report EPS/BPS,"<a href=""https://m.stock.naver.com/domestic/stock/010040/total"" target=""_blank"">Naver Mobile</a>"
025750,한솔홈데코,,54.00208333333333,42.875,35.824999999999996,62.88333333333333,74.425,2345.0,378.0,-1208.0,-935.0,219.0,-1450.0,40.0,-29.197860962566846,115.10344827586208,447.49999999999994,6224.0,,0.37676735218509,-19.408740359897173,,-29.197860962566846,-29.197860962566846,,,Report EPS/BPS,"<a href=""https://m.stock.naver.com/domestic/stock/025750/total"" target=""_blank"">Naver Mobile</a>"
003690,코리안리,,53.96948051948052,52.214285714285715,62.027272727272724,51.63636363636363,50.0,13130.0,23203.0,2498.0,2003.0,1214.0,224.0,539.0,24.71293060409386,441.96428571428567,125.23191094619665,21488.0,5.256204963971177,0.6110387192851824,11.625093075204765,0.21269047561281348,24.71293060409386,24.71293060409386,0.21269047561281348,0.21269047561281348,Report EPS/BPS,"<a href=""https://m.stock.naver.com/domestic/stock/003690/total"" target=""_blank"">Naver Mobile</a>"
003220,대원제약,,53.927083333333336,36.083333333333336,45.275,70.73333333333333,63.61666666666667,9840.0,2207.0,-195.0,464.0,108.0,606.0,242.0,-142.02586206896552,-82.17821782178217,-55.371900826446286,12082.0,,0.814434696242344,-1.613971196821718,,-142.02586206896552,-142.02586206896552,,,Report EPS/BPS,"<a href=""https://m.stock.naver.com/domestic/stock/003220/total"" target=""_blank"">Naver Mobile</a>"
084870,TBH글로벌,,53.916666666666664,40.6,43.59166666666667,73.56666666666666,57.90833333333333,2025.0,422.0,52.0,-99.0,-122.0,134.0,-133.0,152.52525252525254,-191.04477611940297,8.270676691729323,2814.0,38.94230769230769,0.7196162046908315,1.8479033404406537,0.25531711665817625,152.52525252525254,152.52525252525254,0.25531711665817625,0.25531711665817625,Report EPS/BPS,"<a href=""https://m.stock.naver.com/domestic/stock/084870/total"" target=""_blank"">Naver Mobile</a>"
018880,한온시스템,,53.900000000000006,42.56666666666667,36.55833333333333,56.15,80.325,5050.0,51826.0,-105.0,-385.0,65.0,-207.0,-23.0,72.72727272727273,131.4009661835749,382.60869565217394,4011.0,,1.2590376464722015,-2.6178010471204187,,72.72727272727273,72.72727272727273,,,Report EPS/BPS,"<a href=""https://m.stock.naver.com/domestic/stock/018880/total"" target=""_blank"">Naver Mobile</a>"
001770,SHD,,53.829166666666666,33.55833333333333,40.733333333333334,74.50833333333334,66.51666666666667,15530.0,189.0,1011.0,3865.0,-62.0,366.0,547.0,-73.84217335058216,-116.93989071038251,-111.33455210237659,45423.0,15.36102868447082,0.3418972767100368,2.225744666798758,,-73.84217335058216,-73.84217335058216,,,Report EPS/BPS,"<a href=""https://m.stock.naver.com/domestic/stock/001770/total"" target=""_blank"">Naver Mobile</a>"
450140,코오롱모빌리티그룹,,53.80833333333333,36.775,37.666666666666664,50.416666666666664,90.375,,,,,,,,,,,,,,,,,,,,Report EPS/BPS,"<a href=""https://m.stock.naver.com/domestic/stock/450140/total"" target=""_blank"">Naver Mobile</a>"
034120,SBS,,53.73958333333334,29.433333333333334,43.71666666666667,77.08333333333333,64.72500000000001,14860.0,2757.0,55.0,755.0,-750.0,-61.0,-372.0,-92.71523178807946,-1129.5081967213114,-101.61290322580645,52168.0,270.1818181818182,0.2848489495476154,0.10542861524306087,,-92.71523178807946,-92.71523178807946,,,Report EPS/BPS,"<a href=""https://m.stock.naver.com/domestic/stock/034120/total"" target=""_blank"">Naver Mobile</a>"
118000,메타케어,,53.71458333333333,55.15833333333333,37.375,69.74166666666666,52.583333333333336,208.0,357.0,5.0,-25.0,2.0,-22.0,-0.0,120.0,109.09090909090908,,708.0,41.6,0.2937853107344633,0.7062146892655368,0.3466666666666667,120.0,120.0,0.3466666666666667,0.3466666666666667,Report EPS/BPS,"<a href=""https://m.stock.naver.com/domestic/stock/118000/total"" target=""_blank"">Naver Mobile</a>"
008420,문배철강,,53.712500000000006,34.03333333333333,45.00833333333333,68.7,67.10833333333333,2435.0,499.0,326.0,129.0,62.0,59.0,22.0,152.71317829457365,5.084745762711865,181.8181818181818,9526.0,7.469325153374233,0.2556162082720974,3.4222128910350618,0.04891080937996325,152.71317829457365,152.71317829457365,0.04891080937996325,0.04891080937996325,Report EPS/BPS,"<a href=""https://m.stock.naver.com/domestic/stock/008420/total"" target=""_blank"">Naver Mobile</a>"
456040,OCI,,53.69166666666666,35.8,44.800000000000004,68.925,65.24166666666666,121400.0,1868.0,-2465.0,4743.0,2770.0,561.0,-1760.0,-151.97132616487454,393.76114081996434,257.3863636363636,133449.0,,0.9097108258585677,-1.8471475994574704,,-151.97132616487454,-151.97132616487454,,,Report EPS/BPS,"<a href=""https://m.stock.naver.com/domestic/stock/456040/total"" target=""_blank"">Naver Mobile</a>"
001940,KISCO홀딩스,,53.672916666666666,17.525000000000002,43.36666666666667,84.52499999999999,69.27499999999999,24300.0,3445.0,-1673.0,1338.0,-725.0,-473.0,-338.0,-225.03736920777277,-53.276955602537,-114.49704142011834,102578.0,,0.23689290101191288,-1.6309540057322232,,-225.03736920777277,-225.03736920777277,,,Report EPS/BPS,"<a href=""https://m.stock.naver.com/domestic/stock/001940/total"" target=""_blank"">Naver Mobile</a>"
095570,AJ네트웍스,,53.672916666666666,46.86666666666667,45.425000000000004,48.275,74.125,4655.0,2107.0,700.0,480.0,189.0,108.0,117.0,45.83333333333333,75.0,61.53846153846154,10141.0,6.65,0.4590277092988857,6.902672320283995,0.1450909090909091,45.83333333333333,45.83333333333333,0.1450909090909091,0.1450909090909091,Report EPS/BPS,"<a href=""https://m.stock.naver.com/domestic/stock/095570/total"" target=""_blank"">Naver Mobile</a>"
002450,삼익악기,,53.65833333333333,41.15833333333333,48.175000000000004,65.35833333333333,59.94166666666666,1318.0,1193.0,282.0,-31.0,140.0,-37.0,53.0,1009.6774193548388,478.37837837837844,164.1509433962264,3282.0,4.673758865248227,0.4015843997562462,8.592321755027422,0.004628962454399203,1009.6774193548388,1009.6774193548388,0.004628962454399203,0.004628962454399203,Report EPS/BPS,"<a href=""https://m.stock.naver.com/domestic/stock/002450/total"" target=""_blank"">Naver Mobile</a>"
002240,고려제강,,53.64791666666667,35.516666666666666,43.55833333333334,80.63333333333334,54.88333333333333,22300.0,6021.0,924.0,571.0,869.0,-960.0,301.0,61.82136602451839,190.52083333333334,188.70431893687706,74993.0,24.134199134199132,0.2973610870347899,1.2321149973997574,0.3903860539837877,61.82136602451839,61.82136602451839,0.3903860539837877,0.3903860539837877,Report EPS/BPS,"<a href=""https://m.stock.naver.com/domestic/stock/002240/total"" target=""_blank"">Naver Mobile</a>"
000890,보해양조,,53.50416666666667,51.1,42.166666666666664,67.28333333333333,53.46666666666667,422.0,583.0,28.0,44.0,8.0,7.0,5.0,-36.36363636363637,14.285714285714285,60.0,658.0,15.071428571428571,0.6413373860182371,4.25531914893617,,-36.36363636363637,-36.36363636363637,,,Report EPS/BPS,"<a href=""https://m.stock.naver.com/domestic/stock/000890/total"" target=""_blank"">Naver Mobile</a>"
023530,롯데쇼핑,,53.47708333333333,45.199999999999996,39.55833333333333,52.65,76.5,169800.0,48034.0,5782.0,-36401.0,4532.0,3972.0,572.0,115.88417900607126,14.098690835850958,692.3076923076924,602752.0,29.36700103770322,0.28170789976640476,0.9592668294754725,0.2534168278153367,115.88417900607126,115.88417900607126,0.2534168278153367,0.2534168278153367,Report EPS/BPS,"<a href=""https://m.stock.naver.com/domestic/stock/023530/total"" target=""_blank"">Naver Mobile</a>"
003030,세아제강지주,,53.46458333333334,34.6,44.0,78.33333333333333,56.925000000000004,193400.0,8010.0,3100.0,145.0,-977.0,-7749.0,11197.0,2037.9310344827586,87.391921538263,-108.72555148700545,679899.0,62.38709677419355,0.28445401449332913,0.45595007493760104,0.030612957807979915,2037.9310344827586,2037.9310344827586,0.030612957807979915,0.030612957807979915,Report EPS/BPS,"<a href=""https://m.stock.naver.com/domestic/stock/003030/total"" target=""_blank"">Naver Mobile</a>"
004430,송원산업,,53.458333333333336,30.8,48.916666666666664,75.78333333333333,58.333333333333336,12390.0,2974.0,649.0,1804.0,754.0,-114.0,202.0,-64.02439024390245,761.4035087719298,273.26732673267327,32546.0,19.09090909090909,0.38069194371044063,1.9941006575308795,,-64.02439024390245,-64.02439024390245,,,Report EPS/BPS,"<a href=""https://m.stock.naver.com/domestic/stock/004430/total"" target=""_blank"">Naver Mobile</a>"
006490,인스코비,,53.43333333333333,47.48333333333333,28.291666666666668,52.15,85.80833333333334,378.0,551.0,-141.0,-75.0,8.0,-78.0,-136.0,-88.0,110.25641025641026,105.88235294117648,114.0,,3.3157894736842106,-123.6842105263158,,-88.0,-88.0,,,Report EPS/BPS,"<a href=""https://m.stock.naver.com/domestic/stock/006490/total"" target=""_blank"">Naver Mobile</a>"
007110,일신석재,,53.37916666666666,31.933333333333334,42.199999999999996,73.625,65.75833333333334,1394.0,1080.0,-4.0,33.0,0.0,4.0,-5.0,-112.12121212121211,-100.0,100.0,758.0,,1.8390501319261214,-0.5277044854881267,,-112.12121212121211,-112.12121212121211,,,Report EPS/BPS,"<a href=""https://m.stock.naver.com/domestic/stock/007110/total"" target=""_blank"">Naver Mobile</a>"
058650,세아홀딩스,,53.36666666666667,38.583333333333336,38.641666666666666,69.55833333333334,66.68333333333334,147000.0,6236.0,16768.0,7556.0,5473.0,1628.0,3936.0,121.91635786130229,236.1793611793612,39.04979674796748,735412.0,8.766698473282442,0.19988795396322062,2.2800824571804648,0.07190748335228195,121.91635786130229,121.91635786130229,0.07190748335228195,0.07190748335228195,Report EPS/BPS,"<a href=""https://m.stock.naver.com/domestic/stock/058650/total"" target=""_blank"">Naver Mobile</a>"
053210,스카이라이프,,53.36041666666667,36.90833333333334,31.900000000000002,69.48333333333333,75.15,4540.0,2158.0,84.0,-2868.0,23.0,-467.0,84.0,102.92887029288703,104.92505353319058,-72.61904761904762,11545.0,54.04761904761905,0.3932438284971849,0.7275877003031616,0.5250967866821525,102.92887029288703,102.92887029288703,0.5250967866821525,0.5250967866821525,Report EPS/BPS,"<a href=""https://m.stock.naver.com/domestic/stock/053210/total"" target=""_blank"">Naver Mobile</a>"
004170,신세계,,53.297916666666666,35.34166666666667,47.125,59.449999999999996,71.275,541000.0,51098.0,8109.0,6610.0,12727.0,-8104.0,6093.0,22.677760968229954,257.04590325765054,108.87904152305924,719255.0,66.7159945739302,0.7521671729775948,1.127416562971408,2.941912769404127,22.677760968229954,22.677760968229954,2.941912769404127,2.941912769404127,Report EPS/BPS,"<a href=""https://m.stock.naver.com/domestic/stock/004170/total"" target=""_blank"">Naver Mobile</a>"
139480,이마트,,53.291666666666664,38.88333333333333,36.46666666666667,54.03333333333333,83.78333333333333,102500.0,28286.0,4537.0,-19814.0,2166.0,-5371.0,2564.0,122.89795094377713,140.32768571960528,-15.522620904836193,512223.0,22.592021159356403,0.20010815601798435,0.8857470281498488,0.18382748439550234,122.89795094377713,122.89795094377713,0.18382748439550234,0.18382748439550234,Report EPS/BPS,"<a href=""https://m.stock.naver.com/domestic/stock/139480/total"" target=""_blank"">Naver Mobile</a>"
032350,롯데관광개발,,53.23125,76.10000000000001,37.55833333333333,24.166666666666668,75.10000000000001,19570.0,15578.0,553.0,-1278.0,-93.0,489.0,-296.0,143.27073552425665,-119.01840490797547,68.58108108108108,4503.0,35.388788426763114,4.345991561181434,12.280701754385964,0.2470063987405967,143.27073552425665,143.27073552425665,0.2470063987405967,0.2470063987405967,Report EPS/BPS,"<a href=""https://m.stock.naver.com/domestic/stock/032350/total"" target=""_blank"">Naver Mobile</a>"
037560,LG헬로비전,,53.22291666666666,36.13333333333333,35.824999999999996,65.78333333333333,75.14999999999999,2250.0,1743.0,24.0,-1354.0,39.0,-134.0,38.0,101.7725258493353,129.1044776119403,2.631578947368421,5884.0,93.75,0.3823929299796057,0.4078857919782461,0.9211719883889696,101.7725258493353,101.7725258493353,0.9211719883889696,0.9211719883889696,Report EPS/BPS,"<a href=""https://m.stock.naver.com/domestic/stock/037560/total"" target=""_blank"">Naver Mobile</a>"
023810,인팩,,53.20625,45.975,38.03333333333333,56.75833333333333,72.05833333333334,8030.0,803.0,,,-97.0,256.0,,,-137.890625,,17551.0,,0.45752378781835795,,,,,,,Report EPS/BPS,"<a href=""https://m.stock.naver.com/domestic/stock/023810/total"" target=""_blank"">Naver Mobile</a>"
047810,한국항공우주,,53.07083333333333,55.541666666666664,48.74166666666667,56.574999999999996,51.425000000000004,161100.0,157032.0,2029.0,1697.0,431.0,622.0,308.0,19.563936358279317,-30.70739549839228,39.935064935064936,19953.0,79.39871858058157,8.073973838520523,10.168896907733172,4.058422452748402,19.563936358279317,19.563936358279317,4.058422452748402,4.058422452748402,Report EPS/BPS,"<a href=""https://m.stock.naver.com/domestic/stock/047810/total"" target=""_blank"">Naver Mobile</a>"
058730,다스코,,52.900000000000006,34.324999999999996,42.6,65.88333333333334,68.79166666666667,3150.0,628.0,-403.0,-58.0,-286.0,102.0,-124.0,-594.8275862068965,-380.3921568627451,-130.64516129032256,6814.0,,0.46228353390079246,-5.914294100381568,,-594.8275862068965,-594.8275862068965,,,Report EPS/BPS,"<a href=""https://m.stock.naver.com/domestic/stock/058730/total"" target=""_blank"">Naver Mobile</a>"
357120,코람코라이프인프라리츠,,52.85246212121212,47.81818181818182,76.68333333333334,55.80833333333334,31.099999999999998,4400.0,4283.0,105.0,92.0,-81.0,126.0,-52.0,14.130434782608695,-164.28571428571428,-55.769230769230774,4815.0,41.904761904761905,0.9138110072689511,2.1806853582554515,2.9655677655677657,14.130434782608695,14.130434782608695,2.9655677655677657,2.9655677655677657,Report EPS/BPS,"<a href=""https://m.stock.naver.com/domestic/stock/357120/total"" target=""_blank"">Naver Mobile</a>"
008770,호텔신라,,52.8375,32.324999999999996,37.69166666666667,54.55833333333334,86.77499999999999,62500.0,24530.0,-4093.0,-1683.0,153.0,-424.0,-157.0,-143.19667260843732,136.08490566037736,197.45222929936307,28401.0,,2.2006267384951235,-14.411464385056863,,-143.19667260843732,-143.19667260843732,,,Report EPS/BPS,"<a href=""https://m.stock.naver.com/domestic/stock/008770/total"" target=""_blank"">Naver Mobile</a>"
004310,현대약품,,52.768750000000004,44.458333333333336,39.375,71.81666666666666,55.425000000000004,7540.0,2413.0,114.0,-12.0,-66.0,79.0,-13.0,1050.0,-183.54430379746836,-407.6923076923077,4213.0,66.14035087719299,1.7896985521006408,2.7059102777118444,0.06299081035923142,1050.0,1050.0,0.06299081035923142,0.06299081035923142,Report EPS/BPS,"<a href=""https://m.stock.naver.com/domestic/stock/004310/total"" target=""_blank"">Naver Mobile</a>"
005490,POSCO홀딩스,,52.766666666666666,32.824999999999996,39.266666666666666,73.55833333333334,65.41666666666667,467500.0,37454.0,10380.0,10809.0,5896.0,-2844.0,3815.0,-3.968914793227866,307.31364275668074,54.5478374836173,799999.0,45.03853564547206,0.5843757304696631,1.2975016218770274,,-3.968914793227866,-3.968914793227866,,,Report EPS/BPS,"<a href=""https://m.stock.naver.com/domestic/stock/005490/total"" target=""_blank"">Naver Mobile</a>"
027970,한국제지,,52.75,42.958333333333336,34.61666666666667,68.625,64.8,720.0,1369.0,-442.0,9.0,-250.0,-205.0,16.0,-5011.111111111111,-21.951219512195124,-1662.5,1886.0,,0.38176033934252385,-23.435843054082714,,-5011.111111111111,-5011.111111111111,,,Report EPS/BPS,"<a href=""https://m.stock.naver.com/domestic/stock/027970/total"" target=""_blank"">Naver Mobile</a>"
014910,성문전자,,52.725,43.833333333333336,41.675000000000004,68.05833333333334,57.333333333333336,2785.0,609.0,85.0,136.0,33.0,17.0,40.0,-37.5,94.11764705882352,-17.5,2211.0,32.76470588235294,1.2596110357304386,3.844414292175486,,-37.5,-37.5,,,Report EPS/BPS,"<a href=""https://m.stock.naver.com/domestic/stock/014910/total"" target=""_blank"">Naver Mobile</a>"
034730,SK,,52.69375,43.03333333333333,37.083333333333336,57.1,73.55833333333334,503000.0,364689.0,36262.0,12399.0,46629.0,-31034.0,32400.0,192.45906927978064,250.25133724302378,43.916666666666664,1338404.0,13.871270200209587,0.3758207536737786,2.709346355808859,0.07207387135414603,192.45906927978064,192.45906927978064,0.07207387135414603,0.07207387135414603,Report EPS/BPS,"<a href=""https://m.stock.naver.com/domestic/stock/034730/total"" target=""_blank"">Naver Mobile</a>"
007690,국도화학,,52.67291666666667,43.61666666666667,37.324999999999996,66.48333333333333,63.26666666666667,38350.0,3552.0,1900.0,1665.0,161.0,208.0,614.0,14.114114114114114,-22.596153846153847,-73.7785016286645,94867.0,20.18421052631579,0.4042501607513677,2.002803925495694,1.4300727883538635,14.114114114114114,14.114114114114114,1.4300727883538635,1.4300727883538635,Report EPS/BPS,"<a href=""https://m.stock.naver.com/domestic/stock/007690/total"" target=""_blank"">Naver Mobile</a>"
005070,코스모신소재,,52.670833333333334,33.574999999999996,40.391666666666666,71.10833333333333,65.60833333333333,52000.0,17272.0,-180.0,450.0,-107.0,-64.0,58.0,-140.0,-67.1875,-284.48275862068965,16209.0,,3.208094268616201,-1.1104941699056081,,-140.0,-140.0,,,Report EPS/BPS,"<a href=""https://m.stock.naver.com/domestic/stock/005070/total"" target=""_blank"">Naver Mobile</a>"
241590,화승엔터프라이즈,,52.61458333333333,43.475,38.44166666666667,57.84166666666667,70.7,4445.0,2693.0,-648.0,575.0,-167.0,-228.0,4.0,-212.69565217391303,26.75438596491228,-4275.0,7808.0,,0.5692879098360656,-8.299180327868852,,-212.69565217391303,-212.69565217391303,,,Report EPS/BPS,"<a href=""https://m.stock.naver.com/domestic/stock/241590/total"" target=""_blank"">Naver Mobile</a>"
308170,씨티알모빌리티,,52.60208333333333,48.725,30.275000000000002,48.65833333333333,82.75,4760.0,410.0,-470.0,-1835.0,-221.0,-81.0,-126.0,74.38692098092643,-172.8395061728395,-75.39682539682539,9906.0,,0.4805168584696144,-4.744599232788209,,74.38692098092643,74.38692098092643,,,Report EPS/BPS,"<a href=""https://m.stock.naver.com/domestic/stock/308170/total"" target=""_blank"">Naver Mobile</a>"
024070,WISCOM,,52.56041666666667,34.40833333333333,30.65833333333333,73.675,71.5,2070.0,317.0,77.0,-1498.0,-31.0,90.0,-20.0,105.14018691588785,-134.44444444444446,-55.00000000000001,5729.0,26.883116883116884,0.3613196020247862,1.344039099319253,0.2556883116883117,105.14018691588785,105.14018691588785,0.2556883116883117,0.2556883116883117,Report EPS/BPS,"<a href=""https://m.stock.naver.com/domestic/stock/024070/total"" target=""_blank"">Naver Mobile</a>"
004440,삼일씨엔에스,,52.51666666666667,42.61666666666667,33.833333333333336,72.85000000000001,60.76666666666667,6400.0,815.0,272.0,-304.0,42.0,152.0,-113.0,189.4736842105263,-72.36842105263158,137.16814159292034,21100.0,23.529411764705884,0.3033175355450237,1.2890995260663507,0.12418300653594773,189.4736842105263,189.4736842105263,0.12418300653594773,0.12418300653594773,Report EPS/BPS,"<a href=""https://m.stock.naver.com/domestic/stock/004440/total"" target=""_blank"">Naver Mobile</a>"
000680,LS네트웍스,,52.46666666666667,57.791666666666664,36.81666666666667,48.36666666666667,66.89166666666667,3550.0,2798.0,-166.0,-617.0,192.0,-442.0,-47.0,73.09562398703403,143.4389140271493,508.51063829787233,16328.0,,0.21741793238608526,-1.0166585007349338,,73.09562398703403,73.09562398703403,,,Report EPS/BPS,"<a href=""https://m.stock.naver.com/domestic/stock/000680/total"" target=""_blank"">Naver Mobile</a>"
460860,동국제강,,52.459375,28.362499999999997,45.666666666666664,65.83333333333333,69.975,12960.0,6429.0,242.0,165.0,125.0,-271.0,49.0,46.666666666666664,146.12546125461253,155.10204081632654,37910.0,53.553719008264466,0.3418623054603007,0.6383539963070429,1.1475796930342386,46.666666666666664,46.666666666666664,1.1475796930342386,1.1475796930342386,Report EPS/BPS,"<a href=""https://m.stock.naver.com/domestic/stock/460860/total"" target=""_blank"">Naver Mobile</a>"
041650,상신브레이크,,52.42083333333333,44.833333333333336,43.00833333333333,63.10833333333333,58.73333333333333,2645.0,568.0,-425.0,509.0,120.0,192.0,-9.0,-183.49705304518665,-37.5,1433.3333333333335,10468.0,,0.25267481849445933,-4.059992357661445,,-183.49705304518665,-183.49705304518665,,,Report EPS/BPS,"<a href=""https://m.stock.naver.com/domestic/stock/041650/total"" target=""_blank"">Naver Mobile</a>"
011930,신성이엔지,,52.24166666666666,34.125,35.416666666666664,60.574999999999996,78.85,39950.0,8224.0,-152.0,-1202.0,-152.0,152.0,-340.0,87.35440931780366,-200.0,55.294117647058826,11014.0,,3.6272017432358816,-1.3800617396041401,,87.35440931780366,87.35440931780366,,,Report EPS/BPS,"<a href=""https://m.stock.naver.com/domestic/stock/011930/total"" target=""_blank"">Naver Mobile</a>"
009270,신원,,52.22291666666666,35.233333333333334,37.86666666666667,66.85000000000001,68.94166666666666,1202.0,1380.0,4.0,11.0,15.0,39.0,-12.0,-63.63636363636363,-61.53846153846154,225.0,1999.0,300.5,0.6013006503251626,0.2001000500250125,,-63.63636363636363,-63.63636363636363,,,Report EPS/BPS,"<a href=""https://m.stock.naver.com/domestic/stock/009270/total"" target=""_blank"">Naver Mobile</a>"
002880,대유에이텍,,52.17708333333333,43.96666666666667,39.699999999999996,36.49166666666667,88.55,888.0,415.0,30.0,-41.0,76.0,-205.0,33.0,173.17073170731706,137.07317073170734,130.3030303030303,1070.0,29.6,0.8299065420560747,2.803738317757009,0.17092957746478876,173.17073170731706,173.17073170731706,0.17092957746478876,0.17092957746478876,Report EPS/BPS,"<a href=""https://m.stock.naver.com/domestic/stock/002880/total"" target=""_blank"">Naver Mobile</a>"
092200,디아이씨,,52.175,40.108333333333334,41.916666666666664,50.40833333333333,76.26666666666667,7170.0,2788.0,-324.0,362.0,-19.0,-331.0,34.0,-189.5027624309392,94.25981873111783,-155.88235294117646,4571.0,,1.5685845548020128,-7.08816451542332,,-189.5027624309392,-189.5027624309392,,,Report EPS/BPS,"<a href=""https://m.stock.naver.com/domestic/stock/092200/total"" target=""_blank"">Naver Mobile</a>"
002620,제일파마홀딩스,,52.16458333333333,44.80833333333334,33.516666666666666,64.64999999999999,65.68333333333334,8760.0,1399.0,696.0,-3757.0,69.0,457.0,289.0,118.52541921746074,-84.9015317286652,-76.12456747404845,29744.0,12.586206896551724,0.29451317912856373,2.339967724583109,0.10618993781797625,118.52541921746074,118.52541921746074,0.10618993781797625,0.10618993781797625,Report EPS/BPS,"<a href=""https://m.stock.naver.com/domestic/stock/002620/total"" target=""_blank"">Naver Mobile</a>"
004720,팜젠사이언스,,52.16041666666667,41.666666666666664,40.699999999999996,79.47500000000001,46.800000000000004,3725.0,818.0,-5325.0,6.0,-45.0,-5353.0,-33.0,-88850.0,99.15934989725388,-36.36363636363637,6849.0,,0.5438750182508395,-77.748576434516,,-88850.0,-88850.0,,,Report EPS/BPS,"<a href=""https://m.stock.naver.com/domestic/stock/004720/total"" target=""_blank"">Naver Mobile</a>"
036580,팜스코,,52.11666666666666,46.53333333333333,38.35,46.041666666666664,77.54166666666667,3095.0,1137.0,855.0,-1369.0,-228.0,-174.0,32.0,162.45434623813003,-31.03448275862069,-812.5,5755.0,3.6198830409356724,0.5377932232841007,14.856646394439618,0.0222824635028819,162.45434623813003,162.45434623813003,0.0222824635028819,0.0222824635028819,Report EPS/BPS,"<a href=""https://m.stock.naver.com/domestic/stock/036580/total"" target=""_blank"">Naver Mobile</a>"
005320,온타이드,,52.087500000000006,36.68333333333333,29.150000000000002,68.97500000000001,73.54166666666667,588.0,402.0,-237.0,13.0,-76.0,-64.0,4.0,-1923.076923076923,-18.75,-2000.0,1490.0,,0.3946308724832215,-15.906040268456376,,-1923.076923076923,-1923.076923076923,,,Report EPS/BPS,"<a href=""https://m.stock.naver.com/domestic/stock/005320/total"" target=""_blank"">Naver Mobile</a>"
000300,DH오토넥스,,52.0375,42.43333333333333,54.458333333333336,45.541666666666664,65.71666666666667,4200.0,1740.0,134.0,2803.0,4.0,46.0,10.0,-95.21940777738138,-91.30434782608695,-60.0,770.0,31.34328358208955,5.454545454545454,17.402597402597404,,-95.21940777738138,-95.21940777738138,,,Report EPS/BPS,"<a href=""https://m.stock.naver.com/domestic/stock/000300/total"" target=""_blank"">Naver Mobile</a>"
000210,DL,,52.0175,44.541666666666664,40.766666666666666,59.541666666666664,63.220000000000006,59900.0,12553.0,-2734.0,2065.0,344.0,-283.0,-1122.0,-232.39709443099272,221.5547703180212,130.65953654188948,240306.0,,0.24926551979559394,-1.1377160786663671,,-232.39709443099272,-232.39709443099272,,,Report EPS/BPS,"<a href=""https://m.stock.naver.com/domestic/stock/000210/total"" target=""_blank"">Naver Mobile</a>"
004890,동일산업,,52.014583333333334,33.108333333333334,38.291666666666664,76.60833333333333,60.050000000000004,37150.0,901.0,-2047.0,6264.0,3610.0,-6131.0,335.0,-132.67879948914432,158.88109606915674,977.6119402985074,170309.0,,0.21813292309860313,-1.201932957154349,,-132.67879948914432,-132.67879948914432,,,Report EPS/BPS,"<a href=""https://m.stock.naver.com/domestic/stock/004890/total"" target=""_blank"">Naver Mobile</a>"
036460,한국가스공사,,52.00416666666666,41.18333333333333,48.025,47.30833333333334,71.5,37850.0,34940.0,3403.0,12001.0,5943.0,-4408.0,3981.0,-71.64402966419465,234.82304900181487,49.28409947249435,123113.0,11.122538936232736,0.3074411313183823,2.7641272651953894,,-71.64402966419465,-71.64402966419465,,,Report EPS/BPS,"<a href=""https://m.stock.naver.com/domestic/stock/036460/total"" target=""_blank"">Naver Mobile</a>"
014710,사조씨푸드,,51.983333333333334,46.03333333333333,37.666666666666664,59.78333333333333,64.45,7310.0,1259.0,-1743.0,658.0,134.0,-2392.0,241.0,-364.8936170212766,105.6020066889632,-44.398340248962654,11700.0,,0.6247863247863248,-14.897435897435898,,-364.8936170212766,-364.8936170212766,,,Report EPS/BPS,"<a href=""https://m.stock.naver.com/domestic/stock/014710/total"" target=""_blank"">Naver Mobile</a>"
003520,영진약품,,51.96875,48.50833333333333,34.983333333333334,66.33333333333333,58.050000000000004,1554.0,2842.0,-18.0,-10.0,-12.0,-2.0,5.0,-80.0,-500.0,-340.0,486.0,,3.197530864197531,-3.7037037037037033,,-80.0,-80.0,,,Report EPS/BPS,"<a href=""https://m.stock.naver.com/domestic/stock/003520/total"" target=""_blank"">Naver Mobile</a>"
034310,NICE,,51.925000000000004,49.725,40.541666666666664,57.03333333333333,60.4,13460.0,4948.0,1197.0,1338.0,390.0,-65.0,217.0,-10.538116591928251,700.0,79.72350230414746,38048.0,11.244778613199665,0.3537636669470143,3.1460260723296893,,-10.538116591928251,-10.538116591928251,,,Report EPS/BPS,"<a href=""https://m.stock.naver.com/domestic/stock/034310/total"" target=""_blank"">Naver Mobile</a>"
100220,비상교육,,51.85208333333333,52.96666666666667,42.949999999999996,55.333333333333336,56.15833333333333,6270.0,815.0,1876.0,1225.0,1982.0,1682.0,1744.0,53.142857142857146,17.8359096313912,13.646788990825687,17146.0,3.3422174840085286,0.36568295812434387,10.941327423305728,0.06289118921521425,53.142857142857146,53.142857142857146,0.06289118921521425,0.06289118921521425,Report EPS/BPS,"<a href=""https://m.stock.naver.com/domestic/stock/100220/total"" target=""_blank"">Naver Mobile</a>"
007160,사조산업,,51.84375,39.53333333333334,39.199999999999996,55.75833333333333,72.88333333333334,51100.0,2555.0,-8969.0,1326.0,-690.0,-14810.0,2459.0,-776.395173453997,95.34098582039164,-128.06018706791377,126234.0,,0.4048037771123469,-7.1050588589445,,-776.395173453997,-776.395173453997,,,Report EPS/BPS,"<a href=""https://m.stock.naver.com/domestic/stock/007160/total"" target=""_blank"">Naver Mobile</a>"
005090,SGC에너지,,51.8125,36.78333333333333,43.025,52.24166666666667,75.2,52000.0,7493.0,-3847.0,2741.0,220.0,-3035.0,-193.0,-240.35023713973,107.24876441515651,213.9896373056995,51857.0,,1.0027575833542242,-7.41847773685327,,-240.35023713973,-240.35023713973,,,Report EPS/BPS,"<a href=""https://m.stock.naver.com/domestic/stock/005090/total"" target=""_blank"">Naver Mobile</a>"
002020,코오롱,,51.66875,35.85,36.891666666666666,48.86666666666667,85.06666666666666,64700.0,8351.0,-9979.0,12134.0,1055.0,-8653.0,-1243.0,-182.23998681391132,112.19230324742864,184.87530168946097,202346.0,,0.3197493402389966,-4.931651725262669,,-182.23998681391132,-182.23998681391132,,,Report EPS/BPS,"<a href=""https://m.stock.naver.com/domestic/stock/002020/total"" target=""_blank"">Naver Mobile</a>"
396690,미래에셋글로벌리츠,,51.644480519480524,49.31428571428571,61.5,52.309090909090905,43.45454545454545,1716.0,680.0,176.0,-116.0,18.0,-6.0,-108.0,251.72413793103448,400.0,116.66666666666667,3916.0,9.75,0.43820224719101125,4.49438202247191,0.038732876712328765,251.72413793103448,251.72413793103448,0.038732876712328765,0.038732876712328765,Report EPS/BPS,"<a href=""https://m.stock.naver.com/domestic/stock/396690/total"" target=""_blank"">Naver Mobile</a>"
005800,신영와코루,,51.62916666666666,36.074999999999996,39.675000000000004,88.06666666666666,42.699999999999996,14840.0,1336.0,496.0,444.0,20.0,-378.0,222.0,11.711711711711711,105.2910052910053,-90.990990990991,43116.0,29.919354838709676,0.344187772520642,1.1503850078857036,2.554652605459057,11.711711711711711,11.711711711711711,2.554652605459057,2.554652605459057,Report EPS/BPS,"<a href=""https://m.stock.naver.com/domestic/stock/005800/total"" target=""_blank"">Naver Mobile</a>"
271980,제일약품,,51.54166666666666,44.63333333333333,35.90833333333333,61.00833333333333,64.61666666666666,13800.0,2029.0,1391.0,-1664.0,-21.0,501.0,178.0,183.59375,-104.19161676646706,-111.79775280898876,17508.0,9.920920201294033,0.7882111034955449,7.944939456248572,0.054037352585771754,183.59375,183.59375,0.054037352585771754,0.054037352585771754,Report EPS/BPS,"<a href=""https://m.stock.naver.com/domestic/stock/271980/total"" target=""_blank"">Naver Mobile</a>"
005010,휴스틸,,51.52083333333333,25.308333333333334,42.225,77.66666666666667,60.88333333333333,6090.0,3422.0,-302.0,-30.0,-76.0,-829.0,-43.0,-906.6666666666666,90.83232810615199,-76.74418604651163,19376.0,,0.3143063583815029,-1.5586292320396367,,-906.6666666666666,-906.6666666666666,,,Report EPS/BPS,"<a href=""https://m.stock.naver.com/domestic/stock/005010/total"" target=""_blank"">Naver Mobile</a>"
008970,동양철관,,51.506249999999994,38.78333333333333,35.041666666666664,65.11666666666666,67.08333333333333,1583.0,1643.0,-2.0,-206.0,16.0,-20.0,-12.0,99.02912621359224,180.0,233.33333333333334,1382.0,,1.1454413892908828,-0.1447178002894356,,99.02912621359224,99.02912621359224,,,Report EPS/BPS,"<a href=""https://m.stock.naver.com/domestic/stock/008970/total"" target=""_blank"">Naver Mobile</a>"
120110,코오롱인더,,51.49791666666667,39.2,41.391666666666666,66.28333333333333,59.11666666666667,79900.0,23927.0,3213.0,3238.0,2479.0,-318.0,544.0,-0.7720815318097591,879.559748427673,355.6985294117647,143051.0,24.867724867724867,0.5585420584267149,2.246052107290407,,-0.7720815318097591,-0.7720815318097591,,,Report EPS/BPS,"<a href=""https://m.stock.naver.com/domestic/stock/120110/total"" target=""_blank"">Naver Mobile</a>"
214390,경보제약,,51.48333333333333,55.224999999999994,36.166666666666664,66.70833333333333,47.833333333333336,6140.0,1468.0,15.0,96.0,-22.0,-18.0,-29.0,-84.375,-22.22222222222222,24.137931034482758,6036.0,409.3333333333333,1.0172299536116634,0.2485089463220676,,-84.375,-84.375,,,Report EPS/BPS,"<a href=""https://m.stock.naver.com/domestic/stock/214390/total"" target=""_blank"">Naver Mobile</a>"
006840,AK홀딩스,,51.42708333333334,42.61666666666667,37.40833333333333,45.01666666666667,80.66666666666667,7760.0,1028.0,-1124.0,-5178.0,8110.0,-2912.0,226.0,78.29277713402858,378.50274725274727,3488.495575221239,76041.0,,0.1020502097552636,-1.478149945424179,,78.29277713402858,78.29277713402858,,,Report EPS/BPS,"<a href=""https://m.stock.naver.com/domestic/stock/006840/total"" target=""_blank"">Naver Mobile</a>"
001780,알루코,,51.36458333333333,43.824999999999996,45.44166666666666,59.958333333333336,56.23333333333333,2640.0,2556.0,179.0,192.0,134.0,61.0,116.0,-6.770833333333333,119.67213114754098,15.517241379310345,4413.0,14.748603351955307,0.5982324949014276,4.056197598005892,,-6.770833333333333,-6.770833333333333,,,Report EPS/BPS,"<a href=""https://m.stock.naver.com/domestic/stock/001780/total"" target=""_blank"">Naver Mobile</a>"
000140,하이트진로홀딩스,,51.28125,37.65833333333333,42.949999999999996,52.71666666666667,71.8,8860.0,2056.0,-206.0,2113.0,485.0,-1964.0,580.0,-109.7491717936583,124.69450101832993,-16.379310344827587,49352.0,,0.17952666558599448,-0.4174096287891068,,-109.7491717936583,-109.7491717936583,,,Report EPS/BPS,"<a href=""https://m.stock.naver.com/domestic/stock/000140/total"" target=""_blank"">Naver Mobile</a>"
002690,동일제강,,51.260416666666664,37.69166666666667,32.96666666666667,73.47500000000001,60.90833333333333,1573.0,319.0,79.0,9.0,33.0,-284.0,20.0,777.7777777777777,111.61971830985915,65.0,7773.0,19.911392405063292,0.20236716840344784,1.0163386080020584,0.02560036166365281,777.7777777777777,777.7777777777777,0.02560036166365281,0.02560036166365281,Report EPS/BPS,"<a href=""https://m.stock.naver.com/domestic/stock/002690/total"" target=""_blank"">Naver Mobile</a>"
004020,현대제철,,51.22916666666667,32.69166666666667,38.025,69.21666666666667,64.98333333333333,46150.0,61585.0,55.0,-737.0,-307.0,-20.0,-413.0,107.46268656716418,-1435.0,25.66585956416465,148680.0,839.0909090909091,0.3103981705676621,0.036992198009147166,7.808207070707071,107.46268656716418,107.46268656716418,7.808207070707071,7.808207070707071,Report EPS/BPS,"<a href=""https://m.stock.naver.com/domestic/stock/004020/total"" target=""_blank"">Naver Mobile</a>"
475560,더본코리아,,51.22083333333333,2.0,34.93333333333333,77.0,90.95,19150.0,2840.0,-1751.0,,-152.0,185.0,427.0,,-182.16216216216216,-135.59718969555036,16052.0,,1.1929977572888113,-10.908298031397957,,,,,,Report EPS/BPS,"<a href=""https://m.stock.naver.com/domestic/stock/475560/total"" target=""_blank"">Naver Mobile</a>"
000230,일동홀딩스,,51.166666666666664,54.333333333333336,35.608333333333334,42.916666666666664,71.80833333333334,8170.0,943.0,1482.0,5580.0,123.0,1669.0,-412.0,-73.44086021505376,-92.63031755542241,129.85436893203882,30140.0,5.512820512820513,0.2710683477106835,4.917053749170538,,-73.44086021505376,-73.44086021505376,,,Report EPS/BPS,"<a href=""https://m.stock.naver.com/domestic/stock/000230/total"" target=""_blank"">Naver Mobile</a>"
012610,경인양행,,51.12916666666667,45.65833333333333,44.05833333333334,66.95,47.85,5660.0,2355.0,200.0,356.0,125.0,85.0,60.0,-43.82022471910113,47.05882352941176,108.33333333333333,6431.0,28.3,0.880111957704867,3.1099362463069506,,-43.82022471910113,-43.82022471910113,,,Report EPS/BPS,"<a href=""https://m.stock.naver.com/domestic/stock/012610/total"" target=""_blank"">Naver Mobile</a>"
004990,롯데지주,,51.12708333333333,35.85,33.675000000000004,58.38333333333333,76.60000000000001,28400.0,28305.0,-5331.0,-10884.0,66.0,-3649.0,-1101.0,51.01984564498346,101.80871471636064,105.99455040871935,96109.0,,0.2954978201833335,-5.546827040131517,,51.01984564498346,51.01984564498346,,,Report EPS/BPS,"<a href=""https://m.stock.naver.com/domestic/stock/004990/total"" target=""_blank"">Naver Mobile</a>"
096770,SK이노베이션,,51.108333333333334,38.675000000000004,32.78333333333333,55.60833333333333,77.36666666666666,123500.0,208780.0,-12744.0,-14293.0,5705.0,-13243.0,-1354.0,10.837472888826698,143.0793626821717,521.3441654357459,225433.0,,0.5478346116140937,-5.653120882923086,,10.837472888826698,10.837472888826698,,,Report EPS/BPS,"<a href=""https://m.stock.naver.com/domestic/stock/096770/total"" target=""_blank"">Naver Mobile</a>"
034220,LG디스플레이,,51.02708333333334,53.90833333333333,28.883333333333336,44.35833333333333,76.95833333333333,14100.0,7500.0,-162.0,-4084.0,-1141.0,-712.0,-525.0,96.03330068560236,-60.25280898876404,-117.33333333333333,15546.0,,0.9069857197993053,-1.0420686993438826,,96.03330068560236,96.03330068560236,,,Report EPS/BPS,"<a href=""https://m.stock.naver.com/domestic/stock/034220/total"" target=""_blank"">Naver Mobile</a>"
000880,한화,,50.983333333333334,48.375,41.00833333333333,55.083333333333336,59.46666666666667,141400.0,99698.0,6120.0,14369.0,2055.0,-2173.0,1218.0,-57.40830955529265,194.56971928209848,68.7192118226601,720787.0,23.104575163398692,0.19617445930628605,0.8490719172238124,,-57.40830955529265,-57.40830955529265,,,Report EPS/BPS,"<a href=""https://m.stock.naver.com/domestic/stock/000880/total"" target=""_blank"">Naver Mobile</a>"
383800,LX홀딩스,,50.97916666666667,41.65,77.50833333333334,71.86666666666667,12.891666666666666,9160.0,6987.0,1347.0,2391.0,493.0,-210.0,924.0,-43.66373902132999,334.76190476190476,-46.64502164502164,26819.0,6.80029695619896,0.3415489018979082,5.022558633804392,,-43.66373902132999,-43.66373902132999,,,Report EPS/BPS,"<a href=""https://m.stock.naver.com/domestic/stock/383800/total"" target=""_blank"">Naver Mobile</a>"
161000,애경케미칼,,50.93541666666667,24.349999999999998,36.333333333333336,67.71666666666667,75.34166666666667,13430.0,6534.0,-64.0,97.0,-26.0,-199.0,-23.0,-165.979381443299,86.93467336683418,-13.043478260869565,14725.0,,0.9120543293718166,-0.43463497453310695,,-165.979381443299,-165.979381443299,,,Report EPS/BPS,"<a href=""https://m.stock.naver.com/domestic/stock/161000/total"" target=""_blank"">Naver Mobile</a>"
068290,삼성출판사,,50.87291666666667,37.56666666666667,52.48333333333333,74.79166666666667,38.65,7780.0,778.0,440.0,1030.0,198.0,3.0,162.0,-57.28155339805825,6500.0,22.22222222222222,14928.0,17.681818181818183,0.5211682743837085,2.947481243301179,,-57.28155339805825,-57.28155339805825,,,Report EPS/BPS,"<a href=""https://m.stock.naver.com/domestic/stock/068290/total"" target=""_blank"">Naver Mobile</a>"
001520,동양,,50.75625000000001,34.71666666666667,36.775,65.49166666666666,66.04166666666667,676.0,1614.0,155.0,-360.0,27.0,129.0,-44.0,143.05555555555557,-79.06976744186046,161.36363636363635,3202.0,4.361290322580645,0.21111805121798877,4.840724547158026,0.030486689633573438,143.05555555555557,143.05555555555557,0.030486689633573438,0.030486689633573438,Report EPS/BPS,"<a href=""https://m.stock.naver.com/domestic/stock/001520/total"" target=""_blank"">Naver Mobile</a>"
002870,신풍,,50.73125,53.324999999999996,34.11666666666667,73.35000000000001,42.13333333333333,1250.0,437.0,61.0,-38.0,24.0,-0.0,20.0,260.5263157894737,,20.0,2130.0,20.491803278688526,0.5868544600938967,2.863849765258216,0.07865540652425898,260.5263157894737,260.5263157894737,0.07865540652425898,0.07865540652425898,Report EPS/BPS,"<a href=""https://m.stock.naver.com/domestic/stock/002870/total"" target=""_blank"">Naver Mobile</a>"
017860,DS단석,,50.68,25.650000000000002,37.5,57.779999999999994,81.78999999999999,18870.0,3351.0,-1133.0,-311.0,-105.0,-644.0,351.0,-264.3086816720257,83.69565217391305,-129.9145299145299,15166.0,,1.2442305156270606,-7.470658050903337,,-264.3086816720257,-264.3086816720257,,,Report EPS/BPS,"<a href=""https://m.stock.naver.com/domestic/stock/017860/total"" target=""_blank"">Naver Mobile</a>"
047040,대우건설,,50.650000000000006,33.5,41.9,68.64999999999999,58.550000000000004,28500.0,117109.0,-1883.0,491.0,473.0,-2121.0,136.0,-483.5030549898167,122.30080150872229,247.79411764705884,9072.0,,3.1415343915343916,-20.756172839506174,,-483.5030549898167,-483.5030549898167,,,Report EPS/BPS,"<a href=""https://m.stock.naver.com/domestic/stock/047040/total"" target=""_blank"">Naver Mobile</a>"
011280,태림포장,,50.6375,30.991666666666664,33.15,57.03333333333333,81.375,1910.0,1352.0,-148.0,-348.0,-75.0,-98.0,-60.0,57.47126436781609,23.46938775510204,-25.0,4498.0,,0.4246331702979102,-3.2903512672298802,,57.47126436781609,57.47126436781609,,,Report EPS/BPS,"<a href=""https://m.stock.naver.com/domestic/stock/011280/total"" target=""_blank"">Naver Mobile</a>"
002710,TCC스틸,,50.59166666666667,32.81666666666667,38.949999999999996,60.34166666666667,70.25833333333334,16800.0,4404.0,-341.0,819.0,-54.0,-221.0,4.0,-141.63614163614164,75.56561085972851,-1450.0,9506.0,,1.7673048600883652,-3.587208079107932,,-141.63614163614164,-141.63614163614164,,,Report EPS/BPS,"<a href=""https://m.stock.naver.com/domestic/stock/002710/total"" target=""_blank"">Naver Mobile</a>"
005950,이수화학,,50.552083333333336,37.550000000000004,30.366666666666664,49.25,85.04166666666667,10010.0,2632.0,-92.0,-2482.0,803.0,-502.0,-287.0,96.29331184528606,259.9601593625498,379.79094076655053,14890.0,,0.6722632639355272,-0.6178643384822029,,96.29331184528606,96.29331184528606,,,Report EPS/BPS,"<a href=""https://m.stock.naver.com/domestic/stock/005950/total"" target=""_blank"">Naver Mobile</a>"
000810,삼성화재,,50.54967532467532,38.771428571428565,67.54545454545455,45.88181818181818,50.0,554000.0,247347.0,45798.0,44364.0,14215.0,5257.0,13621.0,3.2323505545036517,170.40136960243484,4.360913295646428,541599.0,12.09659810472073,1.0228970142116216,8.456071743116217,3.742353405284731,3.2323505545036517,3.2323505545036517,3.742353405284731,3.742353405284731,Report EPS/BPS,"<a href=""https://m.stock.naver.com/domestic/stock/000810/total"" target=""_blank"">Naver Mobile</a>"
170900,동아에스티,,50.52708333333334,40.608333333333334,35.06666666666667,67.60833333333333,58.824999999999996,41950.0,4081.0,-1209.0,-80.0,890.0,-1227.0,-840.0,-1411.25,172.53463732681337,205.95238095238093,70090.0,,0.5985161934655443,-1.724925096304751,,-1411.25,-1411.25,,,Report EPS/BPS,"<a href=""https://m.stock.naver.com/domestic/stock/170900/total"" target=""_blank"">Naver Mobile</a>"
071090,하이스틸,,50.47708333333334,29.599999999999998,37.71666666666667,64.79166666666667,69.8,4090.0,826.0,-146.0,-38.0,110.0,-96.0,29.0,-284.2105263157895,214.58333333333334,279.3103448275862,7260.0,,0.5633608815426997,-2.0110192837465566,,-284.2105263157895,-284.2105263157895,,,Report EPS/BPS,"<a href=""https://m.stock.naver.com/domestic/stock/071090/total"" target=""_blank"">Naver Mobile</a>"
070960,모나용평,,50.4625,58.291666666666664,46.49166666666667,52.4,44.666666666666664,2920.0,1405.0,-668.0,211.0,130.0,-829.0,164.0,-416.5876777251185,115.68154402895054,-20.73170731707317,7606.0,,0.3839074414935577,-8.782540099921114,,-416.5876777251185,-416.5876777251185,,,Report EPS/BPS,"<a href=""https://m.stock.naver.com/domestic/stock/070960/total"" target=""_blank"">Naver Mobile</a>"
079980,휴비스,,50.452083333333334,47.625,26.133333333333336,50.46666666666667,77.58333333333333,2830.0,976.0,-53.0,-3384.0,-24.0,-195.0,96.0,98.4338061465721,87.6923076923077,-125.0,7274.0,,0.389056915039868,-0.7286224910640637,,98.4338061465721,98.4338061465721,,,Report EPS/BPS,"<a href=""https://m.stock.naver.com/domestic/stock/079980/total"" target=""_blank"">Naver Mobile</a>"
372910,한컴라이프케어,,50.32083333333333,41.44166666666667,43.85,67.78333333333333,48.208333333333336,2320.0,642.0,-259.0,181.0,-79.0,-267.0,-99.0,-243.0939226519337,70.4119850187266,20.2020202020202,4534.0,,0.5116894574327305,-5.712395235994706,,-243.0939226519337,-243.0939226519337,,,Report EPS/BPS,"<a href=""https://m.stock.naver.com/domestic/stock/372910/total"" target=""_blank"">Naver Mobile</a>"
210980,SK디앤디,,50.24791666666667,43.86666666666667,49.25833333333333,56.28333333333333,51.583333333333336,12470.0,2322.0,-1108.0,2600.0,-1153.0,-1217.0,336.0,-142.6153846153846,5.258833196384552,-443.15476190476187,29919.0,,0.4167920050803837,-3.703332330626024,,-142.6153846153846,-142.6153846153846,,,Report EPS/BPS,"<a href=""https://m.stock.naver.com/domestic/stock/210980/total"" target=""_blank"">Naver Mobile</a>"
095720,웅진씽크빅,,50.181250000000006,28.508333333333336,37.625,59.84166666666667,74.75,1998.0,1135.0,-278.0,-433.0,-72.0,-156.0,-194.0,35.79676674364896,53.84615384615385,62.88659793814433,4346.0,,0.4597330878969167,-6.396686608375518,,35.79676674364896,35.79676674364896,,,Report EPS/BPS,"<a href=""https://m.stock.naver.com/domestic/stock/095720/total"" target=""_blank"">Naver Mobile</a>"
452260,한화갤러리아,,50.16041666666666,49.93333333333333,36.40833333333333,52.791666666666664,61.50833333333333,3350.0,6494.0,36.0,-133.0,-4.0,129.0,-23.0,127.06766917293233,-103.10077519379846,82.6086956521739,4343.0,93.05555555555556,0.7713562053879807,0.8289201013124569,0.7323307034845496,127.06766917293233,127.06766917293233,0.7323307034845496,0.7323307034845496,Report EPS/BPS,"<a href=""https://m.stock.naver.com/domestic/stock/452260/total"" target=""_blank"">Naver Mobile</a>"
003000,부광약품,,50.112500000000004,51.975,38.775,68.60833333333333,41.09166666666667,5700.0,5624.0,140.0,-8.0,12.0,47.0,-1.0,1850.0,-74.46808510638297,1300.0,3383.0,40.714285714285715,1.6848950635530595,4.138338752586462,0.022007722007722007,1850.0,1850.0,0.022007722007722007,0.022007722007722007,Report EPS/BPS,"<a href=""https://m.stock.naver.com/domestic/stock/003000/total"" target=""_blank"">Naver Mobile</a>"
285130,SK케미칼,,50.1125,38.375,36.30833333333333,71.75833333333334,54.00833333333333,48700.0,8424.0,724.0,1903.0,-701.0,-1864.0,1156.0,-61.954808197582764,62.392703862660944,-160.6401384083045,180890.0,67.26519337016575,0.2692243905135718,0.40024324174912934,,-61.954808197582764,-61.954808197582764,,,Report EPS/BPS,"<a href=""https://m.stock.naver.com/domestic/stock/285130/total"" target=""_blank"">Naver Mobile</a>"
002990,금호건설,,50.087500000000006,35.28333333333333,37.28333333333333,49.34166666666667,78.44166666666668,4585.0,1708.0,1975.0,-5987.0,293.0,1190.0,34.0,132.98814097210624,-75.3781512605042,761.7647058823529,6249.0,2.321518987341772,0.7337173947831653,31.605056809089454,0.017456586507429275,132.98814097210624,132.98814097210624,0.017456586507429275,0.017456586507429275,Report EPS/BPS,"<a href=""https://m.stock.naver.com/domestic/stock/002990/total"" target=""_blank"">Naver Mobile</a>"
081000,일진다이아,,50.079166666666666,37.93333333333333,39.275,74.89999999999999,48.208333333333336,12670.0,1800.0,670.0,795.0,286.0,104.0,99.0,-15.723270440251572,175.0,188.88888888888889,38068.0,18.91044776119403,0.332825470211201,1.7600084060102974,,-15.723270440251572,-15.723270440251572,,,Report EPS/BPS,"<a href=""https://m.stock.naver.com/domestic/stock/081000/total"" target=""_blank"">Naver Mobile</a>"
006360,GS건설,,50.075,42.583333333333336,36.708333333333336,53.675000000000004,67.33333333333333,32000.0,27386.0,762.0,1623.0,1.0,443.0,331.0,-53.04990757855823,-99.77426636568849,-99.69788519637463,65402.0,41.99475065616798,0.48928167334332284,1.1651019846487876,,-53.04990757855823,-53.04990757855823,,,Report EPS/BPS,"<a href=""https://m.stock.naver.com/domestic/stock/006360/total"" target=""_blank"">Naver Mobile</a>"
089860,롯데렌탈,,50.02361111111111,40.85,55.19166666666666,39.50833333333333,64.54444444444444,31950.0,11601.0,3553.0,3307.0,857.0,788.0,818.0,7.438766253401876,8.756345177664974,4.767726161369193,42607.0,8.992400788066423,0.7498767808106649,8.339005327763044,1.2088564799242136,7.438766253401876,7.438766253401876,1.2088564799242136,1.2088564799242136,Report EPS/BPS,"<a href=""https://m.stock.naver.com/domestic/stock/089860/total"" target=""_blank"">Naver Mobile</a>"
014990,인디에프,,50.020833333333336,53.35,40.4,47.05833333333334,59.275000000000006,608.0,457.0,18.0,4.0,-4.0,46.0,-24.0,350.0,-108.69565217391303,83.33333333333334,504.0,33.77777777777778,1.2063492063492063,3.571428571428571,0.09650793650793651,350.0,350.0,0.09650793650793651,0.09650793650793651,Report EPS/BPS,"<a href=""https://m.stock.naver.com/domestic/stock/014990/total"" target=""_blank"">Naver Mobile</a>"
373220,LG에너지솔루션,,49.987500000000004,38.44166666666667,31.758333333333336,69.25833333333334,60.49166666666667,417000.0,975780.0,-6851.0,-4975.0,-2889.0,-3747.0,-623.0,-37.70854271356784,22.898318654923937,-363.72391653290526,127847.0,,3.2617112642455437,-5.358749129819237,,-37.70854271356784,-37.70854271356784,,,Report EPS/BPS,"<a href=""https://m.stock.naver.com/domestic/stock/373220/total"" target=""_blank"">Naver Mobile</a>"
017180,명문제약,,49.9875,49.24166666666667,36.1,55.375,59.23333333333333,1656.0,562.0,89.0,-110.0,-24.0,28.0,-57.0,180.9090909090909,-185.71428571428572,57.89473684210527,3045.0,18.60674157303371,0.5438423645320197,2.922824302134647,0.10285133532832703,180.9090909090909,180.9090909090909,0.10285133532832703,0.10285133532832703,Report EPS/BPS,"<a href=""https://m.stock.naver.com/domestic/stock/017180/total"" target=""_blank"">Naver Mobile</a>"
005030,부산주공,,49.89583333333333,48.975,33.699999999999996,37.016666666666666,79.89166666666667,486.0,451.0,10.0,-24.0,-26.0,68.0,-17.0,141.66666666666669,-138.23529411764704,-52.94117647058824,258.0,48.6,1.8837209302325582,3.875968992248062,0.34305882352941175,141.66666666666669,141.66666666666669,0.34305882352941175,0.34305882352941175,Report EPS/BPS,"<a href=""https://m.stock.naver.com/domestic/stock/005030/total"" target=""_blank"">Naver Mobile</a>"
014280,금강공업,,49.83958333333333,36.375,41.30833333333333,62.35833333333333,59.31666666666666,5220.0,1531.0,-1048.0,-17.0,486.0,-1057.0,10.0,-6064.705882352941,145.97918637653737,4760.0,17483.0,,0.29857575930904307,-5.99439455471029,,-6064.705882352941,-6064.705882352941,,,Report EPS/BPS,"<a href=""https://m.stock.naver.com/domestic/stock/014280/total"" target=""_blank"">Naver Mobile</a>"
092440,기신정기,,49.82916666666667,24.96666666666667,40.725,89.54166666666667,44.083333333333336,2185.0,638.0,-16.0,54.0,6.0,-9.0,21.0,-129.62962962962962,166.66666666666669,-71.42857142857143,8400.0,,0.26011904761904764,-0.19047619047619047,,-129.62962962962962,-129.62962962962962,,,Report EPS/BPS,"<a href=""https://m.stock.naver.com/domestic/stock/092440/total"" target=""_blank"">Naver Mobile</a>"
000480,CR홀딩스,,49.827083333333334,36.550000000000004,38.63333333333333,59.275,64.85000000000001,4875.0,2286.0,-411.0,-159.0,137.0,-352.0,-36.0,-158.49056603773585,138.92045454545453,480.55555555555554,17593.0,,0.2770988461319843,-2.3361564258511907,,-158.49056603773585,-158.49056603773585,,,Report EPS/BPS,"<a href=""https://m.stock.naver.com/domestic/stock/000480/total"" target=""_blank"">Naver Mobile</a>"
004960,한신공영,,49.65833333333333,47.78333333333333,44.666666666666664,61.28333333333333,44.9,14310.0,1656.0,5928.0,484.0,1096.0,2263.0,343.0,1124.793388429752,-51.5687140963323,219.533527696793,73712.0,2.4139676113360324,0.19413392663338397,8.042109832863034,0.0021461431371907415,1124.793388429752,1124.793388429752,0.0021461431371907415,0.0021461431371907415,Report EPS/BPS,"<a href=""https://m.stock.naver.com/domestic/stock/004960/total"" target=""_blank"">Naver Mobile</a>"
010600,웰바이오텍,,49.625,34.725,19.241666666666667,60.69166666666666,83.84166666666667,,,,,,,,,,,,,,,,,,,,Report EPS/BPS,"<a href=""https://m.stock.naver.com/domestic/stock/010600/total"" target=""_blank"">Naver Mobile</a>"
093230,이아이디,,49.60208333333333,46.64166666666667,30.233333333333334,53.00833333333333,68.525,,,,,,,,,,,,,,,,,,,,Report EPS/BPS,"<a href=""https://m.stock.naver.com/domestic/stock/093230/total"" target=""_blank"">Naver Mobile</a>"
007590,동방아그로,,49.56249999999999,45.63333333333333,46.75,69.95,35.916666666666664,5970.0,813.0,532.0,713.0,935.0,-124.0,1119.0,-25.385694249649372,854.0322580645162,-16.44325290437891,13429.0,11.221804511278195,0.4445602799910641,3.961575694392732,,-25.385694249649372,-25.385694249649372,,,Report EPS/BPS,"<a href=""https://m.stock.naver.com/domestic/stock/007590/total"" target=""_blank"">Naver Mobile</a>"
002630,오리엔트바이오,,49.543749999999996,38.775,32.68333333333333,73.85833333333333,52.85833333333333,478.0,567.0,-69.0,17.0,-16.0,-1.0,-10.0,-505.88235294117646,-1500.0,-60.0,571.0,,0.8371278458844134,-12.084063047285463,,-505.88235294117646,-505.88235294117646,,,Report EPS/BPS,"<a href=""https://m.stock.naver.com/domestic/stock/002630/total"" target=""_blank"">Naver Mobile</a>"
051630,진양화학,,49.47291666666666,35.31666666666667,26.7,58.333333333333336,77.54166666666667,2045.0,434.0,104.0,-234.0,2.0,47.0,-60.0,144.44444444444443,-95.74468085106383,103.33333333333334,1872.0,19.66346153846154,1.0924145299145298,5.555555555555555,0.13613165680473374,144.44444444444443,144.44444444444443,0.13613165680473374,0.13613165680473374,Report EPS/BPS,"<a href=""https://m.stock.naver.com/domestic/stock/051630/total"" target=""_blank"">Naver Mobile</a>"
013890,지누스,,49.40416666666667,32.391666666666666,41.56666666666667,67.23333333333333,56.425000000000004,11460.0,2513.0,-2736.0,1156.0,-1041.0,-1587.0,851.0,-336.6782006920415,34.40453686200378,-222.32667450058753,29736.0,,0.38539144471347864,-9.200968523002421,,-336.6782006920415,-336.6782006920415,,,Report EPS/BPS,"<a href=""https://m.stock.naver.com/domestic/stock/013890/total"" target=""_blank"">Naver Mobile</a>"
395400,SK리츠,,49.315000000000005,61.3,68.06,57.9,10.0,5790.0,17429.0,31.0,,3.0,4.0,29.0,,-25.0,-89.65517241379311,4201.0,186.7741935483871,1.3782432754106164,0.7379195429659604,,,,,,Report EPS/BPS,"<a href=""https://m.stock.naver.com/domestic/stock/395400/total"" target=""_blank"">Naver Mobile</a>"
006280,녹십자,,49.262499999999996,45.791666666666664,38.641666666666666,68.45833333333333,44.15833333333333,138700.0,16209.0,-1189.0,2458.0,1752.0,-7556.0,2541.0,-148.3726606997559,123.1868713605082,-31.05076741440378,112007.0,,1.2383154624264554,-1.061540796557358,,-148.3726606997559,-148.3726606997559,,,Report EPS/BPS,"<a href=""https://m.stock.naver.com/domestic/stock/006280/total"" target=""_blank"">Naver Mobile</a>"
019170,신풍제약,,49.235416666666666,55.074999999999996,28.375,70.175,43.31666666666666,10890.0,5708.0,200.0,-269.0,7.0,9.0,-25.0,174.34944237918216,-22.22222222222222,128.0,5576.0,54.45,1.953012912482066,3.5868005738880915,0.3123038379530917,174.34944237918216,174.34944237918216,0.3123038379530917,0.3123038379530917,Report EPS/BPS,"<a href=""https://m.stock.naver.com/domestic/stock/019170/total"" target=""_blank"">Naver Mobile</a>"
000670,영풍,,49.18333333333334,29.816666666666666,33.09166666666667,66.39999999999999,67.425,60400.0,11120.0,-16035.0,2251.0,46.0,-7245.0,15631.0,-812.3500666370502,100.63492063492063,-99.70571300620563,223134.0,,0.27068936154956214,-7.186264755707334,,-812.3500666370502,-812.3500666370502,,,Report EPS/BPS,"<a href=""https://m.stock.naver.com/domestic/stock/000670/total"" target=""_blank"">Naver Mobile</a>"
004910,조광페인트,,49.17916666666667,41.31666666666667,38.925,56.03333333333333,60.44166666666666,4135.0,529.0,-1253.0,1030.0,-358.0,-311.0,87.0,-221.6504854368932,-15.112540192926044,-511.49425287356325,16095.0,,0.2569120844982914,-7.785026405716061,,-221.6504854368932,-221.6504854368932,,,Report EPS/BPS,"<a href=""https://m.stock.naver.com/domestic/stock/004910/total"" target=""_blank"">Naver Mobile</a>"
213500,한솔제지,,49.12083333333334,33.24166666666667,38.525,56.65833333333333,68.05833333333334,7250.0,1726.0,25.0,-1991.0,144.0,-93.0,282.0,101.25565042692115,254.83870967741936,-48.93617021276596,29200.0,290.0,0.2482876712328767,0.08561643835616438,2.864037698412698,101.25565042692115,101.25565042692115,2.864037698412698,2.864037698412698,Report EPS/BPS,"<a href=""https://m.stock.naver.com/domestic/stock/213500/total"" target=""_blank"">Naver Mobile</a>"
031430,신세계인터내셔날,,49.110416666666666,24.933333333333334,41.608333333333334,77.15833333333333,52.74166666666667,16190.0,5664.0,395.0,701.0,406.0,40.0,129.0,-43.65192582025678,915.0,214.7286821705426,24052.0,40.9873417721519,0.6731248960585399,1.642275070680193,,-43.65192582025678,-43.65192582025678,,,Report EPS/BPS,"<a href=""https://m.stock.naver.com/domestic/stock/031430/total"" target=""_blank"">Naver Mobile</a>"
013360,일성건설,,49.06666666666666,41.86666666666667,32.358333333333334,46.583333333333336,75.45833333333333,1621.0,876.0,63.0,-1088.0,7.0,55.0,13.0,105.79044117647058,-87.27272727272727,-46.15384615384615,1357.0,25.73015873015873,1.1945467943994104,4.642593957258659,0.2432181815674431,105.79044117647058,105.79044117647058,0.2432181815674431,0.2432181815674431,Report EPS/BPS,"<a href=""https://m.stock.naver.com/domestic/stock/013360/total"" target=""_blank"">Naver Mobile</a>"
020560,아시아나항공,,48.95625,37.291666666666664,43.46666666666667,33.891666666666666,81.175,7370.0,15182.0,-3166.0,-611.0,-1182.0,-1273.0,609.0,-418.1669394435352,7.148468185388845,-294.0886699507389,2757.0,,2.6731955023576353,-114.83496554225607,,-418.1669394435352,-418.1669394435352,,,Report EPS/BPS,"<a href=""https://m.stock.naver.com/domestic/stock/020560/total"" target=""_blank"">Naver Mobile</a>"
002360,SH에너지화학,,48.900000000000006,25.258333333333336,27.758333333333336,72.89166666666667,69.69166666666668,358.0,398.0,-78.0,-97.0,-6.0,-32.0,-24.0,19.587628865979383,81.25,75.0,623.0,,0.5746388443017657,-12.520064205457466,,19.587628865979383,19.587628865979383,,,Report EPS/BPS,"<a href=""https://m.stock.naver.com/domestic/stock/002360/total"" target=""_blank"">Naver Mobile</a>"
003070,코오롱글로벌,,48.88333333333334,34.391666666666666,34.666666666666664,48.125,78.35000000000001,10500.0,2670.0,-5668.0,173.0,452.0,-5883.0,-1400.0,-3376.3005780346825,107.68315485296618,132.2857142857143,27240.0,,0.3854625550660793,-20.80763582966226,,-3376.3005780346825,-3376.3005780346825,,,Report EPS/BPS,"<a href=""https://m.stock.naver.com/domestic/stock/003070/total"" target=""_blank"">Naver Mobile</a>"
051910,LG화학,,48.864583333333336,30.383333333333336,32.99166666666667,69.35833333333333,62.725,374000.0,264015.0,-29184.0,-13248.0,-4933.0,-19789.0,-1524.0,-120.28985507246377,75.07200970235989,-223.68766404199474,681249.0,,0.5489916315473491,-4.283896196544876,,-120.28985507246377,-120.28985507246377,,,Report EPS/BPS,"<a href=""https://m.stock.naver.com/domestic/stock/051910/total"" target=""_blank"">Naver Mobile</a>"
002220,한일철강,,48.864583333333336,36.925000000000004,35.875,58.15833333333333,64.5,4730.0,1263.0,-68.0,-125.0,-55.0,-49.0,-7.0,45.6,-12.244897959183673,-685.7142857142857,6140.0,,0.7703583061889251,-1.1074918566775245,,45.6,45.6,,,Report EPS/BPS,"<a href=""https://m.stock.naver.com/domestic/stock/002220/total"" target=""_blank"">Naver Mobile</a>"
009460,한창제지,,48.858333333333334,43.675000000000004,31.05,50.09166666666667,70.61666666666666,544.0,325.0,-156.0,-21.0,11.0,-88.0,-53.0,-642.8571428571429,112.5,120.75471698113208,2253.0,,0.24145583666222814,-6.92410119840213,,-642.8571428571429,-642.8571428571429,,,Report EPS/BPS,"<a href=""https://m.stock.naver.com/domestic/stock/009460/total"" target=""_blank"">Naver Mobile</a>"
119650,KC코트렐,,48.71458333333334,33.625,31.791666666666668,47.75,81.69166666666666,918.0,1008.0,20.0,-344.0,78.0,22.0,-36.0,105.8139534883721,254.54545454545453,316.66666666666663,545.0,45.9,1.6844036697247706,3.669724770642202,0.4337802197802197,105.8139534883721,105.8139534883721,0.4337802197802197,0.4337802197802197,Report EPS/BPS,"<a href=""https://m.stock.naver.com/domestic/stock/119650/total"" target=""_blank"">Naver Mobile</a>"
145210,다이나믹디자인,,48.71458333333333,54.074999999999996,19.658333333333335,57.458333333333336,63.666666666666664,224.0,95.0,-153.0,-199.0,17.0,-78.0,-39.0,23.115577889447238,121.79487179487178,143.5897435897436,1076.0,,0.20817843866171004,-14.219330855018589,,23.115577889447238,23.115577889447238,,,Report EPS/BPS,"<a href=""https://m.stock.naver.com/domestic/stock/145210/total"" target=""_blank"">Naver Mobile</a>"
000650,천일고속,,48.65208333333334,44.43333333333334,18.51666666666667,41.483333333333334,90.175,330500.0,4724.0,-3765.0,-3017.0,-1294.0,-1998.0,-1464.0,-24.79284057010275,35.23523523523524,11.612021857923498,5391.0,,61.305880170654795,-69.83861992209238,,-24.79284057010275,-24.79284057010275,,,Report EPS/BPS,"<a href=""https://m.stock.naver.com/domestic/stock/000650/total"" target=""_blank"">Naver Mobile</a>"
024890,대원화성,,48.614583333333336,42.24166666666667,27.116666666666664,49.1,76.0,906.0,374.0,95.0,-248.0,-8.0,162.0,-18.0,138.30645161290323,-104.93827160493827,55.55555555555556,1111.0,9.536842105263158,0.8154815481548154,8.55085508550855,0.06895442688353537,138.30645161290323,138.30645161290323,0.06895442688353537,0.06895442688353537,Report EPS/BPS,"<a href=""https://m.stock.naver.com/domestic/stock/024890/total"" target=""_blank"">Naver Mobile</a>"
014130,한익스프레스,,48.59166666666667,25.45,37.95,45.25833333333333,85.70833333333333,2610.0,313.0,-1003.0,1189.0,-337.0,-270.0,-488.0,-184.35660218671154,-24.814814814814813,30.942622950819672,6891.0,,0.3787548976926426,-14.555216949644464,,-184.35660218671154,-184.35660218671154,,,Report EPS/BPS,"<a href=""https://m.stock.naver.com/domestic/stock/014130/total"" target=""_blank"">Naver Mobile</a>"
009410,태영건설,,48.52916666666667,46.699999999999996,41.208333333333336,42.74166666666667,63.46666666666667,1781.0,5300.0,347.0,41.0,7.0,205.0,-125.0,746.3414634146342,-96.58536585365853,105.60000000000001,2168.0,5.132564841498559,0.8214944649446494,16.005535055350553,0.006876965964099376,746.3414634146342,746.3414634146342,0.006876965964099376,0.006876965964099376,Report EPS/BPS,"<a href=""https://m.stock.naver.com/domestic/stock/009410/total"" target=""_blank"">Naver Mobile</a>"
365550,ESR켄달스퀘어리츠,,48.52534722222222,61.5125,62.85833333333334,60.34166666666667,9.38888888888889,4260.0,1483.0,73.0,84.0,22.0,2.0,4.0,-13.095238095238097,1000.0,450.0,4618.0,58.35616438356164,0.9224772628843655,1.580770896491988,,-13.095238095238097,-13.095238095238097,,,Report EPS/BPS,"<a href=""https://m.stock.naver.com/domestic/stock/365550/total"" target=""_blank"">Naver Mobile</a>"
004920,씨아이테크,,48.454166666666666,49.5,35.65833333333333,61.025,47.63333333333333,1070.0,558.0,408.0,20.0,133.0,272.0,5.0,1939.9999999999998,-51.10294117647059,2560.0,1512.0,2.622549019607843,0.7076719576719577,26.984126984126984,0.0013518293915504348,1939.9999999999998,1939.9999999999998,0.0013518293915504348,0.0013518293915504348,Report EPS/BPS,"<a href=""https://m.stock.naver.com/domestic/stock/004920/total"" target=""_blank"">Naver Mobile</a>"
403550,쏘카,,48.45340909090909,41.86363636363637,27.141666666666666,46.949999999999996,77.85833333333333,15300.0,5025.0,-721.0,-542.0,-268.0,-447.0,-107.0,-33.025830258302584,40.044742729306485,-150.46728971962617,4673.0,,3.274127969184678,-15.429060560667665,,-33.025830258302584,-33.025830258302584,,,Report EPS/BPS,"<a href=""https://m.stock.naver.com/domestic/stock/403550/total"" target=""_blank"">Naver Mobile</a>"
475150,SK이터닉스,,48.45277777777777,60.7,49.93333333333333,49.91111111111111,33.266666666666666,44450.0,15143.0,724.0,728.0,-150.0,602.0,29.0,-0.5494505494505495,-124.91694352159467,-617.2413793103449,7937.0,61.39502762430939,5.600352778127756,9.121834446264332,,-0.5494505494505495,-0.5494505494505495,,,Report EPS/BPS,"<a href=""https://m.stock.naver.com/domestic/stock/475150/total"" target=""_blank"">Naver Mobile</a>"
088790,진도,,48.429166666666674,39.35833333333333,46.26666666666667,72.22500000000001,35.86666666666667,2600.0,324.0,547.0,98.0,295.0,303.0,79.0,458.16326530612247,-2.6402640264026402,273.4177215189873,9125.0,4.753199268738574,0.28493150684931506,5.994520547945205,0.010374466109941654,458.16326530612247,458.16326530612247,0.010374466109941654,0.010374466109941654,Report EPS/BPS,"<a href=""https://m.stock.naver.com/domestic/stock/088790/total"" target=""_blank"">Naver Mobile</a>"
002420,세기상사,,48.41875,35.61666666666667,26.583333333333332,49.24166666666667,82.23333333333333,5170.0,309.0,-119.0,-505.0,2.0,-65.0,-147.0,76.43564356435644,103.07692307692307,101.36054421768708,4116.0,,1.2560738581146744,-2.891156462585034,,76.43564356435644,76.43564356435644,,,Report EPS/BPS,"<a href=""https://m.stock.naver.com/domestic/stock/002420/total"" target=""_blank"">Naver Mobile</a>"
008250,이건산업,,48.33333333333333,33.56666666666667,36.24166666666667,58.949999999999996,64.575,3505.0,384.0,-1236.0,-214.0,-47.0,-901.0,-105.0,-477.5700934579439,94.78357380688124,55.23809523809524,17573.0,,0.19945370739202184,-7.033517327718659,,-477.5700934579439,-477.5700934579439,,,Report EPS/BPS,"<a href=""https://m.stock.naver.com/domestic/stock/008250/total"" target=""_blank"">Naver Mobile</a>"
093370,후성,,48.28125,39.15,31.416666666666668,54.53333333333333,68.02499999999999,11820.0,12678.0,-43.0,-582.0,-93.0,107.0,-1.0,92.61168384879726,-186.9158878504673,-9200.0,3813.0,,3.0999213217938633,-1.1277209546289013,,92.61168384879726,92.61168384879726,,,Report EPS/BPS,"<a href=""https://m.stock.naver.com/domestic/stock/093370/total"" target=""_blank"">Naver Mobile</a>"
004060,SG세계물산,,48.27083333333333,35.041666666666664,38.38333333333333,74.99166666666666,44.666666666666664,3655.0,740.0,181.0,277.0,149.0,-37.0,11.0,-34.65703971119133,502.7027027027027,1254.5454545454545,12948.0,20.193370165745858,0.2822829780661106,1.3978992894655544,,-34.65703971119133,-34.65703971119133,,,Report EPS/BPS,"<a href=""https://m.stock.naver.com/domestic/stock/004060/total"" target=""_blank"">Naver Mobile</a>"
004410,서울식품,,48.224999999999994,38.041666666666664,30.09166666666667,49.775,74.99166666666666,158.0,623.0,-3.0,-8.0,-1.0,-0.0,-2.0,62.5,,50.0,68.0,,2.323529411764706,-4.411764705882353,,62.5,62.5,,,Report EPS/BPS,"<a href=""https://m.stock.naver.com/domestic/stock/004410/total"" target=""_blank"">Naver Mobile</a>"
011390,부산산업,,48.22291666666666,28.366666666666664,36.43333333333333,69.64999999999999,58.44166666666666,62000.0,655.0,-3118.0,-3139.0,-254.0,-823.0,-405.0,0.669002867155145,69.13730255164035,37.28395061728395,157502.0,,0.39364579497403207,-1.979657401175858,,0.669002867155145,0.669002867155145,,,Report EPS/BPS,"<a href=""https://m.stock.naver.com/domestic/stock/011390/total"" target=""_blank"">Naver Mobile</a>"
007570,일양약품,,48.208333333333336,39.38333333333333,44.96666666666667,55.99166666666667,52.49166666666667,9880.0,1886.0,1056.0,617.0,880.0,-296.0,185.0,71.15072933549432,397.2972972972973,375.6756756756757,13493.0,9.356060606060606,0.7322315274586823,7.826280293485512,0.1314963415475944,71.15072933549432,71.15072933549432,0.1314963415475944,0.1314963415475944,Report EPS/BPS,"<a href=""https://m.stock.naver.com/domestic/stock/007570/total"" target=""_blank"">Naver Mobile</a>"
010060,OCI홀딩스,,48.18958333333334,26.7,49.51666666666667,77.50833333333334,39.03333333333333,291000.0,54330.0,-4687.0,-4262.0,8.0,1359.0,-119.0,-9.97184420459878,-99.41133186166299,106.72268907563026,262214.0,,1.109780560915893,-1.7874713020662514,,-9.97184420459878,-9.97184420459878,,,Report EPS/BPS,"<a href=""https://m.stock.naver.com/domestic/stock/010060/total"" target=""_blank"">Naver Mobile</a>"
079160,CJ CGV,,48.08541666666667,53.50833333333333,33.358333333333334,36.975,68.5,4900.0,8114.0,-883.0,-1033.0,-243.0,-243.0,-228.0,14.52081316553727,0.0,-6.578947368421052,2752.0,,1.7805232558139534,-32.08575581395349,,14.52081316553727,14.52081316553727,,,Report EPS/BPS,"<a href=""https://m.stock.naver.com/domestic/stock/079160/total"" target=""_blank"">Naver Mobile</a>"
015260,에이엔피,,48.01875,40.625,23.375,44.6,83.47500000000001,624.0,294.0,-275.0,-240.0,-58.0,-142.0,-82.0,-14.583333333333334,59.154929577464785,29.268292682926827,398.0,,1.5678391959798994,-69.09547738693468,,-14.583333333333334,-14.583333333333334,,,Report EPS/BPS,"<a href=""https://m.stock.naver.com/domestic/stock/015260/total"" target=""_blank"">Naver Mobile</a>"
002100,경농,,48.00416666666666,39.5,47.75,68.13333333333334,36.63333333333333,9630.0,1880.0,813.0,782.0,1176.0,-677.0,1318.0,3.9641943734015346,273.7075332348597,-10.773899848254933,15556.0,11.845018450184503,0.6190537413216766,5.2262792491643095,2.988001428401381,3.9641943734015346,3.9641943734015346,2.988001428401381,2.988001428401381,Report EPS/BPS,"<a href=""https://m.stock.naver.com/domestic/stock/002100/total"" target=""_blank"">Naver Mobile</a>"
298050,HS효성첨단소재,,47.97708333333333,30.825,41.074999999999996,51.65833333333333,68.35000000000001,228000.0,1214.0,-3834.0,7151.0,1535.0,-203.0,538.0,-153.6148790378968,856.1576354679803,185.31598513011153,204164.0,,1.1167492799905958,-1.8779020787210283,,-153.6148790378968,-153.6148790378968,,,Report EPS/BPS,"<a href=""https://m.stock.naver.com/domestic/stock/298050/total"" target=""_blank"">Naver Mobile</a>"
016360,삼성증권,,47.96915584415584,52.785714285714285,68.46363636363637,20.62727272727273,50.0,123200.0,1118.0,13547.0,10015.0,5049.0,2408.0,2782.0,35.26709935097354,109.67607973421927,81.48813803019411,91465.0,9.094264412785119,1.3469633193024655,14.811129940414366,0.2578682278993289,35.26709935097354,35.26709935097354,0.2578682278993289,0.2578682278993289,Report EPS/BPS,"<a href=""https://m.stock.naver.com/domestic/stock/016360/total"" target=""_blank"">Naver Mobile</a>"
009440,KC그린홀딩스,,47.93125,36.15833333333334,33.958333333333336,48.35833333333333,73.25,756.0,176.0,-1698.0,-2581.0,10.0,-1774.0,-31.0,34.21154591243704,100.56369785794814,132.25806451612902,4945.0,,0.15288169868554094,-34.33771486349848,,34.21154591243704,34.21154591243704,,,Report EPS/BPS,"<a href=""https://m.stock.naver.com/domestic/stock/009440/total"" target=""_blank"">Naver Mobile</a>"
049800,우진플라임,,47.83958333333334,31.916666666666668,39.38333333333333,53.93333333333334,66.125,2380.0,476.0,130.0,43.0,-131.0,199.0,-146.0,202.32558139534885,-165.82914572864323,10.273972602739725,5307.0,18.307692307692307,0.448464292443942,2.4495948746938008,0.09048629531388151,202.32558139534885,202.32558139534885,0.09048629531388151,0.09048629531388151,Report EPS/BPS,"<a href=""https://m.stock.naver.com/domestic/stock/049800/total"" target=""_blank"">Naver Mobile</a>"
011170,롯데케미칼,,47.80625,30.599999999999998,27.025000000000002,63.38333333333333,70.21666666666667,86500.0,37001.0,-42002.0,-42451.0,1160.0,-30947.0,-4461.0,1.0576900426373936,103.74834394287006,126.00313830979601,423627.0,,0.20418906254794902,-9.914854341201105,,1.0576900426373936,1.0576900426373936,,,Report EPS/BPS,"<a href=""https://m.stock.naver.com/domestic/stock/011170/total"" target=""_blank"">Naver Mobile</a>"
003830,대한화섬,,47.77708333333333,25.625,37.358333333333334,74.08333333333333,54.041666666666664,117100.0,1555.0,9652.0,616.0,8319.0,-208.0,5900.0,1466.8831168831168,4099.5192307692305,41.0,538184.0,12.132200580190634,0.21758357736387554,1.793438675248614,0.008270734348602735,1466.8831168831168,1466.8831168831168,0.008270734348602735,0.008270734348602735,Report EPS/BPS,"<a href=""https://m.stock.naver.com/domestic/stock/003830/total"" target=""_blank"">Naver Mobile</a>"
025560,미래산업,,47.77083333333333,46.48333333333333,49.166666666666664,65.64999999999999,29.78333333333333,19210.0,978.0,3129.0,914.0,1161.0,451.0,19.0,242.3413566739606,157.4279379157428,6010.526315789474,25252.0,6.139341642697348,0.760731823221923,12.391097734832885,0.0253334458755096,242.3413566739606,242.3413566739606,0.0253334458755096,0.0253334458755096,Report EPS/BPS,"<a href=""https://m.stock.naver.com/domestic/stock/025560/total"" target=""_blank"">Naver Mobile</a>"
006200,한국전자홀딩스,,47.704166666666666,30.583333333333332,32.49166666666667,70.66666666666667,57.074999999999996,801.0,375.0,-65.0,113.0,11.0,-71.0,49.0,-157.52212389380531,115.49295774647888,-77.55102040816327,8101.0,,0.09887668189112456,-0.8023700777681768,,-157.52212389380531,-157.52212389380531,,,Report EPS/BPS,"<a href=""https://m.stock.naver.com/domestic/stock/006200/total"" target=""_blank"">Naver Mobile</a>"
298000,효성화학,,47.57083333333333,47.03333333333333,32.208333333333336,31.616666666666664,79.425,38900.0,1475.0,3551.0,-6719.0,-1445.0,-18201.0,98673.0,152.85012650692067,92.06087577605626,-101.46443302625845,169636.0,10.954660658969305,0.22931453229267373,2.0933056662500884,0.07166929402883618,152.85012650692067,152.85012650692067,0.07166929402883618,0.07166929402883618,Report EPS/BPS,"<a href=""https://m.stock.naver.com/domestic/stock/298000/total"" target=""_blank"">Naver Mobile</a>"
001020,페이퍼코리아,,47.5625,29.375,40.85,65.45833333333333,54.56666666666666,674.0,1200.0,-102.0,-64.0,-4.0,-40.0,-11.0,-59.375,90.0,63.63636363636363,1478.0,,0.456021650879567,-6.901217861975644,,-59.375,-59.375,,,Report EPS/BPS,"<a href=""https://m.stock.naver.com/domestic/stock/001020/total"" target=""_blank"">Naver Mobile</a>"
005870,휴니드,,47.550000000000004,38.141666666666666,40.225,72.79166666666667,39.041666666666664,7390.0,1043.0,-566.0,446.0,-172.0,-200.0,-314.0,-226.90582959641256,14.000000000000002,45.22292993630573,11367.0,,0.6501275622415765,-4.979326119468637,,-226.90582959641256,-226.90582959641256,,,Report EPS/BPS,"<a href=""https://m.stock.naver.com/domestic/stock/005870/total"" target=""_blank"">Naver Mobile</a>"
011700,한신기계,,47.300000000000004,41.78333333333333,33.266666666666666,69.5,44.65,3885.0,1261.0,-67.0,-49.0,-46.0,-85.0,7.0,-36.734693877551024,45.88235294117647,-757.1428571428571,2630.0,,1.4771863117870723,-2.547528517110266,,-36.734693877551024,-36.734693877551024,,,Report EPS/BPS,"<a href=""https://m.stock.naver.com/domestic/stock/011700/total"" target=""_blank"">Naver Mobile</a>"
012200,계양전기,,47.295833333333334,36.233333333333334,24.683333333333334,53.175000000000004,75.09166666666667,9010.0,2453.0,-1332.0,-2164.0,30.0,-1142.0,8.0,38.447319778188536,102.62697022767075,275.0,819.0,,11.001221001221001,-162.63736263736263,,38.447319778188536,38.447319778188536,,,Report EPS/BPS,"<a href=""https://m.stock.naver.com/domestic/stock/012200/total"" target=""_blank"">Naver Mobile</a>"
005940,NH투자증권,,47.29383116883117,53.55714285714286,62.88181818181818,22.736363636363635,50.0,32550.0,115990.0,3645.0,1878.0,1335.0,796.0,584.0,94.08945686900958,67.71356783919597,128.5958904109589,27964.0,8.930041152263374,1.1639965670147332,13.03461593477328,0.09491011479315574,94.08945686900958,94.08945686900958,0.09491011479315574,0.09491011479315574,Report EPS/BPS,"<a href=""https://m.stock.naver.com/domestic/stock/005940/total"" target=""_blank"">Naver Mobile</a>"
000540,흥국화재,,47.237337662337666,26.38571428571429,73.76363636363637,38.800000000000004,50.0,4005.0,2573.0,490.0,2775.0,-10.0,-114.0,1861.0,-82.34234234234235,91.22807017543859,-100.53734551316495,14275.0,8.173469387755102,0.2805604203152364,3.4325744308231174,,-82.34234234234235,-82.34234234234235,,,Report EPS/BPS,"<a href=""https://m.stock.naver.com/domestic/stock/000540/total"" target=""_blank"">Naver Mobile</a>"
017040,광명전기,,47.18333333333333,30.208333333333332,27.974999999999998,61.26666666666666,69.28333333333333,932.0,404.0,-1666.0,-1095.0,-176.0,-1008.0,-83.0,-52.146118721461185,82.53968253968253,-112.04819277108433,-48.0,,,,,-52.146118721461185,-52.146118721461185,,,Report EPS/BPS,"<a href=""https://m.stock.naver.com/domestic/stock/017040/total"" target=""_blank"">Naver Mobile</a>"
008730,율촌화학,,47.07291666666667,40.56666666666667,31.441666666666666,56.71666666666667,59.56666666666666,23000.0,5704.0,-118.0,-855.0,61.0,-39.0,348.0,86.19883040935673,256.4102564102564,-82.47126436781609,11601.0,,1.9825877079562106,-1.0171536936470995,,86.19883040935673,86.19883040935673,,,Report EPS/BPS,"<a href=""https://m.stock.naver.com/domestic/stock/008730/total"" target=""_blank"">Naver Mobile</a>"
009200,무림페이퍼,,47.00416666666667,36.50833333333333,39.766666666666666,52.425000000000004,59.31666666666666,1863.0,775.0,-511.0,780.0,-99.0,-378.0,43.0,-165.5128205128205,73.80952380952381,-330.2325581395349,16306.0,,0.11425242242119465,-3.1338157733349683,,-165.5128205128205,-165.5128205128205,,,Report EPS/BPS,"<a href=""https://m.stock.naver.com/domestic/stock/009200/total"" target=""_blank"">Naver Mobile</a>"
002070,비비안,,46.99583333333334,41.583333333333336,34.291666666666664,56.84166666666667,55.26666666666667,10000.0,240.0,-7532.0,-522.0,-1882.0,-5218.0,-725.0,-1342.9118773946361,63.93254120352626,-159.58620689655172,31907.0,,0.3134108502836368,-23.606105243363526,,-1342.9118773946361,-1342.9118773946361,,,Report EPS/BPS,"<a href=""https://m.stock.naver.com/domestic/stock/002070/total"" target=""_blank"">Naver Mobile</a>"
271940,일진하이솔루스,,46.88125,28.566666666666666,30.758333333333336,69.83333333333333,58.36666666666667,15780.0,5730.0,-42.0,23.0,-1.0,28.0,-13.0,-282.60869565217394,-103.57142857142858,92.3076923076923,8676.0,,1.8188105117565698,-0.48409405255878285,,-282.60869565217394,-282.60869565217394,,,Report EPS/BPS,"<a href=""https://m.stock.naver.com/domestic/stock/271940/total"" target=""_blank"">Naver Mobile</a>"
003580,HLB글로벌,,46.860416666666666,50.75,20.775,56.725,59.19166666666666,1864.0,944.0,-82.0,-260.0,-28.0,39.0,-94.0,68.46153846153847,-171.7948717948718,70.2127659574468,1467.0,,1.2706203135650989,-5.589638718473075,,68.46153846153847,68.46153846153847,,,Report EPS/BPS,"<a href=""https://m.stock.naver.com/domestic/stock/003580/total"" target=""_blank"">Naver Mobile</a>"
005250,녹십자홀딩스,,46.85625,46.03333333333333,35.06666666666667,58.65,47.675000000000004,15000.0,7054.0,-1908.0,1440.0,-368.0,-2457.0,62.0,-232.50000000000003,85.02238502238502,-693.5483870967741,36559.0,,0.4102956864246834,-5.218961131321972,,-232.50000000000003,-232.50000000000003,,,Report EPS/BPS,"<a href=""https://m.stock.naver.com/domestic/stock/005250/total"" target=""_blank"">Naver Mobile</a>"
006400,삼성SDI,,46.78541666666666,27.191666666666666,36.166666666666664,61.925000000000004,61.85833333333333,614000.0,494795.0,-5672.0,1311.0,-349.0,-4024.0,-2737.0,-532.6468344774981,91.32703777335985,87.24881256850566,309112.0,,1.9863350500789358,-1.8349336162944176,,-532.6468344774981,-532.6468344774981,,,Report EPS/BPS,"<a href=""https://m.stock.naver.com/domestic/stock/006400/total"" target=""_blank"">Naver Mobile</a>"
090370,메타랩스,,46.72291666666667,46.26666666666667,23.8,53.73333333333333,63.09166666666667,1335.0,332.0,-389.0,63.0,-39.0,-118.0,-2.0,-717.4603174603175,66.94915254237289,-1850.0,5683.0,,0.2349111384831955,-6.844976244941052,,-717.4603174603175,-717.4603174603175,,,Report EPS/BPS,"<a href=""https://m.stock.naver.com/domestic/stock/090370/total"" target=""_blank"">Naver Mobile</a>"
102280,쌍방울,,46.704166666666666,40.38333333333333,29.875,74.73333333333333,41.824999999999996,,,,,,,,,,,,,,,,,,,,Report EPS/BPS,"<a href=""https://m.stock.naver.com/domestic/stock/102280/total"" target=""_blank"">Naver Mobile</a>"
000910,유니온,,46.39375,36.141666666666666,45.14166666666667,53.35833333333333,50.93333333333334,4115.0,642.0,3327.0,,2055.0,881.0,224.0,,133.25766174801362,817.4107142857142,10138.0,1.2368500150285542,0.40589859932925626,32.8171236930361,,,,,,Report EPS/BPS,"<a href=""https://m.stock.naver.com/domestic/stock/000910/total"" target=""_blank"">Naver Mobile</a>"
001550,조비,,46.202083333333334,44.00833333333333,36.708333333333336,58.625,45.46666666666667,13110.0,681.0,843.0,198.0,711.0,-209.0,248.0,325.75757575757575,440.1913875598086,186.69354838709677,11245.0,15.551601423487545,1.1658514895509116,7.4966651845264565,0.04773979971861293,325.75757575757575,325.75757575757575,0.04773979971861293,0.04773979971861293,Report EPS/BPS,"<a href=""https://m.stock.naver.com/domestic/stock/001550/total"" target=""_blank"">Naver Mobile</a>"
001210,금호전기,,46.2,50.85,20.7,41.583333333333336,71.66666666666667,792.0,490.0,-6.0,-176.0,44.0,-33.0,-5.0,96.5909090909091,233.33333333333334,980.0000000000001,215.0,,3.683720930232558,-2.7906976744186047,,96.5909090909091,96.5909090909091,,,Report EPS/BPS,"<a href=""https://m.stock.naver.com/domestic/stock/001210/total"" target=""_blank"">Naver Mobile</a>"
400760,NH올원리츠,,46.15,23.4,64.52222222222221,49.96666666666667,46.71111111111111,3170.0,1741.0,-33.0,106.0,-20.0,6.0,13.0,-131.13207547169813,-433.3333333333333,-253.84615384615384,3188.0,,0.9943538268506901,-1.0351317440401506,,-131.13207547169813,-131.13207547169813,,,Report EPS/BPS,"<a href=""https://m.stock.naver.com/domestic/stock/400760/total"" target=""_blank"">Naver Mobile</a>"
000760,이화산업,,45.891666666666666,36.483333333333334,37.40833333333333,67.64999999999999,42.025,15030.0,421.0,-535.0,-245.0,180.0,-652.0,75.0,-118.36734693877551,127.60736196319019,140.0,73465.0,,0.2045872184033213,-0.7282379364323147,,-118.36734693877551,-118.36734693877551,,,Report EPS/BPS,"<a href=""https://m.stock.naver.com/domestic/stock/000760/total"" target=""_blank"">Naver Mobile</a>"
001080,만호제강,,45.88333333333333,35.458333333333336,28.116666666666664,67.825,52.13333333333333,5800.0,2407.0,74.0,-449.0,46.0,-162.0,-113.0,116.48106904231625,128.39506172839506,140.7079646017699,8622.0,78.37837837837837,0.6726977499420088,0.8582695430294595,0.6728851222159061,116.48106904231625,116.48106904231625,0.6728851222159061,0.6728851222159061,Report EPS/BPS,"<a href=""https://m.stock.naver.com/domestic/stock/001080/total"" target=""_blank"">Naver Mobile</a>"
377190,디앤디플랫폼리츠,,45.54166666666667,46.71666666666667,39.67,45.78,50.0,2745.0,2427.0,80.0,45.0,19.0,30.0,17.0,77.77777777777779,-36.666666666666664,11.76470588235294,4095.0,34.3125,0.6703296703296703,1.9536019536019535,0.44116071428571424,77.77777777777779,77.77777777777779,0.44116071428571424,0.44116071428571424,Report EPS/BPS,"<a href=""https://m.stock.naver.com/domestic/stock/377190/total"" target=""_blank"">Naver Mobile</a>"
002820,SUN&L,,45.49583333333334,34.36666666666667,24.708333333333332,49.65,73.25833333333334,2300.0,290.0,-298.0,-1247.0,-389.0,-193.0,-277.0,76.10264635124298,-101.55440414507773,-40.43321299638989,17333.0,,0.13269485951652915,-1.719263831996769,,76.10264635124298,76.10264635124298,,,Report EPS/BPS,"<a href=""https://m.stock.naver.com/domestic/stock/002820/total"" target=""_blank"">Naver Mobile</a>"
000180,성창기업지주,,45.422916666666666,35.81666666666667,29.075,57.14166666666667,59.65833333333333,6110.0,852.0,-1473.0,-272.0,-105.0,-1068.0,-111.0,-441.5441176470588,90.1685393258427,5.405405405405405,48430.0,,0.12616147016312204,-3.0415032004955607,,-441.5441176470588,-441.5441176470588,,,Report EPS/BPS,"<a href=""https://m.stock.naver.com/domestic/stock/000180/total"" target=""_blank"">Naver Mobile</a>"
020760,일진디스플,,45.381249999999994,38.458333333333336,26.933333333333334,46.99166666666667,69.14166666666667,902.0,510.0,-99.0,-14.0,-10.0,12.0,-23.0,-607.1428571428571,-183.33333333333331,56.52173913043478,599.0,,1.5058430717863105,-16.52754590984975,,-607.1428571428571,-607.1428571428571,,,Report EPS/BPS,"<a href=""https://m.stock.naver.com/domestic/stock/020760/total"" target=""_blank"">Naver Mobile</a>"
001530,DI동일,,45.33541666666667,22.808333333333334,34.949999999999996,61.958333333333336,61.625,28250.0,5852.0,-270.0,-165.0,134.0,-144.0,-66.0,-63.63636363636363,193.05555555555557,303.030303030303,25223.0,,1.1200095151250842,-1.0704515719779568,,-63.63636363636363,-63.63636363636363,,,Report EPS/BPS,"<a href=""https://m.stock.naver.com/domestic/stock/001530/total"" target=""_blank"">Naver Mobile</a>"
003670,포스코퓨처엠,,45.327083333333334,33.53333333333333,28.058333333333334,62.53333333333333,57.18333333333333,235500.0,209468.0,-159.0,-2511.0,30.0,-264.0,552.0,93.6678614097969,111.36363636363636,-94.56521739130434,51914.0,,4.53634857649189,-0.30627576376314675,,93.6678614097969,93.6678614097969,,,Report EPS/BPS,"<a href=""https://m.stock.naver.com/domestic/stock/003670/total"" target=""_blank"">Naver Mobile</a>"
012160,영흥,,45.2875,30.183333333333334,33.666666666666664,57.53333333333333,59.76666666666667,421.0,427.0,-536.0,-90.0,-9.0,-114.0,11.0,-495.55555555555554,92.10526315789474,-181.8181818181818,1617.0,,0.2603586889301175,-33.147804576376004,,-495.55555555555554,-495.55555555555554,,,Report EPS/BPS,"<a href=""https://m.stock.naver.com/domestic/stock/012160/total"" target=""_blank"">Naver Mobile</a>"
004540,깨끗한나라,,45.27708333333333,31.583333333333332,27.349999999999998,45.9,76.27499999999999,1858.0,692.0,-1245.0,-736.0,-192.0,-547.0,-223.0,-69.15760869565217,64.89945155393053,13.901345291479823,4362.0,,0.4259513984410821,-28.541953232462173,,-69.15760869565217,-69.15760869565217,,,Report EPS/BPS,"<a href=""https://m.stock.naver.com/domestic/stock/004540/total"" target=""_blank"">Naver Mobile</a>"
023150,MH에탄올,,45.19583333333333,34.86666666666667,54.175000000000004,35.041666666666664,56.699999999999996,4010.0,296.0,-413.0,-88.0,254.0,-865.0,343.0,-369.3181818181818,129.36416184971097,-25.94752186588921,8531.0,,0.47005040440745516,-4.841167506740125,,-369.3181818181818,-369.3181818181818,,,Report EPS/BPS,"<a href=""https://m.stock.naver.com/domestic/stock/023150/total"" target=""_blank"">Naver Mobile</a>"
092220,KEC,,45.19375,30.224999999999998,25.933333333333334,68.35833333333333,56.25833333333333,1838.0,3690.0,-147.0,-64.0,-25.0,-66.0,-11.0,-129.6875,62.121212121212125,-127.27272727272727,1612.0,,1.1401985111662531,-9.11910669975186,,-129.6875,-129.6875,,,Report EPS/BPS,"<a href=""https://m.stock.naver.com/domestic/stock/092220/total"" target=""_blank"">Naver Mobile</a>"
003560,IHQ,,45.17583333333333,50.324999999999996,31.491666666666664,49.46666666666667,49.42,,,,,,,,,,,,,,,,,,,,Report EPS/BPS,"<a href=""https://m.stock.naver.com/domestic/stock/003560/total"" target=""_blank"">Naver Mobile</a>"
000520,삼일제약,,45.15833333333334,36.19166666666667,28.766666666666666,51.49166666666667,64.18333333333334,8350.0,1811.0,-1678.0,-598.0,-499.0,-514.0,-419.0,-180.6020066889632,2.9182879377431905,-19.09307875894988,5926.0,,1.4090448869389132,-28.31589605129936,,-180.6020066889632,-180.6020066889632,,,Report EPS/BPS,"<a href=""https://m.stock.naver.com/domestic/stock/000520/total"" target=""_blank"">Naver Mobile</a>"
036420,콘텐트리중앙,,44.81875000000001,45.1,24.516666666666666,34.49166666666667,75.16666666666667,5330.0,1027.0,-4374.0,-3838.0,-1185.0,-787.0,-1502.0,-13.965607087024493,-50.57179161372299,21.1051930758988,11238.0,,0.47428368037017266,-38.92151628403631,,-13.965607087024493,-13.965607087024493,,,Report EPS/BPS,"<a href=""https://m.stock.naver.com/domestic/stock/036420/total"" target=""_blank"">Naver Mobile</a>"
010780,아이에스동서,,44.76458333333333,27.691666666666666,48.375,68.01666666666667,34.975,30400.0,9177.0,3226.0,-5961.0,5069.0,-2136.0,61.0,154.1184365039423,337.312734082397,8209.83606557377,51859.0,9.423434593924364,0.5862049017528298,6.220713858732331,0.06114410973591285,154.1184365039423,154.1184365039423,0.06114410973591285,0.06114410973591285,Report EPS/BPS,"<a href=""https://m.stock.naver.com/domestic/stock/010780/total"" target=""_blank"">Naver Mobile</a>"
101140,인바이오젠,,44.697916666666664,42.916666666666664,34.00833333333333,58.98333333333333,42.88333333333333,6690.0,672.0,-1805.0,949.0,-1461.0,-1269.0,202.0,-290.20021074815594,-15.130023640661939,-823.2673267326734,14235.0,,0.46996838777660693,-12.680014049877064,,-290.20021074815594,-290.20021074815594,,,Report EPS/BPS,"<a href=""https://m.stock.naver.com/domestic/stock/101140/total"" target=""_blank"">Naver Mobile</a>"
063160,종근당바이오,,44.68541666666667,41.858333333333334,34.425000000000004,59.458333333333336,43.0,18510.0,1015.0,-1060.0,1234.0,-370.0,-206.0,164.0,-185.8995137763371,-79.6116504854369,-325.60975609756093,22785.0,,0.8123765635286373,-4.652183454026772,,-185.8995137763371,-185.8995137763371,,,Report EPS/BPS,"<a href=""https://m.stock.naver.com/domestic/stock/063160/total"" target=""_blank"">Naver Mobile</a>"
007610,선도전기,,44.6375,51.699999999999996,34.833333333333336,39.59166666666667,52.425000000000004,9990.0,1798.0,412.0,3.0,-50.0,131.0,-168.0,13633.333333333334,-138.1679389312977,70.23809523809523,1982.0,24.24757281553398,5.040363269424823,20.787083753784056,0.001778550573266551,13633.333333333334,13633.333333333334,0.001778550573266551,0.001778550573266551,Report EPS/BPS,"<a href=""https://m.stock.naver.com/domestic/stock/007610/total"" target=""_blank"">Naver Mobile</a>"
009580,무림P&P,,44.62916666666667,32.583333333333336,32.925000000000004,54.800000000000004,58.208333333333336,2455.0,1531.0,-570.0,293.0,-163.0,-285.0,-138.0,-294.5392491467577,42.80701754385965,-18.115942028985508,9439.0,,0.26009111134654095,-6.038775293993007,,-294.5392491467577,-294.5392491467577,,,Report EPS/BPS,"<a href=""https://m.stock.naver.com/domestic/stock/009580/total"" target=""_blank"">Naver Mobile</a>"
006740,영풍제지,,44.264583333333334,26.316666666666666,19.991666666666664,59.725,71.02499999999999,589.0,336.0,-375.0,-419.0,-31.0,-242.0,-86.0,10.501193317422434,87.19008264462809,63.95348837209303,1422.0,,0.4142053445850914,-26.371308016877638,,10.501193317422434,10.501193317422434,,,Report EPS/BPS,"<a href=""https://m.stock.naver.com/domestic/stock/006740/total"" target=""_blank"">Naver Mobile</a>"
005830,DB손해보험,,44.23376623376623,31.071428571428573,78.83636363636364,17.027272727272727,50.0,164500.0,107748.0,24361.0,25989.0,3640.0,5781.0,6577.0,-6.264188695217207,-37.03511503200138,-44.65561806294664,177665.0,6.7525963630392845,0.9258998677285903,13.711760898319872,,-6.264188695217207,-6.264188695217207,,,Report EPS/BPS,"<a href=""https://m.stock.naver.com/domestic/stock/005830/total"" target=""_blank"">Naver Mobile</a>"
002390,한독,,44.05833333333333,32.56666666666667,32.90833333333333,57.06666666666666,53.69166666666666,9670.0,1331.0,-219.0,-4214.0,-621.0,577.0,-558.0,94.8030374940674,-207.62564991334486,-11.29032258064516,19465.0,,0.49678910865656306,-1.1250963267403031,,94.8030374940674,94.8030374940674,,,Report EPS/BPS,"<a href=""https://m.stock.naver.com/domestic/stock/002390/total"" target=""_blank"">Naver Mobile</a>"
001360,삼성제약,,43.78125,43.574999999999996,20.075,66.00833333333334,45.46666666666667,1701.0,1602.0,-180.0,298.0,93.0,-628.0,396.0,-160.40268456375838,114.80891719745223,-76.51515151515152,1379.0,,1.233502538071066,-13.05293691080493,,-160.40268456375838,-160.40268456375838,,,Report EPS/BPS,"<a href=""https://m.stock.naver.com/domestic/stock/001360/total"" target=""_blank"">Naver Mobile</a>"
139990,아주스틸,,43.66041666666666,33.99166666666667,24.583333333333332,39.40833333333333,76.65833333333333,3305.0,1281.0,-886.0,-3190.0,-291.0,-548.0,-467.0,72.2257053291536,46.8978102189781,37.687366167023555,3530.0,,0.9362606232294618,-25.09915014164306,,72.2257053291536,72.2257053291536,,,Report EPS/BPS,"<a href=""https://m.stock.naver.com/domestic/stock/139990/total"" target=""_blank"">Naver Mobile</a>"
133820,화인베스틸,,43.650000000000006,40.95,22.641666666666666,40.550000000000004,70.45833333333333,1300.0,482.0,36.0,-786.0,6.0,-43.0,-169.0,104.58015267175573,113.95348837209302,103.55029585798816,1373.0,36.111111111111114,0.9468317552804079,2.6219956300072833,0.3452960259529603,104.58015267175573,104.58015267175573,0.3452960259529603,0.3452960259529603,Report EPS/BPS,"<a href=""https://m.stock.naver.com/domestic/stock/133820/total"" target=""_blank"">Naver Mobile</a>"
143210,핸즈코퍼레이션,,43.53125,38.541666666666664,25.683333333333334,39.108333333333334,70.79166666666667,1199.0,262.0,-5367.0,-4950.0,-1474.0,-2524.0,-164.0,-8.424242424242424,41.60063391442155,-798.7804878048781,2952.0,,0.40616531165311653,-181.8089430894309,,-8.424242424242424,-8.424242424242424,,,Report EPS/BPS,"<a href=""https://m.stock.naver.com/domestic/stock/143210/total"" target=""_blank"">Naver Mobile</a>"
005420,코스모화학,,43.48541666666667,27.058333333333334,28.233333333333334,57.13333333333333,61.51666666666667,14990.0,5757.0,-671.0,-1560.0,68.0,-364.0,-51.0,56.98717948717948,118.68131868131869,233.33333333333334,16382.0,,0.9150286900256379,-4.095958979367598,,56.98717948717948,56.98717948717948,,,Report EPS/BPS,"<a href=""https://m.stock.naver.com/domestic/stock/005420/total"" target=""_blank"">Naver Mobile</a>"
039490,키움증권,,43.18149350649351,62.371428571428574,52.04545454545455,39.29090909090909,19.018181818181816,396000.0,103864.0,51647.0,31450.0,18162.0,9403.0,8972.0,64.21939586645469,93.15112198234607,102.42978154257692,266148.0,7.667434700950684,1.4878939537400244,19.405368441618947,0.11939437606817796,64.21939586645469,64.21939586645469,0.11939437606817796,0.11939437606817796,Report EPS/BPS,"<a href=""https://m.stock.naver.com/domestic/stock/039490/total"" target=""_blank"">Naver Mobile</a>"
357250,미래에셋맵스리츠,,43.02768939393939,48.50909090909091,64.9,58.041666666666664,0.6599999999999999,2190.0,547.0,82.0,32.0,-44.0,70.0,-195.0,156.25,-162.85714285714286,77.43589743589745,3758.0,26.70731707317073,0.5827567855242151,2.182011708355508,0.17092682926829267,156.25,156.25,0.17092682926829267,0.17092682926829267,Report EPS/BPS,"<a href=""https://m.stock.naver.com/domestic/stock/357250/total"" target=""_blank"">Naver Mobile</a>"
137310,에스디바이오센서,,42.9625,36.15833333333333,29.708333333333332,69.29166666666667,36.69166666666667,7990.0,9648.0,-3898.0,-878.0,188.0,-6285.0,-155.0,-343.9635535307517,102.99124900556882,221.29032258064515,19660.0,,0.4064089521871821,-19.82706002034588,,-343.9635535307517,-343.9635535307517,,,Report EPS/BPS,"<a href=""https://m.stock.naver.com/domestic/stock/137310/total"" target=""_blank"">Naver Mobile</a>"
071050,한국금융지주,,42.829148629148634,62.042857142857144,53.90909090909091,37.70909090909091,17.655555555555555,258000.0,143773.0,44448.0,20767.0,16418.0,6264.0,8227.0,114.03187749795349,162.10089399744572,99.56241643369394,230771.0,5.804535637149028,1.1179914287323798,19.260652334998767,0.05090274548231657,114.03187749795349,114.03187749795349,0.05090274548231657,0.05090274548231657,Report EPS/BPS,"<a href=""https://m.stock.naver.com/domestic/stock/071050/total"" target=""_blank"">Naver Mobile</a>"
020150,롯데에너지머티리얼즈,,42.68541666666667,31.375,25.96666666666667,72.54166666666667,40.858333333333334,61200.0,32048.0,-2085.0,-752.0,30.0,-710.0,-893.0,-177.26063829787233,104.22535211267605,103.35946248600223,35503.0,,1.7237979889023463,-5.872743148466326,,-177.26063829787233,-177.26063829787233,,,Report EPS/BPS,"<a href=""https://m.stock.naver.com/domestic/stock/020150/total"" target=""_blank"">Naver Mobile</a>"
480370,씨케이솔루션,,42.6625,3.7,26.71666666666667,58.81666666666666,81.41666666666667,2375.0,771.0,-1364.0,,-341.0,-468.0,-212.0,,27.136752136752136,-60.84905660377359,1905.0,,1.246719160104987,-71.60104986876641,,,,,,Report EPS/BPS,"<a href=""https://m.stock.naver.com/domestic/stock/480370/total"" target=""_blank"">Naver Mobile</a>"
000370,한화손해보험,,42.58733766233766,37.48571428571428,64.95454545454545,17.90909090909091,50.0,6530.0,7623.0,2315.0,3097.0,897.0,509.0,1143.0,-25.25024216984178,76.2278978388998,-21.522309711286088,24855.0,2.8207343412526997,0.26272379802856566,9.314021323677329,,-25.25024216984178,-25.25024216984178,,,Report EPS/BPS,"<a href=""https://m.stock.naver.com/domestic/stock/000370/total"" target=""_blank"">Naver Mobile</a>"
000950,전방,,42.53541666666666,38.34166666666667,40.19166666666667,67.25,24.358333333333334,28400.0,477.0,-1445.0,24805.0,501.0,-295.0,19690.0,-105.82543841967345,269.8305084745763,-97.45556119857795,135237.0,,0.21000170071799878,-1.068494568794043,,-105.82543841967345,-105.82543841967345,,,Report EPS/BPS,"<a href=""https://m.stock.naver.com/domestic/stock/000950/total"" target=""_blank"">Naver Mobile</a>"
003120,일성아이에스,,42.52708333333333,37.875,31.150000000000002,71.73333333333333,29.349999999999998,20650.0,2746.0,91.0,1150.0,119.0,256.0,116.0,-92.08695652173913,-53.515625,2.586206896551724,28491.0,226.92307692307693,0.7247902846512934,0.3193991084904005,,-92.08695652173913,-92.08695652173913,,,Report EPS/BPS,"<a href=""https://m.stock.naver.com/domestic/stock/003120/total"" target=""_blank"">Naver Mobile</a>"
034830,한국토지신탁,,42.46396103896104,42.32857142857143,39.018181818181816,81.4090909090909,7.1,1535.0,3876.0,89.0,-31.0,40.0,86.0,34.0,387.0967741935484,-53.48837209302325,17.647058823529413,4127.0,17.247191011235955,0.37194087715047247,2.1565301671916646,0.04455524344569288,387.0967741935484,387.0967741935484,0.04455524344569288,0.04455524344569288,Report EPS/BPS,"<a href=""https://m.stock.naver.com/domestic/stock/034830/total"" target=""_blank"">Naver Mobile</a>"
105560,KB금융,,42.42175324675325,48.614285714285714,60.127272727272725,10.945454545454545,50.0,155600.0,58155.0,16168.0,15359.0,5075.0,1908.0,4552.0,5.267270004557589,165.9853249475891,11.489455184534272,163980.0,9.623948540326571,0.9488962068544945,9.859738992560068,1.827122690122074,5.267270004557589,5.267270004557589,1.827122690122074,1.827122690122074,Report EPS/BPS,"<a href=""https://m.stock.naver.com/domestic/stock/105560/total"" target=""_blank"">Naver Mobile</a>"
009830,한화솔루션,,42.37291666666667,34.78333333333333,26.858333333333334,56.166666666666664,51.68333333333334,40600.0,69788.0,-3810.0,-5758.0,-285.0,-2282.0,-259.0,33.83119138589788,87.51095530236634,-10.038610038610038,69798.0,,0.5816785581248747,-5.45860912920141,,33.83119138589788,33.83119138589788,,,Report EPS/BPS,"<a href=""https://m.stock.naver.com/domestic/stock/009830/total"" target=""_blank"">Naver Mobile</a>"
071950,코아스,,42.175,26.516666666666666,23.166666666666668,35.541666666666664,83.475,1501.0,187.0,-2424.0,-822.0,10.0,-64.0,-75.0,-194.8905109489051,115.625,113.33333333333333,2920.0,,0.5140410958904109,-83.01369863013699,,-194.8905109489051,-194.8905109489051,,,Report EPS/BPS,"<a href=""https://m.stock.naver.com/domestic/stock/071950/total"" target=""_blank"">Naver Mobile</a>"
336370,솔루스첨단소재,,42.170833333333334,44.35,25.541666666666668,55.824999999999996,42.96666666666667,11110.0,7801.0,-615.0,-182.0,113.0,-1.0,-224.0,-237.9120879120879,11400.0,150.44642857142858,13827.0,,0.8035003977724742,-4.447819483619006,,-237.9120879120879,-237.9120879120879,,,Report EPS/BPS,"<a href=""https://m.stock.naver.com/domestic/stock/336370/total"" target=""_blank"">Naver Mobile</a>"
123890,한국자산신탁,,41.95681818181818,25.3,64.44545454545454,68.71818181818182,9.363636363636363,2425.0,2968.0,388.0,239.0,100.0,-43.0,116.0,62.34309623430963,332.5581395348837,-13.793103448275861,8802.0,6.25,0.2755055669166099,4.408089070665758,0.100251677852349,62.34309623430963,62.34309623430963,0.100251677852349,0.100251677852349,Report EPS/BPS,"<a href=""https://m.stock.naver.com/domestic/stock/123890/total"" target=""_blank"">Naver Mobile</a>"
084680,이월드,,41.925,26.858333333333334,31.7,49.90833333333333,59.23333333333333,1742.0,2470.0,-106.0,-181.0,-12.0,-73.0,-37.0,41.43646408839779,83.56164383561644,67.56756756756756,1503.0,,1.1590153027278776,-7.052561543579508,,41.43646408839779,41.43646408839779,,,Report EPS/BPS,"<a href=""https://m.stock.naver.com/domestic/stock/084680/total"" target=""_blank"">Naver Mobile</a>"
481850,신한글로벌액티브리츠,,41.855,70.3,36.08,31.04,30.0,1000.0,435.0,-345.0,,-34.0,47.0,-48.0,,-172.3404255319149,29.166666666666668,2091.0,,0.4782400765184122,-16.49928263988522,,,,,,Report EPS/BPS,"<a href=""https://m.stock.naver.com/domestic/stock/481850/total"" target=""_blank"">Naver Mobile</a>"
006110,삼아알미늄,,41.75,18.275000000000002,26.166666666666668,68.25,54.30833333333334,84300.0,12749.0,-1751.0,-844.0,-363.0,-773.0,-258.0,-107.46445497630333,53.04010349288486,-40.69767441860465,14621.0,,5.765679502086041,-11.975925039326995,,-107.46445497630333,-107.46445497630333,,,Report EPS/BPS,"<a href=""https://m.stock.naver.com/domestic/stock/006110/total"" target=""_blank"">Naver Mobile</a>"
001450,현대해상,,41.51883116883117,33.857142857142854,74.17272727272727,8.045454545454545,50.0,33350.0,28430.0,12346.0,7990.0,2774.0,-1343.0,2392.0,54.51814768460576,306.55249441548773,15.96989966555184,65607.0,2.7012797667260653,0.5083299038212385,18.81811392077065,0.04954826753016819,54.51814768460576,54.51814768460576,0.04954826753016819,0.04954826753016819,Report EPS/BPS,"<a href=""https://m.stock.naver.com/domestic/stock/001450/total"" target=""_blank"">Naver Mobile</a>"
001470,삼부토건,,41.322916666666664,35.449999999999996,27.349999999999998,34.275,68.21666666666667,347.0,797.0,-214.0,-615.0,-9.0,-70.0,-129.0,65.20325203252033,87.14285714285714,93.02325581395348,-626.0,,,,,65.20325203252033,65.20325203252033,,,Report EPS/BPS,"<a href=""https://m.stock.naver.com/domestic/stock/001470/total"" target=""_blank"">Naver Mobile</a>"
004270,남성,,41.26875,39.49166666666667,32.708333333333336,48.40833333333333,44.46666666666667,7130.0,258.0,168.0,1159.0,1211.0,-168.0,13.0,-85.50474547023296,820.8333333333334,9215.384615384615,29423.0,42.44047619047619,0.24232743092138803,0.5709818849199606,,-85.50474547023296,-85.50474547023296,,,Report EPS/BPS,"<a href=""https://m.stock.naver.com/domestic/stock/004270/total"" target=""_blank"">Naver Mobile</a>"
029780,삼성카드,,41.2487012987013,36.48571428571429,61.81818181818182,55.49090909090909,11.200000000000001,50800.0,58856.0,5333.0,5793.0,1349.0,1283.0,1592.0,-7.940617987225962,5.144193296960249,-15.263819095477388,75557.0,9.525595349709358,0.6723400876159721,7.058247415858227,,-7.940617987225962,-7.940617987225962,,,Report EPS/BPS,"<a href=""https://m.stock.naver.com/domestic/stock/029780/total"" target=""_blank"">Naver Mobile</a>"
000490,대동,,41.04375,34.050000000000004,36.56666666666667,52.475,41.083333333333336,10150.0,2926.0,-1162.0,-745.0,-45.0,-1404.0,532.0,-55.97315436241611,96.7948717948718,-108.45864661654134,22587.0,,0.4493735334484438,-5.14455217603046,,-55.97315436241611,-55.97315436241611,,,Report EPS/BPS,"<a href=""https://m.stock.naver.com/domestic/stock/000490/total"" target=""_blank"">Naver Mobile</a>"
005360,모나미,,40.83958333333333,25.099999999999998,28.541666666666668,57.833333333333336,51.88333333333333,1540.0,291.0,-580.0,-408.0,-149.0,-169.0,-128.0,-42.15686274509804,11.834319526627219,-16.40625,4114.0,,0.37433155080213903,-14.098201263976664,,-42.15686274509804,-42.15686274509804,,,Report EPS/BPS,"<a href=""https://m.stock.naver.com/domestic/stock/005360/total"" target=""_blank"">Naver Mobile</a>"
006380,카프로,,40.82083333333333,47.98333333333333,27.400000000000002,31.691666666666666,56.208333333333336,3660.0,6185.0,-178.0,194.0,-38.0,-23.0,-51.0,-191.75257731958763,-65.21739130434783,25.49019607843137,416.0,,8.798076923076923,-42.78846153846153,,-191.75257731958763,-191.75257731958763,,,Report EPS/BPS,"<a href=""https://m.stock.naver.com/domestic/stock/006380/total"" target=""_blank"">Naver Mobile</a>"
025620,제이준코스메틱,,40.49583333333334,46.475,10.174999999999999,51.925000000000004,53.40833333333333,7240.0,1318.0,-50.0,-629.0,-255.0,251.0,-130.0,92.05087440381558,-201.59362549800795,-96.15384615384616,3884.0,,1.8640576725025746,-1.2873326467559219,,92.05087440381558,92.05087440381558,,,Report EPS/BPS,"<a href=""https://m.stock.naver.com/domestic/stock/025620/total"" target=""_blank"">Naver Mobile</a>"
316140,우리금융지주,,40.098051948051946,43.42857142857143,58.309090909090905,8.654545454545454,50.0,31250.0,229399.0,4239.0,3921.0,823.0,447.0,840.0,8.11017597551645,84.11633109619687,-2.0238095238095237,54363.0,7.372021703231894,0.574839504810257,7.797582914850174,0.9089841854834043,8.11017597551645,8.11017597551645,0.9089841854834043,0.9089841854834043,Report EPS/BPS,"<a href=""https://m.stock.naver.com/domestic/stock/316140/total"" target=""_blank"">Naver Mobile</a>"
086790,하나금융지주,,40.08344155844156,39.94285714285714,60.58181818181818,9.80909090909091,50.0,119000.0,326498.0,14888.0,13969.0,4410.0,2075.0,4110.0,6.57885317488725,112.53012048192772,7.2992700729927,169270.0,7.993014508328855,0.7030188456312401,8.795415608199917,1.2149556002921196,6.57885317488725,6.57885317488725,1.2149556002921196,1.2149556002921196,Report EPS/BPS,"<a href=""https://m.stock.naver.com/domestic/stock/086790/total"" target=""_blank"">Naver Mobile</a>"
032830,삼성생명,,39.77564935064935,38.857142857142854,50.96363636363637,19.28181818181818,50.0,310000.0,62.0,14356.0,10599.0,6018.0,929.0,3176.0,35.44674025851495,547.7933261571583,89.48362720403023,416505.0,21.59375870716077,0.7442887840482107,3.4467773496116494,0.6091888435911552,35.44674025851495,35.44674025851495,0.6091888435911552,0.6091888435911552,Report EPS/BPS,"<a href=""https://m.stock.naver.com/domestic/stock/032830/total"" target=""_blank"">Naver Mobile</a>"
091090,세원이앤씨,,39.68541666666667,35.21666666666667,21.766666666666666,50.375,51.38333333333333,,,,,,,,,,,,,,,,,,,,Report EPS/BPS,"<a href=""https://m.stock.naver.com/domestic/stock/091090/total"" target=""_blank"">Naver Mobile</a>"
102460,이연제약,,39.675,28.683333333333334,27.3,62.324999999999996,40.391666666666666,11270.0,2095.0,-2184.0,217.0,-578.0,-691.0,12.0,-1106.4516129032259,16.35311143270622,-4916.666666666666,11276.0,,0.9994678964171692,-19.368570415040796,,-1106.4516129032259,-1106.4516129032259,,,Report EPS/BPS,"<a href=""https://m.stock.naver.com/domestic/stock/102460/total"" target=""_blank"">Naver Mobile</a>"
011810,STX,,39.62083333333332,22.75,28.099999999999998,42.73333333333333,64.89999999999999,3530.0,1095.0,-6620.0,-1343.0,-1423.0,-4061.0,-160.0,-392.92628443782576,64.95936961339571,-789.375,-3024.0,,,,,-392.92628443782576,-392.92628443782576,,,Report EPS/BPS,"<a href=""https://m.stock.naver.com/domestic/stock/011810/total"" target=""_blank"">Naver Mobile</a>"
011330,유니켐,,39.56666666666666,37.75,27.766666666666666,52.36666666666667,40.38333333333333,567.0,511.0,-115.0,-97.0,-30.0,-90.0,12.0,-18.556701030927837,66.66666666666666,-350.0,1401.0,,0.40471092077087795,-8.20842255531763,,-18.556701030927837,-18.556701030927837,,,Report EPS/BPS,"<a href=""https://m.stock.naver.com/domestic/stock/011330/total"" target=""_blank"">Naver Mobile</a>"
175330,JB금융지주,,39.43474025974026,38.05714285714286,68.52727272727273,1.1545454545454545,50.0,24950.0,46969.0,3790.0,3544.0,882.0,699.0,865.0,6.941309255079006,26.180257510729614,1.9653179190751446,32897.0,6.58311345646438,0.7584278201659725,11.52080736845305,0.9483965077117791,6.941309255079006,6.941309255079006,0.9483965077117791,0.9483965077117791,Report EPS/BPS,"<a href=""https://m.stock.naver.com/domestic/stock/175330/total"" target=""_blank"">Naver Mobile</a>"
450080,에코프로머티,,39.36208333333334,25.04,27.708333333333332,54.68333333333334,50.01666666666667,64500.0,45605.0,641.0,-588.0,197.0,-1367.0,-104.0,209.01360544217687,114.41111923920995,289.4230769230769,21024.0,100.62402496099844,3.067922374429224,3.048896499238965,0.48142332528126186,209.01360544217687,209.01360544217687,0.48142332528126186,0.48142332528126186,Report EPS/BPS,"<a href=""https://m.stock.naver.com/domestic/stock/450080/total"" target=""_blank"">Naver Mobile</a>"
033180,KH 필룩스,,39.33125,46.94166666666666,20.475,50.24166666666667,39.666666666666664,,,,,,,,,,,,,,,,,,,,Report EPS/BPS,"<a href=""https://m.stock.naver.com/domestic/stock/033180/total"" target=""_blank"">Naver Mobile</a>"
302440,SK바이오사이언스,,39.28541666666667,34.108333333333334,25.358333333333334,59.26666666666667,38.40833333333333,41300.0,32403.0,-1062.0,-606.0,-425.0,-739.0,-95.0,-75.24752475247524,42.48985115020298,-347.3684210526316,25793.0,,1.6012096305199086,-4.1173961927654785,,-75.24752475247524,-75.24752475247524,,,Report EPS/BPS,"<a href=""https://m.stock.naver.com/domestic/stock/302440/total"" target=""_blank"">Naver Mobile</a>"
004380,삼익THK,,39.28125,20.308333333333334,33.38333333333333,55.6,47.833333333333336,13090.0,2710.0,-2048.0,-260.0,-202.0,-182.0,-327.0,-687.6923076923077,-10.989010989010989,38.226299694189606,7360.0,,1.778532608695652,-27.82608695652174,,-687.6923076923077,-687.6923076923077,,,Report EPS/BPS,"<a href=""https://m.stock.naver.com/domestic/stock/004380/total"" target=""_blank"">Naver Mobile</a>"
066970,엘앤에프,,39.08125,32.824999999999996,20.683333333333334,39.766666666666666,63.050000000000004,160200.0,64810.0,-12063.0,-9326.0,-1616.0,-4758.0,-2742.0,-29.348059189363067,66.03614964270702,41.06491611962071,16621.0,,9.63840924132122,-72.57686059803862,,-29.348059189363067,-29.348059189363067,,,Report EPS/BPS,"<a href=""https://m.stock.naver.com/domestic/stock/066970/total"" target=""_blank"">Naver Mobile</a>"
055550,신한지주,,38.97922077922078,39.371428571428574,58.4,8.145454545454545,50.0,95100.0,451396.0,10757.0,9728.0,3418.0,1076.0,3136.0,10.577713815789473,217.6579925650558,8.99234693877551,129514.0,8.840754857302223,0.7342835523572742,8.305665796747842,0.835790702155841,10.577713815789473,10.577713815789473,0.835790702155841,0.835790702155841,Report EPS/BPS,"<a href=""https://m.stock.naver.com/domestic/stock/055550/total"" target=""_blank"">Naver Mobile</a>"
015020,이스타코,,38.94375,51.71666666666667,17.308333333333334,41.38333333333333,45.36666666666667,464.0,199.0,-28.0,-111.0,-17.0,-23.0,-22.0,74.77477477477478,26.08695652173913,22.727272727272727,859.0,,0.540162980209546,-3.259604190919674,,74.77477477477478,74.77477477477478,,,Report EPS/BPS,"<a href=""https://m.stock.naver.com/domestic/stock/015020/total"" target=""_blank"">Naver Mobile</a>"
950210,프레스티지바이오파마,,38.90416666666667,52.24166666666667,31.5,59.175000000000004,12.7,7780.0,4675.0,1.0,0.0,-0.0,-0.0,-0.0,,,,6.0,7780.0,1296.6666666666667,16.666666666666664,,,,,,Report EPS/BPS,"<a href=""https://m.stock.naver.com/domestic/stock/950210/total"" target=""_blank"">Naver Mobile</a>"
074610,이엔플러스,,38.743750000000006,42.98333333333333,14.633333333333333,32.63333333333333,64.72500000000001,5110.0,448.0,-1689.0,-6258.0,-69.0,-1046.0,1713.0,73.01054650047939,93.40344168260039,-104.02802101576182,2116.0,,2.4149338374291114,-79.82041587901702,,73.01054650047939,73.01054650047939,,,Report EPS/BPS,"<a href=""https://m.stock.naver.com/domestic/stock/074610/total"" target=""_blank"">Naver Mobile</a>"
024110,기업은행,,38.675324675324674,36.92857142857143,58.54545454545455,9.227272727272727,50.0,20900.0,166662.0,3325.0,3352.0,939.0,580.0,1014.0,-0.8054892601431982,61.89655172413793,-7.396449704142012,46650.0,6.285714285714286,0.4480171489817792,7.127545551982852,,-0.8054892601431982,-0.8054892601431982,,,Report EPS/BPS,"<a href=""https://m.stock.naver.com/domestic/stock/024110/total"" target=""_blank"">Naver Mobile</a>"
069640,한세엠케이,,38.543749999999996,41.516666666666666,20.808333333333334,41.24166666666667,50.60833333333333,1613.0,361.0,-1273.0,-2158.0,-62.0,-365.0,-481.0,41.010194624652456,83.01369863013699,87.11018711018711,647.0,,2.493044822256569,-196.75425038639875,,41.010194624652456,41.010194624652456,,,Report EPS/BPS,"<a href=""https://m.stock.naver.com/domestic/stock/069640/total"" target=""_blank"">Naver Mobile</a>"
001510,SK증권,,38.48506493506493,62.98571428571428,38.418181818181814,2.536363636363636,50.0,4160.0,9622.0,213.0,-319.0,101.0,-24.0,13.0,166.77115987460814,520.8333333333333,676.9230769230769,2716.0,19.530516431924884,1.5316642120765833,7.84241531664212,0.11710967559744433,166.77115987460814,166.77115987460814,0.11710967559744433,0.11710967559744433,Report EPS/BPS,"<a href=""https://m.stock.naver.com/domestic/stock/001510/total"" target=""_blank"">Naver Mobile</a>"
139130,iM금융지주,,38.189935064935064,50.714285714285715,51.16363636363636,0.8818181818181817,50.0,18150.0,29153.0,2765.0,1603.0,962.0,76.0,961.0,72.48908296943232,1165.7894736842104,0.10405827263267431,40069.0,6.564195298372513,0.45296862911477703,6.900596471087374,0.09055426044140394,72.48908296943232,72.48908296943232,0.09055426044140394,0.09055426044140394,Report EPS/BPS,"<a href=""https://m.stock.naver.com/domestic/stock/139130/total"" target=""_blank"">Naver Mobile</a>"
336260,두산퓨얼셀,,37.983333333333334,31.21666666666667,29.008333333333336,60.06666666666666,31.641666666666666,84500.0,55342.0,-2074.0,-310.0,-201.0,-1567.0,-154.0,-569.0322580645161,87.17294192724952,-30.519480519480517,5432.0,,15.555964653902798,-38.18114874815905,,-569.0322580645161,-569.0322580645161,,,Report EPS/BPS,"<a href=""https://m.stock.naver.com/domestic/stock/336260/total"" target=""_blank"">Naver Mobile</a>"
138930,BNK금융지주,,37.91428571428571,47.05714285714286,54.6,0.0,50.0,17320.0,53749.0,2770.0,2081.0,681.0,145.0,537.0,33.10908217203268,369.6551724137931,26.81564245810056,36263.0,6.252707581227437,0.4776218183823732,7.638639936022944,0.18885173405710154,33.10908217203268,33.10908217203268,0.18885173405710154,0.18885173405710154,Report EPS/BPS,"<a href=""https://m.stock.naver.com/domestic/stock/138930/total"" target=""_blank"">Naver Mobile</a>"
085620,미래에셋생명,,37.87467532467532,50.57142857142857,50.18181818181818,0.7454545454545454,50.0,14770.0,19966.0,1179.0,867.0,395.0,41.0,183.0,35.98615916955018,863.4146341463415,115.84699453551912,17841.0,12.527565733672605,0.8278683930272966,6.608373970068943,0.34812177856070986,35.98615916955018,35.98615916955018,0.34812177856070986,0.34812177856070986,Report EPS/BPS,"<a href=""https://m.stock.naver.com/domestic/stock/085620/total"" target=""_blank"">Naver Mobile</a>"
006570,대림통상,,37.83333333333333,22.28333333333333,24.45,53.49166666666667,51.10833333333333,1929.0,294.0,-1023.0,-804.0,-84.0,-393.0,-171.0,-27.238805970149254,78.62595419847328,50.877192982456144,2350.0,,0.8208510638297872,-43.53191489361702,,-27.238805970149254,-27.238805970149254,,,Report EPS/BPS,"<a href=""https://m.stock.naver.com/domestic/stock/006570/total"" target=""_blank"">Naver Mobile</a>"
003080,SB성보,,37.708333333333336,32.025,33.49166666666667,53.449999999999996,31.866666666666664,2390.0,478.0,1688.0,-220.0,233.0,-591.0,266.0,867.2727272727273,139.424703891709,-12.406015037593985,7751.0,1.4158767772511849,0.308347310024513,21.777835118049286,0.0016325623217780959,867.2727272727273,867.2727272727273,0.0016325623217780959,0.0016325623217780959,Report EPS/BPS,"<a href=""https://m.stock.naver.com/domestic/stock/003080/total"" target=""_blank"">Naver Mobile</a>"
008600,윌비스,,37.42916666666667,28.583333333333332,24.875,49.6,46.65833333333333,2620.0,176.0,-5856.0,-4026.0,-981.0,-3713.0,-535.0,-45.45454545454545,73.5793159170482,-83.3644859813084,6162.0,,0.4251866277182733,-95.03407984420643,,-45.45454545454545,-45.45454545454545,,,Report EPS/BPS,"<a href=""https://m.stock.naver.com/domestic/stock/008600/total"" target=""_blank"">Naver Mobile</a>"
000040,KR모터스,,37.420833333333334,34.13333333333333,21.474999999999998,35.00833333333333,59.06666666666666,378.0,326.0,221.0,-62.0,224.0,26.0,-19.0,456.4516129032258,761.5384615384615,1278.9473684210525,730.0,1.7104072398190044,0.5178082191780822,30.273972602739725,0.0037471819388260877,456.4516129032258,456.4516129032258,0.0037471819388260877,0.0037471819388260877,Report EPS/BPS,"<a href=""https://m.stock.naver.com/domestic/stock/000040/total"" target=""_blank"">Naver Mobile</a>"
006800,미래에셋증권,,37.31006493506493,62.08571428571428,41.04545454545455,31.781818181818185,14.327272727272726,69900.0,391137.0,4122.0,1814.0,1780.0,1013.0,462.0,127.23263506063947,75.71569595261599,285.28138528138527,25644.0,16.95778748180495,2.725783809078147,16.073935423490877,0.13328174389945485,127.23263506063947,127.23263506063947,0.13328174389945485,0.13328174389945485,Report EPS/BPS,"<a href=""https://m.stock.naver.com/domestic/stock/006800/total"" target=""_blank"">Naver Mobile</a>"
011790,SKC,,37.302083333333336,30.141666666666666,13.350000000000001,49.583333333333336,56.13333333333333,133500.0,5554.0,-18778.0,-13786.0,-2154.0,-14319.0,-2770.0,-36.210648483969244,84.95705007332914,22.23826714801444,53146.0,,2.511948218116133,-35.33285665901479,,-36.210648483969244,-36.210648483969244,,,Report EPS/BPS,"<a href=""https://m.stock.naver.com/domestic/stock/011790/total"" target=""_blank"">Naver Mobile</a>"
088350,한화생명,,37.27337662337662,45.857142857142854,49.72727272727273,3.5090909090909093,50.0,5390.0,46814.0,851.0,778.0,373.0,27.0,260.0,9.383033419023135,1281.4814814814815,43.46153846153846,20525.0,6.333725029377203,0.2626065773447016,4.146163215590743,0.6750189140897896,9.383033419023135,9.383033419023135,0.6750189140897896,0.6750189140897896,Report EPS/BPS,"<a href=""https://m.stock.naver.com/domestic/stock/088350/total"" target=""_blank"">Naver Mobile</a>"
047400,유니온머티리얼,,37.166666666666664,29.583333333333332,32.65,42.9,43.53333333333333,1613.0,677.0,62.0,-995.0,11.0,120.0,8.0,106.23115577889448,-90.83333333333333,37.5,445.0,26.016129032258064,3.6247191011235955,13.93258426966292,0.24490112002929776,106.23115577889448,106.23115577889448,0.24490112002929776,0.24490112002929776,Report EPS/BPS,"<a href=""https://m.stock.naver.com/domestic/stock/047400/total"" target=""_blank"">Naver Mobile</a>"
005110,한창,,37.110416666666666,36.708333333333336,42.74166666666667,25.55,43.44166666666666,1254.0,265.0,2508.0,-752.0,-278.0,-178.0,110.0,433.51063829787233,-56.17977528089888,-352.72727272727275,179.0,0.5,7.005586592178771,1401.1173184357542,0.0011533742331288344,433.51063829787233,433.51063829787233,0.0011533742331288344,0.0011533742331288344,Report EPS/BPS,"<a href=""https://m.stock.naver.com/domestic/stock/005110/total"" target=""_blank"">Naver Mobile</a>"
001140,국보,,37.054166666666674,30.883333333333336,14.816666666666668,31.7,70.81666666666668,,,,,,,,,,,,,,,,,,,,Report EPS/BPS,"<a href=""https://m.stock.naver.com/domestic/stock/001140/total"" target=""_blank"">Naver Mobile</a>"
204210,스타에스엠리츠,,36.77916666666667,38.291666666666664,27.3,36.25,45.275,2035.0,159.0,-418.0,-1205.0,-108.0,-138.0,-191.0,65.31120331950207,21.73913043478261,43.455497382198956,3826.0,,0.5318870883429169,-10.925248301097753,,65.31120331950207,65.31120331950207,,,Report EPS/BPS,"<a href=""https://m.stock.naver.com/domestic/stock/204210/total"" target=""_blank"">Naver Mobile</a>"
002210,동성제약,,36.733333333333334,29.583333333333332,23.45,48.63333333333333,45.26666666666667,973.0,940.0,-253.0,-87.0,0.0,-60.0,-14.0,-190.80459770114942,100.0,100.0,967.0,,1.0062047569803516,-26.163391933815927,,-190.80459770114942,-190.80459770114942,,,Report EPS/BPS,"<a href=""https://m.stock.naver.com/domestic/stock/002210/total"" target=""_blank"">Naver Mobile</a>"
006220,제주은행,,36.364285714285714,54.25714285714286,40.67272727272727,0.5272727272727272,50.0,11250.0,4252.0,403.0,237.0,111.0,44.0,77.0,70.042194092827,152.27272727272728,44.15584415584416,16987.0,27.915632754342433,0.6622711485253429,2.3724024253841174,0.3985545158300697,70.042194092827,70.042194092827,0.3985545158300697,0.3985545158300697,Report EPS/BPS,"<a href=""https://m.stock.naver.com/domestic/stock/006220/total"" target=""_blank"">Naver Mobile</a>"
363280,티와이홀딩스,,36.35,32.4,24.3,36.875,51.824999999999996,2605.0,1314.0,-1875.0,-1260.0,-225.0,-843.0,-216.0,-48.80952380952381,73.30960854092527,-4.166666666666666,17146.0,,0.15193047941210777,-10.93549515922081,,-48.80952380952381,-48.80952380952381,,,Report EPS/BPS,"<a href=""https://m.stock.naver.com/domestic/stock/363280/total"" target=""_blank"">Naver Mobile</a>"
009310,참엔지니어링,,36.02708333333333,33.49166666666667,21.275000000000002,22.099999999999998,67.24166666666666,5330.0,233.0,-490.0,-7492.0,957.0,-694.0,-1651.0,93.45969033635878,237.89625360230548,157.9648697758934,19502.0,,0.2733053020203056,-2.512562814070352,,93.45969033635878,93.45969033635878,,,Report EPS/BPS,"<a href=""https://m.stock.naver.com/domestic/stock/009310/total"" target=""_blank"">Naver Mobile</a>"
012170,아센디오,,35.84583333333333,39.358333333333334,7.125,43.44166666666666,53.458333333333336,1055.0,205.0,-607.0,-451.0,-11.0,-239.0,-108.0,-34.58980044345898,95.39748953974896,89.81481481481481,956.0,,1.1035564853556485,-63.49372384937239,,-34.58980044345898,-34.58980044345898,,,Report EPS/BPS,"<a href=""https://m.stock.naver.com/domestic/stock/012170/total"" target=""_blank"">Naver Mobile</a>"
011230,삼화전자,,35.40416666666667,30.916666666666668,10.283333333333333,36.09166666666667,64.325,2210.0,424.0,-419.0,-406.0,-105.0,-138.0,-115.0,-3.201970443349754,23.91304347826087,8.695652173913043,1166.0,,1.895368782161235,-35.93481989708405,,-3.201970443349754,-3.201970443349754,,,Report EPS/BPS,"<a href=""https://m.stock.naver.com/domestic/stock/011230/total"" target=""_blank"">Naver Mobile</a>"
361610,SK아이이테크놀로지,,35.28333333333334,36.44166666666667,15.924999999999999,45.59166666666667,43.175000000000004,21400.0,17502.0,-3321.0,-2516.0,-1000.0,-1598.0,-265.0,-31.995230524642288,37.42177722152691,-277.35849056603774,31440.0,,0.6806615776081425,-10.56297709923664,,-31.995230524642288,-31.995230524642288,,,Report EPS/BPS,"<a href=""https://m.stock.naver.com/domestic/stock/361610/total"" target=""_blank"">Naver Mobile</a>"
293940,신한알파리츠,,35.28333333333333,56.025,53.65,31.458333333333332,0.0,5540.0,6700.0,113.0,640.0,19.0,67.0,47.0,-82.34375,-71.64179104477611,-59.57446808510638,6669.0,49.02654867256637,0.8307092517618834,1.6944069575648524,,-82.34375,-82.34375,,,Report EPS/BPS,"<a href=""https://m.stock.naver.com/domestic/stock/293940/total"" target=""_blank"">Naver Mobile</a>"
002410,범양건영,,35.087500000000006,25.508333333333336,20.3,29.625,64.91666666666667,1935.0,532.0,-2887.0,-2047.0,-28.0,-1916.0,-326.0,-41.03566194430874,98.53862212943632,91.41104294478528,-2555.0,,,,,-41.03566194430874,-41.03566194430874,,,Report EPS/BPS,"<a href=""https://m.stock.naver.com/domestic/stock/002410/total"" target=""_blank"">Naver Mobile</a>"
001270,부국증권,,34.875649350649354,45.65714285714286,49.154545454545456,24.572727272727274,20.11818181818182,66800.0,6927.0,3874.0,3098.0,1239.0,-96.0,1766.0,25.048418334409295,1390.625,-29.84144960362401,79001.0,17.24315952503872,0.8455589169757345,4.9037353957544845,0.6883931470176541,25.048418334409295,25.048418334409295,0.6883931470176541,0.6883931470176541,Report EPS/BPS,"<a href=""https://m.stock.naver.com/domestic/stock/001270/total"" target=""_blank"">Naver Mobile</a>"
001750,한양증권,,34.63668831168831,44.628571428571426,52.054545454545455,16.363636363636363,25.5,26300.0,3348.0,4252.0,3653.0,1464.0,597.0,1656.0,16.397481522036685,145.22613065326632,-11.594202898550725,50892.0,6.1853245531514585,0.5167806334983888,8.354947732453038,0.37721186298267567,16.397481522036685,16.397481522036685,0.37721186298267567,0.37721186298267567,Report EPS/BPS,"<a href=""https://m.stock.naver.com/domestic/stock/001750/total"" target=""_blank"">Naver Mobile</a>"
007460,에이프로젠,,34.45,44.050000000000004,9.875,53.78333333333333,30.09166666666667,4710.0,1034.0,-3337.0,-1964.0,-813.0,-809.0,-674.0,-69.90835030549898,-0.4944375772558714,-20.623145400593472,19624.0,,0.2400122299225438,-17.004688136975133,,-69.90835030549898,-69.90835030549898,,,Report EPS/BPS,"<a href=""https://m.stock.naver.com/domestic/stock/007460/total"" target=""_blank"">Naver Mobile</a>"
000400,롯데손해보험,,34.41688311688311,28.085714285714285,58.95454545454545,0.6272727272727273,50.0,2070.0,6424.0,65.0,-17.0,-64.0,-154.0,36.0,482.35294117647055,58.44155844155844,-277.77777777777777,2271.0,31.846153846153847,0.9114927344782034,2.8621752531924263,0.06602251407129457,482.35294117647055,482.35294117647055,0.06602251407129457,0.06602251407129457,Report EPS/BPS,"<a href=""https://m.stock.naver.com/domestic/stock/000400/total"" target=""_blank"">Naver Mobile</a>"
082640,동양생명,,34.390584415584414,18.271428571428572,68.42727272727274,0.8636363636363636,50.0,7730.0,12473.0,640.0,1721.0,155.0,91.0,286.0,-62.81231841952353,70.32967032967034,-45.8041958041958,11430.0,12.078125,0.6762904636920385,5.599300087489064,,-62.81231841952353,-62.81231841952353,,,Report EPS/BPS,"<a href=""https://m.stock.naver.com/domestic/stock/082640/total"" target=""_blank"">Naver Mobile</a>"
004870,티웨이홀딩스,,33.577083333333334,28.86666666666667,19.616666666666667,45.76666666666667,40.05833333333333,239.0,270.0,-691.0,-360.0,-322.0,21.0,-124.0,-91.94444444444444,-1633.3333333333333,-159.6774193548387,510.0,,0.46862745098039216,-135.49019607843138,,-91.94444444444444,-91.94444444444444,,,Report EPS/BPS,"<a href=""https://m.stock.naver.com/domestic/stock/004870/total"" target=""_blank"">Naver Mobile</a>"
003540,대신증권,,33.538961038961034,55.028571428571425,34.627272727272725,32.58181818181818,11.918181818181818,33900.0,16685.0,5269.0,3423.0,3044.0,-123.0,1567.0,53.929301782062524,2574.7967479674794,94.256541161455,82043.0,6.433858417156956,0.4131979571688017,6.422241995051375,0.11930171918704364,53.929301782062524,53.929301782062524,0.11930171918704364,0.11930171918704364,Report EPS/BPS,"<a href=""https://m.stock.naver.com/domestic/stock/003540/total"" target=""_blank"">Naver Mobile</a>"
011000,진원생명과학,,33.24375,35.475,1.125,41.59166666666667,54.78333333333333,960.0,872.0,-500.0,-527.0,-26.0,-178.0,-97.0,5.1233396584440225,85.39325842696628,73.19587628865979,563.0,,1.7051509769094138,-88.80994671403198,,5.1233396584440225,5.1233396584440225,,,Report EPS/BPS,"<a href=""https://m.stock.naver.com/domestic/stock/011000/total"" target=""_blank"">Naver Mobile</a>"
006370,대구백화점,,33.15833333333333,35.84166666666667,12.683333333333332,36.375,47.73333333333333,5120.0,554.0,-2897.0,-3037.0,-662.0,-806.0,-767.0,4.609812314784326,17.866004962779154,13.689700130378096,12019.0,,0.42599217904983777,-24.103502787253515,,4.609812314784326,4.609812314784326,,,Report EPS/BPS,"<a href=""https://m.stock.naver.com/domestic/stock/006370/total"" target=""_blank"">Naver Mobile</a>"
357430,마스턴프리미어리츠,,33.115624999999994,47.9,32.2375,52.325,0.0,999.0,305.0,-319.0,-167.0,21.0,-52.0,-13.0,-91.01796407185628,140.3846153846154,261.53846153846155,3278.0,,0.3047589993898719,-9.731543624161073,,-91.01796407185628,-91.01796407185628,,,Report EPS/BPS,"<a href=""https://m.stock.naver.com/domestic/stock/357430/total"" target=""_blank"">Naver Mobile</a>"
138040,메리츠금융지주,,33.088095238095235,26.585714285714285,58.89090909090908,4.809090909090909,42.06666666666667,105800.0,177053.0,14088.0,13924.0,3986.0,1857.0,3644.0,1.177822464808963,114.64728056004307,9.38529088913282,70491.0,7.509937535491198,1.5009008242186945,19.985530067668215,6.37612013684021,1.177822464808963,1.177822464808963,6.37612013684021,6.37612013684021,Report EPS/BPS,"<a href=""https://m.stock.naver.com/domestic/stock/138040/total"" target=""_blank"">Naver Mobile</a>"
011300,성안머티리얼스,,32.22708333333333,34.791666666666664,12.158333333333333,24.958333333333332,57.0,2660.0,422.0,-558.0,-1988.0,-113.0,-288.0,-39.0,71.93158953722335,60.763888888888886,-189.74358974358972,1931.0,,1.3775245986535474,-28.89694458829622,,71.93158953722335,71.93158953722335,,,Report EPS/BPS,"<a href=""https://m.stock.naver.com/domestic/stock/011300/total"" target=""_blank"">Naver Mobile</a>"
140910,에이리츠,,32.15625,49.05833333333334,12.966666666666667,43.208333333333336,23.391666666666666,3130.0,140.0,-805.0,-539.0,-190.0,-547.0,-77.0,-49.35064935064935,65.26508226691043,-146.75324675324674,5948.0,,0.5262273032952253,-13.533960995292535,,-49.35064935064935,-49.35064935064935,,,Report EPS/BPS,"<a href=""https://m.stock.naver.com/domestic/stock/140910/total"" target=""_blank"">Naver Mobile</a>"
030610,교보증권,,31.740259740259738,50.042857142857144,43.35454545454545,11.781818181818181,21.78181818181818,13450.0,15328.0,1401.0,1206.0,600.0,53.0,454.0,16.169154228855724,1032.0754716981132,32.158590308370044,18972.0,9.60028551034975,0.7089394897744044,7.384566729917774,0.5937407346400921,16.169154228855724,16.169154228855724,0.5937407346400921,0.5937407346400921,Report EPS/BPS,"<a href=""https://m.stock.naver.com/domestic/stock/030610/total"" target=""_blank"">Naver Mobile</a>"
432320,KB스타리츠,,29.979545454545455,42.0,37.345454545454544,40.5,0.07272727272727274,1709.0,2577.0,-331.0,-301.0,-140.0,105.0,92.0,-9.966777408637874,-233.33333333333334,-252.17391304347828,1299.0,,1.3156274056966897,-25.481139337952268,,-9.966777408637874,-9.966777408637874,,,Report EPS/BPS,"<a href=""https://m.stock.naver.com/domestic/stock/432320/total"" target=""_blank"">Naver Mobile</a>"
323410,카카오뱅크,,29.86525974025974,40.542857142857144,74.56363636363636,3.8909090909090907,0.4636363636363636,22450.0,107114.0,1112.0,977.0,393.0,221.0,288.0,13.817809621289662,77.82805429864254,36.45833333333333,13883.0,20.18884892086331,1.6170856443131887,8.009796153569114,1.46107447375433,13.817809621289662,13.817809621289662,1.46107447375433,1.46107447375433,Report EPS/BPS,"<a href=""https://m.stock.naver.com/domestic/stock/323410/total"" target=""_blank"">Naver Mobile</a>"
003530,한화투자증권,,29.776298701298707,55.41428571428571,37.23636363636364,10.990909090909092,15.463636363636363,6910.0,14825.0,392.0,-3.0,89.0,66.0,173.0,13166.666666666666,34.84848484848485,-48.554913294797686,9504.0,17.627551020408163,0.7270622895622896,4.124579124579125,0.001338801343322139,13166.666666666666,13166.666666666666,0.001338801343322139,0.001338801343322139,Report EPS/BPS,"<a href=""https://m.stock.naver.com/domestic/stock/003530/total"" target=""_blank"">Naver Mobile</a>"
001200,유진투자증권,,28.796753246753248,46.714285714285715,47.60909090909092,5.6000000000000005,15.263636363636364,5880.0,5696.0,1149.0,412.0,544.0,70.0,62.0,178.88349514563106,677.1428571428571,777.4193548387098,12054.0,5.117493472584856,0.4878048780487805,9.532105525136885,0.028607968937652113,178.88349514563106,178.88349514563106,0.028607968937652113,0.028607968937652113,Report EPS/BPS,"<a href=""https://m.stock.naver.com/domestic/stock/001200/total"" target=""_blank"">Naver Mobile</a>"
001570,금양,,28.674999999999997,22.991666666666664,7.291666666666667,33.475,50.94166666666666,9900.0,6333.0,-984.0,-2285.0,-294.0,-197.0,-340.0,56.93654266958424,-49.23857868020304,13.529411764705882,6995.0,,1.4152966404574696,-14.067190850607577,,56.93654266958424,56.93654266958424,,,Report EPS/BPS,"<a href=""https://m.stock.naver.com/domestic/stock/001570/total"" target=""_blank"">Naver Mobile</a>"
016610,DB증권,,28.329545454545457,62.6,38.42727272727273,4.4818181818181815,7.8090909090909095,13000.0,5518.0,2122.0,1068.0,639.0,211.0,435.0,98.68913857677903,202.8436018957346,46.89655172413793,29693.0,6.126295947219604,0.4378136261071633,7.1464654969184656,0.06207669897182672,98.68913857677903,98.68913857677903,0.06207669897182672,0.06207669897182672,Report EPS/BPS,"<a href=""https://m.stock.naver.com/domestic/stock/016610/total"" target=""_blank"">Naver Mobile</a>"
030210,다올투자증권,,27.86266233766234,64.51428571428572,33.554545454545455,1.481818181818182,11.9,4000.0,2436.0,705.0,-682.0,205.0,10.0,165.0,203.3724340175953,1950.0,24.242424242424242,13255.0,5.673758865248227,0.3017729158807997,5.318747642399094,0.027898367311458477,203.3724340175953,203.3724340175953,0.027898367311458477,0.027898367311458477,Report EPS/BPS,"<a href=""https://m.stock.naver.com/domestic/stock/030210/total"" target=""_blank"">Naver Mobile</a>"
019490,엑시큐어하이트론,,27.727083333333333,42.34166666666667,2.9583333333333335,30.541666666666668,35.06666666666667,541.0,413.0,-328.0,-804.0,-25.0,-91.0,-65.0,59.20398009950249,72.52747252747253,61.53846153846154,166.0,,3.2590361445783134,-197.59036144578312,,59.20398009950249,59.20398009950249,,,Report EPS/BPS,"<a href=""https://m.stock.naver.com/domestic/stock/019490/total"" target=""_blank"">Naver Mobile</a>"
454910,두산로보틱스,,27.683766233766235,20.271428571428572,7.672727272727273,55.690909090909095,27.1,127400.0,82581.0,-852.0,-665.0,-141.0,-257.0,-145.0,-28.1203007518797,45.13618677042802,2.7586206896551726,5262.0,,24.211326491828203,-16.191562143671607,,-28.1203007518797,-28.1203007518797,,,Report EPS/BPS,"<a href=""https://m.stock.naver.com/domestic/stock/454910/total"" target=""_blank"">Naver Mobile</a>"
001720,신영증권,,27.594166666666666,27.316666666666666,43.089999999999996,18.54,21.43,180600.0,29691.0,8631.0,7462.0,1435.0,1799.0,555.0,15.666041275797374,-20.233463035019454,158.55855855855856,121440.0,20.92457420924574,1.4871541501976284,7.107213438735179,1.335664437548261,15.666041275797374,15.666041275797374,1.335664437548261,1.335664437548261,Report EPS/BPS,"<a href=""https://m.stock.naver.com/domestic/stock/001720/total"" target=""_blank"">Naver Mobile</a>"
003060,에이프로젠바이오로직스,,27.360416666666666,33.699999999999996,3.3666666666666667,49.28333333333333,23.09166666666667,4010.0,530.0,-9919.0,-10735.0,-294.0,-2725.0,-3252.0,7.60130414531905,89.21100917431193,90.95940959409594,20628.0,,0.19439596664727554,-48.08512701182858,,7.60130414531905,7.60130414531905,,,Report EPS/BPS,"<a href=""https://m.stock.naver.com/domestic/stock/003060/total"" target=""_blank"">Naver Mobile</a>"
001500,현대차증권,,26.516720779220776,48.07142857142857,42.58181818181818,6.363636363636363,9.05,10950.0,6771.0,1052.0,732.0,430.0,89.0,312.0,43.71584699453552,383.14606741573033,37.82051282051282,23256.0,10.408745247148289,0.47084623323013414,4.523563811489508,0.23810004752851713,43.71584699453552,43.71584699453552,0.23810004752851713,0.23810004752851713,Report EPS/BPS,"<a href=""https://m.stock.naver.com/domestic/stock/001500/total"" target=""_blank"">Naver Mobile</a>"
003470,유안타증권,,26.290259740259742,48.042857142857144,39.372727272727275,3.5090909090909093,14.236363636363636,6350.0,12674.0,775.0,242.0,341.0,167.0,46.0,220.24793388429754,104.19161676646706,641.3043478260869,9639.0,8.193548387096774,0.658782031331051,8.040253138292353,0.03720147672940749,220.24793388429754,220.24793388429754,0.03720147672940749,0.03720147672940749,Report EPS/BPS,"<a href=""https://m.stock.naver.com/domestic/stock/003470/total"" target=""_blank"">Naver Mobile</a>"
001290,상상인증권,,20.59992784992785,28.771428571428572,40.43636363636364,6.336363636363637,6.855555555555555,1120.0,1213.0,23.0,-403.0,78.0,-15.0,2.0,105.70719602977667,620.0,3800.0,1853.0,48.69565217391305,0.6044252563410686,1.24123043712898,0.46066544192692394,105.70719602977667,105.70719602977667,0.46066544192692394,0.46066544192692394,Report EPS/BPS,"<a href=""https://m.stock.naver.com/domestic/stock/001290/total"" target=""_blank"">Naver Mobile</a>"
005935,삼성전자우,Scores not found,,,,,,,,,,,,,,,,,,,,,,,,,,"<a href=""https://m.stock.naver.com/domestic/stock/005935/total"" target=""_blank"">Naver Mobile</a>"
005387,현대차2우B,Scores not found,,,,,,,,,,,,,,,,,,,,,,,,,,"<a href=""https://m.stock.naver.com/domestic/stock/005387/total"" target=""_blank"">Naver Mobile</a>"
088980,맥쿼리인프라,Scores not found,,,,,,,,,,,,,,,,,,,,,,,,,,"<a href=""https://m.stock.naver.com/domestic/stock/088980/total"" target=""_blank"">Naver Mobile</a>"
005385,현대차우,Scores not found,,,,,,,,,,,,,,,,,,,,,,,,,,"<a href=""https://m.stock.naver.com/domestic/stock/005385/total"" target=""_blank"">Naver Mobile</a>"
000155,두산우,Scores not found,,,,,,,,,,,,,,,,,,,,,,,,,,"<a href=""https://m.stock.naver.com/domestic/stock/000155/total"" target=""_blank"">Naver Mobile</a>"
610063,메리츠 KIS CD금리투자 ETN,Scores not found,,,,,,,,,,,,,,,,,,,,,,,,,,"<a href=""https://m.stock.naver.com/domestic/stock/610063/total"" target=""_blank"">Naver Mobile</a>"
051915,LG화학우,Scores not found,,,,,,,,,,,,,,,,,,,,,,,,,,"<a href=""https://m.stock.naver.com/domestic/stock/051915/total"" target=""_blank"">Naver Mobile</a>"
00680K,미래에셋증권2우B,Scores not found,,,,,,,,,,,,,,,,,,,,,,,,,,"<a href=""https://m.stock.naver.com/domestic/stock/00680K/total"" target=""_blank"">Naver Mobile</a>"
415640,KB발해인프라,Scores not found,,,,,,,,,,,,,,,,,,,,,,,,,,"<a href=""https://m.stock.naver.com/domestic/stock/415640/total"" target=""_blank"">Naver Mobile</a>"
000815,삼성화재우,Scores not found,,,,,,,,,,,,,,,,,,,,,,,,,,"<a href=""https://m.stock.naver.com/domestic/stock/000815/total"" target=""_blank"">Naver Mobile</a>"
700026,하나 CD금리투자 ETN,Scores not found,,,,,,,,,,,,,,,,,,,,,,,,,,"<a href=""https://m.stock.naver.com/domestic/stock/700026/total"" target=""_blank"">Naver Mobile</a>"
550082,N2 KIS CD금리투자 ETN,Scores not found,,,,,,,,,,,,,,,,,,,,,,,,,,"<a href=""https://m.stock.naver.com/domestic/stock/550082/total"" target=""_blank"">Naver Mobile</a>"
00088K,한화3우B,Scores not found,,,,,,,,,,,,,,,,,,,,,,,,,,"<a href=""https://m.stock.naver.com/domestic/stock/00088K/total"" target=""_blank"">Naver Mobile</a>"
760009,키움 CD금리투자 ETN,Scores not found,,,,,,,,,,,,,,,,,,,,,,,,,,"<a href=""https://m.stock.naver.com/domestic/stock/760009/total"" target=""_blank"">Naver Mobile</a>"
066575,LG전자우,Scores not found,,,,,,,,,,,,,,,,,,,,,,,,,,"<a href=""https://m.stock.naver.com/domestic/stock/066575/total"" target=""_blank"">Naver Mobile</a>"
530031,삼성 레버리지 WTI원유 선물 ETN,Scores not found,,,,,,,,,,,,,,,,,,,,,,,,,,"<a href=""https://m.stock.naver.com/domestic/stock/530031/total"" target=""_blank"">Naver Mobile</a>"
580058,KB KIS CD금리투자 ETN,Scores not found,,,,,,,,,,,,,,,,,,,,,,,,,,"<a href=""https://m.stock.naver.com/domestic/stock/580058/total"" target=""_blank"">Naver Mobile</a>"
00104K,CJ4우(전환),Scores not found,,,,,,,,,,,,,,,,,,,,,,,,,,"<a href=""https://m.stock.naver.com/domestic/stock/00104K/total"" target=""_blank"">Naver Mobile</a>"
071055,한국금융지주우,Scores not found,,,,,,,,,,,,,,,,,,,,,,,,,,"<a href=""https://m.stock.naver.com/domestic/stock/071055/total"" target=""_blank"">Naver Mobile</a>"
500019,신한 레버리지 WTI원유 선물 ETN(H),Scores not found,,,,,,,,,,,,,,,,,,,,,,,,,,"<a href=""https://m.stock.naver.com/domestic/stock/500019/total"" target=""_blank"">Naver Mobile</a>"
003545,대신증권우,Scores not found,,,,,,,,,,,,,,,,,,,,,,,,,,"<a href=""https://m.stock.naver.com/domestic/stock/003545/total"" target=""_blank"">Naver Mobile</a>"
090435,아모레퍼시픽우,Scores not found,,,,,,,,,,,,,,,,,,,,,,,,,,"<a href=""https://m.stock.naver.com/domestic/stock/090435/total"" target=""_blank"">Naver Mobile</a>"
094800,맵스리얼티1,Scores not found,,,,,,,,,,,,,,,,,,,,,,,,,,"<a href=""https://m.stock.naver.com/domestic/stock/094800/total"" target=""_blank"">Naver Mobile</a>"
005389,현대차3우B,Scores not found,,,,,,,,,,,,,,,,,,,,,,,,,,"<a href=""https://m.stock.naver.com/domestic/stock/005389/total"" target=""_blank"">Naver Mobile</a>"
000157,두산2우B,Scores not found,,,,,,,,,,,,,,,,,,,,,,,,,,"<a href=""https://m.stock.naver.com/domestic/stock/000157/total"" target=""_blank"">Naver Mobile</a>"
570090,한투 KIS CD금리투자 ETN,Scores not found,,,,,,,,,,,,,,,,,,,,,,,,,,"<a href=""https://m.stock.naver.com/domestic/stock/570090/total"" target=""_blank"">Naver Mobile</a>"
520009,미래에셋 레버리지 원유선물혼합 ETN(H),Scores not found,,,,,,,,,,,,,,,,,,,,,,,,,,"<a href=""https://m.stock.naver.com/domestic/stock/520009/total"" target=""_blank"">Naver Mobile</a>"
005945,NH투자증권우,Scores not found,,,,,,,,,,,,,,,,,,,,,,,,,,"<a href=""https://m.stock.naver.com/domestic/stock/005945/total"" target=""_blank"">Naver Mobile</a>"
051905,LG생활건강우,Scores not found,,,,,,,,,,,,,,,,,,,,,,,,,,"<a href=""https://m.stock.naver.com/domestic/stock/051905/total"" target=""_blank"">Naver Mobile</a>"
530107,삼성 인버스 2X 코스닥150 선물 ETN,Scores not found,,,,,,,,,,,,,,,,,,,,,,,,,,"<a href=""https://m.stock.naver.com/domestic/stock/530107/total"" target=""_blank"">Naver Mobile</a>"
570022,한투 레버리지 S&P500 선물 ETN(H),Scores not found,,,,,,,,,,,,,,,,,,,,,,,,,,"<a href=""https://m.stock.naver.com/domestic/stock/570022/total"" target=""_blank"">Naver Mobile</a>"
006405,삼성SDI우,Scores not found,,,,,,,,,,,,,,,,,,,,,,,,,,"<a href=""https://m.stock.naver.com/domestic/stock/006405/total"" target=""_blank"">Naver Mobile</a>"
009155,삼성전기우,Scores not found,,,,,,,,,,,,,,,,,,,,,,,,,,"<a href=""https://m.stock.naver.com/domestic/stock/009155/total"" target=""_blank"">Naver Mobile</a>"
097955,CJ제일제당 우,Scores not found,,,,,,,,,,,,,,,,,,,,,,,,,,"<a href=""https://m.stock.naver.com/domestic/stock/097955/total"" target=""_blank"">Naver Mobile</a>"
001045,CJ우,Scores not found,,,,,,,,,,,,,,,,,,,,,,,,,,"<a href=""https://m.stock.naver.com/domestic/stock/001045/total"" target=""_blank"">Naver Mobile</a>"
003555,LG우,Scores not found,,,,,,,,,,,,,,,,,,,,,,,,,,"<a href=""https://m.stock.naver.com/domestic/stock/003555/total"" target=""_blank"">Naver Mobile</a>"
011785,금호석유화학우,Scores not found,,,,,,,,,,,,,,,,,,,,,,,,,,"<a href=""https://m.stock.naver.com/domestic/stock/011785/total"" target=""_blank"">Naver Mobile</a>"
500077,신한 인버스0.5X S&P500 VIX S/T선물 ETN,Scores not found,,,,,,,,,,,,,,,,,,,,,,,,,,"<a href=""https://m.stock.naver.com/domestic/stock/500077/total"" target=""_blank"">Naver Mobile</a>"
003547,대신증권2우B,Scores not found,,,,,,,,,,,,,,,,,,,,,,,,,,"<a href=""https://m.stock.naver.com/domestic/stock/003547/total"" target=""_blank"">Naver Mobile</a>"
02826K,삼성물산우B,Scores not found,,,,,,,,,,,,,,,,,,,,,,,,,,"<a href=""https://m.stock.naver.com/domestic/stock/02826K/total"" target=""_blank"">Naver Mobile</a>"
010955,S-Oil우,Scores not found,,,,,,,,,,,,,,,,,,,,,,,,,,"<a href=""https://m.stock.naver.com/domestic/stock/010955/total"" target=""_blank"">Naver Mobile</a>"
00279K,아모레퍼시픽홀딩스3우C,Scores not found,,,,,,,,,,,,,,,,,,,,,,,,,,"<a href=""https://m.stock.naver.com/domestic/stock/00279K/total"" target=""_blank"">Naver Mobile</a>"
530111,삼성 레버리지 천연가스 선물 ETN C,Scores not found,,,,,,,,,,,,,,,,,,,,,,,,,,"<a href=""https://m.stock.naver.com/domestic/stock/530111/total"" target=""_blank"">Naver Mobile</a>"
610061,메리츠 3X 레버리지 국채30년 ETN,Scores not found,,,,,,,,,,,,,,,,,,,,,,,,,,"<a href=""https://m.stock.naver.com/domestic/stock/610061/total"" target=""_blank"">Naver Mobile</a>"
570019,한투 코스피 양매도 5% OTM ETN,Scores not found,,,,,,,,,,,,,,,,,,,,,,,,,,"<a href=""https://m.stock.naver.com/domestic/stock/570019/total"" target=""_blank"">Naver Mobile</a>"
500096,신한 인버스2X 천연가스 선물 ETN B,Scores not found,,,,,,,,,,,,,,,,,,,,,,,,,,"<a href=""https://m.stock.naver.com/domestic/stock/500096/total"" target=""_blank"">Naver Mobile</a>"
500029,신한 레버리지 은 선물 ETN(H),Scores not found,,,,,,,,,,,,,,,,,,,,,,,,,,"<a href=""https://m.stock.naver.com/domestic/stock/500029/total"" target=""_blank"">Naver Mobile</a>"
570051,한투 나스닥 100 ETN,Scores not found,,,,,,,,,,,,,,,,,,,,,,,,,,"<a href=""https://m.stock.naver.com/domestic/stock/570051/total"" target=""_blank"">Naver Mobile</a>"
000105,유한양행우,Scores not found,,,,,,,,,,,,,,,,,,,,,,,,,,"<a href=""https://m.stock.naver.com/domestic/stock/000105/total"" target=""_blank"">Naver Mobile</a>"
006805,미래에셋증권우,Scores not found,,,,,,,,,,,,,,,,,,,,,,,,,,"<a href=""https://m.stock.naver.com/domestic/stock/006805/total"" target=""_blank"">Naver Mobile</a>"
570084,한투 블룸버그 인버스 2X 천연가스선물 ETN,Scores not found,,,,,,,,,,,,,,,,,,,,,,,,,,"<a href=""https://m.stock.naver.com/domestic/stock/570084/total"" target=""_blank"">Naver Mobile</a>"
700023,하나 Solactive 2X US Tech Top 10 ETN(H),Scores not found,,,,,,,,,,,,,,,,,,,,,,,,,,"<a href=""https://m.stock.naver.com/domestic/stock/700023/total"" target=""_blank"">Naver Mobile</a>"
550092,N2 월간 레버리지 방위산업 Top5 ETN,Scores not found,,,,,,,,,,,,,,,,,,,,,,,,,,"<a href=""https://m.stock.naver.com/domestic/stock/550092/total"" target=""_blank"">Naver Mobile</a>"
570050,한투 S&P500 선물 ETN,Scores not found,,,,,,,,,,,,,,,,,,,,,,,,,,"<a href=""https://m.stock.naver.com/domestic/stock/570050/total"" target=""_blank"">Naver Mobile</a>"
570082,한투 인버스 2X 코스닥150선물 ETN,Scores not found,,,,,,,,,,,,,,,,,,,,,,,,,,"<a href=""https://m.stock.naver.com/domestic/stock/570082/total"" target=""_blank"">Naver Mobile</a>"
530036,삼성 인버스 2X WTI원유 선물 ETN,Scores not found,,,,,,,,,,,,,,,,,,,,,,,,,,"<a href=""https://m.stock.naver.com/domestic/stock/530036/total"" target=""_blank"">Naver Mobile</a>"
500095,신한 S&P500 VIX S/T 선물 ETN E,Scores not found,,,,,,,,,,,,,,,,,,,,,,,,,,"<a href=""https://m.stock.naver.com/domestic/stock/500095/total"" target=""_blank"">Naver Mobile</a>"
550044,N2 레버리지 S&P500 ETN,Scores not found,,,,,,,,,,,,,,,,,,,,,,,,,,"<a href=""https://m.stock.naver.com/domestic/stock/550044/total"" target=""_blank"">Naver Mobile</a>"
500037,신한 레버리지 금 선물 ETN,Scores not found,,,,,,,,,,,,,,,,,,,,,,,,,,"<a href=""https://m.stock.naver.com/domestic/stock/500037/total"" target=""_blank"">Naver Mobile</a>"
530136,삼성 인버스 2X 천연가스 선물 ETN D,Scores not found,,,,,,,,,,,,,,,,,,,,,,,,,,"<a href=""https://m.stock.naver.com/domestic/stock/530136/total"" target=""_blank"">Naver Mobile</a>"
580015,KB 레버리지 나스닥 100 ETN,Scores not found,,,,,,,,,,,,,,,,,,,,,,,,,,"<a href=""https://m.stock.naver.com/domestic/stock/580015/total"" target=""_blank"">Naver Mobile</a>"
096775,SK이노베이션우,Scores not found,,,,,,,,,,,,,,,,,,,,,,,,,,"<a href=""https://m.stock.naver.com/domestic/stock/096775/total"" target=""_blank"">Naver Mobile</a>"
03473K,SK우,Scores not found,,,,,,,,,,,,,,,,,,,,,,,,,,"<a href=""https://m.stock.naver.com/domestic/stock/03473K/total"" target=""_blank"">Naver Mobile</a>"
520057,미래에셋 인버스 2X 코스닥150 선물 ETN,Scores not found,,,,,,,,,,,,,,,,,,,,,,,,,,"<a href=""https://m.stock.naver.com/domestic/stock/520057/total"" target=""_blank"">Naver Mobile</a>"
500015,신한 WTI원유 선물 ETN(H),Scores not found,,,,,,,,,,,,,,,,,,,,,,,,,,"<a href=""https://m.stock.naver.com/domestic/stock/500015/total"" target=""_blank"">Naver Mobile</a>"
520054,미래에셋 레버리지 코스피200 선물 ETN,Scores not found,,,,,,,,,,,,,,,,,,,,,,,,,,"<a href=""https://m.stock.naver.com/domestic/stock/520054/total"" target=""_blank"">Naver Mobile</a>"
500050,신한 레버리지 S&P500 선물 ETN,Scores not found,,,,,,,,,,,,,,,,,,,,,,,,,,"<a href=""https://m.stock.naver.com/domestic/stock/500050/total"" target=""_blank"">Naver Mobile</a>"
33626K,두산퓨얼셀1우,Scores not found,,,,,,,,,,,,,,,,,,,,,,,,,,"<a href=""https://m.stock.naver.com/domestic/stock/33626K/total"" target=""_blank"">Naver Mobile</a>"
580016,KB 레버리지 S&P 500 선물 ETN(H),Scores not found,,,,,,,,,,,,,,,,,,,,,,,,,,"<a href=""https://m.stock.naver.com/domestic/stock/580016/total"" target=""_blank"">Naver Mobile</a>"
078935,GS우,Scores not found,,,,,,,,,,,,,,,,,,,,,,,,,,"<a href=""https://m.stock.naver.com/domestic/stock/078935/total"" target=""_blank"">Naver Mobile</a>"
003925,남양유업우,Scores not found,,,,,,,,,,,,,,,,,,,,,,,,,,"<a href=""https://m.stock.naver.com/domestic/stock/003925/total"" target=""_blank"">Naver Mobile</a>"
002795,아모레퍼시픽홀딩스우,Scores not found,,,,,,,,,,,,,,,,,,,,,,,,,,"<a href=""https://m.stock.naver.com/domestic/stock/002795/total"" target=""_blank"">Naver Mobile</a>"
001275,부국증권우,Scores not found,,,,,,,,,,,,,,,,,,,,,,,,,,"<a href=""https://m.stock.naver.com/domestic/stock/001275/total"" target=""_blank"">Naver Mobile</a>"
580046,KB 블룸버그 인버스2X 천연가스선물 ETN(H),Scores not found,,,,,,,,,,,,,,,,,,,,,,,,,,"<a href=""https://m.stock.naver.com/domestic/stock/580046/total"" target=""_blank"">Naver Mobile</a>"
530055,삼성 레버리지 금 선물 ETN(H),Scores not found,,,,,,,,,,,,,,,,,,,,,,,,,,"<a href=""https://m.stock.naver.com/domestic/stock/530055/total"" target=""_blank"">Naver Mobile</a>"
530019,삼성 미국 대형 성장주 ETN,Scores not found,,,,,,,,,,,,,,,,,,,,,,,,,,"<a href=""https://m.stock.naver.com/domestic/stock/530019/total"" target=""_blank"">Naver Mobile</a>"
570103,한투 인버스2X 나스닥100 ETN B,Scores not found,,,,,,,,,,,,,,,,,,,,,,,,,,"<a href=""https://m.stock.naver.com/domestic/stock/570103/total"" target=""_blank"">Naver Mobile</a>"
500071,신한 레버리지 코스닥 150 선물 ETN,Scores not found,,,,,,,,,,,,,,,,,,,,,,,,,,"<a href=""https://m.stock.naver.com/domestic/stock/500071/total"" target=""_blank"">Naver Mobile</a>"
580010,KB Wise 분할매매 ETN,Scores not found,,,,,,,,,,,,,,,,,,,,,,,,,,"<a href=""https://m.stock.naver.com/domestic/stock/580010/total"" target=""_blank"">Naver Mobile</a>"
37550L,DL이앤씨2우(전환),Scores not found,,,,,,,,,,,,,,,,,,,,,,,,,,"<a href=""https://m.stock.naver.com/domestic/stock/37550L/total"" target=""_blank"">Naver Mobile</a>"
610066,메리츠 KAP 통안채 3개월 ETN,Scores not found,,,,,,,,,,,,,,,,,,,,,,,,,,"<a href=""https://m.stock.naver.com/domestic/stock/610066/total"" target=""_blank"">Naver Mobile</a>"
530061,삼성 레버리지 은 선물 ETN(H),Scores not found,,,,,,,,,,,,,,,,,,,,,,,,,,"<a href=""https://m.stock.naver.com/domestic/stock/530061/total"" target=""_blank"">Naver Mobile</a>"
120115,코오롱인더우,Scores not found,,,,,,,,,,,,,,,,,,,,,,,,,,"<a href=""https://m.stock.naver.com/domestic/stock/120115/total"" target=""_blank"">Naver Mobile</a>"
760016,키움 레버리지 조선TOP10 ETN,Scores not found,,,,,,,,,,,,,,,,,,,,,,,,,,"<a href=""https://m.stock.naver.com/domestic/stock/760016/total"" target=""_blank"">Naver Mobile</a>"
009835,한화솔루션우,Scores not found,,,,,,,,,,,,,,,,,,,,,,,,,,"<a href=""https://m.stock.naver.com/domestic/stock/009835/total"" target=""_blank"">Naver Mobile</a>"
500082,신한 블룸버그 2X 천연가스 선물 ETN,Scores not found,,,,,,,,,,,,,,,,,,,,,,,,,,"<a href=""https://m.stock.naver.com/domestic/stock/500082/total"" target=""_blank"">Naver Mobile</a>"
550091,N2 방위산업 Top5 ETN,Scores not found,,,,,,,,,,,,,,,,,,,,,,,,,,"<a href=""https://m.stock.naver.com/domestic/stock/550091/total"" target=""_blank"">Naver Mobile</a>"
000725,현대건설우,Scores not found,,,,,,,,,,,,,,,,,,,,,,,,,,"<a href=""https://m.stock.naver.com/domestic/stock/000725/total"" target=""_blank"">Naver Mobile</a>"
760018,키움 미국달러선물 ETN B,Scores not found,,,,,,,,,,,,,,,,,,,,,,,,,,"<a href=""https://m.stock.naver.com/domestic/stock/760018/total"" target=""_blank"">Naver Mobile</a>"
570059,한투 레버리지 금 선물 ETN,Scores not found,,,,,,,,,,,,,,,,,,,,,,,,,,"<a href=""https://m.stock.naver.com/domestic/stock/570059/total"" target=""_blank"">Naver Mobile</a>"
520070,미래에셋 0.5X 코스피200 선물 ETN,Scores not found,,,,,,,,,,,,,,,,,,,,,,,,,,"<a href=""https://m.stock.naver.com/domestic/stock/520070/total"" target=""_blank"">Naver Mobile</a>"
580021,KB 인버스 천연가스 선물 ETN,Scores not found,,,,,,,,,,,,,,,,,,,,,,,,,,"<a href=""https://m.stock.naver.com/domestic/stock/580021/total"" target=""_blank"">Naver Mobile</a>"
530015,삼성 미국 대형 성장주 ETN(H),Scores not found,,,,,,,,,,,,,,,,,,,,,,,,,,"<a href=""https://m.stock.naver.com/domestic/stock/530015/total"" target=""_blank"">Naver Mobile</a>"
005305,롯데칠성우,Scores not found,,,,,,,,,,,,,,,,,,,,,,,,,,"<a href=""https://m.stock.naver.com/domestic/stock/005305/total"" target=""_blank"">Naver Mobile</a>"
28513K,SK케미칼우,Scores not found,,,,,,,,,,,,,,,,,,,,,,,,,,"<a href=""https://m.stock.naver.com/domestic/stock/28513K/total"" target=""_blank"">Naver Mobile</a>"
530130,삼성 S&P500 VIX S/T 선물 ETN B,Scores not found,,,,,,,,,,,,,,,,,,,,,,,,,,"<a href=""https://m.stock.naver.com/domestic/stock/530130/total"" target=""_blank"">Naver Mobile</a>"
500072,신한 인버스 2X 코스닥 150 선물 ETN,Scores not found,,,,,,,,,,,,,,,,,,,,,,,,,,"<a href=""https://m.stock.naver.com/domestic/stock/500072/total"" target=""_blank"">Naver Mobile</a>"
001465,BYC우,Scores not found,,,,,,,,,,,,,,,,,,,,,,,,,,"<a href=""https://m.stock.naver.com/domestic/stock/001465/total"" target=""_blank"">Naver Mobile</a>"
520056,미래에셋 레버리지 코스닥150 선물 ETN,Scores not found,,,,,,,,,,,,,,,,,,,,,,,,,,"<a href=""https://m.stock.naver.com/domestic/stock/520056/total"" target=""_blank"">Naver Mobile</a>"
700022,하나 Solactive US Tech Top 10 ETN(H),Scores not found,,,,,,,,,,,,,,,,,,,,,,,,,,"<a href=""https://m.stock.naver.com/domestic/stock/700022/total"" target=""_blank"">Naver Mobile</a>"
570106,한투 레버리지일본니케이225선물 ETN(H),Scores not found,,,,,,,,,,,,,,,,,,,,,,,,,,"<a href=""https://m.stock.naver.com/domestic/stock/570106/total"" target=""_blank"">Naver Mobile</a>"
520071,미래에셋 0.5X 코스닥150 선물 ETN,Scores not found,,,,,,,,,,,,,,,,,,,,,,,,,,"<a href=""https://m.stock.naver.com/domestic/stock/520071/total"" target=""_blank"">Naver Mobile</a>"
520066,미래에셋 KRX금현물 Auto-KO-C 2810-01 ETN,Scores not found,,,,,,,,,,,,,,,,,,,,,,,,,,"<a href=""https://m.stock.naver.com/domestic/stock/520066/total"" target=""_blank"">Naver Mobile</a>"
610037,메리츠 미국채30년 ETN(H),Scores not found,,,,,,,,,,,,,,,,,,,,,,,,,,"<a href=""https://m.stock.naver.com/domestic/stock/610037/total"" target=""_blank"">Naver Mobile</a>"
610078,메리츠 3X 레버리지 미국채30년 ETN,Scores not found,,,,,,,,,,,,,,,,,,,,,,,,,,"<a href=""https://m.stock.naver.com/domestic/stock/610078/total"" target=""_blank"">Naver Mobile</a>"
570116,한투 블룸버그레버리지WTI원유선물 ETN B,Scores not found,,,,,,,,,,,,,,,,,,,,,,,,,,"<a href=""https://m.stock.naver.com/domestic/stock/570116/total"" target=""_blank"">Naver Mobile</a>"
530067,삼성 KRX 금현물 ETN,Scores not found,,,,,,,,,,,,,,,,,,,,,,,,,,"<a href=""https://m.stock.naver.com/domestic/stock/530067/total"" target=""_blank"">Naver Mobile</a>"
760007,키움 코스피 200 TR ETN,Scores not found,,,,,,,,,,,,,,,,,,,,,,,,,,"<a href=""https://m.stock.naver.com/domestic/stock/760007/total"" target=""_blank"">Naver Mobile</a>"
520089,미래에셋 CAPE 실러 US Core Sector ETN,Scores not found,,,,,,,,,,,,,,,,,,,,,,,,,,"<a href=""https://m.stock.naver.com/domestic/stock/520089/total"" target=""_blank"">Naver Mobile</a>"
530134,삼성 블룸버그 인버스2X WTI원유선물 ETN B,Scores not found,,,,,,,,,,,,,,,,,,,,,,,,,,"<a href=""https://m.stock.naver.com/domestic/stock/530134/total"" target=""_blank"">Naver Mobile</a>"
530131,삼성 인버스0.5X S&P500 VIX S/T선물 ETN B,Scores not found,,,,,,,,,,,,,,,,,,,,,,,,,,"<a href=""https://m.stock.naver.com/domestic/stock/530131/total"" target=""_blank"">Naver Mobile</a>"
530020,삼성 미국 대형 가치주 ETN,Scores not found,,,,,,,,,,,,,,,,,,,,,,,,,,"<a href=""https://m.stock.naver.com/domestic/stock/530020/total"" target=""_blank"">Naver Mobile</a>"
550062,N2 레버리지 금 선물 ETN(H),Scores not found,,,,,,,,,,,,,,,,,,,,,,,,,,"<a href=""https://m.stock.naver.com/domestic/stock/550062/total"" target=""_blank"">Naver Mobile</a>"
500020,신한 레버리지 다우존스지수 선물 ETN(H),Scores not found,,,,,,,,,,,,,,,,,,,,,,,,,,"<a href=""https://m.stock.naver.com/domestic/stock/500020/total"" target=""_blank"">Naver Mobile</a>"
610012,메리츠 레버리지 금 선물 ETN(H),Scores not found,,,,,,,,,,,,,,,,,,,,,,,,,,"<a href=""https://m.stock.naver.com/domestic/stock/610012/total"" target=""_blank"">Naver Mobile</a>"
006125,SK디스커버리우,Scores not found,,,,,,,,,,,,,,,,,,,,,,,,,,"<a href=""https://m.stock.naver.com/domestic/stock/006125/total"" target=""_blank"">Naver Mobile</a>"
500016,신한 금 선물 ETN(H),Scores not found,,,,,,,,,,,,,,,,,,,,,,,,,,"<a href=""https://m.stock.naver.com/domestic/stock/500016/total"" target=""_blank"">Naver Mobile</a>"
003465,유화증권우,Scores not found,,,,,,,,,,,,,,,,,,,,,,,,,,"<a href=""https://m.stock.naver.com/domestic/stock/003465/total"" target=""_blank"">Naver Mobile</a>"
520080,미래에셋 미국 테크&반도체 TOP3 ETN,Scores not found,,,,,,,,,,,,,,,,,,,,,,,,,,"<a href=""https://m.stock.naver.com/domestic/stock/520080/total"" target=""_blank"">Naver Mobile</a>"
37550K,DL이앤씨우,Scores not found,,,,,,,,,,,,,,,,,,,,,,,,,,"<a href=""https://m.stock.naver.com/domestic/stock/37550K/total"" target=""_blank"">Naver Mobile</a>"
610007,메리츠 국채30년 ETN,Scores not found,,,,,,,,,,,,,,,,,,,,,,,,,,"<a href=""https://m.stock.naver.com/domestic/stock/610007/total"" target=""_blank"">Naver Mobile</a>"
520072,미래에셋 미국 AI TOP3 ETN,Scores not found,,,,,,,,,,,,,,,,,,,,,,,,,,"<a href=""https://m.stock.naver.com/domestic/stock/520072/total"" target=""_blank"">Naver Mobile</a>"
019175,신풍제약우,Scores not found,,,,,,,,,,,,,,,,,,,,,,,,,,"<a href=""https://m.stock.naver.com/domestic/stock/019175/total"" target=""_blank"">Naver Mobile</a>"
520091,미래에셋 인버스 천연가스 선물 ETN B,Scores not found,,,,,,,,,,,,,,,,,,,,,,,,,,"<a href=""https://m.stock.naver.com/domestic/stock/520091/total"" target=""_blank"">Naver Mobile</a>"
610038,메리츠 레버리지 미국채30년 ETN(H),Scores not found,,,,,,,,,,,,,,,,,,,,,,,,,,"<a href=""https://m.stock.naver.com/domestic/stock/610038/total"" target=""_blank"">Naver Mobile</a>"
530115,삼성 레버리지 나스닥 100 ETN,Scores not found,,,,,,,,,,,,,,,,,,,,,,,,,,"<a href=""https://m.stock.naver.com/domestic/stock/530115/total"" target=""_blank"">Naver Mobile</a>"
003475,유안타증권우,Scores not found,,,,,,,,,,,,,,,,,,,,,,,,,,"<a href=""https://m.stock.naver.com/domestic/stock/003475/total"" target=""_blank"">Naver Mobile</a>"
520086,미래에셋-0.5X S&P500 VIX S/T선물 ETN(H)B,Scores not found,,,,,,,,,,,,,,,,,,,,,,,,,,"<a href=""https://m.stock.naver.com/domestic/stock/520086/total"" target=""_blank"">Naver Mobile</a>"
520087,미래에셋 레버리지 KRX 금현물 ETN,Scores not found,,,,,,,,,,,,,,,,,,,,,,,,,,"<a href=""https://m.stock.naver.com/domestic/stock/520087/total"" target=""_blank"">Naver Mobile</a>"
520077,미래에셋 -1.5X 천연가스 선물 ETN,Scores not found,,,,,,,,,,,,,,,,,,,,,,,,,,"<a href=""https://m.stock.naver.com/domestic/stock/520077/total"" target=""_blank"">Naver Mobile</a>"
000215,DL우,Scores not found,,,,,,,,,,,,,,,,,,,,,,,,,,"<a href=""https://m.stock.naver.com/domestic/stock/000215/total"" target=""_blank"">Naver Mobile</a>"
570093,한투 레버리지 천연가스 선물 ETN B,Scores not found,,,,,,,,,,,,,,,,,,,,,,,,,,"<a href=""https://m.stock.naver.com/domestic/stock/570093/total"" target=""_blank"">Naver Mobile</a>"
520081,미래에셋 2X 미국 테크&반도체 TOP3 ETN,Scores not found,,,,,,,,,,,,,,,,,,,,,,,,,,"<a href=""https://m.stock.naver.com/domestic/stock/520081/total"" target=""_blank"">Naver Mobile</a>"
580020,KB 천연가스 선물 ETN(H),Scores not found,,,,,,,,,,,,,,,,,,,,,,,,,,"<a href=""https://m.stock.naver.com/domestic/stock/580020/total"" target=""_blank"">Naver Mobile</a>"
530016,삼성 미국 대형 가치주 ETN(H),Scores not found,,,,,,,,,,,,,,,,,,,,,,,,,,"<a href=""https://m.stock.naver.com/domestic/stock/530016/total"" target=""_blank"">Naver Mobile</a>"
570029,한투 코스피 양매도 3% OTM ETN,Scores not found,,,,,,,,,,,,,,,,,,,,,,,,,,"<a href=""https://m.stock.naver.com/domestic/stock/570029/total"" target=""_blank"">Naver Mobile</a>"
500018,신한 구리 선물 ETN(H),Scores not found,,,,,,,,,,,,,,,,,,,,,,,,,,"<a href=""https://m.stock.naver.com/domestic/stock/500018/total"" target=""_blank"">Naver Mobile</a>"
530113,삼성 레버리지 S&P500 선물 ETN,Scores not found,,,,,,,,,,,,,,,,,,,,,,,,,,"<a href=""https://m.stock.naver.com/domestic/stock/530113/total"" target=""_blank"">Naver Mobile</a>"
530104,삼성 레버리지 코스피200 선물 ETN,Scores not found,,,,,,,,,,,,,,,,,,,,,,,,,,"<a href=""https://m.stock.naver.com/domestic/stock/530104/total"" target=""_blank"">Naver Mobile</a>"
520068,미래에셋 2X 홍콩H 선물 ETN,Scores not found,,,,,,,,,,,,,,,,,,,,,,,,,,"<a href=""https://m.stock.naver.com/domestic/stock/520068/total"" target=""_blank"">Naver Mobile</a>"
500069,신한 레버리지 코스피 200 선물 ETN,Scores not found,,,,,,,,,,,,,,,,,,,,,,,,,,"<a href=""https://m.stock.naver.com/domestic/stock/500069/total"" target=""_blank"">Naver Mobile</a>"
530116,삼성 인버스 2X 나스닥 100 ETN,Scores not found,,,,,,,,,,,,,,,,,,,,,,,,,,"<a href=""https://m.stock.naver.com/domestic/stock/530116/total"" target=""_blank"">Naver Mobile</a>"
520074,미래에셋 미국 방위산업 TOP3 ETN,Scores not found,,,,,,,,,,,,,,,,,,,,,,,,,,"<a href=""https://m.stock.naver.com/domestic/stock/520074/total"" target=""_blank"">Naver Mobile</a>"
500017,신한 은 선물 ETN(H),Scores not found,,,,,,,,,,,,,,,,,,,,,,,,,,"<a href=""https://m.stock.naver.com/domestic/stock/500017/total"" target=""_blank"">Naver Mobile</a>"
520073,미래에셋 레버리지 미국 AI TOP3 ETN,Scores not found,,,,,,,,,,,,,,,,,,,,,,,,,,"<a href=""https://m.stock.naver.com/domestic/stock/520073/total"" target=""_blank"">Naver Mobile</a>"
530023,삼성 레버리지 China A50 선물 ETN(H),Scores not found,,,,,,,,,,,,,,,,,,,,,,,,,,"<a href=""https://m.stock.naver.com/domestic/stock/530023/total"" target=""_blank"">Naver Mobile</a>"
500027,신한 인버스 2X WTI원유 선물 ETN(H),Scores not found,,,,,,,,,,,,,,,,,,,,,,,,,,"<a href=""https://m.stock.naver.com/domestic/stock/500027/total"" target=""_blank"">Naver Mobile</a>"
520090,미래에셋 천연가스 선물 ETN B,Scores not found,,,,,,,,,,,,,,,,,,,,,,,,,,"<a href=""https://m.stock.naver.com/domestic/stock/520090/total"" target=""_blank"">Naver Mobile</a>"
530119,삼성 레버리지 항셍테크 ETN(H) B,Scores not found,,,,,,,,,,,,,,,,,,,,,,,,,,"<a href=""https://m.stock.naver.com/domestic/stock/530119/total"" target=""_blank"">Naver Mobile</a>"
580034,KB 레버리지 FANG 플러스 ETN(H),Scores not found,,,,,,,,,,,,,,,,,,,,,,,,,,"<a href=""https://m.stock.naver.com/domestic/stock/580034/total"" target=""_blank"">Naver Mobile</a>"
550041,N2 미국 IT TOP5 ETN(H),Scores not found,,,,,,,,,,,,,,,,,,,,,,,,,,"<a href=""https://m.stock.naver.com/domestic/stock/550041/total"" target=""_blank"">Naver Mobile</a>"
003535,한화투자증권우,Scores not found,,,,,,,,,,,,,,,,,,,,,,,,,,"<a href=""https://m.stock.naver.com/domestic/stock/003535/total"" target=""_blank"">Naver Mobile</a>"
530014,삼성 China A50 선물 ETN(H),Scores not found,,,,,,,,,,,,,,,,,,,,,,,,,,"<a href=""https://m.stock.naver.com/domestic/stock/530014/total"" target=""_blank"">Naver Mobile</a>"
700028,하나 레버리지 반도체 ETN,Scores not found,,,,,,,,,,,,,,,,,,,,,,,,,,"<a href=""https://m.stock.naver.com/domestic/stock/700028/total"" target=""_blank"">Naver Mobile</a>"
550093,N2 전력인프라 Top5 ETN,Scores not found,,,,,,,,,,,,,,,,,,,,,,,,,,"<a href=""https://m.stock.naver.com/domestic/stock/550093/total"" target=""_blank"">Naver Mobile</a>"
004365,세방우,Scores not found,,,,,,,,,,,,,,,,,,,,,,,,,,"<a href=""https://m.stock.naver.com/domestic/stock/004365/total"" target=""_blank"">Naver Mobile</a>"
580056,KB 일본 로보틱스 TOP 10 ETN,Scores not found,,,,,,,,,,,,,,,,,,,,,,,,,,"<a href=""https://m.stock.naver.com/domestic/stock/580056/total"" target=""_blank"">Naver Mobile</a>"
570107,한투 인버스2X일본니케이225선물 ETN(H),Scores not found,,,,,,,,,,,,,,,,,,,,,,,,,,"<a href=""https://m.stock.naver.com/domestic/stock/570107/total"" target=""_blank"">Naver Mobile</a>"
008775,호텔신라우,Scores not found,,,,,,,,,,,,,,,,,,,,,,,,,,"<a href=""https://m.stock.naver.com/domestic/stock/008775/total"" target=""_blank"">Naver Mobile</a>"
520088,미래에셋 S&P500 VIX S/T 선물 ETN(H),Scores not found,,,,,,,,,,,,,,,,,,,,,,,,,,"<a href=""https://m.stock.naver.com/domestic/stock/520088/total"" target=""_blank"">Naver Mobile</a>"
570104,한투 일본니케이225선물 ETN(H),Scores not found,,,,,,,,,,,,,,,,,,,,,,,,,,"<a href=""https://m.stock.naver.com/domestic/stock/570104/total"" target=""_blank"">Naver Mobile</a>"
610075,메리츠 3X 레버리지 미국채10년 ETN,Scores not found,,,,,,,,,,,,,,,,,,,,,,,,,,"<a href=""https://m.stock.naver.com/domestic/stock/610075/total"" target=""_blank"">Naver Mobile</a>"
610064,메리츠 KAP 통안채 6개월 ETN,Scores not found,,,,,,,,,,,,,,,,,,,,,,,,,,"<a href=""https://m.stock.naver.com/domestic/stock/610064/total"" target=""_blank"">Naver Mobile</a>"
520047,미래에셋 인버스 2X 옥수수 선물 ETN,Scores not found,,,,,,,,,,,,,,,,,,,,,,,,,,"<a href=""https://m.stock.naver.com/domestic/stock/520047/total"" target=""_blank"">Naver Mobile</a>"
520082,미래에셋 미국 자율주행대표기업 ETN,Scores not found,,,,,,,,,,,,,,,,,,,,,,,,,,"<a href=""https://m.stock.naver.com/domestic/stock/520082/total"" target=""_blank"">Naver Mobile</a>"
33626L,두산퓨얼셀2우B,Scores not found,,,,,,,,,,,,,,,,,,,,,,,,,,"<a href=""https://m.stock.naver.com/domestic/stock/33626L/total"" target=""_blank"">Naver Mobile</a>"
500035,신한 레버리지 미국달러 선물 ETN,Scores not found,,,,,,,,,,,,,,,,,,,,,,,,,,"<a href=""https://m.stock.naver.com/domestic/stock/500035/total"" target=""_blank"">Naver Mobile</a>"
570061,한투 레버리지 은 선물 ETN,Scores not found,,,,,,,,,,,,,,,,,,,,,,,,,,"<a href=""https://m.stock.naver.com/domestic/stock/570061/total"" target=""_blank"">Naver Mobile</a>"
33637K,솔루스첨단소재1우,Scores not found,,,,,,,,,,,,,,,,,,,,,,,,,,"<a href=""https://m.stock.naver.com/domestic/stock/33637K/total"" target=""_blank"">Naver Mobile</a>"
530140,삼성 iSelect 레버리지 조선 TOP10 TR ETN,Scores not found,,,,,,,,,,,,,,,,,,,,,,,,,,"<a href=""https://m.stock.naver.com/domestic/stock/530140/total"" target=""_blank"">Naver Mobile</a>"
700020,하나 블룸버그 -2X 천연가스 선물 ETN(H),Scores not found,,,,,,,,,,,,,,,,,,,,,,,,,,"<a href=""https://m.stock.naver.com/domestic/stock/700020/total"" target=""_blank"">Naver Mobile</a>"
610054,메리츠 블룸버그 -2X 천연가스 선물 ETN(H),Scores not found,,,,,,,,,,,,,,,,,,,,,,,,,,"<a href=""https://m.stock.naver.com/domestic/stock/610054/total"" target=""_blank"">Naver Mobile</a>"
610069,메리츠 KAP 레버리지 일본 엔화 ETN,Scores not found,,,,,,,,,,,,,,,,,,,,,,,,,,"<a href=""https://m.stock.naver.com/domestic/stock/610069/total"" target=""_blank"">Naver Mobile</a>"
760005,키움 INDXX 미국테크탑10 ETN,Scores not found,,,,,,,,,,,,,,,,,,,,,,,,,,"<a href=""https://m.stock.naver.com/domestic/stock/760005/total"" target=""_blank"">Naver Mobile</a>"
530118,삼성 코스닥 150 TR ETN,Scores not found,,,,,,,,,,,,,,,,,,,,,,,,,,"<a href=""https://m.stock.naver.com/domestic/stock/530118/total"" target=""_blank"">Naver Mobile</a>"
520075,미래에셋 레버리지 미국 방위산업 TOP3 ETN,Scores not found,,,,,,,,,,,,,,,,,,,,,,,,,,"<a href=""https://m.stock.naver.com/domestic/stock/520075/total"" target=""_blank"">Naver Mobile</a>"
510029,대신 S&P 인버스 2X 천연가스 선물 ETN,Scores not found,,,,,,,,,,,,,,,,,,,,,,,,,,"<a href=""https://m.stock.naver.com/domestic/stock/510029/total"" target=""_blank"">Naver Mobile</a>"
700017,하나 레버리지 코스닥150 선물 ETN,Scores not found,,,,,,,,,,,,,,,,,,,,,,,,,,"<a href=""https://m.stock.naver.com/domestic/stock/700017/total"" target=""_blank"">Naver Mobile</a>"
610008,메리츠 레버리지 국채30년 ETN,Scores not found,,,,,,,,,,,,,,,,,,,,,,,,,,"<a href=""https://m.stock.naver.com/domestic/stock/610008/total"" target=""_blank"">Naver Mobile</a>"
610036,메리츠 인버스 2X 대표 농산물 선물 ETN(H),Scores not found,,,,,,,,,,,,,,,,,,,,,,,,,,"<a href=""https://m.stock.naver.com/domestic/stock/610036/total"" target=""_blank"">Naver Mobile</a>"
700012,하나 인버스 2X 옥수수 선물 ETN(H),Scores not found,,,,,,,,,,,,,,,,,,,,,,,,,,"<a href=""https://m.stock.naver.com/domestic/stock/700012/total"" target=""_blank"">Naver Mobile</a>"
570081,한투 레버리지 코스닥150선물 ETN,Scores not found,,,,,,,,,,,,,,,,,,,,,,,,,,"<a href=""https://m.stock.naver.com/domestic/stock/570081/total"" target=""_blank"">Naver Mobile</a>"
520065,미래에셋 -2X 미국채울트라30년 선물 ETN,Scores not found,,,,,,,,,,,,,,,,,,,,,,,,,,"<a href=""https://m.stock.naver.com/domestic/stock/520065/total"" target=""_blank"">Naver Mobile</a>"
530106,삼성 레버리지 코스닥150 선물 ETN,Scores not found,,,,,,,,,,,,,,,,,,,,,,,,,,"<a href=""https://m.stock.naver.com/domestic/stock/530106/total"" target=""_blank"">Naver Mobile</a>"
580057,KB 일본 컨슈머 TOP 10 ETN,Scores not found,,,,,,,,,,,,,,,,,,,,,,,,,,"<a href=""https://m.stock.naver.com/domestic/stock/580057/total"" target=""_blank"">Naver Mobile</a>"
003495,대한항공우,Scores not found,,,,,,,,,,,,,,,,,,,,,,,,,,"<a href=""https://m.stock.naver.com/domestic/stock/003495/total"" target=""_blank"">Naver Mobile</a>"
570069,한투 레버리지 플래티넘 선물 ETN,Scores not found,,,,,,,,,,,,,,,,,,,,,,,,,,"<a href=""https://m.stock.naver.com/domestic/stock/570069/total"" target=""_blank"">Naver Mobile</a>"
550089,N2 월간 레버리지 코스피 200 선물 ETN,Scores not found,,,,,,,,,,,,,,,,,,,,,,,,,,"<a href=""https://m.stock.naver.com/domestic/stock/550089/total"" target=""_blank"">Naver Mobile</a>"
520078,미래에셋 미국 제약 TOP3 ETN,Scores not found,,,,,,,,,,,,,,,,,,,,,,,,,,"<a href=""https://m.stock.naver.com/domestic/stock/520078/total"" target=""_blank"">Naver Mobile</a>"
610088,메리츠 솔랙티브 2X WTI원유 선물 ETN(H),Scores not found,,,,,,,,,,,,,,,,,,,,,,,,,,"<a href=""https://m.stock.naver.com/domestic/stock/610088/total"" target=""_blank"">Naver Mobile</a>"
500093,신한 블룸버그 레버리지 WTI원유선물 ETN B,Scores not found,,,,,,,,,,,,,,,,,,,,,,,,,,"<a href=""https://m.stock.naver.com/domestic/stock/500093/total"" target=""_blank"">Naver Mobile</a>"
550084,N2 코스피 200 TR ETN,Scores not found,,,,,,,,,,,,,,,,,,,,,,,,,,"<a href=""https://m.stock.naver.com/domestic/stock/550084/total"" target=""_blank"">Naver Mobile</a>"
580068,KB S&P 레버리지 WTI원유 선물 ETN B,Scores not found,,,,,,,,,,,,,,,,,,,,,,,,,,"<a href=""https://m.stock.naver.com/domestic/stock/580068/total"" target=""_blank"">Naver Mobile</a>"
700029,하나 S&P 레버리지 WTI원유 선물 ETN B,Scores not found,,,,,,,,,,,,,,,,,,,,,,,,,,"<a href=""https://m.stock.naver.com/domestic/stock/700029/total"" target=""_blank"">Naver Mobile</a>"
530133,삼성 블룸버그 레버리지 WTI원유선물 ETN B,Scores not found,,,,,,,,,,,,,,,,,,,,,,,,,,"<a href=""https://m.stock.naver.com/domestic/stock/530133/total"" target=""_blank"">Naver Mobile</a>"
570105,한투 인버스일본니케이225선물 ETN(H),Scores not found,,,,,,,,,,,,,,,,,,,,,,,,,,"<a href=""https://m.stock.naver.com/domestic/stock/570105/total"" target=""_blank"">Naver Mobile</a>"
570117,한투 블룸버그인버스2XWTI원유선물 ETN B,Scores not found,,,,,,,,,,,,,,,,,,,,,,,,,,"<a href=""https://m.stock.naver.com/domestic/stock/570117/total"" target=""_blank"">Naver Mobile</a>"
610016,메리츠 레버리지 은 선물 ETN(H),Scores not found,,,,,,,,,,,,,,,,,,,,,,,,,,"<a href=""https://m.stock.naver.com/domestic/stock/610016/total"" target=""_blank"">Naver Mobile</a>"
550064,N2 레버리지 은 선물 ETN(H),Scores not found,,,,,,,,,,,,,,,,,,,,,,,,,,"<a href=""https://m.stock.naver.com/domestic/stock/550064/total"" target=""_blank"">Naver Mobile</a>"
520076,미래에셋 1.5X 천연가스 선물 ETN,Scores not found,,,,,,,,,,,,,,,,,,,,,,,,,,"<a href=""https://m.stock.naver.com/domestic/stock/520076/total"" target=""_blank"">Naver Mobile</a>"
610022,메리츠 미국채10년 ETN(H),Scores not found,,,,,,,,,,,,,,,,,,,,,,,,,,"<a href=""https://m.stock.naver.com/domestic/stock/610022/total"" target=""_blank"">Naver Mobile</a>"
019685,대교우B,Scores not found,,,,,,,,,,,,,,,,,,,,,,,,,,"<a href=""https://m.stock.naver.com/domestic/stock/019685/total"" target=""_blank"">Naver Mobile</a>"
530126,삼성 코리아 밸류업 TR ETN,Scores not found,,,,,,,,,,,,,,,,,,,,,,,,,,"<a href=""https://m.stock.naver.com/domestic/stock/530126/total"" target=""_blank"">Naver Mobile</a>"
610001,메리츠 인플레이션 국채 ETN,Scores not found,,,,,,,,,,,,,,,,,,,,,,,,,,"<a href=""https://m.stock.naver.com/domestic/stock/610001/total"" target=""_blank"">Naver Mobile</a>"
00499K,롯데지주우,Scores not found,,,,,,,,,,,,,,,,,,,,,,,,,,"<a href=""https://m.stock.naver.com/domestic/stock/00499K/total"" target=""_blank"">Naver Mobile</a>"
570102,한투 레버리지 나스닥100 ETN B,Scores not found,,,,,,,,,,,,,,,,,,,,,,,,,,"<a href=""https://m.stock.naver.com/domestic/stock/570102/total"" target=""_blank"">Naver Mobile</a>"
610085,메리츠 레버리지 미국채30년 스트립 ETN(H),Scores not found,,,,,,,,,,,,,,,,,,,,,,,,,,"<a href=""https://m.stock.naver.com/domestic/stock/610085/total"" target=""_blank"">Naver Mobile</a>"
002025,코오롱우,Scores not found,,,,,,,,,,,,,,,,,,,,,,,,,,"<a href=""https://m.stock.naver.com/domestic/stock/002025/total"" target=""_blank"">Naver Mobile</a>"
530064,삼성 인버스 2X 구리 선물 ETN(H),Scores not found,,,,,,,,,,,,,,,,,,,,,,,,,,"<a href=""https://m.stock.naver.com/domestic/stock/530064/total"" target=""_blank"">Naver Mobile</a>"
580022,KB 레버리지 금 선물 ETN(H),Scores not found,,,,,,,,,,,,,,,,,,,,,,,,,,"<a href=""https://m.stock.naver.com/domestic/stock/580022/total"" target=""_blank"">Naver Mobile</a>"
005257,녹십자홀딩스2우,Scores not found,,,,,,,,,,,,,,,,,,,,,,,,,,"<a href=""https://m.stock.naver.com/domestic/stock/005257/total"" target=""_blank"">Naver Mobile</a>"
520050,미래에셋 인버스 2X 원유선물혼합 ETN(H),Scores not found,,,,,,,,,,,,,,,,,,,,,,,,,,"<a href=""https://m.stock.naver.com/domestic/stock/520050/total"" target=""_blank"">Naver Mobile</a>"
580067,KB 인디아 디지털 Select 5 ETN,Scores not found,,,,,,,,,,,,,,,,,,,,,,,,,,"<a href=""https://m.stock.naver.com/domestic/stock/580067/total"" target=""_blank"">Naver Mobile</a>"
530105,삼성 인버스 2X 코스피200 선물 ETN,Scores not found,,,,,,,,,,,,,,,,,,,,,,,,,,"<a href=""https://m.stock.naver.com/domestic/stock/530105/total"" target=""_blank"">Naver Mobile</a>"
550086,N2 미국달러 SOFR금리 플러스 ETN,Scores not found,,,,,,,,,,,,,,,,,,,,,,,,,,"<a href=""https://m.stock.naver.com/domestic/stock/550086/total"" target=""_blank"">Naver Mobile</a>"
001685,대상우,Scores not found,,,,,,,,,,,,,,,,,,,,,,,,,,"<a href=""https://m.stock.naver.com/domestic/stock/001685/total"" target=""_blank"">Naver Mobile</a>"
500023,신한 콩 선물 ETN(H),Scores not found,,,,,,,,,,,,,,,,,,,,,,,,,,"<a href=""https://m.stock.naver.com/domestic/stock/500023/total"" target=""_blank"">Naver Mobile</a>"
610044,메리츠 인버스 천연가스 선물 ETN(H),Scores not found,,,,,,,,,,,,,,,,,,,,,,,,,,"<a href=""https://m.stock.naver.com/domestic/stock/610044/total"" target=""_blank"">Naver Mobile</a>"
520053,미래에셋 인버스 천연가스 선물 ETN(H),Scores not found,,,,,,,,,,,,,,,,,,,,,,,,,,"<a href=""https://m.stock.naver.com/domestic/stock/520053/total"" target=""_blank"">Naver Mobile</a>"
570065,한투 레버리지 베트남 VN30 선물 ETN(H),Scores not found,,,,,,,,,,,,,,,,,,,,,,,,,,"<a href=""https://m.stock.naver.com/domestic/stock/570065/total"" target=""_blank"">Naver Mobile</a>"
570047,한투 FTSE100 ETN,Scores not found,,,,,,,,,,,,,,,,,,,,,,,,,,"<a href=""https://m.stock.naver.com/domestic/stock/570047/total"" target=""_blank"">Naver Mobile</a>"
760013,키움 레버리지 반도체TOP10 ETN,Scores not found,,,,,,,,,,,,,,,,,,,,,,,,,,"<a href=""https://m.stock.naver.com/domestic/stock/760013/total"" target=""_blank"">Naver Mobile</a>"
500091,신한 33-12 국고채 플러스 ETN,Scores not found,,,,,,,,,,,,,,,,,,,,,,,,,,"<a href=""https://m.stock.naver.com/domestic/stock/500091/total"" target=""_blank"">Naver Mobile</a>"
610018,메리츠 국채10년 ETN,Scores not found,,,,,,,,,,,,,,,,,,,,,,,,,,"<a href=""https://m.stock.naver.com/domestic/stock/610018/total"" target=""_blank"">Naver Mobile</a>"
530124,삼성 레버리지 일본니케이225선물 ETN(H),Scores not found,,,,,,,,,,,,,,,,,,,,,,,,,,"<a href=""https://m.stock.naver.com/domestic/stock/530124/total"" target=""_blank"">Naver Mobile</a>"
520037,미래에셋 코스피200 선물 ETN,Scores not found,,,,,,,,,,,,,,,,,,,,,,,,,,"<a href=""https://m.stock.naver.com/domestic/stock/520037/total"" target=""_blank"">Naver Mobile</a>"
500014,신한 인버스 옥수수 선물 ETN(H),Scores not found,,,,,,,,,,,,,,,,,,,,,,,,,,"<a href=""https://m.stock.naver.com/domestic/stock/500014/total"" target=""_blank"">Naver Mobile</a>"
580048,KB CSI 300 ETN,Scores not found,,,,,,,,,,,,,,,,,,,,,,,,,,"<a href=""https://m.stock.naver.com/domestic/stock/580048/total"" target=""_blank"">Naver Mobile</a>"
570055,한투 금 선물 ETN,Scores not found,,,,,,,,,,,,,,,,,,,,,,,,,,"<a href=""https://m.stock.naver.com/domestic/stock/570055/total"" target=""_blank"">Naver Mobile</a>"
500090,신한 2X 26-05 공사채(AAA) ETN,Scores not found,,,,,,,,,,,,,,,,,,,,,,,,,,"<a href=""https://m.stock.naver.com/domestic/stock/500090/total"" target=""_blank"">Naver Mobile</a>"
500088,신한 2X 26-05 은행채(AAA) ETN,Scores not found,,,,,,,,,,,,,,,,,,,,,,,,,,"<a href=""https://m.stock.naver.com/domestic/stock/500088/total"" target=""_blank"">Naver Mobile</a>"
500089,신한 26-05 공사채(AAA) ETN,Scores not found,,,,,,,,,,,,,,,,,,,,,,,,,,"<a href=""https://m.stock.naver.com/domestic/stock/500089/total"" target=""_blank"">Naver Mobile</a>"
500087,신한 26-05 은행채(AAA) ETN,Scores not found,,,,,,,,,,,,,,,,,,,,,,,,,,"<a href=""https://m.stock.naver.com/domestic/stock/500087/total"" target=""_blank"">Naver Mobile</a>"
580066,KB 인디아 대형 성장주 Select 5 ETN,Scores not found,,,,,,,,,,,,,,,,,,,,,,,,,,"<a href=""https://m.stock.naver.com/domestic/stock/580066/total"" target=""_blank"">Naver Mobile</a>"
002355,넥센타이어1우B,Scores not found,,,,,,,,,,,,,,,,,,,,,,,,,,"<a href=""https://m.stock.naver.com/domestic/stock/002355/total"" target=""_blank"">Naver Mobile</a>"
610047,메리츠 인버스 국채3년 ETN,Scores not found,,,,,,,,,,,,,,,,,,,,,,,,,,"<a href=""https://m.stock.naver.com/domestic/stock/610047/total"" target=""_blank"">Naver Mobile</a>"
580049,KB CSI 500 ETN,Scores not found,,,,,,,,,,,,,,,,,,,,,,,,,,"<a href=""https://m.stock.naver.com/domestic/stock/580049/total"" target=""_blank"">Naver Mobile</a>"
580052,KB 인버스 2X 밀 선물 ETN,Scores not found,,,,,,,,,,,,,,,,,,,,,,,,,,"<a href=""https://m.stock.naver.com/domestic/stock/580052/total"" target=""_blank"">Naver Mobile</a>"
550097,N2 레버리지 코스닥150 선물 ETN,Scores not found,,,,,,,,,,,,,,,,,,,,,,,,,,"<a href=""https://m.stock.naver.com/domestic/stock/550097/total"" target=""_blank"">Naver Mobile</a>"
580070,KB 레버리지 2차전지 TOP 10 TR ETN,Scores not found,,,,,,,,,,,,,,,,,,,,,,,,,,"<a href=""https://m.stock.naver.com/domestic/stock/580070/total"" target=""_blank"">Naver Mobile</a>"
530138,삼성 KRX 레버리지 2차전지 TOP10 TR ETN,Scores not found,,,,,,,,,,,,,,,,,,,,,,,,,,"<a href=""https://m.stock.naver.com/domestic/stock/530138/total"" target=""_blank"">Naver Mobile</a>"
550098,N2 인버스 2X 코스닥150 선물 ETN,Scores not found,,,,,,,,,,,,,,,,,,,,,,,,,,"<a href=""https://m.stock.naver.com/domestic/stock/550098/total"" target=""_blank"">Naver Mobile</a>"
520083,미래에셋 2X 미국 자율주행대표기업 ETN,Scores not found,,,,,,,,,,,,,,,,,,,,,,,,,,"<a href=""https://m.stock.naver.com/domestic/stock/520083/total"" target=""_blank"">Naver Mobile</a>"
570114,한투 S&P500 VIX S/T선물 ETN(H) B,Scores not found,,,,,,,,,,,,,,,,,,,,,,,,,,"<a href=""https://m.stock.naver.com/domestic/stock/570114/total"" target=""_blank"">Naver Mobile</a>"
580039,KB 레버리지 KOSPI 200 선물 ETN,Scores not found,,,,,,,,,,,,,,,,,,,,,,,,,,"<a href=""https://m.stock.naver.com/domestic/stock/580039/total"" target=""_blank"">Naver Mobile</a>"
580047,KB 레버리지 항셍테크 선물 ETN(H) B,Scores not found,,,,,,,,,,,,,,,,,,,,,,,,,,"<a href=""https://m.stock.naver.com/domestic/stock/580047/total"" target=""_blank"">Naver Mobile</a>"
550087,N2 선진국 1등주 ETN,Scores not found,,,,,,,,,,,,,,,,,,,,,,,,,,"<a href=""https://m.stock.naver.com/domestic/stock/550087/total"" target=""_blank"">Naver Mobile</a>"
570054,한투 레버리지 유로스탁스50 ETN(H) B,Scores not found,,,,,,,,,,,,,,,,,,,,,,,,,,"<a href=""https://m.stock.naver.com/domestic/stock/570054/total"" target=""_blank"">Naver Mobile</a>"
760004,키움 인버스 미국달러선물 ETN,Scores not found,,,,,,,,,,,,,,,,,,,,,,,,,,"<a href=""https://m.stock.naver.com/domestic/stock/760004/total"" target=""_blank"">Naver Mobile</a>"
550085,N2 코스닥 150 TR ETN,Scores not found,,,,,,,,,,,,,,,,,,,,,,,,,,"<a href=""https://m.stock.naver.com/domestic/stock/550085/total"" target=""_blank"">Naver Mobile</a>"
530129,삼성 인버스 2X 미국다우존스 선물 ETN,Scores not found,,,,,,,,,,,,,,,,,,,,,,,,,,"<a href=""https://m.stock.naver.com/domestic/stock/530129/total"" target=""_blank"">Naver Mobile</a>"
108675,LX하우시스우,Scores not found,,,,,,,,,,,,,,,,,,,,,,,,,,"<a href=""https://m.stock.naver.com/domestic/stock/108675/total"" target=""_blank"">Naver Mobile</a>"
520039,미래에셋 코스닥150 선물 ETN,Scores not found,,,,,,,,,,,,,,,,,,,,,,,,,,"<a href=""https://m.stock.naver.com/domestic/stock/520039/total"" target=""_blank"">Naver Mobile</a>"
530128,삼성 레버리지 미국다우존스 선물 ETN,Scores not found,,,,,,,,,,,,,,,,,,,,,,,,,,"<a href=""https://m.stock.naver.com/domestic/stock/530128/total"" target=""_blank"">Naver Mobile</a>"
760008,키움 코스닥 150 TR ETN,Scores not found,,,,,,,,,,,,,,,,,,,,,,,,,,"<a href=""https://m.stock.naver.com/domestic/stock/760008/total"" target=""_blank"">Naver Mobile</a>"
700013,하나 레버리지 콩 선물 ETN(H),Scores not found,,,,,,,,,,,,,,,,,,,,,,,,,,"<a href=""https://m.stock.naver.com/domestic/stock/700013/total"" target=""_blank"">Naver Mobile</a>"
610003,메리츠 미국 인플레이션 국채 ETN(H),Scores not found,,,,,,,,,,,,,,,,,,,,,,,,,,"<a href=""https://m.stock.naver.com/domestic/stock/610003/total"" target=""_blank"">Naver Mobile</a>"
18064K,한진칼우,Scores not found,,,,,,,,,,,,,,,,,,,,,,,,,,"<a href=""https://m.stock.naver.com/domestic/stock/18064K/total"" target=""_blank"">Naver Mobile</a>"
007815,코리아써우,Scores not found,,,,,,,,,,,,,,,,,,,,,,,,,,"<a href=""https://m.stock.naver.com/domestic/stock/007815/total"" target=""_blank"">Naver Mobile</a>"
500040,신한 레버리지 구리 선물 ETN,Scores not found,,,,,,,,,,,,,,,,,,,,,,,,,,"<a href=""https://m.stock.naver.com/domestic/stock/500040/total"" target=""_blank"">Naver Mobile</a>"
35320K,대덕전자1우,Scores not found,,,,,,,,,,,,,,,,,,,,,,,,,,"<a href=""https://m.stock.naver.com/domestic/stock/35320K/total"" target=""_blank"">Naver Mobile</a>"
520038,미래에셋 인버스 코스피200 선물 ETN,Scores not found,,,,,,,,,,,,,,,,,,,,,,,,,,"<a href=""https://m.stock.naver.com/domestic/stock/520038/total"" target=""_blank"">Naver Mobile</a>"
000087,하이트진로2우B,Scores not found,,,,,,,,,,,,,,,,,,,,,,,,,,"<a href=""https://m.stock.naver.com/domestic/stock/000087/total"" target=""_blank"">Naver Mobile</a>"
500061,신한 인버스 코스피 200 선물 ETN,Scores not found,,,,,,,,,,,,,,,,,,,,,,,,,,"<a href=""https://m.stock.naver.com/domestic/stock/500061/total"" target=""_blank"">Naver Mobile</a>"
152550,한국ANKOR유전,Scores not found,,,,,,,,,,,,,,,,,,,,,,,,,,"<a href=""https://m.stock.naver.com/domestic/stock/152550/total"" target=""_blank"">Naver Mobile</a>"
530083,삼성 금 선물 ETN(H),Scores not found,,,,,,,,,,,,,,,,,,,,,,,,,,"<a href=""https://m.stock.naver.com/domestic/stock/530083/total"" target=""_blank"">Naver Mobile</a>"
580054,KB 인버스 2X 콩 선물 ETN,Scores not found,,,,,,,,,,,,,,,,,,,,,,,,,,"<a href=""https://m.stock.naver.com/domestic/stock/580054/total"" target=""_blank"">Naver Mobile</a>"
570115,한투 인버스0.5X S&P500 VIX S/T선물 ETN B,Scores not found,,,,,,,,,,,,,,,,,,,,,,,,,,"<a href=""https://m.stock.naver.com/domestic/stock/570115/total"" target=""_blank"">Naver Mobile</a>"
550088,N2 월간 레버리지 선진국 1등주 ETN,Scores not found,,,,,,,,,,,,,,,,,,,,,,,,,,"<a href=""https://m.stock.naver.com/domestic/stock/550088/total"" target=""_blank"">Naver Mobile</a>"
610040,메리츠 인버스 2X 미국채30년 ETN(H),Scores not found,,,,,,,,,,,,,,,,,,,,,,,,,,"<a href=""https://m.stock.naver.com/domestic/stock/610040/total"" target=""_blank"">Naver Mobile</a>"
500024,신한 인버스 콩 선물 ETN(H),Scores not found,,,,,,,,,,,,,,,,,,,,,,,,,,"<a href=""https://m.stock.naver.com/domestic/stock/500024/total"" target=""_blank"">Naver Mobile</a>"
510027,대신 인버스 2X 코스닥 150 선물 ETN,Scores not found,,,,,,,,,,,,,,,,,,,,,,,,,,"<a href=""https://m.stock.naver.com/domestic/stock/510027/total"" target=""_blank"">Naver Mobile</a>"
580044,KB 인버스 2X KOSDAQ 150 선물 ETN,Scores not found,,,,,,,,,,,,,,,,,,,,,,,,,,"<a href=""https://m.stock.naver.com/domestic/stock/580044/total"" target=""_blank"">Naver Mobile</a>"
570072,한투 레버리지 구리 선물 ETN,Scores not found,,,,,,,,,,,,,,,,,,,,,,,,,,"<a href=""https://m.stock.naver.com/domestic/stock/570072/total"" target=""_blank"">Naver Mobile</a>"
500063,신한 인버스 코스닥 150 선물 ETN,Scores not found,,,,,,,,,,,,,,,,,,,,,,,,,,"<a href=""https://m.stock.naver.com/domestic/stock/500063/total"" target=""_blank"">Naver Mobile</a>"
530112,삼성 S&P500 ETN,Scores not found,,,,,,,,,,,,,,,,,,,,,,,,,,"<a href=""https://m.stock.naver.com/domestic/stock/530112/total"" target=""_blank"">Naver Mobile</a>"
520040,미래에셋 인버스 코스닥150 선물 ETN,Scores not found,,,,,,,,,,,,,,,,,,,,,,,,,,"<a href=""https://m.stock.naver.com/domestic/stock/520040/total"" target=""_blank"">Naver Mobile</a>"
005725,넥센우,Scores not found,,,,,,,,,,,,,,,,,,,,,,,,,,"<a href=""https://m.stock.naver.com/domestic/stock/005725/total"" target=""_blank"">Naver Mobile</a>"
760017,키움 조선TOP10 ETN,Scores not found,,,,,,,,,,,,,,,,,,,,,,,,,,"<a href=""https://m.stock.naver.com/domestic/stock/760017/total"" target=""_blank"">Naver Mobile</a>"
570057,한투 은 선물 ETN,Scores not found,,,,,,,,,,,,,,,,,,,,,,,,,,"<a href=""https://m.stock.naver.com/domestic/stock/570057/total"" target=""_blank"">Naver Mobile</a>"
610025,메리츠 인버스 2X 미국채10년 ETN(H),Scores not found,,,,,,,,,,,,,,,,,,,,,,,,,,"<a href=""https://m.stock.naver.com/domestic/stock/610025/total"" target=""_blank"">Naver Mobile</a>"
001795,대한제당우,Scores not found,,,,,,,,,,,,,,,,,,,,,,,,,,"<a href=""https://m.stock.naver.com/domestic/stock/001795/total"" target=""_blank"">Naver Mobile</a>"
700014,하나 인버스 2X 콩 선물 ETN(H),Scores not found,,,,,,,,,,,,,,,,,,,,,,,,,,"<a href=""https://m.stock.naver.com/domestic/stock/700014/total"" target=""_blank"">Naver Mobile</a>"
520055,미래에셋 인버스 2X 코스피200 선물 ETN,Scores not found,,,,,,,,,,,,,,,,,,,,,,,,,,"<a href=""https://m.stock.naver.com/domestic/stock/520055/total"" target=""_blank"">Naver Mobile</a>"
500013,신한 옥수수 선물 ETN(H),Scores not found,,,,,,,,,,,,,,,,,,,,,,,,,,"<a href=""https://m.stock.naver.com/domestic/stock/500013/total"" target=""_blank"">Naver Mobile</a>"
33637L,솔루스첨단소재2우B,Scores not found,,,,,,,,,,,,,,,,,,,,,,,,,,"<a href=""https://m.stock.naver.com/domestic/stock/33637L/total"" target=""_blank"">Naver Mobile</a>"
530121,삼성 항셍테크 ETN(H) B,Scores not found,,,,,,,,,,,,,,,,,,,,,,,,,,"<a href=""https://m.stock.naver.com/domestic/stock/530121/total"" target=""_blank"">Naver Mobile</a>"
530125,삼성 인버스 2X 일본니케이225선물 ETN(H),Scores not found,,,,,,,,,,,,,,,,,,,,,,,,,,"<a href=""https://m.stock.naver.com/domestic/stock/530125/total"" target=""_blank"">Naver Mobile</a>"
570100,한투 일본종합상사TOP5 ETN,Scores not found,,,,,,,,,,,,,,,,,,,,,,,,,,"<a href=""https://m.stock.naver.com/domestic/stock/570100/total"" target=""_blank"">Naver Mobile</a>"
610039,메리츠 인버스 미국채30년 ETN(H),Scores not found,,,,,,,,,,,,,,,,,,,,,,,,,,"<a href=""https://m.stock.naver.com/domestic/stock/610039/total"" target=""_blank"">Naver Mobile</a>"
530089,삼성 은 선물 ETN(H),Scores not found,,,,,,,,,,,,,,,,,,,,,,,,,,"<a href=""https://m.stock.naver.com/domestic/stock/530089/total"" target=""_blank"">Naver Mobile</a>"
570073,한투 인버스 2X 구리 선물 ETN,Scores not found,,,,,,,,,,,,,,,,,,,,,,,,,,"<a href=""https://m.stock.naver.com/domestic/stock/570073/total"" target=""_blank"">Naver Mobile</a>"
610028,메리츠 레버리지 구리 선물 ETN(H),Scores not found,,,,,,,,,,,,,,,,,,,,,,,,,,"<a href=""https://m.stock.naver.com/domestic/stock/610028/total"" target=""_blank"">Naver Mobile</a>"
530056,삼성 인버스 2X 금 선물 ETN(H),Scores not found,,,,,,,,,,,,,,,,,,,,,,,,,,"<a href=""https://m.stock.naver.com/domestic/stock/530056/total"" target=""_blank"">Naver Mobile</a>"
520064,미래에셋 2X 미국채울트라30년 선물 ETN,Scores not found,,,,,,,,,,,,,,,,,,,,,,,,,,"<a href=""https://m.stock.naver.com/domestic/stock/520064/total"" target=""_blank"">Naver Mobile</a>"
550069,N2 레버리지 구리 선물 ETN(H),Scores not found,,,,,,,,,,,,,,,,,,,,,,,,,,"<a href=""https://m.stock.naver.com/domestic/stock/550069/total"" target=""_blank"">Naver Mobile</a>"
610089,메리츠 솔랙티브 -2X WTI원유 선물 ETN(H),Scores not found,,,,,,,,,,,,,,,,,,,,,,,,,,"<a href=""https://m.stock.naver.com/domestic/stock/610089/total"" target=""_blank"">Naver Mobile</a>"
580043,KB 레버리지 KOSDAQ 150 선물 ETN,Scores not found,,,,,,,,,,,,,,,,,,,,,,,,,,"<a href=""https://m.stock.naver.com/domestic/stock/580043/total"" target=""_blank"">Naver Mobile</a>"
500028,신한 인버스 2X 다우존스지수 선물 ETN(H),Scores not found,,,,,,,,,,,,,,,,,,,,,,,,,,"<a href=""https://m.stock.naver.com/domestic/stock/500028/total"" target=""_blank"">Naver Mobile</a>"
520084,미래에셋 -2X 미국 자율주행대표기업 ETN,Scores not found,,,,,,,,,,,,,,,,,,,,,,,,,,"<a href=""https://m.stock.naver.com/domestic/stock/520084/total"" target=""_blank"">Naver Mobile</a>"
530063,삼성 레버리지 구리 선물 ETN(H),Scores not found,,,,,,,,,,,,,,,,,,,,,,,,,,"<a href=""https://m.stock.naver.com/domestic/stock/530063/total"" target=""_blank"">Naver Mobile</a>"
001067,JW중외제약2우B,Scores not found,,,,,,,,,,,,,,,,,,,,,,,,,,"<a href=""https://m.stock.naver.com/domestic/stock/001067/total"" target=""_blank"">Naver Mobile</a>"
004255,NPC우,Scores not found,,,,,,,,,,,,,,,,,,,,,,,,,,"<a href=""https://m.stock.naver.com/domestic/stock/004255/total"" target=""_blank"">Naver Mobile</a>"
610024,메리츠 인버스 미국채10년 ETN(H),Scores not found,,,,,,,,,,,,,,,,,,,,,,,,,,"<a href=""https://m.stock.naver.com/domestic/stock/610024/total"" target=""_blank"">Naver Mobile</a>"
520079,미래에셋 레버리지 미국 제약 TOP3 ETN,Scores not found,,,,,,,,,,,,,,,,,,,,,,,,,,"<a href=""https://m.stock.naver.com/domestic/stock/520079/total"" target=""_blank"">Naver Mobile</a>"
500085,신한 코스피 200 TR ETN,Scores not found,,,,,,,,,,,,,,,,,,,,,,,,,,"<a href=""https://m.stock.naver.com/domestic/stock/500085/total"" target=""_blank"">Naver Mobile</a>"
530117,삼성 코스피 200 TR ETN,Scores not found,,,,,,,,,,,,,,,,,,,,,,,,,,"<a href=""https://m.stock.naver.com/domestic/stock/530117/total"" target=""_blank"">Naver Mobile</a>"
38380K,LX홀딩스1우,Scores not found,,,,,,,,,,,,,,,,,,,,,,,,,,"<a href=""https://m.stock.naver.com/domestic/stock/38380K/total"" target=""_blank"">Naver Mobile</a>"
580026,KB 레버리지 은 선물 ETN(H),Scores not found,,,,,,,,,,,,,,,,,,,,,,,,,,"<a href=""https://m.stock.naver.com/domestic/stock/580026/total"" target=""_blank"">Naver Mobile</a>"
145995,삼양사우,Scores not found,,,,,,,,,,,,,,,,,,,,,,,,,,"<a href=""https://m.stock.naver.com/domestic/stock/145995/total"" target=""_blank"">Naver Mobile</a>"
580069,KB S&P 인버스 2X WTI원유 선물 ETN B,Scores not found,,,,,,,,,,,,,,,,,,,,,,,,,,"<a href=""https://m.stock.naver.com/domestic/stock/580069/total"" target=""_blank"">Naver Mobile</a>"
520043,미래에셋 S&P 유럽탄소배출권 선물 ETN,Scores not found,,,,,,,,,,,,,,,,,,,,,,,,,,"<a href=""https://m.stock.naver.com/domestic/stock/520043/total"" target=""_blank"">Naver Mobile</a>"
500094,신한 블룸버그 인버스2X WTI원유선물 ETN B,Scores not found,,,,,,,,,,,,,,,,,,,,,,,,,,"<a href=""https://m.stock.naver.com/domestic/stock/500094/total"" target=""_blank"">Naver Mobile</a>"
570099,한투 S&P 인버스 2X 엔달러 선물 ETN(H),Scores not found,,,,,,,,,,,,,,,,,,,,,,,,,,"<a href=""https://m.stock.naver.com/domestic/stock/570099/total"" target=""_blank"">Naver Mobile</a>"
700030,하나 S&P 인버스 2X WTI원유 선물 ETN B,Scores not found,,,,,,,,,,,,,,,,,,,,,,,,,,"<a href=""https://m.stock.naver.com/domestic/stock/700030/total"" target=""_blank"">Naver Mobile</a>"
530120,삼성 나스닥 100 ETN,Scores not found,,,,,,,,,,,,,,,,,,,,,,,,,,"<a href=""https://m.stock.naver.com/domestic/stock/530120/total"" target=""_blank"">Naver Mobile</a>"
000075,삼양홀딩스우,Scores not found,,,,,,,,,,,,,,,,,,,,,,,,,,"<a href=""https://m.stock.naver.com/domestic/stock/000075/total"" target=""_blank"">Naver Mobile</a>"
570052,한투 플래티넘 선물 ETN,Scores not found,,,,,,,,,,,,,,,,,,,,,,,,,,"<a href=""https://m.stock.naver.com/domestic/stock/570052/total"" target=""_blank"">Naver Mobile</a>"
610081,메리츠 레버리지 멕시코 페소화 ETN,Scores not found,,,,,,,,,,,,,,,,,,,,,,,,,,"<a href=""https://m.stock.naver.com/domestic/stock/610081/total"" target=""_blank"">Naver Mobile</a>"
570071,한투 구리 선물 ETN,Scores not found,,,,,,,,,,,,,,,,,,,,,,,,,,"<a href=""https://m.stock.naver.com/domestic/stock/570071/total"" target=""_blank"">Naver Mobile</a>"
500056,신한 레버리지 Russell 2000 ETN,Scores not found,,,,,,,,,,,,,,,,,,,,,,,,,,"<a href=""https://m.stock.naver.com/domestic/stock/500056/total"" target=""_blank"">Naver Mobile</a>"
530139,삼성 iSelect 조선 TOP10 TR ETN,Scores not found,,,,,,,,,,,,,,,,,,,,,,,,,,"<a href=""https://m.stock.naver.com/domestic/stock/530139/total"" target=""_blank"">Naver Mobile</a>"
520061,미래에셋 인도네시아 Top5 ETN,Scores not found,,,,,,,,,,,,,,,,,,,,,,,,,,"<a href=""https://m.stock.naver.com/domestic/stock/520061/total"" target=""_blank"">Naver Mobile</a>"
570063,한투 베트남 VN30 선물 ETN(H),Scores not found,,,,,,,,,,,,,,,,,,,,,,,,,,"<a href=""https://m.stock.naver.com/domestic/stock/570063/total"" target=""_blank"">Naver Mobile</a>"
520085,미래에셋 -2X 미국 AI TOP3 ETN,Scores not found,,,,,,,,,,,,,,,,,,,,,,,,,,"<a href=""https://m.stock.naver.com/domestic/stock/520085/total"" target=""_blank"">Naver Mobile</a>"
510016,대신 천연가스 선물 ETN(H),Scores not found,,,,,,,,,,,,,,,,,,,,,,,,,,"<a href=""https://m.stock.naver.com/domestic/stock/510016/total"" target=""_blank"">Naver Mobile</a>"
550074,N2 블룸버그 2X 천연가스 선물 ETN(H),Scores not found,,,,,,,,,,,,,,,,,,,,,,,,,,"<a href=""https://m.stock.naver.com/domestic/stock/550074/total"" target=""_blank"">Naver Mobile</a>"
084695,대상홀딩스우,Scores not found,,,,,,,,,,,,,,,,,,,,,,,,,,"<a href=""https://m.stock.naver.com/domestic/stock/084695/total"" target=""_blank"">Naver Mobile</a>"
610072,메리츠 KAP 레버리지 중국 위안화 ETN,Scores not found,,,,,,,,,,,,,,,,,,,,,,,,,,"<a href=""https://m.stock.naver.com/domestic/stock/610072/total"" target=""_blank"">Naver Mobile</a>"
530114,삼성 인버스 2X S&P500 선물 ETN,Scores not found,,,,,,,,,,,,,,,,,,,,,,,,,,"<a href=""https://m.stock.naver.com/domestic/stock/530114/total"" target=""_blank"">Naver Mobile</a>"
610059,메리츠 3X 레버리지 국채10년 ETN,Scores not found,,,,,,,,,,,,,,,,,,,,,,,,,,"<a href=""https://m.stock.naver.com/domestic/stock/610059/total"" target=""_blank"">Naver Mobile</a>"
610049,메리츠 국채5년 ETN,Scores not found,,,,,,,,,,,,,,,,,,,,,,,,,,"<a href=""https://m.stock.naver.com/domestic/stock/610049/total"" target=""_blank"">Naver Mobile</a>"
610029,메리츠 인버스 2X 구리 선물 ETN(H),Scores not found,,,,,,,,,,,,,,,,,,,,,,,,,,"<a href=""https://m.stock.naver.com/domestic/stock/610029/total"" target=""_blank"">Naver Mobile</a>"
610057,메리츠 3X 레버리지 국채5년 ETN,Scores not found,,,,,,,,,,,,,,,,,,,,,,,,,,"<a href=""https://m.stock.naver.com/domestic/stock/610057/total"" target=""_blank"">Naver Mobile</a>"
610009,메리츠 인버스 국채30년 ETN,Scores not found,,,,,,,,,,,,,,,,,,,,,,,,,,"<a href=""https://m.stock.naver.com/domestic/stock/610009/total"" target=""_blank"">Naver Mobile</a>"
570085,한투 블룸버그 인도네시아 대표원자재 ETN,Scores not found,,,,,,,,,,,,,,,,,,,,,,,,,,"<a href=""https://m.stock.naver.com/domestic/stock/570085/total"" target=""_blank"">Naver Mobile</a>"
610087,메리츠 솔랙티브 WTI원유 선물 ETN(H),Scores not found,,,,,,,,,,,,,,,,,,,,,,,,,,"<a href=""https://m.stock.naver.com/domestic/stock/610087/total"" target=""_blank"">Naver Mobile</a>"
550070,N2 인버스 레버리지 구리 선물 ETN(H),Scores not found,,,,,,,,,,,,,,,,,,,,,,,,,,"<a href=""https://m.stock.naver.com/domestic/stock/550070/total"" target=""_blank"">Naver Mobile</a>"
530132,삼성 블룸버그 WTI원유 선물 ETN B,Scores not found,,,,,,,,,,,,,,,,,,,,,,,,,,"<a href=""https://m.stock.naver.com/domestic/stock/530132/total"" target=""_blank"">Naver Mobile</a>"
610067,메리츠 블룸버그 2X 천연가스선물 ETN(H) B,Scores not found,,,,,,,,,,,,,,,,,,,,,,,,,,"<a href=""https://m.stock.naver.com/domestic/stock/610067/total"" target=""_blank"">Naver Mobile</a>"
610080,메리츠 멕시코 페소화 ETN,Scores not found,,,,,,,,,,,,,,,,,,,,,,,,,,"<a href=""https://m.stock.naver.com/domestic/stock/610080/total"" target=""_blank"">Naver Mobile</a>"
500080,신한 S&P 레버리지 유로 선물 ETN(H),Scores not found,,,,,,,,,,,,,,,,,,,,,,,,,,"<a href=""https://m.stock.naver.com/domestic/stock/500080/total"" target=""_blank"">Naver Mobile</a>"
610055,메리츠 3X 레버리지 국채3년 ETN,Scores not found,,,,,,,,,,,,,,,,,,,,,,,,,,"<a href=""https://m.stock.naver.com/domestic/stock/610055/total"" target=""_blank"">Naver Mobile</a>"
700027,하나 반도체 ETN,Scores not found,,,,,,,,,,,,,,,,,,,,,,,,,,"<a href=""https://m.stock.naver.com/domestic/stock/700027/total"" target=""_blank"">Naver Mobile</a>"
610071,메리츠 KAP 중국 위안화 ETN,Scores not found,,,,,,,,,,,,,,,,,,,,,,,,,,"<a href=""https://m.stock.naver.com/domestic/stock/610071/total"" target=""_blank"">Naver Mobile</a>"
610045,메리츠 국채3년 ETN,Scores not found,,,,,,,,,,,,,,,,,,,,,,,,,,"<a href=""https://m.stock.naver.com/domestic/stock/610045/total"" target=""_blank"">Naver Mobile</a>"
760006,키움 KPOP ETN,Scores not found,,,,,,,,,,,,,,,,,,,,,,,,,,"<a href=""https://m.stock.naver.com/domestic/stock/760006/total"" target=""_blank"">Naver Mobile</a>"
500078,신한 S&P 유로 선물 ETN(H),Scores not found,,,,,,,,,,,,,,,,,,,,,,,,,,"<a href=""https://m.stock.naver.com/domestic/stock/500078/total"" target=""_blank"">Naver Mobile</a>"
510015,대신 밀 선물 ETN(H),Scores not found,,,,,,,,,,,,,,,,,,,,,,,,,,"<a href=""https://m.stock.naver.com/domestic/stock/510015/total"" target=""_blank"">Naver Mobile</a>"
004835,덕성우,Scores not found,,,,,,,,,,,,,,,,,,,,,,,,,,"<a href=""https://m.stock.naver.com/domestic/stock/004835/total"" target=""_blank"">Naver Mobile</a>"
610074,메리츠 미국채10년 ETN,Scores not found,,,,,,,,,,,,,,,,,,,,,,,,,,"<a href=""https://m.stock.naver.com/domestic/stock/610074/total"" target=""_blank"">Naver Mobile</a>"
570074,한투 S&P 유럽탄소배출권 선물 ETN(H),Scores not found,,,,,,,,,,,,,,,,,,,,,,,,,,"<a href=""https://m.stock.naver.com/domestic/stock/570074/total"" target=""_blank"">Naver Mobile</a>"
610030,메리츠 S&P 유럽탄소배출권 선물 ETN(H),Scores not found,,,,,,,,,,,,,,,,,,,,,,,,,,"<a href=""https://m.stock.naver.com/domestic/stock/610030/total"" target=""_blank"">Naver Mobile</a>"
550096,N2 레버리지 국채30년 ETN,Scores not found,,,,,,,,,,,,,,,,,,,,,,,,,,"<a href=""https://m.stock.naver.com/domestic/stock/550096/total"" target=""_blank"">Naver Mobile</a>"
570108,한투 레버리지국채30년 ETN,Scores not found,,,,,,,,,,,,,,,,,,,,,,,,,,"<a href=""https://m.stock.naver.com/domestic/stock/570108/total"" target=""_blank"">Naver Mobile</a>"
003075,코오롱글로벌우,Scores not found,,,,,,,,,,,,,,,,,,,,,,,,,,"<a href=""https://m.stock.naver.com/domestic/stock/003075/total"" target=""_blank"">Naver Mobile</a>"
000225,유유제약1우,Scores not found,,,,,,,,,,,,,,,,,,,,,,,,,,"<a href=""https://m.stock.naver.com/domestic/stock/000225/total"" target=""_blank"">Naver Mobile</a>"
610020,메리츠 인버스 국채10년 ETN,Scores not found,,,,,,,,,,,,,,,,,,,,,,,,,,"<a href=""https://m.stock.naver.com/domestic/stock/610020/total"" target=""_blank"">Naver Mobile</a>"
580019,KB 인버스 2X 항셍테크 선물 ETN,Scores not found,,,,,,,,,,,,,,,,,,,,,,,,,,"<a href=""https://m.stock.naver.com/domestic/stock/580019/total"" target=""_blank"">Naver Mobile</a>"
500079,신한 S&P 인버스 유로 선물 ETN(H),Scores not found,,,,,,,,,,,,,,,,,,,,,,,,,,"<a href=""https://m.stock.naver.com/domestic/stock/500079/total"" target=""_blank"">Naver Mobile</a>"
530123,삼성 일본니케이225선물 ETN(H),Scores not found,,,,,,,,,,,,,,,,,,,,,,,,,,"<a href=""https://m.stock.naver.com/domestic/stock/530123/total"" target=""_blank"">Naver Mobile</a>"
004105,태양금속우,Scores not found,,,,,,,,,,,,,,,,,,,,,,,,,,"<a href=""https://m.stock.naver.com/domestic/stock/004105/total"" target=""_blank"">Naver Mobile</a>"
570092,한투 인버스 2X 유로스탁스50 ETN(H) B,Scores not found,,,,,,,,,,,,,,,,,,,,,,,,,,"<a href=""https://m.stock.naver.com/domestic/stock/570092/total"" target=""_blank"">Naver Mobile</a>"
570096,한투 인버스 2X 일본 엔선물 ETN,Scores not found,,,,,,,,,,,,,,,,,,,,,,,,,,"<a href=""https://m.stock.naver.com/domestic/stock/570096/total"" target=""_blank"">Naver Mobile</a>"
550095,N2 레버리지 국채10년 ETN,Scores not found,,,,,,,,,,,,,,,,,,,,,,,,,,"<a href=""https://m.stock.naver.com/domestic/stock/550095/total"" target=""_blank"">Naver Mobile</a>"
610086,메리츠 인버스2X 미국채30년 스트립 ETN(H),Scores not found,,,,,,,,,,,,,,,,,,,,,,,,,,"<a href=""https://m.stock.naver.com/domestic/stock/610086/total"" target=""_blank"">Naver Mobile</a>"
580059,KB 미국채 10년 ETN,Scores not found,,,,,,,,,,,,,,,,,,,,,,,,,,"<a href=""https://m.stock.naver.com/domestic/stock/580059/total"" target=""_blank"">Naver Mobile</a>"
610082,메리츠 인도 루피화 ETN,Scores not found,,,,,,,,,,,,,,,,,,,,,,,,,,"<a href=""https://m.stock.naver.com/domestic/stock/610082/total"" target=""_blank"">Naver Mobile</a>"
530095,삼성 구리 선물 ETN(H),Scores not found,,,,,,,,,,,,,,,,,,,,,,,,,,"<a href=""https://m.stock.naver.com/domestic/stock/530095/total"" target=""_blank"">Naver Mobile</a>"
520046,미래에셋 레버리지 옥수수 선물 ETN,Scores not found,,,,,,,,,,,,,,,,,,,,,,,,,,"<a href=""https://m.stock.naver.com/domestic/stock/520046/total"" target=""_blank"">Naver Mobile</a>"
610077,메리츠 미국채30년 ETN,Scores not found,,,,,,,,,,,,,,,,,,,,,,,,,,"<a href=""https://m.stock.naver.com/domestic/stock/610077/total"" target=""_blank"">Naver Mobile</a>"
610070,메리츠 KAP 인버스 2X 일본 엔화 ETN,Scores not found,,,,,,,,,,,,,,,,,,,,,,,,,,"<a href=""https://m.stock.naver.com/domestic/stock/610070/total"" target=""_blank"">Naver Mobile</a>"
610068,메리츠 KAP 일본 엔화 ETN,Scores not found,,,,,,,,,,,,,,,,,,,,,,,,,,"<a href=""https://m.stock.naver.com/domestic/stock/610068/total"" target=""_blank"">Naver Mobile</a>"
610083,메리츠 레버리지 인도 루피화 ETN,Scores not found,,,,,,,,,,,,,,,,,,,,,,,,,,"<a href=""https://m.stock.naver.com/domestic/stock/610083/total"" target=""_blank"">Naver Mobile</a>"
580051,KB 레버리지 밀 선물 ETN,Scores not found,,,,,,,,,,,,,,,,,,,,,,,,,,"<a href=""https://m.stock.naver.com/domestic/stock/580051/total"" target=""_blank"">Naver Mobile</a>"
00806K,대덕1우,Scores not found,,,,,,,,,,,,,,,,,,,,,,,,,,"<a href=""https://m.stock.naver.com/domestic/stock/00806K/total"" target=""_blank"">Naver Mobile</a>"
580060,KB 레버리지 미국채 10년 ETN,Scores not found,,,,,,,,,,,,,,,,,,,,,,,,,,"<a href=""https://m.stock.naver.com/domestic/stock/580060/total"" target=""_blank"">Naver Mobile</a>"
520052,미래에셋 천연가스 선물 ETN(H),Scores not found,,,,,,,,,,,,,,,,,,,,,,,,,,"<a href=""https://m.stock.naver.com/domestic/stock/520052/total"" target=""_blank"">Naver Mobile</a>"
500081,신한 S&P 인버스 2X 유로 선물 ETN(H),Scores not found,,,,,,,,,,,,,,,,,,,,,,,,,,"<a href=""https://m.stock.naver.com/domestic/stock/500081/total"" target=""_blank"">Naver Mobile</a>"
45014K,코오롱모빌리티그룹우,Scores not found,,,,,,,,,,,,,,,,,,,,,,,,,,"<a href=""https://m.stock.naver.com/domestic/stock/45014K/total"" target=""_blank"">Naver Mobile</a>"
530137,삼성 KRX 2차전지 TOP10 TR ETN,Scores not found,,,,,,,,,,,,,,,,,,,,,,,,,,"<a href=""https://m.stock.naver.com/domestic/stock/530137/total"" target=""_blank"">Naver Mobile</a>"
760019,키움 리츠부동산인프라 ETN,Scores not found,,,,,,,,,,,,,,,,,,,,,,,,,,"<a href=""https://m.stock.naver.com/domestic/stock/760019/total"" target=""_blank"">Naver Mobile</a>"
001065,JW중외제약우,Scores not found,,,,,,,,,,,,,,,,,,,,,,,,,,"<a href=""https://m.stock.naver.com/domestic/stock/001065/total"" target=""_blank"">Naver Mobile</a>"
500086,신한 코스닥 150 TR ETN,Scores not found,,,,,,,,,,,,,,,,,,,,,,,,,,"<a href=""https://m.stock.naver.com/domestic/stock/500086/total"" target=""_blank"">Naver Mobile</a>"
760015,키움 레버리지 바이오TOP10 ETN,Scores not found,,,,,,,,,,,,,,,,,,,,,,,,,,"<a href=""https://m.stock.naver.com/domestic/stock/760015/total"" target=""_blank"">Naver Mobile</a>"
610051,메리츠 인버스 국채5년 ETN,Scores not found,,,,,,,,,,,,,,,,,,,,,,,,,,"<a href=""https://m.stock.naver.com/domestic/stock/610051/total"" target=""_blank"">Naver Mobile</a>"
580063,KB 레버리지 미국채 10년 선물 ETN,Scores not found,,,,,,,,,,,,,,,,,,,,,,,,,,"<a href=""https://m.stock.naver.com/domestic/stock/580063/total"" target=""_blank"">Naver Mobile</a>"
760020,키움 레버리지 리츠부동산인프라 ETN,Scores not found,,,,,,,,,,,,,,,,,,,,,,,,,,"<a href=""https://m.stock.naver.com/domestic/stock/760020/total"" target=""_blank"">Naver Mobile</a>"
610079,메리츠 인버스 3X 미국채30년 ETN,Scores not found,,,,,,,,,,,,,,,,,,,,,,,,,,"<a href=""https://m.stock.naver.com/domestic/stock/610079/total"" target=""_blank"">Naver Mobile</a>"
610091,메리츠 3X 레버리지 일본 국채 10년 ETN,Scores not found,,,,,,,,,,,,,,,,,,,,,,,,,,"<a href=""https://m.stock.naver.com/domestic/stock/610091/total"" target=""_blank"">Naver Mobile</a>"
580064,KB 인버스 2X 미국채 10년 선물 ETN,Scores not found,,,,,,,,,,,,,,,,,,,,,,,,,,"<a href=""https://m.stock.naver.com/domestic/stock/580064/total"" target=""_blank"">Naver Mobile</a>"
580065,KB 코스닥 150 TR ETN,Scores not found,,,,,,,,,,,,,,,,,,,,,,,,,,"<a href=""https://m.stock.naver.com/domestic/stock/580065/total"" target=""_blank"">Naver Mobile</a>"
610090,메리츠 일본 국채 10년 ETN,Scores not found,,,,,,,,,,,,,,,,,,,,,,,,,,"<a href=""https://m.stock.naver.com/domestic/stock/610090/total"" target=""_blank"">Naver Mobile</a>"
570053,한투 인버스 플래티넘 선물 ETN,Scores not found,,,,,,,,,,,,,,,,,,,,,,,,,,"<a href=""https://m.stock.naver.com/domestic/stock/570053/total"" target=""_blank"">Naver Mobile</a>"
610092,메리츠 인버스 일본 국채 10년 ETN,Scores not found,,,,,,,,,,,,,,,,,,,,,,,,,,"<a href=""https://m.stock.naver.com/domestic/stock/610092/total"" target=""_blank"">Naver Mobile</a>"
530127,삼성 미국다우존스 ETN,Scores not found,,,,,,,,,,,,,,,,,,,,,,,,,,"<a href=""https://m.stock.naver.com/domestic/stock/530127/total"" target=""_blank"">Naver Mobile</a>"
570110,한투 3X레버리지국채30년 ETN,Scores not found,,,,,,,,,,,,,,,,,,,,,,,,,,"<a href=""https://m.stock.naver.com/domestic/stock/570110/total"" target=""_blank"">Naver Mobile</a>"
610093,메리츠 인버스 3X 일본 국채 10년 ETN,Scores not found,,,,,,,,,,,,,,,,,,,,,,,,,,"<a href=""https://m.stock.naver.com/domestic/stock/610093/total"" target=""_blank"">Naver Mobile</a>"
500055,신한 인버스 Russell 2000 ETN,Scores not found,,,,,,,,,,,,,,,,,,,,,,,,,,"<a href=""https://m.stock.naver.com/domestic/stock/500055/total"" target=""_blank"">Naver Mobile</a>"
580061,KB 미국채 30년 ETN,Scores not found,,,,,,,,,,,,,,,,,,,,,,,,,,"<a href=""https://m.stock.naver.com/domestic/stock/580061/total"" target=""_blank"">Naver Mobile</a>"
610056,메리츠 인버스 3X 국채3년 ETN,Scores not found,,,,,,,,,,,,,,,,,,,,,,,,,,"<a href=""https://m.stock.naver.com/domestic/stock/610056/total"" target=""_blank"">Naver Mobile</a>"
580014,KB 인버스 2X 나스닥 100 ETN,Scores not found,,,,,,,,,,,,,,,,,,,,,,,,,,"<a href=""https://m.stock.naver.com/domestic/stock/580014/total"" target=""_blank"">Naver Mobile</a>"
530135,삼성 인버스 China A50 선물 ETN(H) B,Scores not found,,,,,,,,,,,,,,,,,,,,,,,,,,"<a href=""https://m.stock.naver.com/domestic/stock/530135/total"" target=""_blank"">Naver Mobile</a>"
610076,메리츠 인버스 3X 미국채10년 ETN,Scores not found,,,,,,,,,,,,,,,,,,,,,,,,,,"<a href=""https://m.stock.naver.com/domestic/stock/610076/total"" target=""_blank"">Naver Mobile</a>"
570094,한투 일본 엔선물 ETN C,Scores not found,,,,,,,,,,,,,,,,,,,,,,,,,,"<a href=""https://m.stock.naver.com/domestic/stock/570094/total"" target=""_blank"">Naver Mobile</a>"
580050,KB STAR 50 ETN,Scores not found,,,,,,,,,,,,,,,,,,,,,,,,,,"<a href=""https://m.stock.naver.com/domestic/stock/580050/total"" target=""_blank"">Naver Mobile</a>"
610032,메리츠 CSI 300 ETN,Scores not found,,,,,,,,,,,,,,,,,,,,,,,,,,"<a href=""https://m.stock.naver.com/domestic/stock/610032/total"" target=""_blank"">Naver Mobile</a>"
006345,대원전선우,Scores not found,,,,,,,,,,,,,,,,,,,,,,,,,,"<a href=""https://m.stock.naver.com/domestic/stock/006345/total"" target=""_blank"">Naver Mobile</a>"
570066,한투 인버스 2X 베트남 VN30 선물 ETN(H),Scores not found,,,,,,,,,,,,,,,,,,,,,,,,,,"<a href=""https://m.stock.naver.com/domestic/stock/570066/total"" target=""_blank"">Naver Mobile</a>"
610035,메리츠 레버리지 대표 농산물 선물 ETN(H),Scores not found,,,,,,,,,,,,,,,,,,,,,,,,,,"<a href=""https://m.stock.naver.com/domestic/stock/610035/total"" target=""_blank"">Naver Mobile</a>"
500041,신한 인버스 2X 구리 선물 ETN,Scores not found,,,,,,,,,,,,,,,,,,,,,,,,,,"<a href=""https://m.stock.naver.com/domestic/stock/500041/total"" target=""_blank"">Naver Mobile</a>"
530096,삼성 인버스 구리 선물 ETN(H),Scores not found,,,,,,,,,,,,,,,,,,,,,,,,,,"<a href=""https://m.stock.naver.com/domestic/stock/530096/total"" target=""_blank"">Naver Mobile</a>"
610058,메리츠 인버스 3X 국채5년 ETN,Scores not found,,,,,,,,,,,,,,,,,,,,,,,,,,"<a href=""https://m.stock.naver.com/domestic/stock/610058/total"" target=""_blank"">Naver Mobile</a>"
610084,메리츠 미국채30년 스트립 ETN(H),Scores not found,,,,,,,,,,,,,,,,,,,,,,,,,,"<a href=""https://m.stock.naver.com/domestic/stock/610084/total"" target=""_blank"">Naver Mobile</a>"
610073,메리츠 KAP 인버스 2X 중국 위안화 ETN,Scores not found,,,,,,,,,,,,,,,,,,,,,,,,,,"<a href=""https://m.stock.naver.com/domestic/stock/610073/total"" target=""_blank"">Naver Mobile</a>"
530092,삼성 인버스 코스피 200 선물 ETN,Scores not found,,,,,,,,,,,,,,,,,,,,,,,,,,"<a href=""https://m.stock.naver.com/domestic/stock/530092/total"" target=""_blank"">Naver Mobile</a>"
570060,한투 인버스 2X 금 선물 ETN,Scores not found,,,,,,,,,,,,,,,,,,,,,,,,,,"<a href=""https://m.stock.naver.com/domestic/stock/570060/total"" target=""_blank"">Naver Mobile</a>"
580055,KB 블룸버그 레버리지 천연가스 선물 ETN,Scores not found,,,,,,,,,,,,,,,,,,,,,,,,,,"<a href=""https://m.stock.naver.com/domestic/stock/580055/total"" target=""_blank"">Naver Mobile</a>"
570101,한투 인버스 나스닥100 ETN B,Scores not found,,,,,,,,,,,,,,,,,,,,,,,,,,"<a href=""https://m.stock.naver.com/domestic/stock/570101/total"" target=""_blank"">Naver Mobile</a>"
700011,하나 레버리지 옥수수 선물 ETN(H),Scores not found,,,,,,,,,,,,,,,,,,,,,,,,,,"<a href=""https://m.stock.naver.com/domestic/stock/700011/total"" target=""_blank"">Naver Mobile</a>"
570058,한투 인버스 은 선물 ETN,Scores not found,,,,,,,,,,,,,,,,,,,,,,,,,,"<a href=""https://m.stock.naver.com/domestic/stock/570058/total"" target=""_blank"">Naver Mobile</a>"
004985,성신양회우,Scores not found,,,,,,,,,,,,,,,,,,,,,,,,,,"<a href=""https://m.stock.naver.com/domestic/stock/004985/total"" target=""_blank"">Naver Mobile</a>"
580062,KB 레버리지 미국채 30년 ETN,Scores not found,,,,,,,,,,,,,,,,,,,,,,,,,,"<a href=""https://m.stock.naver.com/domestic/stock/580062/total"" target=""_blank"">Naver Mobile</a>"
001515,SK증권우,Scores not found,,,,,,,,,,,,,,,,,,,,,,,,,,"<a href=""https://m.stock.naver.com/domestic/stock/001515/total"" target=""_blank"">Naver Mobile</a>"
570097,한투 S&P 엔달러 선물 ETN(H),Scores not found,,,,,,,,,,,,,,,,,,,,,,,,,,"<a href=""https://m.stock.naver.com/domestic/stock/570097/total"" target=""_blank"">Naver Mobile</a>"
001755,한양증권우,Scores not found,,,,,,,,,,,,,,,,,,,,,,,,,,"<a href=""https://m.stock.naver.com/domestic/stock/001755/total"" target=""_blank"">Naver Mobile</a>"
570056,한투 인버스 금 선물 ETN,Scores not found,,,,,,,,,,,,,,,,,,,,,,,,,,"<a href=""https://m.stock.naver.com/domestic/stock/570056/total"" target=""_blank"">Naver Mobile</a>"
530060,삼성 코스피 양매도 5% OTM ETN,Scores not found,,,,,,,,,,,,,,,,,,,,,,,,,,"<a href=""https://m.stock.naver.com/domestic/stock/530060/total"" target=""_blank"">Naver Mobile</a>"
610060,메리츠 인버스 3X 국채10년 ETN,Scores not found,,,,,,,,,,,,,,,,,,,,,,,,,,"<a href=""https://m.stock.naver.com/domestic/stock/610060/total"" target=""_blank"">Naver Mobile</a>"
500036,신한 인버스 2X 미국달러 선물 ETN,Scores not found,,,,,,,,,,,,,,,,,,,,,,,,,,"<a href=""https://m.stock.naver.com/domestic/stock/500036/total"" target=""_blank"">Naver Mobile</a>"
570111,한투 3X레버리지미국채30년 ETN,Scores not found,,,,,,,,,,,,,,,,,,,,,,,,,,"<a href=""https://m.stock.naver.com/domestic/stock/570111/total"" target=""_blank"">Naver Mobile</a>"
570095,한투 레버리지 일본 엔선물 ETN C,Scores not found,,,,,,,,,,,,,,,,,,,,,,,,,,"<a href=""https://m.stock.naver.com/domestic/stock/570095/total"" target=""_blank"">Naver Mobile</a>"
570109,한투 레버리지미국채30년 ETN,Scores not found,,,,,,,,,,,,,,,,,,,,,,,,,,"<a href=""https://m.stock.naver.com/domestic/stock/570109/total"" target=""_blank"">Naver Mobile</a>"
530062,삼성 인버스 2X 은 선물 ETN(H),Scores not found,,,,,,,,,,,,,,,,,,,,,,,,,,"<a href=""https://m.stock.naver.com/domestic/stock/530062/total"" target=""_blank"">Naver Mobile</a>"
580035,KB S&P 유럽탄소배출권 선물 ETN(H),Scores not found,,,,,,,,,,,,,,,,,,,,,,,,,,"<a href=""https://m.stock.naver.com/domestic/stock/580035/total"" target=""_blank"">Naver Mobile</a>"
530094,삼성 인버스 코스닥 150 선물 ETN,Scores not found,,,,,,,,,,,,,,,,,,,,,,,,,,"<a href=""https://m.stock.naver.com/domestic/stock/530094/total"" target=""_blank"">Naver Mobile</a>"
500067,신한 레버리지 10년 국채선물 ETN,Scores not found,,,,,,,,,,,,,,,,,,,,,,,,,,"<a href=""https://m.stock.naver.com/domestic/stock/500067/total"" target=""_blank"">Naver Mobile</a>"
610034,메리츠 대표 농산물 선물 ETN(H),Scores not found,,,,,,,,,,,,,,,,,,,,,,,,,,"<a href=""https://m.stock.naver.com/domestic/stock/610034/total"" target=""_blank"">Naver Mobile</a>"
550043,N2 인버스 레버리지 WTI원유 선물 ETN(H),Scores not found,,,,,,,,,,,,,,,,,,,,,,,,,,"<a href=""https://m.stock.naver.com/domestic/stock/550043/total"" target=""_blank"">Naver Mobile</a>"
570064,한투 인버스 베트남 VN30 선물 ETN(H),Scores not found,,,,,,,,,,,,,,,,,,,,,,,,,,"<a href=""https://m.stock.naver.com/domestic/stock/570064/total"" target=""_blank"">Naver Mobile</a>"
500070,신한 인버스 2X 코스피 200 선물 ETN,Scores not found,,,,,,,,,,,,,,,,,,,,,,,,,,"<a href=""https://m.stock.naver.com/domestic/stock/500070/total"" target=""_blank"">Naver Mobile</a>"
000325,노루홀딩스우,Scores not found,,,,,,,,,,,,,,,,,,,,,,,,,,"<a href=""https://m.stock.naver.com/domestic/stock/000325/total"" target=""_blank"">Naver Mobile</a>"
26490K,크라운제과우,Scores not found,,,,,,,,,,,,,,,,,,,,,,,,,,"<a href=""https://m.stock.naver.com/domestic/stock/26490K/total"" target=""_blank"">Naver Mobile</a>"
610033,메리츠 STAR 50 ETN,Scores not found,,,,,,,,,,,,,,,,,,,,,,,,,,"<a href=""https://m.stock.naver.com/domestic/stock/610033/total"" target=""_blank"">Naver Mobile</a>"
760014,키움 바이오TOP10 ETN,Scores not found,,,,,,,,,,,,,,,,,,,,,,,,,,"<a href=""https://m.stock.naver.com/domestic/stock/760014/total"" target=""_blank"">Naver Mobile</a>"
570091,한투 인버스 유로스탁스50 ETN(H) C,Scores not found,,,,,,,,,,,,,,,,,,,,,,,,,,"<a href=""https://m.stock.naver.com/domestic/stock/570091/total"" target=""_blank"">Naver Mobile</a>"
610013,메리츠 인버스 2X 금 선물 ETN(H),Scores not found,,,,,,,,,,,,,,,,,,,,,,,,,,"<a href=""https://m.stock.naver.com/domestic/stock/610013/total"" target=""_blank"">Naver Mobile</a>"
760021,키움 코스피200 선물 달러노출 ETN,Scores not found,,,,,,,,,,,,,,,,,,,,,,,,,,"<a href=""https://m.stock.naver.com/domestic/stock/760021/total"" target=""_blank"">Naver Mobile</a>"
510043,대신 인버스 천연가스 선물 ETN(H) B,Scores not found,,,,,,,,,,,,,,,,,,,,,,,,,,"<a href=""https://m.stock.naver.com/domestic/stock/510043/total"" target=""_blank"">Naver Mobile</a>"
570070,한투 인버스 2X 플래티넘 선물 ETN,Scores not found,,,,,,,,,,,,,,,,,,,,,,,,,,"<a href=""https://m.stock.naver.com/domestic/stock/570070/total"" target=""_blank"">Naver Mobile</a>"
550063,N2 인버스 레버리지 금 선물 ETN(H),Scores not found,,,,,,,,,,,,,,,,,,,,,,,,,,"<a href=""https://m.stock.naver.com/domestic/stock/550063/total"" target=""_blank"">Naver Mobile</a>"
500068,신한 인버스 2X 10년 국채선물 ETN,Scores not found,,,,,,,,,,,,,,,,,,,,,,,,,,"<a href=""https://m.stock.naver.com/domestic/stock/500068/total"" target=""_blank"">Naver Mobile</a>"
570098,한투 S&P 레버리지 엔달러 선물 ETN(H),Scores not found,,,,,,,,,,,,,,,,,,,,,,,,,,"<a href=""https://m.stock.naver.com/domestic/stock/570098/total"" target=""_blank"">Naver Mobile</a>"
36328K,티와이홀딩스우,Scores not found,,,,,,,,,,,,,,,,,,,,,,,,,,"<a href=""https://m.stock.naver.com/domestic/stock/36328K/total"" target=""_blank"">Naver Mobile</a>"
530084,삼성 인버스 금 선물 ETN(H),Scores not found,,,,,,,,,,,,,,,,,,,,,,,,,,"<a href=""https://m.stock.naver.com/domestic/stock/530084/total"" target=""_blank"">Naver Mobile</a>"
580032,KB 레버리지 구리 선물 ETN(H),Scores not found,,,,,,,,,,,,,,,,,,,,,,,,,,"<a href=""https://m.stock.naver.com/domestic/stock/580032/total"" target=""_blank"">Naver Mobile</a>"
760012,키움 반도체TOP10 ETN,Scores not found,,,,,,,,,,,,,,,,,,,,,,,,,,"<a href=""https://m.stock.naver.com/domestic/stock/760012/total"" target=""_blank"">Naver Mobile</a>"
520069,미래에셋 -2X 홍콩H 선물 ETN(H),Scores not found,,,,,,,,,,,,,,,,,,,,,,,,,,"<a href=""https://m.stock.naver.com/domestic/stock/520069/total"" target=""_blank"">Naver Mobile</a>"
530090,삼성 인버스 은 선물 ETN(H),Scores not found,,,,,,,,,,,,,,,,,,,,,,,,,,"<a href=""https://m.stock.naver.com/domestic/stock/530090/total"" target=""_blank"">Naver Mobile</a>"
000545,흥국화재우,Scores not found,,,,,,,,,,,,,,,,,,,,,,,,,,"<a href=""https://m.stock.naver.com/domestic/stock/000545/total"" target=""_blank"">Naver Mobile</a>"
570062,한투 인버스 2X 은 선물 ETN,Scores not found,,,,,,,,,,,,,,,,,,,,,,,,,,"<a href=""https://m.stock.naver.com/domestic/stock/570062/total"" target=""_blank"">Naver Mobile</a>"
45226K,한화갤러리아우,Scores not found,,,,,,,,,,,,,,,,,,,,,,,,,,"<a href=""https://m.stock.naver.com/domestic/stock/45226K/total"" target=""_blank"">Naver Mobile</a>"
090355,노루페인트우,Scores not found,,,,,,,,,,,,,,,,,,,,,,,,,,"<a href=""https://m.stock.naver.com/domestic/stock/090355/total"" target=""_blank"">Naver Mobile</a>"
610023,메리츠 레버리지 미국채10년 ETN(H),Scores not found,,,,,,,,,,,,,,,,,,,,,,,,,,"<a href=""https://m.stock.naver.com/domestic/stock/610023/total"" target=""_blank"">Naver Mobile</a>"
007575,일양약품우,Scores not found,,,,,,,,,,,,,,,,,,,,,,,,,,"<a href=""https://m.stock.naver.com/domestic/stock/007575/total"" target=""_blank"">Naver Mobile</a>"
000145,하이트진로홀딩스우,Scores not found,,,,,,,,,,,,,,,,,,,,,,,,,,"<a href=""https://m.stock.naver.com/domestic/stock/000145/total"" target=""_blank"">Naver Mobile</a>"
580033,KB 인버스 2X 구리 선물 ETN(H),Scores not found,,,,,,,,,,,,,,,,,,,,,,,,,,"<a href=""https://m.stock.naver.com/domestic/stock/580033/total"" target=""_blank"">Naver Mobile</a>"
580053,KB 레버리지 콩 선물 ETN,Scores not found,,,,,,,,,,,,,,,,,,,,,,,,,,"<a href=""https://m.stock.naver.com/domestic/stock/580053/total"" target=""_blank"">Naver Mobile</a>"
610062,메리츠 인버스 3X 국채30년 ETN,Scores not found,,,,,,,,,,,,,,,,,,,,,,,,,,"<a href=""https://m.stock.naver.com/domestic/stock/610062/total"" target=""_blank"">Naver Mobile</a>"
700018,하나 인버스 2X 코스닥150 선물 ETN,Scores not found,,,,,,,,,,,,,,,,,,,,,,,,,,"<a href=""https://m.stock.naver.com/domestic/stock/700018/total"" target=""_blank"">Naver Mobile</a>"
610017,메리츠 인버스 2X 은 선물 ETN(H),Scores not found,,,,,,,,,,,,,,,,,,,,,,,,,,"<a href=""https://m.stock.naver.com/domestic/stock/610017/total"" target=""_blank"">Naver Mobile</a>"
550065,N2 인버스 레버리지 은 선물 ETN(H),Scores not found,,,,,,,,,,,,,,,,,,,,,,,,,,"<a href=""https://m.stock.naver.com/domestic/stock/550065/total"" target=""_blank"">Naver Mobile</a>"
530122,삼성 인버스 2X 항셍테크 ETN(H) B,Scores not found,,,,,,,,,,,,,,,,,,,,,,,,,,"<a href=""https://m.stock.naver.com/domestic/stock/530122/total"" target=""_blank"">Naver Mobile</a>"
005745,크라운해태홀딩스우,Scores not found,,,,,,,,,,,,,,,,,,,,,,,,,,"<a href=""https://m.stock.naver.com/domestic/stock/005745/total"" target=""_blank"">Naver Mobile</a>"
500057,신한 인버스 2X Russell 2000 ETN,Scores not found,,,,,,,,,,,,,,,,,,,,,,,,,,"<a href=""https://m.stock.naver.com/domestic/stock/500057/total"" target=""_blank"">Naver Mobile</a>"
610043,메리츠 천연가스 선물 ETN(H),Scores not found,,,,,,,,,,,,,,,,,,,,,,,,,,"<a href=""https://m.stock.naver.com/domestic/stock/610043/total"" target=""_blank"">Naver Mobile</a>"
580017,KB 인버스 2X S&P 500 선물 ETN,Scores not found,,,,,,,,,,,,,,,,,,,,,,,,,,"<a href=""https://m.stock.naver.com/domestic/stock/580017/total"" target=""_blank"">Naver Mobile</a>"
760010,키움 2차전지산업 ETN,Scores not found,,,,,,,,,,,,,,,,,,,,,,,,,,"<a href=""https://m.stock.naver.com/domestic/stock/760010/total"" target=""_blank"">Naver Mobile</a>"
570023,한투 인버스 2X S&P500 선물 ETN(H),Scores not found,,,,,,,,,,,,,,,,,,,,,,,,,,"<a href=""https://m.stock.naver.com/domestic/stock/570023/total"" target=""_blank"">Naver Mobile</a>"
00781K,코리아써키트2우B,Scores not found,,,,,,,,,,,,,,,,,,,,,,,,,,"<a href=""https://m.stock.naver.com/domestic/stock/00781K/total"" target=""_blank"">Naver Mobile</a>"
004545,깨끗한나라우,Scores not found,,,,,,,,,,,,,,,,,,,,,,,,,,"<a href=""https://m.stock.naver.com/domestic/stock/004545/total"" target=""_blank"">Naver Mobile</a>"
014825,동원시스템즈우,Scores not found,,,,,,,,,,,,,,,,,,,,,,,,,,"<a href=""https://m.stock.naver.com/domestic/stock/014825/total"" target=""_blank"">Naver Mobile</a>"
005965,동부건설우,Scores not found,,,,,,,,,,,,,,,,,,,,,,,,,,"<a href=""https://m.stock.naver.com/domestic/stock/005965/total"" target=""_blank"">Naver Mobile</a>"
014285,금강공업우,Scores not found,,,,,,,,,,,,,,,,,,,,,,,,,,"<a href=""https://m.stock.naver.com/domestic/stock/014285/total"" target=""_blank"">Naver Mobile</a>"
012205,계양전기우,Scores not found,,,,,,,,,,,,,,,,,,,,,,,,,,"<a href=""https://m.stock.naver.com/domestic/stock/012205/total"" target=""_blank"">Naver Mobile</a>"
760011,키움 레버리지 2차전지산업 ETN,Scores not found,,,,,,,,,,,,,,,,,,,,,,,,,,"<a href=""https://m.stock.naver.com/domestic/stock/760011/total"" target=""_blank"">Naver Mobile</a>"
580040,KB 인버스 2X KOSPI 200 선물 ETN,Scores not found,,,,,,,,,,,,,,,,,,,,,,,,,,"<a href=""https://m.stock.naver.com/domestic/stock/580040/total"" target=""_blank"">Naver Mobile</a>"
580023,KB 인버스 2X 금 선물 ETN(H),Scores not found,,,,,,,,,,,,,,,,,,,,,,,,,,"<a href=""https://m.stock.naver.com/domestic/stock/580023/total"" target=""_blank"">Naver Mobile</a>"
008355,남선알미우,Scores not found,,,,,,,,,,,,,,,,,,,,,,,,,,"<a href=""https://m.stock.naver.com/domestic/stock/008355/total"" target=""_blank"">Naver Mobile</a>"
520011,미래에셋 인버스 원유선물혼합 ETN(H),Scores not found,,,,,,,,,,,,,,,,,,,,,,,,,,"<a href=""https://m.stock.naver.com/domestic/stock/520011/total"" target=""_blank"">Naver Mobile</a>"
011155,CJ씨푸드1우,Scores not found,,,,,,,,,,,,,,,,,,,,,,,,,,"<a href=""https://m.stock.naver.com/domestic/stock/011155/total"" target=""_blank"">Naver Mobile</a>"
009415,태영건설우,Scores not found,,,,,,,,,,,,,,,,,,,,,,,,,,"<a href=""https://m.stock.naver.com/domestic/stock/009415/total"" target=""_blank"">Naver Mobile</a>"
000227,유유제약2우B,Scores not found,,,,,,,,,,,,,,,,,,,,,,,,,,"<a href=""https://m.stock.naver.com/domestic/stock/000227/total"" target=""_blank"">Naver Mobile</a>"
500051,신한 인버스 2X S&P500 선물 ETN,Scores not found,,,,,,,,,,,,,,,,,,,,,,,,,,"<a href=""https://m.stock.naver.com/domestic/stock/500051/total"" target=""_blank"">Naver Mobile</a>"
700025,하나 블룸버그 2X 천연가스 선물 ETN(H) B,Scores not found,,,,,,,,,,,,,,,,,,,,,,,,,,"<a href=""https://m.stock.naver.com/domestic/stock/700025/total"" target=""_blank"">Naver Mobile</a>"
002995,금호건설우,Scores not found,,,,,,,,,,,,,,,,,,,,,,,,,,"<a href=""https://m.stock.naver.com/domestic/stock/002995/total"" target=""_blank"">Naver Mobile</a>"
002785,진흥기업우B,Scores not found,,,,,,,,,,,,,,,,,,,,,,,,,,"<a href=""https://m.stock.naver.com/domestic/stock/002785/total"" target=""_blank"">Naver Mobile</a>"
500030,신한 인버스 2X 은 선물 ETN(H),Scores not found,,,,,,,,,,,,,,,,,,,,,,,,,,"<a href=""https://m.stock.naver.com/domestic/stock/500030/total"" target=""_blank"">Naver Mobile</a>"
004415,서울식품우,Scores not found,,,,,,,,,,,,,,,,,,,,,,,,,,"<a href=""https://m.stock.naver.com/domestic/stock/004415/total"" target=""_blank"">Naver Mobile</a>"
580027,KB 인버스 2X 은 선물 ETN(H),Scores not found,,,,,,,,,,,,,,,,,,,,,,,,,,"<a href=""https://m.stock.naver.com/domestic/stock/580027/total"" target=""_blank"">Naver Mobile</a>"
001527,동양2우B,Scores not found,,,,,,,,,,,,,,,,,,,,,,,,,,"<a href=""https://m.stock.naver.com/domestic/stock/001527/total"" target=""_blank"">Naver Mobile</a>"
001525,동양우,Scores not found,,,,,,,,,,,,,,,,,,,,,,,,,,"<a href=""https://m.stock.naver.com/domestic/stock/001525/total"" target=""_blank"">Naver Mobile</a>"
002787,진흥기업2우B,Scores not found,,,,,,,,,,,,,,,,,,,,,,,,,,"<a href=""https://m.stock.naver.com/domestic/stock/002787/total"" target=""_blank"">Naver Mobile</a>"
014915,성문전자우,Scores not found,,,,,,,,,,,,,,,,,,,,,,,,,,"<a href=""https://m.stock.naver.com/domestic/stock/014915/total"" target=""_blank"">Naver Mobile</a>"
550045,N2 인버스 레버리지 S&P500 ETN,Scores not found,,,,,,,,,,,,,,,,,,,,,,,,,,"<a href=""https://m.stock.naver.com/domestic/stock/550045/total"" target=""_blank"">Naver Mobile</a>"
500038,신한 인버스 2X 금 선물 ETN,Scores not found,,,,,,,,,,,,,,,,,,,,,,,,,,"<a href=""https://m.stock.naver.com/domestic/stock/500038/total"" target=""_blank"">Naver Mobile</a>"
