Symbol,Name,Error,TotalScore,Growth,Profitability,Stability,Activity,Links
000210,DL,,100.0,100.0,,,,"<a href=""https://m.stock.naver.com/domestic/stock/000210/total"" target=""_blank"">Naver Mobile</a>"
483650,달바글로벌,,97.5,,,97.5,,"<a href=""https://m.stock.naver.com/domestic/stock/483650/total"" target=""_blank"">Naver Mobile</a>"
062040,산일전기,,97.5,,,97.5,,"<a href=""https://m.stock.naver.com/domestic/stock/062040/total"" target=""_blank"">Naver Mobile</a>"
462870,시프트업,,97.5,,,97.5,,"<a href=""https://m.stock.naver.com/domestic/stock/462870/total"" target=""_blank"">Naver Mobile</a>"
079900,전진건설로봇,,96.8,,,96.8,,"<a href=""https://m.stock.naver.com/domestic/stock/079900/total"" target=""_blank"">Naver Mobile</a>"
001230,동국홀딩스,,96.60000000000001,100.0,100.0,89.8,,"<a href=""https://m.stock.naver.com/domestic/stock/001230/total"" target=""_blank"">Naver Mobile</a>"
443060,HD현대마린솔루션,,94.6,,,94.6,,"<a href=""https://m.stock.naver.com/domestic/stock/443060/total"" target=""_blank"">Naver Mobile</a>"
185750,종근당,,93.83333333333333,100.0,87.1,94.4,,"<a href=""https://m.stock.naver.com/domestic/stock/185750/total"" target=""_blank"">Naver Mobile</a>"
005850,에스엘,,91.66666666666667,100.0,80.3,94.7,,"<a href=""https://m.stock.naver.com/domestic/stock/005850/total"" target=""_blank"">Naver Mobile</a>"
108320,LX세미콘,,91.56666666666666,100.0,77.2,97.5,,"<a href=""https://m.stock.naver.com/domestic/stock/108320/total"" target=""_blank"">Naver Mobile</a>"
192080,더블유게임즈,,90.375,90.1,91.9,98.8,80.7,"<a href=""https://m.stock.naver.com/domestic/stock/192080/total"" target=""_blank"">Naver Mobile</a>"
003230,삼양식품,,90.35,100.0,86.2,88.7,86.5,"<a href=""https://m.stock.naver.com/domestic/stock/003230/total"" target=""_blank"">Naver Mobile</a>"
002960,한국쉘석유,,90.03333333333335,73.0,100.0,97.1,,"<a href=""https://m.stock.naver.com/domestic/stock/002960/total"" target=""_blank"">Naver Mobile</a>"
003350,한국화장품제조,,89.775,100.0,81.5,96.3,81.3,"<a href=""https://m.stock.naver.com/domestic/stock/003350/total"" target=""_blank"">Naver Mobile</a>"
134380,미원화학,,88.625,93.6,78.1,98.8,84.0,"<a href=""https://m.stock.naver.com/domestic/stock/134380/total"" target=""_blank"">Naver Mobile</a>"
005430,한국공항,,88.35,98.9,66.1,98.8,89.6,"<a href=""https://m.stock.naver.com/domestic/stock/005430/total"" target=""_blank"">Naver Mobile</a>"
383800,LX홀딩스,,87.83333333333333,100.0,66.0,97.5,,"<a href=""https://m.stock.naver.com/domestic/stock/383800/total"" target=""_blank"">Naver Mobile</a>"
012750,에스원,,87.36666666666667,92.9,72.9,96.3,,"<a href=""https://m.stock.naver.com/domestic/stock/012750/total"" target=""_blank"">Naver Mobile</a>"
021820,세원정공,,87.2,100.0,64.1,97.5,,"<a href=""https://m.stock.naver.com/domestic/stock/021820/total"" target=""_blank"">Naver Mobile</a>"
227840,현대코퍼레이션홀딩스,,86.89999999999999,92.4,73.0,95.3,,"<a href=""https://m.stock.naver.com/domestic/stock/227840/total"" target=""_blank"">Naver Mobile</a>"
000320,노루홀딩스,,86.83333333333333,100.0,71.1,89.4,,"<a href=""https://m.stock.naver.com/domestic/stock/000320/total"" target=""_blank"">Naver Mobile</a>"
014440,영보화학,,86.65,99.9,80.2,98.8,67.7,"<a href=""https://m.stock.naver.com/domestic/stock/014440/total"" target=""_blank"">Naver Mobile</a>"
259960,크래프톤,,86.64999999999999,100.0,93.6,95.3,57.7,"<a href=""https://m.stock.naver.com/domestic/stock/259960/total"" target=""_blank"">Naver Mobile</a>"
034590,인천도시가스,,86.55,98.1,58.0,91.8,98.3,"<a href=""https://m.stock.naver.com/domestic/stock/034590/total"" target=""_blank"">Naver Mobile</a>"
030190,NICE평가정보,,86.5,88.7,80.3,96.8,80.2,"<a href=""https://m.stock.naver.com/domestic/stock/030190/total"" target=""_blank"">Naver Mobile</a>"
300720,한일시멘트,,86.36666666666667,100.0,73.8,85.3,,"<a href=""https://m.stock.naver.com/domestic/stock/300720/total"" target=""_blank"">Naver Mobile</a>"
035250,강원랜드,,86.15,76.2,85.8,95.1,87.5,"<a href=""https://m.stock.naver.com/domestic/stock/035250/total"" target=""_blank"">Naver Mobile</a>"
064400,LG씨엔에스,,86.1,,84.2,88.0,,"<a href=""https://m.stock.naver.com/domestic/stock/064400/total"" target=""_blank"">Naver Mobile</a>"
278470,에이피알,,85.9,97.2,84.5,95.3,66.6,"<a href=""https://m.stock.naver.com/domestic/stock/278470/total"" target=""_blank"">Naver Mobile</a>"
004490,세방전지,,85.7,100.0,69.6,97.0,76.2,"<a href=""https://m.stock.naver.com/domestic/stock/004490/total"" target=""_blank"">Naver Mobile</a>"
003300,한일홀딩스,,85.23333333333333,99.5,68.8,87.4,,"<a href=""https://m.stock.naver.com/domestic/stock/003300/total"" target=""_blank"">Naver Mobile</a>"
000240,한국앤컴퍼니,,84.92500000000001,100.0,82.6,94.0,63.1,"<a href=""https://m.stock.naver.com/domestic/stock/000240/total"" target=""_blank"">Naver Mobile</a>"
012510,더존비즈온,,84.6,98.5,79.9,81.8,78.2,"<a href=""https://m.stock.naver.com/domestic/stock/012510/total"" target=""_blank"">Naver Mobile</a>"
009680,모토닉,,84.16666666666667,95.5,59.5,97.5,,"<a href=""https://m.stock.naver.com/domestic/stock/009680/total"" target=""_blank"">Naver Mobile</a>"
009450,경동나비엔,,84.03333333333333,100.0,77.6,74.5,,"<a href=""https://m.stock.naver.com/domestic/stock/009450/total"" target=""_blank"">Naver Mobile</a>"
024090,디씨엠,,83.92500000000001,96.7,65.1,98.8,75.1,"<a href=""https://m.stock.naver.com/domestic/stock/024090/total"" target=""_blank"">Naver Mobile</a>"
284740,쿠쿠홈시스,,83.92500000000001,92.6,73.7,96.4,73.0,"<a href=""https://m.stock.naver.com/domestic/stock/284740/total"" target=""_blank"">Naver Mobile</a>"
009470,삼화전기,,83.8,90.3,70.4,92.5,82.0,"<a href=""https://m.stock.naver.com/domestic/stock/009470/total"" target=""_blank"">Naver Mobile</a>"
035420,NAVER,,83.8,92.6,77.9,84.9,79.8,"<a href=""https://m.stock.naver.com/domestic/stock/035420/total"" target=""_blank"">Naver Mobile</a>"
011200,HMM,,83.725,90.1,88.5,77.8,78.5,"<a href=""https://m.stock.naver.com/domestic/stock/011200/total"" target=""_blank"">Naver Mobile</a>"
035150,백산,,83.65,93.3,75.6,89.3,76.4,"<a href=""https://m.stock.naver.com/domestic/stock/035150/total"" target=""_blank"">Naver Mobile</a>"
489790,한화비전,,83.6,,,83.6,,"<a href=""https://m.stock.naver.com/domestic/stock/489790/total"" target=""_blank"">Naver Mobile</a>"
064350,현대로템,,83.45,93.6,69.5,83.7,87.0,"<a href=""https://m.stock.naver.com/domestic/stock/064350/total"" target=""_blank"">Naver Mobile</a>"
004800,효성,,83.39999999999999,100.0,77.6,72.6,,"<a href=""https://m.stock.naver.com/domestic/stock/004800/total"" target=""_blank"">Naver Mobile</a>"
272450,진에어,,83.225,85.7,86.1,65.2,95.9,"<a href=""https://m.stock.naver.com/domestic/stock/272450/total"" target=""_blank"">Naver Mobile</a>"
051600,한전KPS,,83.125,85.8,79.5,98.8,68.4,"<a href=""https://m.stock.naver.com/domestic/stock/051600/total"" target=""_blank"">Naver Mobile</a>"
180640,한진칼,,83.05000000000001,91.7,85.6,76.0,78.9,"<a href=""https://m.stock.naver.com/domestic/stock/180640/total"" target=""_blank"">Naver Mobile</a>"
071970,HD현대마린엔진,,82.925,100.0,81.2,85.8,64.7,"<a href=""https://m.stock.naver.com/domestic/stock/071970/total"" target=""_blank"">Naver Mobile</a>"
003780,진양산업,,82.875,75.3,76.2,91.0,89.0,"<a href=""https://m.stock.naver.com/domestic/stock/003780/total"" target=""_blank"">Naver Mobile</a>"
025540,한국단자,,82.72500000000001,94.8,70.7,97.6,67.8,"<a href=""https://m.stock.naver.com/domestic/stock/025540/total"" target=""_blank"">Naver Mobile</a>"
039130,하나투어,,82.65,95.8,82.0,66.1,86.7,"<a href=""https://m.stock.naver.com/domestic/stock/039130/total"" target=""_blank"">Naver Mobile</a>"
072710,농심홀딩스,,82.5,99.2,66.2,89.7,74.9,"<a href=""https://m.stock.naver.com/domestic/stock/072710/total"" target=""_blank"">Naver Mobile</a>"
011070,LG이노텍,,82.5,100.0,75.9,71.6,,"<a href=""https://m.stock.naver.com/domestic/stock/011070/total"" target=""_blank"">Naver Mobile</a>"
234080,JW생명과학,,82.45,86.2,82.2,86.7,74.7,"<a href=""https://m.stock.naver.com/domestic/stock/234080/total"" target=""_blank"">Naver Mobile</a>"
097520,엠씨넥스,,82.4,91.4,60.4,90.4,87.4,"<a href=""https://m.stock.naver.com/domestic/stock/097520/total"" target=""_blank"">Naver Mobile</a>"
453340,현대그린푸드,,82.39999999999999,,58.4,97.7,91.1,"<a href=""https://m.stock.naver.com/domestic/stock/453340/total"" target=""_blank"">Naver Mobile</a>"
023450,동남합성,,82.3,91.7,61.8,87.6,88.1,"<a href=""https://m.stock.naver.com/domestic/stock/023450/total"" target=""_blank"">Naver Mobile</a>"
229640,LS에코에너지,,82.15,96.7,60.8,81.6,89.5,"<a href=""https://m.stock.naver.com/domestic/stock/229640/total"" target=""_blank"">Naver Mobile</a>"
267260,HD현대일렉트릭,,82.14999999999999,100.0,88.4,82.5,57.7,"<a href=""https://m.stock.naver.com/domestic/stock/267260/total"" target=""_blank"">Naver Mobile</a>"
465770,STX그린로지스,,81.86666666666666,,90.1,77.1,78.4,"<a href=""https://m.stock.naver.com/domestic/stock/465770/total"" target=""_blank"">Naver Mobile</a>"
402340,SK스퀘어,,81.55,,67.6,95.5,,"<a href=""https://m.stock.naver.com/domestic/stock/402340/total"" target=""_blank"">Naver Mobile</a>"
025530,SJM홀딩스,,81.53333333333333,100.0,47.1,97.5,,"<a href=""https://m.stock.naver.com/domestic/stock/025530/total"" target=""_blank"">Naver Mobile</a>"
004970,신라교역,,81.39999999999999,100.0,48.6,95.6,,"<a href=""https://m.stock.naver.com/domestic/stock/004970/total"" target=""_blank"">Naver Mobile</a>"
267290,경동도시가스,,81.325,83.3,52.5,91.8,97.7,"<a href=""https://m.stock.naver.com/domestic/stock/267290/total"" target=""_blank"">Naver Mobile</a>"
011760,현대코퍼레이션,,81.26666666666667,100.0,79.8,64.0,,"<a href=""https://m.stock.naver.com/domestic/stock/011760/total"" target=""_blank"">Naver Mobile</a>"
001800,오리온홀딩스,,81.19999999999999,82.0,66.0,97.7,79.1,"<a href=""https://m.stock.naver.com/domestic/stock/001800/total"" target=""_blank"">Naver Mobile</a>"
298690,에어부산,,81.125,100.0,82.7,53.8,88.0,"<a href=""https://m.stock.naver.com/domestic/stock/298690/total"" target=""_blank"">Naver Mobile</a>"
058430,포스코스틸리온,,81.125,92.7,55.2,89.1,87.5,"<a href=""https://m.stock.naver.com/domestic/stock/058430/total"" target=""_blank"">Naver Mobile</a>"
010660,화천기계,,81.03333333333335,100.0,49.3,93.8,,"<a href=""https://m.stock.naver.com/domestic/stock/010660/total"" target=""_blank"">Naver Mobile</a>"
021240,코웨이,,80.94999999999999,78.9,77.3,86.7,80.9,"<a href=""https://m.stock.naver.com/domestic/stock/021240/total"" target=""_blank"">Naver Mobile</a>"
005610,SPC삼립,,80.93333333333334,100.0,80.9,61.9,,"<a href=""https://m.stock.naver.com/domestic/stock/005610/total"" target=""_blank"">Naver Mobile</a>"
005880,대한해운,,80.85000000000001,98.2,77.9,72.8,74.5,"<a href=""https://m.stock.naver.com/domestic/stock/005880/total"" target=""_blank"">Naver Mobile</a>"
019180,티에이치엔,,80.725,96.9,66.9,78.0,81.1,"<a href=""https://m.stock.naver.com/domestic/stock/019180/total"" target=""_blank"">Naver Mobile</a>"
090350,노루페인트,,80.625,82.1,59.9,93.4,87.1,"<a href=""https://m.stock.naver.com/domestic/stock/090350/total"" target=""_blank"">Naver Mobile</a>"
381970,케이카,,80.5,92.0,58.8,79.1,92.1,"<a href=""https://m.stock.naver.com/domestic/stock/381970/total"" target=""_blank"">Naver Mobile</a>"
192400,쿠쿠홀딩스,,80.475,77.2,75.6,95.2,73.9,"<a href=""https://m.stock.naver.com/domestic/stock/192400/total"" target=""_blank"">Naver Mobile</a>"
010640,진양폴리,,80.475,85.1,62.5,90.0,84.3,"<a href=""https://m.stock.naver.com/domestic/stock/010640/total"" target=""_blank"">Naver Mobile</a>"
178920,PI첨단소재,,80.4,96.6,71.7,90.0,63.3,"<a href=""https://m.stock.naver.com/domestic/stock/178920/total"" target=""_blank"">Naver Mobile</a>"
101530,해태제과식품,,80.075,86.2,67.7,77.6,88.8,"<a href=""https://m.stock.naver.com/domestic/stock/101530/total"" target=""_blank"">Naver Mobile</a>"
109070,주성코퍼레이션,,79.975,100.0,52.1,80.7,87.1,"<a href=""https://m.stock.naver.com/domestic/stock/109070/total"" target=""_blank"">Naver Mobile</a>"
025860,남해화학,,79.925,83.3,53.1,84.5,98.8,"<a href=""https://m.stock.naver.com/domestic/stock/025860/total"" target=""_blank"">Naver Mobile</a>"
004830,덕성,,79.925,92.7,57.5,91.8,77.7,"<a href=""https://m.stock.naver.com/domestic/stock/004830/total"" target=""_blank"">Naver Mobile</a>"
307950,현대오토에버,,79.80000000000001,78.2,62.4,95.7,82.9,"<a href=""https://m.stock.naver.com/domestic/stock/307950/total"" target=""_blank"">Naver Mobile</a>"
008110,대동전자,,79.575,83.3,88.7,76.6,69.7,"<a href=""https://m.stock.naver.com/domestic/stock/008110/total"" target=""_blank"">Naver Mobile</a>"
028100,동아지질,,79.475,97.5,52.6,84.0,83.8,"<a href=""https://m.stock.naver.com/domestic/stock/028100/total"" target=""_blank"">Naver Mobile</a>"
004450,삼화왕관,,79.43333333333334,100.0,56.4,81.9,,"<a href=""https://m.stock.naver.com/domestic/stock/004450/total"" target=""_blank"">Naver Mobile</a>"
025820,이구산업,,79.43333333333334,100.0,71.8,66.5,,"<a href=""https://m.stock.naver.com/domestic/stock/025820/total"" target=""_blank"">Naver Mobile</a>"
003960,사조대림,,79.35000000000001,89.7,64.1,81.4,82.2,"<a href=""https://m.stock.naver.com/domestic/stock/003960/total"" target=""_blank"">Naver Mobile</a>"
161390,한국타이어앤테크놀로지,,79.32499999999999,84.7,79.5,98.6,54.5,"<a href=""https://m.stock.naver.com/domestic/stock/161390/total"" target=""_blank"">Naver Mobile</a>"
042700,한미반도체,,79.17499999999998,84.8,92.9,97.1,41.9,"<a href=""https://m.stock.naver.com/domestic/stock/042700/total"" target=""_blank"">Naver Mobile</a>"
003280,흥아해운,,79.10000000000001,64.2,81.9,86.8,83.5,"<a href=""https://m.stock.naver.com/domestic/stock/003280/total"" target=""_blank"">Naver Mobile</a>"
271560,오리온,,79.05,56.4,79.3,98.3,82.2,"<a href=""https://m.stock.naver.com/domestic/stock/271560/total"" target=""_blank"">Naver Mobile</a>"
003850,보령,,79.05,94.6,66.0,92.9,62.7,"<a href=""https://m.stock.naver.com/domestic/stock/003850/total"" target=""_blank"">Naver Mobile</a>"
214420,토니모리,,79.05,100.0,60.0,80.7,75.5,"<a href=""https://m.stock.naver.com/domestic/stock/214420/total"" target=""_blank"">Naver Mobile</a>"
138490,코오롱ENP,,79.025,69.7,70.9,98.5,77.0,"<a href=""https://m.stock.naver.com/domestic/stock/138490/total"" target=""_blank"">Naver Mobile</a>"
001380,SG글로벌,,79.025,94.1,71.4,75.3,75.3,"<a href=""https://m.stock.naver.com/domestic/stock/001380/total"" target=""_blank"">Naver Mobile</a>"
446070,유니드비티플러스,,79.0,99.3,52.6,86.2,77.9,"<a href=""https://m.stock.naver.com/domestic/stock/446070/total"" target=""_blank"">Naver Mobile</a>"
207940,삼성바이오로직스,,78.875,93.0,89.4,87.8,45.3,"<a href=""https://m.stock.naver.com/domestic/stock/207940/total"" target=""_blank"">Naver Mobile</a>"
079550,LIG넥스원,,78.85,99.3,75.7,62.0,78.4,"<a href=""https://m.stock.naver.com/domestic/stock/079550/total"" target=""_blank"">Naver Mobile</a>"
128940,한미약품,,78.825,90.0,77.8,89.5,58.0,"<a href=""https://m.stock.naver.com/domestic/stock/128940/total"" target=""_blank"">Naver Mobile</a>"
001440,대한전선,,78.775,97.4,53.4,85.4,78.9,"<a href=""https://m.stock.naver.com/domestic/stock/001440/total"" target=""_blank"">Naver Mobile</a>"
396690,미래에셋글로벌리츠,,78.775,100.0,85.4,54.7,75.0,"<a href=""https://m.stock.naver.com/domestic/stock/396690/total"" target=""_blank"">Naver Mobile</a>"
072130,유엔젤,,78.725,100.0,54.4,84.4,76.1,"<a href=""https://m.stock.naver.com/domestic/stock/072130/total"" target=""_blank"">Naver Mobile</a>"
001130,대한제분,,78.69999999999999,83.3,65.8,88.8,76.9,"<a href=""https://m.stock.naver.com/domestic/stock/001130/total"" target=""_blank"">Naver Mobile</a>"
009240,한샘,,78.675,83.3,63.5,70.6,97.3,"<a href=""https://m.stock.naver.com/domestic/stock/009240/total"" target=""_blank"">Naver Mobile</a>"
006650,대한유화,,78.64999999999999,100.0,43.7,83.1,87.8,"<a href=""https://m.stock.naver.com/domestic/stock/006650/total"" target=""_blank"">Naver Mobile</a>"
000970,한국주철관,,78.325,80.5,57.9,98.7,76.2,"<a href=""https://m.stock.naver.com/domestic/stock/000970/total"" target=""_blank"">Naver Mobile</a>"
033250,체시스,,78.32499999999999,100.0,75.9,60.8,76.6,"<a href=""https://m.stock.naver.com/domestic/stock/033250/total"" target=""_blank"">Naver Mobile</a>"
107590,미원홀딩스,,78.3,87.6,60.2,86.1,79.3,"<a href=""https://m.stock.naver.com/domestic/stock/107590/total"" target=""_blank"">Naver Mobile</a>"
006090,사조오양,,78.25,85.3,65.6,84.9,77.2,"<a href=""https://m.stock.naver.com/domestic/stock/006090/total"" target=""_blank"">Naver Mobile</a>"
123700,SJM,,78.075,100.0,63.8,98.8,49.7,"<a href=""https://m.stock.naver.com/domestic/stock/123700/total"" target=""_blank"">Naver Mobile</a>"
326030,SK바이오팜,,77.975,100.0,71.4,78.6,61.9,"<a href=""https://m.stock.naver.com/domestic/stock/326030/total"" target=""_blank"">Naver Mobile</a>"
003650,미창석유,,77.875,67.4,75.8,98.8,69.5,"<a href=""https://m.stock.naver.com/domestic/stock/003650/total"" target=""_blank"">Naver Mobile</a>"
012320,경동인베스트,,77.85,78.1,61.3,90.4,81.6,"<a href=""https://m.stock.naver.com/domestic/stock/012320/total"" target=""_blank"">Naver Mobile</a>"
014580,태경비케이,,77.85,62.3,72.4,98.3,78.4,"<a href=""https://m.stock.naver.com/domestic/stock/014580/total"" target=""_blank"">Naver Mobile</a>"
036530,SNT홀딩스,,77.825,80.7,66.8,98.5,65.3,"<a href=""https://m.stock.naver.com/domestic/stock/036530/total"" target=""_blank"">Naver Mobile</a>"
083420,그린케미칼,,77.775,96.3,50.4,78.4,86.0,"<a href=""https://m.stock.naver.com/domestic/stock/083420/total"" target=""_blank"">Naver Mobile</a>"
117580,대성에너지,,77.7,83.3,52.0,80.9,94.6,"<a href=""https://m.stock.naver.com/domestic/stock/117580/total"" target=""_blank"">Naver Mobile</a>"
268280,미원에스씨,,77.675,85.5,74.3,86.2,64.7,"<a href=""https://m.stock.naver.com/domestic/stock/268280/total"" target=""_blank"">Naver Mobile</a>"
014830,유니드,,77.575,84.5,65.1,93.7,67.0,"<a href=""https://m.stock.naver.com/domestic/stock/014830/total"" target=""_blank"">Naver Mobile</a>"
009540,HD한국조선해양,,77.5,98.4,55.5,70.0,86.1,"<a href=""https://m.stock.naver.com/domestic/stock/009540/total"" target=""_blank"">Naver Mobile</a>"
244920,에이플러스에셋,,77.5,83.3,48.6,94.4,83.7,"<a href=""https://m.stock.naver.com/domestic/stock/244920/total"" target=""_blank"">Naver Mobile</a>"
194370,제이에스코퍼레이션,,77.475,99.4,77.3,64.2,69.0,"<a href=""https://m.stock.naver.com/domestic/stock/194370/total"" target=""_blank"">Naver Mobile</a>"
103140,풍산,,77.425,89.7,65.1,93.0,61.9,"<a href=""https://m.stock.naver.com/domestic/stock/103140/total"" target=""_blank"">Naver Mobile</a>"
272550,삼양패키징,,77.375,84.0,62.0,87.6,75.9,"<a href=""https://m.stock.naver.com/domestic/stock/272550/total"" target=""_blank"">Naver Mobile</a>"
090460,비에이치,,77.35,74.8,61.1,88.6,84.9,"<a href=""https://m.stock.naver.com/domestic/stock/090460/total"" target=""_blank"">Naver Mobile</a>"
008930,한미사이언스,,77.175,66.2,67.0,88.4,87.1,"<a href=""https://m.stock.naver.com/domestic/stock/008930/total"" target=""_blank"">Naver Mobile</a>"
005870,휴니드,,77.15,96.0,64.9,94.1,53.6,"<a href=""https://m.stock.naver.com/domestic/stock/005870/total"" target=""_blank"">Naver Mobile</a>"
000660,SK하이닉스,,77.15,100.0,87.8,71.3,49.5,"<a href=""https://m.stock.naver.com/domestic/stock/000660/total"" target=""_blank"">Naver Mobile</a>"
003720,삼영,,77.15,75.0,70.2,86.0,77.4,"<a href=""https://m.stock.naver.com/domestic/stock/003720/total"" target=""_blank"">Naver Mobile</a>"
011690,와이투솔루션,,77.075,100.0,58.6,86.2,63.5,"<a href=""https://m.stock.naver.com/domestic/stock/011690/total"" target=""_blank"">Naver Mobile</a>"
298020,효성티앤씨,,77.06666666666666,100.0,70.5,60.7,,"<a href=""https://m.stock.naver.com/domestic/stock/298020/total"" target=""_blank"">Naver Mobile</a>"
000270,기아,,77.06666666666666,65.0,82.7,83.5,,"<a href=""https://m.stock.naver.com/domestic/stock/000270/total"" target=""_blank"">Naver Mobile</a>"
008500,일정실업,,77.025,100.0,73.7,55.0,79.4,"<a href=""https://m.stock.naver.com/domestic/stock/008500/total"" target=""_blank"">Naver Mobile</a>"
010120,LS ELECTRIC,,77.02499999999999,82.0,63.2,88.2,74.7,"<a href=""https://m.stock.naver.com/domestic/stock/010120/total"" target=""_blank"">Naver Mobile</a>"
086280,현대글로비스,,76.96666666666667,68.5,76.9,85.5,,"<a href=""https://m.stock.naver.com/domestic/stock/086280/total"" target=""_blank"">Naver Mobile</a>"
383220,F&F,,76.925,50.0,88.3,94.7,74.7,"<a href=""https://m.stock.naver.com/domestic/stock/383220/total"" target=""_blank"">Naver Mobile</a>"
005180,빙그레,,76.9,59.9,65.0,93.7,89.0,"<a href=""https://m.stock.naver.com/domestic/stock/005180/total"" target=""_blank"">Naver Mobile</a>"
004690,삼천리,,76.875,82.9,53.6,76.1,94.9,"<a href=""https://m.stock.naver.com/domestic/stock/004690/total"" target=""_blank"">Naver Mobile</a>"
079430,현대리바트,,76.875,98.2,46.4,73.8,89.1,"<a href=""https://m.stock.naver.com/domestic/stock/079430/total"" target=""_blank"">Naver Mobile</a>"
145270,케이탑리츠,,76.85,74.3,90.9,67.2,75.0,"<a href=""https://m.stock.naver.com/domestic/stock/145270/total"" target=""_blank"">Naver Mobile</a>"
000700,유수홀딩스,,76.75,79.5,50.1,98.8,78.6,"<a href=""https://m.stock.naver.com/domestic/stock/000700/total"" target=""_blank"">Naver Mobile</a>"
456040,OCI,,76.65,,62.9,90.4,,"<a href=""https://m.stock.naver.com/domestic/stock/456040/total"" target=""_blank"">Naver Mobile</a>"
082740,한화엔진,,76.53333333333333,100.0,70.2,59.4,,"<a href=""https://m.stock.naver.com/domestic/stock/082740/total"" target=""_blank"">Naver Mobile</a>"
006340,대원전선,,76.525,85.4,52.4,84.2,84.1,"<a href=""https://m.stock.naver.com/domestic/stock/006340/total"" target=""_blank"">Naver Mobile</a>"
005740,크라운해태홀딩스,,76.52499999999999,82.3,56.4,81.1,86.3,"<a href=""https://m.stock.naver.com/domestic/stock/005740/total"" target=""_blank"">Naver Mobile</a>"
006390,한일현대시멘트,,76.5,83.3,70.4,84.0,68.3,"<a href=""https://m.stock.naver.com/domestic/stock/006390/total"" target=""_blank"">Naver Mobile</a>"
001420,태원물산,,76.45,80.8,72.5,86.1,66.4,"<a href=""https://m.stock.naver.com/domestic/stock/001420/total"" target=""_blank"">Naver Mobile</a>"
000590,CS홀딩스,,76.425,83.3,76.4,95.9,50.1,"<a href=""https://m.stock.naver.com/domestic/stock/000590/total"" target=""_blank"">Naver Mobile</a>"
011150,CJ씨푸드,,76.4,100.0,53.8,73.0,78.8,"<a href=""https://m.stock.naver.com/domestic/stock/011150/total"" target=""_blank"">Naver Mobile</a>"
001630,종근당홀딩스,,76.39999999999999,100.0,55.5,73.7,,"<a href=""https://m.stock.naver.com/domestic/stock/001630/total"" target=""_blank"">Naver Mobile</a>"
000640,동아쏘시오홀딩스,,76.375,97.3,56.5,76.8,74.9,"<a href=""https://m.stock.naver.com/domestic/stock/000640/total"" target=""_blank"">Naver Mobile</a>"
015890,태경산업,,76.375,76.1,57.0,93.2,79.2,"<a href=""https://m.stock.naver.com/domestic/stock/015890/total"" target=""_blank"">Naver Mobile</a>"
033240,자화전자,,76.32499999999999,100.0,57.0,74.2,74.1,"<a href=""https://m.stock.naver.com/domestic/stock/033240/total"" target=""_blank"">Naver Mobile</a>"
005440,현대지에프홀딩스,,76.3,83.3,64.2,93.0,64.7,"<a href=""https://m.stock.naver.com/domestic/stock/005440/total"" target=""_blank"">Naver Mobile</a>"
004980,성신양회,,76.175,91.5,62.9,73.8,76.5,"<a href=""https://m.stock.naver.com/domestic/stock/004980/total"" target=""_blank"">Naver Mobile</a>"
005810,풍산홀딩스,,76.175,88.1,76.8,87.5,52.3,"<a href=""https://m.stock.naver.com/domestic/stock/005810/total"" target=""_blank"">Naver Mobile</a>"
009140,경인전자,,76.125,78.1,72.8,86.2,67.4,"<a href=""https://m.stock.naver.com/domestic/stock/009140/total"" target=""_blank"">Naver Mobile</a>"
009150,삼성전기,,76.05000000000001,78.9,60.2,96.4,68.7,"<a href=""https://m.stock.naver.com/domestic/stock/009150/total"" target=""_blank"">Naver Mobile</a>"
017390,서울가스,,76.05000000000001,81.2,44.8,85.8,92.4,"<a href=""https://m.stock.naver.com/domestic/stock/017390/total"" target=""_blank"">Naver Mobile</a>"
057050,현대홈쇼핑,,76.025,100.0,53.8,94.4,55.9,"<a href=""https://m.stock.naver.com/domestic/stock/057050/total"" target=""_blank"">Naver Mobile</a>"
075180,새론오토모티브,,76.02499999999999,84.6,53.6,95.6,70.3,"<a href=""https://m.stock.naver.com/domestic/stock/075180/total"" target=""_blank"">Naver Mobile</a>"
026960,동서,,76.0,50.0,82.5,98.8,72.7,"<a href=""https://m.stock.naver.com/domestic/stock/026960/total"" target=""_blank"">Naver Mobile</a>"
085310,엔케이,,75.97500000000001,70.1,71.2,85.8,76.8,"<a href=""https://m.stock.naver.com/domestic/stock/085310/total"" target=""_blank"">Naver Mobile</a>"
009770,삼정펄프,,75.925,66.7,74.8,86.2,76.0,"<a href=""https://m.stock.naver.com/domestic/stock/009770/total"" target=""_blank"">Naver Mobile</a>"
011500,한농화성,,75.85,83.3,52.4,89.8,77.9,"<a href=""https://m.stock.naver.com/domestic/stock/011500/total"" target=""_blank"">Naver Mobile</a>"
145720,덴티움,,75.85,80.4,81.3,86.6,55.1,"<a href=""https://m.stock.naver.com/domestic/stock/145720/total"" target=""_blank"">Naver Mobile</a>"
031440,신세계푸드,,75.80000000000001,86.9,51.0,74.4,90.9,"<a href=""https://m.stock.naver.com/domestic/stock/031440/total"" target=""_blank"">Naver Mobile</a>"
015860,일진홀딩스,,75.775,95.8,49.8,81.5,76.0,"<a href=""https://m.stock.naver.com/domestic/stock/015860/total"" target=""_blank"">Naver Mobile</a>"
025000,KPX케미칼,,75.775,69.9,67.4,91.0,74.8,"<a href=""https://m.stock.naver.com/domestic/stock/025000/total"" target=""_blank"">Naver Mobile</a>"
004250,NPC,,75.75,66.7,69.3,88.5,78.5,"<a href=""https://m.stock.naver.com/domestic/stock/004250/total"" target=""_blank"">Naver Mobile</a>"
022100,포스코DX,,75.7,50.0,64.7,96.6,91.5,"<a href=""https://m.stock.naver.com/domestic/stock/022100/total"" target=""_blank"">Naver Mobile</a>"
126720,수산인더스트리,,75.6,50.0,73.8,96.2,82.4,"<a href=""https://m.stock.naver.com/domestic/stock/126720/total"" target=""_blank"">Naver Mobile</a>"
000720,현대건설,,75.55000000000001,83.3,48.1,83.4,87.4,"<a href=""https://m.stock.naver.com/domestic/stock/000720/total"" target=""_blank"">Naver Mobile</a>"
200880,서연이화,,75.55,79.5,57.7,72.7,92.3,"<a href=""https://m.stock.naver.com/domestic/stock/200880/total"" target=""_blank"">Naver Mobile</a>"
145990,삼양사,,75.525,80.7,59.1,85.9,76.4,"<a href=""https://m.stock.naver.com/domestic/stock/145990/total"" target=""_blank"">Naver Mobile</a>"
192820,코스맥스,,75.5,97.5,61.6,64.2,78.7,"<a href=""https://m.stock.naver.com/domestic/stock/192820/total"" target=""_blank"">Naver Mobile</a>"
005820,원림,,75.44999999999999,75.2,64.7,93.8,68.1,"<a href=""https://m.stock.naver.com/domestic/stock/005820/total"" target=""_blank"">Naver Mobile</a>"
002720,국제약품,,75.425,96.3,51.1,87.8,66.5,"<a href=""https://m.stock.naver.com/domestic/stock/002720/total"" target=""_blank"">Naver Mobile</a>"
001060,JW중외제약,,75.4,69.2,80.7,76.9,74.8,"<a href=""https://m.stock.naver.com/domestic/stock/001060/total"" target=""_blank"">Naver Mobile</a>"
114090,GKL,,75.375,50.0,67.4,94.6,89.5,"<a href=""https://m.stock.naver.com/domestic/stock/114090/total"" target=""_blank"">Naver Mobile</a>"
029530,신도리코,,75.35,77.1,69.4,86.2,68.7,"<a href=""https://m.stock.naver.com/domestic/stock/029530/total"" target=""_blank"">Naver Mobile</a>"
183190,아세아시멘트,,75.35,70.6,71.0,82.0,77.8,"<a href=""https://m.stock.naver.com/domestic/stock/183190/total"" target=""_blank"">Naver Mobile</a>"
329180,HD현대중공업,,75.275,99.6,53.6,64.5,83.4,"<a href=""https://m.stock.naver.com/domestic/stock/329180/total"" target=""_blank"">Naver Mobile</a>"
023350,한국종합기술,,75.23333333333333,100.0,62.3,63.4,,"<a href=""https://m.stock.naver.com/domestic/stock/023350/total"" target=""_blank"">Naver Mobile</a>"
093240,형지엘리트,,75.2,100.0,56.6,84.4,59.8,"<a href=""https://m.stock.naver.com/domestic/stock/093240/total"" target=""_blank"">Naver Mobile</a>"
000760,이화산업,,75.13333333333334,100.0,40.0,85.4,,"<a href=""https://m.stock.naver.com/domestic/stock/000760/total"" target=""_blank"">Naver Mobile</a>"
010620,HD현대미포,,75.1,91.2,45.5,70.9,92.8,"<a href=""https://m.stock.naver.com/domestic/stock/010620/total"" target=""_blank"">Naver Mobile</a>"
005500,삼진제약,,75.05,86.7,76.8,85.8,50.9,"<a href=""https://m.stock.naver.com/domestic/stock/005500/total"" target=""_blank"">Naver Mobile</a>"
004560,현대비앤지스틸,,74.97500000000001,83.3,58.5,86.8,71.3,"<a href=""https://m.stock.naver.com/domestic/stock/004560/total"" target=""_blank"">Naver Mobile</a>"
012030,DB,,74.975,83.3,65.7,72.1,78.8,"<a href=""https://m.stock.naver.com/domestic/stock/012030/total"" target=""_blank"">Naver Mobile</a>"
003570,SNT다이내믹스,,74.925,98.7,73.0,72.9,55.1,"<a href=""https://m.stock.naver.com/domestic/stock/003570/total"" target=""_blank"">Naver Mobile</a>"
009900,명신산업,,74.82499999999999,50.0,71.7,91.0,86.6,"<a href=""https://m.stock.naver.com/domestic/stock/009900/total"" target=""_blank"">Naver Mobile</a>"
069260,TKG휴켐스,,74.82499999999999,50.0,64.4,98.8,86.1,"<a href=""https://m.stock.naver.com/domestic/stock/069260/total"" target=""_blank"">Naver Mobile</a>"
002150,도화엔지니어링,,74.8,88.6,52.9,78.5,79.2,"<a href=""https://m.stock.naver.com/domestic/stock/002150/total"" target=""_blank"">Naver Mobile</a>"
020760,일진디스플,,74.8,100.0,43.1,74.3,81.8,"<a href=""https://m.stock.naver.com/domestic/stock/020760/total"" target=""_blank"">Naver Mobile</a>"
161890,한국콜마,,74.75,97.0,49.7,77.5,74.8,"<a href=""https://m.stock.naver.com/domestic/stock/161890/total"" target=""_blank"">Naver Mobile</a>"
027410,BGF,,74.725,69.7,68.8,97.6,62.8,"<a href=""https://m.stock.naver.com/domestic/stock/027410/total"" target=""_blank"">Naver Mobile</a>"
120030,조선선재,,74.7,66.7,81.2,96.0,54.9,"<a href=""https://m.stock.naver.com/domestic/stock/120030/total"" target=""_blank"">Naver Mobile</a>"
112610,씨에스윈드,,74.65,100.0,59.7,65.8,73.1,"<a href=""https://m.stock.naver.com/domestic/stock/112610/total"" target=""_blank"">Naver Mobile</a>"
017960,한국카본,,74.65,83.3,58.7,77.0,79.6,"<a href=""https://m.stock.naver.com/domestic/stock/017960/total"" target=""_blank"">Naver Mobile</a>"
071320,지역난방공사,,74.64999999999999,83.3,76.6,54.6,84.1,"<a href=""https://m.stock.naver.com/domestic/stock/071320/total"" target=""_blank"">Naver Mobile</a>"
018250,애경산업,,74.575,64.6,62.7,98.8,72.2,"<a href=""https://m.stock.naver.com/domestic/stock/018250/total"" target=""_blank"">Naver Mobile</a>"
012630,HDC,,74.56666666666666,96.5,53.1,74.1,,"<a href=""https://m.stock.naver.com/domestic/stock/012630/total"" target=""_blank"">Naver Mobile</a>"
008350,남선알미늄,,74.55,77.8,51.3,90.3,78.8,"<a href=""https://m.stock.naver.com/domestic/stock/008350/total"" target=""_blank"">Naver Mobile</a>"
111380,동인기연,,74.5,,69.0,79.0,75.5,"<a href=""https://m.stock.naver.com/domestic/stock/111380/total"" target=""_blank"">Naver Mobile</a>"
251270,넷마블,,74.475,88.9,54.9,74.6,79.5,"<a href=""https://m.stock.naver.com/domestic/stock/251270/total"" target=""_blank"">Naver Mobile</a>"
096760,JW홀딩스,,74.39999999999999,84.0,79.5,75.2,58.9,"<a href=""https://m.stock.naver.com/domestic/stock/096760/total"" target=""_blank"">Naver Mobile</a>"
000080,하이트진로,,74.375,86.3,61.3,72.7,77.2,"<a href=""https://m.stock.naver.com/domestic/stock/000080/total"" target=""_blank"">Naver Mobile</a>"
226320,잇츠한불,,74.35,83.3,67.1,90.5,56.5,"<a href=""https://m.stock.naver.com/domestic/stock/226320/total"" target=""_blank"">Naver Mobile</a>"
030720,동원수산,,74.35,98.3,50.0,67.7,81.4,"<a href=""https://m.stock.naver.com/domestic/stock/030720/total"" target=""_blank"">Naver Mobile</a>"
009320,아진전자부품,,74.35,99.0,55.0,61.3,82.1,"<a href=""https://m.stock.naver.com/domestic/stock/009320/total"" target=""_blank"">Naver Mobile</a>"
003010,혜인,,74.35,83.3,62.9,73.0,78.2,"<a href=""https://m.stock.naver.com/domestic/stock/003010/total"" target=""_blank"">Naver Mobile</a>"
025750,한솔홈데코,,74.325,97.6,46.6,72.3,80.8,"<a href=""https://m.stock.naver.com/domestic/stock/025750/total"" target=""_blank"">Naver Mobile</a>"
010420,한솔PNS,,74.275,85.5,45.9,70.9,94.8,"<a href=""https://m.stock.naver.com/domestic/stock/010420/total"" target=""_blank"">Naver Mobile</a>"
006890,태경케미컬,,74.25,53.0,72.0,98.8,73.2,"<a href=""https://m.stock.naver.com/domestic/stock/006890/total"" target=""_blank"">Naver Mobile</a>"
007660,이수페타시스,,74.2,72.7,73.1,80.1,70.9,"<a href=""https://m.stock.naver.com/domestic/stock/007660/total"" target=""_blank"">Naver Mobile</a>"
010130,고려아연,,73.85,79.6,57.9,89.3,68.6,"<a href=""https://m.stock.naver.com/domestic/stock/010130/total"" target=""_blank"">Naver Mobile</a>"
000480,CR홀딩스,,73.8,100.0,51.7,69.7,,"<a href=""https://m.stock.naver.com/domestic/stock/000480/total"" target=""_blank"">Naver Mobile</a>"
108670,LX하우시스,,73.73333333333333,100.0,58.8,62.4,,"<a href=""https://m.stock.naver.com/domestic/stock/108670/total"" target=""_blank"">Naver Mobile</a>"
073240,금호타이어,,73.7,92.9,75.2,65.2,61.5,"<a href=""https://m.stock.naver.com/domestic/stock/073240/total"" target=""_blank"">Naver Mobile</a>"
017370,우신시스템,,73.675,100.0,57.7,67.1,69.9,"<a href=""https://m.stock.naver.com/domestic/stock/017370/total"" target=""_blank"">Naver Mobile</a>"
067830,세이브존I&C,,73.625,50.0,66.0,96.0,82.5,"<a href=""https://m.stock.naver.com/domestic/stock/067830/total"" target=""_blank"">Naver Mobile</a>"
092790,넥스틸,,73.6,,68.6,83.6,68.6,"<a href=""https://m.stock.naver.com/domestic/stock/092790/total"" target=""_blank"">Naver Mobile</a>"
009970,영원무역홀딩스,,73.56666666666666,50.0,73.2,97.5,,"<a href=""https://m.stock.naver.com/domestic/stock/009970/total"" target=""_blank"">Naver Mobile</a>"
000990,DB하이텍,,73.46666666666667,50.0,72.9,97.5,,"<a href=""https://m.stock.naver.com/domestic/stock/000990/total"" target=""_blank"">Naver Mobile</a>"
037710,광주신세계,,73.375,50.2,74.1,88.8,80.4,"<a href=""https://m.stock.naver.com/domestic/stock/037710/total"" target=""_blank"">Naver Mobile</a>"
016740,두올,,73.325,75.2,56.0,80.4,81.7,"<a href=""https://m.stock.naver.com/domestic/stock/016740/total"" target=""_blank"">Naver Mobile</a>"
000860,강남제비스코,,73.3,83.3,52.0,88.2,69.7,"<a href=""https://m.stock.naver.com/domestic/stock/000860/total"" target=""_blank"">Naver Mobile</a>"
002760,보락,,73.275,83.3,55.4,98.8,55.6,"<a href=""https://m.stock.naver.com/domestic/stock/002760/total"" target=""_blank"">Naver Mobile</a>"
044450,KSS해운,,73.25,88.6,63.9,59.4,81.1,"<a href=""https://m.stock.naver.com/domestic/stock/044450/total"" target=""_blank"">Naver Mobile</a>"
091090,세원이앤씨,,73.23333333333333,100.0,40.0,79.7,,"<a href=""https://m.stock.naver.com/domestic/stock/091090/total"" target=""_blank"">Naver Mobile</a>"
004140,동방,,73.17500000000001,88.2,58.4,60.2,85.9,"<a href=""https://m.stock.naver.com/domestic/stock/004140/total"" target=""_blank"">Naver Mobile</a>"
097950,CJ제일제당,,73.125,83.1,54.6,69.5,85.3,"<a href=""https://m.stock.naver.com/domestic/stock/097950/total"" target=""_blank"">Naver Mobile</a>"
214330,금호에이치티,,73.10000000000001,83.3,46.1,88.2,74.8,"<a href=""https://m.stock.naver.com/domestic/stock/214330/total"" target=""_blank"">Naver Mobile</a>"
013580,계룡건설,,73.10000000000001,98.9,60.4,60.0,,"<a href=""https://m.stock.naver.com/domestic/stock/013580/total"" target=""_blank"">Naver Mobile</a>"
034020,두산에너빌리티,,73.10000000000001,100.0,51.1,68.2,,"<a href=""https://m.stock.naver.com/domestic/stock/034020/total"" target=""_blank"">Naver Mobile</a>"
027970,한국제지,,73.1,100.0,45.7,79.2,67.5,"<a href=""https://m.stock.naver.com/domestic/stock/027970/total"" target=""_blank"">Naver Mobile</a>"
069620,대웅제약,,73.075,88.3,64.0,72.9,67.1,"<a href=""https://m.stock.naver.com/domestic/stock/069620/total"" target=""_blank"">Naver Mobile</a>"
002840,미원상사,,73.05,55.2,76.3,98.8,61.9,"<a href=""https://m.stock.naver.com/domestic/stock/002840/total"" target=""_blank"">Naver Mobile</a>"
000050,경방,,73.03333333333333,100.0,43.1,76.0,,"<a href=""https://m.stock.naver.com/domestic/stock/000050/total"" target=""_blank"">Naver Mobile</a>"
006660,삼성공조,,73.025,50.0,64.9,98.8,78.4,"<a href=""https://m.stock.naver.com/domestic/stock/006660/total"" target=""_blank"">Naver Mobile</a>"
078520,에이블씨엔씨,,72.97500000000001,71.9,60.2,88.8,71.0,"<a href=""https://m.stock.naver.com/domestic/stock/078520/total"" target=""_blank"">Naver Mobile</a>"
016710,대성홀딩스,,72.975,66.7,49.8,82.9,92.5,"<a href=""https://m.stock.naver.com/domestic/stock/016710/total"" target=""_blank"">Naver Mobile</a>"
103590,일진전기,,72.95,82.3,54.7,76.3,78.5,"<a href=""https://m.stock.naver.com/domestic/stock/103590/total"" target=""_blank"">Naver Mobile</a>"
280360,롯데웰푸드,,72.925,83.3,51.5,78.6,78.3,"<a href=""https://m.stock.naver.com/domestic/stock/280360/total"" target=""_blank"">Naver Mobile</a>"
377300,카카오페이,,72.9,83.2,53.4,80.0,75.0,"<a href=""https://m.stock.naver.com/domestic/stock/377300/total"" target=""_blank"">Naver Mobile</a>"
007860,서연,,72.875,71.0,54.8,77.4,88.3,"<a href=""https://m.stock.naver.com/domestic/stock/007860/total"" target=""_blank"">Naver Mobile</a>"
035510,신세계 I&C,,72.80000000000001,50.0,58.3,94.5,88.4,"<a href=""https://m.stock.naver.com/domestic/stock/035510/total"" target=""_blank"">Naver Mobile</a>"
090430,아모레퍼시픽,,72.8,79.6,69.6,89.5,52.5,"<a href=""https://m.stock.naver.com/domestic/stock/090430/total"" target=""_blank"">Naver Mobile</a>"
030000,제일기획,,72.7,57.0,63.3,91.0,79.5,"<a href=""https://m.stock.naver.com/domestic/stock/030000/total"" target=""_blank"">Naver Mobile</a>"
004360,세방,,72.69999999999999,64.0,56.5,84.7,85.6,"<a href=""https://m.stock.naver.com/domestic/stock/004360/total"" target=""_blank"">Naver Mobile</a>"
000120,CJ대한통운,,72.63333333333334,94.0,59.0,64.9,,"<a href=""https://m.stock.naver.com/domestic/stock/000120/total"" target=""_blank"">Naver Mobile</a>"
017860,DS단석,,72.63333333333334,,57.7,69.8,90.4,"<a href=""https://m.stock.naver.com/domestic/stock/017860/total"" target=""_blank"">Naver Mobile</a>"
008060,대덕,,72.55000000000001,66.7,53.0,93.4,77.1,"<a href=""https://m.stock.naver.com/domestic/stock/008060/total"" target=""_blank"">Naver Mobile</a>"
044380,주연테크,,72.55,90.1,42.5,85.1,72.5,"<a href=""https://m.stock.naver.com/domestic/stock/044380/total"" target=""_blank"">Naver Mobile</a>"
017800,현대엘리베이터,,72.52499999999999,76.6,56.6,71.2,85.7,"<a href=""https://m.stock.naver.com/domestic/stock/017800/total"" target=""_blank"">Naver Mobile</a>"
007110,일신석재,,72.45,83.3,54.6,83.5,68.4,"<a href=""https://m.stock.naver.com/domestic/stock/007110/total"" target=""_blank"">Naver Mobile</a>"
005750,대림바스,,72.44999999999999,94.5,51.2,74.7,69.4,"<a href=""https://m.stock.naver.com/domestic/stock/005750/total"" target=""_blank"">Naver Mobile</a>"
033780,KT&G,,72.4,67.0,79.9,97.6,45.1,"<a href=""https://m.stock.naver.com/domestic/stock/033780/total"" target=""_blank"">Naver Mobile</a>"
487570,HS효성,,72.4,,,72.4,,"<a href=""https://m.stock.naver.com/domestic/stock/487570/total"" target=""_blank"">Naver Mobile</a>"
005110,한창,,72.375,83.3,66.6,64.5,75.1,"<a href=""https://m.stock.naver.com/domestic/stock/005110/total"" target=""_blank"">Naver Mobile</a>"
094280,효성ITX,,72.35000000000001,51.4,63.0,84.2,90.8,"<a href=""https://m.stock.naver.com/domestic/stock/094280/total"" target=""_blank"">Naver Mobile</a>"
298040,효성중공업,,72.33333333333333,100.0,72.6,44.4,,"<a href=""https://m.stock.naver.com/domestic/stock/298040/total"" target=""_blank"">Naver Mobile</a>"
111770,영원무역,,72.33333333333333,50.0,69.5,97.5,,"<a href=""https://m.stock.naver.com/domestic/stock/111770/total"" target=""_blank"">Naver Mobile</a>"
264900,크라운제과,,72.325,50.0,58.7,93.2,87.4,"<a href=""https://m.stock.naver.com/domestic/stock/264900/total"" target=""_blank"">Naver Mobile</a>"
026890,스틱인베스트먼트,,72.3,,84.6,82.3,50.0,"<a href=""https://m.stock.naver.com/domestic/stock/026890/total"" target=""_blank"">Naver Mobile</a>"
014910,성문전자,,72.27499999999999,96.9,50.8,78.5,62.9,"<a href=""https://m.stock.naver.com/domestic/stock/014910/total"" target=""_blank"">Naver Mobile</a>"
002810,삼영무역,,72.25,51.7,64.2,97.7,75.4,"<a href=""https://m.stock.naver.com/domestic/stock/002810/total"" target=""_blank"">Naver Mobile</a>"
016800,퍼시스,,72.10000000000001,50.0,68.8,97.5,,"<a href=""https://m.stock.naver.com/domestic/stock/016800/total"" target=""_blank"">Naver Mobile</a>"
064960,SNT모티브,,72.1,50.0,68.2,98.8,71.4,"<a href=""https://m.stock.naver.com/domestic/stock/064960/total"" target=""_blank"">Naver Mobile</a>"
006060,화승인더,,72.075,94.5,51.5,65.5,76.8,"<a href=""https://m.stock.naver.com/domestic/stock/006060/total"" target=""_blank"">Naver Mobile</a>"
008870,금비,,72.05,86.3,55.4,71.8,74.7,"<a href=""https://m.stock.naver.com/domestic/stock/008870/total"" target=""_blank"">Naver Mobile</a>"
017810,풀무원,,72.025,89.3,51.1,57.4,90.3,"<a href=""https://m.stock.naver.com/domestic/stock/017810/total"" target=""_blank"">Naver Mobile</a>"
020120,키다리스튜디오,,72.02499999999999,81.6,49.6,76.1,80.8,"<a href=""https://m.stock.naver.com/domestic/stock/020120/total"" target=""_blank"">Naver Mobile</a>"
012280,영화금속,,72.02499999999999,78.1,59.8,68.0,82.2,"<a href=""https://m.stock.naver.com/domestic/stock/012280/total"" target=""_blank"">Naver Mobile</a>"
033530,SJG세종,,71.975,81.1,51.8,73.1,81.9,"<a href=""https://m.stock.naver.com/domestic/stock/033530/total"" target=""_blank"">Naver Mobile</a>"
035720,카카오,,71.95,68.1,55.9,76.3,87.5,"<a href=""https://m.stock.naver.com/domestic/stock/035720/total"" target=""_blank"">Naver Mobile</a>"
009810,플레이그램,,71.925,81.0,42.5,84.4,79.8,"<a href=""https://m.stock.naver.com/domestic/stock/009810/total"" target=""_blank"">Naver Mobile</a>"
000220,유유제약,,71.9,83.3,69.0,83.5,51.8,"<a href=""https://m.stock.naver.com/domestic/stock/000220/total"" target=""_blank"">Naver Mobile</a>"
102260,동성케미컬,,71.875,62.7,64.2,90.6,70.0,"<a href=""https://m.stock.naver.com/domestic/stock/102260/total"" target=""_blank"">Naver Mobile</a>"
013000,세우글로벌,,71.875,60.1,61.1,92.2,74.1,"<a href=""https://m.stock.naver.com/domestic/stock/013000/total"" target=""_blank"">Naver Mobile</a>"
210540,디와이파워,,71.82499999999999,50.0,61.6,98.8,76.9,"<a href=""https://m.stock.naver.com/domestic/stock/210540/total"" target=""_blank"">Naver Mobile</a>"
039570,HDC랩스,,71.775,53.5,48.5,98.8,86.3,"<a href=""https://m.stock.naver.com/domestic/stock/039570/total"" target=""_blank"">Naver Mobile</a>"
241590,화승엔터프라이즈,,71.75,95.4,49.2,67.5,74.9,"<a href=""https://m.stock.naver.com/domestic/stock/241590/total"" target=""_blank"">Naver Mobile</a>"
134790,시디즈,,71.725,66.2,45.9,84.7,90.1,"<a href=""https://m.stock.naver.com/domestic/stock/134790/total"" target=""_blank"">Naver Mobile</a>"
002600,조흥,,71.725,84.5,66.6,72.5,63.3,"<a href=""https://m.stock.naver.com/domestic/stock/002600/total"" target=""_blank"">Naver Mobile</a>"
282330,BGF리테일,,71.65,54.6,60.9,74.2,96.9,"<a href=""https://m.stock.naver.com/domestic/stock/282330/total"" target=""_blank"">Naver Mobile</a>"
001260,남광토건,,71.65,66.7,53.3,79.1,87.5,"<a href=""https://m.stock.naver.com/domestic/stock/001260/total"" target=""_blank"">Naver Mobile</a>"
011210,현대위아,,71.625,66.7,49.7,86.8,83.3,"<a href=""https://m.stock.naver.com/domestic/stock/011210/total"" target=""_blank"">Naver Mobile</a>"
123690,한국화장품,,71.6,65.2,53.0,86.1,82.1,"<a href=""https://m.stock.naver.com/domestic/stock/123690/total"" target=""_blank"">Naver Mobile</a>"
000100,유한양행,,71.575,80.5,58.4,91.0,56.4,"<a href=""https://m.stock.naver.com/domestic/stock/000100/total"" target=""_blank"">Naver Mobile</a>"
105840,우진,,71.55,56.1,67.1,91.4,71.6,"<a href=""https://m.stock.naver.com/domestic/stock/105840/total"" target=""_blank"">Naver Mobile</a>"
100840,SNT에너지,,71.5,66.7,59.5,86.7,73.1,"<a href=""https://m.stock.naver.com/domestic/stock/100840/total"" target=""_blank"">Naver Mobile</a>"
009190,대양금속,,71.4,81.0,48.9,85.5,70.2,"<a href=""https://m.stock.naver.com/domestic/stock/009190/total"" target=""_blank"">Naver Mobile</a>"
092230,KPX홀딩스,,71.4,68.7,58.4,86.1,72.4,"<a href=""https://m.stock.naver.com/domestic/stock/092230/total"" target=""_blank"">Naver Mobile</a>"
100250,진양홀딩스,,71.375,73.6,48.6,83.6,79.7,"<a href=""https://m.stock.naver.com/domestic/stock/100250/total"" target=""_blank"">Naver Mobile</a>"
089590,제주항공,,71.25,66.7,68.9,57.0,92.4,"<a href=""https://m.stock.naver.com/domestic/stock/089590/total"" target=""_blank"">Naver Mobile</a>"
071840,롯데하이마트,,71.25,83.3,46.7,73.5,81.5,"<a href=""https://m.stock.naver.com/domestic/stock/071840/total"" target=""_blank"">Naver Mobile</a>"
023530,롯데쇼핑,,71.225,83.3,54.4,65.7,81.5,"<a href=""https://m.stock.naver.com/domestic/stock/023530/total"" target=""_blank"">Naver Mobile</a>"
267850,아시아나IDT,,71.2,57.7,59.7,85.9,81.5,"<a href=""https://m.stock.naver.com/domestic/stock/267850/total"" target=""_blank"">Naver Mobile</a>"
008700,아남전자,,71.17500000000001,66.7,61.9,85.7,70.4,"<a href=""https://m.stock.naver.com/domestic/stock/008700/total"" target=""_blank"">Naver Mobile</a>"
012690,모나리자,,71.175,50.0,52.6,98.8,83.3,"<a href=""https://m.stock.naver.com/domestic/stock/012690/total"" target=""_blank"">Naver Mobile</a>"
006380,카프로,,71.175,83.3,80.0,54.6,66.8,"<a href=""https://m.stock.naver.com/domestic/stock/006380/total"" target=""_blank"">Naver Mobile</a>"
003560,IHQ,,71.15,83.3,55.0,71.3,75.0,"<a href=""https://m.stock.naver.com/domestic/stock/003560/total"" target=""_blank"">Naver Mobile</a>"
004770,써니전자,,71.125,66.7,76.6,85.8,55.4,"<a href=""https://m.stock.naver.com/domestic/stock/004770/total"" target=""_blank"">Naver Mobile</a>"
014680,한솔케미칼,,71.125,50.0,72.9,91.6,70.0,"<a href=""https://m.stock.naver.com/domestic/stock/014680/total"" target=""_blank"">Naver Mobile</a>"
009180,한솔로지스틱스,,71.07499999999999,50.0,54.8,86.6,92.9,"<a href=""https://m.stock.naver.com/domestic/stock/009180/total"" target=""_blank"">Naver Mobile</a>"
130660,한전산업,,71.03333333333333,50.0,73.1,90.0,,"<a href=""https://m.stock.naver.com/domestic/stock/130660/total"" target=""_blank"">Naver Mobile</a>"
339770,교촌에프앤비,,71.025,67.3,49.0,76.4,91.4,"<a href=""https://m.stock.naver.com/domestic/stock/339770/total"" target=""_blank"">Naver Mobile</a>"
002310,아세아제지,,70.95,50.0,57.7,98.4,77.7,"<a href=""https://m.stock.naver.com/domestic/stock/002310/total"" target=""_blank"">Naver Mobile</a>"
294870,HDC현대산업개발,,70.93333333333334,82.4,56.2,74.2,,"<a href=""https://m.stock.naver.com/domestic/stock/294870/total"" target=""_blank"">Naver Mobile</a>"
002320,한진,,70.925,81.0,51.7,67.3,83.7,"<a href=""https://m.stock.naver.com/domestic/stock/002320/total"" target=""_blank"">Naver Mobile</a>"
084690,대상홀딩스,,70.9,83.3,47.1,72.7,80.5,"<a href=""https://m.stock.naver.com/domestic/stock/084690/total"" target=""_blank"">Naver Mobile</a>"
052690,한전기술,,70.875,53.0,58.1,93.2,79.2,"<a href=""https://m.stock.naver.com/domestic/stock/052690/total"" target=""_blank"">Naver Mobile</a>"
005930,삼성전자,,70.83333333333333,50.5,65.7,96.3,,"<a href=""https://m.stock.naver.com/domestic/stock/005930/total"" target=""_blank"">Naver Mobile</a>"
003610,방림,,70.82499999999999,83.3,52.4,86.2,61.4,"<a href=""https://m.stock.naver.com/domestic/stock/003610/total"" target=""_blank"">Naver Mobile</a>"
084010,대한제강,,70.8,50.0,55.0,98.5,79.7,"<a href=""https://m.stock.naver.com/domestic/stock/084010/total"" target=""_blank"">Naver Mobile</a>"
032350,롯데관광개발,,70.775,100.0,55.4,45.1,82.6,"<a href=""https://m.stock.naver.com/domestic/stock/032350/total"" target=""_blank"">Naver Mobile</a>"
008040,사조동아원,,70.725,66.7,60.3,81.7,74.2,"<a href=""https://m.stock.naver.com/domestic/stock/008040/total"" target=""_blank"">Naver Mobile</a>"
122900,아이마켓코리아,,70.69999999999999,66.7,49.9,74.8,91.4,"<a href=""https://m.stock.naver.com/domestic/stock/122900/total"" target=""_blank"">Naver Mobile</a>"
019680,대교,,70.66666666666667,100.0,40.0,72.0,,"<a href=""https://m.stock.naver.com/domestic/stock/019680/total"" target=""_blank"">Naver Mobile</a>"
007700,F&F홀딩스,,70.64999999999999,50.0,70.6,95.3,66.7,"<a href=""https://m.stock.naver.com/domestic/stock/007700/total"" target=""_blank"">Naver Mobile</a>"
004440,삼일씨엔에스,,70.625,84.3,47.2,80.9,70.1,"<a href=""https://m.stock.naver.com/domestic/stock/004440/total"" target=""_blank"">Naver Mobile</a>"
034230,파라다이스,,70.60000000000001,59.6,63.8,77.2,81.8,"<a href=""https://m.stock.naver.com/domestic/stock/034230/total"" target=""_blank"">Naver Mobile</a>"
066570,LG전자,,70.6,91.1,55.1,65.6,,"<a href=""https://m.stock.naver.com/domestic/stock/066570/total"" target=""_blank"">Naver Mobile</a>"
007340,DN오토모티브,,70.6,67.3,72.4,80.7,62.0,"<a href=""https://m.stock.naver.com/domestic/stock/007340/total"" target=""_blank"">Naver Mobile</a>"
002870,신풍,,70.6,83.3,52.8,83.8,62.5,"<a href=""https://m.stock.naver.com/domestic/stock/002870/total"" target=""_blank"">Naver Mobile</a>"
281820,케이씨텍,,70.575,55.1,73.2,98.8,55.2,"<a href=""https://m.stock.naver.com/domestic/stock/281820/total"" target=""_blank"">Naver Mobile</a>"
013700,까뮤이앤씨,,70.575,92.0,42.5,71.0,76.8,"<a href=""https://m.stock.naver.com/domestic/stock/013700/total"" target=""_blank"">Naver Mobile</a>"
012330,현대모비스,,70.53333333333335,52.1,63.8,95.7,,"<a href=""https://m.stock.naver.com/domestic/stock/012330/total"" target=""_blank"">Naver Mobile</a>"
306200,세아제강,,70.47500000000001,50.0,62.9,91.7,77.3,"<a href=""https://m.stock.naver.com/domestic/stock/306200/total"" target=""_blank"">Naver Mobile</a>"
001940,KISCO홀딩스,,70.45,50.0,55.7,98.8,77.3,"<a href=""https://m.stock.naver.com/domestic/stock/001940/total"" target=""_blank"">Naver Mobile</a>"
034220,LG디스플레이,,70.45,99.4,42.5,58.9,81.0,"<a href=""https://m.stock.naver.com/domestic/stock/034220/total"" target=""_blank"">Naver Mobile</a>"
021050,서원,,70.45,100.0,58.8,66.1,56.9,"<a href=""https://m.stock.naver.com/domestic/stock/021050/total"" target=""_blank"">Naver Mobile</a>"
002380,KCC,,70.39999999999999,86.6,66.3,70.4,58.3,"<a href=""https://m.stock.naver.com/domestic/stock/002380/total"" target=""_blank"">Naver Mobile</a>"
136490,선진,,70.375,66.7,62.7,67.1,85.0,"<a href=""https://m.stock.naver.com/domestic/stock/136490/total"" target=""_blank"">Naver Mobile</a>"
005390,신성통상,,70.375,61.6,67.8,70.0,82.1,"<a href=""https://m.stock.naver.com/domestic/stock/005390/total"" target=""_blank"">Naver Mobile</a>"
004090,한국석유,,70.375,68.5,52.4,75.6,85.0,"<a href=""https://m.stock.naver.com/domestic/stock/004090/total"" target=""_blank"">Naver Mobile</a>"
018260,삼성에스디에스,,70.36666666666666,50.0,63.6,97.5,,"<a href=""https://m.stock.naver.com/domestic/stock/018260/total"" target=""_blank"">Naver Mobile</a>"
002630,오리엔트바이오,,70.35,70.6,56.6,85.9,68.3,"<a href=""https://m.stock.naver.com/domestic/stock/002630/total"" target=""_blank"">Naver Mobile</a>"
195870,해성디에스,,70.3,50.0,66.4,98.0,66.8,"<a href=""https://m.stock.naver.com/domestic/stock/195870/total"" target=""_blank"">Naver Mobile</a>"
004910,조광페인트,,70.3,83.3,59.3,71.9,66.7,"<a href=""https://m.stock.naver.com/domestic/stock/004910/total"" target=""_blank"">Naver Mobile</a>"
047810,한국항공우주,,70.275,100.0,65.3,65.4,50.4,"<a href=""https://m.stock.naver.com/domestic/stock/047810/total"" target=""_blank"">Naver Mobile</a>"
003090,대웅,,70.275,58.5,62.6,88.9,71.1,"<a href=""https://m.stock.naver.com/domestic/stock/003090/total"" target=""_blank"">Naver Mobile</a>"
118000,메타케어,,70.225,83.3,44.9,75.4,77.3,"<a href=""https://m.stock.naver.com/domestic/stock/118000/total"" target=""_blank"">Naver Mobile</a>"
462520,조선내화,,70.2,,77.5,62.9,,"<a href=""https://m.stock.naver.com/domestic/stock/462520/total"" target=""_blank"">Naver Mobile</a>"
007570,일양약품,,70.16666666666667,100.0,40.0,70.5,,"<a href=""https://m.stock.naver.com/domestic/stock/007570/total"" target=""_blank"">Naver Mobile</a>"
003240,태광산업,,70.125,66.7,53.1,86.2,74.5,"<a href=""https://m.stock.naver.com/domestic/stock/003240/total"" target=""_blank"">Naver Mobile</a>"
204320,HL만도,,70.10000000000001,74.4,50.0,73.2,82.8,"<a href=""https://m.stock.naver.com/domestic/stock/204320/total"" target=""_blank"">Naver Mobile</a>"
000070,삼양홀딩스,,70.1,73.4,50.2,83.3,73.5,"<a href=""https://m.stock.naver.com/domestic/stock/000070/total"" target=""_blank"">Naver Mobile</a>"
018470,조일알미늄,,70.1,88.2,50.2,74.5,67.5,"<a href=""https://m.stock.naver.com/domestic/stock/018470/total"" target=""_blank"">Naver Mobile</a>"
002200,한국수출포장,,70.1,50.0,52.3,98.8,79.3,"<a href=""https://m.stock.naver.com/domestic/stock/002200/total"" target=""_blank"">Naver Mobile</a>"
010960,삼호개발,,70.075,62.0,44.7,85.6,88.0,"<a href=""https://m.stock.naver.com/domestic/stock/010960/total"" target=""_blank"">Naver Mobile</a>"
060980,HL홀딩스,,70.05000000000001,84.5,52.3,65.3,78.1,"<a href=""https://m.stock.naver.com/domestic/stock/060980/total"" target=""_blank"">Naver Mobile</a>"
015760,한국전력,,70.05,90.9,60.3,52.9,76.1,"<a href=""https://m.stock.naver.com/domestic/stock/015760/total"" target=""_blank"">Naver Mobile</a>"
001070,대한방직,,70.05,83.3,51.0,83.1,62.8,"<a href=""https://m.stock.naver.com/domestic/stock/001070/total"" target=""_blank"">Naver Mobile</a>"
070960,모나용평,,70.02499999999999,100.0,60.1,66.3,53.7,"<a href=""https://m.stock.naver.com/domestic/stock/070960/total"" target=""_blank"">Naver Mobile</a>"
017900,광전자,,69.97500000000001,83.3,53.1,84.7,58.8,"<a href=""https://m.stock.naver.com/domestic/stock/017900/total"" target=""_blank"">Naver Mobile</a>"
007210,벽산,,69.975,58.6,56.0,82.3,83.0,"<a href=""https://m.stock.naver.com/domestic/stock/007210/total"" target=""_blank"">Naver Mobile</a>"
009460,한창제지,,69.975,93.2,44.0,64.5,78.2,"<a href=""https://m.stock.naver.com/domestic/stock/009460/total"" target=""_blank"">Naver Mobile</a>"
001820,삼화콘덴서,,69.925,51.0,65.3,90.7,72.7,"<a href=""https://m.stock.naver.com/domestic/stock/001820/total"" target=""_blank"">Naver Mobile</a>"
214320,이노션,,69.925,65.6,68.0,83.3,62.8,"<a href=""https://m.stock.naver.com/domestic/stock/214320/total"" target=""_blank"">Naver Mobile</a>"
008970,동양철관,,69.9,70.0,52.4,79.8,77.4,"<a href=""https://m.stock.naver.com/domestic/stock/008970/total"" target=""_blank"">Naver Mobile</a>"
058850,KTcs,,69.85,60.2,48.1,79.2,91.9,"<a href=""https://m.stock.naver.com/domestic/stock/058850/total"" target=""_blank"">Naver Mobile</a>"
002700,신일전자,,69.82499999999999,68.6,50.6,79.7,80.4,"<a href=""https://m.stock.naver.com/domestic/stock/002700/total"" target=""_blank"">Naver Mobile</a>"
023000,삼원강재,,69.8,50.0,56.1,98.8,74.3,"<a href=""https://m.stock.naver.com/domestic/stock/023000/total"" target=""_blank"">Naver Mobile</a>"
015230,대창단조,,69.77499999999999,50.0,69.6,98.8,60.7,"<a href=""https://m.stock.naver.com/domestic/stock/015230/total"" target=""_blank"">Naver Mobile</a>"
010400,우진아이엔에스,,69.75,66.7,42.5,83.9,85.9,"<a href=""https://m.stock.naver.com/domestic/stock/010400/total"" target=""_blank"">Naver Mobile</a>"
000150,두산,,69.73333333333333,100.0,45.8,63.4,,"<a href=""https://m.stock.naver.com/domestic/stock/000150/total"" target=""_blank"">Naver Mobile</a>"
023960,에쓰씨엔지니어링,,69.7,63.0,57.0,67.0,91.8,"<a href=""https://m.stock.naver.com/domestic/stock/023960/total"" target=""_blank"">Naver Mobile</a>"
028670,팬오션,,69.7,50.0,65.7,81.1,82.0,"<a href=""https://m.stock.naver.com/domestic/stock/028670/total"" target=""_blank"">Naver Mobile</a>"
267250,HD현대,,69.67500000000001,75.8,50.6,68.2,84.1,"<a href=""https://m.stock.naver.com/domestic/stock/267250/total"" target=""_blank"">Naver Mobile</a>"
007310,오뚜기,,69.675,50.8,61.7,88.4,77.8,"<a href=""https://m.stock.naver.com/domestic/stock/007310/total"" target=""_blank"">Naver Mobile</a>"
013570,디와이,,69.65,66.7,48.1,85.8,78.0,"<a href=""https://m.stock.naver.com/domestic/stock/013570/total"" target=""_blank"">Naver Mobile</a>"
003680,한성기업,,69.625,81.9,52.7,56.6,87.3,"<a href=""https://m.stock.naver.com/domestic/stock/003680/total"" target=""_blank"">Naver Mobile</a>"
004890,동일산업,,69.55,83.3,44.5,86.2,64.2,"<a href=""https://m.stock.naver.com/domestic/stock/004890/total"" target=""_blank"">Naver Mobile</a>"
105630,한세실업,,69.475,53.6,62.9,85.5,75.9,"<a href=""https://m.stock.naver.com/domestic/stock/105630/total"" target=""_blank"">Naver Mobile</a>"
003490,대한항공,,69.425,62.3,63.3,69.3,82.8,"<a href=""https://m.stock.naver.com/domestic/stock/003490/total"" target=""_blank"">Naver Mobile</a>"
075580,세진중공업,,69.4,66.7,62.9,66.4,81.6,"<a href=""https://m.stock.naver.com/domestic/stock/075580/total"" target=""_blank"">Naver Mobile</a>"
011420,갤럭시아에스엠,,69.375,57.9,60.4,98.8,60.4,"<a href=""https://m.stock.naver.com/domestic/stock/011420/total"" target=""_blank"">Naver Mobile</a>"
008260,NI스틸,,69.375,50.0,73.8,74.8,78.9,"<a href=""https://m.stock.naver.com/domestic/stock/008260/total"" target=""_blank"">Naver Mobile</a>"
006880,신송홀딩스,,69.325,68.7,59.3,68.8,80.5,"<a href=""https://m.stock.naver.com/domestic/stock/006880/total"" target=""_blank"">Naver Mobile</a>"
010100,한국무브넥스,,69.32499999999999,51.6,54.5,83.3,87.9,"<a href=""https://m.stock.naver.com/domestic/stock/010100/total"" target=""_blank"">Naver Mobile</a>"
093230,이아이디,,69.275,89.6,43.9,74.1,69.5,"<a href=""https://m.stock.naver.com/domestic/stock/093230/total"" target=""_blank"">Naver Mobile</a>"
001680,대상,,69.2,68.3,52.0,75.8,80.7,"<a href=""https://m.stock.naver.com/domestic/stock/001680/total"" target=""_blank"">Naver Mobile</a>"
344820,KCC글라스,,69.2,58.5,53.2,84.1,81.0,"<a href=""https://m.stock.naver.com/domestic/stock/344820/total"" target=""_blank"">Naver Mobile</a>"
053690,한미글로벌,,69.19999999999999,50.0,59.6,93.6,73.6,"<a href=""https://m.stock.naver.com/domestic/stock/053690/total"" target=""_blank"">Naver Mobile</a>"
014820,동원시스템즈,,69.175,55.3,59.9,87.3,74.2,"<a href=""https://m.stock.naver.com/domestic/stock/014820/total"" target=""_blank"">Naver Mobile</a>"
069460,대호에이엘,,69.075,63.1,51.8,86.4,75.0,"<a href=""https://m.stock.naver.com/domestic/stock/069460/total"" target=""_blank"">Naver Mobile</a>"
006260,LS,,69.025,80.8,52.2,70.0,73.1,"<a href=""https://m.stock.naver.com/domestic/stock/006260/total"" target=""_blank"">Naver Mobile</a>"
016450,한세예스24홀딩스,,69.025,70.4,51.0,76.5,78.2,"<a href=""https://m.stock.naver.com/domestic/stock/016450/total"" target=""_blank"">Naver Mobile</a>"
016380,KG스틸,,69.025,50.0,61.0,83.5,81.6,"<a href=""https://m.stock.naver.com/domestic/stock/016380/total"" target=""_blank"">Naver Mobile</a>"
091810,티웨이항공,,69.0,66.6,70.9,45.4,93.1,"<a href=""https://m.stock.naver.com/domestic/stock/091810/total"" target=""_blank"">Naver Mobile</a>"
286940,롯데이노베이트,,68.975,52.2,52.0,83.6,88.1,"<a href=""https://m.stock.naver.com/domestic/stock/286940/total"" target=""_blank"">Naver Mobile</a>"
003520,영진약품,,68.925,92.3,47.6,73.6,62.2,"<a href=""https://m.stock.naver.com/domestic/stock/003520/total"" target=""_blank"">Naver Mobile</a>"
090370,메타랩스,,68.825,78.8,44.7,74.8,77.0,"<a href=""https://m.stock.naver.com/domestic/stock/090370/total"" target=""_blank"">Naver Mobile</a>"
000180,성창기업지주,,68.8,83.3,42.5,76.2,73.2,"<a href=""https://m.stock.naver.com/domestic/stock/000180/total"" target=""_blank"">Naver Mobile</a>"
016580,환인제약,,68.75,60.9,70.6,98.8,44.7,"<a href=""https://m.stock.naver.com/domestic/stock/016580/total"" target=""_blank"">Naver Mobile</a>"
014790,HL D&I,,68.725,71.7,56.6,64.2,82.4,"<a href=""https://m.stock.naver.com/domestic/stock/014790/total"" target=""_blank"">Naver Mobile</a>"
005300,롯데칠성,,68.725,66.7,55.3,69.3,83.6,"<a href=""https://m.stock.naver.com/domestic/stock/005300/total"" target=""_blank"">Naver Mobile</a>"
372910,한컴라이프케어,,68.725,78.3,56.1,89.0,51.5,"<a href=""https://m.stock.naver.com/domestic/stock/372910/total"" target=""_blank"">Naver Mobile</a>"
000500,가온전선,,68.7,63.4,51.0,74.6,85.8,"<a href=""https://m.stock.naver.com/domestic/stock/000500/total"" target=""_blank"">Naver Mobile</a>"
009070,KCTC,,68.67500000000001,69.8,47.6,71.9,85.4,"<a href=""https://m.stock.naver.com/domestic/stock/009070/total"" target=""_blank"">Naver Mobile</a>"
005690,파미셀,,68.675,86.0,52.7,87.8,48.2,"<a href=""https://m.stock.naver.com/domestic/stock/005690/total"" target=""_blank"">Naver Mobile</a>"
002450,삼익악기,,68.675,83.3,55.8,71.5,64.1,"<a href=""https://m.stock.naver.com/domestic/stock/002450/total"" target=""_blank"">Naver Mobile</a>"
009160,SIMPAC,,68.475,82.0,48.4,79.6,63.9,"<a href=""https://m.stock.naver.com/domestic/stock/009160/total"" target=""_blank"">Naver Mobile</a>"
028260,삼성물산,,68.45,54.0,56.7,90.6,72.5,"<a href=""https://m.stock.naver.com/domestic/stock/028260/total"" target=""_blank"">Naver Mobile</a>"
016090,대현,,68.44999999999999,50.5,68.1,98.8,56.4,"<a href=""https://m.stock.naver.com/domestic/stock/016090/total"" target=""_blank"">Naver Mobile</a>"
000390,삼화페인트,,68.425,67.1,53.9,79.6,73.1,"<a href=""https://m.stock.naver.com/domestic/stock/000390/total"" target=""_blank"">Naver Mobile</a>"
028050,삼성E&A,,68.39999999999999,50.0,80.2,75.0,,"<a href=""https://m.stock.naver.com/domestic/stock/028050/total"" target=""_blank"">Naver Mobile</a>"
095570,AJ네트웍스,,68.35,79.3,56.4,58.4,79.3,"<a href=""https://m.stock.naver.com/domestic/stock/095570/total"" target=""_blank"">Naver Mobile</a>"
272210,한화시스템,,68.325,73.7,58.9,78.7,62.0,"<a href=""https://m.stock.naver.com/domestic/stock/272210/total"" target=""_blank"">Naver Mobile</a>"
005380,현대차,,68.2,,,68.2,,"<a href=""https://m.stock.naver.com/domestic/stock/005380/total"" target=""_blank"">Naver Mobile</a>"
014160,대영포장,,68.175,50.0,46.5,89.1,87.1,"<a href=""https://m.stock.naver.com/domestic/stock/014160/total"" target=""_blank"">Naver Mobile</a>"
004370,농심,,68.16666666666667,50.0,58.0,96.5,,"<a href=""https://m.stock.naver.com/domestic/stock/004370/total"" target=""_blank"">Naver Mobile</a>"
001740,SK네트웍스,,68.15,66.7,47.2,67.4,91.3,"<a href=""https://m.stock.naver.com/domestic/stock/001740/total"" target=""_blank"">Naver Mobile</a>"
003580,HLB글로벌,,68.14999999999999,98.2,42.5,71.6,60.3,"<a href=""https://m.stock.naver.com/domestic/stock/003580/total"" target=""_blank"">Naver Mobile</a>"
002020,코오롱,,68.0,70.4,53.8,59.3,88.5,"<a href=""https://m.stock.naver.com/domestic/stock/002020/total"" target=""_blank"">Naver Mobile</a>"
024070,WISCOM,,67.95,66.7,43.5,86.2,75.4,"<a href=""https://m.stock.naver.com/domestic/stock/024070/total"" target=""_blank"">Naver Mobile</a>"
025620,제이준코스메틱,,67.92500000000001,100.0,42.5,60.3,68.9,"<a href=""https://m.stock.naver.com/domestic/stock/025620/total"" target=""_blank"">Naver Mobile</a>"
093050,LF,,67.875,70.1,56.5,91.4,53.5,"<a href=""https://m.stock.naver.com/domestic/stock/093050/total"" target=""_blank"">Naver Mobile</a>"
014530,극동유화,,67.825,50.0,48.2,73.1,100.0,"<a href=""https://m.stock.naver.com/domestic/stock/014530/total"" target=""_blank"">Naver Mobile</a>"
353200,대덕전자,,67.825,50.0,55.1,85.9,80.3,"<a href=""https://m.stock.naver.com/domestic/stock/353200/total"" target=""_blank"">Naver Mobile</a>"
006490,인스코비,,67.82499999999999,65.1,42.5,73.6,90.1,"<a href=""https://m.stock.naver.com/domestic/stock/006490/total"" target=""_blank"">Naver Mobile</a>"
004150,한솔홀딩스,,67.80000000000001,66.7,48.0,81.6,74.9,"<a href=""https://m.stock.naver.com/domestic/stock/004150/total"" target=""_blank"">Naver Mobile</a>"
012800,대창,,67.8,83.3,45.7,65.0,77.2,"<a href=""https://m.stock.naver.com/domestic/stock/012800/total"" target=""_blank"">Naver Mobile</a>"
013360,일성건설,,67.8,83.3,43.4,64.3,80.2,"<a href=""https://m.stock.naver.com/domestic/stock/013360/total"" target=""_blank"">Naver Mobile</a>"
007160,사조산업,,67.775,68.3,52.3,73.9,76.6,"<a href=""https://m.stock.naver.com/domestic/stock/007160/total"" target=""_blank"">Naver Mobile</a>"
016590,신대양제지,,67.75,50.0,55.3,87.0,78.7,"<a href=""https://m.stock.naver.com/domestic/stock/016590/total"" target=""_blank"">Naver Mobile</a>"
214390,경보제약,,67.67500000000001,94.9,50.0,75.2,50.6,"<a href=""https://m.stock.naver.com/domestic/stock/214390/total"" target=""_blank"">Naver Mobile</a>"
047050,포스코인터내셔널,,67.625,57.3,54.1,71.4,87.7,"<a href=""https://m.stock.naver.com/domestic/stock/047050/total"" target=""_blank"">Naver Mobile</a>"
033270,유나이티드제약,,67.6,53.1,65.6,98.8,52.9,"<a href=""https://m.stock.naver.com/domestic/stock/033270/total"" target=""_blank"">Naver Mobile</a>"
004270,남성,,67.53333333333333,100.0,40.0,62.6,,"<a href=""https://m.stock.naver.com/domestic/stock/004270/total"" target=""_blank"">Naver Mobile</a>"
002710,TCC스틸,,67.5,70.7,54.7,69.3,75.3,"<a href=""https://m.stock.naver.com/domestic/stock/002710/total"" target=""_blank"">Naver Mobile</a>"
002030,아세아,,67.45,50.0,61.0,85.3,73.5,"<a href=""https://m.stock.naver.com/domestic/stock/002030/total"" target=""_blank"">Naver Mobile</a>"
249420,일동제약,,67.4,84.6,44.9,60.3,79.8,"<a href=""https://m.stock.naver.com/domestic/stock/249420/total"" target=""_blank"">Naver Mobile</a>"
017550,수산세보틱스,,67.39999999999999,61.4,63.3,92.1,52.8,"<a href=""https://m.stock.naver.com/domestic/stock/017550/total"" target=""_blank"">Naver Mobile</a>"
026940,부국철강,,67.375,50.0,49.6,98.8,71.1,"<a href=""https://m.stock.naver.com/domestic/stock/026940/total"" target=""_blank"">Naver Mobile</a>"
003480,한진중공업홀딩스,,67.36666666666666,100.0,63.7,38.4,,"<a href=""https://m.stock.naver.com/domestic/stock/003480/total"" target=""_blank"">Naver Mobile</a>"
001560,제일연마,,67.35,50.0,65.8,95.2,58.4,"<a href=""https://m.stock.naver.com/domestic/stock/001560/total"" target=""_blank"">Naver Mobile</a>"
002790,아모레퍼시픽홀딩스,,67.325,66.7,59.2,93.7,49.7,"<a href=""https://m.stock.naver.com/domestic/stock/002790/total"" target=""_blank"">Naver Mobile</a>"
036570,엔씨소프트,,67.32499999999999,50.0,56.0,86.2,77.1,"<a href=""https://m.stock.naver.com/domestic/stock/036570/total"" target=""_blank"">Naver Mobile</a>"
044820,코스맥스비티아이,,67.32499999999999,83.3,49.1,61.3,75.6,"<a href=""https://m.stock.naver.com/domestic/stock/044820/total"" target=""_blank"">Naver Mobile</a>"
042660,한화오션,,67.26666666666667,100.0,56.9,44.9,,"<a href=""https://m.stock.naver.com/domestic/stock/042660/total"" target=""_blank"">Naver Mobile</a>"
002350,넥센타이어,,67.25,77.3,54.8,70.7,66.2,"<a href=""https://m.stock.naver.com/domestic/stock/002350/total"" target=""_blank"">Naver Mobile</a>"
037270,YG PLUS,,67.2,50.0,46.1,85.2,87.5,"<a href=""https://m.stock.naver.com/domestic/stock/037270/total"" target=""_blank"">Naver Mobile</a>"
012170,아센디오,,67.15,83.3,42.5,55.3,87.5,"<a href=""https://m.stock.naver.com/domestic/stock/012170/total"" target=""_blank"">Naver Mobile</a>"
377740,바이오노트,,67.125,50.0,80.5,92.5,45.5,"<a href=""https://m.stock.naver.com/domestic/stock/377740/total"" target=""_blank"">Naver Mobile</a>"
011780,금호석유화학,,67.06666666666666,50.0,59.1,92.1,,"<a href=""https://m.stock.naver.com/domestic/stock/011780/total"" target=""_blank"">Naver Mobile</a>"
077970,STX엔진,,67.05,97.7,58.3,61.8,50.4,"<a href=""https://m.stock.naver.com/domestic/stock/077970/total"" target=""_blank"">Naver Mobile</a>"
025890,한국주강,,67.05,50.0,53.5,83.1,81.6,"<a href=""https://m.stock.naver.com/domestic/stock/025890/total"" target=""_blank"">Naver Mobile</a>"
010820,퍼스텍,,67.02499999999999,78.4,68.8,65.0,55.9,"<a href=""https://m.stock.naver.com/domestic/stock/010820/total"" target=""_blank"">Naver Mobile</a>"
001460,BYC,,66.95,50.3,71.8,87.2,58.5,"<a href=""https://m.stock.naver.com/domestic/stock/001460/total"" target=""_blank"">Naver Mobile</a>"
002920,유성기업,,66.92500000000001,52.6,48.5,86.2,80.4,"<a href=""https://m.stock.naver.com/domestic/stock/002920/total"" target=""_blank"">Naver Mobile</a>"
000540,흥국화재,,66.89999999999999,,88.7,62.0,50.0,"<a href=""https://m.stock.naver.com/domestic/stock/000540/total"" target=""_blank"">Naver Mobile</a>"
082640,동양생명,,66.89999999999999,,94.2,56.5,50.0,"<a href=""https://m.stock.naver.com/domestic/stock/082640/total"" target=""_blank"">Naver Mobile</a>"
012200,계양전기,,66.875,70.2,42.5,74.3,80.5,"<a href=""https://m.stock.naver.com/domestic/stock/012200/total"" target=""_blank"">Naver Mobile</a>"
027740,마니커,,66.85,68.8,43.4,60.5,94.7,"<a href=""https://m.stock.naver.com/domestic/stock/027740/total"" target=""_blank"">Naver Mobile</a>"
005720,넥센,,66.8,86.3,52.3,73.1,55.5,"<a href=""https://m.stock.naver.com/domestic/stock/005720/total"" target=""_blank"">Naver Mobile</a>"
005680,삼영전자,,66.75,50.0,62.4,96.2,58.4,"<a href=""https://m.stock.naver.com/domestic/stock/005680/total"" target=""_blank"">Naver Mobile</a>"
003220,대원제약,,66.75,69.2,53.0,79.6,65.2,"<a href=""https://m.stock.naver.com/domestic/stock/003220/total"" target=""_blank"">Naver Mobile</a>"
005070,코스모신소재,,66.725,66.7,54.7,82.6,62.9,"<a href=""https://m.stock.naver.com/domestic/stock/005070/total"" target=""_blank"">Naver Mobile</a>"
009200,무림페이퍼,,66.675,83.3,56.6,63.0,63.8,"<a href=""https://m.stock.naver.com/domestic/stock/009200/total"" target=""_blank"">Naver Mobile</a>"
010580,에스엠벡셀,,66.625,50.0,45.8,80.2,90.5,"<a href=""https://m.stock.naver.com/domestic/stock/010580/total"" target=""_blank"">Naver Mobile</a>"
041650,상신브레이크,,66.6,77.9,55.5,71.0,62.0,"<a href=""https://m.stock.naver.com/domestic/stock/041650/total"" target=""_blank"">Naver Mobile</a>"
012610,경인양행,,66.525,86.3,56.1,74.6,49.1,"<a href=""https://m.stock.naver.com/domestic/stock/012610/total"" target=""_blank"">Naver Mobile</a>"
014710,사조씨푸드,,66.525,87.3,48.2,61.6,69.0,"<a href=""https://m.stock.naver.com/domestic/stock/014710/total"" target=""_blank"">Naver Mobile</a>"
000680,LS네트웍스,,66.5,83.3,44.4,58.7,79.6,"<a href=""https://m.stock.naver.com/domestic/stock/000680/total"" target=""_blank"">Naver Mobile</a>"
003550,LG,,66.5,50.0,52.7,96.8,,"<a href=""https://m.stock.naver.com/domestic/stock/003550/total"" target=""_blank"">Naver Mobile</a>"
004540,깨끗한나라,,66.475,78.3,42.5,63.7,81.4,"<a href=""https://m.stock.naver.com/domestic/stock/004540/total"" target=""_blank"">Naver Mobile</a>"
378850,화승알앤에이,,66.475,57.6,58.6,64.2,85.5,"<a href=""https://m.stock.naver.com/domestic/stock/378850/total"" target=""_blank"">Naver Mobile</a>"
013520,화승코퍼레이션,,66.425,75.2,51.9,59.5,79.1,"<a href=""https://m.stock.naver.com/domestic/stock/013520/total"" target=""_blank"">Naver Mobile</a>"
001790,대한제당,,66.4,59.9,51.1,77.2,77.4,"<a href=""https://m.stock.naver.com/domestic/stock/001790/total"" target=""_blank"">Naver Mobile</a>"
248070,솔루엠,,66.325,50.0,56.6,81.0,77.7,"<a href=""https://m.stock.naver.com/domestic/stock/248070/total"" target=""_blank"">Naver Mobile</a>"
002880,대유에이텍,,66.3,66.7,47.8,52.5,98.2,"<a href=""https://m.stock.naver.com/domestic/stock/002880/total"" target=""_blank"">Naver Mobile</a>"
077500,유니퀘스트,,66.275,50.0,53.9,84.6,76.6,"<a href=""https://m.stock.naver.com/domestic/stock/077500/total"" target=""_blank"">Naver Mobile</a>"
004700,조광피혁,,66.225,50.0,69.4,94.3,51.2,"<a href=""https://m.stock.naver.com/domestic/stock/004700/total"" target=""_blank"">Naver Mobile</a>"
137310,에스디바이오센서,,66.225,83.3,50.3,85.1,46.2,"<a href=""https://m.stock.naver.com/domestic/stock/137310/total"" target=""_blank"">Naver Mobile</a>"
126560,현대퓨처넷,,66.2,82.7,44.4,83.1,54.6,"<a href=""https://m.stock.naver.com/domestic/stock/126560/total"" target=""_blank"">Naver Mobile</a>"
006840,AK홀딩스,,66.2,55.5,59.2,59.2,90.9,"<a href=""https://m.stock.naver.com/domestic/stock/006840/total"" target=""_blank"">Naver Mobile</a>"
081000,일진다이아,,66.17500000000001,66.7,55.7,86.2,56.1,"<a href=""https://m.stock.naver.com/domestic/stock/081000/total"" target=""_blank"">Naver Mobile</a>"
377190,디앤디플랫폼리츠,,66.16666666666667,,65.6,66.5,66.4,"<a href=""https://m.stock.naver.com/domestic/stock/377190/total"" target=""_blank"">Naver Mobile</a>"
031430,신세계인터내셔날,,66.16666666666667,50.0,54.7,93.8,,"<a href=""https://m.stock.naver.com/domestic/stock/031430/total"" target=""_blank"">Naver Mobile</a>"
009290,광동제약,,66.15,57.3,49.3,77.0,81.0,"<a href=""https://m.stock.naver.com/domestic/stock/009290/total"" target=""_blank"">Naver Mobile</a>"
008490,서흥,,66.15,73.4,52.0,74.1,65.1,"<a href=""https://m.stock.naver.com/domestic/stock/008490/total"" target=""_blank"">Naver Mobile</a>"
029460,케이씨,,66.125,50.0,45.5,86.2,82.8,"<a href=""https://m.stock.naver.com/domestic/stock/029460/total"" target=""_blank"">Naver Mobile</a>"
005830,DB손해보험,,66.03333333333333,,85.1,63.0,50.0,"<a href=""https://m.stock.naver.com/domestic/stock/005830/total"" target=""_blank"">Naver Mobile</a>"
002170,삼양통상,,65.96666666666667,50.0,50.4,97.5,,"<a href=""https://m.stock.naver.com/domestic/stock/002170/total"" target=""_blank"">Naver Mobile</a>"
024900,디와이덕양,,65.75,58.1,45.2,62.3,97.4,"<a href=""https://m.stock.naver.com/domestic/stock/024900/total"" target=""_blank"">Naver Mobile</a>"
088790,진도,,65.725,81.2,60.4,71.3,50.0,"<a href=""https://m.stock.naver.com/domestic/stock/088790/total"" target=""_blank"">Naver Mobile</a>"
001550,조비,,65.7,83.3,52.8,68.0,58.7,"<a href=""https://m.stock.naver.com/domestic/stock/001550/total"" target=""_blank"">Naver Mobile</a>"
001620,케이비아이동국실업,,65.69999999999999,67.2,48.4,61.6,85.6,"<a href=""https://m.stock.naver.com/domestic/stock/001620/total"" target=""_blank"">Naver Mobile</a>"
013870,지엠비코리아,,65.675,70.8,48.7,71.7,71.5,"<a href=""https://m.stock.naver.com/domestic/stock/013870/total"" target=""_blank"">Naver Mobile</a>"
000520,삼일제약,,65.675,77.5,45.0,72.5,67.7,"<a href=""https://m.stock.naver.com/domestic/stock/000520/total"" target=""_blank"">Naver Mobile</a>"
010060,OCI홀딩스,,65.66666666666667,50.0,51.7,95.3,,"<a href=""https://m.stock.naver.com/domestic/stock/010060/total"" target=""_blank"">Naver Mobile</a>"
003690,코리안리,,65.60000000000001,,70.1,76.7,50.0,"<a href=""https://m.stock.naver.com/domestic/stock/003690/total"" target=""_blank"">Naver Mobile</a>"
192650,드림텍,,65.575,53.1,48.2,77.2,83.8,"<a href=""https://m.stock.naver.com/domestic/stock/192650/total"" target=""_blank"">Naver Mobile</a>"
004710,한솔테크닉스,,65.575,50.0,54.7,73.4,84.2,"<a href=""https://m.stock.naver.com/domestic/stock/004710/total"" target=""_blank"">Naver Mobile</a>"
012160,영흥,,65.525,83.3,45.0,70.3,63.5,"<a href=""https://m.stock.naver.com/domestic/stock/012160/total"" target=""_blank"">Naver Mobile</a>"
034310,NICE,,65.525,72.7,46.5,71.3,71.6,"<a href=""https://m.stock.naver.com/domestic/stock/034310/total"" target=""_blank"">Naver Mobile</a>"
100090,SK오션플랜트,,65.5,50.0,53.7,73.9,84.4,"<a href=""https://m.stock.naver.com/domestic/stock/100090/total"" target=""_blank"">Naver Mobile</a>"
002240,고려제강,,65.475,66.7,51.7,85.6,57.9,"<a href=""https://m.stock.naver.com/domestic/stock/002240/total"" target=""_blank"">Naver Mobile</a>"
006980,우성,,65.39999999999999,66.7,50.4,71.3,73.2,"<a href=""https://m.stock.naver.com/domestic/stock/006980/total"" target=""_blank"">Naver Mobile</a>"
008250,이건산업,,65.3,75.2,46.0,71.0,69.0,"<a href=""https://m.stock.naver.com/domestic/stock/008250/total"" target=""_blank"">Naver Mobile</a>"
004080,신흥,,65.25,50.0,60.8,95.6,54.6,"<a href=""https://m.stock.naver.com/domestic/stock/004080/total"" target=""_blank"">Naver Mobile</a>"
003920,남양유업,,65.225,58.9,43.3,82.4,76.3,"<a href=""https://m.stock.naver.com/domestic/stock/003920/total"" target=""_blank"">Naver Mobile</a>"
000890,보해양조,,65.2,83.3,47.8,76.0,53.7,"<a href=""https://m.stock.naver.com/domestic/stock/000890/total"" target=""_blank"">Naver Mobile</a>"
081660,미스토홀딩스,,65.175,50.8,60.3,89.0,60.6,"<a href=""https://m.stock.naver.com/domestic/stock/081660/total"" target=""_blank"">Naver Mobile</a>"
104700,한국철강,,65.16666666666667,50.0,48.0,97.5,,"<a href=""https://m.stock.naver.com/domestic/stock/104700/total"" target=""_blank"">Naver Mobile</a>"
074610,이엔플러스,,65.15,83.3,44.8,57.6,74.9,"<a href=""https://m.stock.naver.com/domestic/stock/074610/total"" target=""_blank"">Naver Mobile</a>"
000020,동화약품,,65.125,64.5,47.1,85.2,63.7,"<a href=""https://m.stock.naver.com/domestic/stock/000020/total"" target=""_blank"">Naver Mobile</a>"
005090,SGC에너지,,65.125,61.8,60.4,60.5,77.8,"<a href=""https://m.stock.naver.com/domestic/stock/005090/total"" target=""_blank"">Naver Mobile</a>"
006040,동원산업,,65.1,50.0,49.4,79.5,81.5,"<a href=""https://m.stock.naver.com/domestic/stock/006040/total"" target=""_blank"">Naver Mobile</a>"
031820,아이티센씨티에스,,65.0,50.0,51.7,73.3,85.0,"<a href=""https://m.stock.naver.com/domestic/stock/031820/total"" target=""_blank"">Naver Mobile</a>"
007070,GS리테일,,64.975,50.0,45.3,74.0,90.6,"<a href=""https://m.stock.naver.com/domestic/stock/007070/total"" target=""_blank"">Naver Mobile</a>"
033920,무학,,64.96666666666667,50.0,67.4,77.5,,"<a href=""https://m.stock.naver.com/domestic/stock/033920/total"" target=""_blank"">Naver Mobile</a>"
051900,LG생활건강,,64.93333333333334,50.0,49.0,95.8,,"<a href=""https://m.stock.naver.com/domestic/stock/051900/total"" target=""_blank"">Naver Mobile</a>"
900140,엘브이엠씨홀딩스,,64.925,83.3,44.6,78.8,53.0,"<a href=""https://m.stock.naver.com/domestic/stock/900140/total"" target=""_blank"">Naver Mobile</a>"
007810,코리아써키트,,64.925,50.6,42.9,83.5,82.7,"<a href=""https://m.stock.naver.com/domestic/stock/007810/total"" target=""_blank"">Naver Mobile</a>"
000230,일동홀딩스,,64.9,84.5,44.8,52.5,77.8,"<a href=""https://m.stock.naver.com/domestic/stock/000230/total"" target=""_blank"">Naver Mobile</a>"
352820,하이브,,64.9,51.5,58.1,78.6,71.4,"<a href=""https://m.stock.naver.com/domestic/stock/352820/total"" target=""_blank"">Naver Mobile</a>"
069730,DSR제강,,64.875,50.0,49.4,97.9,62.2,"<a href=""https://m.stock.naver.com/domestic/stock/069730/total"" target=""_blank"">Naver Mobile</a>"
015360,INVENI,,64.825,50.0,46.5,68.4,94.4,"<a href=""https://m.stock.naver.com/domestic/stock/015360/total"" target=""_blank"">Naver Mobile</a>"
317400,자이에스앤디,,64.82499999999999,50.0,43.1,83.8,82.4,"<a href=""https://m.stock.naver.com/domestic/stock/317400/total"" target=""_blank"">Naver Mobile</a>"
015260,에이엔피,,64.8,66.7,42.5,62.2,87.8,"<a href=""https://m.stock.naver.com/domestic/stock/015260/total"" target=""_blank"">Naver Mobile</a>"
003200,일신방직,,64.775,66.7,51.8,85.9,54.7,"<a href=""https://m.stock.naver.com/domestic/stock/003200/total"" target=""_blank"">Naver Mobile</a>"
460860,동국제강,,64.75,,58.3,71.2,,"<a href=""https://m.stock.naver.com/domestic/stock/460860/total"" target=""_blank"">Naver Mobile</a>"
293940,신한알파리츠,,64.73333333333333,,90.1,54.1,50.0,"<a href=""https://m.stock.naver.com/domestic/stock/293940/total"" target=""_blank"">Naver Mobile</a>"
079160,CJ CGV,,64.65,76.8,52.0,52.9,76.9,"<a href=""https://m.stock.naver.com/domestic/stock/079160/total"" target=""_blank"">Naver Mobile</a>"
155660,DSR,,64.63333333333334,50.0,59.7,84.2,,"<a href=""https://m.stock.naver.com/domestic/stock/155660/total"" target=""_blank"">Naver Mobile</a>"
009440,KC그린홀딩스,,64.625,66.7,64.6,45.4,81.8,"<a href=""https://m.stock.naver.com/domestic/stock/009440/total"" target=""_blank"">Naver Mobile</a>"
002420,세기상사,,64.5,58.6,42.5,72.7,84.2,"<a href=""https://m.stock.naver.com/domestic/stock/002420/total"" target=""_blank"">Naver Mobile</a>"
002820,SUN&L,,64.425,66.7,42.5,69.5,79.0,"<a href=""https://m.stock.naver.com/domestic/stock/002820/total"" target=""_blank"">Naver Mobile</a>"
018500,동원금속,,64.4,61.6,55.7,58.1,82.2,"<a href=""https://m.stock.naver.com/domestic/stock/018500/total"" target=""_blank"">Naver Mobile</a>"
017040,광명전기,,64.375,57.1,42.5,81.2,76.7,"<a href=""https://m.stock.naver.com/domestic/stock/017040/total"" target=""_blank"">Naver Mobile</a>"
004840,DRB동일,,64.35,56.2,47.0,75.6,78.6,"<a href=""https://m.stock.naver.com/domestic/stock/004840/total"" target=""_blank"">Naver Mobile</a>"
163560,동일고무벨트,,64.25,50.0,52.5,84.8,69.7,"<a href=""https://m.stock.naver.com/domestic/stock/163560/total"" target=""_blank"">Naver Mobile</a>"
010690,화신,,64.2,50.0,52.6,68.5,85.7,"<a href=""https://m.stock.naver.com/domestic/stock/010690/total"" target=""_blank"">Naver Mobile</a>"
020560,아시아나항공,,64.2,61.5,60.3,52.5,82.5,"<a href=""https://m.stock.naver.com/domestic/stock/020560/total"" target=""_blank"">Naver Mobile</a>"
005490,POSCO홀딩스,,64.19999999999999,56.3,48.1,83.3,69.1,"<a href=""https://m.stock.naver.com/domestic/stock/005490/total"" target=""_blank"">Naver Mobile</a>"
010770,평화홀딩스,,64.175,69.7,44.4,56.5,86.1,"<a href=""https://m.stock.naver.com/domestic/stock/010770/total"" target=""_blank"">Naver Mobile</a>"
020150,롯데에너지머티리얼즈,,64.125,83.3,43.4,82.4,47.4,"<a href=""https://m.stock.naver.com/domestic/stock/020150/total"" target=""_blank"">Naver Mobile</a>"
020000,한섬,,64.1,50.0,53.2,98.3,54.9,"<a href=""https://m.stock.naver.com/domestic/stock/020000/total"" target=""_blank"">Naver Mobile</a>"
002140,고려산업,,64.1,66.7,51.0,67.5,71.2,"<a href=""https://m.stock.naver.com/domestic/stock/002140/total"" target=""_blank"">Naver Mobile</a>"
032560,황금에스티,,64.025,50.0,59.9,89.7,56.5,"<a href=""https://m.stock.naver.com/domestic/stock/032560/total"" target=""_blank"">Naver Mobile</a>"
010950,S-Oil,,63.95,52.6,43.9,68.3,91.0,"<a href=""https://m.stock.naver.com/domestic/stock/010950/total"" target=""_blank"">Naver Mobile</a>"
055490,테이팩스,,63.949999999999996,50.0,46.6,84.1,75.1,"<a href=""https://m.stock.naver.com/domestic/stock/055490/total"" target=""_blank"">Naver Mobile</a>"
000370,한화손해보험,,63.93333333333334,,93.0,48.8,50.0,"<a href=""https://m.stock.naver.com/domestic/stock/000370/total"" target=""_blank"">Naver Mobile</a>"
063160,종근당바이오,,63.900000000000006,92.1,50.9,65.4,47.2,"<a href=""https://m.stock.naver.com/domestic/stock/063160/total"" target=""_blank"">Naver Mobile</a>"
015590,DKME,,63.9,56.9,46.7,82.9,69.1,"<a href=""https://m.stock.naver.com/domestic/stock/015590/total"" target=""_blank"">Naver Mobile</a>"
018670,SK가스,,63.87499999999999,50.0,50.8,71.6,83.1,"<a href=""https://m.stock.naver.com/domestic/stock/018670/total"" target=""_blank"">Naver Mobile</a>"
002360,SH에너지화학,,63.849999999999994,50.0,42.5,86.2,76.7,"<a href=""https://m.stock.naver.com/domestic/stock/002360/total"" target=""_blank"">Naver Mobile</a>"
293480,하나제약,,63.7,51.5,67.9,86.2,49.2,"<a href=""https://m.stock.naver.com/domestic/stock/293480/total"" target=""_blank"">Naver Mobile</a>"
008420,문배철강,,63.7,50.0,52.1,79.2,73.5,"<a href=""https://m.stock.naver.com/domestic/stock/008420/total"" target=""_blank"">Naver Mobile</a>"
001390,KG케미칼,,63.675000000000004,50.0,46.7,74.4,83.6,"<a href=""https://m.stock.naver.com/domestic/stock/001390/total"" target=""_blank"">Naver Mobile</a>"
006360,GS건설,,63.666666666666664,100.0,40.0,51.0,,"<a href=""https://m.stock.naver.com/domestic/stock/006360/total"" target=""_blank"">Naver Mobile</a>"
248170,샘표식품,,63.65,54.3,45.0,79.3,76.0,"<a href=""https://m.stock.naver.com/domestic/stock/248170/total"" target=""_blank"">Naver Mobile</a>"
079980,휴비스,,63.625,68.4,42.5,62.4,81.2,"<a href=""https://m.stock.naver.com/domestic/stock/079980/total"" target=""_blank"">Naver Mobile</a>"
004720,팜젠사이언스,,63.550000000000004,74.7,49.1,83.8,46.6,"<a href=""https://m.stock.naver.com/domestic/stock/004720/total"" target=""_blank"">Naver Mobile</a>"
033180,KH 필룩스,,63.525000000000006,82.0,44.3,72.5,55.3,"<a href=""https://m.stock.naver.com/domestic/stock/033180/total"" target=""_blank"">Naver Mobile</a>"
181710,NHN,,63.5,57.1,42.5,72.6,81.8,"<a href=""https://m.stock.naver.com/domestic/stock/181710/total"" target=""_blank"">Naver Mobile</a>"
460850,동국씨엠,,63.5,,51.6,75.4,,"<a href=""https://m.stock.naver.com/domestic/stock/460850/total"" target=""_blank"">Naver Mobile</a>"
001340,PKC,,63.475,50.0,45.7,72.2,86.0,"<a href=""https://m.stock.naver.com/domestic/stock/001340/total"" target=""_blank"">Naver Mobile</a>"
007540,샘표,,63.35,54.2,44.7,82.0,72.5,"<a href=""https://m.stock.naver.com/domestic/stock/007540/total"" target=""_blank"">Naver Mobile</a>"
950210,프레스티지바이오파마,,63.325,99.8,42.5,54.8,56.2,"<a href=""https://m.stock.naver.com/domestic/stock/950210/total"" target=""_blank"">Naver Mobile</a>"
001140,국보,,63.3,66.7,45.9,61.5,79.1,"<a href=""https://m.stock.naver.com/domestic/stock/001140/total"" target=""_blank"">Naver Mobile</a>"
011090,에넥스,,63.26666666666667,100.0,40.0,49.8,,"<a href=""https://m.stock.naver.com/domestic/stock/011090/total"" target=""_blank"">Naver Mobile</a>"
123890,한국자산신탁,,63.23333333333333,,73.7,66.0,50.0,"<a href=""https://m.stock.naver.com/domestic/stock/123890/total"" target=""_blank"">Naver Mobile</a>"
032830,삼성생명,,63.23333333333333,,89.7,50.0,50.0,"<a href=""https://m.stock.naver.com/domestic/stock/032830/total"" target=""_blank"">Naver Mobile</a>"
001430,세아베스틸지주,,63.2,50.0,52.7,80.7,69.4,"<a href=""https://m.stock.naver.com/domestic/stock/001430/total"" target=""_blank"">Naver Mobile</a>"
004000,롯데정밀화학,,63.2,50.0,50.1,86.2,66.5,"<a href=""https://m.stock.naver.com/domestic/stock/004000/total"" target=""_blank"">Naver Mobile</a>"
128820,대성산업,,63.2,50.0,46.6,70.0,86.2,"<a href=""https://m.stock.naver.com/domestic/stock/128820/total"" target=""_blank"">Naver Mobile</a>"
450140,코오롱모빌리티그룹,,63.199999999999996,,43.2,54.4,92.0,"<a href=""https://m.stock.naver.com/domestic/stock/450140/total"" target=""_blank"">Naver Mobile</a>"
005960,동부건설,,63.0,50.0,50.8,63.4,87.8,"<a href=""https://m.stock.naver.com/domestic/stock/005960/total"" target=""_blank"">Naver Mobile</a>"
161000,애경케미칼,,63.0,50.0,44.0,75.1,82.9,"<a href=""https://m.stock.naver.com/domestic/stock/161000/total"" target=""_blank"">Naver Mobile</a>"
015020,이스타코,,62.95,75.0,42.5,67.6,66.7,"<a href=""https://m.stock.naver.com/domestic/stock/015020/total"" target=""_blank"">Naver Mobile</a>"
007980,TP,,62.95,54.9,54.5,63.9,78.5,"<a href=""https://m.stock.naver.com/domestic/stock/007980/total"" target=""_blank"">Naver Mobile</a>"
000300,DH오토넥스,,62.775000000000006,50.0,80.6,66.7,53.8,"<a href=""https://m.stock.naver.com/domestic/stock/000300/total"" target=""_blank"">Naver Mobile</a>"
017940,E1,,62.75000000000001,66.7,48.7,54.7,80.9,"<a href=""https://m.stock.naver.com/domestic/stock/017940/total"" target=""_blank"">Naver Mobile</a>"
004990,롯데지주,,62.75,55.0,44.5,70.0,81.5,"<a href=""https://m.stock.naver.com/domestic/stock/004990/total"" target=""_blank"">Naver Mobile</a>"
001770,SHD,,62.725,50.0,42.5,84.9,73.5,"<a href=""https://m.stock.naver.com/domestic/stock/001770/total"" target=""_blank"">Naver Mobile</a>"
004060,SG세계물산,,62.675,66.7,50.8,85.2,48.0,"<a href=""https://m.stock.naver.com/domestic/stock/004060/total"" target=""_blank"">Naver Mobile</a>"
006400,삼성SDI,,62.575,50.0,57.3,74.0,69.0,"<a href=""https://m.stock.naver.com/domestic/stock/006400/total"" target=""_blank"">Naver Mobile</a>"
004430,송원산업,,62.575,50.0,56.6,82.4,61.3,"<a href=""https://m.stock.naver.com/domestic/stock/004430/total"" target=""_blank"">Naver Mobile</a>"
084670,동양고속,,62.5,85.6,40.0,61.9,,"<a href=""https://m.stock.naver.com/domestic/stock/084670/total"" target=""_blank"">Naver Mobile</a>"
000650,천일고속,,62.5,52.1,42.5,62.6,92.8,"<a href=""https://m.stock.naver.com/domestic/stock/000650/total"" target=""_blank"">Naver Mobile</a>"
051630,진양화학,,62.474999999999994,50.0,40.0,74.6,85.3,"<a href=""https://m.stock.naver.com/domestic/stock/051630/total"" target=""_blank"">Naver Mobile</a>"
095720,웅진씽크빅,,62.474999999999994,50.0,48.1,71.6,80.2,"<a href=""https://m.stock.naver.com/domestic/stock/095720/total"" target=""_blank"">Naver Mobile</a>"
322000,HD현대에너지솔루션,,62.474999999999994,50.0,52.6,80.6,66.7,"<a href=""https://m.stock.naver.com/domestic/stock/322000/total"" target=""_blank"">Naver Mobile</a>"
010040,한국내화,,62.45,50.0,45.3,74.7,79.8,"<a href=""https://m.stock.naver.com/domestic/stock/010040/total"" target=""_blank"">Naver Mobile</a>"
000950,전방,,62.425,66.7,64.7,78.6,39.7,"<a href=""https://m.stock.naver.com/domestic/stock/000950/total"" target=""_blank"">Naver Mobile</a>"
007280,한국특강,,62.425,50.0,47.0,69.4,83.3,"<a href=""https://m.stock.naver.com/domestic/stock/007280/total"" target=""_blank"">Naver Mobile</a>"
005320,온타이드,,62.4,50.0,42.5,84.1,73.0,"<a href=""https://m.stock.naver.com/domestic/stock/005320/total"" target=""_blank"">Naver Mobile</a>"
000810,삼성화재,,62.4,,79.1,58.1,50.0,"<a href=""https://m.stock.naver.com/domestic/stock/000810/total"" target=""_blank"">Naver Mobile</a>"
023800,인지컨트롤스,,62.349999999999994,51.9,51.9,67.8,77.8,"<a href=""https://m.stock.naver.com/domestic/stock/023800/total"" target=""_blank"">Naver Mobile</a>"
029780,삼성카드,,62.333333333333336,,72.7,64.3,50.0,"<a href=""https://m.stock.naver.com/domestic/stock/029780/total"" target=""_blank"">Naver Mobile</a>"
007120,미래아이앤지,,62.325,50.0,51.8,72.5,75.0,"<a href=""https://m.stock.naver.com/domestic/stock/007120/total"" target=""_blank"">Naver Mobile</a>"
000670,영풍,,62.3,51.6,42.9,81.6,73.1,"<a href=""https://m.stock.naver.com/domestic/stock/000670/total"" target=""_blank"">Naver Mobile</a>"
007690,국도화학,,62.275000000000006,66.7,41.3,73.8,67.3,"<a href=""https://m.stock.naver.com/domestic/stock/007690/total"" target=""_blank"">Naver Mobile</a>"
003620,KG모빌리티,,62.15,50.0,42.5,72.2,83.9,"<a href=""https://m.stock.naver.com/domestic/stock/003620/total"" target=""_blank"">Naver Mobile</a>"
003030,세아제강지주,,62.15,50.0,51.6,84.9,62.1,"<a href=""https://m.stock.naver.com/domestic/stock/003030/total"" target=""_blank"">Naver Mobile</a>"
170900,동아에스티,,62.125,58.8,42.5,81.0,66.2,"<a href=""https://m.stock.naver.com/domestic/stock/170900/total"" target=""_blank"">Naver Mobile</a>"
036460,한국가스공사,,62.075,61.7,54.9,52.5,79.2,"<a href=""https://m.stock.naver.com/domestic/stock/036460/total"" target=""_blank"">Naver Mobile</a>"
271940,일진하이솔루스,,62.05,50.0,43.2,84.3,70.7,"<a href=""https://m.stock.naver.com/domestic/stock/271940/total"" target=""_blank"">Naver Mobile</a>"
034120,SBS,,62.025000000000006,50.0,42.7,81.2,74.2,"<a href=""https://m.stock.naver.com/domestic/stock/034120/total"" target=""_blank"">Naver Mobile</a>"
000140,하이트진로홀딩스,,61.974999999999994,54.0,53.0,65.7,75.2,"<a href=""https://m.stock.naver.com/domestic/stock/000140/total"" target=""_blank"">Naver Mobile</a>"
009580,무림P&P,,61.95,70.4,46.3,66.7,64.4,"<a href=""https://m.stock.naver.com/domestic/stock/009580/total"" target=""_blank"">Naver Mobile</a>"
204210,스타에스엠리츠,,61.925000000000004,66.7,40.0,65.1,75.9,"<a href=""https://m.stock.naver.com/domestic/stock/204210/total"" target=""_blank"">Naver Mobile</a>"
097230,HJ중공업,,61.9,100.0,55.7,30.0,,"<a href=""https://m.stock.naver.com/domestic/stock/097230/total"" target=""_blank"">Naver Mobile</a>"
014990,인디에프,,61.8,83.3,46.2,52.7,65.0,"<a href=""https://m.stock.naver.com/domestic/stock/014990/total"" target=""_blank"">Naver Mobile</a>"
005250,녹십자홀딩스,,61.8,73.6,42.5,70.8,60.3,"<a href=""https://m.stock.naver.com/domestic/stock/005250/total"" target=""_blank"">Naver Mobile</a>"
092440,기신정기,,61.77499999999999,50.0,53.1,98.8,45.2,"<a href=""https://m.stock.naver.com/domestic/stock/092440/total"" target=""_blank"">Naver Mobile</a>"
023590,다우기술,,61.75,54.8,52.4,57.3,82.5,"<a href=""https://m.stock.naver.com/domestic/stock/023590/total"" target=""_blank"">Naver Mobile</a>"
088350,한화생명,,61.73333333333333,,88.2,47.0,50.0,"<a href=""https://m.stock.naver.com/domestic/stock/088350/total"" target=""_blank"">Naver Mobile</a>"
002070,비비안,,61.675,70.6,46.5,73.6,56.0,"<a href=""https://m.stock.naver.com/domestic/stock/002070/total"" target=""_blank"">Naver Mobile</a>"
129260,인터지스,,61.63333333333333,50.0,51.9,83.0,,"<a href=""https://m.stock.naver.com/domestic/stock/129260/total"" target=""_blank"">Naver Mobile</a>"
047040,대우건설,,61.633333333333326,50.0,64.3,70.6,,"<a href=""https://m.stock.naver.com/domestic/stock/047040/total"" target=""_blank"">Naver Mobile</a>"
058730,다스코,,61.6,50.0,48.9,73.4,74.1,"<a href=""https://m.stock.naver.com/domestic/stock/058730/total"" target=""_blank"">Naver Mobile</a>"
004410,서울식품,,61.574999999999996,50.0,49.0,66.7,80.6,"<a href=""https://m.stock.naver.com/domestic/stock/004410/total"" target=""_blank"">Naver Mobile</a>"
011170,롯데케미칼,,61.55,52.1,42.5,75.3,76.3,"<a href=""https://m.stock.naver.com/domestic/stock/011170/total"" target=""_blank"">Naver Mobile</a>"
034830,한국토지신탁,,61.53333333333333,,64.0,70.6,50.0,"<a href=""https://m.stock.naver.com/domestic/stock/034830/total"" target=""_blank"">Naver Mobile</a>"
058650,세아홀딩스,,61.525000000000006,50.0,48.6,77.2,70.3,"<a href=""https://m.stock.naver.com/domestic/stock/058650/total"" target=""_blank"">Naver Mobile</a>"
011280,태림포장,,61.5,50.0,42.5,71.2,82.3,"<a href=""https://m.stock.naver.com/domestic/stock/011280/total"" target=""_blank"">Naver Mobile</a>"
267270,HD현대건설기계,,61.5,50.0,52.4,81.8,61.8,"<a href=""https://m.stock.naver.com/domestic/stock/267270/total"" target=""_blank"">Naver Mobile</a>"
002690,동일제강,,61.45,50.0,41.2,86.2,68.4,"<a href=""https://m.stock.naver.com/domestic/stock/002690/total"" target=""_blank"">Naver Mobile</a>"
119650,KC코트렐,,61.449999999999996,50.0,57.5,51.2,87.1,"<a href=""https://m.stock.naver.com/domestic/stock/119650/total"" target=""_blank"">Naver Mobile</a>"
005030,부산주공,,61.400000000000006,66.7,43.1,52.5,83.3,"<a href=""https://m.stock.naver.com/domestic/stock/005030/total"" target=""_blank"">Naver Mobile</a>"
068270,셀트리온,,61.4,50.0,43.2,91.0,,"<a href=""https://m.stock.naver.com/domestic/stock/068270/total"" target=""_blank"">Naver Mobile</a>"
008730,율촌화학,,61.275,66.7,45.2,71.1,62.1,"<a href=""https://m.stock.naver.com/domestic/stock/008730/total"" target=""_blank"">Naver Mobile</a>"
102280,쌍방울,,61.275,66.7,43.3,86.2,48.9,"<a href=""https://m.stock.naver.com/domestic/stock/102280/total"" target=""_blank"">Naver Mobile</a>"
035000,HS애드,,61.23333333333333,50.0,66.8,66.9,,"<a href=""https://m.stock.naver.com/domestic/stock/035000/total"" target=""_blank"">Naver Mobile</a>"
093370,후성,,61.199999999999996,62.6,42.5,65.6,74.1,"<a href=""https://m.stock.naver.com/domestic/stock/093370/total"" target=""_blank"">Naver Mobile</a>"
452260,한화갤러리아,,61.166666666666664,,43.0,70.6,69.9,"<a href=""https://m.stock.naver.com/domestic/stock/452260/total"" target=""_blank"">Naver Mobile</a>"
092780,DYP,,61.125,53.6,47.4,65.7,77.8,"<a href=""https://m.stock.naver.com/domestic/stock/092780/total"" target=""_blank"">Naver Mobile</a>"
024720,콜마홀딩스,,61.099999999999994,56.5,44.2,72.5,71.2,"<a href=""https://m.stock.naver.com/domestic/stock/024720/total"" target=""_blank"">Naver Mobile</a>"
096770,SK이노베이션,,61.025000000000006,50.0,42.7,67.6,83.8,"<a href=""https://m.stock.naver.com/domestic/stock/096770/total"" target=""_blank"">Naver Mobile</a>"
092200,디아이씨,,61.0,50.0,53.1,59.5,81.4,"<a href=""https://m.stock.naver.com/domestic/stock/092200/total"" target=""_blank"">Naver Mobile</a>"
017670,SK텔레콤,,61.0,50.0,68.2,64.8,,"<a href=""https://m.stock.naver.com/domestic/stock/017670/total"" target=""_blank"">Naver Mobile</a>"
004960,한신공영,,60.974999999999994,83.3,52.8,67.1,40.7,"<a href=""https://m.stock.naver.com/domestic/stock/004960/total"" target=""_blank"">Naver Mobile</a>"
019170,신풍제약,,60.875,80.0,42.5,75.8,45.2,"<a href=""https://m.stock.naver.com/domestic/stock/019170/total"" target=""_blank"">Naver Mobile</a>"
001250,GS글로벌,,60.86666666666667,50.0,64.8,67.8,,"<a href=""https://m.stock.naver.com/domestic/stock/001250/total"" target=""_blank"">Naver Mobile</a>"
006120,SK디스커버리,,60.85,50.0,43.6,75.7,74.1,"<a href=""https://m.stock.naver.com/domestic/stock/006120/total"" target=""_blank"">Naver Mobile</a>"
068290,삼성출판사,,60.849999999999994,50.0,61.1,84.5,47.8,"<a href=""https://m.stock.naver.com/domestic/stock/068290/total"" target=""_blank"">Naver Mobile</a>"
003070,코오롱글로벌,,60.775000000000006,66.7,42.5,54.6,79.3,"<a href=""https://m.stock.naver.com/domestic/stock/003070/total"" target=""_blank"">Naver Mobile</a>"
016880,웅진,,60.775000000000006,55.3,50.6,52.9,84.3,"<a href=""https://m.stock.naver.com/domestic/stock/016880/total"" target=""_blank"">Naver Mobile</a>"
000850,화천기공,,60.699999999999996,50.0,48.2,86.0,58.6,"<a href=""https://m.stock.naver.com/domestic/stock/000850/total"" target=""_blank"">Naver Mobile</a>"
010140,삼성중공업,,60.666666666666664,100.0,40.0,42.0,,"<a href=""https://m.stock.naver.com/domestic/stock/010140/total"" target=""_blank"">Naver Mobile</a>"
053210,스카이라이프,,60.666666666666664,50.0,40.0,92.0,,"<a href=""https://m.stock.naver.com/domestic/stock/053210/total"" target=""_blank"">Naver Mobile</a>"
323410,카카오뱅크,,60.63333333333333,,81.9,50.0,50.0,"<a href=""https://m.stock.naver.com/domestic/stock/323410/total"" target=""_blank"">Naver Mobile</a>"
002780,진흥기업,,60.46666666666667,50.0,42.4,89.0,,"<a href=""https://m.stock.naver.com/domestic/stock/002780/total"" target=""_blank"">Naver Mobile</a>"
034730,SK,,60.375,50.0,44.4,68.3,78.8,"<a href=""https://m.stock.naver.com/domestic/stock/034730/total"" target=""_blank"">Naver Mobile</a>"
078000,텔코웨어,,60.35,50.0,45.7,70.8,74.9,"<a href=""https://m.stock.naver.com/domestic/stock/078000/total"" target=""_blank"">Naver Mobile</a>"
012450,한화에어로스페이스,,60.349999999999994,80.5,65.1,50.5,45.3,"<a href=""https://m.stock.naver.com/domestic/stock/012450/total"" target=""_blank"">Naver Mobile</a>"
010600,웰바이오텍,,60.349999999999994,50.0,45.2,60.9,85.3,"<a href=""https://m.stock.naver.com/domestic/stock/010600/total"" target=""_blank"">Naver Mobile</a>"
090080,평화산업,,60.3,52.2,45.9,53.9,89.2,"<a href=""https://m.stock.naver.com/domestic/stock/090080/total"" target=""_blank"">Naver Mobile</a>"
092220,KEC,,60.275000000000006,61.9,46.0,73.9,59.3,"<a href=""https://m.stock.naver.com/domestic/stock/092220/total"" target=""_blank"">Naver Mobile</a>"
019440,세아특수강,,60.275000000000006,50.0,45.5,77.4,68.2,"<a href=""https://m.stock.naver.com/domestic/stock/019440/total"" target=""_blank"">Naver Mobile</a>"
003830,대한화섬,,60.225,50.0,42.5,84.0,64.4,"<a href=""https://m.stock.naver.com/domestic/stock/003830/total"" target=""_blank"">Naver Mobile</a>"
003460,유화증권,,60.20000000000001,,75.9,54.7,50.0,"<a href=""https://m.stock.naver.com/domestic/stock/003460/total"" target=""_blank"">Naver Mobile</a>"
002620,제일파마홀딩스,,60.12499999999999,50.0,43.6,72.3,74.6,"<a href=""https://m.stock.naver.com/domestic/stock/002620/total"" target=""_blank"">Naver Mobile</a>"
100220,비상교육,,60.1,83.3,43.0,56.7,57.4,"<a href=""https://m.stock.naver.com/domestic/stock/100220/total"" target=""_blank"">Naver Mobile</a>"
120110,코오롱인더,,60.099999999999994,56.0,48.8,74.6,61.0,"<a href=""https://m.stock.naver.com/domestic/stock/120110/total"" target=""_blank"">Naver Mobile</a>"
004020,현대제철,,60.050000000000004,50.0,43.6,79.2,67.4,"<a href=""https://m.stock.naver.com/domestic/stock/004020/total"" target=""_blank"">Naver Mobile</a>"
001120,LX인터내셔널,,60.03333333333334,50.0,61.7,68.4,,"<a href=""https://m.stock.naver.com/domestic/stock/001120/total"" target=""_blank"">Naver Mobile</a>"
308170,씨티알모빌리티,,60.0,50.0,42.7,60.9,86.4,"<a href=""https://m.stock.naver.com/domestic/stock/308170/total"" target=""_blank"">Naver Mobile</a>"
002100,경농,,59.775000000000006,62.4,66.0,70.4,40.3,"<a href=""https://m.stock.naver.com/domestic/stock/002100/total"" target=""_blank"">Naver Mobile</a>"
051910,LG화학,,59.76666666666667,50.0,50.1,79.2,,"<a href=""https://m.stock.naver.com/domestic/stock/051910/total"" target=""_blank"">Naver Mobile</a>"
145210,다이나믹디자인,,59.7,66.7,42.5,61.1,68.5,"<a href=""https://m.stock.naver.com/domestic/stock/145210/total"" target=""_blank"">Naver Mobile</a>"
001450,현대해상,,59.699999999999996,,73.2,55.9,50.0,"<a href=""https://m.stock.naver.com/domestic/stock/001450/total"" target=""_blank"">Naver Mobile</a>"
084870,TBH글로벌,,59.675,50.0,49.3,78.7,60.7,"<a href=""https://m.stock.naver.com/domestic/stock/084870/total"" target=""_blank"">Naver Mobile</a>"
003000,부광약품,,59.625,76.7,54.5,61.1,46.2,"<a href=""https://m.stock.naver.com/domestic/stock/003000/total"" target=""_blank"">Naver Mobile</a>"
005800,신영와코루,,59.5,50.0,42.9,95.1,50.0,"<a href=""https://m.stock.naver.com/domestic/stock/005800/total"" target=""_blank"">Naver Mobile</a>"
071090,하이스틸,,59.45,50.0,43.6,72.7,71.5,"<a href=""https://m.stock.naver.com/domestic/stock/071090/total"" target=""_blank"">Naver Mobile</a>"
011700,한신기계,,59.449999999999996,66.7,56.5,72.0,42.6,"<a href=""https://m.stock.naver.com/domestic/stock/011700/total"" target=""_blank"">Naver Mobile</a>"
373220,LG에너지솔루션,,59.4,50.0,49.9,78.3,,"<a href=""https://m.stock.naver.com/domestic/stock/373220/total"" target=""_blank"">Naver Mobile</a>"
042670,HD현대인프라코어,,59.36666666666667,50.0,53.3,74.8,,"<a href=""https://m.stock.naver.com/domestic/stock/042670/total"" target=""_blank"">Naver Mobile</a>"
006200,한국전자홀딩스,,59.225,56.0,40.0,79.5,61.4,"<a href=""https://m.stock.naver.com/domestic/stock/006200/total"" target=""_blank"">Naver Mobile</a>"
007460,에이프로젠,,59.175,74.6,42.5,74.3,45.3,"<a href=""https://m.stock.naver.com/domestic/stock/007460/total"" target=""_blank"">Naver Mobile</a>"
002460,HS화성,,59.099999999999994,50.0,54.1,70.0,62.3,"<a href=""https://m.stock.naver.com/domestic/stock/002460/total"" target=""_blank"">Naver Mobile</a>"
000430,대원강업,,59.06666666666666,50.0,54.5,72.7,,"<a href=""https://m.stock.naver.com/domestic/stock/000430/total"" target=""_blank"">Naver Mobile</a>"
004100,태양금속,,59.05,50.2,44.6,55.6,85.8,"<a href=""https://m.stock.naver.com/domestic/stock/004100/total"" target=""_blank"">Naver Mobile</a>"
001780,알루코,,59.05,52.6,52.2,69.7,61.7,"<a href=""https://m.stock.naver.com/domestic/stock/001780/total"" target=""_blank"">Naver Mobile</a>"
008600,윌비스,,59.025,78.3,43.0,65.8,49.0,"<a href=""https://m.stock.naver.com/domestic/stock/008600/total"" target=""_blank"">Naver Mobile</a>"
006740,영풍제지,,58.975,50.6,42.5,74.9,67.9,"<a href=""https://m.stock.naver.com/domestic/stock/006740/total"" target=""_blank"">Naver Mobile</a>"
089470,HDC현대EP,,58.9,50.0,42.6,84.1,,"<a href=""https://m.stock.naver.com/domestic/stock/089470/total"" target=""_blank"">Naver Mobile</a>"
009270,신원,,58.9,52.9,44.5,69.1,69.1,"<a href=""https://m.stock.naver.com/domestic/stock/009270/total"" target=""_blank"">Naver Mobile</a>"
005010,휴스틸,,58.875,50.0,42.5,77.2,65.8,"<a href=""https://m.stock.naver.com/domestic/stock/005010/total"" target=""_blank"">Naver Mobile</a>"
078930,GS,,58.86666666666667,50.0,55.0,71.6,,"<a href=""https://m.stock.naver.com/domestic/stock/078930/total"" target=""_blank"">Naver Mobile</a>"
017180,명문제약,,58.85000000000001,57.2,42.5,66.9,68.8,"<a href=""https://m.stock.naver.com/domestic/stock/017180/total"" target=""_blank"">Naver Mobile</a>"
004920,씨아이테크,,58.849999999999994,66.7,42.8,75.7,50.2,"<a href=""https://m.stock.naver.com/domestic/stock/004920/total"" target=""_blank"">Naver Mobile</a>"
000910,유니온,,58.824999999999996,50.0,58.6,70.3,56.4,"<a href=""https://m.stock.naver.com/domestic/stock/000910/total"" target=""_blank"">Naver Mobile</a>"
139990,아주스틸,,58.724999999999994,58.4,42.5,50.8,83.2,"<a href=""https://m.stock.naver.com/domestic/stock/139990/total"" target=""_blank"">Naver Mobile</a>"
000400,롯데손해보험,,58.666666666666664,,76.0,50.0,50.0,"<a href=""https://m.stock.naver.com/domestic/stock/000400/total"" target=""_blank"">Naver Mobile</a>"
002220,한일철강,,58.650000000000006,50.0,42.7,72.6,69.3,"<a href=""https://m.stock.naver.com/domestic/stock/002220/total"" target=""_blank"">Naver Mobile</a>"
285130,SK케미칼,,58.65,50.0,40.0,84.2,60.4,"<a href=""https://m.stock.naver.com/domestic/stock/285130/total"" target=""_blank"">Naver Mobile</a>"
375500,DL이앤씨,,58.633333333333326,50.0,47.3,78.6,,"<a href=""https://m.stock.naver.com/domestic/stock/375500/total"" target=""_blank"">Naver Mobile</a>"
001360,삼성제약,,58.55,72.0,42.5,71.9,47.8,"<a href=""https://m.stock.naver.com/domestic/stock/001360/total"" target=""_blank"">Naver Mobile</a>"
001720,신영증권,,58.5,,57.4,50.0,68.1,"<a href=""https://m.stock.naver.com/domestic/stock/001720/total"" target=""_blank"">Naver Mobile</a>"
241560,두산밥캣,,58.5,50.0,40.0,85.5,,"<a href=""https://m.stock.naver.com/domestic/stock/241560/total"" target=""_blank"">Naver Mobile</a>"
014130,한익스프레스,,58.425,50.0,42.9,52.5,88.3,"<a href=""https://m.stock.naver.com/domestic/stock/014130/total"" target=""_blank"">Naver Mobile</a>"
084680,이월드,,58.4,50.0,43.8,68.3,71.5,"<a href=""https://m.stock.naver.com/domestic/stock/084680/total"" target=""_blank"">Naver Mobile</a>"
011390,부산산업,,58.37500000000001,50.0,45.4,76.7,61.4,"<a href=""https://m.stock.naver.com/domestic/stock/011390/total"" target=""_blank"">Naver Mobile</a>"
030200,KT,,58.366666666666674,50.0,57.9,67.2,,"<a href=""https://m.stock.naver.com/domestic/stock/030200/total"" target=""_blank"">Naver Mobile</a>"
143210,핸즈코퍼레이션,,58.325,50.0,43.9,58.9,80.5,"<a href=""https://m.stock.naver.com/domestic/stock/143210/total"" target=""_blank"">Naver Mobile</a>"
036580,팜스코,,58.325,54.5,44.4,52.5,81.9,"<a href=""https://m.stock.naver.com/domestic/stock/036580/total"" target=""_blank"">Naver Mobile</a>"
009420,한올바이오파마,,58.3,50.6,47.2,83.2,52.2,"<a href=""https://m.stock.naver.com/domestic/stock/009420/total"" target=""_blank"">Naver Mobile</a>"
058860,KTis,,58.29999999999999,50.0,57.3,67.6,,"<a href=""https://m.stock.naver.com/domestic/stock/058860/total"" target=""_blank"">Naver Mobile</a>"
006110,삼아알미늄,,58.275,50.0,42.5,84.2,56.4,"<a href=""https://m.stock.naver.com/domestic/stock/006110/total"" target=""_blank"">Naver Mobile</a>"
006280,녹십자,,58.225,67.3,44.0,77.5,44.1,"<a href=""https://m.stock.naver.com/domestic/stock/006280/total"" target=""_blank"">Naver Mobile</a>"
014280,금강공업,,58.125,50.0,49.8,70.3,62.4,"<a href=""https://m.stock.naver.com/domestic/stock/014280/total"" target=""_blank"">Naver Mobile</a>"
002900,TYM,,58.125,50.0,52.7,74.1,55.7,"<a href=""https://m.stock.naver.com/domestic/stock/002900/total"" target=""_blank"">Naver Mobile</a>"
271980,제일약품,,58.05,50.0,43.7,68.2,70.3,"<a href=""https://m.stock.naver.com/domestic/stock/271980/total"" target=""_blank"">Naver Mobile</a>"
001020,페이퍼코리아,,57.875,50.0,43.8,84.3,53.4,"<a href=""https://m.stock.naver.com/domestic/stock/001020/total"" target=""_blank"">Naver Mobile</a>"
032640,LG유플러스,,57.833333333333336,50.0,58.0,65.5,,"<a href=""https://m.stock.naver.com/domestic/stock/032640/total"" target=""_blank"">Naver Mobile</a>"
403550,쏘카,,57.8,50.0,42.5,60.0,78.7,"<a href=""https://m.stock.naver.com/domestic/stock/403550/total"" target=""_blank"">Naver Mobile</a>"
213500,한솔제지,,57.599999999999994,50.0,44.8,65.4,70.2,"<a href=""https://m.stock.naver.com/domestic/stock/213500/total"" target=""_blank"">Naver Mobile</a>"
003160,디아이,,57.56666666666666,50.0,40.0,82.7,,"<a href=""https://m.stock.naver.com/domestic/stock/003160/total"" target=""_blank"">Naver Mobile</a>"
138040,메리츠금융지주,,57.53333333333333,,63.3,50.0,59.3,"<a href=""https://m.stock.naver.com/domestic/stock/138040/total"" target=""_blank"">Naver Mobile</a>"
071950,코아스,,57.375,51.3,42.5,54.4,81.3,"<a href=""https://m.stock.naver.com/domestic/stock/071950/total"" target=""_blank"">Naver Mobile</a>"
001270,부국증권,,57.300000000000004,,56.0,50.0,65.9,"<a href=""https://m.stock.naver.com/domestic/stock/001270/total"" target=""_blank"">Naver Mobile</a>"
175330,JB금융지주,,57.166666666666664,,74.8,46.7,50.0,"<a href=""https://m.stock.naver.com/domestic/stock/175330/total"" target=""_blank"">Naver Mobile</a>"
013890,지누스,,56.925,50.0,44.8,75.7,57.2,"<a href=""https://m.stock.naver.com/domestic/stock/013890/total"" target=""_blank"">Naver Mobile</a>"
000040,KR모터스,,56.925,66.7,42.5,37.2,81.3,"<a href=""https://m.stock.naver.com/domestic/stock/000040/total"" target=""_blank"">Naver Mobile</a>"
001530,DI동일,,56.9,50.0,44.0,76.7,,"<a href=""https://m.stock.naver.com/domestic/stock/001530/total"" target=""_blank"">Naver Mobile</a>"
007610,선도전기,,56.825,66.7,59.4,43.0,58.2,"<a href=""https://m.stock.naver.com/domestic/stock/007610/total"" target=""_blank"">Naver Mobile</a>"
003670,포스코퓨처엠,,56.724999999999994,50.0,42.5,66.2,68.2,"<a href=""https://m.stock.naver.com/domestic/stock/003670/total"" target=""_blank"">Naver Mobile</a>"
011000,진원생명과학,,56.650000000000006,67.0,42.5,51.9,65.2,"<a href=""https://m.stock.naver.com/domestic/stock/011000/total"" target=""_blank"">Naver Mobile</a>"
004310,현대약품,,56.575,50.0,45.1,77.4,53.8,"<a href=""https://m.stock.naver.com/domestic/stock/004310/total"" target=""_blank"">Naver Mobile</a>"
049800,우진플라임,,56.375,50.0,42.7,64.1,68.7,"<a href=""https://m.stock.naver.com/domestic/stock/049800/total"" target=""_blank"">Naver Mobile</a>"
011230,삼화전자,,56.224999999999994,50.0,42.5,60.7,71.7,"<a href=""https://m.stock.naver.com/domestic/stock/011230/total"" target=""_blank"">Naver Mobile</a>"
001210,금호전기,,56.05,61.8,42.5,43.4,76.5,"<a href=""https://m.stock.naver.com/domestic/stock/001210/total"" target=""_blank"">Naver Mobile</a>"
023150,MH에탄올,,56.05,50.0,61.3,45.1,67.8,"<a href=""https://m.stock.naver.com/domestic/stock/023150/total"" target=""_blank"">Naver Mobile</a>"
036420,콘텐트리중앙,,56.05,50.0,42.5,48.7,83.0,"<a href=""https://m.stock.naver.com/domestic/stock/036420/total"" target=""_blank"">Naver Mobile</a>"
111110,호전실업,,56.03333333333333,50.0,56.1,62.0,,"<a href=""https://m.stock.naver.com/domestic/stock/111110/total"" target=""_blank"">Naver Mobile</a>"
086790,하나금융지주,,56.0,,70.7,47.3,50.0,"<a href=""https://m.stock.naver.com/domestic/stock/086790/total"" target=""_blank"">Naver Mobile</a>"
010780,아이에스동서,,55.975,50.0,52.6,74.7,46.6,"<a href=""https://m.stock.naver.com/domestic/stock/010780/total"" target=""_blank"">Naver Mobile</a>"
011810,STX,,55.775,50.0,42.5,57.1,73.5,"<a href=""https://m.stock.naver.com/domestic/stock/011810/total"" target=""_blank"">Naver Mobile</a>"
004170,신세계,,55.56666666666666,50.0,52.5,64.2,,"<a href=""https://m.stock.naver.com/domestic/stock/004170/total"" target=""_blank"">Naver Mobile</a>"
140910,에이리츠,,55.375,79.2,40.0,52.3,50.0,"<a href=""https://m.stock.naver.com/domestic/stock/140910/total"" target=""_blank"">Naver Mobile</a>"
003540,대신증권,,55.06666666666666,,48.5,50.0,66.7,"<a href=""https://m.stock.naver.com/domestic/stock/003540/total"" target=""_blank"">Naver Mobile</a>"
102460,이연제약,,54.775,50.0,44.1,80.0,45.0,"<a href=""https://m.stock.naver.com/domestic/stock/102460/total"" target=""_blank"">Naver Mobile</a>"
024890,대원화성,,54.65,50.0,42.5,53.2,72.9,"<a href=""https://m.stock.naver.com/domestic/stock/024890/total"" target=""_blank"">Naver Mobile</a>"
298000,효성화학,,54.6,93.8,40.0,30.0,,"<a href=""https://m.stock.naver.com/domestic/stock/298000/total"" target=""_blank"">Naver Mobile</a>"
101140,인바이오젠,,54.575,66.7,40.0,61.2,50.4,"<a href=""https://m.stock.naver.com/domestic/stock/101140/total"" target=""_blank"">Naver Mobile</a>"
336370,솔루스첨단소재,,54.53333333333333,50.0,40.0,73.6,,"<a href=""https://m.stock.naver.com/domestic/stock/336370/total"" target=""_blank"">Naver Mobile</a>"
069960,현대백화점,,54.36666666666667,50.0,40.0,73.1,,"<a href=""https://m.stock.naver.com/domestic/stock/069960/total"" target=""_blank"">Naver Mobile</a>"
007590,동방아그로,,54.35,53.9,56.9,66.5,40.1,"<a href=""https://m.stock.naver.com/domestic/stock/007590/total"" target=""_blank"">Naver Mobile</a>"
001520,동양,,54.23333333333333,50.0,40.0,72.7,,"<a href=""https://m.stock.naver.com/domestic/stock/001520/total"" target=""_blank"">Naver Mobile</a>"
069640,한세엠케이,,54.2,66.7,42.5,52.8,54.8,"<a href=""https://m.stock.naver.com/domestic/stock/069640/total"" target=""_blank"">Naver Mobile</a>"
001080,만호제강,,54.150000000000006,50.0,42.5,63.8,60.3,"<a href=""https://m.stock.naver.com/domestic/stock/001080/total"" target=""_blank"">Naver Mobile</a>"
003120,일성아이에스,,54.15,51.2,42.5,77.5,45.4,"<a href=""https://m.stock.naver.com/domestic/stock/003120/total"" target=""_blank"">Naver Mobile</a>"
005420,코스모화학,,54.13333333333333,50.0,40.0,72.4,,"<a href=""https://m.stock.naver.com/domestic/stock/005420/total"" target=""_blank"">Naver Mobile</a>"
336260,두산퓨얼셀,,53.9,50.0,43.9,74.6,47.1,"<a href=""https://m.stock.naver.com/domestic/stock/336260/total"" target=""_blank"">Naver Mobile</a>"
000880,한화,,53.775,50.0,44.7,52.5,67.9,"<a href=""https://m.stock.naver.com/domestic/stock/000880/total"" target=""_blank"">Naver Mobile</a>"
139130,iM금융지주,,53.63333333333333,,66.8,44.1,50.0,"<a href=""https://m.stock.naver.com/domestic/stock/139130/total"" target=""_blank"">Naver Mobile</a>"
009310,참엔지니어링,,53.625,65.5,42.5,27.5,79.0,"<a href=""https://m.stock.naver.com/domestic/stock/009310/total"" target=""_blank"">Naver Mobile</a>"
005360,모나미,,53.6,50.0,42.5,71.5,50.4,"<a href=""https://m.stock.naver.com/domestic/stock/005360/total"" target=""_blank"">Naver Mobile</a>"
004380,삼익THK,,53.525,50.0,45.6,70.4,48.1,"<a href=""https://m.stock.naver.com/domestic/stock/004380/total"" target=""_blank"">Naver Mobile</a>"
363280,티와이홀딩스,,53.475,50.0,42.5,46.4,75.0,"<a href=""https://m.stock.naver.com/domestic/stock/363280/total"" target=""_blank"">Naver Mobile</a>"
005940,NH투자증권,,53.46666666666667,,78.8,31.6,50.0,"<a href=""https://m.stock.naver.com/domestic/stock/005940/total"" target=""_blank"">Naver Mobile</a>"
006570,대림통상,,53.400000000000006,50.0,42.5,68.4,52.7,"<a href=""https://m.stock.naver.com/domestic/stock/006570/total"" target=""_blank"">Naver Mobile</a>"
002410,범양건영,,53.400000000000006,64.5,42.5,33.8,72.8,"<a href=""https://m.stock.naver.com/domestic/stock/002410/total"" target=""_blank"">Naver Mobile</a>"
316140,우리금융지주,,53.300000000000004,,67.8,42.1,50.0,"<a href=""https://m.stock.naver.com/domestic/stock/316140/total"" target=""_blank"">Naver Mobile</a>"
066970,엘앤에프,,53.275,50.0,44.5,52.5,66.1,"<a href=""https://m.stock.naver.com/domestic/stock/066970/total"" target=""_blank"">Naver Mobile</a>"
133820,화인베스틸,,53.1,50.0,42.5,50.5,69.4,"<a href=""https://m.stock.naver.com/domestic/stock/133820/total"" target=""_blank"">Naver Mobile</a>"
002990,금호건설,,53.05,50.0,42.5,36.0,83.7,"<a href=""https://m.stock.naver.com/domestic/stock/002990/total"" target=""_blank"">Naver Mobile</a>"
009830,한화솔루션,,53.025,50.0,42.5,65.5,54.1,"<a href=""https://m.stock.naver.com/domestic/stock/009830/total"" target=""_blank"">Naver Mobile</a>"
071050,한국금융지주,,52.73333333333333,,58.2,50.0,50.0,"<a href=""https://m.stock.naver.com/domestic/stock/071050/total"" target=""_blank"">Naver Mobile</a>"
037560,LG헬로비전,,52.6,50.0,40.0,67.8,,"<a href=""https://m.stock.naver.com/domestic/stock/037560/total"" target=""_blank"">Naver Mobile</a>"
001750,한양증권,,52.6,,57.8,50.0,50.0,"<a href=""https://m.stock.naver.com/domestic/stock/001750/total"" target=""_blank"">Naver Mobile</a>"
457190,이수스페셜티케미컬,,52.4,,40.0,64.8,,"<a href=""https://m.stock.naver.com/domestic/stock/457190/total"" target=""_blank"">Naver Mobile</a>"
003470,유안타증권,,52.1,,56.3,50.0,50.0,"<a href=""https://m.stock.naver.com/domestic/stock/003470/total"" target=""_blank"">Naver Mobile</a>"
011790,SKC,,51.825,61.4,42.5,41.7,61.7,"<a href=""https://m.stock.naver.com/domestic/stock/011790/total"" target=""_blank"">Naver Mobile</a>"
023810,인팩,,51.8,,,51.8,,"<a href=""https://m.stock.naver.com/domestic/stock/023810/total"" target=""_blank"">Naver Mobile</a>"
138930,BNK금융지주,,51.699999999999996,,63.7,41.4,50.0,"<a href=""https://m.stock.naver.com/domestic/stock/138930/total"" target=""_blank"">Naver Mobile</a>"
001040,CJ,,51.666666666666664,50.0,44.9,60.1,,"<a href=""https://m.stock.naver.com/domestic/stock/001040/total"" target=""_blank"">Naver Mobile</a>"
003060,에이프로젠바이오로직스,,51.574999999999996,50.0,42.5,75.2,38.6,"<a href=""https://m.stock.naver.com/domestic/stock/003060/total"" target=""_blank"">Naver Mobile</a>"
011330,유니켐,,51.5,66.7,43.3,52.1,43.9,"<a href=""https://m.stock.naver.com/domestic/stock/011330/total"" target=""_blank"">Naver Mobile</a>"
210980,SK디앤디,,51.3,50.0,42.5,62.7,50.0,"<a href=""https://m.stock.naver.com/domestic/stock/210980/total"" target=""_blank"">Naver Mobile</a>"
011930,신성이엔지,,51.23333333333333,50.0,40.0,63.7,,"<a href=""https://m.stock.naver.com/domestic/stock/011930/total"" target=""_blank"">Naver Mobile</a>"
025560,미래산업,,51.2,66.7,40.0,55.6,42.5,"<a href=""https://m.stock.naver.com/domestic/stock/025560/total"" target=""_blank"">Naver Mobile</a>"
047400,유니온머티리얼,,51.15,50.0,49.9,60.1,44.6,"<a href=""https://m.stock.naver.com/domestic/stock/047400/total"" target=""_blank"">Naver Mobile</a>"
030610,교보증권,,51.1,,55.4,47.9,50.0,"<a href=""https://m.stock.naver.com/domestic/stock/030610/total"" target=""_blank"">Naver Mobile</a>"
006370,대구백화점,,50.833333333333336,50.0,40.0,62.5,,"<a href=""https://m.stock.naver.com/domestic/stock/006370/total"" target=""_blank"">Naver Mobile</a>"
002390,한독,,50.76666666666667,50.0,40.0,62.3,,"<a href=""https://m.stock.naver.com/domestic/stock/002390/total"" target=""_blank"">Naver Mobile</a>"
139480,이마트,,50.53333333333333,50.0,40.0,61.6,,"<a href=""https://m.stock.naver.com/domestic/stock/139480/total"" target=""_blank"">Naver Mobile</a>"
001200,유진투자증권,,50.4,,51.2,50.0,50.0,"<a href=""https://m.stock.naver.com/domestic/stock/001200/total"" target=""_blank"">Naver Mobile</a>"
006800,미래에셋증권,,50.36666666666667,,51.1,50.0,50.0,"<a href=""https://m.stock.naver.com/domestic/stock/006800/total"" target=""_blank"">Naver Mobile</a>"
002210,동성제약,,50.199999999999996,50.0,42.5,63.2,45.1,"<a href=""https://m.stock.naver.com/domestic/stock/002210/total"" target=""_blank"">Naver Mobile</a>"
361610,SK아이이테크놀로지,,50.05,50.0,42.5,58.6,49.1,"<a href=""https://m.stock.naver.com/domestic/stock/361610/total"" target=""_blank"">Naver Mobile</a>"
475150,SK이터닉스,,49.9,,,49.9,,"<a href=""https://m.stock.naver.com/domestic/stock/475150/total"" target=""_blank"">Naver Mobile</a>"
302440,SK바이오사이언스,,49.625,50.0,42.5,61.2,44.8,"<a href=""https://m.stock.naver.com/domestic/stock/302440/total"" target=""_blank"">Naver Mobile</a>"
001500,현대차증권,,49.6,,48.8,50.0,50.0,"<a href=""https://m.stock.naver.com/domestic/stock/001500/total"" target=""_blank"">Naver Mobile</a>"
006220,제주은행,,49.56666666666666,,52.9,45.8,50.0,"<a href=""https://m.stock.naver.com/domestic/stock/006220/total"" target=""_blank"">Naver Mobile</a>"
298050,HS효성첨단소재,,49.36666666666667,50.0,57.2,40.9,,"<a href=""https://m.stock.naver.com/domestic/stock/298050/total"" target=""_blank"">Naver Mobile</a>"
016610,DB증권,,49.166666666666664,,48.4,49.1,50.0,"<a href=""https://m.stock.naver.com/domestic/stock/016610/total"" target=""_blank"">Naver Mobile</a>"
016360,삼성증권,,48.93333333333334,,80.1,16.7,50.0,"<a href=""https://m.stock.naver.com/domestic/stock/016360/total"" target=""_blank"">Naver Mobile</a>"
003530,한화투자증권,,48.9,,46.7,50.0,50.0,"<a href=""https://m.stock.naver.com/domestic/stock/003530/total"" target=""_blank"">Naver Mobile</a>"
001510,SK증권,,48.9,,55.0,16.7,75.0,"<a href=""https://m.stock.naver.com/domestic/stock/001510/total"" target=""_blank"">Naver Mobile</a>"
039490,키움증권,,48.666666666666664,,58.7,37.3,50.0,"<a href=""https://m.stock.naver.com/domestic/stock/039490/total"" target=""_blank"">Naver Mobile</a>"
055550,신한지주,,48.366666666666674,,78.4,16.7,50.0,"<a href=""https://m.stock.naver.com/domestic/stock/055550/total"" target=""_blank"">Naver Mobile</a>"
003080,SB성보,,48.225,50.0,42.5,60.4,40.0,"<a href=""https://m.stock.naver.com/domestic/stock/003080/total"" target=""_blank"">Naver Mobile</a>"
001570,금양,,48.225,50.0,42.5,33.5,66.9,"<a href=""https://m.stock.naver.com/domestic/stock/001570/total"" target=""_blank"">Naver Mobile</a>"
450080,에코프로머티,,48.1,50.0,42.5,54.3,45.6,"<a href=""https://m.stock.naver.com/domestic/stock/450080/total"" target=""_blank"">Naver Mobile</a>"
000490,대동,,48.05,50.0,43.6,58.3,40.3,"<a href=""https://m.stock.naver.com/domestic/stock/000490/total"" target=""_blank"">Naver Mobile</a>"
357430,마스턴프리미어리츠,,47.699999999999996,,40.0,53.1,50.0,"<a href=""https://m.stock.naver.com/domestic/stock/357430/total"" target=""_blank"">Naver Mobile</a>"
001290,상상인증권,,47.56666666666666,,42.5,38.6,61.6,"<a href=""https://m.stock.naver.com/domestic/stock/001290/total"" target=""_blank"">Naver Mobile</a>"
001470,삼부토건,,47.324999999999996,50.0,42.5,39.7,57.1,"<a href=""https://m.stock.naver.com/domestic/stock/001470/total"" target=""_blank"">Naver Mobile</a>"
004870,티웨이홀딩스,,47.25,50.0,42.5,51.2,45.3,"<a href=""https://m.stock.naver.com/domestic/stock/004870/total"" target=""_blank"">Naver Mobile</a>"
454910,두산로보틱스,,47.06666666666666,,42.5,61.2,37.5,"<a href=""https://m.stock.naver.com/domestic/stock/454910/total"" target=""_blank"">Naver Mobile</a>"
011300,성안머티리얼스,,46.875,50.0,42.5,32.5,62.5,"<a href=""https://m.stock.naver.com/domestic/stock/011300/total"" target=""_blank"">Naver Mobile</a>"
030210,다올투자증권,,46.300000000000004,,42.5,46.4,50.0,"<a href=""https://m.stock.naver.com/domestic/stock/030210/total"" target=""_blank"">Naver Mobile</a>"
089860,롯데렌탈,,46.03333333333333,50.0,57.8,30.3,,"<a href=""https://m.stock.naver.com/domestic/stock/089860/total"" target=""_blank"">Naver Mobile</a>"
085620,미래에셋생명,,45.6,,46.5,40.3,50.0,"<a href=""https://m.stock.naver.com/domestic/stock/085620/total"" target=""_blank"">Naver Mobile</a>"
018880,한온시스템,,44.9,50.0,40.0,44.7,,"<a href=""https://m.stock.naver.com/domestic/stock/018880/total"" target=""_blank"">Naver Mobile</a>"
005950,이수화학,,43.300000000000004,50.0,40.0,39.9,,"<a href=""https://m.stock.naver.com/domestic/stock/005950/total"" target=""_blank"">Naver Mobile</a>"
019490,엑시큐어하이트론,,42.875,51.4,40.0,27.5,52.6,"<a href=""https://m.stock.naver.com/domestic/stock/019490/total"" target=""_blank"">Naver Mobile</a>"
024110,기업은행,,42.53333333333333,,60.9,16.7,50.0,"<a href=""https://m.stock.naver.com/domestic/stock/024110/total"" target=""_blank"">Naver Mobile</a>"
008770,호텔신라,,42.333333333333336,50.0,40.0,37.0,,"<a href=""https://m.stock.naver.com/domestic/stock/008770/total"" target=""_blank"">Naver Mobile</a>"
009410,태영건설,,40.0,50.0,40.0,30.0,,"<a href=""https://m.stock.naver.com/domestic/stock/009410/total"" target=""_blank"">Naver Mobile</a>"
105560,KB금융,,38.333333333333336,,48.3,16.7,50.0,"<a href=""https://m.stock.naver.com/domestic/stock/105560/total"" target=""_blank"">Naver Mobile</a>"
005935,삼성전자우,Data not found for 2024-Q3,,,,,,"<a href=""https://m.stock.naver.com/domestic/stock/005935/total"" target=""_blank"">Naver Mobile</a>"
005387,현대차2우B,Data not found for 2024-Q3,,,,,,"<a href=""https://m.stock.naver.com/domestic/stock/005387/total"" target=""_blank"">Naver Mobile</a>"
088980,맥쿼리인프라,Data not found for 2024-Q3,,,,,,"<a href=""https://m.stock.naver.com/domestic/stock/088980/total"" target=""_blank"">Naver Mobile</a>"
005385,현대차우,Data not found for 2024-Q3,,,,,,"<a href=""https://m.stock.naver.com/domestic/stock/005385/total"" target=""_blank"">Naver Mobile</a>"
439260,대한조선,Data not found for 2024-Q3,,,,,,"<a href=""https://m.stock.naver.com/domestic/stock/439260/total"" target=""_blank"">Naver Mobile</a>"
031210,서울보증보험,Data not found for 2024-Q3,,,,,,"<a href=""https://m.stock.naver.com/domestic/stock/031210/total"" target=""_blank"">Naver Mobile</a>"
000155,두산우,Data not found for 2024-Q3,,,,,,"<a href=""https://m.stock.naver.com/domestic/stock/000155/total"" target=""_blank"">Naver Mobile</a>"
484870,엠앤씨솔루션,Data not found for 2024-Q3,,,,,,"<a href=""https://m.stock.naver.com/domestic/stock/484870/total"" target=""_blank"">Naver Mobile</a>"
395400,SK리츠,Data not found for 2024-Q3,,,,,,"<a href=""https://m.stock.naver.com/domestic/stock/395400/total"" target=""_blank"">Naver Mobile</a>"
610063,메리츠 KIS CD금리투자 ETN,Data not found for 2024-Q3,,,,,,"<a href=""https://m.stock.naver.com/domestic/stock/610063/total"" target=""_blank"">Naver Mobile</a>"
051915,LG화학우,Data not found for 2024-Q3,,,,,,"<a href=""https://m.stock.naver.com/domestic/stock/051915/total"" target=""_blank"">Naver Mobile</a>"
00680K,미래에셋증권2우B,Data not found for 2024-Q3,,,,,,"<a href=""https://m.stock.naver.com/domestic/stock/00680K/total"" target=""_blank"">Naver Mobile</a>"
330590,롯데리츠,Data not found for 2024-Q3,,,,,,"<a href=""https://m.stock.naver.com/domestic/stock/330590/total"" target=""_blank"">Naver Mobile</a>"
415640,KB발해인프라,Data not found for 2024-Q3,,,,,,"<a href=""https://m.stock.naver.com/domestic/stock/415640/total"" target=""_blank"">Naver Mobile</a>"
000815,삼성화재우,Data not found for 2024-Q3,,,,,,"<a href=""https://m.stock.naver.com/domestic/stock/000815/total"" target=""_blank"">Naver Mobile</a>"
700026,하나 CD금리투자 ETN,Data not found for 2024-Q3,,,,,,"<a href=""https://m.stock.naver.com/domestic/stock/700026/total"" target=""_blank"">Naver Mobile</a>"
365550,ESR켄달스퀘어리츠,Data not found for 2024-Q3,,,,,,"<a href=""https://m.stock.naver.com/domestic/stock/365550/total"" target=""_blank"">Naver Mobile</a>"
550082,N2 KIS CD금리투자 ETN,Data not found for 2024-Q3,,,,,,"<a href=""https://m.stock.naver.com/domestic/stock/550082/total"" target=""_blank"">Naver Mobile</a>"
00088K,한화3우B,Data not found for 2024-Q3,,,,,,"<a href=""https://m.stock.naver.com/domestic/stock/00088K/total"" target=""_blank"">Naver Mobile</a>"
499790,GS피앤엘,Data not found for 2024-Q3,,,,,,"<a href=""https://m.stock.naver.com/domestic/stock/499790/total"" target=""_blank"">Naver Mobile</a>"
451800,한화리츠,Data not found for 2024-Q3,,,,,,"<a href=""https://m.stock.naver.com/domestic/stock/451800/total"" target=""_blank"">Naver Mobile</a>"
760009,키움 CD금리투자 ETN,Data not found for 2024-Q3,,,,,,"<a href=""https://m.stock.naver.com/domestic/stock/760009/total"" target=""_blank"">Naver Mobile</a>"
066575,LG전자우,Data not found for 2024-Q3,,,,,,"<a href=""https://m.stock.naver.com/domestic/stock/066575/total"" target=""_blank"">Naver Mobile</a>"
530031,삼성 레버리지 WTI원유 선물 ETN,Data not found for 2024-Q3,,,,,,"<a href=""https://m.stock.naver.com/domestic/stock/530031/total"" target=""_blank"">Naver Mobile</a>"
580058,KB KIS CD금리투자 ETN,Data not found for 2024-Q3,,,,,,"<a href=""https://m.stock.naver.com/domestic/stock/580058/total"" target=""_blank"">Naver Mobile</a>"
00104K,CJ4우(전환),Data not found for 2024-Q3,,,,,,"<a href=""https://m.stock.naver.com/domestic/stock/00104K/total"" target=""_blank"">Naver Mobile</a>"
071055,한국금융지주우,Data not found for 2024-Q3,,,,,,"<a href=""https://m.stock.naver.com/domestic/stock/071055/total"" target=""_blank"">Naver Mobile</a>"
500019,신한 레버리지 WTI원유 선물 ETN(H),Data not found for 2024-Q3,,,,,,"<a href=""https://m.stock.naver.com/domestic/stock/500019/total"" target=""_blank"">Naver Mobile</a>"
003545,대신증권우,Data not found for 2024-Q3,,,,,,"<a href=""https://m.stock.naver.com/domestic/stock/003545/total"" target=""_blank"">Naver Mobile</a>"
090435,아모레퍼시픽우,Data not found for 2024-Q3,,,,,,"<a href=""https://m.stock.naver.com/domestic/stock/090435/total"" target=""_blank"">Naver Mobile</a>"
348950,제이알글로벌리츠,Data not found for 2024-Q3,,,,,,"<a href=""https://m.stock.naver.com/domestic/stock/348950/total"" target=""_blank"">Naver Mobile</a>"
094800,맵스리얼티1,Data not found for 2024-Q3,,,,,,"<a href=""https://m.stock.naver.com/domestic/stock/094800/total"" target=""_blank"">Naver Mobile</a>"
357120,코람코라이프인프라리츠,Data not found for 2024-Q3,,,,,,"<a href=""https://m.stock.naver.com/domestic/stock/357120/total"" target=""_blank"">Naver Mobile</a>"
448730,삼성FN리츠,Data not found for 2024-Q3,,,,,,"<a href=""https://m.stock.naver.com/domestic/stock/448730/total"" target=""_blank"">Naver Mobile</a>"
005389,현대차3우B,Data not found for 2024-Q3,,,,,,"<a href=""https://m.stock.naver.com/domestic/stock/005389/total"" target=""_blank"">Naver Mobile</a>"
475560,더본코리아,Data not found for 2024-Q3,,,,,,"<a href=""https://m.stock.naver.com/domestic/stock/475560/total"" target=""_blank"">Naver Mobile</a>"
432320,KB스타리츠,Data not found for 2024-Q3,,,,,,"<a href=""https://m.stock.naver.com/domestic/stock/432320/total"" target=""_blank"">Naver Mobile</a>"
000157,두산2우B,Data not found for 2024-Q3,,,,,,"<a href=""https://m.stock.naver.com/domestic/stock/000157/total"" target=""_blank"">Naver Mobile</a>"
570090,한투 KIS CD금리투자 ETN,Data not found for 2024-Q3,,,,,,"<a href=""https://m.stock.naver.com/domestic/stock/570090/total"" target=""_blank"">Naver Mobile</a>"
520009,미래에셋 레버리지 원유선물혼합 ETN(H),Data not found for 2024-Q3,,,,,,"<a href=""https://m.stock.naver.com/domestic/stock/520009/total"" target=""_blank"">Naver Mobile</a>"
005945,NH투자증권우,Data not found for 2024-Q3,,,,,,"<a href=""https://m.stock.naver.com/domestic/stock/005945/total"" target=""_blank"">Naver Mobile</a>"
088260,이리츠코크렙,Data not found for 2024-Q3,,,,,,"<a href=""https://m.stock.naver.com/domestic/stock/088260/total"" target=""_blank"">Naver Mobile</a>"
051905,LG생활건강우,Data not found for 2024-Q3,,,,,,"<a href=""https://m.stock.naver.com/domestic/stock/051905/total"" target=""_blank"">Naver Mobile</a>"
0030R0,대신밸류리츠,Data not found for 2024-Q3,,,,,,"<a href=""https://m.stock.naver.com/domestic/stock/0030R0/total"" target=""_blank"">Naver Mobile</a>"
530107,삼성 인버스 2X 코스닥150 선물 ETN,Data not found for 2024-Q3,,,,,,"<a href=""https://m.stock.naver.com/domestic/stock/530107/total"" target=""_blank"">Naver Mobile</a>"
334890,이지스밸류플러스리츠,Data not found for 2024-Q3,,,,,,"<a href=""https://m.stock.naver.com/domestic/stock/334890/total"" target=""_blank"">Naver Mobile</a>"
417310,코람코더원리츠,Data not found for 2024-Q3,,,,,,"<a href=""https://m.stock.naver.com/domestic/stock/417310/total"" target=""_blank"">Naver Mobile</a>"
570022,한투 레버리지 S&P500 선물 ETN(H),Data not found for 2024-Q3,,,,,,"<a href=""https://m.stock.naver.com/domestic/stock/570022/total"" target=""_blank"">Naver Mobile</a>"
006405,삼성SDI우,Data not found for 2024-Q3,,,,,,"<a href=""https://m.stock.naver.com/domestic/stock/006405/total"" target=""_blank"">Naver Mobile</a>"
009155,삼성전기우,Data not found for 2024-Q3,,,,,,"<a href=""https://m.stock.naver.com/domestic/stock/009155/total"" target=""_blank"">Naver Mobile</a>"
404990,신한서부티엔디리츠,Data not found for 2024-Q3,,,,,,"<a href=""https://m.stock.naver.com/domestic/stock/404990/total"" target=""_blank"">Naver Mobile</a>"
097955,CJ제일제당 우,Data not found for 2024-Q3,,,,,,"<a href=""https://m.stock.naver.com/domestic/stock/097955/total"" target=""_blank"">Naver Mobile</a>"
001045,CJ우,Data not found for 2024-Q3,,,,,,"<a href=""https://m.stock.naver.com/domestic/stock/001045/total"" target=""_blank"">Naver Mobile</a>"
003555,LG우,Data not found for 2024-Q3,,,,,,"<a href=""https://m.stock.naver.com/domestic/stock/003555/total"" target=""_blank"">Naver Mobile</a>"
011785,금호석유화학우,Data not found for 2024-Q3,,,,,,"<a href=""https://m.stock.naver.com/domestic/stock/011785/total"" target=""_blank"">Naver Mobile</a>"
500077,신한 인버스0.5X S&P500 VIX S/T선물 ETN,Data not found for 2024-Q3,,,,,,"<a href=""https://m.stock.naver.com/domestic/stock/500077/total"" target=""_blank"">Naver Mobile</a>"
003547,대신증권2우B,Data not found for 2024-Q3,,,,,,"<a href=""https://m.stock.naver.com/domestic/stock/003547/total"" target=""_blank"">Naver Mobile</a>"
02826K,삼성물산우B,Data not found for 2024-Q3,,,,,,"<a href=""https://m.stock.naver.com/domestic/stock/02826K/total"" target=""_blank"">Naver Mobile</a>"
010955,S-Oil우,Data not found for 2024-Q3,,,,,,"<a href=""https://m.stock.naver.com/domestic/stock/010955/total"" target=""_blank"">Naver Mobile</a>"
00279K,아모레퍼시픽홀딩스3우C,Data not found for 2024-Q3,,,,,,"<a href=""https://m.stock.naver.com/domestic/stock/00279K/total"" target=""_blank"">Naver Mobile</a>"
530111,삼성 레버리지 천연가스 선물 ETN C,Data not found for 2024-Q3,,,,,,"<a href=""https://m.stock.naver.com/domestic/stock/530111/total"" target=""_blank"">Naver Mobile</a>"
350520,이지스레지던스리츠,Data not found for 2024-Q3,,,,,,"<a href=""https://m.stock.naver.com/domestic/stock/350520/total"" target=""_blank"">Naver Mobile</a>"
400760,NH올원리츠,Data not found for 2024-Q3,,,,,,"<a href=""https://m.stock.naver.com/domestic/stock/400760/total"" target=""_blank"">Naver Mobile</a>"
610061,메리츠 3X 레버리지 국채30년 ETN,Data not found for 2024-Q3,,,,,,"<a href=""https://m.stock.naver.com/domestic/stock/610061/total"" target=""_blank"">Naver Mobile</a>"
570019,한투 코스피 양매도 5% OTM ETN,Data not found for 2024-Q3,,,,,,"<a href=""https://m.stock.naver.com/domestic/stock/570019/total"" target=""_blank"">Naver Mobile</a>"
500096,신한 인버스2X 천연가스 선물 ETN B,Data not found for 2024-Q3,,,,,,"<a href=""https://m.stock.naver.com/domestic/stock/500096/total"" target=""_blank"">Naver Mobile</a>"
500029,신한 레버리지 은 선물 ETN(H),Data not found for 2024-Q3,,,,,,"<a href=""https://m.stock.naver.com/domestic/stock/500029/total"" target=""_blank"">Naver Mobile</a>"
570051,한투 나스닥 100 ETN,Data not found for 2024-Q3,,,,,,"<a href=""https://m.stock.naver.com/domestic/stock/570051/total"" target=""_blank"">Naver Mobile</a>"
000105,유한양행우,Data not found for 2024-Q3,,,,,,"<a href=""https://m.stock.naver.com/domestic/stock/000105/total"" target=""_blank"">Naver Mobile</a>"
006805,미래에셋증권우,Data not found for 2024-Q3,,,,,,"<a href=""https://m.stock.naver.com/domestic/stock/006805/total"" target=""_blank"">Naver Mobile</a>"
570084,한투 블룸버그 인버스 2X 천연가스선물 ETN,Data not found for 2024-Q3,,,,,,"<a href=""https://m.stock.naver.com/domestic/stock/570084/total"" target=""_blank"">Naver Mobile</a>"
700023,하나 Solactive 2X US Tech Top 10 ETN(H),Data not found for 2024-Q3,,,,,,"<a href=""https://m.stock.naver.com/domestic/stock/700023/total"" target=""_blank"">Naver Mobile</a>"
550092,N2 월간 레버리지 방위산업 Top5 ETN,Data not found for 2024-Q3,,,,,,"<a href=""https://m.stock.naver.com/domestic/stock/550092/total"" target=""_blank"">Naver Mobile</a>"
480370,씨케이솔루션,Data not found for 2024-Q3,,,,,,"<a href=""https://m.stock.naver.com/domestic/stock/480370/total"" target=""_blank"">Naver Mobile</a>"
570050,한투 S&P500 선물 ETN,Data not found for 2024-Q3,,,,,,"<a href=""https://m.stock.naver.com/domestic/stock/570050/total"" target=""_blank"">Naver Mobile</a>"
570082,한투 인버스 2X 코스닥150선물 ETN,Data not found for 2024-Q3,,,,,,"<a href=""https://m.stock.naver.com/domestic/stock/570082/total"" target=""_blank"">Naver Mobile</a>"
530036,삼성 인버스 2X WTI원유 선물 ETN,Data not found for 2024-Q3,,,,,,"<a href=""https://m.stock.naver.com/domestic/stock/530036/total"" target=""_blank"">Naver Mobile</a>"
500095,신한 S&P500 VIX S/T 선물 ETN E,Data not found for 2024-Q3,,,,,,"<a href=""https://m.stock.naver.com/domestic/stock/500095/total"" target=""_blank"">Naver Mobile</a>"
550044,N2 레버리지 S&P500 ETN,Data not found for 2024-Q3,,,,,,"<a href=""https://m.stock.naver.com/domestic/stock/550044/total"" target=""_blank"">Naver Mobile</a>"
500037,신한 레버리지 금 선물 ETN,Data not found for 2024-Q3,,,,,,"<a href=""https://m.stock.naver.com/domestic/stock/500037/total"" target=""_blank"">Naver Mobile</a>"
530136,삼성 인버스 2X 천연가스 선물 ETN D,Data not found for 2024-Q3,,,,,,"<a href=""https://m.stock.naver.com/domestic/stock/530136/total"" target=""_blank"">Naver Mobile</a>"
580015,KB 레버리지 나스닥 100 ETN,Data not found for 2024-Q3,,,,,,"<a href=""https://m.stock.naver.com/domestic/stock/580015/total"" target=""_blank"">Naver Mobile</a>"
096775,SK이노베이션우,Data not found for 2024-Q3,,,,,,"<a href=""https://m.stock.naver.com/domestic/stock/096775/total"" target=""_blank"">Naver Mobile</a>"
03473K,SK우,Data not found for 2024-Q3,,,,,,"<a href=""https://m.stock.naver.com/domestic/stock/03473K/total"" target=""_blank"">Naver Mobile</a>"
520057,미래에셋 인버스 2X 코스닥150 선물 ETN,Data not found for 2024-Q3,,,,,,"<a href=""https://m.stock.naver.com/domestic/stock/520057/total"" target=""_blank"">Naver Mobile</a>"
500015,신한 WTI원유 선물 ETN(H),Data not found for 2024-Q3,,,,,,"<a href=""https://m.stock.naver.com/domestic/stock/500015/total"" target=""_blank"">Naver Mobile</a>"
338100,NH프라임리츠,Data not found for 2024-Q3,,,,,,"<a href=""https://m.stock.naver.com/domestic/stock/338100/total"" target=""_blank"">Naver Mobile</a>"
520054,미래에셋 레버리지 코스피200 선물 ETN,Data not found for 2024-Q3,,,,,,"<a href=""https://m.stock.naver.com/domestic/stock/520054/total"" target=""_blank"">Naver Mobile</a>"
500050,신한 레버리지 S&P500 선물 ETN,Data not found for 2024-Q3,,,,,,"<a href=""https://m.stock.naver.com/domestic/stock/500050/total"" target=""_blank"">Naver Mobile</a>"
33626K,두산퓨얼셀1우,Data not found for 2024-Q3,,,,,,"<a href=""https://m.stock.naver.com/domestic/stock/33626K/total"" target=""_blank"">Naver Mobile</a>"
580016,KB 레버리지 S&P 500 선물 ETN(H),Data not found for 2024-Q3,,,,,,"<a href=""https://m.stock.naver.com/domestic/stock/580016/total"" target=""_blank"">Naver Mobile</a>"
078935,GS우,Data not found for 2024-Q3,,,,,,"<a href=""https://m.stock.naver.com/domestic/stock/078935/total"" target=""_blank"">Naver Mobile</a>"
003925,남양유업우,Data not found for 2024-Q3,,,,,,"<a href=""https://m.stock.naver.com/domestic/stock/003925/total"" target=""_blank"">Naver Mobile</a>"
002795,아모레퍼시픽홀딩스우,Data not found for 2024-Q3,,,,,,"<a href=""https://m.stock.naver.com/domestic/stock/002795/total"" target=""_blank"">Naver Mobile</a>"
001275,부국증권우,Data not found for 2024-Q3,,,,,,"<a href=""https://m.stock.naver.com/domestic/stock/001275/total"" target=""_blank"">Naver Mobile</a>"
580046,KB 블룸버그 인버스2X 천연가스선물 ETN(H),Data not found for 2024-Q3,,,,,,"<a href=""https://m.stock.naver.com/domestic/stock/580046/total"" target=""_blank"">Naver Mobile</a>"
530055,삼성 레버리지 금 선물 ETN(H),Data not found for 2024-Q3,,,,,,"<a href=""https://m.stock.naver.com/domestic/stock/530055/total"" target=""_blank"">Naver Mobile</a>"
530019,삼성 미국 대형 성장주 ETN,Data not found for 2024-Q3,,,,,,"<a href=""https://m.stock.naver.com/domestic/stock/530019/total"" target=""_blank"">Naver Mobile</a>"
570103,한투 인버스2X 나스닥100 ETN B,Data not found for 2024-Q3,,,,,,"<a href=""https://m.stock.naver.com/domestic/stock/570103/total"" target=""_blank"">Naver Mobile</a>"
500071,신한 레버리지 코스닥 150 선물 ETN,Data not found for 2024-Q3,,,,,,"<a href=""https://m.stock.naver.com/domestic/stock/500071/total"" target=""_blank"">Naver Mobile</a>"
580010,KB Wise 분할매매 ETN,Data not found for 2024-Q3,,,,,,"<a href=""https://m.stock.naver.com/domestic/stock/580010/total"" target=""_blank"">Naver Mobile</a>"
37550L,DL이앤씨2우(전환),Data not found for 2024-Q3,,,,,,"<a href=""https://m.stock.naver.com/domestic/stock/37550L/total"" target=""_blank"">Naver Mobile</a>"
610066,메리츠 KAP 통안채 3개월 ETN,Data not found for 2024-Q3,,,,,,"<a href=""https://m.stock.naver.com/domestic/stock/610066/total"" target=""_blank"">Naver Mobile</a>"
530061,삼성 레버리지 은 선물 ETN(H),Data not found for 2024-Q3,,,,,,"<a href=""https://m.stock.naver.com/domestic/stock/530061/total"" target=""_blank"">Naver Mobile</a>"
357250,미래에셋맵스리츠,Data not found for 2024-Q3,,,,,,"<a href=""https://m.stock.naver.com/domestic/stock/357250/total"" target=""_blank"">Naver Mobile</a>"
120115,코오롱인더우,Data not found for 2024-Q3,,,,,,"<a href=""https://m.stock.naver.com/domestic/stock/120115/total"" target=""_blank"">Naver Mobile</a>"
760016,키움 레버리지 조선TOP10 ETN,Data not found for 2024-Q3,,,,,,"<a href=""https://m.stock.naver.com/domestic/stock/760016/total"" target=""_blank"">Naver Mobile</a>"
481850,신한글로벌액티브리츠,Data not found for 2024-Q3,,,,,,"<a href=""https://m.stock.naver.com/domestic/stock/481850/total"" target=""_blank"">Naver Mobile</a>"
009835,한화솔루션우,Data not found for 2024-Q3,,,,,,"<a href=""https://m.stock.naver.com/domestic/stock/009835/total"" target=""_blank"">Naver Mobile</a>"
500082,신한 블룸버그 2X 천연가스 선물 ETN,Data not found for 2024-Q3,,,,,,"<a href=""https://m.stock.naver.com/domestic/stock/500082/total"" target=""_blank"">Naver Mobile</a>"
550091,N2 방위산업 Top5 ETN,Data not found for 2024-Q3,,,,,,"<a href=""https://m.stock.naver.com/domestic/stock/550091/total"" target=""_blank"">Naver Mobile</a>"
000725,현대건설우,Data not found for 2024-Q3,,,,,,"<a href=""https://m.stock.naver.com/domestic/stock/000725/total"" target=""_blank"">Naver Mobile</a>"
760018,키움 미국달러선물 ETN B,Data not found for 2024-Q3,,,,,,"<a href=""https://m.stock.naver.com/domestic/stock/760018/total"" target=""_blank"">Naver Mobile</a>"
570059,한투 레버리지 금 선물 ETN,Data not found for 2024-Q3,,,,,,"<a href=""https://m.stock.naver.com/domestic/stock/570059/total"" target=""_blank"">Naver Mobile</a>"
520070,미래에셋 0.5X 코스피200 선물 ETN,Data not found for 2024-Q3,,,,,,"<a href=""https://m.stock.naver.com/domestic/stock/520070/total"" target=""_blank"">Naver Mobile</a>"
580021,KB 인버스 천연가스 선물 ETN,Data not found for 2024-Q3,,,,,,"<a href=""https://m.stock.naver.com/domestic/stock/580021/total"" target=""_blank"">Naver Mobile</a>"
530015,삼성 미국 대형 성장주 ETN(H),Data not found for 2024-Q3,,,,,,"<a href=""https://m.stock.naver.com/domestic/stock/530015/total"" target=""_blank"">Naver Mobile</a>"
005305,롯데칠성우,Data not found for 2024-Q3,,,,,,"<a href=""https://m.stock.naver.com/domestic/stock/005305/total"" target=""_blank"">Naver Mobile</a>"
28513K,SK케미칼우,Data not found for 2024-Q3,,,,,,"<a href=""https://m.stock.naver.com/domestic/stock/28513K/total"" target=""_blank"">Naver Mobile</a>"
530130,삼성 S&P500 VIX S/T 선물 ETN B,Data not found for 2024-Q3,,,,,,"<a href=""https://m.stock.naver.com/domestic/stock/530130/total"" target=""_blank"">Naver Mobile</a>"
500072,신한 인버스 2X 코스닥 150 선물 ETN,Data not found for 2024-Q3,,,,,,"<a href=""https://m.stock.naver.com/domestic/stock/500072/total"" target=""_blank"">Naver Mobile</a>"
001465,BYC우,Data not found for 2024-Q3,,,,,,"<a href=""https://m.stock.naver.com/domestic/stock/001465/total"" target=""_blank"">Naver Mobile</a>"
520056,미래에셋 레버리지 코스닥150 선물 ETN,Data not found for 2024-Q3,,,,,,"<a href=""https://m.stock.naver.com/domestic/stock/520056/total"" target=""_blank"">Naver Mobile</a>"
700022,하나 Solactive US Tech Top 10 ETN(H),Data not found for 2024-Q3,,,,,,"<a href=""https://m.stock.naver.com/domestic/stock/700022/total"" target=""_blank"">Naver Mobile</a>"
570106,한투 레버리지일본니케이225선물 ETN(H),Data not found for 2024-Q3,,,,,,"<a href=""https://m.stock.naver.com/domestic/stock/570106/total"" target=""_blank"">Naver Mobile</a>"
520071,미래에셋 0.5X 코스닥150 선물 ETN,Data not found for 2024-Q3,,,,,,"<a href=""https://m.stock.naver.com/domestic/stock/520071/total"" target=""_blank"">Naver Mobile</a>"
520066,미래에셋 KRX금현물 Auto-KO-C 2810-01 ETN,Data not found for 2024-Q3,,,,,,"<a href=""https://m.stock.naver.com/domestic/stock/520066/total"" target=""_blank"">Naver Mobile</a>"
610037,메리츠 미국채30년 ETN(H),Data not found for 2024-Q3,,,,,,"<a href=""https://m.stock.naver.com/domestic/stock/610037/total"" target=""_blank"">Naver Mobile</a>"
610078,메리츠 3X 레버리지 미국채30년 ETN,Data not found for 2024-Q3,,,,,,"<a href=""https://m.stock.naver.com/domestic/stock/610078/total"" target=""_blank"">Naver Mobile</a>"
570116,한투 블룸버그레버리지WTI원유선물 ETN B,Data not found for 2024-Q3,,,,,,"<a href=""https://m.stock.naver.com/domestic/stock/570116/total"" target=""_blank"">Naver Mobile</a>"
530067,삼성 KRX 금현물 ETN,Data not found for 2024-Q3,,,,,,"<a href=""https://m.stock.naver.com/domestic/stock/530067/total"" target=""_blank"">Naver Mobile</a>"
760007,키움 코스피 200 TR ETN,Data not found for 2024-Q3,,,,,,"<a href=""https://m.stock.naver.com/domestic/stock/760007/total"" target=""_blank"">Naver Mobile</a>"
520089,미래에셋 CAPE 실러 US Core Sector ETN,Data not found for 2024-Q3,,,,,,"<a href=""https://m.stock.naver.com/domestic/stock/520089/total"" target=""_blank"">Naver Mobile</a>"
530134,삼성 블룸버그 인버스2X WTI원유선물 ETN B,Data not found for 2024-Q3,,,,,,"<a href=""https://m.stock.naver.com/domestic/stock/530134/total"" target=""_blank"">Naver Mobile</a>"
530131,삼성 인버스0.5X S&P500 VIX S/T선물 ETN B,Data not found for 2024-Q3,,,,,,"<a href=""https://m.stock.naver.com/domestic/stock/530131/total"" target=""_blank"">Naver Mobile</a>"
530020,삼성 미국 대형 가치주 ETN,Data not found for 2024-Q3,,,,,,"<a href=""https://m.stock.naver.com/domestic/stock/530020/total"" target=""_blank"">Naver Mobile</a>"
550062,N2 레버리지 금 선물 ETN(H),Data not found for 2024-Q3,,,,,,"<a href=""https://m.stock.naver.com/domestic/stock/550062/total"" target=""_blank"">Naver Mobile</a>"
500020,신한 레버리지 다우존스지수 선물 ETN(H),Data not found for 2024-Q3,,,,,,"<a href=""https://m.stock.naver.com/domestic/stock/500020/total"" target=""_blank"">Naver Mobile</a>"
610012,메리츠 레버리지 금 선물 ETN(H),Data not found for 2024-Q3,,,,,,"<a href=""https://m.stock.naver.com/domestic/stock/610012/total"" target=""_blank"">Naver Mobile</a>"
006125,SK디스커버리우,Data not found for 2024-Q3,,,,,,"<a href=""https://m.stock.naver.com/domestic/stock/006125/total"" target=""_blank"">Naver Mobile</a>"
500016,신한 금 선물 ETN(H),Data not found for 2024-Q3,,,,,,"<a href=""https://m.stock.naver.com/domestic/stock/500016/total"" target=""_blank"">Naver Mobile</a>"
520080,미래에셋 미국 테크&반도체 TOP3 ETN,Data not found for 2024-Q3,,,,,,"<a href=""https://m.stock.naver.com/domestic/stock/520080/total"" target=""_blank"">Naver Mobile</a>"
003465,유화증권우,Data not found for 2024-Q3,,,,,,"<a href=""https://m.stock.naver.com/domestic/stock/003465/total"" target=""_blank"">Naver Mobile</a>"
37550K,DL이앤씨우,Data not found for 2024-Q3,,,,,,"<a href=""https://m.stock.naver.com/domestic/stock/37550K/total"" target=""_blank"">Naver Mobile</a>"
610007,메리츠 국채30년 ETN,Data not found for 2024-Q3,,,,,,"<a href=""https://m.stock.naver.com/domestic/stock/610007/total"" target=""_blank"">Naver Mobile</a>"
520072,미래에셋 미국 AI TOP3 ETN,Data not found for 2024-Q3,,,,,,"<a href=""https://m.stock.naver.com/domestic/stock/520072/total"" target=""_blank"">Naver Mobile</a>"
019175,신풍제약우,Data not found for 2024-Q3,,,,,,"<a href=""https://m.stock.naver.com/domestic/stock/019175/total"" target=""_blank"">Naver Mobile</a>"
520091,미래에셋 인버스 천연가스 선물 ETN B,Data not found for 2024-Q3,,,,,,"<a href=""https://m.stock.naver.com/domestic/stock/520091/total"" target=""_blank"">Naver Mobile</a>"
610038,메리츠 레버리지 미국채30년 ETN(H),Data not found for 2024-Q3,,,,,,"<a href=""https://m.stock.naver.com/domestic/stock/610038/total"" target=""_blank"">Naver Mobile</a>"
530115,삼성 레버리지 나스닥 100 ETN,Data not found for 2024-Q3,,,,,,"<a href=""https://m.stock.naver.com/domestic/stock/530115/total"" target=""_blank"">Naver Mobile</a>"
003475,유안타증권우,Data not found for 2024-Q3,,,,,,"<a href=""https://m.stock.naver.com/domestic/stock/003475/total"" target=""_blank"">Naver Mobile</a>"
520086,미래에셋-0.5X S&P500 VIX S/T선물 ETN(H)B,Data not found for 2024-Q3,,,,,,"<a href=""https://m.stock.naver.com/domestic/stock/520086/total"" target=""_blank"">Naver Mobile</a>"
520087,미래에셋 레버리지 KRX 금현물 ETN,Data not found for 2024-Q3,,,,,,"<a href=""https://m.stock.naver.com/domestic/stock/520087/total"" target=""_blank"">Naver Mobile</a>"
520077,미래에셋 -1.5X 천연가스 선물 ETN,Data not found for 2024-Q3,,,,,,"<a href=""https://m.stock.naver.com/domestic/stock/520077/total"" target=""_blank"">Naver Mobile</a>"
000215,DL우,Data not found for 2024-Q3,,,,,,"<a href=""https://m.stock.naver.com/domestic/stock/000215/total"" target=""_blank"">Naver Mobile</a>"
570093,한투 레버리지 천연가스 선물 ETN B,Data not found for 2024-Q3,,,,,,"<a href=""https://m.stock.naver.com/domestic/stock/570093/total"" target=""_blank"">Naver Mobile</a>"
520081,미래에셋 2X 미국 테크&반도체 TOP3 ETN,Data not found for 2024-Q3,,,,,,"<a href=""https://m.stock.naver.com/domestic/stock/520081/total"" target=""_blank"">Naver Mobile</a>"
580020,KB 천연가스 선물 ETN(H),Data not found for 2024-Q3,,,,,,"<a href=""https://m.stock.naver.com/domestic/stock/580020/total"" target=""_blank"">Naver Mobile</a>"
530016,삼성 미국 대형 가치주 ETN(H),Data not found for 2024-Q3,,,,,,"<a href=""https://m.stock.naver.com/domestic/stock/530016/total"" target=""_blank"">Naver Mobile</a>"
570029,한투 코스피 양매도 3% OTM ETN,Data not found for 2024-Q3,,,,,,"<a href=""https://m.stock.naver.com/domestic/stock/570029/total"" target=""_blank"">Naver Mobile</a>"
500018,신한 구리 선물 ETN(H),Data not found for 2024-Q3,,,,,,"<a href=""https://m.stock.naver.com/domestic/stock/500018/total"" target=""_blank"">Naver Mobile</a>"
530113,삼성 레버리지 S&P500 선물 ETN,Data not found for 2024-Q3,,,,,,"<a href=""https://m.stock.naver.com/domestic/stock/530113/total"" target=""_blank"">Naver Mobile</a>"
520068,미래에셋 2X 홍콩H 선물 ETN,Data not found for 2024-Q3,,,,,,"<a href=""https://m.stock.naver.com/domestic/stock/520068/total"" target=""_blank"">Naver Mobile</a>"
530104,삼성 레버리지 코스피200 선물 ETN,Data not found for 2024-Q3,,,,,,"<a href=""https://m.stock.naver.com/domestic/stock/530104/total"" target=""_blank"">Naver Mobile</a>"
500069,신한 레버리지 코스피 200 선물 ETN,Data not found for 2024-Q3,,,,,,"<a href=""https://m.stock.naver.com/domestic/stock/500069/total"" target=""_blank"">Naver Mobile</a>"
530116,삼성 인버스 2X 나스닥 100 ETN,Data not found for 2024-Q3,,,,,,"<a href=""https://m.stock.naver.com/domestic/stock/530116/total"" target=""_blank"">Naver Mobile</a>"
520074,미래에셋 미국 방위산업 TOP3 ETN,Data not found for 2024-Q3,,,,,,"<a href=""https://m.stock.naver.com/domestic/stock/520074/total"" target=""_blank"">Naver Mobile</a>"
500017,신한 은 선물 ETN(H),Data not found for 2024-Q3,,,,,,"<a href=""https://m.stock.naver.com/domestic/stock/500017/total"" target=""_blank"">Naver Mobile</a>"
520073,미래에셋 레버리지 미국 AI TOP3 ETN,Data not found for 2024-Q3,,,,,,"<a href=""https://m.stock.naver.com/domestic/stock/520073/total"" target=""_blank"">Naver Mobile</a>"
530023,삼성 레버리지 China A50 선물 ETN(H),Data not found for 2024-Q3,,,,,,"<a href=""https://m.stock.naver.com/domestic/stock/530023/total"" target=""_blank"">Naver Mobile</a>"
500027,신한 인버스 2X WTI원유 선물 ETN(H),Data not found for 2024-Q3,,,,,,"<a href=""https://m.stock.naver.com/domestic/stock/500027/total"" target=""_blank"">Naver Mobile</a>"
520090,미래에셋 천연가스 선물 ETN B,Data not found for 2024-Q3,,,,,,"<a href=""https://m.stock.naver.com/domestic/stock/520090/total"" target=""_blank"">Naver Mobile</a>"
530119,삼성 레버리지 항셍테크 ETN(H) B,Data not found for 2024-Q3,,,,,,"<a href=""https://m.stock.naver.com/domestic/stock/530119/total"" target=""_blank"">Naver Mobile</a>"
580034,KB 레버리지 FANG 플러스 ETN(H),Data not found for 2024-Q3,,,,,,"<a href=""https://m.stock.naver.com/domestic/stock/580034/total"" target=""_blank"">Naver Mobile</a>"
550041,N2 미국 IT TOP5 ETN(H),Data not found for 2024-Q3,,,,,,"<a href=""https://m.stock.naver.com/domestic/stock/550041/total"" target=""_blank"">Naver Mobile</a>"
003535,한화투자증권우,Data not found for 2024-Q3,,,,,,"<a href=""https://m.stock.naver.com/domestic/stock/003535/total"" target=""_blank"">Naver Mobile</a>"
530014,삼성 China A50 선물 ETN(H),Data not found for 2024-Q3,,,,,,"<a href=""https://m.stock.naver.com/domestic/stock/530014/total"" target=""_blank"">Naver Mobile</a>"
700028,하나 레버리지 반도체 ETN,Data not found for 2024-Q3,,,,,,"<a href=""https://m.stock.naver.com/domestic/stock/700028/total"" target=""_blank"">Naver Mobile</a>"
550093,N2 전력인프라 Top5 ETN,Data not found for 2024-Q3,,,,,,"<a href=""https://m.stock.naver.com/domestic/stock/550093/total"" target=""_blank"">Naver Mobile</a>"
004365,세방우,Data not found for 2024-Q3,,,,,,"<a href=""https://m.stock.naver.com/domestic/stock/004365/total"" target=""_blank"">Naver Mobile</a>"
580056,KB 일본 로보틱스 TOP 10 ETN,Data not found for 2024-Q3,,,,,,"<a href=""https://m.stock.naver.com/domestic/stock/580056/total"" target=""_blank"">Naver Mobile</a>"
570107,한투 인버스2X일본니케이225선물 ETN(H),Data not found for 2024-Q3,,,,,,"<a href=""https://m.stock.naver.com/domestic/stock/570107/total"" target=""_blank"">Naver Mobile</a>"
008775,호텔신라우,Data not found for 2024-Q3,,,,,,"<a href=""https://m.stock.naver.com/domestic/stock/008775/total"" target=""_blank"">Naver Mobile</a>"
520088,미래에셋 S&P500 VIX S/T 선물 ETN(H),Data not found for 2024-Q3,,,,,,"<a href=""https://m.stock.naver.com/domestic/stock/520088/total"" target=""_blank"">Naver Mobile</a>"
570104,한투 일본니케이225선물 ETN(H),Data not found for 2024-Q3,,,,,,"<a href=""https://m.stock.naver.com/domestic/stock/570104/total"" target=""_blank"">Naver Mobile</a>"
610075,메리츠 3X 레버리지 미국채10년 ETN,Data not found for 2024-Q3,,,,,,"<a href=""https://m.stock.naver.com/domestic/stock/610075/total"" target=""_blank"">Naver Mobile</a>"
610064,메리츠 KAP 통안채 6개월 ETN,Data not found for 2024-Q3,,,,,,"<a href=""https://m.stock.naver.com/domestic/stock/610064/total"" target=""_blank"">Naver Mobile</a>"
520047,미래에셋 인버스 2X 옥수수 선물 ETN,Data not found for 2024-Q3,,,,,,"<a href=""https://m.stock.naver.com/domestic/stock/520047/total"" target=""_blank"">Naver Mobile</a>"
520082,미래에셋 미국 자율주행대표기업 ETN,Data not found for 2024-Q3,,,,,,"<a href=""https://m.stock.naver.com/domestic/stock/520082/total"" target=""_blank"">Naver Mobile</a>"
500035,신한 레버리지 미국달러 선물 ETN,Data not found for 2024-Q3,,,,,,"<a href=""https://m.stock.naver.com/domestic/stock/500035/total"" target=""_blank"">Naver Mobile</a>"
33626L,두산퓨얼셀2우B,Data not found for 2024-Q3,,,,,,"<a href=""https://m.stock.naver.com/domestic/stock/33626L/total"" target=""_blank"">Naver Mobile</a>"
570061,한투 레버리지 은 선물 ETN,Data not found for 2024-Q3,,,,,,"<a href=""https://m.stock.naver.com/domestic/stock/570061/total"" target=""_blank"">Naver Mobile</a>"
530140,삼성 iSelect 레버리지 조선 TOP10 TR ETN,Data not found for 2024-Q3,,,,,,"<a href=""https://m.stock.naver.com/domestic/stock/530140/total"" target=""_blank"">Naver Mobile</a>"
33637K,솔루스첨단소재1우,Data not found for 2024-Q3,,,,,,"<a href=""https://m.stock.naver.com/domestic/stock/33637K/total"" target=""_blank"">Naver Mobile</a>"
700020,하나 블룸버그 -2X 천연가스 선물 ETN(H),Data not found for 2024-Q3,,,,,,"<a href=""https://m.stock.naver.com/domestic/stock/700020/total"" target=""_blank"">Naver Mobile</a>"
610054,메리츠 블룸버그 -2X 천연가스 선물 ETN(H),Data not found for 2024-Q3,,,,,,"<a href=""https://m.stock.naver.com/domestic/stock/610054/total"" target=""_blank"">Naver Mobile</a>"
610069,메리츠 KAP 레버리지 일본 엔화 ETN,Data not found for 2024-Q3,,,,,,"<a href=""https://m.stock.naver.com/domestic/stock/610069/total"" target=""_blank"">Naver Mobile</a>"
760005,키움 INDXX 미국테크탑10 ETN,Data not found for 2024-Q3,,,,,,"<a href=""https://m.stock.naver.com/domestic/stock/760005/total"" target=""_blank"">Naver Mobile</a>"
530118,삼성 코스닥 150 TR ETN,Data not found for 2024-Q3,,,,,,"<a href=""https://m.stock.naver.com/domestic/stock/530118/total"" target=""_blank"">Naver Mobile</a>"
510029,대신 S&P 인버스 2X 천연가스 선물 ETN,Data not found for 2024-Q3,,,,,,"<a href=""https://m.stock.naver.com/domestic/stock/510029/total"" target=""_blank"">Naver Mobile</a>"
520075,미래에셋 레버리지 미국 방위산업 TOP3 ETN,Data not found for 2024-Q3,,,,,,"<a href=""https://m.stock.naver.com/domestic/stock/520075/total"" target=""_blank"">Naver Mobile</a>"
700017,하나 레버리지 코스닥150 선물 ETN,Data not found for 2024-Q3,,,,,,"<a href=""https://m.stock.naver.com/domestic/stock/700017/total"" target=""_blank"">Naver Mobile</a>"
610008,메리츠 레버리지 국채30년 ETN,Data not found for 2024-Q3,,,,,,"<a href=""https://m.stock.naver.com/domestic/stock/610008/total"" target=""_blank"">Naver Mobile</a>"
610036,메리츠 인버스 2X 대표 농산물 선물 ETN(H),Data not found for 2024-Q3,,,,,,"<a href=""https://m.stock.naver.com/domestic/stock/610036/total"" target=""_blank"">Naver Mobile</a>"
700012,하나 인버스 2X 옥수수 선물 ETN(H),Data not found for 2024-Q3,,,,,,"<a href=""https://m.stock.naver.com/domestic/stock/700012/total"" target=""_blank"">Naver Mobile</a>"
570081,한투 레버리지 코스닥150선물 ETN,Data not found for 2024-Q3,,,,,,"<a href=""https://m.stock.naver.com/domestic/stock/570081/total"" target=""_blank"">Naver Mobile</a>"
520065,미래에셋 -2X 미국채울트라30년 선물 ETN,Data not found for 2024-Q3,,,,,,"<a href=""https://m.stock.naver.com/domestic/stock/520065/total"" target=""_blank"">Naver Mobile</a>"
530106,삼성 레버리지 코스닥150 선물 ETN,Data not found for 2024-Q3,,,,,,"<a href=""https://m.stock.naver.com/domestic/stock/530106/total"" target=""_blank"">Naver Mobile</a>"
003495,대한항공우,Data not found for 2024-Q3,,,,,,"<a href=""https://m.stock.naver.com/domestic/stock/003495/total"" target=""_blank"">Naver Mobile</a>"
580057,KB 일본 컨슈머 TOP 10 ETN,Data not found for 2024-Q3,,,,,,"<a href=""https://m.stock.naver.com/domestic/stock/580057/total"" target=""_blank"">Naver Mobile</a>"
570069,한투 레버리지 플래티넘 선물 ETN,Data not found for 2024-Q3,,,,,,"<a href=""https://m.stock.naver.com/domestic/stock/570069/total"" target=""_blank"">Naver Mobile</a>"
550089,N2 월간 레버리지 코스피 200 선물 ETN,Data not found for 2024-Q3,,,,,,"<a href=""https://m.stock.naver.com/domestic/stock/550089/total"" target=""_blank"">Naver Mobile</a>"
520078,미래에셋 미국 제약 TOP3 ETN,Data not found for 2024-Q3,,,,,,"<a href=""https://m.stock.naver.com/domestic/stock/520078/total"" target=""_blank"">Naver Mobile</a>"
610088,메리츠 솔랙티브 2X WTI원유 선물 ETN(H),Data not found for 2024-Q3,,,,,,"<a href=""https://m.stock.naver.com/domestic/stock/610088/total"" target=""_blank"">Naver Mobile</a>"
500093,신한 블룸버그 레버리지 WTI원유선물 ETN B,Data not found for 2024-Q3,,,,,,"<a href=""https://m.stock.naver.com/domestic/stock/500093/total"" target=""_blank"">Naver Mobile</a>"
550084,N2 코스피 200 TR ETN,Data not found for 2024-Q3,,,,,,"<a href=""https://m.stock.naver.com/domestic/stock/550084/total"" target=""_blank"">Naver Mobile</a>"
580068,KB S&P 레버리지 WTI원유 선물 ETN B,Data not found for 2024-Q3,,,,,,"<a href=""https://m.stock.naver.com/domestic/stock/580068/total"" target=""_blank"">Naver Mobile</a>"
700029,하나 S&P 레버리지 WTI원유 선물 ETN B,Data not found for 2024-Q3,,,,,,"<a href=""https://m.stock.naver.com/domestic/stock/700029/total"" target=""_blank"">Naver Mobile</a>"
530133,삼성 블룸버그 레버리지 WTI원유선물 ETN B,Data not found for 2024-Q3,,,,,,"<a href=""https://m.stock.naver.com/domestic/stock/530133/total"" target=""_blank"">Naver Mobile</a>"
570105,한투 인버스일본니케이225선물 ETN(H),Data not found for 2024-Q3,,,,,,"<a href=""https://m.stock.naver.com/domestic/stock/570105/total"" target=""_blank"">Naver Mobile</a>"
570117,한투 블룸버그인버스2XWTI원유선물 ETN B,Data not found for 2024-Q3,,,,,,"<a href=""https://m.stock.naver.com/domestic/stock/570117/total"" target=""_blank"">Naver Mobile</a>"
610016,메리츠 레버리지 은 선물 ETN(H),Data not found for 2024-Q3,,,,,,"<a href=""https://m.stock.naver.com/domestic/stock/610016/total"" target=""_blank"">Naver Mobile</a>"
550064,N2 레버리지 은 선물 ETN(H),Data not found for 2024-Q3,,,,,,"<a href=""https://m.stock.naver.com/domestic/stock/550064/total"" target=""_blank"">Naver Mobile</a>"
520076,미래에셋 1.5X 천연가스 선물 ETN,Data not found for 2024-Q3,,,,,,"<a href=""https://m.stock.naver.com/domestic/stock/520076/total"" target=""_blank"">Naver Mobile</a>"
019685,대교우B,Data not found for 2024-Q3,,,,,,"<a href=""https://m.stock.naver.com/domestic/stock/019685/total"" target=""_blank"">Naver Mobile</a>"
610022,메리츠 미국채10년 ETN(H),Data not found for 2024-Q3,,,,,,"<a href=""https://m.stock.naver.com/domestic/stock/610022/total"" target=""_blank"">Naver Mobile</a>"
530126,삼성 코리아 밸류업 TR ETN,Data not found for 2024-Q3,,,,,,"<a href=""https://m.stock.naver.com/domestic/stock/530126/total"" target=""_blank"">Naver Mobile</a>"
610001,메리츠 인플레이션 국채 ETN,Data not found for 2024-Q3,,,,,,"<a href=""https://m.stock.naver.com/domestic/stock/610001/total"" target=""_blank"">Naver Mobile</a>"
00499K,롯데지주우,Data not found for 2024-Q3,,,,,,"<a href=""https://m.stock.naver.com/domestic/stock/00499K/total"" target=""_blank"">Naver Mobile</a>"
570102,한투 레버리지 나스닥100 ETN B,Data not found for 2024-Q3,,,,,,"<a href=""https://m.stock.naver.com/domestic/stock/570102/total"" target=""_blank"">Naver Mobile</a>"
610085,메리츠 레버리지 미국채30년 스트립 ETN(H),Data not found for 2024-Q3,,,,,,"<a href=""https://m.stock.naver.com/domestic/stock/610085/total"" target=""_blank"">Naver Mobile</a>"
530064,삼성 인버스 2X 구리 선물 ETN(H),Data not found for 2024-Q3,,,,,,"<a href=""https://m.stock.naver.com/domestic/stock/530064/total"" target=""_blank"">Naver Mobile</a>"
002025,코오롱우,Data not found for 2024-Q3,,,,,,"<a href=""https://m.stock.naver.com/domestic/stock/002025/total"" target=""_blank"">Naver Mobile</a>"
005257,녹십자홀딩스2우,Data not found for 2024-Q3,,,,,,"<a href=""https://m.stock.naver.com/domestic/stock/005257/total"" target=""_blank"">Naver Mobile</a>"
580022,KB 레버리지 금 선물 ETN(H),Data not found for 2024-Q3,,,,,,"<a href=""https://m.stock.naver.com/domestic/stock/580022/total"" target=""_blank"">Naver Mobile</a>"
520050,미래에셋 인버스 2X 원유선물혼합 ETN(H),Data not found for 2024-Q3,,,,,,"<a href=""https://m.stock.naver.com/domestic/stock/520050/total"" target=""_blank"">Naver Mobile</a>"
580067,KB 인디아 디지털 Select 5 ETN,Data not found for 2024-Q3,,,,,,"<a href=""https://m.stock.naver.com/domestic/stock/580067/total"" target=""_blank"">Naver Mobile</a>"
530105,삼성 인버스 2X 코스피200 선물 ETN,Data not found for 2024-Q3,,,,,,"<a href=""https://m.stock.naver.com/domestic/stock/530105/total"" target=""_blank"">Naver Mobile</a>"
500023,신한 콩 선물 ETN(H),Data not found for 2024-Q3,,,,,,"<a href=""https://m.stock.naver.com/domestic/stock/500023/total"" target=""_blank"">Naver Mobile</a>"
550086,N2 미국달러 SOFR금리 플러스 ETN,Data not found for 2024-Q3,,,,,,"<a href=""https://m.stock.naver.com/domestic/stock/550086/total"" target=""_blank"">Naver Mobile</a>"
001685,대상우,Data not found for 2024-Q3,,,,,,"<a href=""https://m.stock.naver.com/domestic/stock/001685/total"" target=""_blank"">Naver Mobile</a>"
610044,메리츠 인버스 천연가스 선물 ETN(H),Data not found for 2024-Q3,,,,,,"<a href=""https://m.stock.naver.com/domestic/stock/610044/total"" target=""_blank"">Naver Mobile</a>"
520053,미래에셋 인버스 천연가스 선물 ETN(H),Data not found for 2024-Q3,,,,,,"<a href=""https://m.stock.naver.com/domestic/stock/520053/total"" target=""_blank"">Naver Mobile</a>"
570065,한투 레버리지 베트남 VN30 선물 ETN(H),Data not found for 2024-Q3,,,,,,"<a href=""https://m.stock.naver.com/domestic/stock/570065/total"" target=""_blank"">Naver Mobile</a>"
570047,한투 FTSE100 ETN,Data not found for 2024-Q3,,,,,,"<a href=""https://m.stock.naver.com/domestic/stock/570047/total"" target=""_blank"">Naver Mobile</a>"
500091,신한 33-12 국고채 플러스 ETN,Data not found for 2024-Q3,,,,,,"<a href=""https://m.stock.naver.com/domestic/stock/500091/total"" target=""_blank"">Naver Mobile</a>"
610018,메리츠 국채10년 ETN,Data not found for 2024-Q3,,,,,,"<a href=""https://m.stock.naver.com/domestic/stock/610018/total"" target=""_blank"">Naver Mobile</a>"
760013,키움 레버리지 반도체TOP10 ETN,Data not found for 2024-Q3,,,,,,"<a href=""https://m.stock.naver.com/domestic/stock/760013/total"" target=""_blank"">Naver Mobile</a>"
500014,신한 인버스 옥수수 선물 ETN(H),Data not found for 2024-Q3,,,,,,"<a href=""https://m.stock.naver.com/domestic/stock/500014/total"" target=""_blank"">Naver Mobile</a>"
530124,삼성 레버리지 일본니케이225선물 ETN(H),Data not found for 2024-Q3,,,,,,"<a href=""https://m.stock.naver.com/domestic/stock/530124/total"" target=""_blank"">Naver Mobile</a>"
570055,한투 금 선물 ETN,Data not found for 2024-Q3,,,,,,"<a href=""https://m.stock.naver.com/domestic/stock/570055/total"" target=""_blank"">Naver Mobile</a>"
580048,KB CSI 300 ETN,Data not found for 2024-Q3,,,,,,"<a href=""https://m.stock.naver.com/domestic/stock/580048/total"" target=""_blank"">Naver Mobile</a>"
500090,신한 2X 26-05 공사채(AAA) ETN,Data not found for 2024-Q3,,,,,,"<a href=""https://m.stock.naver.com/domestic/stock/500090/total"" target=""_blank"">Naver Mobile</a>"
520037,미래에셋 코스피200 선물 ETN,Data not found for 2024-Q3,,,,,,"<a href=""https://m.stock.naver.com/domestic/stock/520037/total"" target=""_blank"">Naver Mobile</a>"
500088,신한 2X 26-05 은행채(AAA) ETN,Data not found for 2024-Q3,,,,,,"<a href=""https://m.stock.naver.com/domestic/stock/500088/total"" target=""_blank"">Naver Mobile</a>"
500087,신한 26-05 은행채(AAA) ETN,Data not found for 2024-Q3,,,,,,"<a href=""https://m.stock.naver.com/domestic/stock/500087/total"" target=""_blank"">Naver Mobile</a>"
500089,신한 26-05 공사채(AAA) ETN,Data not found for 2024-Q3,,,,,,"<a href=""https://m.stock.naver.com/domestic/stock/500089/total"" target=""_blank"">Naver Mobile</a>"
580066,KB 인디아 대형 성장주 Select 5 ETN,Data not found for 2024-Q3,,,,,,"<a href=""https://m.stock.naver.com/domestic/stock/580066/total"" target=""_blank"">Naver Mobile</a>"
002355,넥센타이어1우B,Data not found for 2024-Q3,,,,,,"<a href=""https://m.stock.naver.com/domestic/stock/002355/total"" target=""_blank"">Naver Mobile</a>"
610047,메리츠 인버스 국채3년 ETN,Data not found for 2024-Q3,,,,,,"<a href=""https://m.stock.naver.com/domestic/stock/610047/total"" target=""_blank"">Naver Mobile</a>"
580049,KB CSI 500 ETN,Data not found for 2024-Q3,,,,,,"<a href=""https://m.stock.naver.com/domestic/stock/580049/total"" target=""_blank"">Naver Mobile</a>"
580052,KB 인버스 2X 밀 선물 ETN,Data not found for 2024-Q3,,,,,,"<a href=""https://m.stock.naver.com/domestic/stock/580052/total"" target=""_blank"">Naver Mobile</a>"
550097,N2 레버리지 코스닥150 선물 ETN,Data not found for 2024-Q3,,,,,,"<a href=""https://m.stock.naver.com/domestic/stock/550097/total"" target=""_blank"">Naver Mobile</a>"
580070,KB 레버리지 2차전지 TOP 10 TR ETN,Data not found for 2024-Q3,,,,,,"<a href=""https://m.stock.naver.com/domestic/stock/580070/total"" target=""_blank"">Naver Mobile</a>"
530138,삼성 KRX 레버리지 2차전지 TOP10 TR ETN,Data not found for 2024-Q3,,,,,,"<a href=""https://m.stock.naver.com/domestic/stock/530138/total"" target=""_blank"">Naver Mobile</a>"
550098,N2 인버스 2X 코스닥150 선물 ETN,Data not found for 2024-Q3,,,,,,"<a href=""https://m.stock.naver.com/domestic/stock/550098/total"" target=""_blank"">Naver Mobile</a>"
520083,미래에셋 2X 미국 자율주행대표기업 ETN,Data not found for 2024-Q3,,,,,,"<a href=""https://m.stock.naver.com/domestic/stock/520083/total"" target=""_blank"">Naver Mobile</a>"
570114,한투 S&P500 VIX S/T선물 ETN(H) B,Data not found for 2024-Q3,,,,,,"<a href=""https://m.stock.naver.com/domestic/stock/570114/total"" target=""_blank"">Naver Mobile</a>"
580047,KB 레버리지 항셍테크 선물 ETN(H) B,Data not found for 2024-Q3,,,,,,"<a href=""https://m.stock.naver.com/domestic/stock/580047/total"" target=""_blank"">Naver Mobile</a>"
580039,KB 레버리지 KOSPI 200 선물 ETN,Data not found for 2024-Q3,,,,,,"<a href=""https://m.stock.naver.com/domestic/stock/580039/total"" target=""_blank"">Naver Mobile</a>"
550087,N2 선진국 1등주 ETN,Data not found for 2024-Q3,,,,,,"<a href=""https://m.stock.naver.com/domestic/stock/550087/total"" target=""_blank"">Naver Mobile</a>"
760004,키움 인버스 미국달러선물 ETN,Data not found for 2024-Q3,,,,,,"<a href=""https://m.stock.naver.com/domestic/stock/760004/total"" target=""_blank"">Naver Mobile</a>"
530129,삼성 인버스 2X 미국다우존스 선물 ETN,Data not found for 2024-Q3,,,,,,"<a href=""https://m.stock.naver.com/domestic/stock/530129/total"" target=""_blank"">Naver Mobile</a>"
570054,한투 레버리지 유로스탁스50 ETN(H) B,Data not found for 2024-Q3,,,,,,"<a href=""https://m.stock.naver.com/domestic/stock/570054/total"" target=""_blank"">Naver Mobile</a>"
550085,N2 코스닥 150 TR ETN,Data not found for 2024-Q3,,,,,,"<a href=""https://m.stock.naver.com/domestic/stock/550085/total"" target=""_blank"">Naver Mobile</a>"
108675,LX하우시스우,Data not found for 2024-Q3,,,,,,"<a href=""https://m.stock.naver.com/domestic/stock/108675/total"" target=""_blank"">Naver Mobile</a>"
520039,미래에셋 코스닥150 선물 ETN,Data not found for 2024-Q3,,,,,,"<a href=""https://m.stock.naver.com/domestic/stock/520039/total"" target=""_blank"">Naver Mobile</a>"
530128,삼성 레버리지 미국다우존스 선물 ETN,Data not found for 2024-Q3,,,,,,"<a href=""https://m.stock.naver.com/domestic/stock/530128/total"" target=""_blank"">Naver Mobile</a>"
760008,키움 코스닥 150 TR ETN,Data not found for 2024-Q3,,,,,,"<a href=""https://m.stock.naver.com/domestic/stock/760008/total"" target=""_blank"">Naver Mobile</a>"
610003,메리츠 미국 인플레이션 국채 ETN(H),Data not found for 2024-Q3,,,,,,"<a href=""https://m.stock.naver.com/domestic/stock/610003/total"" target=""_blank"">Naver Mobile</a>"
700013,하나 레버리지 콩 선물 ETN(H),Data not found for 2024-Q3,,,,,,"<a href=""https://m.stock.naver.com/domestic/stock/700013/total"" target=""_blank"">Naver Mobile</a>"
18064K,한진칼우,Data not found for 2024-Q3,,,,,,"<a href=""https://m.stock.naver.com/domestic/stock/18064K/total"" target=""_blank"">Naver Mobile</a>"
007815,코리아써우,Data not found for 2024-Q3,,,,,,"<a href=""https://m.stock.naver.com/domestic/stock/007815/total"" target=""_blank"">Naver Mobile</a>"
500040,신한 레버리지 구리 선물 ETN,Data not found for 2024-Q3,,,,,,"<a href=""https://m.stock.naver.com/domestic/stock/500040/total"" target=""_blank"">Naver Mobile</a>"
500061,신한 인버스 코스피 200 선물 ETN,Data not found for 2024-Q3,,,,,,"<a href=""https://m.stock.naver.com/domestic/stock/500061/total"" target=""_blank"">Naver Mobile</a>"
000087,하이트진로2우B,Data not found for 2024-Q3,,,,,,"<a href=""https://m.stock.naver.com/domestic/stock/000087/total"" target=""_blank"">Naver Mobile</a>"
35320K,대덕전자1우,Data not found for 2024-Q3,,,,,,"<a href=""https://m.stock.naver.com/domestic/stock/35320K/total"" target=""_blank"">Naver Mobile</a>"
520038,미래에셋 인버스 코스피200 선물 ETN,Data not found for 2024-Q3,,,,,,"<a href=""https://m.stock.naver.com/domestic/stock/520038/total"" target=""_blank"">Naver Mobile</a>"
152550,한국ANKOR유전,Data not found for 2024-Q3,,,,,,"<a href=""https://m.stock.naver.com/domestic/stock/152550/total"" target=""_blank"">Naver Mobile</a>"
580054,KB 인버스 2X 콩 선물 ETN,Data not found for 2024-Q3,,,,,,"<a href=""https://m.stock.naver.com/domestic/stock/580054/total"" target=""_blank"">Naver Mobile</a>"
530083,삼성 금 선물 ETN(H),Data not found for 2024-Q3,,,,,,"<a href=""https://m.stock.naver.com/domestic/stock/530083/total"" target=""_blank"">Naver Mobile</a>"
570115,한투 인버스0.5X S&P500 VIX S/T선물 ETN B,Data not found for 2024-Q3,,,,,,"<a href=""https://m.stock.naver.com/domestic/stock/570115/total"" target=""_blank"">Naver Mobile</a>"
610040,메리츠 인버스 2X 미국채30년 ETN(H),Data not found for 2024-Q3,,,,,,"<a href=""https://m.stock.naver.com/domestic/stock/610040/total"" target=""_blank"">Naver Mobile</a>"
550088,N2 월간 레버리지 선진국 1등주 ETN,Data not found for 2024-Q3,,,,,,"<a href=""https://m.stock.naver.com/domestic/stock/550088/total"" target=""_blank"">Naver Mobile</a>"
500024,신한 인버스 콩 선물 ETN(H),Data not found for 2024-Q3,,,,,,"<a href=""https://m.stock.naver.com/domestic/stock/500024/total"" target=""_blank"">Naver Mobile</a>"
510027,대신 인버스 2X 코스닥 150 선물 ETN,Data not found for 2024-Q3,,,,,,"<a href=""https://m.stock.naver.com/domestic/stock/510027/total"" target=""_blank"">Naver Mobile</a>"
570072,한투 레버리지 구리 선물 ETN,Data not found for 2024-Q3,,,,,,"<a href=""https://m.stock.naver.com/domestic/stock/570072/total"" target=""_blank"">Naver Mobile</a>"
580044,KB 인버스 2X KOSDAQ 150 선물 ETN,Data not found for 2024-Q3,,,,,,"<a href=""https://m.stock.naver.com/domestic/stock/580044/total"" target=""_blank"">Naver Mobile</a>"
530112,삼성 S&P500 ETN,Data not found for 2024-Q3,,,,,,"<a href=""https://m.stock.naver.com/domestic/stock/530112/total"" target=""_blank"">Naver Mobile</a>"
500063,신한 인버스 코스닥 150 선물 ETN,Data not found for 2024-Q3,,,,,,"<a href=""https://m.stock.naver.com/domestic/stock/500063/total"" target=""_blank"">Naver Mobile</a>"
005725,넥센우,Data not found for 2024-Q3,,,,,,"<a href=""https://m.stock.naver.com/domestic/stock/005725/total"" target=""_blank"">Naver Mobile</a>"
520040,미래에셋 인버스 코스닥150 선물 ETN,Data not found for 2024-Q3,,,,,,"<a href=""https://m.stock.naver.com/domestic/stock/520040/total"" target=""_blank"">Naver Mobile</a>"
760017,키움 조선TOP10 ETN,Data not found for 2024-Q3,,,,,,"<a href=""https://m.stock.naver.com/domestic/stock/760017/total"" target=""_blank"">Naver Mobile</a>"
570057,한투 은 선물 ETN,Data not found for 2024-Q3,,,,,,"<a href=""https://m.stock.naver.com/domestic/stock/570057/total"" target=""_blank"">Naver Mobile</a>"
001795,대한제당우,Data not found for 2024-Q3,,,,,,"<a href=""https://m.stock.naver.com/domestic/stock/001795/total"" target=""_blank"">Naver Mobile</a>"
610025,메리츠 인버스 2X 미국채10년 ETN(H),Data not found for 2024-Q3,,,,,,"<a href=""https://m.stock.naver.com/domestic/stock/610025/total"" target=""_blank"">Naver Mobile</a>"
520055,미래에셋 인버스 2X 코스피200 선물 ETN,Data not found for 2024-Q3,,,,,,"<a href=""https://m.stock.naver.com/domestic/stock/520055/total"" target=""_blank"">Naver Mobile</a>"
700014,하나 인버스 2X 콩 선물 ETN(H),Data not found for 2024-Q3,,,,,,"<a href=""https://m.stock.naver.com/domestic/stock/700014/total"" target=""_blank"">Naver Mobile</a>"
33637L,솔루스첨단소재2우B,Data not found for 2024-Q3,,,,,,"<a href=""https://m.stock.naver.com/domestic/stock/33637L/total"" target=""_blank"">Naver Mobile</a>"
500013,신한 옥수수 선물 ETN(H),Data not found for 2024-Q3,,,,,,"<a href=""https://m.stock.naver.com/domestic/stock/500013/total"" target=""_blank"">Naver Mobile</a>"
530125,삼성 인버스 2X 일본니케이225선물 ETN(H),Data not found for 2024-Q3,,,,,,"<a href=""https://m.stock.naver.com/domestic/stock/530125/total"" target=""_blank"">Naver Mobile</a>"
570100,한투 일본종합상사TOP5 ETN,Data not found for 2024-Q3,,,,,,"<a href=""https://m.stock.naver.com/domestic/stock/570100/total"" target=""_blank"">Naver Mobile</a>"
530089,삼성 은 선물 ETN(H),Data not found for 2024-Q3,,,,,,"<a href=""https://m.stock.naver.com/domestic/stock/530089/total"" target=""_blank"">Naver Mobile</a>"
530121,삼성 항셍테크 ETN(H) B,Data not found for 2024-Q3,,,,,,"<a href=""https://m.stock.naver.com/domestic/stock/530121/total"" target=""_blank"">Naver Mobile</a>"
610039,메리츠 인버스 미국채30년 ETN(H),Data not found for 2024-Q3,,,,,,"<a href=""https://m.stock.naver.com/domestic/stock/610039/total"" target=""_blank"">Naver Mobile</a>"
530056,삼성 인버스 2X 금 선물 ETN(H),Data not found for 2024-Q3,,,,,,"<a href=""https://m.stock.naver.com/domestic/stock/530056/total"" target=""_blank"">Naver Mobile</a>"
570073,한투 인버스 2X 구리 선물 ETN,Data not found for 2024-Q3,,,,,,"<a href=""https://m.stock.naver.com/domestic/stock/570073/total"" target=""_blank"">Naver Mobile</a>"
520064,미래에셋 2X 미국채울트라30년 선물 ETN,Data not found for 2024-Q3,,,,,,"<a href=""https://m.stock.naver.com/domestic/stock/520064/total"" target=""_blank"">Naver Mobile</a>"
610028,메리츠 레버리지 구리 선물 ETN(H),Data not found for 2024-Q3,,,,,,"<a href=""https://m.stock.naver.com/domestic/stock/610028/total"" target=""_blank"">Naver Mobile</a>"
550069,N2 레버리지 구리 선물 ETN(H),Data not found for 2024-Q3,,,,,,"<a href=""https://m.stock.naver.com/domestic/stock/550069/total"" target=""_blank"">Naver Mobile</a>"
610089,메리츠 솔랙티브 -2X WTI원유 선물 ETN(H),Data not found for 2024-Q3,,,,,,"<a href=""https://m.stock.naver.com/domestic/stock/610089/total"" target=""_blank"">Naver Mobile</a>"
580043,KB 레버리지 KOSDAQ 150 선물 ETN,Data not found for 2024-Q3,,,,,,"<a href=""https://m.stock.naver.com/domestic/stock/580043/total"" target=""_blank"">Naver Mobile</a>"
500028,신한 인버스 2X 다우존스지수 선물 ETN(H),Data not found for 2024-Q3,,,,,,"<a href=""https://m.stock.naver.com/domestic/stock/500028/total"" target=""_blank"">Naver Mobile</a>"
520084,미래에셋 -2X 미국 자율주행대표기업 ETN,Data not found for 2024-Q3,,,,,,"<a href=""https://m.stock.naver.com/domestic/stock/520084/total"" target=""_blank"">Naver Mobile</a>"
530063,삼성 레버리지 구리 선물 ETN(H),Data not found for 2024-Q3,,,,,,"<a href=""https://m.stock.naver.com/domestic/stock/530063/total"" target=""_blank"">Naver Mobile</a>"
001067,JW중외제약2우B,Data not found for 2024-Q3,,,,,,"<a href=""https://m.stock.naver.com/domestic/stock/001067/total"" target=""_blank"">Naver Mobile</a>"
004255,NPC우,Data not found for 2024-Q3,,,,,,"<a href=""https://m.stock.naver.com/domestic/stock/004255/total"" target=""_blank"">Naver Mobile</a>"
610024,메리츠 인버스 미국채10년 ETN(H),Data not found for 2024-Q3,,,,,,"<a href=""https://m.stock.naver.com/domestic/stock/610024/total"" target=""_blank"">Naver Mobile</a>"
520079,미래에셋 레버리지 미국 제약 TOP3 ETN,Data not found for 2024-Q3,,,,,,"<a href=""https://m.stock.naver.com/domestic/stock/520079/total"" target=""_blank"">Naver Mobile</a>"
500085,신한 코스피 200 TR ETN,Data not found for 2024-Q3,,,,,,"<a href=""https://m.stock.naver.com/domestic/stock/500085/total"" target=""_blank"">Naver Mobile</a>"
530117,삼성 코스피 200 TR ETN,Data not found for 2024-Q3,,,,,,"<a href=""https://m.stock.naver.com/domestic/stock/530117/total"" target=""_blank"">Naver Mobile</a>"
38380K,LX홀딩스1우,Data not found for 2024-Q3,,,,,,"<a href=""https://m.stock.naver.com/domestic/stock/38380K/total"" target=""_blank"">Naver Mobile</a>"
580026,KB 레버리지 은 선물 ETN(H),Data not found for 2024-Q3,,,,,,"<a href=""https://m.stock.naver.com/domestic/stock/580026/total"" target=""_blank"">Naver Mobile</a>"
145995,삼양사우,Data not found for 2024-Q3,,,,,,"<a href=""https://m.stock.naver.com/domestic/stock/145995/total"" target=""_blank"">Naver Mobile</a>"
520043,미래에셋 S&P 유럽탄소배출권 선물 ETN,Data not found for 2024-Q3,,,,,,"<a href=""https://m.stock.naver.com/domestic/stock/520043/total"" target=""_blank"">Naver Mobile</a>"
580069,KB S&P 인버스 2X WTI원유 선물 ETN B,Data not found for 2024-Q3,,,,,,"<a href=""https://m.stock.naver.com/domestic/stock/580069/total"" target=""_blank"">Naver Mobile</a>"
500094,신한 블룸버그 인버스2X WTI원유선물 ETN B,Data not found for 2024-Q3,,,,,,"<a href=""https://m.stock.naver.com/domestic/stock/500094/total"" target=""_blank"">Naver Mobile</a>"
570099,한투 S&P 인버스 2X 엔달러 선물 ETN(H),Data not found for 2024-Q3,,,,,,"<a href=""https://m.stock.naver.com/domestic/stock/570099/total"" target=""_blank"">Naver Mobile</a>"
530120,삼성 나스닥 100 ETN,Data not found for 2024-Q3,,,,,,"<a href=""https://m.stock.naver.com/domestic/stock/530120/total"" target=""_blank"">Naver Mobile</a>"
700030,하나 S&P 인버스 2X WTI원유 선물 ETN B,Data not found for 2024-Q3,,,,,,"<a href=""https://m.stock.naver.com/domestic/stock/700030/total"" target=""_blank"">Naver Mobile</a>"
000075,삼양홀딩스우,Data not found for 2024-Q3,,,,,,"<a href=""https://m.stock.naver.com/domestic/stock/000075/total"" target=""_blank"">Naver Mobile</a>"
570052,한투 플래티넘 선물 ETN,Data not found for 2024-Q3,,,,,,"<a href=""https://m.stock.naver.com/domestic/stock/570052/total"" target=""_blank"">Naver Mobile</a>"
570071,한투 구리 선물 ETN,Data not found for 2024-Q3,,,,,,"<a href=""https://m.stock.naver.com/domestic/stock/570071/total"" target=""_blank"">Naver Mobile</a>"
610081,메리츠 레버리지 멕시코 페소화 ETN,Data not found for 2024-Q3,,,,,,"<a href=""https://m.stock.naver.com/domestic/stock/610081/total"" target=""_blank"">Naver Mobile</a>"
500056,신한 레버리지 Russell 2000 ETN,Data not found for 2024-Q3,,,,,,"<a href=""https://m.stock.naver.com/domestic/stock/500056/total"" target=""_blank"">Naver Mobile</a>"
530139,삼성 iSelect 조선 TOP10 TR ETN,Data not found for 2024-Q3,,,,,,"<a href=""https://m.stock.naver.com/domestic/stock/530139/total"" target=""_blank"">Naver Mobile</a>"
520061,미래에셋 인도네시아 Top5 ETN,Data not found for 2024-Q3,,,,,,"<a href=""https://m.stock.naver.com/domestic/stock/520061/total"" target=""_blank"">Naver Mobile</a>"
520085,미래에셋 -2X 미국 AI TOP3 ETN,Data not found for 2024-Q3,,,,,,"<a href=""https://m.stock.naver.com/domestic/stock/520085/total"" target=""_blank"">Naver Mobile</a>"
510016,대신 천연가스 선물 ETN(H),Data not found for 2024-Q3,,,,,,"<a href=""https://m.stock.naver.com/domestic/stock/510016/total"" target=""_blank"">Naver Mobile</a>"
570063,한투 베트남 VN30 선물 ETN(H),Data not found for 2024-Q3,,,,,,"<a href=""https://m.stock.naver.com/domestic/stock/570063/total"" target=""_blank"">Naver Mobile</a>"
084695,대상홀딩스우,Data not found for 2024-Q3,,,,,,"<a href=""https://m.stock.naver.com/domestic/stock/084695/total"" target=""_blank"">Naver Mobile</a>"
610072,메리츠 KAP 레버리지 중국 위안화 ETN,Data not found for 2024-Q3,,,,,,"<a href=""https://m.stock.naver.com/domestic/stock/610072/total"" target=""_blank"">Naver Mobile</a>"
610059,메리츠 3X 레버리지 국채10년 ETN,Data not found for 2024-Q3,,,,,,"<a href=""https://m.stock.naver.com/domestic/stock/610059/total"" target=""_blank"">Naver Mobile</a>"
550074,N2 블룸버그 2X 천연가스 선물 ETN(H),Data not found for 2024-Q3,,,,,,"<a href=""https://m.stock.naver.com/domestic/stock/550074/total"" target=""_blank"">Naver Mobile</a>"
530114,삼성 인버스 2X S&P500 선물 ETN,Data not found for 2024-Q3,,,,,,"<a href=""https://m.stock.naver.com/domestic/stock/530114/total"" target=""_blank"">Naver Mobile</a>"
610049,메리츠 국채5년 ETN,Data not found for 2024-Q3,,,,,,"<a href=""https://m.stock.naver.com/domestic/stock/610049/total"" target=""_blank"">Naver Mobile</a>"
610029,메리츠 인버스 2X 구리 선물 ETN(H),Data not found for 2024-Q3,,,,,,"<a href=""https://m.stock.naver.com/domestic/stock/610029/total"" target=""_blank"">Naver Mobile</a>"
570085,한투 블룸버그 인도네시아 대표원자재 ETN,Data not found for 2024-Q3,,,,,,"<a href=""https://m.stock.naver.com/domestic/stock/570085/total"" target=""_blank"">Naver Mobile</a>"
610087,메리츠 솔랙티브 WTI원유 선물 ETN(H),Data not found for 2024-Q3,,,,,,"<a href=""https://m.stock.naver.com/domestic/stock/610087/total"" target=""_blank"">Naver Mobile</a>"
610009,메리츠 인버스 국채30년 ETN,Data not found for 2024-Q3,,,,,,"<a href=""https://m.stock.naver.com/domestic/stock/610009/total"" target=""_blank"">Naver Mobile</a>"
550070,N2 인버스 레버리지 구리 선물 ETN(H),Data not found for 2024-Q3,,,,,,"<a href=""https://m.stock.naver.com/domestic/stock/550070/total"" target=""_blank"">Naver Mobile</a>"
530132,삼성 블룸버그 WTI원유 선물 ETN B,Data not found for 2024-Q3,,,,,,"<a href=""https://m.stock.naver.com/domestic/stock/530132/total"" target=""_blank"">Naver Mobile</a>"
610067,메리츠 블룸버그 2X 천연가스선물 ETN(H) B,Data not found for 2024-Q3,,,,,,"<a href=""https://m.stock.naver.com/domestic/stock/610067/total"" target=""_blank"">Naver Mobile</a>"
610055,메리츠 3X 레버리지 국채3년 ETN,Data not found for 2024-Q3,,,,,,"<a href=""https://m.stock.naver.com/domestic/stock/610055/total"" target=""_blank"">Naver Mobile</a>"
610080,메리츠 멕시코 페소화 ETN,Data not found for 2024-Q3,,,,,,"<a href=""https://m.stock.naver.com/domestic/stock/610080/total"" target=""_blank"">Naver Mobile</a>"
500080,신한 S&P 레버리지 유로 선물 ETN(H),Data not found for 2024-Q3,,,,,,"<a href=""https://m.stock.naver.com/domestic/stock/500080/total"" target=""_blank"">Naver Mobile</a>"
610057,메리츠 3X 레버리지 국채5년 ETN,Data not found for 2024-Q3,,,,,,"<a href=""https://m.stock.naver.com/domestic/stock/610057/total"" target=""_blank"">Naver Mobile</a>"
700027,하나 반도체 ETN,Data not found for 2024-Q3,,,,,,"<a href=""https://m.stock.naver.com/domestic/stock/700027/total"" target=""_blank"">Naver Mobile</a>"
610071,메리츠 KAP 중국 위안화 ETN,Data not found for 2024-Q3,,,,,,"<a href=""https://m.stock.naver.com/domestic/stock/610071/total"" target=""_blank"">Naver Mobile</a>"
610045,메리츠 국채3년 ETN,Data not found for 2024-Q3,,,,,,"<a href=""https://m.stock.naver.com/domestic/stock/610045/total"" target=""_blank"">Naver Mobile</a>"
760006,키움 KPOP ETN,Data not found for 2024-Q3,,,,,,"<a href=""https://m.stock.naver.com/domestic/stock/760006/total"" target=""_blank"">Naver Mobile</a>"
510015,대신 밀 선물 ETN(H),Data not found for 2024-Q3,,,,,,"<a href=""https://m.stock.naver.com/domestic/stock/510015/total"" target=""_blank"">Naver Mobile</a>"
500078,신한 S&P 유로 선물 ETN(H),Data not found for 2024-Q3,,,,,,"<a href=""https://m.stock.naver.com/domestic/stock/500078/total"" target=""_blank"">Naver Mobile</a>"
570074,한투 S&P 유럽탄소배출권 선물 ETN(H),Data not found for 2024-Q3,,,,,,"<a href=""https://m.stock.naver.com/domestic/stock/570074/total"" target=""_blank"">Naver Mobile</a>"
004835,덕성우,Data not found for 2024-Q3,,,,,,"<a href=""https://m.stock.naver.com/domestic/stock/004835/total"" target=""_blank"">Naver Mobile</a>"
570108,한투 레버리지국채30년 ETN,Data not found for 2024-Q3,,,,,,"<a href=""https://m.stock.naver.com/domestic/stock/570108/total"" target=""_blank"">Naver Mobile</a>"
610030,메리츠 S&P 유럽탄소배출권 선물 ETN(H),Data not found for 2024-Q3,,,,,,"<a href=""https://m.stock.naver.com/domestic/stock/610030/total"" target=""_blank"">Naver Mobile</a>"
610074,메리츠 미국채10년 ETN,Data not found for 2024-Q3,,,,,,"<a href=""https://m.stock.naver.com/domestic/stock/610074/total"" target=""_blank"">Naver Mobile</a>"
550096,N2 레버리지 국채30년 ETN,Data not found for 2024-Q3,,,,,,"<a href=""https://m.stock.naver.com/domestic/stock/550096/total"" target=""_blank"">Naver Mobile</a>"
003075,코오롱글로벌우,Data not found for 2024-Q3,,,,,,"<a href=""https://m.stock.naver.com/domestic/stock/003075/total"" target=""_blank"">Naver Mobile</a>"
000225,유유제약1우,Data not found for 2024-Q3,,,,,,"<a href=""https://m.stock.naver.com/domestic/stock/000225/total"" target=""_blank"">Naver Mobile</a>"
580019,KB 인버스 2X 항셍테크 선물 ETN,Data not found for 2024-Q3,,,,,,"<a href=""https://m.stock.naver.com/domestic/stock/580019/total"" target=""_blank"">Naver Mobile</a>"
530123,삼성 일본니케이225선물 ETN(H),Data not found for 2024-Q3,,,,,,"<a href=""https://m.stock.naver.com/domestic/stock/530123/total"" target=""_blank"">Naver Mobile</a>"
500079,신한 S&P 인버스 유로 선물 ETN(H),Data not found for 2024-Q3,,,,,,"<a href=""https://m.stock.naver.com/domestic/stock/500079/total"" target=""_blank"">Naver Mobile</a>"
610020,메리츠 인버스 국채10년 ETN,Data not found for 2024-Q3,,,,,,"<a href=""https://m.stock.naver.com/domestic/stock/610020/total"" target=""_blank"">Naver Mobile</a>"
580059,KB 미국채 10년 ETN,Data not found for 2024-Q3,,,,,,"<a href=""https://m.stock.naver.com/domestic/stock/580059/total"" target=""_blank"">Naver Mobile</a>"
570092,한투 인버스 2X 유로스탁스50 ETN(H) B,Data not found for 2024-Q3,,,,,,"<a href=""https://m.stock.naver.com/domestic/stock/570092/total"" target=""_blank"">Naver Mobile</a>"
570096,한투 인버스 2X 일본 엔선물 ETN,Data not found for 2024-Q3,,,,,,"<a href=""https://m.stock.naver.com/domestic/stock/570096/total"" target=""_blank"">Naver Mobile</a>"
610086,메리츠 인버스2X 미국채30년 스트립 ETN(H),Data not found for 2024-Q3,,,,,,"<a href=""https://m.stock.naver.com/domestic/stock/610086/total"" target=""_blank"">Naver Mobile</a>"
610077,메리츠 미국채30년 ETN,Data not found for 2024-Q3,,,,,,"<a href=""https://m.stock.naver.com/domestic/stock/610077/total"" target=""_blank"">Naver Mobile</a>"
004105,태양금속우,Data not found for 2024-Q3,,,,,,"<a href=""https://m.stock.naver.com/domestic/stock/004105/total"" target=""_blank"">Naver Mobile</a>"
530095,삼성 구리 선물 ETN(H),Data not found for 2024-Q3,,,,,,"<a href=""https://m.stock.naver.com/domestic/stock/530095/total"" target=""_blank"">Naver Mobile</a>"
610082,메리츠 인도 루피화 ETN,Data not found for 2024-Q3,,,,,,"<a href=""https://m.stock.naver.com/domestic/stock/610082/total"" target=""_blank"">Naver Mobile</a>"
520046,미래에셋 레버리지 옥수수 선물 ETN,Data not found for 2024-Q3,,,,,,"<a href=""https://m.stock.naver.com/domestic/stock/520046/total"" target=""_blank"">Naver Mobile</a>"
550095,N2 레버리지 국채10년 ETN,Data not found for 2024-Q3,,,,,,"<a href=""https://m.stock.naver.com/domestic/stock/550095/total"" target=""_blank"">Naver Mobile</a>"
610068,메리츠 KAP 일본 엔화 ETN,Data not found for 2024-Q3,,,,,,"<a href=""https://m.stock.naver.com/domestic/stock/610068/total"" target=""_blank"">Naver Mobile</a>"
610083,메리츠 레버리지 인도 루피화 ETN,Data not found for 2024-Q3,,,,,,"<a href=""https://m.stock.naver.com/domestic/stock/610083/total"" target=""_blank"">Naver Mobile</a>"
580060,KB 레버리지 미국채 10년 ETN,Data not found for 2024-Q3,,,,,,"<a href=""https://m.stock.naver.com/domestic/stock/580060/total"" target=""_blank"">Naver Mobile</a>"
001065,JW중외제약우,Data not found for 2024-Q3,,,,,,"<a href=""https://m.stock.naver.com/domestic/stock/001065/total"" target=""_blank"">Naver Mobile</a>"
580051,KB 레버리지 밀 선물 ETN,Data not found for 2024-Q3,,,,,,"<a href=""https://m.stock.naver.com/domestic/stock/580051/total"" target=""_blank"">Naver Mobile</a>"
00806K,대덕1우,Data not found for 2024-Q3,,,,,,"<a href=""https://m.stock.naver.com/domestic/stock/00806K/total"" target=""_blank"">Naver Mobile</a>"
610070,메리츠 KAP 인버스 2X 일본 엔화 ETN,Data not found for 2024-Q3,,,,,,"<a href=""https://m.stock.naver.com/domestic/stock/610070/total"" target=""_blank"">Naver Mobile</a>"
530137,삼성 KRX 2차전지 TOP10 TR ETN,Data not found for 2024-Q3,,,,,,"<a href=""https://m.stock.naver.com/domestic/stock/530137/total"" target=""_blank"">Naver Mobile</a>"
520052,미래에셋 천연가스 선물 ETN(H),Data not found for 2024-Q3,,,,,,"<a href=""https://m.stock.naver.com/domestic/stock/520052/total"" target=""_blank"">Naver Mobile</a>"
760019,키움 리츠부동산인프라 ETN,Data not found for 2024-Q3,,,,,,"<a href=""https://m.stock.naver.com/domestic/stock/760019/total"" target=""_blank"">Naver Mobile</a>"
610079,메리츠 인버스 3X 미국채30년 ETN,Data not found for 2024-Q3,,,,,,"<a href=""https://m.stock.naver.com/domestic/stock/610079/total"" target=""_blank"">Naver Mobile</a>"
45014K,코오롱모빌리티그룹우,Data not found for 2024-Q3,,,,,,"<a href=""https://m.stock.naver.com/domestic/stock/45014K/total"" target=""_blank"">Naver Mobile</a>"
760015,키움 레버리지 바이오TOP10 ETN,Data not found for 2024-Q3,,,,,,"<a href=""https://m.stock.naver.com/domestic/stock/760015/total"" target=""_blank"">Naver Mobile</a>"
500086,신한 코스닥 150 TR ETN,Data not found for 2024-Q3,,,,,,"<a href=""https://m.stock.naver.com/domestic/stock/500086/total"" target=""_blank"">Naver Mobile</a>"
580063,KB 레버리지 미국채 10년 선물 ETN,Data not found for 2024-Q3,,,,,,"<a href=""https://m.stock.naver.com/domestic/stock/580063/total"" target=""_blank"">Naver Mobile</a>"
610051,메리츠 인버스 국채5년 ETN,Data not found for 2024-Q3,,,,,,"<a href=""https://m.stock.naver.com/domestic/stock/610051/total"" target=""_blank"">Naver Mobile</a>"
580064,KB 인버스 2X 미국채 10년 선물 ETN,Data not found for 2024-Q3,,,,,,"<a href=""https://m.stock.naver.com/domestic/stock/580064/total"" target=""_blank"">Naver Mobile</a>"
760020,키움 레버리지 리츠부동산인프라 ETN,Data not found for 2024-Q3,,,,,,"<a href=""https://m.stock.naver.com/domestic/stock/760020/total"" target=""_blank"">Naver Mobile</a>"
500081,신한 S&P 인버스 2X 유로 선물 ETN(H),Data not found for 2024-Q3,,,,,,"<a href=""https://m.stock.naver.com/domestic/stock/500081/total"" target=""_blank"">Naver Mobile</a>"
610091,메리츠 3X 레버리지 일본 국채 10년 ETN,Data not found for 2024-Q3,,,,,,"<a href=""https://m.stock.naver.com/domestic/stock/610091/total"" target=""_blank"">Naver Mobile</a>"
610090,메리츠 일본 국채 10년 ETN,Data not found for 2024-Q3,,,,,,"<a href=""https://m.stock.naver.com/domestic/stock/610090/total"" target=""_blank"">Naver Mobile</a>"
580065,KB 코스닥 150 TR ETN,Data not found for 2024-Q3,,,,,,"<a href=""https://m.stock.naver.com/domestic/stock/580065/total"" target=""_blank"">Naver Mobile</a>"
610092,메리츠 인버스 일본 국채 10년 ETN,Data not found for 2024-Q3,,,,,,"<a href=""https://m.stock.naver.com/domestic/stock/610092/total"" target=""_blank"">Naver Mobile</a>"
530127,삼성 미국다우존스 ETN,Data not found for 2024-Q3,,,,,,"<a href=""https://m.stock.naver.com/domestic/stock/530127/total"" target=""_blank"">Naver Mobile</a>"
500055,신한 인버스 Russell 2000 ETN,Data not found for 2024-Q3,,,,,,"<a href=""https://m.stock.naver.com/domestic/stock/500055/total"" target=""_blank"">Naver Mobile</a>"
580014,KB 인버스 2X 나스닥 100 ETN,Data not found for 2024-Q3,,,,,,"<a href=""https://m.stock.naver.com/domestic/stock/580014/total"" target=""_blank"">Naver Mobile</a>"
610076,메리츠 인버스 3X 미국채10년 ETN,Data not found for 2024-Q3,,,,,,"<a href=""https://m.stock.naver.com/domestic/stock/610076/total"" target=""_blank"">Naver Mobile</a>"
580061,KB 미국채 30년 ETN,Data not found for 2024-Q3,,,,,,"<a href=""https://m.stock.naver.com/domestic/stock/580061/total"" target=""_blank"">Naver Mobile</a>"
570110,한투 3X레버리지국채30년 ETN,Data not found for 2024-Q3,,,,,,"<a href=""https://m.stock.naver.com/domestic/stock/570110/total"" target=""_blank"">Naver Mobile</a>"
530135,삼성 인버스 China A50 선물 ETN(H) B,Data not found for 2024-Q3,,,,,,"<a href=""https://m.stock.naver.com/domestic/stock/530135/total"" target=""_blank"">Naver Mobile</a>"
610056,메리츠 인버스 3X 국채3년 ETN,Data not found for 2024-Q3,,,,,,"<a href=""https://m.stock.naver.com/domestic/stock/610056/total"" target=""_blank"">Naver Mobile</a>"
610035,메리츠 레버리지 대표 농산물 선물 ETN(H),Data not found for 2024-Q3,,,,,,"<a href=""https://m.stock.naver.com/domestic/stock/610035/total"" target=""_blank"">Naver Mobile</a>"
610093,메리츠 인버스 3X 일본 국채 10년 ETN,Data not found for 2024-Q3,,,,,,"<a href=""https://m.stock.naver.com/domestic/stock/610093/total"" target=""_blank"">Naver Mobile</a>"
006345,대원전선우,Data not found for 2024-Q3,,,,,,"<a href=""https://m.stock.naver.com/domestic/stock/006345/total"" target=""_blank"">Naver Mobile</a>"
570066,한투 인버스 2X 베트남 VN30 선물 ETN(H),Data not found for 2024-Q3,,,,,,"<a href=""https://m.stock.naver.com/domestic/stock/570066/total"" target=""_blank"">Naver Mobile</a>"
500041,신한 인버스 2X 구리 선물 ETN,Data not found for 2024-Q3,,,,,,"<a href=""https://m.stock.naver.com/domestic/stock/500041/total"" target=""_blank"">Naver Mobile</a>"
530096,삼성 인버스 구리 선물 ETN(H),Data not found for 2024-Q3,,,,,,"<a href=""https://m.stock.naver.com/domestic/stock/530096/total"" target=""_blank"">Naver Mobile</a>"
610084,메리츠 미국채30년 스트립 ETN(H),Data not found for 2024-Q3,,,,,,"<a href=""https://m.stock.naver.com/domestic/stock/610084/total"" target=""_blank"">Naver Mobile</a>"
610058,메리츠 인버스 3X 국채5년 ETN,Data not found for 2024-Q3,,,,,,"<a href=""https://m.stock.naver.com/domestic/stock/610058/total"" target=""_blank"">Naver Mobile</a>"
570053,한투 인버스 플래티넘 선물 ETN,Data not found for 2024-Q3,,,,,,"<a href=""https://m.stock.naver.com/domestic/stock/570053/total"" target=""_blank"">Naver Mobile</a>"
610073,메리츠 KAP 인버스 2X 중국 위안화 ETN,Data not found for 2024-Q3,,,,,,"<a href=""https://m.stock.naver.com/domestic/stock/610073/total"" target=""_blank"">Naver Mobile</a>"
570060,한투 인버스 2X 금 선물 ETN,Data not found for 2024-Q3,,,,,,"<a href=""https://m.stock.naver.com/domestic/stock/570060/total"" target=""_blank"">Naver Mobile</a>"
530092,삼성 인버스 코스피 200 선물 ETN,Data not found for 2024-Q3,,,,,,"<a href=""https://m.stock.naver.com/domestic/stock/530092/total"" target=""_blank"">Naver Mobile</a>"
570101,한투 인버스 나스닥100 ETN B,Data not found for 2024-Q3,,,,,,"<a href=""https://m.stock.naver.com/domestic/stock/570101/total"" target=""_blank"">Naver Mobile</a>"
580050,KB STAR 50 ETN,Data not found for 2024-Q3,,,,,,"<a href=""https://m.stock.naver.com/domestic/stock/580050/total"" target=""_blank"">Naver Mobile</a>"
700011,하나 레버리지 옥수수 선물 ETN(H),Data not found for 2024-Q3,,,,,,"<a href=""https://m.stock.naver.com/domestic/stock/700011/total"" target=""_blank"">Naver Mobile</a>"
570058,한투 인버스 은 선물 ETN,Data not found for 2024-Q3,,,,,,"<a href=""https://m.stock.naver.com/domestic/stock/570058/total"" target=""_blank"">Naver Mobile</a>"
004985,성신양회우,Data not found for 2024-Q3,,,,,,"<a href=""https://m.stock.naver.com/domestic/stock/004985/total"" target=""_blank"">Naver Mobile</a>"
610032,메리츠 CSI 300 ETN,Data not found for 2024-Q3,,,,,,"<a href=""https://m.stock.naver.com/domestic/stock/610032/total"" target=""_blank"">Naver Mobile</a>"
580055,KB 블룸버그 레버리지 천연가스 선물 ETN,Data not found for 2024-Q3,,,,,,"<a href=""https://m.stock.naver.com/domestic/stock/580055/total"" target=""_blank"">Naver Mobile</a>"
570094,한투 일본 엔선물 ETN C,Data not found for 2024-Q3,,,,,,"<a href=""https://m.stock.naver.com/domestic/stock/570094/total"" target=""_blank"">Naver Mobile</a>"
580062,KB 레버리지 미국채 30년 ETN,Data not found for 2024-Q3,,,,,,"<a href=""https://m.stock.naver.com/domestic/stock/580062/total"" target=""_blank"">Naver Mobile</a>"
500036,신한 인버스 2X 미국달러 선물 ETN,Data not found for 2024-Q3,,,,,,"<a href=""https://m.stock.naver.com/domestic/stock/500036/total"" target=""_blank"">Naver Mobile</a>"
570109,한투 레버리지미국채30년 ETN,Data not found for 2024-Q3,,,,,,"<a href=""https://m.stock.naver.com/domestic/stock/570109/total"" target=""_blank"">Naver Mobile</a>"
001755,한양증권우,Data not found for 2024-Q3,,,,,,"<a href=""https://m.stock.naver.com/domestic/stock/001755/total"" target=""_blank"">Naver Mobile</a>"
570095,한투 레버리지 일본 엔선물 ETN C,Data not found for 2024-Q3,,,,,,"<a href=""https://m.stock.naver.com/domestic/stock/570095/total"" target=""_blank"">Naver Mobile</a>"
570056,한투 인버스 금 선물 ETN,Data not found for 2024-Q3,,,,,,"<a href=""https://m.stock.naver.com/domestic/stock/570056/total"" target=""_blank"">Naver Mobile</a>"
001515,SK증권우,Data not found for 2024-Q3,,,,,,"<a href=""https://m.stock.naver.com/domestic/stock/001515/total"" target=""_blank"">Naver Mobile</a>"
610060,메리츠 인버스 3X 국채10년 ETN,Data not found for 2024-Q3,,,,,,"<a href=""https://m.stock.naver.com/domestic/stock/610060/total"" target=""_blank"">Naver Mobile</a>"
570111,한투 3X레버리지미국채30년 ETN,Data not found for 2024-Q3,,,,,,"<a href=""https://m.stock.naver.com/domestic/stock/570111/total"" target=""_blank"">Naver Mobile</a>"
580035,KB S&P 유럽탄소배출권 선물 ETN(H),Data not found for 2024-Q3,,,,,,"<a href=""https://m.stock.naver.com/domestic/stock/580035/total"" target=""_blank"">Naver Mobile</a>"
530094,삼성 인버스 코스닥 150 선물 ETN,Data not found for 2024-Q3,,,,,,"<a href=""https://m.stock.naver.com/domestic/stock/530094/total"" target=""_blank"">Naver Mobile</a>"
570097,한투 S&P 엔달러 선물 ETN(H),Data not found for 2024-Q3,,,,,,"<a href=""https://m.stock.naver.com/domestic/stock/570097/total"" target=""_blank"">Naver Mobile</a>"
530060,삼성 코스피 양매도 5% OTM ETN,Data not found for 2024-Q3,,,,,,"<a href=""https://m.stock.naver.com/domestic/stock/530060/total"" target=""_blank"">Naver Mobile</a>"
550043,N2 인버스 레버리지 WTI원유 선물 ETN(H),Data not found for 2024-Q3,,,,,,"<a href=""https://m.stock.naver.com/domestic/stock/550043/total"" target=""_blank"">Naver Mobile</a>"
530062,삼성 인버스 2X 은 선물 ETN(H),Data not found for 2024-Q3,,,,,,"<a href=""https://m.stock.naver.com/domestic/stock/530062/total"" target=""_blank"">Naver Mobile</a>"
610034,메리츠 대표 농산물 선물 ETN(H),Data not found for 2024-Q3,,,,,,"<a href=""https://m.stock.naver.com/domestic/stock/610034/total"" target=""_blank"">Naver Mobile</a>"
000325,노루홀딩스우,Data not found for 2024-Q3,,,,,,"<a href=""https://m.stock.naver.com/domestic/stock/000325/total"" target=""_blank"">Naver Mobile</a>"
26490K,크라운제과우,Data not found for 2024-Q3,,,,,,"<a href=""https://m.stock.naver.com/domestic/stock/26490K/total"" target=""_blank"">Naver Mobile</a>"
760014,키움 바이오TOP10 ETN,Data not found for 2024-Q3,,,,,,"<a href=""https://m.stock.naver.com/domestic/stock/760014/total"" target=""_blank"">Naver Mobile</a>"
610033,메리츠 STAR 50 ETN,Data not found for 2024-Q3,,,,,,"<a href=""https://m.stock.naver.com/domestic/stock/610033/total"" target=""_blank"">Naver Mobile</a>"
610013,메리츠 인버스 2X 금 선물 ETN(H),Data not found for 2024-Q3,,,,,,"<a href=""https://m.stock.naver.com/domestic/stock/610013/total"" target=""_blank"">Naver Mobile</a>"
760021,키움 코스피200 선물 달러노출 ETN,Data not found for 2024-Q3,,,,,,"<a href=""https://m.stock.naver.com/domestic/stock/760021/total"" target=""_blank"">Naver Mobile</a>"
570070,한투 인버스 2X 플래티넘 선물 ETN,Data not found for 2024-Q3,,,,,,"<a href=""https://m.stock.naver.com/domestic/stock/570070/total"" target=""_blank"">Naver Mobile</a>"
510043,대신 인버스 천연가스 선물 ETN(H) B,Data not found for 2024-Q3,,,,,,"<a href=""https://m.stock.naver.com/domestic/stock/510043/total"" target=""_blank"">Naver Mobile</a>"
570091,한투 인버스 유로스탁스50 ETN(H) C,Data not found for 2024-Q3,,,,,,"<a href=""https://m.stock.naver.com/domestic/stock/570091/total"" target=""_blank"">Naver Mobile</a>"
500067,신한 레버리지 10년 국채선물 ETN,Data not found for 2024-Q3,,,,,,"<a href=""https://m.stock.naver.com/domestic/stock/500067/total"" target=""_blank"">Naver Mobile</a>"
550063,N2 인버스 레버리지 금 선물 ETN(H),Data not found for 2024-Q3,,,,,,"<a href=""https://m.stock.naver.com/domestic/stock/550063/total"" target=""_blank"">Naver Mobile</a>"
570098,한투 S&P 레버리지 엔달러 선물 ETN(H),Data not found for 2024-Q3,,,,,,"<a href=""https://m.stock.naver.com/domestic/stock/570098/total"" target=""_blank"">Naver Mobile</a>"
36328K,티와이홀딩스우,Data not found for 2024-Q3,,,,,,"<a href=""https://m.stock.naver.com/domestic/stock/36328K/total"" target=""_blank"">Naver Mobile</a>"
580032,KB 레버리지 구리 선물 ETN(H),Data not found for 2024-Q3,,,,,,"<a href=""https://m.stock.naver.com/domestic/stock/580032/total"" target=""_blank"">Naver Mobile</a>"
760012,키움 반도체TOP10 ETN,Data not found for 2024-Q3,,,,,,"<a href=""https://m.stock.naver.com/domestic/stock/760012/total"" target=""_blank"">Naver Mobile</a>"
000545,흥국화재우,Data not found for 2024-Q3,,,,,,"<a href=""https://m.stock.naver.com/domestic/stock/000545/total"" target=""_blank"">Naver Mobile</a>"
530090,삼성 인버스 은 선물 ETN(H),Data not found for 2024-Q3,,,,,,"<a href=""https://m.stock.naver.com/domestic/stock/530090/total"" target=""_blank"">Naver Mobile</a>"
45226K,한화갤러리아우,Data not found for 2024-Q3,,,,,,"<a href=""https://m.stock.naver.com/domestic/stock/45226K/total"" target=""_blank"">Naver Mobile</a>"
530084,삼성 인버스 금 선물 ETN(H),Data not found for 2024-Q3,,,,,,"<a href=""https://m.stock.naver.com/domestic/stock/530084/total"" target=""_blank"">Naver Mobile</a>"
500070,신한 인버스 2X 코스피 200 선물 ETN,Data not found for 2024-Q3,,,,,,"<a href=""https://m.stock.naver.com/domestic/stock/500070/total"" target=""_blank"">Naver Mobile</a>"
500068,신한 인버스 2X 10년 국채선물 ETN,Data not found for 2024-Q3,,,,,,"<a href=""https://m.stock.naver.com/domestic/stock/500068/total"" target=""_blank"">Naver Mobile</a>"
090355,노루페인트우,Data not found for 2024-Q3,,,,,,"<a href=""https://m.stock.naver.com/domestic/stock/090355/total"" target=""_blank"">Naver Mobile</a>"
580053,KB 레버리지 콩 선물 ETN,Data not found for 2024-Q3,,,,,,"<a href=""https://m.stock.naver.com/domestic/stock/580053/total"" target=""_blank"">Naver Mobile</a>"
580033,KB 인버스 2X 구리 선물 ETN(H),Data not found for 2024-Q3,,,,,,"<a href=""https://m.stock.naver.com/domestic/stock/580033/total"" target=""_blank"">Naver Mobile</a>"
570064,한투 인버스 베트남 VN30 선물 ETN(H),Data not found for 2024-Q3,,,,,,"<a href=""https://m.stock.naver.com/domestic/stock/570064/total"" target=""_blank"">Naver Mobile</a>"
000145,하이트진로홀딩스우,Data not found for 2024-Q3,,,,,,"<a href=""https://m.stock.naver.com/domestic/stock/000145/total"" target=""_blank"">Naver Mobile</a>"
530122,삼성 인버스 2X 항셍테크 ETN(H) B,Data not found for 2024-Q3,,,,,,"<a href=""https://m.stock.naver.com/domestic/stock/530122/total"" target=""_blank"">Naver Mobile</a>"
700018,하나 인버스 2X 코스닥150 선물 ETN,Data not found for 2024-Q3,,,,,,"<a href=""https://m.stock.naver.com/domestic/stock/700018/total"" target=""_blank"">Naver Mobile</a>"
570062,한투 인버스 2X 은 선물 ETN,Data not found for 2024-Q3,,,,,,"<a href=""https://m.stock.naver.com/domestic/stock/570062/total"" target=""_blank"">Naver Mobile</a>"
610017,메리츠 인버스 2X 은 선물 ETN(H),Data not found for 2024-Q3,,,,,,"<a href=""https://m.stock.naver.com/domestic/stock/610017/total"" target=""_blank"">Naver Mobile</a>"
610062,메리츠 인버스 3X 국채30년 ETN,Data not found for 2024-Q3,,,,,,"<a href=""https://m.stock.naver.com/domestic/stock/610062/total"" target=""_blank"">Naver Mobile</a>"
520069,미래에셋 -2X 홍콩H 선물 ETN(H),Data not found for 2024-Q3,,,,,,"<a href=""https://m.stock.naver.com/domestic/stock/520069/total"" target=""_blank"">Naver Mobile</a>"
005745,크라운해태홀딩스우,Data not found for 2024-Q3,,,,,,"<a href=""https://m.stock.naver.com/domestic/stock/005745/total"" target=""_blank"">Naver Mobile</a>"
550065,N2 인버스 레버리지 은 선물 ETN(H),Data not found for 2024-Q3,,,,,,"<a href=""https://m.stock.naver.com/domestic/stock/550065/total"" target=""_blank"">Naver Mobile</a>"
610023,메리츠 레버리지 미국채10년 ETN(H),Data not found for 2024-Q3,,,,,,"<a href=""https://m.stock.naver.com/domestic/stock/610023/total"" target=""_blank"">Naver Mobile</a>"
007575,일양약품우,Data not found for 2024-Q3,,,,,,"<a href=""https://m.stock.naver.com/domestic/stock/007575/total"" target=""_blank"">Naver Mobile</a>"
570023,한투 인버스 2X S&P500 선물 ETN(H),Data not found for 2024-Q3,,,,,,"<a href=""https://m.stock.naver.com/domestic/stock/570023/total"" target=""_blank"">Naver Mobile</a>"
014825,동원시스템즈우,Data not found for 2024-Q3,,,,,,"<a href=""https://m.stock.naver.com/domestic/stock/014825/total"" target=""_blank"">Naver Mobile</a>"
580017,KB 인버스 2X S&P 500 선물 ETN,Data not found for 2024-Q3,,,,,,"<a href=""https://m.stock.naver.com/domestic/stock/580017/total"" target=""_blank"">Naver Mobile</a>"
005965,동부건설우,Data not found for 2024-Q3,,,,,,"<a href=""https://m.stock.naver.com/domestic/stock/005965/total"" target=""_blank"">Naver Mobile</a>"
610043,메리츠 천연가스 선물 ETN(H),Data not found for 2024-Q3,,,,,,"<a href=""https://m.stock.naver.com/domestic/stock/610043/total"" target=""_blank"">Naver Mobile</a>"
004545,깨끗한나라우,Data not found for 2024-Q3,,,,,,"<a href=""https://m.stock.naver.com/domestic/stock/004545/total"" target=""_blank"">Naver Mobile</a>"
500057,신한 인버스 2X Russell 2000 ETN,Data not found for 2024-Q3,,,,,,"<a href=""https://m.stock.naver.com/domestic/stock/500057/total"" target=""_blank"">Naver Mobile</a>"
014285,금강공업우,Data not found for 2024-Q3,,,,,,"<a href=""https://m.stock.naver.com/domestic/stock/014285/total"" target=""_blank"">Naver Mobile</a>"
760011,키움 레버리지 2차전지산업 ETN,Data not found for 2024-Q3,,,,,,"<a href=""https://m.stock.naver.com/domestic/stock/760011/total"" target=""_blank"">Naver Mobile</a>"
760010,키움 2차전지산업 ETN,Data not found for 2024-Q3,,,,,,"<a href=""https://m.stock.naver.com/domestic/stock/760010/total"" target=""_blank"">Naver Mobile</a>"
012205,계양전기우,Data not found for 2024-Q3,,,,,,"<a href=""https://m.stock.naver.com/domestic/stock/012205/total"" target=""_blank"">Naver Mobile</a>"
011155,CJ씨푸드1우,Data not found for 2024-Q3,,,,,,"<a href=""https://m.stock.naver.com/domestic/stock/011155/total"" target=""_blank"">Naver Mobile</a>"
00781K,코리아써키트2우B,Data not found for 2024-Q3,,,,,,"<a href=""https://m.stock.naver.com/domestic/stock/00781K/total"" target=""_blank"">Naver Mobile</a>"
000227,유유제약2우B,Data not found for 2024-Q3,,,,,,"<a href=""https://m.stock.naver.com/domestic/stock/000227/total"" target=""_blank"">Naver Mobile</a>"
500051,신한 인버스 2X S&P500 선물 ETN,Data not found for 2024-Q3,,,,,,"<a href=""https://m.stock.naver.com/domestic/stock/500051/total"" target=""_blank"">Naver Mobile</a>"
700025,하나 블룸버그 2X 천연가스 선물 ETN(H) B,Data not found for 2024-Q3,,,,,,"<a href=""https://m.stock.naver.com/domestic/stock/700025/total"" target=""_blank"">Naver Mobile</a>"
500030,신한 인버스 2X 은 선물 ETN(H),Data not found for 2024-Q3,,,,,,"<a href=""https://m.stock.naver.com/domestic/stock/500030/total"" target=""_blank"">Naver Mobile</a>"
002995,금호건설우,Data not found for 2024-Q3,,,,,,"<a href=""https://m.stock.naver.com/domestic/stock/002995/total"" target=""_blank"">Naver Mobile</a>"
520011,미래에셋 인버스 원유선물혼합 ETN(H),Data not found for 2024-Q3,,,,,,"<a href=""https://m.stock.naver.com/domestic/stock/520011/total"" target=""_blank"">Naver Mobile</a>"
009415,태영건설우,Data not found for 2024-Q3,,,,,,"<a href=""https://m.stock.naver.com/domestic/stock/009415/total"" target=""_blank"">Naver Mobile</a>"
580023,KB 인버스 2X 금 선물 ETN(H),Data not found for 2024-Q3,,,,,,"<a href=""https://m.stock.naver.com/domestic/stock/580023/total"" target=""_blank"">Naver Mobile</a>"
580040,KB 인버스 2X KOSPI 200 선물 ETN,Data not found for 2024-Q3,,,,,,"<a href=""https://m.stock.naver.com/domestic/stock/580040/total"" target=""_blank"">Naver Mobile</a>"
002785,진흥기업우B,Data not found for 2024-Q3,,,,,,"<a href=""https://m.stock.naver.com/domestic/stock/002785/total"" target=""_blank"">Naver Mobile</a>"
014915,성문전자우,Data not found for 2024-Q3,,,,,,"<a href=""https://m.stock.naver.com/domestic/stock/014915/total"" target=""_blank"">Naver Mobile</a>"
008355,남선알미우,Data not found for 2024-Q3,,,,,,"<a href=""https://m.stock.naver.com/domestic/stock/008355/total"" target=""_blank"">Naver Mobile</a>"
500038,신한 인버스 2X 금 선물 ETN,Data not found for 2024-Q3,,,,,,"<a href=""https://m.stock.naver.com/domestic/stock/500038/total"" target=""_blank"">Naver Mobile</a>"
550045,N2 인버스 레버리지 S&P500 ETN,Data not found for 2024-Q3,,,,,,"<a href=""https://m.stock.naver.com/domestic/stock/550045/total"" target=""_blank"">Naver Mobile</a>"
002787,진흥기업2우B,Data not found for 2024-Q3,,,,,,"<a href=""https://m.stock.naver.com/domestic/stock/002787/total"" target=""_blank"">Naver Mobile</a>"
001525,동양우,Data not found for 2024-Q3,,,,,,"<a href=""https://m.stock.naver.com/domestic/stock/001525/total"" target=""_blank"">Naver Mobile</a>"
580027,KB 인버스 2X 은 선물 ETN(H),Data not found for 2024-Q3,,,,,,"<a href=""https://m.stock.naver.com/domestic/stock/580027/total"" target=""_blank"">Naver Mobile</a>"
004415,서울식품우,Data not found for 2024-Q3,,,,,,"<a href=""https://m.stock.naver.com/domestic/stock/004415/total"" target=""_blank"">Naver Mobile</a>"
001527,동양2우B,Data not found for 2024-Q3,,,,,,"<a href=""https://m.stock.naver.com/domestic/stock/001527/total"" target=""_blank"">Naver Mobile</a>"
